time_sec,quad_ref_x,quad_ref_y,quad_ref_z,quad_actual_x,quad_actual_y,quad_actual_z,payload_ref_x,payload_ref_y,payload_ref_z,payload_actual_x,payload_actual_y,payload_actual_z,quad_ref_vx,quad_ref_vy,quad_ref_vz,quad_actual_vx,quad_actual_vy,quad_actual_vz,payload_ref_vx,payload_ref_vy,payload_ref_vz,payload_actual_vx,payload_actual_vy,payload_actual_vz
0,2.8412,-0.360496,2.65218,2.8445,-0.337254,2.64062,2.96766,-0.434569,2,2.9154,-0.388244,1.9779,-0.328795,-1.91003,-0.0395684,-0.386578,-1.89991,-0.0166965,-0.351444,-2.29707,0,-0.0489126,-2.33785,0.0531233
0.00998175,2.83781,-0.379629,2.65177,2.84055,-0.356215,2.64042,2.96404,-0.457576,2,2.91486,-0.411574,1.97843,-0.346713,-1.90121,-0.0413633,-0.402543,-1.89214,-0.0230644,-0.370502,-2.28561,0,-0.0594716,-2.32803,0.0518943
0.0199644,2.83428,-0.398465,2.65135,2.83645,-0.375095,2.64016,2.96026,-0.480215,2,2.91421,-0.434802,1.97894,-0.364426,-1.89203,-0.0430843,-0.418479,-1.88391,-0.0287214,-0.389329,-2.27369,0,-0.0706127,-2.31753,0.0513428
0.0300698,2.83042,-0.417958,2.6509,2.83219,-0.393891,2.63985,2.95614,-0.503635,2,2.91344,-0.457922,1.97946,-0.38284,-1.88199,-0.0448148,-0.434373,-1.87523,-0.0337928,-0.408886,-2.26068,0,-0.0823348,-2.30635,0.0513257
0.0399745,2.82667,-0.435933,2.65046,2.82776,-0.412598,2.63949,2.95214,-0.525223,2,2.91256,-0.480927,1.97997,-0.3999,-1.87225,-0.0463631,-0.450206,-1.86608,-0.0383908,-0.426991,-2.24807,0,-0.0946354,-2.2945,0.0517131
0.050018,2.82255,-0.454743,2.64999,2.82318,-0.431212,2.63908,2.94774,-0.547804,2,2.91155,-0.50381,1.98049,-0.417838,-1.86154,-0.0479323,-0.465951,-1.85647,-0.0425857,-0.446012,-2.23423,0,-0.107514,-2.28198,0.0524135
0.0599748,2.8183,-0.473243,2.6495,2.81844,-0.449726,2.63863,2.9432,-0.570002,2,2.91041,-0.526564,1.98102,-0.435572,-1.85048,-0.0494225,-0.481593,-1.84642,-0.0464338,-0.464802,-2.21997,0,-0.120971,-2.2688,0.0533503
0.0699816,2.81386,-0.491643,2.649,2.81355,-0.468138,2.63815,2.93847,-0.592071,2,2.90913,-0.549184,1.98156,-0.453305,-1.83896,-0.0508504,-0.497134,-1.83591,-0.0499845,-0.483575,-2.20513,0,-0.135004,-2.25497,0.0544562
0.0799676,2.80914,-0.510384,2.64848,2.8085,-0.486443,2.63764,2.93343,-0.614539,2,2.90771,-0.571662,1.98211,-0.47147,-1.82667,-0.0522469,-0.512567,-1.82494,-0.0532875,-0.502788,-2.18934,0,-0.149611,-2.2405,0.0556636
0.0900181,2.80438,-0.528431,2.64795,2.8033,-0.504636,2.63709,2.92835,-0.636163,2,2.90613,-0.593992,1.98267,-0.489066,-1.8143,-0.0535344,-0.527867,-1.81352,-0.0563616,-0.521382,-2.17347,0,-0.164789,-2.22539,0.0569319
0.100068,2.79938,-0.54658,2.64741,2.79794,-0.522712,2.63651,2.92302,-0.657901,2,2.90441,-0.616168,1.98325,-0.50687,-1.80131,-0.0547706,-0.543038,-1.80165,-0.0592158,-0.540181,-2.15684,0,-0.180538,-2.20966,0.0582322
0.109999,2.79424,-0.564448,2.64686,2.79244,-0.540667,2.6359,2.91755,-0.67929,2,2.90252,-0.638183,1.98384,-0.524509,-1.78797,-0.055928,-0.558091,-1.78933,-0.0618659,-0.558788,-2.1398,0,-0.196855,-2.19331,0.0595331
0.120021,2.78894,-0.58217,2.6463,2.78678,-0.558497,2.63527,2.9119,-0.700493,2,2.90047,-0.660032,1.98444,-0.542121,-1.77419,-0.0570155,-0.573023,-1.77655,-0.0643442,-0.577349,-2.12222,0,-0.213732,-2.17634,0.0607865
0.129985,2.7834,-0.599922,2.64572,2.78098,-0.576194,2.63462,2.90601,-0.721723,2,2.89824,-0.681706,1.98505,-0.559884,-1.75982,-0.0580427,-0.587749,-1.76278,-0.0666094,-0.596053,-2.10393,0,-0.231104,-2.15825,0.0620125
0.139962,2.77778,-0.617231,2.64514,2.77503,-0.593751,2.63394,2.90003,-0.74241,2,2.89584,-0.703194,1.98568,-0.577327,-1.74524,-0.0589822,-0.602306,-1.74842,-0.0686828,-0.614402,-2.08542,0,-0.249006,-2.13941,0.0631713
0.150119,2.77173,-0.635156,2.64453,2.76893,-0.611161,2.63324,2.89359,-0.763824,2,2.89326,-0.724492,1.98632,-0.595527,-1.72955,-0.0598886,-0.61673,-1.73363,-0.070588,-0.63353,-2.06553,0,-0.267451,-2.12002,0.0642262
0.15999,2.76583,-0.651983,2.64394,2.76269,-0.628422,2.63253,2.88731,-0.783914,2,2.89049,-0.745593,1.98696,-0.612745,-1.71424,-0.060676,-0.631012,-1.7184,-0.0723448,-0.651608,-2.04617,0,-0.286419,-2.10005,0.0651415
0.169994,2.75967,-0.668886,2.64333,2.75631,-0.645528,2.6318,2.88077,-0.804085,2,2.88753,-0.766491,1.98762,-0.630176,-1.69828,-0.0614029,-0.645135,-1.70275,-0.0739288,-0.669892,-2.02604,0,-0.3059,-2.07953,0.0659246
0.180005,2.75313,-0.686188,2.6427,2.74979,-0.662475,2.63105,2.87381,-0.824721,2,2.88437,-0.787182,1.98828,-0.648167,-1.68133,-0.0620787,-0.659109,-1.68665,-0.0753336,-0.688747,-2.00469,0,-0.325888,-2.05845,0.0665699
0.190001,2.74663,-0.702751,2.64208,2.74313,-0.67926,2.63029,2.8669,-0.844464,2,2.88101,-0.807659,1.98895,-0.665539,-1.6645,-0.0626589,-0.672955,-1.67013,-0.0765757,-0.706935,-1.98354,0,-0.346377,-2.03685,0.0670537
0.200058,2.7399,-0.719279,2.64145,2.73633,-0.695876,2.62952,2.85976,-0.864153,2,2.87744,-0.827917,1.98962,-0.683026,-1.6471,-0.0631707,-0.686693,-1.65314,-0.0776602,-0.725225,-1.96171,0,-0.36736,-2.01469,0.0673654
0.210004,2.73293,-0.735776,2.64082,2.7294,-0.712321,2.62874,2.85236,-0.883796,2,2.87366,-0.847951,1.9903,-0.700642,-1.62909,-0.0636128,-0.70032,-1.6357,-0.0785993,-0.743634,-1.93917,0,-0.388813,-1.99203,0.0674891
0.22002,2.72582,-0.752005,2.64018,2.72233,-0.728589,2.62795,2.84482,-0.903109,2,2.86967,-0.867756,1.99097,-0.718137,-1.61074,-0.0639785,-0.713812,-1.61783,-0.079384,-0.761898,-1.91626,0,-0.410719,-1.96888,0.0674225
0.229989,2.7185,-0.768125,2.63953,2.71512,-0.744676,2.62715,2.83706,-0.922281,2,2.86545,-0.887327,1.99164,-0.735685,-1.59187,-0.0642718,-0.727185,-1.59949,-0.080014,-0.780201,-1.89274,0,-0.433077,-1.94522,0.0671608
0.239984,2.71121,-0.783632,2.6389,2.70778,-0.760577,2.62635,2.82932,-0.940714,2,2.861,-0.906659,1.99231,-0.752736,-1.57308,-0.0644861,-0.740462,-1.58071,-0.0804812,-0.797969,-1.86937,0,-0.455866,-1.92108,0.0667156
0.250064,2.70347,-0.799521,2.63824,2.70031,-0.776289,2.62554,2.82112,-0.95959,2,2.85633,-0.925747,1.99298,-0.77039,-1.55315,-0.0646346,-0.753672,-1.56147,-0.0808118,-0.816348,-1.84465,0,-0.47909,-1.89647,0.0660646
0.259973,2.6958,-0.814728,2.63761,2.69271,-0.791805,2.62473,2.81299,-0.977647,2,2.85142,-0.944587,1.99363,-0.787471,-1.53342,-0.0647071,-0.766796,-1.54176,-0.0809981,-0.834114,-1.82021,0,-0.502735,-1.87141,0.0652115
0.27005,2.68778,-0.830059,2.63696,2.68498,-0.807122,2.62392,2.8045,-0.995839,2,2.84627,-0.963173,1.99428,-0.804882,-1.51284,-0.0647091,-0.779833,-1.52156,-0.0810412,-0.852207,-1.79479,0,-0.526767,-1.84585,0.0641599
0.280173,2.67944,-0.845459,2.63629,2.67711,-0.822235,2.62311,2.79567,-1.0141,2,2.84088,-0.981502,1.99492,-0.822577,-1.49146,-0.064637,-0.792807,-1.5008,-0.0809613,-0.870579,-1.76841,0,-0.551172,-1.81976,0.0629
0.290012,2.67142,-0.859761,2.63567,2.66912,-0.837137,2.6223,2.78718,-1.03106,2,2.83525,-0.999567,1.99554,-0.839207,-1.47092,-0.0645012,-0.805704,-1.47957,-0.0807454,-0.887829,-1.74313,0,-0.575922,-1.79324,0.0614493
0.299991,2.66299,-0.874279,2.63503,2.661,-0.851824,2.6215,2.77827,-1.04826,2,2.82937,-1.01737,1.99614,-0.856292,-1.44937,-0.0642932,-0.818528,-1.45786,-0.0803934,-0.905536,-1.71667,0,-0.60099,-1.76628,0.0598185
0.310005,2.65422,-0.888858,2.63438,2.65275,-0.866292,2.6207,2.76899,-1.06552,2,2.82323,-1.03489,1.99673,-0.873668,-1.42699,-0.0640109,-0.831345,-1.43567,-0.0799227,-0.92353,-1.68924,0,-0.626395,-1.7389,0.0580073
0.320046,2.64535,-0.903092,2.63374,2.64437,-0.880532,2.61992,2.75962,-1.08237,2,2.81683,-1.05214,1.99732,-0.89086,-1.4044,-0.0636615,-0.845432,-1.41099,-0.0702984,-0.941317,-1.6616,0,-0.654504,-1.70875,0.0646574
0.330009,2.63636,-0.917011,2.6331,2.63582,-0.894473,2.61943,2.75013,-1.09883,2,2.8101,-1.06903,1.99816,-0.907903,-1.38154,-0.0632468,-0.864802,-1.37597,-0.0247675,-0.958936,-1.6337,0,-0.692584,-1.66854,0.105742
0.340014,2.62725,-0.930641,2.63248,2.62707,-0.908025,2.61944,2.7405,-1.11494,2,2.80297,-1.0855,1.99946,-0.924825,-1.35841,-0.0627681,-0.885857,-1.3325,0.0271081,-0.976415,-1.60551,0,-0.733226,-1.62551,0.15429
0.349992,2.61791,-0.944115,2.63185,2.6181,-0.921075,2.62001,2.73064,-1.13086,2,2.79542,-1.10152,2.00129,-0.941798,-1.33475,-0.0622213,-0.909048,-1.27475,0.0885689,-0.993934,-1.57675,0,-0.77768,-1.57827,0.214739
0.360007,2.60838,-0.95737,2.63123,2.60888,-0.933455,2.62124,2.72059,-1.14652,2,2.78741,-1.11705,2.00379,-0.958748,-1.31069,-0.0616092,-0.933828,-1.19794,0.15853,-1.01141,-1.54753,0,-0.826056,-1.52654,0.287398
0.369988,2.59879,-0.970256,2.63062,2.59943,-0.945006,2.62311,2.71047,-1.16173,2,2.77891,-1.13207,2.00699,-0.975481,-1.28649,-0.0609405,-0.95611,-1.11225,0.211319,-1.02866,-1.51822,0,-0.871035,-1.47774,0.347066
0.380019,2.58885,-0.983125,2.63001,2.58976,-0.955683,2.62543,2.69999,-1.17691,2,2.76999,-1.14661,2.01071,-0.992464,-1.26149,-0.060197,-0.979133,-1.02405,0.250285,-1.04615,-1.48798,0,-0.913197,-1.43119,0.396069
0.389994,2.57902,-0.995391,2.62942,2.57984,-0.965535,2.62806,2.68964,-1.19138,2,2.76067,-1.16071,2.01485,-1.00892,-1.23683,-0.0594147,-1.00316,-0.948675,0.272217,-1.06308,-1.45821,0,-0.950548,-1.38898,0.42787
0.40002,2.56876,-1.00774,2.62883,2.5697,-0.974712,2.63084,2.67883,-1.20593,2,2.75099,-1.1744,2.01922,-1.02577,-1.21115,-0.0585513,-1.02405,-0.889815,0.281427,-1.08041,-1.42727,0,-0.983449,-1.35083,0.443981
0.410036,2.55827,-1.01989,2.62824,2.55938,-0.983383,2.63365,2.66778,-1.22025,2,2.74101,-1.18774,2.02367,-1.04266,-1.18496,-0.0576227,-1.03962,-0.845691,0.28147,-1.09777,-1.39575,0,-1.01264,-1.31606,0.447088
0.420021,2.54771,-1.03166,2.62766,2.54892,-0.991638,2.6365,2.65666,-1.23411,2,2.73073,-1.20071,2.02818,-1.05933,-1.15868,-0.0566454,-1.05364,-0.806242,0.287157,-1.11488,-1.36419,0,-1.04278,-1.27952,0.453066
0.429998,2.53706,-1.04309,2.6271,2.53832,-0.999532,2.63935,2.64546,-1.24757,2,2.72017,-1.21334,2.03269,-1.07582,-1.13224,-0.055619,-1.06527,-0.77351,0.281819,-1.13181,-1.3325,0,-1.06948,-1.24627,0.447171
0.440007,2.52643,-1.05407,2.62656,2.52762,-1.00712,2.64209,2.63428,-1.26048,2,2.70936,-1.22565,2.03708,-1.09197,-1.10594,-0.0545575,-1.07468,-0.745671,0.265683,-1.14838,-1.30102,0,-1.09287,-1.21618,0.43016
0.449995,2.51548,-1.06494,2.62603,2.51683,-1.01445,2.64466,2.62276,-1.27327,2,2.69832,-1.23766,2.04129,-1.10832,-1.07892,-0.0534271,-1.08321,-0.720384,0.246815,-1.16513,-1.26872,0,-1.11526,-1.18668,0.409674
0.459982,2.50409,-1.0758,2.62549,2.50596,-1.02154,2.64703,2.61079,-1.28604,2,2.68705,-1.24938,2.04527,-1.12498,-1.05093,-0.0522169,-1.0912,-0.69739,0.226676,-1.1822,-1.23533,0,-1.137,-1.15732,0.387033
0.470051,2.4927,-1.08623,2.62497,2.495,-1.02841,2.64919,2.59882,-1.29829,2,2.67558,-1.26081,2.04903,-1.14135,-1.02302,-0.0509717,-1.09893,-0.675936,0.207145,-1.19897,-1.20207,0,-1.15861,-1.12745,0.364026
0.480026,2.48124,-1.09629,2.62447,2.48398,-1.03506,2.65117,2.58679,-1.31011,2,2.66388,-1.27193,2.05255,-1.15752,-0.995038,-0.0496885,-1.10664,-0.655775,0.188817,-1.21551,-1.16878,0,-1.18025,-1.09687,0.341227
0.489972,2.46987,-1.10586,2.62399,2.47287,-1.04153,2.65297,2.57485,-1.32135,2,2.65197,-1.28274,2.05585,-1.17327,-0.967384,-0.0483873,-1.11444,-0.636858,0.171784,-1.23162,-1.13592,0,-1.20192,-1.06555,0.318724
0.500007,2.45798,-1.11545,2.62351,2.46169,-1.0478,2.65461,2.56237,-1.33261,2,2.63984,-1.29324,2.05893,-1.18944,-0.938572,-0.0469989,-1.12242,-0.619166,0.155932,-1.24816,-1.10174,0,-1.22357,-1.03358,0.296425
0.510003,2.44585,-1.12481,2.62304,2.45042,-1.05391,2.6561,2.54964,-1.3436,2,2.6275,-1.30341,2.06178,-1.20567,-0.909265,-0.0455548,-1.13071,-0.602632,0.141161,-1.26474,-1.06702,0,-1.2452,-1.00098,0.274277
0.520009,2.43388,-1.13364,2.6226,2.43907,-1.05986,2.65744,2.53709,-1.35395,2,2.61494,-1.31326,2.06441,-1.22138,-0.880498,-0.0441076,-1.13941,-0.587196,0.127535,-1.28079,-1.03298,0,-1.26682,-0.967773,0.252368
0.530043,2.4215,-1.14235,2.62216,2.42763,-1.06566,2.65865,2.52411,-1.36418,2,2.60216,-1.32277,2.06683,-1.23734,-0.850859,-0.042588,-1.14857,-0.572751,0.114887,-1.2971,-0.997947,0,-1.28836,-0.93397,0.230587
0.540002,2.40901,-1.15074,2.62174,2.4161,-1.07132,2.65974,2.51102,-1.37401,2,2.58917,-1.33193,2.06903,-1.25318,-0.821069,-0.0410331,-1.15827,-0.55919,0.103256,-1.31326,-0.962783,0,-1.30981,-0.899567,0.209026
0.549982,2.39659,-1.15868,2.62134,2.40446,-1.07685,2.66072,2.49801,-1.38332,2,2.57597,-1.34075,2.07101,-1.26865,-0.791586,-0.0394687,-1.16856,-0.546404,0.0926185,-1.32905,-0.928021,0,-1.33115,-0.864559,0.187715
0.560009,2.38343,-1.16668,2.62095,2.39272,-1.08225,2.6616,2.48422,-1.39271,2,2.56255,-1.34922,2.07278,-1.28477,-0.760471,-0.037792,-1.17953,-0.534295,0.0829955,-1.34549,-0.891375,0,-1.3524,-0.828952,0.166739
0.569994,2.37087,-1.17393,2.62059,2.38087,-1.08753,2.66238,2.47106,-1.4012,2,2.54892,-1.35733,2.07435,-1.29988,-0.730928,-0.036177,-1.19125,-0.522771,0.0743015,-1.3609,-0.856619,0,-1.37355,-0.792789,0.146092
0.580048,2.35757,-1.18121,2.62023,2.3689,-1.09271,2.66309,2.45714,-1.40973,2,2.53508,-1.36508,2.0757,-1.31561,-0.699793,-0.0344524,-1.20376,-0.511709,0.0664795,-1.37694,-0.820026,0,-1.3946,-0.756071,0.125799
0.590005,2.34444,-1.188,2.61989,2.35679,-1.09777,2.66372,2.4434,-1.41768,2,2.52103,-1.37245,2.07686,-1.33087,-0.66921,-0.0327373,-1.21711,-0.501014,0.0595044,-1.3925,-0.784118,0,-1.41555,-0.718834,0.105924
0.599994,2.3312,-1.19446,2.61958,2.34455,-1.10273,2.66428,2.42956,-1.42526,2,2.50677,-1.37945,2.07782,-1.346,-0.638533,-0.0309972,-1.23127,-0.490562,0.053279,-1.40792,-0.748133,0,-1.43634,-0.681094,0.0864621
0.610107,2.31733,-1.20084,2.61927,2.33217,-1.10758,2.66478,2.41505,-1.43273,2,2.4923,-1.38607,2.07859,-1.36159,-0.60655,-0.0291634,-1.2463,-0.480264,0.0477291,-1.42381,-0.710649,0,-1.45699,-0.642908,0.0674426
0.619984,2.30402,-1.20659,2.619,2.31962,-1.11233,2.66524,2.40113,-1.43947,2,2.47763,-1.39231,2.07918,-1.3763,-0.576019,-0.0273955,-1.26219,-0.469985,0.0428031,-1.43879,-0.674896,0,-1.4775,-0.604285,0.0489129
0.630021,2.29001,-1.21226,2.61873,2.30692,-1.11698,2.66564,2.38649,-1.44611,2,2.46275,-1.39816,2.07957,-1.39153,-0.544068,-0.0255285,-1.27895,-0.459656,0.038422,-1.4543,-0.63751,0,-1.49786,-0.565296,0.0308958
0.640018,2.27597,-1.21756,2.61848,2.29404,-1.12152,2.66601,2.37182,-1.45232,2,2.44767,-1.40361,2.0798,-1.40653,-0.512225,-0.0236518,-1.29657,-0.449138,0.0345117,-1.46958,-0.600279,0,-1.51809,-0.52595,0.0134198
0.65001,2.26189,-1.22251,2.61826,2.28098,-1.12596,2.66633,2.35711,-1.45812,2,2.43239,-1.40867,2.07984,-1.42133,-0.480467,-0.0217655,-1.31497,-0.438297,0.0310237,-1.48465,-0.563174,0,-1.53811,-0.486245,-0.00346849
0.660088,2.2472,-1.22728,2.61804,2.26774,-1.13029,2.66663,2.34176,-1.46371,2,2.41691,-1.41334,2.07973,-1.4365,-0.447539,-0.0197952,-1.33414,-0.427062,0.0278784,-1.50011,-0.524725,0,-1.55794,-0.446248,-0.0197514
0.670016,2.23319,-1.23147,2.61786,2.2543,-1.1345,2.66689,2.32714,-1.46862,2,2.40123,-1.4176,2.07945,-1.45074,-0.416329,-0.0179154,-1.35404,-0.415306,0.025029,-1.51461,-0.488306,0,-1.57758,-0.405965,-0.0353858
0.680016,2.2185,-1.2355,2.61769,2.24066,-1.13859,2.66713,2.3118,-1.47335,2,2.38536,-1.42146,2.07902,-1.46542,-0.383796,-0.0159441,-1.37463,-0.402966,0.0224278,-1.52956,-0.450362,0,-1.59703,-0.365458,-0.0503334
0.690025,2.20376,-1.23918,2.61754,2.2268,-1.14256,2.66734,2.29642,-1.47767,2,2.36929,-1.42491,2.07845,-1.47991,-0.351364,-0.0139679,-1.39587,-0.389951,0.0200017,-1.54432,-0.412556,0,-1.6163,-0.324762,-0.0645882
0.699985,2.18904,-1.2425,2.61741,2.21274,-1.14639,2.66753,2.28107,-1.48157,2,2.35303,-1.42795,2.07773,-1.49415,-0.319194,-0.0119978,-1.41766,-0.376161,0.0177138,-1.55882,-0.375071,0,-1.63535,-0.283894,-0.0781155
0.710084,2.17349,-1.24563,2.6173,2.19845,-1.15008,2.6677,2.26484,-1.48525,2,2.33659,-1.43058,2.07689,-1.50894,-0.285422,-0.00992018,-1.43997,-0.361512,0.0155207,-1.57389,-0.335737,0,-1.65422,-0.242891,-0.0908922
0.72005,2.15871,-1.24826,2.61721,2.18394,-1.15362,2.66784,2.24942,-1.48834,2,2.31995,-1.43281,2.07592,-1.52277,-0.253534,-0.00795046,-1.46269,-0.34593,0.0134142,-1.58798,-0.298611,0,-1.67287,-0.20178,-0.102873
0.73,2.14331,-1.25064,2.61714,2.16919,-1.15699,2.66796,2.23337,-1.49116,2,2.30313,-1.43462,2.07483,-1.53693,-0.220563,-0.00590657,-1.48579,-0.329354,0.0113465,-1.60241,-0.260236,0,-1.69134,-0.160603,-0.114054
0.740052,2.12788,-1.25268,2.61709,2.15422,-1.1602,2.66807,2.21728,-1.49357,2,2.28612,-1.43602,2.07364,-1.5509,-0.187748,-0.00386594,-1.5092,-0.311723,0.00927328,-1.61664,-0.222052,0,-1.70962,-0.119392,-0.124443
0.74999,2.11245,-1.25438,2.61706,2.13901,-1.16323,2.66815,2.20119,-1.49558,2,2.26894,-1.43701,2.07235,-1.56465,-0.155157,-0.00183384,-1.53284,-0.292995,0.0071751,-1.63065,-0.184137,0,-1.72773,-0.0781926,-0.134031
0.760077,2.09638,-1.25579,2.61705,2.12356,-1.16606,2.66821,2.18446,-1.49726,2,2.25157,-1.43758,2.07096,-1.57871,-0.121497,0.000269732,-1.55664,-0.273148,0.00502907,-1.645,-0.144984,0,-1.74569,-0.0370639,-0.14282
0.770031,2.08076,-1.25683,2.61707,2.10788,-1.16868,2.66825,2.16818,-1.4985,2,2.23402,-1.43775,2.06949,-1.59217,-0.0890032,0.00230413,-1.58051,-0.252154,0.00283269,-1.65872,-0.107193,0,-1.76348,0.00395376,-0.150802
0.780118,2.06425,-1.25757,2.6171,2.09195,-1.1711,2.66827,2.15098,-1.49941,2,2.2163,-1.4375,2.06795,-1.60616,-0.0549377,0.00443996,-1.60438,-0.23,0.000566059,-1.67299,-0.0675768,0,-1.7811,0.0448056,-0.157993
0.790079,2.04857,-1.25795,2.61715,2.07579,-1.17328,2.66826,2.13464,-1.49988,2,2.1984,-1.43685,2.06634,-1.61923,-0.0228347,0.00645474,-1.62814,-0.206687,-0.00176211,-1.68633,-0.0302432,0,-1.79855,0.0854402,-0.164394
0.799994,2.03267,-1.25802,2.61723,2.05939,-1.17523,2.66823,2.1181,-1.49999,2,2.18033,-1.4358,2.06466,-1.63226,0.00944097,0.0084815,-1.65169,-0.182197,-0.00416694,-1.69963,0.0072923,0,-1.81581,0.125826,-0.170032
0.809999,2.01615,-1.25776,2.61732,2.04276,-1.17692,2.66818,2.10089,-1.49972,2,2.16209,-1.43434,2.06294,-1.64559,0.0427272,0.0105721,-1.675,-0.156559,-0.0066612,-1.71324,0.0460061,0,-1.83293,0.165899,-0.174945
0.820002,1.99941,-1.25715,2.61744,2.02589,-1.17835,2.6681,2.08346,-1.49906,2,2.14367,-1.43248,2.06117,-1.65887,0.0761583,0.0126712,-1.69796,-0.129772,-0.00920459,-1.72681,0.0848934,0,-1.84989,0.205645,-0.179129
0.830008,1.9826,-1.25622,2.61758,2.0088,-1.17951,2.66799,2.06597,-1.49801,2,2.12509,-1.43023,2.05936,-1.67198,0.10944,0.0147595,-1.7205,-0.101828,-0.0117942,-1.74021,0.123613,0,-1.86668,0.245046,-0.182613
0.840004,1.96619,-1.25499,2.61773,1.99148,-1.18039,2.66786,2.04889,-1.49662,2,2.10634,-1.42758,2.05752,-1.68457,0.14165,0.0167784,-1.74254,-0.0727643,-0.0144293,-1.75309,0.161096,0,-1.88331,0.284056,-0.185433
0.850026,1.94859,-1.25334,2.61792,1.97395,-1.18096,2.6677,2.03057,-1.49473,2,2.08742,-1.42455,2.05565,-1.69786,0.175889,0.018921,-1.76401,-0.0426435,-0.0171183,-1.76667,0.20095,0,-1.89974,0.322611,-0.187646
0.860125,1.93175,-1.25144,2.61812,1.95621,-1.18124,2.66752,2.01305,-1.49256,2,2.06835,-1.42113,2.05377,-1.71035,0.208333,0.0209474,-1.78484,-0.0115021,-0.0198195,-1.77946,0.238728,0,-1.916,0.360703,-0.189265
0.870025,1.91504,-1.24925,2.61833,1.93826,-1.18119,2.66731,1.99567,-1.49006,2,2.04911,-1.41733,2.05187,-1.72254,0.240245,0.0229357,-1.80496,0.0206237,-0.0225285,-1.79195,0.2759,0,-1.93205,0.398311,-0.190337
0.880014,1.89758,-1.24666,2.61857,1.92011,-1.18082,2.66707,1.97751,-1.48707,2,2.02971,-1.41317,2.04996,-1.73507,0.273269,0.0249874,-1.82432,0.0536614,-0.0252471,-1.80479,0.314383,0,-1.9479,0.435394,-0.19092
0.890044,1.88016,-1.24376,2.61883,1.90177,-1.18011,2.6668,1.95939,-1.48374,2,2.01015,-1.40863,2.04805,-1.74736,0.305897,0.0270077,-1.8429,0.0875364,-0.0279387,-1.81739,0.352423,0,-1.96359,0.471927,-0.191038
0.900019,1.86244,-1.24051,2.61912,1.88325,-1.17907,2.66651,1.94096,-1.47998,2,1.99043,-1.40373,2.04614,-1.75966,0.338767,0.029035,-1.86069,0.122187,-0.0305719,-1.83001,0.390766,0,-1.97912,0.507896,-0.190715
0.909998,1.84518,-1.23704,2.61941,1.86456,-1.17767,2.66619,1.92301,-1.47598,2,1.97057,-1.39847,2.04424,-1.77143,0.370457,0.0309811,-1.87765,0.157516,-0.0331254,-1.84209,0.427754,0,-1.99451,0.543257,-0.189986
0.919992,1.82754,-1.2332,2.61973,1.8457,-1.17591,2.66585,1.90466,-1.47155,2,1.95054,-1.39287,2.04234,-1.78327,0.402525,0.0329409,-1.89377,0.193463,-0.0355943,-1.85425,0.465205,0,-2.00975,0.578013,-0.188901
0.930004,1.80939,-1.22895,2.62007,1.82669,-1.1738,2.66548,1.88579,-1.46664,2,1.93037,-1.38691,2.04046,-1.79523,0.435168,0.0349249,-1.90897,0.229963,-0.0379579,-1.86655,0.503355,0,-2.02478,0.612173,-0.187494
0.940026,1.79149,-1.22447,2.62043,1.80753,-1.17131,2.66509,1.86718,-1.46145,2,1.91005,-1.38062,2.03859,-1.80684,0.46702,0.0368491,-1.92323,0.266935,-0.0401709,-1.87849,0.540607,0,-2.03961,0.645731,-0.18577
0.950123,1.77287,-1.21951,2.62082,1.78823,-1.16846,2.66468,1.84782,-1.4557,2,1.88958,-1.374,2.03675,-1.81869,0.499791,0.0388156,-1.93655,0.304292,-0.04223,-1.8907,0.578963,0,-2.05422,0.678668,-0.183769
0.959988,1.7546,-1.21434,2.62121,1.7688,-1.16523,2.66425,1.82883,-1.44972,2,1.86897,-1.36705,2.03492,-1.83013,0.531577,0.0407088,-1.94896,0.341951,-0.0441208,-1.90248,0.616198,0,-2.06864,0.710985,-0.181519
0.970009,1.73655,-1.20896,2.62162,1.74925,-1.16162,2.6638,1.81007,-1.44348,2,1.84821,-1.35978,2.03312,-1.84122,0.56263,0.0425437,-1.96046,0.379829,-0.0458373,-1.91393,0.652607,0,-2.08285,0.742687,-0.179053
0.980002,1.71832,-1.20326,2.62205,1.72959,-1.15763,2.66333,1.79112,-1.43686,2,1.82731,-1.3522,2.03134,-1.85224,0.593646,0.0443607,-1.97109,0.417839,-0.0473734,-1.92531,0.689005,0,-2.09685,0.773772,-0.176399
0.990063,1.69962,-1.19712,2.62251,1.70983,-1.15326,2.66285,1.77168,-1.42973,2,1.80627,-1.34431,2.02959,-1.86335,0.625097,0.0461858,-1.98083,0.455931,-0.0487065,-1.93679,0.725948,0,-2.11062,0.804283,-0.173567
0.999998,1.68124,-1.19082,2.62297,1.68998,-1.14851,2.66236,1.75258,-1.42242,2,1.7851,-1.33612,2.02787,-1.87408,0.655631,0.0479397,-1.98973,0.494004,-0.0498331,-1.94788,0.761852,0,-2.12416,0.834207,-0.170579
1.00998,1.6623,-1.18406,2.62346,1.67004,-1.14338,2.66185,1.73289,-1.41456,2,1.76379,-1.32763,2.02618,-1.88493,0.686714,0.0497053,-1.99776,0.531959,-0.0507409,-1.95911,0.798441,0,-2.13743,0.863532,-0.167444
1.02003,1.64308,-1.17692,2.62398,1.65003,-1.13787,2.66134,1.71292,-1.40625,2,1.74235,-1.31885,2.02452,-1.89575,0.717867,0.0514534,-2.00497,0.569748,-0.0514118,-1.97033,0.835154,0,-2.15041,0.892297,-0.164162
1.02998,1.62438,-1.16971,2.62449,1.62994,-1.13199,2.66083,1.69348,-1.39786,2,1.72078,-1.30978,2.0229,-1.90609,0.7478,0.053111,-2.01142,0.607341,-0.0518656,-1.98105,0.87047,0,-2.16313,0.920549,-0.160763
1.03999,1.60521,-1.16206,2.62503,1.6098,-1.12573,2.66031,1.67356,-1.38895,2,1.69909,-1.30044,2.02131,-1.9165,0.778082,0.0547645,-2.01715,0.644615,-0.0520947,-1.99186,0.906243,0,-2.17556,0.948242,-0.157245
1.05,1.58615,-1.15419,2.62558,1.5896,-1.1191,2.65979,1.65375,-1.37979,2,1.67727,-1.29082,2.01975,-1.92666,0.807798,0.0563624,-2.02222,0.6815,-0.052084,-2.00242,0.941391,0,-2.18769,0.97539,-0.153602
1.06,1.56668,-1.1459,2.62616,1.56936,-1.1121,2.65927,1.63351,-1.37012,2,1.65534,-1.28093,2.01823,-1.93685,0.837759,0.057947,-2.02666,0.717967,-0.0518511,-2.01302,0.976877,0,-2.19951,1.00204,-0.149853
1.07004,1.54721,-1.13735,2.62675,1.54907,-1.10474,2.65875,1.61327,-1.36015,2,1.63328,-1.27078,2.01675,-1.94685,0.867305,0.0594816,-2.03048,0.753945,-0.0513766,-2.02344,1.01192,0,-2.21096,1.02818,-0.145978
1.08,1.52769,-1.12853,2.62735,1.52875,-1.09702,2.65824,1.59299,-1.34986,2,1.61112,-1.26037,2.01531,-1.95668,0.896505,0.060969,-2.03378,0.789408,-0.0506924,-2.0337,1.0466,0,-2.22208,1.05385,-0.142004
1.08998,1.50812,-1.11944,2.62797,1.5084,-1.08895,2.65774,1.57264,-1.33924,2,1.58884,-1.24971,2.01391,-1.96636,0.925388,0.0624095,-2.03668,0.824342,-0.0498065,-2.04381,1.08095,0,-2.2329,1.0791,-0.137934
1.1,1.48867,-1.11017,2.62859,1.48802,-1.08054,2.65724,1.55243,-1.32841,2,1.56646,-1.23879,2.01256,-1.9758,0.953672,0.0637884,-2.03921,0.858691,-0.0487292,-2.05367,1.11465,0,-2.2434,1.10392,-0.133771
1.11005,1.46849,-1.10031,2.62925,1.46761,-1.07178,2.65676,1.53146,-1.31688,2,1.54398,-1.22763,2.01124,-1.9854,0.982578,0.0651632,-2.04141,0.892426,-0.0474724,-2.06373,1.14914,0,-2.25357,1.12832,-0.129521
1.12003,1.44866,-1.09038,2.6299,1.44719,-1.06269,2.65629,1.51085,-1.30526,2,1.52139,-1.21623,2.00997,-1.99465,1.01057,0.0664585,-2.0433,0.925496,-0.046029,-2.07343,1.18258,0,-2.26334,1.1523,-0.125169
1.13002,1.42865,-1.08012,2.63057,1.42675,-1.05327,2.65584,1.49005,-1.29326,2,1.49871,-1.20458,2.00874,-2.00381,1.03838,0.0677084,-2.04491,0.957889,-0.0444169,-2.08304,1.21587,0,-2.2727,1.17589,-0.120722
1.14006,1.40832,-1.06947,2.63127,1.40629,-1.04353,2.65541,1.46891,-1.28078,2,1.47594,-1.19271,2.00755,-2.01293,1.06619,0.068919,-2.04635,0.989596,-0.042666,-2.09262,1.24923,0,-2.28166,1.1991,-0.116202
1.15002,1.38857,-1.0589,2.63195,1.38582,-1.03348,2.65499,1.44837,-1.26839,2,1.45308,-1.1806,2.00641,-2.02161,1.0928,0.0700369,-2.0477,1.0206,-0.040792,-2.10177,1.28118,0,-2.29027,1.22194,-0.111617
1.15997,1.36813,-1.04774,2.63266,1.36534,-1.02312,2.65459,1.42712,-1.2553,2,1.43013,-1.16827,2.00532,-2.03042,1.11988,0.0711325,-2.04899,1.05091,-0.0388028,-2.11105,1.31378,0,-2.29848,1.24445,-0.106966
1.17006,1.34782,-1.03643,2.63337,1.34484,-1.01247,2.65421,1.40601,-1.24203,2,1.40711,-1.15572,2.00427,-2.03899,1.14634,0.0721583,-2.05025,1.0805,-0.0366969,-2.1201,1.34567,0,-2.30627,1.26661,-0.102243
1.18006,1.32704,-1.02463,2.63411,1.32433,-1.00152,2.65386,1.3844,-1.22818,2,1.38401,-1.14294,2.00327,-2.04758,1.17296,0.0731434,-2.05155,1.10937,-0.0345095,-2.12918,1.37783,0,-2.31368,1.28844,-0.0974776
1.19,1.3069,-1.013,2.63483,1.30381,-0.990282,2.65352,1.36346,-1.21451,2,1.36084,-1.12995,2.00232,-2.05573,1.19832,0.0740342,-2.05291,1.13754,-0.0322518,-2.13781,1.40852,0,-2.32065,1.30994,-0.0926746
1.19999,1.28643,-1.00096,2.63557,1.28328,-0.978768,2.65321,1.34217,-1.20036,2,1.3376,-1.11674,2.00142,-2.06384,1.22366,0.0748751,-2.05436,1.16501,-0.0299358,-2.14641,1.43924,0,-2.32717,1.33115,-0.0878426
1.21006,1.26545,-0.988413,2.63634,1.26272,-0.966984,2.65292,1.32034,-1.18559,2,1.3143,-1.10333,2.00057,-2.07199,1.24917,0.0756688,-2.05597,1.19179,-0.0275799,-2.15506,1.47024,0,-2.33329,1.35206,-0.0829991
1.22,1.24501,-0.975996,2.63709,1.24216,-0.954935,2.65266,1.29909,-1.17097,2,1.29093,-1.0897,1.99976,-2.07974,1.27356,0.0763742,-2.05774,1.2179,-0.0251993,-2.16331,1.49993,0,-2.33896,1.37268,-0.0781592
1.22999,1.22396,-0.963002,2.63786,1.22157,-0.942628,2.65242,1.27719,-1.15566,2,1.26752,-1.07587,1.999,-2.08756,1.29822,0.077031,-2.05968,1.24333,-0.0228018,-2.17164,1.53002,0,-2.34416,1.39301,-0.0733306
1.24003,1.20279,-0.94974,2.63864,1.20096,-0.93007,2.6522,1.25517,-1.14003,2,1.24405,-1.06184,1.99829,-2.09525,1.32254,0.077619,-2.0618,1.2681,-0.0203981,-2.17984,1.55976,0,-2.34888,1.41305,-0.068526
1.24999,1.18241,-0.936787,2.6394,1.18033,-0.917268,2.65201,1.23396,-1.12475,2,1.22054,-1.04761,1.99763,-2.10248,1.34552,0.078116,-2.06418,1.29222,-0.0180017,-2.18758,1.58791,0,-2.35317,1.43281,-0.0637621
1.26009,1.16069,-0.92279,2.64021,1.15968,-0.904228,2.65184,1.21137,-1.10822,2,1.19699,-1.03319,1.99702,-2.11002,1.36951,0.0785706,-2.06678,1.31575,-0.0156216,-2.19565,1.61738,0,-2.35697,1.45231,-0.0590508
1.27002,1.14001,-0.909279,2.64098,1.13899,-0.890955,2.6517,1.18985,-1.09226,2,1.1734,-1.01857,1.99645,-2.11703,1.39191,0.0789309,-2.06963,1.33873,-0.0132798,-2.20316,1.64494,0,-2.36031,1.4716,-0.0544208
1.27999,1.11849,-0.895037,2.64178,1.11828,-0.877455,2.65158,1.16745,-1.07542,2,1.14979,-1.00376,1.99593,-2.12416,1.41473,0.0792303,-2.07277,1.36118,-0.010979,-2.21082,1.6731,0,-2.3632,1.49067,-0.0498792
1.29005,1.09746,-0.880944,2.64257,1.09754,-0.863733,2.65148,1.14556,-1.05875,2,1.12614,-0.988755,1.99545,-2.13095,1.43658,0.0794479,-2.07618,1.38308,-0.00872257,-2.21814,1.70011,0,-2.36564,1.5095,-0.0454363
1.30002,1.07629,-0.866587,2.64335,1.07676,-0.849795,2.6514,1.12352,-1.04175,2,1.10247,-0.973567,1.99502,-2.13764,1.4581,0.0795918,-2.07987,1.40443,-0.00651919,-2.22534,1.72678,0,-2.36763,1.52807,-0.0411076
1.31005,1.05457,-0.851688,2.64416,1.05594,-0.835646,2.65135,1.10091,-1.0241,2,1.07879,-0.958195,1.99463,-2.14432,1.47969,0.0796607,-2.08384,1.42524,-0.00437671,-2.23256,1.7536,0,-2.36918,1.54637,-0.0369079
1.31999,1.03354,-0.837097,2.64494,1.03508,-0.821292,2.65132,1.07901,-1.00681,2,1.05509,-0.942641,1.99428,-2.15064,1.50014,0.0796512,-2.08806,1.44555,-0.00229702,-2.23939,1.77906,0,-2.37027,1.56441,-0.0328463
1.33003,1.01143,-0.82159,2.64576,1.01418,-0.806737,2.6513,1.05599,-0.988408,2,1.03139,-0.926907,1.99397,-2.15711,1.52114,0.0795601,-2.09254,1.46539,-0.000301663,-2.2464,1.80527,0,-2.37092,1.58223,-0.0289503
1.34001,0.990026,-0.806417,2.64655,0.993229,-0.791986,2.65131,1.03369,-0.970394,2,1.00768,-0.910997,1.9937,-2.16321,1.541,0.0793926,-2.09726,1.48476,0.00161349,-2.25303,1.83012,0,-2.37114,1.5998,-0.0252229
1.34998,0.968769,-0.7912,2.64733,0.972232,-0.777043,2.65134,1.01155,-0.952316,2,0.983965,-0.894912,1.99347,-2.16912,1.56026,0.0791488,-2.10219,1.50367,0.00345685,-2.25945,1.85427,0,-2.37089,1.61712,-0.0216612
1.36002,0.946788,-0.775311,2.64812,0.951185,-0.761914,2.65138,0.988655,-0.933426,2,0.960259,-0.878655,1.99327,-2.17506,1.57969,0.0788157,-2.10734,1.52215,0.00521935,-2.26593,1.8787,0,-2.37023,1.63419,-0.0182802
1.37003,0.924761,-0.759239,2.64892,0.930085,-0.746602,2.65144,0.965707,-0.914306,2,0.936562,-0.862229,1.9931,-2.18086,1.59867,0.0783992,-2.11271,1.54023,0.00689353,-2.27225,1.90262,0,-2.36917,1.65105,-0.0150934
1.38004,0.902975,-0.743198,2.6497,0.90893,-0.731111,2.65152,0.943007,-0.895207,2,0.912877,-0.845635,1.99297,-2.18643,1.61696,0.077906,-2.11824,1.55788,0.0084793,-2.27835,1.92573,0,-2.36769,1.66765,-0.0121048
1.39003,0.881227,-0.727045,2.65047,0.88772,-0.715446,2.65161,0.920343,-0.875964,2,0.889209,-0.828877,1.99286,-2.19184,1.63474,0.0773332,-2.12391,1.57511,0.00997069,-2.28427,1.94825,0,-2.36578,1.68398,-0.00932311
1.39999,0.859438,-0.710728,2.65124,0.866451,-0.69961,2.65172,0.897634,-0.85651,2,0.865563,-0.811956,1.99278,-2.1971,1.65208,0.0766791,-2.12972,1.59195,0.0113663,-2.29005,1.97027,0,-2.36349,1.70008,-0.00675291
1.41004,0.836677,-0.693542,2.65202,0.845125,-0.683608,2.65184,0.873908,-0.836007,2,0.841941,-0.794876,1.99272,-2.20244,1.66969,0.0759102,-2.13566,1.60845,0.0126527,-2.29591,1.99269,0,-2.36083,1.71597,-0.00441022
1.42,0.815474,-0.677408,2.65275,0.823738,-0.667442,2.65197,0.851803,-0.816746,2,0.818347,-0.777638,1.99269,-2.20726,1.68564,0.0751159,-2.14175,1.62459,0.0138441,-2.30122,2.01303,0,-2.35786,1.73163,-0.00228157
1.43,0.792713,-0.65996,2.65352,0.802289,-0.651117,2.65211,0.828072,-0.795902,2,0.794785,-0.760244,1.99268,-2.21228,1.70226,0.0741799,-2.14796,1.64036,0.0149104,-2.30676,2.03429,0,-2.35458,1.74706,-0.000396552
1.44007,0.770688,-0.642953,2.65425,0.780778,-0.634636,2.65227,0.805106,-0.775571,2,0.771257,-0.742697,1.99268,-2.21698,1.71786,0.0731927,-2.15423,1.65579,0.0158589,-2.31196,2.0543,0,-2.35096,1.76229,0.00125161
1.45,0.749036,-0.62612,2.65496,0.759205,-0.618002,2.65243,0.782524,-0.755435,2,0.747767,-0.724999,1.9927,-2.22145,1.73273,0.0721448,-2.16051,1.67087,0.016715,-2.31692,2.07342,0,-2.34701,1.77728,0.00269107
1.46001,0.726197,-0.608245,2.6557,0.737568,-0.60122,2.6526,0.758702,-0.734038,2,0.724318,-0.707152,1.99274,-2.22602,1.74793,0.0709572,-2.16683,1.68562,0.0174697,-2.32198,2.093,0,-2.34278,1.79205,0.0039155
1.47003,0.704405,-0.59108,2.65638,0.715868,-0.584291,2.65278,0.735969,-0.713479,2,0.700912,-0.689159,1.99278,-2.23023,1.76196,0.0697461,-2.17314,1.69999,0.0181262,-2.32666,2.11112,0,-2.33826,1.80659,0.00493027
1.48002,0.681805,-0.573172,2.65708,0.694105,-0.567221,2.65296,0.712391,-0.692014,2,0.677553,-0.671021,1.99283,-2.23444,1.77603,0.0684109,-2.17948,1.71404,0.0186601,-2.33135,2.12933,0,-2.33353,1.82092,0.00571594
1.49,0.659825,-0.555651,2.65775,0.672279,-0.550012,2.65315,0.689456,-0.671001,2,0.654242,-0.652741,1.99289,-2.2384,1.78924,0.067036,-2.1858,1.72773,0.0190746,-2.33576,2.14648,0,-2.32858,1.83503,0.00628024
1.50001,0.637364,-0.537647,2.65841,0.650389,-0.532667,2.65334,0.666017,-0.649396,2,0.630982,-0.634321,1.99296,-2.24229,1.80227,0.0655546,-2.19209,1.74108,0.0193679,-2.34011,2.16342,0,-2.32343,1.84892,0.0066268
1.51006,0.614582,-0.519286,2.65907,0.628437,-0.515191,2.65354,0.642239,-0.627349,2,0.607774,-0.615763,1.99303,-2.24609,1.81499,0.0639745,-2.19834,1.75408,0.0195604,-2.34436,2.18002,0,-2.31812,1.86261,0.00678196
1.52002,0.592333,-0.501262,2.6597,0.606423,-0.497587,2.65373,0.619015,-0.605694,2,0.58462,-0.597069,1.99309,-2.24965,1.82694,0.0623575,-2.20452,1.76679,0.0196505,-2.34835,2.19564,0,-2.31265,1.87615,0.0067511
1.53003,0.569498,-0.482672,2.66032,0.584347,-0.479857,2.65393,0.595177,-0.583346,2,0.561522,-0.578241,1.99316,-2.25316,1.83873,0.0606236,-2.2106,1.7792,0.0196296,-2.35229,2.21107,0,-2.30702,1.88953,0.00653289
1.54007,0.546879,-0.464171,2.66092,0.562211,-0.462004,2.65413,0.571562,-0.561092,2,0.53848,-0.55928,1.99322,-2.25649,1.84992,0.0588337,-2.21658,1.79126,0.0195042,-2.35604,2.22577,0,-2.30126,1.90271,0.00614064
1.54999,0.524731,-0.445974,2.66149,0.540016,-0.444033,2.65432,0.548435,-0.539192,2,0.515497,-0.540187,1.99328,-2.25962,1.86043,0.0570129,-2.22244,1.80297,0.0192722,-2.35956,2.23958,0,-2.2954,1.9157,0.00557989
1.56001,0.501537,-0.426837,2.66206,0.517762,-0.425946,2.65451,0.524214,-0.516149,2,0.492572,-0.520966,1.99333,-2.26274,1.87094,0.055036,-2.22823,1.81432,0.0189425,-2.36308,2.25344,0,-2.28951,1.9285,0.00486737
1.56999,0.479598,-0.408662,2.66259,0.495452,-0.407747,2.6547,0.501301,-0.494252,2,0.469707,-0.501618,1.99338,-2.26555,1.88043,0.0531019,-2.23389,1.82531,0.0185177,-2.36626,2.26597,0,-2.28357,1.94112,0.00401279
1.58003,0.456221,-0.389221,2.66312,0.473085,-0.389441,2.65488,0.476884,-0.47082,2,0.446901,-0.482144,1.99341,-2.26841,1.89005,0.0509747,-2.2394,1.83591,0.0180021,-2.36948,2.27871,0,-2.27757,1.95353,0.00302923
1.59001,0.433688,-0.370413,2.66362,0.450664,-0.371031,2.65506,0.453345,-0.448139,2,0.424156,-0.462548,1.99344,-2.27102,1.89886,0.0488618,-2.24474,1.84611,0.0174042,-2.37244,2.29039,0,-2.27156,1.96573,0.00193265
1.59999,0.411468,-0.351804,2.66409,0.428191,-0.35252,2.65523,0.430132,-0.425688,2,0.40147,-0.44283,1.99345,-2.27345,1.9071,0.0467205,-2.24994,1.85592,0.0167127,-2.3752,2.30133,0,-2.26556,1.97774,0.00072007
1.60998,0.388645,-0.332628,2.66454,0.405666,-0.333913,2.65539,0.406287,-0.402544,2,0.378844,-0.422994,1.99345,-2.27582,1.91509,0.0444638,-2.25494,1.86533,0.0159361,-2.37789,2.31196,0,-2.25956,1.98953,-0.00059215
1.62002,0.365713,-0.313302,2.66498,0.383093,-0.315215,2.65555,0.382324,-0.379207,2,0.356279,-0.40304,1.99344,-2.27805,1.92265,0.0421404,-2.25971,1.87432,0.0150696,-2.38043,2.32204,0,-2.25355,2.00114,-0.00200175
1.63002,0.342332,-0.293541,2.6654,0.360473,-0.296428,2.65569,0.357892,-0.355336,2,0.333773,-0.382972,1.99341,-2.28019,1.92988,0.0397169,-2.26424,1.8829,0.0141152,-2.38286,2.33169,0,-2.24754,2.01254,-0.00349922
1.63998,0.320495,-0.275036,2.66577,0.337809,-0.277558,2.65583,0.335071,-0.332975,2,0.311328,-0.36279,1.99337,-2.28205,1.93619,0.0374062,-2.26851,1.89108,0.0130765,-2.38498,2.34012,0,-2.24154,2.02377,-0.00507374
1.65001,0.297458,-0.255466,2.66613,0.315103,-0.258608,2.65596,0.310994,-0.309318,2,0.288942,-0.342497,1.99331,-2.28388,1.94238,0.0349218,-2.27255,1.89879,0.0119557,-2.38707,2.34842,0,-2.2356,2.03476,-0.00671618
1.66001,0.274498,-0.235917,2.66647,0.292359,-0.239584,2.65607,0.286995,-0.285679,2,0.266616,-0.322096,1.99324,-2.28557,1.94809,0.0324011,-2.27631,1.90602,0.0107614,-2.38899,2.35607,0,-2.22968,2.04551,-0.00841288
1.66998,0.251919,-0.216653,2.66678,0.269578,-0.22049,2.65617,0.263394,-0.262377,2,0.244349,-0.301588,1.99314,-2.28709,1.95325,0.0298818,-2.27979,1.91278,0.00950196,-2.39073,2.363,0,-2.22381,2.05602,-0.0101489
1.68004,0.228599,-0.196718,2.66707,0.246764,-0.20133,2.65626,0.239016,-0.238257,2,0.222139,-0.280976,1.99303,-2.28852,1.95811,0.0272409,-2.28303,1.91909,0.00817577,-2.39237,2.36953,0,-2.21805,2.06634,-0.0119197
1.69001,0.205941,-0.177316,2.66733,0.223918,-0.182109,2.65633,0.21533,-0.214775,2,0.199987,-0.260262,1.9929,-2.28978,1.96238,0.0246406,-2.28601,1.92494,0.0067835,-2.39381,2.37527,0,-2.21238,2.07644,-0.0137195
1.70002,0.18277,-0.157443,2.66756,0.201045,-0.162833,2.65639,0.191106,-0.190718,2,0.177892,-0.239448,1.99276,-2.29093,1.96628,0.0219493,-2.28868,1.93031,0.00532615,-2.39513,2.38052,0,-2.20676,2.08631,-0.015542
1.71002,0.159899,-0.137799,2.66777,0.178146,-0.143505,2.65644,0.167194,-0.166934,2,0.155852,-0.218536,1.99259,-2.29193,1.96967,0.0192645,-2.29108,1.93518,0.00381153,-2.39627,2.38509,0,-2.20125,2.09594,-0.0173748
1.72004,0.137149,-0.118237,2.66795,0.155224,-0.124131,2.65647,0.143407,-0.143244,2,0.133866,-0.19753,1.99241,-2.29279,1.97259,0.0165695,-2.29324,1.93959,0.00224242,-2.39726,2.38903,0,-2.1959,2.10536,-0.0192104
1.73001,0.113837,-0.0981712,2.6681,0.132282,-0.104715,2.65648,0.119033,-0.11894,2,0.111933,-0.17643,1.99221,-2.29353,1.97512,0.0137863,-2.29514,1.94347,0.000612033,-2.39811,2.39244,0,-2.19067,2.11449,-0.0210516
1.73998,0.0915377,-0.0789601,2.66822,0.109322,-0.0852628,2.65648,0.0957169,-0.0956681,2,0.090052,-0.155241,1.99199,-2.29411,1.9771,0.0111065,-2.29679,1.94685,-0.00107709,-2.39878,2.39511,0,-2.18561,2.12338,-0.0228919
1.75,0.0680475,-0.0587095,2.66832,0.086347,-0.0657796,2.65646,0.0711547,-0.0711346,2,0.0682207,-0.133963,1.99175,-2.29459,1.97871,0.00826911,-2.29816,1.94971,-0.00282738,-2.39932,2.3973,0,-2.18069,2.132,-0.0247296
1.76006,0.0450172,-0.0388451,2.66839,0.0633597,-0.0462705,2.65643,0.047073,-0.0470672,2,0.0464379,-0.112602,1.9915,-2.29492,1.97984,0.00547633,-2.29924,1.95202,-0.00461352,-2.3997,2.39882,0,-2.1759,2.14031,-0.0265362
1.77,0.0226429,-0.01954,2.66843,0.040363,-0.026741,2.65637,0.023677,-0.0236762,2,0.0247021,-0.0911582,1.99122,-2.29511,1.98049,0.00275621,-2.30008,1.95379,-0.0064314,-2.39993,2.3997,0,-2.1713,2.14834,-0.0283041
1.77999,-0.000434211,0.000374719,2.66845,0.0173588,-0.00719629,2.6563,-0.000454042,0.000454042,2,0.00301118,-0.0696359,1.99093,-2.29518,1.98071,-5.28655e-05,-2.30071,1.95506,-0.00829207,-2.4,2.4,0,-2.16691,2.15608,-0.030041
1.79003,-0.0235285,0.0203042,2.66843,-0.00565038,0.0123584,2.6562,-0.024603,0.0246022,2,-0.0186368,-0.0480376,1.99062,-2.29511,1.98047,-0.00286396,-2.30109,1.95579,-0.0101936,-2.39992,2.39968,0,-2.16271,2.16351,-0.0317426
1.80002,-0.0465064,0.0401298,2.66839,-0.0286622,0.0319177,2.65609,-0.0486302,0.0486238,2,-0.0402438,-0.0263667,1.99029,-2.2949,1.97978,-0.00565717,-2.30124,1.95598,-0.0121263,-2.39968,2.39874,0,-2.15872,2.17063,-0.0333959
1.81002,-0.0695211,0.0599802,2.66832,-0.0516743,0.0514762,2.65596,-0.0726955,0.0726742,2,-0.0618119,-0.00462615,1.98995,-2.29456,1.97863,-0.00844748,-2.30115,1.95564,-0.0140824,-2.3993,2.39718,0,-2.15494,2.17743,-0.0349905
1.81999,-0.0925239,0.07981,2.66822,-0.0746844,0.0710288,2.65581,-0.096748,0.0966977,2,-0.0833433,0.0171808,1.98959,-2.29409,1.97702,-0.0112253,-2.30084,1.95478,-0.0160489,-2.39875,2.39501,0,-2.15138,2.18391,-0.0365107
1.83001,-0.11537,0.0994916,2.66809,-0.0976905,0.0905703,2.65564,-0.120637,0.120539,2,-0.10484,0.039051,1.98922,-2.29349,1.97497,-0.0139699,-2.30032,1.95342,-0.0180233,-2.39806,2.39224,0,-2.14805,2.19007,-0.0379518
1.83999,-0.13805,0.119013,2.66794,-0.12069,0.110095,2.65545,-0.14435,0.144183,2,-0.126305,0.0609809,1.98884,-2.29276,1.97248,-0.0166768,-2.29956,1.95151,-0.0200096,-2.39722,2.38889,0,-2.14491,2.19586,-0.0393155
1.84998,-0.160837,0.138606,2.66776,-0.143681,0.129599,2.65524,-0.168175,0.16791,2,-0.147739,0.082967,1.98844,-2.29189,1.96954,-0.0193752,-2.29857,1.94907,-0.0220143,-2.39623,2.38492,0,-2.14201,2.20129,-0.0406062
1.85997,-0.183927,0.158436,2.66755,-0.166661,0.149075,2.65501,-0.192316,0.19192,2,-0.169146,0.105005,1.98802,-2.29087,1.9661,-0.0220844,-2.29738,1.94606,-0.0240304,-2.39506,2.38027,0,-2.13933,2.20632,-0.0418149
1.87,-0.20698,0.178206,2.66732,-0.189628,0.168518,2.65476,-0.216417,0.215853,2,-0.190527,0.127092,1.9876,-2.28972,1.96219,-0.0247605,-2.29595,1.9425,-0.0260524,-2.39375,2.37502,0,-2.13687,2.21092,-0.0429342
1.87998,-0.229949,0.197873,2.66706,-0.212579,0.187923,2.65449,-0.240428,0.239655,2,-0.211884,0.149222,1.98717,-2.28844,1.95784,-0.0273949,-2.2943,1.9384,-0.0280781,-2.39228,2.36917,0,-2.13462,2.21512,-0.04396
1.88999,-0.252722,0.217339,2.66677,-0.235513,0.207284,2.6542,-0.264234,0.263207,2,-0.23322,0.171393,1.98672,-2.28704,1.95308,-0.0299721,-2.29247,1.93379,-0.0301131,-2.39067,2.36276,0,-2.13263,2.21893,-0.044896
1.89999,-0.275306,0.236606,2.66646,-0.258428,0.226597,2.65389,-0.28784,0.286512,2,-0.254537,0.1936,1.98627,-2.28551,1.9479,-0.0324905,-2.29045,1.92869,-0.0321546,-2.38893,2.35581,0,-2.13087,2.22232,-0.0457378
1.90999,-0.298795,0.256603,2.66611,-0.281321,0.245856,2.65356,-0.312391,0.310693,2,-0.275838,0.215838,1.98581,-2.28378,1.94204,-0.0350672,-2.28823,1.92308,-0.0341957,-2.38695,2.34795,0,-2.12935,2.2253,-0.0464771
1.92003,-0.321957,0.276276,2.66575,-0.304191,0.265057,2.6532,-0.336599,0.334473,2,-0.297125,0.238104,1.98534,-2.28193,1.93578,-0.0375622,-2.28576,1.91695,-0.0362335,-2.38485,2.33957,0,-2.12799,2.22781,-0.0471098
1.93002,-0.344057,0.295,2.66537,-0.327036,0.284194,2.65283,-0.359694,0.3571,2,-0.318399,0.260393,1.98487,-2.28004,1.92936,-0.0398975,-2.28309,1.91034,-0.0382734,-2.38269,2.331,0,-2.12687,2.2299,-0.0476398
1.94002,-0.366965,0.314359,2.66496,-0.349853,0.303262,2.65244,-0.383633,0.380484,2,-0.339663,0.282701,1.98439,-2.27794,1.92225,-0.0422687,-2.2803,1.90329,-0.0403162,-2.3803,2.32151,0,-2.126,2.23157,-0.0480667
1.95002,-0.389497,0.333345,2.66453,-0.372641,0.322258,2.65202,-0.407177,0.403409,2,-0.36092,0.305023,1.9839,-2.27573,1.9148,-0.044549,-2.2773,1.89571,-0.0423574,-2.37779,2.31158,0,-2.12535,2.23273,-0.0483854
1.95998,-0.412318,0.352517,2.66407,-0.395398,0.341175,2.65159,-0.43102,0.426548,2,-0.38217,0.327354,1.98342,-2.27336,1.90679,-0.0468034,-2.27408,1.88767,-0.0443811,-2.3751,2.30092,0,-2.12487,2.23342,-0.0485792
1.97009,-0.435471,0.371903,2.66358,-0.418122,0.360009,2.65114,-0.455207,0.449937,2,-0.403418,0.349689,1.98293,-2.27081,1.89818,-0.0490311,-2.27069,1.87916,-0.046376,-2.37221,2.28949,0,-2.12462,2.23363,-0.0486363
1.98006,-0.458557,0.391167,2.66307,-0.440811,0.378756,2.65066,-0.479323,0.473166,2,-0.424664,0.372024,1.98245,-2.26813,1.88911,-0.0511902,-2.26713,1.87016,-0.048347,-2.36917,2.27747,0,-2.12458,2.2333,-0.0485609
1.98999,-0.480341,0.409278,2.66257,-0.463464,0.397411,2.65017,-0.502077,0.494995,2,-0.44591,0.394354,1.98196,-2.26546,1.88011,-0.0531684,-2.26337,1.86066,-0.0502858,-2.36615,2.26556,0,-2.12472,2.23243,-0.0483446
2,-0.502943,0.427999,2.66203,-0.486078,0.415968,2.64966,-0.525682,0.517549,2,-0.467159,0.416671,1.98148,-2.26255,1.87032,-0.0551578,-2.25947,1.85074,-0.0522024,-2.36287,2.25262,0,-2.12509,2.23105,-0.0479972
2.01003,-0.525933,0.446964,2.66146,-0.508653,0.434424,2.64913,-0.549691,0.540384,2,-0.488412,0.438973,1.981,-2.25945,1.85987,-0.0571134,-2.2554,1.84038,-0.0541012,-2.35937,2.23885,0,-2.12565,2.22915,-0.0475235
2.02001,-0.548366,0.46539,2.66088,-0.531186,0.452774,2.64858,-0.573115,0.562559,2,-0.509672,0.461252,1.98053,-2.25628,1.8492,-0.0589535,-2.25113,1.82954,-0.0559687,-2.3558,2.22482,0,-2.12635,2.22666,-0.0469107
2.02999,-0.571095,0.483975,2.66028,-0.553675,0.471014,2.64801,-0.596844,0.584913,2,-0.53094,0.483504,1.98007,-2.25292,1.83792,-0.0607472,-2.24669,1.81825,-0.0577988,-2.35202,2.21001,0,-2.12724,2.22359,-0.0461531
2.04005,-0.593683,0.502359,2.65966,-0.576119,0.489138,2.64742,-0.620425,0.607012,2,-0.552218,0.505722,1.97961,-2.24944,1.82623,-0.0624577,-2.24214,1.80657,-0.0595864,-2.34812,2.19471,0,-2.12833,2.21999,-0.0452465
2.05002,-0.615947,0.520389,2.65903,-0.598517,0.507144,2.64682,-0.643664,0.628674,2,-0.573507,0.527902,1.97916,-2.24586,1.81424,-0.0640713,-2.23747,1.7945,-0.0613355,-2.34411,2.17904,0,-2.12963,2.21584,-0.0441962
2.06,-0.639262,0.539172,2.65836,-0.620868,0.525027,2.64619,-0.667997,0.651227,2,-0.594811,0.550037,1.97872,-2.24197,1.80118,-0.0656828,-2.2327,1.78203,-0.0630375,-2.33975,2.16202,0,-2.13114,2.2111,-0.0429952
2.07002,-0.660535,0.556218,2.65773,-0.643171,0.542783,2.64555,-0.690196,0.671682,2,-0.616131,0.572122,1.9783,-2.23827,1.78882,-0.0670816,-2.2278,1.76916,-0.0646985,-2.33562,2.14594,0,-2.13282,2.20578,-0.0416516
2.08007,-0.683589,0.574589,2.65703,-0.665424,0.560409,2.6449,-0.714252,0.693713,2,-0.637468,0.594151,1.97789,-2.23412,1.77493,-0.0685192,-2.2228,1.75587,-0.0663239,-2.33099,2.12792,0,-2.13469,2.19982,-0.0401729
2.09,-0.70535,0.591827,2.65636,-0.687626,0.577899,2.64423,-0.736955,0.714373,2,-0.658825,0.616116,1.9775,-2.23005,1.76136,-0.0698002,-2.2177,1.74215,-0.0679055,-2.32646,2.11035,0,-2.13674,2.19319,-0.0385539
2.09999,-0.727563,0.609317,2.65565,-0.709777,0.59525,2.64354,-0.760127,0.735322,2,-0.680203,0.638012,1.97712,-2.22575,1.74704,-0.0710306,-2.21243,1.72799,-0.069448,-2.32168,2.09184,0,-2.13889,2.1859,-0.036802
2.10998,-0.749923,0.626812,2.65493,-0.731874,0.612457,2.64284,-0.78345,0.756262,2,-0.701603,0.659832,1.97676,-2.22127,1.73213,-0.0721893,-2.20701,1.71341,-0.0709314,-2.31672,2.07264,0,-2.14114,2.17791,-0.0349008
2.11997,-0.771996,0.643966,2.65421,-0.753917,0.629517,2.64212,-0.806469,0.776782,2,-0.723027,0.681568,1.97642,-2.2167,1.71695,-0.0732535,-2.20147,1.69845,-0.0723615,-2.31166,2.05312,0,-2.14354,2.16926,-0.0328599
2.12999,-0.794294,0.661176,2.65347,-0.775903,0.646425,2.64139,-0.82972,0.797355,2,-0.744474,0.703215,1.97611,-2.21193,1.70112,-0.0742477,-2.19577,1.68308,-0.07374,-2.30638,2.03283,0,-2.146,2.15992,-0.030685
2.13999,-0.816543,0.678225,2.65271,-0.797832,0.663177,2.64065,-0.852919,0.817722,2,-0.765947,0.724764,1.97581,-2.20702,1.68484,-0.0751578,-2.18989,1.66725,-0.0750603,-2.30096,2.01202,0,-2.14849,2.1498,-0.0283739
2.15002,-0.838399,0.694847,2.65197,-0.819701,0.679769,2.63989,-0.875703,0.837565,2,-0.787444,0.746208,1.97554,-2.20204,1.66838,-0.0759714,-2.18386,1.65099,-0.0763083,-2.29548,1.99101,0,-2.15104,2.13894,-0.0259173
2.16004,-0.860991,0.711895,2.65118,-0.841509,0.696196,2.63912,-0.899252,0.857902,2,-0.808968,0.76754,1.97529,-2.19673,1.65086,-0.0767283,-2.17769,1.63434,-0.07749,-2.28964,1.96872,0,-2.15365,2.12734,-0.0233265
2.17015,-0.882627,0.728089,2.65042,-0.863254,0.712454,2.63834,-0.921801,0.877208,2,-0.830517,0.788753,1.97507,-2.19149,1.63361,-0.0773725,-2.17142,1.61731,-0.0786038,-2.2839,1.94682,0,-2.15632,2.11502,-0.0206053
2.17999,-0.904249,0.744139,2.64965,-0.884936,0.728541,2.63755,-0.944334,0.896329,2,-0.852094,0.809838,1.97488,-2.18611,1.6159,-0.0779371,-2.16502,1.59993,-0.0796409,-2.278,1.92439,0,-2.15901,2.10197,-0.0177514
2.19005,-0.926299,0.760366,2.64886,-0.906554,0.744451,2.63675,-0.96731,0.915647,2,-0.873697,0.83079,1.97472,-2.18046,1.59736,-0.078431,-2.15845,1.58215,-0.080602,-2.27182,1.90097,0,-2.16166,2.08815,-0.0147719
2.2,-0.947572,0.775881,2.6481,-0.928105,0.760182,2.63594,-0.989472,0.934104,2,-0.895327,0.851599,1.97459,-2.17485,1.579,-0.078829,-2.15174,1.56397,-0.0815006,-2.2657,1.87784,0,-2.16431,2.07354,-0.0116872
2.21003,-0.969893,0.792008,2.64728,-0.949588,0.775729,2.63512,-1.01272,0.953276,2,-0.916984,0.872258,1.97448,-2.16881,1.55925,-0.0791637,-2.14494,1.54539,-0.0823348,-2.25912,1.85301,0,-2.16697,2.05814,-0.00850299
2.22,-0.991171,0.807232,2.64651,-0.971003,0.791089,2.63429,-1.03489,0.971362,2,-0.938667,0.892759,1.97442,-2.16289,1.53995,-0.0794035,-2.13804,1.52646,-0.0831039,-2.25268,1.8288,0,-2.16961,2.04196,-0.00522616
2.23006,-1.01305,0.822728,2.6457,-0.992349,0.806257,2.63346,-1.05767,0.989758,2,-0.960376,0.913094,1.97438,-2.15664,1.51962,-0.0795696,-2.13104,1.50717,-0.0838013,-2.2459,1.80338,0,-2.17224,2.025,-0.00185845
2.24003,-1.03449,0.837761,2.64491,-1.01362,0.821231,2.63262,-1.08,1.00759,2,-0.982111,0.933256,1.97438,-2.15035,1.49922,-0.0796533,-2.12393,1.48746,-0.0844275,-2.23908,1.77792,0,-2.1748,2.0072,0.00159066
2.25002,-1.05565,0.852433,2.64412,-1.03483,0.836005,2.63177,-1.10203,1.02499,2,-1.00387,0.953235,1.97441,-2.14399,1.47863,-0.0796592,-2.11667,1.46734,-0.0849878,-2.2322,1.75228,0,-2.17725,1.98854,0.00510703
2.26001,-1.07751,0.867422,2.64331,-1.05596,0.850577,2.63092,-1.12479,1.04274,2,-1.02566,0.973024,1.97448,-2.13725,1.45686,-0.0795855,-2.1093,1.44686,-0.0854821,-2.22493,1.72525,0,-2.17962,1.96907,0.00868136
2.27002,-1.09855,0.88168,2.64252,-1.07701,0.864941,2.63006,-1.14669,1.05962,2,-1.04746,0.992614,1.97459,-2.13061,1.43545,-0.0794384,-2.10183,1.42603,-0.0859087,-2.21776,1.69872,0,-2.18188,1.94879,0.0123049
2.28002,-1.11971,0.895846,2.64174,-1.09799,0.879096,2.6292,-1.16871,1.07638,2,-1.06929,1.012,1.97473,-2.12376,1.41346,-0.0792154,-2.09433,1.40486,-0.0862603,-2.21039,1.67153,0,-2.1841,1.92771,0.0159746
2.28999,-1.14088,0.909846,2.64095,-1.1189,0.893037,2.62833,-1.19074,1.09293,2,-1.09115,1.03117,1.97491,-2.11674,1.39098,-0.0789173,-2.08672,1.38337,-0.0865332,-2.20285,1.6438,0,-2.18617,1.90582,0.0196837
2.3001,-1.1624,0.923899,2.64014,-1.13973,0.906762,2.62747,-1.21315,1.10953,2,-1.11302,1.05011,1.97512,-2.10943,1.36764,-0.0785376,-2.079,1.36154,-0.0867248,-2.19502,1.61508,0,-2.18809,1.88313,0.0234237
2.31009,-1.18364,0.937575,2.63935,-1.16048,0.920267,2.6266,-1.23525,1.12568,2,-1.13491,1.06883,1.97537,-2.10205,1.34414,-0.0780879,-2.07123,1.3394,-0.0868314,-2.18711,1.58622,0,-2.18989,1.85964,0.027187
2.32,-1.20411,0.950572,2.6386,-1.18115,0.933549,2.62573,-1.25654,1.14101,2,-1.15681,1.0873,1.97567,-2.09477,1.32104,-0.0775845,-2.06343,1.31691,-0.086857,-2.17934,1.55793,0,-2.19157,1.83532,0.0309587
2.33018,-1.22578,0.964137,2.63779,-1.20175,0.946604,2.62486,-1.27909,1.157,2,-1.17874,1.10553,1.97599,-2.08689,1.2961,-0.0769768,-2.05554,1.29409,-0.0868051,-2.17093,1.52743,0,-2.19305,1.81019,0.0347239
2.34006,-1.24614,0.976687,2.63704,-1.22226,0.95943,2.624,-1.30026,1.17179,2,-1.20067,1.1235,1.97636,-2.07932,1.27222,-0.076337,-2.04755,1.27094,-0.08667,-2.16286,1.4983,0,-2.19432,1.78424,0.038476
2.35008,-1.26681,0.989234,2.63629,-1.2427,0.972022,2.62313,-1.32176,1.18656,2,-1.22262,1.14121,1.97676,-2.07146,1.24752,-0.0756193,-2.03951,1.24748,-0.0864387,-2.1545,1.46824,0,-2.19539,1.75749,0.042216
2.36001,-1.28752,1.0016,2.63553,-1.26305,0.984378,2.62227,-1.3433,1.20111,2,-1.24458,1.15865,1.9772,-2.06342,1.22233,-0.0748323,-2.03138,1.22369,-0.0861213,-2.14596,1.43763,0,-2.19622,1.72992,0.0459221
2.37004,-1.30805,1.01367,2.63479,-1.28333,0.996495,2.62141,-1.36466,1.21529,2,-1.26655,1.17581,1.97768,-2.05527,1.19688,-0.0739851,-2.02318,1.19958,-0.0857255,-2.13732,1.40678,0,-2.19682,1.70155,0.0495746
2.38016,-1.32936,1.02596,2.63403,-1.30352,1.00837,2.62055,-1.38682,1.22974,2,-1.28852,1.19268,1.9782,-2.04663,1.17001,-0.0730366,-2.01488,1.17516,-0.0852497,-2.12817,1.37426,0,-2.19714,1.67239,0.0531632
2.39005,-1.34894,1.03705,2.63333,-1.32362,1.02,2.6197,-1.40717,1.24276,2,-1.31049,1.20925,1.97874,-2.03852,1.1449,-0.0721038,-2.0065,1.15051,-0.0851451,-2.11961,1.34394,0,-2.19714,1.64255,0.0562313
2.40003,-1.36965,1.04857,2.6326,-1.34365,1.03138,2.61885,-1.4287,1.25628,2,-1.33246,1.22553,1.97932,-2.02977,1.11788,-0.0710532,-1.99807,1.12559,-0.085084,-2.11037,1.31137,0,-2.19686,1.61197,0.0590926
2.41002,-1.38975,1.05954,2.6319,-1.36358,1.04251,2.618,-1.4496,1.26914,2,-1.35442,1.24149,1.97993,-2.02109,1.09121,-0.0699714,-1.98949,1.10019,-0.0843855,-2.10122,1.27928,0,-2.19623,1.58042,0.0624056
2.42001,-1.40985,1.07028,2.63121,-1.38343,1.05338,2.61716,-1.4705,1.28173,2,-1.37638,1.25713,1.98057,-2.01224,1.06411,-0.0688298,-1.98082,1.07438,-0.0832281,-2.09191,1.24673,0,-2.1953,1.548,0.0659817
2.42999,-1.43011,1.08088,2.63052,-1.4032,1.06399,2.61634,-1.49156,1.29414,2,-1.39833,1.27245,1.98124,-2.00315,1.03637,-0.0676196,-1.97208,1.04833,-0.0822583,-2.08235,1.21347,0,-2.19401,1.51489,0.0691745
2.44002,-1.44959,1.09085,2.62987,-1.42288,1.07435,2.61552,-1.51181,1.30581,2,-1.42026,1.28743,1.98195,-1.99422,1.00927,-0.0663993,-1.96322,1.02199,-0.0813401,-2.07298,1.18103,0,-2.19233,1.48106,0.0721073
2.45003,-1.46979,1.10095,2.6292,-1.44246,1.08443,2.61471,-1.53281,1.31763,2,-1.44217,1.30206,1.98269,-1.98478,0.980729,-0.0650763,-1.95424,0.995073,-0.0794832,-2.06308,1.14693,0,-2.19028,1.44616,0.0757374
2.46003,-1.48964,1.11064,2.62856,-1.46196,1.09425,2.61393,-1.55344,1.32896,2,-1.46407,1.31635,1.98346,-1.97533,0.952267,-0.0637207,-1.94517,0.967839,-0.0775606,-2.05318,1.11297,0,-2.18785,1.41052,0.0791988
2.47001,-1.50903,1.11987,2.62794,-1.48137,1.10379,2.61316,-1.57359,1.33974,2,-1.48593,1.33027,1.98427,-1.96591,0.924049,-0.0623434,-1.93606,0.940303,-0.075481,-2.04334,1.07936,0,-2.18506,1.37416,0.0825706
2.48003,-1.52917,1.12921,2.62731,-1.50068,1.11305,2.61242,-1.59452,1.35065,2,-1.50777,1.34383,1.98511,-1.95594,0.894319,-0.0608586,-1.92683,0.912382,-0.0729214,-2.03293,1.044,0,-2.18187,1.33697,0.0861568
2.48999,-1.54802,1.13771,2.62672,-1.5199,1.12204,2.6117,-1.61412,1.36057,2,-1.52957,1.35701,1.98599,-1.94643,0.866077,-0.0594184,-1.91754,0.884217,-0.0704724,-2.02301,1.01046,0,-2.17826,1.29914,0.0893727
2.49998,-1.56757,1.14628,2.62613,-1.53903,1.13074,2.61101,-1.63444,1.37057,2,-1.55133,1.36981,1.9869,-1.93638,0.836398,-0.0578756,-1.90813,0.855672,-0.0676697,-2.01254,0.975263,0,-2.1742,1.26053,0.0926599
2.50997,-1.58686,1.15449,2.62556,-1.55807,1.13915,2.61035,-1.65449,1.38014,2,-1.57305,1.38222,1.98784,-1.92628,0.806698,-0.0563038,-1.89865,0.826892,-0.0649972,-2.00203,0.94009,0,-2.16971,1.22132,0.0955419
2.52003,-1.60609,1.16241,2.62501,-1.577,1.14727,2.60971,-1.67447,1.38937,2,-1.59472,1.39423,1.98881,-1.91603,0.776702,-0.0546897,-1.8891,0.797823,-0.0621186,-1.99136,0.904612,0,-2.16479,1.18145,0.0983365
2.53001,-1.6256,1.17019,2.62446,-1.59585,1.1551,2.6091,-1.69475,1.39842,2,-1.61634,1.40585,1.98981,-1.90542,0.74585,-0.0530037,-1.8794,0.768424,-0.0588555,-1.98035,0.868169,0,-2.15938,1.14087,0.101208
2.53998,-1.64404,1.17728,2.62395,-1.61459,1.16264,2.60853,-1.71391,1.40667,2,-1.63791,1.41705,1.99083,-1.89522,0.716326,-0.0513674,-1.86965,0.738893,-0.0558897,-1.96977,0.833338,0,-2.15353,1.09986,0.103494
2.55005,-1.6634,1.18446,2.62343,-1.63324,1.16988,2.60799,-1.73404,1.41502,2,-1.65941,1.42784,1.99188,-1.88431,0.684916,-0.0496037,-1.85984,0.709096,-0.0527319,-1.95847,0.796323,0,-2.14724,1.05824,0.105661
2.56003,-1.68213,1.19114,2.62295,-1.65179,1.17682,2.60747,-1.75351,1.42278,2,-1.68085,1.43821,1.99294,-1.87356,0.654152,-0.0478552,-1.84998,0.679151,-0.049687,-1.94734,0.760113,0,-2.14051,1.01619,0.107413
2.56998,-1.7004,1.19738,2.62249,-1.67024,1.18346,2.60699,-1.7725,1.43004,2,-1.70222,1.44816,1.99402,-1.86289,0.623784,-0.04611,-1.84008,0.648986,-0.0465834,-1.93631,0.724406,0,-2.13336,0.973633,0.108912
2.58001,-1.71915,1.20352,2.62203,-1.68859,1.1898,2.60654,-1.79199,1.43717,2,-1.72352,1.45769,1.99512,-1.85175,0.592239,-0.0442786,-1.8301,0.618638,-0.0434524,-1.92479,0.687352,0,-2.12574,0.930626,0.110127
2.58998,-1.73742,1.20923,2.6216,-1.70684,1.19584,2.60612,-1.81097,1.44379,2,-1.74473,1.46678,1.99622,-1.8407,0.561153,-0.0424567,-1.82001,0.588197,-0.0405654,-1.91339,0.650874,0,-2.11762,0.887303,0.110799
2.59998,-1.75578,1.21468,2.62119,-1.72499,1.20157,2.60573,-1.83006,1.45011,2,-1.76587,1.47543,1.99733,-1.82939,0.529538,-0.0405878,-1.80985,0.557694,-0.0379736,-1.90173,0.613809,0,-2.10904,0.843717,0.110879
2.61004,-1.77436,1.21991,2.62078,-1.74304,1.20699,2.60536,-1.84937,1.45617,2,-1.78691,1.48365,1.99844,-1.81775,0.49718,-0.0386594,-1.79956,0.526976,-0.0351741,-1.88973,0.575906,0,-2.09995,0.799676,0.110849
2.62008,-1.79262,1.22476,2.6204,-1.76098,1.21211,2.60502,-1.86836,1.46179,2,-1.80787,1.49142,1.99955,-1.80611,0.46502,-0.0367287,-1.78918,0.496149,-0.0324601,-1.87774,0.538266,0,-2.09038,0.755337,0.110431
2.63002,-1.81047,1.22922,2.62005,-1.77882,1.21691,2.60471,-1.88691,1.46694,2,-1.82872,1.49875,2.00065,-1.79453,0.433241,-0.0348081,-1.77867,0.465167,-0.0297085,-1.86583,0.501102,0,-2.08031,0.710657,0.109747
2.64008,-1.82833,1.23338,2.61971,-1.79656,1.22141,2.60443,-1.90549,1.47176,2,-1.84947,1.50564,2.00174,-1.78274,0.401093,-0.0328536,-1.76809,0.433978,-0.0268287,-1.85371,0.463533,0,-2.06977,0.665591,0.108887
2.65007,-1.84618,1.23725,2.61939,-1.81418,1.22559,2.60418,-1.92405,1.47622,2,-1.87011,1.51207,2.00282,-1.77076,0.368632,-0.0308693,-1.75746,0.402729,-0.0242222,-1.8414,0.425623,0,-2.05881,0.620355,0.107479
2.66003,-1.86387,1.24078,2.61909,-1.8317,1.22946,2.60395,-1.94244,1.4803,2,-1.89064,1.51804,2.00389,-1.75868,0.336134,-0.028873,-1.7467,0.371327,-0.021602,-1.829,0.387695,0,-2.04735,0.574834,0.1058
2.67006,-1.88135,1.24397,2.61881,-1.84912,1.23302,2.60374,-1.96062,1.48398,2,-1.91106,1.52356,2.00494,-1.74654,0.303692,-0.0268713,-1.73584,0.339759,-0.0188621,-1.81654,0.349852,0,-2.03542,0.529018,0.103956
2.68007,-1.89898,1.24688,2.61855,-1.86642,1.23626,2.60357,-1.97897,1.48733,2,-1.93135,1.52862,2.00597,-1.73407,0.270628,-0.0248236,-1.72488,0.308067,-0.0160742,-1.80376,0.311305,0,-2.02301,0.482974,0.101889
2.69002,-1.91599,1.24939,2.61832,-1.88361,1.23918,2.60342,-1.99665,1.49021,2,-1.95152,1.53322,2.00698,-1.72185,0.23844,-0.0228234,-1.71381,0.276249,-0.0132951,-1.79124,0.273797,0,-2.01013,0.436722,0.099552
2.70002,-1.933,1.25159,2.6181,-1.9007,1.24178,2.6033,-2.01435,1.49273,2,-1.97155,1.53736,2.00796,-1.70943,0.205942,-0.0207982,-1.70256,0.244338,-0.0105323,-1.77852,0.235943,0,-1.99672,0.390312,0.0969508
2.70998,-1.95001,1.25348,2.6179,-1.91766,1.24407,2.60321,-2.03205,1.4949,2,-1.99145,1.54103,2.00891,-1.69679,0.173138,-0.018749,-1.69115,0.212295,-0.0076603,-1.76559,0.197747,0,-1.9828,0.343703,0.0942122
2.71997,-1.96698,1.25506,2.61773,-1.93452,1.24603,2.60315,-2.04971,1.49669,2,-2.01121,1.54423,2.00984,-1.68397,0.140099,-0.0166812,-1.67964,0.180194,-0.00486364,-1.75247,0.15929,0,-1.96843,0.297006,0.0911754
2.72998,-1.98382,1.2563,2.61757,-1.95126,1.24767,2.60311,-2.06724,1.4981,2,-2.03082,1.54697,2.01074,-1.67104,0.107036,-0.0146087,-1.66804,0.148079,-0.00223534,-1.73925,0.120816,0,-1.95365,0.250292,0.0877669
2.74,-2.00032,1.25719,2.61743,-1.96788,1.24899,2.6031,-2.08441,1.49911,2,-2.05028,1.54924,2.0116,-1.65816,0.0743566,-0.0125581,-1.65631,0.115801,0.00065129,-1.72608,0.0827975,0,-1.93839,0.203368,0.0843956
2.75002,-2.01705,1.25778,2.61732,-1.98438,1.24999,2.60312,-2.10182,1.49975,2,-2.06958,1.55103,2.01242,-1.64487,0.0409272,-0.010459,-1.64444,0.083473,0.0035521,-1.71251,0.0439125,0,-1.92268,0.156395,0.0808489
2.75998,-2.03316,1.25802,2.61723,-2.00077,1.25066,2.60317,-2.1186,1.5,2,-2.08873,1.55236,2.01321,-1.63187,0.00845632,-0.00841966,-1.63246,0.0511708,0.00625008,-1.69923,0.00614715,0,-1.90654,0.10949,0.0769405
2.77003,-2.05029,1.25793,2.61715,-2.01703,1.25101,2.60325,-2.13644,1.49985,2,-2.10771,1.55322,2.01396,-1.6178,-0.0263587,-0.00623351,-1.62039,0.018816,0.00900917,-1.68487,-0.0343414,0,-1.89001,0.0625537,0.0729305
2.77999,-2.06566,1.25753,2.6171,-2.03317,1.25104,2.60335,-2.15245,1.49934,2,-2.12653,1.55362,2.01467,-1.60498,-0.0578348,-0.00425822,-1.6082,-0.0136314,0.0119849,-1.67178,-0.0709459,0,-1.87305,0.0155371,0.0689783
2.79004,-2.08172,1.25678,2.61707,-2.0492,1.25074,2.60349,-2.16917,1.49844,2,-2.14517,1.55354,2.01534,-1.59135,-0.0909887,-0.00217973,-1.59588,-0.0460623,0.014942,-1.65789,-0.109502,0,-1.85568,-0.0314031,0.0648838
2.79999,-2.09738,1.25572,2.61705,-2.06509,1.25011,2.60365,-2.18549,1.49717,2,-2.16364,1.55299,2.01597,-1.57785,-0.123574,-0.000139786,-1.58347,-0.0784434,0.0177322,-1.64412,-0.147401,0,-1.83793,-0.0782016,0.0605275
2.80997,-2.11308,1.25432,2.61706,-2.08086,1.24917,2.60384,-2.20186,1.4955,2,-2.18193,1.55197,2.01655,-1.56408,-0.156501,0.00191773,-1.57091,-0.110858,0.020616,-1.63008,-0.1857,0,-1.81977,-0.12497,0.056165
2.82003,-2.1287,1.25258,2.61709,-2.09651,1.2479,2.60406,-2.21814,1.49345,2,-2.20004,1.55049,2.01709,-1.55017,-0.189482,0.0039739,-1.55823,-0.143225,0.0234194,-1.6159,-0.224069,0,-1.80122,-0.171595,0.0516518
2.82999,-2.14412,1.25052,2.61714,-2.11203,1.2463,2.60431,-2.23422,1.49102,2,-2.21795,1.54854,2.01758,-1.53619,-0.222294,0.00601405,-1.54556,-0.175173,0.025094,-1.60166,-0.26225,0,-1.78252,-0.217553,0.0460426
2.84004,-2.15976,1.24808,2.61721,-2.12742,1.24439,2.60456,-2.25052,1.48814,2,-2.23569,1.54614,2.01801,-1.52179,-0.255791,0.00809009,-1.53284,-0.206886,0.0262013,-1.58698,-0.301238,0,-1.76357,-0.263105,0.0398665
2.85001,-2.17453,1.24543,2.6173,-2.14269,1.24217,2.60483,-2.26593,1.48502,2,-2.25322,1.54328,2.01837,-1.50795,-0.287677,0.0100592,-1.52003,-0.238584,0.0272924,-1.57288,-0.338364,0,-1.7443,-0.308527,0.0336521
2.85999,-2.18978,1.24234,2.61742,-2.15782,1.23962,2.60511,-2.28184,1.48138,2,-2.27057,1.53997,2.01868,-1.49344,-0.320802,0.0120965,-1.50712,-0.270152,0.028109,-1.5581,-0.376945,0,-1.72475,-0.353656,0.0271827
2.86996,-2.20432,1.23905,2.61754,-2.17283,1.23676,2.60539,-2.297,1.47752,2,-2.28772,1.53621,2.01892,-1.47937,-0.352589,0.0140427,-1.49403,-0.301812,0.0292129,-1.54377,-0.413983,0,-1.7048,-0.398781,0.020992
2.88003,-2.21941,1.23526,2.6177,-2.1877,1.23359,2.60569,-2.31275,1.47307,2,-2.30467,1.53199,2.0191,-1.46452,-0.385809,0.0160664,-1.48082,-0.33342,0.0301841,-1.52864,-0.452709,0,-1.68455,-0.443691,0.0147111
2.89002,-2.23386,1.23128,2.61787,-2.20244,1.2301,2.606,-2.32784,1.4684,2,-2.32141,1.52734,2.01921,-1.45006,-0.417819,0.0180054,-1.46754,-0.364731,0.030462,-1.51392,-0.490043,0,-1.66412,-0.488066,0.00784108
2.90002,-2.24834,1.22692,2.61806,-2.21705,1.22629,2.6063,-2.34296,1.46329,2,-2.33795,1.52223,2.01926,-1.43533,-0.450099,0.0199489,-1.45408,-0.395946,0.0306523,-1.49891,-0.527713,0,-1.64337,-0.532175,0.000957166
2.91001,-2.26253,1.22229,2.61827,-2.23152,1.22218,2.60661,-2.35777,1.45786,2,-2.35427,1.51669,2.01923,-1.42066,-0.481906,0.0218512,-1.44043,-0.427182,0.0311591,-1.48397,-0.564854,0,-1.62224,-0.576173,-0.00555039
2.91998,-2.27647,1.21738,2.61849,-2.24586,1.21775,2.60693,-2.37234,1.45211,2,-2.37039,1.51071,2.01915,-1.406,-0.513355,0.0237187,-1.42657,-0.458489,0.0321922,-1.46904,-0.6016,0,-1.60074,-0.62013,-0.0114704
2.93001,-2.29088,1.21192,2.61874,-2.26005,1.21301,2.60726,-2.3874,1.44571,2,-2.38629,1.50429,2.01901,-1.39059,-0.546051,0.0256449,-1.41243,-0.48993,0.0340385,-1.45334,-0.639831,0,-1.5788,-0.664127,-0.0165174
2.94002,-2.30453,1.20638,2.61901,-2.27411,1.20795,2.6076,-2.40167,1.43922,2,-2.40197,1.49743,2.01881,-1.37574,-0.5772,0.0274642,-1.39822,-0.520893,0.0349825,-1.43822,-0.676279,0,-1.55675,-0.707337,-0.0222572
2.94998,-2.31801,1.20054,2.61929,-2.28802,1.20259,2.60796,-2.41576,1.43238,2,-2.41742,1.49014,2.01856,-1.36083,-0.608121,0.0292539,-1.38376,-0.551718,0.0360704,-1.42303,-0.712489,0,-1.53436,-0.750211,-0.0277043
2.95999,-2.33167,1.19424,2.61959,-2.30178,1.19692,2.60832,-2.43005,1.425,2,-2.43265,1.48243,2.01826,-1.34547,-0.639621,0.0310592,-1.36909,-0.582289,0.0368374,-1.40738,-0.749409,0,-1.51174,-0.792568,-0.0332715
2.96998,-2.34495,1.18774,2.61991,-2.3154,1.19094,2.60869,-2.44394,1.41738,2,-2.44766,1.47429,2.0179,-1.33029,-0.67039,0.0328039,-1.35416,-0.612666,0.0376115,-1.3919,-0.785504,0,-1.4888,-0.834492,-0.0386374
2.97999,-2.35838,1.18077,2.62025,-2.32887,1.18467,2.60908,-2.45799,1.40922,2,-2.46243,1.46574,2.01749,-1.31465,-0.701693,0.0345583,-1.33882,-0.643428,0.0399815,-1.37597,-0.822259,0,-1.4653,-0.876726,-0.0423082
2.99005,-2.37144,1.17361,2.6206,-2.34217,1.17808,2.6095,-2.47166,1.40082,2,-2.47696,1.45676,2.01706,-1.2992,-0.732268,0.0362508,-1.32301,-0.674744,0.0444137,-1.36021,-0.858195,0,-1.44114,-0.919469,-0.0438292
3,-2.38416,1.16625,2.62097,-2.35533,1.17118,2.60994,-2.48498,1.3922,2,-2.49125,1.44736,2.01659,-1.28388,-0.762191,0.0378853,-1.30733,-0.705289,0.0468407,-1.34459,-0.8934,0,-1.41726,-0.960944,-0.0469739
3.01004,-2.39712,1.15835,2.62136,-2.36831,1.16395,2.61048,-2.49856,1.38294,2,-2.50529,1.43752,2.01616,-1.268,-0.792829,0.0395352,-1.28965,-0.740189,0.0628679,-1.32839,-0.929486,0,-1.39029,-1.00785,-0.0371432
3.01997,-2.40947,1.15044,2.62176,-2.38112,1.15638,2.61119,-2.5115,1.37366,2,-2.51906,1.42721,2.01584,-1.25261,-0.822149,0.0410899,-1.2717,-0.775034,0.079347,-1.31268,-0.964057,0,-1.36302,-1.05442,-0.0265903
3.02999,-2.42217,1.1419,2.62218,-2.39375,1.14846,2.61206,-2.52481,1.36364,2,-2.53256,1.41644,2.01563,-1.2365,-0.852445,0.04267,-1.25415,-0.808202,0.0914291,-1.29623,-0.999821,0,-1.3365,-1.09856,-0.0198642
3.04,-2.43443,1.13324,2.62262,-2.40621,1.14023,2.61296,-2.53766,1.35349,2,-2.5458,1.40527,2.01539,-1.22066,-0.881811,0.0441743,-1.23864,-0.83597,0.0877752,-1.28006,-1.03453,0,-1.31329,-1.13555,-0.0276527
3.04999,-2.44637,1.12442,2.62306,-2.41852,1.13174,2.61382,-2.55019,1.34314,2,-2.55882,1.39373,2.01508,-1.20498,-0.910521,0.0456173,-1.22288,-0.863664,0.0845854,-1.26404,-1.0685,0,-1.28985,-1.17226,-0.0347516
3.06002,-2.45866,1.11492,2.62354,-2.43067,1.12297,2.61464,-2.56308,1.33199,2,-2.5716,1.38183,2.01469,-1.18854,-0.940197,0.0470781,-1.20742,-0.889913,0.0779124,-1.24724,-1.10367,0,-1.26703,-1.20696,-0.0448801
3.06999,-2.47025,1.10555,2.624,-2.44267,1.11395,2.61535,-2.57525,1.32099,2,-2.58417,1.3696,2.01415,-1.17275,-0.968297,0.0484307,-1.19293,-0.913522,0.0636744,-1.23109,-1.13701,0,-1.24581,-1.2381,-0.061902
3.08003,-2.48192,1.0957,2.6245,-2.45453,1.10469,2.61593,-2.5875,1.30942,2,-2.59652,1.35706,2.01346,-1.15656,-0.996697,0.0497655,-1.1779,-0.93774,0.0521562,-1.21454,-1.17075,0,-1.2239,-1.26976,-0.0760844
3.09013,-2.4935,1.08551,2.625,-2.46623,1.09519,2.6164,-2.59967,1.29744,2,-2.60864,1.3442,2.01264,-1.14021,-1.02498,0.0510607,-1.16243,-0.962557,0.0430208,-1.19779,-1.20441,0,-1.20144,-1.30191,-0.0877407
3.1,-2.50468,1.07525,2.62551,-2.47777,1.08544,2.6168,-2.61141,1.28539,2,-2.62054,1.33102,2.01171,-1.12413,-1.05237,0.05228,-1.14654,-0.987967,0.0362822,-1.18133,-1.23705,0,-1.17843,-1.33452,-0.0968449
3.11,-2.51585,1.06458,2.62604,-2.48916,1.07543,2.61713,-2.62315,1.27284,2,-2.63221,1.31751,2.01071,-1.10776,-1.07984,0.0534664,-1.13023,-1.01386,0.0316495,-1.16456,-1.26983,0,-1.15494,-1.36742,-0.103661
3.12002,-2.52684,1.05365,2.62658,-2.50038,1.06516,2.61743,-2.6347,1.25999,2,-2.64364,1.30367,2.00965,-1.09136,-1.10694,0.0545986,-1.11357,-1.04006,0.0286387,-1.14775,-1.30222,0,-1.13106,-1.4004,-0.108645
3.13003,-2.53788,1.04222,2.62715,-2.51143,1.05463,2.61771,-2.64632,1.24654,2,-2.65483,1.2895,2.00854,-1.07456,-1.13428,0.0556998,-1.09654,-1.06643,0.0269374,-1.13051,-1.33495,0,-1.1068,-1.43327,-0.112089
3.13999,-2.54828,1.03104,2.62769,-2.52231,1.04383,2.61798,-2.65726,1.23338,2,-2.66578,1.27501,2.00741,-1.05844,-1.16009,0.0566991,-1.07929,-1.09289,0.0262439,-1.11397,-1.36589,0,-1.08234,-1.46592,-0.11428
3.15002,-2.55882,1.01927,2.62827,-2.53301,1.03277,2.61824,-2.66836,1.21952,2,-2.67648,1.26019,2.00626,-1.04179,-1.18632,0.0576723,-1.06187,-1.11939,0.0263088,-1.09687,-1.3974,0,-1.05774,-1.49826,-0.115452
3.16,-2.56929,1.00711,2.62886,-2.54354,1.02144,2.61851,-2.67938,1.2052,2,-2.68693,1.24504,2.0051,-1.02491,-1.21247,0.0585967,-1.04426,-1.14586,0.026906,-1.07953,-1.42885,0,-1.03301,-1.5302,-0.115826
3.17002,-2.57939,0.994935,2.62944,-2.5539,1.00985,2.61878,-2.69003,1.19084,2,-2.69714,1.22958,2.00395,-1.0083,-1.23776,0.0594451,-1.0265,-1.17225,0.0278899,-1.06245,-1.45934,0,-1.0082,-1.56168,-0.115547
3.18001,-2.58933,0.982513,2.63004,-2.56407,0.998,2.61906,-2.7005,1.17619,2,-2.70709,1.21381,2.00279,-0.99165,-1.2627,0.0602341,-1.00862,-1.19844,0.0291486,-1.04531,-1.48944,0,-0.98335,-1.59254,-0.114727
3.19,-2.59912,0.969815,2.63064,-2.57407,0.985886,2.61936,-2.71082,1.16121,2,-2.7168,1.19774,2.00165,-0.974904,-1.28733,0.0609646,-0.990649,-1.2244,0.0305995,-1.02806,-1.51924,0,-0.958467,-1.62274,-0.113451
3.20002,-2.60883,0.956756,2.63126,-2.58389,0.973512,2.61968,-2.72107,1.14579,2,-2.72626,1.18136,2.00053,-0.957956,-1.31182,0.0616392,-0.972642,-1.25016,0.0321833,-1.0106,-1.54891,0,-0.933632,-1.65229,-0.111783
3.21018,-2.61866,0.943053,2.6319,-2.59352,0.960883,2.62001,-2.73143,1.12961,2,-2.73548,1.16469,1.99942,-0.940451,-1.33665,0.0622671,-0.954578,-1.27568,0.0338221,-0.992544,-1.57905,0,-0.908833,-1.68115,-0.109803
3.22003,-2.62764,0.930064,2.6325,-2.60298,0.948,2.62035,-2.74091,1.11426,2,-2.74444,1.14774,1.99833,-0.924104,-1.3594,0.0627898,-0.936503,-1.30095,0.0354822,-0.975671,-1.60672,0,-0.884099,-1.70929,-0.107559
3.22999,-2.63686,0.916247,2.63314,-2.61225,0.934865,2.62072,-2.75066,1.09793,2,-2.75316,1.13051,1.99727,-0.906961,-1.38282,0.0632715,-0.918479,-1.32603,0.0371033,-0.957962,-1.63526,0,-0.859494,-1.73676,-0.105116
3.23999,-2.64573,0.902485,2.63376,-2.62135,0.92148,2.62109,-2.76003,1.08165,2,-2.76163,1.11301,1.99623,-0.890123,-1.40537,0.0636779,-0.900518,-1.35092,0.0386741,-0.940555,-1.6628,0,-0.835011,-1.76353,-0.1025
3.25002,-2.65462,0.888203,2.63441,-2.63026,0.907847,2.62149,-2.76942,1.06475,2,-2.76986,1.09524,1.99522,-0.872883,-1.42801,0.0640252,-0.882643,-1.37561,0.0401818,-0.922717,-1.69049,0,-0.810677,-1.78961,-0.0997363
3.26003,-2.66337,0.873634,2.63506,-2.639,0.893968,2.6219,-2.77867,1.04749,2,-2.77784,1.07722,1.99423,-0.855529,-1.45034,0.064304,-0.864894,-1.40005,0.0415825,-0.904746,-1.71786,0,-0.786543,-1.81495,-0.0968826
3.26998,-2.67169,0.859276,2.63569,-2.64756,0.879847,2.62232,-2.78747,1.03048,2,-2.78559,1.05894,1.99328,-0.83864,-1.47162,0.0645069,-0.847316,-1.42427,0.0428929,-0.887241,-1.744,0,-0.76262,-1.83959,-0.0939388
3.28003,-2.68008,0.844299,2.63634,-2.65595,0.865484,2.62276,-2.79635,1.01273,2,-2.7931,1.04043,1.99236,-0.821237,-1.49309,0.0646451,-0.829938,-1.44827,0.0441392,-0.869188,-1.77043,0,-0.738931,-1.86351,-0.0908951
3.29002,-2.68814,0.829388,2.63698,-2.66416,0.850876,2.62322,-2.80488,0.995044,2,-2.80036,1.02167,1.99148,-0.804116,-1.51376,0.0647106,-0.811111,-1.47475,0.0553937,-0.851411,-1.79592,0,-0.713286,-1.88938,-0.077795
3.3,-2.69607,0.814191,2.63763,-2.67215,0.835957,2.624,-2.81328,0.977009,2,-2.80733,1.00261,1.99094,-0.786864,-1.53413,0.0647057,-0.786587,-1.50894,0.102104,-0.833483,-1.82109,0,-0.680337,-1.92368,-0.0297607
3.31005,-2.70405,0.798347,2.63829,-2.67988,0.82071,2.62529,-2.82174,0.958196,2,-2.81397,0.983194,1.99091,-0.76908,-1.55465,0.0646261,-0.759955,-1.53962,0.158558,-0.814984,-1.8465,0,-0.645847,-1.9591,0.0269981
3.31997,-2.71141,0.783212,2.63892,-2.68734,0.805184,2.62722,-2.82954,0.940215,2,-2.82024,0.963418,1.99152,-0.752272,-1.57359,0.0644812,-0.729942,-1.56449,0.229529,-0.797486,-1.87001,0,-0.609014,-1.99661,0.0966873
3.33004,-2.71909,0.766857,2.63958,-2.69447,0.789449,2.62994,-2.83768,0.920773,2,-2.82614,0.943255,1.99289,-0.734298,-1.59338,0.0642513,-0.695854,-1.58091,0.316483,-0.778755,-1.89462,0,-0.569706,-2.03634,0.180451
3.33997,-2.72611,0.751367,2.6402,-2.70124,0.773603,2.63361,-2.84512,0.90235,2,-2.83163,0.922684,1.99518,-0.717446,-1.61147,0.0639655,-0.65699,-1.58619,0.421148,-0.761178,-1.91717,0,-0.527644,-2.07825,0.279829
3.35,-2.73322,0.735094,2.64084,-2.70763,0.757763,2.63825,-2.85267,0.882985,2,-2.83672,0.90172,1.99838,-0.699911,-1.62985,0.0635959,-0.622815,-1.58055,0.496021,-0.74287,-1.94012,0,-0.491967,-2.11187,0.350087
3.36004,-2.74028,0.718342,2.64149,-2.71372,0.742001,2.64341,-2.86017,0.863038,2,-2.84149,0.880477,2.00207,-0.682031,-1.6481,0.0631436,-0.596565,-1.57197,0.533511,-0.724185,-1.96296,0,-0.463786,-2.13612,0.38525
3.36997,-2.74685,0.702203,2.6421,-2.71957,0.726309,2.64886,-2.86714,0.843811,2,-2.846,0.859013,2.00604,-0.664962,-1.66507,0.0626408,-0.575496,-1.56746,0.552636,-0.706331,-1.98425,0,-0.43912,-2.15573,0.404374
3.38004,-2.75366,0.6848,2.64275,-2.72525,0.710633,2.6544,-2.87438,0.823066,2,-2.85029,0.837377,2.0101,-0.646718,-1.68272,0.0620271,-0.559327,-1.56853,0.554247,-0.687229,-2.00643,0,-0.41777,-2.17111,0.408237
3.38998,-2.7598,0.668538,2.64334,-2.73077,0.694931,2.65992,-2.8809,0.80367,2,-2.85436,0.815598,2.01418,-0.629815,-1.69862,0.0613886,-0.5458,-1.57199,0.548518,-0.669515,-2.02646,0,-0.39789,-2.18425,0.405798
3.39999,-2.76601,0.651469,2.64396,-2.73617,0.679193,2.66535,-2.88751,0.783301,2,-2.85825,0.793698,2.0182,-0.612217,-1.71471,0.0606528,-0.53388,-1.57575,0.537049,-0.651054,-2.04677,0,-0.379268,-2.1955,0.398225
3.40996,-2.77206,0.634219,2.64456,-2.74145,0.663415,2.67066,-2.89393,0.762705,2,-2.86195,0.771692,2.02214,-0.594573,-1.73038,0.059843,-0.522558,-1.57988,0.522988,-0.632527,-2.06659,0,-0.361322,-2.20537,0.388596
3.41998,-2.77792,0.616819,2.64515,-2.74662,0.647592,2.6758,-2.90017,0.741918,2,-2.86548,0.749595,2.02596,-0.57691,-1.74559,0.0589605,-0.511976,-1.58475,0.504959,-0.613964,-2.08587,0,-0.344274,-2.21374,0.375555
3.43007,-2.78385,0.598504,2.64576,-2.75169,0.631717,2.68074,-2.90649,0.720027,2,-2.86884,0.727422,2.02964,-0.55846,-1.76099,0.0579629,-0.50222,-1.59054,0.482925,-0.594554,-2.10542,0,-0.328157,-2.22074,0.358973
3.43999,-2.78914,0.581505,2.64632,-2.75667,0.615778,2.68546,-2.91212,0.699699,2,-2.87204,0.705183,2.03315,-0.541458,-1.77471,0.0569758,-0.492768,-1.59751,0.460686,-0.576651,-2.12289,0,-0.312308,-2.22696,0.342497
3.45005,-2.79454,0.563417,2.64689,-2.76155,0.599763,2.68995,-2.91788,0.678055,2,-2.87509,0.682886,2.03649,-0.523488,-1.78875,0.0558628,-0.483515,-1.60558,0.438204,-0.557711,-2.1408,0,-0.296749,-2.23241,0.32602
3.45999,-2.79961,0.545744,2.64743,-2.76634,0.583662,2.69423,-2.92327,0.656899,2,-2.87798,0.660537,2.03967,-0.506047,-1.80192,0.054715,-0.474296,-1.61477,0.416144,-0.539313,-2.15762,0,-0.28138,-2.23713,0.310147
3.47,-2.80458,0.527675,2.64797,-2.77103,0.567464,2.69828,-2.92857,0.635258,2,-2.88071,0.638146,2.04269,-0.488327,-1.81483,0.0534817,-0.465034,-1.62495,0.394562,-0.520602,-2.17414,0,-0.266207,-2.24102,0.294876
3.47999,-2.80942,0.509278,2.64851,-2.77564,0.55116,2.70212,-2.93373,0.613213,2,-2.8833,0.61572,2.04557,-0.470395,-1.82741,0.0521662,-0.455619,-1.63605,0.373423,-0.501651,-2.19029,0,-0.251218,-2.24407,0.280116
3.49002,-2.81401,0.491049,2.64902,-2.78014,0.534741,2.70575,-2.93863,0.591359,2,-2.88574,0.593267,2.0483,-0.452731,-1.83934,0.0508052,-0.445959,-1.64799,0.352811,-0.482967,-2.20562,0,-0.236409,-2.24627,0.265896
3.5,-2.81848,0.472474,2.64952,-2.78455,0.518197,2.70918,-2.94339,0.56908,2,-2.88803,0.570797,2.05089,-0.434834,-1.85095,0.0493617,-0.436029,-1.66084,0.332648,-0.46402,-2.22057,0,-0.221838,-2.24775,0.252084
3.50998,-2.8227,0.454085,2.65001,-2.78886,0.501521,2.7124,-2.9479,0.547013,2,-2.89018,0.548315,2.05334,-0.417209,-1.86192,0.0478782,-0.425768,-1.67445,0.312988,-0.445345,-2.23472,0,-0.207517,-2.24845,0.238684
3.52003,-2.82681,0.435293,2.65048,-2.79307,0.484706,2.71544,-2.95228,0.524454,2,-2.89218,0.52583,2.05566,-0.399291,-1.87261,0.0463088,-0.415101,-1.68872,0.293766,-0.426344,-2.24853,0,-0.193435,-2.24836,0.225584
3.53002,-2.83072,0.416476,2.65094,-2.79716,0.467745,2.71828,-2.95646,0.501855,2,-2.89405,0.50335,2.05785,-0.381437,-1.88278,0.0446851,-0.403977,-1.70362,0.274968,-0.407396,-2.26169,0,-0.179605,-2.24756,0.212728
3.53998,-2.83439,0.397871,2.65137,-2.80115,0.450632,2.72094,-2.96039,0.479501,2,-2.89577,0.480881,2.05992,-0.363866,-1.89233,0.0430307,-0.39236,-1.71914,0.256641,-0.388734,-2.27407,0,-0.166043,-2.24615,0.200127
3.55005,-2.83803,0.378389,2.6518,-2.80501,0.433361,2.72342,-2.96428,0.456085,2,-2.89737,0.458429,2.06186,-0.345549,-1.9018,0.0412484,-0.380232,-1.73511,0.238701,-0.369265,-2.28637,0,-0.152774,-2.24406,0.18766
3.55997,-2.84131,0.35988,2.65219,-2.80875,0.415928,2.72571,-2.96777,0.433829,2,-2.89883,0.436002,2.06367,-0.32822,-1.9103,0.0395099,-0.36753,-1.75139,0.221212,-0.350832,-2.29743,0,-0.139766,-2.24126,0.175368
3.57002,-2.84453,0.340557,2.65258,-2.81236,0.398332,2.72784,-2.97122,0.410585,2,-2.90017,0.413606,2.06536,-0.310199,-1.91868,0.0376504,-0.354276,-1.76792,0.204144,-0.33165,-2.30834,0,-0.127069,-2.23782,0.163196
3.57998,-2.84756,0.321189,2.65295,-2.81583,0.380569,2.7298,-2.97446,0.38728,2,-2.90137,0.391248,2.06694,-0.292206,-1.92656,0.0357433,-0.340436,-1.78467,0.187523,-0.312484,-2.31863,0,-0.114672,-2.23381,0.151153
3.59001,-2.85037,0.302082,2.6533,-2.81917,0.362638,2.73159,-2.97746,0.36428,2,-2.90246,0.368932,2.06839,-0.274516,-1.93385,0.0338217,-0.326026,-1.80158,0.171362,-0.29363,-2.32815,0,-0.1026,-2.2293,0.139242
3.60002,-2.85304,0.282568,2.65363,-2.82235,0.344538,2.73323,-2.98032,0.340785,2,-2.90343,0.346664,2.06972,-0.256511,-1.9408,0.0318205,-0.311038,-1.81845,0.155615,-0.274428,-2.33724,0,-0.090848,-2.22421,0.12741
3.60998,-2.85551,0.26316,2.65393,-2.82538,0.326269,2.73471,-2.98297,0.317408,2,-2.90428,0.324449,2.07094,-0.238658,-1.94723,0.0297937,-0.295424,-1.83517,0.140298,-0.255376,-2.34565,0,-0.0793662,-2.21854,0.115669
3.62005,-2.85781,0.243646,2.65422,-2.82826,0.307835,2.73603,-2.98543,0.293898,2,-2.90501,0.302294,2.07203,-0.220759,-1.9532,0.0277219,-0.279178,-1.85173,0.125415,-0.236266,-2.35348,0,-0.0681393,-2.21238,0.104029
3.63003,-2.85994,0.223964,2.65449,-2.83097,0.289235,2.73722,-2.98771,0.27018,2,-2.90564,0.280203,2.07302,-0.202754,-1.95873,0.0256002,-0.262349,-1.86812,0.11098,-0.217033,-2.36075,0,-0.0572048,-2.20584,0.0925082
3.64001,-2.86186,0.204578,2.65473,-2.8335,0.270473,2.73826,-2.98976,0.246812,2,-2.90616,0.258179,2.07388,-0.185063,-1.96371,0.0234813,-0.24496,-1.88428,0.0969588,-0.198126,-2.36729,0,-0.0465587,-2.19898,0.081085
3.65004,-2.86364,0.184644,2.65496,-2.83586,0.251551,2.73916,-2.99167,0.222779,2,-2.90657,0.236224,2.07464,-0.166912,-1.96835,0.0212752,-0.226998,-1.90011,0.0833488,-0.178719,-2.37338,0,-0.0361596,-2.19178,0.0697694
3.65999,-2.8652,0.165294,2.65516,-2.83804,0.232473,2.73992,-2.99333,0.199445,2,-2.90688,0.214344,2.07528,-0.149329,-1.97238,0.0191097,-0.20846,-1.91535,0.0701535,-0.159912,-2.37869,0,-0.0259734,-2.18413,0.0585828
3.67003,-2.86663,0.145047,2.65534,-2.84003,0.213246,2.74056,-2.99487,0.175026,2,-2.90709,0.192543,2.07581,-0.130963,-1.97611,0.0168211,-0.189433,-1.93004,0.0573679,-0.14026,-2.38361,0,-0.0160514,-2.17612,0.0475402
3.68001,-2.86786,0.125181,2.6555,-2.84183,0.193874,2.74107,-2.99618,0.151061,2,-2.90721,0.170823,2.07623,-0.11297,-1.9793,0.0145557,-0.169912,-1.9441,0.0449915,-0.121003,-2.3878,0,-0.00634789,-2.16778,0.0366627
3.68998,-2.86887,0.105971,2.65563,-2.84343,0.174366,2.74146,-2.99727,0.127885,2,-2.90722,0.149189,2.07655,-0.0955961,-1.98192,0.012349,-0.149907,-1.95742,0.033004,-0.102401,-2.39126,0,0.0031695,-2.15908,0.0259534
3.69998,-2.86974,0.0860808,2.65574,-2.84482,0.154728,2.74173,-2.9982,0.103885,2,-2.90714,0.127642,2.07675,-0.0776262,-1.98418,0.0100499,-0.129488,-1.97007,0.0213911,-0.083158,-2.39424,0,0.0124802,-2.15017,0.0154225
3.71,-2.87043,0.0659081,2.65583,-2.84602,0.134967,2.74189,-2.99894,0.0795422,2,-2.90697,0.106186,2.07685,-0.0594183,-1.98598,0.00770635,-0.108663,-1.982,0.0101551,-0.0636561,-2.39662,0,0.0216326,-2.14109,0.00509729
3.72006,-2.87094,0.0460372,2.6559,-2.847,0.115091,2.74194,-2.99949,0.0555619,2,-2.90671,0.0848213,2.07685,-0.0414958,-1.98729,0.00538881,-0.0874675,-1.99309,-0.000688138,-0.0444571,-2.39835,0,0.0306393,-2.13177,-0.00498047
3.73001,-2.87126,0.0263387,2.65594,-2.84776,0.0951085,2.74188,-2.99983,0.0317883,2,-2.90636,0.0635514,2.07676,-0.0237374,-1.98813,0.00308518,-0.0658942,-2.00322,-0.0111704,-0.0254321,-2.39946,0,0.0395602,-2.12217,-0.014817
3.74002,-2.87141,0.00655716,2.65596,-2.84831,0.0750293,2.74172,-2.99999,0.00791392,2,-2.90592,0.0423783,2.07656,-0.0059092,-1.98852,0.000768317,-0.0440307,-2.01248,-0.0213135,-0.00633116,-2.39997,0,0.0483665,-2.11243,-0.0244092
3.74998,-2.87138,-0.0131302,2.65596,-2.84864,0.054862,2.74145,-2.99996,-0.015847,2,-2.90539,0.0213033,2.07627,0.0118329,-1.98844,-0.0015384,-0.0219421,-2.0208,-0.0311161,0.0126778,-2.39987,0,0.0570537,-2.10254,-0.0337316
3.75998,-2.87117,-0.0331792,2.65593,-2.84875,0.0346164,2.7411,-2.99973,-0.0400441,2,-2.90478,0.000327826,2.07589,0.0299034,-1.98789,-0.00388568,0.000340212,-2.02818,-0.0405702,0.0320381,-2.39914,0,0.0656483,-2.09254,-0.0427531
3.77005,-2.87077,-0.0534078,2.65588,-2.84864,0.0143021,2.74064,-2.99931,-0.0644569,2,-2.90408,-0.0205468,2.07541,0.0481424,-1.98686,-0.00624931,0.0227707,-2.0345,-0.0496803,0.0515774,-2.39778,0,0.0741618,-2.08237,-0.0514561
3.77998,-2.87021,-0.0730818,2.6558,-2.8483,-0.00607034,2.7401,-2.9987,-0.088199,2,-2.9033,-0.0413192,2.07486,0.0658915,-1.9854,-0.00854096,0.0453255,-2.03981,-0.0584682,0.0705898,-2.39585,0,0.0826258,-2.07209,-0.0598418
3.78999,-2.86947,-0.0927835,2.65571,-2.84773,-0.0264908,2.73948,-2.99791,-0.111973,2,-2.90243,-0.0619884,2.07422,0.0836796,-1.98347,-0.0108261,0.0679993,-2.04414,-0.0669517,0.0896407,-2.3933,0,0.0910892,-2.06177,-0.0679092
3.79997,-2.86855,-0.112437,2.65559,-2.84694,-0.0469499,2.73876,-2.99692,-0.135686,2,-2.90147,-0.0825547,2.0735,0.101442,-1.98109,-0.0130934,0.0907517,-2.04752,-0.0751555,0.10866,-2.39016,0,0.0995701,-2.05148,-0.0756666
3.81,-2.86744,-0.132374,2.65545,-2.84591,-0.0674383,2.73797,-2.99573,-0.159738,2,-2.90044,-0.103018,2.07271,0.119482,-1.9782,-0.015378,0.113517,-2.04998,-0.0830522,0.127973,-2.38635,0,0.108062,-2.04125,-0.0830716
3.82002,-2.86614,-0.152291,2.65528,-2.84467,-0.0879461,2.7371,-2.99435,-0.183763,2,-2.89931,-0.12338,2.07184,0.13753,-1.97484,-0.0176423,0.13629,-2.05142,-0.0906617,0.147288,-2.38192,0,0.116614,-2.03102,-0.0901317
3.83002,-2.86467,-0.172089,2.65509,-2.84319,-0.108463,2.73616,-2.99277,-0.20764,2,-2.8981,-0.143639,2.0709,0.1555,-1.97102,-0.0198727,0.159015,-2.05178,-0.0979956,0.166513,-2.37689,0,0.125226,-2.02074,-0.0968474
3.83997,-2.86303,-0.191698,2.65488,-2.84149,-0.128978,2.73515,-2.99102,-0.231285,2,-2.89681,-0.163795,2.0699,0.173331,-1.96676,-0.0220589,0.181658,-2.05108,-0.105034,0.185583,-2.3713,0,0.133909,-2.01044,-0.10319
3.84997,-2.86124,-0.211014,2.65466,-2.83956,-0.149481,2.73406,-2.9891,-0.254571,2,-2.89543,-0.183848,2.06884,0.190932,-1.96211,-0.0241878,0.204171,-2.04941,-0.111792,0.204399,-2.36518,0,0.142667,-2.00021,-0.109169
3.86,-2.85922,-0.230786,2.6544,-2.8374,-0.169963,2.73291,-2.98694,-0.278402,2,-2.89395,-0.203799,2.06772,0.20899,-1.95687,-0.0263391,0.226525,-2.04681,-0.118274,0.223695,-2.3583,0,0.151517,-1.99008,-0.114783
3.87012,-2.85699,-0.250825,2.65412,-2.83503,-0.190414,2.7317,-2.98455,-0.302548,2,-2.89239,-0.223649,2.06655,0.227338,-1.95106,-0.0284879,0.248713,-2.04323,-0.124499,0.243292,-2.35067,0,0.160501,-1.98001,-0.120049
3.87998,-2.85468,-0.269836,2.65383,-2.83243,-0.210824,2.73042,-2.98208,-0.325451,2,-2.89074,-0.243399,2.06532,0.244793,-1.94507,-0.0304949,0.270679,-2.03865,-0.130466,0.261925,-2.34283,0,0.169602,-1.96999,-0.124966
3.89,-2.85216,-0.289124,2.65352,-2.82961,-0.231184,2.72909,-2.97938,-0.348679,2,-2.889,-0.26305,2.06405,0.262554,-1.93852,-0.0324971,0.292473,-2.03318,-0.136162,0.280874,-2.33426,0,0.178905,-1.9601,-0.129522
3.9,-2.84945,-0.308477,2.65318,-2.82658,-0.251485,2.7277,-2.97648,-0.37198,2,-2.88717,-0.282602,2.06273,0.280431,-1.93147,-0.0344692,0.314019,-2.02683,-0.141589,0.299935,-2.32503,0,0.188375,-1.95035,-0.13372
3.91003,-2.84646,-0.32834,2.65282,-2.82333,-0.271718,2.72626,-2.97329,-0.395886,2,-2.88523,-0.302057,2.06138,0.298841,-1.92371,-0.0364523,0.335299,-2.01962,-0.146778,0.319554,-2.3149,0,0.198031,-1.94074,-0.137597
3.92004,-2.84344,-0.347238,2.65245,-2.81988,-0.291874,2.72476,-2.97005,-0.418623,2,-2.8832,-0.321417,2.05998,0.316422,-1.91584,-0.0382984,0.356325,-2.01151,-0.151728,0.338275,-2.30464,0,0.207918,-1.93122,-0.141159
3.93001,-2.84007,-0.367014,2.65204,-2.81621,-0.311945,2.72322,-2.96645,-0.442408,2,-2.88107,-0.340682,2.05855,0.334891,-1.90708,-0.040185,0.377056,-2.00258,-0.156427,0.357929,-2.29324,0,0.218017,-1.92185,-0.144396
3.93999,-2.83676,-0.385316,2.65165,-2.81234,-0.331923,2.72164,-2.96292,-0.464412,2,-2.87884,-0.359854,2.0571,0.352053,-1.89849,-0.0418878,0.397484,-1.99283,-0.16088,0.376179,-2.28207,0,0.22835,-1.91262,-0.147325
3.94999,-2.8332,-0.404007,2.65123,-2.80826,-0.351799,2.72001,-2.95911,-0.486875,2,-2.87651,-0.378935,2.05561,0.369653,-1.88923,-0.0435816,0.417627,-1.98227,-0.16509,0.394882,-2.27006,0,0.238956,-1.90349,-0.149955
3.96001,-2.82938,-0.423024,2.65078,-2.80398,-0.371566,2.71834,-2.95503,-0.50972,2,-2.87406,-0.397924,2.0541,0.38764,-1.8793,-0.0452559,0.437492,-1.97087,-0.169051,0.413982,-2.25718,0,0.249866,-1.89443,-0.152289
3.97001,-2.8254,-0.44183,2.65032,-2.79951,-0.391214,2.71663,-2.95078,-0.532303,2,-2.87151,-0.416824,2.05256,0.405514,-1.86895,-0.0468607,0.457096,-1.95868,-0.172761,0.432945,-2.2438,0,0.261116,-1.88545,-0.154337
3.98,-2.82125,-0.460472,2.64984,-2.79484,-0.410737,2.71488,-2.94636,-0.554679,2,-2.86884,-0.435634,2.05101,0.42332,-1.85817,-0.0483995,0.476417,-1.94569,-0.176224,0.451822,-2.22988,0,0.2727,-1.87654,-0.156111
3.99004,-2.81688,-0.479211,2.64934,-2.78998,-0.430126,2.7131,-2.94169,-0.577161,2,-2.86605,-0.454355,2.04944,0.441313,-1.8468,-0.0498917,0.495441,-1.93198,-0.179439,0.470881,-2.21523,0,0.284616,-1.86772,-0.15762
4,-2.81242,-0.497457,2.64884,-2.78493,-0.449374,2.71129,-2.93693,-0.599043,2,-2.86315,-0.472988,2.04786,0.45893,-1.83521,-0.05129,0.514142,-1.91752,-0.182409,0.489526,-2.2003,0,0.296851,-1.85892,-0.158878
4.00999,-2.80778,-0.515612,2.64833,-2.7797,-0.468474,2.70946,-2.93198,-0.620804,2,-2.86011,-0.491534,2.04627,0.476556,-1.82314,-0.0526258,0.532507,-1.90244,-0.185139,0.508165,-2.18481,0,0.309398,-1.85027,-0.159901
4.01998,-2.80295,-0.533687,2.6478,-2.77429,-0.487421,2.70759,-2.92683,-0.642459,2,-2.85696,-0.509994,2.04466,0.49421,-1.81059,-0.0538986,0.550584,-1.88682,-0.187636,0.526816,-2.16872,0,0.322313,-1.84179,-0.160703
4.03005,-2.79777,-0.552264,2.64723,-2.76869,-0.506208,2.7057,-2.92131,-0.664705,2,-2.85367,-0.52837,2.04305,0.512469,-1.79712,-0.0551452,0.568361,-1.87063,-0.189909,0.546089,-2.15149,0,0.335587,-1.83343,-0.161303
4.04002,-2.79264,-0.569873,2.64669,-2.76292,-0.524831,2.70379,-2.91585,-0.685782,2,-2.85024,-0.546663,2.04144,0.529888,-1.78381,-0.0562674,0.585831,-1.8539,-0.191958,0.564459,-2.13449,0,0.349218,-1.82518,-0.16171
4.04999,-2.78733,-0.587392,2.64613,-2.75698,-0.543285,2.70186,-2.91019,-0.706739,2,-2.84668,-0.564874,2.03982,0.547333,-1.77002,-0.0573242,0.603002,-1.83663,-0.193771,0.582839,-2.11692,0,0.363213,-1.81701,-0.16192
4.05998,-2.78174,-0.605115,2.64555,-2.75086,-0.561562,2.69992,-2.90424,-0.72793,2,-2.84298,-0.583003,2.0382,0.565104,-1.7555,-0.0583311,0.619895,-1.81874,-0.195363,0.601546,-2.09845,0,0.377584,-1.80881,-0.161953
4.07,-2.77603,-0.62251,2.64496,-2.74458,-0.579658,2.69796,-2.89816,-0.748718,2,-2.83913,-0.60105,2.03658,0.582672,-1.74068,-0.0592563,0.636491,-1.80032,-0.196737,0.620022,-2.07964,0,0.392314,-1.80063,-0.16182
4.08,-2.76993,-0.640364,2.64435,-2.73813,-0.597567,2.69599,-2.89167,-0.770043,2,-2.83513,-0.619016,2.03496,0.600842,-1.72487,-0.060139,0.652805,-1.78143,-0.197889,0.639112,-2.05961,0,0.407409,-1.79249,-0.161521
4.09,-2.76392,-0.657283,2.64375,-2.73152,-0.615285,2.694,-2.88529,-0.79024,2,-2.83098,-0.6369,2.03335,0.618195,-1.7093,-0.0609109,0.668891,-1.76205,-0.198832,0.657327,-2.03993,0,0.422912,-1.78434,-0.161072
4.09998,-2.75777,-0.673991,2.64315,-2.72475,-0.632806,2.69201,-2.87874,-0.810175,2,-2.82667,-0.654702,2.03174,0.635468,-1.69335,-0.0616096,0.684734,-1.74218,-0.199568,0.67544,-2.01982,0,0.438796,-1.77614,-0.16048
4.11006,-2.75115,-0.691307,2.64251,-2.71783,-0.650127,2.69001,-2.8717,-0.830823,2,-2.8222,-0.672423,2.03014,0.65352,-1.6762,-0.0622651,0.700318,-1.7219,-0.200079,0.694353,-1.99823,0,0.455035,-1.76794,-0.159726
4.12,-2.7447,-0.707542,2.6419,-2.71075,-0.667242,2.68801,-2.86486,-0.850172,2,-2.81757,-0.690061,2.02855,0.670592,-1.65952,-0.0628142,0.715669,-1.70113,-0.200379,0.712221,-1.97728,0,0.471646,-1.75961,-0.158829
4.13003,-2.73779,-0.724335,2.64126,-2.70352,-0.684148,2.686,-2.85752,-0.870175,2,-2.81277,-0.707614,2.02697,0.688408,-1.64164,-0.0633136,0.730817,-1.67987,-0.200474,0.730852,-1.95488,0,0.488642,-1.75113,-0.15779
4.13999,-2.73087,-0.74053,2.64063,-2.69613,-0.700838,2.684,-2.85018,-0.889455,2,-2.8078,-0.725083,2.02539,0.705749,-1.62378,-0.0637271,0.745764,-1.65815,-0.200375,0.748968,-1.93254,0,0.506007,-1.74247,-0.156622
4.15001,-2.72377,-0.756577,2.63999,-2.6886,-0.717309,2.682,-2.84264,-0.908547,2,-2.80265,-0.742463,2.02383,0.723096,-1.60545,-0.0640689,0.760516,-1.63602,-0.200081,0.767072,-1.90967,0,0.523732,-1.73366,-0.155319
4.15999,-2.71643,-0.772587,2.63935,-2.68092,-0.733557,2.68,-2.83486,-0.927586,2,-2.79732,-0.759755,2.02229,0.740575,-1.58652,-0.0643404,0.775077,-1.61353,-0.199598,0.785298,-1.88609,0,0.541803,-1.72471,-0.153886
4.16998,-2.70901,-0.78822,2.63871,-2.6731,-0.749579,2.67801,-2.82698,-0.946165,2,-2.79181,-0.776957,2.02076,0.757814,-1.56739,-0.0645365,0.789494,-1.59064,-0.198953,0.803258,-1.86231,0,0.560248,-1.71554,-0.152345
4.18007,-2.70122,-0.804034,2.63806,-2.66513,-0.765369,2.67602,-2.81873,-0.96495,2,-2.78611,-0.794065,2.01924,0.775441,-1.54736,-0.0646633,0.803796,-1.56733,-0.198161,0.821603,-1.83747,0,0.579083,-1.7061,-0.150706
4.19009,-2.69325,-0.819662,2.6374,-2.65703,-0.780924,2.67404,-2.81029,-0.983503,2,-2.78023,-0.811078,2.01774,0.793053,-1.52687,-0.0647157,0.817966,-1.5437,-0.197216,0.839916,-1.81212,0,0.598269,-1.69644,-0.148957
4.2,-2.68548,-0.83437,2.63677,-2.64878,-0.796242,2.67208,-2.80206,-1.00095,2,-2.77415,-0.827993,2.01626,0.809815,-1.50693,-0.0646966,0.831999,-1.5198,-0.196106,0.85733,-1.78749,0,0.617777,-1.68657,-0.147078
4.21011,-2.67703,-0.849814,2.6361,-2.64039,-0.811319,2.67012,-2.79311,-1.01927,2,-2.76787,-0.844809,2.0148,0.827621,-1.48527,-0.0646028,0.8459,-1.4956,-0.194847,0.875812,-1.76079,0,0.637593,-1.67646,-0.145081
4.22,-2.66893,-0.864103,2.63548,-2.63186,-0.826153,2.66818,-2.78455,-1.0362,2,-2.76139,-0.861521,2.01336,0.844294,-1.46455,-0.0644465,0.859735,-1.47111,-0.193449,0.893103,-1.73531,0,0.65777,-1.66603,-0.142968
4.23004,-2.66026,-0.878875,2.63482,-2.62319,-0.84074,2.66625,-2.77538,-1.0537,2,-2.75471,-0.878128,2.01194,0.861746,-1.4424,-0.0642123,0.873509,-1.44632,-0.191897,0.911185,-1.70812,0,0.678288,-1.6553,-0.140715
4.23999,-2.65161,-0.893105,2.63419,-2.61439,-0.855079,2.66434,-2.76623,-1.07055,2,-2.74783,-0.894626,2.01055,0.878775,-1.42033,-0.0639144,0.887194,-1.42128,-0.190193,0.928815,-1.68109,0,0.699097,-1.64424,-0.138316
4.24998,-2.64285,-0.907015,2.63356,-2.60545,-0.869165,2.66245,-2.75698,-1.08701,2,-2.74073,-0.911012,2.00918,0.895641,-1.39803,-0.063552,0.900823,-1.39598,-0.188369,0.946261,-1.65383,0,0.720215,-1.63283,-0.135797
4.26,-2.63361,-0.921177,2.63291,-2.59637,-0.882998,2.66058,-2.74722,-1.10376,2,-2.73342,-0.927282,2.00783,0.913049,-1.37455,-0.0631083,0.91437,-1.37048,-0.186414,0.964253,-1.62518,0,0.741593,-1.62108,-0.133136
4.26999,-2.62455,-0.934581,2.63229,-2.58716,-0.896574,2.65872,-2.73765,-1.1196,2,-2.7259,-0.943432,2.00651,0.929762,-1.35157,-0.0626159,0.927858,-1.34473,-0.184341,0.981513,-1.59719,0,0.763233,-1.60892,-0.130341
4.27999,-2.61517,-0.947978,2.63167,-2.57781,-0.909892,2.65689,-2.72775,-1.13543,2,-2.71816,-0.959459,2.00522,0.946711,-1.32782,-0.0620506,0.941337,-1.31873,-0.182156,0.999002,-1.56833,0,0.785163,-1.59632,-0.127408
4.28999,-2.60565,-0.961086,2.63105,-2.56833,-0.922948,2.65508,-2.71771,-1.15091,2,-2.71019,-0.975357,2.00397,0.963546,-1.30379,-0.0614239,0.954784,-1.29247,-0.179859,1.01636,-1.53918,0,0.807338,-1.58325,-0.12433
4.30001,-2.59584,-0.974125,2.63044,-2.55872,-0.93574,2.65329,-2.70736,-1.1663,2,-2.70201,-0.991122,2.00274,0.980558,-1.27906,-0.060725,0.968219,-1.26597,-0.177474,1.03389,-1.50923,0,0.829759,-1.56968,-0.121122
4.31,-2.58589,-0.986865,2.62983,-2.54897,-0.948266,2.65153,-2.69687,-1.18132,2,-2.6936,-1.00675,2.00154,0.997452,-1.25406,-0.0599663,0.981677,-1.23923,-0.175027,1.05128,-1.479,0,0.852439,-1.55559,-0.117806
4.32,-2.57588,-0.999226,2.62924,-2.53908,-0.960524,2.64979,-2.68632,-1.1959,2,-2.68496,-1.02223,2.00038,1.01412,-1.22895,-0.0591548,0.995165,-1.2123,-0.172513,1.06843,-1.44871,0,0.875362,-1.54101,-0.114368
4.33,-2.56564,-1.0114,2.62865,-2.52907,-0.972512,2.64808,-2.67554,-1.21025,2,-2.67609,-1.03757,1.99926,1.03083,-1.20334,-0.0582794,1.00866,-1.18532,-0.169911,1.08562,-1.41787,0,0.898479,-1.52603,-0.110783
4.33996,-2.55541,-1.02313,2.62808,-2.51891,-0.98423,2.64639,-2.66477,-1.22406,2,-2.66699,-1.05275,1.99817,1.04721,-1.17783,-0.0573619,1.02219,-1.15822,-0.167246,1.10244,-1.38719,0,0.92181,-1.51056,-0.107071
4.34999,-2.54481,-1.03482,2.62751,-2.50862,-0.995676,2.64473,-2.65362,-1.23782,2,-2.65765,-1.06778,1.99712,1.06385,-1.15148,-0.0563701,1.03574,-1.13092,-0.164513,1.11952,-1.35556,0,0.945311,-1.49451,-0.103223
4.35998,-2.53386,-1.04644,2.62694,-2.4982,-1.00685,2.6431,-2.6421,-1.2515,2,-2.64808,-1.08264,1.9961,1.08071,-1.12433,-0.0553037,1.04932,-1.10353,-0.161717,1.13683,-1.32302,0,0.968984,-1.47796,-0.0992442
4.36999,-2.52321,-1.05731,2.6264,-2.48764,-1.01775,2.6415,-2.63088,-1.2643,2,-2.63827,-1.09733,1.99513,1.09682,-1.09798,-0.0542283,1.06295,-1.07594,-0.158871,1.15334,-1.2915,0,0.992819,-1.46078,-0.0951417
4.38,-2.5121,-1.06821,2.62586,-2.47694,-1.02837,2.63993,-2.61921,-1.27711,2,-2.62822,-1.11185,1.9942,1.11329,-1.07061,-0.053072,1.07663,-1.04822,-0.155978,1.17023,-1.25881,0,1.0168,-1.44301,-0.0909169
4.39006,-2.50072,-1.07893,2.62533,-2.4661,-1.03871,2.63838,-2.60725,-1.28972,2,-2.61794,-1.12619,1.99331,1.12986,-1.04265,-0.0518514,1.09037,-1.02044,-0.153027,1.1872,-1.22546,0,1.0409,-1.4247,-0.0865604
4.39998,-2.48955,-1.08903,2.62483,-2.45513,-1.04878,2.63687,-2.59551,-1.30159,2,-2.60741,-1.14035,1.99247,1.14582,-1.01532,-0.0506222,1.10413,-0.992531,-0.150027,1.20354,-1.1929,0,1.06509,-1.40576,-0.0820812
4.41008,-2.47749,-1.09949,2.62431,-2.44402,-1.05856,2.63538,-2.58285,-1.31387,2,-2.59663,-1.15431,1.99167,1.16274,-0.985903,-0.0492622,1.11795,-0.964512,-0.146995,1.22086,-1.15792,0,1.08937,-1.38619,-0.0774981
4.42001,-2.46622,-1.10885,2.62384,-2.43277,-1.06806,2.63393,-2.57102,-1.32486,2,-2.58562,-1.16807,1.99092,1.17826,-0.958527,-0.0479639,1.13185,-0.936346,-0.14394,1.23673,-1.12541,0,1.11374,-1.36594,-0.0728225
4.42998,-2.45435,-1.1183,2.62337,-2.42138,-1.07729,2.6325,-2.55856,-1.33595,2,-2.57436,-1.18162,1.99022,1.19433,-0.929787,-0.0465693,1.1458,-0.908082,-0.140842,1.25316,-1.09133,0,1.13815,-1.34505,-0.0680371
4.44002,-2.44228,-1.12748,2.62291,-2.40985,-1.08623,2.63111,-2.5459,-1.34673,2,-2.56286,-1.19497,1.98956,1.21037,-0.900689,-0.0451263,1.15983,-0.879672,-0.137722,1.26955,-1.05686,0,1.16262,-1.32345,-0.0631689
4.45,-2.43022,-1.13626,2.62247,-2.39819,-1.09488,2.62975,-2.53325,-1.35703,2,-2.55111,-1.20809,1.98895,1.22613,-0.871714,-0.0436602,1.17392,-0.851116,-0.134579,1.28565,-1.02259,0,1.1871,-1.30111,-0.0582234
4.45996,-2.41785,-1.14485,2.62204,-2.38638,-1.10325,2.62842,-2.52028,-1.36711,2,-2.53911,-1.22099,1.9884,1.24201,-0.842123,-0.0421348,1.18808,-0.822486,-0.131423,1.30186,-0.987631,0,1.21159,-1.27811,-0.0532173
4.47002,-2.40524,-1.15319,2.62162,-2.37442,-1.11133,2.62712,-2.50706,-1.37689,2,-2.52688,-1.23365,1.98789,1.25791,-0.812094,-0.0405595,1.2023,-0.79376,-0.12825,1.31809,-0.952197,0,1.23607,-1.2544,-0.0481562
4.48019,-2.39198,-1.16153,2.6212,-2.36233,-1.11912,2.62585,-2.49318,-1.38666,2,-2.51439,-1.24607,1.98743,1.27433,-0.780678,-0.0388838,1.21657,-0.764982,-0.125044,1.33484,-0.915169,0,1.26049,-1.23002,-0.0430326
4.48999,-2.37993,-1.16874,2.62084,-2.35009,-1.12663,2.62462,-2.48056,-1.39511,2,-2.50167,-1.25825,1.98703,1.289,-0.752235,-0.0373439,1.23088,-0.73611,-0.121814,1.34981,-0.881682,0,1.28484,-1.20493,-0.0378633
4.49999,-2.3669,-1.17614,2.62048,-2.33771,-1.13384,2.62342,-2.46691,-1.40379,2,-2.4887,-1.27017,1.98668,1.3046,-0.721627,-0.0356642,1.24525,-0.707118,-0.118572,1.36572,-0.845683,0,1.30911,-1.17908,-0.0326699
4.51,-2.35368,-1.18326,2.62013,-2.32519,-1.14077,2.62225,-2.45307,-1.41213,2,-2.47548,-1.28183,1.98638,1.32016,-0.690715,-0.0339454,1.2597,-0.677994,-0.115328,1.38158,-0.809364,0,1.3333,-1.15245,-0.0274762
4.51999,-2.34052,-1.18995,2.6198,-2.31252,-1.1474,2.62111,-2.43931,-1.41997,2,-2.46203,-1.29321,1.98613,1.33537,-0.660125,-0.032224,1.27423,-0.648764,-0.112073,1.39709,-0.773458,0,1.35742,-1.12508,-0.0222868
4.52999,-2.3266,-1.19663,2.61947,-2.2997,-1.15375,2.62001,-2.42474,-1.42779,2,-2.44834,-1.30432,1.98593,1.3512,-0.627904,-0.0303899,1.28882,-0.619483,-0.108806,1.41322,-0.735672,0,1.38142,-1.097,-0.0171122
4.54007,-2.31329,-1.20263,2.61919,-2.28674,-1.15979,2.61893,-2.41082,-1.43482,2,-2.4344,-1.31515,1.98578,1.36608,-0.597265,-0.0286275,1.30345,-0.590172,-0.105522,1.42838,-0.699773,0,1.40526,-1.06823,-0.0119605
4.55002,-2.29957,-1.20843,2.61891,-2.27363,-1.16555,2.6179,-2.39648,-1.44163,2,-2.42023,-1.32569,1.98569,1.38116,-0.56586,-0.0268038,1.31815,-0.560842,-0.102212,1.44374,-0.663007,0,1.42894,-1.0388,-0.00683649
4.56003,-2.28551,-1.214,2.61865,-2.26038,-1.17101,2.61689,-2.38179,-1.44815,2,-2.40582,-1.33592,1.98565,1.39636,-0.533845,-0.0249277,1.33288,-0.531372,-0.0988881,1.45922,-0.625555,0,1.45243,-1.00857,-0.00176529
4.56999,-2.27187,-1.21904,2.61841,-2.24698,-1.17618,2.61592,-2.36754,-1.45405,2,-2.39118,-1.34586,1.98565,1.41086,-0.502963,-0.0231032,1.34766,-0.5018,-0.095552,1.47399,-0.589456,0,1.47574,-0.977587,0.00323506
4.58004,-2.25735,-1.22402,2.61819,-2.23342,-1.18105,2.61498,-2.35237,-1.45989,2,-2.37631,-1.35547,1.98571,1.42604,-0.470276,-0.0211572,1.36249,-0.472108,-0.0922009,1.48945,-0.551271,0,1.49884,-0.945841,0.00815462
4.58998,-2.24343,-1.22844,2.61799,-2.21973,-1.18562,2.61407,-2.33782,-1.46507,2,-2.36121,-1.36477,1.98582,1.44036,-0.439115,-0.019289,1.37735,-0.442308,-0.0888298,1.50404,-0.514893,0,1.5217,-0.91334,0.0129814
4.59998,-2.2288,-1.23271,2.61781,-2.20588,-1.18989,2.6132,-2.32256,-1.47008,2,-2.34588,-1.37374,1.98597,1.45515,-0.40659,-0.0173265,1.39224,-0.412359,-0.0854617,1.5191,-0.476944,0,1.54432,-0.880053,0.0176784
4.61001,-2.21385,-1.2367,2.61764,-2.19188,-1.19386,2.61236,-2.30695,-1.47476,2,-2.33032,-1.38237,1.98617,1.47002,-0.373551,-0.0153209,1.40714,-0.382335,-0.0820689,1.53424,-0.438417,0,1.56666,-0.846055,0.0222572
4.61998,-2.19957,-1.24016,2.6175,-2.17773,-1.19754,2.61156,-2.29205,-1.47882,2,-2.31454,-1.39066,1.98642,1.48399,-0.34219,-0.013407,1.42204,-0.352202,-0.0786696,1.54847,-0.401864,0,1.58872,-0.811321,0.0266851
4.63,-2.18455,-1.24344,2.61737,-2.16344,-1.20091,2.61079,-2.27637,-1.48268,2,-2.29855,-1.39859,1.9867,1.49845,-0.309403,-0.0113964,1.43697,-0.321988,-0.0752647,1.5632,-0.363666,0,1.61048,-0.77589,0.0309486
4.64,-2.16955,-1.24636,2.61727,-2.149,-1.20398,2.61006,-2.26073,-1.48611,2,-2.28234,-1.40617,1.98703,1.51265,-0.276897,-0.0093943,1.4519,-0.291707,-0.0718455,1.57767,-0.325811,0,1.63194,-0.73978,0.0350392
4.65,-2.15415,-1.249,2.61719,-2.1344,-1.20674,2.60935,-2.24467,-1.48922,2,-2.26591,-1.41339,1.9874,1.52699,-0.243743,-0.0073442,1.46687,-0.261472,-0.0683985,1.59228,-0.287214,0,1.65312,-0.703115,0.0389567
4.66006,-2.13874,-1.25128,2.61712,-2.11966,-1.20921,2.60869,-2.2286,-1.49191,2,-2.24927,-1.42023,1.98781,1.5411,-0.210807,-0.00530051,1.48186,-0.231169,-0.0649413,1.60666,-0.248883,0,1.67399,-0.665798,0.0426716
4.67004,-2.1231,-1.25324,2.61708,-2.10476,-1.21137,2.60806,-2.21229,-1.49423,2,-2.23243,-1.4267,1.98826,1.55519,-0.177617,-0.00323482,1.49684,-0.200744,-0.0614715,1.62101,-0.210265,0,1.69452,-0.627789,0.0461755
4.67998,-2.10773,-1.25483,2.61706,-2.08972,-1.21322,2.60746,-2.19628,-1.49612,2,-2.21539,-1.43279,1.98873,1.5688,-0.145255,-0.00121544,1.51181,-0.170233,-0.0579953,1.63489,-0.172618,0,1.71471,-0.589138,0.0494514
4.68999,-2.0922,-1.2561,2.61706,-2.07453,-1.21477,2.6069,-2.1801,-1.49763,2,-2.19814,-1.43848,1.98924,1.58234,-0.112776,0.000815418,1.52679,-0.139689,-0.0545098,1.64869,-0.134841,0,1.73456,-0.549915,0.0524918
4.69999,-2.07628,-1.25707,2.61707,-2.05919,-1.21601,2.60637,-2.16351,-1.49879,2,-2.1807,-1.44378,1.98978,1.59599,-0.0797362,0.00288488,1.54175,-0.109094,-0.0510035,1.66262,-0.0964159,0,1.75404,-0.510111,0.0552963
4.70998,-2.05983,-1.25771,2.61711,-2.04369,-1.21695,2.60588,-2.14638,-1.49958,2,-2.16306,-1.44868,1.99035,1.60986,-0.0458687,0.00500897,1.55668,-0.0784717,-0.0474763,1.67677,-0.0570301,0,1.77316,-0.469764,0.0578541
4.71997,-2.04403,-1.258,2.61717,-2.02805,-1.21758,2.60542,-2.12992,-1.49995,2,-2.14523,-1.45318,1.99094,1.62297,-0.0135925,0.00703503,1.57155,-0.0478335,-0.0439292,1.69015,-0.019495,0,1.79189,-0.428908,0.0601577
4.72998,-2.02755,-1.25797,2.61726,-2.01226,-1.21791,2.605,-2.11276,-1.49995,2,-2.12722,-1.45726,1.99155,1.63642,0.0197891,0.00913143,1.58638,-0.0171942,-0.0403547,1.70388,0.0193274,0,1.81022,-0.387578,0.0622114
4.73998,-2.01138,-1.25762,2.61736,-1.99633,-1.21793,2.60461,-2.09592,-1.49958,2,-2.10903,-1.46093,1.99218,1.6494,0.0522824,0.0111721,1.60114,0.013505,-0.036773,1.71713,0.0571201,0,1.82815,-0.34573,0.0639876
4.75001,-1.99475,-1.25693,2.61748,-1.98024,-1.21764,2.60426,-2.07862,-1.49881,2,-2.09066,-1.46417,1.99283,1.66253,0.0854113,0.013252,1.61584,0.0442528,-0.0331714,1.73055,0.0956576,0,1.84567,-0.303392,0.0654944
4.75999,-1.97803,-1.25591,2.61762,-1.96401,-1.21704,2.60395,-2.06121,-1.49766,2,-2.07212,-1.46699,1.99349,1.67551,0.118438,0.0153237,1.63044,0.0750449,-0.0295592,1.74382,0.134083,0,1.86278,-0.26059,0.0667195
4.77009,-1.96088,-1.25453,2.61779,-1.94763,-1.21614,2.60367,-2.04337,-1.49609,2,-2.05341,-1.46938,1.99416,1.6886,0.152005,0.0174268,1.64497,0.105865,-0.0259355,1.75721,0.173148,0,1.87948,-0.217355,0.0676624
4.77999,-1.94424,-1.25288,2.61797,-1.93111,-1.21493,2.60343,-2.02605,-1.49421,2,-2.03453,-1.47134,1.99484,1.7011,0.184288,0.019446,1.65944,0.136695,-0.0222965,1.76999,0.210729,0,1.8958,-0.173728,0.0683274
4.79002,-1.92711,-1.25086,2.61817,-1.91444,-1.2134,2.60322,-2.00823,-1.4919,2,-2.01549,-1.47286,1.99553,1.71375,0.217221,0.0215017,1.67379,0.167596,-0.018663,1.78295,0.24908,0,1.91167,-0.129665,0.0686953
4.79999,-1.90999,-1.24854,2.6184,-1.89763,-1.21157,2.60306,-1.99041,-1.48923,2,-1.9963,-1.47393,1.99622,1.72619,0.249833,0.023532,1.68806,0.198497,-0.0150232,1.79569,0.287071,0,1.92715,-0.0852492,0.0687768
4.81,-1.89252,-1.24585,2.61865,-1.88068,-1.20943,2.60292,-1.97224,-1.48614,2,-1.97695,-1.47456,1.9969,1.73866,0.28278,0.025577,1.70227,0.229353,-0.0113721,1.80847,0.32547,0,1.94227,-0.0405446,0.0685802
4.82001,-1.87505,-1.24286,2.61891,-1.86359,-1.20699,2.60283,-1.95407,-1.48269,2,-1.95745,-1.47474,1.99759,1.75093,0.315416,0.0275956,1.71639,0.260195,-0.00771962,1.82105,0.363525,0,1.95699,0.00446287,0.0680997
4.82998,-1.85755,-1.23955,2.6192,-1.84635,-1.20423,2.60277,-1.93587,-1.47888,2,-1.93781,-1.47447,1.99827,1.76301,0.347777,0.0295892,1.73039,0.290983,-0.00404621,1.83345,0.40128,0,1.97131,0.0497147,0.0673611
4.84005,-1.83969,-1.23588,2.61951,-1.82898,-1.20117,2.60275,-1.91729,-1.47464,2,-1.91803,-1.47374,1.99893,1.77514,0.38048,0.0315947,1.74426,0.321729,-0.000362919,1.8459,0.439456,0,1.98522,0.0952039,0.0663611
4.85001,-1.82218,-1.23198,2.61983,-1.81147,-1.1978,2.60276,-1.89909,-1.47014,2,-1.89811,-1.47256,1.99959,1.78682,0.412199,0.0335301,1.75802,0.352438,0.00331921,1.8579,0.476508,0,1.99875,0.14092,0.0650962
4.85999,-1.80373,-1.22757,2.62018,-1.79382,-1.19412,2.60281,-1.8799,-1.46503,2,-1.87806,-1.47093,2.00024,1.79893,0.44528,0.0355371,1.77166,0.383067,0.00700192,1.87035,0.515178,0,2.01189,0.186803,0.0635785
4.87001,-1.78585,-1.223,2.62054,-1.77604,-1.19013,2.6029,-1.86132,-1.45975,2,-1.85787,-1.46883,2.00086,1.81045,0.476987,0.0374487,1.78513,0.413632,0.0106864,1.88221,0.552269,0,2.02462,0.232853,0.0618181
4.88005,-1.76778,-1.2181,2.62093,-1.75812,-1.18585,2.60303,-1.84254,-1.45407,2,-1.83756,-1.46627,2.00147,1.8219,0.508674,0.0393461,1.79844,0.444165,0.0143667,1.894,0.589366,0,2.03694,0.279083,0.0598237
4.89002,-1.74968,-1.2129,2.62132,-1.74007,-1.18125,2.60319,-1.82371,-1.44805,2,-1.81714,-1.46325,2.00206,1.83317,0.540083,0.0412129,1.8116,0.474639,0.0180353,1.90562,0.626168,0,2.04887,0.325451,0.0576012
4.90004,-1.7312,-1.20731,2.62175,-1.72189,-1.17635,2.60339,-1.8045,-1.44157,2,-1.79659,-1.45976,2.00262,1.84448,0.57178,0.0430814,1.8246,0.505032,0.0216891,1.91729,0.66334,0,2.06043,0.371922,0.0551588
4.91002,-1.71252,-1.20138,2.62219,-1.70358,-1.17115,2.60362,-1.78509,-1.43468,2,-1.77593,-1.45581,2.00316,1.85571,0.603441,0.0449311,1.83742,0.535318,0.0253323,1.92889,0.700506,0,2.0716,0.41846,0.0525145
4.92003,-1.69389,-1.19519,2.62265,-1.68514,-1.16565,2.6039,-1.76573,-1.42749,2,-1.75516,-1.45139,2.00367,1.86672,0.634651,0.0467366,1.85005,0.565503,0.0289657,1.94026,0.737179,0,2.08237,0.465051,0.0496863
4.93,-1.67538,-1.18876,2.62312,-1.66658,-1.15984,2.6042,-1.74649,-1.42002,2,-1.73428,-1.44651,2.00415,1.87746,0.665285,0.0484903,1.86252,0.595571,0.0325799,1.95137,0.773212,0,2.09278,0.511665,0.0466837
4.94,-1.65673,-1.18202,2.62361,-1.64789,-1.15374,2.60455,-1.7271,-1.41218,2,-1.7133,-1.44116,2.00461,1.88809,0.695788,0.0502168,1.87477,0.625562,0.0361646,1.96239,0.809131,0,2.10279,0.558327,0.0435138
4.95002,-1.6377,-1.17487,2.62412,-1.62908,-1.14733,2.60493,-1.70732,-1.40387,2,-1.69223,-1.43534,2.00502,1.89875,0.726517,0.0519347,1.88684,0.6554,0.039719,1.97343,0.845356,0,2.11244,0.604951,0.0401926
4.96,-1.61853,-1.1674,2.62466,-1.61015,-1.14063,2.60534,-1.6874,-1.39517,2,-1.67106,-1.42906,2.00541,1.90929,0.757087,0.0536207,1.89871,0.685105,0.0432348,1.98437,0.881438,0,2.12173,0.651545,0.0367295
4.96996,-1.59978,-1.15984,2.62519,-1.59111,-1.13363,2.60579,-1.66791,-1.38637,2,-1.64979,-1.42231,2.00576,1.91941,0.786594,0.0552248,1.91038,0.714639,0.0467163,1.99489,0.916306,0,2.13066,0.698055,0.0331509
4.98001,-1.57998,-1.15159,2.62577,-1.57195,-1.12634,2.60628,-1.64733,-1.37676,2,-1.62844,-1.4151,2.00607,1.92991,0.817345,0.0568703,1.92185,0.74402,0.0501381,2.0058,0.952693,0,2.13923,0.744483,0.0294529
4.99004,-1.56075,-1.14332,2.62634,-1.55267,-1.11875,2.60679,-1.62735,-1.36712,2,-1.60701,-1.40742,2.00635,1.93991,0.846804,0.0584198,1.9331,0.773239,0.0534998,2.01621,0.987598,0,2.14746,0.790813,0.0256525
4.99999,-1.54167,-1.13487,2.62692,-1.53329,-1.11087,2.60734,-1.60751,-1.35726,2,-1.5855,-1.39928,2.00658,1.94966,0.87564,0.0599092,1.94416,0.802285,0.0567992,2.02637,1.02181,0,2.15535,0.837015,0.0217728
5.01001,-1.52178,-1.12581,2.62754,-1.51379,-1.1027,2.60793,-1.58685,-1.34668,2,-1.5639,-1.39068,2.00678,1.95962,0.905272,0.0614095,1.95502,0.831121,0.0600337,2.03677,1.05702,0,2.16291,0.883037,0.0178328
5.01999,-1.50224,-1.11666,2.62815,-1.49419,-1.09425,2.60855,-1.56654,-1.336,2,-1.54224,-1.38162,2.00694,1.96923,0.933978,0.0628317,1.96567,0.859768,0.0631927,2.04681,1.09118,0,2.17014,0.928899,0.0138391
5.03004,-1.48205,-1.10696,2.6288,-1.47448,-1.08551,2.60919,-1.54555,-1.32466,2,-1.5205,-1.3721,2.00706,1.97897,0.963198,0.0642455,1.97611,0.888215,0.0662696,2.05699,1.12601,0,2.17705,0.974569,0.00980932
5.04001,-1.46264,-1.0974,2.62944,-1.45466,-1.07649,2.60987,-1.52538,-1.31348,2,-1.4987,-1.36213,2.00714,1.98815,0.990884,0.0655513,1.98633,0.916453,0.069267,2.06661,1.15906,0,2.18364,1.02003,0.00576864
5.05004,-1.44279,-1.08739,2.6301,-1.43475,-1.06718,2.61058,-1.50474,-1.30177,2,-1.47683,-1.3517,2.00717,1.99736,1.01877,0.0668312,1.99636,0.94445,0.0721863,2.07626,1.1924,0,2.18991,1.06522,0.00174119
5.06,-1.42258,-1.07697,2.63078,-1.41474,-1.0576,2.61131,-1.48373,-1.28956,2,-1.4549,-1.34083,2.00717,2.00655,1.04673,0.0680764,2.00618,0.972169,0.0750239,2.08592,1.22589,0,2.1959,1.11011,-0.00225765
5.07004,-1.40255,-1.0664,2.63146,-1.39463,-1.04774,2.61208,-1.46291,-1.27719,2,-1.43291,-1.3295,2.00713,2.01548,1.07401,0.0692517,2.01581,0.999629,0.077775,2.09531,1.25862,0,2.20161,1.15471,-0.00621326
5.08002,-1.38234,-1.05552,2.63216,-1.37442,-1.03761,2.61287,-1.4419,-1.26443,2,-1.41087,-1.31773,2.00705,2.02431,1.10109,0.070377,2.02524,1.02685,0.0804297,2.10461,1.29116,0,2.20704,1.19901,-0.0101111
5.09001,-1.36185,-1.04427,2.63288,-1.35412,-1.0272,2.61369,-1.4206,-1.25123,2,-1.38877,-1.30552,2.00693,2.03308,1.1281,0.071456,2.03446,1.0538,0.0829828,2.11386,1.32368,0,2.21219,1.24297,-0.0139358
5.1,-1.342,-1.03315,2.63358,-1.33373,-1.01653,2.61453,-1.39996,-1.23818,2,-1.36663,-1.29287,2.00677,2.04141,1.15384,0.0724409,2.04348,1.08049,0.0854352,2.12266,1.35473,0,2.21707,1.28658,-0.0176672
5.11002,-1.32122,-1.02129,2.63432,-1.31325,-1.00559,2.61539,-1.37834,-1.22425,2,-1.34443,-1.27979,2.00657,2.04995,1.18034,0.0734075,2.05229,1.10689,0.0877681,2.13169,1.38676,0,2.22168,1.3298,-0.0213041
5.11998,-1.30088,-1.00948,2.63505,-1.29269,-0.994395,2.61628,-1.35719,-1.21037,2,-1.32219,-1.26628,2.00634,2.05814,1.20583,0.0742886,2.0609,1.13297,0.0899857,2.14036,1.41761,0,2.22604,1.37262,-0.0248264
5.12999,-1.28019,-0.997251,2.6358,-1.27204,-0.982936,2.61719,-1.33568,-1.19599,2,-1.29991,-1.25234,2.00608,2.06628,1.23129,0.0751185,2.06929,1.15876,0.092083,2.149,1.44851,0,2.23015,1.415,-0.0282186
5.13999,-1.25943,-0.984776,2.63656,-1.2513,-0.97122,2.61812,-1.31408,-1.18131,2,-1.27759,-1.23798,2.00578,2.07429,1.2564,0.0758835,2.07749,1.18424,0.0940478,2.15751,1.47903,0,2.23401,1.45695,-0.0314761
5.15004,-1.23837,-0.97192,2.63733,-1.23049,-0.959252,2.61907,-1.29218,-1.16617,2,-1.25523,-1.2232,2.00545,2.08223,1.28138,0.076589,2.0855,1.20939,0.09588,2.16596,1.50948,0,2.23766,1.49842,-0.0345825
5.16,-1.21788,-0.959213,2.63809,-1.20959,-0.947034,2.62004,-1.27086,-1.1512,2,-1.23284,-1.20801,2.00509,2.08979,1.30526,0.0772073,2.09332,1.23423,0.0975805,2.17402,1.53862,0,2.24108,1.53941,-0.0375207
5.16998,-1.19699,-0.946069,2.63886,-1.18862,-0.934569,2.62103,-1.24913,-1.1357,2,-1.21041,-1.19242,2.0047,2.09732,1.32913,0.0777675,2.10095,1.25872,0.0991429,2.18206,1.56783,0,2.24428,1.57987,-0.0402817
5.17999,-1.17588,-0.932601,2.63964,-1.16758,-0.92186,2.62202,-1.22717,-1.11981,2,-1.18796,-1.17642,2.00428,2.10477,1.35278,0.0782608,2.10837,1.28289,0.100566,2.19002,1.59683,0,2.24726,1.61982,-0.0428556
5.18999,-1.15503,-0.919109,2.64042,-1.14646,-0.908912,2.62304,-1.20547,-1.10387,2,-1.16547,-1.16002,2.00384,2.11195,1.37569,0.0786763,2.1156,1.30673,0.101852,2.19772,1.62498,0,2.25004,1.65922,-0.0452289
5.19998,-1.13388,-0.90524,2.64121,-1.12526,-0.895727,2.62406,-1.18346,-1.08749,2,-1.14295,-1.14324,2.00338,2.11908,1.39846,0.0790241,2.12264,1.33022,0.10299,2.20536,1.65302,0,2.25262,1.69806,-0.0473977
5.20997,-1.11231,-0.890912,2.64201,-1.104,-0.882309,2.6251,-1.16101,-1.07054,2,-1.12042,-1.12606,2.0029,2.12617,1.4212,0.0793019,2.12948,1.35338,0.103981,2.21299,1.68109,0,2.255,1.73633,-0.0493542
5.21997,-1.09139,-0.876845,2.64279,-1.08268,-0.86866,2.62614,-1.13924,-1.0539,2,-1.09786,-1.10851,2.00239,2.13289,1.44279,0.0794969,2.13612,1.3762,0.104824,2.22022,1.70781,0,2.25719,1.774,-0.0510899
5.23002,-1.06965,-0.86205,2.6436,-1.06128,-0.854786,2.62719,-1.11661,-1.03638,2,-1.07527,-1.09059,2.00187,2.1397,1.46475,0.0796213,2.14258,1.39865,0.105517,2.22756,1.73503,0,2.2592,1.81103,-0.0525969
5.23997,-1.04859,-0.847552,2.64438,-1.03982,-0.840689,2.62825,-1.09468,-1.0192,2,-1.05267,-1.07229,2.00134,2.14614,1.48555,0.0796656,2.14886,1.42071,0.106064,2.23452,1.76089,0,2.26103,1.84739,-0.0538693
5.24999,-1.02706,-0.832564,2.64518,-1.01831,-0.826373,2.62931,-1.07226,-1.00143,2,-1.03005,-1.05364,2.0008,2.15255,1.50635,0.0796331,2.15495,1.4424,0.106459,2.24147,1.78681,0,2.2627,1.88309,-0.0549053
5.26006,-1.00498,-0.817032,2.646,-0.996726,-0.811842,2.63038,-1.04927,-0.982997,2,-1.00742,-1.03463,2.00024,2.15897,1.52718,0.0795178,2.16086,1.46373,0.106699,2.24842,1.81282,0,2.2642,1.9181,-0.0557055
5.26999,-0.983877,-0.80203,2.64677,-0.975089,-0.7971,2.63145,-1.02729,-0.965184,2,-0.98477,-1.01528,1.99968,2.16494,1.54662,0.07933,2.16659,1.48465,0.106796,2.2549,1.83716,0,2.26556,1.95239,-0.0562563
5.27999,-0.962104,-0.786398,2.64757,-0.953395,-0.78215,2.63251,-1.00461,-0.946609,2,-0.962108,-0.995588,1.99912,2.17094,1.5662,0.0790565,2.17217,1.50515,0.106742,2.26143,1.86174,0,2.26679,1.9859,-0.0565611
5.28997,-0.940534,-0.770764,2.64835,-0.931646,-0.766998,2.63358,-0.982141,-0.928018,2,-0.939434,-0.975565,1.99855,2.17673,1.58513,0.0787059,2.17757,1.52524,0.106534,2.26774,1.88555,0,2.26787,2.01864,-0.0566263
5.30003,-0.918414,-0.75458,2.64915,-0.909844,-0.751647,2.63464,-0.959094,-0.90876,2,-0.916751,-0.955218,1.99799,2.1825,1.60405,0.0782639,2.1828,1.54493,0.106169,2.27405,1.90941,0,2.26881,2.05061,-0.0564574
5.31,-0.896164,-0.738154,2.64994,-0.887991,-0.736101,2.6357,-0.93591,-0.8892,2,-0.894059,-0.934555,1.99743,2.18814,1.62258,0.0777353,2.18786,1.56423,0.105658,2.28022,1.93284,0,2.26964,2.0818,-0.0560439
5.32001,-0.87486,-0.722291,2.65069,-0.866087,-0.720364,2.63676,-0.913707,-0.870297,2,-0.871359,-0.913585,1.99687,2.19339,1.63986,0.0771504,2.19278,1.58312,0.105007,2.28598,1.95474,0,2.27036,2.11217,-0.0553841
5.33006,-0.852624,-0.705597,2.65147,-0.844136,-0.70444,2.6378,-0.890531,-0.850391,2,-0.848652,-0.892315,1.99632,2.19872,1.65741,0.076458,2.19753,1.6016,0.104206,2.29182,1.97704,0,2.27096,2.1417,-0.0544929
5.34,-0.830777,-0.689064,2.65223,-0.822137,-0.688333,2.63884,-0.867757,-0.830663,2,-0.82594,-0.870753,1.99578,2.20379,1.67418,0.0756967,2.20212,1.61969,0.103257,2.29741,1.9984,0,2.27144,2.1704,-0.053378
5.35001,-0.808821,-0.672322,2.65298,-0.800094,-0.672047,2.63987,-0.844867,-0.810671,2,-0.803223,-0.848909,1.99525,2.20874,1.69055,0.0748512,2.20654,1.63736,0.102166,2.30286,2.01931,0,2.27182,2.19825,-0.0520411
5.36005,-0.786265,-0.654994,2.65374,-0.778007,-0.655587,2.64088,-0.821349,-0.789967,2,-0.780504,-0.826791,1.99474,2.21367,1.70688,0.0738992,2.21081,1.65462,0.100934,2.3083,2.04021,0,2.2721,2.22521,-0.0504894
5.36997,-0.764664,-0.63828,2.65445,-0.755878,-0.638956,2.64189,-0.798823,-0.769983,2,-0.757782,-0.804408,1.99424,2.21824,1.72204,0.0729088,2.21492,1.67146,0.0995645,2.31335,2.05967,0,2.27229,2.25128,-0.0487313
5.38,-0.741996,-0.620622,2.65519,-0.733709,-0.622159,2.64287,-0.775181,-0.748856,2,-0.735058,-0.781769,1.99377,2.22288,1.73747,0.0717877,2.21888,1.68787,0.0980579,2.3185,2.07952,0,2.27239,2.27644,-0.0467774
5.38997,-0.720223,-0.60355,2.65589,-0.711501,-0.6052,2.64385,-0.75247,-0.728416,2,-0.712334,-0.758882,1.99331,2.22719,1.75182,0.0706327,2.22268,1.70387,0.0964197,2.32328,2.09802,0,2.27242,2.30069,-0.0446359
5.39997,-0.697833,-0.585884,2.65659,-0.689256,-0.588083,2.6448,-0.729113,-0.707252,2,-0.68961,-0.735758,1.99287,2.23147,1.7661,0.0693661,2.22636,1.71943,0.0946484,2.32804,2.11648,0,2.27238,2.32399,-0.0423216
5.41006,-0.675077,-0.567819,2.65729,-0.666974,-0.570813,2.64574,-0.70537,-0.685596,2,-0.666887,-0.712406,1.99246,2.23567,1.78012,0.067998,2.2299,1.73456,0.0927498,2.33272,2.13464,0,2.27229,2.34634,-0.0398441
5.41998,-0.653141,-0.550304,2.65795,-0.644658,-0.553394,2.64666,-0.682481,-0.664586,2,-0.644165,-0.688834,1.99208,2.23957,1.79317,0.0666032,2.23329,1.74926,0.0907364,2.33707,2.15158,0,2.27213,2.36775,-0.0372065
5.43012,-0.629699,-0.53148,2.65864,-0.622309,-0.535829,2.64755,-0.658017,-0.641993,2,-0.621444,-0.665054,1.99172,2.24358,1.8066,0.0650316,2.23654,1.76355,0.0886025,2.34156,2.16907,0,2.27192,2.38819,-0.03443
5.43998,-0.608309,-0.514214,2.65925,-0.599928,-0.518124,2.64843,-0.635691,-0.621256,2,-0.598726,-0.641074,1.99139,2.24711,1.81841,0.0635259,2.23966,1.77741,0.0863621,2.3455,2.18448,0,2.27166,2.40767,-0.0315187
5.44998,-0.585776,-0.495934,2.65988,-0.577516,-0.500282,2.64928,-0.612171,-0.59929,2,-0.576011,-0.616904,1.99109,2.25067,1.83038,0.0618672,2.24264,1.79084,0.0840054,2.3495,2.20013,0,2.27135,2.42617,-0.0284994
5.45998,-0.562883,-0.47727,2.6605,-0.555075,-0.482309,2.65011,-0.58827,-0.57685,2,-0.553299,-0.592554,1.99082,2.25415,1.84205,0.0601075,2.24548,1.80384,0.0815435,2.35341,2.21543,0,2.271,2.44368,-0.0253811
5.46999,-0.540453,-0.458899,2.66109,-0.532607,-0.464207,2.65091,-0.564852,-0.554749,2,-0.530591,-0.568034,1.99058,2.25741,1.85302,0.0583122,2.2482,1.81639,0.0789869,2.35708,2.22984,0,2.27062,2.46019,-0.0221725
5.47998,-0.517926,-0.440368,2.66166,-0.510112,-0.445982,2.65169,-0.541329,-0.532443,2,-0.507887,-0.543353,1.99038,2.26055,1.86356,0.0564402,2.25079,1.8285,0.0763363,2.36061,2.24371,0,2.27022,2.4757,-0.0188914
5.48998,-0.495528,-0.421866,2.66221,-0.487591,-0.427639,2.65244,-0.517939,-0.510161,2,-0.485187,-0.518523,1.9902,2.26352,1.87358,0.0545124,2.25326,1.84018,0.0735981,2.36396,2.25693,0,2.2698,2.49021,-0.0155515
5.5,-0.4728,-0.403016,2.66275,-0.465047,-0.40918,2.65316,-0.494201,-0.487449,2,-0.462491,-0.493552,1.99007,2.2664,1.88328,0.0524903,2.25561,1.85141,0.070775,2.36721,2.26974,0,2.26935,2.50371,-0.0121705
5.50998,-0.450082,-0.384103,2.66326,-0.44248,-0.390612,2.65385,-0.470471,-0.46465,2,-0.4398,-0.468452,1.98996,2.26913,1.8925,0.050405,2.25781,1.8622,0.0678783,2.3703,2.28195,0,2.26889,2.51621,-0.0087576
5.51998,-0.427387,-0.365142,2.66375,-0.419891,-0.371938,2.65452,-0.446763,-0.441781,2,-0.417113,-0.443232,1.98989,2.27172,1.90124,0.0482603,2.25989,1.87254,0.0649088,2.37324,2.29355,0,2.26841,2.52769,-0.00533215
5.53,-0.404315,-0.3458,2.66423,-0.397282,-0.353162,2.65515,-0.422658,-0.418442,2,-0.394432,-0.417902,1.98985,2.27421,1.90965,0.0460192,2.26184,1.88243,0.0618725,2.37606,2.30473,0,2.26791,2.53815,-0.00190858
5.54,-0.381869,-0.326923,2.66468,-0.374655,-0.334291,2.65575,-0.399206,-0.395656,2,-0.371755,-0.392472,1.98985,2.27649,1.91737,0.0437829,2.26366,1.89186,0.0587764,2.37866,2.31501,0,2.26741,2.54759,0.0014998
5.55001,-0.359066,-0.30769,2.6651,-0.35201,-0.315327,2.65633,-0.375379,-0.372429,2,-0.349084,-0.366953,1.98988,2.27868,1.92476,0.041457,2.26536,1.90084,0.055626,2.38114,2.32485,0,2.2669,2.55602,0.00487817
5.55999,-0.336317,-0.288448,2.6655,-0.329348,-0.296275,2.65687,-0.351606,-0.349183,2,-0.326417,-0.341355,1.98995,2.28072,1.93166,0.0390849,2.26694,1.90937,0.052427,2.38346,2.33407,0,2.26638,2.56346,0.00821214
5.56997,-0.313646,-0.269223,2.66588,-0.306671,-0.277141,2.65737,-0.327913,-0.325949,2,-0.303756,-0.315688,1.99005,2.28261,1.93808,0.0366725,2.26839,1.91745,0.0491827,2.38562,2.34265,0,2.26587,2.56988,0.011485
5.58,-0.290272,-0.249353,2.66624,-0.28398,-0.257928,2.65785,-0.303484,-0.301927,2,-0.2811,-0.289961,1.99018,2.28442,1.94422,0.0341376,2.26972,1.92508,0.0459014,2.38769,2.35088,0,2.26536,2.57533,0.0146857
5.58999,-0.267895,-0.230288,2.66657,-0.261277,-0.238641,2.65829,-0.280094,-0.278871,2,-0.258449,-0.264184,1.99034,2.28603,1.94965,0.0316684,2.27094,1.93226,0.0425849,2.38952,2.35816,0,2.26486,2.57978,0.0177968
5.60001,-0.244503,-0.210318,2.66688,-0.238562,-0.219284,2.6587,-0.255642,-0.254713,2,-0.235803,-0.238368,1.99053,2.28756,1.95485,0.0290462,2.27205,1.93897,0.0392377,2.39127,2.36514,0,2.26438,2.58324,0.0208045
5.60997,-0.22215,-0.191199,2.66715,-0.215836,-0.199863,2.65908,-0.232276,-0.231578,2,-0.213161,-0.212523,1.99076,2.28889,1.95937,0.0265042,2.27304,1.94522,0.0358695,2.3928,2.37123,0,2.26391,2.58572,0.0237001
5.62,-0.198957,-0.171329,2.6674,-0.193102,-0.180381,2.65942,-0.208029,-0.207528,2,-0.190524,-0.186657,1.99101,2.29014,1.9636,0.0238326,2.27392,1.95102,0.032486,2.39422,2.37692,0,2.26345,2.58724,0.026472
5.62999,-0.175901,-0.151546,2.66763,-0.170358,-0.160844,2.65973,-0.183924,-0.183578,2,-0.167892,-0.160781,1.99129,2.29124,1.96734,0.0211457,2.27469,1.95635,0.0290922,2.39549,2.38196,0,2.26302,2.58779,0.0291085
5.63999,-0.153443,-0.132251,2.66782,-0.147608,-0.141256,2.66,-0.160444,-0.160215,2,-0.145264,-0.134904,1.99159,2.29218,1.97054,0.0185021,2.27534,1.96123,0.0256976,2.39657,2.38627,0,2.2626,2.58741,0.031603
5.65004,-0.130046,-0.112126,2.668,-0.124852,-0.121621,2.66024,-0.135981,-0.135842,2,-0.12264,-0.109036,1.99192,2.29303,1.97341,0.0157237,2.27589,1.96565,0.0223013,2.39753,2.39014,0,2.2622,2.5861,0.0339394
5.65996,-0.107377,-0.0926072,2.66814,-0.102091,-0.101944,2.66045,-0.112279,-0.1122,2,-0.10002,-0.0831855,1.99227,2.29371,1.97574,0.0130115,2.27631,1.96961,0.0189118,2.39832,2.39328,0,2.26181,2.58386,0.0361118
5.66996,-0.0847078,-0.0730735,2.66826,-0.0793261,-0.0822304,2.66062,-0.0885753,-0.0885367,2,-0.0774036,-0.0573619,1.99264,2.29427,1.97762,0.0102829,2.27661,1.9731,0.0155337,2.39895,2.39582,0,2.26145,2.58071,0.0381112
5.68001,-0.0613701,-0.0529509,2.66835,-0.056559,-0.0624839,2.66076,-0.0641725,-0.0641578,2,-0.0547909,-0.0315742,1.99303,2.2947,1.97909,0.00746033,2.2768,1.97613,0.0121744,2.39945,2.3978,0,2.2611,2.57667,0.0399326
5.68998,-0.0386809,-0.0333785,2.66841,-0.0337905,-0.0427094,2.66086,-0.0404474,-0.0404437,2,-0.0321816,-0.00583138,1.99344,2.29499,1.98007,0.00470655,2.27688,1.97868,0.00883617,2.39978,2.39913,0,2.26077,2.57175,0.0415665
5.69999,-0.0156006,-0.013463,2.66844,-0.0110218,-0.0229118,2.66093,-0.0163131,-0.0163128,2,-0.00957533,0.0198578,1.99386,2.29515,1.98061,0.0018992,2.27684,1.98076,0.00551977,2.39996,2.39986,0,2.26048,2.56594,0.043003
5.70997,0.00766652,0.00661609,2.66844,0.0117459,-0.00309575,2.66097,0.00801665,0.00801662,2,0.0130281,0.0454846,1.9943,2.29517,1.98069,-0.000933382,2.27669,1.98237,0.00223695,2.39999,2.39997,0,2.26021,2.55928,0.0442442
5.71997,0.0300964,0.0259716,2.66842,0.0345117,0.0167341,2.66098,0.0314709,0.0314692,2,0.0356289,0.0710406,1.99474,2.29506,1.98032,-0.0036629,2.27643,1.98352,-0.00100629,2.39987,2.39947,0,2.25996,2.55179,0.0452875
5.73,0.0534557,0.0461245,2.66837,0.0572742,0.0365731,2.66095,0.0558967,0.055887,2,0.0582273,0.0965177,1.9952,2.29482,1.97948,-0.00650064,2.27605,1.98419,-0.00421044,2.39958,2.39833,0,2.25972,2.54348,0.0461246
5.74001,0.0761139,0.0656648,2.66829,0.0800323,0.0564163,2.66089,0.0795893,0.0795613,2,0.0808235,0.121907,1.99567,2.29444,1.97821,-0.00924493,2.27555,1.98438,-0.00736886,2.39916,2.39662,0,2.25951,2.53434,0.0467559
5.75002,0.0996113,0.0859172,2.66818,0.102785,0.076259,2.66081,0.104159,0.104096,2,0.103418,0.147202,1.99614,2.29392,1.97643,-0.0120785,2.27494,1.98408,-0.0104774,2.39855,2.39421,0,2.25933,2.52441,0.0471798
5.76003,0.122576,0.105696,2.66805,0.125531,0.0960963,2.66069,0.128171,0.128054,2,0.12601,0.172393,1.99661,2.29327,1.97423,-0.014832,2.27422,1.9833,-0.0135371,2.39781,2.39124,0,2.25916,2.5137,0.047391
5.76997,0.144835,0.124849,2.66789,0.148269,0.115923,2.66054,0.151444,0.151251,2,0.148601,0.197473,1.99708,2.29251,1.97165,-0.0174826,2.27338,1.98205,-0.0165427,2.39694,2.38777,0,2.25902,2.50224,0.0473908
5.78001,0.168036,0.144791,2.6677,0.170998,0.135736,2.66035,0.175701,0.1754,2,0.171191,0.222436,1.99756,2.29159,1.96852,-0.0202227,2.27244,1.98033,-0.0194904,2.39588,2.38354,0,2.2589,2.49004,0.0471807
5.78999,0.19066,0.164213,2.66749,0.193717,0.155528,2.66015,0.199354,0.198914,2,0.193779,0.247272,1.99803,2.29055,1.965,-0.0228691,2.27138,1.97813,-0.0223754,2.3947,2.3788,0,2.2588,2.47713,0.0467647
5.79999,0.213945,0.184173,2.66724,0.216425,0.175297,2.65991,0.223697,0.223075,2,0.216367,0.271976,1.99849,2.28935,1.96092,-0.0255628,2.27021,1.97545,-0.0252009,2.39332,2.37331,0,2.25872,2.4635,0.0461394
5.80999,0.237127,0.204013,2.66697,0.239121,0.195036,2.65964,0.247932,0.247084,2,0.238954,0.29654,1.99895,2.28801,1.95639,-0.0282111,2.26891,1.97227,-0.0279633,2.39179,2.36722,0,2.25866,2.44919,0.0453089
5.81997,0.259954,0.223513,2.66667,0.261803,0.214741,2.65935,0.271794,0.270676,2,0.26154,0.320957,1.9994,2.28656,1.95147,-0.0307828,2.2675,1.96862,-0.030655,2.39013,2.3606,0,2.25862,2.43421,0.0442823
5.83006,0.282772,0.242968,2.66635,0.284471,0.234407,2.65903,0.295644,0.294205,2,0.284126,0.345222,1.99983,2.28498,1.94609,-0.0333145,2.26598,1.9645,-0.0332768,2.38832,2.35338,0,2.25859,2.41858,0.0430615
5.83998,0.3051,0.261963,2.66602,0.307122,0.254029,2.65868,0.318982,0.317173,2,0.306712,0.369327,2.00026,2.28329,1.94038,-0.0357511,2.26435,1.95989,-0.0358244,2.38639,2.34573,0,2.25857,2.40232,0.0416541
5.85002,0.328139,0.281518,2.66564,0.329757,0.273603,2.65831,0.343059,0.340809,2,0.329297,0.393266,2.00067,2.28142,1.93403,-0.03822,2.2626,1.95478,-0.0382995,2.38426,2.33723,0,2.25857,2.38544,0.0400634
5.85998,0.351002,0.300875,2.66525,0.352374,0.293123,2.65792,0.366952,0.364197,2,0.351883,0.417034,2.00106,2.27942,1.92726,-0.0406218,2.26073,1.94919,-0.0406937,2.38198,2.32818,0,2.25858,2.36796,0.0383037
5.87006,0.374036,0.320323,2.66483,0.374972,0.312585,2.6575,0.391022,0.387686,2,0.374469,0.440623,2.00143,2.27726,1.91996,-0.04299,2.25874,1.94312,-0.0430024,2.37953,2.31845,0,2.2586,2.3499,0.0363853
5.88,0.396459,0.3392,2.66439,0.397548,0.331984,2.65706,0.414451,0.410477,2,0.397055,0.46403,2.00179,2.27503,1.91241,-0.0452428,2.25664,1.93656,-0.0452286,2.37699,2.30839,0,2.25862,2.33128,0.034312
5.88997,0.418983,0.358104,2.66393,0.420104,0.351315,2.65659,0.437983,0.43329,2,0.419641,0.487247,2.00212,2.27264,1.90436,-0.0474509,2.25441,1.92952,-0.0473707,2.37428,2.29769,0,2.25864,2.31213,0.0320932
5.90003,0.441945,0.377312,2.66344,0.442636,0.370573,2.65611,0.461971,0.45646,2,0.442228,0.51027,2.00243,2.27008,1.89569,-0.049643,2.25206,1.92198,-0.0494302,2.37137,2.28618,0,2.25867,2.29244,0.0297362
5.91001,0.464637,0.396228,2.66293,0.465145,0.389753,2.65561,0.485674,0.479268,2,0.464815,0.533094,2.00271,2.2674,1.88665,-0.0517482,2.24958,1.91395,-0.0514038,2.36834,2.2742,0,2.25869,2.27224,0.0272533
5.91999,0.487323,0.415069,2.66241,0.487628,0.40885,2.65508,0.509369,0.501973,2,0.487402,0.555714,2.00297,2.26458,1.87714,-0.0537898,2.24698,1.90541,-0.0532938,2.36515,2.26162,0,2.25871,2.25153,0.0246521
5.92999,0.510052,0.433872,2.66185,0.510084,0.427859,2.65454,0.533106,0.524621,2,0.509989,0.578123,2.0032,2.26161,1.86714,-0.0557699,2.24425,1.89637,-0.0551068,2.3618,2.24843,0,2.25871,2.23033,0.0219358
5.93999,0.53225,0.45216,2.6613,0.532512,0.446776,2.65398,0.556286,0.546639,2,0.532576,0.600319,2.00341,2.25857,1.85691,-0.0576384,2.2414,1.88683,-0.0568329,2.35838,2.23496,0,2.25869,2.20866,0.019125
5.94999,0.554797,0.470657,2.66071,0.554911,0.465594,2.6534,0.579829,0.568896,2,0.555163,0.622295,2.00359,2.25534,1.84606,-0.0594683,2.23841,1.87678,-0.0584821,2.35475,2.22069,0,2.25865,2.18653,0.0162205
5.95998,0.577607,0.489285,2.6601,0.57728,0.484309,2.65281,0.603643,0.591297,2,0.577749,0.644048,2.00373,2.25193,1.8346,-0.0612479,2.23528,1.86622,-0.06005,2.35091,2.20566,0,2.25859,2.16395,0.0132384
5.97016,0.600435,0.507837,2.65947,0.599617,0.502917,2.6522,0.627473,0.613595,2,0.600334,0.665572,2.00385,2.24837,1.82264,-0.0629547,2.23202,1.85516,-0.0615318,2.34692,2.19001,0,2.25849,2.14095,0.0101953
5.98004,0.622754,0.525884,2.65884,0.62192,0.521411,2.65158,0.650768,0.635273,2,0.622918,0.686865,2.00394,2.24474,1.81048,-0.0645502,2.22862,1.84363,-0.0629326,2.34285,2.17413,0,2.25835,2.11757,0.00709778
5.98997,0.644662,0.543508,2.6582,0.644188,0.539788,2.65095,0.673633,0.656431,2,0.645501,0.707923,2.00399,2.24104,1.79809,-0.0660444,2.22509,1.83159,-0.0642533,2.33871,2.15798,0,2.25817,2.09379,0.0039566
5.99997,0.667141,0.561494,2.65753,0.666421,0.558041,2.6503,0.69709,0.67801,2,0.668082,0.72874,2.00402,2.2371,1.78489,-0.067502,2.22143,1.8191,-0.0654864,2.33431,2.14083,0,2.25795,2.06968,0.000791954
6.01009,0.690049,0.579716,2.65683,0.688617,0.576168,2.64964,0.720991,0.69986,2,0.69066,0.749315,2.00401,2.23292,1.77095,-0.0689072,2.21763,1.80611,-0.0666369,2.32966,2.12276,0,2.25769,2.04521,-0.00238828
6.02,0.711936,0.597024,2.65615,0.710773,0.594162,2.64896,0.743825,0.720599,2,0.713235,0.769643,2.00397,2.22879,1.75716,-0.0701732,2.2137,1.79262,-0.0677105,2.32506,2.10492,0,2.25737,2.02039,-0.00557715
6.03004,0.734574,0.614815,2.65543,0.73289,0.612019,2.64828,0.76744,0.741905,2,0.735807,0.789722,2.0039,2.22436,1.74242,-0.0714026,2.20964,1.77868,-0.0686944,2.32014,2.08589,0,2.25701,1.99527,-0.00874925
6.04003,0.75671,0.632098,2.65471,0.754966,0.629734,2.64759,0.790527,0.762588,2,0.758375,0.809548,2.00379,2.21988,1.72752,-0.0725249,2.20546,1.76426,-0.0695877,2.31518,2.0667,0,2.25658,1.96987,-0.0118911
6.05001,0.7785,0.648999,2.65399,0.776999,0.647303,2.64689,0.813252,0.7828,2,0.780939,0.829118,2.00366,2.21533,1.71238,-0.073552,2.20116,1.74937,-0.0703944,2.31013,2.04726,0,2.2561,1.94417,-0.0149939
6.05998,0.800841,0.666206,2.65325,0.798989,0.66472,2.64618,0.836547,0.803365,2,0.803497,0.84843,2.00349,2.2105,1.69638,-0.074524,2.19674,1.73397,-0.0711236,2.3048,2.02677,0,2.25555,1.91818,-0.0180546
6.07002,0.823087,0.683215,2.65249,0.820933,0.68198,2.64547,0.859741,0.82368,2,0.82605,0.867481,2.0033,2.20554,1.67996,-0.0754097,2.19217,1.7181,-0.0717749,2.29934,2.00578,0,2.25492,1.89194,-0.0210599
6.08003,0.845179,0.699978,2.65173,0.842832,0.69908,2.64475,0.882771,0.843687,2,0.848595,0.886268,2.00307,2.20046,1.66318,-0.0762076,2.18747,1.70176,-0.0723504,2.29374,1.98438,0,2.25421,1.86545,-0.024
6.08999,0.866704,0.716184,2.65098,0.864682,0.716013,2.64402,0.905207,0.863017,2,0.871133,0.904788,2.00282,2.19536,1.64635,-0.0769061,2.1826,1.68483,-0.0724782,2.28814,1.96299,0,2.25337,1.83857,-0.0265024
6.1,0.888661,0.732582,2.65021,0.886483,0.732775,2.6433,0.92809,0.882562,2,0.893662,0.923038,2.00255,2.19001,1.62872,-0.077538,2.17758,1.66732,-0.0719355,2.28227,1.94061,0,2.25243,1.81132,-0.0283379
6.10997,0.910725,0.74892,2.64942,0.908233,0.749358,2.64259,0.951082,0.902022,2,0.916182,0.941014,2.00225,2.18447,1.61051,-0.0780907,2.17242,1.64926,-0.0708959,2.2762,1.91757,0,2.2514,1.78374,-0.0296632
6.12,0.932322,0.764773,2.64865,0.929931,0.765759,2.64188,0.973585,0.920891,2,0.93869,0.958714,2.00195,2.17889,1.59221,-0.0785515,2.16717,1.63086,-0.0704747,2.2701,1.89447,0,2.25028,1.75617,-0.0315522
6.13001,0.954544,0.780935,2.64784,0.951576,0.781974,2.64118,0.996736,0.940114,2,0.961187,0.976137,2.00162,2.17298,1.57289,-0.0789427,2.16178,1.61195,-0.0696862,2.26366,1.87014,0,2.24903,1.72835,-0.0330359
6.14006,0.976355,0.796647,2.64705,0.973167,0.797997,2.64048,1.01945,0.958788,2,0.98367,0.99328,2.00129,2.16703,1.55344,-0.0792447,2.15624,1.59256,-0.0687837,2.25718,1.84571,0,2.24765,1.70035,-0.034351
6.14998,0.997378,0.811644,2.64628,0.994701,0.813823,2.6398,1.04135,0.976602,2,1.00614,1.01014,2.00094,2.16113,1.53423,-0.0794589,2.15055,1.57265,-0.0674925,2.25077,1.82165,0,2.24613,1.6721,-0.0352204
6.15999,1.01944,0.827227,2.64546,1.01618,0.829448,2.63914,1.06433,0.995097,2,1.02859,1.02672,2.00058,2.15478,1.51359,-0.0796027,2.14471,1.55217,-0.0657187,2.24388,1.79584,0,2.24445,1.64357,-0.0355431
6.17007,1.04099,0.84228,2.64467,1.03759,0.844866,2.63849,1.08676,1.01295,2,1.05103,1.04302,2.00023,2.14842,1.49295,-0.0796632,2.13877,1.53136,-0.0642142,2.23699,1.7701,0,2.24264,1.61506,-0.0360444
6.18004,1.06272,0.857295,2.64386,1.05895,0.860074,2.63785,1.10939,1.03075,2,1.07344,1.05902,1.99986,2.14183,1.47165,-0.0796442,2.1327,1.51008,-0.0626409,2.22987,1.7436,0,2.24069,1.58641,-0.0363868
6.19017,1.08437,0.872087,2.64305,1.08025,0.875066,2.63723,1.13193,1.04827,2,1.09584,1.07474,1.9995,2.1351,1.44994,-0.0795458,2.12649,1.48832,-0.0608825,2.22261,1.71666,0,2.23857,1.5576,-0.0364496
6.20002,1.10494,0.885979,2.64229,1.10148,0.889839,2.63663,1.15335,1.06471,2,1.11822,1.09017,1.99913,2.12855,1.42886,-0.079379,2.12014,1.46609,-0.0589853,2.21555,1.69056,0,2.23628,1.52867,-0.0362714
6.21001,1.12635,0.900256,2.64149,1.12265,0.904387,2.63605,1.17562,1.08159,2,1.14057,1.10532,1.99877,2.12157,1.40646,-0.07913,2.11366,1.4434,-0.0568938,2.20805,1.66289,0,2.2338,1.49962,-0.0357924
6.22007,1.14758,0.914244,2.6407,1.14375,0.918706,2.63549,1.19772,1.09813,2,1.16289,1.12017,1.99842,2.11448,1.38376,-0.0788073,2.1071,1.4204,-0.0552697,2.20043,1.63491,0,2.23118,1.47063,-0.035658
6.23007,1.16889,0.928097,2.6399,1.16479,0.932794,2.63495,1.2199,1.11449,2,1.18519,1.13473,1.99806,2.10719,1.36051,-0.0784081,2.10043,1.39703,-0.0536314,2.19262,1.60632,0,2.22839,1.44164,-0.0353901
6.24,1.1896,0.941379,2.63913,1.18576,0.946645,2.63442,1.24145,1.13016,2,1.20746,1.149,1.99771,2.09995,1.33746,-0.0779484,2.09362,1.37324,-0.0518578,2.18487,1.57803,0,2.22541,1.41257,-0.0348657
6.25,1.21027,0.95445,2.63837,1.20666,0.960257,2.63391,1.26295,1.14558,2,1.2297,1.16298,1.99736,2.09255,1.314,-0.0774195,2.08669,1.34906,-0.0501329,2.17696,1.54931,0,2.22224,1.38349,-0.0342629
6.26,1.23199,0.967982,2.63757,1.2275,0.973626,2.63341,1.28554,1.16153,2,1.2519,1.17667,1.99702,2.0846,1.28887,-0.0767889,2.07966,1.32456,-0.0486421,2.16849,1.51861,0,2.21887,1.35446,-0.033762
6.27002,1.25252,0.98058,2.63681,1.24826,0.986748,2.63293,1.3069,1.17637,2,1.27407,1.19007,1.99668,2.07691,1.26465,-0.0761228,2.07252,1.29973,-0.0474419,2.1603,1.48908,0,2.21531,1.32548,-0.0334172
6.28001,1.2728,0.992835,2.63607,1.26895,0.999619,2.63247,1.32799,1.19079,2,1.29621,1.20318,1.99635,2.06915,1.24028,-0.0753985,2.06525,1.27442,-0.0460674,2.15205,1.45943,0,2.21155,1.29639,-0.0327672
6.29004,1.29374,1.00528,2.63531,1.28956,1.01224,2.63201,1.34977,1.20544,2,1.3183,1.216,1.99603,2.06097,1.21466,-0.0745825,2.05788,1.24879,-0.0448294,2.14336,1.42833,0,2.20759,1.26735,-0.0321192
6.30001,1.31435,1.01732,2.63457,1.3101,1.02459,2.63157,1.3712,1.21959,2,1.34036,1.22853,1.99571,2.05273,1.189,-0.0737122,2.05042,1.2229,-0.0438784,2.13464,1.39723,0,2.20343,1.23841,-0.031623
6.31004,1.33553,1.02948,2.63381,1.33057,1.03669,2.63113,1.39323,1.23387,2,1.36237,1.24077,1.9954,2.04409,1.16215,-0.0727491,2.04286,1.19675,-0.0430885,2.12549,1.36476,0,2.19909,1.20958,-0.0311542
6.32,1.35491,1.0404,2.63312,1.35096,1.04853,2.6307,1.41338,1.24669,2,1.38434,1.25272,1.99509,2.03601,1.13715,-0.0718072,2.0352,1.17028,-0.0422989,2.11696,1.33459,0,2.19452,1.18079,-0.0305541
6.33004,1.37564,1.05187,2.63239,1.37127,1.0601,2.63029,1.43493,1.26015,2,1.40626,1.26438,1.99478,2.0272,1.10997,-0.070737,2.02741,1.14343,-0.0416665,2.10766,1.30185,0,2.18973,1.15198,-0.0299795
6.34001,1.39585,1.06282,2.63169,1.39151,1.0714,2.62987,1.45594,1.27299,2,1.42813,1.27576,1.99449,2.01843,1.08304,-0.0696314,2.0195,1.11625,-0.0412788,2.09841,1.26945,0,2.18468,1.12321,-0.0295198
6.34999,1.41572,1.07337,2.63101,1.41166,1.08242,2.62946,1.4766,1.28535,2,1.44995,1.28685,1.99419,2.00963,1.05613,-0.0684858,2.01144,1.08873,-0.0410406,2.08916,1.23716,0,2.17939,1.09444,-0.0290824
6.36004,1.43649,1.08417,2.63031,1.43174,1.09317,2.62905,1.49819,1.29799,2,1.47172,1.29765,1.9939,2.00024,1.02754,-0.0672259,2.00328,1.06087,-0.0408975,2.0793,1.20289,0,2.17386,1.06566,-0.0286163
6.36999,1.45575,1.09395,2.62967,1.45173,1.10364,2.62864,1.51821,1.30944,2,1.49343,1.30816,1.99362,1.99137,1.00062,-0.0660022,1.99504,1.03279,-0.0408632,2.06998,1.17069,0,2.16814,1.037,-0.0281392
6.38006,1.47621,1.10411,2.62899,1.47164,1.11382,2.62823,1.53948,1.32132,2,1.51508,1.31839,1.99334,1.98175,0.971578,-0.0646443,1.98665,1.0044,-0.0408729,2.0599,1.136,0,2.16214,1.00836,-0.02759
6.39001,1.49547,1.11344,2.62837,1.49146,1.12373,2.62782,1.5595,1.33223,2,1.53667,1.32833,1.99307,1.97251,0.943821,-0.0633118,1.97815,0.975795,-0.0410266,2.05024,1.10291,0,2.1559,0.979805,-0.0270731
6.40001,1.51499,1.12266,2.62775,1.5112,1.13334,2.62741,1.57979,1.343,2,1.5582,1.33798,1.9928,1.96298,0.915294,-0.0619096,1.96953,0.946947,-0.0413178,2.04028,1.06894,0,2.14941,0.95132,-0.0265858
6.41016,1.53509,1.1319,2.62712,1.53085,1.14266,2.62699,1.60068,1.35379,2,1.57966,1.34736,1.99254,1.95297,0.885486,-0.0604112,1.96078,0.917804,-0.0417338,2.02983,1.03351,0,2.14265,0.922834,-0.0261196
6.42003,1.55443,1.14055,2.62653,1.55041,1.15169,2.62657,1.62078,1.36388,2,1.60105,1.35644,1.99228,1.94316,0.856401,-0.0589186,1.95193,0.888425,-0.0422454,2.0196,0.99898,0,2.13566,0.894396,-0.0256503
6.43011,1.57419,1.14913,2.62594,1.56989,1.16043,2.62615,1.64131,1.37389,2,1.62237,1.36524,1.99202,1.93294,0.826257,-0.0573419,1.94296,0.858789,-0.0428849,2.00895,0.963247,0,2.12841,0.865976,-0.025215
6.44004,1.59288,1.157,2.62539,1.58927,1.16887,2.62572,1.66074,1.38306,2,1.64362,1.37376,1.99177,1.92309,0.797353,-0.0558037,1.93388,0.828928,-0.0436049,1.99871,0.929032,0,2.1209,0.837592,-0.0247714
6.45007,1.61225,1.1649,2.62483,1.60857,1.17701,2.62528,1.68088,1.39226,2,1.66479,1.38199,1.99153,1.9127,0.766999,-0.0541622,1.92467,0.798828,-0.0442975,1.98791,0.893145,0,2.11313,0.809223,-0.0242159
6.46004,1.63138,1.17244,2.6243,1.62777,1.18485,2.62483,1.70076,1.40104,2,1.68588,1.38995,1.99129,1.90224,0.736633,-0.0524952,1.91537,0.768565,-0.0451598,1.97706,0.85729,0,2.10512,0.780923,-0.0237536
6.47002,1.65038,1.17966,2.62378,1.64687,1.19238,2.62437,1.72051,1.40945,2,1.70689,1.39761,1.99105,1.89167,0.706076,-0.0507944,1.90598,0.738187,-0.0462342,1.96609,0.821254,0,2.09687,0.752726,-0.0234329
6.48005,1.66918,1.18655,2.62328,1.66589,1.19961,2.62391,1.74004,1.41745,2,1.72782,1.405,1.99082,1.88102,0.675472,-0.0490692,1.89647,0.707688,-0.0473265,1.95506,0.785204,0,2.08835,0.724618,-0.0230629
6.48997,1.68753,1.19301,2.62281,1.6848,1.20653,2.62343,1.75912,1.42496,2,1.74866,1.41211,1.99059,1.87043,0.645221,-0.0473438,1.88686,0.677045,-0.0483325,1.9441,0.749607,0,2.07959,0.696567,-0.0225442
6.50001,1.70699,1.19957,2.62233,1.70362,1.21315,2.62294,1.77935,1.43258,2,1.76941,1.41893,1.99037,1.859,0.612737,-0.0454708,1.87713,0.646307,-0.0494838,1.93228,0.711426,0,2.07055,0.668601,-0.022116
6.50998,1.72486,1.20533,2.6219,1.72234,1.21946,2.62244,1.79792,1.43927,2,1.79007,1.42548,1.99015,1.84831,0.582561,-0.0437132,1.86726,0.615463,-0.0507389,1.92125,0.675992,0,2.06123,0.640697,-0.0217417
6.52005,1.74319,1.21097,2.62147,1.74097,1.22546,2.62192,1.81697,1.44581,2,1.81063,1.43175,1.98993,1.83716,0.55125,-0.041873,1.85731,0.58448,-0.0520124,1.90974,0.63926,0,2.05166,0.612816,-0.0213394
6.52998,1.76154,1.21634,2.62106,1.75949,1.23115,2.6214,1.83605,1.45203,2,1.8311,1.43773,1.98972,1.82581,0.519545,-0.0399939,1.84727,0.553381,-0.053256,1.89803,0.6021,0,2.04186,0.584966,-0.0208667
6.53998,1.77948,1.2213,2.62068,1.77791,1.23653,2.62086,1.8547,1.45778,2,1.85147,1.44345,1.98952,1.8145,0.488189,-0.038121,1.83709,0.522163,-0.0543602,1.88639,0.56538,0,2.03176,0.55713,-0.0202192
6.55008,1.79798,1.22613,2.6203,1.79623,1.24159,2.62031,1.87393,1.46337,2,1.87173,1.44888,1.98932,1.80265,0.455505,-0.0361549,1.82676,0.49085,-0.0553203,1.87418,0.527136,0,2.02136,0.529321,-0.0193969
6.55999,1.81603,1.23054,2.61994,1.81445,1.24634,2.61975,1.89269,1.46848,2,1.89189,1.45403,1.98913,1.79088,0.423269,-0.034203,1.81627,0.459326,-0.0560445,1.86208,0.489445,0,2.01065,0.501413,-0.0183116
6.56999,1.8334,1.23451,2.61962,1.83256,1.25078,2.61919,1.91076,1.47306,2,1.91195,1.45891,1.98895,1.77935,0.391901,-0.0322928,1.80564,0.427596,-0.0564931,1.85023,0.452795,0,1.99965,0.473403,-0.0169273
6.57998,1.85147,1.23834,2.6193,1.85056,1.25489,2.61862,1.92955,1.47748,2,1.93189,1.4635,1.98879,1.76716,0.358944,-0.0302751,1.79491,0.395723,-0.056791,1.83771,0.414314,0,1.98838,0.445336,-0.0153766
6.59001,1.8689,1.24173,2.61901,1.86845,1.25869,2.61806,1.94768,1.4814,2,1.95171,1.46781,1.98865,1.7552,0.326815,-0.0282988,1.78408,0.363762,-0.0569469,1.82543,0.376822,0,1.97686,0.417247,-0.0136751
6.59997,1.88618,1.2448,2.61874,1.88624,1.26217,2.61749,1.96565,1.48493,2,1.97142,1.47184,1.98852,1.74314,0.294666,-0.0263131,1.77311,0.331722,-0.0568825,1.81306,0.339327,0,1.96505,0.389135,-0.0117484
6.61,1.90382,1.24762,2.61848,1.90392,1.26532,2.61692,1.98399,1.48818,2,1.99101,1.47559,1.98841,1.73062,0.26151,-0.0242576,1.76199,0.299542,-0.0566461,1.80023,0.300678,0,1.95293,0.360924,-0.00965037
6.62003,1.92142,1.25012,2.61825,1.92148,1.26816,2.61635,2.00231,1.49105,2,2.01048,1.47906,1.98833,1.71791,0.228087,-0.0221788,1.75074,0.267216,-0.0561951,1.7872,0.261736,0,1.94054,0.332594,-0.00734342
6.62999,1.93828,1.25221,2.61804,1.93893,1.27067,2.6158,2.01984,1.49344,2,2.02982,1.48225,1.98827,1.70553,0.195797,-0.0201649,1.73931,0.234819,-0.0553848,1.77453,0.224129,0,1.9278,0.304213,-0.00468617
6.63997,1.95492,1.25397,2.61785,1.95627,1.27285,2.61525,2.03716,1.49546,2,2.04904,1.48515,1.98823,1.6931,0.163602,-0.0181526,1.72774,0.20229,-0.0543412,1.76181,0.186647,0,1.91478,0.275703,-0.00181135
6.64999,1.97182,1.25544,2.61768,1.97349,1.27471,2.61471,2.05475,1.49713,2,2.06812,1.48776,1.98823,1.68028,0.130636,-0.0160883,1.71605,0.169787,-0.0532704,1.74869,0.148278,0,1.90149,0.247196,0.00106626
6.65997,1.98884,1.2566,2.61753,1.99059,1.27625,2.61418,2.07247,1.49844,2,2.08707,1.49009,1.98826,1.66714,0.0971136,-0.0139863,1.70424,0.13737,-0.0520501,1.73526,0.109272,0,1.88794,0.21874,0.00406381
6.66999,2.00532,1.2574,2.6174,2.00757,1.27746,2.61367,2.08961,1.49934,2,2.10588,1.49213,1.98831,1.65421,0.064395,-0.0119327,1.69225,0.104889,-0.0505201,1.72205,0.0712095,0,1.87406,0.190176,0.00733831
6.67999,2.02186,1.25788,2.61729,2.02443,1.27835,2.61317,2.10683,1.49986,2,2.12455,1.49389,1.9884,1.64101,0.0312644,-0.00985215,1.68012,0.0723753,-0.0487691,1.70857,0.0326737,0,1.8599,0.161527,0.0107964
6.68999,2.03803,1.25803,2.6172,2.04117,1.27891,2.61269,2.12367,1.5,2,2.14307,1.49536,1.98853,1.62789,-0.00141069,-0.00779999,1.66786,0.0396629,-0.0468346,1.69517,-0.00532803,0,1.84546,0.132613,0.0143958
6.70001,2.05431,1.25785,2.61713,2.05779,1.27914,2.61224,2.14063,1.49975,2,2.16145,1.49655,1.98869,1.61447,-0.0345621,-0.00571856,1.6555,0.006931,-0.0448289,1.68147,-0.0438813,0,1.8308,0.103594,0.0180164
6.70999,2.0705,1.25734,2.61709,2.07428,1.27905,2.6118,2.15749,1.49911,2,2.17969,1.49744,1.98889,1.60089,-0.0678003,-0.0036332,1.64304,-0.0257416,-0.0427363,1.66762,-0.0825351,0,1.81589,0.0745307,0.021668
6.72003,2.08657,1.25648,2.61706,2.09065,1.27863,2.61138,2.17423,1.49809,2,2.19777,1.49804,1.98912,1.58719,-0.10106,-0.00154889,1.63045,-0.0583743,-0.0404798,1.65364,-0.121215,0,1.80073,0.0453922,0.0254226
6.72996,2.10197,1.25534,2.61705,2.10689,1.27788,2.61099,2.19028,1.49672,2,2.2157,1.49834,1.9894,1.57384,-0.133185,0.00046122,1.61771,-0.0911336,-0.0380162,1.64003,-0.158579,0,1.78529,0.0160028,0.0293193
6.73998,2.11772,1.25384,2.61707,2.123,1.2768,2.61062,2.2067,1.49493,2,2.23348,1.49836,1.98971,1.55997,-0.166276,0.0025277,1.60487,-0.123859,-0.0354652,1.62589,-0.197072,0,1.76964,-0.0134932,0.0332326
6.75003,2.1335,1.25198,2.61711,2.13899,1.2754,2.61028,2.22314,1.49274,2,2.25109,1.49807,1.99006,1.54584,-0.199669,0.00460795,1.59194,-0.156402,-0.0329026,1.61149,-0.235922,0,1.7538,-0.0429655,0.0370794
6.75998,2.14877,1.24984,2.61716,2.15484,1.27368,2.60996,2.23906,1.49021,2,2.26855,1.4975,1.99045,1.53194,-0.232218,0.00662983,1.57892,-0.188797,-0.0302313,1.59732,-0.2738,0,1.73775,-0.0724634,0.0409517
6.77,2.16408,1.24734,2.61724,2.17056,1.27163,2.60967,2.25503,1.48726,2,2.28585,1.49662,1.99088,1.51776,-0.265108,0.00866621,1.56574,-0.221083,-0.0275096,1.58288,-0.312085,0,1.72145,-0.102032,0.0447875
6.78,2.17914,1.24453,2.61733,2.18616,1.26926,2.60941,2.27073,1.48397,2,2.30298,1.49546,1.99135,1.5036,-0.297652,0.0106736,1.55245,-0.253207,-0.0250026,1.56845,-0.34998,0,1.70496,-0.131635,0.0483166
6.78999,2.19394,1.24143,2.61745,2.20161,1.26656,2.60918,2.28617,1.48032,2,2.31995,1.49399,1.99185,1.48944,-0.329867,0.0126525,1.53907,-0.28521,-0.0224397,1.55402,-0.387506,0,1.68828,-0.161316,0.0518058
6.79999,2.20889,1.23794,2.61759,2.21694,1.26355,2.60897,2.30177,1.47622,2,2.33674,1.49223,1.99238,1.4749,-0.362626,0.0146553,1.52555,-0.317264,-0.0194516,1.53921,-0.425681,0,1.67137,-0.19125,0.0556195
6.81,2.22392,1.23405,2.61775,2.23212,1.26022,2.60879,2.31747,1.47166,2,2.35337,1.49017,1.99296,1.46003,-0.395787,0.016672,1.51188,-0.349278,-0.0160952,1.52407,-0.464344,0,1.65423,-0.221363,0.0596945
6.82005,2.23828,1.22998,2.61792,2.24717,1.25657,2.60864,2.33245,1.46689,2,2.36983,1.4878,1.99358,1.44559,-0.427648,0.0185985,1.49806,-0.381236,-0.0124581,1.50937,-0.501512,0,1.63686,-0.251648,0.0639393
6.83003,2.25266,1.22555,2.61812,2.26208,1.25259,2.60854,2.34747,1.46168,2,2.38611,1.48513,1.99424,1.43089,-0.459755,0.0205278,1.48417,-0.41312,-0.00859813,1.49439,-0.538987,0,1.61935,-0.282091,0.0682936
6.83998,2.26662,1.22089,2.61833,2.27686,1.2483,2.60847,2.36205,1.45622,2,2.40222,1.48216,1.99495,1.41638,-0.491109,0.0223992,1.47018,-0.44481,-0.0045572,1.47962,-0.575605,0,1.60167,-0.312583,0.0727105
6.85008,2.28093,1.21573,2.61857,2.29149,1.2437,2.60845,2.377,1.45018,2,2.41814,1.47888,1.99569,1.40126,-0.523447,0.024315,1.45604,-0.476362,-0.000393585,1.46421,-0.613397,0,1.5838,-0.343191,0.0771273
6.86007,2.29498,1.2103,2.61882,2.30598,1.23878,2.60847,2.39168,1.44381,2,2.43389,1.47529,1.99649,1.38616,-0.555375,0.0261911,1.44176,-0.507843,0.00383961,1.44883,-0.650738,0,1.56575,-0.373988,0.0814883
6.87005,2.30868,1.20462,2.61909,2.32032,1.23354,2.60853,2.40601,1.43716,2,2.44946,1.4714,1.99732,1.37118,-0.586698,0.0280158,1.42733,-0.539216,0.00809536,1.43357,-0.687399,0,1.54752,-0.40494,0.0857441
6.88003,2.32235,1.19858,2.61938,2.33452,1.22799,2.60863,2.4203,1.43009,2,2.46484,1.46719,1.9982,1.35599,-0.618094,0.0298275,1.41278,-0.57041,0.012367,1.41809,-0.724175,0,1.52914,-0.435984,0.0898841
6.88998,2.33554,1.19239,2.61968,2.34858,1.22213,2.60877,2.43409,1.42283,2,2.48004,1.46268,1.99912,1.34107,-0.648569,0.0315686,1.39816,-0.601348,0.0166463,1.4029,-0.759903,0,1.51067,-0.467053,0.0938959
6.89996,2.34887,1.18575,2.62,2.36249,1.21597,2.60896,2.44805,1.41504,2,2.49505,1.45785,2.00008,1.32574,-0.679527,0.0333182,1.38343,-0.632054,0.0209007,1.38727,-0.796228,0,1.49209,-0.498177,0.0977432
6.90998,2.36233,1.17865,2.62035,2.37625,1.20949,2.60919,2.46213,1.40673,2,2.50988,1.45272,2.00108,1.31,-0.710931,0.035072,1.36859,-0.662596,0.0250987,1.37123,-0.833113,0,1.4734,-0.529431,0.101392
6.92,2.37521,1.17147,2.62071,2.38986,1.20272,2.60946,2.47562,1.39831,2,2.52452,1.44726,2.00211,1.29468,-0.741136,0.0367375,1.35364,-0.692913,0.0292686,1.3556,-0.868624,0,1.45461,-0.560753,0.104869
6.93001,2.38808,1.1639,2.62108,2.40332,1.19564,2.60978,2.48909,1.38944,2,2.53897,1.4415,2.00317,1.2791,-0.77146,0.0383871,1.33861,-0.722929,0.0334195,1.33971,-0.904313,0,1.43575,-0.592069,0.108183
6.94012,2.40106,1.15587,2.62149,2.41663,1.18826,2.61013,2.50269,1.38003,2,2.55324,1.43542,2.00427,1.26312,-0.802179,0.0400336,1.3235,-0.752719,0.0375018,1.3234,-0.940506,0,1.41684,-0.62346,0.11128
6.94998,2.41324,1.14795,2.62188,2.42979,1.18058,2.61053,2.51545,1.37074,2,2.56731,1.42903,2.0054,1.24786,-0.831127,0.0415611,1.30834,-0.782209,0.0415352,1.30783,-0.974651,0,1.39791,-0.654852,0.11418
6.96009,2.42591,1.1393,2.62231,2.4428,1.17262,2.61096,2.52873,1.3606,2,2.58119,1.42233,2.00655,1.2317,-0.861384,0.0431309,1.2931,-0.811315,0.0455416,1.29133,-1.01038,0,1.37893,-0.686157,0.116906
6.97001,2.43819,1.13051,2.62275,2.45565,1.16436,2.61144,2.54161,1.35028,2,2.59489,1.41531,2.00773,1.21575,-0.890844,0.0446313,1.27776,-0.840111,0.0494723,1.27505,-1.04521,0,1.35991,-0.717456,0.119406
6.97999,2.45051,1.12127,2.62322,2.46835,1.15581,2.61195,2.55453,1.33944,2,2.60839,1.40798,2.00894,1.19947,-0.920512,0.0461127,1.26234,-0.868605,0.0533465,1.25841,-1.08034,0,1.34086,-0.748749,0.121703
6.98998,2.46186,1.11237,2.62366,2.4809,1.14699,2.6125,2.56644,1.32899,2,2.62171,1.40033,2.01017,1.1842,-0.947956,0.0474547,1.24683,-0.896795,0.0571602,1.2428,-1.11287,0,1.32179,-0.780027,0.123795
6.99997,2.47363,1.10274,2.62414,2.49329,1.13788,2.61309,2.5788,1.31769,2,2.63483,1.39238,2.01142,1.16809,-0.976516,0.0488205,1.23125,-0.92472,0.0608912,1.22633,-1.14677,0,1.30269,-0.811327,0.125661
7.00998,2.48533,1.09275,2.62464,2.50552,1.12849,2.61372,2.59108,1.30595,2,2.64776,1.38411,2.01268,1.15178,-1.00501,0.0501497,1.21557,-0.952336,0.0645206,1.20964,-1.18063,0,1.28358,-0.842609,0.12728
7.01997,2.49664,1.08267,2.62515,2.5176,1.11883,2.61438,2.60297,1.29411,2,2.6605,1.37552,2.01396,1.13572,-1.03267,0.0514065,1.19979,-0.97963,0.0680648,1.1932,-1.21357,0,1.26444,-0.873864,0.12867
7.02997,2.50809,1.07204,2.62567,2.52952,1.1089,2.61508,2.61499,1.28162,2,2.67305,1.36663,2.01525,1.11917,-1.06075,0.0526457,1.184,-1.00663,0.071563,1.17625,-1.24704,0,1.2454,-0.905106,0.129873
7.04003,2.51918,1.06131,2.62621,2.54128,1.0987,2.61581,2.62665,1.269,2,2.68541,1.35742,2.01656,1.10282,-1.08805,0.0538133,1.16815,-1.03332,0.0749941,1.1595,-1.27963,0,1.22638,-0.936335,0.130871
7.04996,2.53004,1.05038,2.62674,2.55288,1.08824,2.61658,2.63807,1.25615,2,2.69758,1.3479,2.01787,1.08652,-1.11487,0.0549221,1.15225,-1.05953,0.0784028,1.14279,-1.3117,0,1.2074,-0.967343,0.131712
7.05998,2.5409,1.03902,2.6273,2.56432,1.07751,2.61738,2.6495,1.24277,2,2.70955,1.33808,2.01919,1.06991,-1.14177,0.0559939,1.13622,-1.08537,0.0817295,1.12574,-1.34392,0,1.1884,-0.998272,0.13234
7.07,2.55147,1.02752,2.62787,2.5756,1.06653,2.61822,2.66063,1.22923,2,2.72134,1.32794,2.02052,1.05342,-1.16803,0.0569985,1.12006,-1.11079,0.084989,1.10882,-1.37543,0,1.1694,-1.02903,0.132775
7.07998,2.56208,1.01553,2.62845,2.58672,1.0553,2.61908,2.67179,1.21511,2,2.73294,1.31749,2.02185,1.03656,-1.19447,0.0579652,1.10373,-1.13586,0.0881724,1.0915,-1.40719,0,1.15033,-1.05971,0.133014
7.09003,2.57235,1.00347,2.62903,2.59768,1.04381,2.61998,2.68261,1.20091,2,2.74435,1.30674,2.02318,1.01992,-1.22012,0.0588582,1.0873,-1.16061,0.0912756,1.07439,-1.43806,0,1.13128,-1.09032,0.133056
7.09999,2.58237,0.991262,2.62962,2.60847,1.03209,2.62091,2.69316,1.18651,2,2.75557,1.29569,2.02451,1.00335,-1.24522,0.0596862,1.07082,-1.1849,0.0943326,1.05735,-1.46834,0,1.11231,-1.12069,0.132942
7.10998,2.59226,0.978765,2.63022,2.61909,1.02012,2.62187,2.70359,1.17177,2,2.7666,1.28433,2.02583,0.986678,-1.27006,0.0604576,1.05428,-1.20872,0.0973487,1.04019,-1.49834,0,1.09339,-1.15085,0.13268
7.12,2.60201,0.965976,2.63082,2.62955,1.00791,2.62285,2.71387,1.15668,2,2.77744,1.27267,2.02716,0.969894,-1.29462,0.0611708,1.03772,-1.2322,0.100283,1.0229,-1.52806,0,1.07457,-1.1809,0.132236
7.13002,2.61178,0.952701,2.63145,2.63985,0.995475,2.62387,2.72417,1.14101,2,2.78809,1.26071,2.02848,0.952747,-1.31926,0.0618334,1.02115,-1.25534,0.103114,1.00523,-1.55793,0,1.05588,-1.21082,0.131596
7.14002,2.6212,0.93942,2.63207,2.64998,0.982808,2.62492,2.73412,1.12532,2,2.79855,1.24846,2.02979,0.935856,-1.34309,0.0624203,1.0045,-1.27803,0.105826,0.987802,-1.58687,0,1.03724,-1.2405,0.130752
7.14998,2.63034,0.926063,2.63269,2.65994,0.969916,2.62599,2.74377,1.10953,2,2.80883,1.2359,2.03109,0.919114,-1.36626,0.0629371,0.987816,-1.30031,0.108454,0.970518,-1.61508,0,1.0187,-1.26997,0.129748
7.16,2.63954,0.912151,2.63332,2.66973,0.956803,2.62708,2.75348,1.09308,2,2.81893,1.22306,2.03238,0.901925,-1.38961,0.0634,0.971094,-1.3222,0.111004,0.952758,-1.64354,0,1.00026,-1.29925,0.128598
7.16997,2.64837,0.898295,2.63395,2.67936,0.943474,2.62821,2.76282,1.07669,2,2.82884,1.20992,2.03366,0.885042,-1.4121,0.0637875,0.954333,-1.34369,0.113464,0.935299,-1.67101,0,0.981925,-1.3283,0.127297
7.18,2.65717,0.884013,2.6346,2.68882,0.929931,2.62935,2.77211,1.05978,2,2.83857,1.19649,2.03493,0.867868,-1.43451,0.064113,0.937477,-1.36484,0.115792,0.917525,-1.69846,0,0.963642,-1.3572,0.125812
7.18999,2.66587,0.869372,2.63525,2.69811,0.916178,2.63052,2.78131,1.04245,2,2.84811,1.18278,2.03618,0.850493,-1.45673,0.0643716,0.920536,-1.3856,0.118035,0.899528,-1.72571,0,0.945425,-1.38586,0.124197
7.2,2.67423,0.854807,2.63589,2.70723,0.90222,2.63171,2.79015,1.02519,2,2.85748,1.16878,2.03741,0.833425,-1.47811,0.0645559,0.903633,-1.40587,0.120226,0.881833,-1.75198,0,0.927395,-1.41421,0.122497
7.20997,2.68257,0.839746,2.63654,2.71618,0.888061,2.63293,2.79898,1.00733,2,2.86666,1.15449,2.03863,0.815988,-1.49948,0.0646726,0.886746,-1.42587,0.122269,0.863739,-1.7783,0,0.909531,-1.44242,0.120619
7.22,2.69052,0.824885,2.63718,2.72497,0.873704,2.63416,2.8074,0.9897,2,2.87567,1.13993,2.03983,0.798983,-1.51987,0.0647166,0.869851,-1.44546,0.124204,0.846079,-1.80346,0,0.891811,-1.47036,0.118619
7.23,2.69849,0.809442,2.63783,2.73358,0.859153,2.63541,2.81585,0.971371,2,2.8845,1.12509,2.041,0.781513,-1.54035,0.0646897,0.852867,-1.46465,0.126001,0.827919,-1.82879,0,0.874157,-1.49803,0.116473
7.23998,2.70619,0.79401,2.63847,2.74202,0.844413,2.63668,2.824,0.953045,2,2.89315,1.10997,2.04215,0.764246,-1.56014,0.0645914,0.835791,-1.48343,0.127664,0.809954,-1.85331,0,0.856572,-1.52541,0.114196
7.25004,2.71372,0.778354,2.63912,2.75029,0.829486,2.63796,2.83198,0.934441,2,2.90163,1.09458,2.04328,0.746913,-1.57954,0.0644208,0.818643,-1.50175,0.129194,0.791903,-1.87741,0,0.839072,-1.55244,0.111797
7.25998,2.72113,0.762404,2.63976,2.75839,0.814379,2.63926,2.83984,0.915478,2,2.90993,1.07892,2.04439,0.729437,-1.59864,0.0641759,0.801466,-1.51956,0.130623,0.773687,-1.90117,0,0.821699,-1.57907,0.109316
7.26998,2.72827,0.746486,2.6404,2.76632,0.799097,2.64057,2.84741,0.896543,2,2.91806,1.063,2.04547,0.712168,-1.61705,0.063862,0.784277,-1.53682,0.13195,0.755669,-1.92414,0,0.804468,-1.60524,0.106759
7.27999,2.73533,0.730168,2.64103,2.77408,0.783645,2.6419,2.8549,0.87712,2,2.92602,1.04682,2.04653,0.694635,-1.63528,0.0634704,0.767039,-1.55355,0.13316,0.737359,-1.94692,0,0.787339,-1.63096,0.104123
7.29003,2.74226,0.713543,2.64167,2.78166,0.768028,2.64324,2.86227,0.857321,2,2.93381,1.03038,2.04755,0.676939,-1.65321,0.0630008,0.749712,-1.56975,0.134278,0.718861,-1.96937,0,0.770271,-1.65622,0.101444
7.29997,2.74883,0.697199,2.64229,2.78907,0.752251,2.64459,2.86925,0.837847,2,2.94143,1.0137,2.04855,0.659699,-1.67021,0.0624718,0.732359,-1.58546,0.135289,0.700822,-1.99071,0,0.75332,-1.68105,0.0987175
7.30998,2.75542,0.680212,2.64292,2.79631,0.73632,2.64594,2.87624,0.817594,2,2.94888,0.996763,2.04953,0.641935,-1.68726,0.0618533,0.71497,-1.60081,0.136154,0.682218,-2.01215,0,0.736474,-1.70556,0.0959146
7.31998,2.76174,0.663289,2.64353,2.80337,0.720237,2.64731,2.88296,0.797407,2,2.95616,0.979587,2.05047,0.624388,-1.70363,0.0611694,0.697589,-1.61567,0.136897,0.663823,-2.03278,0,0.719771,-1.7296,0.093068
7.33,2.76788,0.646208,2.64414,2.81026,0.704007,2.64868,2.88949,0.77702,2,2.96327,0.962172,2.05139,0.60682,-1.71956,0.0604128,0.680203,-1.63015,0.137512,0.645389,-2.05289,0,0.703198,-1.75328,0.0901823
7.34005,2.77392,0.628765,2.64475,2.81698,0.687635,2.65006,2.89592,0.756191,2,2.97022,0.944522,2.05228,0.589022,-1.73521,0.0595734,0.662726,-1.64436,0.137935,0.626696,-2.07271,0,0.686667,-1.7767,0.0872022
7.34998,2.77964,0.611574,2.64533,2.82352,0.671121,2.65144,2.90201,0.73565,2,2.97701,0.926639,2.05313,0.571612,-1.75007,0.058682,0.6452,-1.65825,0.138232,0.608393,-2.09155,0,0.670219,-1.79979,0.084204
7.36002,2.78539,0.593624,2.64592,2.82988,0.654471,2.65282,2.90813,0.714192,2,2.98363,0.908527,2.05396,0.553568,-1.76498,0.0576855,0.627639,-1.67176,0.138391,0.589404,-2.1105,0,0.653866,-1.82248,0.0811826
7.36998,2.79072,0.576296,2.64648,2.83607,0.637687,2.65421,2.9138,0.693466,2,2.99008,0.890191,2.05476,0.53627,-1.77882,0.0566618,0.610066,-1.68485,0.138398,0.571185,-2.12812,0,0.637638,-1.84474,0.0781299
7.38,2.79611,0.558023,2.64706,2.84208,0.620776,2.65559,2.91955,0.671599,2,2.99638,0.871634,2.05552,0.518153,-1.79283,0.0555187,0.592469,-1.69745,0.138292,0.552085,-2.146,0,0.62152,-1.8665,0.0750921
7.39004,2.80119,0.54007,2.64761,2.84792,0.60374,2.65697,2.92496,0.650105,2,3.00252,0.852862,2.05626,0.500471,-1.80603,0.0543341,0.57484,-1.70961,0.138052,0.533426,-2.16288,0,0.6055,-1.88777,0.0720568
7.39999,2.80602,0.522279,2.64813,2.85358,0.586585,2.65835,2.93011,0.628793,2,3.00849,0.833881,2.05696,0.483056,-1.81857,0.053102,0.557237,-1.72127,0.137724,0.515033,-2.17895,0,0.589629,-1.90851,0.0690755
7.40997,2.81078,0.503986,2.64866,2.85906,0.569316,2.65973,2.93518,0.60687,2,3.01431,0.814694,2.05764,0.465257,-1.83093,0.0517769,0.539619,-1.73244,0.137267,0.496218,-2.19481,0,0.573871,-1.92869,0.0661175
7.41998,2.81531,0.485735,2.64917,2.86437,0.551938,2.6611,2.94001,0.584987,2,3.01997,0.795309,2.05829,0.447601,-1.84272,0.050398,0.522029,-1.74313,0.136681,0.477538,-2.20996,0,0.558263,-1.94834,0.0631864
7.42998,2.81972,0.467162,2.64967,2.8695,0.534455,2.66246,2.94472,0.562707,2,3.02547,0.775729,2.0589,0.429733,-1.85418,0.0489386,0.504414,-1.7534,0.135965,0.458617,-2.22473,0,0.542749,-1.96749,0.0602885
7.44001,2.82401,0.448191,2.65016,2.87446,0.516872,2.66381,2.9493,0.539939,2,3.03082,0.755961,2.05949,0.41158,-1.86533,0.0473917,0.486785,-1.76308,0.135141,0.439377,-2.23912,0,0.527329,-1.98596,0.0574531
7.44998,2.82794,0.429921,2.65061,2.87924,0.499194,2.66516,2.9535,0.518003,2,3.03602,0.736011,2.06005,0.394185,-1.87556,0.0458504,0.469098,-1.77239,0.134183,0.420927,-2.25235,0,0.511968,-2.00396,0.0546594
7.45999,2.83187,0.41073,2.65107,2.88384,0.481426,2.6665,2.9577,0.494953,2,3.04106,0.715884,2.06059,0.376003,-1.88578,0.0441793,0.451365,-1.78128,0.133112,0.401626,-2.26558,0,0.49667,-2.02145,0.0519355
7.47,2.83549,0.392135,2.6515,2.88827,0.46357,2.66782,2.96155,0.472608,2,3.04595,0.695584,2.06109,0.358464,-1.89517,0.0425111,0.433615,-1.78978,0.131907,0.382994,-2.27776,0,0.481457,-2.03842,0.0492638
7.48003,2.83899,0.373088,2.65192,2.89251,0.445631,2.66914,2.9653,0.449711,2,3.05069,0.675117,2.06157,0.340579,-1.90428,0.0407548,0.415833,-1.79789,0.130546,0.363979,-2.2896,0,0.466307,-2.05486,0.0466236
7.48996,2.84227,0.354199,2.65231,2.89658,0.427614,2.67043,2.96881,0.426996,2,3.05528,0.654489,2.06202,0.322914,-1.91282,0.0389678,0.398015,-1.80559,0.12902,0.345185,-2.30071,0,0.451221,-2.07077,0.0440114
7.49997,2.84542,0.335006,2.65269,2.90047,0.409521,2.67172,2.97217,0.403907,2,3.05972,0.633703,2.06245,0.305036,-1.92099,0.0371082,0.380138,-1.81293,0.127307,0.326151,-2.31135,0,0.436175,-2.08618,0.0414067
7.50996,2.84846,0.315215,2.65306,2.90419,0.391357,2.67298,2.97542,0.38009,2,3.064,0.612767,2.06285,0.286668,-1.92889,0.0351466,0.362237,-1.8197,0.125488,0.306584,-2.32167,0,0.421194,-2.10087,0.0388934
7.52,2.8512,0.296178,2.6534,2.90772,0.373129,2.67422,2.97835,0.357173,2,3.06814,0.591688,2.06323,0.269063,-1.93601,0.0332203,0.34426,-1.82594,0.123541,0.287816,-2.33097,0,0.40622,-2.11489,0.036449
7.52997,2.8538,0.276793,2.65372,2.91107,0.35484,2.67545,2.98113,0.333829,2,3.07213,0.570472,2.06358,0.251193,-1.94277,0.0312211,0.326225,-1.83169,0.121493,0.268753,-2.33981,0,0.391273,-2.12824,0.0341032
7.54002,2.85623,0.257216,2.65402,2.91424,0.336496,2.67665,2.98374,0.310248,2,3.07597,0.549125,2.06391,0.233201,-1.9491,0.0291662,0.308139,-1.83697,0.119296,0.249551,-2.3481,0,0.376354,-2.14096,0.0318137
7.54999,2.85844,0.237995,2.6543,2.91723,0.318102,2.67784,2.9861,0.287089,2,3.07966,0.527654,2.06422,0.215585,-1.95484,0.0271159,0.290015,-1.84186,0.116962,0.23074,-2.35563,0,0.361461,-2.15309,0.0295889
7.56009,2.86058,0.217661,2.65457,2.92004,0.29966,2.67899,2.9884,0.262584,2,3.0832,0.506065,2.0645,0.196998,-1.9604,0.0249144,0.271908,-1.84637,0.114524,0.210883,-2.36294,0,0.346639,-2.16464,0.0274601
7.57,2.8624,0.19878,2.6548,2.92267,0.281175,2.68013,2.99034,0.239823,2,3.08659,0.484363,2.06477,0.17978,-1.96511,0.0228424,0.253775,-1.85053,0.111966,0.192478,-2.36913,0,0.331845,-2.17564,0.0254096
7.58017,2.86419,0.178052,2.65503,2.92512,0.262651,2.68123,2.99226,0.214831,2,3.08983,0.462554,2.06501,0.160919,-1.96977,0.02054,0.235578,-1.85433,0.109266,0.172309,-2.37526,0,0.317038,-2.18609,0.0234187
7.58999,2.86563,0.15941,2.65522,2.92738,0.24409,2.68231,2.9938,0.192349,2,3.09293,0.440643,2.06524,0.143988,-1.97352,0.0184468,0.217365,-1.85783,0.106409,0.154197,-2.38019,0,0.302254,-2.196,0.0214657
7.6,2.86699,0.139572,2.65539,2.92947,0.225495,2.68336,2.99525,0.168421,2,3.09588,0.418636,2.06544,0.126001,-1.97704,0.0161985,0.199146,-1.86099,0.103295,0.13495,-2.38482,0,0.287488,-2.20535,0.0194503
7.61002,2.86819,0.119312,2.65554,2.93136,0.20687,2.68438,2.99654,0.14398,2,3.09868,0.396536,2.06563,0.10766,-1.98014,0.013883,0.180343,-1.8642,0.101964,0.115317,-2.38892,0,0.272239,-2.21464,0.0193914
7.62,2.86915,0.0999024,2.65567,2.93307,0.188212,2.6854,2.99757,0.120562,2,3.10132,0.374345,2.06583,0.0901111,-1.98266,0.0116489,0.16101,-1.8673,0.102272,0.096528,-2.39224,0,0.256537,-2.2237,0.0211443
7.62997,2.86998,0.079735,2.65577,2.93459,0.169528,2.68642,2.99845,0.0962276,2,3.10381,0.352068,2.06605,0.0718968,-1.9848,0.00931387,0.142505,-1.86915,0.100065,0.0770217,-2.39506,0,0.241547,-2.23113,0.0205726
7.63999,2.8706,0.060276,2.65585,2.93594,0.150842,2.68736,2.99912,0.0727455,2,3.10617,0.329738,2.0662,0.0543373,-1.9864,0.00705027,0.127801,-1.86751,0.0861335,0.0582135,-2.39718,0,0.229825,-2.23423,0.00847739
7.64999,2.87105,0.0403894,2.65591,2.93714,0.13218,2.68814,2.9996,0.0487458,2,3.10841,0.307386,2.06622,0.0364034,-1.98758,0.00472884,0.113204,-1.86528,0.0717797,0.0390018,-2.39873,0,0.218178,-2.23651,-0.00389299
7.65999,2.87133,0.0204169,2.65595,2.93819,0.113527,2.68884,2.9999,0.0246413,2,3.11052,0.284998,2.06617,0.0184,-1.9883,0.00239186,0.0944709,-1.86574,0.0701177,0.0197137,-2.39968,0,0.202935,-2.24185,-0.00343614
7.67004,2.87142,0.000571043,2.65596,2.93903,0.0948632,2.68956,3,0.000689199,2,3.11246,0.262548,2.06616,0.000514612,-1.98854,6.69118e-05,0.0743062,-1.86677,0.0729495,0.00055136,-2.4,0,0.186409,-2.2477,0.00167316
7.68008,2.87133,-0.0198851,2.65595,2.93969,0.0762056,2.69024,2.9999,-0.0239995,2,3.11426,0.24006,2.06615,-0.0179207,-1.98831,-0.00232958,0.0584621,-1.86433,0.0625247,-0.0192002,-2.39969,0,0.173563,-2.24926,-0.00634197
7.68999,2.87107,-0.0391652,2.65592,2.9402,0.0575787,2.6908,2.99963,-0.0472684,2,3.11593,0.217566,2.06603,-0.0352998,-1.98764,-0.00458573,0.0429021,-1.86137,0.051176,-0.0378194,-2.39881,0,0.160905,-2.25004,-0.0151596
7.70002,2.87063,-0.0590141,2.65586,2.94053,0.0389689,2.69131,2.99915,-0.0712226,2,3.11746,0.195049,2.06589,-0.053199,-1.98649,-0.00690318,0.0225404,-1.8612,0.0545321,-0.0569942,-2.39729,0,0.144015,-2.25391,-0.00910789
7.71001,2.87,-0.079039,2.65578,2.94064,0.020348,2.69193,2.99848,-0.0953878,2,3.1188,0.172481,2.06588,-0.0712686,-1.98486,-0.00923308,-0.000895899,-1.8627,0.06721,-0.0763489,-2.39514,0,0.124358,-2.25949,0.00643404
7.71997,2.86922,-0.0985304,2.65568,2.94054,0.00173136,2.69259,2.99764,-0.118907,2,3.11997,0.149879,2.06595,-0.0888714,-1.98282,-0.0114905,-0.0188508,-1.86007,0.0630961,-0.0952005,-2.39245,0,0.109387,-2.26013,0.00523552
7.73006,2.86816,-0.119705,2.65554,2.94026,-0.0168509,2.69319,2.99651,-0.144455,2,3.12099,0.127281,2.06599,-0.108016,-1.98009,-0.0139282,-0.0367104,-1.85674,0.0590992,-0.115699,-2.38884,0,0.09442,-2.25982,0.00425599
7.73997,2.86708,-0.138135,2.6554,2.93978,-0.0354149,2.69384,2.99535,-0.166687,2,3.12184,0.10467,2.0661,-0.124699,-1.97727,-0.0160349,-0.0606772,-1.85671,0.0736202,-0.133557,-2.38514,0,0.073989,-2.26304,0.0219991
7.75005,2.86569,-0.158567,2.65522,2.93904,-0.0539877,2.69468,2.99387,-0.191333,2,3.12246,0.0820181,2.06645,-0.143223,-1.97368,-0.0183518,-0.0862866,-1.85709,0.0928307,-0.15338,-2.3804,0,0.0519895,-2.26652,0.0445654
7.76009,2.86418,-0.178203,2.65503,2.93808,-0.0725414,2.69562,2.99224,-0.215013,2,3.1229,0.0593578,2.06692,-0.161056,-1.96974,-0.0205569,-0.105522,-1.85334,0.0928573,-0.172456,-2.37522,0,0.0354993,-2.26517,0.0479135
7.77002,2.86252,-0.197431,2.65482,2.93693,-0.091052,2.69654,2.99047,-0.238196,2,3.12318,0.0367185,2.0674,-0.178551,-1.96543,-0.0226934,-0.123738,-1.84861,0.0898333,-0.191164,-2.36955,0,0.0197758,-2.26248,0.0482643
7.78001,2.86061,-0.217442,2.65458,2.93561,-0.10951,2.69741,2.98842,-0.262319,2,3.1233,0.0141126,2.06788,-0.196798,-1.96046,-0.0248904,-0.140752,-1.84276,0.0832413,-0.210668,-2.36302,0,0.00498154,-2.25834,0.0450814
7.78998,2.8586,-0.23655,2.65432,2.93413,-0.1279,2.69817,2.98627,-0.285348,2,3.12329,-0.00843982,2.06827,-0.214263,-1.95525,-0.0269606,-0.155095,-1.83497,0.0686518,-0.229328,-2.35617,0,-0.0075317,-2.25193,0.0338869
7.80002,2.8563,-0.256625,2.65403,2.9325,-0.146209,2.69879,2.98381,-0.309537,2,3.12315,-0.0309251,2.06856,-0.232659,-1.94928,-0.0291037,-0.16972,-1.82696,0.0551485,-0.248973,-2.34834,0,-0.0204021,-2.24511,0.0238273
7.8101,2.85389,-0.276035,2.65373,2.93073,-0.164438,2.69928,2.98124,-0.332916,2,3.12288,-0.0533407,2.06876,-0.250495,-1.94302,-0.0311422,-0.184744,-1.81886,0.0432415,-0.268009,-2.34014,0,-0.0337497,-2.23796,0.0154103
7.81999,2.85135,-0.295048,2.65342,2.92881,-0.182586,2.69966,2.97852,-0.355813,2,3.12247,-0.0756834,2.06887,-0.26802,-1.93642,-0.0331048,-0.200198,-1.81071,0.032937,-0.286703,-2.3315,0,-0.0476094,-2.23053,0.00863536
7.83003,2.84857,-0.314441,2.65308,2.92673,-0.200652,2.69994,2.97554,-0.379158,2,3.12192,-0.09795,2.06893,-0.285951,-1.92919,-0.035069,-0.21614,-1.80245,0.0241592,-0.305819,-2.32206,0,-0.0620419,-2.22273,0.00342309
7.83996,2.84566,-0.333497,2.65272,2.92448,-0.218635,2.70014,2.97242,-0.402091,2,3.12123,-0.120137,2.06895,-0.303633,-1.92161,-0.0369601,-0.232473,-1.79404,0.0165939,-0.324657,-2.31216,0,-0.0769594,-2.21453,-0.000549517
7.84998,2.84244,-0.35321,2.65233,2.92208,-0.236533,2.70028,2.96899,-0.425806,2,3.12038,-0.142239,2.06893,-0.321991,-1.91325,-0.038873,-0.249198,-1.78548,0.0100321,-0.344203,-2.30127,0,-0.0923763,-2.2059,-0.00350179
7.86002,2.83918,-0.372017,2.65194,2.9195,-0.254344,2.70035,2.9655,-0.448424,2,3.11938,-0.164253,2.06888,-0.339575,-1.90478,-0.0406547,-0.266187,-1.77661,0.00427684,-0.362912,-2.29025,0,-0.108183,-2.19671,-0.00564586
7.86999,2.83573,-0.390821,2.65153,2.91675,-0.272063,2.70036,2.96182,-0.471029,2,3.11822,-0.186171,2.06881,-0.357228,-1.89581,-0.0423915,-0.283343,-1.76717,-0.000818939,-0.38168,-2.2786,0,-0.124286,-2.18669,-0.0071362
7.88,2.83208,-0.409701,2.6511,2.91383,-0.289686,2.70033,2.95791,-0.493716,2,3.11689,-0.207985,2.06874,-0.37503,-1.88631,-0.0440882,-0.300589,-1.75731,-0.00539339,-0.400593,-2.26627,0,-0.140613,-2.17598,-0.008119
7.88999,2.82817,-0.428856,2.65064,2.91074,-0.307208,2.70026,2.95374,-0.516725,2,3.1154,-0.229688,2.06865,-0.393174,-1.87614,-0.0457592,-0.317962,-1.74715,-0.00960986,-0.419855,-2.2531,0,-0.157215,-2.1647,-0.00876948
7.90004,2.82414,-0.447614,2.65017,2.90747,-0.324628,2.70014,2.94943,-0.539247,2,3.11375,-0.251277,2.06856,-0.411029,-1.86566,-0.0473439,-0.335452,-1.73678,-0.0135433,-0.438794,-2.23955,0,-0.174098,-2.15294,-0.00917664
7.90995,2.82001,-0.465888,2.6497,2.90403,-0.341943,2.69999,2.94503,-0.561178,2,3.11192,-0.272745,2.06847,-0.428511,-1.85494,-0.0488365,-0.353032,-1.7261,-0.0172546,-0.457322,-2.22571,0,-0.191224,-2.14058,-0.00940447
7.91997,2.81562,-0.484444,2.6492,2.90041,-0.359149,2.6998,2.94035,-0.583438,2,3.10992,-0.294086,2.06838,-0.446355,-1.84353,-0.0502983,-0.370633,-1.71508,-0.0207537,-0.476219,-2.21101,0,-0.208512,-2.1276,-0.00946759
7.92999,2.81102,-0.503006,2.64869,2.89662,-0.376243,2.69957,2.93544,-0.605695,2,3.10775,-0.315295,2.06828,-0.464306,-1.83158,-0.0517043,-0.38832,-1.70372,-0.0240932,-0.495213,-2.19564,0,-0.226039,-2.11403,-0.00943233
7.93998,2.80635,-0.521059,2.64817,2.89265,-0.393222,2.69931,2.93045,-0.627331,2,3.1054,-0.336365,2.06819,-0.481865,-1.81942,-0.0530154,-0.406109,-1.69201,-0.0273002,-0.513775,-2.18003,0,-0.243847,-2.09985,-0.00934293
7.94999,2.80144,-0.539191,2.64763,2.88849,-0.410082,2.69903,2.92522,-0.649052,2,3.10287,-0.35729,2.06809,-0.499608,-1.80666,-0.0542745,-0.423978,-1.67999,-0.0303497,-0.532515,-2.16369,0,-0.261899,-2.08509,-0.0091751
7.96,2.79634,-0.557222,2.64708,2.88417,-0.42682,2.69871,2.91979,-0.670641,2,3.10016,-0.378064,2.068,-0.517362,-1.79343,-0.0554671,-0.441756,-1.66748,-0.033216,-0.551251,-2.14677,0,-0.280012,-2.06959,-0.00890863
7.97001,2.79109,-0.575051,2.64652,2.87966,-0.443431,2.69836,2.9142,-0.691978,2,3.09727,-0.39868,2.06792,-0.535032,-1.77979,-0.056586,-0.459571,-1.65464,-0.0359834,-0.569881,-2.12936,0,-0.298327,-2.0535,-0.00863926
7.98009,2.78552,-0.593202,2.64594,2.87497,-0.459912,2.69799,2.90827,-0.713688,2,3.09419,-0.419132,2.06783,-0.553145,-1.76532,-0.0576613,-0.477423,-1.64151,-0.0386459,-0.588959,-2.11094,0,-0.316866,-2.03687,-0.00837647
7.98999,2.78007,-0.610272,2.64537,2.87011,-0.476259,2.69759,2.90246,-0.734094,2,3.09093,-0.439415,2.06775,-0.570299,-1.75117,-0.0586119,-0.49521,-1.62794,-0.0411596,-0.607011,-2.09295,0,-0.335498,-2.01955,-0.00807339
8.00001,2.77419,-0.627957,2.64477,2.86507,-0.49247,2.69717,2.89621,-0.755225,2,3.08748,-0.459521,2.06767,-0.5882,-1.73592,-0.0595328,-0.513083,-1.6141,-0.0435561,-0.625832,-2.07361,0,-0.354359,-2.0017,-0.00776327
8.00997,2.76815,-0.645433,2.64417,2.85985,-0.50854,2.69672,2.88978,-0.776095,2,3.08384,-0.479447,2.06759,-0.606026,-1.72026,-0.0603769,-0.531054,-1.59992,-0.0459048,-0.644556,-2.05379,0,-0.373469,-1.98327,-0.00752592
8.01999,2.76212,-0.662241,2.64357,2.85445,-0.524468,2.69625,2.88337,-0.796157,2,3.08001,-0.499185,2.06752,-0.623306,-1.70463,-0.0611249,-0.549056,-1.58544,-0.0482206,-0.662689,-2.03404,0,-0.392783,-1.96429,-0.00738993
8.03,2.75583,-0.679139,2.64296,2.84887,-0.540248,2.69575,2.87668,-0.816315,2,3.07599,-0.518731,2.06745,-0.640819,-1.68832,-0.0618119,-0.56706,-1.57061,-0.0504599,-0.681048,-2.01348,0,-0.412241,-1.94471,-0.00730795
8.04001,2.74933,-0.69593,2.64234,2.84311,-0.555879,2.69524,2.86978,-0.836334,2,3.07177,-0.538078,2.06737,-0.658367,-1.67151,-0.062428,-0.585097,-1.55558,-0.0526061,-0.699427,-1.99233,0,-0.43186,-1.92468,-0.00726377
8.05001,2.74256,-0.712801,2.6417,2.83717,-0.571359,2.6947,2.86259,-0.856437,2,3.06735,-0.557223,2.0673,-0.676153,-1.65399,-0.0629782,-0.603155,-1.54034,-0.0546659,-0.718039,-1.97035,0,-0.45163,-1.9042,-0.00727229
8.06,2.73564,-0.729427,2.64106,2.83104,-0.586685,2.69415,2.85524,-0.876238,2,3.06273,-0.57616,2.06723,-0.693843,-1.6361,-0.0634509,-0.621274,-1.52482,-0.0566585,-0.736531,-1.94793,0,-0.471593,-1.88321,-0.00735785
8.06998,2.72882,-0.745234,2.64044,2.82474,-0.601854,2.69357,2.848,-0.895052,2,3.05792,-0.594885,2.06715,-0.710817,-1.61848,-0.0638344,-0.639354,-1.50896,-0.0585651,-0.754259,-1.92591,0,-0.491663,-1.86161,-0.00751207
8.07999,2.72159,-0.761394,2.6398,2.81826,-0.616863,2.69298,2.84033,-0.914277,2,3.0529,-0.613391,2.06708,-0.728336,-1.59983,-0.064158,-0.657468,-1.49283,-0.060366,-0.772539,-1.90265,0,-0.51188,-1.83945,-0.00770964
8.08997,2.71423,-0.777276,2.63916,2.81159,-0.63171,2.69236,2.83253,-0.93316,2,3.04768,-0.631672,2.067,-0.745726,-1.58085,-0.0644065,-0.675682,-1.47641,-0.0620562,-0.790667,-1.87904,0,-0.5323,-1.81674,-0.00794693
8.10013,2.70641,-0.793552,2.63849,2.80474,-0.646391,2.69173,2.82424,-0.9525,2,3.04225,-0.649724,2.06692,-0.763736,-1.56072,-0.0645874,-0.69386,-1.4599,-0.0638519,-0.809423,-1.85403,0,-0.552793,-1.79369,-0.00844779
8.10998,2.6989,-0.808644,2.63786,2.79771,-0.660908,2.69109,2.81627,-0.970424,2,3.03662,-0.667544,2.06683,-0.780616,-1.54139,-0.0646864,-0.712101,-1.44344,-0.0655804,-0.826986,-1.83008,0,-0.573471,-1.77032,-0.00905014
8.11998,2.69109,-0.823792,2.63722,2.7905,-0.67526,2.69042,2.80801,-0.988403,2,3.03078,-0.68513,2.06674,-0.79774,-1.52134,-0.0647171,-0.730533,-1.42704,-0.0672169,-0.844787,-1.80528,0,-0.594423,-1.74664,-0.00972134
8.13022,2.68281,-0.839309,2.63656,2.7831,-0.689448,2.68974,2.79923,-1.00681,2,3.02474,-0.702475,2.06663,-0.815485,-1.50009,-0.0646749,-0.74868,-1.41042,-0.0695886,-0.863217,-1.77905,0,-0.615147,-1.72245,-0.0112829
8.13997,2.6748,-0.853792,2.63593,2.77553,-0.703469,2.68903,2.79076,-1.02398,2,3.01848,-0.719577,2.06651,-0.832243,-1.47957,-0.0645661,-0.766765,-1.39386,-0.071927,-0.880607,-1.75378,0,-0.635906,-1.6978,-0.0129916
8.14999,2.66633,-0.868591,2.63528,2.76777,-0.717325,2.6883,2.7818,-1.04152,2,3.01202,-0.73643,2.06637,-0.849572,-1.4579,-0.0643833,-0.785022,-1.37743,-0.0738722,-0.898574,-1.72714,0,-0.656951,-1.67273,-0.0145043
8.16008,2.65754,-0.883406,2.63462,2.75983,-0.731018,2.68756,2.7725,-1.05907,2,3.00534,-0.75303,2.06622,-0.867144,-1.43545,-0.0641252,-0.80336,-1.36105,-0.0754747,-0.916776,-1.6996,0,-0.67822,-1.64725,-0.0158873
8.16999,2.64904,-0.897224,2.634,2.7517,-0.744547,2.6868,2.76352,-1.07542,2,2.99845,-0.769373,2.06606,-0.883746,-1.4138,-0.0638145,-0.823483,-1.34508,-0.0715226,-0.933958,-1.6731,0,-0.701665,-1.62123,-0.0120541
8.18002,2.64001,-0.911421,2.63336,2.74332,-0.757925,2.68625,2.75398,-1.09222,2,2.99126,-0.785449,2.0661,-0.90103,-1.39081,-0.0634222,-0.851984,-1.33054,-0.0367809,-0.951832,-1.64501,0,-0.736872,-1.59361,0.020917
8.18998,2.63104,-0.92502,2.63273,2.73467,-0.771152,2.68611,2.74451,-1.1083,2,2.9837,-0.801243,2.06651,-0.917817,-1.36804,-0.0629744,-0.876314,-1.31439,0.0112115,-0.969178,-1.61724,0,-0.776106,-1.56502,0.063658
8.19996,2.62181,-0.938537,2.63211,2.72582,-0.784198,2.68654,2.73476,-1.12427,2,2.97572,-0.816745,2.06742,-0.934741,-1.34464,-0.0624567,-0.891692,-1.29369,0.0781983,-0.986652,-1.58877,0,-0.820735,-1.53513,0.119531
8.21008,2.61207,-0.952292,2.63147,2.71689,-0.797,2.68772,2.72449,-1.14052,2,2.96728,-0.831942,2.06892,-0.952223,-1.32001,-0.0618526,-0.891675,-1.26516,0.157883,-1.00469,-1.55884,0,-0.86781,-1.50443,0.181051
8.22003,2.60257,-0.965238,2.63086,2.70805,-0.80948,2.68963,2.71446,-1.15581,2,2.95839,-0.846836,2.07096,-0.968933,-1.29601,-0.0612097,-0.873749,-1.23047,0.222151,-1.02191,-1.52975,0,-0.907118,-1.47434,0.223373
8.23004,2.59283,-0.978029,2.63025,2.69946,-0.821607,2.6922,2.70419,-1.1709,2,2.94913,-0.861426,2.07341,-0.985706,-1.27149,-0.0605006,-0.843989,-1.19564,0.292534,-1.03919,-1.50007,0,-0.946782,-1.4437,0.267022
8.23997,2.58303,-0.990446,2.62966,2.69117,-0.833422,2.69543,2.69386,-1.18555,2,2.93948,-0.875711,2.07626,-1.00225,-1.24687,-0.0597389,-0.813777,-1.16876,0.350663,-1.05622,-1.47033,0,-0.981709,-1.41328,0.300018
8.24998,2.5729,-1.00281,2.62907,2.68315,-0.845,2.6991,2.68319,-1.20012,2,2.92953,-0.889696,2.07932,-1.01901,-1.22151,-0.0589053,-0.791641,-1.14721,0.375909,-1.07346,-1.43974,0,-1.00598,-1.38412,0.307792
8.26002,2.56247,-1.01508,2.62847,2.67531,-0.856372,2.70287,2.6722,-1.21458,2,2.91938,-0.903397,2.08236,-1.03593,-1.19544,-0.058,-0.777865,-1.12764,0.37883,-1.09086,-1.40836,0,-1.02346,-1.35593,0.299529
8.27004,2.55194,-1.027,2.62789,2.66757,-0.867562,2.7067,2.66112,-1.22862,2,2.90905,-0.916811,2.08535,-1.05269,-1.1692,-0.0570422,-0.770646,-1.11064,0.386535,-1.10806,-1.37683,0,-1.04306,-1.32688,0.297809
8.28,2.54157,-1.03831,2.62734,2.65989,-0.878591,2.71056,2.6502,-1.24193,2,2.89854,-0.929935,2.08828,-1.06888,-1.14342,-0.0560583,-0.76574,-1.09547,0.383445,-1.12469,-1.3459,0,-1.05879,-1.29805,0.287775
8.28998,2.53086,-1.04955,2.62679,2.65226,-0.889472,2.71433,2.63893,-1.25516,2,2.88789,-0.942775,2.09107,-1.08528,-1.11689,-0.0550039,-0.761892,-1.08082,0.369118,-1.14152,-1.31411,0,-1.07052,-1.26987,0.268605
8.29997,2.51991,-1.0606,2.62624,2.64465,-0.90021,2.71794,2.62741,-1.26816,2,2.87713,-0.955332,2.09365,-1.10175,-1.08983,-0.0538883,-0.760507,-1.06689,0.352845,-1.1584,-1.28176,0,-1.08145,-1.24156,0.24875
8.31002,2.50868,-1.07148,2.6257,2.63704,-0.910814,2.72139,2.61562,-1.28095,2,2.86626,-0.967606,2.09605,-1.1183,-1.06221,-0.0527091,-0.762171,-1.05399,0.336332,-1.17536,-1.24878,0,-1.09222,-1.21308,0.229798
8.32007,2.49728,-1.08208,2.62517,2.62939,-0.921292,2.72467,2.60364,-1.29342,2,2.85528,-0.979592,2.09826,-1.1348,-1.03424,-0.0514765,-0.766908,-1.04188,0.32037,-1.19226,-1.21543,0,-1.10288,-1.18424,0.212465
8.32997,2.48614,-1.09204,2.62468,2.62169,-0.931653,2.72779,2.59193,-1.30512,2,2.8442,-0.99129,2.1003,-1.15064,-1.00699,-0.050241,-0.774691,-1.03042,0.304811,-1.20847,-1.183,0,-1.11337,-1.15516,0.196568
8.34,2.47448,-1.10202,2.62418,2.61389,-0.941902,2.73076,2.57969,-1.31685,2,2.83302,-1.00269,2.10219,-1.16691,-0.978593,-0.0489185,-0.78548,-1.01926,0.289354,-1.22512,-1.14924,0,-1.12364,-1.12585,0.181776
8.34997,2.46276,-1.11165,2.6237,2.60597,-0.952039,2.73358,2.56738,-1.32815,2,2.82173,-1.01381,2.10394,-1.18298,-0.950127,-0.0475596,-0.799366,-1.00816,0.274154,-1.24156,-1.11545,0,-1.13379,-1.09626,0.168199
8.35997,2.45084,-1.12102,2.62323,2.59789,-0.962065,2.73625,2.55487,-1.33914,2,2.81034,-1.02462,2.10556,-1.19904,-0.921298,-0.0461515,-0.81625,-0.996974,0.259214,-1.25797,-1.08127,0,-1.14373,-1.06647,0.155794
8.37007,2.43836,-1.13038,2.62276,2.58963,-0.971978,2.73877,2.54179,-1.35013,2,2.79885,-1.03513,2.10706,-1.21552,-0.891262,-0.0446524,-0.836048,-0.985635,0.244384,-1.27481,-1.04571,0,-1.15346,-1.03667,0.14436
8.38004,2.42613,-1.13915,2.62232,2.58116,-0.981776,2.74114,2.52896,-1.36042,2,2.78727,-1.04535,2.10845,-1.23142,-0.861912,-0.043158,-0.85855,-0.97394,0.229511,-1.29104,-1.01101,0,-1.16288,-1.00692,0.133682
8.38997,2.41421,-1.1473,2.62191,2.57245,-0.991454,2.74336,2.51646,-1.36998,2,2.7756,-1.05527,2.10973,-1.24663,-0.833438,-0.0416819,-0.883486,-0.961508,0.214526,-1.30658,-0.977379,0,-1.17187,-0.977079,0.123635
8.4,2.40157,-1.15554,2.6215,2.56348,-1.001,2.74543,2.50323,-1.37964,2,2.76384,-1.06489,2.11092,-1.26248,-0.803398,-0.0400984,-0.910751,-0.948352,0.199354,-1.32275,-0.941943,0,-1.18051,-0.947401,0.114078
8.41,2.38884,-1.16345,2.62111,2.55423,-1.01042,2.74734,2.48988,-1.38891,2,2.75199,-1.07422,2.11202,-1.27818,-0.773238,-0.0384831,-0.940079,-0.9341,0.184005,-1.33877,-0.906407,0,-1.18875,-0.917714,0.104954
8.42001,2.37594,-1.17105,2.62073,2.54468,-1.01968,2.74911,2.47638,-1.39782,2,2.74006,-1.08325,2.11302,-1.2938,-0.742855,-0.0368316,-0.971353,-0.918636,0.168499,-1.3547,-0.870647,0,-1.19668,-0.888068,0.096231
8.42998,2.36301,-1.17828,2.62037,2.5348,-1.02879,2.75071,2.46284,-1.40629,2,2.72806,-1.09198,2.11394,-1.3092,-0.712517,-0.03516,-1.00429,-0.901799,0.152696,-1.37041,-0.834977,0,-1.20425,-0.858473,0.0877089
8.44,2.34988,-1.18523,2.62003,2.52458,-1.03771,2.75216,2.4491,-1.41444,2,2.71598,-1.10042,2.11478,-1.32458,-0.681866,-0.0334495,-1.03872,-0.88356,0.13661,-1.38608,-0.798975,0,-1.21157,-0.829035,0.0793416
8.45,2.33656,-1.19189,2.6197,2.51402,-1.04645,2.75344,2.43516,-1.42225,2,2.70383,-1.10856,2.11553,-1.33991,-0.650927,-0.0317025,-1.07435,-0.863737,0.120329,-1.40171,-0.762668,0,-1.21861,-0.799672,0.0711679
8.45996,2.32305,-1.19826,2.6194,2.50309,-1.05498,2.75457,2.42103,-1.42971,2,2.69161,-1.11641,2.1162,-1.3552,-0.619711,-0.0299204,-1.11093,-0.842293,0.103935,-1.41729,-0.72607,0,-1.22536,-0.770428,0.0632271
8.46999,2.30936,-1.20433,2.6191,2.4918,-1.06329,2.75552,2.40672,-1.43682,2,2.67932,-1.12397,2.1168,-1.37042,-0.588261,-0.0281064,-1.14825,-0.819192,0.0873798,-1.4328,-0.689228,0,-1.2319,-0.741339,0.0554246
8.48002,2.29539,-1.21013,2.61883,2.48013,-1.07136,2.75631,2.39211,-1.44362,2,2.66697,-1.13124,2.11731,-1.38571,-0.556315,-0.0262462,-1.18601,-0.794338,0.0707011,-1.44838,-0.651838,0,-1.2382,-0.712344,0.0477564
8.48996,2.28181,-1.2154,2.61858,2.46808,-1.07917,2.75694,2.37792,-1.44979,2,2.65456,-1.13822,2.11775,-1.40032,-0.52545,-0.0244331,-1.22424,-0.767845,0.0542025,-1.46325,-0.615739,0,-1.24445,-0.683562,0.0405213
8.49998,2.2677,-1.22051,2.61835,2.45564,-1.08671,2.7574,2.36318,-1.45578,2,2.64208,-1.14491,2.11812,-1.41525,-0.493549,-0.0225442,-1.26276,-0.739733,0.0378336,-1.47846,-0.578456,0,-1.25072,-0.655009,0.0336327
8.50999,2.25322,-1.22537,2.61813,2.44282,-1.09396,2.7577,2.34805,-1.46147,2,2.62954,-1.15132,2.11843,-1.43032,-0.461004,-0.0206026,-1.30155,-0.709996,0.021796,-1.49381,-0.540444,0,-1.25718,-0.626659,0.0272776
8.51998,2.23905,-1.22976,2.61793,2.42961,-1.10091,2.75784,2.33326,-1.46662,2,2.61694,-1.15745,2.11867,-1.44481,-0.429369,-0.0187022,-1.34053,-0.678718,0.00620777,-1.50857,-0.50352,0,-1.26396,-0.598585,0.0215592
8.52997,2.22455,-1.23388,2.61776,2.41601,-1.10753,2.75782,2.31812,-1.47146,2,2.60426,-1.16329,2.11886,-1.4594,-0.397173,-0.016756,-1.37954,-0.646,-0.00901745,-1.52343,-0.465961,0,-1.27116,-0.570851,0.0163545
8.53999,2.20988,-1.23769,2.6176,2.40202,-1.11382,2.75766,2.30281,-1.47593,2,2.59151,-1.16886,2.119,-1.47393,-0.364808,-0.0147883,-1.41833,-0.611703,-0.0237488,-1.53822,-0.428225,0,-1.27875,-0.543264,0.0117653
8.54998,2.19513,-1.24117,2.61746,2.38764,-1.11976,2.75735,2.28741,-1.48001,2,2.57868,-1.17416,2.1191,-1.48829,-0.332473,-0.0128121,-1.45671,-0.575867,-0.0379106,-1.55285,-0.390542,0,-1.28677,-0.515813,0.00783813
8.55997,2.18,-1.24436,2.61734,2.37289,-1.12533,2.7569,2.27163,-1.48376,2,2.56578,-1.17918,2.11916,-1.50278,-0.29952,-0.0107886,-1.4944,-0.538395,-0.051468,-1.56761,-0.352155,0,-1.29514,-0.488326,0.00457274
8.56996,2.16482,-1.24721,2.61724,2.35776,-1.13052,2.75632,2.2558,-1.48711,2,2.55278,-1.18393,2.11919,-1.51707,-0.266695,-0.0087643,-1.5314,-0.499474,-0.0644558,-1.58218,-0.313933,0,-1.30407,-0.460891,0.00189398
8.57999,2.14964,-1.2497,2.61717,2.34226,-1.13532,2.75561,2.23997,-1.49005,2,2.53969,-1.1884,2.1192,-1.53114,-0.234085,-0.00674563,-1.56744,-0.459185,-0.0768164,-1.59651,-0.275973,0,-1.31348,-0.433481,-0.000177169
8.58997,2.1344,-1.25186,2.61711,2.32641,-1.1397,2.75479,2.22408,-1.4926,2,2.52651,-1.1926,2.11919,-1.54503,-0.201586,-0.00472719,-1.60241,-0.417659,-0.0885339,-1.61066,-0.238153,0,-1.32344,-0.406111,-0.00167084
8.59998,2.11887,-1.25371,2.61707,2.31022,-1.14367,2.75385,2.20789,-1.49479,2,2.51322,-1.19652,2.11917,-1.55895,-0.168693,-0.0026784,-1.63619,-0.375057,-0.0995747,-1.62485,-0.199883,0,-1.33399,-0.378807,-0.00260191
8.60997,2.10305,-1.25525,2.61705,2.29369,-1.1472,2.7528,2.1914,-1.49661,2,2.49983,-1.20017,2.11914,-1.5729,-0.135438,-0.000602037,-1.66867,-0.33144,-0.109891,-1.63907,-0.1612,0,-1.34514,-0.351503,-0.00296997
8.61997,2.08749,-1.25642,2.61706,2.27685,-1.15029,2.75165,2.17519,-1.49801,2,2.48632,-1.20355,2.11911,-1.5864,-0.102974,0.00142906,-1.69983,-0.286905,-0.119448,-1.65284,-0.123441,0,-1.35701,-0.324166,-0.00278823
8.63004,2.07115,-1.25731,2.61708,2.2597,-1.15294,2.75041,2.15817,-1.49908,2,2.47268,-1.20665,2.11909,-1.60034,-0.069151,0.0035485,-1.72951,-0.241573,-0.128277,-1.66706,-0.0841059,0,-1.36955,-0.296761,-0.00214689
8.64004,2.05498,-1.25784,2.61713,2.24226,-1.15512,2.74909,2.14132,-1.49973,2,2.45892,-1.20949,2.11907,-1.61391,-0.0359275,0.00563286,-1.7578,-0.195681,-0.136335,-1.6809,-0.0454692,0,-1.38293,-0.269373,-0.00105972
8.64998,2.03927,-1.25803,2.6172,2.22455,-1.15685,2.74769,2.12496,-1.49999,2,2.44502,-1.21204,2.11907,-1.62688,-0.00392491,0.0076421,-1.78453,-0.149278,-0.143596,-1.69414,-0.00825199,0,-1.39703,-0.241911,0.000442092
8.66011,2.02206,-1.25789,2.61729,2.20658,-1.15811,2.74622,2.10704,-1.49987,2,2.43098,-1.21432,2.11908,-1.64085,0.0308552,0.00982645,-1.80972,-0.102609,-0.150113,-1.7084,0.0321977,0,-1.41195,-0.214451,0.0022409
8.66998,2.00636,-1.25744,2.61739,2.18836,-1.1589,2.74469,2.0907,-1.49938,2,2.41678,-1.21633,2.11911,-1.65338,0.0623088,0.0118017,-1.83323,-0.0555518,-0.15577,-1.7212,0.0687828,0,-1.42757,-0.18672,0.0043927
8.67998,1.9898,-1.25666,2.61752,2.16992,-1.15922,2.7431,2.07347,-1.49851,2,2.40242,-1.21806,2.11917,-1.66639,0.0952138,0.0138671,-1.85513,-0.00840748,-0.160699,-1.7345,0.107062,0,-1.44397,-0.15887,0.00670397
8.69002,1.97282,-1.25552,2.61767,2.15127,-1.15907,2.74148,2.05578,-1.49722,2,2.3879,-1.21951,2.11925,-1.67952,0.128679,0.0159657,-1.87534,0.0387091,-0.164848,-1.74791,0.146001,0,-1.46108,-0.130853,0.0091639
8.69996,1.9563,-1.2541,2.61784,2.13242,-1.15844,2.73981,2.0386,-1.49561,2,2.3732,-1.22067,2.11935,-1.69206,0.160924,0.017985,-1.89381,0.0857377,-0.168118,-1.76075,0.183529,0,-1.47884,-0.10259,0.0118112
8.70997,1.93921,-1.25232,2.61803,2.11339,-1.15735,2.73812,2.02081,-1.49357,2,2.35832,-1.22156,2.11948,-1.70484,0.194005,0.020053,-1.9107,0.132531,-0.170614,-1.77382,0.222042,0,-1.49734,-0.0740848,0.0144837
8.71997,1.92219,-1.25022,2.61824,2.09421,-1.15579,2.7364,2.0031,-1.49117,2,2.34325,-1.22215,2.11964,-1.71735,0.226633,0.0220882,-1.92592,0.179084,-0.172322,-1.78663,0.260042,0,-1.51647,-0.0452001,0.0171427
8.72999,1.90479,-1.24777,2.61847,2.07488,-1.15377,2.73467,1.985,-1.48835,2,2.32799,-1.22246,2.11982,-1.72993,0.259676,0.0241437,-1.93962,0.22516,-0.173272,-1.79951,0.298541,0,-1.5363,-0.0160389,0.0197063
8.74,1.88717,-1.24497,2.61873,2.05542,-1.15129,2.73294,1.96668,-1.48512,2,2.31252,-1.22247,2.12003,-1.74244,0.292805,0.0261979,-1.95179,0.270691,-0.173406,-1.81234,0.337157,0,-1.55673,0.0134604,0.0221874
8.75,1.86999,-1.24193,2.61899,2.03585,-1.14836,2.73121,1.94881,-1.48163,2,2.29685,-1.22219,2.12027,-1.75444,0.324798,0.0281745,-1.96244,0.315673,-0.172753,-1.82465,0.374469,0,-1.57769,0.0434048,0.0245178
8.76001,1.85222,-1.23849,2.61929,2.01618,-1.14498,2.72949,1.93033,-1.47766,2,2.28097,-1.2216,2.12052,-1.76665,0.357569,0.0301907,-1.97171,0.359931,-0.171366,-1.83719,0.412709,0,-1.59922,0.0737239,0.0266123
8.77,1.83467,-1.23479,2.6196,1.99642,-1.14117,2.72778,1.91208,-1.47338,2,2.26487,-1.22071,2.1208,-1.77851,0.389599,0.0321521,-1.97967,0.403365,-0.16922,-1.84936,0.450106,0,-1.62126,0.104426,0.0284677
8.77999,1.81687,-1.23074,2.61993,1.97659,-1.13692,2.7261,1.89357,-1.46871,2,2.24854,-1.21951,2.12109,-1.79033,0.421754,0.034111,-1.98632,0.445923,-0.166315,-1.86151,0.487675,0,-1.6437,0.135547,0.0300644
8.79002,1.79867,-1.22631,2.62028,1.9567,-1.13225,2.72446,1.87465,-1.46357,2,2.23199,-1.218,2.1214,-1.8022,0.454275,0.0360806,-1.9918,0.48764,-0.162745,-1.87372,0.525697,0,-1.66655,0.167194,0.0312961
8.79999,1.78089,-1.22168,2.62065,1.93676,-1.12717,2.72285,1.85616,-1.45822,2,2.21521,-1.21617,2.12172,-1.81361,0.48572,0.037973,-1.99611,0.528526,-0.158521,-1.88547,0.56249,0,-1.68967,0.199441,0.0321471
8.81007,1.76232,-1.21656,2.62104,1.91678,-1.12168,2.72129,1.83685,-1.45229,2,2.1982,-1.21401,2.12204,-1.82532,0.518195,0.0399135,-1.99947,0.568283,-0.153709,-1.89753,0.600518,0,-1.71316,0.232049,0.0325561
8.81999,1.74436,-1.21132,2.62144,1.89677,-1.11581,2.71978,1.81818,-1.44622,2,2.18095,-1.21153,2.12237,-1.83645,0.549245,0.0417546,-2.00189,0.607017,-0.148318,-1.909,0.636909,0,-1.73686,0.265181,0.0325221
8.83001,1.7251,-1.20541,2.62189,1.87674,-1.10955,2.71833,1.79817,-1.43936,2,2.16346,-1.20871,2.12269,-1.84817,0.582157,0.0436896,-2.00344,0.644661,-0.142397,-1.9211,0.675518,0,-1.76072,0.298796,0.0320174
8.84,1.70738,-1.1997,2.62232,1.8567,-1.10292,2.71693,1.77975,-1.43273,2,2.14573,-1.20555,2.12301,-1.85877,0.612094,0.0454335,-2.00433,0.681014,-0.135978,-1.93205,0.71067,0,-1.7848,0.332719,0.0310403
8.84999,1.68866,-1.1934,2.62278,1.83666,-1.09593,2.71561,1.76029,-1.42541,2,2.12776,-1.20205,2.12331,-1.86977,0.643347,0.0472364,-2.00459,0.716216,-0.1291,-1.94342,0.747404,0,-1.80899,0.367103,0.0295846
8.86,1.66947,-1.18665,2.62328,1.81661,-1.0886,2.71435,1.74034,-1.41757,2,2.10955,-1.19821,2.1236,-1.88085,0.675002,0.0490425,-2.00438,0.750147,-0.12183,-1.95489,0.78465,0,-1.83331,0.401836,0.0276247
8.87,1.65101,-1.1799,2.62376,1.79657,-1.08093,2.71317,1.72116,-1.40972,2,2.0911,-1.19401,2.12386,-1.89131,0.705061,0.0507375,-2.00374,0.782922,-0.114204,-1.96572,0.820057,0,-1.85767,0.437026,0.0251747
8.88004,1.63146,-1.17247,2.6243,1.77654,-1.07294,2.71207,1.70084,-1.40107,2,2.0724,-1.18946,2.1241,-1.9022,0.736511,0.0524885,-2.00294,0.814431,-0.106301,-1.97701,0.857147,0,-1.88219,0.47254,0.0222127
8.88999,1.61282,-1.16512,2.62482,1.75652,-1.06465,2.71105,1.68146,-1.39252,2,2.05345,-1.18456,2.1243,-1.91239,0.766113,0.0541139,-2.00185,0.844739,-0.0981006,-1.98759,0.892098,0,-1.90663,0.508422,0.0188204
8.9,1.59382,-1.15739,2.62536,1.7365,-1.05605,2.71011,1.66172,-1.38351,2,2.03426,-1.17929,2.12447,-1.92259,0.795895,0.0557254,-2.00055,0.873938,-0.0896886,-1.99819,0.927307,0,-1.93096,0.544723,0.0149757
8.91005,1.57399,-1.14904,2.62594,1.71651,-1.04717,2.70925,1.64111,-1.37379,2,2.01483,-1.17366,2.1246,-1.93304,0.826563,0.0573581,-1.99902,0.902202,-0.0810711,-2.00906,0.96361,0,-1.95503,0.581577,0.0107443
8.92002,1.55501,-1.14081,2.62651,1.69652,-1.03801,2.70849,1.62139,-1.36418,2,1.99516,-1.16766,2.12469,-1.94286,0.855509,0.0588724,-1.99734,0.929476,-0.0723195,-2.01928,0.997922,0,-1.97883,0.618885,0.00612966
8.93004,1.53538,-1.13203,2.62711,1.67656,-1.02858,2.70781,1.60098,-1.35395,2,1.97526,-1.16128,2.12472,-1.95283,0.885061,0.0603896,-1.99562,0.955723,-0.0634288,-2.02968,1.033,0,-2.00235,0.656559,0.0012116
8.93998,1.51623,-1.12324,2.62771,1.65661,-1.0189,2.70722,1.58107,-1.34367,2,1.95512,-1.15453,2.12471,-1.96237,0.913477,0.0618192,-1.99389,0.981032,-0.0544594,-2.03964,1.06678,0,-2.02553,0.694646,-0.00399389
8.94997,1.49644,-1.1139,2.62834,1.63668,-1.00897,2.70672,1.56051,-1.33277,2,1.93475,-1.14739,2.12464,-1.97205,0.942413,0.0632434,-1.99218,1.00539,-0.0455199,-2.04975,1.10123,0,-2.04834,0.733076,-0.00951814
8.96012,1.47584,-1.10393,2.62901,1.61677,-0.998795,2.70631,1.53909,-1.32111,2,1.91415,-1.13987,2.12452,-1.98192,0.972108,0.0646694,-1.99067,1.02876,-0.0366319,-2.06009,1.13664,0,-2.07086,0.771738,-0.0153001
8.96998,1.45688,-1.09452,2.62963,1.59687,-0.988394,2.70599,1.51939,-1.31011,2,1.89333,-1.13196,2.12434,-1.99084,0.999017,0.0659284,-1.98945,1.05123,-0.0278687,-2.06943,1.16877,0,-2.09311,0.810673,-0.0213311
8.98002,1.43641,-1.08412,2.63031,1.57698,-0.977773,2.70575,1.49811,-1.29794,2,1.87229,-1.12365,2.12409,-2.00028,1.02765,0.067231,-1.98845,1.07287,-0.0191893,-2.07933,1.20303,0,-2.11496,0.849862,-0.0274895
8.98999,1.41687,-1.07398,2.63097,1.5571,-0.966939,2.7056,1.4778,-1.28606,2,1.85103,-1.11496,2.12379,-2.00911,1.05455,0.0684172,-1.98757,1.09378,-0.0106422,-2.08861,1.23526,0,-2.13624,0.889344,-0.0337441
8.99998,1.39683,-1.06335,2.63166,1.53722,-0.9559,2.70554,1.45696,-1.2736,2,1.82957,-1.10587,2.12342,-2.018,1.08172,0.0695764,-1.98698,1.11393,-0.00226489,-2.09796,1.26787,0,-2.15709,0.929005,-0.0400569
9.01005,1.37597,-1.05205,2.63238,1.51736,-0.944663,2.70556,1.43528,-1.26036,2,1.80789,-1.09638,2.12298,-2.02706,1.10954,0.0707194,-1.98672,1.13341,0.00589484,-2.10751,1.30132,0,-2.1775,0.968863,-0.0463985
9.02003,1.35607,-1.04105,2.63308,1.49749,-0.933234,2.70565,1.41458,-1.24745,2,1.78602,-1.08649,2.12249,-2.03553,1.13565,0.0717494,-1.98673,1.15223,0.0137776,-2.11644,1.33278,0,-2.19736,1.00887,-0.0527561
9.03001,1.33519,-1.02929,2.63382,1.47762,-0.92162,2.70583,1.39287,-1.23364,2,1.76395,-1.0762,2.12193,-2.04423,1.16258,0.072765,-1.98701,1.17041,0.0214292,-2.12564,1.36528,0,-2.21663,1.04894,-0.0590121
9.04001,1.31528,-1.01786,2.63453,1.45775,-0.909828,2.70608,1.37217,-1.22023,2,1.74169,-1.06551,2.12131,-2.05236,1.18782,0.0736713,-1.98772,1.18792,0.0287761,-2.13424,1.39581,0,-2.23546,1.08898,-0.0651732
9.05003,1.29466,-1.00582,2.63528,1.43786,-0.897864,2.7064,1.35073,-1.20607,2,1.71924,-1.05442,2.12063,-2.0606,1.21353,0.074545,-1.98894,1.20492,0.0357143,-2.14298,1.42695,0,-2.25388,1.12907,-0.0712792
9.06002,1.27379,-0.993429,2.63603,1.41797,-0.885732,2.70679,1.32902,-1.19149,2,1.69661,-1.04293,2.11988,-2.06877,1.23908,0.0753614,-1.99063,1.22137,0.0422724,-2.15164,1.45797,0,-2.27185,1.1691,-0.0772407
9.06999,1.25335,-0.981085,2.63678,1.39805,-0.873437,2.70725,1.30776,-1.17696,2,1.67381,-1.03104,2.11908,-2.0766,1.26366,0.0760945,-1.99276,1.2374,0.0484289,-2.15997,1.48788,0,-2.28932,1.2091,-0.0830287
9.08008,1.23195,-0.967962,2.63757,1.37811,-0.860985,2.70776,1.28551,-1.16151,2,1.65083,-1.01875,2.11822,-2.08461,1.28891,0.0767899,-1.99513,1.25311,0.0541934,-2.1685,1.51865,0,-2.30609,1.24911,-0.0885817
9.09001,1.21143,-0.955175,2.63832,1.35815,-0.848376,2.70833,1.26415,-1.14644,2,1.62769,-1.00605,2.11731,-2.09213,1.31268,0.0773879,-1.99795,1.26853,0.0595202,-2.17652,1.54769,0,-2.32234,1.28907,-0.0939015
9.09997,1.19064,-0.942037,2.63909,1.33815,-0.835615,2.70895,1.24252,-1.13094,2,1.60438,-0.992965,2.11635,-2.09958,1.3363,0.0779235,-2.00111,1.28369,0.0644114,-2.18447,1.57661,0,-2.33798,1.32893,-0.0989443
9.11002,1.16906,-0.928207,2.6399,1.31812,-0.822703,2.70962,1.22007,-1.11462,2,1.58093,-0.979477,2.11533,-2.10714,1.36032,0.0784046,-2.0045,1.29856,0.0689113,-2.19256,1.60609,0,-2.35288,1.36862,-0.103632
9.12002,1.14836,-0.914755,2.64067,1.29806,-0.809644,2.71033,1.19853,-1.09873,2,1.55733,-0.965593,2.11428,-2.11422,1.38292,0.078794,-2.00805,1.31325,0.0730266,-2.20015,1.63388,0,-2.367,1.40814,-0.107934
9.12999,1.12739,-0.900947,2.64145,1.27796,-0.796439,2.71108,1.17671,-1.08241,2,1.53359,-0.951314,2.11318,-2.12123,1.40536,0.0791159,-2.0119,1.32787,0.0767024,-2.20768,1.66153,0,-2.38046,1.44755,-0.111875
9.13998,1.10618,-0.886805,2.64224,1.25782,-0.783088,2.71186,1.15463,-1.06569,2,1.50972,-0.936643,2.11204,-2.12816,1.42758,0.0793667,-2.01621,1.34222,0.0799151,-2.21512,1.68898,0,-2.39343,1.48658,-0.115459
9.15004,1.08432,-0.872055,2.64306,1.23764,-0.769596,2.71267,1.13188,-1.04823,2,1.48572,-0.921584,2.11087,-2.13512,1.44999,0.0795461,-2.02097,1.35624,0.0826361,-2.22262,1.71672,0,-2.40591,1.52512,-0.118706
9.15998,1.06349,-0.857826,2.64383,1.2174,-0.755963,2.71351,1.11019,-1.03138,2,1.4616,-0.906142,2.10967,-2.1416,1.47088,0.0796421,-2.02607,1.37022,0.0848522,-2.22961,1.74265,0,-2.41781,1.56339,-0.12162
9.16997,1.04201,-0.842989,2.64463,1.19711,-0.742191,2.71437,1.08783,-1.01379,2,1.43737,-0.890318,2.10844,-2.14811,1.49196,0.0796641,-2.03142,1.3842,0.0865992,-2.23666,1.76887,0,-2.42906,1.60136,-0.124155
9.17999,1.02005,-0.827652,2.64544,1.17677,-0.728279,2.71524,1.06496,-0.995601,2,1.41303,-0.874116,2.10718,-2.15461,1.51302,0.0796055,-2.03709,1.39818,0.0878808,-2.24369,1.79512,0,-2.43973,1.63897,-0.126311
9.18997,0.999063,-0.812841,2.64622,1.15637,-0.714228,2.71613,1.04311,-0.978022,2,1.38858,-0.85754,2.10591,-2.16066,1.53267,0.0794728,-2.0429,1.41209,0.0887678,-2.25025,1.81969,0,-2.44966,1.6761,-0.128025
9.20005,0.976832,-0.796989,2.64703,1.13591,-0.700037,2.71702,1.01995,-0.959195,2,1.36403,-0.840595,2.10462,-2.1669,1.55301,0.0792504,-2.0488,1.42598,0.0892303,-2.25703,1.84517,0,-2.45884,1.71276,-0.129335
9.20999,0.955591,-0.781693,2.6478,1.11539,-0.685708,2.71791,0.997826,-0.941015,2,1.3394,-0.823286,2.10333,-2.1727,1.57197,0.078959,-2.05488,1.43987,0.0893374,-2.26336,1.86898,0,-2.46736,1.7489,-0.130188
9.22,0.933705,-0.765783,2.6486,1.09482,-0.67124,2.7188,0.975026,-0.922093,2,1.31469,-0.805619,2.10202,-2.17852,1.59102,0.0785783,-2.06106,1.45376,0.0890882,-2.26971,1.89297,0,-2.47517,1.78451,-0.130597
9.23001,0.911882,-0.749773,2.64938,1.07417,-0.656633,2.71969,0.952288,-0.903037,2,1.2899,-0.787598,2.10072,-2.18417,1.60954,0.0781174,-2.06729,1.46765,0.0884619,-2.27588,1.91635,0,-2.48223,1.81952,-0.130604
9.23996,0.890261,-0.733771,2.65015,1.05347,-0.641887,2.72057,0.929757,-0.883979,2,1.26505,-0.76923,2.09941,-2.18961,1.62741,0.0775809,-2.07348,1.48162,0.0875107,-2.28183,1.93896,0,-2.48848,1.85399,-0.130184
9.24999,0.86811,-0.717238,2.65093,1.0327,-0.627001,2.72144,0.906672,-0.864273,2,1.24013,-0.750521,2.09811,-2.19502,1.64524,0.076949,-2.07975,1.4956,0.0862264,-2.28777,1.96157,0,-2.49406,1.8878,-0.129368
9.25997,0.846164,-0.700722,2.6517,1.01187,-0.611974,2.72229,0.883797,-0.844575,2,1.21517,-0.731476,2.09683,-2.20023,1.66242,0.0762413,-2.08598,1.50968,0.0846464,-2.29349,1.98341,0,-2.49886,1.92103,-0.128147
9.26999,0.824096,-0.683983,2.65246,0.990984,-0.596807,2.72313,0.860792,-0.824597,2,1.19016,-0.712102,2.09555,-2.20531,1.67921,0.075448,-2.09209,1.52383,0.0827918,-2.29908,2.00482,0,-2.50285,1.95362,-0.126532
9.28004,0.801596,-0.666786,2.65322,0.970033,-0.581498,2.72395,0.837335,-0.804058,2,1.16512,-0.692406,2.0943,-2.21034,1.69583,0.0745554,-2.09814,1.53805,0.0806531,-2.30462,2.02606,0,-2.50608,1.98556,-0.124564
9.28996,0.780159,-0.65028,2.65394,0.949021,-0.566046,2.72474,0.814981,-0.784332,2,1.14004,-0.672394,2.09306,-2.21497,1.71121,0.073627,-2.10426,1.55224,0.078224,-2.30974,2.04576,0,-2.50873,2.01672,-0.122285
9.29996,0.757845,-0.632982,2.65467,0.927947,-0.550453,2.72551,0.791712,-0.763645,2,1.11494,-0.652074,2.09185,-2.21965,1.72674,0.0725804,-2.11044,1.5663,0.075511,-2.31492,2.0657,0,-2.51078,2.04698,-0.119719
9.31009,0.735238,-0.615335,2.65541,0.906812,-0.534721,2.72625,0.768133,-0.742527,2,1.08983,-0.631457,2.09067,-2.22423,1.74198,0.0714374,-2.11657,1.58019,0.072545,-2.32,2.08532,0,-2.51218,2.07631,-0.116878
9.31997,0.713526,-0.598277,2.6561,0.885616,-0.518849,2.72696,0.745484,-0.722101,2,1.0647,-0.610551,2.08952,-2.22848,1.75614,0.0702622,-2.12266,1.59407,0.0693612,-2.32472,2.1036,0,-2.51294,2.10485,-0.113762
9.32999,0.691119,-0.580566,2.6568,0.864359,-0.502839,2.72764,0.722109,-0.700878,2,1.03957,-0.589363,2.08839,-2.23272,1.77029,0.0689709,-2.12874,1.60789,0.0659125,-2.32944,2.1219,0,-2.51311,2.13252,-0.11045
9.33998,0.66856,-0.562626,2.65749,0.843042,-0.486692,2.72828,0.698571,-0.679368,2,1.01444,-0.567903,2.08731,-2.23684,1.78404,0.0675914,-2.13476,1.62166,0.0622802,-2.33403,2.13973,0,-2.51268,2.15933,-0.106901
9.35002,0.645999,-0.54458,2.65816,0.821665,-0.470407,2.72888,0.675028,-0.657718,2,0.989319,-0.54618,2.08626,-2.24081,1.79731,0.0661332,-2.14062,1.63528,0.0585327,-2.33846,2.15698,0,-2.51156,2.1852,-0.103084
9.36006,0.623493,-0.52648,2.65882,0.800229,-0.453987,2.72945,0.65154,-0.635988,2,0.964212,-0.524203,2.08525,-2.24462,1.81007,0.0646018,-2.14636,1.64866,0.0546849,-2.34272,2.1736,0,-2.50982,2.21002,-0.0990208
9.36998,0.601491,-0.508692,2.65944,0.778738,-0.437434,2.72998,0.628574,-0.614622,2,0.939125,-0.501983,2.08428,-2.2482,1.82208,0.0630318,-2.1519,1.66184,0.0507198,-2.34673,2.18928,0,-2.5074,2.23384,-0.094763
9.37997,0.578769,-0.490231,2.66007,0.757192,-0.42075,2.73046,0.604855,-0.592434,2,0.914066,-0.479529,2.08335,-2.25175,1.834,0.0613365,-2.15728,1.67492,0.0466405,-2.35071,2.20488,0,-2.50435,2.25673,-0.0903439
9.38998,0.556444,-0.472005,2.66067,0.735593,-0.403936,2.73091,0.581548,-0.570517,2,0.88904,-0.456851,2.08247,-2.2551,1.84525,0.0595992,-2.16244,1.68788,0.0424342,-2.35448,2.21963,0,-2.50064,2.27872,-0.0858122
9.40001,0.533129,-0.452883,2.66128,0.713943,-0.386994,2.73131,0.557204,-0.547509,2,0.864055,-0.433958,2.08164,-2.25845,1.8565,0.0577111,-2.16754,1.70063,0.0380947,-2.35824,2.23441,0,-2.49645,2.2997,-0.0812083
9.40999,0.511095,-0.434733,2.66183,0.692243,-0.369924,2.73167,0.534195,-0.525658,2,0.839113,-0.41086,2.08085,-2.26147,1.86667,0.0558592,-2.17253,1.71321,0.0336254,-2.36164,2.24781,0,-2.49175,2.31974,-0.0765624
9.41996,0.488747,-0.416249,2.66237,0.670493,-0.35273,2.73198,0.510856,-0.503395,2,0.814221,-0.387566,2.0801,-2.26439,1.87652,0.0539158,-2.17733,1.72565,0.0290845,-2.36495,2.26081,0,-2.48648,2.33886,-0.0718477
9.42998,0.466015,-0.397375,2.6629,0.648697,-0.335412,2.73225,0.487113,-0.480649,2,0.789385,-0.364086,2.07941,-2.26723,1.88608,0.051874,-2.18205,1.73796,0.0244721,-2.36815,2.27345,0,-2.48077,2.35709,-0.0670969
9.44002,0.443006,-0.378198,2.66342,0.626853,-0.317972,2.73247,0.463079,-0.457529,2,0.764607,-0.340429,2.07876,-2.26995,1.89527,0.0497428,-2.1867,1.74976,0.0198169,-2.37124,2.28563,0,-2.47467,2.37407,-0.0623125
9.44996,0.420662,-0.359511,2.6639,0.604963,-0.300418,2.73265,0.439737,-0.434988,2,0.739892,-0.316608,2.07816,-2.27246,1.90374,0.0476133,-2.19131,1.76111,0.0151398,-2.37408,2.29687,0,-2.46822,2.3899,-0.0575024
9.45996,0.397891,-0.340403,2.66436,0.583027,-0.282751,2.73278,0.415946,-0.411929,2,0.715244,-0.292634,2.07761,-2.27488,1.91191,0.0453847,-2.19575,1.77228,0.0104628,-2.37682,2.30773,0,-2.46131,2.40481,-0.052671
9.47001,0.374803,-0.320969,2.66481,0.561049,-0.264973,2.73286,0.391823,-0.388467,2,0.690668,-0.268515,2.07711,-2.27719,1.91971,0.0430679,-2.19987,1.78326,0.0058267,-2.37944,2.31812,0,-2.45382,2.41882,-0.0478033
9.47997,0.352416,-0.30207,2.66522,0.53903,-0.247086,2.73289,0.36843,-0.365641,2,0.666169,-0.24426,2.07666,-2.27929,1.92682,0.0407688,-2.20381,1.79401,0.00121418,-2.38183,2.32761,0,-2.4459,2.43192,-0.0429413
9.48998,0.3292,-0.282418,2.66563,0.516973,-0.229094,2.73288,0.344169,-0.341896,2,0.641751,-0.21988,2.07625,-2.28133,1.93372,0.0383326,-2.20762,1.80441,-0.00336894,-2.38415,2.33683,0,-2.43763,2.44399,-0.0381023
9.50015,0.30589,-0.262635,2.666,0.494878,-0.210999,2.73283,0.319807,-0.317985,2,0.617417,-0.195384,2.07589,-2.28323,1.94017,0.0358365,-2.21145,1.81437,-0.00794987,-2.38632,2.34545,0,-2.42917,2.45498,-0.0333354
9.50998,0.283744,-0.243795,2.66634,0.472744,-0.192808,2.73272,0.29666,-0.295206,2,0.593169,-0.170784,2.07558,-2.2849,1.94585,0.0334213,-2.21525,1.82399,-0.0125092,-2.38824,2.35306,0,-2.42051,2.46499,-0.0286411
9.52003,0.260699,-0.224148,2.66666,0.450574,-0.174521,2.73258,0.272572,-0.271444,2,0.569009,-0.146087,2.07532,-2.28651,1.9513,0.030866,-2.2188,1.83333,-0.0170221,-2.39007,2.36038,0,-2.41143,2.4741,-0.0240136
9.52998,0.23814,-0.204879,2.66696,0.428369,-0.156142,2.73238,0.248991,-0.248132,2,0.544941,-0.121305,2.0751,-2.28795,1.95618,0.028326,-2.22214,1.84225,-0.0214663,-2.39172,2.36694,0,-2.40201,2.48219,-0.0194497
9.53998,0.21515,-0.185205,2.66723,0.406132,-0.137677,2.73215,0.224957,-0.224324,2,0.52097,-0.0964467,2.07493,-2.28928,1.9607,0.0257013,-2.22531,1.85084,-0.025861,-2.39324,2.37301,0,-2.39231,2.48937,-0.0149847
9.55001,0.192305,-0.165624,2.66747,0.383863,-0.119127,2.73187,0.201074,-0.200622,2,0.497096,-0.071521,2.0748,-2.29047,1.96473,0.0230604,-2.22832,1.85907,-0.0302134,-2.3946,2.37844,0,-2.38237,2.49563,-0.0106402
9.56005,0.169079,-0.145687,2.66769,0.361566,-0.100497,2.73154,0.176792,-0.176484,2,0.473323,-0.0465372,2.07472,-2.29154,1.96836,0.0203453,-2.23101,1.86694,-0.0344595,-2.39583,2.38333,0,-2.37203,2.50099,-0.00636509
9.56997,0.146336,-0.12614,2.66788,0.339244,-0.0817892,2.73118,0.153014,-0.152815,2,0.449656,-0.0215039,2.07468,-2.29246,1.97146,0.0176606,-2.23346,1.87447,-0.0386127,-2.39688,2.38751,0,-2.3614,2.5055,-0.00218501
9.57996,0.123673,-0.10664,2.66804,0.316898,-0.0630084,2.73077,0.129318,-0.129197,2,0.426096,0.00356992,2.07467,-2.29323,1.97411,0.0149631,-2.23572,1.88164,-0.0426835,-2.39777,2.39108,0,-2.35056,2.50914,0.00187957
9.58999,0.10069,-0.0868465,2.66818,0.29453,-0.0441582,2.73032,0.105287,-0.105222,2,0.402646,0.0286756,2.07471,-2.29389,1.97634,0.0122082,-2.2378,1.88832,-0.0466893,-2.39852,2.39409,0,-2.33952,2.51184,0.00580394
9.60001,0.0776634,-0.0670007,2.66829,0.272142,-0.0252435,2.72984,0.0812094,-0.0811797,2,0.379306,0.0538036,2.07479,-2.29441,1.97811,0.00943221,-2.23971,1.89452,-0.0506287,-2.39912,2.39648,0,-2.32831,2.5136,0.00958139
9.61008,0.0543142,-0.046865,2.66837,0.249736,-0.00626917,2.72931,0.0567944,-0.0567843,2,0.356079,0.0789447,2.0749,-2.2948,1.97944,0.0066048,-2.24156,1.90025,-0.0544686,-2.39957,2.39828,0,-2.31708,2.51446,0.0132381
9.6201,0.0312484,-0.0269656,2.66842,0.227311,0.0127592,2.72875,0.0326755,-0.0326736,2,0.332964,0.104089,2.07505,-2.29505,1.98029,0.003803,-2.24349,1.90533,-0.0582387,-2.39986,2.39943,0,-2.30597,2.51427,0.0167394
9.63005,0.00839708,-0.00724655,2.66844,0.204866,0.0318355,2.72815,0.00878057,-0.00878054,2,0.30996,0.129227,2.07524,-2.29517,1.98068,0.00102232,-2.2454,1.90984,-0.0619228,-2.39999,2.39996,0,-2.2949,2.51312,0.0200961
9.63997,-0.0139935,0.0120761,2.66844,0.182404,0.0509546,2.72751,-0.0146326,0.0146324,2,0.287067,0.154349,2.07546,-2.29515,1.98063,-0.00170359,-2.24701,1.91391,-0.0654628,-2.39997,2.39989,0,-2.28362,2.51112,0.0233602
9.65,-0.0371844,0.0320873,2.66841,0.159927,0.0701124,2.72684,-0.0388825,0.0388792,2,0.264288,0.179447,2.07571,-2.295,1.98012,-0.00452466,-2.24848,1.91758,-0.0688966,-2.3998,2.39919,0,-2.27229,2.50837,0.0264882
9.65998,-0.0603413,0.0520635,2.66835,0.137434,0.0893044,2.72613,-0.0630967,0.0630827,2,0.241621,0.204513,2.07599,-2.29472,1.97914,-0.00733563,-2.24994,1.92073,-0.0722122,-2.39947,2.39788,0,-2.2611,2.50474,0.0294893
9.67001,-0.0831653,0.0717438,2.66826,0.114928,0.108525,2.72539,-0.0869624,0.0869259,2,0.219065,0.229538,2.07629,-2.2943,1.97773,-0.0100967,-2.25135,1.92328,-0.0753907,-2.39899,2.39597,0,-2.24999,2.50018,0.0323804
9.68,-0.106128,0.0915312,2.66815,0.0924075,0.127768,2.72462,-0.110972,0.110897,2,0.19662,0.254514,2.07663,-2.29375,1.97585,-0.0128616,-2.25275,1.92525,-0.0784534,-2.39836,2.39343,0,-2.23905,2.49472,0.0351376
9.68997,-0.128726,0.110989,2.66801,0.0698726,0.147028,2.72383,-0.134601,0.134465,2,0.174283,0.27943,2.077,-2.29307,1.97356,-0.0155662,-2.25426,1.92659,-0.0814106,-2.39758,2.39034,0,-2.2284,2.48833,0.037747
9.69998,-0.151749,0.130794,2.66784,0.0473223,0.166298,2.723,-0.158673,0.158451,2,0.152051,0.304277,2.07739,-2.29225,1.97077,-0.0183017,-2.2558,1.92733,-0.0842577,-2.39664,2.38657,0,-2.21802,2.48104,0.0402101
9.70997,-0.174739,0.150548,2.66764,0.0247571,0.185572,2.72214,-0.182709,0.18237,2,0.129923,0.329047,2.0778,-2.29129,1.96752,-0.0210095,-2.25721,1.92744,-0.0869893,-2.39554,2.3822,0,-2.20774,2.47284,0.0425284
9.71999,-0.197784,0.170323,2.66741,0.0021781,0.204845,2.72126,-0.206802,0.20631,2,0.107896,0.353731,2.07824,-2.2902,1.96381,-0.0236966,-2.2586,1.92696,-0.0895821,-2.39429,2.37719,0,-2.19772,2.46377,0.0447215
9.73006,-0.220911,0.190139,2.66716,-0.0204141,0.224109,2.72035,-0.23098,0.230295,2,0.0859681,0.37832,2.07869,-2.28896,1.95961,-0.0263623,-2.25976,1.9259,-0.0920203,-2.39288,2.37155,0,-2.18776,2.45386,0.0468023
9.73998,-0.243307,0.209296,2.66689,-0.0430163,0.243361,2.71942,-0.254392,0.253476,2,0.0641402,0.402806,2.07917,-2.28763,1.9551,-0.028911,-2.26067,1.9243,-0.094322,-2.39136,2.36549,0,-2.17786,2.44315,0.0487507
9.74996,-0.266118,0.228772,2.66659,-0.0656261,0.262594,2.71846,-0.278237,0.277037,2,0.0424112,0.427181,2.07967,-2.28615,1.95006,-0.0314706,-2.26122,1.92228,-0.0964467,-2.38966,2.35871,0,-2.16792,2.43178,0.0506052
9.75998,-0.289474,0.248674,2.66626,-0.0882393,0.281805,2.71749,-0.302649,0.301105,2,0.0207819,0.451439,2.08018,-2.28448,1.94442,-0.0340502,-2.26135,1.91981,-0.0983689,-2.38776,2.35115,0,-2.15792,2.41974,0.0523914
9.77001,-0.312079,0.267892,2.66591,-0.110852,0.300989,2.7165,-0.326275,0.32434,2,-0.000747568,0.475574,2.08072,-2.28274,1.9385,-0.036504,-2.2612,1.91689,-0.10008,-2.38576,2.34322,0,-2.14799,2.40704,0.0541191
9.78003,-0.335083,0.287402,2.66553,-0.133463,0.320141,2.71549,-0.350316,0.347919,2,-0.0221784,0.499578,2.08127,-2.28082,1.93202,-0.0389547,-2.26077,1.91355,-0.101555,-2.38358,2.33455,0,-2.13816,2.39374,0.0558152
9.79004,-0.357716,0.306549,2.66513,-0.156067,0.339259,2.71447,-0.373968,0.371051,2,-0.0435109,0.523446,2.08183,-2.2788,1.92518,-0.0413176,-2.26005,1.9098,-0.102821,-2.38128,2.32541,0,-2.12842,2.37987,0.0574571
9.79998,-0.380311,0.325611,2.66471,-0.178663,0.358335,2.71343,-0.397579,0.394072,2,-0.0647477,0.547172,2.08242,-2.27665,1.91789,-0.0436258,-2.25921,1.90534,-0.103952,-2.37883,2.3157,0,-2.11896,2.36516,0.0589703
9.81,-0.403296,0.344945,2.66425,-0.201251,0.377363,2.71239,-0.421594,0.41741,2,-0.0858916,0.570747,2.08301,-2.27432,1.91001,-0.045919,-2.25833,1.90022,-0.104973,-2.37618,2.3052,0,-2.10987,2.34967,0.0603351
9.82004,-0.426092,0.364058,2.66378,-0.223829,0.396338,2.71133,-0.44541,0.440474,2,-0.106946,0.594163,2.08362,-2.27186,1.90173,-0.0481361,-2.25722,1.89453,-0.105835,-2.3734,2.29419,0,-2.10099,2.3335,0.0616
9.83,-0.448442,0.382735,2.6633,-0.246395,0.415252,2.71027,-0.468758,0.463,2,-0.127913,0.617415,2.08424,-2.26932,1.89315,-0.050252,-2.25602,1.88823,-0.106567,-2.37052,2.28281,0,-2.09246,2.31664,0.0627351
9.83998,-0.47118,0.401669,2.66278,-0.268949,0.4341,2.7092,-0.492508,0.485826,2,-0.148796,0.640494,2.08488,-2.2666,1.88395,-0.0523436,-2.25474,1.88127,-0.107173,-2.36744,2.27063,0,-2.0843,2.29904,0.0637359
9.84997,-0.493762,0.420403,2.66225,-0.29149,0.452875,2.70813,-0.516094,0.5084,2,-0.1696,0.663393,2.08552,-2.26375,1.87435,-0.0543575,-2.25337,1.87371,-0.107684,-2.36422,2.25795,0,-2.07652,2.28077,0.064572
9.86008,-0.516822,0.439458,2.66169,-0.314016,0.471572,2.70705,-0.540176,0.531347,2,-0.190328,0.686107,2.08617,-2.2607,1.86407,-0.0563467,-2.25183,1.86561,-0.108035,-2.36077,2.24438,0,-2.06905,2.2619,0.0653064
9.87,-0.539188,0.457861,2.66112,-0.336525,0.490186,2.70597,-0.563531,0.553499,2,-0.210982,0.708629,2.08682,-2.25759,1.85362,-0.0582089,-2.25009,1.85699,-0.108199,-2.35728,2.23063,0,-2.06188,2.24247,0.0659656
9.88002,-0.561908,0.476473,2.66052,-0.359017,0.508711,2.70489,-0.587252,0.575891,2,-0.231566,0.730955,2.08749,-2.2543,1.84254,-0.0600309,-2.24819,1.84792,-0.108196,-2.35357,2.21607,0,-2.05504,2.22255,0.0665317
9.88998,-0.584166,0.494624,2.65992,-0.381488,0.527142,2.7038,-0.61049,0.597716,2,-0.252084,0.753079,2.08815,-2.25092,1.83121,-0.0617459,-2.24604,1.83832,-0.108045,-2.34978,2.20123,0,-2.04847,2.2021,0.066986
9.89996,-0.606495,0.512745,2.6593,-0.403937,0.545475,2.70273,-0.633798,0.619492,2,-0.272536,0.774995,2.08883,-2.2474,1.81939,-0.0633951,-2.2436,1.82814,-0.10776,-2.34583,2.18576,0,-2.04211,2.18107,0.0673142
9.91,-0.629346,0.531196,2.65865,-0.42636,0.563703,2.70165,-0.657649,0.641652,2,-0.292927,0.796698,2.0895,-2.24364,1.8068,-0.0650074,-2.24095,1.8174,-0.107315,-2.34162,2.16933,0,-2.03608,2.15949,0.0675461
9.91999,-0.651543,0.549024,2.658,-0.448755,0.581822,2.70058,-0.680814,0.663051,2,-0.313259,0.818183,2.09018,-2.23985,1.7941,-0.0664988,-2.23799,1.80618,-0.106705,-2.33738,2.1528,0,-2.03027,2.13747,0.0676868
9.92998,-0.673826,0.566822,2.65733,-0.471119,0.599825,2.69952,-0.704065,0.684401,2,-0.333534,0.839446,2.09085,-2.23589,1.78088,-0.0679204,-2.23484,1.7944,-0.105975,-2.33297,2.13562,0,-2.02481,2.11495,0.0676937
9.93998,-0.696696,0.584983,2.65663,-0.493451,0.617708,2.69846,-0.727926,0.706173,2,-0.353756,0.86048,2.09153,-2.23168,1.76681,-0.0692997,-2.23144,1.78203,-0.105101,-2.32828,2.1174,0,-2.01963,2.0919,0.0675966
9.94997,-0.718454,0.602158,2.65594,-0.515747,0.635464,2.69742,-0.750625,0.726749,2,-0.373927,0.881282,2.09221,-2.22753,1.75297,-0.0705355,-2.22772,1.76908,-0.10407,-2.32366,2.0995,0,-2.01466,2.06835,0.067412
9.96008,-0.741248,0.620038,2.65521,-0.538004,0.653088,2.69638,-0.774402,0.748157,2,-0.39405,0.901846,2.09288,-2.22303,1.73797,-0.0717493,-2.22376,1.75563,-0.102906,-2.31866,2.08016,0,-2.00999,2.0444,0.0671157
9.96998,-0.762936,0.636939,2.65451,-0.560221,0.670575,2.69536,-0.797021,0.768378,2,-0.414128,0.922169,2.09355,-2.2186,1.72324,-0.0728263,-2.21972,1.74167,-0.101655,-2.31375,2.0612,0,-2.00577,2.02006,0.0666688
9.98001,-0.785143,0.654129,2.65377,-0.582398,0.687919,2.69435,-0.820179,0.788932,2,-0.434167,0.942246,2.09421,-2.21391,1.70767,-0.0738496,-2.21552,1.72715,-0.100327,-2.30857,2.04123,0,-2.00192,1.99529,0.0660657
9.99,-0.807248,0.671118,2.65303,-0.604531,0.705115,2.69335,-0.843227,0.809233,2,-0.454168,0.962073,2.09487,-2.20909,1.6917,-0.0747876,-2.2111,1.71204,-0.0989135,-2.30325,2.02078,0,-1.99838,1.97007,0.0653178
9.99999,-0.829264,0.687915,2.65228,-0.626619,0.722158,2.69237,-0.866181,0.829291,2,-0.474135,0.981646,2.09552,-2.20414,1.67532,-0.0756411,-2.20646,1.69642,-0.0973662,-2.29779,1.99986,0,-1.99514,1.94449,0.0644745
10.01,-0.851535,0.704776,2.65151,-0.64866,0.739042,2.6914,-0.889396,0.849412,2,-0.494072,1.00096,2.09616,-2.19897,1.65826,-0.076422,-2.20165,1.68032,-0.0956742,-2.2921,1.97812,0,-1.99227,1.91861,0.0635515
10.02,-0.873557,0.721316,2.65074,-0.670651,0.755763,2.69046,-0.912349,0.869136,2,-0.513982,1.02002,2.09679,-2.19371,1.6409,-0.0771121,-2.19666,1.66366,-0.0938764,-2.28632,1.95606,0,-1.98974,1.89233,0.0625149
10.03,-0.895553,0.7377,2.64996,-0.692592,0.772314,2.68953,-0.935272,0.88866,2,-0.533868,1.03881,2.09741,-2.18829,1.62308,-0.0777195,-2.19143,1.6466,-0.0919301,-2.28039,1.93348,0,-1.98748,1.86584,0.0614144
10.04,-0.917826,0.754148,2.64917,-0.714479,0.788693,2.68862,-0.958481,0.908246,2,-0.553732,1.05733,2.09802,-2.18265,1.60454,-0.078251,-2.18585,1.62918,-0.0897827,-2.27421,1.91003,0,-1.98539,1.8392,0.0603081
10.05,-0.939118,0.769732,2.6484,-0.736309,0.804896,2.68773,-0.980665,0.92679,2,-0.573576,1.07559,2.09861,-2.1771,1.58635,-0.0786801,-2.18009,1.61133,-0.0874702,-2.26815,1.88709,0,-1.98361,1.81234,0.0591677
10.06,-0.960765,0.785432,2.64762,-0.75808,0.820918,2.68687,-1.00322,0.94546,2,-0.593405,1.09358,2.0992,-2.1713,1.56739,-0.0790371,-2.17417,1.59285,-0.0850658,-2.26183,1.86323,0,-1.98216,1.78509,0.0579309
10.0702,-0.982659,0.801159,2.64682,-0.779791,0.836752,2.68603,-1.02602,0.96415,2,-0.61322,1.11129,2.09977,-2.16528,1.54773,-0.0793168,-2.16795,1.57401,-0.0825021,-2.25527,1.83855,0,-1.9809,1.75772,0.0566748
10.08,-1.00409,0.816403,2.64603,-0.801438,0.852397,2.68522,-1.04834,0.982251,2,-0.633023,1.12873,2.10033,-2.15922,1.52801,-0.0795115,-2.16137,1.55488,-0.0797561,-2.24869,1.81385,0,-1.97975,1.73033,0.0554287
10.09,-1.02561,0.831556,2.64524,-0.818707,0.864774,2.68459,-1.07076,1.00023,2,-0.652816,1.1459,2.10088,-2.15298,1.50773,-0.0796281,-2.15597,1.53919,-0.0775519,-2.24192,1.78852,0,-1.97888,1.70265,0.0540352
10.1,-1.04693,0.846406,2.64445,-0.844529,0.883099,2.68368,-1.09296,1.01784,2,-0.672602,1.16279,2.10141,-2.14663,1.48717,-0.0796659,-2.1477,1.51492,-0.0741794,-2.23506,1.7629,0,-1.97834,1.67465,0.0525513
10.11,-1.06886,0.861506,2.64363,-0.865971,0.898145,2.68295,-1.11578,1.03574,2,-0.692383,1.17939,2.10193,-2.13994,1.46554,-0.0796244,-2.14052,1.49424,-0.0712721,-2.22783,1.73602,0,-1.97792,1.64655,0.0510335
10.12,-1.08968,0.875688,2.64286,-0.887339,0.912983,2.68226,-1.13746,1.05253,2,-0.712161,1.19572,2.10243,-2.13343,1.44454,-0.0795095,-2.13304,1.47322,-0.0682382,-2.2208,1.70997,0,-1.97762,1.61842,0.0495166
10.13,-1.11135,0.890268,2.64205,-0.908631,0.927608,2.68159,-1.16001,1.06978,2,-0.731936,1.21176,2.10292,-2.12648,1.42221,-0.0793125,-2.12528,1.45178,-0.0651187,-2.21332,1.68233,0,-1.97746,1.59015,0.0479666
10.14,-1.13249,0.90432,2.64126,-0.929843,0.942017,2.68095,-1.18201,1.0864,2,-0.751711,1.22752,2.10339,-2.11954,1.39995,-0.0790444,-2.11724,1.42989,-0.0619684,-2.20586,1.65485,0,-1.97742,1.56177,0.0463462
10.15,-1.15334,0.918006,2.64048,-0.950975,0.956205,2.68035,-1.20371,1.10257,2,-0.771485,1.24299,2.10385,-2.11253,1.37753,-0.0787068,-2.10902,1.40759,-0.0587525,-2.19834,1.62724,0,-1.97756,1.53329,0.0447063
10.16,-1.17483,0.931927,2.63968,-0.972023,0.970168,2.67978,-1.22608,1.11901,2,-0.791262,1.25818,2.10429,-2.10513,1.35394,-0.0782834,-2.10051,1.38498,-0.0553974,-2.19041,1.59825,0,-1.97779,1.50484,0.0431359
10.17,-1.19558,0.945179,2.63891,-0.992985,0.983903,2.67924,-1.24767,1.13465,2,-0.811042,1.27309,2.10471,-2.09782,1.33072,-0.0778025,-2.09182,1.36199,-0.0519474,-2.1826,1.56978,0,-1.97816,1.47634,0.0416049
10.1801,-1.21724,0.958814,2.63811,-1.01386,0.997406,2.67874,-1.2702,1.15073,2,-0.830826,1.28771,2.10512,-2.09002,1.30599,-0.0772255,-2.08291,1.33854,-0.0484662,-2.17426,1.53952,0,-1.97864,1.44773,0.0400652
10.19,-1.23796,0.971664,2.63735,-1.03464,1.01067,2.67827,-1.29175,1.16587,2,-0.850615,1.30204,2.10551,-2.08238,1.28187,-0.0766023,-2.07382,1.31463,-0.0449432,-2.16612,1.51007,0,-1.97924,1.419,0.0385439
10.2,-1.25834,0.984118,2.6366,-1.05533,1.0237,2.67784,-1.31295,1.18054,2,-0.870411,1.31609,2.10589,-2.0747,1.2577,-0.0759216,-2.06462,1.29032,-0.0413893,-2.15795,1.48062,0,-1.98,1.39023,0.0370485
10.21,-1.27917,0.996643,2.63584,-1.07593,1.03648,2.67744,-1.33462,1.19528,2,-0.890215,1.32985,2.10625,-2.06668,1.23254,-0.0751577,-2.05525,1.26563,-0.0378497,-2.14943,1.45003,0,-1.98084,1.36143,0.0355479
10.22,-1.29961,1.00873,2.6351,-1.09644,1.04901,2.67708,-1.35588,1.20949,2,-0.910028,1.34332,2.1066,-2.05864,1.2074,-0.0743413,-2.04569,1.24056,-0.034348,-2.14089,1.41952,0,-1.98174,1.3326,0.0340319
10.23,-1.3215,1.02145,2.63431,-1.11685,1.06129,2.67676,-1.37864,1.22444,2,-0.92985,1.3565,2.10693,-2.04984,1.17998,-0.0733947,-2.03598,1.21522,-0.0308368,-2.13157,1.38632,0,-1.9827,1.30384,0.0325618
10.24,-1.34077,1.03245,2.63362,-1.13716,1.07331,2.67647,-1.39868,1.23736,2,-0.949682,1.3694,2.10725,-2.04192,1.15542,-0.0725,-2.02608,1.18946,-0.0273366,-2.1232,1.35664,0,-1.98368,1.27502,0.0311332
10.25,-1.36086,1.04372,2.63291,-1.15737,1.08508,2.67621,-1.41957,1.25058,2,-0.969524,1.382,2.10756,-2.0335,1.1294,-0.0715067,-2.01606,1.16319,-0.0238788,-2.11431,1.32524,0,-1.9847,1.24603,0.029736
10.26,-1.38144,1.05503,2.63219,-1.17748,1.09658,2.67599,-1.44096,1.26386,2,-0.989375,1.39432,2.10784,-2.0247,1.10229,-0.070426,-2.00579,1.13694,-0.0211392,-2.10502,1.2926,0,-1.98554,1.21742,0.0277428
10.27,-1.40152,1.06585,2.6315,-1.19748,1.10781,2.67579,-1.46183,1.27654,2,-1.00924,1.40635,2.10811,-2.01594,1.07541,-0.0693107,-1.99541,1.11035,-0.0184471,-2.09579,1.26029,0,-1.98641,1.1888,0.0257916
10.28,-1.42161,1.07646,2.63081,-1.21739,1.11878,2.67562,-1.48272,1.28897,2,-1.0291,1.41809,2.10836,-2.00699,1.04807,-0.0681349,-1.98518,1.08307,-0.0154211,-2.08638,1.22749,0,-1.9876,1.1598,0.0242612
10.29,-1.4416,1.08678,2.63014,-1.23719,1.12947,2.67548,-1.5035,1.30106,2,-1.04899,1.42955,2.1086,-1.9979,1.02043,-0.0669063,-1.97489,1.05526,-0.0124168,-2.07684,1.19439,0,-1.98882,1.13059,0.0228336
10.3,-1.46138,1.09677,2.62948,-1.25688,1.13988,2.67537,-1.52407,1.31274,2,-1.06888,1.4407,2.10882,-1.98874,0.992667,-0.0656343,-1.96439,1.02684,-0.00933281,-2.06723,1.16119,0,-1.98994,1.1011,0.0216156
10.31,-1.48167,1.10677,2.62882,-1.27647,1.15001,2.67529,-1.54515,1.32444,2,-1.08878,1.45157,2.10903,-1.97915,0.963757,-0.0642722,-1.95368,0.9981,-0.00622439,-2.05718,1.12667,0,-1.99092,1.07158,0.0205631
10.32,-1.50101,1.11608,2.62819,-1.29596,1.15985,2.67524,-1.56526,1.33532,2,-1.1087,1.46214,2.10923,-1.96983,0.935773,-0.0629195,-1.94294,0.969014,-0.00304605,-2.04743,1.09332,0,-1.9919,1.04199,0.01973
10.33,-1.52071,1.12531,2.62757,-1.31533,1.16939,2.67523,-1.58573,1.3461,2,-1.12862,1.47241,2.10943,-1.96016,0.906863,-0.0614891,-1.93212,0.939327,0.000756111,-2.03733,1.05891,0,-1.99291,1.01208,0.0196601
10.34,-1.54032,1.13426,2.62696,-1.3346,1.17863,2.67526,-1.60611,1.35655,2,-1.14856,1.48238,2.10962,-1.95034,0.877666,-0.0600128,-1.92119,0.909234,0.00446229,-2.02708,1.02422,0,-1.99379,0.98203,0.0196741
10.35,-1.55971,1.14287,2.62637,-1.35376,1.18757,2.67532,-1.62626,1.36658,2,-1.1685,1.49205,2.10982,-1.94045,0.848388,-0.0585024,-1.91018,0.878588,0.00841785,-2.01677,0.989477,0,-1.99459,0.951678,0.0201162
10.3601,-1.5799,1.15156,2.62577,-1.3728,1.1962,2.67543,-1.64725,1.37672,2,-1.18845,1.50141,2.11002,-1.92995,0.81747,-0.056877,-1.89909,0.847662,0.0123432,-2.00584,0.952841,0,-1.99526,0.921287,0.0207285
10.37,-1.59828,1.15923,2.62523,-1.39174,1.20452,2.67557,-1.66636,1.38566,2,-1.2084,1.51047,2.11023,-1.92021,0.788932,-0.0553509,-1.88797,0.816557,0.0160113,-1.99572,0.919072,0,-1.99579,0.890938,0.0212992
10.38,-1.61773,1.16709,2.62468,-1.41056,1.21253,2.67575,-1.68657,1.39481,2,-1.22836,1.51923,2.11045,-1.90972,0.75834,-0.0536893,-1.87678,0.785155,0.0200025,-1.98482,0.882917,0,-1.99618,0.860503,0.0223966
10.39,-1.63643,1.17438,2.62416,-1.42927,1.22023,2.67597,-1.706,1.4033,2,-1.24833,1.52768,2.11068,-1.89945,0.728556,-0.0520478,-1.86555,0.753564,0.023906,-1.97416,0.84776,0,-1.99641,0.830071,0.023628
10.4,-1.6556,1.1816,2.62364,-1.44787,1.2276,2.67622,-1.72593,1.4117,2,-1.26829,1.53583,2.11092,-1.88873,0.697625,-0.0503201,-1.85424,0.721769,0.0275325,-1.96305,0.811294,0,-1.99641,0.799608,0.0248105
10.4101,-1.67487,1.18858,2.62314,-1.46636,1.23466,2.67652,-1.74595,1.41981,2,-1.28825,1.54368,2.11118,-1.87775,0.666135,-0.0485387,-1.84279,0.689878,0.0308597,-1.95168,0.774213,0,-1.99608,0.769207,0.0259291
10.42,-1.693,1.19488,2.62267,-1.48473,1.2414,2.67684,-1.76481,1.42714,2,-1.30821,1.55122,2.11144,-1.86724,0.636126,-0.0468215,-1.83109,0.657846,0.0343118,-1.9408,0.738913,0,-1.99534,0.738821,0.0274041
10.4301,-1.71252,1.20138,2.62219,-1.50298,1.24782,2.6772,-1.78509,1.43468,2,-1.32816,1.55845,2.11173,-1.85571,0.603449,-0.0449315,-1.81924,0.625566,0.0377276,-1.92889,0.700515,0,-1.99426,0.708322,0.02908
10.44,-1.73012,1.20698,2.62177,-1.52111,1.25391,2.67759,-1.80339,1.44118,2,-1.34809,1.56538,2.11202,-1.84513,0.573615,-0.0431891,-1.80718,0.593452,0.040574,-1.91797,0.665493,0,-1.99269,0.678097,0.0304393
10.45,-1.74853,1.21256,2.62135,-1.53912,1.25969,2.67801,-1.82252,1.44765,2,-1.36801,1.57201,2.11233,-1.83388,0.542068,-0.0413303,-1.79505,0.56119,0.0433246,-1.90636,0.628494,0,-1.9908,0.647837,0.0319512
10.46,-1.76723,1.21794,2.62094,-1.55701,1.26514,2.67846,-1.84196,1.45389,2,-1.38791,1.57834,2.11266,-1.82224,0.509633,-0.0394033,-1.78289,0.528797,0.045909,-1.89436,0.590489,0,-1.98861,0.61754,0.0335489
10.47,-1.78489,1.22275,2.62056,-1.57478,1.27026,2.67893,-1.86032,1.45945,2,-1.40778,1.58437,2.113,-1.81106,0.478675,-0.0375501,-1.77062,0.496473,0.048228,-1.88284,0.554244,0,-1.986,0.587387,0.0351313
10.48,-1.80307,1.2274,2.62019,-1.59242,1.27507,2.67942,-1.87922,1.46485,2,-1.42763,1.59009,2.11336,-1.79935,0.446454,-0.0356081,-1.75825,0.46403,0.0506054,-1.87079,0.51655,0,-1.983,0.557183,0.0370158
10.49,-1.82093,1.23169,2.61985,-1.60994,1.27954,2.67994,-1.89779,1.4698,2,-1.44744,1.59551,2.11374,-1.78765,0.414454,-0.0336673,-1.74565,0.431659,0.052795,-1.85876,0.479143,0,-1.97944,0.527099,0.0389551
10.5,-1.83899,1.23573,2.61952,-1.62734,1.2837,2.68048,-1.91657,1.47447,2,-1.46721,1.60063,2.11414,-1.77561,0.381748,-0.0316723,-1.73276,0.399318,0.0547784,-1.84638,0.440937,0,-1.97524,0.497078,0.0409287
10.51,-1.85667,1.23938,2.61921,-1.6446,1.28753,2.68103,-1.93495,1.47868,2,-1.48694,1.60545,2.11456,-1.76362,0.349401,-0.029689,-1.71969,0.366913,0.0566622,-1.83407,0.403175,0,-1.9705,0.467021,0.0430418
10.52,-1.87401,1.24267,2.61893,-1.66173,1.29104,2.68161,-1.95299,1.48248,2,-1.50662,1.60997,2.115,-1.75166,0.317352,-0.0277151,-1.70651,0.334544,0.0583467,-1.8218,0.365783,0,-1.96526,0.437019,0.0451944
10.5301,-1.89255,1.24586,2.61865,-1.67873,1.29422,2.6822,-1.97227,1.48615,2,-1.52625,1.61419,2.11547,-1.73864,0.282726,-0.0255737,-1.6933,0.30207,0.0600921,-1.80845,0.325407,0,-1.9596,0.406929,0.0476425
10.54,-1.9088,1.24836,2.61841,-1.69559,1.29708,2.68281,-1.98917,1.48903,2,-1.54581,1.61811,2.11596,-1.72705,0.252091,-0.0236724,-1.67997,0.269539,0.0615847,-1.79656,0.289703,0,-1.95341,0.376778,0.0500673
10.55,-1.92636,1.25077,2.61818,-1.71233,1.29961,2.68343,-2.00745,1.49179,2,-1.56531,1.62173,2.11647,-1.7143,0.218653,-0.0215909,-1.66644,0.236918,0.0631083,-1.78351,0.250748,0,-1.94657,0.346534,0.0527469
10.56,-1.9434,1.25278,2.61798,-1.72892,1.30182,2.68407,-2.02517,1.4941,2,-1.58474,1.62504,2.11701,-1.70173,0.185922,-0.0195482,-1.65288,0.204328,0.0644058,-1.77064,0.212632,0,-1.93925,0.316296,0.0554148
10.57,-1.96015,1.25446,2.6178,-1.74538,1.3037,2.68472,-2.0426,1.49602,2,-1.60409,1.62805,2.11758,-1.68916,0.153445,-0.0175169,-1.6393,0.171829,0.0653079,-1.75778,0.174824,0,-1.93142,0.286104,0.0578884
10.58,-1.97718,1.25584,2.61763,-1.76171,1.30526,2.68538,-2.06032,1.49759,2,-1.62337,1.63076,2.11817,-1.67617,0.120118,-0.0154291,-1.62575,0.139223,0.0662652,-1.74449,0.136039,0,-1.92315,0.255765,0.0606118
10.59,-1.99354,1.25686,2.61749,-1.7779,1.30648,2.68604,-2.07736,1.49874,2,-1.64256,1.63317,2.11879,-1.66347,0.087809,-0.0134024,-1.61214,0.106687,0.0670334,-1.73151,0.0984471,0,-1.91431,0.225439,0.063328
10.6,-2.01031,1.25758,2.61736,-1.79395,1.30739,2.68672,-2.09481,1.49954,2,-1.66165,1.63527,2.11944,-1.65025,0.0544295,-0.011307,-1.59846,0.0741011,0.067821,-1.718,0.0596176,0,-1.9049,0.194999,0.0662319
10.6101,-2.02704,1.25797,2.61726,-1.80987,1.30797,2.6874,-2.11223,1.49995,2,-1.68065,1.63707,2.12011,-1.63683,0.0208131,-0.00919574,-1.58482,0.0413698,0.0683805,-1.7043,0.0205182,0,-1.89502,0.164331,0.0690584
10.62,-2.04286,1.25801,2.61718,-1.82565,1.30822,2.68808,-2.1287,1.49996,2,-1.69955,1.63856,2.12082,-1.62393,-0.011217,-0.00718419,-1.57113,0.00856679,0.0685929,-1.69113,-0.0167324,0,-1.88455,0.133495,0.0716738
10.63,-2.05917,1.25773,2.61712,-1.84129,1.30814,2.68877,-2.14569,1.4996,2,-1.71834,1.63974,2.12155,-1.61042,-0.0445145,-0.00509395,-1.55732,-0.0244847,0.0688897,-1.67734,-0.0554552,0,-1.87344,0.102321,0.0745004
10.64,-2.07521,1.25712,2.61708,-1.85679,1.30773,2.68946,-2.1624,1.49885,2,-1.73702,1.6406,2.1223,-1.5969,-0.0775288,-0.00302325,-1.54357,-0.0576497,0.069058,-1.66354,-0.0938488,0,-1.86184,0.0709153,0.0773005
10.6501,-2.09143,1.25616,2.61706,-1.87216,1.30699,2.69015,-2.1793,1.4977,2,-1.75558,1.64116,2.12309,-1.583,-0.111174,-0.00091569,-1.5298,-0.0905265,0.0688786,-1.64937,-0.132978,0,-1.84968,0.0396529,0.0798293
10.66,-2.10707,1.25489,2.61706,-1.88739,1.30592,2.69084,-2.1956,1.49619,2,-1.77401,1.6414,2.1239,-1.56938,-0.14387,0.00112896,-1.51628,-0.123358,0.068678,-1.63548,-0.171008,0,-1.8372,0.00828866,0.0823988
10.67,-2.12238,1.25333,2.61708,-1.90249,1.30452,2.69152,-2.21155,1.49433,2,-1.79232,1.64132,2.12474,-1.55582,-0.176109,0.00314082,-1.5029,-0.156174,0.0684354,-1.62166,-0.208511,0,-1.8243,-0.0232177,0.0849691
10.6801,-2.1383,1.25134,2.61712,-1.91745,1.3028,2.6922,-2.22814,1.49198,2,-1.81049,1.64094,2.1256,-1.5415,-0.209867,0.00524207,-1.48929,-0.187866,0.0668464,-1.60706,-0.247789,0,-1.81064,-0.0537985,0.0861959
10.69,-2.15325,1.24914,2.61718,-1.93227,1.30076,2.69286,-2.24373,1.48939,2,-1.82853,1.64025,2.12646,-1.52781,-0.241827,0.00722551,-1.47558,-0.218975,0.064401,-1.59312,-0.284984,0,-1.79635,-0.0839906,0.0865532
10.7001,-2.16874,1.24651,2.61727,-1.94696,1.29842,2.69349,-2.25989,1.48629,2,-1.84642,1.63926,2.12733,-1.5134,-0.275159,0.00928703,-1.46172,-0.249849,0.0619081,-1.57843,-0.323787,0,-1.7814,-0.114133,0.0868421
10.71,-2.18371,1.24361,2.61737,-1.96151,1.29577,2.69409,-2.2755,1.48288,2,-1.86415,1.63797,2.1282,-1.49925,-0.307584,0.0112846,-1.44776,-0.280525,0.059369,-1.56402,-0.361547,0,-1.76584,-0.14426,0.0870487
10.72,-2.19842,1.24042,2.61749,-1.97591,1.29281,2.69468,-2.29085,1.47913,2,-1.88173,1.63637,2.12907,-1.48511,-0.339666,0.0132526,-1.43371,-0.31119,0.0569039,-1.54961,-0.398924,0,-1.74969,-0.174556,0.0872841
10.73,-2.21326,1.23685,2.61763,-1.99018,1.28955,2.69523,-2.30633,1.47494,2,-1.89915,1.63448,2.12994,-1.47061,-0.372236,0.0152409,-1.41962,-0.341444,0.0537516,-1.53484,-0.436884,0,-1.73302,-0.204626,0.0867653
10.74,-2.22797,1.23294,2.6178,-2.00431,1.28598,2.69575,-2.32169,1.47035,2,-1.91639,1.63228,2.1308,-1.45598,-0.40475,0.0172151,-1.40537,-0.371714,0.0506966,-1.51995,-0.474798,0,-1.7157,-0.234891,0.0862726
10.75,-2.24252,1.22872,2.61798,-2.01829,1.28211,2.69624,-2.33688,1.4654,2,-1.93346,1.62978,2.13166,-1.44129,-0.437088,0.019167,-1.39091,-0.401612,0.0473648,-1.50498,-0.512527,0,-1.69772,-0.264972,0.0854102
10.76,-2.2568,1.2242,2.61818,-2.03212,1.27795,2.6967,-2.35179,1.46011,2,-1.95034,1.62698,2.13251,-1.42661,-0.469043,0.0210835,-1.37633,-0.431429,0.044142,-1.49003,-0.549832,0,-1.67912,-0.29516,0.0845534
10.77,-2.2709,1.21938,2.6184,-2.04581,1.27348,2.69713,-2.36652,1.45446,2,-1.96704,1.62387,2.13336,-1.41188,-0.500777,0.0229735,-1.36182,-0.461432,0.0417079,-1.47503,-0.586901,0,-1.6601,-0.325716,0.0843788
10.78,-2.28508,1.21417,2.61864,-2.05936,1.26872,2.69754,-2.38134,1.44834,2,-1.98354,1.62046,2.1342,-1.39682,-0.532864,0.02487,-1.34752,-0.491691,0.0399253,-1.4597,-0.624408,0,-1.64079,-0.356707,0.0847384
10.79,-2.29894,1.20869,2.6189,-2.07276,1.26365,2.69792,-2.39582,1.44193,2,-1.99985,1.61674,2.13505,-1.38185,-0.564412,0.0267192,-1.33312,-0.521417,0.0374099,-1.44445,-0.661312,0,-1.62098,-0.38734,0.0842288
10.8,-2.3128,1.20284,2.61918,-2.08602,1.25829,2.69829,-2.41032,1.43507,2,-2.01596,1.61271,2.13589,-1.36662,-0.596151,0.0285631,-1.31888,-0.551353,0.0352958,-1.42893,-0.698468,0,-1.60086,-0.418348,0.0839884
10.8101,-2.32651,1.19667,2.61947,-2.09914,1.25263,2.69863,-2.42465,1.42784,2,-2.03187,1.60838,2.13672,-1.35131,-0.627685,0.0303774,-1.30442,-0.580717,0.0323625,-1.41333,-0.735416,0,-1.58017,-0.448934,0.0827835
10.82,-2.33972,1.19035,2.61978,-2.11211,1.24667,2.69893,-2.43846,1.42044,2,-2.04757,1.60373,2.13754,-1.3363,-0.658248,0.0321177,-1.28988,-0.61009,0.0295888,-1.39803,-0.771256,0,-1.55899,-0.479679,0.0815923
10.83,-2.35315,1.18353,2.62011,-2.12494,1.24042,2.69922,-2.45253,1.41245,2,-2.06305,1.59878,2.13836,-1.32077,-0.6895,0.0338774,-1.27551,-0.640502,0.0286649,-1.3822,-0.807937,0,-1.53745,-0.511624,0.0821054
10.84,-2.36603,1.17663,2.62045,-2.13762,1.23386,2.69951,-2.466,1.40436,2,-2.07831,1.5935,2.13919,-1.30564,-0.719579,0.035551,-1.26144,-0.672158,0.0296281,-1.36677,-0.843276,0,-1.51567,-0.544973,0.0843514
10.85,-2.37902,1.16927,2.62082,-2.15017,1.22698,2.69981,-2.4796,1.39574,2,-2.09336,1.58788,2.14004,-1.2901,-0.750091,0.037227,-1.24782,-0.704724,0.0318113,-1.35093,-0.879159,0,-1.49384,-0.579383,0.0876551
10.86,-2.39193,1.16156,2.6212,-2.16259,1.21975,2.70018,-2.49312,1.3867,2,-2.10819,1.58189,2.14097,-1.27439,-0.780547,0.0388768,-1.23621,-0.743216,0.043196,-1.33491,-0.915015,0,-1.47279,-0.619974,0.0999963
10.87,-2.40474,1.15352,2.6216,-2.17488,1.21214,2.70064,-2.50654,1.37727,2,-2.12281,1.5755,2.14201,-1.25853,-0.810912,0.0404969,-1.22395,-0.77937,0.0512818,-1.31873,-0.950803,0,-1.45105,-0.658308,0.108858
10.88,-2.41724,1.14526,2.62202,-2.18707,1.20416,2.70121,-2.51964,1.36759,2,-2.13721,1.56872,2.14315,-1.24278,-0.840672,0.0420593,-1.21144,-0.814804,0.0586208,-1.30265,-0.985918,0,-1.42882,-0.696033,0.116792
10.89,-2.42933,1.13689,2.62243,-2.1991,1.19587,2.70176,-2.53232,1.35777,2,-2.15138,1.56162,2.14429,-1.22728,-0.869586,0.0435514,-1.19622,-0.841243,0.051931,-1.28682,-1.02007,0,-1.40511,-0.72461,0.11057
10.9,-2.44175,1.12788,2.62289,-2.21099,1.18733,2.70225,-2.54534,1.3472,2,-2.16531,1.55423,2.14537,-1.21108,-0.899403,0.0450618,-1.18073,-0.867307,0.045199,-1.27027,-1.05534,0,-1.38098,-0.752911,0.104144
10.91,-2.45362,1.11887,2.62334,-2.22272,1.17853,2.70266,-2.55779,1.33662,2,-2.179,1.54656,2.14637,-1.19532,-0.928015,0.0464824,-1.16473,-0.891883,0.036337,-1.25416,-1.08923,0,-1.35642,-0.779767,0.0954466
10.92,-2.46547,1.10946,2.62381,-2.23428,1.16951,2.70295,-2.57023,1.32558,2,-2.19244,1.53865,2.14725,-1.17929,-0.956708,0.0478766,-1.14745,-0.912539,0.0216672,-1.23778,-1.12325,0,-1.33109,-0.802635,0.080847
10.9302,-2.47736,1.0996,2.6243,-2.24567,1.16027,2.70311,-2.58271,1.314,2,-2.20562,1.5305,2.148,-1.16292,-0.985587,0.0492473,-1.13052,-0.934627,0.00940513,-1.22104,-1.15755,0,-1.30572,-0.827057,0.0685093
10.94,-2.4887,1.08979,2.62479,-2.25689,1.15081,2.70315,-2.59462,1.30248,2,-2.21855,1.5221,2.14863,-1.14703,-1.01323,0.0505269,-1.11383,-0.957968,-0.00063157,-1.20478,-1.19042,0,-1.28024,-0.852844,0.0582517
10.95,-2.50009,1.07951,2.6253,-2.26795,1.14111,2.7031,-2.60659,1.2904,2,-2.23123,1.51344,2.14917,-1.13077,-1.04111,0.051783,-1.09743,-0.982497,-0.00849401,-1.18813,-1.22362,0,-1.25471,-0.879937,0.0500167
10.96,-2.51154,1.06875,2.62584,-2.27884,1.13116,2.70299,-2.61862,1.27774,2,-2.24365,1.5045,2.14964,-1.11411,-1.06924,0.0530128,-1.08124,-1.0079,-0.0143234,-1.17107,-1.25716,0,-1.22908,-0.908028,0.0436547
10.97,-2.52247,1.05805,2.62637,-2.28957,1.12095,2.70282,-2.63012,1.26516,2,-2.25581,1.49528,2.15005,-1.09791,-1.09617,0.0541532,-1.06538,-1.03426,-0.0186904,-1.15447,-1.28934,0,-1.20354,-0.937187,0.0386039
10.98,-2.53344,1.04688,2.62692,-2.30015,1.11047,2.70262,-2.64165,1.25202,2,-2.26772,1.48576,2.15041,-1.08136,-1.12327,0.0552613,-1.04952,-1.06125,-0.0218291,-1.13749,-1.32176,0,-1.17781,-0.967063,0.034646
10.99,-2.54401,1.03569,2.62747,-2.31056,1.09972,2.70239,-2.65277,1.23885,2,-2.27937,1.47593,2.15074,-1.0651,-1.14948,0.056293,-1.03374,-1.08877,-0.0240626,-1.12081,-1.35316,0,-1.15203,-0.99754,0.0314634
11,-2.55465,1.02398,2.62804,-2.32082,1.0887,2.70214,-2.66397,1.22506,2,-2.29076,1.4658,2.15104,-1.04841,-1.17594,0.0572925,-1.01798,-1.1166,-0.0255359,-1.10367,-1.38493,0,-1.12615,-1.02841,0.0289162
11.01,-2.56527,1.01184,2.62863,-2.33092,1.07739,2.70188,-2.67515,1.21076,2,-2.30189,1.45536,2.15132,-1.03143,-1.20242,0.058247,-1.00228,-1.14469,-0.0264429,-1.08623,-1.41676,0,-1.10023,-1.05959,0.0268192
11.02,-2.57536,0.999852,2.62921,-2.34087,1.0658,2.70161,-2.68578,1.19664,2,-2.31276,1.44461,2.15158,-1.01498,-1.22765,0.0591116,-0.98654,-1.17301,-0.0269171,-1.06931,-1.44715,0,-1.07419,-1.09103,0.0250613
11.03,-2.58535,0.987548,2.6298,-2.35065,1.05393,2.70134,-2.6963,1.18213,2,-2.32337,1.43354,2.15182,-0.998367,-1.25269,0.0599234,-0.97073,-1.20144,-0.0270752,-1.05222,-1.47736,0,-1.04799,-1.12263,0.0235333
11.0401,-2.59545,0.974636,2.63041,-2.36028,1.04177,2.70107,-2.70695,1.1669,2,-2.33372,1.42216,2.15205,-0.98123,-1.27808,0.0606961,-0.954876,-1.22984,-0.0269459,-1.03458,-1.50804,0,-1.02166,-1.15425,0.0221981
11.05,-2.60508,0.961853,2.63102,-2.36975,1.02933,2.7008,-2.71711,1.15181,2,-2.34381,1.41046,2.15227,-0.964539,-1.30236,0.0613849,-0.93911,-1.25814,-0.026679,-1.01738,-1.53744,0,-0.995304,-1.18579,0.0209321
11.06,-2.61462,0.948743,2.63163,-2.37906,1.01661,2.70054,-2.72717,1.13633,2,-2.35363,1.39844,2.15247,-0.947687,-1.32644,0.0620161,-0.923668,-1.28662,-0.0264332,-1.00001,-1.56665,0,-0.969079,-1.21754,0.019591
11.07,-2.62404,0.935318,2.63226,-2.38823,1.0036,2.70027,-2.73712,1.12047,2,-2.36319,1.38611,2.15266,-0.930689,-1.35029,0.0625867,-0.908501,-1.31513,-0.0260336,-0.982469,-1.59563,0,-0.942904,-1.2493,0.0183749
11.08,-2.63315,0.92187,2.63288,-2.39723,0.990308,2.70001,-2.74673,1.10458,2,-2.37248,1.37346,2.15284,-0.913907,-1.37338,0.0630846,-0.893514,-1.34341,-0.0258276,-0.96514,-1.62375,0,-0.916733,-1.28084,0.0169347
11.09,-2.64234,0.907808,2.63352,-2.4061,0.976733,2.69976,-2.75644,1.08795,2,-2.38152,1.36049,2.153,-0.896609,-1.39674,0.0635292,-0.878869,-1.37149,-0.0256478,-0.947262,-1.65225,0,-0.890546,-1.31224,0.0154146
11.1,-2.65106,0.893986,2.63415,-2.41481,0.962878,2.6995,-2.76566,1.07159,2,-2.3903,1.34721,2.15315,-0.879836,-1.41894,0.0638935,-0.864707,-1.39947,-0.0254391,-0.929913,-1.67939,0,-0.8644,-1.34358,0.0138849
11.11,-2.65978,0.879667,2.63479,-2.42339,0.948744,2.69925,-2.77488,1.05464,2,-2.39881,1.33362,2.15328,-0.862687,-1.44119,0.0641976,-0.85124,-1.42727,-0.0251754,-0.91216,-1.70664,0,-0.838331,-1.37484,0.0123658
11.12,-2.66836,0.865092,2.63543,-2.43184,0.934333,2.699,-2.78394,1.03738,2,-2.40706,1.31971,2.15339,-0.845456,-1.46309,0.0644332,-0.838725,-1.45497,-0.0248395,-0.894307,-1.73351,0,-0.8125,-1.40615,0.0108356
11.1301,-2.67689,0.850064,2.63609,-2.44017,0.919641,2.69876,-2.79297,1.01956,2,-2.41506,1.30549,2.1535,-0.827911,-1.48491,0.0646006,-0.827705,-1.48458,-0.0208177,-0.876113,-1.76036,0,-0.787031,-1.43978,0.0127616
11.14,-2.68491,0.835425,2.63673,-2.44841,0.904584,2.69868,-2.80146,1.00221,2,-2.42281,1.29085,2.15374,-0.811024,-1.50547,0.0646926,-0.820032,-1.52765,0.00784783,-0.858586,-1.78569,0,-0.762719,-1.48942,0.037634
11.15,-2.69289,0.820351,2.63737,-2.45655,0.889084,2.69895,-2.80991,0.984321,2,-2.43032,1.27568,2.15428,-0.793834,-1.52595,0.0647163,-0.807072,-1.57274,0.0487608,-0.840728,-1.81098,0,-0.739158,-1.54557,0.0713138
11.16,-2.70081,0.80485,2.63802,-2.46451,0.873123,2.69972,-2.8183,0.965919,2,-2.43759,1.25991,2.15521,-0.776355,-1.54631,0.0646678,-0.781781,-1.61975,0.107603,-0.822554,-1.83617,0,-0.716345,-1.61041,0.117474
11.17,-2.70845,0.789369,2.63866,-2.47213,0.856701,2.70114,-2.82639,0.947531,2,-2.44465,1.24346,2.15664,-0.75909,-1.56596,0.0645481,-0.73748,-1.66245,0.175846,-0.804585,-1.86054,0,-0.693941,-1.67753,0.167329
11.18,-2.71598,0.773563,2.63931,-2.47921,0.839935,2.70317,-2.83437,0.928746,2,-2.45147,1.22642,2.15848,-0.741645,-1.58535,0.0643547,-0.678071,-1.68848,0.227278,-0.786414,-1.88463,0,-0.670636,-1.73053,0.197819
11.19,-2.7233,0.757626,2.63995,-2.48565,0.822952,2.70573,-2.84214,0.909795,2,-2.45806,1.20884,2.16062,-0.724236,-1.60423,0.0640888,-0.609332,-1.70693,0.286738,-0.768262,-1.90814,0,-0.647482,-1.78438,0.229982
11.2,-2.73043,0.741549,2.64059,-2.49142,0.805837,2.70887,-2.84971,0.890667,2,-2.46442,1.19076,2.16304,-0.706846,-1.62264,0.0637509,-0.546776,-1.7142,0.339241,-0.750112,-1.93111,0,-0.623715,-1.83116,0.252954
11.21,-2.73751,0.724995,2.64123,-2.49663,0.788695,2.71244,-2.85722,0.870961,2,-2.47053,1.17226,2.16562,-0.689112,-1.64093,0.0633318,-0.496331,-1.71329,0.370126,-0.731587,-1.95398,0,-0.598985,-1.86527,0.25862
11.22,-2.74422,0.708734,2.64186,-2.50138,0.771583,2.7162,-2.86434,0.851593,2,-2.47639,1.15349,2.16816,-0.671851,-1.65827,0.062852,-0.455841,-1.70918,0.380832,-0.713539,-1.97572,0,-0.573388,-1.88886,0.250261
11.2301,-2.75091,0.691913,2.64249,-2.50576,0.7545,2.72008,-2.87145,0.831546,2,-2.482,1.13447,2.17065,-0.654155,-1.67558,0.0622868,-0.421053,-1.70739,0.395023,-0.695018,-1.99746,0,-0.547832,-1.91462,0.246221
11.24,-2.75741,0.674942,2.64311,-2.50982,0.737449,2.72406,-2.87836,0.811309,2,-2.48735,1.11522,2.17306,-0.636455,-1.69242,0.0616474,-0.390777,-1.70209,0.399426,-0.676475,-2.01865,0,-0.521732,-1.93452,0.234727
11.25,-2.76363,0.65809,2.64372,-2.51359,0.720472,2.72802,-2.88498,0.791203,2,-2.49243,1.09581,2.17531,-0.619026,-1.70854,0.0609461,-0.363132,-1.69286,0.391969,-0.658199,-2.03898,0,-0.495182,-1.94741,0.214057
11.26,-2.76976,0.640849,2.64433,-2.51709,0.703593,2.7319,-2.89149,0.770622,2,-2.49725,1.07627,2.17734,-0.601338,-1.72443,0.060162,-0.337993,-1.68303,0.382172,-0.639632,-2.05906,0,-0.468664,-1.95887,0.192119
11.27,-2.77561,0.623762,2.64492,-2.52036,0.686812,2.73567,-2.89771,0.750213,2,-2.50181,1.05663,2.17915,-0.583941,-1.73959,0.0593204,-0.315343,-1.67304,0.371583,-0.621356,-2.07826,0,-0.441979,-1.96963,0.170271
11.28,-2.78149,0.60589,2.64552,-2.52341,0.670131,2.73933,-2.90397,0.728857,2,-2.50609,1.03688,2.18075,-0.565884,-1.75485,0.0583736,-0.2953,-1.66342,0.361265,-0.602367,-2.09763,0,-0.415313,-1.98038,0.149434
11.2901,-2.78712,0.588088,2.6461,-2.52627,0.653542,2.74289,-2.90996,0.707571,2,-2.51011,1.01702,2.18214,-0.548028,-1.76946,0.0573649,-0.277607,-1.65428,0.351044,-0.583572,-2.1162,0,-0.388599,-1.9911,0.129518
11.3,-2.79234,0.570885,2.64666,-2.52897,0.637043,2.74635,-2.91553,0.686993,2,-2.51386,0.99706,2.18334,-0.530893,-1.78303,0.05633,-0.262245,-1.64574,0.34092,-0.565518,-2.13349,0,-0.36193,-2.00175,0.110596
11.3101,-2.79769,0.552527,2.64723,-2.53152,0.620625,2.74971,-2.92123,0.66502,2,-2.51735,0.976989,2.18436,-0.512728,-1.79693,0.0551624,-0.248972,-1.6379,0.331198,-0.546362,-2.15124,0,-0.335144,-2.01239,0.0929879
11.32,-2.80262,0.534905,2.64776,-2.53395,0.604281,2.75298,-2.92648,0.643918,2,-2.52057,0.956812,2.18521,-0.495404,-1.80973,0.0539822,-0.237713,-1.63102,0.321791,-0.528076,-2.16761,0,-0.308285,-2.02315,0.0766538
11.33,-2.80757,0.516405,2.6483,-2.53628,0.588002,2.75615,-2.93176,0.621755,2,-2.52352,0.936527,2.1859,-0.477329,-1.8226,0.0526828,-0.228345,-1.62497,0.312534,-0.508981,-2.18411,0,-0.281401,-2.03377,0.0615001
11.34,-2.8123,0.497947,2.64883,-2.53853,0.571779,2.75923,-2.9368,0.59963,2,-2.5262,0.916137,2.18644,-0.459404,-1.83489,0.0513268,-0.220754,-1.61985,0.303337,-0.490027,-2.19989,0,-0.254566,-2.04421,0.0474847
11.35,-2.81666,0.480146,2.64932,-2.5407,0.555602,2.76221,-2.94145,0.578284,2,-2.52861,0.895644,2.18685,-0.442214,-1.84622,0.0499647,-0.214788,-1.61556,0.294123,-0.471835,-2.21448,0,-0.227804,-2.05427,0.0345683
11.36,-2.82102,0.461511,2.64981,-2.54283,0.539465,2.76511,-2.94611,0.555926,2,-2.53075,0.875053,2.18714,-0.424315,-1.85756,0.0484836,-0.21024,-1.6121,0.284805,-0.452876,-2.22909,0,-0.201126,-2.06386,0.0226881
11.37,-2.82513,0.443077,2.65029,-2.54491,0.523357,2.76791,-2.95049,0.5338,2,-2.53263,0.854368,2.18731,-0.406702,-1.86825,0.0469653,-0.207007,-1.60955,0.275349,-0.434206,-2.24289,0,-0.174623,-2.073,0.011815
11.38,-2.82916,0.424096,2.65075,-2.54697,0.507271,2.77062,-2.9548,0.511008,2,-2.53424,0.833594,2.18737,-0.388657,-1.87872,0.0453488,-0.204884,-1.60797,0.265603,-0.415061,-2.25644,0,-0.148315,-2.08166,0.00180869
11.3901,-2.83309,0.404597,2.65121,-2.54901,0.491194,2.77322,-2.95899,0.487583,2,-2.5356,0.812736,2.18735,-0.370209,-1.88893,0.0436343,-0.203736,-1.60743,0.255529,-0.395473,-2.26967,0,-0.12229,-2.08987,-0.00737752
11.4,-2.83653,0.38656,2.65162,-2.55105,0.475118,2.77572,-2.96267,0.465907,2,-2.53669,0.791799,2.18723,-0.353221,-1.89789,0.0420019,-0.203412,-1.60791,0.245128,-0.377421,-2.28129,0,-0.0965787,-2.09757,-0.015761
11.41,-2.84004,0.367188,2.65204,-2.55308,0.459033,2.77812,-2.96642,0.442616,2,-2.53753,0.770787,2.18703,-0.335053,-1.907,0.0402014,-0.203505,-1.60926,0.234331,-0.358102,-2.29314,0,-0.0710058,-2.1046,-0.0234353
11.42,-2.84325,0.348382,2.65243,-2.55512,0.44293,2.78041,-2.96985,0.419999,2,-2.53811,0.749709,2.18676,-0.317489,-1.91535,0.0384088,-0.203898,-1.61153,0.223234,-0.339411,-2.304,0,-0.0456333,-2.11101,-0.030347
11.43,-2.8464,0.328731,2.65281,-2.55716,0.4268,2.78259,-2.97322,0.396356,2,-2.53844,0.728569,2.18643,-0.299205,-1.92355,0.0364909,-0.204449,-1.61464,0.211695,-0.31994,-2.3147,0,-0.020552,-2.11672,-0.0366768
11.44,-2.84927,0.309685,2.65316,-2.55921,0.410634,2.78464,-2.97629,0.373434,2,-2.53852,0.707376,2.18603,-0.281549,-1.93101,0.034591,-0.205118,-1.61866,0.199832,-0.301127,-2.32444,0,0.00412967,-2.12181,-0.0423567
11.45,-2.85197,0.290572,2.65349,-2.56126,0.394424,2.78658,-2.97917,0.350423,2,-2.53836,0.686135,2.18558,-0.26389,-1.93801,0.0326459,-0.205697,-1.62355,0.187767,-0.282298,-2.33359,0,0.0284841,-2.12626,-0.0473152
11.46,-2.85454,0.270947,2.65381,-2.56332,0.37816,2.7884,-2.98193,0.326788,2,-2.53796,0.664853,2.18509,-0.245814,-1.94471,0.0306111,-0.206148,-1.62934,0.175517,-0.263015,-2.34235,0,0.0523988,-2.13015,-0.0515959
11.47,-2.85689,0.251689,2.65411,-2.56538,0.361834,2.79009,-2.98444,0.303589,2,-2.53731,0.643534,2.18455,-0.22813,-1.9508,0.0285798,-0.206404,-1.63596,0.16326,-0.244138,-2.35033,0,0.0758059,-2.13343,-0.0550878
11.48,-2.85907,0.232191,2.65438,-2.56745,0.345438,2.79166,-2.98678,0.280095,2,-2.53644,0.622186,2.18399,-0.210275,-1.95648,0.0264908,-0.206451,-1.64336,0.151009,-0.225068,-2.35779,0,0.0985836,-2.13612,-0.0578393
11.49,-2.8611,0.212431,2.65464,-2.56951,0.328965,2.79311,-2.98895,0.25628,2,-2.53535,0.600815,2.1834,-0.192225,-1.96175,0.024343,-0.206138,-1.65136,0.138752,-0.205781,-2.36471,0,0.120743,-2.13807,-0.0599366
11.5,-2.86293,0.192897,2.65487,-2.57157,0.312409,2.79444,-2.9909,0.23273,2,-2.53403,0.579427,2.18279,-0.174422,-1.96649,0.0221918,-0.205392,-1.66006,0.126481,-0.18675,-2.37094,0,0.142226,-2.13944,-0.0614621
11.51,-2.86461,0.172843,2.65508,-2.57362,0.295762,2.79564,-2.99271,0.208549,2,-2.5325,0.558027,2.18217,-0.156184,-1.97086,0.0199571,-0.204186,-1.66947,0.114257,-0.167245,-2.37669,0,0.162939,-2.14032,-0.0624324
11.52,-2.86607,0.153352,2.65527,-2.57565,0.279018,2.79672,-2.99427,0.185042,2,-2.53077,0.536623,2.18155,-0.138492,-1.97464,0.0177624,-0.202373,-1.67934,0.10215,-0.148317,-2.38167,0,0.182918,-2.14052,-0.0628596
11.53,-2.86737,0.133462,2.65544,-2.57766,0.262173,2.79769,-2.99566,0.161051,2,-2.52885,0.515219,2.18092,-0.120467,-1.97803,0.0155022,-0.199977,-1.68965,0.0901769,-0.129027,-2.38613,0,0.202037,-2.1401,-0.0628118
11.54,-2.86849,0.113526,2.65558,-2.57965,0.245224,2.79853,-2.99686,0.137,2,-2.52674,0.493823,2.18029,-0.102427,-1.98094,0.0132186,-0.196844,-1.7003,0.0783272,-0.109715,-2.38997,0,0.220362,-2.13904,-0.0623851
11.55,-2.86942,0.0939513,2.6557,-2.5816,0.228166,2.79925,-2.99785,0.113382,2,-2.52444,0.47244,2.17967,-0.0847345,-1.98334,0.0109612,-0.192855,-1.71131,0.0666873,-0.0907705,-2.39313,0,0.237935,-2.13744,-0.0615754
11.56,-2.87018,0.0740044,2.6558,-2.5835,0.210997,2.79986,-2.99867,0.0893124,2,-2.52198,0.451077,2.17906,-0.0667242,-1.98532,0.00864821,-0.187863,-1.72237,0.0553075,-0.0714816,-2.39574,0,0.254835,-2.13507,-0.0604187
11.57,-2.87075,0.0542746,2.65587,-2.58535,0.193718,2.80036,-2.99928,0.065503,2,-2.51935,0.42974,2.17846,-0.0489242,-1.98681,0.00635045,-0.181924,-1.73352,0.0441584,-0.0524149,-2.39771,0,0.270963,-2.13206,-0.0590294
11.58,-2.87115,0.0341721,2.65593,-2.58714,0.176326,2.80075,-2.99972,0.0412424,2,-2.51656,0.408437,2.17788,-0.0307985,-1.98786,0.00400182,-0.17516,-1.74489,0.0332095,-0.032997,-2.39909,0,0.286158,-2.12863,-0.0575193
11.59,-2.87137,0.0145264,2.65596,-2.58885,0.158819,2.80103,-2.99995,0.0175321,2,-2.51363,0.387169,2.17731,-0.0130912,-1.98842,0.00170195,-0.167561,-1.75659,0.0224836,-0.0140259,-2.39984,0,0.300405,-2.12498,-0.0559466
11.6,-2.87141,-0.00536368,2.65596,-2.59049,0.141195,2.8012,-2.99999,-0.00647351,2,-2.51056,0.36594,2.17676,0.00483366,-1.98853,-0.00062848,-0.158898,-1.76805,0.012039,0.00517882,-2.39998,0,0.313915,-2.12063,-0.0543371
11.6101,-2.87127,-0.0257207,2.65594,-2.59203,0.123458,2.80127,-2.99984,-0.0310425,2,-2.50735,0.344758,2.17623,0.0231804,-1.98815,-0.00301284,-0.149195,-1.77931,0.00190957,0.0248353,-2.39949,0,0.326662,-2.11573,-0.0527368
11.62,-2.87096,-0.0452216,2.6559,-2.59347,0.105611,2.80124,-2.9995,-0.0545775,2,-2.50403,0.323628,2.17571,0.0407603,-1.98734,-0.00529352,-0.138384,-1.79021,-0.00782524,0.0436692,-2.39841,0,0.338715,-2.11019,-0.0511342
11.63,-2.87045,-0.0653601,2.65584,-2.59479,0.0876545,2.80111,-2.99896,-0.078881,2,-2.50058,0.302555,2.1752,0.0589239,-1.98603,-0.00764255,-0.126646,-1.80095,-0.0172487,0.0631266,-2.39668,0,0.349901,-2.10431,-0.0496774
11.64,-2.86979,-0.0847277,2.65575,-2.596,0.0695925,2.80089,-2.99825,-0.102252,2,-2.49703,0.281543,2.17471,0.0764043,-1.98431,-0.00989308,-0.113929,-1.81141,-0.0263127,0.0818494,-2.39442,0,0.360307,-2.09804,-0.0483803
11.65,-2.86893,-0.104613,2.65564,-2.59707,0.0514278,2.80059,-2.99734,-0.126246,2,-2.49338,0.260595,2.17423,0.0943682,-1.98209,-0.0121924,-0.100301,-1.82147,-0.0350125,0.101086,-2.39148,0,0.369902,-2.09135,-0.047298
11.66,-2.86789,-0.124566,2.65551,-2.598,0.0331649,2.80019,-2.99622,-0.150319,2,-2.48963,0.239717,2.17377,0.112414,-1.97939,-0.0144853,-0.0857301,-1.83097,-0.043203,0.120407,-2.38792,0,0.378754,-2.08417,-0.0463397
11.67,-2.86669,-0.144251,2.65535,-2.59878,0.0148106,2.79972,-2.99493,-0.174065,2,-2.48581,0.218914,2.17331,0.130241,-1.97625,-0.0167306,-0.0703179,-1.8398,-0.0509367,0.139488,-2.38379,0,0.386805,-2.07646,-0.0456048
11.68,-2.86529,-0.164029,2.65517,-2.5994,-0.0036293,2.79918,-2.99344,-0.197919,2,-2.4819,0.198189,2.17285,0.14818,-1.97263,-0.0189673,-0.0541542,-1.8481,-0.0582105,0.158683,-2.37902,0,0.394015,-2.06845,-0.045132
11.69,-2.86374,-0.183545,2.65497,-2.59986,-0.0221496,2.79856,-2.99177,-0.221454,2,-2.47793,0.177546,2.1724,0.165913,-1.96859,-0.0211529,-0.037215,-1.85587,-0.0650499,0.177651,-2.3737,0,0.400458,-2.06019,-0.0449819
11.7,-2.86198,-0.203301,2.65475,-2.60014,-0.040744,2.79788,-2.98989,-0.245273,2,-2.47389,0.156987,2.17195,0.183899,-1.96402,-0.0233408,-0.0193389,-1.86288,-0.0713701,0.196882,-2.3677,0,0.406358,-2.05153,-0.0450998
11.71,-2.85999,-0.223498,2.6545,-2.60024,-0.0594053,2.79714,-2.98776,-0.269618,2,-2.4698,0.136516,2.1715,0.202329,-1.95886,-0.0255496,-0.000738412,-1.86928,-0.0772477,0.216578,-2.36091,0,0.411567,-2.04268,-0.0455875
11.72,-2.85794,-0.24251,2.65424,-2.60016,-0.078127,2.79634,-2.98556,-0.29253,2,-2.46566,0.116134,2.17104,0.219719,-1.95353,-0.0276003,0.0185299,-1.87491,-0.0826853,0.235155,-2.35392,0,0.416097,-2.03357,-0.0464636
11.73,-2.85562,-0.262306,2.65395,-2.59987,-0.0969013,2.79548,-2.98308,-0.316379,2,-2.46148,0.0958448,2.17057,0.237873,-1.9475,-0.0297038,0.0385425,-1.87984,-0.0876667,0.254539,-2.34601,0,0.420103,-2.02429,-0.0477219
11.7401,-2.85314,-0.281788,2.65364,-2.59938,-0.115721,2.79458,-2.98043,-0.339845,2,-2.45726,0.0756491,2.17008,0.255792,-1.94107,-0.0317397,0.0592996,-1.88394,-0.092182,0.27366,-2.33759,0,0.423659,-2.01479,-0.0493605
11.75,-2.85056,-0.300735,2.65332,-2.59868,-0.134577,2.79364,-2.97767,-0.362659,2,-2.45301,0.05555,2.16958,0.273272,-1.93435,-0.0336848,0.0807685,-1.88708,-0.0962517,0.292304,-2.3288,0,0.426803,-2.00499,-0.051399
11.7601,-2.8476,-0.32096,2.65296,-2.59777,-0.153459,2.79266,-2.9745,-0.387004,2,-2.44873,0.0355504,2.16906,0.291993,-1.92665,-0.0357205,0.102794,-1.88924,-0.0998974,0.312258,-2.31875,0,0.429468,-1.9949,-0.0538499
11.77,-2.84471,-0.339425,2.6526,-2.59663,-0.172358,2.79164,-2.97141,-0.409223,2,-2.44442,0.0156534,2.1685,0.309146,-1.91915,-0.0375401,0.125468,-1.89026,-0.103046,0.330528,-2.30896,0,0.431828,-1.98442,-0.0566268
11.78,-2.84151,-0.358692,2.65222,-2.59525,-0.191261,2.7906,-2.96799,-0.432399,2,-2.44009,-0.00413688,2.16792,0.327109,-1.91083,-0.0393968,0.148697,-1.89016,-0.105703,0.34965,-2.29812,0,0.433863,-1.9736,-0.0597189
11.79,-2.83815,-0.377758,2.65181,-2.59365,-0.210158,2.78953,-2.9644,-0.455326,2,-2.43575,-0.0238182,2.16731,0.344957,-1.90209,-0.0411898,0.172257,-1.88916,-0.107962,0.368635,-2.28676,0,0.435431,-1.96268,-0.0631933
11.8,-2.83465,-0.396522,2.6514,-2.59181,-0.229041,2.78844,-2.96066,-0.47788,2,-2.43139,-0.0433899,2.16666,0.362595,-1.893,-0.0429089,0.196189,-1.88719,-0.109839,0.387384,-2.27494,0,0.436658,-1.95162,-0.0670367
11.8102,-2.83079,-0.416137,2.65094,-2.58973,-0.247899,2.78734,-2.95654,-0.501448,2,-2.42702,-0.0628506,2.16597,0.381116,-1.88295,-0.0446554,0.220549,-1.8843,-0.111345,0.407056,-2.26192,0,0.437681,-1.9405,-0.0712257
11.82,-2.82706,-0.434124,2.65051,-2.5874,-0.266723,2.78622,-2.95255,-0.523051,2,-2.42263,-0.0821993,2.16523,0.39818,-1.87325,-0.0462094,0.245279,-1.88037,-0.112435,0.425165,-2.24936,0,0.438516,-1.92922,-0.0756822
11.8301,-2.82278,-0.453714,2.65002,-2.58482,-0.285503,2.78509,-2.94799,-0.546569,2,-2.41825,-0.101435,2.16445,0.416855,-1.86214,-0.0478478,0.270371,-1.87543,-0.113143,0.44497,-2.235,0,0.439233,-1.91783,-0.0803993
11.84,-2.81869,-0.471572,2.64955,-2.58199,-0.304229,2.78396,-2.94362,-0.567998,2,-2.41385,-0.120556,2.16362,0.433967,-1.8515,-0.0492902,0.29568,-1.86965,-0.113563,0.463102,-2.22128,0,0.439764,-1.90652,-0.0854282
11.85,-2.81432,-0.489805,2.64905,-2.5789,-0.322892,2.78282,-2.93895,-0.589868,2,-2.40945,-0.139564,2.16274,0.45153,-1.84013,-0.0507103,0.321285,-1.86285,-0.113644,0.481696,-2.20664,0,0.440263,-1.89512,-0.0906694
11.8601,-2.80947,-0.509078,2.64851,-2.57556,-0.341484,2.78168,-2.93379,-0.612974,2,-2.40505,-0.158459,2.16181,0.470201,-1.82754,-0.0521516,0.34701,-1.85531,-0.113486,0.501446,-2.19046,0,0.440636,-1.8839,-0.0961735
11.87,-2.80492,-0.526412,2.64801,-2.57196,-0.359994,2.78055,-2.92893,-0.633745,2,-2.40064,-0.177242,2.16082,0.487092,-1.81571,-0.0533933,0.372882,-1.84668,-0.113066,0.519298,-2.17527,0,0.440978,-1.87255,-0.101868
11.88,-2.79983,-0.544956,2.64746,-2.5681,-0.378414,2.77942,-2.92351,-0.655956,2,-2.39623,-0.195911,2.15977,0.505272,-1.80249,-0.0546624,0.398721,-1.83718,-0.112474,0.538494,-2.15835,0,0.441176,-1.86127,-0.107792
11.89,-2.79483,-0.562446,2.64692,-2.56399,-0.396735,2.7783,-2.91818,-0.676894,2,-2.39181,-0.214467,2.15866,0.522527,-1.78949,-0.0558013,0.424585,-1.82666,-0.111673,0.556698,-2.14174,0,0.441359,-1.84992,-0.113855
11.9,-2.78951,-0.580274,2.64636,-2.55961,-0.414945,2.77719,-2.91252,-0.698225,2,-2.3874,-0.232909,2.15749,0.540231,-1.77569,-0.0569021,0.450602,-1.81522,-0.11061,0.575358,-2.12414,0,0.44171,-1.83861,-0.119951
11.91,-2.78397,-0.598125,2.64578,-2.55498,-0.433036,2.77609,-2.90661,-0.719574,2,-2.38298,-0.251239,2.15626,0.55808,-1.7613,-0.0579416,0.476588,-1.80285,-0.109342,0.594154,-2.10582,0,0.442107,-1.82731,-0.126083
11.92,-2.77829,-0.615706,2.64519,-2.55008,-0.450999,2.775,-2.90057,-0.740588,2,-2.37856,-0.269456,2.15497,0.575785,-1.74655,-0.0589019,0.502491,-1.78959,-0.107938,0.612781,-2.08708,0,0.442562,-1.81605,-0.132263
11.9302,-2.77216,-0.63392,2.64457,-2.54493,-0.468825,2.77393,-2.89404,-0.762348,2,-2.37413,-0.287561,2.15362,0.594268,-1.73065,-0.0598283,0.528241,-1.77554,-0.106455,0.632207,-2.06693,0,0.443064,-1.80493,-0.138495
11.94,-2.76643,-0.650303,2.644,-2.53952,-0.486506,2.77288,-2.88795,-0.781909,2,-2.36969,-0.305554,2.1522,0.611019,-1.71579,-0.0606002,0.553935,-1.7605,-0.104826,0.649797,-2.04814,0,0.443765,-1.79372,-0.144657
11.95,-2.76029,-0.667218,2.64339,-2.53385,-0.504033,2.77184,-2.88142,-0.802095,2,-2.36525,-0.323436,2.15072,0.628449,-1.69988,-0.0613341,0.579385,-1.74476,-0.103141,0.668082,-2.02805,0,0.444525,-1.78272,-0.150785
11.96,-2.75378,-0.684499,2.64276,-2.52793,-0.521398,2.77081,-2.8745,-0.822706,2,-2.3608,-0.341208,2.14919,0.646404,-1.68302,-0.0620159,0.604619,-1.72815,-0.101378,0.6869,-2.00681,0,0.445428,-1.77172,-0.156806
11.9701,-2.74725,-0.701185,2.64214,-2.52176,-0.538594,2.76981,-2.86757,-0.842597,2,-2.35634,-0.358871,2.14759,0.66389,-1.66612,-0.0626069,0.629565,-1.71087,-0.0996172,0.705209,-1.98557,0,0.446455,-1.7609,-0.162749
11.98,-2.74051,-0.717805,2.64151,-2.51534,-0.555613,2.76882,-2.8604,-0.862398,2,-2.35187,-0.376426,2.14593,0.68146,-1.64867,-0.0631279,0.654226,-1.69283,-0.0978458,0.723588,-1.96368,0,0.447649,-1.75018,-0.168555
11.99,-2.73375,-0.733868,2.64089,-2.50867,-0.572447,2.76785,-2.85323,-0.881525,2,-2.34739,-0.393874,2.14422,0.698596,-1.63121,-0.0635653,0.678615,-1.67394,-0.0960845,0.741497,-1.94182,0,0.449065,-1.73941,-0.1742
12,-2.72663,-0.750197,2.64025,-2.50177,-0.589089,2.7669,-2.84567,-0.900958,2,-2.34289,-0.411215,2.14245,0.71618,-1.61282,-0.0639413,0.702716,-1.65439,-0.094386,0.759856,-1.91885,0,0.450732,-1.72879,-0.179689
12.01,-2.71939,-0.766212,2.63961,-2.49462,-0.605533,2.76596,-2.83799,-0.920006,2,-2.33837,-0.42845,2.14062,0.733593,-1.59414,-0.0642407,0.726551,-1.63411,-0.0927402,0.77802,-1.89557,0,0.452714,-1.71819,-0.18497
12.02,-2.71201,-0.781968,2.63897,-2.48724,-0.621769,2.76504,-2.83017,-0.938736,2,-2.33384,-0.445578,2.13875,0.750899,-1.57512,-0.0644664,0.750133,-1.61301,-0.0911108,0.796055,-1.87191,0,0.455062,-1.70749,-0.189965
12.03,-2.70431,-0.797826,2.63831,-2.47962,-0.63779,2.76414,-2.82201,-0.957577,2,-2.32927,-0.4626,2.13683,0.768499,-1.55531,-0.0646222,0.773363,-1.59118,-0.0895629,0.81438,-1.84732,0,0.457718,-1.69677,-0.194703
12.04,-2.69664,-0.813074,2.63768,-2.47177,-0.65359,2.76325,-2.81389,-0.975683,2,-2.32468,-0.479514,2.13486,0.785604,-1.5356,-0.0647026,0.796296,-1.56858,-0.0880828,0.832173,-1.82291,0,0.460776,-1.68595,-0.199132
12.0501,-2.68856,-0.828601,2.63702,-2.46369,-0.669159,2.76238,-2.80532,-0.99411,2,-2.32005,-0.496318,2.13285,0.803218,-1.51483,-0.0647121,0.819091,-1.54505,-0.0866202,0.850479,-1.79724,0,0.464428,-1.67481,-0.20317
12.06,-2.68042,-0.843684,2.63637,-2.45539,-0.684489,2.76152,-2.7967,-1.012,2,-2.31539,-0.51301,2.13079,0.820527,-1.49396,-0.0646492,0.841612,-1.52083,-0.0852777,0.868451,-1.77149,0,0.468574,-1.66357,-0.206887
12.07,-2.67216,-0.858465,2.63573,-2.44686,-0.699573,2.76067,-2.78796,-1.02952,2,-2.31068,-0.529588,2.12871,0.837692,-1.4728,-0.0645163,0.863893,-1.49585,-0.0839965,0.886258,-1.74546,0,0.473285,-1.6521,-0.210195
12.08,-2.66374,-0.873004,2.63509,-2.43811,-0.714404,2.75984,-2.77906,-1.04675,2,-2.30592,-0.546052,2.12659,0.854783,-1.45129,-0.0643144,0.88575,-1.47033,-0.0828934,0.903973,-1.71903,0,0.478408,-1.64056,-0.213184
12.09,-2.6552,-0.887252,2.63445,-2.42915,-0.728977,2.75901,-2.77003,-1.06362,2,-2.30111,-0.562399,2.12445,0.871744,-1.4295,-0.0640457,0.907261,-1.44423,-0.0819507,0.921538,-1.69231,0,0.484062,-1.62889,-0.215814
12.1001,-2.6462,-0.901752,2.6338,-2.41997,-0.743287,2.7582,-2.76052,-1.08078,2,-2.29624,-0.578629,2.12228,0.889232,-1.40656,-0.0636976,0.928344,-1.41768,-0.0812154,0.939634,-1.66424,0,0.490194,-1.61715,-0.218114
12.11,-2.63724,-0.915676,2.63316,-2.41058,-0.757329,2.75739,-2.75105,-1.09725,2,-2.2913,-0.594741,2.12009,0.906258,-1.38377,-0.0632898,0.949097,-1.39048,-0.0805574,0.957235,-1.63642,0,0.49693,-1.6051,-0.219939
12.12,-2.62827,-0.929126,2.63255,-2.40099,-0.771095,2.75659,-2.74159,-1.11315,2,-2.2863,-0.61073,2.11788,0.922933,-1.36102,-0.0628249,0.969404,-1.36273,-0.0800739,0.974461,-1.60869,0,0.504183,-1.5928,-0.221378
12.13,-2.61886,-0.942768,2.63191,-2.3912,-0.784582,2.75579,-2.73164,-1.12927,2,-2.28122,-0.626596,2.11566,0.940089,-1.33716,-0.0622794,0.989314,-1.3345,-0.079798,0.992171,-1.57966,0,0.512021,-1.58027,-0.222454
12.14,-2.60949,-0.955853,2.6313,-2.3812,-0.797784,2.75499,-2.72176,-1.14473,2,-2.27606,-0.642335,2.11343,0.956794,-1.31349,-0.0616831,1.00881,-1.30602,-0.0797608,1.0094,-1.55093,0,0.520455,-1.56766,-0.223195
12.15,-2.5997,-0.969045,2.63068,-2.37102,-0.8107,2.75419,-2.71144,-1.1603,2,-2.27081,-0.657948,2.1112,0.973898,-1.2888,-0.0610065,1.02797,-1.27712,-0.0798928,1.02703,-1.52101,0,0.529576,-1.55477,-0.223529
12.16,-2.58986,-0.981834,2.63007,-2.36065,-0.823325,2.75339,-2.70106,-1.17539,2,-2.26546,-0.67343,2.10896,0.990747,-1.26404,-0.0602751,1.0468,-1.24782,-0.0801719,1.04438,-1.49106,0,0.539422,-1.54157,-0.223438
12.17,-2.58003,-0.994159,2.62948,-2.35009,-0.835656,2.75259,-2.69069,-1.18993,2,-2.26002,-0.688778,2.10673,1.00726,-1.23934,-0.0594966,1.06521,-1.2182,-0.0806287,1.06137,-1.46124,0,0.549917,-1.52808,-0.22296
12.18,-2.56982,-1.00648,2.62889,-2.33934,-0.847689,2.75178,-2.67995,-1.20445,2,-2.25446,-0.703991,2.1045,1.02404,-1.2138,-0.0586427,1.08308,-1.18838,-0.0813435,1.07863,-1.43046,0,0.560951,-1.51437,-0.222183
12.19,-2.55939,-1.01862,2.6283,-2.32843,-0.859422,2.75096,-2.66896,-1.21875,2,-2.2488,-0.719064,2.10229,1.04088,-1.18774,-0.0577238,1.10057,-1.15823,-0.0822689,1.09593,-1.39911,0,0.572695,-1.50025,-0.221074
12.2,-2.549,-1.03025,2.62773,-2.31733,-0.870853,2.75013,-2.65803,-1.23244,2,-2.24301,-0.733995,2.10008,1.0573,-1.16189,-0.0567673,1.11756,-1.12784,-0.0834018,1.11281,-1.36805,0,0.585052,-1.48576,-0.219644
12.21,-2.53808,-1.04201,2.62716,-2.30608,-0.881978,2.74929,-2.64653,-1.24629,2,-2.23709,-0.748778,2.09789,1.07425,-1.13478,-0.0557195,1.13404,-1.09712,-0.0847067,1.1302,-1.33554,0,0.59801,-1.47078,-0.21788
12.22,-2.52748,-1.053,2.62662,-2.29465,-0.892794,2.74844,-2.63538,-1.25923,2,-2.23105,-0.763409,2.09573,1.0904,-1.10853,-0.0546637,1.15014,-1.06613,-0.0861912,1.14676,-1.30412,0,0.61169,-1.45529,-0.215809
12.2301,-2.51645,-1.064,2.62607,-2.28307,-0.903301,2.74757,-2.62378,-1.27216,2,-2.22486,-0.777883,2.09358,1.10688,-1.08132,-0.0535289,1.16582,-1.03509,-0.0878605,1.16366,-1.27159,0,0.626058,-1.43947,-0.21346
12.24,-2.50541,-1.07457,2.62555,-2.27134,-0.913496,2.74668,-2.61218,-1.28459,2,-2.21852,-0.792197,2.09146,1.12307,-1.05416,-0.0523584,1.18103,-1.00403,-0.0897107,1.18025,-1.23918,0,0.641071,-1.4233,-0.210855
12.25,-2.49402,-1.08504,2.62503,-2.25946,-0.923382,2.74577,-2.60021,-1.2969,2,-2.21203,-0.806348,2.08936,1.13947,-1.02624,-0.0511174,1.19574,-0.973111,-0.091766,1.19704,-1.20591,0,0.656677,-1.40687,-0.208048
12.26,-2.48251,-1.09519,2.62452,-2.24743,-0.932959,2.74484,-2.58812,-1.30882,2,-2.20539,-0.820334,2.0873,1.15574,-0.998134,-0.0498322,1.20991,-0.942387,-0.0940165,1.21369,-1.17246,0,0.672852,-1.39022,-0.205059
12.27,-2.47092,-1.10499,2.62403,-2.23526,-0.94223,2.74389,-2.57596,-1.32033,2,-2.19857,-0.834152,2.08526,1.17182,-0.96994,-0.0485089,1.2236,-0.911812,-0.096436,1.23014,-1.13896,0,0.689632,-1.37325,-0.201897
12.28,-2.45916,-1.11452,2.62355,-2.22296,-0.951195,2.74291,-2.5636,-1.33152,2,-2.19159,-0.847797,2.08326,1.18786,-0.941404,-0.0471369,1.23688,-0.881243,-0.0990163,1.24655,-1.1051,0,0.707078,-1.35578,-0.198589
12.29,-2.44728,-1.12373,2.62309,-2.21052,-0.959855,2.74191,-2.55115,-1.34232,2,-2.18443,-0.861265,2.08129,1.20376,-0.912731,-0.0457272,1.24987,-0.850718,-0.10174,1.2628,-1.07112,0,0.725283,-1.33782,-0.195154
12.3,-2.43515,-1.13272,2.62264,-2.19796,-0.96821,2.74088,-2.53842,-1.35287,2,-2.17708,-0.874551,2.07936,1.21972,-0.883551,-0.0442626,1.26255,-0.820212,-0.1046,1.2791,-1.03659,0,0.744203,-1.3193,-0.19162
12.31,-2.42276,-1.14149,2.6222,-2.18527,-0.976259,2.73982,-2.52543,-1.36316,2,-2.16954,-0.887649,2.07746,1.23574,-0.853852,-0.0427427,1.27499,-0.789598,-0.10753,1.29546,-1.00148,0,0.763897,-1.30006,-0.187955
12.32,-2.41027,-1.14991,2.62178,-2.17246,-0.984002,2.73873,-2.51234,-1.37304,2,-2.1618,-0.900551,2.0756,1.25159,-0.824076,-0.0411913,1.28706,-0.759032,-0.110534,1.31164,-0.966331,0,0.784203,-1.28021,-0.184203
12.3301,-2.39743,-1.15816,2.62137,-2.15953,-0.99144,2.73761,-2.49888,-1.38271,2,-2.15386,-0.913251,2.07378,1.26762,-0.793564,-0.0395744,1.2986,-0.728629,-0.113625,1.328,-0.930351,0,0.804955,-1.25984,-0.180413
12.34,-2.38488,-1.16582,2.62099,-2.14649,-0.998575,2.73646,-2.48574,-1.3917,2,-2.1457,-0.925746,2.07199,1.28301,-0.763892,-0.0379776,1.3097,-0.698431,-0.116788,1.3437,-0.895402,0,0.82618,-1.23896,-0.176606
12.35,-2.37213,-1.17322,2.62062,-2.13334,-1.00541,2.73527,-2.47239,-1.40036,2,-2.13733,-0.938028,2.07024,1.29837,-0.733895,-0.0363402,1.32042,-0.668308,-0.119959,1.35936,-0.860108,0,0.847936,-1.21742,-0.172758
12.36,-2.35897,-1.18046,2.62026,-2.12008,-1.01194,2.73406,-2.45861,-1.40885,2,-2.12874,-0.950091,2.06854,1.31397,-0.703064,-0.0346347,1.33089,-0.638151,-0.123096,1.37527,-0.823869,0,0.870286,-1.19508,-0.168861
12.37,-2.34575,-1.18734,2.61993,-2.10672,-1.01817,2.73281,-2.44477,-1.41691,2,-2.11993,-0.961928,2.06687,1.32936,-0.672253,-0.0329088,1.34103,-0.608074,-0.126224,1.39096,-0.78769,0,0.893121,-1.17204,-0.164977
12.38,-2.33193,-1.19412,2.6196,-2.09326,-1.0241,2.73153,-2.43032,-1.42486,2,-2.11088,-0.97353,2.06524,1.34518,-0.640213,-0.0310929,1.35089,-0.578114,-0.129377,1.40708,-0.750102,0,0.916463,-1.14831,-0.161171
12.39,-2.31906,-1.20007,2.61931,-2.07971,-1.02974,2.73022,-2.41686,-1.43183,2,-2.10159,-0.984892,2.06364,1.35966,-0.610525,-0.0293924,1.36042,-0.54849,-0.132537,1.42184,-0.715306,0,0.940202,-1.1241,-0.157462
12.4,-2.30521,-1.20609,2.61902,-2.06606,-1.03507,2.72888,-2.40238,-1.43888,2,-2.09207,-0.99601,2.06209,1.37499,-0.578754,-0.0275546,1.36972,-0.519014,-0.135654,1.43746,-0.678099,0,0.964396,-1.0992,-0.153829
12.4101,-2.29102,-1.21187,2.61875,-2.05231,-1.04012,2.72751,-2.38754,-1.44565,2,-2.08231,-1.00687,2.06057,1.39044,-0.54636,-0.025663,1.37881,-0.489811,-0.138743,1.45319,-0.640192,0,0.989032,-1.07372,-0.150319
12.42,-2.27716,-1.21713,2.6185,-2.03848,-1.04487,2.72611,-2.37306,-1.45181,2,-2.07229,-1.01748,2.05908,1.40526,-0.514921,-0.0238113,1.38783,-0.460868,-0.141771,1.46829,-0.60343,0,1.01421,-1.04765,-0.146926
12.43,-2.26319,-1.22206,2.61828,-2.02456,-1.04934,2.72467,-2.35847,-1.4576,2,-2.06202,-1.02783,2.05763,1.41996,-0.483405,-0.0219406,1.39664,-0.432196,-0.144714,1.48326,-0.566605,0,1.03972,-1.02099,-0.143655
12.44,-2.24896,-1.22672,2.61807,-2.01055,-1.05352,2.72321,-2.34361,-1.46306,2,-2.05149,-1.0379,2.05621,1.43469,-0.451488,-0.0200323,1.40531,-0.403781,-0.147572,1.49826,-0.529335,0,1.06561,-0.993726,-0.140529
12.45,-2.23462,-1.23106,2.61788,-1.99645,-1.05741,2.72172,-2.32863,-1.46814,2,-2.04071,-1.0477,2.05482,1.4493,-0.419503,-0.0181071,1.41392,-0.375437,-0.150326,1.51314,-0.492008,0,1.09191,-0.965665,-0.137555
12.46,-2.21996,-1.23512,2.6177,-1.98227,-1.06102,2.72021,-2.31332,-1.4729,2,-2.02966,-1.05721,2.05345,1.46398,-0.387017,-0.0161398,1.4223,-0.34723,-0.152949,1.52809,-0.454118,0,1.11841,-0.936887,-0.134724
12.47,-2.2051,-1.23886,2.61755,-1.96801,-1.06436,2.71866,-2.29781,-1.4773,2,-2.01834,-1.06643,2.05212,1.47861,-0.354298,-0.0141471,1.4306,-0.319063,-0.155436,1.54299,-0.415975,0,1.14519,-0.907298,-0.132051
12.4801,-2.19041,-1.2422,2.61742,-1.95366,-1.06741,2.7171,-2.28249,-1.48123,2,-2.00675,-1.07535,2.05081,1.49284,-0.322166,-0.0121802,1.43888,-0.290991,-0.157815,1.55748,-0.378534,0,1.17227,-0.876955,-0.12958
12.49,-2.17561,-1.24522,2.61731,-1.93923,-1.07018,2.71551,-2.26705,-1.48477,2,-1.99489,-1.08397,2.04953,1.50694,-0.290011,-0.010203,1.44714,-0.263099,-0.160077,1.57185,-0.341081,0,1.1996,-0.845953,-0.127316
12.5,-2.16043,-1.24797,2.61722,-1.92472,-1.07267,2.7139,-2.25122,-1.488,2,-1.98276,-1.09227,2.04827,1.52116,-0.257249,-0.00818031,1.45536,-0.235447,-0.162175,1.58634,-0.302936,0,1.22713,-0.814351,-0.125224
12.5101,-2.14474,-1.25043,2.61715,-1.91012,-1.07489,2.71227,-2.23486,-1.49091,2,-1.97035,-1.10026,2.04702,1.53563,-0.223611,-0.0060958,1.46347,-0.208219,-0.16409,1.60108,-0.263783,0,1.25472,-0.782344,-0.123297
12.52,-2.12963,-1.25247,2.61709,-1.89545,-1.07683,2.71062,-2.2191,-1.49331,2,-1.95766,-1.10792,2.0458,1.54933,-0.191448,-0.00409632,1.47149,-0.181206,-0.165814,1.61505,-0.226357,0,1.28238,-0.749745,-0.121534
12.53,-2.11419,-1.25421,2.61706,-1.88069,-1.07851,2.70895,-2.20301,-1.49537,2,-1.9447,-1.11525,2.04459,1.5631,-0.158832,-0.00206321,1.47935,-0.154555,-0.167315,1.62908,-0.188412,0,1.30996,-0.716728,-0.119908
12.54,-2.09853,-1.25563,2.61705,-1.86586,-1.07993,2.70727,-2.1867,-1.49706,2,-1.93146,-1.12225,2.0434,1.57684,-0.125989,-1.12729e-05,1.4872,-0.128184,-0.168614,1.64309,-0.15021,0,1.33758,-0.683229,-0.118443
12.55,-2.08271,-1.25672,2.61706,-1.85095,-1.08108,2.70558,-2.17021,-1.49837,2,-1.91795,-1.12891,2.04222,1.5905,-0.0930479,0.00205072,1.49509,-0.102006,-0.169679,1.65702,-0.111897,0,1.36524,-0.649183,-0.117106
12.56,-2.06608,-1.25751,2.6171,-1.83596,-1.08197,2.70388,-2.15289,-1.49933,2,-1.90416,-1.13523,2.04106,1.60462,-0.0587028,0.00420377,1.50296,-0.0762101,-0.170512,1.67142,-0.0719553,0,1.39285,-0.614809,-0.115899
12.57,-2.0503,-1.25793,2.61715,-1.82089,-1.0826,2.70217,-2.13645,-1.49985,2,-1.89009,-1.14121,2.0399,1.6178,-0.0263699,0.0062328,1.51092,-0.0506446,-0.171122,1.68487,-0.0343544,0,1.42044,-0.579982,-0.114826
12.58,-2.0343,-1.25803,2.61722,-1.80574,-1.08298,2.70046,-2.11979,-1.5,2,-1.87575,-1.14683,2.03876,1.63094,0.00615593,0.00827519,1.51893,-0.0251574,-0.171525,1.69828,0.00347181,0,1.44796,-0.544582,-0.113895
12.59,-2.01783,-1.2578,2.61731,-1.79051,-1.0831,2.69874,-2.10264,-1.49977,2,-1.86113,-1.1521,2.03763,1.64425,0.0393634,0.0103608,1.52705,0.000291861,-0.171711,1.71187,0.0420936,0,1.4754,-0.508597,-0.113088
12.6,-2.00145,-1.25724,2.61743,-1.7752,-1.08297,2.69702,-2.08559,-1.49916,2,-1.84624,-1.157,2.0365,1.65726,0.0720955,0.0124161,1.53527,0.0256854,-0.171666,1.72517,0.0801672,0,1.50275,-0.47207,-0.112384
12.61,-1.98454,-1.25634,2.61756,-1.7598,-1.08259,2.69531,-2.06799,-1.49815,2,-1.83108,-1.16154,2.03538,1.67048,0.10561,0.0145193,1.54372,0.0510491,-0.171424,1.73867,0.119157,0,1.53008,-0.435005,-0.111806
12.62,-1.96784,-1.25513,2.61772,-1.74432,-1.08195,2.69359,-2.05061,-1.49677,2,-1.81564,-1.1657,2.03426,1.68332,0.138418,0.0165759,1.55237,0.0763867,-0.170949,1.7518,0.157335,0,1.55733,-0.397425,-0.111304
12.63,-1.95091,-1.25357,2.61789,-1.72875,-1.08106,2.69189,-2.03299,-1.495,2,-1.79993,-1.16948,2.03315,1.69612,0.171393,0.0186399,1.56119,0.101694,-0.17025,1.7649,0.195716,0,1.58443,-0.359364,-0.110876
12.64,-1.93403,-1.25171,2.61809,-1.7131,-1.07992,2.69019,-2.01542,-1.49288,2,-1.78395,-1.17288,2.03204,1.70867,0.203961,0.0206746,1.57018,0.127037,-0.169351,1.77774,0.233637,0,1.61137,-0.320782,-0.11053
12.65,-1.917,-1.24953,2.6183,-1.69735,-1.07852,2.6885,-1.99771,-1.49037,2,-1.76771,-1.1759,2.03094,1.72112,0.236515,0.0227036,1.57936,0.15239,-0.168238,1.79049,0.271555,0,1.63813,-0.281736,-0.110239
12.66,-1.8995,-1.24696,2.61855,-1.68151,-1.07687,2.68683,-1.9795,-1.48742,2,-1.75119,-1.17852,2.02984,1.7337,0.269651,0.0247629,1.58863,0.177725,-0.166898,1.80339,0.310166,0,1.66459,-0.242283,-0.109973
12.67,-1.88198,-1.24408,2.6188,-1.66558,-1.07497,2.68516,-1.96128,-1.48411,2,-1.73441,-1.18074,2.02874,1.74609,0.302499,0.0267976,1.59803,0.203048,-0.165358,1.81608,0.348462,0,1.69078,-0.202445,-0.109745
12.68,-1.86456,-1.24091,2.61908,-1.64955,-1.07281,2.68352,-1.94316,-1.48045,2,-1.71738,-1.18256,2.02764,1.7582,0.334856,0.0287942,1.60753,0.228433,-0.163631,1.82851,0.386203,0,1.71664,-0.162179,-0.10955
12.69,-1.84667,-1.23735,2.61938,-1.63343,-1.0704,2.68189,-1.92455,-1.47634,2,-1.70008,-1.18398,2.02655,1.77043,0.367742,0.0308147,1.61708,0.253854,-0.161736,1.84106,0.424584,0,1.74209,-0.121545,-0.109387
12.7,-1.82912,-1.23356,2.6197,-1.61721,-1.06773,2.68029,-1.9063,-1.47196,2,-1.68254,-1.18499,2.02546,1.78222,0.399671,0.0327669,1.6267,0.279237,-0.159646,1.85317,0.461871,0,1.76714,-0.0806388,-0.109214
12.7102,-1.81094,-1.22933,2.62004,-1.60089,-1.06481,2.6787,-1.88741,-1.46707,2,-1.66474,-1.1856,2.02437,1.79422,0.432386,0.0347563,1.63652,0.304569,-0.157401,1.86551,0.500103,0,1.7919,-0.0395007,-0.109054
12.72,-1.7933,-1.22494,2.62039,-1.58448,-1.06164,2.67714,-1.86906,-1.46199,2,-1.6467,-1.18578,2.02328,1.80567,0.463813,0.0366559,1.64647,0.329915,-0.154995,1.87729,0.536854,0,1.81629,0.00190606,-0.108881
12.7301,-1.77506,-1.22011,2.62077,-1.56796,-1.05822,2.6756,-1.8501,-1.4564,2,-1.62842,-1.18556,2.02219,1.81731,0.495954,0.0385861,1.65651,0.355153,-0.152441,1.88928,0.57447,0,1.84026,0.0434325,-0.108692
12.74,-1.75704,-1.21505,2.62116,-1.55135,-1.05454,2.67409,-1.83137,-1.45054,2,-1.6099,-1.18491,2.0211,1.82861,0.527348,0.0404578,1.66668,0.380343,-0.149754,1.90092,0.611243,0,1.86384,0.0851164,-0.108487
12.75,-1.73881,-1.20965,2.62157,-1.53463,-1.05061,2.67261,-1.81242,-1.44428,2,-1.59114,-1.18385,2.02002,1.83984,0.558759,0.0423158,1.67696,0.40569,-0.146919,1.91251,0.648066,0,1.887,0.127134,-0.108233
12.76,-1.72011,-1.20383,2.62201,-1.51781,-1.04643,2.67115,-1.79298,-1.43752,2,-1.57216,-1.18237,2.01894,1.85117,0.590625,0.0441845,1.68737,0.431074,-0.14391,1.9242,0.685458,0,1.90976,0.169338,-0.107887
12.77,-1.70184,-1.19786,2.62245,-1.50088,-1.04199,2.66973,-1.77399,-1.4306,2,-1.55295,-1.18047,2.01786,1.86204,0.621378,0.045971,1.69782,0.456263,-0.14071,1.93543,0.721578,0,1.93201,0.211477,-0.107415
12.78,-1.6831,-1.19147,2.62292,-1.48385,-1.0373,2.66834,-1.75451,-1.42317,2,-1.53352,-1.17814,2.01679,1.873,0.652558,0.047764,1.70838,0.481536,-0.137385,1.94676,0.758237,0,1.95383,0.253803,-0.106869
12.79,-1.66389,-1.18464,2.62342,-1.46671,-1.03236,2.66698,-1.73454,-1.41523,2,-1.51387,-1.17539,2.01572,1.88403,0.684128,0.0495592,1.71897,0.506857,-0.133926,1.95818,0.795395,0,1.97514,0.296259,-0.106223
12.8,-1.64543,-1.17781,2.62391,-1.44947,-1.02716,2.66566,-1.71536,-1.40728,2,-1.49402,-1.17222,2.01467,1.89444,0.714083,0.0512422,1.72953,0.532196,-0.130343,1.96897,0.830693,0,1.99586,0.338783,-0.105472
12.81,-1.6263,-1.17046,2.62444,-1.43212,-1.02171,2.66438,-1.69547,-1.39874,2,-1.47396,-1.16861,2.01361,1.90504,0.744742,0.0529427,1.7401,0.557603,-0.126686,1.97996,0.866862,0,2.01602,0.3814,-0.104649
12.82,-1.60734,-1.16292,2.62497,-1.41467,-1.01601,2.66313,-1.67577,-1.38996,2,-1.4537,-1.16459,2.01257,1.91535,0.774738,0.0545831,1.75075,0.58301,-0.122947,1.99067,0.90229,0,2.03569,0.42403,-0.103734
12.83,-1.5878,-1.15488,2.62554,-1.39711,-1.01005,2.66192,-1.65546,-1.38059,2,-1.43325,-1.16013,2.01154,1.92579,0.80525,0.0562264,1.76152,0.608519,-0.119129,2.00151,0.938376,0,2.05492,0.46675,-0.102718
12.84,-1.56847,-1.14667,2.62611,-1.37944,-1.00384,2.66074,-1.63538,-1.37102,2,-1.4126,-1.15525,2.01052,1.93592,0.835016,0.0578031,1.77219,0.633979,-0.115197,2.01205,0.973626,0,2.07349,0.509392,-0.101553
12.85,-1.54942,-1.13833,2.62668,-1.36166,-0.997373,2.65961,-1.61557,-1.3613,2,-1.39178,-1.14995,2.00951,1.94572,0.863974,0.05931,1.78287,0.659417,-0.111202,2.02227,1.00796,0,2.09149,0.551965,-0.100281
12.8601,-1.52955,-1.12938,2.62729,-1.34378,-0.990653,2.65852,-1.59492,-1.35085,2,-1.37078,-1.14421,2.00851,1.95575,0.893749,0.0608299,1.79352,0.684761,-0.107138,2.03273,1.04332,0,2.10888,0.594374,-0.0988809
12.87,-1.51028,-1.12045,2.6279,-1.32579,-0.983679,2.65747,-1.57489,-1.34043,2,-1.3496,-1.13806,2.00753,1.9653,0.922224,0.0622532,1.80406,0.709979,-0.103003,2.0427,1.07719,0,2.1256,0.636573,-0.097346
12.88,-1.48981,-1.11072,2.62855,-1.3077,-0.976453,2.65646,-1.55361,-1.32905,2,-1.32827,-1.13148,2.00657,1.97525,0.952026,0.0637091,1.81453,0.735188,-0.0988178,2.0531,1.11269,0,2.14169,0.678655,-0.0956846
12.8901,-1.47034,-1.10122,2.62919,-1.2895,-0.968974,2.65549,-1.53338,-1.31795,2,-1.30677,-1.12449,2.00562,1.98453,0.979954,0.0650399,1.82495,0.760556,-0.0946079,2.06281,1.146,0,2.15716,0.720767,-0.0939139
12.9,-1.45088,-1.0915,2.62983,-1.2712,-0.961241,2.65457,-1.51315,-1.30658,2,-1.28512,-1.11707,2.00469,1.99362,1.00745,0.0663162,1.83534,0.786029,-0.0903758,2.07235,1.17886,0,2.17203,0.762827,-0.0920258
12.91,-1.4305,-1.08108,2.63051,-1.2528,-0.953254,2.65369,-1.49197,-1.29438,2,-1.26333,-1.10923,2.00378,2.00297,1.03583,0.0675955,1.84563,0.81144,-0.086121,2.08216,1.21282,0,2.18623,0.804662,-0.0900162
12.92,-1.41073,-1.07074,2.63118,-1.23429,-0.945012,2.65285,-1.47141,-1.28227,2,-1.2414,-1.10097,2.00289,2.01185,1.06292,0.0687787,1.85586,0.836891,-0.0818671,2.0915,1.2453,0,2.19982,0.846382,-0.0879087
12.9301,-1.39017,-1.05976,2.63189,-1.21568,-0.936516,2.65205,-1.45004,-1.26941,2,-1.21934,-1.0923,2.00202,2.02091,1.09065,0.0699483,1.86603,0.862302,-0.0775932,2.10103,1.27861,0,2.21279,0.88788,-0.0856753
12.94,-1.37032,-1.04895,2.63258,-1.19697,-0.927766,2.65129,-1.4294,-1.25672,2,-1.19715,-1.08322,2.00118,2.02948,1.11699,0.0710177,1.87609,0.887698,-0.0733268,2.11006,1.3103,0,2.2251,0.929169,-0.0833395
12.95,-1.34997,-1.03763,2.6333,-1.17816,-0.918762,2.65058,-1.40824,-1.24345,2,-1.17484,-1.07372,2.00035,2.03809,1.14356,0.072053,1.88602,0.913091,-0.0690827,2.11915,1.34233,0,2.23674,0.970251,-0.0809143
12.96,-1.32913,-1.02583,2.63404,-1.15925,-0.909505,2.64991,-1.38657,-1.22958,2,-1.15242,-1.06381,1.99956,2.04672,1.17031,0.0730474,1.89573,0.938365,-0.0648604,2.12827,1.37462,0,2.24763,1.011,-0.0783978
12.97,-1.30913,-1.0143,2.63475,-1.14024,-0.899995,2.64929,-1.36578,-1.21603,2,-1.12989,-1.0535,1.99879,2.05483,1.19553,0.0739387,1.90541,0.963592,-0.0606388,2.13686,1.40515,0,2.25796,1.05149,-0.0757687
12.9801,-1.28794,-1.00185,2.63552,-1.12114,-0.890233,2.6487,-1.34374,-1.2014,2,-1.10726,-1.04278,1.99804,2.06325,1.22181,0.0748156,1.91503,0.988811,-0.0564484,2.14579,1.437,0,2.2677,1.09173,-0.0730538
12.99,-1.26794,-0.989914,2.63625,-1.10194,-0.88022,2.64816,-1.32294,-1.18736,2,-1.08454,-1.03167,1.99733,2.07103,1.24616,0.0755782,1.92449,1.01383,-0.0522796,2.15404,1.46658,0,2.27677,1.13153,-0.0702462
13,-1.24713,-0.977291,2.63701,-1.08265,-0.869957,2.64765,-1.30129,-1.1725,2,-1.06173,-1.02016,1.99664,2.07895,1.27105,0.0763042,1.93385,1.03873,-0.0481466,2.16246,1.49688,0,2.28522,1.17097,-0.067361
13.01,-1.22586,-0.964183,2.63779,-1.06327,-0.859446,2.64719,-1.27916,-1.15705,2,-1.03883,-1.00825,1.99598,2.08686,1.29601,0.0769746,1.94303,1.06347,-0.0440663,2.1709,1.52733,0,2.293,1.20999,-0.0644159
13.02,-1.20547,-0.951429,2.63854,-1.04379,-0.848688,2.64677,-1.25795,-1.14202,2,-1.01587,-0.995957,1.99535,2.09428,1.31949,0.0775486,1.95197,1.08801,-0.0400261,2.17882,1.55603,0,2.30005,1.24855,-0.0613997
13.0301,-1.18404,-0.937831,2.63934,-1.02423,-0.837686,2.64639,-1.23566,-1.12598,2,-0.992835,-0.983281,1.99475,2.10191,1.34369,0.0780787,1.96065,1.11223,-0.0360227,2.18696,1.58568,0,2.30637,1.28653,-0.0583092
13.04,-1.16309,-0.924347,2.64012,-1.00458,-0.826444,2.64605,-1.21386,-1.11006,2,-0.969743,-0.970228,1.99418,2.10919,1.36689,0.0785241,1.96911,1.13622,-0.0320184,2.19476,1.61415,0,2.31201,1.32399,-0.0551102
13.05,-1.14231,-0.910791,2.64089,-0.984846,-0.814962,2.64575,-1.19224,-1.09405,2,-0.946597,-0.956802,1.99365,2.11626,1.38944,0.0788943,1.9775,1.16009,-0.0280786,2.20234,1.6419,0,2.3171,1.36105,-0.0518691
13.06,-1.12064,-0.896468,2.6417,-0.96503,-0.803243,2.64549,-1.16968,-1.07711,2,-0.923403,-0.943009,1.99315,2.12345,1.41248,0.0792038,1.98569,1.18375,-0.0242346,2.21006,1.67031,0,2.32154,1.39759,-0.0486182
13.07,-1.09985,-0.882555,2.64248,-0.945133,-0.791288,2.64527,-1.14804,-1.06066,2,-0.900168,-0.928852,1.99268,2.13019,1.43412,0.0794269,1.99371,1.20723,-0.0204764,2.21731,1.69706,0,2.32537,1.43365,-0.0453538
13.0801,-1.07785,-0.867648,2.6433,-0.925156,-0.779099,2.64508,-1.12514,-1.04301,2,-0.876897,-0.914337,1.99224,2.13715,1.45653,0.0795838,2.00157,1.23053,-0.0168046,2.22481,1.72483,0,2.32859,1.46923,-0.0420783
13.09,-1.05692,-0.853303,2.64408,-0.905102,-0.766678,2.64493,-1.10335,-1.02602,2,-0.853598,-0.899469,1.99184,2.14361,1.47738,0.0796571,2.00926,1.25358,-0.0131978,2.23179,1.75073,0,2.33124,1.50425,-0.0387747
13.1,-1.03564,-0.838557,2.64486,-0.884971,-0.754028,2.64482,-1.08119,-1.00854,2,-0.830275,-0.884254,1.99146,2.15002,1.49812,0.0796555,2.01679,1.27634,-0.00966906,2.23872,1.77654,0,2.3333,1.53867,-0.0354591
13.11,-1.01335,-0.822939,2.64569,-0.864766,-0.741151,2.64474,-1.05798,-0.990009,2,-0.806933,-0.868697,1.99113,2.15656,1.51934,0.0795713,2.02427,1.29901,-0.0062425,2.2458,1.80302,0,2.33492,1.57268,-0.0321604
13.12,-0.992451,-0.808143,2.64646,-0.844486,-0.728049,2.64469,-1.03622,-0.972444,2,-0.783578,-0.852803,1.99082,2.16253,1.53878,0.0794155,2.0316,1.32139,-0.00292972,2.25229,1.82733,0,2.336,1.60609,-0.0288933
13.13,-0.970825,-0.792678,2.64725,-0.824134,-0.714724,2.64468,-1.0137,-0.954072,2,-0.760215,-0.836577,1.99055,2.16855,1.55842,0.0791758,2.03882,1.3435,0.000281443,2.25884,1.85196,0,2.33659,1.6389,-0.0256491
13.1402,-0.94862,-0.776642,2.64806,-0.803711,-0.70118,2.6447,-0.990564,-0.935009,2,-0.736848,-0.820027,1.99031,2.17457,1.57809,0.0788466,2.0458,1.36534,0.00339622,2.2654,1.87668,0,2.33659,1.67113,-0.0224282
13.15,-0.926957,-0.760848,2.64884,-0.783219,-0.687419,2.64475,-0.967995,-0.91622,2,-0.713485,-0.803157,1.9901,2.18029,1.5968,0.0784445,2.05262,1.38684,0.00643155,2.27163,1.90026,0,2.33609,1.7027,-0.0192163
13.16,-0.90508,-0.744754,2.64962,-0.762659,-0.673444,2.64482,-0.9452,-0.897061,2,-0.690128,-0.785975,1.98992,2.1859,1.61521,0.0779572,2.05927,1.408,0.00935524,2.27777,1.92352,0,2.33509,1.73361,-0.016048
13.17,-0.883385,-0.728654,2.65039,-0.742033,-0.659259,2.64493,-0.922591,-0.877881,2,-0.666784,-0.768486,1.98978,2.19131,1.633,0.0773936,2.0658,1.42891,0.0121732,2.28369,1.94604,0,2.33364,1.76395,-0.0129211
13.18,-0.861658,-0.712396,2.65116,-0.721343,-0.644867,2.64507,-0.899948,-0.8585,2,-0.643457,-0.750698,1.98967,2.19657,1.65034,0.0767494,2.07222,1.44952,0.0148757,2.28947,1.96805,0,2.33179,1.79367,-0.00984872
13.19,-0.839736,-0.69586,2.65192,-0.70059,-0.63027,2.64523,-0.877097,-0.838773,2,-0.62015,-0.732615,1.98958,2.20173,1.66736,0.0760186,2.07846,1.46976,0.0174714,2.29514,1.98971,0,2.32947,1.82269,-0.00682471
13.2,-0.817516,-0.678967,2.65268,-0.679775,-0.615473,2.64542,-0.853933,-0.818608,2,-0.596869,-0.714246,1.98953,2.2068,1.68412,0.0751957,2.08451,1.48964,0.0199521,2.30072,2.01109,0,2.32671,1.85104,-0.00385983
13.21,-0.795378,-0.66201,2.65343,-0.6589,-0.600479,2.64563,-0.830851,-0.798351,2,-0.573618,-0.695597,1.9895,2.2117,1.70034,0.0742939,2.09035,1.50906,0.0222934,2.30612,2.03183,0,2.32347,1.87863,-0.000981025
13.22,-0.773407,-0.645059,2.65416,-0.637968,-0.585293,2.64586,-0.807941,-0.778089,2,-0.550401,-0.676676,1.98951,2.2164,1.71596,0.0733189,2.09602,1.52806,0.0245198,2.31133,2.05186,0,2.31984,1.90547,0.00183512
13.23,-0.750677,-0.627399,2.65491,-0.61698,-0.569919,2.64612,-0.784235,-0.756966,2,-0.527222,-0.65749,1.98954,2.22112,1.73162,0.0722269,2.10163,1.54674,0.0266443,2.31655,2.07199,0,2.31594,1.93168,0.00459972
13.24,-0.728716,-0.610223,2.65562,-0.595936,-0.55436,2.64639,-0.76133,-0.736406,2,-0.504083,-0.638045,1.9896,2.22552,1.74628,0.0710923,2.10719,1.56512,0.0286349,2.32143,2.09087,0,2.31177,1.95727,0.00727939
13.25,-0.706747,-0.59293,2.65631,-0.574836,-0.538617,2.64669,-0.738412,-0.715695,2,-0.480987,-0.618346,1.98969,2.22978,1.76047,0.0698799,2.1127,1.58332,0.0304924,2.32616,2.1092,0,2.30736,1.98236,0.00987355
13.26,-0.68418,-0.575058,2.65701,-0.553682,-0.522694,2.647,-0.714868,-0.694276,2,-0.457937,-0.5984,1.9898,2.23401,1.77457,0.068555,2.11809,1.60116,0.0321992,2.33087,2.12745,0,2.30266,2.00679,0.0123631
13.27,-0.66195,-0.557349,2.65769,-0.532475,-0.506596,2.64733,-0.691673,-0.673039,2,-0.434935,-0.578213,1.98993,2.23802,1.78798,0.0671722,2.12337,1.61853,0.0337524,2.33534,2.14485,0,2.29771,2.03045,0.0147442
13.2801,-0.638645,-0.538676,2.65838,-0.511215,-0.490325,2.64768,-0.667353,-0.650632,2,-0.411983,-0.557793,1.99009,2.24207,1.80154,0.0656412,2.12851,1.6355,0.035163,2.33987,2.16247,0,2.29248,2.05343,0.0170275
13.29,-0.617058,-0.521287,2.659,-0.489905,-0.473887,2.64804,-0.644824,-0.629752,2,-0.389085,-0.537147,1.99027,2.24568,1.81363,0.06415,2.13362,1.65209,0.0364743,2.3439,2.17824,0,2.28711,2.07573,0.0192573
13.3,-0.594614,-0.503114,2.65963,-0.468543,-0.457284,2.64841,-0.621396,-0.60792,2,-0.366242,-0.51628,1.99048,2.24929,1.82574,0.0625266,2.13868,1.66834,0.0376385,2.34795,2.19406,0,2.28159,2.0974,0.0213861
13.3102,-0.571352,-0.484185,2.66027,-0.447132,-0.440522,2.64879,-0.597113,-0.585166,2,-0.343454,-0.495201,1.9907,2.25288,1.83779,0.0607671,2.14362,1.68415,0.0386523,2.35198,2.20984,0,2.27587,2.11836,0.0234103
13.32,-0.549754,-0.466527,2.66085,-0.425671,-0.423603,2.64918,-0.574563,-0.563927,2,-0.320725,-0.473915,1.99094,2.25608,1.84853,0.0590651,2.14848,1.69952,0.0395455,2.35557,2.22393,0,2.27003,2.13861,0.0253617
13.3301,-0.526371,-0.447325,2.66145,-0.404162,-0.406532,2.64958,-0.550148,-0.540818,2,-0.298054,-0.452431,1.99121,2.25939,1.85966,0.05715,2.15329,1.71455,0.0402868,2.3593,2.23858,0,2.26408,2.15825,0.0272107
13.34,-0.504511,-0.429295,2.66199,-0.382605,-0.389313,2.64999,-0.52732,-0.51911,2,-0.275443,-0.430753,1.99149,2.26235,1.86962,0.0552934,2.15805,1.72912,0.0408931,2.36263,2.2517,0,2.25808,2.17716,0.0289756
13.35,-0.481939,-0.410604,2.66253,-0.361001,-0.371951,2.6504,-0.503746,-0.496593,2,-0.252893,-0.40889,1.99179,2.26526,1.87944,0.0533111,2.16275,1.74326,0.0413706,2.36592,2.26466,0,2.25201,2.19539,0.0306643
13.3601,-0.458572,-0.39118,2.66307,-0.339351,-0.35445,2.65081,-0.47934,-0.473181,2,-0.230403,-0.386847,1.9921,2.26813,1.88911,0.0511917,2.16732,1.75698,0.0417337,2.36917,2.27746,0,2.24584,2.21296,0.0322938
13.37,-0.436539,-0.372796,2.66356,-0.317656,-0.336813,2.65123,-0.456324,-0.451014,2,-0.207977,-0.364633,1.99243,2.27069,1.89777,0.0491324,2.17162,1.77021,0.0419659,2.37207,2.28894,0,2.23945,2.2298,0.0338507
13.38,-0.413285,-0.353328,2.66405,-0.295919,-0.319047,2.65165,-0.432031,-0.427527,2,-0.185615,-0.342254,1.99278,2.27326,1.90644,0.0468977,2.17572,1.78291,0.0420786,2.37498,2.30045,0,2.23291,2.24585,0.0353473
13.39,-0.391022,-0.334628,2.6645,-0.274142,-0.301157,2.65207,-0.40877,-0.404958,2,-0.163319,-0.319718,1.99314,2.27558,1.91428,0.0447014,2.17967,1.79506,0.04208,2.37762,2.31088,0,2.2263,2.26112,0.0367935
13.4,-0.368191,-0.315393,2.66493,-0.252326,-0.283148,2.65249,-0.384914,-0.381733,2,-0.141089,-0.297034,1.99351,2.27782,1.92186,0.0423941,2.18344,1.80666,0.041945,2.38016,2.32098,0,2.21959,2.27562,0.0381657
13.41,-0.344954,-0.29576,2.66535,-0.230474,-0.265025,2.65291,-0.360632,-0.358017,2,-0.118927,-0.274208,1.9939,2.27996,1.92909,0.0399914,2.18703,1.81774,0.0416508,2.3826,2.33064,0,2.21281,2.28936,0.039443
13.42,-0.322689,-0.276897,2.66573,-0.208586,-0.246795,2.65333,-0.337364,-0.335224,2,-0.0968335,-0.25125,1.9943,2.28187,1.93557,0.0376403,2.1904,1.82822,0.0412287,2.38478,2.3393,0,2.20593,2.30227,0.0406585
13.4301,-0.2985,-0.256352,2.66612,-0.186667,-0.228463,2.65373,-0.312083,-0.31039,2,-0.0748092,-0.228166,1.99472,2.2838,1.94211,0.0350351,2.19348,1.83798,0.0406466,2.38698,2.34806,0,2.1989,2.31423,0.0417804
13.44,-0.276824,-0.2379,2.66644,-0.164717,-0.210038,2.65414,-0.289427,-0.288077,2,-0.0528558,-0.204968,1.99514,2.2854,1.94753,0.0326584,2.19635,1.84707,0.0399119,2.3888,2.35532,0,2.19179,2.3253,0.042817
13.45,-0.25417,-0.218575,2.66675,-0.14274,-0.191524,2.65453,-0.265747,-0.264702,2,-0.0309732,-0.181663,1.99557,2.28694,1.95276,0.0301347,2.19912,1.85568,0.039055,2.39057,2.36234,0,2.18474,2.33563,0.0437972
13.46,-0.230599,-0.198429,2.66705,-0.120735,-0.172926,2.65492,-0.241107,-0.240327,2,-0.00916078,-0.158258,1.99601,2.2884,1.95771,0.0274689,2.2018,1.86377,0.0381097,2.39224,2.369,0,2.17776,2.34521,0.0447555
13.47,-0.207918,-0.17901,2.66731,-0.0987042,-0.154249,2.65529,-0.217397,-0.216825,2,0.0125824,-0.134761,1.99647,2.28967,1.96202,0.0248687,2.20439,1.87144,0.0370795,2.39369,2.37479,0,2.17087,2.35413,0.0456959
13.48,-0.18503,-0.159382,2.66754,-0.0766479,-0.135499,2.65566,-0.193468,-0.193065,2,0.034257,-0.111178,1.99693,2.29082,1.96592,0.022213,2.20686,1.87859,0.0359454,2.395,2.38004,0,2.16406,2.3623,0.0465977
13.49,-0.162524,-0.140055,2.66775,-0.0545671,-0.116679,2.65601,-0.169938,-0.169665,2,0.0558641,-0.0875168,1.9974,2.29182,1.9693,0.019574,2.20929,1.88534,0.0347273,2.39615,2.3846,0,2.1574,2.36982,0.0474796
13.5001,-0.138906,-0.119749,2.66794,-0.0324626,-0.0977939,2.65635,-0.145245,-0.145075,2,0.0774053,-0.0637842,1.99788,2.29273,1.97238,0.0167785,2.21156,1.89153,0.033388,2.39719,2.38875,0,2.15082,2.37656,0.0483046
13.51,-0.11653,-0.10049,2.66809,-0.0103365,-0.0788499,2.65668,-0.121849,-0.121748,2,0.0988807,-0.039988,1.99836,2.29345,1.97485,0.0141088,2.21362,1.8972,0.0319325,2.39802,2.39208,0,2.14426,2.38255,0.0490771
13.52,-0.0935704,-0.0807118,2.66821,0.0118093,-0.0598516,2.65699,-0.0978422,-0.0977902,2,0.120291,-0.0161355,1.99886,2.29407,1.97693,0.0113514,2.2155,1.90238,0.0303709,2.39872,2.39489,0,2.13777,2.38784,0.0498042
13.53,-0.070707,-0.0610028,2.66831,0.0339729,-0.0408039,2.65729,-0.0739356,-0.0739131,2,0.141636,0.00776625,1.99936,2.29454,1.97855,0.008591,2.21719,1.90705,0.0287081,2.39927,2.39708,0,2.13135,2.39238,0.050489
13.54,-0.0478062,-0.0412511,2.66838,0.0561524,-0.0217123,2.65757,-0.0499894,-0.0499824,2,0.162918,0.0317096,1.99987,2.29489,1.97973,0.00581499,2.21867,1.91116,0.0269337,2.39967,2.39867,0,2.12499,2.39614,0.0511187
13.55,-0.0246435,-0.0212664,2.66843,0.0783454,-0.0025825,2.65783,-0.025769,-0.025768,2,0.184136,0.0556865,2.00038,2.2951,1.98045,0.00299962,2.21992,1.91474,0.0250568,2.39991,2.39965,0,2.11867,2.39915,0.0516991
13.56,-0.00174016,-0.00150173,2.66844,0.10055,0.0165807,2.65807,-0.00181963,-0.00181963,2,0.205292,0.0796902,2.0009,2.29518,1.98071,0.000211865,2.22101,1.91781,0.0230713,2.4,2.4,0,2.1125,2.40144,0.0522207
13.57,0.0209563,0.0180847,2.66843,0.122765,0.0357715,2.65829,0.0219134,0.0219128,2,0.226387,0.103712,2.00143,2.29512,1.98052,-0.00255099,2.22195,1.92028,0.0209775,2.39994,2.39974,0,2.10646,2.40291,0.0526788
13.58,0.0439495,0.037924,2.66839,0.144989,0.0549848,2.65849,0.0459566,0.0459512,2,0.247422,0.127746,2.00196,2.29493,1.97988,-0.00534665,2.22278,1.9223,0.0188225,2.39972,2.39887,0,2.10062,2.40371,0.0531161
13.59,0.0667753,0.0576124,2.66833,0.16722,0.0742158,2.65866,0.0698244,0.0698055,2,0.2684,0.151784,2.00249,2.29461,1.97879,-0.00811508,2.22347,1.9238,0.0165897,2.39935,2.3974,0,2.09496,2.40376,0.0535127
13.6,0.0902178,0.0778226,2.66823,0.189458,0.0934589,2.65882,0.0943367,0.09429,2,0.289322,0.175819,2.00303,2.29414,1.9772,-0.0109475,2.22399,1.92473,0.0142894,2.39881,2.39525,0,2.08946,2.40305,0.0538741
13.61,0.112875,0.0973422,2.66811,0.2117,0.112709,2.65895,0.118027,0.117936,2,0.31019,0.199843,2.00357,2.29356,1.97521,-0.0136709,2.22449,1.92515,0.0119757,2.39814,2.39257,0,2.08427,2.40161,0.0542494
13.62,0.135691,0.116982,2.66796,0.233947,0.13196,2.65906,0.141883,0.141724,2,0.331008,0.223848,2.00411,2.29284,1.97276,-0.0163961,2.22487,1.92503,0.00961048,2.39731,2.38926,0,2.0793,2.39942,0.0545943
13.63,0.159351,0.137329,2.66777,0.256197,0.151207,2.65914,0.166621,0.166364,2,0.351777,0.247828,2.00466,2.29195,1.96974,-0.0191999,2.22512,1.92438,0.00719744,2.3963,2.38519,0,2.07455,2.3965,0.0549074
13.64,0.181471,0.156328,2.66758,0.278449,0.170446,2.6592,0.189748,0.189368,2,0.372499,0.271776,2.00521,2.29099,1.96648,-0.0217975,2.22525,1.92325,0.00473305,2.39519,2.3808,0,2.07005,2.3929,0.0551805
13.65,0.204644,0.176204,2.66734,0.300702,0.189671,2.65924,0.213974,0.213429,2,0.393178,0.295684,2.00576,2.28985,1.96261,-0.0244907,2.22529,1.92169,0.00222952,2.39389,2.37558,0,2.06582,2.38865,0.0554178
13.66,0.227807,0.19604,2.66708,0.322955,0.208878,2.65925,0.238189,0.237437,2,0.413817,0.319547,2.00632,2.28857,1.95827,-0.0271506,2.2253,1.9197,-0.000282471,2.39242,2.36974,0,2.06194,2.38379,0.0556451
13.67,0.250321,0.215288,2.6668,0.345207,0.228063,2.65923,0.261724,0.260726,2,0.434418,0.343358,2.00687,2.28719,1.9536,-0.0297021,2.22513,1.91716,-0.0028295,2.39085,2.36347,0,2.05827,2.37818,0.0558305
13.68,0.27331,0.234905,2.66649,0.367457,0.24722,2.65919,0.285754,0.284455,2,0.454983,0.367108,2.00743,2.28565,1.94837,-0.0322695,2.22474,1.91406,-0.00541615,2.38909,2.35645,0,2.05477,2.37183,0.055963
13.69,0.29596,0.254192,2.66616,0.389702,0.266343,2.65912,0.309429,0.307778,2,0.475514,0.390792,2.00799,2.284,1.94277,-0.0347587,2.22423,1.91056,-0.00799147,2.3872,2.34894,0,2.05155,2.3649,0.0560882
13.7,0.319214,0.273949,2.66579,0.411941,0.285429,2.65903,0.333732,0.331661,2,0.496015,0.414404,2.00856,2.28216,1.93654,-0.0372692,2.22357,1.90661,-0.0105822,2.3851,2.3406,0,2.04859,2.35735,0.0561717
13.71,0.341984,0.293246,2.66541,0.434173,0.304474,2.65891,0.357528,0.35498,2,0.516487,0.437937,2.00912,2.28022,1.92998,-0.0396805,2.2228,1.90219,-0.013153,2.3829,2.33183,0,2.04593,2.34914,0.056242
13.72,0.36432,0.312126,2.66501,0.456396,0.323472,2.65877,0.380869,0.377787,2,0.536934,0.461385,2.00968,2.27819,1.9231,-0.0419976,2.22186,1.8973,-0.0157109,2.38058,2.32263,0,2.04351,2.3403,0.0562854
13.7301,0.38759,0.33174,2.66457,0.478609,0.342418,2.6586,0.405184,0.401471,2,0.557358,0.484741,2.01024,2.27593,1.91545,-0.0443581,2.2208,1.89199,-0.0182315,2.37801,2.31244,0,2.04139,2.33088,0.0563207
13.74,0.409774,0.350382,2.66412,0.500811,0.36131,2.6584,0.428362,0.423973,2,0.577763,0.508,2.01081,2.27363,1.90771,-0.0465549,2.21955,1.88621,-0.0207415,2.37541,2.30214,0,2.0395,2.32085,0.0563162
13.75,0.432832,0.369697,2.66364,0.523,0.380141,2.65818,0.452451,0.447276,2,0.598149,0.531156,2.01137,2.27111,1.89919,-0.0487803,2.21816,1.87995,-0.0232505,2.37255,2.29082,0,2.03789,2.31018,0.0562559
13.7601,0.455843,0.388906,2.66313,0.545174,0.398907,2.65794,0.476489,0.47044,2,0.618521,0.554202,2.01193,2.26845,1.89021,-0.0509397,2.21658,1.87315,-0.0257264,2.36953,2.27891,0,2.03652,2.29886,0.056167
13.77,0.477938,0.407284,2.66263,0.567331,0.417603,2.65767,0.499567,0.492592,2,0.638881,0.577131,2.01249,2.26576,1.88113,-0.052953,2.21485,1.86589,-0.0281694,2.36649,2.2669,0,2.03543,2.28694,0.0560439
13.78,0.500822,0.426245,2.66208,0.58947,0.436223,2.65737,0.523467,0.515437,2,0.659231,0.599938,2.01305,2.26283,1.87126,-0.0549739,2.21291,1.85809,-0.0305943,2.36318,2.25386,0,2.03457,2.27436,0.0558645
13.79,0.523358,0.444844,2.66152,0.611589,0.454763,2.65705,0.547002,0.537832,2,0.679573,0.622616,2.01361,2.2598,1.86106,-0.0568979,2.21083,1.8498,-0.0329692,2.35977,2.24042,0,2.03397,2.26117,0.0556566
13.8,0.545731,0.46323,2.66095,0.633686,0.473217,2.65671,0.570363,0.55996,2,0.699911,0.645159,2.01416,2.25666,1.85048,-0.0587409,2.20857,1.84098,-0.0353155,2.35623,2.2265,0,2.03363,2.24734,0.0553937
13.81,0.568527,0.48188,2.66035,0.65576,0.491581,2.65635,0.594163,0.582393,2,0.720247,0.667561,2.01472,2.25331,1.83922,-0.0605482,2.20618,1.83169,-0.0376148,2.35246,2.21172,0,2.0336,2.23294,0.0550896
13.82,0.591198,0.500341,2.65973,0.677809,0.509849,2.65596,0.617831,0.604587,2,0.740583,0.689816,2.01527,2.24983,1.82754,-0.0622731,2.20358,1.82182,-0.0398898,2.34855,2.19642,0,2.03377,2.21786,0.0547168
13.83,0.613558,0.518459,2.6591,0.699831,0.528016,2.65555,0.641171,0.626356,2,0.760923,0.711917,2.01581,2.24625,1.81555,-0.0639017,2.20086,1.81145,-0.0421057,2.34455,2.18075,0,2.03423,2.2022,0.054306
13.84,0.635994,0.536546,2.65845,0.721825,0.546076,2.65512,0.664587,0.648075,2,0.781269,0.733858,2.01635,2.24252,1.80304,-0.0654618,2.19788,1.80055,-0.0442616,2.34037,2.16444,0,2.03487,2.18591,0.0538536
13.85,0.65833,0.554456,2.65779,0.743788,0.564025,2.65467,0.687896,0.669568,2,0.801621,0.755633,2.01689,2.23866,1.79012,-0.0669398,2.19463,1.78905,-0.0463843,2.33605,2.14763,0,2.03563,2.16895,0.0533291
13.86,0.680638,0.572243,2.65712,0.765717,0.581856,2.65419,0.711173,0.690901,2,0.821982,0.777235,2.01742,2.23466,1.77674,-0.0683398,2.19118,1.77712,-0.0484121,2.33159,2.13026,0,2.0366,2.15147,0.0527918
13.87,0.702892,0.589885,2.65643,0.787611,0.599566,2.6537,0.734391,0.712047,2,0.842354,0.79866,2.01794,2.23051,1.76292,-0.0696593,2.18754,1.76474,-0.0503222,2.32698,2.11236,0,2.03778,2.13349,0.0522602
13.88,0.725206,0.607467,2.65573,0.809467,0.617149,2.65319,0.757669,0.733107,2,0.862738,0.819903,2.01846,2.22621,1.74858,-0.0709038,2.18375,1.75193,-0.0521382,2.3222,2.09383,0,2.0392,2.11499,0.0517076
13.89,0.7474,0.624843,2.65501,0.831285,0.634602,2.65266,0.780817,0.753907,2,0.883138,0.840958,2.01898,2.22179,1.73384,-0.0720625,2.17977,1.73859,-0.0538658,2.31728,2.07484,0,2.04081,2.09592,0.0511281
13.9,0.769606,0.642114,2.65429,0.853062,0.65192,2.65211,0.803977,0.774568,2,0.903555,0.86182,2.01949,2.2172,1.71861,-0.0731422,2.17556,1.72478,-0.0555156,2.31221,2.05526,0,2.04255,2.07633,0.0505105
13.91,0.791987,0.659402,2.65354,0.874795,0.669097,2.65155,0.827316,0.795235,2,0.92399,0.882483,2.01999,2.21243,1.70278,-0.0741487,2.17114,1.71054,-0.0570745,2.30694,2.03496,0,2.04444,2.05627,0.0498677
13.9201,0.814477,0.676647,2.65278,0.896484,0.686129,2.65097,0.850765,0.815838,2,0.944444,0.902944,2.02048,2.20748,1.68638,-0.0750767,2.16654,1.69584,-0.0585347,2.30147,2.01397,0,2.04651,2.0357,0.0492067
13.93,0.835921,0.692968,2.65205,0.918126,0.703012,2.65038,0.873119,0.835323,2,0.96492,0.923196,2.02097,2.20261,1.67027,-0.0758832,2.16174,1.6807,-0.0599033,2.29611,1.99342,0,2.04869,2.01466,0.0485212
13.94,0.857928,0.709592,2.65129,0.939718,0.719741,2.64977,0.89606,0.855156,2,0.985418,0.943235,2.02145,2.19746,1.65327,-0.0766307,2.15671,1.66501,-0.061194,2.29044,1.97177,0,2.05096,1.99305,0.0477985
13.95,0.880118,0.726218,2.65051,0.961259,0.73631,2.64915,0.919187,0.874978,2,1.00594,0.963055,2.02193,2.19211,1.63564,-0.0773019,2.15149,1.64877,-0.0624025,2.28457,1.94938,0,2.05336,1.97087,0.0470452
13.96,0.901952,0.742441,2.64974,0.982747,0.752715,2.64852,0.94194,0.894306,2,1.02649,0.98265,2.02239,2.18669,1.61781,-0.0778809,2.14615,1.63205,-0.0637086,2.27863,1.9268,0,2.05591,1.9482,0.0460864
13.97,0.923928,0.758628,2.64895,1.00418,0.76895,2.64788,0.964839,0.913579,2,1.04706,1.00202,2.02285,2.18107,1.59938,-0.0783819,2.14066,1.61488,-0.0645001,2.27249,1.90351,0,2.05861,1.92504,0.045527
13.98,0.945929,0.774688,2.64816,1.02556,0.78501,2.64723,0.987761,0.932685,2,1.06766,1.02115,2.02331,2.17529,1.58044,-0.078801,2.13492,1.59712,-0.0646812,2.26618,1.87964,0,2.06136,1.90126,0.0454639
13.99,0.96713,0.79002,2.64738,1.04688,0.800891,2.64659,1.00985,0.950914,2,1.08829,1.04004,2.02376,2.16957,1.56172,-0.0791268,2.12908,1.57881,-0.0644834,2.25994,1.85611,0,2.06429,1.87692,0.0456737
14,0.988709,0.805478,2.6466,1.06814,0.816585,2.64594,1.03232,0.969279,2,1.10894,1.05869,2.02422,2.16358,1.54221,-0.0793797,2.12316,1.56,-0.0639649,2.25343,1.83163,0,2.06737,1.85206,0.0461036
14.01,1.0107,0.821072,2.64579,1.08934,0.832089,2.64531,1.05523,0.987794,2,1.12963,1.07708,2.02468,2.15732,1.52183,-0.0795557,2.11712,1.54065,-0.0633946,2.24663,1.80613,0,2.07055,1.82668,0.0464941
14.02,1.03223,0.836178,2.64499,1.11048,0.847397,2.64467,1.07764,1.00571,2,1.15036,1.09522,2.02515,2.15103,1.5014,-0.0796481,2.11101,1.5209,-0.0628064,2.23981,1.78063,0,2.07386,1.80093,0.046818
14.03,1.05377,0.851133,2.64419,1.13156,0.862506,2.64405,1.10007,1.02344,2,1.17111,1.1131,2.02562,2.14457,1.48048,-0.0796617,2.10473,1.50066,-0.0618148,2.23282,1.75458,0,2.07722,1.77468,0.0474603
14.04,1.07485,0.865607,2.64341,1.15258,0.877409,2.64344,1.12202,1.04059,2,1.1919,1.13071,2.0261,2.13808,1.45954,-0.0795988,2.09829,1.47999,-0.0604819,2.22582,1.72857,0,2.08061,1.74801,0.0483652
14.05,1.09617,0.880071,2.64261,1.17353,0.892105,2.64284,1.14421,1.05772,2,1.21272,1.14806,2.02659,2.13137,1.43791,-0.0794589,2.09175,1.45897,-0.0589875,2.21858,1.70175,0,2.08405,1.72102,0.0493626
14.06,1.11765,0.894476,2.64181,1.19441,0.906587,2.64226,1.16657,1.07476,2,1.23358,1.16513,2.02708,2.12443,1.41562,-0.0792404,2.08505,1.43741,-0.0572508,2.21112,1.67419,0,2.0875,1.69351,0.050539
14.07,1.13896,0.908589,2.64102,1.21523,0.920852,2.64169,1.18875,1.09144,2,1.25447,1.18193,2.02759,2.11738,1.39303,-0.0789473,2.07824,1.41554,-0.0557679,2.20354,1.64633,0,2.09093,1.66575,0.0514158
14.08,1.1598,0.922206,2.64024,1.23598,0.934896,2.64114,1.21043,1.10753,2,1.2754,1.19844,2.02811,2.11033,1.3705,-0.0785877,2.07119,1.39315,-0.0540099,2.19598,1.61859,0,2.09425,1.63749,0.0525194
14.09,1.18088,0.935809,2.63946,1.25665,0.948714,2.64061,1.23237,1.12359,2,1.29636,1.21468,2.02864,2.10302,1.34722,-0.0781505,2.06396,1.37032,-0.0521691,2.18815,1.59,0,2.09748,1.60884,0.0536671
14.1,1.20181,0.949125,2.63868,1.27725,0.962301,2.6401,1.25415,1.1393,2,1.31735,1.23062,2.02919,2.0956,1.32365,-0.0776443,2.05663,1.34712,-0.0503184,2.18022,1.56112,0,2.10068,1.57986,0.0547947
14.11,1.22327,0.962575,2.63789,1.29778,0.975655,2.63961,1.27647,1.15516,2,1.33837,1.24627,2.02974,2.08781,1.29902,-0.0770512,2.04917,1.32347,-0.0485256,2.17191,1.531,0,2.10379,1.55048,0.0558413
14.12,1.24396,0.97535,2.63713,1.31824,0.988771,2.63913,1.29799,1.17021,2,1.35943,1.26163,2.0303,2.08014,1.2748,-0.0764088,2.04168,1.29959,-0.0468615,2.16373,1.50145,0,2.10688,1.52092,0.0567444
14.13,1.26499,0.988137,2.63635,1.33862,1.00165,2.63867,1.31987,1.18527,2,1.38051,1.27669,2.03087,2.07216,1.24972,-0.0756853,2.03412,1.27535,-0.0450689,2.15525,1.47091,0,2.10991,1.49105,0.0577629
14.14,1.2853,1.00029,2.63562,1.35892,1.01428,2.63823,1.34099,1.19957,2,1.40162,1.29145,2.03146,2.06429,1.22504,-0.0749197,2.02651,1.25069,-0.0432037,2.14688,1.44093,0,2.11288,1.46079,0.0588487
14.15,1.30579,1.01235,2.63487,1.37915,1.02666,2.6378,1.3623,1.21374,2,1.42277,1.3059,2.03205,2.05617,1.19971,-0.0740817,2.01876,1.22574,-0.0414953,2.13828,1.41021,0,2.11568,1.4303,0.0597849
14.16,1.32657,1.02436,2.63413,1.3993,1.03879,2.6374,1.38391,1.22786,2,1.44394,1.32005,2.03265,2.04777,1.17357,-0.0731651,2.01087,1.20041,-0.0398759,2.12938,1.37856,0,2.11828,1.39949,0.0606439
14.1701,1.34745,1.03622,2.63339,1.41936,1.05067,2.637,1.40563,1.24179,2,1.46513,1.33389,2.03326,2.03914,1.14681,-0.0721764,2.00287,1.17484,-0.0386068,2.12026,1.34625,0,2.12069,1.3685,0.0611744
14.18,1.36747,1.04737,2.63268,1.43935,1.06229,2.63662,1.42644,1.25488,2,1.48635,1.34742,2.03387,2.0307,1.12074,-0.0711666,1.99479,1.14895,-0.0372863,2.11134,1.31481,0,2.12295,1.33723,0.061778
14.1901,1.38772,1.05844,2.63197,1.45926,1.07365,2.63626,1.44749,1.26785,2,1.50759,1.36064,2.0345,2.02198,1.09393,-0.0700837,1.98665,1.12285,-0.0359575,2.10216,1.28255,0,2.12504,1.30581,0.062417
14.2,1.40755,1.06906,2.63129,1.47909,1.08474,2.6359,1.46811,1.2803,2,1.52885,1.37354,2.03512,2.01327,1.06724,-0.0689638,1.97843,1.09654,-0.0347805,2.09298,1.25049,0,2.12691,1.27424,0.0629381
14.21,1.42813,1.07985,2.63059,1.49883,1.09558,2.63556,1.4895,1.29294,2,1.55013,1.38612,2.03575,2.00404,1.0391,-0.0677405,1.97017,1.07005,-0.033699,2.08329,1.21674,0,2.1286,1.24253,0.0634021
14.22,1.4477,1.08989,2.62993,1.51849,1.10614,2.63523,1.50984,1.30469,2,1.57142,1.39839,2.03639,1.9951,1.01192,-0.06652,1.96178,1.04322,-0.0326177,2.07389,1.1842,0,2.13002,1.21053,0.0639077
14.2301,1.46805,1.10009,2.62926,1.53806,1.11644,2.63491,1.531,1.31663,2,1.59273,1.41033,2.03703,1.9856,0.983205,-0.0651926,1.95323,1.01609,-0.0315853,2.06394,1.14988,0,2.13111,1.17829,0.0644112
14.2401,1.48791,1.10981,2.62861,1.55755,1.12646,2.6346,1.55165,1.32798,2,1.61404,1.42196,2.03768,1.97616,0.95476,-0.0638408,1.94461,0.988906,-0.0308717,2.05405,1.11594,0,2.1319,1.14606,0.0646505
14.25,1.50721,1.11901,2.628,1.57696,1.13622,2.63429,1.5717,1.33874,2,1.63536,1.43325,2.03832,1.9668,0.926719,-0.0624751,1.93593,0.961517,-0.0302226,2.04427,1.08254,0,2.13245,1.11368,0.0648783
14.2601,1.52726,1.12833,2.62736,1.59627,1.14569,2.63399,1.59254,1.34963,2,1.65669,1.44423,2.03897,1.9569,0.897156,-0.0610017,1.92713,0.933776,-0.0295751,2.03392,1.04737,0,2.13266,1.08099,0.0651579
14.27,1.54621,1.13691,2.62678,1.6155,1.15489,2.6337,1.61224,1.35963,2,1.67802,1.45487,2.03963,1.94735,0.868808,-0.0595589,1.91821,0.905758,-0.0290252,2.02397,1.0137,0,2.13251,1.04809,0.0653978
14.2801,1.56632,1.14574,2.62617,1.63464,1.16381,2.63341,1.63314,1.36994,2,1.69934,1.46519,2.04028,1.93703,0.838305,-0.0579756,1.9092,0.87753,-0.0286431,2.01321,0.977524,0,2.132,1.01503,0.0655306
14.2901,1.58554,1.15393,2.6256,1.65368,1.17244,2.63312,1.65311,1.37949,2,1.72066,1.47517,2.04094,1.92698,0.80875,-0.0564132,1.90014,0.849124,-0.0284318,2.00275,0.942519,0,2.13118,0.981855,0.0655509
14.3,1.60423,1.16166,2.62506,1.67264,1.18079,2.63284,1.67254,1.38849,2,1.74196,1.48483,2.04159,1.91703,0.779619,-0.0548478,1.89104,0.820512,-0.0281124,1.9924,0.90806,0,2.13004,0.948518,0.0657347
14.31,1.62366,1.16943,2.62451,1.6915,1.18885,2.63256,1.69274,1.39753,2,1.76326,1.49414,2.04225,1.90648,0.748935,-0.0531734,1.88193,0.791813,-0.0278326,1.98146,0.871811,0,2.1286,0.915146,0.0659344
14.3201,1.64259,1.17673,2.62399,1.71028,1.19663,2.63228,1.71241,1.40604,2,1.78453,1.50313,2.04291,1.89603,0.718655,-0.0514973,1.8728,0.763085,-0.027745,1.97061,0.836084,0,2.12682,0.881801,0.0659969
14.33,1.66155,1.18379,2.62348,1.72896,1.20411,2.63201,1.73212,1.41424,2,1.80579,1.51178,2.04357,1.88536,0.687933,-0.0497741,1.86361,0.734177,-0.0276793,1.95955,0.799877,0,2.12465,0.848331,0.0660911
14.3402,1.68067,1.19062,2.62299,1.74755,1.21131,2.63173,1.75199,1.42219,2,1.82702,1.52009,2.04423,1.87441,0.656569,-0.0479933,1.85432,0.704988,-0.0275105,1.94822,0.762957,0,2.12207,0.814633,0.0663402
14.35,1.69858,1.19677,2.62253,1.76604,1.21821,2.63146,1.7706,1.42933,2,1.84823,1.52807,2.0449,1.86396,0.626824,-0.0462855,1.84492,0.675668,-0.0273021,1.93741,0.727978,0,2.11905,0.780864,0.066679
14.3601,1.71787,1.20311,2.62206,1.78445,1.22482,2.63118,1.79065,1.43669,2,1.8694,1.53571,2.04557,1.85251,0.594409,-0.0444052,1.83542,0.646308,-0.0273304,1.92559,0.6899,0,2.11556,0.747126,0.066832
14.37,1.73586,1.20875,2.62164,1.80275,1.23114,2.63091,1.80935,1.44323,2,1.89054,1.54301,2.04624,1.84165,0.563823,-0.0426139,1.82583,0.616801,-0.0274564,1.91437,0.654006,0,2.11162,0.713304,0.0669308
14.38,1.75407,1.21419,2.62123,1.82096,1.23716,2.63064,1.82828,1.44954,2,1.91163,1.54998,2.04691,1.83045,0.532491,-0.040763,1.81606,0.587006,-0.0275612,1.90282,0.617269,0,2.10714,0.679257,0.0670895
14.39,1.77244,1.21939,2.62083,1.83907,1.24288,2.63036,1.84738,1.45556,2,1.93268,1.5566,2.04758,1.81896,0.500535,-0.03886,1.80613,0.556954,-0.027573,1.89098,0.579834,0,2.10213,0.645012,0.0673739
14.4,1.79056,1.22423,2.62045,1.85708,1.24829,2.63008,1.86622,1.46117,2,1.95368,1.56288,2.04825,1.80743,0.468654,-0.0369475,1.79612,0.526634,-0.0275055,1.8791,0.542518,0,2.09665,0.610556,0.0677617
14.4101,1.80919,1.22891,2.62007,1.875,1.25341,2.62981,1.88558,1.46658,2,1.97461,1.56881,2.04893,1.79536,0.435526,-0.0349466,1.78598,0.4961,-0.0273528,1.86669,0.503773,0,2.09067,0.575943,0.0682524
14.42,1.82652,1.23297,2.61975,1.8928,1.25822,2.62954,1.90361,1.47129,2,1.99549,1.5744,2.04962,1.78394,0.404356,-0.0330525,1.77573,0.465315,-0.0269367,1.85494,0.467345,0,2.08419,0.541128,0.0690143
14.43,1.84491,1.23698,2.61941,1.91051,1.26271,2.62927,1.92272,1.47592,2,2.01629,1.57963,2.05031,1.77162,0.370956,-0.0310117,1.76527,0.434207,-0.0263858,1.84228,0.428337,0,2.07709,0.506045,0.0699126
14.44,1.86217,1.24045,2.61912,1.92811,1.2669,2.62901,1.94068,1.47992,2,2.03703,1.58452,2.05102,1.75985,0.339266,-0.0290657,1.75459,0.402807,-0.0256817,1.8302,0.391349,0,2.06937,0.470726,0.0709582
14.45,1.8795,1.24365,2.61884,1.9456,1.27077,2.62876,1.9587,1.48361,2,2.05768,1.58905,2.05173,1.74783,0.307131,-0.0270839,1.74377,0.371177,-0.0248622,1.81787,0.353862,0,2.06109,0.435234,0.0721055
14.46,1.89714,1.24659,2.61858,1.96298,1.27432,2.62851,1.97705,1.48699,2,2.07825,1.59322,2.05246,1.73539,0.2741,-0.025039,1.73283,0.339336,-0.0239866,1.80511,0.315352,0,2.05226,0.399585,0.0732837
14.47,1.91401,1.24911,2.61834,1.98026,1.27756,2.62828,1.9946,1.48989,2,2.09872,1.59704,2.0532,1.72329,0.242197,-0.0230572,1.72171,0.307224,-0.0229486,1.79271,0.278175,0,2.04285,0.36371,0.0745858
14.48,1.93124,1.25138,2.61812,1.99742,1.28047,2.62806,2.01252,1.49249,2,2.1191,1.60049,2.05395,1.71072,0.20931,-0.0210083,1.7105,0.274951,-0.0217458,1.77984,0.239866,0,2.03291,0.32772,0.076005
14.49,1.94828,1.2533,2.61792,2.01447,1.28305,2.62784,2.03025,1.4947,2,2.13938,1.60359,2.05472,1.69809,0.176481,-0.0189581,1.6992,0.242561,-0.0203853,1.76691,0.201639,0,2.02245,0.291656,0.0775236
14.5,1.96537,1.25492,2.61774,2.0314,1.28532,2.62765,2.04803,1.49654,2,2.15955,1.60633,2.0555,1.6852,0.143257,-0.016879,1.68784,0.210112,-0.0188143,1.75373,0.162966,0,2.0115,0.255571,0.0791834
14.5101,1.98253,1.25621,2.61758,2.04822,1.28726,2.62747,2.0659,1.498,2,2.17961,1.6087,2.0563,1.67204,0.109575,-0.014768,1.67639,0.1776,-0.0170083,1.74027,0.123771,0,2.00003,0.219463,0.0810003
14.52,1.99867,1.25712,2.61745,2.06493,1.28887,2.62731,2.08269,1.49902,2,2.19955,1.61072,2.05712,1.65945,0.0776303,-0.0127636,1.66474,0.144873,-0.014876,1.7274,0.0866057,0,1.98795,0.183186,0.0830574
14.53,2.01588,1.25775,2.61733,2.08152,1.29015,2.62717,2.10061,1.49972,2,2.21936,1.61237,2.05797,1.64581,0.0432641,-0.0106058,1.65299,0.111956,-0.012651,1.71346,0.0466305,0,1.97533,0.146773,0.0851191
14.54,2.03178,1.25801,2.61723,2.09799,1.29111,2.62706,2.11717,1.49999,2,2.23905,1.61365,2.05883,1.63299,0.0112474,-0.00859495,1.64113,0.0790288,-0.0103805,1.70037,0.00939313,0,1.96217,0.110409,0.0871303
14.5501,2.04796,1.25796,2.61716,2.11434,1.29173,2.62696,2.13401,1.49989,2,2.25861,1.61457,2.05971,1.61973,-0.0215927,-0.00653272,1.62909,0.0459826,-0.0080302,1.68684,-0.0287988,0,1.94841,0.0739805,0.0891157
14.5601,2.06452,1.25757,2.6171,2.13057,1.29203,2.6269,2.15126,1.49939,2,2.27802,1.61513,2.06061,1.60593,-0.0554907,-0.00440527,1.61689,0.0127514,-0.00556588,1.67276,-0.0682198,0,1.93408,0.037421,0.0911005
14.5701,2.08054,1.25684,2.61707,2.14668,1.29199,2.62685,2.16794,1.49852,2,2.29729,1.61532,2.06153,1.59236,-0.0885425,-0.00233299,1.60454,-0.0206167,-0.0030584,1.65892,-0.106657,0,1.91919,0.000776387,0.0930056
14.5801,2.09641,1.25579,2.61705,2.16266,1.29161,2.62684,2.18449,1.49726,2,2.3164,1.61515,2.06247,1.57869,-0.121563,-0.000265594,1.59205,-0.0540785,-0.000300324,1.64497,-0.145061,0,1.90376,-0.0359127,0.0950285
14.59,2.11172,1.25445,2.61706,2.17852,1.29091,2.62685,2.20044,1.49566,2,2.33536,1.6146,2.06343,1.56529,-0.153632,0.00173864,1.5794,-0.0875202,0.00255361,1.63131,-0.182363,0,1.88777,-0.07253,0.0970095
14.6,2.1279,1.25268,2.61709,2.19425,1.28986,2.62689,2.2173,1.49356,2,2.35415,1.61369,2.06441,1.55089,-0.187778,0.00386782,1.56664,-0.121043,0.00540685,1.61663,-0.222087,0,1.87129,-0.109181,0.0988436
14.6101,2.14301,1.25068,2.61714,2.20985,1.28849,2.62696,2.23305,1.49121,2,2.37278,1.61242,2.06541,1.53721,-0.219917,0.00586644,1.55382,-0.154593,0.00832948,1.60269,-0.259484,0,1.85436,-0.145818,0.100592
14.62,2.15801,1.24837,2.61721,2.22532,1.28677,2.62705,2.24869,1.48848,2,2.39124,1.61078,2.06642,1.52341,-0.252034,0.00785758,1.54099,-0.187925,0.0109847,1.58864,-0.296864,0,1.83707,-0.182184,0.101926
14.63,2.17329,1.24567,2.6173,2.24067,1.28473,2.62717,2.26463,1.4853,2,2.40952,1.60878,2.06744,1.50913,-0.284975,0.00989264,1.52811,-0.221152,0.0135347,1.57408,-0.335217,0,1.81939,-0.218398,0.102999
14.64,2.18817,1.24268,2.6174,2.25588,1.28235,2.62732,2.28015,1.48179,2,2.42763,1.60641,2.06848,1.49498,-0.317289,0.0118809,1.515,-0.254443,0.016415,1.55967,-0.372852,0,1.80112,-0.25465,0.104224
14.65,2.20318,1.23931,2.61753,2.27097,1.27964,2.6275,2.29582,1.47783,2,2.44554,1.60368,2.06953,1.48048,-0.3501,0.0138906,1.50159,-0.287905,0.0196453,1.5449,-0.411082,0,1.78222,-0.29105,0.105618
14.66,2.218,1.23563,2.61768,2.28592,1.27659,2.62772,2.31129,1.47351,2,2.46327,1.60059,2.07059,1.46591,-0.382704,0.0158777,1.48806,-0.321403,0.0231775,1.53006,-0.449089,0,1.76286,-0.327465,0.107129
14.67,2.23248,1.23167,2.61785,2.30073,1.27321,2.62797,2.3264,1.46886,2,2.4808,1.59713,2.07167,1.45145,-0.414759,0.0178205,1.47439,-0.354858,0.0269607,1.51533,-0.486474,0,1.74303,-0.363817,0.108703
14.68,2.24719,1.22728,2.61804,2.3154,1.26949,2.62826,2.34176,1.46371,2,2.49813,1.59331,2.07277,1.43651,-0.44753,0.0197947,1.46058,-0.388238,0.0309605,1.50011,-0.524714,0,1.72277,-0.400077,0.110305
14.69,2.26133,1.22269,2.61825,2.32704,1.26628,2.62852,2.35653,1.45834,2,2.51525,1.58913,2.07388,1.4219,-0.479223,0.0216913,1.44945,-0.414856,0.034317,1.48524,-0.56172,0,1.70211,-0.436194,0.111937
14.7001,2.2755,1.21774,2.61847,2.34434,1.26106,2.62896,2.37132,1.45253,2,2.53217,1.58459,2.075,1.40703,-0.511154,0.0235885,1.43265,-0.454698,0.0394904,1.47009,-0.599028,0,1.68108,-0.472223,0.113492
14.7103,2.28978,1.21235,2.61872,2.35859,1.25635,2.62938,2.38625,1.44622,2,2.54887,1.57969,2.07615,1.39178,-0.543537,0.0254973,1.41857,-0.48788,0.0438106,1.45456,-0.636889,0,1.65971,-0.508177,0.114886
14.7212,2.30672,1.20545,2.61905,2.3699,1.25234,2.62974,2.40396,1.43814,2,2.56208,1.57551,2.07707,1.37333,-0.58221,0.0277553,1.40722,-0.514326,0.0472716,1.43577,-0.682144,0,1.64235,-0.536818,0.115883
14.7301,2.31735,1.20083,2.61927,2.38111,1.24812,2.63013,2.41508,1.43272,2,2.57515,1.5711,2.078,1.36157,-0.606605,0.0291666,1.39581,-0.540573,0.0507985,1.42378,-0.710714,0,1.62479,-0.565256,0.116834
14.74,2.33059,1.19476,2.61957,2.39775,1.2414,2.63078,2.42892,1.4256,2,2.59449,1.56406,2.07941,1.3467,-0.637117,0.0309164,1.37858,-0.579768,0.0559698,1.40863,-0.746473,0,1.59809,-0.607672,0.117962
14.75,2.34391,1.18826,2.61988,2.41147,1.23544,2.63136,2.44286,1.41799,2,2.61036,1.55781,2.08059,1.33148,-0.667993,0.0326686,1.3642,-0.612314,0.0602787,1.39312,-0.78269,0,1.57554,-0.642781,0.118765
14.7601,2.35734,1.18133,2.62022,2.42504,1.22915,2.63198,2.4569,1.40987,2,2.626,1.55121,2.08178,1.31588,-0.699261,0.0344228,1.34975,-0.644633,0.064557,1.37721,-0.819402,0,1.55275,-0.677628,0.119389
14.77,2.36996,1.17444,2.62056,2.43846,1.22255,2.63265,2.47012,1.4018,2,2.64141,1.54426,2.08298,1.30096,-0.728803,0.0360601,1.33516,-0.676767,0.0687938,1.362,-0.85412,0,1.52966,-0.712287,0.119818
14.78,2.38295,1.16696,2.62093,2.45174,1.21562,2.63336,2.48372,1.39303,2,2.65659,1.53696,2.08418,1.28534,-0.759359,0.0377316,1.32055,-0.708487,0.0731087,1.34608,-0.890067,0,1.50642,-0.746512,0.120189
14.7901,2.39599,1.15906,2.62133,2.46487,1.20838,2.63411,2.49737,1.38377,2,2.67154,1.52933,2.08538,1.2694,-0.790155,0.0393922,1.30597,-0.739769,0.077503,1.32981,-0.926335,0,1.48308,-0.780285,0.12051
14.8,2.40838,1.15115,2.62172,2.47786,1.20083,2.63491,2.51036,1.37449,2,2.68625,1.52136,2.08659,1.25397,-0.819578,0.0409545,1.29137,-0.770734,0.0818955,1.31407,-0.961024,0,1.45963,-0.813735,0.120706
14.8103,2.42141,1.14242,2.62216,2.4907,1.19297,2.63575,2.52401,1.36426,2,2.70073,1.51305,2.0878,1.23747,-0.850624,0.0425759,1.27671,-0.801401,0.0862289,1.29723,-0.99767,0,1.43603,-0.846868,0.120739
14.82,2.43303,1.13425,2.62257,2.50339,1.1848,2.63663,2.5362,1.35467,2,2.71497,1.50442,2.089,1.22249,-0.878448,0.0440035,1.26196,-0.831822,0.0904566,1.28193,-1.03055,0,1.4123,-0.879734,0.120573
14.83,2.44538,1.12517,2.62302,2.51594,1.17633,2.63756,2.54915,1.34401,2,2.72898,1.49546,2.09021,1.20629,-0.908137,0.0454986,1.2472,-0.861964,0.0946009,1.26538,-1.06568,0,1.38849,-0.912305,0.120244
14.84,2.45715,1.1161,2.62348,2.52834,1.16756,2.63852,2.5615,1.33338,2,2.74274,1.48618,2.09141,1.19057,-0.936557,0.0469007,1.23229,-0.891921,0.0986259,1.24931,-1.09935,0,1.36452,-0.944685,0.11972
14.85,2.46901,1.10657,2.62395,2.54059,1.15849,2.63953,2.57394,1.32219,2,2.75627,1.47657,2.0926,1.17445,-0.965285,0.0482872,1.21728,-0.921551,0.10257,1.23283,-1.13343,0,1.34046,-0.976736,0.119053
14.86,2.48087,1.09661,2.62445,2.55268,1.14913,2.64057,2.5864,1.31048,2,2.76955,1.46664,2.09379,1.15803,-0.994137,0.0496466,1.20224,-0.950915,0.106374,1.21604,-1.16771,0,1.31639,-1.00853,0.118192
14.8699,2.4921,1.08677,2.62494,2.56463,1.13948,2.64166,2.59819,1.29892,2,2.78259,1.4564,2.09497,1.14221,-1.02154,0.0509051,1.18717,-0.979999,0.11006,1.19984,-1.20031,0,1.29233,-1.04007,0.117165
14.88,2.50346,1.0764,2.62546,2.57643,1.12953,2.64277,2.61012,1.28674,2,2.7954,1.44584,2.09613,1.1259,-1.04937,0.0521481,1.17201,-1.00874,0.113616,1.18315,-1.23347,0,1.26823,-1.07127,0.115975
14.89,2.51478,1.06562,2.62599,2.58807,1.1193,2.64393,2.62203,1.27407,2,2.80796,1.43498,2.09729,1.10934,-1.07721,0.0533542,1.15679,-1.03692,0.117143,1.16618,-1.26668,0,1.24416,-1.10195,0.114731
14.9001,2.52575,1.05476,2.62653,2.59956,1.10879,2.64512,2.63356,1.26129,2,2.82028,1.4238,2.09843,1.093,-1.10426,0.0544882,1.14151,-1.06471,0.120585,1.14943,-1.29901,0,1.22012,-1.13227,0.113389
14.91,2.53685,1.04331,2.62709,2.6109,1.09801,2.64634,2.64523,1.24783,2,2.83236,1.41233,2.09955,1.07615,-1.13172,0.0555983,1.12622,-1.09219,0.1239,1.13214,-1.33187,0,1.19617,-1.16232,0.111919
14.92,2.54718,1.03224,2.62764,2.62209,1.08695,2.64759,2.65611,1.2348,2,2.8442,1.40056,2.10066,1.06016,-1.15736,0.0565952,1.11086,-1.11947,0.12704,1.11574,-1.36261,0,1.17228,-1.19219,0.110288
14.93,2.55774,1.02049,2.62821,2.63312,1.07562,2.64888,2.66722,1.22096,2,2.85581,1.38849,2.10176,1.0435,-1.18364,0.0575749,1.09543,-1.1464,0.130067,1.09863,-1.39417,0,1.14845,-1.22173,0.108567
14.94,2.56804,1.00859,2.62879,2.64399,1.06402,2.6502,2.67806,1.20694,2,2.86717,1.37612,2.10283,1.02695,-1.20933,0.0584884,1.07982,-1.17295,0.132953,1.08162,-1.42508,0,1.1246,-1.25095,0.106736
14.95,2.57827,0.99631,2.62938,2.65471,1.05216,2.65154,2.68885,1.19246,2,2.8783,1.36347,2.10389,1.01017,-1.23495,0.059353,1.06406,-1.19914,0.135693,1.06436,-1.45594,0,1.10079,-1.27986,0.104798
14.96,2.58853,0.983531,2.62999,2.66528,1.04004,2.65291,2.69966,1.17739,2,2.88919,1.35053,2.10493,0.993005,-1.26068,0.0601722,1.04821,-1.22497,0.138245,1.0467,-1.48701,0,1.07707,-1.30848,0.10272
14.97,2.59825,0.970971,2.63059,2.67568,1.02766,2.6543,2.7099,1.16257,2,2.89984,1.3373,2.10595,0.976417,-1.28512,0.0609012,1.03224,-1.25052,0.140611,1.02962,-1.51656,0,1.05343,-1.33687,0.100513
14.9802,2.60833,0.957444,2.63123,2.68592,1.01503,2.65572,2.72054,1.14661,2,2.91026,1.32379,2.10694,0.958842,-1.31055,0.0616056,1.01622,-1.27562,0.142839,1.01151,-1.54737,0,1.02995,-1.36489,0.0982309
14.99,2.61741,0.944814,2.63182,2.696,1.00215,2.65716,2.73012,1.13169,2,2.92044,1.31,2.10791,0.942685,-1.33351,0.0621909,1.00009,-1.30029,0.144905,0.994849,-1.57523,0,1.00658,-1.39254,0.0958566
15,2.62671,0.931434,2.63244,2.70592,0.989029,2.65862,2.73993,1.11588,2,2.93039,1.29594,2.10886,0.925817,-1.35704,0.0627379,0.983895,-1.32447,0.146862,0.97744,-1.60384,0,0.983396,-1.41978,0.0934531
15.01,2.63604,0.917495,2.63308,2.71568,0.975666,2.6601,2.74979,1.0994,2,2.94011,1.28161,2.10978,0.908499,-1.38074,0.0632311,0.96757,-1.34815,0.148655,0.959552,-1.63272,0,0.960322,-1.4466,0.0909688
15.02,2.64482,0.903924,2.6337,2.72527,0.962068,2.66159,2.75906,1.08335,2,2.9496,1.26701,2.11068,0.891872,-1.40305,0.0636388,0.951159,-1.37123,0.150368,0.942364,-1.65996,0,0.937417,-1.4729,0.0884939
15.03,2.65383,0.889491,2.63435,2.7347,0.948243,2.6631,2.76858,1.06627,2,2.95886,1.25215,2.11155,0.874428,-1.426,0.0639969,0.934609,-1.3938,0.151935,0.924316,-1.68803,0,0.914636,-1.49878,0.0859707
15.04,2.66236,0.875341,2.63498,2.74396,0.934194,2.66463,2.7776,1.04952,2,2.96789,1.23704,2.1124,0.857551,-1.44776,0.0642752,0.918007,-1.41592,0.153336,0.90684,-1.7147,0,0.892073,-1.5243,0.0833841
15.05,2.67084,0.860766,2.63562,2.75306,0.919926,2.66617,2.78657,1.03225,2,2.9767,1.22167,2.11322,0.840383,-1.46945,0.0644891,0.90136,-1.43758,0.154591,0.889048,-1.74133,0,0.869737,-1.54943,0.0807622
15.06,2.67932,0.845679,2.63628,2.76199,0.905444,2.66772,2.79554,1.01436,2,2.98529,1.20605,2.11401,0.822831,-1.49115,0.0646354,0.884605,-1.4587,0.155736,0.870842,-1.76803,0,0.847573,-1.57411,0.0781466
15.07,2.68732,0.830923,2.63692,2.77075,0.890754,2.66928,2.80401,0.996865,2,2.99365,1.19019,2.11478,0.805869,-1.51166,0.0647071,0.867753,-1.47929,0.156739,0.853233,-1.79333,0,0.825602,-1.59834,0.0755094
15.0801,2.69569,0.814929,2.6376,2.77679,0.880349,2.67038,2.81288,0.977885,2,3.0018,1.17409,2.11552,0.787698,-1.53315,0.0647076,0.855931,-1.49343,0.157351,0.83435,-1.81988,0,0.803861,-1.62221,0.0728322
15.09,2.70306,0.800353,2.63821,2.78777,0.860767,2.67243,2.82068,0.960579,2,3.00973,1.15775,2.11624,0.771321,-1.55209,0.0646403,0.83387,-1.51908,0.158234,0.817317,-1.84333,0,0.782358,-1.64562,0.0701122
15.1,2.71068,0.784743,2.63885,2.79602,0.84548,2.67402,2.82876,0.942034,2,3.01745,1.14118,2.11692,0.753964,-1.5717,0.0644989,0.816927,-1.53812,0.158651,0.799248,-1.86767,0,0.761178,-1.66846,0.067313
15.11,2.71822,0.768733,2.63951,2.80411,0.830006,2.67561,2.83676,0.923004,2,3.02496,1.12438,2.11758,0.73635,-1.59114,0.0642815,0.800051,-1.55658,0.15898,0.780895,-1.89184,0,0.74036,-1.69079,0.0645601
15.12,2.72541,0.752921,2.64014,2.81202,0.81435,2.6772,2.84438,0.904198,2,3.03226,1.10736,2.11822,0.719129,-1.60969,0.0639971,0.783035,-1.57452,0.159222,0.762934,-1.91494,0,0.719711,-1.71268,0.0618491
15.13,2.73268,0.736347,2.64079,2.81977,0.798518,2.67879,2.8521,0.884476,2,3.03935,1.09013,2.11882,0.701254,-1.62846,0.0636268,0.765857,-1.59197,0.159335,0.744274,-1.93838,0,0.699214,-1.73416,0.0591561
15.14,2.73943,0.720391,2.64141,2.82734,0.782513,2.68038,2.85926,0.865478,2,3.04624,1.07268,2.1194,0.684209,-1.6459,0.0632027,0.748629,-1.60891,0.159348,0.726462,-1.96021,0,0.67898,-1.75517,0.0565148
15.15,2.74623,0.703751,2.64205,2.83474,0.766341,2.68198,2.86648,0.845655,2,3.05293,1.05502,2.11995,0.666593,-1.66347,0.0626918,0.731332,-1.62535,0.159217,0.708037,-1.98224,0,0.658988,-1.77575,0.05388
15.16,2.75286,0.686877,2.64267,2.84197,0.750008,2.68357,2.87353,0.825541,2,3.05942,1.03717,2.12048,0.648887,-1.68065,0.0621042,0.714022,-1.64125,0.159004,0.6895,-2.00382,0,0.639297,-1.79583,0.0513148
15.17,2.75922,0.670121,2.64329,2.84902,0.733517,2.68516,2.88028,0.805558,2,3.06572,1.01911,2.12098,0.631454,-1.69709,0.0614535,0.696683,-1.65671,0.158692,0.671233,-2.02454,0,0.619893,-1.81553,0.0488047
15.18,2.76548,0.652963,2.6439,2.8559,0.716875,2.68674,2.88694,0.785084,2,3.07182,1.00086,2.12145,0.613752,-1.71333,0.0607199,0.679318,-1.67168,0.158299,0.652664,-2.04502,0,0.600777,-1.83476,0.0463742
15.19,2.77148,0.635902,2.6445,2.86261,0.700084,2.68832,2.89332,0.764715,2,3.07773,0.982414,2.1219,0.596288,-1.72888,0.0599248,0.661854,-1.68644,0.15768,0.634329,-2.06469,0,0.581877,-1.85381,0.0438777
15.2,2.77742,0.618334,2.6451,2.86914,0.683148,2.6899,2.89964,0.743728,2,3.08346,0.963782,2.12233,0.578443,-1.74429,0.0590399,0.644252,-1.70071,0.156916,0.615575,-2.08422,0,0.563154,-1.8724,0.0413982
15.21,2.78307,0.600964,2.64568,2.87549,0.666071,2.69146,2.90565,0.722968,2,3.089,0.944967,2.12273,0.56093,-1.75895,0.058101,0.626557,-1.71458,0.155974,0.597154,-2.10284,0,0.544658,-1.89062,0.0389017
15.22,2.78856,0.583413,2.64626,2.88167,0.648858,2.69301,2.9115,0.70198,2,3.09435,0.925971,2.12311,0.54336,-1.7732,0.0570895,0.608721,-1.72799,0.154836,0.578655,-2.12097,0,0.526343,-1.90841,0.0363666
15.23,2.79399,0.565309,2.64683,2.88767,0.631513,2.69456,2.91728,0.680321,2,3.09953,0.9068,2.12346,0.525363,-1.78731,0.0559822,0.590877,-1.7409,0.153549,0.559688,-2.13896,0,0.508338,-1.92572,0.0338387
15.24,2.79906,0.547694,2.64737,2.89349,0.614042,2.69608,2.92269,0.659234,2,3.10452,0.887459,2.12379,0.507966,-1.80049,0.0548445,0.573035,-1.75333,0.152157,0.541337,-2.15579,0,0.490648,-1.94258,0.031359
15.2501,2.80414,0.529315,2.64793,2.89913,0.596448,2.6976,2.9281,0.637222,2,3.10934,0.86795,2.12409,0.48993,-1.81368,0.053596,0.555087,-1.76545,0.150566,0.522296,-2.17267,0,0.473158,-1.95916,0.0288331
15.26,2.80894,0.51114,2.64845,2.90459,0.578734,2.6991,2.93322,0.615445,2,3.11398,0.848276,2.12436,0.472205,-1.82616,0.052302,0.536866,-1.77725,0.148728,0.503565,-2.18869,0,0.455705,-1.97543,0.0262145
15.27,2.8135,0.49311,2.64896,2.90986,0.560905,2.70057,2.93809,0.59383,2,3.11845,0.828443,2.12461,0.454723,-1.83802,0.0509619,0.518559,-1.78842,0.146796,0.485075,-2.20392,0,0.438478,-1.99109,0.0236524
15.28,2.81801,0.47446,2.64947,2.91496,0.542968,2.70203,2.9429,0.571463,2,3.12275,0.808457,2.12484,0.436743,-1.84974,0.0495187,0.500301,-1.79883,0.144823,0.466042,-2.219,0,0.421598,-2.00601,0.0211929
15.29,2.82225,0.45609,2.64995,2.91987,0.52493,2.70347,2.94742,0.54942,2,3.12689,0.788325,2.12503,0.419126,-1.86075,0.0480426,0.482082,-1.80871,0.142739,0.447377,-2.23321,0,0.405041,-2.02043,0.0187599
15.3001,2.82648,0.436824,2.65044,2.9246,0.506795,2.70489,2.95194,0.526292,2,3.13086,0.76805,2.12521,0.400747,-1.87176,0.0464386,0.463825,-1.81821,0.140468,0.427889,-2.24743,0,0.388728,-2.03447,0.0162819
15.31,2.83033,0.418413,2.65089,2.92915,0.488567,2.70628,2.95604,0.504182,2,3.13466,0.747637,2.12536,0.383271,-1.88175,0.0448546,0.445485,-1.82735,0.13804,0.409343,-2.26037,0,0.37261,-2.04816,0.0137888
15.32,2.83403,0.399747,2.65133,2.93351,0.470249,2.70765,2.96,0.481756,2,3.13831,0.727088,2.12549,0.365634,-1.89139,0.0431997,0.427086,-1.83612,0.135467,0.390613,-2.27285,0,0.356706,-2.06145,0.0112968
15.33,2.83765,0.380476,2.65176,2.93769,0.451846,2.70899,2.96387,0.458593,2,3.1418,0.706409,2.12559,0.347507,-1.90081,0.0414417,0.4086,-1.84451,0.132732,0.371347,-2.28508,0,0.340977,-2.07436,0.00878038
15.34,2.84097,0.361819,2.65215,2.94168,0.433361,2.7103,2.96742,0.436161,2,3.14513,0.685602,2.12566,0.330032,-1.90943,0.039694,0.390079,-1.85246,0.129916,0.35276,-2.2963,0,0.325477,-2.08683,0.00631575
15.35,2.84423,0.34242,2.65255,2.94549,0.414799,2.71159,2.9709,0.412827,2,3.14831,0.664674,2.12571,0.311934,-1.91789,0.0378316,0.371522,-1.85994,0.12701,0.333497,-2.30732,0,0.310201,-2.09884,0.00389369
15.36,2.84725,0.323238,2.65291,2.94911,0.396163,2.71284,2.97413,0.389746,2,3.15133,0.643626,2.12574,0.294106,-1.92575,0.0359471,0.352974,-1.86718,0.123963,0.314509,-2.31757,0,0.295178,-2.11058,0.00145876
15.37,2.85007,0.30419,2.65326,2.95255,0.377456,2.71406,2.97714,0.366819,2,3.15421,0.622463,2.12574,0.276465,-1.93307,0.0340356,0.334404,-1.874,0.120815,0.295708,-2.32713,0,0.280367,-2.12191,-0.000950189
15.38,2.85275,0.284726,2.65359,2.9558,0.358684,2.71526,2.98002,0.343383,2,3.15694,0.60119,2.12572,0.258499,-1.94006,0.0320436,0.31586,-1.88029,0.117588,0.276548,-2.33627,0,0.265822,-2.1327,-0.0033148
15.39,2.85526,0.265236,2.6539,2.95887,0.339852,2.71642,2.98269,0.31991,2,3.15953,0.579811,2.12568,0.240565,-1.94656,0.0300122,0.297287,-1.88605,0.114287,0.257413,-2.34478,0,0.251482,-2.14296,-0.00563047
15.4,2.85758,0.245705,2.65419,2.96175,0.320965,2.71754,2.98518,0.29638,2,3.16197,0.558333,2.12561,0.222646,-1.95259,0.0279421,0.278695,-1.89124,0.110969,0.238281,-2.35268,0,0.237342,-2.15264,-0.00784133
15.41,2.85972,0.226129,2.65446,2.96444,0.302029,2.71863,2.98747,0.272789,2,3.16428,0.53676,2.12552,0.204733,-1.95815,0.0258351,0.260061,-1.89585,0.107577,0.219147,-2.35998,0,0.223365,-2.16172,-0.0100064
15.42,2.86167,0.206613,2.65471,2.96695,0.28305,2.71969,2.98955,0.249266,2,3.16644,0.5151,2.12541,0.186919,-1.96321,0.023705,0.241419,-1.89988,0.104132,0.200109,-2.36663,0,0.209577,-2.1702,-0.0121066
15.43,2.86345,0.186911,2.65494,2.96927,0.264034,2.72072,2.99146,0.225512,2,3.16847,0.493358,2.12528,0.168975,-1.96785,0.0215274,0.222831,-1.90331,0.100699,0.180925,-2.37272,0,0.19603,-2.17805,-0.0140788
15.44,2.86505,0.167255,2.65514,2.9714,0.244986,2.72171,2.99317,0.20181,2,3.17036,0.471541,2.12513,0.151109,-1.97199,0.0193301,0.204268,-1.90624,0.0972188,0.161816,-2.37818,0,0.182675,-2.18537,-0.0159829
15.45,2.86649,0.147244,2.65532,2.97335,0.22591,2.72266,2.99472,0.177675,2,3.17212,0.449652,2.12496,0.132954,-1.97573,0.0170704,0.185667,-1.90883,0.0936661,0.142391,-2.3831,0,0.16943,-2.1923,-0.0178473
15.46,2.86771,0.127737,2.65548,2.97512,0.206809,2.72358,2.99603,0.154144,2,3.17375,0.427696,2.12477,0.115284,-1.97891,0.0148481,0.166475,-1.91136,0.091348,0.123479,-2.38729,0,0.155822,-2.19918,-0.0183557
15.47,2.86877,0.108048,2.65562,2.97668,0.187683,2.72449,2.99716,0.13039,2,3.17524,0.405669,2.12459,0.097473,-1.98166,0.0125882,0.146554,-1.91399,0.0904401,0.104411,-2.39092,0,0.141716,-2.20617,-0.0173298
15.48,2.86966,0.0881119,2.65573,2.97805,0.168535,2.72538,2.99811,0.106336,2,3.17659,0.383578,2.12442,0.0794603,-1.98397,0.0102853,0.127941,-1.91508,0.086394,0.0851222,-2.39396,0,0.128806,-2.21142,-0.0193589
15.49,2.87036,0.0683599,2.65582,2.97926,0.149395,2.72618,2.99886,0.082501,2,3.17783,0.361457,2.12417,0.0616305,-1.98579,0.00799174,0.113674,-1.91229,0.0716806,0.0660258,-2.39637,0,0.119552,-2.21229,-0.0320542
15.5,2.87089,0.0484097,2.65589,2.98032,0.13029,2.72682,2.99943,0.0584251,2,3.17898,0.339334,2.12378,0.0436351,-1.98716,0.00566589,0.0992273,-1.90922,0.0571405,0.0467489,-2.39818,0,0.110202,-2.21283,-0.0444904
15.51,2.87124,0.0282482,2.65594,2.98122,0.1112,2.72736,2.99981,0.0340929,2,3.18002,0.317187,2.12332,0.0254585,-1.98807,0.00330868,0.0796153,-1.90962,0.0551065,0.0272761,-2.39938,0,0.0966855,-2.21732,-0.0442051
15.52,2.8714,0.00866777,2.65596,2.98191,0.0920949,2.72793,2.99998,0.0104612,2,3.18091,0.294984,2.12291,0.00781127,-1.9885,0.00101561,0.0580657,-1.91097,0.0577613,0.00836905,-2.39994,0,0.0816308,-2.22289,-0.0390859
15.53,2.87139,-0.0111614,2.65596,2.98241,0.0729969,2.72847,2.99997,-0.0134709,2,3.18167,0.272748,2.12249,-0.0100586,-1.98847,-0.00130776,0.0416733,-1.90812,0.0475496,-0.0107768,-2.3999,0,0.0707828,-2.22368,-0.0468966
15.5399,2.8712,-0.0310881,2.65593,2.98274,0.0539345,2.72888,2.99977,-0.0375203,2,3.18232,0.250513,2.12197,-0.0280184,-1.98797,-0.00364101,0.0251235,-1.90486,0.0377503,-0.0300186,-2.39925,0,0.0598145,-2.22403,-0.0542208
15.5501,2.87081,-0.0518142,2.65588,2.98289,0.0348879,2.72927,2.99935,-0.0625337,2,3.18285,0.228254,2.12145,-0.0467052,-1.98696,-0.00606334,0.00292337,-1.90517,0.0418124,-0.0500378,-2.39791,0,0.0442441,-2.22845,-0.0474406
15.56,2.87028,-0.0710316,2.65581,2.9828,0.0158287,2.72973,2.99877,-0.0857251,2,3.1832,0.205941,2.12104,-0.0640414,-1.98557,-0.00830257,-0.0208829,-1.90616,0.0499945,-0.0686081,-2.39608,0,0.0273451,-2.23365,-0.0364109
15.57,2.86955,-0.0908232,2.65572,2.9825,-0.00321697,2.73021,2.99799,-0.109607,2,3.18341,0.183602,2.12066,-0.0819089,-1.98368,-0.0105992,-0.0384945,-1.90247,0.0433243,-0.0877445,-2.39358,0,0.0154606,-2.23354,-0.0403615
15.58,2.86864,-0.110681,2.6556,2.98203,-0.0222193,2.7306,2.99702,-0.133567,2,3.18351,0.161271,2.12023,-0.0998536,-1.98132,-0.0128913,-0.0563853,-1.89846,0.0375392,-0.10696,-2.39047,0,0.00330643,-2.2331,-0.0433565
15.59,2.86756,-0.130243,2.65546,2.98134,-0.0412,2.73102,2.99587,-0.157167,2,3.18346,0.138924,2.11985,-0.117552,-1.97853,-0.0151346,-0.0813189,-1.89849,0.0491177,-0.125907,-2.38679,0,-0.0146625,-2.23728,-0.0286874
15.6,2.86627,-0.150432,2.6553,2.98038,-0.0601966,2.73162,2.99448,-0.181521,2,3.18321,0.116517,2.1197,-0.135844,-1.97517,-0.0174319,-0.109804,-1.90015,0.0694114,-0.145484,-2.38236,0,-0.0356224,-2.24335,-0.00511134
15.61,2.86483,-0.17003,2.65511,2.97918,-0.0791822,2.73233,2.99294,-0.205156,2,3.18277,0.0940807,2.11968,-0.153629,-1.97144,-0.0196417,-0.130597,-1.89643,0.0707484,-0.164512,-2.37745,0,-0.0503837,-2.2433,-0.000694416
15.62,2.86319,-0.189888,2.6549,2.97778,-0.0981215,2.73303,2.99119,-0.229102,2,3.1822,0.0716553,2.11967,-0.171684,-1.96718,-0.0218581,-0.149875,-1.89125,0.068331,-0.183822,-2.37184,0,-0.0640254,-2.2416,-3.28392e-05
15.63,2.86142,-0.209189,2.65468,2.97619,-0.117003,2.73369,2.98929,-0.252371,2,3.1815,0.0492538,2.11967,-0.189268,-1.96257,-0.0239878,-0.167817,-1.88476,0.0629523,-0.20262,-2.36579,0,-0.0766866,-2.2384,-0.0023329
15.64,2.8594,-0.229128,2.65442,2.97443,-0.135807,2.73426,2.98713,-0.276404,2,3.18068,0.0268976,2.11959,-0.207474,-1.95733,-0.0261598,-0.182524,-1.87592,0.049514,-0.222076,-2.3589,0,-0.0868025,-2.23255,-0.0127698
15.65,2.85726,-0.248493,2.65415,2.97253,-0.154521,2.73468,2.98484,-0.299738,2,3.17976,0.00460304,2.11941,-0.2252,-1.95176,-0.0282396,-0.197353,-1.86682,0.0363559,-0.241009,-2.3516,0,-0.0971527,-2.22637,-0.0228863
15.66,2.8549,-0.268137,2.65386,2.97048,-0.173144,2.73499,2.98231,-0.323404,2,3.17873,-0.0176296,2.11914,-0.243231,-1.94563,-0.0303168,-0.212807,-1.85769,0.0247898,-0.260258,-2.34355,0,-0.108164,-2.22015,-0.0313528
15.67,2.85235,-0.287736,2.65354,2.96828,-0.191675,2.73518,2.97959,-0.347008,2,3.17759,-0.0397998,2.11879,-0.261274,-1.93901,-0.0323542,-0.228776,-1.84855,0.01467,-0.279508,-2.3349,0,-0.119761,-2.21387,-0.0383248
15.68,2.84971,-0.30669,2.65322,2.96591,-0.210114,2.73529,2.97676,-0.369828,2,3.17633,-0.0619065,2.11838,-0.278777,-1.93214,-0.0342886,-0.245276,-1.83929,0.0060968,-0.298173,-2.32591,0,-0.131967,-2.20744,-0.0437006
15.69,2.84684,-0.325932,2.65286,2.96337,-0.22846,2.73531,2.97369,-0.392988,2,3.17495,-0.0839482,2.11792,-0.296606,-1.92468,-0.0362142,-0.262259,-1.82992,-0.0013408,-0.317172,-2.31617,0,-0.144761,-2.20085,-0.0478952
15.7,2.84375,-0.345336,2.65249,2.96066,-0.246712,2.73526,2.97039,-0.416335,2,3.17344,-0.105923,2.11743,-0.31465,-1.91665,-0.0381144,-0.2796,-1.82037,-0.00781219,-0.336389,-2.3057,0,-0.158045,-2.19398,-0.051086
15.71,2.84048,-0.364635,2.65209,2.95778,-0.264867,2.73516,2.96689,-0.439547,2,3.17179,-0.127826,2.1169,-0.332665,-1.90816,-0.0399606,-0.297196,-1.81046,-0.013464,-0.355561,-2.29465,0,-0.171755,-2.18667,-0.0534333
15.7201,2.83706,-0.383706,2.65168,2.95472,-0.28292,2.735,2.96324,-0.462476,2,3.17,-0.149655,2.11636,-0.35054,-1.89926,-0.0417397,-0.314951,-1.80022,-0.0184385,-0.374571,-2.28308,0,-0.185808,-2.17895,-0.0550815
15.73,2.83347,-0.402624,2.65126,2.95148,-0.30087,2.73479,2.9594,-0.485213,2,3.16807,-0.171404,2.1158,-0.368348,-1.88993,-0.0434579,-0.332901,-1.78964,-0.022877,-0.393495,-2.27097,0,-0.200249,-2.17075,-0.0561728
15.7401,2.82973,-0.421309,2.65082,2.94806,-0.318712,2.73454,2.95541,-0.507661,2,3.16599,-0.193068,2.11524,-0.386015,-1.88021,-0.045107,-0.350996,-1.77872,-0.0269048,-0.412256,-2.25837,0,-0.215046,-2.16209,-0.0568403
15.75,2.82583,-0.439864,2.65037,2.94446,-0.336443,2.73425,2.95124,-0.529942,2,3.16377,-0.214644,2.11467,-0.403641,-1.87006,-0.0466954,-0.369086,-1.76751,-0.0305969,-0.430959,-2.24523,0,-0.23008,-2.15301,-0.0571748
15.76,2.82162,-0.458876,2.64988,2.94067,-0.354062,2.73393,2.94675,-0.552764,2,3.16139,-0.236128,2.11409,-0.421792,-1.85912,-0.0482698,-0.387274,-1.75611,-0.0340314,-0.450203,-2.2311,0,-0.245459,-2.14359,-0.0572572
15.7701,2.81725,-0.477648,2.64939,2.93671,-0.371564,2.73357,2.94209,-0.575287,2,3.15886,-0.257514,2.11352,-0.439809,-1.84777,-0.0497694,-0.405483,-1.74433,-0.0372589,-0.469288,-2.21647,0,-0.261102,-2.13364,-0.0571398
15.7801,2.81286,-0.495692,2.64889,2.93257,-0.388948,2.73318,2.9374,-0.596926,2,3.15617,-0.2788,2.11295,-0.457221,-1.83635,-0.0511571,-0.423617,-1.73239,-0.0403364,-0.487718,-2.20178,0,-0.27692,-2.12338,-0.0568867
15.79,2.80824,-0.513853,2.64838,2.92824,-0.40621,2.73277,2.93247,-0.618696,2,3.15332,-0.29998,2.11239,-0.474844,-1.82433,-0.0524988,-0.441562,-1.71998,-0.0431933,-0.506355,-2.18634,0,-0.292827,-2.1125,-0.0564434
15.8,2.80341,-0.531984,2.64785,2.92373,-0.423346,2.73232,2.92733,-0.640419,2,3.15031,-0.321048,2.11182,-0.492542,-1.8118,-0.0537811,-0.459412,-1.70711,-0.0458687,-0.525054,-2.17026,0,-0.308914,-2.10099,-0.0558508
15.81,2.79835,-0.550217,2.6473,2.91905,-0.440352,2.73185,2.92193,-0.662255,2,3.14714,-0.341998,2.11127,-0.510451,-1.79864,-0.055011,-0.477259,-1.69396,-0.0483874,-0.54396,-2.15342,0,-0.325256,-2.08903,-0.0551334
15.82,2.7932,-0.567972,2.64675,2.91419,-0.457225,2.73135,2.91645,-0.683506,2,3.14381,-0.362827,2.11072,-0.528002,-1.78527,-0.056149,-0.495185,-1.6806,-0.0508631,-0.56247,-2.13636,0,-0.341944,-2.07668,-0.0544126
15.83,2.78776,-0.586005,2.64617,2.90915,-0.473963,2.73083,2.91065,-0.70508,2,3.1403,-0.383531,2.11018,-0.545948,-1.77113,-0.0572428,-0.513181,-1.66711,-0.0532997,-0.58138,-2.11833,0,-0.358994,-2.06403,-0.0537083
15.8401,2.78218,-0.603736,2.64559,2.90393,-0.490566,2.73029,2.90471,-0.726281,2,3.13663,-0.404106,2.10965,-0.563716,-1.75665,-0.058255,-0.531169,-1.65334,-0.0556293,-0.600086,-2.09991,0,-0.376308,-2.05092,-0.052952
15.85,2.77661,-0.620765,2.64502,2.89852,-0.507029,2.72972,2.89878,-0.746633,2,3.13277,-0.424548,2.10912,-0.580904,-1.7422,-0.0591663,-0.549105,-1.63924,-0.0578243,-0.618164,-2.08156,0,-0.393829,-2.0373,-0.0521181
15.86,2.77063,-0.638354,2.64442,2.89294,-0.52335,2.72913,2.89242,-0.767643,2,3.12875,-0.444851,2.10861,-0.598789,-1.72668,-0.0600431,-0.567097,-1.62499,-0.0599236,-0.636956,-2.06191,0,-0.411669,-2.02335,-0.0512539
15.8701,2.76445,-0.655821,2.6438,2.88718,-0.539527,2.72852,2.88585,-0.788495,2,3.12454,-0.465013,2.1081,-0.61669,-1.71067,-0.0608467,-0.585061,-1.61033,-0.0619073,-0.655747,-2.04166,0,-0.42975,-2.00882,-0.0503491
15.88,2.75824,-0.672721,2.64319,2.88124,-0.555555,2.72789,2.87925,-0.80866,2,3.12015,-0.485025,2.1076,-0.63415,-1.69458,-0.0615588,-0.602924,-1.59524,-0.063818,-0.674059,-2.02137,0,-0.448027,-1.99367,-0.0494623
15.8901,2.75176,-0.689717,2.64257,2.87512,-0.571431,2.72725,2.87236,-0.828928,2,3.11558,-0.504884,2.10711,-0.651856,-1.6778,-0.0622079,-0.620745,-1.57986,-0.0656454,-0.692611,-2.00024,0,-0.466527,-1.97803,-0.0485766
15.9,2.74533,-0.705973,2.64196,2.86883,-0.587151,2.72658,2.86553,-0.848303,2,3.11082,-0.524584,2.10663,-0.668936,-1.66116,-0.062764,-0.638597,-1.56415,-0.067393,-0.710489,-1.97934,0,-0.485303,-1.96187,-0.0476953
15.9101,2.73841,-0.722858,2.64132,2.86235,-0.602713,2.7259,2.85817,-0.868416,2,3.10587,-0.54412,2.10615,-0.686834,-1.64324,-0.0632726,-0.656418,-1.54817,-0.0691105,-0.729207,-1.95688,0,-0.504295,-1.94524,-0.0468761
15.92,2.73152,-0.73903,2.64069,2.8557,-0.618114,2.7252,2.85087,-0.887669,2,3.10073,-0.563488,2.10569,-0.704136,-1.62546,-0.0636917,-0.674182,-1.53191,-0.0707618,-0.747283,-1.93464,0,-0.523496,-1.92807,-0.0460933
15.93,2.7243,-0.755416,2.64004,2.84887,-0.63335,2.72448,2.8432,-0.907167,2,3.0954,-0.58268,2.10523,-0.721835,-1.6068,-0.0640465,-0.692009,-1.51535,-0.0723267,-0.765758,-1.91135,0,-0.542985,-1.91035,-0.045319
15.9401,2.71696,-0.771456,2.6394,2.84186,-0.64842,2.72375,2.83542,-0.926241,2,3.08987,-0.601693,2.10478,-0.739333,-1.58788,-0.0643235,-0.709862,-1.49863,-0.0738191,-0.784004,-1.88778,0,-0.562704,-1.89223,-0.0445678
15.95,2.70973,-0.786708,2.63877,2.83467,-0.663323,2.72301,2.82776,-0.94437,2,3.08415,-0.620523,2.10434,-0.75614,-1.56927,-0.0645206,-0.727575,-1.48173,-0.0754191,-0.801514,-1.86465,0,-0.582495,-1.87367,-0.0440302
15.9601,2.7019,-0.802682,2.63811,2.82731,-0.678055,2.72224,2.81945,-0.963345,2,3.07822,-0.639165,2.1039,-0.773926,-1.5491,-0.0646553,-0.745278,-1.46469,-0.0769651,-0.820027,-1.83963,0,-0.602478,-1.85461,-0.0435421
15.97,2.69423,-0.817759,2.63748,2.81977,-0.692616,2.72147,2.81133,-0.981244,2,3.0721,-0.657614,2.10347,-0.790897,-1.52941,-0.0647132,-0.763079,-1.44752,-0.0783761,-0.837675,-1.81525,0,-0.622729,-1.83506,-0.04302
15.98,2.68624,-0.832939,2.63683,2.81205,-0.707005,2.72068,2.80287,-0.999256,2,3.06577,-0.675865,2.10304,-0.808175,-1.5089,-0.0647014,-0.780664,-1.43019,-0.0801779,-0.855628,-1.78992,0,-0.642916,-1.81501,-0.0429932
15.99,2.67791,-0.84822,2.63617,2.80415,-0.72122,2.71986,2.79405,-1.01738,2,3.05924,-0.693912,2.10261,-0.825773,-1.48754,-0.064616,-0.798274,-1.41292,-0.0819518,-0.873895,-1.76359,0,-0.663263,-1.79448,-0.0430377
16,2.66977,-0.862631,2.63554,2.79608,-0.735264,2.71904,2.78544,-1.03446,2,3.0525,-0.711753,2.10218,-0.842568,-1.46671,-0.0644658,-0.816028,-1.39583,-0.0834218,-0.891313,-1.73797,0,-0.683904,-1.77357,-0.0428962
16.01,2.66119,-0.877313,2.63489,2.78783,-0.749137,2.7182,2.77636,-1.05185,2,3.04556,-0.729382,2.10175,-0.859889,-1.44478,-0.0642406,-0.833879,-1.37872,-0.0846653,-0.909262,-1.71103,0,-0.704814,-1.75215,-0.042672
16.02,2.65257,-0.89154,2.63426,2.7794,-0.762839,2.71736,2.76725,-1.0687,2,3.0384,-0.746795,2.10134,-0.876891,-1.42279,-0.0639507,-0.854244,-1.36213,-0.0786988,-0.926865,-1.6841,0,-0.728756,-1.73042,-0.0355303
16.03,2.6436,-0.905837,2.63361,2.77071,-0.776388,2.71674,2.75777,-1.08561,2,3.03094,-0.763992,2.10115,-0.894203,-1.39995,-0.0635855,-0.882734,-1.34763,-0.0432128,-0.944774,-1.65617,0,-0.764685,-1.70902,-0.000587171
16.04,2.63472,-0.9195,2.63299,2.76176,-0.78979,2.71654,2.74839,-1.10177,2,3.02309,-0.780974,2.10136,-0.910975,-1.37738,-0.0631648,-0.906599,-1.33243,0.00633521,-0.96211,-1.62862,0,-0.80511,-1.68725,0.044364
16.0501,2.62538,-0.93337,2.63235,2.75261,-0.803026,2.71693,2.73853,-1.11817,2,3.01481,-0.797735,2.10208,-0.928243,-1.35368,-0.0626633,-0.920973,-1.31409,0.0762124,-0.979944,-1.59976,0,-0.85162,-1.66492,0.102769
16.06,2.61582,-0.947059,2.63171,2.7434,-0.81605,2.71811,2.72844,-1.13434,2,3.00605,-0.814269,2.10343,-0.94554,-1.32948,-0.0620918,-0.918567,-1.28936,0.1568,-0.997794,-1.57034,0,-0.899484,-1.64176,0.163934
16.07,2.6066,-0.959802,2.63112,2.7343,-0.828797,2.72001,2.71871,-1.14939,2,2.99686,-0.830568,2.10529,-0.961885,-1.30618,-0.0614886,-0.89789,-1.25988,0.222589,-1.01465,-1.54207,0,-0.939312,-1.61789,0.205928
16.08,2.5968,-0.972865,2.6305,2.72548,-0.841254,2.72261,2.70838,-1.16481,2,2.98725,-0.846624,2.10758,-0.978901,-1.28149,-0.060796,-0.865854,-1.23264,0.298085,-1.03218,-1.51217,0,-0.980795,-1.59314,0.25231
16.09,2.58699,-0.985477,2.6299,2.71698,-0.853478,2.72591,2.69804,-1.17969,2,2.97726,-0.862429,2.11029,-0.995599,-1.25682,-0.0600526,-0.834753,-1.21321,0.357492,-1.04937,-1.48234,0,-1.01642,-1.56773,0.285839
16.1,2.57694,-0.997934,2.6293,2.70875,-0.865526,2.72963,2.68744,-1.19438,2,2.96697,-0.877979,2.1132,-1.01237,-1.23161,-0.0592432,-0.812467,-1.19637,0.380448,-1.06663,-1.45192,0,-1.04008,-1.5423,0.292091
16.1101,2.56651,-1.01038,2.6287,2.7007,-0.877405,2.73345,2.67646,-1.20905,2,2.95648,-0.893275,2.11608,-1.02942,-1.20552,-0.0583558,-0.798453,-1.17973,0.382274,-1.08416,-1.42049,0,-1.05737,-1.51691,0.283669
16.1199,2.55641,-1.022,2.62814,2.69276,-0.889129,2.73729,2.66582,-1.22274,2,2.94581,-0.908315,2.1189,-1.04563,-1.18031,-0.0574533,-0.790605,-1.16533,0.386025,-1.10081,-1.39018,0,-1.07601,-1.49113,0.279343
16.13,2.54575,-1.0338,2.62756,2.68488,-0.900716,2.74113,2.6546,-1.23663,2,2.93497,-0.923097,2.12164,-1.06239,-1.15381,-0.0564596,-0.785076,-1.15212,0.379802,-1.11802,-1.35835,0,-1.09104,-1.46522,0.267598
16.14,2.5352,-1.04504,2.62701,2.67705,-0.912172,2.74486,2.6435,-1.24986,2,2.924,-0.93762,2.12422,-1.07866,-1.12764,-0.0554363,-0.78118,-1.1392,0.364719,-1.13473,-1.32699,0,-1.10286,-1.43945,0.249037
16.15,2.52431,-1.05621,2.62646,2.66925,-0.923503,2.74843,2.63205,-1.263,2,2.91292,-0.951886,2.12662,-1.09516,-1.10071,-0.0543414,-0.780333,-1.12719,0.34858,-1.15165,-1.29476,0,-1.11433,-1.4136,0.23077
16.16,2.513,-1.06734,2.62591,2.66144,-0.93472,2.75183,2.62016,-1.27609,2,2.90172,-0.965892,2.12884,-1.11197,-1.07283,-0.0531669,-0.782927,-1.11622,0.332074,-1.16887,-1.26145,0,-1.12577,-1.38772,0.213429
16.17,2.50204,-1.07771,2.62539,2.65358,-0.94583,2.75507,2.60864,-1.28828,2,2.8904,-0.97964,2.1309,-1.12795,-1.0459,-0.051995,-0.789227,-1.10607,0.315812,-1.18525,-1.22933,0,-1.13749,-1.36168,0.197519
16.18,2.49066,-1.08805,2.62488,2.64564,-0.956842,2.75814,2.59668,-1.30043,2,2.87897,-0.993125,2.1328,-1.14425,-1.01804,-0.0507459,-0.799058,-1.09634,0.299548,-1.20193,-1.19614,0,-1.14931,-1.33541,0.182735
16.19,2.47918,-1.09805,2.62438,2.63759,-0.967757,2.76106,2.58463,-1.31218,2,2.86741,-1.00635,2.13455,-1.16039,-0.990028,-0.0494551,-0.812173,-1.08666,0.283328,-1.21845,-1.16282,0,-1.16097,-1.30882,0.169058
16.2,2.4675,-1.10781,2.62389,2.62939,-0.978575,2.76381,2.57236,-1.32364,2,2.85575,-1.0193,2.13618,-1.17652,-0.961626,-0.0481124,-0.828591,-1.07671,0.267275,-1.23495,-1.12909,0,-1.17253,-1.28183,0.15654
16.21,2.45534,-1.11753,2.6234,2.621,-0.98929,2.7664,2.5596,-1.33505,2,2.84396,-1.03198,2.13769,-1.19301,-0.93217,-0.0466862,-0.848228,-1.0663,0.25125,-1.25181,-1.09415,0,-1.18395,-1.2545,0.144973
16.22,2.44356,-1.12653,2.62295,2.61241,-0.999899,2.76884,2.54724,-1.34561,2,2.83207,-1.04439,2.13908,-1.20869,-0.903769,-0.0452805,-0.870809,-1.05536,0.235164,-1.26783,-1.06051,0,-1.19508,-1.22702,0.134187
16.23,2.43127,-1.13551,2.6225,2.60358,-1.0104,2.77111,2.53435,-1.35615,2,2.82006,-1.05652,2.14037,-1.22477,-0.874237,-0.043789,-0.896194,-1.04377,0.218924,-1.28426,-1.02557,0,-1.20594,-1.19956,0.124002
16.24,2.41918,-1.14395,2.62208,2.59448,-1.02077,2.77321,2.52167,-1.36605,2,2.80795,-1.06838,2.14156,-1.24032,-0.845296,-0.0422997,-0.924174,-1.03131,0.202455,-1.30013,-0.991378,0,-1.21653,-1.17209,0.114262
16.25,2.40663,-1.15229,2.62166,2.58509,-1.03102,2.77516,2.50852,-1.37584,2,2.79573,-1.07996,2.14266,-1.25617,-0.815396,-0.040734,-0.954564,-1.01772,0.185733,-1.31632,-0.956091,0,-1.22686,-1.14458,0.104865
16.26,2.39364,-1.16051,2.62125,2.57538,-1.04112,2.77693,2.49491,-1.38547,2,2.78342,-1.09127,2.14366,-1.27229,-0.784594,-0.0390942,-0.987068,-1.00286,0.168773,-1.33276,-0.919782,0,-1.23688,-1.11707,0.0957521
16.27,2.38124,-1.16797,2.62088,2.56534,-1.05107,2.77853,2.48193,-1.39421,2,2.771,-1.10231,2.14458,-1.28741,-0.755326,-0.0375123,-1.02144,-0.986471,0.151599,-1.34819,-0.88532,0,-1.24659,-1.08947,0.0868842
16.28,2.36787,-1.17561,2.6205,2.55495,-1.06085,2.77996,2.46793,-1.40316,2,2.75848,-1.11306,2.1454,-1.30345,-0.723898,-0.0357896,-1.05741,-0.968496,0.134057,-1.36454,-0.848354,0,-1.25602,-1.06187,0.0780367
16.29,2.35507,-1.18253,2.62016,2.54419,-1.07043,2.78121,2.45453,-1.41127,2,2.74588,-1.12354,2.14614,-1.31853,-0.693967,-0.0341273,-1.09473,-0.948803,0.116243,-1.37992,-0.813183,0,-1.26521,-1.03423,0.069242
16.2999,2.34197,-1.18923,2.61983,2.53305,-1.07982,2.78228,2.44082,-1.41913,2,2.73318,-1.13375,2.14679,-1.33371,-0.663484,-0.0324139,-1.13315,-0.927422,0.0982057,-1.39539,-0.777399,0,-1.27423,-1.00668,0.0605022
16.3101,2.32809,-1.19593,2.61951,2.52152,-1.08898,2.78317,2.42631,-1.42698,2,2.72039,-1.14368,2.14735,-1.34952,-0.631352,-0.0305871,-1.17245,-0.904259,0.0799768,-1.4115,-0.739714,0,-1.28313,-0.97917,0.0518038
16.32,2.31489,-1.20193,2.61922,2.5096,-1.0979,2.78388,2.4125,-1.434,2,2.70752,-1.15333,2.14782,-1.36431,-0.600935,-0.0288396,-1.2124,-0.879434,0.0616991,-1.42657,-0.704072,0,-1.29192,-0.951851,0.0432643
16.33,2.30123,-1.20775,2.61894,2.49727,-1.10656,2.78441,2.39822,-1.44083,2,2.69456,-1.16271,2.14821,-1.37935,-0.569643,-0.0270243,-1.25265,-0.852881,0.0432224,-1.4419,-0.667434,0,-1.30064,-0.924681,0.0346793
16.34,2.28733,-1.2133,2.61868,2.48454,-1.11495,2.78475,2.38369,-1.44733,2,2.68151,-1.17182,2.14852,-1.39441,-0.537976,-0.0251707,-1.29298,-0.824522,0.0247589,-1.45724,-0.630386,0,-1.3093,-0.897565,0.0262379
16.35,2.27332,-1.21852,2.61844,2.47141,-1.12304,2.7849,2.36905,-1.45345,2,2.66837,-1.18067,2.14874,-1.40933,-0.506236,-0.0232972,-1.33349,-0.794456,0.00654379,-1.47243,-0.59328,0,-1.31817,-0.870583,0.0181813
16.36,2.25893,-1.2235,2.61821,2.45787,-1.13083,2.78488,2.35401,-1.45928,2,2.65514,-1.18924,2.14888,-1.42441,-0.473815,-0.0213686,-1.3739,-0.762562,-0.0112634,-1.48779,-0.555404,0,-1.32719,-0.843567,0.0106618
16.37,2.24469,-1.22805,2.61801,2.44393,-1.13829,2.78468,2.33914,-1.46462,2,2.64182,-1.19754,2.14895,-1.43907,-0.441931,-0.0194583,-1.41416,-0.728888,-0.0285176,-1.50273,-0.51818,0,-1.33652,-0.81652,0.00381674
16.3801,2.23006,-1.23236,2.61782,2.42959,-1.1454,2.78431,2.32387,-1.46967,2,2.62841,-1.20557,2.14896,-1.45389,-0.409376,-0.017495,-1.45412,-0.693609,-0.0453044,-1.51782,-0.480194,0,-1.34627,-0.789547,-0.00247171
16.39,2.21578,-1.2362,2.61766,2.41485,-1.15216,2.78378,2.30897,-1.47418,2,2.6149,-1.21333,2.14891,-1.46811,-0.377803,-0.0155797,-1.49358,-0.656752,-0.0614214,-1.5323,-0.443374,0,-1.35646,-0.762589,-0.00801955
16.4,2.20101,-1.23982,2.61751,2.39972,-1.15853,2.78308,2.29355,-1.47843,2,2.60128,-1.22082,2.1488,-1.48259,-0.345344,-0.0135999,-1.53236,-0.618457,-0.0768474,-1.54705,-0.40554,0,-1.36714,-0.735692,-0.0128325
16.41,2.18588,-1.24316,2.61738,2.38421,-1.16452,2.78224,2.27777,-1.48235,2,2.58755,-1.22804,2.14865,-1.49717,-0.312308,-0.0115749,-1.57022,-0.578607,-0.0915193,-1.5619,-0.36705,0,-1.37826,-0.708641,-0.0168733
16.4199,2.17114,-1.24607,2.61728,2.36832,-1.1701,2.78126,2.26239,-1.48577,2,2.57371,-1.23499,2.14847,-1.51115,-0.280342,-0.00960691,-1.60709,-0.537373,-0.105466,-1.57614,-0.329823,0,-1.38994,-0.681488,-0.0202052
16.43,2.15547,-1.24879,2.61719,2.35207,-1.17526,2.78014,2.24605,-1.48897,2,2.55975,-1.24167,2.14825,-1.52576,-0.246589,-0.00752048,-1.64284,-0.494912,-0.11875,-1.59103,-0.290526,0,-1.40227,-0.654239,-0.0229356
16.4399,2.14057,-1.25103,2.61713,2.33547,-1.18,2.77888,2.23051,-1.49161,2,2.54566,-1.24808,2.14801,-1.53943,-0.214716,-0.00554337,-1.67749,-0.451384,-0.131269,-1.60496,-0.253431,0,-1.41539,-0.626919,-0.0249992
16.45,2.12509,-1.25301,2.61708,2.31853,-1.18429,2.77751,2.21438,-1.49396,2,2.53144,-1.25421,2.14775,-1.5534,-0.181844,-0.00349818,-1.71076,-0.406939,-0.143002,-1.61919,-0.215183,0,-1.42919,-0.59952,-0.026425
16.46,2.10917,-1.2547,2.61706,2.30126,-1.18813,2.77603,2.19778,-1.49596,2,2.51708,-1.26007,2.14748,-1.56753,-0.148276,-0.00140416,-1.7426,-0.361598,-0.153877,-1.6336,-0.176132,0,-1.44375,-0.571916,-0.0271904
16.47,2.09369,-1.256,2.61706,2.28368,-1.19152,2.77444,2.18165,-1.4975,2,2.50256,-1.26565,2.14721,-1.58105,-0.115877,0.000621332,-1.77301,-0.315536,-0.163892,-1.64738,-0.138448,0,-1.45914,-0.54414,-0.0273446
16.4801,2.07754,-1.257,2.61707,2.2658,-1.19444,2.77275,2.16483,-1.49871,2,2.48789,-1.27095,2.14694,-1.59492,-0.0823497,0.00272107,-1.80186,-0.268899,-0.17315,-1.66152,-0.0994554,0,-1.47537,-0.516159,-0.0270555
16.49,2.0619,-1.25765,2.61711,2.24765,-1.19689,2.77098,2.14853,-1.4995,2,2.47305,-1.27597,2.14667,-1.60813,-0.0501166,0.00474243,-1.82911,-0.221775,-0.181549,-1.675,-0.0619701,0,-1.49242,-0.487889,-0.0262819
16.4999,2.04572,-1.25799,2.61717,2.22923,-1.19887,2.76912,2.13169,-1.49993,2,2.45804,-1.2807,2.14642,-1.62157,-0.0170457,0.00681821,-1.85465,-0.174215,-0.189088,-1.68872,-0.0235109,0,-1.51026,-0.45922,-0.0250901
16.5103,2.02865,-1.25798,2.61725,2.21056,-1.20038,2.7672,2.1139,-1.49996,2,2.44285,-1.28515,2.14617,-1.63553,0.0175771,0.0089925,-1.87845,-0.126461,-0.195734,-1.70297,0.0167547,0,-1.52888,-0.430232,-0.0235143
16.52,2.01304,-1.25767,2.61734,2.19166,-1.2014,2.76521,2.09765,-1.49963,2,2.42746,-1.28931,2.14595,-1.64807,0.0489591,0.0109634,-1.90054,-0.078585,-0.201482,-1.71578,0.0532546,0,-1.54831,-0.400841,-0.0216186
16.53,1.99585,-1.25698,2.61747,2.17255,-1.20195,2.76317,2.07976,-1.49887,2,2.41188,-1.29317,2.14574,-1.66167,0.0832355,0.0131154,-1.92089,-0.0308261,-0.206382,-1.72967,0.0931264,0,-1.56851,-0.371121,-0.0195206
16.54,1.97985,-1.25603,2.6176,2.15325,-1.20202,2.76109,2.06311,-1.4978,2,2.39609,-1.29673,2.14556,-1.67411,0.114857,0.0150992,-1.93964,0.0167551,-0.210398,-1.74238,0.129917,0,-1.58958,-0.340975,-0.0172518
16.55,1.96299,-1.25471,2.61777,2.13377,-1.20162,2.75897,2.04556,-1.4963,2,2.38008,-1.29999,2.1454,-1.687,0.147891,0.0171692,-1.95671,0.0639897,-0.213534,-1.75557,0.168359,0,-1.6114,-0.310433,-0.014883
16.56,1.9457,-1.25303,2.61795,2.11412,-1.20074,2.75682,2.02757,-1.49439,2,2.36386,-1.30294,2.14526,-1.70001,0.181471,0.01927,-1.97212,0.110785,-0.215792,-1.76888,0.207449,0,-1.63393,-0.279447,-0.0124801
16.57,1.92887,-1.25108,2.61815,2.09433,-1.1994,2.75465,2.01005,-1.49215,2,2.3474,-1.30557,2.14515,-1.71247,0.213863,0.0212923,-1.98588,0.157168,-0.21719,-1.78163,0.245168,0,-1.65709,-0.247867,-0.0101204
16.58,1.91098,-1.24868,2.61839,2.07441,-1.1976,2.75248,1.99144,-1.4894,2,2.33071,-1.30789,2.14506,-1.72548,0.247954,0.0234152,-1.99807,0.203041,-0.217833,-1.79495,0.284882,0,-1.68086,-0.215678,-0.00795883
16.59,1.89447,-1.24617,2.61862,2.05437,-1.19534,2.7503,1.97427,-1.48651,2,2.31378,-1.30988,2.14499,-1.73728,0.279124,0.0253505,-2.00878,0.248121,-0.217674,-1.80706,0.321208,0,-1.70523,-0.183047,-0.00599591
16.6,1.87712,-1.24323,2.61888,2.03424,-1.19264,2.74813,1.95623,-1.48312,2,2.29661,-1.31155,2.14493,-1.74949,0.311559,0.0273575,-2.01808,0.292352,-0.216729,-1.81957,0.359027,0,-1.73013,-0.149934,-0.00428818
16.61,1.85925,-1.23989,2.61917,2.01402,-1.1895,2.74597,1.93764,-1.47927,2,2.27918,-1.31288,2.1449,-1.76185,0.344651,0.029397,-2.02619,0.335582,-0.215087,-1.83226,0.397633,0,-1.75566,-0.116394,-0.00296464
16.62,1.84183,-1.23633,2.61947,1.99372,-1.18593,2.74383,1.91953,-1.47517,2,2.26149,-1.31388,2.14487,-1.77369,0.376567,0.0313553,-2.03291,0.377959,-0.212725,-1.84441,0.434888,0,-1.7815,-0.082214,-0.00202639
16.63,1.82347,-1.23228,2.6198,1.97336,-1.18194,2.74172,1.90043,-1.47048,2,2.24355,-1.31452,2.14486,-1.78597,0.409878,0.0333888,-2.0384,0.419387,-0.209666,-1.85703,0.473796,0,-1.80764,-0.0474376,-0.00151038
16.64,1.80606,-1.22814,2.62014,1.95295,-1.17755,2.73964,1.88233,-1.4657,2,2.22534,-1.31482,2.14484,-1.79741,0.441121,0.0352855,-2.04286,0.459663,-0.205944,-1.86879,0.510315,0,-1.83415,-0.0122106,-0.00145966
16.65,1.78813,-1.2236,2.6205,1.93251,-1.17275,2.7376,1.86369,-1.46044,2,2.20686,-1.31477,2.14483,-1.80899,0.47295,0.037206,-2.04627,0.498832,-0.20155,-1.88071,0.547545,0,-1.86085,0.0235549,-0.00186811
16.66,1.76973,-1.21864,2.62088,1.91203,-1.16757,2.73561,1.84456,-1.4547,2,2.18812,-1.31435,2.1448,-1.82067,0.505272,0.0391431,-2.04873,0.536879,-0.196519,-1.89274,0.585382,0,-1.88769,0.0598733,-0.00276311
16.6699,1.75172,-1.2135,2.62128,1.89154,-1.16202,2.73367,1.82584,-1.44874,2,2.16911,-1.31357,2.14477,-1.83191,0.53655,0.0410036,-2.05035,0.573783,-0.190945,-1.90432,0.622027,0,-1.91464,0.0967374,-0.00421971
16.68,1.73328,-1.20796,2.6217,1.87103,-1.1561,2.73179,1.80667,-1.44231,2,2.14983,-1.31241,2.14472,-1.84322,0.568226,0.0428727,-2.05134,0.609522,-0.184891,-1.91599,0.659171,0,-1.94175,0.134132,-0.00627238
16.69,1.71483,-1.20213,2.62214,1.85051,-1.14983,2.72997,1.78749,-1.43555,2,2.13027,-1.31088,2.14464,-1.85433,0.599546,0.0447045,-2.0516,0.644142,-0.17833,-1.92746,0.695932,0,-1.96877,0.172104,-0.0088616
16.7,1.69578,-1.19583,2.6226,1.83,-1.14322,2.72823,1.76769,-1.42823,2,2.11045,-1.30897,2.14454,-1.86561,0.631507,0.0465555,-2.05125,0.677608,-0.171274,-1.93912,0.733482,0,-1.99567,0.210608,-0.0119568
16.71,1.67726,-1.18942,2.62307,1.80949,-1.13629,2.72655,1.74844,-1.42079,2,2.09036,-1.30667,2.1444,-1.87638,0.662198,0.0483144,-2.0505,0.709858,-0.16387,-1.95026,0.769579,0,-2.02252,0.249558,-0.0156509
16.72,1.65838,-1.18263,2.62357,1.78899,-1.12903,2.72495,1.72882,-1.41289,2,2.07,-1.30398,2.14422,-1.88716,0.693103,0.0500656,-2.04935,0.74105,-0.156105,-1.96142,0.805967,0,-2.04919,0.289083,-0.0198718
16.73,1.6396,-1.17559,2.62407,1.7685,-1.12147,2.72343,1.70929,-1.40471,2,2.04938,-1.30089,2.144,-1.89769,0.723474,0.0517655,-2.04797,0.771046,-0.148031,-1.97234,0.841766,0,-2.07572,0.329018,-0.0246093
16.74,1.62042,-1.16815,2.6246,1.74803,-1.11361,2.72199,1.68937,-1.39605,2,2.02849,-1.29739,2.14373,-1.90826,0.754084,0.0534561,-2.04634,0.799932,-0.13964,-1.9833,0.87789,0,-2.10196,0.369407,-0.0297877
16.75,1.60135,-1.16048,2.62514,1.72758,-1.10547,2.72064,1.66954,-1.38712,2,2.00734,-1.2935,2.1434,-1.91857,0.784137,0.0550921,-2.04443,0.827755,-0.130987,-1.99401,0.913401,0,-2.12777,0.410244,-0.035383
16.7601,1.58183,-1.15237,2.62571,1.70714,-1.09706,2.71937,1.64926,-1.37767,2,1.98593,-1.28919,2.14302,-1.92893,0.814483,0.0567184,-2.04243,0.854542,-0.122152,-2.00479,0.949305,0,-2.15323,0.451501,-0.0413954
16.77,1.56299,-1.1443,2.62627,1.68673,-1.08839,2.7182,1.62968,-1.36826,2,1.96428,-1.28447,2.14258,-1.93875,0.843382,0.0582412,-2.04049,0.880214,-0.113209,-2.01501,0.983541,0,-2.17839,0.493042,-0.0478119
16.78,1.54364,-1.13576,2.62686,1.66633,-1.07946,2.71711,1.60957,-1.35829,2,1.94237,-1.27933,2.14206,-1.94866,0.872671,0.0597572,-2.03877,0.90477,-0.104167,-2.02533,1.01829,0,-2.2033,0.534808,-0.0545598
16.79,1.524,-1.12684,2.62747,1.64595,-1.07029,2.71611,1.58915,-1.34788,2,1.92021,-1.27377,2.14148,-1.95852,0.901988,0.0612448,-2.03734,0.928359,-0.0951613,-2.03562,1.05312,0,-2.22796,0.576886,-0.0616843
16.8,1.50413,-1.11756,2.62809,1.62558,-1.0609,2.7152,1.5685,-1.33704,2,1.89781,-1.26779,2.14083,-1.96831,0.931222,0.0626965,-2.03622,0.950959,-0.0861794,-2.04584,1.0879,0,-2.2523,0.61917,-0.0690823
16.81,1.4845,-1.10815,2.62872,1.60523,-1.05128,2.71439,1.5481,-1.32605,2,1.87517,-1.26138,2.1401,-1.97779,0.959675,0.0640769,-2.03526,0.972697,-0.0772145,-2.05576,1.12181,0,-2.27612,0.661705,-0.0766532
16.82,1.46489,-1.09852,2.62936,1.58488,-1.04145,2.71366,1.52771,-1.31479,2,1.85229,-1.25455,2.1393,-1.98709,0.987702,0.065403,-2.03457,0.993689,-0.0683482,-2.0655,1.15525,0,-2.29947,0.70453,-0.0843886
16.83,1.44487,-1.08845,2.63003,1.56453,-1.03141,2.71302,1.5069,-1.30301,2,1.82918,-1.24729,2.13841,-1.9964,1.01588,0.0667002,-2.03412,1.0141,-0.0596105,-2.07526,1.18894,0,-2.32224,0.747741,-0.09223
16.84,1.42498,-1.07822,2.6307,1.54419,-1.02117,2.71247,1.48623,-1.29103,2,1.80585,-1.2396,2.13745,-2.00547,1.04343,0.0679314,-2.03405,1.03394,-0.0510866,-2.08478,1.22193,0,-2.34452,0.791259,-0.100177
16.85,1.40476,-1.06758,2.63139,1.52385,-1.01073,2.712,1.4652,-1.27856,2,1.78229,-1.23147,2.13641,-2.0145,1.07102,0.0691249,-2.03446,1.0531,-0.0428353,-2.09429,1.25503,0,-2.36641,0.834917,-0.108206
16.86,1.38418,-1.05652,2.6321,1.5035,-1.0001,2.71161,1.44381,-1.26561,2,1.75852,-1.2229,2.13529,-2.02351,1.09864,0.0702772,-2.03531,1.07167,-0.0348395,-2.10377,1.28821,0,-2.3878,0.878709,-0.116219
16.87,1.36443,-1.0457,2.63279,1.48314,-0.989298,2.7113,1.42328,-1.25291,2,1.73454,-1.21389,2.13408,-2.03199,1.12472,0.0713237,-2.0366,1.08965,-0.0271423,-2.11271,1.31961,0,-2.40868,0.922565,-0.12418
16.88,1.34397,-1.03426,2.63351,1.46277,-0.978313,2.71107,1.40201,-1.23949,2,1.71035,-1.20445,2.1328,-2.04059,1.15131,0.0723459,-2.03827,1.10717,-0.0197156,-2.12179,1.35167,0,-2.42896,0.966532,-0.131986
16.89,1.32356,-1.02264,2.63424,1.44238,-0.967156,2.7109,1.38078,-1.22584,2,1.68596,-1.19456,2.13145,-2.049,1.17737,0.0733017,-2.0403,1.1242,-0.0125898,-2.13068,1.38317,0,-2.44859,1.0105,-0.139596
16.8999,1.30299,-1.01071,2.63498,1.42196,-0.955831,2.71081,1.35939,-1.21182,2,1.66138,-1.18424,2.13001,-2.05729,1.2032,0.0742003,-2.0428,1.14084,-0.00583648,-2.13947,1.41444,0,-2.46768,1.05447,-0.147016
16.91,1.28215,-0.998421,2.63573,1.40152,-0.94434,2.71079,1.33772,-1.19737,2,1.63661,-1.17347,2.12851,-2.06552,1.22889,0.0750426,-2.04565,1.15721,0.000540305,-2.14819,1.4456,0,-2.48609,1.09852,-0.154189
16.92,1.26174,-0.986174,2.63647,1.38105,-0.932688,2.71082,1.31649,-1.18296,2,1.61166,-1.16227,2.12693,-2.07341,1.25363,0.0758017,-2.04881,1.17327,0.00658845,-2.15657,1.47566,0,-2.50378,1.1425,-0.16101
16.93,1.24088,-0.97346,2.63724,1.36054,-0.920876,2.71092,1.29479,-1.16798,2,1.58653,-1.15062,2.12529,-2.08129,1.27844,0.0765088,-2.05229,1.18905,0.0122475,-2.16496,1.50588,0,-2.52076,1.18639,-0.167489
16.94,1.22019,-0.960656,2.638,1.34,-0.908908,2.71107,1.27327,-1.1529,2,1.56124,-1.13854,2.12358,-2.08894,1.30259,0.077141,-2.0562,1.20459,0.0174758,-2.17311,1.53536,0,-2.53711,1.23015,-0.173624
16.95,1.19895,-0.947312,2.63879,1.31942,-0.896785,2.71127,1.25117,-1.13716,2,1.53579,-1.12602,2.12182,-2.09662,1.32691,0.0777179,-2.0605,1.21991,0.022233,-2.18131,1.56511,0,-2.55282,1.27372,-0.179415
16.96,1.17791,-0.933903,2.63957,1.29879,-0.88451,2.71151,1.22928,-1.12134,2,1.51019,-1.11307,2.11999,-2.10406,1.35053,0.0782166,-2.06518,1.235,0.0265264,-2.18926,1.59406,0,-2.56785,1.31702,-0.184821
16.97,1.15693,-0.920346,2.64035,1.27811,-0.872085,2.71179,1.20745,-1.10534,2,1.48444,-1.09968,2.11812,-2.11131,1.37362,0.0786414,-2.07018,1.24999,0.0303942,-2.19702,1.62243,0,-2.58219,1.36013,-0.189774
16.98,1.13582,-0.906518,2.64113,1.25738,-0.85951,2.71212,1.18548,-1.089,2,1.45855,-1.08586,2.1162,-2.11843,1.39639,0.0789953,-2.0754,1.26495,0.0338317,-2.20467,1.65047,0,-2.59571,1.40302,-0.194256
16.99,1.11461,-0.892447,2.64193,1.2366,-0.846787,2.71247,1.1634,-1.07236,2,1.43253,-1.07162,2.11424,-2.12542,1.4188,0.0792761,-2.08099,1.2798,0.036807,-2.21218,1.67813,0,-2.60857,1.44557,-0.198283
17,1.09346,-0.878247,2.64271,1.21576,-0.833915,2.71285,1.1414,-1.05556,2,1.40638,-1.05695,2.11224,-2.13223,1.44067,0.0794808,-2.08681,1.29462,0.0393242,-2.21951,1.70518,0,-2.62067,1.48779,-0.201841
17.0101,1.0715,-0.863315,2.64353,1.19487,-0.820894,2.71325,1.11853,-1.03788,2,1.38012,-1.04187,2.1102,-2.13913,1.4629,0.0796138,-2.09297,1.30942,0.0413801,-2.22695,1.73274,0,-2.63212,1.52962,-0.204926
17.0201,1.05022,-0.848679,2.64432,1.1739,-0.807726,2.71368,1.09638,-1.02054,2,1.35374,-1.02636,2.10814,-2.14564,1.48396,0.0796649,-2.09939,1.32424,0.0429724,-2.23399,1.75891,0,-2.64284,1.57106,-0.207543
17.03,1.02864,-0.833676,2.64512,1.15288,-0.79441,2.71411,1.07391,-1.00275,2,1.32726,-1.01045,2.10605,-2.15209,1.50483,0.0796382,-2.106,1.33908,0.0441589,-2.24096,1.78491,0,-2.6528,1.61203,-0.209634
17.04,1.00755,-0.818846,2.6459,1.13178,-0.780944,2.71456,1.05194,-0.985151,2,1.30069,-0.994124,2.10395,-2.15823,1.52478,0.0795355,-2.11283,1.35396,0.0449472,-2.24762,1.80982,0,-2.66203,1.65251,-0.211202
17.0501,0.985455,-0.803156,2.64671,1.11062,-0.76733,2.71501,1.02893,-0.966522,2,1.27402,-0.977399,2.10183,-2.1645,1.54518,0.0793467,-2.11992,1.36888,0.0453067,-2.25442,1.83536,0,-2.67059,1.69245,-0.212293
17.0601,0.963915,-0.787704,2.6475,1.08938,-0.753567,2.71546,1.0065,-0.948161,2,1.24728,-0.960277,2.0997,-2.17045,1.56459,0.0790824,-2.12724,1.38373,0.0452573,-2.2609,1.85971,0,-2.67849,1.7317,-0.212908
17.0701,0.941926,-0.771776,2.6483,1.06808,-0.739655,2.71591,0.98359,-0.929223,2,1.22046,-0.942766,2.09757,-2.17636,1.58392,0.0787309,-2.1346,1.39866,0.044843,-2.26734,1.88403,0,-2.68556,1.77035,-0.213023
17.08,0.920646,-0.75622,2.64907,1.04669,-0.725594,2.71636,0.96142,-0.910712,2,1.19357,-0.924873,2.09545,-2.18192,1.60216,0.0783122,-2.14207,1.41361,0.0440845,-2.27342,1.90703,0,-2.69187,1.80829,-0.212642
17.0901,0.898557,-0.739928,2.64986,1.02523,-0.711383,2.71679,0.938403,-0.891313,2,1.16662,-0.906603,2.09332,-2.18754,1.62061,0.0777961,-2.14952,1.42854,0.042997,-2.27956,1.93035,0,-2.69734,1.84546,-0.211779
17.1,0.877015,-0.723901,2.65062,1.0037,-0.697023,2.71722,0.915953,-0.872217,2,1.13962,-0.887966,2.09121,-2.19287,1.63813,0.077213,-2.15697,1.44352,0.0415955,-2.2854,1.95255,0,-2.702,1.88188,-0.210455
17.11,0.854747,-0.707197,2.6514,0.982094,-0.682513,2.71763,0.892744,-0.852299,2,1.11258,-0.868968,2.08911,-2.19821,1.65576,0.0765277,-2.1645,1.45849,0.0398363,-2.29127,1.97494,0,-2.70597,1.91748,-0.208748
17.12,0.832809,-0.690607,2.65216,0.960411,-0.667853,2.71801,0.869876,-0.832505,2,1.08551,-0.849619,2.08704,-2.20333,1.67264,0.0757709,-2.17203,1.47351,0.0377564,-2.29689,1.99644,0,-2.70919,1.95228,-0.206658
17.13,0.810895,-0.673909,2.65291,0.938654,-0.653042,2.71838,0.84703,-0.812567,2,1.0584,-0.829925,2.08498,-2.20828,1.68902,0.0749345,-2.17949,1.48862,0.0353829,-2.30235,2.01735,0,-2.7116,1.98629,-0.204198
17.14,0.788763,-0.656919,2.65365,0.916822,-0.63808,2.71872,0.823954,-0.792268,2,1.03128,-0.809896,2.08295,-2.21313,1.70509,0.0740088,-2.18685,1.50378,0.0327501,-2.30771,2.03792,0,-2.71321,2.01947,-0.201374
17.15,0.76656,-0.639752,2.65439,0.894917,-0.622966,2.71903,0.800801,-0.771743,2,1.00414,-0.789539,2.08096,-2.21784,1.72073,0.0729989,-2.19418,1.51896,0.0298699,-2.31292,2.05798,0,-2.71412,2.05175,-0.198218
17.16,0.744119,-0.622281,2.65512,0.872939,-0.607701,2.71932,0.777395,-0.750841,2,0.976999,-0.768864,2.07899,-2.22245,1.73605,0.0718962,-2.20141,1.53413,0.0267631,-2.31802,2.07768,0,-2.71427,2.08311,-0.194754
17.17,0.721895,-0.604865,2.65583,0.850889,-0.592284,2.71957,0.754214,-0.729991,2,0.949859,-0.74788,2.07706,-2.22686,1.75074,0.0707241,-2.20847,1.54929,0.0234836,-2.32292,2.09662,0,-2.71364,2.11353,-0.190973
17.18,0.699959,-0.587566,2.65652,0.82877,-0.576715,2.71979,0.731331,-0.709267,2,0.922728,-0.726597,2.07517,-2.23107,1.76477,0.0694898,-2.21542,1.56437,0.0200284,-2.3276,2.11475,0,-2.71229,2.14293,-0.186919
17.1901,0.677104,-0.569432,2.65723,0.806581,-0.560997,2.71997,0.707486,-0.687531,2,0.895615,-0.705025,2.07332,-2.2353,1.77889,0.0681231,-2.22223,1.5794,0.0163832,-2.33231,2.13305,0,-2.71024,2.17134,-0.182654
17.2,0.654984,-0.551779,2.65789,0.784325,-0.545128,2.72011,0.684404,-0.666356,2,0.868526,-0.683174,2.07152,-2.23925,1.79209,0.0667232,-2.22897,1.59424,0.0125999,-2.33671,2.15018,0,-2.70757,2.19863,-0.17817
17.2102,0.632155,-0.533458,2.65857,0.762002,-0.529113,2.72022,0.66058,-0.644367,2,0.841466,-0.661056,2.06976,-2.24317,1.80522,0.0652002,-2.23556,1.60886,0.00871063,-2.34109,2.16727,0,-2.70423,2.22476,-0.173478
17.22,0.610278,-0.515806,2.65919,0.739614,-0.512951,2.72029,0.637746,-0.623169,2,0.814443,-0.638682,2.06805,-2.24679,1.81734,0.0636673,-2.24201,1.62332,0.00471407,-2.34514,2.18308,0,-2.70027,2.24979,-0.168623
17.23,0.587732,-0.497524,2.65982,0.717163,-0.496647,2.72031,0.614212,-0.601201,2,0.787463,-0.616064,2.06639,-2.25037,1.82936,0.0620141,-2.24825,1.63758,0.00060455,-2.34916,2.1988,0,-2.69561,2.27367,-0.163651
17.24,0.564813,-0.478847,2.66045,0.69465,-0.4802,2.7203,0.590285,-0.578746,2,0.760533,-0.593212,2.06478,-2.25386,1.84109,0.0602587,-2.25431,1.65167,-0.00358235,-2.35308,2.21417,0,-2.69034,2.29647,-0.158569
17.25,0.542938,-0.460939,2.66102,0.672077,-0.463614,2.72024,0.567446,-0.557203,2,0.733658,-0.570138,2.06322,-2.25706,1.85183,0.0585145,-2.26024,1.66556,-0.00781466,-2.35668,2.22827,0,-2.68452,2.31814,-0.153385
17.26,0.519625,-0.441769,2.66162,0.649446,-0.44689,2.72014,0.543104,-0.53413,2,0.706845,-0.546853,2.06171,-2.26032,1.86278,0.0565838,-2.26596,1.67924,-0.0121149,-2.36034,2.24269,0,-2.67809,2.33869,-0.14816
17.27,0.497606,-0.423585,2.66216,0.626758,-0.43003,2.72,0.520108,-0.512232,2,0.680098,-0.523368,2.06026,-2.26325,1.87267,0.0546939,-2.27164,1.69264,-0.0164683,-2.36366,2.25573,0,-2.67127,2.35807,-0.14292
17.28,0.474771,-0.404654,2.6627,0.604014,-0.413038,2.71981,0.496259,-0.489423,2,0.653421,-0.499696,2.05885,-2.26615,1.88246,0.0526682,-2.27719,1.70575,-0.0208527,-2.36694,2.26865,0,-2.66396,2.37627,-0.137675
17.2901,0.451881,-0.385604,2.66322,0.581215,-0.395916,2.71958,0.47235,-0.466459,2,0.62682,-0.475847,2.0575,-2.26892,1.89179,0.0505724,-2.28254,1.71855,-0.0252314,-2.37006,2.28101,0,-2.65615,2.3933,-0.132426
17.3,0.429367,-0.366799,2.66371,0.558364,-0.378668,2.71931,0.448832,-0.44378,2,0.6003,-0.451833,2.0562,-2.2715,1.9005,0.0484498,-2.28768,1.73106,-0.029581,-2.37299,2.29256,0,-2.64783,2.40919,-0.127181
17.31,0.406582,-0.347703,2.66419,0.535462,-0.361296,2.71899,0.425027,-0.42074,2,0.573865,-0.427667,2.05496,-2.27397,1.90885,0.0462421,-2.29267,1.74331,-0.0339401,-2.37579,2.30365,0,-2.63911,2.42398,-0.122009
17.32,0.384251,-0.328929,2.66463,0.512511,-0.343803,2.71863,0.401695,-0.398078,2,0.547519,-0.403358,2.05376,-2.27626,1.91658,0.0440228,-2.29749,1.75526,-0.038271,-2.37839,2.31394,0,-2.62998,2.43764,-0.116902
17.3301,0.360064,-0.308533,2.66508,0.489513,-0.326192,2.71823,0.376422,-0.373447,2,0.521267,-0.378918,2.05262,-2.27858,1.92444,0.0415599,-2.30214,1.76687,-0.0425743,-2.38103,2.32443,0,-2.62046,2.45018,-0.111889
17.34,0.337719,-0.289635,2.66548,0.466469,-0.308466,2.71778,0.353072,-0.350618,2,0.495111,-0.354358,2.05153,-2.28059,1.93125,0.0392325,-2.30651,1.77818,-0.0468495,-2.38332,2.33351,0,-2.61047,2.46164,-0.106994
17.35,0.31576,-0.271017,2.66585,0.443383,-0.290629,2.71729,0.330122,-0.328118,2,0.469059,-0.329688,2.05048,-2.28244,1.9375,0.0368994,-2.31059,1.7892,-0.0510734,-2.38542,2.34188,0,-2.60003,2.47204,-0.102217
17.36,0.292442,-0.251199,2.66621,0.420258,-0.272683,2.71676,0.305751,-0.304159,2,0.443112,-0.30492,2.04948,-2.28426,1.94367,0.0343748,-2.31445,1.79991,-0.0552655,-2.3875,2.35014,0,-2.58923,2.4814,-0.0976004
17.37,0.270081,-0.232152,2.66654,0.397095,-0.254632,2.71618,0.282379,-0.281125,2,0.417275,-0.280064,2.04853,-2.28587,1.94914,0.0319113,-2.31809,1.81028,-0.0593816,-2.38934,2.35747,0,-2.57809,2.48973,-0.0931209
17.38,0.246836,-0.212311,2.66685,0.373897,-0.236479,2.71557,0.258081,-0.257124,2,0.391551,-0.255129,2.04762,-2.28741,1.95435,0.0293094,-2.32155,1.8203,-0.0634302,-2.3911,2.36448,0,-2.56668,2.49702,-0.0888043
17.3899,0.224439,-0.193158,2.66712,0.350665,-0.218228,2.71492,0.234668,-0.233949,2,0.365942,-0.230127,2.04675,-2.28876,1.95893,0.026766,-2.32483,1.8299,-0.0674128,-2.39265,2.37063,0,-2.55503,2.50325,-0.0846678
17.4,0.201512,-0.173519,2.66738,0.327401,-0.199882,2.71422,0.2107,-0.21018,2,0.340451,-0.205068,2.04592,-2.29001,1.96316,0.0241285,-2.32794,1.83904,-0.0713247,-2.39407,2.37632,0,-2.54316,2.5084,-0.0807208
17.41,0.178259,-0.15357,2.66761,0.304107,-0.181448,2.71349,0.186389,-0.186029,2,0.31508,-0.179962,2.04514,-2.29114,1.96698,0.0214218,-2.33088,1.84775,-0.0751565,-2.39536,2.38147,0,-2.5311,2.51252,-0.0769656
17.42,0.155776,-0.134256,2.6678,0.280783,-0.162929,2.71272,0.162884,-0.162643,2,0.289829,-0.154821,2.04438,-2.29209,1.97023,0.0187779,-2.33372,1.856,-0.0788967,-2.39646,2.38585,0,-2.51894,2.5156,-0.0734012
17.4302,0.132072,-0.113869,2.66798,0.257433,-0.14433,2.71191,0.138099,-0.137953,2,0.264702,-0.129653,2.04367,-2.29296,1.97318,0.0159651,-2.33631,1.86376,-0.0825297,-2.39746,2.38983,0,-2.50656,2.51765,-0.0700204
17.4401,0.108758,-0.0937971,2.66813,0.234058,-0.125655,2.71107,0.113723,-0.113641,2,0.239699,-0.104471,2.04298,-2.29368,1.97561,0.0131773,-2.33872,1.87105,-0.086051,-2.39827,2.3931,0,-2.49404,2.51869,-0.0668261
17.45,0.086972,-0.0750251,2.66824,0.21066,-0.10691,2.71019,0.0909428,-0.090901,2,0.214822,-0.0792828,2.04233,-2.29422,1.97745,0.0105561,-2.34087,1.8779,-0.0894378,-2.3989,2.39559,0,-2.48133,2.5188,-0.0638011
17.46,0.0635155,-0.0548011,2.66834,0.187241,-0.0880988,2.70928,0.0664158,-0.0663995,2,0.190073,-0.0540981,2.04171,-2.29467,1.97897,0.00772027,-2.34281,1.88433,-0.0927442,-2.39941,2.39765,0,-2.46848,2.51798,-0.061004
17.47,0.0410618,-0.0354327,2.6684,0.163804,-0.0692252,2.70834,0.042937,-0.0429326,2,0.165453,-0.028926,2.04111,-2.29496,1.97998,0.00499585,-2.34453,1.89031,-0.0959595,-2.39975,2.39902,0,-2.45551,2.51628,-0.0584263
17.48,0.0181212,-0.0156381,2.66844,0.140351,-0.0502945,2.70736,0.0189488,-0.0189485,2,0.140963,-0.00377579,2.04054,-2.29514,1.98057,0.00220598,-2.34601,1.89573,-0.0990517,-2.39995,2.39981,0,-2.44244,2.51359,-0.0560373
17.49,-0.00489566,0.0042249,2.66844,0.116885,-0.0313121,2.70636,-0.00511925,0.00511924,2,0.116604,0.021343,2.03999,-2.29517,1.9807,-0.000596045,-2.34723,1.90069,-0.102011,-2.4,2.39999,0,-2.42925,2.51003,-0.0538268
17.5,-0.0278068,0.0239959,2.66842,0.0934075,-0.0122825,2.70532,-0.0290767,0.0290753,2,0.092378,0.0464219,2.03946,-2.29508,1.98038,-0.00338442,-2.3482,1.90515,-0.104837,-2.39989,2.39955,0,-2.41599,2.5056,-0.0517944
17.51,-0.0509491,0.0439623,2.66838,0.0699214,0.00678934,2.70426,-0.0532758,0.0532674,2,0.0682844,0.0714523,2.03895,-2.29485,1.97959,-0.00619649,-2.34901,1.90914,-0.107542,-2.39962,2.39849,0,-2.40273,2.50035,-0.0499488
17.52,-0.0737598,0.0636351,2.6683,0.046428,0.0258984,2.70317,-0.0771276,0.0771022,2,0.0443232,0.0964258,2.03846,-2.29449,1.97836,-0.00896028,-2.34965,1.91257,-0.110136,-2.39921,2.39683,0,-2.38951,2.4942,-0.0482977
17.53,-0.0966702,0.083383,2.6682,0.0229289,0.0450389,2.70206,-0.101084,0.101026,2,0.0204939,0.121333,2.03798,-2.29399,1.97668,-0.0117246,-2.3501,1.91544,-0.112648,-2.39864,2.39455,0,-2.37633,2.48719,-0.0468642
17.5399,-0.119519,0.103064,2.66807,-0.000573337,0.0642055,2.70092,-0.124974,0.124866,2,-0.00320331,0.146167,2.03752,-2.29336,1.97455,-0.0144665,-2.3503,1.91778,-0.115048,-2.39792,2.39167,0,-2.36312,2.47936,-0.0456153
17.55,-0.142672,0.122988,2.66791,-0.0240764,0.0833926,2.69976,-0.149182,0.148997,2,-0.0267685,0.170918,2.03707,-2.29259,1.97192,-0.0172258,-2.35026,1.91955,-0.117324,-2.39703,2.38813,0,-2.34991,2.47069,-0.0445325
17.56,-0.165999,0.143041,2.66772,-0.0475774,0.102595,2.69857,-0.173572,0.173281,2,-0.0502014,0.195578,2.03663,-2.29167,1.96881,-0.0199832,-2.34992,1.9208,-0.119443,-2.39598,2.38393,0,-2.33669,2.46126,-0.0435768
17.57,-0.188493,0.162354,2.66751,-0.071074,0.121807,2.69737,-0.197089,0.196664,2,-0.0735023,0.220141,2.0362,-2.29066,1.96536,-0.0226168,-2.34937,1.92152,-0.121426,-2.39482,2.37928,0,-2.32352,2.45107,-0.0427619
17.5799,-0.211162,0.181789,2.66727,-0.0945647,0.141023,2.69614,-0.220788,0.22019,2,-0.0966727,0.244597,2.03578,-2.2895,1.96144,-0.0252426,-2.34875,1.92168,-0.123292,-2.39349,2.374,0,-2.31057,2.44012,-0.0421006
17.59,-0.234443,0.201717,2.667,-0.118048,0.160239,2.6949,-0.245126,0.244306,2,-0.119714,0.26894,2.03536,-2.28818,1.95694,-0.0279063,-2.34797,1.92126,-0.125046,-2.39197,2.36795,0,-2.29777,2.42841,-0.041588
17.6,-0.257067,0.221049,2.66671,-0.141524,0.179447,2.69364,-0.268776,0.267695,2,-0.142629,0.293163,2.03494,-2.28675,1.95212,-0.0304596,-2.34703,1.9203,-0.126681,-2.39035,2.36147,0,-2.28514,2.41599,-0.04121
17.61,-0.280069,0.240664,2.66639,-0.164988,0.198643,2.69237,-0.292818,0.29142,2,-0.165417,0.317258,2.03453,-2.28517,1.94675,-0.0330166,-2.34587,1.91875,-0.128193,-2.38854,2.35427,0,-2.27263,2.40283,-0.0409559
17.62,-0.302814,0.26002,2.66605,-0.18844,0.21782,2.69108,-0.316592,0.314824,2,-0.188082,0.341217,2.03412,-2.28347,1.94098,-0.0355035,-2.34453,1.91661,-0.129586,-2.3866,2.34654,0,-2.26029,2.38895,-0.0408185
17.63,-0.326508,0.280135,2.66567,-0.211878,0.236973,2.68978,-0.341355,0.339138,2,-0.210624,0.365035,2.03372,-2.28155,1.93449,-0.0380468,-2.34295,1.91393,-0.130839,-2.38441,2.33785,0,-2.24809,2.37443,-0.0407705
17.64,-0.348368,0.298647,2.66529,-0.235299,0.256096,2.68846,-0.364199,0.361506,2,-0.233045,0.388703,2.03331,-2.27965,1.92806,-0.0403477,-2.34124,1.91064,-0.131985,-2.38225,2.32926,0,-2.23614,2.35919,-0.040835
17.6499,-0.371092,0.31784,2.66488,-0.258702,0.275184,2.68714,-0.387946,0.384688,2,-0.255347,0.412216,2.0329,-2.27754,1.92092,-0.0426903,-2.33936,1.9068,-0.133007,-2.37985,2.31973,0,-2.2244,2.34331,-0.0409874
17.6601,-0.394554,0.337598,2.66443,-0.282086,0.29423,2.6858,-0.41246,0.408543,2,-0.277533,0.435567,2.03249,-2.27522,1.91307,-0.0450534,-2.33728,1.90239,-0.133897,-2.37721,2.30927,0,-2.21288,2.32682,-0.0412108
17.67,-0.416747,0.35623,2.66398,-0.305447,0.31323,2.68446,-0.435647,0.431029,2,-0.299605,0.458751,2.03207,-2.27289,1.90518,-0.0472343,-2.33501,1.89739,-0.1347,-2.37456,2.29878,0,-2.20158,2.30968,-0.0415395
17.68,-0.439496,0.375267,2.66349,-0.328785,0.332176,2.68311,-0.459413,0.453994,2,-0.321566,0.481759,2.03166,-2.27036,1.89664,-0.0494121,-2.33258,1.89179,-0.1354,-2.37169,2.28743,0,-2.19056,2.29191,-0.0419509
17.69,-0.462168,0.394173,2.66299,-0.352098,0.351064,2.68175,-0.483095,0.47679,2,-0.343418,0.504587,2.03124,-2.26769,1.88765,-0.0515222,-2.33001,1.88557,-0.135986,-2.36868,2.27553,0,-2.17985,2.27351,-0.0424265
17.7,-0.484774,0.412956,2.66247,-0.375385,0.369886,2.68039,-0.506707,0.499427,2,-0.365164,0.527227,2.03081,-2.2649,1.87823,-0.0535637,-2.32727,1.87875,-0.136451,-2.36552,2.26307,0,-2.16943,2.25452,-0.0429493
17.71,-0.507546,0.431802,2.66192,-0.398643,0.388637,2.67902,-0.530489,0.522129,2,-0.386807,0.549675,2.03038,-2.26194,1.86826,-0.0555549,-2.32433,1.87139,-0.136803,-2.36218,2.24991,0,-2.15927,2.23499,-0.0435221
17.72,-0.529988,0.4503,2.66136,-0.42187,0.407312,2.67766,-0.553925,0.5444,2,-0.40835,0.571925,2.02994,-2.25889,1.85798,-0.0574511,-2.32114,1.86348,-0.137064,-2.35873,2.23636,0,-2.14936,2.21493,-0.044158
17.73,-0.553401,0.469515,2.66075,-0.445065,0.425905,2.67628,-0.578371,0.567521,2,-0.429796,0.593972,2.02949,-2.25555,1.84675,-0.0593571,-2.31785,1.85502,-0.137233,-2.35498,2.22159,0,-2.13983,2.19437,-0.0448495
17.74,-0.575124,0.487261,2.66017,-0.468227,0.44441,2.67491,-0.601051,0.588864,2,-0.451148,0.615811,2.02904,-2.25231,1.83587,-0.0610577,-2.31444,1.84598,-0.137296,-2.35134,2.20733,0,-2.13069,2.17329,-0.0455759
17.7499,-0.597595,0.505534,2.65955,-0.491353,0.462823,2.67354,-0.624508,0.610827,2,-0.47241,0.637437,2.02858,-2.24882,1.82416,-0.0627465,-2.31078,1.83645,-0.137234,-2.34742,2.19199,0,-2.1218,2.15179,-0.0463111
17.7601,-0.620684,0.524213,2.6589,-0.514442,0.481137,2.67217,-0.648608,0.633267,2,-0.493585,0.658845,2.02811,-2.24508,1.81163,-0.0644053,-2.30687,1.82638,-0.137082,-2.34324,2.17563,0,-2.11319,2.12982,-0.0470842
17.77,-0.642956,0.542139,2.65825,-0.53749,0.499348,2.6708,-0.671853,0.654788,2,-0.514675,0.680032,2.02764,-2.24133,1.79907,-0.0659306,-2.30275,1.81577,-0.136843,-2.33904,2.15926,0,-2.10489,2.10742,-0.04789
17.78,-0.664973,0.559763,2.6576,-0.560496,0.517451,2.66943,-0.694827,0.675934,2,-0.535684,0.700992,2.02716,-2.23748,1.78619,-0.0673647,-2.29843,1.80465,-0.136472,-2.33474,2.14251,0,-2.09693,2.08463,-0.048679
17.79,-0.687238,0.577487,2.65692,-0.583458,0.53544,2.66807,-0.718059,0.697187,2,-0.556614,0.721723,2.02667,-2.23344,1.77269,-0.0687392,-2.29381,1.79304,-0.135955,-2.33024,2.12501,0,-2.08921,2.06148,-0.0494311
17.8,-0.709522,0.595121,2.65622,-0.606372,0.55331,2.66671,-0.741307,0.718319,2,-0.577469,0.74222,2.02617,-2.22925,1.75871,-0.0700373,-2.28895,1.78081,-0.135337,-2.32557,2.10691,0,-2.08179,2.03785,-0.0501853
17.81,-0.732732,0.613372,2.65549,-0.629236,0.571054,2.66536,-0.765519,0.740177,2,-0.598251,0.762478,2.02566,-2.22473,1.74363,-0.0713056,-2.28387,1.76799,-0.134636,-2.32055,2.08746,0,-2.0747,2.01379,-0.0509519
17.8201,-0.754374,0.63028,2.65479,-0.652048,0.588667,2.66402,-0.788091,0.760412,2,-0.618964,0.782494,2.02515,-2.22036,1.72911,-0.0724103,-2.27856,1.75463,-0.133867,-2.31571,2.06875,0,-2.06792,1.98937,-0.0517426
17.83,-0.776498,0.64745,2.65406,-0.674806,0.606145,2.66268,-0.811163,0.780949,2,-0.639611,0.802265,2.02463,-2.21575,1.71379,-0.0734609,-2.27304,1.74077,-0.133002,-2.3106,2.04907,0,-2.06149,1.96463,-0.0525239
17.84,-0.798448,0.664369,2.65333,-0.697509,0.623481,2.66136,-0.834052,0.80117,2,-0.660195,0.821786,2.0241,-2.21103,1.69812,-0.0744238,-2.26736,1.72632,-0.132058,-2.30538,2.02899,0,-2.05542,1.9395,-0.0533089
17.85,-0.820515,0.681254,2.65258,-0.720153,0.640669,2.66004,-0.857059,0.821339,2,-0.68072,0.841054,2.02356,-2.20612,1.68189,-0.0753115,-2.26145,1.7113,-0.131029,-2.29998,2.00824,0,-2.04967,1.91403,-0.054085
17.8601,-0.843162,0.698453,2.6518,-0.742737,0.657705,2.65874,-0.880668,0.841868,2,-0.70119,0.860065,2.02302,-2.20093,1.66473,-0.0761381,-2.2553,1.6958,-0.129875,-2.29426,1.98636,0,-2.04423,1.88829,-0.0548096
17.87,-0.864525,0.714549,2.65106,-0.765258,0.674584,2.65745,-0.902936,0.861067,2,-0.721606,0.878819,2.02247,-2.19589,1.64808,-0.0768389,-2.24886,1.67985,-0.1286,-2.28871,1.96518,0,-2.03904,1.86233,-0.0554835
17.88,-0.886564,0.731022,2.65028,-0.787713,0.691301,2.65617,-0.925905,0.880703,2,-0.741971,0.897311,2.02191,-2.19053,1.63042,-0.0774812,-2.24213,1.66341,-0.127236,-2.28283,1.94277,0,-2.03408,1.83612,-0.056133
17.89,-0.908364,0.747178,2.64951,-0.8101,0.707851,2.6549,-0.948622,0.899948,2,-0.762288,0.915541,2.02134,-2.18507,1.61248,-0.0780355,-2.23515,1.64652,-0.125756,-2.27686,1.92006,0,-2.0294,1.80974,-0.0567259
17.9,-0.930076,0.763131,2.64873,-0.832415,0.724229,2.65365,-0.971245,0.918937,2,-0.78256,0.933505,2.02077,-2.17947,1.59413,-0.0785073,-2.22792,1.6291,-0.124197,-2.27074,1.8969,0,-2.02499,1.78308,-0.0572926
17.91,-0.953294,0.78003,2.64789,-0.854657,0.740431,2.65242,-0.995434,0.939038,2,-0.802789,0.951202,2.0202,-2.17332,1.57399,-0.0789229,-2.22042,1.61116,-0.122553,-2.26403,1.87153,0,-2.02082,1.75621,-0.0578226
17.92,-0.973627,0.79469,2.64715,-0.876823,0.756451,2.6512,-1.01661,0.956463,2,-0.822977,0.968628,2.01962,-2.16778,1.5559,-0.0792113,-2.21266,1.59271,-0.120835,-2.258,1.8488,0,-2.01689,1.72911,-0.0583223
17.93,-0.995525,0.810329,2.64635,-0.89891,0.772284,2.65,-1.03942,0.975039,2,-0.843128,0.985783,2.01903,-2.16166,1.53595,-0.0794431,-2.20481,1.57376,-0.119024,-2.25134,1.82379,0,-2.01335,1.70182,-0.0587662
17.94,-1.01682,0.82538,2.64556,-0.920919,0.787924,2.64882,-1.06159,0.992906,2,-0.863246,1.00266,2.01844,-2.15555,1.51607,-0.07959,-2.19691,1.55433,-0.117162,-2.24471,1.79894,0,-2.01024,1.67437,-0.059192
17.95,-1.03844,0.840507,2.64476,-0.942848,0.803368,2.64766,-1.08411,1.01085,2,-0.883334,1.01927,2.01785,-2.14918,1.49542,-0.0796601,-2.18884,1.5344,-0.115242,-2.23781,1.77318,0,-2.00742,1.64674,-0.0595896
17.9601,-1.06036,0.855673,2.64395,-0.964695,0.818611,2.64652,-1.10693,1.02883,2,-0.903395,1.0356,2.01725,-2.14256,1.47399,-0.0796501,-2.18064,1.51399,-0.113299,-2.23065,1.74651,0,-2.00492,1.61895,-0.0599887
17.97,-1.08116,0.869904,2.64317,-0.98646,0.833646,2.64539,-1.12859,1.04568,2,-0.923433,1.05165,2.01665,-2.13611,1.45319,-0.0795654,-2.17237,1.49304,-0.111325,-2.2237,1.72069,0,-2.00281,1.59095,-0.0603788
17.98,-1.10299,0.884663,2.64236,-1.00814,0.84847,2.64429,-1.15131,1.06315,2,-0.943452,1.06742,2.01604,-2.12918,1.43088,-0.0793979,-2.16395,1.47162,-0.109294,-2.21623,1.69306,0,-2.00097,1.56282,-0.0607276
17.99,-1.12377,0.898548,2.64158,-1.02974,0.863077,2.64321,-1.17294,1.07957,2,-0.963454,1.0829,2.01543,-2.12242,1.40918,-0.079164,-2.15539,1.44971,-0.107199,-2.20896,1.66624,0,-1.99942,1.53455,-0.0610244
18,-1.14493,0.912508,2.6408,-1.05125,0.877463,2.64215,-1.19496,1.09608,2,-0.983442,1.09811,2.01482,-2.11538,1.38662,-0.0788516,-2.14677,1.42729,-0.105062,-2.20139,1.63843,0,-1.99821,1.50609,-0.0612869
18.0102,-1.16696,0.92685,2.63997,-1.07267,0.891621,2.64111,-1.21789,1.11302,2,-1.00342,1.11303,2.01421,-2.10786,1.36264,-0.0784474,-2.13799,1.4044,-0.102868,-2.19334,1.60893,0,-1.99724,1.47752,-0.061496
18.02,-1.18724,0.939875,2.63922,-1.09401,0.905549,2.64009,-1.23899,1.12839,2,-1.02339,1.12766,2.01359,-2.10078,1.34011,-0.0780043,-2.12913,1.38109,-0.100601,-2.18576,1.58128,0,-1.99658,1.44887,-0.0616291
18.03,-1.20826,0.953188,2.63844,-1.11526,0.919242,2.63909,-1.26086,1.14409,2,-1.04335,1.142,2.01297,-2.09328,1.3163,-0.0774739,-2.12019,1.35737,-0.0982909,-2.17774,1.55212,0,-1.99619,1.42016,-0.061712
18.04,-1.22897,0.966117,2.63768,-1.13641,0.932695,2.63812,-1.28241,1.15933,2,-1.06331,1.15606,2.01236,-2.08571,1.29239,-0.076881,-2.11109,1.33323,-0.0963408,-2.16967,1.5229,0,-1.99596,1.3914,-0.0621314
18.0499,-1.24976,0.978896,2.63691,-1.15748,0.945905,2.63717,-1.30402,1.17439,2,-1.08327,1.16983,2.01173,-2.07796,1.26793,-0.0762164,-2.10187,1.30862,-0.0942672,-2.16141,1.49308,0,-1.99595,1.3625,-0.0624095
18.06,-1.27101,0.991763,2.63613,-1.17845,0.958865,2.63624,-1.32614,1.18953,2,-1.10323,1.18331,2.01111,-2.06984,1.24244,-0.0754649,-2.09243,1.28339,-0.0915193,-2.15278,1.46206,0,-1.99611,1.33332,-0.0620044
18.07,-1.29152,1.00397,2.63539,-1.19933,0.971572,2.63534,-1.34746,1.20389,2,-1.12319,1.1965,2.01049,-2.06184,1.21741,-0.0746724,-2.08281,1.25772,-0.0888758,-2.14429,1.43166,0,-1.99637,1.30404,-0.0616703
18.0802,-1.31312,1.01661,2.63461,-1.2201,0.984018,2.63446,-1.36992,1.21875,2,-1.13717,1.20555,2.01006,-2.05323,1.19054,-0.0737659,-2.07294,1.23158,-0.085942,-2.13516,1.3991,0,-1.99659,1.28346,-0.0612264
18.09,-1.33229,1.02763,2.63392,-1.24078,0.996202,2.63362,-1.38986,1.2317,2,-1.16313,1.22199,2.00927,-2.04542,1.16628,-0.0729008,-2.06289,1.2051,-0.0831469,-2.1269,1.36976,0,-1.99709,1.24523,-0.0604503
18.1,-1.35278,1.03921,2.6332,-1.26136,1.00812,2.6328,-1.41116,1.24529,2,-1.1831,1.23429,2.00867,-2.03691,1.13992,-0.0719139,-2.0526,1.1781,-0.0796924,-2.11791,1.33793,0,-1.99753,1.21563,-0.059188
18.11,-1.37364,1.05077,2.63246,-1.28183,1.01976,2.63202,-1.43285,1.25886,2,-1.20308,1.2463,2.00809,-2.02806,1.11262,-0.0708433,-2.04213,1.15066,-0.0759694,-2.10856,1.30504,0,-1.99802,1.18591,-0.0576032
18.12,-1.39326,1.06143,2.63178,-1.3022,1.03113,2.63128,-1.45325,1.27136,2,-1.22306,1.25801,2.00752,-2.01956,1.08652,-0.0697768,-2.03158,1.12279,-0.0722293,-2.09961,1.27364,0,-1.99865,1.15609,-0.0559365
18.13,-1.41392,1.07243,2.63107,-1.32247,1.04222,2.63058,-1.47473,1.28424,2,-1.24305,1.26942,2.00697,-2.01043,1.05858,-0.0685919,-2.0209,1.09452,-0.0684646,-2.09,1.2401,0,-1.99931,1.12621,-0.0541717
18.14,-1.43356,1.08266,2.63041,-1.34262,1.05302,2.62991,-1.49515,1.29623,2,-1.26305,1.28054,2.00644,-2.00158,1.0316,-0.0674073,-2.0102,1.06588,-0.0646225,-2.0807,1.20775,0,-2.00011,1.09626,-0.0522498
18.15,-1.45352,1.09283,2.62974,-1.36267,1.06353,2.62929,-1.51589,1.30813,2,-1.28305,1.29135,2.00592,-1.9924,1.00375,-0.0661465,-1.99942,1.03685,-0.0606713,-2.07107,1.17443,0,-2.00097,1.06622,-0.0501339
18.1603,-1.47432,1.10318,2.62906,-1.38261,1.07376,2.6287,-1.53752,1.32024,2,-1.30307,1.30186,2.00543,-1.98264,0.974271,-0.0647718,-1.98853,1.00745,-0.0567108,-2.06084,1.13922,0,-2.00182,1.03612,-0.0479158
18.17,-1.49354,1.11252,2.62843,-1.40244,1.08368,2.62815,-1.5575,1.33115,2,-1.32309,1.31207,2.00496,-1.97345,0.946622,-0.0634478,-1.97756,0.977803,-0.0530083,-2.05122,1.10624,0,-2.00265,1.00605,-0.0458531
18.1801,-1.51403,1.12221,2.62778,-1.42216,1.09331,2.62764,-1.57879,1.34248,2,-1.34312,1.32198,2.00452,-1.96346,0.916715,-0.0619802,-1.96645,0.947783,-0.0489886,-2.04077,1.07063,0,-2.00345,0.975875,-0.0433729
18.19,-1.53277,1.13085,2.62719,-1.43981,1.10172,2.62721,-1.59827,1.35257,2,-1.36115,1.33064,2.00414,-1.95414,0.888945,-0.0605867,-1.95647,0.920517,-0.0453955,-2.03104,1.03761,0,-2.00422,0.948696,-0.0410702
18.2,-1.55247,1.13968,2.62659,-1.45932,1.11077,2.62678,-1.61874,1.36287,2,-1.3812,1.33998,2.00374,-1.94416,0.859364,-0.059072,-1.94538,0.889967,-0.0415579,-2.02064,1.00249,0,-2.00507,0.918478,-0.0385539
18.21,-1.57177,1.14809,2.62601,-1.47872,1.11952,2.62638,-1.63881,1.37268,2,-1.40126,1.34901,2.00336,-1.9342,0.82996,-0.0575372,-1.93417,0.859365,-0.038289,-2.01026,0.967634,0,-2.00573,0.888443,-0.0364755
18.22,-1.59067,1.15608,2.62545,-1.49801,1.12796,2.62601,-1.65845,1.38199,2,-1.42132,1.35775,2.00301,-1.92426,0.800783,-0.0559875,-1.92294,0.828472,-0.0347988,-1.99993,0.933089,0,-2.00636,0.858346,-0.0340488
18.2301,-1.61034,1.16413,2.62489,-1.51718,1.13609,2.62568,-1.67889,1.39137,2,-1.44138,1.36618,2.00268,-1.91373,0.770016,-0.0543265,-1.91173,0.797268,-0.031355,-1.98898,0.896711,0,-2.00696,0.828153,-0.0315351
18.2401,-1.62927,1.17162,2.62436,-1.53624,1.1439,2.62539,-1.69856,1.40009,2,-1.46145,1.37431,2.00238,-1.90341,0.740004,-0.0526814,-1.90048,0.765863,-0.0282187,-1.97826,0.861268,0,-2.00744,0.797954,-0.0291896
18.25,-1.64821,1.17885,2.62384,-1.55519,1.1514,2.62512,-1.71824,1.4085,2,-1.48153,1.38214,2.0021,-1.89289,0.7096,-0.0509917,-1.88918,0.734323,-0.0254506,-1.96736,0.825408,0,-2.00774,0.767799,-0.0270697
18.26,-1.66704,1.18578,2.62334,-1.57402,1.15859,2.62487,-1.73782,1.41656,2,-1.50161,1.38967,2.00184,-1.88223,0.678965,-0.0492671,-1.87781,0.70264,-0.0229218,-1.95632,0.789316,0,-2.00785,0.737665,-0.0250461
18.27,-1.68563,1.19235,2.62286,-1.59274,1.16546,2.62466,-1.75714,1.42419,2,-1.52169,1.39689,2.00159,-1.87154,0.648375,-0.0475246,-1.86634,0.670914,-0.0205997,-1.94525,0.753317,0,-2.00773,0.707634,-0.023085
18.28,-1.70432,1.19869,2.62239,-1.61135,1.17201,2.62446,-1.77657,1.43156,2,-1.54176,1.40382,2.00137,-1.86058,0.617219,-0.0457304,-1.85468,0.639149,-0.018335,-1.93392,0.716691,0,-2.00727,0.677698,-0.0210359
18.29,-1.72279,1.20468,2.62195,-1.62984,1.17824,2.62429,-1.79576,1.43851,2,-1.56183,1.41045,2.00117,-1.84956,0.586081,-0.043919,-1.84283,0.607438,-0.0164149,-1.92254,0.680123,0,-2.00644,0.647924,-0.0191841
18.3,-1.74152,1.21047,2.62151,-1.64821,1.18416,2.62413,-1.81523,1.44523,2,-1.58189,1.41678,2.00099,-1.83819,0.554128,-0.0420428,-1.83093,0.575644,-0.0148385,-1.9108,0.642634,0,-2.00536,0.618168,-0.0175274
18.31,-1.75978,1.21583,2.6211,-1.66646,1.18975,2.62399,-1.83422,1.45145,2,-1.60194,1.42281,2.00082,-1.8269,0.522602,-0.0401757,-1.81899,0.543757,-0.013368,-1.89916,0.605681,0,-2.00405,0.588416,-0.0158258
18.32,-1.77778,1.22085,2.62071,-1.68459,1.19503,2.62386,-1.85293,1.45725,2,-1.62197,1.42855,2.00067,-1.81558,0.491175,-0.0382999,-1.80701,0.511744,-0.0119802,-1.8875,0.568875,0,-2.00249,0.558623,-0.0140548
18.33,-1.79607,1.22565,2.62033,-1.7026,1.19999,2.62375,-1.87194,1.46281,2,-1.64199,1.43398,2.00054,-1.80389,0.458905,-0.03636,-1.79493,0.479579,-0.0107253,-1.87546,0.531113,0,-2.0006,0.528748,-0.0122657
18.34,-1.81391,1.23004,2.61998,-1.72048,1.20462,2.62365,-1.89049,1.4679,2,-1.66198,1.43912,2.00043,-1.79227,0.427065,-0.0344335,-1.78279,0.447347,-0.00956427,-1.86351,0.493882,0,-1.99841,0.498859,-0.010422
18.35,-1.83209,1.23422,2.61964,-1.73825,1.20893,2.62356,-1.90939,1.47273,2,-1.68195,1.44396,2.00033,-1.78023,0.394289,-0.0324385,-1.77058,0.415046,-0.00847835,-1.85114,0.455584,0,-1.99589,0.46894,-0.00850724
18.3601,-1.84991,1.23802,2.61933,-1.7559,1.21292,2.62348,-1.92792,1.47711,2,-1.7019,1.4485,2.00026,-1.76823,0.361814,-0.0304512,-1.75834,0.382575,-0.00742626,-1.8388,0.417664,0,-1.99308,0.438877,-0.00648225
18.37,-1.86733,1.24144,2.61904,-1.77342,1.21659,2.62341,-1.94604,1.48106,2,-1.72181,1.45274,2.0002,-1.75629,0.329729,-0.0284784,-1.74604,0.349979,-0.00636098,-1.82654,0.380221,0,-1.98991,0.408703,-0.00430227
18.3801,-1.88467,1.24454,2.61876,-1.79082,1.21992,2.62335,-1.96408,1.48464,2,-1.74169,1.45667,2.00017,-1.7442,0.297477,-0.026487,-1.73357,0.317425,-0.00531377,-1.81415,0.342605,0,-1.98627,0.378573,-0.00200225
18.39,-1.90214,1.24737,2.61851,-1.80809,1.22293,2.6233,-1.98225,1.48789,2,-1.76154,1.46031,2.00016,-1.73182,0.264676,-0.0244542,-1.72111,0.28476,-0.00435081,-1.80146,0.304369,0,-1.98232,0.348313,0.000345062
18.4,-1.91972,1.2499,2.61827,-1.82524,1.22562,2.62327,-2.00054,1.49079,2,-1.78134,1.46364,2.00018,-1.71914,0.231333,-0.0223809,-1.70864,0.251964,-0.00340518,-1.78847,0.265517,0,-1.97804,0.317894,0.00280072
18.41,-1.93663,1.25202,2.61806,-1.84226,1.22797,2.62324,-2.01813,1.49323,2,-1.8011,1.46667,2.00022,-1.70675,0.198962,-0.0203626,-1.69618,0.21905,-0.00248818,-1.77578,0.227815,0,-1.9734,0.287313,0.00534797
18.4201,-1.95364,1.25385,2.61786,-1.85916,1.23,2.62322,-2.03583,1.49531,2,-1.82081,1.46939,2.00029,-1.69407,0.16609,-0.0183083,-1.68365,0.186023,-0.00139862,-1.7628,0.189543,0,-1.96837,0.256573,0.00818259
18.4301,-1.97092,1.25537,2.61769,-1.87594,1.23169,2.62321,-2.05382,1.49706,2,-1.84046,1.4718,2.00038,-1.68096,0.132388,-0.0161981,-1.67107,0.153021,-0.000382201,-1.74939,0.150317,0,-1.9629,0.225783,0.011048
18.44,-1.98699,1.25649,2.61754,-1.89258,1.23306,2.62321,-2.07054,1.49832,2,-1.86006,1.4739,2.00051,-1.66858,0.100775,-0.014216,-1.65843,0.120026,0.000588836,-1.73673,0.113532,0,-1.95698,0.194913,0.0139614
18.4501,-2.00395,1.25735,2.61741,-1.9091,1.23409,2.62322,-2.08819,1.49928,2,-1.8796,1.4757,2.00066,-1.65529,0.0671204,-0.0121038,-1.64577,0.0870949,0.00144634,-1.72315,0.0743798,0,-1.95065,0.164004,0.0168455
18.46,-2.02045,1.25786,2.6173,-1.9255,1.2348,2.62324,-2.10537,1.49983,2,-1.89907,1.47718,2.00084,-1.64214,0.0340823,-0.0100291,-1.63302,0.0542684,0.0023414,-1.70972,0.0359511,0,-1.94382,0.13309,0.0198423
18.47,-2.03652,1.25803,2.61721,-1.94176,1.23518,2.62326,-2.1221,1.5,2,-1.91848,1.47836,2.00106,-1.62912,0.00164883,-0.00799213,-1.62029,0.0214226,0.00330164,-1.69643,-0.00176988,0,-1.9366,0.102034,0.0229685
18.4801,-2.05285,1.25788,2.61714,-1.9579,1.23523,2.6233,-2.1391,1.49979,2,-1.9378,1.47922,2.0013,-1.61568,-0.0315711,-0.00590631,-1.60743,-0.0112997,0.00425518,-1.68271,-0.040403,0,-1.92882,0.0709699,0.0261418
18.49,-2.06886,1.2574,2.61709,-1.97391,1.23495,2.62335,-2.15578,1.4992,2,-1.95705,1.47978,2.00158,-1.60228,-0.0644254,-0.00384485,-1.59458,-0.0440359,0.00519271,-1.66903,-0.0786102,0,-1.92063,0.0397512,0.029342
18.5,-2.08478,1.2566,2.61706,-1.98979,1.23435,2.62341,-2.17237,1.49822,2,-1.97622,1.48002,2.00189,-1.58873,-0.0973529,-0.00178106,-1.58169,-0.0767729,0.00612032,-1.65521,-0.116904,0,-1.91197,0.00838076,0.032563
18.51,-2.10086,1.25544,2.61705,-2.00555,1.23342,2.62347,-2.18913,1.49683,2,-1.99529,1.47994,2.00223,-1.57481,-0.130864,0.000316083,-1.56877,-0.109502,0.00703164,-1.64102,-0.155879,0,-1.90282,-0.0231409,0.0357863
18.5201,-2.11632,1.25399,2.61707,-2.02117,1.23216,2.62355,-2.20524,1.49511,2,-2.01427,1.47955,2.00261,-1.56121,-0.163322,0.00234339,-1.55577,-0.142175,0.00799191,-1.62716,-0.193635,0,-1.89316,-0.0547743,0.039065
18.53,-2.13199,1.25217,2.6171,-2.03666,1.23057,2.62363,-2.22157,1.49296,2,-2.03315,1.47885,2.00301,-1.5472,-0.196465,0.00440861,-1.54273,-0.174831,0.00888231,-1.61288,-0.232195,0,-1.883,-0.0865685,0.0422659
18.54,-2.14715,1.25008,2.61715,-2.05203,1.22866,2.62372,-2.23737,1.49049,2,-2.05193,1.47782,2.00345,-1.53342,-0.228757,0.00641515,-1.52983,-0.207192,0.00901321,-1.59884,-0.269772,0,-1.8725,-0.118265,0.0446811
18.55,-2.16278,1.24757,2.61723,-2.06726,1.22643,2.62381,-2.25366,1.48753,2,-2.0706,1.47648,2.0039,-1.51898,-0.262289,0.00849194,-1.51694,-0.23934,0.00860531,-1.58412,-0.308803,0,-1.86155,-0.149958,0.0465164
18.56,-2.17801,1.24476,2.61733,-2.08236,1.22388,2.62389,-2.26956,1.48423,2,-2.08916,1.47482,2.00438,-1.50466,-0.295219,0.0105238,-1.50394,-0.27141,0.00825035,-1.56953,-0.347146,0,-1.85004,-0.181778,0.0483535
18.57,-2.19263,1.24172,2.61744,-2.09734,1.221,2.62397,-2.28481,1.48066,2,-2.1076,1.47285,2.00487,-1.4907,-0.327012,0.0124774,-1.49084,-0.303297,0.00767076,-1.55531,-0.384179,0,-1.83798,-0.213628,0.0499003
18.5801,-2.20755,1.23827,2.61757,-2.11218,1.21781,2.62404,-2.30038,1.4766,2,-2.12592,1.47055,2.00537,-1.47621,-0.35969,0.0144762,-1.47765,-0.334642,0.00632221,-1.54055,-0.422259,0,-1.82538,-0.245157,0.0505989
18.59,-2.22218,1.23452,2.61773,-2.12689,1.21431,2.6241,-2.31565,1.47221,2,-2.1441,1.46794,2.00588,-1.46176,-0.391932,0.0164381,-1.46443,-0.365633,0.00419592,-1.52584,-0.459849,0,-1.81232,-0.276556,0.0504281
18.6,-2.23665,1.23047,2.6179,-2.14147,1.2105,2.62413,-2.33075,1.46745,2,-2.16216,1.46502,2.00638,-1.44725,-0.424015,0.0183794,-1.45119,-0.396675,0.00232203,-1.51105,-0.497272,0,-1.7988,-0.308226,0.050408
18.61,-2.25122,1.22601,2.6181,-2.15591,1.20638,2.62415,-2.34596,1.46222,2,-2.18008,1.46178,2.00689,-1.43237,-0.456533,0.0203347,-1.43792,-0.427763,0.000863981,-1.4959,-0.535224,0,-1.78483,-0.340165,0.0506904
18.62,-2.2654,1.22131,2.61831,-2.17023,1.20195,2.62415,-2.36078,1.45671,2,-2.19786,1.45822,2.0074,-1.41766,-0.488372,0.0222363,-1.42454,-0.458891,8.74393e-05,-1.48092,-0.572407,0,-1.7703,-0.372375,0.0515259
18.63,-2.27958,1.21624,2.61854,-2.1844,1.1972,2.62415,-2.37559,1.45077,2,-2.21548,1.45433,2.00792,-1.4027,-0.520392,0.0241346,-1.41108,-0.49033,0.000226319,-1.46568,-0.609826,0,-1.75527,-0.405132,0.0531354
18.64,-2.29343,1.21092,2.61879,-2.19845,1.19214,2.62415,-2.39006,1.44453,2,-2.23296,1.45011,2.00846,-1.38784,-0.551841,0.0259843,-1.39757,-0.52123,-0.000431701,-1.45054,-0.646603,0,-1.73979,-0.437571,0.0538037
18.65,-2.30717,1.20527,2.61906,-2.21236,1.18678,2.62414,-2.40442,1.43792,2,-2.25028,1.44558,2.00899,-1.37284,-0.583226,0.0278143,-1.38395,-0.551042,-0.00302204,-1.43527,-0.683334,0,-1.72385,-0.469126,0.0523952
18.6601,-2.32114,1.19913,2.61935,-2.22613,1.18112,2.62409,-2.41904,1.43073,2,-2.26743,1.44073,2.00951,-1.35733,-0.615325,0.0296685,-1.37023,-0.58079,-0.00542238,-1.41947,-0.720931,0,-1.70741,-0.500842,0.0510121
18.67,-2.33445,1.19291,2.61965,-2.23976,1.17516,2.62403,-2.43295,1.42344,2,-2.28442,1.43556,2.01001,-1.34232,-0.646043,0.0314249,-1.35641,-0.610612,-0.00723998,-1.40416,-0.75694,0,-1.69048,-0.532858,0.0500361
18.68,-2.34762,1.18639,2.61997,-2.25325,1.16891,2.62395,-2.44673,1.4158,2,-2.30124,1.43007,2.01051,-1.3272,-0.676604,0.0331538,-1.34255,-0.640537,-0.00850531,-1.38876,-0.792797,0,-1.67312,-0.565197,0.0494299
18.6901,-2.36107,1.17933,2.62032,-2.26661,1.16236,2.62385,-2.46081,1.40752,2,-2.31789,1.42426,2.01099,-1.31149,-0.707991,0.0349087,-1.32858,-0.670115,-0.0100691,-1.37274,-0.829658,0,-1.6553,-0.59739,0.0483456
18.7,-2.37392,1.1722,2.62067,-2.27983,1.1555,2.62376,-2.47426,1.39918,2,-2.33435,1.41812,2.01149,-1.29623,-0.738095,0.0365708,-1.31444,-0.700996,-0.00805561,-1.35718,-0.865048,0,-1.6368,-0.63117,0.0505995
18.7101,-2.387,1.16455,2.62105,-2.2929,1.14834,2.62368,-2.48796,1.39021,2,-2.35062,1.41164,2.012,-1.28042,-0.768898,0.0382486,-1.3002,-0.732276,-0.00458085,-1.34106,-0.901297,0,-1.61776,-0.665598,0.0540874
18.7203,-2.40017,1.15643,2.62146,-2.30583,1.14084,2.6237,-2.50176,1.38069,2,-2.3667,1.40479,2.0126,-1.26422,-0.800074,0.0399216,-1.28535,-0.767788,0.0099583,-1.32453,-0.938025,0,-1.5972,-0.704758,0.0682447
18.73,-2.41208,1.14871,2.62184,-2.31861,1.133,2.62385,-2.51424,1.37164,2,-2.38257,1.39756,2.01333,-1.24931,-0.828385,0.0414174,-1.27062,-0.801722,0.0208901,-1.30931,-0.971416,0,-1.57657,-0.742467,0.0786199
18.74,-2.42447,1.1403,2.62226,-2.33124,1.1248,2.62414,-2.52722,1.36177,2,-2.39822,1.38993,2.01419,-1.23355,-0.85794,0.0429536,-1.25574,-0.83612,0.0334108,-1.29322,-1.00631,0,-1.55535,-0.780906,0.090316
18.75,-2.43667,1.13162,2.6227,-2.34373,1.1163,2.62445,-2.54001,1.35158,2,-2.41368,1.38197,2.01507,-1.21774,-0.887187,0.0444466,-1.24154,-0.863453,0.0286987,-1.27708,-1.04089,0,-1.5355,-0.811927,0.084908
18.76,-2.44889,1.12251,2.62315,-2.35607,1.10753,2.62472,-2.55283,1.34089,2,-2.42893,1.37369,2.01589,-1.20163,-0.916597,0.045919,-1.22719,-0.890587,0.024042,-1.26062,-1.0757,0,-1.51523,-0.842936,0.0793464
18.77,-2.4609,1.11313,2.62362,-2.36827,1.09849,2.62493,-2.56544,1.32989,2,-2.44398,1.36511,2.01665,-1.1855,-0.945635,0.0473423,-1.21281,-0.916756,0.0174553,-1.24413,-1.11012,0,-1.49479,-0.873086,0.0716958
18.78,-2.47258,1.10361,2.6241,-2.38033,1.08921,2.62504,-2.5777,1.31871,2,-2.45883,1.35625,2.0173,-1.16953,-0.973972,0.0487001,-1.19877,-0.939823,0.00321258,-1.2278,-1.14375,0,-1.47496,-0.900019,0.0563804
18.79,-2.4841,1.09382,2.62459,-2.39224,1.07969,2.62501,-2.58979,1.30721,2,-2.47348,1.34711,2.01779,-1.15351,-1.002,0.0500111,-1.18447,-0.963472,-0.00866907,-1.21142,-1.17706,0,-1.45449,-0.927822,0.0431557
18.8,-2.4956,1.08361,2.6251,-2.40402,1.06994,2.62487,-2.60187,1.29522,2,-2.48792,1.33769,2.01817,-1.13721,-1.03012,0.0512922,-1.16991,-0.987803,-0.017837,-1.19472,-1.21053,0,-1.43333,-0.956614,0.0323579
18.81,-2.50696,1.07311,2.62562,-2.41564,1.05993,2.62466,-2.61381,1.28287,2,-2.50214,1.32797,2.01845,-1.12081,-1.05798,0.0525251,-1.15505,-1.01276,-0.0244894,-1.17793,-1.24373,0,-1.41149,-0.986337,0.0237849
18.82,-2.51807,1.06241,2.62615,-2.42712,1.04968,2.62439,-2.62548,1.27029,2,-2.51615,1.31796,2.01865,-1.10448,-1.08531,0.0536979,-1.13997,-1.03832,-0.0288747,-1.16119,-1.27636,0,-1.38901,-1.01696,0.0171894
18.83,-2.52907,1.05138,2.6267,-2.43844,1.03917,2.62408,-2.63706,1.25732,2,-2.52992,1.30763,2.0188,-1.08799,-1.11247,0.0548246,-1.12469,-1.0643,-0.0315108,-1.14429,-1.30883,0,-1.366,-1.04828,0.0120677
18.84,-2.53976,1.04023,2.62724,-2.44961,1.02839,2.62376,-2.6483,1.2442,2,-2.54347,1.29699,2.01889,-1.07166,-1.13895,0.0558833,-1.1092,-1.09057,-0.0327303,-1.12755,-1.34053,0,-1.34245,-1.08014,0.00809392
18.85,-2.55037,1.02874,2.62781,-2.46062,1.01735,2.62343,-2.65947,1.23067,2,-2.55677,1.28603,2.01896,-1.05516,-1.16529,0.0568957,-1.09365,-1.11703,-0.0328616,-1.1106,-1.37214,0,-1.31855,-1.11245,0.00495019
18.86,-2.56094,1.01684,2.62839,-2.47148,1.00605,2.62311,-2.67059,1.21665,2,-2.56983,1.27474,2.019,-1.03839,-1.19162,0.0578634,-1.07799,-1.14354,-0.0321378,-1.09338,-1.40377,0,-1.29428,-1.14502,0.00241466
18.87,-2.5713,1.00473,2.62897,-2.48218,0.994483,2.62279,-2.6815,1.20239,2,-2.58265,1.26313,2.01901,-1.02164,-1.21748,0.0587687,-1.06224,-1.17,-0.0307838,-1.07616,-1.43489,0,-1.26965,-1.17778,0.000270942
18.8802,-2.58148,0.992368,2.62957,-2.49273,0.982651,2.62249,-2.69222,1.18781,2,-2.59523,1.25118,2.019,-1.00484,-1.24298,0.0596143,-1.04642,-1.19634,-0.0289275,-1.05888,-1.46564,0,-1.24471,-1.21061,-0.00159568
18.89,-2.59128,0.980026,2.63016,-2.50311,0.970557,2.62222,-2.70255,1.17326,2,-2.60755,1.23891,2.01898,-0.988349,-1.26759,0.0603831,-1.03063,-1.22256,-0.0266632,-1.04191,-1.49535,0,-1.21956,-1.2435,-0.00327076
18.9,-2.60109,0.967206,2.63077,-2.51334,0.958201,2.62196,-2.7129,1.15813,2,-2.61962,1.22631,2.01894,-0.971496,-1.29229,0.0611055,-1.01476,-1.24849,-0.0240719,-1.02455,-1.52524,0,-1.19409,-1.27628,-0.0048208
18.9102,-2.61105,0.953706,2.6314,-2.52341,0.945588,2.62174,-2.72341,1.14219,2,-2.63143,1.21339,2.01888,-0.954036,-1.31742,0.0617859,-0.998872,-1.2742,-0.0213025,-1.00656,-1.5557,0,-1.16841,-1.309,-0.00638442
18.92,-2.62018,0.940878,2.632,-2.53332,0.932718,2.62154,-2.73304,1.12704,2,-2.64298,1.20013,2.01881,-0.937697,-1.34051,0.0623595,-0.983049,-1.29968,-0.0184057,-0.989702,-1.58374,0,-1.14256,-1.34168,-0.00801228
18.9304,-2.62998,0.926603,2.63266,-2.54307,0.919595,2.62137,-2.74339,1.11017,2,-2.65428,1.18655,2.01872,-0.919787,-1.36534,0.0629176,-0.967271,-1.32485,-0.0153935,-0.971212,-1.61396,0,-1.11653,-1.37417,-0.00969869
18.9401,-2.63868,0.91347,2.63326,-2.55266,0.906222,2.62123,-2.75257,1.09464,2,-2.66531,1.17265,2.01862,-0.903545,-1.38743,0.0633593,-0.951567,-1.34967,-0.0123518,-0.954432,-1.64088,0,-1.09037,-1.40647,-0.0115167
18.95,-2.64754,0.899629,2.63389,-2.5621,0.892603,2.62112,-2.76193,1.07827,2,-2.67609,1.15843,2.01849,-0.886657,-1.40996,0.0637533,-0.936017,-1.37415,-0.00928605,-0.93697,-1.66841,0,-1.06414,-1.43859,-0.0134765
18.9601,-2.65647,0.88516,2.63454,-2.57138,0.878741,2.62104,-2.77138,1.06114,2,-2.6866,1.14388,2.01834,-0.869239,-1.43274,0.0640896,-0.920618,-1.39816,-0.00629508,-0.918945,-1.69628,0,-1.03782,-1.47039,-0.0156648
18.9701,-2.66497,0.870916,2.63518,-2.58051,0.864641,2.621,-2.78036,1.04427,2,-2.69684,1.12902,2.01818,-0.852316,-1.45442,0.0643478,-0.905396,-1.42181,-0.00326826,-0.901416,-1.72287,0,-1.01139,-1.50201,-0.0179865
18.9801,-2.67356,0.855989,2.63583,-2.58949,0.850306,2.62098,-2.78945,1.02659,2,-2.70682,1.11384,2.01798,-0.834802,-1.4764,0.0645436,-0.890385,-1.44509,-0.00021467,-0.88326,-1.74988,0,-0.984901,-1.53345,-0.0204435
18.99,-2.68175,0.841243,2.63647,-2.59832,0.835735,2.62101,-2.79812,1.00911,2,-2.71654,1.09834,2.01778,-0.817712,-1.49738,0.0646643,-0.875032,-1.47041,0.010285,-0.865529,-1.77572,0,-0.957099,-1.56786,-0.0160528
19,-2.68983,0.826194,2.63712,-2.60698,0.820867,2.6213,-2.80667,0.991255,2,-2.72594,1.08244,2.01777,-0.800474,-1.5181,0.0647155,-0.855228,-1.50292,0.0499689,-0.847628,-1.80127,0,-0.923902,-1.61384,0.0154304
19.01,-2.69783,0.810754,2.63777,-2.6154,0.805685,2.62204,-2.81514,0.972929,2,-2.73501,1.06606,2.01812,-0.782989,-1.53864,0.0646948,-0.826757,-1.53317,0.0994517,-0.829454,-1.82667,0,-0.889046,-1.66331,0.0556797
19.02,-2.70538,0.795646,2.63841,-2.62346,0.790215,2.62334,-2.82315,0.954988,2,-2.74372,1.04915,2.01893,-0.766068,-1.55807,0.0646051,-0.782189,-1.56007,0.163142,-0.81185,-1.85075,0,-0.851508,-1.71813,0.109219
19.03,-2.71314,0.779583,2.63907,-2.63097,0.774507,2.62531,-2.83137,0.935902,2,-2.75204,1.03169,2.02032,-0.748268,-1.57804,0.0644367,-0.718614,-1.57955,0.228881,-0.793314,-1.87554,0,-0.813404,-1.77358,0.165367
19.0401,-2.72064,0.763478,2.63972,-2.63781,0.758666,2.62783,-2.83932,0.916755,2,-2.76,1.01372,2.02216,-0.730608,-1.59738,0.0641945,-0.646774,-1.58702,0.272023,-0.774908,-1.8996,0,-0.779344,-1.81969,0.200787
19.05,-2.72755,0.748102,2.64033,-2.64387,0.742795,2.6308,-2.84666,0.898466,2,-2.76762,0.995283,2.02437,-0.713914,-1.61521,0.063897,-0.56588,-1.58555,0.322001,-0.757492,-1.92184,0,-0.744073,-1.86714,0.241122
19.0601,-2.73481,0.731374,2.64099,-2.64917,0.726978,2.63422,-2.85436,0.878556,2,-2.77489,0.976397,2.02693,-0.695925,-1.63396,0.0635017,-0.496945,-1.57737,0.360175,-0.738707,-1.94526,0,-0.711256,-1.90858,0.268512
19.07,-2.74152,0.715345,2.64161,-2.65387,0.711246,2.63791,-2.86148,0.859468,2,-2.78186,0.957146,2.02966,-0.67885,-1.65129,0.0630551,-0.44712,-1.56953,0.372726,-0.720859,-1.96697,0,-0.683041,-1.93986,0.272653
19.08,-2.7482,0.698798,2.64223,-2.65815,0.695576,2.64162,-2.86857,0.839753,2,-2.78856,0.937621,2.03234,-0.661379,-1.66857,0.0625265,-0.409953,-1.56501,0.370273,-0.702581,-1.98865,0,-0.657241,-1.96537,0.264155
19.09,-2.7548,0.681832,2.64286,-2.66208,0.679937,2.64535,-2.87559,0.819526,2,-2.795,0.917829,2.03497,-0.643623,-1.68566,0.0619152,-0.377206,-1.56296,0.373761,-0.683987,-2.01014,0,-0.630014,-1.99248,0.261406
19.1,-2.76111,0.665012,2.64347,-2.66572,0.66432,2.64906,-2.88229,0.799463,2,-2.80117,0.897785,2.03753,-0.626168,-1.70199,0.0612421,-0.351175,-1.5603,0.367096,-0.66569,-2.03071,0,-0.604591,-2.01544,0.249467
19.11,-2.76735,0.647721,2.64409,-2.66912,0.648732,2.65265,-2.88893,0.778827,2,-2.8071,0.877535,2.03993,-0.608371,-1.71817,0.0604825,-0.329849,-1.5572,0.350191,-0.647017,-2.05114,0,-0.580938,-2.03434,0.228557
19.12,-2.77327,0.630677,2.64468,-2.67233,0.633174,2.65607,-2.89522,0.758475,2,-2.81279,0.857101,2.04211,-0.590966,-1.73353,0.0596686,-0.311101,-1.55464,0.33261,-0.628738,-2.07057,0,-0.557134,-2.05239,0.207354
19.13,-2.77911,0.613203,2.64528,-2.67535,0.617637,2.65931,-2.90144,0.737597,2,-2.81824,0.836489,2.04408,-0.573256,-1.74868,0.0587691,-0.294983,-1.55285,0.315501,-0.610121,-2.08979,0,-0.533049,-2.06998,0.186837
19.14,-2.7848,0.595493,2.64586,-2.67823,0.602113,2.66238,-2.9075,0.716427,2,-2.82345,0.815702,2.04585,-0.55544,-1.76346,0.0577923,-0.281239,-1.55208,0.29958,-0.591375,-2.10856,0,-0.508514,-2.08742,0.167652
19.15,-2.79019,0.578048,2.64643,-2.68099,0.586592,2.6653,-2.91324,0.695562,2,-2.82841,0.794742,2.04743,-0.538014,-1.77744,0.056768,-0.269669,-1.55231,0.284568,-0.573022,-2.12637,0,-0.483558,-2.10451,0.149573
19.1601,-2.7956,0.559785,2.647,-2.68363,0.571063,2.66807,-2.919,0.673708,2,-2.83312,0.773613,2.04884,-0.519895,-1.7915,0.0556317,-0.260162,-1.55362,0.27027,-0.553922,-2.14431,0,-0.458267,-2.1212,0.132439
19.1701,-2.80065,0.542027,2.64755,-2.6862,0.555516,2.67071,-2.92438,0.652448,2,-2.83757,0.752319,2.05009,-0.502392,-1.80462,0.0544661,-0.25257,-1.5561,0.256833,-0.535455,-2.16107,0,-0.432626,-2.1375,0.116386
19.18,-2.80558,0.523927,2.64808,-2.68869,0.539938,2.67321,-2.92964,0.630768,2,-2.84177,0.730865,2.05117,-0.484665,-1.81744,0.0532185,-0.246667,-1.55971,0.244127,-0.516733,-2.17749,0,-0.406593,-2.15327,0.101299
19.19,-2.81033,0.505719,2.64861,-2.69113,0.524317,2.67559,-2.93471,0.608947,2,-2.8457,0.709255,2.05211,-0.466939,-1.82978,0.0519049,-0.242384,-1.5646,0.231963,-0.497997,-2.19333,0,-0.380326,-2.16858,0.0870061
19.2,-2.81488,0.487501,2.64912,-2.69354,0.508642,2.67785,-2.93956,0.587105,2,-2.84937,0.687496,2.05292,-0.449305,-1.8416,0.0505338,-0.239427,-1.57055,0.220209,-0.479342,-2.20853,0,-0.353775,-2.18315,0.0734
19.21,-2.81932,0.468868,2.64962,-2.69593,0.492902,2.68,-2.94429,0.564754,2,-2.85278,0.665594,2.05358,-0.43137,-1.85315,0.049075,-0.237668,-1.57759,0.208746,-0.460351,-2.2234,0,-0.327045,-2.19698,0.0603707
19.22,-2.82351,0.450441,2.6501,-2.6983,0.477086,2.68203,-2.94877,0.54264,2,-2.85591,0.643558,2.05413,-0.413727,-1.86404,0.0475781,-0.23698,-1.58585,0.197506,-0.441655,-2.23745,0,-0.300231,-2.21018,0.0478587
19.23,-2.82762,0.43144,2.65057,-2.70067,0.461182,2.68395,-2.95316,0.519827,2,-2.85878,0.621393,2.05454,-0.395628,-1.87473,0.0459805,-0.237184,-1.59518,0.186429,-0.422458,-2.25127,0,-0.273385,-2.22261,0.0358132
19.24,-2.83147,0.412761,2.65102,-2.70304,0.445179,2.68576,-2.95726,0.497392,2,-2.86138,0.599109,2.05484,-0.377922,-1.88472,0.0443586,-0.238104,-1.6055,0.175494,-0.403664,-2.26421,0,-0.24655,-2.23422,0.024219
19.25,-2.83513,0.394003,2.65146,-2.70543,0.429069,2.68746,-2.96118,0.474853,2,-2.86371,0.576711,2.05503,-0.360223,-1.89425,0.0426808,-0.23954,-1.6168,0.164635,-0.384863,-2.27657,0,-0.219744,-2.24504,0.0130168
19.26,-2.83865,0.375009,2.65187,-2.70784,0.41284,2.68905,-2.96493,0.452021,2,-2.86578,0.554211,2.0551,-0.342379,-1.90338,0.0409341,-0.24134,-1.629,0.153801,-0.365894,-2.28843,0,-0.193029,-2.25502,0.00216186
19.27,-2.84196,0.356027,2.65227,-2.71026,0.396485,2.69054,-2.96848,0.429195,2,-2.86757,0.531613,2.05507,-0.324621,-1.91201,0.0391427,-0.243413,-1.64213,0.142964,-0.347002,-2.29966,0,-0.16651,-2.26428,-0.00837047
19.28,-2.84513,0.33682,2.65266,-2.71271,0.379995,2.69191,-2.97186,0.406089,2,-2.86911,0.508928,2.05494,-0.306722,-1.92024,0.0372857,-0.245521,-1.65604,0.132093,-0.327947,-2.31038,0,-0.140145,-2.27273,-0.018608
19.29,-2.84818,0.317066,2.65303,-2.71517,0.363362,2.69318,-2.97513,0.382317,2,-2.87038,0.486162,2.0547,-0.288383,-1.92818,0.0353319,-0.24753,-1.67062,0.121217,-0.308411,-2.32074,0,-0.113971,-2.28034,-0.0285198
19.3,-2.85091,0.298254,2.65336,-2.71766,0.34658,2.69434,-2.97804,0.359672,2,-2.87139,0.463323,2.05437,-0.27098,-1.93526,0.0334322,-0.249381,-1.68592,0.110491,-0.28986,-2.32998,0,-0.088035,-2.28725,-0.0379623
19.31,-2.85356,0.278588,2.65369,-2.72016,0.329642,2.69539,-2.98088,0.335992,2,-2.87214,0.440419,2.05394,-0.252846,-1.94216,0.0314078,-0.250889,-1.70179,0.0999864,-0.270517,-2.33902,0,-0.0622787,-2.29337,-0.0468681
19.32,-2.85598,0.259349,2.65399,-2.72267,0.312543,2.69634,-2.98346,0.312818,2,-2.87263,0.417458,2.05343,-0.235159,-1.94843,0.0293918,-0.251973,-1.71819,0.0897385,-0.251641,-2.34723,0,-0.0367515,-2.29875,-0.0552049
19.33,-2.85823,0.239883,2.65428,-2.7252,0.295277,2.69718,-2.98588,0.289365,2,-2.87287,0.394446,2.05284,-0.217314,-1.95429,0.0273187,-0.252582,-1.73509,0.0797764,-0.232586,-2.35492,0,-0.0115302,-2.30345,-0.0629468
19.34,-2.86032,0.220252,2.65454,-2.72772,0.27784,2.69793,-2.98812,0.265707,2,-2.87286,0.371391,2.05218,-0.199364,-1.95972,0.0251967,-0.252544,-1.75235,0.0700857,-0.213411,-2.36205,0,0.0134273,-2.30743,-0.0701108
19.35,-2.86222,0.200703,2.65478,-2.73024,0.260229,2.69859,-2.99015,0.242141,2,-2.87261,0.3483,2.05144,-0.181532,-1.96465,0.0230546,-0.251865,-1.76984,0.0606952,-0.194351,-2.36852,0,0.0379963,-2.31067,-0.0766739
19.36,-2.86398,0.180583,2.655,-2.73276,0.242443,2.69915,-2.99204,0.217882,2,-2.87211,0.325181,2.05065,-0.163219,-1.96923,0.0208226,-0.250427,-1.78743,0.051609,-0.17477,-2.37455,0,0.0621868,-2.31315,-0.0826382
19.37,-2.86549,0.161376,2.6552,-2.73525,0.22448,2.69962,-2.99365,0.194719,2,-2.87136,0.30204,2.04979,-0.145772,-1.97314,0.0186685,-0.248208,-1.80505,0.0428157,-0.156106,-2.37969,0,0.0859164,-2.3149,-0.0880236
19.38,-2.86686,0.141507,2.65537,-2.73772,0.206342,2.70001,-2.99512,0.170755,2,-2.87039,0.278885,2.04889,-0.127754,-1.97672,0.0164187,-0.245139,-1.82264,0.0342957,-0.136826,-2.3844,0,0.109162,-2.31597,-0.0928602
19.39,-2.86806,0.121653,2.65553,-2.74015,0.188028,2.70031,-2.9964,0.146805,2,-2.86918,0.255722,2.04794,-0.109778,-1.97981,0.0141515,-0.241175,-1.84013,0.0260331,-0.117585,-2.38848,0,0.131887,-2.31641,-0.0971774
19.4,-2.86906,0.102029,2.65566,-2.74254,0.16954,2.70053,-2.99747,0.123129,2,-2.86775,0.232559,2.04695,-0.0920332,-1.98241,0.0118944,-0.236255,-1.85746,0.0179961,-0.0985862,-2.3919,0,0.154081,-2.31625,-0.101023
19.4101,-2.86991,0.0815957,2.65577,-2.74487,0.15088,2.70067,-2.99838,0.0984729,2,-2.8661,0.209399,2.04592,-0.0735766,-1.98462,0.00952982,-0.230333,-1.8745,0.0101682,-0.0788209,-2.39482,0,0.175727,-2.3155,-0.104432
19.42,-2.87054,0.0622063,2.65585,-2.74714,0.132051,2.70073,-2.99906,0.0750749,2,-2.86424,0.186251,2.04486,-0.0560786,-1.98626,0.0072752,-0.223435,-1.89116,0.00257764,-0.0600788,-2.39699,0,0.196757,-2.31414,-0.107398
19.43,-2.87102,0.0419082,2.65591,-2.74934,0.113058,2.70072,-2.99957,0.0505788,2,-2.86217,0.163118,2.04377,-0.0377728,-1.98751,0.00490636,-0.215526,-1.90738,-0.00479635,-0.0404688,-2.39864,0,0.217162,-2.31225,-0.109964
19.44,-2.8713,0.0225164,2.65595,-2.75145,0.093905,2.70064,-2.99988,0.0271752,2,-2.8599,0.140007,2.04266,-0.0202922,-1.98824,0.0026377,-0.206609,-1.92309,-0.0119476,-0.0217411,-2.39961,0,0.236913,-2.30984,-0.112149
19.45,-2.87142,0.00263048,2.65596,-2.75347,0.074598,2.70048,-3,0.00317477,2,-2.85743,0.116923,2.04153,-0.00237054,-1.98854,0.000308225,-0.196722,-1.93822,-0.0189012,-0.00253982,-2.39999,0,0.255948,-2.30693,-0.114006
19.46,-2.87135,-0.01771,2.65595,-2.75538,0.0551425,2.70026,-2.99992,-0.0213744,2,-2.85478,0.0938699,2.04038,0.0159603,-1.98836,-0.00207484,-0.185837,-1.95275,-0.0256438,0.0170999,-2.39976,0,0.274288,-2.30362,-0.115548
19.47,-2.87111,-0.0371609,2.65592,-2.75718,0.0355453,2.69997,-2.99966,-0.0448494,2,-2.85195,0.0708521,2.03922,0.0334928,-1.98773,-0.00435137,-0.173923,-1.96657,-0.0321587,0.0358835,-2.39893,0,0.291959,-2.29986,-0.11679
19.4801,-2.87066,-0.05778,2.65586,-2.75885,0.015814,2.69962,-2.99919,-0.0697334,2,-2.84895,0.0478742,2.03805,0.0520859,-1.98658,-0.0067593,-0.160974,-1.97955,-0.0384732,0.0558018,-2.39741,0,0.30897,-2.29564,-0.117787
19.49,-2.87008,-0.0768057,2.65579,-2.7604,-0.00404306,2.6992,-2.99857,-0.0926929,2,-2.84577,0.0249406,2.03686,0.0692526,-1.98507,-0.00897372,-0.146999,-1.99171,-0.0445747,0.0741897,-2.39541,0,0.325328,-2.29103,-0.118558
19.5,-2.8693,-0.0965641,2.65569,-2.76179,-0.0240173,2.69872,-2.99773,-0.116535,2,-2.84244,0.00205497,2.03568,0.0870949,-1.98305,-0.0112633,-0.13209,-2.00299,-0.0504537,0.0932981,-2.39275,0,0.340961,-2.28605,-0.119124
19.51,-2.86831,-0.116959,2.65556,-2.76303,-0.0440996,2.69819,-2.99667,-0.141142,2,-2.83896,-0.020779,2.03448,0.105532,-1.98047,-0.013613,-0.116274,-2.01329,-0.0561148,0.113039,-2.38935,0,0.355877,-2.28068,-0.11952
19.52,-2.86719,-0.136308,2.65542,-2.76411,-0.0642798,2.6976,-2.99547,-0.164484,2,-2.83533,-0.0435575,2.03329,0.123045,-1.97757,-0.0158268,-0.099608,-2.02261,-0.0615338,0.131786,-2.38553,0,0.370055,-2.27499,-0.119752
19.53,-2.86587,-0.156183,2.65524,-2.76502,-0.0845484,2.69696,-2.99405,-0.188457,2,-2.83156,-0.0662778,2.03209,0.14106,-1.97412,-0.0180825,-0.0821206,-2.03094,-0.0667223,0.151065,-2.38098,0,0.383499,-2.26901,-0.11986
19.54,-2.86438,-0.175743,2.65505,-2.76575,-0.104895,2.69627,-2.99246,-0.212046,2,-2.82766,-0.0889372,2.03089,0.15882,-1.97026,-0.0202818,-0.0638504,-2.03833,-0.0716887,0.170064,-2.3759,0,0.396221,-2.26287,-0.119878
19.55,-2.8627,-0.195405,2.65484,-2.7663,-0.125312,2.69553,-2.99066,-0.235754,2,-2.82364,-0.111535,2.02969,0.176707,-1.96591,-0.0224695,-0.0448356,-2.04474,-0.0764309,0.189192,-2.37017,0,0.408235,-2.25656,-0.11983
19.56,-2.8608,-0.21549,2.6546,-2.76665,-0.145786,2.69474,-2.98863,-0.259966,2,-2.8195,-0.134067,2.02849,0.195016,-1.96097,-0.0246774,-0.0251087,-2.04996,-0.0809541,0.208764,-2.36368,0,0.419562,-2.24993,-0.119743
19.57,-2.85881,-0.234616,2.65435,-2.7668,-0.166307,2.69391,-2.9865,-0.283017,2,-2.81525,-0.156532,2.0273,0.212493,-1.9558,-0.0267523,-0.00471159,-2.05402,-0.0852633,0.227437,-2.35689,0,0.430219,-2.24303,-0.119645
19.58,-2.8565,-0.25497,2.65406,-2.76674,-0.186863,2.69304,-2.98402,-0.307542,2,-2.81089,-0.178927,2.0261,0.23114,-1.94979,-0.0289282,0.0163194,-2.05685,-0.0893723,0.247351,-2.34901,0,0.440228,-2.23584,-0.119566
19.59,-2.85421,-0.273602,2.65377,-2.76647,-0.20744,2.69212,-2.98157,-0.329987,2,-2.80644,-0.201249,2.0249,0.248257,-1.94383,-0.0308886,0.0378955,-2.05853,-0.0932466,0.265621,-2.3412,0,0.449567,-2.22846,-0.119488
19.6,-2.85162,-0.2931,2.65345,-2.76598,-0.228029,2.69117,-2.9788,-0.353467,2,-2.8019,-0.223495,2.02371,0.266222,-1.93711,-0.0329053,0.0600105,-2.059,-0.0968947,0.284786,-2.33241,0,0.458294,-2.22084,-0.11943
19.61,-2.84882,-0.312739,2.65311,-2.76527,-0.248617,2.69019,-2.97581,-0.377109,2,-2.79728,-0.245665,2.02252,0.284375,-1.92985,-0.0348982,0.0826287,-2.05829,-0.10031,0.304139,-2.32292,0,0.466449,-2.21302,-0.119397
19.62,-2.84593,-0.331741,2.65275,-2.76433,-0.269191,2.68917,-2.97272,-0.399978,2,-2.79258,-0.267755,2.02132,0.302001,-1.92233,-0.0367876,0.105705,-2.05635,-0.103502,0.322919,-2.3131,0,0.474057,-2.20499,-0.119404
19.6302,-2.84275,-0.351345,2.65237,-2.76315,-0.28974,2.68812,-2.96932,-0.423563,2,-2.7878,-0.289764,2.02013,0.320251,-1.91406,-0.038694,0.129128,-2.05329,-0.106481,0.342351,-2.30233,0,0.481077,-2.19683,-0.119463
19.64,-2.83955,-0.369931,2.65198,-2.76174,-0.310252,2.68704,-2.9659,-0.445916,2,-2.78296,-0.311691,2.01893,0.337622,-1.90574,-0.0404593,0.15282,-2.04901,-0.109254,0.360834,-2.2915,0,0.487506,-2.18845,-0.119581
19.65,-2.83606,-0.389075,2.65157,-2.7601,-0.330716,2.68593,-2.96217,-0.46893,2,-2.77805,-0.333532,2.01774,0.355586,-1.89667,-0.0422322,0.176718,-2.04354,-0.111819,0.379935,-2.27971,0,0.493355,-2.17987,-0.119754
19.66,-2.83242,-0.407971,2.65114,-2.75821,-0.351119,2.6848,-2.95828,-0.491637,2,-2.77309,-0.355288,2.01654,0.373395,-1.8872,-0.0439347,0.200812,-2.03691,-0.114176,0.398856,-2.26743,0,0.498684,-2.17114,-0.119974
19.67,-2.82862,-0.426677,2.65069,-2.75608,-0.371451,2.68365,-2.95422,-0.514108,2,-2.76808,-0.376955,2.01534,0.391106,-1.87733,-0.0455717,0.225066,-2.02921,-0.116344,0.417659,-2.25463,0,0.503526,-2.16229,-0.120249
19.6802,-2.82444,-0.446232,2.65021,-2.75444,-0.385634,2.68283,-2.94976,-0.537588,2,-2.76455,-0.392069,2.01449,0.40971,-1.86645,-0.0472289,0.242159,-2.02312,-0.117753,0.437395,-2.24057,0,0.506682,-2.15597,-0.120472
19.69,-2.82044,-0.464049,2.64975,-2.75109,-0.411854,2.68128,-2.94548,-0.558971,2,-2.75792,-0.420019,2.01292,0.426747,-1.85604,-0.0486886,0.274077,-2.01032,-0.120192,0.455453,-2.22714,0,0.512053,-2.14397,-0.120993
19.7001,-2.816,-0.482876,2.64924,-2.74822,-0.431902,2.68007,-2.94075,-0.581558,2,-2.75278,-0.441412,2.01171,0.444844,-1.84452,-0.050177,0.29876,-1.99925,-0.122008,0.47462,-2.21228,0,0.515788,-2.13454,-0.121564
19.71,-2.81147,-0.501246,2.64874,-2.74511,-0.451836,2.67884,-2.93592,-0.603585,2,-2.74761,-0.46271,2.01049,0.4626,-1.83273,-0.0515734,0.323484,-1.98726,-0.123665,0.493408,-2.19712,0,0.519189,-2.12505,-0.122154
19.72,-2.80682,-0.519275,2.64822,-2.74175,-0.471645,2.6776,-2.93096,-0.625193,2,-2.7424,-0.483912,2.00927,0.480126,-1.82064,-0.0528884,0.348209,-1.97438,-0.125123,0.511937,-2.1816,0,0.5223,-2.11551,-0.122701
19.73,-2.8019,-0.537527,2.64768,-2.73815,-0.49132,2.67634,-2.92571,-0.647059,2,-2.73716,-0.50502,2.00804,0.497975,-1.80786,-0.0541615,0.37291,-1.96056,-0.126402,0.530791,-2.16522,0,0.525142,-2.10587,-0.1232
19.7402,-2.7967,-0.556002,2.64712,-2.7343,-0.510853,2.67507,-2.92017,-0.66918,2,-2.7319,-0.526029,2.0068,0.516157,-1.79434,-0.0553883,0.397549,-1.94574,-0.127529,0.54998,-2.14794,0,0.527744,-2.09599,-0.12365
19.7503,-2.79134,-0.574244,2.64655,-2.7302,-0.530232,2.67379,-2.91446,-0.691012,2,-2.72661,-0.546939,2.00557,0.53423,-1.78042,-0.0565367,0.422094,-1.93,-0.128503,0.569035,-2.13017,0,0.530139,-2.08595,-0.124024
19.76,-2.78616,-0.591176,2.646,-2.72585,-0.54945,2.6725,-2.90894,-0.711265,2,-2.7213,-0.567747,2.00432,0.551117,-1.76697,-0.0575445,0.446473,-1.91338,-0.129336,0.586824,-2.11303,0,0.53231,-2.07572,-0.124304
19.7701,-2.78049,-0.608971,2.64542,-2.72127,-0.568497,2.67121,-2.90291,-0.732539,2,-2.71596,-0.588453,2.00308,0.568987,-1.75227,-0.0585416,0.47071,-1.89597,-0.130037,0.605631,-2.09434,0,0.534334,-2.06537,-0.124472
19.7801,-2.77468,-0.626524,2.64482,-2.71644,-0.587367,2.6699,-2.89672,-0.753513,2,-2.71061,-0.609055,2.00184,0.586745,-1.73718,-0.0594607,0.494732,-1.87787,-0.130623,0.624302,-2.07521,0,0.536201,-2.05493,-0.124513
19.79,-2.76884,-0.643493,2.64424,-2.71137,-0.606052,2.66859,-2.89051,-0.773779,2,-2.70524,-0.629551,2.00059,0.604041,-1.72203,-0.0602865,0.518534,-1.85904,-0.131104,0.642471,-2.05603,0,0.537959,-2.04435,-0.124407
19.8,-2.76273,-0.660563,2.64363,-2.70607,-0.624545,2.66728,-2.88402,-0.794154,2,-2.69985,-0.649941,1.99935,0.621575,-1.70621,-0.0610531,0.542155,-1.83945,-0.131495,0.660873,-2.03604,0,0.539694,-2.03352,-0.124139
19.81,-2.7563,-0.677897,2.643,-2.70053,-0.642838,2.66596,-2.87718,-0.814833,2,-2.69445,-0.670221,1.99811,0.639526,-1.68954,-0.0617636,0.565549,-1.81908,-0.131814,0.679694,-2.01501,0,0.541412,-2.0224,-0.123698
19.8201,-2.74987,-0.694565,2.64239,-2.69476,-0.660924,2.66464,-2.87035,-0.834706,2,-2.68902,-0.690388,1.99687,0.656934,-1.6729,-0.0623804,0.588696,-1.79805,-0.132064,0.697927,-1.99408,0,0.543142,-2.01105,-0.123057
19.83,-2.74325,-0.711118,2.64177,-2.68876,-0.678797,2.66332,-2.86332,-0.854432,2,-2.68358,-0.710441,1.99565,0.674371,-1.65577,-0.0629265,0.611542,-1.77639,-0.13225,0.716175,-1.97258,0,0.544868,-1.99944,-0.122196
19.84,-2.7364,-0.727639,2.64113,-2.68253,-0.69645,2.662,-2.85604,-0.874109,2,-2.67813,-0.730376,1.99443,0.691933,-1.63805,-0.0634035,0.634099,-1.75413,-0.132382,0.734535,-1.95038,0,0.546648,-1.98757,-0.121096
19.85,-2.72948,-0.743716,2.6405,-2.67608,-0.713878,2.66068,-2.8487,-0.893246,2,-2.67265,-0.750191,1.99323,0.70918,-1.62019,-0.0638004,0.656361,-1.73131,-0.132459,0.75255,-1.92806,0,0.548518,-1.97542,-0.119732
19.86,-2.72217,-0.760118,2.63985,-2.66941,-0.731075,2.65935,-2.84095,-0.912759,2,-2.66715,-0.769884,1.99204,0.726947,-1.60132,-0.064135,0.678299,-1.70806,-0.1325,0.771089,-1.90452,0,0.550484,-1.96306,-0.118101
19.87,-2.71483,-0.776015,2.63921,-2.66251,-0.748038,2.65803,-2.83315,-0.931661,2,-2.66164,-0.789452,1.99087,0.74434,-1.58238,-0.0643893,0.699923,-1.68437,-0.132504,0.789222,-1.88094,0,0.552597,-1.95046,-0.116179
19.8801,-2.70736,-0.791604,2.63857,-2.65541,-0.764761,2.6567,-2.82524,-0.950186,2,-2.6561,-0.808892,1.98971,0.76157,-1.56317,-0.0645697,0.721262,-1.66028,-0.132461,0.807168,-1.85707,0,0.554918,-1.93758,-0.11394
19.89,-2.69963,-0.807189,2.63792,-2.64809,-0.781242,2.65538,-2.81705,-0.968696,2,-2.65054,-0.828202,1.98859,0.77898,-1.54328,-0.0646798,0.742327,-1.63578,-0.132387,0.825285,-1.83242,0,0.55749,-1.92437,-0.111383
19.9,-2.69183,-0.822374,2.63728,-2.64056,-0.797476,2.65405,-2.80879,-0.986722,2,-2.64495,-0.847378,1.98749,0.79613,-1.52324,-0.0647172,0.763118,-1.61092,-0.132264,0.843114,-1.80763,0,0.56035,-1.91085,-0.108475
19.91,-2.68368,-0.837708,2.63663,-2.63283,-0.813459,2.65273,-2.80015,-1.00491,2,-2.63933,-0.866418,1.98642,0.813645,-1.50231,-0.0646828,0.783578,-1.58576,-0.13209,0.861307,-1.78179,0,0.563472,-1.89702,-0.105203
19.92,-2.6754,-0.852715,2.63598,-2.62489,-0.82919,2.65141,-2.7914,-1.02271,2,-2.63368,-0.885317,1.98539,0.83099,-1.48112,-0.0645765,0.803725,-1.56025,-0.131899,0.879307,-1.75568,0,0.566906,-1.88278,-0.101594
19.93,-2.66712,-0.86722,2.63534,-2.61675,-0.844663,2.65009,-2.78264,-1.0399,2,-2.62799,-0.904072,1.98439,0.847959,-1.45994,-0.0644033,0.823549,-1.5344,-0.131702,0.896901,-1.72964,0,0.570668,-1.86809,-0.0976535
19.94,-2.65858,-0.881677,2.6347,-2.60842,-0.859876,2.64878,-2.7736,-1.05702,2,-2.62227,-0.922677,1.98343,0.865081,-1.43811,-0.0641593,0.843098,-1.50808,-0.131492,0.914639,-1.70286,0,0.574831,-1.85281,-0.0933713
19.95,-2.64978,-0.896041,2.63406,-2.59989,-0.874824,2.64746,-2.7643,-1.07402,2,-2.6165,-0.941126,1.98252,0.882316,-1.41568,-0.0638438,0.862383,-1.48134,-0.131257,0.932479,-1.6754,0,0.579431,-1.8369,-0.0887383
19.9601,-2.64078,-0.91023,2.63341,-2.59117,-0.889502,2.64615,-2.75479,-1.09081,2,-2.61068,-0.959413,1.98166,0.899571,-1.39277,-0.063458,0.881361,-1.45428,-0.131017,0.950324,-1.6474,0,0.584448,-1.82045,-0.083778
19.9701,-2.6317,-0.924046,2.63278,-2.58227,-0.903908,2.64484,-2.7452,-1.10715,2,-2.6048,-0.977533,1.98085,0.916607,-1.3697,-0.0630089,0.900095,-1.42696,-0.130771,0.967928,-1.61926,0,0.589966,-1.80347,-0.0784972
19.98,-2.62245,-0.937621,2.63215,-2.57317,-0.91804,2.64354,-2.73544,-1.12319,2,-2.59888,-0.995481,1.98009,0.933587,-1.34625,-0.0624941,0.918546,-1.39936,-0.130514,0.98546,-1.59072,0,0.595962,-1.78587,-0.0729019
19.9901,-2.61303,-0.950968,2.63153,-2.5639,-0.931895,2.64223,-2.72549,-1.13896,2,-2.59288,-1.01325,1.97939,0.950528,-1.32241,-0.0619142,0.936694,-1.37151,-0.130238,1.00294,-1.56176,0,0.602438,-1.76766,-0.0669995
20,-2.60362,-0.963829,2.63093,-2.55444,-0.94547,2.64093,-2.71556,-1.15414,2,-2.58682,-1.03083,1.97875,0.967102,-1.29866,-0.0612833,0.954544,-1.34348,-0.129932,1.02003,-1.53296,0,0.609417,-1.74887,-0.0607944
20.01,-2.59385,-0.976714,2.63031,-2.54481,-0.958763,2.63963,-2.70526,-1.16935,2,-2.58069,-1.04822,1.97818,0.983968,-1.27405,-0.060577,0.972156,-1.3152,-0.12961,1.0374,-1.50317,0,0.616975,-1.72939,-0.0543211
20.02,-2.58368,-0.989632,2.6297,-2.535,-0.971773,2.63834,-2.69455,-1.18459,2,-2.57448,-1.06542,1.97767,1.00116,-1.24851,-0.0597911,0.989427,-1.28679,-0.129259,1.0551,-1.47231,0,0.625022,-1.70932,-0.0475906
20.03,-2.57386,-1.00166,2.62912,-2.52502,-0.984499,2.63705,-2.6842,-1.19877,2,-2.56819,-1.08241,1.97722,1.01744,-1.2239,-0.0589861,1.00639,-1.25831,-0.128877,1.07184,-1.44263,0,0.633609,-1.68867,-0.040627
20.04,-2.56363,-1.01374,2.62854,-2.51487,-0.996939,2.63576,-2.67342,-1.21301,2,-2.56181,-1.09919,1.97685,1.03408,-1.19832,-0.0581023,1.02309,-1.2297,-0.128468,1.08895,-1.41182,0,0.642776,-1.66735,-0.0334602
20.05,-2.55322,-1.02557,2.62796,-2.50456,-1.00909,2.63448,-2.66247,-1.22694,2,-2.55533,-1.11575,1.97656,1.05067,-1.17239,-0.0571608,1.03952,-1.20101,-0.128014,1.10599,-1.38065,0,0.652535,-1.6454,-0.0261053
20.0601,-2.54217,-1.03767,2.62737,-2.49408,-1.02096,2.6332,-2.65083,-1.24118,2,-2.54876,-1.13209,1.97633,1.06795,-1.14491,-0.056116,1.05567,-1.17225,-0.127511,1.12374,-1.34768,0,0.662882,-1.6228,-0.0185888
20.07,-2.53179,-1.04858,2.62683,-2.48345,-1.03254,2.63193,-2.63992,-1.25403,2,-2.54207,-1.14821,1.97619,1.08386,-1.1192,-0.0550974,1.07155,-1.14348,-0.12695,1.14006,-1.31688,0,0.673832,-1.59958,-0.0109383
20.08,-2.52047,-1.06004,2.62627,-2.47265,-1.04383,2.63066,-2.62801,-1.2675,2,-2.53528,-1.16408,1.97611,1.1009,-1.09124,-0.0539471,1.08719,-1.11465,-0.126327,1.15753,-1.28344,0,0.6854,-1.57568,-0.0031827
20.0902,-2.50958,-1.07062,2.62574,-2.4617,-1.05483,2.6294,-2.61656,-1.27995,2,-2.52836,-1.17972,1.97612,1.11699,-1.06441,-0.0528045,1.10257,-1.0858,-0.125632,1.17402,-1.2514,0,0.69758,-1.55112,0.00464825
20.1,-2.49859,-1.08089,2.62523,-2.4506,-1.06554,2.62815,-2.60501,-1.29202,2,-2.52132,-1.1951,1.97621,1.13292,-1.03745,-0.0516199,1.11773,-1.05684,-0.12485,1.19033,-1.21925,0,0.710396,-1.5258,0.0125337
20.1101,-2.48692,-1.09135,2.62471,-2.43935,-1.07597,2.62691,-2.59275,-1.30431,2,-2.51415,-1.21023,1.97637,1.14954,-1.0089,-0.0503286,1.13266,-1.02781,-0.12397,1.20735,-1.18527,0,0.723847,-1.49975,0.0204442
20.12,-2.47554,-1.10113,2.62422,-2.42795,-1.0861,2.62567,-2.58081,-1.3158,2,-2.50685,-1.2251,1.97662,1.16544,-0.981172,-0.04904,1.14739,-0.998717,-0.122995,1.22362,-1.1523,0,0.73794,-1.47296,0.0283363
20.1301,-2.46357,-1.11099,2.62373,-2.4164,-1.09594,2.62445,-2.56824,-1.32738,2,-2.49939,-1.23969,1.97694,1.18188,-0.952101,-0.0476549,1.16192,-0.969586,-0.121916,1.24043,-1.11779,0,0.752682,-1.44546,0.0361806
20.14,-2.45201,-1.12011,2.62328,-2.40471,-1.10549,2.62323,-2.55611,-1.33808,2,-2.49179,-1.254,1.97734,1.19747,-0.924134,-0.0462914,1.17627,-0.940386,-0.120735,1.25636,-1.08463,0,0.768066,-1.41721,0.0439344
20.15,-2.4399,-1.12925,2.62282,-2.39288,-1.11475,2.62203,-2.5434,-1.3488,2,-2.48403,-1.26803,1.97782,1.21351,-0.894958,-0.0448386,1.19045,-0.911157,-0.11944,1.27275,-1.05008,0,0.784095,-1.38824,0.0515703
20.1601,-2.42742,-1.13824,2.62237,-2.3809,-1.12371,2.62085,-2.53032,-1.35935,2,-2.47611,-1.28177,1.97837,1.22974,-0.865017,-0.0433174,1.20446,-0.88186,-0.118027,1.28934,-1.01467,0,0.800764,-1.35852,0.0590529
20.17,-2.41536,-1.14653,2.62195,-2.36879,-1.13239,2.61967,-2.51767,-1.36907,2,-2.46801,-1.2952,1.979,1.24517,-0.836193,-0.0418258,1.21832,-0.852469,-0.116482,1.30508,-0.98063,0,0.818072,-1.32802,0.0663569
20.18,-2.40264,-1.15486,2.62154,-2.35654,-1.14076,2.61852,-2.50434,-1.37885,2,-2.45974,-1.30832,1.9797,1.26115,-0.805928,-0.0402328,1.23204,-0.82304,-0.114802,1.3214,-0.944926,0,0.835995,-1.29681,0.0734498
20.19,-2.38989,-1.16281,2.62114,-2.34415,-1.14885,2.61738,-2.49099,-1.38816,2,-2.45129,-1.32113,1.98047,1.27689,-0.775727,-0.0386173,1.24561,-0.79361,-0.112988,1.33746,-0.909338,0,0.854525,-1.26493,0.0802947
20.2,-2.37737,-1.17023,2.62077,-2.33162,-1.15664,2.61626,-2.47787,-1.39686,2,-2.44265,-1.33362,1.9813,1.29209,-0.7462,-0.0370146,1.2591,-0.764143,-0.111056,1.35296,-0.874581,0,0.873693,-1.23235,0.0868404
20.21,-2.36412,-1.17767,2.6204,-2.31897,-1.16413,2.61516,-2.464,-1.40559,2,-2.43381,-1.34578,1.9822,1.3079,-0.715108,-0.0353036,1.2725,-0.734666,-0.109003,1.36908,-0.838021,0,0.89348,-1.19912,0.0930591
20.22,-2.35112,-1.18459,2.62006,-2.30618,-1.17133,2.61408,-2.4504,-1.41369,2,-2.42478,-1.3576,1.98316,1.32313,-0.68476,-0.0336119,1.28582,-0.705182,-0.106824,1.38461,-0.802372,0,0.91387,-1.16524,0.0989242
20.23,-2.33789,-1.19124,2.61974,-2.29325,-1.17823,2.61302,-2.43656,-1.42148,2,-2.41553,-1.36908,1.98418,1.33838,-0.654026,-0.0318784,1.29902,-0.675647,-0.104491,1.40016,-0.766303,0,0.934792,-1.13068,0.104435
20.24,-2.32428,-1.1977,2.61942,-2.2802,-1.18484,2.61199,-2.42231,-1.42905,2,-2.40608,-1.38021,1.98525,1.35382,-0.622544,-0.0300829,1.31209,-0.646068,-0.102013,1.41589,-0.72939,0,0.956221,-1.09548,0.109558
20.25,-2.31075,-1.20373,2.61913,-2.26701,-1.19115,2.61098,-2.40816,-1.43612,2,-2.39641,-1.39099,1.98637,1.3689,-0.591428,-0.0282899,1.32505,-0.616389,-0.0994,1.43125,-0.692938,0,0.978151,-1.05959,0.114259
20.26,-2.29687,-1.20953,2.61886,-2.25369,-1.19717,2.61,-2.39366,-1.44292,2,-2.38652,-1.4014,1.98753,1.3841,-0.559693,-0.0264437,1.33797,-0.586668,-0.096645,1.44674,-0.65579,0,1.00062,-1.02309,0.118528
20.27,-2.2831,-1.21492,2.6186,-2.24025,-1.20289,2.60905,-2.37926,-1.44923,2,-2.37639,-1.41145,1.98874,1.39894,-0.528363,-0.0246048,1.35086,-0.556929,-0.0937415,1.46186,-0.619144,0,1.0236,-0.986019,0.122353
20.28,-2.26902,-1.22005,2.61837,-2.22668,-1.20831,2.60813,-2.36456,-1.45524,2,-2.36604,-1.42112,1.98998,1.41386,-0.496527,-0.0227212,1.3637,-0.527075,-0.0907179,1.47705,-0.581935,0,1.04705,-0.948308,0.125691
20.29,-2.25463,-1.22491,2.61815,-2.21298,-1.21343,2.60724,-2.34952,-1.46094,2,-2.35545,-1.43041,1.99125,1.42886,-0.464169,-0.020792,1.3765,-0.497175,-0.0875424,1.49232,-0.544139,0,1.07096,-0.91004,0.128562
20.3,-2.2405,-1.22932,2.61795,-2.19915,-1.21825,2.60638,-2.33477,-1.46611,2,-2.34462,-1.43932,1.99255,1.44334,-0.432597,-0.0188967,1.38929,-0.467263,-0.0842216,1.50707,-0.507286,0,1.09532,-0.871275,0.13095
20.31,-2.2258,-1.23354,2.61777,-2.18519,-1.22277,2.60555,-2.31942,-1.47106,2,-2.33354,-1.44784,1.99387,1.45816,-0.399935,-0.0169234,1.40205,-0.437325,-0.0807605,1.52216,-0.469182,0,1.12009,-0.832017,0.132846
20.32,-2.211,-1.23742,2.61761,-2.17111,-1.227,2.60476,-2.30398,-1.4756,2,-2.32222,-1.45596,1.9952,1.47282,-0.367276,-0.0149387,1.41476,-0.407384,-0.0771428,1.5371,-0.431101,0,1.14522,-0.792314,0.134264
20.33,-2.19651,-1.24086,2.61747,-2.1569,-1.23092,2.60401,-2.28886,-1.47964,2,-2.31064,-1.46368,1.99655,1.48695,-0.335497,-0.0129974,1.42743,-0.377378,-0.0733742,1.55149,-0.394066,0,1.17068,-0.752127,0.135199
20.34,-2.18142,-1.24408,2.61735,-2.14256,-1.23454,2.60329,-2.27311,-1.48343,2,-2.2988,-1.471,1.99791,1.50143,-0.3026,-0.0109781,1.44008,-0.347265,-0.0694746,1.56624,-0.355743,0,1.19648,-0.711442,0.135637
20.35,-2.16629,-1.24695,2.61725,-2.12809,-1.23787,2.60262,-2.25733,-1.48681,2,-2.28671,-1.47791,1.99926,1.5157,-0.269854,-0.00895948,1.45273,-0.317092,-0.0654659,1.58078,-0.317611,0,1.2226,-0.670325,0.135562
20.36,-2.15103,-1.24949,2.61717,-2.1135,-1.24089,2.60199,-2.24142,-1.4898,2,-2.27435,-1.4844,2.00062,1.52986,-0.237073,-0.00693087,1.46535,-0.286867,-0.0613395,1.5952,-0.27945,0,1.24899,-0.628807,0.134994
20.37,-2.13584,-1.25167,2.61711,-2.09879,-1.2436,2.60139,-2.22558,-1.49237,2,-2.26173,-1.49048,2.00196,1.54373,-0.204639,-0.00491704,1.47796,-0.256557,-0.0571061,1.60933,-0.241705,0,1.27564,-0.58688,0.133935
20.38,-2.12029,-1.25356,2.61707,-2.08394,-1.24602,2.60084,-2.20937,-1.4946,2,-2.24884,-1.49614,2.00329,1.55769,-0.17169,-0.00286531,1.49058,-0.226191,-0.0527679,1.62356,-0.20337,0,1.30253,-0.544591,0.132398
20.39,-2.10465,-1.25511,2.61706,-2.06898,-1.24813,2.60034,-2.19307,-1.49645,2,-2.23568,-1.50137,2.00461,1.5715,-0.138793,-0.000811739,1.50318,-0.19575,-0.0483432,1.63764,-0.165102,0,1.32964,-0.501943,0.130382
20.4,-2.08887,-1.25633,2.61706,-2.05388,-1.24993,2.59988,-2.17663,-1.49791,2,-2.22224,-1.50618,2.0059,1.58521,-0.105848,0.00124911,1.51578,-0.165199,-0.0438362,1.65162,-0.126783,0,1.35693,-0.458925,0.127904
20.4101,-2.07271,-1.25724,2.61708,-2.03866,-1.25143,2.59946,-2.1598,-1.49899,2,-2.20854,-1.51055,2.00716,1.59902,-0.0723713,0.00334658,1.52839,-0.13454,-0.0392554,1.66571,-0.0878509,0,1.38441,-0.415558,0.12498
20.42,-2.05695,-1.25779,2.61712,-2.02331,-1.25262,2.59909,-2.14337,-1.49967,2,-2.19455,-1.51449,2.0084,1.61227,-0.0399616,0.00537967,1.54101,-0.103801,-0.0346079,1.67923,-0.0501606,0,1.41205,-0.371887,0.121626
20.43,-2.04062,-1.25802,2.61719,-2.00784,-1.25351,2.59877,-2.12637,-1.49998,2,-2.1803,-1.51799,2.00959,1.62577,-0.00666791,0.00746985,1.55363,-0.072961,-0.0299128,1.69301,-0.011442,0,1.4398,-0.327911,0.117851
20.4401,-2.02408,-1.25792,2.61728,-1.99224,-1.25408,2.59849,-2.10915,-1.4999,2,-2.16576,-1.52105,2.01075,1.63922,0.0267837,0.00957073,1.56623,-0.0420611,-0.025167,1.70674,0.0274623,0,1.46765,-0.283685,0.113686
20.45,-2.00806,-1.25751,2.61738,-1.97652,-1.25435,2.59827,-2.09247,-1.49945,2,-2.15094,-1.52366,2.01187,1.65203,0.0589118,0.0115884,1.5788,-0.0110986,-0.0203755,1.71982,0.0648313,0,1.49556,-0.239224,0.109155
20.4601,-1.9911,-1.25673,2.61751,-1.96066,-1.2543,2.59809,-2.07481,-1.49859,2,-2.13585,-1.52583,2.01293,1.66538,0.0926596,0.0137068,1.59136,0.0199377,-0.0155493,1.73347,0.10409,0,1.52352,-0.194535,0.104282
20.47,-1.97475,-1.25567,2.61765,-1.94469,-1.25395,2.59796,-2.0578,-1.49739,2,-2.12047,-1.52755,2.01395,1.67803,0.124885,0.0157279,1.60389,0.051038,-0.0107089,1.7464,0.141586,0,1.5515,-0.149638,0.0990759
20.48,-1.95772,-1.25424,2.61782,-1.92859,-1.25328,2.59787,-2.04008,-1.49576,2,-2.10482,-1.52882,2.01491,1.69099,0.158158,0.017812,1.61641,0.0821792,-0.00586936,1.75965,0.18031,0,1.5795,-0.104574,0.0935575
20.49,-1.94062,-1.25248,2.61801,-1.91236,-1.2523,2.59784,-2.02228,-1.49375,2,-2.08888,-1.52964,2.01582,1.70379,0.191274,0.0198825,1.6289,0.113388,-0.00103505,1.77275,0.218863,0,1.6075,-0.0593257,0.0877564
20.5,-1.92376,-1.25043,2.61822,-1.89601,-1.25101,2.59785,-2.00474,-1.49141,2,-2.07267,-1.53001,2.01667,1.7162,0.223634,0.0219014,1.64138,0.144682,0.00378192,1.78546,0.256549,0,1.63548,-0.013888,0.0816962
20.51,-1.90631,-1.248,2.61845,-1.87953,-1.24941,2.59791,-1.98659,-1.48861,2,-2.05617,-1.52992,2.01745,1.72883,0.256794,0.0239646,1.65381,0.176004,0.00859079,1.79839,0.295182,0,1.6634,0.0316689,0.075424
20.52,-1.88921,-1.24531,2.6187,-1.86293,-1.24749,2.59802,-1.9688,-1.48552,2,-2.0394,-1.52937,2.01818,1.74101,0.288996,0.0259621,1.66621,0.207335,0.0133744,1.81087,0.332717,0,1.69126,0.077318,0.068957
20.53,-1.87158,-1.24223,2.61897,-1.84621,-1.24526,2.59818,-1.95047,-1.48197,2,-2.02235,-1.52837,2.01883,1.75334,0.321849,0.0279926,1.67855,0.238686,0.0181213,1.82352,0.371029,0,1.71901,0.123062,0.0623212
20.54,-1.85394,-1.23884,2.61926,-1.82936,-1.24272,2.59839,-1.93212,-1.47806,2,-2.00502,-1.52691,2.01942,1.76548,0.354412,0.0299969,1.69083,0.270053,0.0228398,1.83598,0.409024,0,1.74665,0.168889,0.0555612
20.5499,-1.83653,-1.2352,2.61956,-1.81239,-1.23986,2.59864,-1.91401,-1.47385,2,-1.98742,-1.52499,2.01994,1.77726,0.386221,0.0319458,1.70304,0.301435,0.027514,1.84808,0.446161,0,1.77416,0.214787,0.0486987
20.56,-1.81842,-1.23111,2.6199,-1.7953,-1.23669,2.59894,-1.89518,-1.46913,2,-1.96954,-1.52262,2.0204,1.7893,0.418967,0.0339417,1.71518,0.332807,0.032127,1.86046,0.484417,0,1.8015,0.260723,0.0417553
20.57,-1.80062,-1.2268,2.62024,-1.77809,-1.23321,2.59928,-1.87668,-1.46414,2,-1.95139,-1.51978,2.02078,1.80094,0.450808,0.0358713,1.72724,0.364141,0.0366789,1.87242,0.521642,0,1.82867,0.306666,0.0347648
20.58,-1.78257,-1.22213,2.62061,-1.76076,-1.22941,2.59967,-1.85791,-1.45874,2,-1.93296,-1.51648,2.02109,1.81254,0.48276,0.0377954,1.73923,0.395465,0.0411435,1.88436,0.559025,0,1.85566,0.352635,0.0277388
20.59,-1.76448,-1.21717,2.621,-1.7433,-1.2253,2.6001,-1.83911,-1.453,2,-1.91427,-1.51273,2.02133,1.82397,0.514423,0.0396889,1.75113,0.426787,0.045515,1.89613,0.5961,0,1.88245,0.398631,0.0207076
20.6,-1.74613,-1.21185,2.6214,-1.72573,-1.22087,2.60058,-1.82003,-1.44683,2,-1.89532,-1.50851,2.02151,1.83536,0.546188,0.041574,1.76294,0.458078,0.0497872,1.90788,0.633325,0,1.90899,0.444623,0.0136989
20.6103,-1.72679,-1.20594,2.62185,-1.70805,-1.21614,2.6011,-1.79992,-1.43997,2,-1.87609,-1.50383,2.02161,1.84715,0.579289,0.0435217,1.77465,0.489313,0.0539643,1.92005,0.672152,0,1.93529,0.490579,0.00674998
20.62,-1.70923,-1.20031,2.62227,-1.69024,-1.21109,2.60166,-1.78167,-1.43344,2,-1.85661,-1.4987,2.02164,1.85767,0.608975,0.0452525,1.78626,0.520515,0.0580392,1.93091,0.707006,0,1.96133,0.536516,-0.000111712
20.63,-1.6905,-1.19403,2.62274,-1.67232,-1.20573,2.60226,-1.7622,-1.42614,2,-1.83687,-1.4931,2.02161,1.8687,0.640289,0.0470608,1.79776,0.55168,0.0619948,1.94231,0.743808,0,1.98706,0.582418,-0.0068633
20.64,-1.67147,-1.18737,2.62322,-1.65429,-1.20005,2.6029,-1.74242,-1.4184,2,-1.81687,-1.48705,2.0215,1.8797,0.671717,0.048856,1.80913,0.582775,0.065835,1.9537,0.780783,0,2.01246,0.628258,-0.0134782
20.65,-1.653,-1.18064,2.62371,-1.63614,-1.19407,2.60357,-1.72323,-1.41058,2,-1.79662,-1.48054,2.02134,1.89019,0.701838,0.0505568,1.8204,0.613787,0.0695612,1.96456,0.81626,0,2.03755,0.674018,-0.0199274
20.6601,-1.63339,-1.17322,2.62424,-1.61788,-1.18778,2.60429,-1.70285,-1.40194,2,-1.77612,-1.47357,2.02111,1.90113,0.733422,0.0523175,1.83158,0.644691,0.0731482,1.97591,0.853501,0,2.06232,0.719658,-0.0262013
20.67,-1.61469,-1.16587,2.62476,-1.59951,-1.18118,2.60504,-1.68341,-1.3934,2,-1.75538,-1.46615,2.02081,1.91138,0.763154,0.0539525,1.84265,0.675448,0.0765983,1.98654,0.888603,0,2.08674,0.765141,-0.0322735
20.68,-1.59548,-1.15807,2.62531,-1.58103,-1.17427,2.60582,-1.66344,-1.38431,2,-1.73439,-1.45827,2.02046,1.92171,0.793309,0.0555865,1.85361,0.70607,0.0799042,1.99727,0.924248,0,2.11078,0.810468,-0.0381233
20.69,-1.57638,-1.15006,2.62587,-1.56244,-1.16706,2.60664,-1.6436,-1.37498,2,-1.71316,-1.44994,2.02005,1.93179,0.822878,0.0571634,1.86446,0.736548,0.0830633,2.00776,0.959245,0,2.13442,0.855625,-0.0437306
20.7,-1.55716,-1.14175,2.62645,-1.54374,-1.15954,2.60748,-1.62362,-1.36528,2,-1.6917,-1.44116,2.01959,1.94176,0.852252,0.0587034,1.8752,0.766853,0.0860737,2.01814,0.994059,0,2.15767,0.900575,-0.0490753
20.7102,-1.53698,-1.13276,2.62706,-1.52493,-1.15172,2.60836,-1.60265,-1.35479,2,-1.67001,-1.43193,2.01907,1.95202,0.882658,0.0602674,1.88582,0.796977,0.0889226,2.02884,1.03015,0,2.18048,0.945302,-0.0541502
20.72,-1.51815,-1.12413,2.62765,-1.50602,-1.1436,2.60926,-1.58307,-1.34472,2,-1.64809,-1.42225,2.01851,1.96142,0.910638,0.0616777,1.89631,0.826926,0.0916169,2.03865,1.0634,0,2.20285,0.989803,-0.0589297
20.73,-1.49821,-1.11475,2.62828,-1.48701,-1.13518,2.61019,-1.56234,-1.33376,2,-1.62595,-1.41213,2.01789,1.97119,0.939853,0.0631187,1.90668,0.856681,0.0941504,2.04886,1.09818,0,2.22475,1.03404,-0.0633978
20.74,-1.47882,-1.10538,2.62891,-1.46789,-1.12647,2.61114,-1.54219,-1.32282,2,-1.6036,-1.40157,2.01724,1.98051,0.967844,0.064467,1.91691,0.886236,0.0965389,2.05861,1.13155,0,2.24615,1.07801,-0.0675287
20.7501,-1.45849,-1.09533,2.62958,-1.44867,-1.11746,2.61212,-1.52107,-1.31106,2,-1.58103,-1.39057,2.01654,1.99009,0.996745,0.0658234,1.92699,0.915565,0.098766,2.06864,1.16606,0,2.26703,1.12168,-0.0713259
20.76,-1.43852,-1.08521,2.63024,-1.42935,-1.10816,2.61312,-1.5003,-1.29921,2,-1.55826,-1.37914,2.01581,1.99931,1.02472,0.0670993,1.93696,0.944653,0.100838,2.07832,1.19952,0,2.28742,1.16502,-0.0747714
20.77,-1.41887,-1.07502,2.63091,-1.40993,-1.09857,2.61413,-1.47987,-1.28729,2,-1.53529,-1.36727,2.01505,2.00822,1.05182,0.0682986,1.9468,0.973502,0.102755,2.08767,1.23199,0,2.30727,1.20801,-0.0778534
20.78,-1.39875,-1.06438,2.63159,-1.39041,-1.08869,2.61517,-1.45896,-1.27481,2,-1.51212,-1.35498,2.01426,2.01715,1.07913,0.0694676,1.9565,1.00209,0.104516,2.09707,1.26476,0,2.32655,1.25062,-0.0805638
20.7901,-1.37829,-1.05332,2.6323,-1.3708,-1.07853,2.61622,-1.43769,-1.26184,2,-1.48876,-1.34226,2.01344,2.02606,1.10647,0.0705955,1.96608,1.0304,0.106117,2.10645,1.29763,0,2.34528,1.29283,-0.0829056
20.8001,-1.35787,-1.04205,2.63302,-1.35109,-1.06808,2.61729,-1.41646,-1.24863,2,-1.46521,-1.32912,2.0126,2.03477,1.1333,0.0716584,1.97551,1.05846,0.107564,2.11564,1.32994,0,2.36341,1.33464,-0.08487
20.8102,-1.33707,-1.03036,2.63375,-1.33129,-1.05736,2.61837,-1.39483,-1.2349,2,-1.44149,-1.31557,2.01174,2.04345,1.16017,0.0726762,1.98479,1.08625,0.108858,2.12482,1.36237,0,2.38093,1.37603,-0.0864521
20.8201,-1.31709,-1.01891,2.63447,-1.3114,-1.04636,2.61947,-1.37405,-1.22145,2,-1.4176,-1.30161,2.01087,2.05163,1.18555,0.0735916,1.99393,1.11376,0.109996,2.13347,1.39306,0,2.39783,1.41697,-0.0876525
20.8301,-1.29557,-1.00636,2.63524,-1.29141,-1.03508,2.62057,-1.35168,-1.20671,2,-1.39354,-1.28723,2.00999,2.06024,1.2124,0.0745077,2.00294,1.14097,0.11097,2.14259,1.42558,0,2.41409,1.45742,-0.0884827
20.8401,-1.27568,-0.994556,2.63596,-1.27134,-1.02354,2.62169,-1.33098,-1.19282,2,-1.36932,-1.27246,2.00911,2.06804,1.23679,0.0752906,2.01181,1.16786,0.111792,2.15087,1.45519,0,2.4297,1.49737,-0.0889376
20.8501,-1.25528,-0.982258,2.63671,-1.25118,-1.01173,2.62281,-1.30977,-1.17835,2,-1.34494,-1.25729,2.00821,2.07587,1.26136,0.0760282,2.02055,1.19444,0.112459,2.15919,1.48507,0,2.44464,1.53678,-0.0890234
20.8605,-1.23302,-0.968619,2.63753,-1.23093,-0.999651,2.62394,-1.28661,-1.16228,2,-1.32043,-1.24172,2.00733,2.08422,1.28766,0.0767571,2.02915,1.2207,0.112971,2.16808,1.51714,0,2.4589,1.57564,-0.0887492
20.87,-1.21382,-0.956678,2.63824,-1.21059,-0.987314,2.62507,-1.26665,-1.14821,2,-1.29577,-1.22578,2.00644,2.09126,1.30992,0.0773215,2.03759,1.24663,0.113348,2.17559,1.54433,0,2.47248,1.61394,-0.088112
20.8801,-1.19244,-0.943184,2.63903,-1.19018,-0.974719,2.6262,-1.2444,-1.13229,2,-1.27098,-1.20945,2.00556,2.09894,1.33427,0.0778799,2.04589,1.27223,0.113559,2.18379,1.57412,0,2.48534,1.65163,-0.0871445
20.89,-1.17181,-0.929977,2.63979,-1.16968,-0.96187,2.62734,-1.22293,-1.11671,2,-1.24606,-1.19275,2.0047,2.10618,1.3573,0.0783477,2.05405,1.29749,0.113622,2.19154,1.60237,0,2.49749,1.68872,-0.0858513
20.9,-1.15063,-0.916238,2.64058,-1.1491,-0.94877,2.62848,-1.2009,-1.10048,2,-1.22103,-1.17568,2.00385,2.11345,1.38047,0.0787548,2.06205,1.32238,0.113554,2.19932,1.63085,0,2.50893,1.72517,-0.0842312
20.9101,-1.12912,-0.902094,2.64138,-1.12844,-0.935424,2.62961,-1.17851,-1.08377,2,-1.19589,-1.15824,2.00302,2.12066,1.40352,0.0790921,2.0699,1.3469,0.11336,2.20706,1.65926,0,2.51963,1.76095,-0.0822926
20.92,-1.10827,-0.888212,2.64216,-1.1077,-0.921834,2.63074,-1.15681,-1.06735,2,-1.17064,-1.14046,2.0022,2.12748,1.4254,0.0793453,2.07759,1.37103,0.113056,2.21439,1.68629,0,2.5296,1.79603,-0.0800395
20.9301,-1.08635,-0.873432,2.64298,-1.08688,-0.908005,2.63187,-1.13399,-1.04986,2,-1.1453,-1.12233,2.00142,2.13448,1.44793,0.0795328,2.08512,1.39478,0.112628,2.22194,1.71416,0,2.53881,1.83042,-0.0775019
20.9401,-1.06544,-0.859168,2.64376,-1.066,-0.89394,2.63299,-1.11223,-1.03297,2,-1.11987,-1.10385,2.00065,2.141,1.46894,0.0796362,2.0925,1.41815,0.112086,2.22897,1.74024,0,2.54728,1.86408,-0.0746907
20.9501,-1.044,-0.844369,2.64455,-1.04504,-0.879643,2.63411,-1.0899,-1.01543,2,-1.09436,-1.08505,1.99992,2.14752,1.49003,0.0796653,2.09974,1.4411,0.111426,2.23601,1.76647,0,2.55501,1.89697,-0.0716312
20.9601,-1.0221,-0.829095,2.64537,-1.024,-0.865119,2.63522,-1.0671,-0.997314,2,-1.06877,-1.06592,1.99922,2.15401,1.51107,0.0796145,2.10685,1.46363,0.110648,2.24304,1.79269,0,2.56201,1.92909,-0.0683445
20.97,-1.00112,-0.814296,2.64614,-1.0029,-0.850372,2.63632,-1.04525,-0.97975,2,-1.04312,-1.04647,1.99856,2.16007,1.53077,0.0794891,2.11383,1.48577,0.109758,2.24962,1.81731,0,2.56827,1.96044,-0.0648487
20.98,-0.97867,-0.798305,2.64696,-0.981726,-0.835405,2.63742,-1.02187,-0.960759,2,-1.01741,-1.02671,1.99793,2.16639,1.55135,0.079272,2.12066,1.5075,0.108749,2.25648,1.84309,0,2.57379,1.991,-0.0611739
20.99,-0.957683,-0.783206,2.64773,-0.960486,-0.820223,2.6385,-1.00001,-0.942814,2,-0.991644,-1.00665,1.99733,2.17214,1.57012,0.0789911,2.12736,1.52881,0.107634,2.26274,1.86666,0,2.57858,2.02074,-0.0573305
21,-0.936041,-0.767488,2.64851,-0.939179,-0.80483,2.63957,-0.97746,-0.924121,2,-0.965837,-0.986298,1.99678,2.17791,1.58901,0.0786228,2.13395,1.54968,0.106416,2.26904,1.89044,0,2.58265,2.04965,-0.0533405
21.0101,-0.913652,-0.751077,2.64932,-0.917808,-0.789231,2.64063,-0.954132,-0.904589,2,-0.939993,-0.96566,1.99627,2.18372,1.60805,0.0781578,2.14041,1.57014,0.105091,2.27538,1.91447,0,2.586,2.07773,-0.0492329
21.0201,-0.891821,-0.734931,2.6501,-0.896372,-0.773429,2.64167,-0.931384,-0.88536,2,-0.91412,-0.944746,1.9958,2.18922,1.62614,0.0776223,2.14675,1.59014,0.103673,2.28141,1.93735,0,2.58866,2.10494,-0.0450193
21.03,-0.87018,-0.718789,2.65086,-0.874873,-0.757429,2.6427,-0.90883,-0.866123,2,-0.888223,-0.923564,1.99537,2.19453,1.64359,0.0770116,2.15297,1.60971,0.10216,2.28722,1.95948,0,2.59061,2.13128,-0.0407246
21.0402,-0.848057,-0.702152,2.65163,-0.853313,-0.741236,2.64371,-0.885771,-0.846281,2,-0.86231,-0.902123,1.99498,2.19979,1.66095,0.0763055,2.15905,1.62882,0.100567,2.293,1.98155,0,2.59184,2.15673,-0.0363601
21.0501,-0.825768,-0.685256,2.6524,-0.831692,-0.724855,2.64471,-0.862535,-0.826116,2,-0.836388,-0.880432,1.99464,2.20493,1.67795,0.0755109,2.165,1.64747,0.0988959,2.29867,2.00322,0,2.59237,2.18129,-0.031949
21.06,-0.803967,-0.668604,2.65314,-0.810013,-0.708289,2.64569,-0.839806,-0.80623,2,-0.810465,-0.8585,1.99434,2.20981,1.69411,0.0746534,2.17082,1.66566,0.097149,2.30405,2.02385,0,2.59223,2.20495,-0.0275129
21.0701,-0.781821,-0.651564,2.65388,-0.788276,-0.691543,2.64665,-0.816715,-0.785867,2,-0.784546,-0.836336,1.99409,2.21462,1.71003,0.0737017,2.17652,1.6834,0.0953263,2.30935,2.04425,0,2.59141,2.22771,-0.023075
21.08,-0.760009,-0.634664,2.6546,-0.766483,-0.674622,2.6476,-0.793968,-0.765658,2,-0.758639,-0.813949,1.99388,2.2192,1.72525,0.0726854,2.18209,1.70068,0.0934292,2.31442,2.06379,0,2.58995,2.24955,-0.0186585
21.0901,-0.737423,-0.617046,2.65534,-0.744635,-0.657531,2.64852,-0.770412,-0.744575,2,-0.732749,-0.791349,1.99372,2.22379,1.74052,0.0715514,2.18752,1.71749,0.0914617,2.31951,2.08345,0,2.58782,2.27048,-0.0142824
21.1,-0.715336,-0.599704,2.65604,-0.722733,-0.640274,2.64943,-0.747373,-0.723809,2,-0.706884,-0.768543,1.9936,2.22813,1.75498,0.0703631,2.19282,1.73382,0.089432,2.32433,2.1021,0,2.58507,2.29047,-0.00996105
21.1101,-0.692925,-0.581997,2.65674,-0.700779,-0.622856,2.65031,-0.723993,-0.702594,2,-0.68105,-0.745542,1.99352,2.23239,1.76917,0.0690779,2.19798,1.74967,0.0873406,2.32906,2.12045,0,2.58169,2.30954,-0.00571453
21.1201,-0.67055,-0.564212,2.65743,-0.678774,-0.605282,2.65117,-0.700647,-0.68127,2,-0.655252,-0.722355,1.99348,2.23649,1.78285,0.0677162,2.20304,1.76506,0.0851855,2.33363,2.13818,0,2.57775,2.3277,-0.00156553
21.13,-0.648384,-0.546493,2.65809,-0.656719,-0.587557,2.65201,-0.677517,-0.660013,2,-0.629497,-0.698991,1.99349,2.2404,1.79593,0.066291,2.20799,1.77999,0.0829732,2.338,2.15518,0,2.57324,2.34493,0.00247266
21.14,-0.626018,-0.528515,2.65874,-0.634614,-0.569684,2.65283,-0.654175,-0.638432,2,-0.603789,-0.67546,1.99353,2.2442,1.80866,0.0647773,2.21284,1.79443,0.0807096,2.34225,2.17176,0,2.5682,2.36124,0.00638733
21.1501,-0.60319,-0.510069,2.65939,-0.612462,-0.55167,2.65363,-0.630348,-0.616277,2,-0.578135,-0.65177,1.99361,2.24793,1.82117,0.0631556,2.21756,1.80837,0.0783966,2.34642,2.18809,0,2.56261,2.3766,0.0101625
21.16,-0.580894,-0.491962,2.66001,-0.590264,-0.533518,2.6544,-0.607074,-0.594515,2,-0.552539,-0.627931,1.99373,2.25143,1.83291,0.0614982,2.22215,1.82181,0.0760341,2.35035,2.20345,0,2.55651,2.39104,0.0137819
21.17,-0.558544,-0.473723,2.66061,-0.56802,-0.515235,2.65515,-0.58374,-0.572583,2,-0.527006,-0.603952,1.99389,2.25479,1.84421,0.0597656,2.22664,1.8348,0.0736179,2.35413,2.21827,0,2.54993,2.40457,0.0172265
21.18,-0.536,-0.455243,2.6612,-0.545731,-0.496824,2.65587,-0.560203,-0.550349,2,-0.501542,-0.579842,1.99408,2.25804,1.85514,0.0579476,2.23103,1.8473,0.0711568,2.35779,2.23263,0,2.54289,2.4172,0.0204908
21.19,-0.513562,-0.436769,2.66177,-0.523399,-0.47829,2.65657,-0.536771,-0.528109,2,-0.47615,-0.555611,1.9943,2.26114,1.86555,0.0560697,2.2353,1.85936,0.0686506,2.36127,2.24633,0,2.5354,2.42895,0.0235615
21.2,-0.490549,-0.417743,2.66233,-0.501025,-0.459639,2.65725,-0.512739,-0.505194,2,-0.450835,-0.531266,1.99455,2.26416,1.87575,0.054075,2.23945,1.87093,0.066111,2.36469,2.25979,0,2.52749,2.4398,0.0264388
21.2101,-0.467769,-0.398834,2.66286,-0.478611,-0.440873,2.65789,-0.488946,-0.482408,2,-0.425601,-0.506818,1.99483,2.26702,1.88536,0.0520339,2.24348,1.88202,0.0635382,2.36791,2.2725,0,2.51917,2.44978,0.0291129
21.22,-0.44511,-0.379955,2.66337,-0.456156,-0.422,2.65852,-0.465277,-0.459648,2,-0.400453,-0.482274,1.99513,2.26971,1.89445,0.0499403,2.24737,1.89262,0.0609361,2.37096,2.28454,0,2.51044,2.45885,0.0315786
21.23,-0.422617,-0.361148,2.66386,-0.433664,-0.403023,2.65911,-0.441779,-0.436963,2,-0.375394,-0.457644,1.99546,2.27225,1.90302,0.0478018,2.25115,1.90273,0.0583032,2.37383,2.29591,0,2.50135,2.46705,0.0338262
21.24,-0.399901,-0.342093,2.66432,-0.411134,-0.383947,2.65968,-0.418047,-0.413968,2,-0.350427,-0.432936,1.9958,2.27467,1.91121,0.0455838,2.25478,1.91233,0.0556432,2.37658,2.30679,0,2.4919,2.47436,0.0358527
21.25,-0.376736,-0.322599,2.66477,-0.388568,-0.364778,2.66023,-0.393843,-0.390435,2,-0.325557,-0.408159,1.99617,2.277,1.91908,0.0432641,2.25829,1.92142,0.0529637,2.37923,2.31727,0,2.48212,2.48078,0.0376606
21.2602,-0.353846,-0.303279,2.6652,-0.365968,-0.34552,2.66074,-0.369925,-0.367102,2,-0.300786,-0.383323,1.99656,2.27916,1.92638,0.0409172,2.26168,1.93002,0.0502617,2.38168,2.32702,0,2.47204,2.48635,0.0392428
21.2703,-0.330932,-0.283885,2.6656,-0.343335,-0.326179,2.66123,-0.345978,-0.34367,2,-0.276117,-0.358435,1.99696,2.28118,1.93322,0.0385161,2.26492,1.93815,0.0475396,2.38399,2.33616,0,2.46167,2.49109,0.0405983
21.28,-0.30866,-0.264988,2.66596,-0.32067,-0.306759,2.66169,-0.322702,-0.32083,2,-0.251553,-0.333504,1.99737,2.28301,1.93943,0.0361357,2.26805,1.94579,0.0447969,2.38607,2.34446,0,2.45104,2.495,0.0417246
21.29,-0.286089,-0.245792,2.66631,-0.297975,-0.287265,2.66213,-0.299111,-0.297621,2,-0.227097,-0.308538,1.99779,2.28473,1.94527,0.033679,2.27105,1.95294,0.0420329,2.38804,2.35228,0,2.44017,2.49808,0.04262
21.3,-0.262831,-0.225968,2.66664,-0.27525,-0.267702,2.66253,-0.274801,-0.273646,2,-0.202751,-0.283545,1.99822,2.28637,1.95081,0.0311042,2.27392,1.9596,0.0392494,2.38991,2.35972,0,2.42909,2.50035,0.0432869
21.3101,-0.239774,-0.206275,2.66694,-0.252497,-0.248074,2.66291,-0.250698,-0.249821,2,-0.178516,-0.258534,1.99866,2.28785,1.95584,0.0285111,2.27665,1.96575,0.036454,2.39161,2.36648,0,2.4178,2.5018,0.0437347
21.3201,-0.216679,-0.186515,2.66721,-0.229717,-0.228388,2.66326,-0.226556,-0.225909,2,-0.154395,-0.233512,1.99909,2.2892,1.96041,0.025877,2.27924,1.97141,0.0336469,2.39315,2.37263,0,2.40635,2.50247,0.0439654
21.33,-0.194228,-0.167273,2.66745,-0.206913,-0.208648,2.66358,-0.203085,-0.202619,2,-0.130389,-0.208487,1.99953,2.29038,1.96441,0.0232839,2.28171,1.97656,0.0308317,2.39449,2.378,0,2.39475,2.50233,0.043985
21.3401,-0.171402,-0.147683,2.66767,-0.184084,-0.188859,2.66388,-0.179221,-0.178901,2,-0.106501,-0.183468,1.99997,2.29144,1.96802,0.0206182,2.28405,1.98121,0.0279995,2.39571,2.38287,0,2.38301,2.50142,0.0437886
21.35,-0.148757,-0.128221,2.66786,-0.161232,-0.169025,2.66414,-0.155545,-0.155335,2,-0.0827296,-0.158461,2.00041,2.29236,1.97116,0.0179475,2.28624,1.98538,0.0251539,2.39677,2.3871,0,2.37116,2.49976,0.0433848
21.36,-0.12553,-0.108238,2.66803,-0.138359,-0.149153,2.66438,-0.131259,-0.131133,2,-0.0590776,-0.133475,2.00084,2.29318,1.97391,0.0151848,2.28829,1.98907,0.0223003,2.3977,2.39081,0,2.35922,2.49735,0.0427848
21.37,-0.102429,-0.0883448,2.66817,-0.115467,-0.129246,2.66459,-0.107105,-0.107037,2,-0.0355455,-0.108516,2.00126,2.29385,1.97618,0.0124172,2.29017,1.99225,0.0194401,2.39847,2.39388,0,2.34719,2.49421,0.0419962
21.3802,-0.0790349,-0.0681831,2.66828,-0.0925563,-0.109309,2.66477,-0.0826435,-0.0826122,2,-0.012134,-0.0835932,2.00168,2.29438,1.97802,0.00959793,2.29189,1.99493,0.0165756,2.39909,2.39636,0,2.33508,2.49034,0.0410272
21.39,-0.0570321,-0.0492093,2.66836,-0.0696294,-0.0893487,2.66492,-0.0596364,-0.0596246,2,0.0111561,-0.0587122,2.00208,2.29476,1.97931,0.00693444,2.29346,1.99711,0.0137001,2.39953,2.3981,0,2.32294,2.48573,0.0398775
21.4001,-0.033814,-0.0291793,2.66841,-0.0466877,-0.0693688,2.66504,-0.0353582,-0.0353558,2,0.0343246,-0.033881,2.00248,2.29503,1.98022,0.00411495,2.29486,1.99878,0.0108182,2.39983,2.39933,0,2.31076,2.4804,0.0385586
21.41,-0.0105419,-0.0090975,2.66844,-0.0237329,-0.0493749,2.66514,-0.0110234,-0.0110233,2,0.0573712,-0.00910653,2.00285,2.29516,1.98066,0.00128343,2.29608,1.99993,0.00793175,2.39998,2.39994,0,2.29855,2.47436,0.0370813
21.42,0.0120138,0.0103677,2.66844,-0.000766652,-0.0293718,2.6652,0.0125625,0.0125624,2,0.0802957,0.0156041,2.00322,2.29516,1.98065,-0.00146261,2.29714,2.0006,0.00504491,2.39998,2.39992,0,2.28636,2.46765,0.0354577
21.4303,0.0355525,0.0306793,2.66841,0.0222095,-0.0093645,2.66524,0.0371761,0.0371732,2,0.103099,0.0402443,2.00356,2.29502,1.98017,-0.0043263,2.29806,2.00079,0.00216045,2.39982,2.39926,0,2.27422,2.46028,0.0336973
21.44,0.0578625,0.0499256,2.66836,0.0451939,0.0106423,2.66525,0.0605048,0.0604925,2,0.12578,0.0648076,2.00389,2.29475,1.97927,-0.00703514,2.29881,2.0005,-0.000722717,2.39951,2.39805,0,2.26213,2.45227,0.0318079
21.45,0.080655,0.0695798,2.66827,0.0681852,0.0306439,2.66522,0.0843375,0.0843042,2,0.148341,0.0892876,2.0042,2.29435,1.9779,-0.00979363,2.29941,1.99973,-0.00360283,2.39905,2.39621,0,2.25011,2.44361,0.029799
21.46,0.104043,0.089735,2.66816,0.0911816,0.0506353,2.66517,0.108792,0.108721,2,0.170783,0.113678,2.00449,2.2938,1.97604,-0.0126111,2.29984,1.99847,-0.00647668,2.39842,2.39369,0,2.23817,2.43433,0.027683
21.47,0.126726,0.109267,2.66802,0.114181,0.0706116,2.6651,0.132509,0.13238,2,0.193105,0.137972,2.00475,2.29314,1.97378,-0.0153276,2.3001,1.99672,-0.00934478,2.39766,2.39064,0,2.22634,2.42441,0.0254681
21.48,0.14954,0.128894,2.66785,0.137183,0.090568,2.66499,0.156363,0.15615,2,0.21531,0.162164,2.005,2.29234,1.97106,-0.0180402,2.30019,1.99448,-0.0121977,2.39674,2.38696,0,2.21462,2.41389,0.023171
21.49,0.17255,0.148668,2.66766,0.160185,0.110499,2.66485,0.180421,0.180094,2,0.237398,0.186248,2.00522,2.29139,1.96785,-0.0207528,2.30012,1.99174,-0.0150286,2.39566,2.38264,0,2.20304,2.40276,0.0208067
21.5,0.195416,0.168292,2.66744,0.183185,0.130401,2.66469,0.204327,0.203853,2,0.259371,0.210217,2.00541,2.29032,1.96421,-0.0234219,2.29989,1.9885,-0.0178433,2.39443,2.37773,0,2.19163,2.39102,0.0183779
21.5101,0.218548,0.188115,2.66719,0.206182,0.150268,2.66449,0.22851,0.227846,2,0.281231,0.234066,2.00558,2.2891,1.96006,-0.0260915,2.29947,1.98478,-0.020637,2.39303,2.37215,0,2.18037,2.37871,0.0158965
21.52,0.241124,0.20743,2.66692,0.229174,0.170095,2.66427,0.25211,0.251218,2,0.302979,0.257789,2.00573,2.28777,1.95556,-0.028664,2.29888,1.98056,-0.0234094,2.39151,2.3661,0,2.16929,2.36582,0.0133702
21.53,0.264108,0.227057,2.66662,0.252159,0.189877,2.66403,0.276135,0.274963,2,0.324618,0.281381,2.00585,2.28628,1.95052,-0.0312466,2.29811,1.97585,-0.0261576,2.38981,2.35933,0,2.15839,2.35238,0.0108084
21.5402,0.28763,0.247104,2.66628,0.275135,0.20961,2.66375,0.300722,0.299207,2,0.346148,0.304835,2.00595,2.28462,1.94488,-0.0338481,2.29715,1.97068,-0.0288907,2.38791,2.35177,0,2.1477,2.33841,0.00820905
21.55,0.309657,0.265835,2.66594,0.298101,0.229289,2.66345,0.323744,0.321853,2,0.367572,0.328147,2.00601,2.28293,1.93916,-0.0362432,2.29601,1.96502,-0.0316047,2.38598,2.3441,0,2.13722,2.32391,0.00558211
21.5601,0.332985,0.285625,2.66556,0.321055,0.248909,2.66312,0.348124,0.345772,2,0.388893,0.351312,2.00606,2.281,1.93263,-0.0387333,2.29468,1.95888,-0.0342944,2.38379,2.33537,0,2.12696,2.30888,0.00293754
21.5701,0.355577,0.304742,2.66517,0.343994,0.268465,2.66276,0.371734,0.368869,2,0.410112,0.374323,2.00607,2.279,1.92584,-0.0410965,2.29316,1.95226,-0.0369496,2.3815,2.3263,0,2.11694,2.29335,0.000291847
21.58,0.378165,0.323803,2.66475,0.366917,0.287953,2.66238,0.395336,0.391888,2,0.431233,0.397177,2.00606,2.27686,1.9186,-0.0434087,2.29146,1.94517,-0.0395626,2.37907,2.31665,0,2.10718,2.27733,-0.00234274
21.59,0.401098,0.343098,2.6643,0.389823,0.307367,2.66197,0.419298,0.415182,2,0.452257,0.419868,2.00603,2.27455,1.91079,-0.0457021,2.28959,1.93763,-0.0421382,2.37644,2.30623,0,2.0977,2.26085,-0.00496683
21.6,0.423651,0.362014,2.66383,0.412708,0.326704,2.66154,0.44286,0.438008,2,0.473188,0.442392,2.00596,2.27213,1.90264,-0.0479014,2.28754,1.92962,-0.0446757,2.37371,2.2954,0,2.08851,2.24391,-0.00757512
21.6101,0.446722,0.3813,2.66334,0.435573,0.345958,2.66108,0.466961,0.46127,2,0.494028,0.464745,2.00588,2.26952,1.89382,-0.0500913,2.28531,1.92114,-0.0471685,2.37075,2.28371,0,2.07961,2.22651,-0.0101578
21.62,0.469043,0.399893,2.66283,0.458414,0.365125,2.66059,0.490276,0.483685,2,0.514781,0.486921,2.00576,2.26686,1.88484,-0.0521497,2.28289,1.91217,-0.0496177,2.36773,2.2718,0,2.071,2.20865,-0.0127127
21.6301,0.492418,0.419291,2.66228,0.48123,0.3842,2.66009,0.51469,0.507059,2,0.535449,0.508916,2.00562,2.26392,1.87494,-0.0542395,2.28026,1.90272,-0.0520154,2.36442,2.25872,0,2.06268,2.19035,-0.0152295
21.64,0.514363,0.437429,2.66175,0.504019,0.403178,2.65955,0.537608,0.528905,2,0.556036,0.530727,2.00546,2.26103,1.86519,-0.0561379,2.27746,1.89282,-0.0543609,2.36115,2.24585,0,2.0547,2.17164,-0.0177052
21.65,0.536891,0.455975,2.66118,0.526779,0.422054,2.659,0.561133,0.55123,2,0.576544,0.552348,2.00527,2.25792,1.85472,-0.0580208,2.27448,1.88244,-0.0566439,2.35764,2.23207,0,2.04704,2.15253,-0.0201282
21.66,0.55983,0.474775,2.66058,0.549508,0.440825,2.65842,0.585083,0.573848,2,0.596977,0.573776,2.00505,2.2546,1.84357,-0.0598672,2.27131,1.87162,-0.0588676,2.35391,2.21743,0,2.03971,2.13303,-0.0225003
21.67,0.581884,0.492767,2.65999,0.572204,0.459485,2.65782,0.608107,0.595483,2,0.617339,0.595007,2.00482,2.25128,1.8324,-0.0615733,2.26794,1.86032,-0.0610281,2.35018,2.20278,0,2.03273,2.11314,-0.0248161
21.68,0.604587,0.511201,2.65936,0.594866,0.47803,2.6572,0.631807,0.617637,2,0.637633,0.616038,2.00456,2.24771,1.82042,-0.0632571,2.26438,1.84856,-0.063127,2.34617,2.1871,0,2.02608,2.09289,-0.0270773
21.69,0.627061,0.529355,2.65871,0.617491,0.496455,2.65656,0.655263,0.639442,2,0.657862,0.636864,2.00428,2.24403,1.80808,-0.0648496,2.26063,1.83631,-0.0651576,2.34205,2.171,0,2.01978,2.07225,-0.0292766
21.7,0.649357,0.547273,2.65806,0.640078,0.514755,2.6559,0.678532,0.660949,2,0.67803,0.657481,2.00397,2.24023,1.79537,-0.0663552,2.25669,1.82359,-0.0671174,2.33781,2.15445,0,2.01383,2.05126,-0.0314117
21.71,0.672036,0.565396,2.65738,0.662624,0.532925,2.65522,0.702197,0.682691,2,0.69814,0.677888,2.00365,2.23622,1.78196,-0.0678091,2.25255,1.8104,-0.0690091,2.33333,2.13702,0,2.00824,2.02992,-0.0334862
21.72,0.694037,0.582878,2.65671,0.685128,0.550961,2.65452,0.725153,0.703649,2,0.718196,0.698079,2.0033,2.23218,1.76847,-0.0691435,2.24822,1.79673,-0.0708292,2.32883,2.11955,0,2.003,2.00825,-0.0354972
21.7301,0.716678,0.600761,2.656,0.707588,0.568858,2.6538,0.748773,0.725075,2,0.738201,0.718052,2.00294,2.22787,1.75412,-0.0704375,2.2437,1.78261,-0.0725684,2.32404,2.10098,0,1.99812,1.98626,-0.0374366
21.74,0.738557,0.617933,2.6553,0.730002,0.586612,2.65307,0.771594,0.745637,2,0.758159,0.737803,2.00255,2.22357,1.73977,-0.0716103,2.239,1.76801,-0.0742268,2.31926,2.08248,0,1.99361,1.96396,-0.0393055
21.75,0.76095,0.635396,2.65457,0.752367,0.604217,2.65232,0.794949,0.766532,2,0.778075,0.75733,2.00215,2.21901,1.72461,-0.0727309,2.2341,1.75294,-0.0758031,2.31421,2.06296,0,1.98946,1.94136,-0.0411041
21.76,0.783512,0.65287,2.65383,0.774683,0.621669,2.65155,0.818478,0.787428,2,0.79795,0.776629,2.00173,2.21426,1.70883,-0.0737772,2.22901,1.7374,-0.0773007,2.30895,2.04272,0,1.98567,1.91846,-0.0428368
21.77,0.805064,0.669445,2.6531,0.796947,0.638963,2.65077,0.84095,0.807235,2,0.817789,0.795698,2.0013,2.20957,1.6933,-0.0746985,2.22375,1.72138,-0.0787208,2.30378,2.02283,0,1.98224,1.89527,-0.0445064
21.78,0.827261,0.686392,2.65235,0.819157,0.656095,2.64998,0.864092,0.827473,2,0.837596,0.814534,2.00084,2.20459,1.67683,-0.0755667,2.2183,1.70489,-0.0800552,2.29829,2.00178,0,1.97917,1.87181,-0.0461067
21.79,0.849352,0.703129,2.65159,0.841312,0.67306,2.64917,0.88712,0.847447,2,0.857374,0.833134,2.00037,2.19949,1.65995,-0.0763491,2.2127,1.68804,-0.0819951,2.29267,1.98028,0,1.97647,1.84824,-0.048319
21.8,0.871101,0.719479,2.65083,0.863411,0.689854,2.64834,0.90979,0.866945,2,0.877126,0.851497,1.99988,2.1943,1.64286,-0.0770392,2.20689,1.67068,-0.0834973,2.28698,1.95855,0,1.97411,1.82434,-0.0501171
21.81,0.893352,0.736067,2.65004,0.88545,0.706471,2.6475,0.932978,0.886714,2,0.896857,0.869619,1.99937,2.18884,1.62489,-0.0776624,2.20086,1.65269,-0.0840519,2.28099,1.93576,0,1.97207,1.79999,-0.051
21.82,0.915017,0.752082,2.64927,0.907427,0.722906,2.64666,0.955554,0.905786,2,0.916569,0.887496,1.99886,2.18337,1.60691,-0.0781886,2.19463,1.63415,-0.0841377,2.275,1.91302,0,1.97037,1.7753,-0.0514401
21.83,0.936711,0.767977,2.64849,0.929342,0.739153,2.64582,0.978158,0.924703,2,0.936266,0.905125,1.99834,2.17773,1.58843,-0.0786354,2.18823,1.61518,-0.0842937,2.26884,1.88971,0,1.96902,1.75042,-0.0519702
21.84,0.958586,0.783858,2.6477,0.951191,0.755208,2.64497,1.00095,0.94359,2,0.95595,0.922504,1.99782,2.17189,1.56932,-0.0790048,2.18165,1.5957,-0.0842106,2.26247,1.86566,0,1.96798,1.72527,-0.0522859
21.85,0.980129,0.79935,2.64691,0.972974,0.771065,2.64413,1.02339,0.962,2,0.975626,0.939629,1.9973,2.16598,1.55002,-0.0792887,2.17486,1.57568,-0.0836656,2.25604,1.84143,0,1.96727,1.69982,-0.0521679
21.86,1.00224,0.815093,2.6461,0.994688,0.78672,2.6433,1.04642,0.980696,2,0.995297,0.956499,1.99678,2.15975,1.52973,-0.0794977,2.16789,1.55514,-0.0827228,2.24927,1.81601,0,1.96687,1.67407,-0.0516801
21.87,1.02329,0.829926,2.64532,1.01633,0.802167,2.64248,1.06834,0.9983,2,1.01496,0.97311,1.99626,2.15366,1.50994,-0.0796193,2.16075,1.53411,-0.0815622,2.24266,1.79128,0,1.96678,1.64809,-0.051
21.88,1.04504,0.845096,2.64452,1.0379,0.817401,2.64167,1.09099,1.01629,2,1.03463,0.98946,1.99576,2.1472,1.48901,-0.0796657,2.15343,1.51262,-0.0802753,2.23567,1.7652,0,1.96698,1.62192,-0.0502178
21.89,1.06632,0.85977,2.64373,1.0594,0.832418,2.64087,1.11314,1.03368,2,1.05431,1.00555,1.99526,2.14073,1.46807,-0.0796333,2.14595,1.49069,-0.0789059,2.22867,1.73916,0,1.96747,1.59556,-0.0493761
21.9,1.08761,0.874286,2.64293,1.08082,0.847213,2.64009,1.1353,1.05087,2,1.07398,1.02137,1.99477,2.13408,1.44665,-0.0795242,2.1383,1.46829,-0.0773989,2.22151,1.71258,0,1.96822,1.569,-0.0484196
21.9101,1.10986,0.889273,2.6421,1.10216,0.861782,2.63933,1.15846,1.0686,2,1.09367,1.03693,1.99429,2.12697,1.42376,-0.0793286,2.13048,1.44545,-0.0757685,2.21384,1.68425,0,1.96924,1.54225,-0.0473605
21.92,1.13035,0.902907,2.64134,1.12343,0.876121,2.63857,1.17979,1.08473,2,1.11337,1.05222,1.99382,2.12025,1.40222,-0.0790749,2.1225,1.42221,-0.0742642,2.20662,1.65765,0,1.97047,1.51538,-0.046444
21.93,1.15177,0.916981,2.64054,1.14461,0.890225,2.63784,1.20208,1.10136,2,1.13308,1.06723,1.99336,2.11306,1.37923,-0.0787348,2.11435,1.39851,-0.0725018,2.19891,1.62934,0,1.97195,1.48831,-0.0452882
21.94,1.17251,0.930433,2.63977,1.16572,0.90409,2.63712,1.22367,1.11725,2,1.15281,1.08198,1.99291,2.10594,1.35651,-0.0783328,2.10607,1.37443,-0.0707974,2.19128,1.60141,0,1.97363,1.46113,-0.0442035
21.9501,1.19388,0.944099,2.63897,1.18674,0.917713,2.63642,1.2459,1.13337,2,1.17255,1.09646,1.99248,2.09843,1.33264,-0.0778446,2.09764,1.35,-0.0692241,2.18324,1.57213,0,1.97551,1.43385,-0.0432595
21.9601,1.21509,0.957468,2.63819,1.20767,0.931089,2.63574,1.26796,1.14914,2,1.19232,1.11066,1.99205,2.0908,1.30847,-0.0772863,2.08907,1.3252,-0.0677642,2.1751,1.54255,0,1.97756,1.40647,-0.0424349
21.97,1.23539,0.970082,2.63744,1.22852,0.944216,2.63507,1.28908,1.16401,2,1.21211,1.12459,1.99163,2.08334,1.28489,-0.0766832,2.08036,1.30005,-0.0663724,2.16714,1.51375,0,1.97977,1.37898,-0.041681
21.98,1.25613,0.982775,2.63668,1.24928,0.957089,2.63441,1.31065,1.17895,2,1.23192,1.13824,1.99121,2.07554,1.26034,-0.0759987,2.07154,1.27455,-0.0650983,2.15884,1.48384,0,1.98214,1.35139,-0.0410428
21.99,1.27683,0.995249,2.63592,1.26995,0.969706,2.63377,1.33219,1.19363,2,1.25175,1.15161,1.99081,2.06759,1.23538,-0.0752467,2.06259,1.24872,-0.063908,2.15039,1.45348,0,1.98464,1.32372,-0.0404822
22,1.29746,1.00747,2.63517,1.29053,0.982062,2.63313,1.35364,1.20801,2,1.27161,1.16471,1.9904,2.05949,1.21007,-0.0744304,2.05352,1.22256,-0.0628367,2.1418,1.42276,0,1.98724,1.29595,-0.0400296
22.0101,1.31895,1.01998,2.6344,1.31102,0.994156,2.63251,1.37599,1.22272,2,1.29149,1.17753,1.99,2.05087,1.1832,-0.0735088,2.04431,1.19611,-0.061915,2.13266,1.39022,0,1.98993,1.26812,-0.0397101
22.02,1.3385,1.03117,2.6337,1.33141,1.00598,2.63189,1.39632,1.23585,2,1.31141,1.19007,1.98961,2.04286,1.15834,-0.0726084,2.03498,1.16937,-0.0611482,2.12419,1.36016,0,1.99269,1.24023,-0.0395234
22.03,1.35931,1.04286,2.63297,1.35172,1.01754,2.63128,1.41796,1.24957,2,1.33135,1.20234,1.98921,2.03416,1.13142,-0.0715854,2.02553,1.14228,-0.060278,2.115,1.32768,0,1.99551,1.21218,-0.0392067
22.0401,1.37938,1.05391,2.63226,1.37192,1.02883,2.63069,1.43882,1.26254,2,1.35132,1.21432,1.98882,2.02559,1.10503,-0.0705372,2.01598,1.11491,-0.0595491,2.10596,1.29589,0,1.99838,1.18407,-0.0389979
22.05,1.39945,1.06475,2.63157,1.39204,1.03984,2.63009,1.45969,1.27525,2,1.37132,1.22602,1.98843,2.01685,1.07819,-0.069428,2.00632,1.08732,-0.0590751,2.09675,1.26363,0,2.00125,1.15593,-0.039004
22.0601,1.42042,1.07583,2.63085,1.41205,1.05057,2.6295,1.48148,1.28824,2,1.39134,1.23744,1.98804,2.00752,1.0497,-0.0682062,1.99657,1.05946,-0.0587556,2.08694,1.22945,0,2.00413,1.12771,-0.0391191
22.07,1.43969,1.08581,2.6302,1.43197,1.06103,2.62892,1.50152,1.29992,2,1.4114,1.24857,1.98765,1.99878,1.02308,-0.0670259,1.98672,1.03133,-0.0584585,2.07776,1.19756,0,2.00701,1.09938,-0.0392058
22.08,1.45983,1.096,2.62953,1.45178,1.0712,2.62833,1.52245,1.31184,2,1.43148,1.25942,1.98726,1.98946,0.994866,-0.0657363,1.97677,1.00289,-0.0581021,2.06799,1.16381,0,2.00986,1.07092,-0.039176
22.09,1.47929,1.10562,2.62889,1.4715,1.08109,2.62775,1.54269,1.32309,2,1.4516,1.26999,1.98687,1.98028,0.967159,-0.0644344,1.96672,0.974244,-0.0579568,2.05837,1.13073,0,2.01264,1.0424,-0.0392934
22.1,1.49909,1.11517,2.62825,1.49112,1.09068,2.62717,1.56326,1.33425,2,1.47174,1.28027,1.98647,1.97076,0.938568,-0.0630561,1.95658,0.945404,-0.0580346,2.04841,1.09665,0,2.01534,1.01383,-0.0395644
22.1101,1.51932,1.12467,2.62761,1.51063,1.09999,2.62659,1.58429,1.34536,2,1.4919,1.29027,1.98607,1.96084,0.908905,-0.0615912,1.94634,0.916333,-0.0581408,2.03804,1.06134,0,2.01795,0.985159,-0.0397893
22.12,1.53838,1.13339,2.62702,1.53004,1.10901,2.62601,1.6041,1.35553,2,1.51209,1.29997,1.98568,1.95132,0.880572,-0.0601611,1.936,0.887022,-0.0582475,2.0281,1.02767,0,2.02045,0.956365,-0.0399349
22.1302,1.55873,1.14244,2.6264,1.54935,1.11773,2.62543,1.62525,1.36609,2,1.53231,1.30939,1.98528,1.94095,0.849867,-0.0585793,1.92556,0.857491,-0.0584146,2.01729,0.991231,0,2.02281,0.927461,-0.0400547
22.1401,1.57732,1.15046,2.62584,1.56856,1.12616,2.62484,1.64457,1.37544,2,1.55255,1.31852,1.98487,1.9313,0.821438,-0.0570873,1.91504,0.827781,-0.0587217,2.00725,0.95754,0,2.02502,0.898472,-0.0402238
22.15,1.59645,1.15847,2.62528,1.58765,1.13429,2.62425,1.66445,1.38478,2,1.57281,1.32736,1.98447,1.92119,0.791793,-0.0555049,1.90444,0.797875,-0.0590589,1.99673,0.922455,0,2.02707,0.869373,-0.0403268
22.1602,1.61631,1.16652,2.62472,1.60664,1.14212,2.62366,1.68509,1.39415,2,1.59309,1.33591,1.98407,1.9105,0.760593,-0.0538125,1.89377,0.767805,-0.059512,1.98562,0.885577,0,2.02892,0.840181,-0.0404464
22.17,1.63477,1.17375,2.6242,1.62553,1.14964,2.62306,1.70428,1.40256,2,1.61339,1.34417,1.98366,1.90037,0.731212,-0.0521951,1.88299,0.737595,-0.0600824,1.97511,0.850894,0,2.03055,0.810906,-0.0405808
22.1801,1.65483,1.18132,2.62366,1.6443,1.15687,2.62246,1.72513,1.41137,2,1.6337,1.35213,1.98326,1.88916,0.698864,-0.0503897,1.87214,0.707264,-0.0608095,1.96349,0.812755,0,2.03193,0.781557,-0.0407653
22.19,1.67238,1.18769,2.6232,1.66297,1.16379,2.62185,1.74337,1.41878,2,1.65403,1.3598,1.98285,1.87918,0.670216,-0.0487708,1.86118,0.676746,-0.0614569,1.95316,0.779016,0,2.03305,0.75206,-0.0407608
22.2,1.69112,1.19424,2.62272,1.68153,1.1704,2.62123,1.76285,1.42639,2,1.67436,1.36717,1.98244,1.86833,0.639252,-0.0470012,1.85014,0.646063,-0.0621505,1.94193,0.742588,0,2.03391,0.722424,-0.0406905
22.2101,1.71017,1.20062,2.62225,1.69997,1.17671,2.6206,1.78265,1.4338,2,1.6947,1.37425,1.98203,1.85711,0.607392,-0.0451606,1.83903,0.615319,-0.0630813,1.93033,0.705146,0,2.03446,0.692735,-0.0407461
22.22,1.72862,1.20651,2.62181,1.71831,1.18271,2.61997,1.80182,1.44064,2,1.71505,1.38102,1.98163,1.84604,0.576173,-0.0433391,1.82785,0.584473,-0.0641261,1.9189,0.668495,0,2.0347,0.662941,-0.0408043
22.23,1.74686,1.21207,2.62139,1.73653,1.1884,2.61932,1.82078,1.44708,2,1.7354,1.3875,1.98122,1.83491,0.544941,-0.0415003,1.81659,0.553459,-0.0651474,1.90742,0.631863,0,2.03462,0.632967,-0.0407263
22.24,1.76508,1.21734,2.62098,1.75464,1.19378,2.61866,1.83973,1.45319,2,1.75574,1.39368,1.98081,1.82359,0.513386,-0.039627,1.80526,0.522278,-0.066099,1.89575,0.594884,0,2.03421,0.602805,-0.0404662
22.25,1.78321,1.2223,2.6206,1.77263,1.19884,2.618,1.85858,1.45894,2,1.77608,1.39956,1.98041,1.81213,0.481629,-0.0377275,1.79384,0.490953,-0.0669365,1.88394,0.557701,0,2.03345,0.572466,-0.0399818
22.26,1.80173,1.22707,2.62022,1.79052,1.2036,2.61733,1.87783,1.46446,2,1.79641,1.40513,1.98001,1.80022,0.44883,-0.0357517,1.78233,0.459493,-0.0676364,1.87168,0.519329,0,2.0323,0.541945,-0.0392521
22.27,1.81919,1.23129,2.61988,1.80828,1.20803,2.61665,1.89599,1.46934,2,1.81672,1.4104,1.97963,1.7888,0.417579,-0.0338573,1.7707,0.427881,-0.0681157,1.85993,0.482795,0,2.03074,0.511216,-0.0381963
22.2801,1.83734,1.23537,2.61955,1.82593,1.21215,2.61596,1.91486,1.47406,2,1.83702,1.41536,1.97925,1.77672,0.384747,-0.0318557,1.75898,0.396159,-0.0684605,1.84752,0.44444,0,2.02875,0.480312,-0.0369042
22.2901,1.85507,1.23906,2.61924,1.84346,1.21596,2.61528,1.93329,1.47832,2,1.8573,1.42,1.97889,1.76471,0.352344,-0.0298698,1.74716,0.36432,-0.0686062,1.83519,0.40661,0,2.02633,0.449216,-0.0353161
22.3002,1.87298,1.24248,2.61895,1.86087,1.21944,2.61459,1.95192,1.48226,2,1.87755,1.42434,1.97854,1.75237,0.319254,-0.0278325,1.73526,0.332368,-0.0685376,1.82253,0.368002,0,2.02346,0.417921,-0.033422
22.31,1.88996,1.24543,2.61868,1.87816,1.2226,2.61391,1.96958,1.48566,2,1.89776,1.42836,1.97822,1.74047,0.28758,-0.0258744,1.72326,0.30029,-0.0682299,1.81033,0.331066,0,2.02012,0.386408,-0.0312025
22.32,1.90715,1.24812,2.61844,1.89534,1.22544,2.61323,1.98746,1.48875,2,1.91795,1.43207,1.97792,1.72823,0.255211,-0.0238663,1.71119,0.268129,-0.0678118,1.79778,0.293338,0,2.01629,0.354712,-0.028794
22.33,1.92443,1.25052,2.61821,1.91239,1.22796,2.61255,2.00544,1.49151,2,1.93809,1.43545,1.97765,1.71571,0.222346,-0.0218211,1.69904,0.235906,-0.0672692,1.78495,0.255049,0,2.01197,0.322842,-0.0261912
22.34,1.94172,1.2526,2.618,1.92932,1.23016,2.61188,2.02343,1.49389,2,1.95818,1.43852,1.9774,1.70297,0.189151,-0.0197499,1.68681,0.203601,-0.0665062,1.77191,0.216391,0,2.00713,0.290769,-0.0233073
22.3502,1.95902,1.25436,2.61781,1.94612,1.23204,2.61122,2.04142,1.4959,2,1.97823,1.44127,1.97718,1.69001,0.155641,-0.0176544,1.67447,0.171212,-0.0654818,1.75865,0.17738,0,2.00175,0.258484,-0.0201102
22.3601,1.97572,1.25574,2.61764,1.96281,1.23359,2.61057,2.05881,1.49747,2,1.99822,1.44369,1.977,1.67729,0.12298,-0.0156085,1.66203,0.138754,-0.0642064,1.74564,0.139369,0,1.99581,0.225998,-0.01662
22.3702,1.99243,1.2568,2.6175,1.97936,1.23481,2.60994,2.0762,1.49867,2,2.01814,1.44579,1.97685,1.66434,0.090006,-0.0135403,1.64952,0.106269,-0.0628107,1.7324,0.101003,0,1.98931,0.193348,-0.0129784
22.3802,2.00915,1.25754,2.61737,1.9958,1.23571,2.60932,2.09361,1.49949,2,2.038,1.44756,1.97674,1.65117,0.0567331,-0.0114516,1.63693,0.07373,-0.0612308,1.71894,0.062297,0,1.98224,0.160503,-0.00913301
22.39,2.02518,1.25794,2.61727,2.0121,1.23629,2.60872,2.11029,1.49992,2,2.05779,1.449,1.97667,1.63834,0.024577,-0.00943214,1.6243,0.0411552,-0.0594815,1.70584,0.0248959,0,1.97462,0.127471,-0.00511185
22.4001,2.04174,1.25802,2.61718,2.02828,1.23653,2.60813,2.12754,1.49997,2,2.07749,1.45011,1.97664,1.62485,-0.00894334,-0.00732696,1.61161,0.00860081,-0.0577193,1.69207,-0.0140882,0,1.96642,0.0943067,-0.00108463
22.4101,2.058,1.25776,2.61712,2.04434,1.23646,2.60756,2.14447,1.49964,2,2.09711,1.45088,1.97665,1.61139,-0.0421149,-0.00524453,1.59885,-0.0239526,-0.0558082,1.67833,-0.0526647,0,1.95763,0.0609828,0.00307091
22.42,2.0738,1.25719,2.61708,2.06026,1.23606,2.60701,2.16093,1.49893,2,2.11664,1.45133,1.9767,1.59809,-0.0746211,-0.00320553,1.58604,-0.0565378,-0.053693,1.66476,-0.0904673,0,1.94825,0.027463,0.00739657
22.4301,2.08993,1.25626,2.61706,2.07606,1.23533,2.60649,2.17773,1.49782,2,2.13608,1.45143,1.97679,1.5843,-0.10805,-0.00111121,1.57319,-0.0891,-0.0514932,1.65069,-0.129345,0,1.9383,-0.00619864,0.0117591
22.44,2.10543,1.25504,2.61706,2.09172,1.23427,2.60598,2.19388,1.49636,2,2.15541,1.4512,1.97693,1.57082,-0.140419,0.000913313,1.56028,-0.1216,-0.0491566,1.63695,-0.166993,0,1.92775,-0.0399676,0.0161959
22.45,2.12097,1.25348,2.61708,2.10726,1.2329,2.6055,2.21008,1.49452,2,2.17463,1.45063,1.97712,1.55709,-0.173119,0.00295443,1.54731,-0.154053,-0.046771,1.62295,-0.205032,0,1.91658,-0.0738609,0.0206047
22.4601,2.13705,1.25151,2.61712,2.12267,1.23119,2.60505,2.22684,1.49218,2,2.19374,1.44972,1.97734,1.54263,-0.207207,0.00507674,1.53429,-0.186446,-0.0443408,1.60822,-0.244694,0,1.90482,-0.107868,0.0249668
22.4701,2.15232,1.24929,2.61718,2.13795,1.22917,2.60462,2.24276,1.48956,2,2.21272,1.44847,1.97762,1.52867,-0.239822,0.00710125,1.52121,-0.218837,-0.0417469,1.594,-0.28265,0,1.89245,-0.14205,0.0293867
22.48,2.16727,1.24677,2.61726,2.15309,1.22682,2.60421,2.25835,1.4866,2,2.23158,1.44688,1.97793,1.51479,-0.27197,0.00909011,1.50806,-0.251182,-0.0390065,1.57985,-0.320074,0,1.87948,-0.176358,0.0338338
22.49,2.18218,1.24393,2.61736,2.16811,1.22414,2.60384,2.2739,1.48325,2,2.25031,1.44495,1.97829,1.50071,-0.30425,0.0110796,1.49489,-0.283408,-0.0363252,1.5655,-0.357664,0,1.86591,-0.210718,0.0380897
22.5001,2.19741,1.24065,2.61748,2.18299,1.22115,2.60349,2.28979,1.4794,2,2.2689,1.44267,1.97869,1.48609,-0.337449,0.0131169,1.48165,-0.315584,-0.0335511,1.55061,-0.39634,0,1.85176,-0.24521,0.0422891
22.5103,2.21242,1.23706,2.61762,2.19774,1.21783,2.60317,2.30546,1.47519,2,2.28734,1.44004,1.97914,1.47143,-0.370399,0.015129,1.46833,-0.347749,-0.0304466,1.53568,-0.434743,0,1.83697,-0.279876,0.0466545
22.5201,2.22696,1.23322,2.61778,2.21236,1.21419,2.60288,2.32063,1.47068,2,2.30564,1.43707,1.97963,1.457,-0.402508,0.0170793,1.45493,-0.379872,-0.0270961,1.52098,-0.472183,0,1.82157,-0.314682,0.0510899
22.5301,2.24156,1.22901,2.61797,2.22684,1.21023,2.60263,2.33588,1.46574,2,2.32377,1.43375,1.98016,1.44226,-0.434952,0.0190385,1.44145,-0.411933,-0.0235135,1.50597,-0.510035,0,1.80556,-0.349603,0.0555694
22.54,2.25551,1.22463,2.61816,2.24119,1.20596,2.60241,2.35044,1.4606,2,2.34175,1.43008,1.98074,1.42795,-0.466142,0.02091,1.4279,-0.443905,-0.0197517,1.4914,-0.546443,0,1.78895,-0.384612,0.0600278
22.55,2.26991,1.21974,2.61838,2.2554,1.20136,2.60223,2.36549,1.45487,2,2.35955,1.42606,1.98136,1.41292,-0.498538,0.0228406,1.41426,-0.475732,-0.0158567,1.4761,-0.584284,0,1.77174,-0.419654,0.0644081
22.5601,2.28398,1.21458,2.61862,2.26947,1.19644,2.60209,2.38019,1.44883,2,2.37718,1.42168,1.98203,1.398,-0.530377,0.0247235,1.40053,-0.507424,-0.011875,1.46089,-0.6215,0,1.75394,-0.454739,0.0686532
22.57,2.29742,1.20931,2.61887,2.28341,1.19121,2.60199,2.39423,1.44266,2,2.39463,1.41696,1.98273,1.3835,-0.560947,0.0265169,1.38671,-0.538989,-0.00785063,1.44613,-0.657258,0,1.73557,-0.489872,0.0727105
22.58,2.31171,1.20331,2.61915,2.2972,1.18566,2.60194,2.40918,1.43563,2,2.41189,1.41189,1.98348,1.36783,-0.593647,0.0284183,1.37285,-0.570394,-0.00378901,1.43016,-0.695536,0,1.71667,-0.525015,0.0765673
22.5901,2.32545,1.19716,2.61945,2.31086,1.1798,2.60192,2.42355,1.42841,2,2.42896,1.40646,1.98426,1.3525,-0.625259,0.0302384,1.35889,-0.601567,0.000305275,1.41454,-0.732571,0,1.69722,-0.5601,0.0802099
22.6,2.33846,1.19097,2.61975,2.32438,1.17363,2.60194,2.43715,1.42116,2,2.44583,1.40069,1.98508,1.33774,-0.655338,0.0319528,1.34486,-0.632539,0.00441504,1.3995,-0.767842,0,1.67724,-0.595149,0.0836172
22.6103,2.35234,1.18395,2.62009,2.33776,1.16715,2.60201,2.45168,1.41294,2,2.4625,1.39456,1.98594,1.32171,-0.687611,0.0337717,1.33078,-0.663341,0.00850599,1.38316,-0.805719,0,1.65678,-0.630185,0.0867519
22.62,2.36489,1.17725,2.62042,2.351,1.16037,2.60211,2.46481,1.40509,2,2.47897,1.38808,1.98682,1.30698,-0.716913,0.0354035,1.31664,-0.693889,0.0125902,1.36815,-0.840143,0,1.63584,-0.665129,0.0896203
22.63,2.37834,1.16967,2.6208,2.36409,1.15327,2.60226,2.47889,1.3962,2,2.49522,1.38126,1.98773,1.29092,-0.748486,0.0371395,1.30242,-0.724234,0.0166283,1.35177,-0.877272,0,1.61441,-0.700021,0.0921823
22.64,2.39078,1.16227,2.62117,2.37705,1.14588,2.60244,2.49192,1.38753,2,2.51125,1.37408,1.98866,1.2758,-0.777833,0.0387307,1.2881,-0.754384,0.0206185,1.33635,-0.911818,0,1.59252,-0.734873,0.0944336
22.65,2.40337,1.15439,2.62156,2.38986,1.13819,2.60267,2.50511,1.3783,2,2.52707,1.36656,1.98961,1.26024,-0.807661,0.0403247,1.27376,-0.78429,0.0245609,1.32047,-0.946969,0,1.57023,-0.76963,0.0963754
22.66,2.41612,1.14602,2.62198,2.40252,1.1302,2.60294,2.51847,1.36847,2,2.54266,1.35869,1.99059,1.24421,-0.838002,0.0419202,1.25938,-0.81396,0.0284588,1.3041,-0.982766,0,1.54755,-0.804301,0.0980107
22.67,2.42845,1.13751,2.6224,2.41504,1.12191,2.60324,2.53139,1.3585,2,2.55802,1.35047,1.99157,1.22842,-0.867467,0.043443,1.24493,-0.843346,0.0323116,1.28799,-1.01757,0,1.52448,-0.838838,0.0993401
22.6801,2.44068,1.12867,2.62285,2.42742,1.11333,2.60358,2.54422,1.34813,2,2.57314,1.34191,1.99257,1.21248,-0.896836,0.044933,1.2304,-0.872486,0.0361041,1.27171,-1.0523,0,1.50103,-0.873273,0.100355
22.6901,2.45274,1.11955,2.6233,2.43965,1.10446,2.60396,2.55687,1.33742,2,2.58804,1.33301,1.99358,1.19649,-0.925896,0.0463782,1.21582,-0.901357,0.0398482,1.25536,-1.08672,0,1.47724,-0.907576,0.101071
22.7,2.4643,1.1104,2.62376,2.45174,1.0953,2.60438,2.56901,1.32669,2,2.60269,1.32376,1.99459,1.18088,-0.953873,0.0477403,1.20117,-0.929965,0.0435432,1.23941,-1.11989,0,1.45312,-0.941754,0.101494
22.7101,2.47647,1.10036,2.62426,2.46367,1.08586,2.60483,2.58177,1.31489,2,2.6171,1.31417,1.99561,1.16416,-0.983413,0.0491454,1.18645,-0.958297,0.0471755,1.22231,-1.15496,0,1.42867,-0.97579,0.101618
22.72,2.48768,1.09068,2.62475,2.47546,1.07614,2.60532,2.59355,1.30353,2,2.63126,1.30425,1.99662,1.14847,-1.01075,0.0504135,1.17164,-0.986315,0.0507477,1.20625,-1.18747,0,1.40391,-1.00965,0.101452
22.73,2.49916,1.08036,2.62526,2.48711,1.06614,2.60585,2.60561,1.2914,2,2.64517,1.29398,1.99764,1.1321,-1.03885,0.0516822,1.15674,-1.01394,0.0542762,1.18949,-1.22092,0,1.37885,-1.04324,0.101024
22.74,2.51031,1.06993,2.62578,2.4986,1.05586,2.60641,2.61733,1.27913,2,2.65884,1.28338,1.99864,1.11592,-1.06621,0.0528823,1.14175,-1.04119,0.0577517,1.17292,-1.25355,0,1.35353,-1.0766,0.100333
22.75,2.52128,1.05924,2.62631,2.50994,1.04531,2.607,2.62886,1.26656,2,2.67224,1.27245,1.99964,1.0997,-1.09322,0.05403,1.12664,-1.06811,0.0611553,1.1563,-1.28581,0,1.32791,-1.10974,0.0993716
22.76,2.53264,1.04771,2.62688,2.52113,1.0345,2.60763,2.6408,1.253,2,2.68539,1.26119,2.00063,1.08258,-1.12129,0.0551816,1.11143,-1.09467,0.0644939,1.13875,-1.31938,0,1.30205,-1.14265,0.0981596
22.77,2.54305,1.03672,2.62742,2.53217,1.02342,2.60829,2.65176,1.24006,2,2.69828,1.2496,2.0016,1.06658,-1.14711,0.0562013,1.09613,-1.12087,0.0677584,1.12233,-1.35032,0,1.27597,-1.17532,0.0967005
22.78,2.5536,1.02515,2.62798,2.54305,1.01208,2.60899,2.66286,1.22644,2,2.71091,1.23768,2.00256,1.05007,-1.17333,0.0571958,1.08077,-1.14676,0.0709524,1.10538,-1.38179,0,1.2497,-1.20778,0.0950135
22.79,2.56398,1.01333,2.62856,2.55378,1.00049,2.60971,2.67379,1.21253,2,2.72328,1.22544,2.0035,1.03351,-1.1992,0.0581335,1.06534,-1.17228,0.0740597,1.08837,-1.41288,0,1.22328,-1.23998,0.0930955
22.8,2.57428,1.00115,2.62915,2.56436,0.98864,2.61047,2.68465,1.19817,2,2.73538,1.21288,2.00442,1.01674,-1.22496,0.0590217,1.04983,-1.19741,0.0770944,1.07113,-1.4439,0,1.1967,-1.27191,0.090975
22.8102,2.58487,0.988147,2.62977,2.57478,0.976542,2.61125,2.6958,1.18284,2,2.74721,1.20001,2.00532,0.999169,-1.25149,0.0598856,1.03422,-1.22212,0.0800606,1.05305,-1.47591,0,1.16997,-1.30351,0.0886728
22.82,2.59423,0.976216,2.63034,2.58504,0.964198,2.61207,2.70567,1.16876,2,2.75878,1.18681,2.0062,0.983312,-1.27502,0.0606057,1.01851,-1.24648,0.082912,1.03673,-1.50433,0,1.14311,-1.33487,0.0861602
22.83,2.60415,0.963118,2.63096,2.59515,0.951613,2.61291,2.71612,1.15331,2,2.77007,1.17331,2.00705,0.966179,-1.3,0.06132,1.00274,-1.27052,0.085647,1.01907,-1.53457,0,1.11615,-1.36599,0.083455
22.84,2.6136,0.950169,2.63157,2.6051,0.938789,2.61378,2.7261,1.13802,2,2.7811,1.1595,2.00787,0.949507,-1.32386,0.0619511,0.986895,-1.2942,0.0882785,1.00189,-1.56352,0,1.08912,-1.39684,0.0805836
22.85,2.62311,0.936675,2.6322,2.61489,0.92573,2.61468,2.73613,1.12207,2,2.79185,1.14537,2.00866,0.932395,-1.34791,0.0625324,0.97096,-1.31759,0.0907814,0.98423,-1.59274,0,1.06201,-1.42749,0.0775375
22.8601,2.63241,0.922981,2.63283,2.62452,0.912438,2.6156,2.74595,1.10589,2,2.80234,1.13095,2.00942,0.915285,-1.3715,0.0630461,0.954959,-1.34067,0.0931576,0.966563,-1.62146,0,1.03487,-1.45791,0.0743368
22.87,2.64133,0.909372,2.63345,2.63399,0.898918,2.61654,2.75538,1.0898,2,2.81255,1.11622,2.01014,0.89852,-1.39418,0.0634835,0.938865,-1.36335,0.0954131,0.949238,-1.64912,0,1.00769,-1.48801,0.0710051
22.88,2.65035,0.895134,2.6341,2.64329,0.885173,2.6175,2.7649,1.07295,2,2.82249,1.10119,2.01084,0.881221,-1.41712,0.063866,0.922679,-1.38566,0.0975371,0.931346,-1.67716,0,0.980478,-1.51783,0.0675486
22.8901,2.65901,0.880963,2.63473,2.65244,0.871206,2.61849,2.77406,1.05617,2,2.83216,1.08586,2.01149,0.86423,-1.43921,0.0641731,0.906419,-1.40755,0.0995564,0.913758,-1.70421,0,0.953282,-1.54731,0.0640102
22.9,2.66759,0.866419,2.63538,2.66142,0.857023,2.61949,2.78313,1.03895,2,2.84156,1.07024,2.01212,0.847016,-1.46112,0.0644147,0.890076,-1.4291,0.101441,0.895924,-1.7311,0,0.926104,-1.57651,0.0603773
22.9101,2.67619,0.851313,2.63604,2.67024,0.842625,2.62052,2.79223,1.02104,2,2.85068,1.05433,2.0127,0.82936,-1.48313,0.0645896,0.873652,-1.45026,0.103182,0.877617,-1.75816,0,0.89896,-1.60541,0.0566586
22.92,2.68412,0.836888,2.63666,2.6789,0.828019,2.62156,2.80062,1.00394,2,2.85954,1.03813,2.01325,0.812703,-1.50345,0.0646865,0.857152,-1.47099,0.104799,0.860329,-1.78319,0,0.87187,-1.63393,0.0528886
22.93,2.69232,0.821436,2.63732,2.68738,0.813207,2.62261,2.80931,0.985608,2,2.86812,1.02165,2.01376,0.795065,-1.5245,0.0647169,0.840571,-1.49133,0.106265,0.842007,-1.80919,0,0.844845,-1.66213,0.0490587
22.94,2.69999,0.806482,2.63795,2.69571,0.798194,2.62368,2.81743,0.967857,2,2.87643,1.00489,2.01423,0.778186,-1.5442,0.0646763,0.823902,-1.51122,0.107598,0.824459,-1.83356,0,0.81789,-1.68994,0.0452011
22.95,2.70771,0.790886,2.6386,2.70386,0.782984,2.62476,2.82561,0.949333,2,2.88448,0.987857,2.01466,0.760773,-1.56406,0.064563,0.807122,-1.5307,0.10877,0.806338,-1.85818,0,0.790997,-1.7174,0.041303
22.96,2.71535,0.774901,2.63926,2.71185,0.767581,2.62586,2.83371,0.930336,2,2.89226,0.970547,2.01506,0.743115,-1.58373,0.0643738,0.790262,-1.54982,0.109764,0.787945,-1.88262,0,0.764209,-1.74455,0.0373616
22.97,2.72255,0.759279,2.63989,2.71967,0.751989,2.62696,2.84135,0.911762,2,2.89976,0.952967,2.01541,0.726034,-1.60231,0.0641196,0.773369,-1.5685,0.110635,0.770137,-1.90574,0,0.737585,-1.77131,0.0334454
22.98,2.7299,0.742768,2.64054,2.72732,0.736212,2.62807,2.84914,0.892118,2,2.90701,0.935122,2.01572,0.708159,-1.62126,0.0637789,0.756405,-1.58675,0.111368,0.751484,-1.92939,0,0.711099,-1.79768,0.0295556
22.99,2.73673,0.726851,2.64116,2.73479,0.720256,2.62919,2.85639,0.873171,2,2.91399,0.917015,2.016,0.691092,-1.63891,0.0633823,0.739371,-1.60453,0.111958,0.733656,-1.95146,0,0.684765,-1.82362,0.0256979
23,2.74359,0.710281,2.6418,2.7421,0.704123,2.63031,2.86368,0.853435,2,2.9207,0.898651,2.01624,0.673486,-1.65665,0.0629005,0.722259,-1.62184,0.112404,0.715249,-1.97368,0,0.658588,-1.84912,0.021885
23.0101,2.75029,0.693507,2.64243,2.74924,0.68782,2.63143,2.87079,0.833446,2,2.92716,0.880034,2.01644,0.655825,-1.67397,0.0623433,0.705046,-1.63868,0.112702,0.696767,-1.99543,0,0.632555,-1.87418,0.0181266
23.02,2.75665,0.676973,2.64304,2.7562,0.671351,2.63256,2.87755,0.813731,2,2.93335,0.861168,2.0166,0.638566,-1.69044,0.0617275,0.687751,-1.65506,0.112847,0.678687,-2.01615,0,0.606695,-1.89879,0.014426
23.0305,2.76328,0.659071,2.64369,2.76299,0.654721,2.63369,2.8846,0.792374,2,2.93929,0.84206,2.01673,0.620037,-1.70762,0.0609887,0.670378,-1.67095,0.112848,0.659259,-2.03781,0,0.581019,-1.92292,0.0108045
23.04,2.76912,0.642689,2.64426,2.76961,0.637934,2.63482,2.89081,0.772819,2,2.94498,0.822711,2.01682,0.603218,-1.72276,0.0602488,0.65292,-1.68643,0.112683,0.641608,-2.05695,0,0.555533,-1.94663,0.00724899
23.05,2.77502,0.62552,2.64486,2.77605,0.620994,2.63594,2.89708,0.752314,2,2.9504,0.803129,2.01687,0.585726,-1.73806,0.0594099,0.635419,-1.70144,0.112361,0.623231,-2.07632,0,0.530284,-1.96987,0.0037801
23.06,2.7809,0.607718,2.64546,2.78232,0.603906,2.63706,2.90334,0.731042,2,2.95558,0.783316,2.01689,0.567725,-1.75332,0.0584735,0.617864,-1.71596,0.111903,0.604304,-2.09568,0,0.505272,-1.99257,0.000423709
23.0701,2.78649,0.590114,2.64604,2.78841,0.586676,2.63818,2.90929,0.709995,2,2.96051,0.763279,2.01688,0.550054,-1.76783,0.057483,0.600236,-1.72999,0.111292,0.585705,-2.11412,0,0.480487,-2.01479,-0.00283018
23.08,2.79181,0.572663,2.6466,2.79432,0.569308,2.63929,2.91496,0.68912,2,2.96519,0.743022,2.01684,0.532658,-1.78165,0.0564397,0.582493,-1.74353,0.110539,0.567379,-2.13173,0,0.455899,-2.03646,-0.00596234
23.0901,2.7971,0.554595,2.64716,2.80006,0.551807,2.64039,2.9206,0.667496,2,2.96963,0.722552,2.01676,0.514768,-1.79539,0.0552971,0.564666,-1.75654,0.109645,0.548514,-2.14928,0,0.431548,-2.05754,-0.00896393
23.1,2.80221,0.536397,2.64772,2.80562,0.534179,2.64148,2.92604,0.645706,2,2.97382,0.701873,2.01666,0.496867,-1.80866,0.0540844,0.546751,-1.76909,0.108604,0.529622,-2.16625,0,0.407432,-2.07812,-0.0118416
23.11,2.80704,0.518444,2.64824,2.81099,0.516427,2.64256,2.93119,0.624197,2,2.97778,0.680991,2.01653,0.479315,-1.82121,0.052829,0.528778,-1.7812,0.107411,0.511081,-2.18233,0,0.383588,-2.09819,-0.0145944
23.1201,2.81179,0.499972,2.64877,2.81619,0.498557,2.64363,2.93626,0.602058,2,2.9815,0.659911,2.01637,0.461366,-1.83357,0.0514784,0.510745,-1.79275,0.106095,0.492102,-2.1982,0,0.36002,-2.11761,-0.01719
23.13,2.81632,0.481561,2.64928,2.82121,0.480574,2.64468,2.94109,0.579981,2,2.98498,0.638641,2.01618,0.443577,-1.84534,0.0500749,0.492648,-1.80379,0.104651,0.473278,-2.21334,0,0.336733,-2.13642,-0.0196328
23.14,2.82061,0.463273,2.64977,2.82604,0.462483,2.64572,2.94567,0.55804,2,2.98823,0.617185,2.01598,0.426003,-1.85651,0.048626,0.474467,-1.81432,0.103067,0.454665,-2.22773,0,0.313711,-2.15462,-0.0219329
23.15,2.82478,0.444678,2.65025,2.8307,0.444289,2.64674,2.95012,0.535722,2,2.99126,0.59555,2.01575,0.408228,-1.86734,0.0470992,0.456243,-1.82437,0.101334,0.435824,-2.24171,0,0.290996,-2.17223,-0.0240993
23.16,2.82878,0.425939,2.65071,2.83517,0.425997,2.64775,2.95439,0.513222,2,2.99405,0.573742,2.01549,0.390406,-1.87773,0.0455081,0.437919,-1.83398,0.0994558,0.416916,-2.25515,0,0.268539,-2.18925,-0.02613
23.17,2.83257,0.407242,2.65115,2.83946,0.407611,2.64873,2.95844,0.490762,2,2.99663,0.551767,2.01522,0.372707,-1.88758,0.04387,0.419511,-1.8431,0.0974377,0.398125,-2.26791,0,0.246361,-2.20566,-0.028021
23.18,2.83619,0.3884,2.65158,2.84356,0.389136,2.6497,2.96231,0.468118,2,2.99898,0.529631,2.01493,0.354951,-1.897,0.0421704,0.401052,-1.85172,0.0952874,0.37926,-2.28013,0,0.224495,-2.22141,-0.0297675
23.1901,2.83969,0.36916,2.652,2.84748,0.370578,2.65064,2.96605,0.444988,2,3.00112,0.507341,2.01463,0.3369,-1.9061,0.0403869,0.382549,-1.85995,0.0929872,0.360066,-2.29196,0,0.20295,-2.23661,-0.0313919
23.2,2.84301,0.34983,2.6524,2.85121,0.351939,2.65156,2.96959,0.421741,2,3.00304,0.484901,2.01431,0.318839,-1.91472,0.0385483,0.363967,-1.86773,0.0905624,0.340848,-2.30319,0,0.181697,-2.25118,-0.0328726
23.21,2.8461,0.33068,2.65277,2.85476,0.333225,2.65245,2.9729,0.398702,2,3.00475,0.462319,2.01397,0.301015,-1.92276,0.0366831,0.345294,-1.87505,0.0880078,0.321869,-2.31367,0,0.160731,-2.26511,-0.034218
23.22,2.84897,0.31174,2.65313,2.85812,0.314439,2.65332,2.97597,0.375908,2,3.00626,0.439601,2.01362,0.283451,-1.93023,0.0347979,0.326561,-1.88191,0.085338,0.303154,-2.32341,0,0.140081,-2.27837,-0.0354198
23.23,2.85174,0.292244,2.65347,2.86129,0.295588,2.65416,2.97893,0.352437,2,3.00756,0.416754,2.01326,0.265432,-1.93742,0.0328176,0.307794,-1.88828,0.0825621,0.283943,-2.33281,0,0.119772,-2.29094,-0.0364769
23.24,2.85429,0.272969,2.65378,2.86427,0.276675,2.65497,2.98166,0.329224,2,3.00865,0.393785,2.01289,0.247674,-1.94404,0.0308224,0.288967,-1.89419,0.0796714,0.264999,-2.34148,0,0.0997817,-2.30284,-0.0374053
23.25,2.8567,0.253263,2.65408,2.86707,0.257706,2.65575,2.98424,0.305486,2,3.00955,0.370699,2.01252,0.229574,-1.95032,0.0287471,0.270097,-1.89968,0.0766636,0.245679,-2.3497,0,0.0801296,-2.31409,-0.0382143
23.26,2.85891,0.233698,2.65436,2.86967,0.238683,2.6565,2.98661,0.281911,2,3.01026,0.347505,2.01213,0.211653,-1.95606,0.0266534,0.251188,-1.90475,0.0735582,0.226541,-2.35723,0,0.0608151,-2.32468,-0.0388932
23.27,2.8609,0.214466,2.65461,2.87209,0.219612,2.65722,2.98874,0.258732,2,3.01077,0.324208,2.01174,0.194082,-1.96123,0.0245655,0.232253,-1.90947,0.0703609,0.207766,-2.36403,0,0.0418457,-2.33466,-0.0394466
23.28,2.86277,0.19463,2.65485,2.87432,0.200495,2.65791,2.99074,0.23482,2,3.0111,0.300814,2.01134,0.176001,-1.96609,0.0223837,0.213299,-1.91379,0.067075,0.188438,-2.37041,0,0.0232329,-2.34399,-0.0398802
23.2901,2.86446,0.17479,2.65506,2.87636,0.181337,2.65856,2.99254,0.210897,2,3.01124,0.27733,2.01094,0.157954,-1.97046,0.0201753,0.194313,-1.91776,0.0637122,0.169138,-2.37616,0,0.00496018,-2.3527,-0.0401934
23.3,2.86592,0.155382,2.65525,2.8782,0.162141,2.65918,2.99411,0.187491,2,3.0112,0.253762,2.01054,0.140334,-1.97427,0.017992,0.175309,-1.92134,0.0602653,0.150288,-2.38118,0,-0.0129643,-2.36076,-0.0404049
23.3101,2.86727,0.135053,2.65543,2.87986,0.142911,2.65977,2.99556,0.16297,2,3.01098,0.230117,2.01014,0.121908,-1.97777,0.0156837,0.155788,-1.92468,0.0588892,0.130569,-2.38579,0,-0.0309983,-2.36838,-0.038372
23.32,2.86838,0.115663,2.65557,2.88132,0.123648,2.66037,2.99674,0.139578,2,3.01058,0.206396,2.00978,0.104359,-1.98065,0.0134641,0.135579,-1.92784,0.0603824,0.111784,-2.38959,0,-0.0492829,-2.37564,-0.0333023
23.33,2.86933,0.0959283,2.65569,2.88257,0.104356,2.66098,2.99776,0.115767,2,3.00999,0.182606,2.00947,0.0865205,-1.98312,0.0111898,0.11571,-1.93048,0.0601572,0.092683,-2.39284,0,-0.0669204,-2.38204,-0.0297972
23.3401,2.87011,0.0760689,2.65579,2.88364,0.0850445,2.66152,2.99859,0.0918037,2,3.00925,0.158764,2.00913,0.0685875,-1.98513,0.00888812,0.098774,-1.93158,0.0470723,0.0734774,-2.3955,0,-0.0817084,-2.3862,-0.0390479
23.35,2.8707,0.0562712,2.65587,2.88455,0.065727,2.6619,2.99923,0.0679126,2,3.00836,0.134886,2.00867,0.050725,-1.98668,0.00658335,0.082928,-1.93191,0.0291394,0.054344,-2.39754,0,-0.0952873,-2.38919,-0.0530528
23.3601,2.87113,0.0359277,2.65592,2.8853,0.0464063,2.66212,2.99969,0.0433611,2,3.00734,0.11098,2.00809,0.0323811,-1.98778,0.00420716,0.065623,-1.93233,0.0175042,0.0346925,-2.399,0,-0.109801,-2.39218,-0.0606323
23.37,2.87136,0.0162632,2.65595,2.88585,0.0270778,2.66231,2.99994,0.0196282,2,3.00616,0.0870397,2.00752,0.0146564,-1.98839,0.00190539,0.0445756,-1.93351,0.0222073,0.0157029,-2.39979,0,-0.127067,-2.39605,-0.0516849
23.3803,2.87142,-0.00417306,2.65596,2.88618,0.00773612,2.66259,3,-0.00503653,2,3.0048,0.0630599,2.00708,-0.00376069,-1.98853,-0.000488974,0.0222596,-1.93465,0.0324216,-0.00402923,-2.39999,0,-0.145037,-2.39965,-0.0370956
23.39,2.8713,-0.0231952,2.65595,2.88631,-0.0116092,2.66289,2.99987,-0.0279945,2,3.00327,0.0390548,2.00671,-0.0209041,-1.98823,-0.00271718,0.00365279,-1.93422,0.0264115,-0.0223966,-2.39958,0,-0.159778,-2.40108,-0.038765
23.4,2.871,-0.0430418,2.65591,2.88626,-0.0309465,2.66311,2.99955,-0.0519468,2,3.0016,0.015041,2.0063,-0.0387949,-1.98745,-0.00503884,-0.0149528,-1.9333,0.0203315,-0.0415637,-2.39856,0,-0.174253,-2.40173,-0.0404411
23.4101,2.8705,-0.0635092,2.65584,2.886,-0.0502764,2.66334,2.99902,-0.0766473,2,2.99978,-0.00898053,2.00595,-0.0572541,-1.98617,-0.00742699,-0.0368577,-1.93277,0.0284736,-0.0613379,-2.39686,0,-0.190998,-2.40263,-0.0277192
23.42,2.86985,-0.0831961,2.65576,2.88552,-0.0696008,2.6637,2.99832,-0.100404,2,2.99778,-0.0330097,2.00576,-0.0750215,-1.98446,-0.00971548,-0.0595866,-1.93194,0.0402006,-0.0803684,-2.39462,0,-0.208092,-2.40294,-0.0113339
23.43,2.86903,-0.102585,2.65565,2.88483,-0.0889104,2.66408,2.99744,-0.1238,2,2.99563,-0.0570332,2.00565,-0.0925357,-1.98234,-0.0119585,-0.0784224,-1.92984,0.0351862,-0.0991243,-2.39181,0,-0.222029,-2.40156,-0.0118182
23.44,2.86801,-0.122492,2.65552,2.88395,-0.108196,2.6644,2.99635,-0.147817,2,2.99334,-0.0810388,2.00553,-0.110537,-1.97969,-0.0142477,-0.0974037,-1.92738,0.0311009,-0.118398,-2.38832,0,-0.23586,-2.39954,-0.0113481
23.45,2.86682,-0.142197,2.65537,2.88286,-0.127459,2.66476,2.99507,-0.171587,2,2.9909,-0.105024,2.00549,-0.128379,-1.9766,-0.0164972,-0.120354,-1.92517,0.0446234,-0.137496,-2.38425,0,-0.252373,-2.39751,0.00691585
23.4601,2.86541,-0.162441,2.65519,2.88153,-0.1467,2.66534,2.99356,-0.196005,2,2.98829,-0.128988,2.00571,-0.146739,-1.97294,-0.0187885,-0.145647,-1.92283,0.0685053,-0.157141,-2.37942,0,-0.270359,-2.39502,0.0356427
23.4701,2.86384,-0.18225,2.65499,2.87997,-0.165911,2.66605,2.99189,-0.219892,2,2.98551,-0.152919,2.00612,-0.164735,-1.96887,-0.0210085,-0.166028,-1.9193,0.0713797,-0.176391,-2.37407,0,-0.284625,-2.39112,0.0431251
23.48,2.86216,-0.201345,2.65477,2.87821,-0.185083,2.66675,2.99008,-0.242915,2,2.9826,-0.176807,2.00656,-0.182117,-1.9645,-0.0231254,-0.185237,-1.91503,0.0695814,-0.194977,-2.36832,0,-0.297877,-2.38621,0.0458652
23.49,2.86025,-0.220962,2.65453,2.87627,-0.20421,2.66743,2.98804,-0.266561,2,2.97955,-0.200641,2.00702,-0.200012,-1.95954,-0.0252739,-0.20358,-1.91021,0.0643233,-0.214103,-2.3618,0,-0.310369,-2.38052,0.0450804
23.5,2.85816,-0.240535,2.65427,2.87415,-0.223286,2.668,2.9858,-0.29015,2,2.97639,-0.224415,2.00743,-0.217911,-1.95411,-0.0273887,-0.219743,-1.90487,0.0496304,-0.233224,-2.35467,0,-0.321222,-2.37415,0.0347257
23.5101,2.85586,-0.260334,2.65398,2.87187,-0.242306,2.66842,2.98334,-0.314005,2,2.97313,-0.248122,2.00772,-0.236063,-1.94812,-0.0294958,-0.235816,-1.89922,0.0345896,-0.252607,-2.34682,0,-0.331909,-2.36725,0.0239828
23.5201,2.85337,-0.280073,2.65367,2.86943,-0.261269,2.6687,2.98067,-0.33778,2,2.96976,-0.271758,2.00791,-0.254213,-1.94166,-0.0315619,-0.25224,-1.89331,0.0212265,-0.271976,-2.33836,0,-0.342733,-2.35982,0.0148927
23.5302,2.85075,-0.299388,2.65334,2.86683,-0.280172,2.66885,2.97787,-0.361038,2,2.96627,-0.295317,2.00802,-0.272028,-1.93484,-0.0335477,-0.268943,-1.88707,0.0093989,-0.290977,-2.32944,0,-0.353642,-2.3518,0.0073036
23.5401,2.84797,-0.31846,2.653,2.86405,-0.29901,2.66889,2.9749,-0.383995,2,2.96268,-0.318792,2.00806,-0.289675,-1.92763,-0.0354712,-0.285956,-1.8805,-0.000769178,-0.309788,-2.32003,0,-0.364664,-2.34317,0.00133408
23.55,2.84499,-0.337657,2.65264,2.86111,-0.317781,2.66884,2.97172,-0.407096,2,2.95898,-0.342178,2.00805,-0.307501,-1.91989,-0.0373676,-0.303224,-1.87365,-0.00962938,-0.328777,-2.30992,0,-0.375772,-2.334,-0.00337749
23.56,2.84182,-0.356871,2.65226,2.85799,-0.336481,2.66871,2.96832,-0.43021,2,2.95517,-0.36547,2.008,-0.325409,-1.91164,-0.0392233,-0.320724,-1.86643,-0.0173834,-0.34784,-2.29917,0,-0.386966,-2.3242,-0.0070415
