time_sec,quad_ref_x,quad_ref_y,quad_ref_z,quad_actual_x,quad_actual_y,quad_actual_z,payload_ref_x,payload_ref_y,payload_ref_z,payload_actual_x,payload_actual_y,payload_actual_z,quad_ref_vx,quad_ref_vy,quad_ref_vz,quad_actual_vx,quad_actual_vy,quad_actual_vz,payload_ref_vx,payload_ref_vy,payload_ref_vz,payload_actual_vx,payload_actual_vy,payload_actual_vz
0,2.87142,0,2.65596,2.00006,-0.000199311,2.62436,3,0,2,2.00006,-0.000199311,1.95592,0,2.29714,0,0.000142807,-0.00199881,-0.0662866,-0,2.4,0,0.000142807,-0.00199881,-0.0662866
0.00994248,2.87133,0.0227771,2.65596,2.00007,-0.000219933,2.62371,2.99991,0.023797,2,2.00007,-0.000219933,1.95526,-0.0182217,2.29706,-4.56862e-20,0.000176872,-0.00212924,-0.0617645,-0.0190376,2.39992,0,0.000176872,-0.00212924,-0.0617645
0.0199749,2.87105,0.0460976,2.65596,2.00007,-0.000241988,2.62319,2.99961,0.0481618,2,2.00007,-0.000241988,1.95475,-0.0368781,2.29684,0,0.000211972,-0.00228406,-0.0381163,-0.0385295,2.39969,0,0.000211972,-0.00228406,-0.0381163
0.029908,2.87059,0.0688867,2.65596,2.00007,-0.000265569,2.62302,2.99914,0.0719714,2,2.00007,-0.000265569,1.95458,-0.0551094,2.29647,0,0.000247475,-0.00243409,0.00765028,-0.0575771,2.39931,0,0.00024248,-0.00243417,0.00765028
0.0399239,2.86995,0.0918051,2.65596,2.00007,-0.000290307,2.62336,2.99847,0.0959161,2,2.00007,-0.000290693,1.95491,-0.0734441,2.29596,0,0.00106892,-0.00241351,0.0569917,-0.0767329,2.39877,0,0.000268266,-0.00258773,0.0569917
0.0499723,2.86912,0.114976,2.65596,2.0001,-0.000307841,2.62406,2.99759,0.120124,2,2.00008,-0.000317254,1.95561,-0.0919805,2.29529,-9.13725e-20,0.00547871,-0.000540467,0.0794563,-0.0960994,2.39808,0,0.000294728,-0.00272832,0.0794566
0.0600395,2.86808,0.138401,2.65596,2.0002,-0.000284473,2.62492,2.99651,0.144598,2,2.00008,-0.000345334,1.95647,-0.110721,2.29447,0,0.0153521,0.00626221,0.0919507,-0.115679,2.39721,0,0.000334532,-0.0028898,0.0919544
0.0699732,2.86691,0.160837,2.65596,2.00043,-0.000159721,2.6259,2.99529,0.168039,2,2.00008,-0.000374985,1.95746,-0.128669,2.29353,1.82745e-19,0.0314119,0.019755,0.105276,-0.134431,2.39623,0,0.000398962,-0.00303688,0.105299
0.0799101,2.86554,0.183647,2.65596,2.00084,0.000123992,2.627,2.99386,0.191871,2,2.00009,-0.000405953,1.95856,-0.146918,2.29243,0,0.0510655,0.0373318,0.112509,-0.153497,2.39509,0,0.000510768,-0.00314805,0.112599
0.0899609,2.86397,0.206703,2.65596,2.00146,0.000595124,2.62812,2.99222,0.215959,2,2.00009,-0.00043772,1.95968,-0.165362,2.29118,-1.82745e-19,0.0724207,0.057576,0.111866,-0.172767,2.39377,0,0.000691199,-0.00318947,0.112106
0.100015,2.86219,0.230063,2.65596,2.00231,0.00129224,2.62925,2.99036,0.240365,2,2.0001,-0.000469412,1.96081,-0.18405,2.28975,-1.82745e-19,0.0978263,0.0827519,0.11418,-0.192292,2.39228,0,0.000983202,-0.0031288,0.114726
0.11003,2.86025,0.253038,2.65596,2.00343,0.00226853,2.63042,2.98833,0.264368,2,2.00011,-0.000499673,1.96199,-0.20243,2.2882,0,0.128001,0.113463,0.119971,-0.211495,2.39066,0,0.00143287,-0.00289126,0.121081
0.119928,2.85816,0.275615,2.65596,2.00488,0.00358134,2.63166,2.98615,0.287957,2,2.00013,-0.000526557,1.96325,-0.220492,2.28653,-3.6549e-19,0.163199,0.150131,0.129165,-0.230365,2.38892,0,0.00210601,-0.00245238,0.131248
0.130035,2.85571,0.299942,2.65596,2.00671,0.00529215,2.63301,2.98359,0.313373,2,2.00016,-0.000547812,1.96463,-0.239954,2.28457,-3.6549e-19,0.20354,0.193107,0.141332,-0.250699,2.38687,0,0.00306496,-0.00174694,0.145001
0.139972,2.85338,0.321351,2.65596,2.00897,0.00746503,2.6345,2.98115,0.33574,2,2.00019,-0.000560276,1.96616,-0.25708,2.2827,0,0.24902,0.242564,0.155568,-0.268592,2.38492,0,0.00439413,-0.000680017,0.161702
0.149964,2.8507,0.34433,2.65596,2.01171,0.0101656,2.63613,2.97835,0.359749,2,2.00025,-0.000559854,1.96787,-0.275464,2.28056,3.6549e-19,0.29962,0.298663,0.171121,-0.287799,2.38268,0,0.00618801,0.000852031,0.180934
0.159979,2.84777,0.367754,2.65596,2.01498,0.0134601,2.63792,2.97529,0.384222,2,2.00032,-0.000541483,1.96978,-0.294203,2.27822,0,0.355081,0.361333,0.187028,-0.307377,2.38024,0,0.00854587,0.00291888,0.202142
0.1699,2.84481,0.389979,2.65596,2.01882,0.0174131,2.63987,2.9722,0.407442,2,2.00042,-0.00049934,1.97192,-0.311983,2.27585,3.6549e-19,0.414487,0.43029,0.202344,-0.325954,2.37776,0,0.0115655,0.00562864,0.224835
0.179965,2.84159,0.412823,2.65596,2.02328,0.022086,2.64196,2.96883,0.431309,2,2.00055,-0.000426207,1.97428,-0.330258,2.27327,0,0.47647,0.50525,0.216569,-0.345047,2.37507,0,0.0153645,0.00914303,0.24899
0.189964,2.83816,0.43579,2.65596,2.02836,0.0275363,2.64419,2.96525,0.455304,2,2.00073,-0.000313239,1.9769,-0.348632,2.27053,3.6549e-19,0.539238,0.585706,0.229299,-0.364243,2.3722,0,0.0200624,0.0136255,0.274669
0.199893,2.83466,0.457957,2.65596,2.03406,0.0338174,2.64654,2.9616,0.478465,2,2.00096,-0.000149904,1.97978,-0.366366,2.26773,-3.6549e-19,0.601529,0.671354,0.240451,-0.382772,2.36928,0,0.0258347,0.0192575,0.302252
0.209981,2.83085,0.480951,2.65596,2.04038,0.0409796,2.649,2.95762,0.502488,2,2.00125,7.65509e-05,1.98295,-0.384761,2.26468,-3.6549e-19,0.662222,0.761849,0.249847,-0.40199,2.36609,0,0.0328192,0.0262814,0.331998
0.219917,2.8269,0.503679,2.65596,2.0473,0.0490687,2.65153,2.95349,0.526233,2,2.00162,0.000380986,1.98643,-0.402943,2.26152,0,0.720123,0.856645,0.257299,-0.420987,2.36279,0,0.0411668,0.034886,0.364083
0.229887,2.82288,0.525711,2.65596,2.05477,0.0581246,2.65414,2.94929,0.549252,2,2.00208,0.000780325,1.99024,-0.420568,2.25831,0,0.773907,0.955086,0.2627,-0.439401,2.35943,0,0.0510411,0.0453077,0.398655
0.239951,2.81854,0.548502,2.65596,2.06276,0.0681798,2.65678,2.94476,0.573064,2,2.00264,0.00129399,1.99441,-0.438802,2.25484,0,0.82229,1.05636,0.265847,-0.458451,2.35581,0,0.0625638,0.0577912,0.435628
0.250027,2.81395,0.571593,2.65596,2.07119,0.0792588,2.65944,2.93996,0.597189,2,2.00333,0.00194392,1.99896,-0.457274,2.25116,-7.3098e-19,0.864444,1.15975,0.266546,-0.477751,2.35197,0,0.0758731,0.0726032,0.474825
0.259897,2.80939,0.593597,2.65596,2.08002,0.0913806,2.6621,2.9352,0.620178,2,2.00417,0.00275471,2.00392,-0.474877,2.24751,0,0.899932,1.26478,0.264777,-0.496142,2.34816,0,0.091095,0.0900011,0.516177
0.26997,2.80453,0.616167,2.65596,2.08917,0.104558,2.66473,2.93012,0.643758,2,2.00516,0.00375338,2.00929,-0.492933,2.24362,0,0.928382,1.37078,0.260369,-0.515007,2.34409,0,0.108308,0.110209,0.559347
0.279995,2.79949,0.638685,2.65596,2.09857,0.118799,2.6673,2.92485,0.667285,2,2.00634,0.00496923,2.01511,-0.510948,2.23959,0,0.949533,1.47742,0.253475,-0.533828,2.33988,0,0.127587,0.133493,0.604262
0.289981,2.79427,0.661123,2.65596,2.10814,0.134108,2.66979,2.9194,0.690728,2,2.00772,0.00643441,2.02138,-0.528899,2.23542,0,0.963293,1.58433,0.244151,-0.552583,2.33552,0,0.14901,0.160118,0.650682
0.299967,2.78892,0.683367,2.65596,2.11781,0.150485,2.67218,2.9138,0.713967,2,2.00933,0.00818342,2.02813,-0.546693,2.23113,0,0.969574,1.6911,0.232397,-0.571174,2.33104,0,0.172574,0.190292,0.698236
0.309958,2.78334,0.705747,2.65596,2.1275,0.167928,2.67443,2.90797,0.73735,2,2.01118,0.0102529,2.03535,-0.564598,2.22667,7.3098e-19,0.968398,1.79735,0.218209,-0.58988,2.32638,0,0.198254,0.224245,0.746503
0.319959,2.77727,0.729267,2.65596,2.13715,0.186429,2.67653,2.90163,0.761923,2,2.0133,0.0126813,2.04306,-0.583413,2.22181,-7.3098e-19,0.959912,1.90255,0.201424,-0.609538,2.32131,0,0.225913,0.262102,0.794861
0.329967,2.77168,0.750224,2.65596,2.14668,0.205973,2.67845,2.8958,0.783818,2,2.01571,0.0155084,2.05125,-0.600179,2.21734,-7.3098e-19,0.944615,2.00585,0.18212,-0.627054,2.31664,0,0.255469,0.304,0.842828
0.339959,2.76568,0.772039,2.65596,2.15602,0.226536,2.68017,2.88953,0.80661,2,2.01842,0.0187753,2.05991,-0.617631,2.21255,7.3098e-19,0.923209,2.10624,0.160664,-0.645288,2.31162,0,0.28681,0.350077,0.890094
0.349972,2.75936,0.794347,2.65596,2.16512,0.248085,2.68166,2.88292,0.829917,2,2.02145,0.0225244,2.06904,-0.635477,2.20749,7.3098e-19,0.896461,2.20283,0.137541,-0.663934,2.30634,0,0.3198,0.40049,0.93639
0.359885,2.75296,0.816254,2.65596,2.17394,0.270577,2.68291,2.87623,0.852805,2,2.02482,0.0267998,2.07863,-0.653003,2.20237,0,0.865078,2.29494,0.113223,-0.682244,2.30099,0,0.354284,0.455335,0.981401
0.369956,2.74634,0.838249,2.65596,2.18241,0.293966,2.68392,2.86932,0.875785,2,2.02854,0.0316459,2.08867,-0.670599,2.19707,0,0.829687,2.38201,0.0880648,-0.700628,2.29546,0,0.390012,0.514613,1.02466
0.379946,2.73936,0.860794,2.65596,2.19052,0.3182,2.68467,2.86203,0.899339,2,2.03262,0.0371066,2.09912,-0.688635,2.19149,0,0.790838,2.46373,0.0624282,-0.719472,2.28962,0,0.42676,0.578249,1.06572
0.389955,2.73261,0.881992,2.65596,2.19822,0.343223,2.68517,2.85497,0.921487,2,2.03708,0.0432251,2.10997,-0.705593,2.18609,7.3098e-19,0.749035,2.53996,0.0366361,-0.737189,2.28398,0,0.4643,0.64615,1.10413
0.400071,2.72524,0.904491,2.65596,2.20549,0.368981,2.68541,2.84728,0.944993,2,2.04191,0.0500433,2.12119,-0.723593,2.18019,-7.3098e-19,0.704636,2.61063,0.0110021,-0.755995,2.27782,0,0.502303,0.718145,1.13944
0.409972,2.71793,0.92623,2.65596,2.2123,0.395417,2.68539,2.83964,0.967706,2,2.04712,0.0576011,2.13275,-0.740984,2.17434,7.3098e-19,0.658104,2.67573,-0.0142485,-0.774165,2.27171,0,0.540505,0.794016,1.17114
0.419957,2.71049,0.947771,2.65596,2.21865,0.422477,2.68513,2.83187,0.990211,2,2.05272,0.0659358,2.1446,-0.758217,2.1684,0,0.609733,2.73534,-0.0387952,-0.792169,2.2655,0,0.578586,0.873486,1.19889
0.429924,2.7028,0.969502,2.65596,2.22449,0.450106,2.68462,2.82383,1.01292,2,2.05869,0.0750819,2.15671,-0.775601,2.16224,0,0.559818,2.78957,-0.0623674,-0.810332,2.25906,0,0.616261,0.956221,1.22232
0.439962,2.69499,0.991009,2.65596,2.22984,0.478252,2.68388,2.81567,1.03539,2,2.06504,0.0850704,2.16903,-0.792807,2.15599,7.3098e-19,0.508439,2.83871,-0.0844549,-0.828308,2.25253,0,0.65328,1.04196,1.24133
0.449958,2.68697,1.01254,2.65596,2.23466,0.506865,2.68294,2.80729,1.05788,2,2.07176,0.0959305,2.18152,-0.810034,2.14958,0,0.455701,2.88311,-0.104657,-0.846306,2.24583,0,0.689427,1.13049,1.25577
0.459971,2.67882,1.03391,2.65596,2.23895,0.535899,2.6818,2.79878,1.08021,2,2.07883,0.107688,2.19413,-0.82713,2.14306,0,0.40183,2.92288,-0.122798,-0.864169,2.23902,0,0.724481,1.22134,1.26536
0.469957,2.67045,1.05535,2.65596,2.24269,0.565307,2.68049,2.79003,1.10261,2,2.08624,0.120363,2.20681,-0.84428,2.13636,0,0.346939,2.95808,-0.13874,-0.882086,2.23202,0,0.758098,1.31395,1.26987
0.480004,2.66195,1.0766,2.65596,2.24588,0.595045,2.67903,2.78115,1.12481,2,2.09398,0.133971,2.21951,-0.861279,2.12956,0,0.29124,2.98885,-0.152428,-0.899847,2.22492,0,0.790057,1.4078,1.26909
0.489995,2.6532,1.09798,2.65596,2.24851,0.62507,2.67745,2.77201,1.14715,2,2.10203,0.148522,2.23218,-0.878386,2.12256,-1.46196e-18,0.234896,3.01529,-0.163808,-0.91772,2.21761,0,0.820137,1.50236,1.26287
0.499988,2.64422,1.11945,2.65596,2.25058,0.655337,2.67576,2.76262,1.16958,2,2.11038,0.164019,2.24475,-0.895558,2.11537,-1.46196e-18,0.178022,3.03753,-0.172866,-0.935661,2.2101,0,0.848113,1.59709,1.25116
0.509923,2.63526,1.14038,2.65596,2.25207,0.685806,2.674,2.75326,1.19145,2,2.11899,0.180462,2.25718,-0.912307,2.1082,0,0.120768,3.05568,-0.179618,-0.95316,2.20261,0,0.873842,1.69145,1.23392
0.519975,2.62591,1.16174,2.65596,2.25299,0.716437,2.67218,2.7435,1.21376,2,2.12785,0.197845,2.26941,-0.929393,2.10073,-1.46196e-18,0.0632524,3.06986,-0.184123,-0.97101,2.1948,0,0.897177,1.78492,1.21123
0.529996,2.61671,1.18231,2.65596,2.25334,0.747191,2.67032,2.73389,1.23526,2,2.13693,0.216156,2.28139,-0.945852,2.09337,0,0.0057005,3.08016,-0.186492,-0.988206,2.18711,0,0.918105,1.87702,1.18314
0.539972,2.60724,1.20307,2.65596,2.25311,0.778028,2.66845,2.72399,1.25694,2,2.1462,0.235379,2.29306,-0.962454,2.08579,0,-0.0517383,3.08658,-0.1868,-1.00555,2.17919,0,0.93659,1.96722,1.14982
0.549901,2.59739,1.22417,2.65596,2.2523,0.80891,2.66659,2.7137,1.27899,2,2.15565,0.255493,2.30437,-0.979338,2.07791,0,-0.108947,3.08915,-0.185143,-1.02319,2.17096,0,0.952614,2.05509,1.11147
0.559987,2.58769,1.24456,2.65596,2.25093,0.839798,2.66476,2.70356,1.30029,2,2.16524,0.276472,2.31527,-0.995646,2.07015,1.46196e-18,-0.165858,3.08792,-0.181595,-1.04023,2.16285,0,0.966168,2.14027,1.06835
0.569968,2.57769,1.26513,2.65596,2.24899,0.870656,2.66297,2.69312,1.32178,2,2.17496,0.298288,2.32572,-1.0121,2.06215,0,-0.222325,3.08299,-0.176457,-1.05742,2.1545,0,0.977289,2.22249,1.02066
0.579957,2.56754,1.2856,2.65596,2.24649,0.901446,2.66123,2.68252,1.34317,2,2.18478,0.320911,2.33567,-1.02848,2.05403,1.46196e-18,-0.278245,3.07435,-0.169842,-1.07454,2.14601,0,0.985999,2.30148,0.968721
0.589917,2.55718,1.3061,2.65596,2.24343,0.93213,2.65957,2.67169,1.36458,2,2.19468,0.344306,2.34508,-1.04488,2.04574,0,-0.333398,3.062,-0.161866,-1.09167,2.13735,0,0.992477,2.37706,0.912839
0.600006,2.54626,1.32726,2.65596,2.23982,0.962673,2.658,2.66028,1.38669,2,2.20463,0.36844,2.35392,-1.0618,2.03701,0,-0.387421,3.046,-0.153129,-1.10935,2.12822,0,0.996857,2.44903,0.853228
0.610003,2.53573,1.34727,2.65596,2.23568,0.993039,2.65651,2.64927,1.4076,2,2.21461,0.393275,2.36214,-1.07782,2.02858,0,-0.440306,3.02645,-0.143504,-1.12608,2.11942,0,0.999213,2.5175,0.790364
0.619954,2.5249,1.36746,2.65596,2.23102,1.02319,2.65513,2.63796,1.42869,2,2.2246,0.418779,2.36971,-1.09397,2.01992,1.46196e-18,-0.491859,3.00353,-0.132984,-1.14295,2.11037,0,0.99972,2.58267,0.724711
0.629977,2.51372,1.3879,2.65596,2.22585,1.0531,2.65386,2.62628,1.45005,2,2.2346,0.444919,2.37662,-1.11032,2.01097,-1.46196e-18,-0.541927,2.9775,-0.121691,-1.16004,2.10102,0,0.99845,2.64486,0.65664
0.639992,2.5026,1.40785,2.65596,2.22019,1.08273,2.6527,2.61466,1.4709,2,2.24457,0.471668,2.38284,-1.12628,2.00208,0,-0.590264,2.9487,-0.109668,-1.17672,2.09173,0,0.995573,2.7045,0.586571
0.649894,2.49137,1.42763,2.65596,2.21405,1.11206,2.65167,2.60293,1.49156,2,2.2545,0.499001,2.38835,-1.14211,1.99309,1.46196e-18,-0.636757,2.91732,-0.097036,-1.19325,2.08234,0,0.991124,2.76191,0.514866
0.659914,2.47981,1.44761,2.65596,2.20746,1.14107,2.65076,2.59086,1.51244,2,2.26438,0.5269,2.39313,-1.15809,1.98385,0,-0.681243,2.88362,-0.0839854,-1.20995,2.07268,0,0.98514,2.8175,0.44186
0.66989,2.46831,1.46714,2.65596,2.20043,1.16973,2.64999,2.57884,1.53283,2,2.2742,0.555347,2.39718,-1.17371,1.97465,-1.46196e-18,-0.723554,2.84791,-0.0705855,-1.22627,2.06307,0,0.977689,2.87175,0.367892
0.680005,2.45631,1.48714,2.65596,2.19299,1.19802,2.64935,2.56631,1.55373,2,2.28393,0.584332,2.40049,-1.18971,1.96505,0,-0.76367,2.81041,-0.0569323,-1.24298,2.05305,0,0.968704,2.92511,0.293261
0.689975,2.44425,1.50688,2.65596,2.18517,1.22593,2.64885,2.5537,1.57436,2,2.29357,0.613847,2.40305,-1.2055,1.9554,0,-0.801498,2.77128,-0.043199,-1.25949,2.04296,0,0.958129,2.97792,0.218263
0.699928,2.43227,1.52614,2.65596,2.17697,1.25344,2.64849,2.54119,1.59448,2,2.30309,0.64389,2.40485,-1.22091,1.94582,0,-0.837022,2.73071,-0.029472,-1.27558,2.03295,0,0.945824,3.03056,0.143221
0.709962,2.42001,1.54551,2.65596,2.16843,1.28054,2.64826,2.52837,1.61472,2,2.31248,0.67446,2.40591,-1.23641,1.93601,0,-0.870119,2.68896,-0.0159034,-1.29178,2.0227,0,0.931733,3.08348,0.0684079
0.719924,2.40773,1.56457,2.65596,2.15958,1.30722,2.64817,2.51555,1.63463,2,2.32172,0.705562,2.40622,-1.25165,1.92619,-1.46196e-18,-0.900776,2.64633,-0.00269149,-1.3077,2.01244,0,0.915665,3.13714,-0.00591793
0.729931,2.39476,1.58435,2.65596,2.15043,1.33347,2.64821,2.502,1.65529,2,2.33078,0.737206,2.4058,-1.26748,1.91581,2.92392e-18,-0.929103,2.60302,0.0101173,-1.32423,2.0016,0,0.89732,3.1919,-0.0794736
0.739899,2.38212,1.6033,2.65596,2.141,1.35928,2.64837,2.48879,1.67509,2,2.33966,0.769405,2.40464,-1.28264,1.90569,0,-0.955028,2.55922,0.022288,-1.34007,1.99103,0,0.87651,3.24804,-0.151987
0.750014,2.36923,1.62228,2.65596,2.13133,1.38465,2.64865,2.47532,1.69493,2,2.34831,0.802172,2.40276,-1.29783,1.89538,1.46196e-18,-0.978608,2.51504,0.0337486,-1.35594,1.98026,0,0.852941,3.30574,-0.223144
0.759956,2.35619,1.64116,2.65596,2.12144,1.40958,2.64904,2.4617,1.71465,2,2.3567,0.835526,2.40018,-1.31293,1.88495,0,-0.999939,2.47065,0.044513,-1.37172,1.96936,0,0.826281,3.36528,-0.292685
0.769961,2.34328,1.65954,2.65596,2.11134,1.43406,2.64954,2.44821,1.73385,2,2.36482,0.869485,2.39691,-1.32763,1.87463,0,-1.01906,2.42614,0.0546625,-1.38708,1.95857,0,0.796223,3.42682,-0.360303
0.779872,2.32986,1.67833,2.65596,2.10106,1.4581,2.65013,2.43419,1.75348,2,2.37262,0.904069,2.39298,-1.34266,1.86389,-1.46196e-18,-1.03609,2.38157,0.064164,-1.40279,1.94735,0,0.762366,3.49041,-0.425666
0.789915,2.31596,1.69746,2.65596,2.09063,1.48169,2.65082,2.41967,1.77347,2,2.38005,0.939301,2.38841,-1.35797,1.85277,0,-1.05111,2.33706,0.0733465,-1.41878,1.93574,0,0.724349,3.55627,-0.488467
0.799855,2.30265,1.71547,2.65596,2.08005,1.50484,2.6516,2.40577,1.79229,2,2.38709,0.975203,2.38322,-1.37237,1.84212,0,-1.06422,2.29273,0.0823184,-1.43383,1.92461,0,0.681764,3.6245,-0.54842
0.809943,2.28894,1.73372,2.65596,2.06935,1.52755,2.65247,2.39144,1.81136,2,2.39367,1.0118,2.37745,-1.38698,1.83115,1.46196e-18,-1.07543,2.24861,0.0907947,-1.44909,1.91315,0,0.634244,3.69485,-0.605198
0.819957,2.27489,1.75212,2.65596,2.05855,1.54982,2.65341,2.37676,1.83058,2,2.39975,1.04911,2.37113,-1.4017,1.81991,-1.46196e-18,-1.08484,2.20488,0.0987829,-1.46447,1.90141,0,0.581395,3.76726,-0.65847
0.829938,2.26082,1.77024,2.65596,2.04766,1.57165,2.65444,2.36206,1.84951,2,2.40528,1.08715,2.36429,-1.41619,1.80865,1.46196e-18,-1.09256,2.16149,0.106392,-1.47961,1.88964,0,0.522759,3.84138,-0.707784
0.839967,2.24649,1.78838,2.65596,2.0367,1.59305,2.65554,2.34709,1.86847,2,2.41019,1.12594,2.35699,-1.43071,1.7972,0,-1.09861,2.11865,0.113235,-1.49477,1.87767,0,0.458049,3.91689,-0.752872
0.849975,2.23191,1.80656,2.65596,2.02569,1.61402,2.6567,2.33185,1.88745,2,2.41442,1.16549,2.34925,-1.44525,1.78552,1.46196e-18,-1.10303,2.07653,0.119264,-1.50996,1.86548,0,0.386987,3.99348,-0.793391
0.859983,2.21761,1.82408,2.65596,2.01464,1.63458,2.65792,2.31691,1.90576,2,2.41791,1.20581,2.34114,-1.45926,1.77409,1.46196e-18,-1.10581,2.03536,0.124217,-1.52461,1.85353,0,0.309403,4.07071,-0.829087
0.869934,2.20255,1.84223,2.65596,2.00358,1.65473,2.65918,2.30118,1.92473,2,2.42059,1.2469,2.33269,-1.47379,1.76204,0,-1.10718,1.99497,0.128017,-1.53978,1.84094,0,0.224939,4.1477,-0.859561
0.879931,2.18818,1.85928,2.65596,1.99251,1.67448,2.66048,2.28616,1.94254,2,2.42238,1.28876,2.32396,-1.48743,1.75054,0,-1.10707,1.95578,0.130494,-1.55403,1.82893,0,0.133629,4.2241,-0.8846
0.889917,2.17306,1.87693,2.65596,1.98144,1.69385,2.66179,2.27036,1.96098,2,2.42323,1.33138,2.31502,-1.50155,1.73844,-1.46196e-18,-1.1056,1.9179,0.13179,-1.56879,1.81629,0,0.0353304,4.29935,-0.903891
0.899958,2.15815,1.89406,2.65596,1.9704,1.71285,2.66311,2.25479,1.97887,2,2.42307,1.37474,2.30591,-1.51525,1.72652,1.46196e-18,-1.10299,1.88119,0.131875,-1.5831,1.80383,0,-0.0700591,4.37238,-0.917125
0.909915,2.14297,1.91121,2.65596,1.95939,1.73148,2.66442,2.23893,1.99679,2,2.42181,1.41882,2.29669,-1.52897,1.71438,0,-1.09926,1.84601,0.130546,-1.59743,1.79115,0,-0.182371,4.44262,-0.924202
0.919989,2.12739,1.92854,2.65596,1.94842,1.74977,2.66572,2.22265,2.0149,2,2.4194,1.46358,2.28744,-1.54284,1.70191,1.46196e-18,-1.09456,1.81249,0.127768,-1.61192,1.77812,0,-0.301427,4.50924,-0.924977
0.929969,2.11179,1.94561,2.65596,1.9375,1.76774,2.66697,2.20636,2.03273,2,2.41576,1.50899,2.27822,-1.55648,1.68943,0,-1.08899,1.78072,0.123522,-1.62618,1.76509,0,-0.426903,4.57132,-0.919311
0.939945,2.09628,1.96231,2.65596,1.92664,1.78539,2.66818,2.19015,2.05018,2,2.41084,1.55499,2.26908,-1.56985,1.67703,0,-1.08279,1.75076,0.11769,-1.64014,1.75212,0,-0.558497,4.62795,-0.907226
0.949968,2.07996,1.9796,2.65596,1.91584,1.80276,2.66932,2.1731,2.06825,2,2.40457,1.60153,2.26009,-1.58368,1.66397,-1.46196e-18,-1.07599,1.72273,0.11042,-1.6546,1.73848,0,-0.695586,4.67827,-0.888606
0.959944,2.0646,1.99561,2.65596,1.90512,1.81985,2.67039,2.15705,2.08498,2,2.39691,1.64853,2.25133,-1.59649,1.65168,0,-1.06884,1.69665,0.101631,-1.66798,1.72564,0,-0.837655,4.72134,-0.863629
0.96996,2.04795,2.0127,2.65596,1.89447,1.8367,2.67135,2.13965,2.10283,2,2.3878,1.69593,2.24284,-1.61016,1.63836,-1.46196e-18,-1.06153,1.67303,0.0912399,-1.68226,1.71172,0,-0.984027,4.75678,-0.832572
0.979875,2.03276,2.02804,2.65596,1.88389,1.85332,2.67221,2.12379,2.11885,2,2.37722,1.74364,2.23469,-1.62243,1.62621,0,-1.05427,1.65181,0.0793561,-1.69508,1.69903,0,-1.13393,4.78374,-0.795634
0.989963,2.01616,2.04454,2.65596,1.87338,1.86974,2.67293,2.10644,2.13609,2,2.36512,1.79157,2.22695,-1.63563,1.61293,2.92392e-18,-1.04722,1.63305,0.0658303,-1.70887,1.68516,0,-1.28643,4.80151,-0.753273
0.999972,1.99958,2.06076,2.65596,1.86294,1.88599,2.67352,2.08912,2.15304,2,2.35148,1.83964,2.21965,-1.64861,1.59966,-1.46196e-18,-1.04061,1.61684,0.0510311,-1.72243,1.67129,0,-1.44072,4.80965,-0.705721
1.00995,1.98344,2.0763,2.65596,1.85257,1.90209,2.67395,2.07226,2.16927,2,2.3363,1.88773,2.21285,-1.66104,1.58675,-1.46196e-18,-1.0347,1.60296,0.0351117,-1.73542,1.65781,0,-1.59591,4.80741,-0.653418
1.01999,1.9663,2.09254,2.65596,1.84225,1.91806,2.67422,2.05435,2.18624,2,2.31956,1.93575,2.20659,-1.67403,1.57304,1.46196e-18,-1.02977,1.59184,0.0181466,-1.74899,1.64348,0,-1.7511,4.79492,-0.596953
1.02998,1.94944,2.10825,2.65596,1.83197,1.93393,2.67431,2.03674,2.20266,2,2.30128,1.98359,2.20092,-1.6866,1.55955,1.46196e-18,-1.02604,1.58341,0.000307053,-1.76213,1.62939,0,-1.90532,4.77188,-0.536912
1.03988,1.93298,2.12336,2.65596,1.82172,1.94974,2.67422,2.01954,2.21844,2,2.28146,2.03115,2.19586,-1.69868,1.54638,1.46196e-18,-1.0237,1.57758,-0.0182251,-1.77475,1.61563,0,-2.05753,4.73815,-0.473899
1.04989,1.91575,2.13891,2.65596,1.81149,1.96549,2.67394,2.00154,2.23469,2,2.26014,2.07832,2.19145,-1.71113,1.5326,0,-1.02287,1.57402,-0.0373409,-1.78775,1.60123,0,-2.20665,4.69355,-0.408604
1.05997,1.89871,2.15406,2.65596,1.80126,1.98123,2.67347,1.98373,2.25051,2,2.23734,2.12499,2.1877,-1.72325,1.51897,-1.46196e-18,-1.02394,1.57291,-0.0567069,-1.80041,1.58698,0,-2.352,4.63853,-0.341662
1.06997,1.88163,2.16899,2.65596,1.791,1.99696,2.67281,1.96589,2.26612,2,2.21312,2.17106,2.18462,-1.73519,1.5053,-1.46196e-18,-1.02706,1.57384,-0.0760213,-1.81289,1.57271,0,-2.49274,4.57307,-0.273724
1.0799,1.86412,2.18406,2.65596,1.78071,2.01271,2.67195,1.94759,2.28186,2,2.18751,2.21642,2.18222,-1.74725,1.49129,0,-1.03241,1.57676,-0.0950617,-1.82549,1.55807,0,-2.62801,4.49767,-0.205482
1.08993,1.84689,2.19865,2.65596,1.77035,2.0285,2.67091,1.92959,2.2971,2,2.16058,2.26098,2.18051,-1.75892,1.47751,2.92392e-18,-1.04013,1.5815,-0.113642,-1.83768,1.54367,0,-2.75709,4.41285,-0.137659
1.10006,1.82851,2.21395,2.65596,1.7599,2.04434,2.66968,1.91039,2.31309,2,2.13239,2.30465,2.17947,-1.77116,1.46281,0,-1.05024,1.58766,-0.131555,-1.85047,1.52831,0,-2.87921,4.31906,-0.0709499
1.10997,1.81119,2.22814,2.65596,1.74933,2.06026,2.66828,1.8923,2.32792,2,2.10302,2.34733,2.17908,-1.78252,1.44896,-1.46196e-18,-1.06295,1.59507,-0.1486,-1.86234,1.51384,0,-2.99394,4.21703,-0.00604061
1.11989,1.7931,2.24273,2.65596,1.73863,2.07625,2.66672,1.8734,2.34316,2,2.07254,2.38896,2.17934,-1.79418,1.43448,0,-1.07841,1.60369,-0.164684,-1.87453,1.49872,0,-3.10088,4.10777,0.0563781
1.12997,1.77445,2.25752,2.65596,1.72776,2.09233,2.66499,1.85391,2.35861,2,2.04103,2.42947,2.1802,-1.80601,1.41956,0,-1.09673,1.61346,-0.17953,-1.88689,1.48312,0,-3.19975,3.9923,0.115805
1.13999,1.75692,2.27118,2.65596,1.71669,2.10852,2.66313,1.8356,2.37288,2,2.00857,2.46879,2.18164,-1.81695,1.40554,0,-1.11779,1.62397,-0.192972,-1.89831,1.46848,0,-3.29018,3.87141,0.171723
1.14997,1.73882,2.28507,2.65596,1.70539,2.12481,2.66114,1.81669,2.38739,2,1.97525,2.50688,2.18362,-1.82806,1.39106,1.46196e-18,-1.14133,1.63474,-0.204994,-1.90992,1.45335,0,-3.37181,3.7458,0.223567
1.15995,1.72018,2.29914,2.65596,1.69385,2.14122,2.65904,1.79721,2.40209,2,1.94116,2.54369,2.1861,-1.83931,1.37614,0,-1.16728,1.64555,-0.215346,-1.92167,1.43777,0,-3.44464,3.61645,0.271034
1.16997,1.70207,2.31258,2.65596,1.68204,2.15772,2.65684,1.77829,2.41613,2,1.90639,2.5792,2.18903,-1.85006,1.36166,0,-1.19552,1.65606,-0.223856,-1.93291,1.42263,0,-3.50872,3.48416,0.313823
1.17998,1.68342,2.32619,2.65596,1.66993,2.17434,2.65456,1.7588,2.43035,2,1.87102,2.61337,2.19236,-1.86095,1.34673,0,-1.22593,1.66605,-0.230533,-1.94428,1.40704,0,-3.56416,3.34986,0.351618
1.18998,1.66436,2.33986,2.65596,1.65751,2.19104,2.65223,1.73889,2.44464,2,1.83513,2.64619,2.19604,-1.87189,1.33149,-1.46196e-18,-1.25853,1.6753,-0.235329,-1.95571,1.39111,0,-3.61138,3.21443,0.384196
1.19995,1.64538,2.35325,2.65596,1.64476,2.20784,2.64986,1.71906,2.45863,2,1.79882,2.67766,2.20003,-1.8826,1.3163,0,-1.29309,1.68354,-0.238265,-1.9669,1.37525,0,-3.6506,3.07861,0.411374
1.21,1.62636,2.36643,2.65596,1.63164,2.22471,2.64747,1.69919,2.4724,2,1.76214,2.70777,2.20425,-1.89315,1.30109,1.46196e-18,-1.32952,1.6906,-0.239351,-1.97792,1.35935,0,-3.68228,2.94319,0.433071
1.21992,1.60811,2.37887,2.65596,1.61816,2.24165,2.64508,1.68012,2.48539,2,1.72519,2.73652,2.20867,-1.9031,1.28649,1.46196e-18,-1.36754,1.6963,-0.238598,-1.98832,1.3441,0,-3.70674,2.80885,0.449286
1.22996,1.58922,2.39154,2.65596,1.60429,2.25863,2.64271,1.66038,2.49863,2,1.68803,2.76395,2.21322,-1.91323,1.27137,0,-1.40691,1.70046,-0.236062,-1.9989,1.3283,0,-3.72442,2.67619,0.460053
1.23998,1.56976,2.40435,2.65596,1.59002,2.27565,2.64037,1.64006,2.51201,2,1.65073,2.79006,2.21785,-1.92348,1.25581,-1.46196e-18,-1.4475,1.70288,-0.231816,-2.00961,1.31205,0,-3.73589,2.54565,0.465434
1.24996,1.55084,2.4166,2.65596,1.57534,2.29268,2.63808,1.62028,2.52481,2,1.61334,2.81487,2.22251,-1.93328,1.24067,1.46196e-18,-1.48883,1.70336,-0.22599,-2.01985,1.29623,0,-3.74138,2.41758,0.465507
1.25996,1.53116,2.42912,2.65596,1.56024,2.30971,2.63585,1.59972,2.53789,2,1.57592,2.83842,2.22715,-1.94329,1.22493,0,-1.53079,1.70189,-0.218627,-2.03031,1.27978,0,-3.74146,2.29243,0.460496
1.26995,1.51181,2.44121,2.65596,1.54472,2.32671,2.63371,1.57951,2.55052,2,1.53852,2.86073,2.2317,-1.95296,1.20945,0,-1.5731,1.69847,-0.209698,-2.04042,1.2636,0,-3.73657,2.17052,0.450721
1.27997,1.49213,2.45328,2.65596,1.52878,2.34367,2.63166,1.55895,2.56314,2,1.5012,2.88184,2.23614,-1.96263,1.19371,0,-1.61546,1.69304,-0.199377,-2.05051,1.24716,0,-3.72708,2.05207,0.436364
1.2899,1.47259,2.46506,2.65596,1.51241,2.36057,2.62973,1.53853,2.57545,2,1.46399,2.90178,2.24042,-1.97205,1.17807,0,-1.65769,1.6856,-0.187843,-2.06036,1.23082,0,-3.71343,1.93722,0.417627
1.29994,1.45257,2.47691,2.65596,1.49562,2.37738,2.62791,1.51762,2.58782,2,1.42694,2.92059,2.24448,-1.98153,1.16206,0,-1.69956,1.67612,-0.175234,-2.07026,1.2141,0,-3.69603,1.82605,0.39478
1.30997,1.43301,2.48828,2.65596,1.47842,2.39408,2.62623,1.49718,2.5997,2,1.39008,2.93832,2.2483,-1.99062,1.14641,-1.46196e-18,-1.7412,1.66474,-0.161576,-2.07976,1.19775,0,-3.67558,1.71866,0.36821
1.31996,1.41283,2.49979,2.65596,1.4608,2.41067,2.62468,1.47609,2.61173,2,1.35344,2.95498,2.25184,-1.99983,1.13026,0,-1.7823,1.65145,-0.147075,-2.08939,1.18088,0,-3.65227,1.615,0.338159
1.32994,1.39189,2.51151,2.65596,1.44278,2.42711,2.62329,1.45421,2.62398,2,1.31705,2.97063,2.25505,-2.00921,1.11351,0,-1.8225,1.63638,-0.131803,-2.09918,1.16337,0,-3.62623,1.51504,0.30497
1.33995,1.37276,2.52202,2.65596,1.42435,2.44339,2.62205,1.43423,2.63495,2,1.28092,2.98529,2.25793,-2.01762,1.09821,0,-1.86197,1.61966,-0.115807,-2.10796,1.14738,0,-3.59804,1.41874,0.269025
1.34992,1.35263,2.53287,2.65596,1.40554,2.45949,2.62097,1.4132,2.64629,2,1.24509,2.99901,2.26043,-2.0263,1.08211,0,-1.90051,1.60141,-0.0992708,-2.11703,1.13056,0,-3.56785,1.326,0.230583
1.35995,1.33195,2.54381,2.65596,1.38635,2.47541,2.62006,1.39159,2.65772,2,1.20957,3.01182,2.26253,-2.03505,1.06556,0,-1.93797,1.58161,-0.0824026,-2.12618,1.11327,0,-3.53583,1.23651,0.189862
1.37002,1.3116,2.55436,2.65596,1.36679,2.49112,2.61932,1.37033,2.66874,2,1.17438,3.02376,2.26422,-2.04349,1.04928,0,-1.97424,1.56038,-0.0653335,-2.13499,1.09627,0,-3.50217,1.15012,0.147171
1.37995,1.29116,2.56475,2.65596,1.34687,2.50661,2.61876,1.34898,2.6796,2,1.13954,3.03484,2.26547,-2.0518,1.03293,-1.46196e-18,-2.00921,1.53787,-0.0481485,-2.14368,1.07918,0,-3.46694,1.06667,0.102819
1.38992,1.27056,2.57502,2.65596,1.32661,2.52188,2.61836,1.32745,2.69033,2,1.10505,3.0451,2.26627,-2.06002,1.01645,0,-2.04285,1.51426,-0.0309309,-2.15226,1.06196,0,-3.43028,0.986011,0.0571211
1.40003,1.24984,2.58514,2.65596,1.30602,2.5369,2.61814,1.30581,2.7009,2,1.07093,3.05457,2.26661,-2.06811,0.999875,1.46196e-18,-2.07513,1.48965,-0.0138078,-2.16072,1.04465,0,-3.39227,0.907909,0.0103334
1.40996,1.22943,2.59491,2.65596,1.28511,2.55167,2.61809,1.28449,2.71111,2,1.03721,3.06326,2.26647,-2.07593,0.983547,0,-2.10605,1.46407,0.00309085,-2.16888,1.02759,0,-3.35301,0.832083,-0.0372955
1.41991,1.20871,2.60462,2.65596,1.2639,2.56617,2.6182,1.26284,2.72126,2,1.00388,3.07121,2.26586,-2.0837,0.966972,0,-2.13564,1.43762,0.0196298,-2.17701,1.01027,0,-3.31257,0.758321,-0.0855208
1.42989,1.18758,2.61433,2.65596,1.2424,2.58042,2.61848,1.24076,2.73139,2,0.97096,3.07844,2.26476,-2.09146,0.950067,0,-2.16393,1.41044,0.0357629,-2.18511,0.99261,0,-3.271,0.686437,-0.13405
1.43995,1.16683,2.62365,2.65596,1.22062,2.59438,2.61891,1.21908,2.74114,2,0.938462,3.08495,2.26318,-2.09892,0.933467,0,-2.19094,1.3826,0.0513916,-2.19291,0.975267,0,-3.22831,0.616216,-0.182646
1.45001,1.14545,2.63306,2.65596,1.19858,2.60807,2.6195,1.19674,2.75097,2,0.906397,3.09077,2.26111,-2.10645,0.916357,0,-2.21681,1.35425,0.0664708,-2.20077,0.957391,0,-3.18461,0.547531,-0.231031
1.45998,1.12336,2.64256,2.65596,1.17629,2.62146,2.62024,1.17366,2.76089,2,0.874774,3.0959,2.25856,-2.11405,0.898688,1.46196e-18,-2.24152,1.32542,0.080882,-2.20871,0.938931,0,-3.13985,0.480147,-0.279016
1.46994,1.10358,2.65088,2.65596,1.15376,2.63457,2.62112,1.153,2.76958,2,0.843604,3.10037,2.25553,-2.1207,0.882865,0,-2.26507,1.29624,0.0945593,-2.21567,0.922399,0,-3.09396,0.413961,-0.326363
1.47995,1.08214,2.6597,2.65596,1.13099,2.64739,2.62213,1.1306,2.7788,2,0.812898,3.10419,2.25203,-2.12776,0.865712,-1.46196e-18,-2.28749,1.2668,0.107437,-2.22304,0.904478,0,-3.04691,0.348852,-0.372844
1.48993,1.06136,2.66806,2.65596,1.10801,2.65991,2.62326,1.10889,2.78754,2,0.78267,3.10735,2.24808,-2.13445,0.849091,0,-2.30876,1.23714,0.119479,-2.23003,0.887113,0,-2.99862,0.284657,-0.418234
1.50001,1.03918,2.67678,2.65596,1.08482,2.67213,2.62452,1.08572,2.79664,2,0.75293,3.10988,2.24367,-2.14142,0.831347,-7.3098e-19,-2.32891,1.20736,0.130617,-2.23732,0.868574,0,-2.94906,0.221327,-0.462312
1.50998,1.01755,2.68508,2.65596,1.06144,2.68406,2.62587,1.06311,2.80532,2,0.723693,3.11178,2.23884,-2.14806,0.814038,7.3098e-19,-2.34791,1.17752,0.140801,-2.24425,0.85049,0,-2.89814,0.158798,-0.504865
1.51995,0.99695,2.69279,2.65596,1.03787,2.69568,2.62733,1.04159,2.81338,2,0.694972,3.11306,2.23358,-2.15424,0.79756,0,-2.3659,1.14761,0.149973,-2.2507,0.833275,0,-2.84593,0.0969631,-0.545705
1.52999,0.974971,2.70083,2.65596,1.01412,2.70701,2.62887,1.01863,2.82177,2,0.666779,3.11372,2.22793,-2.16066,0.779977,-7.3098e-19,-2.38294,1.11769,0.158116,-2.25742,0.814904,0,-2.79243,0.0357969,-0.584617
1.53992,0.953749,2.7084,2.65596,0.990212,2.71803,2.63049,0.996457,2.82968,2,0.639127,3.11378,2.2219,-2.16672,0.762999,-7.3098e-19,-2.39911,1.08782,0.165189,-2.26374,0.797166,0,-2.73769,-0.0246941,-0.621415
1.55007,0.931525,2.71612,2.65596,0.966143,2.72876,2.63217,0.973238,2.83775,2,0.612029,3.11323,2.21551,-2.1729,0.74522,-1.46196e-18,-2.41438,1.05798,0.171154,-2.2702,0.77859,0,-2.68166,-0.0845325,-0.655919
1.55993,0.909878,2.72345,2.65596,0.941927,2.73919,2.63391,0.950622,2.8454,2,0.585498,3.11209,2.20879,-2.17876,0.727902,1.46196e-18,-2.4288,1.02818,0.176,-2.27632,0.760497,0,-2.62438,-0.143713,-0.687948
1.56995,0.888541,2.73048,2.65596,0.91757,2.74933,2.63569,0.92833,2.85275,2,0.559546,3.11036,2.20176,-2.18439,0.710833,7.3098e-19,-2.44241,0.998531,0.17972,-2.2822,0.742664,0,-2.56591,-0.202101,-0.717321
1.57996,0.866344,2.73761,2.65596,0.893082,2.75917,2.6375,0.905138,2.8602,2,0.534184,3.10805,2.19445,-2.19009,0.693075,7.3098e-19,-2.45516,0.969021,0.182296,-2.28816,0.72411,0,-2.5062,-0.259657,-0.743897
1.58994,0.844451,2.74444,2.65596,0.86847,2.76871,2.63933,0.882265,2.86733,2,0.509425,3.10517,2.18689,-2.19555,0.675561,0,-2.46708,0.939663,0.18374,-2.29387,0.705812,0,-2.44536,-0.316301,-0.767513
1.59992,0.822511,2.7511,2.65596,0.843743,2.77796,2.64117,0.859343,2.87429,2,0.485281,3.10173,2.17911,-2.20088,0.658009,-7.3098e-19,-2.47816,0.910422,0.184045,-2.29943,0.687474,0,-2.38342,-0.371971,-0.788036
1.60996,0.800706,2.75752,2.65596,0.818909,2.78692,2.643,0.836561,2.881,2,0.46176,3.09773,2.17114,-2.20602,0.640565,0,-2.48844,0.881338,0.183227,-2.3048,0.669249,0,-2.32053,-0.426515,-0.80534
1.61995,0.778458,2.76388,2.65596,0.793977,2.79559,2.64483,0.813317,2.88765,2,0.438873,3.0932,2.16301,-2.21111,0.622766,0,-2.49791,0.85241,0.181296,-2.31012,0.650653,0,-2.25678,-0.479815,-0.819334
1.62995,0.756054,2.7701,2.65596,0.768953,2.80397,2.64663,0.78991,2.89414,2,0.416627,3.08814,2.15476,-2.21608,0.604843,0,-2.5067,0.823604,0.178272,-2.31531,0.631928,0,-2.19241,-0.53177,-0.829929
1.63997,0.73391,2.77604,2.65596,0.743846,2.81206,2.64839,0.766774,2.90035,2,0.395027,3.08257,2.14643,-2.22084,0.587128,0,-2.51469,0.794897,0.174186,-2.32028,0.61342,0,-2.12746,-0.582251,-0.837059
1.64997,0.712007,2.78174,2.65596,0.718662,2.81986,2.65011,0.743891,2.90631,2,0.374079,3.0765,2.13804,-2.22539,0.569606,0,-2.5219,0.766318,0.169075,-2.32505,0.595113,0,-2.06211,-0.631075,-0.840667
1.6599,0.689828,2.78733,2.65596,0.69341,2.82739,2.65177,0.720718,2.91214,2,0.353785,3.06996,2.12963,-2.22986,0.551863,0,-2.52833,0.737863,0.163005,-2.32971,0.576575,0,-1.99653,-0.678094,-0.840708
1.66995,0.667483,2.79276,2.65596,0.668098,2.83462,2.65336,0.697372,2.91782,2,0.334148,3.06295,2.12123,-2.23421,0.533986,-7.3098e-19,-2.53403,0.709507,0.156024,-2.33426,0.557898,0,-1.93096,-0.723172,-0.837171
1.67996,0.645012,2.79804,2.65596,0.642732,2.84158,2.65489,0.673896,2.92333,2,0.315165,3.0555,2.11289,-2.23843,0.51601,7.3098e-19,-2.539,0.681183,0.148167,-2.33866,0.539117,0,-1.86563,-0.766212,-0.830085
1.69001,0.622061,2.80323,2.65596,0.61732,2.84825,2.65633,0.649917,2.92876,2,0.296834,3.04763,2.10464,-2.24258,0.497649,7.3098e-19,-2.54323,0.652896,0.139507,-2.343,0.519933,0,-1.80073,-0.807049,-0.819472
1.69996,0.600115,2.80801,2.65596,0.59187,2.85463,2.65767,0.626988,2.93375,2,0.279149,3.03937,2.09652,-2.24641,0.480092,0,-2.54665,0.624669,0.130092,-2.347,0.50159,0,-1.73643,-0.845509,-0.805407
1.70988,0.577841,2.81268,2.65596,0.56639,2.86074,2.65892,0.603716,2.93863,2,0.262103,3.03073,2.08855,-2.25014,0.462273,0,-2.54925,0.596452,0.119999,-2.3509,0.482973,0,-1.67294,-0.881496,-0.787969
1.71995,0.554589,2.81735,2.65596,0.540888,2.86656,2.66007,0.579423,2.94351,2,0.245686,3.02174,2.08077,-2.25388,0.443671,0,-2.55109,0.568245,0.109312,-2.35481,0.463539,0,-1.61056,-0.914879,-0.767254
1.72997,0.532532,2.82161,2.65596,0.515371,2.8721,2.66111,0.556378,2.94796,2,0.229887,3.01244,2.07321,-2.25728,0.426025,7.3098e-19,-2.55212,0.540043,0.0980826,-2.35836,0.445103,0,-1.54949,-0.945537,-0.743414
1.73996,0.509637,2.82583,2.65596,0.489848,2.87736,2.66203,0.532458,2.95237,2,0.214691,3.00284,2.06591,-2.26066,0.407709,7.3098e-19,-2.55237,0.51181,0.0864043,-2.3619,0.425966,0,-1.48998,-0.973394,-0.716595
1.75,0.486893,2.82984,2.65596,0.464326,2.88234,2.66284,0.508696,2.95656,2,0.200082,2.99298,2.05889,-2.26387,0.389515,-3.6549e-19,-2.55183,0.483579,0.074342,-2.36525,0.406957,0,-1.43225,-0.998327,-0.686988
1.75992,0.464583,2.83359,2.65596,0.438814,2.88704,2.66352,0.485387,2.96047,2,0.18604,2.98289,2.05218,-2.26687,0.371667,-3.6549e-19,-2.55045,0.455342,0.0619973,-2.36838,0.38831,0,-1.37647,-1.02027,-0.654773
1.76999,0.441731,2.83724,2.65596,0.41332,2.89145,2.66408,0.461511,2.96429,2,0.172545,2.97259,2.0458,-2.26979,0.353384,3.6549e-19,-2.54824,0.427089,0.0494655,-2.37143,0.369209,0,-1.32286,-1.03917,-0.620159
1.77998,0.419236,2.84065,2.65596,0.387852,2.89558,2.66451,0.438009,2.96785,2,0.159574,2.96211,2.03978,-2.27252,0.335389,-3.6549e-19,-2.54527,0.398784,0.0368162,-2.37428,0.350407,0,-1.27169,-1.05503,-0.583394
1.78997,0.396196,2.84395,2.65596,0.362417,2.89942,2.66481,0.413937,2.97131,2,0.147103,2.9515,2.03414,-2.27516,0.316956,-3.6549e-19,-2.54148,0.37045,0.024143,-2.37704,0.33115,0,-1.22307,-1.0678,-0.544723
1.80012,0.372983,2.84709,2.65596,0.337025,2.90299,2.66499,0.389685,2.97458,2,0.135104,2.94077,2.02889,-2.27767,0.298387,-3.6549e-19,-2.53693,0.342088,0.01154,-2.37967,0.311748,0,-1.17723,-1.0775,-0.504398
1.80993,0.350597,2.84994,2.65596,0.311681,2.90626,2.66504,0.366297,2.97755,2,0.123549,2.92996,2.02406,-2.27995,0.280478,0,-2.53157,0.313734,-0.000907876,-2.38204,0.293038,0,-1.13426,-1.08412,-0.462693
1.81989,0.327847,2.85264,2.65596,0.286396,2.90926,2.66497,0.342528,2.98038,2,0.112408,2.9191,2.01964,-2.28211,0.262278,0,-2.52543,0.285398,-0.0131148,-2.38431,0.274022,0,-1.0943,-1.08767,-0.419887
1.82998,0.304962,2.85518,2.65596,0.261175,2.91197,2.66478,0.318617,2.98303,2,0.101652,2.90821,2.01566,-2.28414,0.243969,0,-2.51857,0.257084,-0.0250017,-2.38643,0.254894,0,-1.05751,-1.08824,-0.376269
1.83993,0.28229,2.85751,2.65596,0.236027,2.9144,2.66447,0.294931,2.98547,2,0.0912473,2.89734,2.01212,-2.28601,0.225832,3.6549e-19,-2.51102,0.228804,-0.0364927,-2.38837,0.235944,0,-1.024,-1.08589,-0.332126
1.85006,0.259029,2.85971,2.65596,0.210957,2.91655,2.66405,0.270628,2.98777,2,0.0811609,2.8865,2.00902,-2.28777,0.207223,3.6549e-19,-2.50281,0.200575,-0.0475067,-2.39021,0.216502,0,-0.993842,-1.08071,-0.287743
1.86002,0.236146,2.86169,2.65596,0.185973,2.91841,2.66353,0.246721,2.98984,2,0.0713592,2.87574,2.00636,-2.28935,0.188917,1.82745e-19,-2.49395,0.172438,-0.0579808,-2.39187,0.197377,0,-0.967065,-1.07279,-0.243409
1.8699,0.213725,2.86345,2.65596,0.16108,2.92,2.6629,0.223295,2.99168,2,0.0618081,2.86506,2.00415,-2.29076,0.17098,0,-2.48449,0.144411,-0.0678424,-2.39334,0.178636,0,-0.943728,-1.06223,-0.199397
1.87998,0.190458,2.8651,2.65596,0.136285,2.9213,2.66217,0.198987,2.99339,2,0.0524731,2.8545,2.00237,-2.29208,0.152367,-1.82745e-19,-2.47449,0.116521,-0.0770294,-2.39471,0.159189,0,-0.923843,-1.04917,-0.155976
1.88989,0.168025,2.8665,2.65596,0.111592,2.92233,2.66136,0.17555,2.99486,2,0.0433198,2.84408,2.00103,-2.2932,0.13442,0,-2.46396,0.0888328,-0.0855018,-2.39589,0.14044,0,-0.907394,-1.03371,-0.113419
1.89993,0.145144,2.86775,2.65596,0.0870068,2.92308,2.66046,0.151644,2.99616,2,0.0343138,2.83383,2.0001,-2.2942,0.116116,0,-2.45298,0.0613608,-0.0932212,-2.39693,0.121315,0,-0.894375,-1.016,-0.0719833
1.90989,0.122026,2.86883,2.65596,0.0625337,2.92356,2.6595,0.12749,2.99729,2,0.0254211,2.82377,1.99958,-2.29506,0.0976207,0,-2.44157,0.0341342,-0.100134,-2.39783,0.101992,0,-0.884727,-0.996191,-0.0318891
1.91999,0.0989945,2.86971,2.65596,0.0381766,2.92376,2.65846,0.103427,2.99822,2,0.0166082,2.81391,1.99946,-2.29577,0.0791956,0,-2.42979,0.00714593,-0.10621,-2.39857,0.0827419,0,-0.878394,-0.97448,0.00664134
1.92986,0.0763083,2.87041,2.65596,0.0139389,2.9237,2.65737,0.0797254,2.99894,2,0.00784239,2.80429,1.99971,-2.29632,0.0610466,9.13725e-20,-2.4177,-0.0195442,-0.111438,-2.39915,0.0637803,0,-0.875302,-0.950994,0.0433927
1.93996,0.0530179,2.87093,2.65596,-0.0101766,2.92337,2.65624,0.055392,2.99949,2,-0.000908458,2.7949,2.00032,-2.29674,0.0424143,0,-2.40537,-0.0459076,-0.115792,-2.39959,0.0443136,0,-0.875386,-0.925895,0.0781891
1.94988,0.0303486,2.87126,2.65596,-0.0341679,2.92278,2.65506,0.0317075,2.99983,2,-0.00967544,2.78577,2.00127,-2.29701,0.0242788,0,-2.39283,-0.0719395,-0.119264,-2.39987,0.025366,0,-0.878504,-0.899371,0.110865
1.96001,0.00724198,2.87141,2.65596,-0.0580328,2.92194,2.65386,0.00756627,2.99999,2,-0.0184883,2.77692,2.00253,-2.29713,0.00579359,0,-2.38013,-0.097615,-0.121852,-2.39999,0.00605302,0,-0.884538,-0.871581,0.141276
1.96996,-0.0156497,2.87138,2.65596,-0.0817701,2.92083,2.65263,-0.0163505,2.99996,2,-0.0273757,2.76834,2.00409,-2.2971,-0.0125198,0,-2.36734,-0.122915,-0.12356,-2.39996,-0.0130804,0,-0.893401,-0.84269,0.169299
1.98004,-0.0393166,2.87115,2.65596,-0.105379,2.91948,2.65139,-0.0410772,2.99972,2,-0.0363651,2.76007,2.00591,-2.29692,-0.0314533,0,-2.35448,-0.14781,-0.124396,-2.39978,-0.0328618,0,-0.904916,-0.81285,0.194835
1.98991,-0.0618027,2.87075,2.65596,-0.12886,2.91788,2.65014,-0.0645702,2.99931,2,-0.0454822,2.75209,2.00797,-2.2966,-0.0494422,0,-2.34157,-0.172285,-0.124382,-2.39944,-0.0516562,0,-0.918913,-0.782218,0.217798
1.99996,-0.0849632,2.87016,2.65596,-0.152211,2.91603,2.6489,-0.0887678,2.99869,2,-0.0547515,2.74442,2.01026,-2.29613,-0.0679706,0,-2.32875,-0.196368,-0.123537,-2.39895,-0.0710142,0,-0.935336,-0.750978,0.238132
2.00997,-0.10793,2.86939,2.65596,-0.175435,2.91395,2.64767,-0.112763,2.99788,2,-0.0641964,2.73707,2.01273,-2.29551,-0.0863439,-9.13725e-20,-2.31601,-0.220045,-0.12188,-2.3983,-0.0902103,0,-0.953996,-0.719268,0.255807
2.02005,-0.130796,2.86844,2.65596,-0.198532,2.91164,2.64647,-0.136653,2.99689,2,-0.0738384,2.73004,2.01536,-2.29475,-0.104636,0,-2.30339,-0.243304,-0.119447,-2.39751,-0.109322,0,-0.974734,-0.687224,0.270803
2.02999,-0.153648,2.86731,2.65596,-0.221503,2.90909,2.64529,-0.160528,2.9957,2,-0.0836976,2.72333,2.01813,-2.29384,-0.122919,0,-2.29093,-0.266154,-0.116272,-2.39656,-0.128423,0,-0.997421,-0.654983,0.283121
2.03996,-0.176512,2.86599,2.65596,-0.244351,2.90631,2.64414,-0.184416,2.99433,2,-0.0937927,2.71694,2.02102,-2.29279,-0.141209,0,-2.27865,-0.288602,-0.112388,-2.39546,-0.147533,0,-1.0219,-0.622678,0.292791
2.05008,-0.20009,2.86444,2.65596,-0.267077,2.90332,2.64304,-0.20905,2.99271,2,-0.104141,2.71087,2.02398,-2.29155,-0.160072,-1.82745e-19,-2.26659,-0.31063,-0.107857,-2.39417,-0.16724,0,-1.04804,-0.590398,0.299831
2.05989,-0.222053,2.86282,2.65596,-0.289683,2.9001,2.64199,-0.231996,2.99102,2,-0.114759,2.70513,2.027,-2.29026,-0.177642,0,-2.25479,-0.332242,-0.102722,-2.39281,-0.185597,0,-1.07572,-0.558248,0.304299
2.06992,-0.245544,2.8609,2.65596,-0.312174,2.89667,2.64099,-0.25654,2.98901,2,-0.12566,2.69971,2.03006,-2.28872,-0.196435,0,-2.24328,-0.353466,-0.0970359,-2.39121,-0.205232,0,-1.10483,-0.52634,0.30626
2.07999,-0.268659,2.85882,2.65596,-0.33455,2.89303,2.64005,-0.28069,2.98684,2,-0.13686,2.6946,2.03312,-2.28706,-0.214927,0,-2.23208,-0.374288,-0.0908398,-2.38947,-0.224552,0,-1.13524,-0.494736,0.305803
2.0899,-0.291143,2.85662,2.65596,-0.356816,2.88919,2.63917,-0.30418,2.98454,2,-0.148369,2.68981,2.03617,-2.2853,-0.232915,0,-2.2212,-0.394698,-0.0841879,-2.38763,-0.243344,0,-1.16686,-0.463487,0.303019
2.09996,-0.314355,2.85416,2.65596,-0.378975,2.88514,2.63837,-0.328432,2.98197,2,-0.1602,2.68533,2.03917,-2.28333,-0.251484,0,-2.21062,-0.41471,-0.0771459,-2.38557,-0.262745,0,-1.19953,-0.432659,0.298003
2.10996,-0.336874,2.85159,2.65596,-0.40103,2.8809,2.63763,-0.351959,2.97928,2,-0.172363,2.68116,2.04212,-2.28127,-0.269499,0,-2.20034,-0.43436,-0.0697621,-2.38343,-0.281567,0,-1.23316,-0.402331,0.290873
2.11991,-0.359095,2.84888,2.65596,-0.422983,2.87646,2.63697,-0.375175,2.97645,2,-0.184867,2.67728,2.04499,-2.2791,-0.287276,3.6549e-19,-2.19033,-0.453682,-0.062082,-2.38116,-0.30014,0,-1.26765,-0.372567,0.281758
2.12997,-0.381815,2.84592,2.65596,-0.444837,2.87182,2.63639,-0.398913,2.97336,2,-0.197719,2.67371,2.04775,-2.27674,-0.305452,0,-2.18063,-0.472664,-0.054173,-2.37869,-0.31913,0,-1.30295,-0.343384,0.270774
2.13997,-0.404743,2.84275,2.65596,-0.466596,2.867,2.63589,-0.422867,2.97005,2,-0.210928,2.67041,2.05039,-2.2742,-0.323794,3.6549e-19,-2.17121,-0.491299,-0.0460863,-2.37604,-0.338294,0,-1.33898,-0.314794,0.258058
2.14989,-0.427181,2.83947,2.65596,-0.488262,2.862,2.63547,-0.44631,2.96662,2,-0.224501,2.66741,2.05291,-2.27157,-0.341745,-3.6549e-19,-2.16207,-0.509622,-0.0378642,-2.37329,-0.357048,0,-1.37569,-0.286843,0.243761
2.15993,-0.449867,2.83596,2.65596,-0.509838,2.85681,2.63513,-0.470012,2.96295,2,-0.238444,2.66468,2.05527,-2.26877,-0.359894,3.6549e-19,-2.15317,-0.527643,-0.029557,-2.37036,-0.376009,0,-1.413,-0.259551,0.228033
2.16988,-0.472558,2.83227,2.65596,-0.531327,2.85145,2.63488,-0.493719,2.95909,2,-0.252762,2.66221,2.05746,-2.26581,-0.378046,7.3098e-19,-2.14458,-0.545286,-0.0220152,-2.36728,-0.394975,0,-1.45063,-0.233144,0.210472
2.18,-0.495611,2.82832,2.65596,-0.552731,2.84591,2.63469,-0.517805,2.95498,2,-0.267458,2.66001,2.05947,-2.26266,-0.396489,0,-2.13621,-0.562612,-0.0149363,-2.36398,-0.414244,0,-1.4886,-0.207546,0.191487
2.18996,-0.517954,2.82432,2.65596,-0.574052,2.8402,2.63458,-0.541147,2.95079,2,-0.282535,2.65806,2.06129,-2.25945,-0.414363,-7.3098e-19,-2.12802,-0.57964,-0.00841907,-2.36063,-0.432918,0,-1.52683,-0.182793,0.171206
2.20006,-0.540689,2.82005,2.65596,-0.595292,2.83432,2.63452,-0.564901,2.94633,2,-0.297995,2.65635,2.06289,-2.25604,-0.432552,0,-2.12004,-0.596363,-0.00260467,-2.35707,-0.451921,0,-1.56528,-0.158898,0.14972
2.2099,-0.562943,2.8157,2.65596,-0.616453,2.82827,2.63452,-0.588151,2.94178,2,-0.313841,2.65488,2.06428,-2.25256,-0.450354,0,-2.11223,-0.612767,0.00258965,-2.35343,-0.470521,0,-1.60399,-0.135783,0.127263
2.21997,-0.585597,2.81107,2.65596,-0.637537,2.82206,2.63457,-0.61182,2.93695,2,-0.330076,2.65363,2.06543,-2.24886,-0.468478,-7.3098e-19,-2.10458,-0.628996,0.00735469,-2.34956,-0.489456,0,-1.64302,-0.113505,0.104146
2.22998,-0.608164,2.80628,2.65596,-0.658545,2.81569,2.63467,-0.635398,2.93194,2,-0.346703,2.65261,2.06636,-2.24502,-0.486531,0,-2.09707,-0.64504,0.0116916,-2.34555,-0.508318,0,-1.6824,-0.0920307,0.0805376
2.23997,-0.630627,2.80131,2.65596,-0.679479,2.80916,2.6348,-0.658866,2.92676,2,-0.363725,2.65179,2.06704,-2.24105,-0.504502,0,-2.08966,-0.660891,0.0155726,-2.3414,-0.527093,0,-1.72208,-0.0713509,0.0565894
2.24999,-0.652869,2.79621,2.65596,-0.700339,2.80247,2.63498,-0.682104,2.92143,2,-0.381146,2.65118,2.06749,-2.23697,-0.522295,-7.3098e-19,-2.08237,-0.67658,0.0190658,-2.33714,-0.545683,0,-1.76218,-0.0514525,0.0325
2.25993,-0.675457,2.79084,2.65596,-0.721126,2.79563,2.63518,-0.705704,2.91582,2,-0.39897,2.65076,2.06769,-2.23267,-0.540366,7.3098e-19,-2.07513,-0.692149,0.0220328,-2.33265,-0.564563,0,-1.80257,-0.0324284,0.00834664
2.26995,-0.697462,2.78543,2.65596,-0.741842,2.78863,2.63542,-0.728694,2.91016,2,-0.4172,2.65053,2.06766,-2.22834,-0.557969,0,-2.06801,-0.707644,0.0247187,-2.32812,-0.582955,0,-1.84347,-0.0142428,-0.0155571
2.27992,-0.719941,2.7797,2.65596,-0.762487,2.78148,2.63568,-0.752179,2.90417,2,-0.43584,2.65047,2.06738,-2.22376,-0.575952,-7.3098e-19,-2.06093,-0.722982,0.0270135,-2.32334,-0.601743,0,-1.88479,0.00313796,-0.0391329
2.28989,-0.742135,2.77386,2.65596,-0.78306,2.77417,2.63596,-0.775368,2.89807,2,-0.454897,2.65059,2.06688,-2.21909,-0.593708,0,-2.05385,-0.738206,0.0291768,-2.31846,-0.620294,0,-1.92662,0.0197238,-0.0620535
2.29996,-0.764363,2.76781,2.65596,-0.803564,2.76671,2.63626,-0.798591,2.89176,2,-0.474375,2.65086,2.06615,-2.21425,-0.61149,-1.46196e-18,-2.04681,-0.753354,0.0312357,-2.3134,-0.638872,0,-1.96905,0.0354567,-0.0841603
2.30998,-0.786739,2.76154,2.65596,-0.823996,2.7591,2.63658,-0.821969,2.8852,2,-0.49428,2.65129,2.0652,-2.20923,-0.629391,7.3098e-19,-2.03975,-0.768448,0.033151,-2.30816,-0.657575,0,-2.01203,0.0502676,-0.105332
2.31996,-0.808671,2.7552,2.65596,-0.844358,2.75134,2.63692,-0.844882,2.87857,2,-0.514618,2.65186,2.06404,-2.20416,-0.646937,-7.3098e-19,-2.03264,-0.783517,0.0351273,-2.30286,-0.675906,0,-2.05561,0.0641437,-0.125283
2.32996,-0.830916,2.74857,2.65596,-0.864649,2.74343,2.63729,-0.868124,2.87165,2,-0.535394,2.65257,2.0627,-2.19885,-0.664732,0,-2.02544,-0.798535,0.0372155,-2.29732,-0.694499,0,-2.09976,0.0770731,-0.143834
2.33988,-0.852088,2.74208,2.65596,-0.884867,2.73537,2.63767,-0.890244,2.86487,2,-0.556615,2.6534,2.06117,-2.19366,-0.681671,1.46196e-18,-2.01813,-0.813514,0.0393779,-2.29189,-0.712195,0,-2.14445,0.0889706,-0.160869
2.34991,-0.874263,2.73509,2.65596,-0.905011,2.72716,2.63807,-0.913412,2.85757,2,-0.578285,2.65435,2.05948,-2.18807,-0.699411,7.3098e-19,-2.01075,-0.828375,0.0411439,-2.28605,-0.73073,0,-2.18949,0.0997346,-0.176593
2.35992,-0.896014,2.72804,2.65596,-0.925081,2.71881,2.63849,-0.936137,2.8502,2,-0.600406,2.65539,2.05765,-2.18243,-0.716811,-7.3098e-19,-2.00318,-0.843114,0.0429028,-2.28016,-0.748909,0,-2.2349,0.109379,-0.19061
2.36998,-0.918188,2.72066,2.65596,-0.945074,2.7103,2.63893,-0.959304,2.84249,2,-0.622984,2.65653,2.05568,-2.17653,-0.73455,7.3098e-19,-1.99544,-0.857791,0.0446558,-2.27399,-0.767443,0,-2.28067,0.117775,-0.202795
2.37991,-0.939514,2.71337,2.65596,-0.96499,2.70165,2.63939,-0.981585,2.83487,2,-0.646021,2.65774,2.0536,-2.17069,-0.751611,-7.3098e-19,-1.98762,-0.872457,0.0463469,-2.2679,-0.785268,0,-2.3268,0.124786,-0.213081
2.38994,-0.961225,2.70575,2.65596,-0.984827,2.69285,2.63986,-1.00427,2.82691,2,-0.66952,2.65902,2.05142,-2.1646,-0.76898,-1.46196e-18,-1.97975,-0.887,0.0476855,-2.26153,-0.803415,0,-2.37312,0.130387,-0.221588
2.39989,-0.982724,2.69802,2.65596,-1.00458,2.68391,2.64034,-1.02673,2.81883,2,-0.693483,2.66035,2.04917,-2.15841,-0.786179,0,-1.97175,-0.90143,0.0487782,-2.25507,-0.821383,0,-2.41952,0.134489,-0.22815
2.40999,-1.00451,2.68998,2.65596,-1.02426,2.67482,2.64083,-1.04949,2.81044,2,-0.717911,2.66171,2.04686,-2.15199,-0.803608,0,-1.96373,-0.91575,0.049553,-2.24835,-0.839593,0,-2.46601,0.136985,-0.23276
2.41991,-1.02619,2.68179,2.65596,-1.04386,2.6656,2.64133,-1.07214,2.80188,2,-0.742804,2.66308,2.04452,-2.14543,-0.820954,-7.3098e-19,-1.9557,-0.929879,0.0499929,-2.2415,-0.857716,0,-2.51247,0.137866,-0.235369
2.42996,-1.04735,2.67359,2.65596,-1.06338,2.65623,2.64183,-1.09425,2.79332,2,-0.76816,2.66446,2.04216,-2.13888,-0.837879,0,-1.94755,-0.943829,0.050104,-2.23465,-0.875399,0,-2.55868,0.137025,-0.235925
2.43996,-1.06885,2.66507,2.65596,-1.08281,2.64672,2.64233,-1.11671,2.78441,2,-0.793976,2.66582,2.03981,-2.13206,-0.855077,0,-1.93939,-0.957632,0.049764,-2.22753,-0.893367,0,-2.60458,0.134328,-0.234504
2.44991,-1.09039,2.65633,2.65596,-1.10216,2.63708,2.64282,-1.13922,2.77528,2,-0.820249,2.66714,2.03748,-2.12507,-0.872311,-1.46196e-18,-1.93117,-0.971245,0.0490365,-2.22023,-0.911373,0,-2.64996,0.129734,-0.231038
2.45991,-1.11142,2.6476,2.65596,-1.12143,2.6273,2.64331,-1.16119,2.76616,2,-0.846973,2.6684,2.0352,-2.11808,-0.889134,0,-1.92289,-0.984651,0.0479273,-2.21293,-0.928949,0,-2.69471,0.123181,-0.225533
2.46995,-1.13243,2.63868,2.65596,-1.14062,2.61738,2.64378,-1.18314,2.75684,2,-0.874141,2.66959,2.03298,-2.11095,-0.905942,0,-1.91465,-0.997779,0.0460527,-2.20548,-0.946509,0,-2.73861,0.114639,-0.218335
2.48002,-1.15407,2.62929,2.65596,-1.15973,2.60734,2.64423,-1.20575,2.74703,2,-0.901743,2.67069,2.03084,-2.10343,-0.923254,0,-1.90645,-1.01069,0.0436398,-2.19762,-0.964596,0,-2.78159,0.104002,-0.209309
2.48994,-1.17465,2.62016,2.65596,-1.17875,2.59717,2.64465,-1.22725,2.73749,2,-0.929769,2.67167,2.0288,-2.09613,-0.939722,0,-1.89825,-1.02334,0.040904,-2.18999,-0.981802,0,-2.82349,0.0912633,-0.198331
2.49995,-1.19562,2.61066,2.65596,-1.19769,2.58688,2.64505,-1.24916,2.72756,2,-0.958209,2.67251,2.02688,-2.08853,-0.9565,0,-1.89021,-1.03575,0.0377896,-2.18205,-0.999331,0,-2.86432,0.0763526,-0.18553
2.50996,-1.21625,2.60111,2.65596,-1.21655,2.57646,2.6454,-1.27071,2.71759,2,-0.98705,2.67319,2.02509,-2.08089,-0.972999,-1.46196e-18,-1.88236,-1.04785,0.0339058,-2.17407,-1.01657,0,-2.90375,0.0593028,-0.171341
2.51996,-1.23767,2.59099,2.65596,-1.22032,2.57436,2.64547,-1.29309,2.70701,2,-0.992866,2.6733,2.02475,-2.07279,-0.990135,0,-1.8808,-1.05023,0.0330808,-2.16561,-1.03447,0,-2.91146,0.0556321,-0.168309
2.52994,-1.25791,2.58122,2.65596,-1.22032,2.57436,2.64547,-1.31424,2.69681,2,-0.992866,2.6733,2.02475,-2.06498,-1.00633,0,-1.8808,-1.05023,0.0330808,-2.15745,-1.05139,0,-2.91146,0.0556321,-0.168309
2.54022,-1.27945,2.57061,2.65596,-1.27268,2.5445,2.64622,-1.33674,2.68573,2,-1.07583,2.67405,2.02069,-2.05649,-1.02356,0,-1.85951,-1.08241,0.0199878,-2.14858,-1.06939,0,-3.01234,-0.00507883,-0.11967
2.55024,-1.29993,2.56032,2.65596,-1.28753,2.5358,2.64636,-1.35814,2.67497,2,-1.10003,2.67393,2.01979,-2.04826,-1.03994,0,-1.85387,-1.09102,0.0145106,-2.13998,-1.08651,0,-3.03826,-0.0252663,-0.104969
2.55992,-1.31961,2.55023,2.65596,-1.30604,2.52484,2.64646,-1.3787,2.66443,2,-1.13057,2.67355,2.01883,-2.04019,-1.05569,0,-1.84715,-1.10144,0.00514401,-2.13154,-1.10296,0,-3.06822,-0.0519421,-0.0875781
2.56993,-1.34191,2.53857,2.65596,-1.32448,2.51377,2.64646,-1.402,2.65225,2,-1.16139,2.67288,2.01805,-2.03086,-1.07353,0,-1.84052,-1.11168,-0.00436373,-2.1218,-1.1216,0,-3.09599,-0.0807375,-0.0691535
2.5799,-1.36053,2.52864,2.65596,-1.34285,2.50261,2.64637,-1.42146,2.64187,2,-1.19248,2.67192,2.01745,-2.02291,-1.08843,0,-1.83409,-1.12166,-0.0139898,-2.11349,-1.13717,0,-3.12154,-0.111634,-0.0498897
2.58986,-1.38032,2.51789,2.65596,-1.36116,2.49134,2.64619,-1.44213,2.63064,2,-1.21753,2.67093,2.01712,-2.01431,-1.10425,0,-1.82804,-1.13143,-0.0227616,-2.10451,-1.1537,0,-3.14056,-0.137919,-0.0333458
2.6,-1.40094,2.50647,2.65596,-1.37941,2.47998,2.64592,-1.46368,2.61871,2,-1.24905,2.66937,2.01689,-2.00518,-1.12076,0,-1.82224,-1.14119,-0.0306979,-2.09497,-1.17094,0,-3.16226,-0.172817,-0.01142
2.60996,-1.42075,2.4953,2.65596,-1.39761,2.46852,2.64557,-1.48438,2.60703,2,-1.28713,2.66704,2.01692,-1.99624,-1.1366,-1.46196e-18,-1.81682,-1.15079,-0.0384775,-2.08563,-1.1875,0,-3.18512,-0.217447,0.0158084
2.61999,-1.44056,2.48392,2.65596,-1.41575,2.45696,2.64515,-1.50506,2.59515,2,-1.31907,2.66467,2.01719,-1.98713,-1.15244,0,-1.81174,-1.1602,-0.0463585,-2.07612,-1.20405,0,-3.20131,-0.256649,0.038564
2.63004,-1.46036,2.47233,2.65596,-1.43384,2.44531,2.64465,-1.52575,2.58304,2,-1.35115,2.6619,2.01769,-1.97786,-1.16829,1.46196e-18,-1.8071,-1.16962,-0.0531726,-2.06643,-1.2206,0,-3.21511,-0.297981,0.0622331
2.63991,-1.47971,2.46079,2.65596,-1.45189,2.43357,2.64409,-1.54597,2.57099,2,-1.38336,2.6587,2.01844,-1.96863,-1.18377,0,-1.80277,-1.17911,-0.0583038,-2.05679,-1.23678,0,-3.22632,-0.341527,0.087163
2.64998,-1.49989,2.44854,2.65596,-1.4699,2.42173,2.64349,-1.56706,2.55819,2,-1.41567,2.65506,2.01944,-1.95884,-1.19991,0,-1.79864,-1.18849,-0.0629116,-2.04655,-1.25365,0,-3.23463,-0.386732,0.112077
2.65998,-1.51907,2.43669,2.65596,-1.48786,2.4098,2.64283,-1.58709,2.54581,2,-1.44804,2.65096,2.02068,-1.94936,-1.21525,0,-1.79472,-1.19777,-0.0683539,-2.03665,-1.26967,0,-3.23994,-0.433166,0.135525
2.67003,-1.53895,2.42419,2.65596,-1.50579,2.39778,2.64212,-1.60786,2.53274,2,-1.48046,2.64639,2.02215,-1.93935,-1.23116,0,-1.79109,-1.20704,-0.0735246,-2.02619,-1.28629,0,-3.24241,-0.481008,0.158314
2.67989,-1.55813,2.4119,2.65596,-1.52369,2.38566,2.64136,-1.6279,2.51991,2,-1.51288,2.64134,2.02384,-1.92952,-1.2465,-1.46196e-18,-1.78769,-1.21631,-0.0782987,-2.01593,-1.30232,0,-3.242,-0.530139,0.180359
2.68991,-1.57732,2.3994,2.65596,-1.54155,2.37345,2.64054,-1.64795,2.50684,2,-1.54529,2.63579,2.02574,-1.91952,-1.26186,0,-1.78452,-1.22538,-0.0848379,-2.00547,-1.31836,0,-3.23872,-0.579639,0.199549
2.6999,-1.59634,2.38679,2.65596,-1.55938,2.36115,2.63967,-1.66782,2.49367,2,-1.57765,2.62974,2.02783,-1.90943,-1.27707,0,-1.7816,-1.23437,-0.0911532,-1.99493,-1.33425,0,-3.23268,-0.629946,0.217513
2.70999,-1.6155,2.37386,2.65596,-1.57718,2.34877,2.63869,-1.68784,2.48016,2,-1.60993,2.6232,2.03006,-1.89909,-1.2924,0,-1.77878,-1.24263,-0.103599,-1.98413,-1.35027,0,-3.22413,-0.678537,0.228531
2.71994,-1.63432,2.36094,2.65596,-1.59495,2.3363,2.6376,-1.7075,2.46666,2,-1.64212,2.61616,2.0324,-1.88875,-1.30746,0,-1.77618,-1.25117,-0.114094,-1.97333,-1.366,0,-3.21295,-0.728464,0.239604
2.72991,-1.65323,2.34774,2.65596,-1.6127,2.32374,2.63643,-1.72726,2.45287,2,-1.67418,2.60862,2.03487,-1.87819,-1.32258,0,-1.77388,-1.2607,-0.117563,-1.9623,-1.38181,0,-3.19882,-0.781673,0.254913
2.73994,-1.67198,2.33442,2.65596,-1.62157,2.31742,2.63585,-1.74685,2.43896,2,-1.69016,2.60464,2.03616,-1.86754,-1.33758,0,-1.77283,-1.26581,-0.11675,-1.95117,-1.39748,0,-3.1906,-0.809404,0.263994
2.74998,-1.69011,2.32133,2.65596,-1.62157,2.31742,2.63585,-1.7658,2.42528,2,-1.69016,2.60464,2.03616,-1.85706,-1.35209,0,-1.77283,-1.26581,-0.11675,-1.94022,-1.41264,0,-3.1906,-0.809404,0.263994
2.75996,-1.70892,2.30752,2.65596,-1.65345,2.29449,2.63368,-1.78544,2.41085,2,-1.7473,2.58921,2.0411,-1.84602,-1.36713,2.92392e-18,-1.76905,-1.28216,-0.131164,-1.92868,-1.42835,0,-3.15783,-0.902319,0.277703
2.76989,-1.72765,2.29353,2.65596,-1.65345,2.29449,2.63368,-1.80501,2.39623,2,-1.7473,2.58921,2.0411,-1.83482,-1.38212,1.46196e-18,-1.76905,-1.28216,-0.131164,-1.91699,-1.44401,0,-3.15783,-0.902319,0.277703
2.77994,-1.74617,2.27946,2.65596,-1.68879,2.26867,2.63076,-1.82436,2.38153,2,-1.81004,2.57019,2.04663,-1.82357,-1.39694,1.46196e-18,-1.76501,-1.29923,-0.158754,-1.90523,-1.45949,0,-3.11462,-1.00063,0.275522
2.78996,-1.7637,2.26593,2.65596,-1.71877,2.24644,2.62803,-1.84267,2.36739,2,-1.8626,2.5524,2.05139,-1.81274,-1.41096,0,-1.7623,-1.31821,-0.151491,-1.89391,-1.47414,0,-3.06655,-1.09619,0.291629
2.79989,-1.78172,2.25178,2.65596,-1.73639,2.23318,2.62668,-1.8615,2.35262,2,-1.89309,2.5411,2.05445,-1.80143,-1.42538,0,-1.76103,-1.33415,-0.113808,-1.88209,-1.4892,0,-3.02895,-1.16573,0.324025
2.80995,-1.8001,2.23712,2.65596,-1.75399,2.21975,2.62579,-1.8807,2.3373,2,-1.92317,2.52907,2.05789,-1.7897,-1.44008,1.46196e-18,-1.7598,-1.35136,-0.0696601,-1.86984,-1.50456,0,-2.98786,-1.23724,0.358337
2.81995,-1.8176,2.22292,2.65596,-1.77158,2.20617,2.62518,-1.89899,2.32246,2,-1.95286,2.5164,2.06153,-1.77834,-1.45408,0,-1.75832,-1.36493,-0.0537409,-1.85797,-1.51919,0,-2.95131,-1.29597,0.367896
2.82997,-1.83601,2.20774,2.65596,-1.78916,2.19245,2.62472,-1.91822,2.3066,2,-1.98219,2.50315,2.06524,-1.76619,-1.46881,0,-1.75649,-1.37858,-0.0370597,-1.84528,-1.53458,0,-2.91295,-1.35417,0.37549
2.83999,-1.85363,2.19296,2.65596,-1.80671,2.1786,2.62444,-1.93664,2.29116,2,-2.01112,2.48933,2.06902,-1.75437,-1.48291,-1.46196e-18,-1.754,-1.39184,-0.0220649,-1.83293,-1.54931,0,-2.87339,-1.41069,0.379364
2.84995,-1.87071,2.17842,2.65596,-1.82423,2.16462,2.62422,-1.95447,2.27597,2,-2.03967,2.47497,2.07278,-1.74274,-1.49656,-1.46196e-18,-1.75122,-1.40302,-0.0227583,-1.82077,-1.56358,0,-2.83681,-1.45977,0.369405
2.85997,-1.8878,2.16362,2.65596,-1.84173,2.15054,2.62397,-1.97233,2.26051,2,-2.06785,2.46014,2.07639,-1.7309,-1.51024,2.92392e-18,-1.74825,-1.41361,-0.0286487,-1.80841,-1.57787,0,-2.80063,-1.50585,0.353783
2.86994,-1.90502,2.14848,2.65596,-1.85047,2.14346,2.62382,-1.99032,2.24469,2,-2.08181,2.45255,2.07814,-1.71878,-1.52401,-1.46196e-18,-1.74663,-1.41903,-0.030923,-1.79575,-1.59226,0,-2.78195,-1.52884,0.345806
2.87993,-1.92215,2.13316,2.65596,-1.85047,2.14346,2.62382,-2.00823,2.22868,2,-2.08181,2.45255,2.07814,-1.70653,-1.53772,0,-1.74663,-1.41903,-0.030923,-1.78295,-1.60658,0,-2.78195,-1.52884,0.345806
2.88996,-1.93932,2.11756,2.65596,-1.85047,2.14346,2.62382,-2.02617,2.21239,2,-2.08181,2.45255,2.07814,-1.69405,-1.55146,-1.46196e-18,-1.74663,-1.41903,-0.030923,-1.76991,-1.62093,0,-2.78195,-1.52884,0.345806
2.89999,-1.9563,2.10189,2.65596,-1.85047,2.14346,2.62382,-2.0439,2.19601,2,-2.08181,2.45255,2.07814,-1.68151,-1.56504,0,-1.74663,-1.41903,-0.030923,-1.75681,-1.63512,0,-2.78195,-1.52884,0.345806
2.91004,-1.973,2.08622,2.65596,-1.85047,2.14346,2.62382,-2.06135,2.17964,2,-2.08181,2.45255,2.07814,-1.66898,-1.5784,0,-1.74663,-1.41903,-0.030923,-1.74371,-1.64908,0,-2.78195,-1.52884,0.345806
2.9199,-1.98972,2.07028,2.65596,-1.85047,2.14346,2.62382,-2.07882,2.16299,2,-2.08181,2.45255,2.07814,-1.65622,-1.59178,0,-1.74663,-1.41903,-0.030923,-1.73039,-1.66306,0,-2.78195,-1.52884,0.345806
2.92993,-2.00649,2.05403,2.65596,-1.95108,2.05922,2.62176,-2.09634,2.14601,2,-2.24144,2.35268,2.09576,-1.64322,-1.60519,0,-1.71986,-1.48739,-0.0312673,-1.71681,-1.67707,0,-2.53082,-1.79813,0.238844
2.94007,-2.02427,2.03651,2.65596,-1.98022,2.03375,2.6213,-2.11492,2.1277,2,-2.24144,2.35268,2.09576,-1.62921,-1.61942,0,-1.70887,-1.50953,-0.0233,-1.70216,-1.69194,0,-2.53082,-1.79813,0.238844
2.94987,-2.03878,2.02199,2.65596,-1.99728,2.01858,2.62109,-2.13008,2.11253,2,-2.30326,2.30638,2.10112,-1.61759,-1.63102,0,-1.70205,-1.52368,-0.0184616,-1.69002,-1.70406,0,-2.41321,-1.90469,0.189141
2.96003,-2.05527,2.00523,2.65596,-2.01426,2.00328,2.62093,-2.1473,2.09502,2,-2.32715,2.28713,2.1029,-1.60418,-1.64421,0,-1.69473,-1.53806,-0.0139953,-1.67602,-1.71784,0,-2.36506,-1.9456,0.16757
2.97004,-2.0708,1.98918,2.65596,-2.03117,1.98783,2.62081,-2.16353,2.07825,2,-2.35056,2.26747,2.10447,-1.59134,-1.65664,0,-1.68675,-1.5519,-0.00995637,-1.6626,-1.73083,0,-2.31654,-1.98537,0.144843
2.98,-2.08651,1.97269,2.65596,-2.04799,1.97224,2.62073,-2.17995,2.06103,2,-2.37348,2.24742,2.1058,-1.57815,-1.66921,1.46196e-18,-1.67825,-1.56538,-0.0054649,-1.64882,-1.74396,0,-2.26725,-2.02427,0.121604
2.98997,-2.10213,1.95604,2.65596,-2.06473,1.95652,2.6207,-2.19626,2.04363,2,-2.3959,2.22699,2.1069,-1.56483,-1.68171,0,-1.66945,-1.57881,-0.00036458,-1.6349,-1.75701,0,-2.2173,-2.06248,0.098133
3.00001,-2.11798,1.93887,2.65596,-2.08138,1.94066,2.62072,-2.21282,2.02569,2,-2.41782,2.20618,2.10776,-1.55109,-1.69438,0,-1.66024,-1.59211,0.00516862,-1.62055,-1.77026,0,-2.16663,-2.09991,0.0744531
3.01,-2.13359,1.92168,2.65596,-2.09794,1.92468,2.6208,-2.22913,2.00773,2,-2.43923,2.18499,2.10839,-1.53734,-1.70687,1.46196e-18,-1.65066,-1.60513,0.0109825,-1.60619,-1.7833,0,-2.11537,-2.13645,0.0505779
3.01988,-2.14843,1.90507,2.65596,-2.11439,1.90856,2.62094,-2.24464,1.99038,2,-2.46012,2.16345,2.10877,-1.52406,-1.71874,-1.46196e-18,-1.64073,-1.61787,0.0170417,-1.5923,-1.79571,0,-2.0635,-2.17209,0.0266046
3.02995,-2.16366,1.88776,2.65596,-2.13075,1.89232,2.62115,-2.26055,1.97229,2,-2.4805,2.14156,2.10892,-1.5102,-1.73093,0,-1.63053,-1.63049,0.023224,-1.57783,-1.80844,0,-2.01108,-2.20693,0.00258873
3.03993,-2.17895,1.87008,2.65596,-2.147,1.87595,2.62141,-2.27652,1.95383,2,-2.50034,2.11931,2.10882,-1.49607,-1.74316,0,-1.62019,-1.64308,0.0293261,-1.56306,-1.82122,0,-1.95833,-2.241,-0.021466
3.04996,-2.19406,1.85234,2.65596,-2.16315,1.85946,2.62173,-2.2923,1.93529,2,-2.51966,2.09674,2.10849,-1.48187,-1.75524,0,-1.60972,-1.65549,0.0352609,-1.54823,-1.83384,0,-1.90522,-2.27421,-0.0455201
3.05989,-2.20839,1.83522,2.65596,-2.1792,1.84284,2.62211,-2.30728,1.9174,2,-2.53845,2.07383,2.10791,-1.46818,-1.76671,2.92392e-18,-1.59916,-1.66771,0.0411263,-1.53392,-1.84583,0,-1.85173,-2.30653,-0.0693939
3.06998,-2.22311,1.81737,2.65596,-2.19514,1.8261,2.62255,-2.32266,1.89875,2,-2.5567,2.05061,2.1071,-1.4539,-1.77849,-1.46196e-18,-1.58865,-1.67984,0.0468339,-1.519,-1.85813,0,-1.79793,-2.338,-0.0930335
3.07997,-2.2375,1.79962,2.65596,-2.21097,1.80925,2.62305,-2.3377,1.88021,2,-2.57441,2.02708,2.10605,-1.4397,-1.79,0,-1.57829,-1.69178,0.0520045,-1.50417,-1.87016,0,-1.74404,-2.36846,-0.116591
3.08985,-2.25168,1.78185,2.65596,-2.2267,1.79227,2.62359,-2.35251,1.86164,2,-2.59158,2.00324,2.10477,-1.42548,-1.80134,0,-1.56827,-1.70354,0.0566931,-1.48931,-1.882,0,-1.69008,-2.39792,-0.139999
3.09996,-2.26622,1.76332,2.65596,-2.24234,1.77518,2.62418,-2.3677,1.84228,2,-2.60821,1.97912,2.10326,-1.41066,-1.81298,0,-1.55874,-1.71522,0.061188,-1.47382,-1.89416,0,-1.63597,-2.42646,-0.163022
3.11006,-2.28034,1.74503,2.65596,-2.25788,1.75796,2.62482,-2.38245,1.82317,2,-2.6243,1.95472,2.10151,-1.39602,-1.82427,0,-1.54995,-1.72695,0.0658925,-1.45853,-1.90596,0,-1.58163,-2.45422,-0.185362
3.11999,-2.29429,1.72664,2.65596,-2.27334,1.74064,2.6255,-2.39702,1.80396,2,-2.63984,1.93004,2.09955,-1.38131,-1.83543,0,-1.5421,-1.7386,0.07095,-1.44317,-1.91762,0,-1.52703,-2.48099,-0.206906
3.12996,-2.3077,1.70867,2.65596,-2.28873,1.72319,2.62624,-2.41104,1.78519,2,-2.65483,1.9051,2.09738,-1.36694,-1.84616,-1.46196e-18,-1.53544,-1.75018,0.0764932,-1.42815,-1.92883,0,-1.47212,-2.50676,-0.227575
3.13999,-2.32147,1.68992,2.65596,-2.30405,1.70563,2.62703,-2.42542,1.7656,2,-2.66928,1.87991,2.095,-1.35194,-1.85717,-1.46196e-18,-1.53026,-1.76176,0.0823947,-1.41248,-1.94034,0,-1.41708,-2.53148,-0.247436
3.15009,-2.33508,1.67106,2.65596,-2.31934,1.68796,2.62789,-2.43965,1.74589,2,-2.68318,1.85447,2.09243,-1.33685,-1.86807,1.46196e-18,-1.52677,-1.77316,0.088795,-1.39671,-1.95172,0,-1.36201,-2.55513,-0.266338
3.15998,-2.34796,1.65292,2.65596,-2.3346,1.67017,2.62881,-2.4531,1.72693,2,-2.69652,1.82881,2.08968,-1.32233,-1.87837,0,-1.52483,-1.78405,0.0957295,-1.38155,-1.96248,0,-1.30686,-2.57773,-0.28414
3.16995,-2.36104,1.63417,2.65596,-2.34984,1.65228,2.6298,-2.46677,1.70735,2,-2.70931,1.80292,2.08675,-1.30734,-1.88883,1.46196e-18,-1.5242,-1.79407,0.103175,-1.36588,-1.97342,0,-1.2516,-2.59933,-0.300661
3.17994,-2.37407,1.61519,2.65596,-2.36508,1.6343,2.63087,-2.48038,1.68751,2,-2.72155,1.77683,2.08367,-1.29215,-1.89926,1.46196e-18,-1.52474,-1.80261,0.110888,-1.35001,-1.98431,0,-1.19639,-2.61982,-0.315872
3.18995,-2.3871,1.59587,2.65596,-2.38034,1.61623,2.63202,-2.49399,1.66733,2,-2.73324,1.75053,2.08044,-1.27669,-1.90968,1.46196e-18,-1.52627,-1.80918,0.118604,-1.33386,-1.9952,0,-1.14135,-2.6392,-0.329755
3.19997,-2.39973,1.57682,2.65596,-2.39561,1.59812,2.63325,-2.50719,1.64743,2,-2.74438,1.72405,2.07708,-1.26146,-1.91978,0,-1.52847,-1.81337,0.126633,-1.31794,-2.00575,0,-1.08624,-2.6575,-0.341811
3.21,-2.41222,1.55764,2.65596,-2.41091,1.57998,2.63456,-2.52024,1.62739,2,-2.75497,1.69738,2.07361,-1.24611,-1.92978,0,-1.53095,-1.81497,0.135406,-1.30191,-2.01619,0,-1.03076,-2.67486,-0.351368
3.21993,-2.42469,1.53815,2.65596,-2.42623,1.56183,2.63596,-2.53327,1.60703,2,-2.76499,1.67055,2.07006,-1.23052,-1.93976,0,-1.533,-1.81348,0.144443,-1.28562,-2.02662,0,-0.974932,-2.69123,-0.358274
3.22998,-2.43688,1.51877,2.65596,-2.44156,1.54372,2.63744,-2.546,1.58678,2,-2.77446,1.64356,2.06646,-1.21502,-1.9495,0,-1.53376,-1.80867,0.153146,-1.26942,-2.0368,0,-0.918851,-2.70651,-0.362365
3.2399,-2.44885,1.49939,2.65596,-2.4569,1.52567,2.63902,-2.55851,1.56653,2,-2.78337,1.61643,2.06282,-1.19951,-1.95908,0,-1.53251,-1.8007,0.160873,-1.25323,-2.04681,0,-0.862649,-2.72065,-0.363577
3.25002,-2.46103,1.47931,2.65596,-2.4722,1.50771,2.64066,-2.57124,1.54556,2,-2.79172,1.58915,2.0592,-1.18345,-1.96883,0,-1.52863,-1.78964,0.167472,-1.23645,-2.05699,0,-0.806327,-2.73345,-0.361624
3.25992,-2.47253,1.46001,2.65596,-2.48746,1.48989,2.64236,-2.58325,1.52539,2,-2.7995,1.56176,2.0556,-1.16801,-1.97803,0,-1.52164,-1.77532,0.172569,-1.22031,-2.0666,0,-0.750083,-2.74477,-0.356502
3.26993,-2.48423,1.44001,2.65596,-2.50263,1.47222,2.6441,-2.59547,1.5045,2,-2.80672,1.53426,2.05208,-1.15201,-1.98739,0,-1.51096,-1.75784,0.176186,-1.2036,-2.07638,0,-0.693909,-2.75454,-0.347948
3.2801,-2.49595,1.4196,2.65596,-2.51766,1.45474,2.64588,-2.60772,1.48317,2,-2.81338,1.50668,2.04866,-1.13568,-1.99676,0,-1.49626,-1.73788,0.178352,-1.18653,-2.08618,0,-0.637901,-2.76268,-0.335783
3.28991,-2.50714,1.39975,2.65596,-2.53254,1.43747,2.64767,-2.61941,1.46243,2,-2.81947,1.47902,2.04538,-1.1198,-2.00571,0,-1.47701,-1.71583,0.181741,-1.16994,-2.09553,0,-0.581152,-2.76931,-0.317729
3.2999,-2.51802,1.38009,2.65596,-2.54718,1.42043,2.64959,-2.63077,1.44189,2,-2.82497,1.45129,2.04238,-1.10407,-2.01441,1.46196e-18,-1.45166,-1.69115,0.2011,-1.15351,-2.10462,0,-0.51799,-2.7749,-0.281119
3.30997,-2.52911,1.35965,2.65596,-2.56158,1.40362,2.65164,-2.64236,1.42053,2,-2.82986,1.42353,2.03972,-1.08772,-2.02329,0,-1.42909,-1.6727,0.210559,-1.13642,-2.11389,0,-0.46001,-2.77784,-0.250256
3.31992,-2.53979,1.3396,2.65596,-2.57575,1.38696,2.65385,-2.65352,1.39959,2,-2.83416,1.39574,2.03743,-1.07168,-2.03183,0,-1.40444,-1.65954,0.232507,-1.11967,-2.12281,0,-0.398428,-2.77882,-0.205154
3.32995,-2.55048,1.31912,2.65596,-2.58966,1.3704,2.65635,-2.66469,1.37819,2,-2.83781,1.36796,2.03568,-1.0553,-2.04039,0,-1.37569,-1.65391,0.270672,-1.10255,-2.13176,0,-0.332263,-2.77731,-0.142084
3.33997,-2.56131,1.29798,2.65596,-2.60325,1.35385,2.65933,-2.676,1.35611,2,-2.84078,1.34021,2.03466,-1.03839,-2.04904,0,-1.34113,-1.65873,0.327816,-1.08489,-2.1408,0,-0.261248,-2.77268,-0.0584884
3.34992,-2.57151,1.27766,2.65596,-2.61646,1.33718,2.66296,-2.68666,1.33487,2,-2.84303,1.31252,2.03457,-1.02213,-2.0572,1.46196e-18,-1.30051,-1.67676,0.401597,-1.0679,-2.14932,0,-0.187231,-2.76442,0.0428975
3.35997,-2.58156,1.25721,2.65596,-2.62927,1.32028,2.66729,-2.69717,1.31351,2,-2.84456,1.28493,2.03545,-1.00577,-2.06525,0,-1.2635,-1.70322,0.454524,-1.0508,-2.15773,0,-0.123882,-2.75381,0.124996
3.36996,-2.59141,1.23678,2.65596,-2.64177,1.30312,2.67192,-2.70746,1.29216,2,-2.84556,1.25744,2.03694,-0.989424,-2.07313,0,-1.2379,-1.7298,0.469654,-1.03373,-2.16596,0,-0.0765781,-2.74241,0.169786
3.37995,-2.60124,1.21598,2.65596,-2.65404,1.28568,2.67668,-2.71772,1.27043,2,-2.84611,1.23008,2.03884,-0.972784,-2.08099,0,-1.21664,-1.76008,0.484487,-1.01634,-2.17418,0,-0.0328293,-2.72897,0.212462
3.38997,-2.61111,1.19465,2.65596,-2.66611,1.26791,2.68164,-2.72803,1.24814,2,-2.84622,1.20287,2.04121,-0.955716,-2.08888,1.46196e-18,-1.19844,-1.79383,0.508314,-0.998513,-2.18242,0,0.0100086,-2.71284,0.261793
3.39996,-2.62037,1.17418,2.65596,-2.67802,1.24979,2.68685,-2.73771,1.22676,2,-2.84592,1.17583,2.04408,-0.939344,-2.0963,0,-1.18275,-1.82937,0.530896,-0.981408,-2.19017,0,0.0492336,-2.69501,0.30869
3.40999,-2.62976,1.153,2.65596,-2.68977,1.23133,2.69217,-2.74752,1.20463,2,-2.84526,1.14897,2.0473,-0.922401,-2.10381,0,-1.16901,-1.86222,0.529808,-0.963706,-2.19802,0,0.0797958,-2.67802,0.332893
3.4199,-2.63901,1.13168,2.65596,-2.7014,1.21255,2.69741,-2.75718,1.18236,2,-2.84434,1.12227,2.05069,-0.905344,-2.1112,-1.46196e-18,-1.15485,-1.89494,0.51545,-0.945884,-2.20574,0,0.104775,-2.66125,0.344003
3.43002,-2.6478,1.11094,2.65596,-2.71287,1.19343,2.70246,-2.76637,1.16068,2,-2.84318,1.09575,2.05416,-0.888749,-2.11824,0,-1.13995,-1.92888,0.495125,-0.928547,-2.2131,0,0.126109,-2.64423,0.348428
3.43991,-2.6566,1.08973,2.65596,-2.72419,1.17397,2.70729,-2.77556,1.13853,2,-2.84183,1.06939,2.05764,-0.871788,-2.12528,-1.46196e-18,-1.12425,-1.96352,0.470085,-0.910826,-2.22045,0,0.144264,-2.62705,0.347202
3.44996,-2.66534,1.06818,2.65596,-2.73535,1.15415,2.71186,-2.78469,1.11602,2,-2.8403,1.04321,2.06109,-0.854546,-2.13227,1.46196e-18,-1.10691,-1.99953,0.44326,-0.892812,-2.22775,0,0.159901,-2.60945,0.342935
3.45998,-2.67371,1.04705,2.65596,-2.74632,1.13397,2.71615,-2.79344,1.09393,2,-2.83864,1.0172,2.06449,-0.837638,-2.13897,0,-1.08754,-2.0368,0.415234,-0.875147,-2.23475,0,0.173233,-2.59155,0.336042
3.46994,-2.6827,1.0238,2.65596,-2.75709,1.11341,2.72016,-2.80283,1.06965,2,-2.83685,0.991376,2.06781,-0.819041,-2.14616,0,-1.06581,-2.07504,0.386402,-0.855717,-2.24226,0,0.184467,-2.57336,0.326769
3.47998,-2.69015,1.00407,2.65596,-2.76763,1.09247,2.72388,-2.81061,1.04903,2,-2.83495,0.965735,2.07102,-0.803254,-2.15212,0,-1.04161,-2.1139,0.357104,-0.839223,-2.24849,0,0.193699,-2.55492,0.315332
3.48997,-2.69807,0.982591,2.65596,-2.77791,1.07114,2.7273,-2.81888,1.02659,2,-2.83298,0.940279,2.07411,-0.786073,-2.15845,0,-1.0146,-2.15331,0.328073,-0.821272,-2.25511,0,0.20112,-2.53624,0.302302
3.4999,-2.70572,0.96132,2.65596,-2.78791,1.0494,2.73044,-2.82688,1.00437,2,-2.83094,0.915011,2.07706,-0.769056,-2.16457,0,-0.984754,-2.19281,0.299557,-0.803494,-2.2615,0,0.206805,-2.51734,0.287848
3.50996,-2.71332,0.939642,2.65596,-2.7976,1.02728,2.7333,-2.83482,0.981719,2,-2.82885,0.889932,2.07986,-0.751714,-2.17066,7.3098e-19,-0.952056,-2.23187,0.271557,-0.785375,-2.26786,0,0.210902,-2.49831,0.271949
3.51995,-2.72084,0.917658,2.65596,-2.80695,1.00477,2.73587,-2.84267,0.95875,2,-2.82672,0.865044,2.08249,-0.734126,-2.17667,-7.3098e-19,-0.916733,-2.26994,0.244005,-0.767,-2.27414,0,0.213433,-2.47923,0.254551
3.52998,-2.72809,0.895875,2.65596,-2.81593,0.981887,2.73818,-2.85025,0.935992,2,-2.82458,0.840347,2.08495,-0.7167,-2.18247,0,-0.879029,-2.30651,0.216726,-0.748794,-2.2802,0,0.214531,-2.46022,0.23554
3.53991,-2.73531,0.873578,2.65596,-2.82452,0.958646,2.74021,-2.85779,0.912696,2,-2.82244,0.815839,2.0872,-0.698862,-2.18825,0,-0.839087,-2.34143,0.189857,-0.730157,-2.28624,0,0.214341,-2.44151,0.215101
3.54998,-2.74225,0.851547,2.65596,-2.8327,0.935065,2.74198,-2.86504,0.889679,2,-2.8203,0.791517,2.08924,-0.681238,-2.1938,0,-0.797053,-2.37435,0.163681,-0.711743,-2.29203,0,0.212898,-2.42293,0.193552
3.55996,-2.74889,0.829859,2.65596,-2.84045,0.911166,2.74349,-2.87198,0.86702,2,-2.81818,0.76738,2.09107,-0.663887,-2.19911,0,-0.753179,-2.40496,0.138288,-0.693616,-2.29759,0,0.210293,-2.4045,0.171075
3.56996,-2.75561,0.807264,2.65596,-2.84776,0.886975,2.74474,-2.879,0.843413,2,-2.8161,0.743426,2.09266,-0.645811,-2.20449,0,-0.70786,-2.43284,0.113593,-0.67473,-2.3032,0,0.20661,-2.3862,0.147728
3.57995,-2.76167,0.786291,2.65596,-2.85461,0.862519,2.74576,-2.88533,0.8215,2,-2.81406,0.719655,2.09402,-0.629032,-2.20933,-7.3098e-19,-0.661477,-2.45778,0.0895179,-0.6572,-2.30827,0,0.201932,-2.36808,0.123577
3.58996,-2.76789,0.764095,2.65596,-2.86099,0.837829,2.74654,-2.89183,0.798311,2,-2.81206,0.696064,2.09513,-0.611276,-2.21431,-7.3098e-19,-0.614343,-2.47978,0.0662384,-0.638649,-2.31347,0,0.196238,-2.35016,0.0989085
3.59999,-2.77403,0.741497,2.65596,-2.86689,0.812934,2.74709,-2.89825,0.774701,2,-2.81013,0.672652,2.096,-0.593198,-2.21922,0,-0.566573,-2.49879,0.0440319,-0.619761,-2.3186,0,0.189634,-2.33241,0.0741055
3.60988,-2.77977,0.71967,2.65596,-2.87232,0.787863,2.74742,-2.90425,0.751897,2,-2.80827,0.649416,2.09662,-0.575736,-2.22382,7.3098e-19,-0.518336,-2.51482,0.0231411,-0.601517,-2.3234,0,0.182181,-2.3148,0.0495242
3.61993,-2.78544,0.697411,2.65596,-2.87726,0.762647,2.74756,-2.91017,0.72864,2,-2.80649,0.626355,2.09699,-0.557928,-2.22835,0,-0.46998,-2.5279,0.00359264,-0.582912,-2.32814,0,0.173871,-2.29736,0.0253315
3.62989,-2.79093,0.67509,2.65596,-2.88172,0.737315,2.7475,-2.91591,0.70532,2,-2.8048,0.603468,2.09712,-0.540072,-2.23275,0,-0.421808,-2.53797,-0.0146164,-0.564256,-2.33273,0,0.164764,-2.28007,0.00168095
3.63995,-2.79618,0.653028,2.65596,-2.8857,0.711898,2.74727,-2.92139,0.68227,2,-2.8032,0.580753,2.09703,-0.522423,-2.23694,-7.3098e-19,-0.374141,-2.545,-0.0315368,-0.545816,-2.33711,0,0.154933,-2.26289,-0.0213112
3.64991,-2.80138,0.630342,2.65596,-2.8892,0.686424,2.74687,-2.92682,0.658569,2,-2.8017,0.558209,2.0967,-0.504274,-2.2411,0,-0.327296,-2.54919,-0.0472475,-0.526855,-2.34146,0,0.144488,-2.24595,-0.0435545
3.65995,-2.80632,0.607974,2.65596,-2.89225,0.660923,2.74633,-2.93198,0.635199,2,-2.80031,0.535833,2.09616,-0.486379,-2.24505,7.3098e-19,-0.281713,-2.55073,-0.0619111,-0.508159,-2.34559,0,0.133423,-2.22934,-0.065044
3.67,-2.81129,0.58457,2.65596,-2.89484,0.635418,2.74564,-2.93717,0.610746,2,-2.79904,0.513622,2.0954,-0.467656,-2.24903,0,-0.237755,-2.5497,-0.075756,-0.488597,-2.34974,0,0.121779,-2.21303,-0.0858434
3.68,-2.8157,0.562931,2.65596,-2.89701,0.609937,2.74481,-2.94178,0.588138,2,-2.79788,0.491572,2.09444,-0.450345,-2.25256,7.3098e-19,-0.195753,-2.54621,-0.0889183,-0.470511,-2.35343,0,0.109558,-2.19694,-0.105949
3.68995,-2.8201,0.54047,2.65596,-2.89876,0.584502,2.74386,-2.94638,0.564671,2,-2.79685,0.469682,2.09329,-0.432376,-2.25608,7.3098e-19,-0.155846,-2.54051,-0.101414,-0.451737,-2.3571,0,0.096846,-2.18108,-0.125265
3.69999,-2.8244,0.517532,2.65596,-2.90013,0.559134,2.74279,-2.95087,0.540707,2,-2.79594,0.44795,2.09194,-0.414026,-2.25952,-7.3098e-19,-0.118159,-2.53279,-0.113187,-0.432565,-2.3607,0,0.0836618,-2.16539,-0.143641
3.70996,-2.82839,0.495229,2.65596,-2.90114,0.533852,2.7416,-2.95505,0.517405,2,-2.79517,0.426374,2.09042,-0.396183,-2.26271,-7.3098e-19,-0.0826687,-2.52336,-0.124029,-0.413924,-2.36404,0,0.0700711,-2.14995,-0.160806
3.71997,-2.83231,0.472298,2.65596,-2.90179,0.508671,2.74031,-2.95914,0.493447,2,-2.79454,0.40495,2.08873,-0.377838,-2.26585,0,-0.0493847,-2.51245,-0.133722,-0.394758,-2.36731,0,0.0560535,-2.13476,-0.176491
3.72996,-2.83596,0.449863,2.65596,-2.90213,0.483607,2.73893,-2.96295,0.470008,2,-2.79406,0.383678,2.08689,-0.35989,-2.26877,3.6549e-19,-0.0183218,-2.50027,-0.142159,-0.376006,-2.37036,0,0.041634,-2.11976,-0.190537
3.73995,-2.83942,0.427487,2.65596,-2.90217,0.458669,2.73747,-2.96657,0.44663,2,-2.79371,0.362554,2.08493,-0.34199,-2.27154,3.6549e-19,0.0105457,-2.4872,-0.149349,-0.357304,-2.37325,0,0.0269293,-2.10512,-0.202903
3.74993,-2.84277,0.404623,2.65596,-2.90193,0.433865,2.73595,-2.97007,0.422742,2,-2.79352,0.341575,2.08284,-0.323699,-2.27421,0,0.0371323,-2.47342,-0.155395,-0.338194,-2.37605,0,0.0119508,-2.0908,-0.213643
3.75998,-2.8459,0.382002,2.65596,-2.90143,0.409202,2.73437,-2.97333,0.399108,2,-2.79347,0.320736,2.08066,-0.305602,-2.27672,3.6549e-19,0.0614331,-2.45923,-0.160378,-0.319286,-2.37867,0,-0.00323393,-2.0769,-0.222798
3.76999,-2.84887,0.359151,2.65596,-2.90071,0.384681,2.73274,-2.97644,0.375234,2,-2.79358,0.300035,2.07839,-0.287321,-2.2791,0,0.0834457,-2.44482,-0.164452,-0.300187,-2.38115,0,-0.0185719,-2.06337,-0.230496
3.77995,-2.85165,0.336398,2.65596,-2.89977,0.360305,2.73108,-2.97934,0.351461,2,-2.79385,0.279468,2.07605,-0.269118,-2.28132,0,0.10325,-2.43043,-0.16775,-0.281169,-2.38347,0,-0.033963,-2.05029,-0.236852
3.78996,-2.85425,0.313582,2.65596,-2.89865,0.336072,2.72939,-2.98206,0.327624,2,-2.79426,0.259028,2.07366,-0.250865,-2.2834,3.6549e-19,0.120956,-2.41627,-0.170393,-0.262099,-2.38565,0,-0.049309,-2.03768,-0.241979
3.79993,-2.85667,0.290682,2.65596,-2.89736,0.311979,2.72768,-2.98459,0.303699,2,-2.79483,0.238712,2.07122,-0.232546,-2.28533,0,0.136652,-2.40249,-0.172513,-0.242959,-2.38767,0,-0.0645509,-2.02552,-0.24601
3.80995,-2.8589,0.267814,2.65596,-2.89592,0.288021,2.72594,-2.98692,0.279806,2,-2.79555,0.218516,2.06874,-0.214251,-2.28712,3.6549e-19,0.150438,-2.38919,-0.174247,-0.223845,-2.38954,0,-0.0796503,-2.01376,-0.249091
3.81998,-2.86098,0.24458,2.65596,-2.89436,0.264193,2.72419,-2.9891,0.255532,2,-2.79642,0.198436,2.06624,-0.195664,-2.28879,3.6549e-19,0.162457,-2.37646,-0.175703,-0.204425,-2.39128,0,-0.094549,-2.00239,-0.251341
3.82995,-2.86284,0.221778,2.65596,-2.89268,0.240489,2.72243,-2.99104,0.231709,2,-2.79744,0.178467,2.06372,-0.177422,-2.29027,-3.6549e-19,0.172921,-2.36462,-0.176938,-0.185367,-2.39283,0,-0.109142,-1.99162,-0.252838
3.83998,-2.86451,0.19908,2.65596,-2.8909,0.216897,2.72066,-2.99278,0.207995,2,-2.79861,0.158602,2.06118,-0.159264,-2.29161,0,0.182026,-2.35381,-0.177994,-0.166396,-2.39422,0,-0.123357,-1.98149,-0.253647
3.84989,-2.86599,0.17644,2.65596,-2.88904,0.193409,2.71887,-2.99433,0.184341,2,-2.79991,0.138835,2.05865,-0.141152,-2.29279,0,0.189959,-2.34399,-0.178699,-0.147473,-2.39546,0,-0.137184,-1.97191,-0.253621
3.85991,-2.86732,0.153399,2.65596,-2.88711,0.170015,2.71708,-2.99572,0.160268,2,-2.80135,0.119162,2.05612,-0.122719,-2.29386,-1.82745e-19,0.196843,-2.33508,-0.179024,-0.128215,-2.39657,0,-0.150621,-1.96279,-0.252749
3.86995,-2.86845,0.130471,2.65596,-2.88511,0.146704,2.71529,-2.9969,0.136314,2,-2.80292,0.0995773,2.0536,-0.104377,-2.29476,0,0.202846,-2.3272,-0.179027,-0.109051,-2.39752,0,-0.163614,-1.95424,-0.251106
3.87994,-2.86941,0.107529,2.65596,-2.88305,0.123467,2.7135,-2.9979,0.112344,2,-2.80462,0.0800755,2.0511,-0.0860229,-2.29552,-9.13725e-20,0.208162,-2.32027,-0.178694,-0.0898749,-2.39832,0,-0.176116,-1.94619,-0.248699
3.88998,-2.87018,0.0844859,2.65596,-2.88094,0.100295,2.71172,-2.9987,0.0882691,2,-2.80644,0.0606519,2.04862,-0.0675887,-2.29614,-9.13725e-20,0.212968,-2.31427,-0.17793,-0.0706153,-2.39896,0,-0.1881,-1.93863,-0.245452
3.89992,-2.87076,0.0615143,2.65596,-2.87879,0.0771788,2.70995,-2.99931,0.0642689,2,-2.80838,0.0413013,2.04619,-0.0492114,-2.29661,0,0.217383,-2.30922,-0.176708,-0.0514151,-2.39945,0,-0.199543,-1.93158,-0.24135
3.90995,-2.87116,0.0386603,2.65596,-2.8766,0.0541083,2.70819,-2.99973,0.0403914,2,-2.81043,0.0220188,2.0438,-0.0309282,-2.29693,0,0.221495,-2.30503,-0.175169,-0.0323132,-2.39978,0,-0.210427,-1.925,-0.236541
3.92,-2.87138,0.0152211,2.65596,-2.87436,0.0310754,2.70644,-2.99996,0.0159026,2,-2.81259,0.00279948,2.04146,-0.0121768,-2.2971,-2.28431e-20,0.225468,-2.30169,-0.173353,-0.0127221,-2.39997,0,-0.220704,-1.91895,-0.231078
3.93,-2.87141,-0.00794011,2.65596,-2.87209,0.00807185,2.70472,-2.99999,-0.00829567,2,-2.81484,-0.016362,2.03918,0.00635209,-2.29713,1.14216e-20,0.229443,-2.29916,-0.171195,0.00663653,-2.39999,0,-0.230342,-1.91344,-0.224906
3.94,-2.87125,-0.0311179,2.65596,-2.86977,-0.0149105,2.70302,-2.99982,-0.0325113,2,-2.81719,-0.0354712,2.03697,0.0248943,-2.297,0,0.233529,-2.29743,-0.168762,0.0260091,-2.39986,0,-0.239295,-1.9085,-0.218097
3.94998,-2.87091,-0.053961,2.65596,-2.86742,-0.0378791,2.70135,-2.99947,-0.0563773,2,-2.81962,-0.0545339,2.03482,0.0431688,-2.29673,0,0.237822,-2.29642,-0.166098,0.0451018,-2.39958,0,-0.247537,-1.90414,-0.210702
3.95986,-2.8704,-0.0764276,2.65596,-2.86502,-0.0608411,2.6997,-2.99894,-0.07985,2,-2.82214,-0.073556,2.03275,0.0611421,-2.29632,0,0.242452,-2.29608,-0.163231,0.06388,-2.39915,0,-0.255,-1.90039,-0.202756
3.97001,-2.86968,-0.0999636,2.65596,-2.86257,-0.0838028,2.69808,-2.99818,-0.10444,2,-2.82472,-0.0925437,2.03077,0.0799709,-2.29574,0,0.24743,-2.29635,-0.160244,0.0835519,-2.39855,0,-0.261713,-1.89727,-0.194346
3.9801,-2.86879,-0.122796,2.65596,-2.86007,-0.10677,2.6965,-2.99726,-0.128295,2,-2.82737,-0.111504,2.02887,0.0982371,-2.29503,1.82745e-19,0.252856,-2.29714,-0.157126,0.102636,-2.3978,0,-0.267628,-1.8948,-0.185469
3.98998,-2.86773,-0.145423,2.65596,-2.85751,-0.129747,2.69494,-2.99615,-0.151935,2,-2.83007,-0.130442,2.02706,0.116338,-2.29419,0,0.258785,-2.29829,-0.153935,0.121548,-2.39692,0,-0.27272,-1.89291,-0.176191
3.99999,-2.86648,-0.168278,2.65596,-2.85489,-0.152737,2.69342,-2.99484,-0.175813,2,-2.83282,-0.149364,2.02535,0.134622,-2.29319,0,0.265255,-2.29978,-0.150707,0.14065,-2.39588,0,-0.276979,-1.89166,-0.166557
4.00995,-2.86506,-0.191067,2.65596,-2.8522,-0.175743,2.69193,-2.99335,-0.199622,2,-2.83561,-0.168277,2.02373,0.152853,-2.29204,1.82745e-19,0.272328,-2.3016,-0.147466,0.159698,-2.39468,0,-0.280356,-1.89117,-0.156604
4.01987,-2.86341,-0.214296,2.65596,-2.84944,-0.198769,2.69047,-2.99163,-0.223892,2,-2.83843,-0.18719,2.02222,0.171437,-2.29073,0,0.280017,-2.30363,-0.144206,0.179114,-2.39331,0,-0.282843,-1.8914,-0.14634
4.02995,-2.86163,-0.236924,2.65596,-2.8466,-0.221816,2.68904,-2.98977,-0.247533,2,-2.84126,-0.206108,2.0208,0.189539,-2.2893,0,0.28832,-2.30578,-0.140976,0.198027,-2.39182,0,-0.284429,-1.89232,-0.135831
4.03995,-2.85965,-0.259733,2.65596,-2.84367,-0.244885,2.68765,-2.9877,-0.271364,2,-2.84411,-0.225038,2.0195,0.207786,-2.28772,0,0.297298,-2.30789,-0.137784,0.217091,-2.39016,0,-0.285037,-1.89389,-0.125103
4.04994,-2.85748,-0.282544,2.65596,-2.84065,-0.267974,2.68629,-2.98544,-0.295197,2,-2.84696,-0.243987,2.0183,0.226035,-2.28599,0,0.306899,-2.30991,-0.134649,0.236157,-2.38835,0,-0.284701,-1.89611,-0.114202
4.05995,-2.85512,-0.305473,2.65596,-2.83753,-0.291082,2.68496,-2.98298,-0.319152,2,-2.8498,-0.262962,2.01722,0.244378,-2.2841,0,0.317111,-2.31171,-0.131577,0.255321,-2.38638,0,-0.283406,-1.89895,-0.10316
4.06996,-2.85257,-0.328476,2.65596,-2.83431,-0.314208,2.68366,-2.98031,-0.343185,2,-2.85262,-0.281969,2.01624,0.26278,-2.28206,0,0.32794,-2.31336,-0.128588,0.274548,-2.38424,0,-0.281113,-1.9025,-0.0920262
4.07998,-2.84986,-0.351238,2.65596,-2.83097,-0.337349,2.68238,-2.97747,-0.366966,2,-2.85542,-0.301015,2.01538,0.280991,-2.27989,0,0.339369,-2.31473,-0.125665,0.293573,-2.38198,0,-0.277806,-1.90673,-0.0808171
4.08996,-2.84696,-0.373953,2.65596,-2.82752,-0.360501,2.68114,-2.97445,-0.390698,2,-2.85818,-0.320106,2.01462,0.299162,-2.27757,0,0.351384,-2.31578,-0.122812,0.312559,-2.37956,0,-0.273456,-1.91161,-0.0695737
4.09995,-2.84388,-0.396763,2.65596,-2.82394,-0.383663,2.67993,-2.97122,-0.41453,2,-2.86089,-0.339249,2.01398,0.31741,-2.2751,3.6549e-19,0.363904,-2.31652,-0.120044,0.331624,-2.37698,0,-0.268102,-1.9172,-0.0583495
4.10994,-2.84063,-0.419381,2.65596,-2.82024,-0.40683,2.67874,-2.96783,-0.438161,2,-2.86354,-0.358452,2.01346,0.335505,-2.2725,0,0.3769,-2.31682,-0.117356,0.350529,-2.37426,0,-0.261727,-1.92338,-0.0471825
4.12001,-2.83709,-0.442677,2.65596,-2.8164,-0.429998,2.67758,-2.96413,-0.4625,2,-2.86612,-0.377719,2.01304,0.354142,-2.26967,3.6549e-19,0.39035,-2.31663,-0.114732,0.37,-2.37131,0,-0.254306,-1.93016,-0.0361
4.12994,-2.83356,-0.464768,2.65596,-2.81243,-0.453161,2.67645,-2.96044,-0.48558,2,-2.86862,-0.397057,2.01273,0.371814,-2.26684,0,0.404231,-2.316,-0.112155,0.388464,-2.36835,0,-0.245825,-1.93757,-0.0251316
4.13996,-2.82971,-0.487614,2.65596,-2.80832,-0.476316,2.67534,-2.95643,-0.50945,2,-2.87103,-0.416472,2.01254,0.390092,-2.26377,0,0.418482,-2.3148,-0.109633,0.40756,-2.36514,0,-0.236304,-1.94549,-0.0143315
4.14996,-2.82559,-0.510985,2.65596,-2.80406,-0.499456,2.67425,-2.95212,-0.533866,2,-2.87334,-0.435969,2.01245,0.408788,-2.26047,7.3098e-19,0.433054,-2.31312,-0.107174,0.427093,-2.36169,0,-0.225741,-1.95401,-0.00375656
4.15994,-2.82156,-0.5328,2.65596,-2.79965,-0.522577,2.67319,-2.9479,-0.556659,2,-2.87554,-0.455554,2.01246,0.42624,-2.25724,0,0.447944,-2.31095,-0.104748,0.445327,-2.35832,0,-0.214104,-1.96311,0.00657477
4.16995,-2.81723,-0.555238,2.65596,-2.7951,-0.545673,2.67216,-2.94338,-0.580101,2,-2.87762,-0.475233,2.01258,0.44419,-2.25378,0,0.463095,-2.30833,-0.102367,0.464081,-2.3547,0,-0.201423,-1.9728,0.0166052
4.17995,-2.81271,-0.577678,2.65596,-2.79039,-0.568742,2.67115,-2.93866,-0.603546,2,-2.87957,-0.495012,2.01279,0.462142,-2.25017,0,0.478449,-2.30521,-0.100021,0.482837,-2.35093,0,-0.187708,-1.98302,0.0262945
4.18988,-2.80796,-0.600362,2.65596,-2.78553,-0.591776,2.67016,-2.93369,-0.627246,2,-2.88137,-0.514895,2.0131,0.48029,-2.24636,0,0.493986,-2.30161,-0.097685,0.501797,-2.34696,0,-0.17294,-1.99375,0.0356183
4.19996,-2.80299,-0.623133,2.65596,-2.78051,-0.614772,2.66919,-2.92851,-0.651036,2,-2.88302,-0.534888,2.0135,0.498506,-2.24239,0,0.509661,-2.29749,-0.0953459,0.520829,-2.34281,0,-0.157146,-2.00495,0.0445448
4.20997,-2.79788,-0.645693,2.65596,-2.77534,-0.637725,2.66825,-2.92317,-0.674607,2,-2.88451,-0.554996,2.01399,0.516554,-2.2383,7.3098e-19,0.525481,-2.29294,-0.0930002,0.539685,-2.33853,0,-0.140297,-2.01663,0.0530348
4.21998,-2.79279,-0.667376,2.65596,-2.77,-0.660629,2.66733,-2.91785,-0.69726,2,-2.88582,-0.575222,2.01456,0.533901,-2.23423,0,0.541436,-2.28794,-0.0906439,0.557808,-2.33428,0,-0.122387,-2.02875,0.0610529
4.22995,-2.78735,-0.689742,2.65596,-2.76451,-0.683482,2.66644,-2.91216,-0.720628,2,-2.88695,-0.595572,2.01521,0.551794,-2.22988,-7.3098e-19,0.557474,-2.28253,-0.0882729,0.576503,-2.32973,0,-0.103449,-2.04128,0.0685645
4.23985,-2.78176,-0.711939,2.65596,-2.75885,-0.706279,2.66557,-2.90633,-0.74382,2,-2.88789,-0.616049,2.01593,0.569552,-2.22541,0,0.573566,-2.27668,-0.0858756,0.595056,-2.32506,0,-0.0834905,-2.05416,0.075543
4.24996,-2.77599,-0.734134,2.65596,-2.75303,-0.729014,2.66472,-2.90029,-0.767008,2,-2.88862,-0.636656,2.01672,0.587307,-2.22079,0,0.589707,-2.27039,-0.0834404,0.613606,-2.32023,0,-0.0625101,-2.06734,0.0819675
4.25996,-2.77003,-0.756292,2.65596,-2.74706,-0.751685,2.6639,-2.89407,-0.790158,2,-2.88914,-0.657397,2.01757,0.605033,-2.21602,0,0.605819,-2.26369,-0.0809552,0.632126,-2.31526,0,-0.0405901,-2.0808,0.0878238
4.26996,-2.76391,-0.778378,2.65596,-2.74092,-0.774286,2.6631,-2.88767,-0.813233,2,-2.88943,-0.678272,2.01847,0.622702,-2.21112,7.3098e-19,0.621904,-2.25651,-0.078411,0.650586,-2.31014,0,-0.0177246,-2.09437,0.0930966
4.27995,-2.75752,-0.800703,2.65596,-2.73462,-0.796814,2.66233,-2.881,-0.836558,2,-2.88949,-0.699285,2.01943,0.640563,-2.20602,0,0.63795,-2.24893,-0.0758123,0.669247,-2.3048,0,0.00606915,-2.10813,0.0977625
4.28996,-2.75102,-0.822754,2.65596,-2.72816,-0.819264,2.66159,-2.87421,-0.859597,2,-2.8893,-0.720436,2.02043,0.658203,-2.20082,0,0.653951,-2.24109,-0.0731685,0.687677,-2.29937,0,0.0307733,-2.1221,0.101798
4.29998,-2.7443,-0.844919,2.65596,-2.72154,-0.841635,2.66087,-2.86718,-0.882754,2,-2.88887,-0.741727,2.02146,0.675935,-2.19544,-7.3098e-19,0.669903,-2.23299,-0.0704704,0.706203,-2.29375,0,0.0563684,-2.13624,0.105205
4.30995,-2.73755,-0.866537,2.65596,-2.71476,-0.863923,2.66018,-2.86013,-0.90534,2,-2.88817,-0.763161,2.02253,0.69323,-2.19004,7.3098e-19,0.685745,-2.22459,-0.0677061,0.724272,-2.28811,0,0.0827846,-2.15044,0.107989
4.31994,-2.73049,-0.888518,2.65596,-2.70783,-0.886126,2.65951,-2.85276,-0.928305,2,-2.88721,-0.784737,2.02362,0.710814,-2.18439,7.3098e-19,0.70153,-2.21597,-0.0648894,0.742644,-2.28221,0,0.110057,-2.16474,0.110134
4.32996,-2.7233,-0.91032,2.65596,-2.70073,-0.908241,2.65888,-2.84525,-0.951084,2,-2.88597,-0.806455,2.02473,0.728256,-2.17864,0,0.717201,-2.20711,-0.0620003,0.760867,-2.2762,0,0.138109,-2.17903,0.111663
4.34,-2.71585,-0.932302,2.65596,-2.69348,-0.930267,2.65827,-2.83747,-0.97405,2,-2.88445,-0.828317,2.02585,0.745842,-2.17268,-7.3098e-19,0.732756,-2.19802,-0.0590436,0.77924,-2.26997,0,0.166913,-2.19328,0.112581
4.34995,-2.7084,-0.953741,2.65596,-2.68608,-0.952201,2.6577,-2.82968,-0.996449,2,-2.88263,-0.850321,2.02698,0.762993,-2.16672,-7.3098e-19,0.748192,-2.1887,-0.0560153,0.797159,-2.26374,0,0.196441,-2.20743,0.112904
4.35995,-2.70069,-0.975368,2.65596,-2.67852,-0.974041,2.65715,-2.82162,-1.01904,2,-2.88052,-0.872465,2.02811,0.780294,-2.16055,-1.46196e-18,0.763555,-2.17928,-0.0529608,0.815235,-2.2573,0,0.226709,-2.22153,0.112606
4.36997,-2.6928,-0.996935,2.65596,-2.67081,-0.995786,2.65664,-2.81338,-1.04158,2,-2.87809,-0.894751,2.02923,0.797548,-2.15424,7.3098e-19,0.778827,-2.16973,-0.0498732,0.833262,-2.25071,0,0.257671,-2.23553,0.111714
4.37998,-2.68472,-1.01849,2.65596,-2.66294,-1.01743,2.65616,-2.80494,-1.0641,2,-2.87536,-0.917175,2.03034,0.814793,-2.14778,7.3098e-19,0.793964,-2.16001,-0.0467369,0.851279,-2.24395,0,0.289257,-2.2493,0.110268
4.38995,-2.67646,-1.04,2.65596,-2.65493,-1.03899,2.6557,-2.79631,-1.08658,2,-2.87231,-0.939736,2.03143,0.832004,-2.14117,0,0.808978,-2.1501,-0.0435505,0.86926,-2.23705,0,0.32145,-2.2628,0.108296
4.39997,-2.6681,-1.06127,2.65596,-2.64676,-1.06044,2.65529,-2.78758,-1.10879,2,-2.86893,-0.96243,2.0325,0.849014,-2.13448,0,0.82393,-2.14007,-0.0403467,0.887032,-2.23006,0,0.354277,-2.27603,0.105797
4.41,-2.65943,-1.0828,2.65596,-2.63845,-1.08179,2.6549,-2.77852,-1.13129,2,-2.86522,-0.985255,2.03355,0.866241,-2.12755,0,0.838815,-2.12989,-0.0371334,0.905031,-2.22282,0,0.387694,-2.28892,0.102803
4.41997,-2.65073,-1.10393,2.65596,-2.62999,-1.10303,2.65454,-2.76943,-1.15337,2,-2.86117,-1.00821,2.03456,0.883147,-2.12059,0,0.853675,-2.1196,-0.0339332,0.922694,-2.21554,0,0.421714,-2.30146,0.0993253
4.42997,-2.64177,-1.12522,2.65596,-2.62138,-1.12418,2.65422,-2.76007,-1.1756,2,-2.85678,-1.03128,2.03553,0.900172,-2.11341,0,0.868449,-2.10926,-0.0307536,0.940481,-2.20805,0,0.456247,-2.31366,0.095397
4.43994,-2.63267,-1.14635,2.65596,-2.61262,-1.14522,2.65393,-2.75056,-1.19768,2,-2.85205,-1.05448,2.03647,0.917077,-2.10613,-1.46196e-18,0.883172,-2.09891,-0.0276074,0.958143,-2.20045,0,0.491296,-2.32551,0.0910465
4.45004,-2.62337,-1.16748,2.65596,-2.60371,-1.16616,2.65367,-2.74084,-1.21976,2,-2.84696,-1.07779,2.03735,0.933981,-2.09869,0,0.897867,-2.08858,-0.0245172,0.975804,-2.19267,0,0.526851,-2.33702,0.0862943
4.45996,-2.61407,-1.18814,2.65596,-2.59466,-1.18699,2.65344,-2.73113,-1.24135,2,-2.84151,-1.10122,2.03819,0.950515,-2.09126,0,0.912482,-2.07828,-0.0214624,0.993078,-2.1849,0,0.562831,-2.34813,0.0812036
4.46995,-2.60451,-1.20896,2.65596,-2.58546,-1.20772,2.65324,-2.72114,-1.26309,2,-2.8357,-1.12475,2.03898,0.967164,-2.08361,0,0.927018,-2.068,-0.0184331,1.01047,-2.17691,0,0.599208,-2.35882,0.0758276
4.47994,-2.59477,-1.22972,2.65596,-2.57612,-1.22835,2.65307,-2.71096,-1.28478,2,-2.82952,-1.14839,2.03971,0.983775,-2.07582,-1.46196e-18,0.941498,-2.05777,-0.0154636,1.02783,-2.16877,0,0.635975,-2.36908,0.0701767
4.48998,-2.58482,-1.2505,2.65596,-2.56663,-1.24888,2.65293,-2.70057,-1.3065,2,-2.82298,-1.17213,2.04038,1.0004,-2.06786,1.46196e-18,0.955891,-2.04757,-0.0125451,1.0452,-2.16045,0,0.673069,-2.37886,0.0643052
4.49996,-2.57478,-1.27105,2.65596,-2.557,-1.2693,2.65282,-2.69007,-1.32797,2,-2.81606,-1.19597,2.04099,1.01684,-2.05982,0,0.970175,-2.03729,-0.00968149,1.06238,-2.15206,0,0.710437,-2.38803,0.0582557
4.50992,-2.56427,-1.29213,2.65596,-2.54723,-1.28962,2.65273,-2.67909,-1.34999,2,-2.80877,-1.21989,2.04154,1.0337,-2.05141,1.46196e-18,0.984368,-2.02702,-0.00689678,1.07999,-2.14327,0,0.748062,-2.39664,0.052051
4.51995,-2.55413,-1.31206,2.65596,-2.53732,-1.30984,2.65268,-2.6685,-1.37081,2,-2.8011,-1.2439,2.04203,1.04965,-2.0433,-1.46196e-18,0.998497,-2.01675,-0.00420531,1.09665,-2.1348,0,0.785935,-2.40467,0.0457249
4.52993,-2.54339,-1.33274,2.65596,-2.52726,-1.32996,2.65265,-2.65729,-1.39242,2,-2.79305,-1.26798,2.04246,1.06619,-2.03472,-1.46196e-18,1.0126,-2.00656,-0.00162784,1.11394,-2.12583,0,0.82405,-2.41213,0.0393061
4.53988,-2.53289,-1.3526,2.65596,-2.51706,-1.34997,2.65265,-2.64631,-1.41317,2,-2.78462,-1.29214,2.04282,1.08208,-2.02631,1.46196e-18,1.02667,-1.99647,0.000836497,1.13054,-2.11705,0,0.862382,-2.41905,0.032837
4.54995,-2.52176,-1.37324,2.65596,-2.50673,-1.36989,2.65267,-2.63468,-1.43473,2,-2.7758,-1.31636,2.04311,1.09859,-2.01741,0,1.04069,-1.98643,0.00319731,1.14779,-2.10774,0,0.900885,-2.42535,0.02637
4.55994,-2.51063,-1.39348,2.65596,-2.49625,-1.3897,2.65271,-2.62306,-1.45588,2,-2.7666,-1.34064,2.04335,1.11478,-2.00851,-1.46196e-18,1.05467,-1.97631,0.00545224,1.1647,-2.09845,0,0.939519,-2.43086,0.0199437
4.56999,-2.49934,-1.41363,2.65596,-2.48563,-1.40941,2.65277,-2.61126,-1.47693,2,-2.75701,-1.36498,2.04351,1.1309,-1.99947,0,1.06861,-1.96611,0.00759545,1.18155,-2.08901,0,0.978269,-2.43559,0.0135932
4.57999,-2.48811,-1.43331,2.65596,-2.47488,-1.42902,2.65286,-2.59952,-1.49749,2,-2.74703,-1.38935,2.04362,1.14665,-1.99048,1.46196e-18,1.08257,-1.95591,0.00961822,1.19799,-2.07962,0,1.01715,-2.43956,0.00735226
4.58996,-2.47661,-1.45309,2.65596,-2.46398,-1.44853,2.65297,-2.58751,-1.51816,2,-2.73667,-1.41377,2.04366,1.16247,-1.98129,0,1.09645,-1.94558,0.0115346,1.21452,-2.07001,0,1.05601,-2.44265,0.00127282
4.59997,-2.46499,-1.47271,2.65596,-2.45295,-1.46794,2.65309,-2.57537,-1.53865,2,-2.72591,-1.43821,2.04364,1.17816,-1.97199,-1.46196e-18,1.11031,-1.93535,0.013315,1.23092,-2.0603,0,1.09489,-2.44503,-0.00464261
4.60998,-2.45306,-1.4925,2.65596,-2.44178,-1.48724,2.65323,-2.56291,-1.55933,2,-2.71477,-1.46266,2.04357,1.194,-1.96245,0,1.12416,-1.92503,0.0149762,1.24747,-2.05032,0,1.13376,-2.44652,-0.0103448
4.61997,-2.44104,-1.51208,2.65596,-2.43047,-1.50644,2.65339,-2.55035,-1.57979,2,-2.70324,-1.48713,2.04344,1.20966,-1.95283,-1.46196e-18,1.138,-1.9147,0.0164904,1.26383,-2.04028,0,1.1726,-2.44717,-0.0158315
4.62997,-2.4286,-1.53197,2.65596,-2.41902,-1.52553,2.65356,-2.53735,-1.60057,2,-2.69132,-1.5116,2.04325,1.22558,-1.94288,0,1.15183,-1.90438,0.0178451,1.28046,-2.02988,0,1.21134,-2.44699,-0.0210886
4.64027,-2.41586,-1.55199,2.65596,-2.40743,-1.54453,2.65375,-2.52404,-1.62148,2,-2.67901,-1.53607,2.04302,1.24159,-1.93269,2.92392e-18,1.16568,-1.89415,0.0190383,1.29719,-2.01923,0,1.24998,-2.44602,-0.0260923
4.64995,-2.40394,-1.57039,2.65596,-2.3957,-1.56342,2.65394,-2.51159,-1.64071,2,-2.66632,-1.56052,2.04273,1.25631,-1.92315,0,1.17975,-1.88419,0.0200227,1.31257,-2.00927,0,1.2887,-2.44444,-0.0308675
4.65997,-2.39139,-1.58943,2.65596,-2.38383,-1.58221,2.65415,-2.49848,-1.66061,2,-2.65324,-1.58496,2.0424,1.27155,-1.91311,1.46196e-18,1.19394,-1.87424,0.0208075,1.32849,-1.99878,0,1.32733,-2.44196,-0.0353831
4.66998,-2.37854,-1.60861,2.65596,-2.37182,-1.6009,2.65436,-2.48505,-1.68064,2,-2.63977,-1.60936,2.04203,1.28689,-1.90283,1.46196e-18,1.20809,-1.86431,0.0214414,1.34451,-1.98804,0,1.36569,-2.43859,-0.0395874
4.67987,-2.36566,-1.62748,2.65596,-2.35967,-1.6195,2.65457,-2.47159,-1.70036,2,-2.62592,-1.63372,2.04161,1.30199,-1.89253,0,1.22229,-1.85447,0.0219081,1.36029,-1.97727,0,1.40385,-2.4344,-0.0434932
4.69,-2.35244,-1.64653,2.65596,-2.34738,-1.63799,2.6548,-2.45778,-1.72026,2,-2.6117,-1.65804,2.04116,1.31723,-1.88195,0,1.23653,-1.84464,0.0222181,1.37621,-1.96623,0,1.44176,-2.4293,-0.0470761
4.70003,-2.33905,-1.6655,2.65596,-2.33494,-1.65639,2.65502,-2.44379,-1.74008,2,-2.59709,-1.68231,2.04067,1.3324,-1.87124,1.46196e-18,1.2508,-1.83489,0.0223743,1.39207,-1.95503,0,1.47936,-2.42335,-0.0503288
4.70998,-2.32594,-1.68376,2.65596,-2.32236,-1.67469,2.65524,-2.4301,-1.75916,2,-2.58211,-1.70651,2.04015,1.34701,-1.86075,1.46196e-18,1.26511,-1.82516,0.0223759,1.40733,-1.94408,0,1.51664,-2.41648,-0.0532502
4.72,-2.31225,-1.70251,2.65596,-2.30964,-1.69289,2.65547,-2.41579,-1.77875,2,-2.56676,-1.73063,2.03961,1.36201,-1.8498,0,1.27939,-1.8154,0.0222528,1.423,-1.93264,0,1.55346,-2.40866,-0.0558089
4.72989,-2.29858,-1.72092,2.65596,-2.29677,-1.711,2.65569,-2.40151,-1.79798,2,-2.55104,-1.75468,2.03904,1.37673,-1.83887,1.46196e-18,1.29372,-1.80565,0.0220013,1.43838,-1.92121,0,1.58987,-2.39991,-0.0580161
4.73992,-2.28476,-1.73923,2.65596,-2.28376,-1.729,2.65591,-2.38707,-1.81711,2,-2.53496,-1.77863,2.03845,1.39138,-1.82781,-1.46196e-18,1.30806,-1.79594,0.0216405,1.45369,-1.90966,0,1.6258,-2.39026,-0.0598578
4.74991,-2.27068,-1.75757,2.65596,-2.27061,-1.74692,2.65612,-2.37236,-1.83627,2,-2.51853,-1.80248,2.03784,1.40606,-1.81655,0,1.32252,-1.78629,0.0211376,1.46902,-1.89789,0,1.6613,-2.37975,-0.0613733
4.76,-2.25645,-1.7758,2.65596,-2.25731,-1.76473,2.65633,-2.35749,-1.85532,2,-2.50174,-1.82622,2.03722,1.42064,-1.80516,-1.46196e-18,1.33698,-1.77655,0.0205235,1.48426,-1.88599,0,1.69623,-2.36821,-0.0625453
4.76988,-2.24229,-1.79365,2.65596,-2.24387,-1.78245,2.65653,-2.3427,-1.87397,2,-2.4846,-1.84984,2.03659,1.43492,-1.79384,0,1.35157,-1.76688,0.0197823,1.49917,-1.87416,0,1.73068,-2.35583,-0.0634053
4.77989,-2.22812,-1.81123,2.65596,-2.23028,-1.80007,2.65672,-2.32789,-1.89233,2,-2.46713,-1.87333,2.03595,1.44898,-1.78249,0,1.36632,-1.75725,0.0189154,1.51387,-1.86231,0,1.76462,-2.34257,-0.0639672
4.78996,-2.21334,-1.82926,2.65596,-2.21655,-1.81759,2.65691,-2.31245,-1.91117,2,-2.44931,-1.89669,2.03531,1.4634,-1.77067,-1.46196e-18,1.38109,-1.74759,0.0179678,1.52894,-1.84996,0,1.79789,-2.32837,-0.0642065
4.79992,-2.19838,-1.84721,2.65596,-2.20266,-1.83502,2.65708,-2.29682,-1.92993,2,-2.43117,-1.9199,2.03467,1.47777,-1.7587,0,1.39591,-1.73792,0.016942,1.54394,-1.83746,0,1.8305,-2.31328,-0.0641476
4.80997,-2.18354,-1.86473,2.65596,-2.18863,-1.85235,2.65725,-2.28131,-1.94823,2,-2.41271,-1.94295,2.03403,1.49179,-1.74683,1.46196e-18,1.41077,-1.72811,0.0158246,1.55859,-1.82505,0,1.86239,-2.29719,-0.0638256
4.81989,-2.16882,-1.88182,2.65596,-2.17445,-1.86958,2.6574,-2.26594,-1.96609,2,-2.39393,-1.96584,2.03339,1.50546,-1.73506,0,1.42564,-1.71828,0.0146463,1.57287,-1.81275,0,1.8935,-2.28021,-0.0632308
4.82998,-2.15371,-1.8991,2.65596,-2.16011,-1.88671,2.65754,-2.25015,-1.98414,2,-2.37484,-1.98855,2.03277,1.51928,-1.72297,0,1.44062,-1.70833,0.0133891,1.58731,-1.80012,0,1.9239,-2.26227,-0.0624114
4.84,-2.13802,-1.91675,2.65596,-2.14563,-1.90375,2.65767,-2.23376,-2.00258,2,-2.35545,-2.01108,2.03215,1.5334,-1.71042,0,1.45572,-1.69832,0.0120564,1.60206,-1.78701,0,1.95356,-2.24346,-0.0613937
4.84999,-2.12283,-1.93356,2.65596,-2.131,-1.92068,2.65778,-2.21789,-2.02014,2,-2.33577,-2.03342,2.03154,1.54684,-1.69826,1.46196e-18,1.47078,-1.68828,0.0106883,1.61611,-1.77431,0,1.98232,-2.22381,-0.0601659
4.85987,-2.10747,-1.95029,2.65596,-2.11622,-1.93751,2.65788,-2.20184,-2.03762,2,-2.31581,-2.05556,2.03094,1.56023,-1.68598,-1.46196e-18,1.48586,-1.67829,0.00930038,1.6301,-1.76147,0,2.01019,-2.20345,-0.0587423
4.86996,-2.09168,-1.96722,2.65596,-2.10128,-1.95425,2.65797,-2.18534,-2.05531,2,-2.29557,-2.07749,2.03036,1.57377,-1.67334,1.46196e-18,1.50098,-1.66829,0.00788166,1.64425,-1.74827,0,2.03717,-2.18233,-0.0571663
4.8799,-2.07593,-1.98383,2.65596,-2.0862,-1.97088,2.65804,-2.16889,-2.07266,2,-2.27507,-2.0992,2.0298,1.58706,-1.66074,0,1.51625,-1.65825,0.00641613,1.65813,-1.73511,0,2.06337,-2.16047,-0.0554859
4.88997,-2.05989,-2.00048,2.65596,-2.07096,-1.98741,2.65809,-2.15213,-2.09006,2,-2.2543,-2.12069,2.02925,1.60038,-1.64791,-1.46196e-18,1.53163,-1.64816,0.00493752,1.67205,-1.7217,0,2.08873,-2.13788,-0.0536967
4.9,-2.0439,-2.01681,2.65596,-2.05556,-2.00384,2.65814,-2.13543,-2.10712,2,-2.23329,-2.14196,2.02873,1.61345,-1.63512,0,1.54695,-1.63792,0.00348402,1.6857,-1.70834,0,2.11305,-2.1145,-0.0517926
4.90997,-2.0278,-2.033,2.65596,-2.04002,-2.02017,2.65816,-2.1186,-2.12404,2,-2.21205,-2.16298,2.02822,1.6264,-1.62224,-1.46196e-18,1.56226,-1.62748,0.00205317,1.69923,-1.69488,0,2.13639,-2.0903,-0.0498098
4.91994,-2.01112,-2.0495,2.65596,-2.02432,-2.03639,2.65818,-2.10117,-2.14128,2,-2.19057,-2.18376,2.02773,1.6396,-1.60889,1.46196e-18,1.57747,-1.6169,0.000667954,1.71302,-1.68094,0,2.15864,-2.06539,-0.0477546
4.92995,-1.99512,-2.06508,2.65596,-2.00847,-2.05251,2.65818,-2.08446,-2.15755,2,-2.16888,-2.20429,2.02726,1.65206,-1.5961,1.46196e-18,1.59261,-1.6062,-0.000680168,1.72604,-1.66757,0,2.17983,-2.03982,-0.0456643
4.93999,-1.97847,-2.08103,2.65596,-1.99247,-2.06852,2.65816,-2.06706,-2.17422,2,-2.14698,-2.22455,2.02682,1.66483,-1.58278,0,1.60779,-1.59539,-0.00200641,1.73938,-1.65365,0,2.20005,-2.01364,-0.0435808
4.95013,-1.96136,-2.09717,2.65596,-1.97631,-2.08441,2.65814,-2.04919,-2.19108,2,-2.12488,-2.24456,2.02639,1.67773,-1.56909,0,1.62302,-1.58434,-0.00332432,1.75286,-1.63935,0,2.21931,-1.98675,-0.0415462
4.95996,-1.94471,-2.11261,2.65596,-1.96001,-2.1002,2.6581,-2.0318,-2.20722,2,-2.1026,-2.26429,2.02599,1.69009,-1.55577,0,1.63818,-1.57306,-0.00459397,1.76577,-1.62544,0,2.23749,-1.9592,-0.0395477
4.96997,-1.92776,-2.1281,2.65596,-1.94355,-2.11588,2.65805,-2.01408,-2.22339,2,-2.08013,-2.28374,2.0256,1.70248,-1.54221,0,1.65335,-1.56165,-0.00581088,1.77871,-1.61126,0,2.25467,-1.93112,-0.0376066
4.97996,-1.91082,-2.14332,2.65596,-1.92694,-2.13143,2.65798,-1.99638,-2.2393,2,-2.05751,-2.30291,2.02523,1.71466,-1.52865,0,1.66847,-1.55008,-0.00695769,1.79144,-1.59711,0,2.27079,-1.90253,-0.0357312
4.98994,-1.89363,-2.15852,2.65596,-1.91018,-2.14688,2.65791,-1.97842,-2.25518,2,-2.03472,-2.32179,2.02489,1.72682,-1.5149,1.46196e-18,1.68365,-1.53843,-0.00804483,1.80414,-1.58274,0,2.28596,-1.87352,-0.0339549
4.99996,-1.87609,-2.17378,2.65596,-1.89327,-2.1622,2.65782,-1.9601,-2.27112,2,-2.01179,-2.34038,2.02456,1.73903,-1.50087,1.46196e-18,1.69889,-1.52666,-0.00905878,1.8169,-1.56808,0,2.30021,-1.84411,-0.0322853
5.00998,-1.85894,-2.18847,2.65596,-1.8762,-2.17741,2.65773,-1.94218,-2.28647,2,-1.98872,-2.35867,2.02424,1.75078,-1.48715,1.46196e-18,1.71399,-1.51471,-0.00998574,1.82917,-1.55374,0,2.31334,-1.81427,-0.0307294
5.01997,-1.84121,-2.2034,2.65596,-1.85899,-2.1925,2.65762,-1.92366,-2.30207,2,-1.96553,-2.37666,2.02394,1.76272,-1.47297,0,1.72905,-1.50265,-0.0108228,1.84166,-1.53893,0,2.32548,-1.7841,-0.0293021
5.02995,-1.82369,-2.21793,2.65596,-1.84162,-2.20746,2.65751,-1.90535,-2.31725,2,-1.94221,-2.39435,2.02365,1.77434,-1.45895,0,1.74408,-1.49033,-0.0115926,1.8538,-1.52428,0,2.33663,-1.75349,-0.0280411
5.0399,-1.80397,-2.234,2.65596,-1.82411,-2.2223,2.65739,-1.88475,-2.33403,2,-1.9188,-2.41173,2.02338,1.7872,-1.44318,1.46196e-18,1.75894,-1.47778,-0.0122867,1.86723,-1.5078,0,2.34671,-1.72251,-0.026951
5.04999,-1.78758,-2.24714,2.65596,-1.80644,-2.23702,2.65726,-1.86762,-2.34776,2,-1.89528,-2.4288,2.02311,1.79771,-1.43006,1.46196e-18,1.77368,-1.46508,-0.0129029,1.87821,-1.4941,0,2.35574,-1.69127,-0.0260399
5.05998,-1.76979,-2.26117,2.65596,-1.78863,-2.2516,2.65713,-1.84904,-2.36243,2,-1.87169,-2.44555,2.02286,1.80894,-1.41583,0,1.78827,-1.45213,-0.0134492,1.88994,-1.47923,0,2.36372,-1.65971,-0.0253231
5.06996,-1.75168,-2.27523,2.65596,-1.77068,-2.26606,2.65699,-1.83012,-2.37711,2,-1.84801,-2.46199,2.02261,1.82018,-1.40134,-1.46196e-18,1.80278,-1.43894,-0.0139204,1.90169,-1.46409,0,2.37072,-1.62786,-0.0248057
5.08001,-1.73336,-2.28921,2.65596,-1.75258,-2.28038,2.65685,-1.81098,-2.39172,2,-1.82427,-2.47811,2.02236,1.83137,-1.38669,0,1.81727,-1.42551,-0.0142991,1.91338,-1.44879,0,2.37687,-1.59576,-0.024476
5.08996,-1.71499,-2.30301,2.65596,-1.73433,-2.29457,2.65671,-1.79179,-2.40614,2,-1.80048,-2.49391,2.02212,1.84241,-1.37199,1.46196e-18,1.83174,-1.41193,-0.0145801,1.92491,-1.43343,0,2.38217,-1.56354,-0.0243302
5.09991,-1.69669,-2.31652,2.65596,-1.71594,-2.30862,2.65656,-1.77267,-2.42026,2,-1.77663,-2.50938,2.02187,1.85322,-1.35736,0,1.84624,-1.39824,-0.0147685,1.9362,-1.41814,0,2.38669,-1.53125,-0.0243762
5.10999,-1.6778,-2.33025,2.65596,-1.69741,-2.32253,2.65641,-1.75293,-2.43459,2,-1.75275,-2.52453,2.02163,1.8642,-1.34224,0,1.86067,-1.38443,-0.0148876,1.94767,-1.40234,0,2.39038,-1.49891,-0.0246378
5.11996,-1.65938,-2.34339,2.65596,-1.67873,-2.33631,2.65626,-1.73369,-2.44833,2,-1.72883,-2.53936,2.02138,1.87472,-1.32751,0,1.8749,-1.37036,-0.0149367,1.95866,-1.38695,0,2.39313,-1.46641,-0.0251112
5.12995,-1.64062,-2.35657,2.65596,-1.65991,-2.34994,2.65612,-1.71409,-2.46209,2,-1.70489,-2.55386,2.02113,1.88525,-1.3125,0,1.88907,-1.35608,-0.0149199,1.96967,-1.37127,0,2.39512,-1.43383,-0.0257952
5.13989,-1.62177,-2.36958,2.65596,-1.64095,-2.36343,2.65597,-1.69439,-2.47569,2,-1.68093,-2.56803,2.02086,1.89566,-1.29742,1.46196e-18,1.9031,-1.3416,-0.0148337,1.98055,-1.35552,0,2.3963,-1.4012,-0.0266782
5.15002,-1.60273,-2.3825,2.65596,-1.62185,-2.37677,2.65582,-1.6745,-2.48919,2,-1.65696,-2.58188,2.02059,1.906,-1.28218,0,1.91714,-1.327,-0.0146863,1.99135,-1.3396,0,2.39686,-1.36864,-0.0277592
5.15998,-1.58349,-2.39533,2.65596,-1.60261,-2.38997,2.65567,-1.6544,-2.50259,2,-1.63299,-2.59541,2.02031,1.91627,-1.26679,1.46196e-18,1.93112,-1.3123,-0.014459,2.00207,-1.32352,0,2.39675,-1.33617,-0.0290092
5.17,-1.56433,-2.40789,2.65596,-1.58323,-2.40302,2.65553,-1.63438,-2.51571,2,-1.60903,-2.60861,2.02001,1.92631,-1.25146,-1.46196e-18,1.94492,-1.29743,-0.0141681,2.01257,-1.3075,0,2.39589,-1.30375,-0.0304316
5.17991,-1.54512,-2.42026,2.65596,-1.56371,-2.41591,2.65539,-1.61431,-2.52863,2,-1.58508,-2.62148,2.0197,1.93621,-1.2361,-1.46196e-18,1.95848,-1.28231,-0.0138132,2.02291,-1.29145,0,2.39426,-1.27134,-0.0320115
5.18998,-1.52566,-2.43257,2.65596,-1.54406,-2.42866,2.65525,-1.59398,-2.5415,2,-1.56115,-2.63403,2.01937,1.94606,-1.22053,1.46196e-18,1.97187,-1.267,-0.0134062,2.0332,-1.27519,0,2.39197,-1.23898,-0.0337442
5.19991,-1.50599,-2.4448,2.65596,-1.52427,-2.44125,2.65512,-1.57342,-2.55428,2,-1.53724,-2.64626,2.01902,1.95584,-1.20479,1.46196e-18,1.985,-1.25152,-0.0129567,2.04342,-1.25874,0,2.38895,-1.20675,-0.0356204
5.20995,-1.48628,-2.45683,2.65596,-1.50436,-2.45369,2.65499,-1.55284,-2.56685,2,-1.51337,-2.65817,2.01866,1.96546,-1.18903,1.46196e-18,1.99793,-1.23586,-0.0124794,2.05348,-1.24227,0,2.38531,-1.17465,-0.0376365
5.21996,-1.46687,-2.46847,2.65596,-1.48431,-2.46597,2.65487,-1.53255,-2.57901,2,-1.48954,-2.66976,2.01827,1.97478,-1.17349,0,2.01075,-1.22011,-0.0119648,2.06321,-1.22604,0,2.38115,-1.14276,-0.0397638
5.22998,-1.44703,-2.48015,2.65596,-1.46414,-2.47809,2.65476,-1.51182,-2.59121,2,-1.46575,-2.68103,2.01786,1.98412,-1.15762,1.46196e-18,2.0233,-1.20426,-0.011405,2.07297,-1.20946,0,2.37636,-1.11111,-0.0419727
5.23995,-1.42729,-2.49156,2.65596,-1.44385,-2.49006,2.65464,-1.4912,-2.60314,2,-1.44201,-2.69198,2.01743,1.99325,-1.14183,0,2.03568,-1.18832,-0.0107813,2.08251,-1.19296,0,2.37107,-1.07973,-0.0442235
5.24985,-1.40728,-2.50292,2.65596,-1.42343,-2.50186,2.65454,-1.47029,-2.615,2,-1.41833,-2.70262,2.01698,2.00234,-1.12582,0,2.04775,-1.17215,-0.0101389,2.092,-1.17624,0,2.36518,-1.0485,-0.0465377
5.25991,-1.38733,-2.51403,2.65596,-1.4029,-2.5135,2.65444,-1.44945,-2.62661,2,-1.39471,-2.71295,2.0165,2.01123,-1.10986,0,2.05947,-1.15579,-0.0095057,2.10129,-1.15956,0,2.3587,-1.01744,-0.0489188
5.26996,-1.36705,-2.52512,2.65596,-1.38224,-2.52497,2.65435,-1.42827,-2.63819,2,-1.37116,-2.72297,2.016,2.02009,-1.09364,0,2.07097,-1.13927,-0.00888205,2.11055,-1.14261,0,2.35179,-0.986642,-0.0513447
5.27985,-1.34658,-2.53609,2.65596,-1.36148,-2.53628,2.65426,-1.40688,-2.64966,2,-1.34768,-2.73268,2.01547,2.02888,-1.07726,1.46196e-18,2.08216,-1.12261,-0.00824794,2.11973,-1.1255,0,2.34437,-0.95612,-0.0537725
5.28995,-1.32632,-2.54675,2.65596,-1.3406,-2.54743,2.65419,-1.38571,-2.66079,2,-1.32427,-2.74209,2.01492,2.0374,-1.06106,-1.46196e-18,2.09314,-1.10589,-0.00758078,2.12863,-1.10857,0,2.33658,-0.925949,-0.0561565
5.29986,-1.30616,-2.55715,2.65596,-1.31961,-2.5584,2.65411,-1.36465,-2.67166,2,-1.30095,-2.7512,2.01435,2.04572,-1.04492,-1.46196e-18,2.10398,-1.08906,-0.00689216,2.13732,-1.09172,0,2.32852,-0.896114,-0.058486
5.30995,-1.28562,-2.56754,2.65596,-1.29852,-2.56921,2.65405,-1.34318,-2.68251,2,-1.2777,-2.76002,2.01375,2.05403,-1.02849,1.46196e-18,2.11464,-1.07215,-0.00621159,2.14601,-1.07455,0,2.3202,-0.866655,-0.0607666
5.31991,-1.26472,-2.57789,2.65596,-1.27732,-2.57984,2.65399,-1.32136,-2.69333,2,-1.25454,-2.76854,2.01313,2.06231,-1.01178,1.46196e-18,2.12507,-1.05514,-0.00555878,2.15466,-1.05709,0,2.31158,-0.837553,-0.0629954
5.33,-1.24378,-2.58806,2.65596,-1.25602,-2.59031,2.65394,-1.29948,-2.70395,2,-1.23147,-2.77677,2.01249,2.07045,-0.995026,-1.46196e-18,2.13526,-1.03801,-0.00492019,2.16316,-1.03958,0,2.30271,-0.808813,-0.0651379
5.34189,-1.21909,-2.59978,2.65596,-1.24533,-2.59548,2.65391,-1.27368,-2.7162,2,-1.21997,-2.78078,2.01217,2.07982,-0.975276,0,2.1403,-1.02944,-0.00459815,2.17296,-1.01895,0,2.29821,-0.794613,-0.066162
5.34993,-1.20242,-2.60754,2.65596,-1.23891,-2.59856,2.6539,-1.25626,-2.7243,2,-1.21308,-2.78315,2.01197,2.08603,-0.961933,-1.46196e-18,2.14328,-1.02429,-0.00440677,2.17944,-1.00501,0,2.29547,-0.786146,-0.0667625
5.36082,-1.17979,-2.61785,2.65596,-1.21958,-2.60771,2.65386,-1.23262,-2.73508,2,-1.19246,-2.79011,2.01135,2.09428,-0.94383,0,2.15202,-1.00891,-0.00487461,2.18806,-0.986094,0,2.28724,-0.761188,-0.0694924
5.37078,-1.15895,-2.62715,2.65596,-1.20449,-2.61473,2.65382,-1.21084,-2.74479,2,-1.17647,-2.79537,2.01086,2.10172,-0.927157,1.46196e-18,2.1588,-0.996966,-0.00560148,2.19583,-0.968674,0,2.28073,-0.742121,-0.0718884
5.37997,-1.13953,-2.63562,2.65596,-1.18719,-2.62265,2.65377,-1.19056,-2.75365,2,-1.15825,-2.80122,2.01027,2.1085,-0.911627,0,2.16672,-0.983272,-0.0062662,2.20292,-0.952449,0,2.27315,-0.720562,-0.074384
5.38993,-1.11816,-2.64476,2.65596,-1.16765,-2.63143,2.65371,-1.16823,-2.76319,2,-1.13783,-2.8076,2.00959,2.11581,-0.89453,-1.46196e-18,2.17593,-0.967757,-0.00675203,2.21055,-0.934586,0,2.26458,-0.696552,-0.0768251
5.39998,-1.09722,-2.65352,2.65596,-1.15239,-2.63816,2.65367,-1.14635,-2.77234,2,-1.122,-2.81241,2.00905,2.12281,-0.877775,0,2.18328,-0.95552,-0.00695043,2.21787,-0.917081,0,2.25787,-0.677974,-0.07846
5.41018,-1.07546,-2.66241,2.65596,-1.14583,-2.64102,2.65365,-1.12362,-2.78163,2,-1.11298,-2.8151,2.00873,2.12993,-0.86037,0,2.1865,-0.950269,-0.00698448,2.22531,-0.898897,0,2.25404,-0.667458,-0.0792842
5.42199,-1.05019,-2.67248,2.65596,-1.11952,-2.6523,2.65356,-1.09722,-2.79215,2,-1.08824,-2.82229,2.00785,2.13798,-0.840153,1.46196e-18,2.19946,-0.929202,-0.00691841,2.23372,-0.877774,0,2.24334,-0.638923,-0.0812128
5.42996,-1.03343,-2.67901,2.65596,-1.09968,-2.66059,2.6535,-1.0797,-2.79897,2,-1.06809,-2.82793,2.00711,2.14321,-0.826741,-1.46196e-18,2.20937,-0.913359,-0.00749571,2.23918,-0.863762,0,2.2346,-0.616092,-0.0832238
5.44003,-1.01151,-2.68736,2.65596,-1.07753,-2.66963,2.65342,-1.05681,-2.8077,2,-1.0458,-2.83397,2.00627,2.14989,-0.809211,7.3098e-19,2.22077,-0.895705,-0.00850479,2.24616,-0.845447,0,2.22497,-0.591252,-0.0856115
5.45003,-0.990122,-2.69531,2.65596,-1.05526,-2.6785,2.65333,-1.03446,-2.81601,2,-1.02359,-2.83976,2.0054,2.15625,-0.792098,7.3098e-19,2.2325,-0.877948,-0.00919805,2.25281,-0.827567,0,2.21537,-0.566881,-0.087455
5.46003,-0.968122,-2.70329,2.65596,-1.03288,-2.68719,2.65324,-1.01147,-2.82434,2,-1.00149,-2.84531,2.00452,2.16263,-0.774497,-7.3098e-19,2.2445,-0.859971,-0.00959286,2.25948,-0.809179,0,2.20593,-0.542877,-0.0887477
5.47005,-0.946471,-2.71095,2.65596,-1.01037,-2.6957,2.65314,-0.988854,-2.83234,2,-0.979476,-2.85062,2.00363,2.16876,-0.757177,7.3098e-19,2.2566,-0.841741,-0.00973474,2.26587,-0.791083,0,2.19657,-0.519235,-0.0895134
5.48,-0.925091,-2.71832,2.65596,-0.987746,-2.70403,2.65304,-0.966516,-2.84004,2,-0.957556,-2.8557,2.00273,2.17465,-0.740073,7.3098e-19,2.26866,-0.823317,-0.00967564,2.27203,-0.773213,0,2.18727,-0.49603,-0.089786
5.49,-0.903525,-2.72556,2.65596,-0.965,-2.71217,2.65295,-0.943984,-2.84761,2,-0.93573,-2.86054,2.00183,2.18045,-0.72282,7.3098e-19,2.28049,-0.804633,-0.00949069,2.27809,-0.755187,0,2.17797,-0.473206,-0.0896252
5.50018,-0.881056,-2.73291,2.65596,-0.942137,-2.72012,2.65285,-0.920509,-2.85529,2,-0.913996,-2.86516,2.00094,2.18633,-0.704845,0,2.29215,-0.785729,-0.00920804,2.28423,-0.736407,0,2.16883,-0.450813,-0.0890467
5.51,-0.859703,-2.7397,2.65596,-0.919157,-2.72788,2.65276,-0.8982,-2.86238,2,-0.892353,-2.86956,2.00005,2.19176,-0.687763,7.3098e-19,2.30369,-0.766614,-0.00884568,2.28991,-0.71856,0,2.15998,-0.428867,-0.08806
5.52001,-0.837631,-2.74653,2.65596,-0.896064,-2.73545,2.65267,-0.87514,-2.86952,2,-0.870796,-2.87374,1.99918,2.19722,-0.670105,0,2.31491,-0.747272,-0.00849776,2.29561,-0.700112,0,2.15133,-0.40736,-0.0867539
5.53,-0.815913,-2.75306,2.65596,-0.87286,-2.74282,2.65259,-0.852449,-2.87634,2,-0.849326,-2.87771,1.99832,2.20245,-0.65273,7.3098e-19,2.32574,-0.727774,-0.00813849,2.30107,-0.681959,0,2.14287,-0.386359,-0.0851022
5.54002,-0.793438,-2.75962,2.65596,-0.84955,-2.75,2.65251,-0.828968,-2.88319,2,-0.827937,-2.88147,1.99748,2.2077,-0.634751,0,2.33634,-0.708149,-0.00777023,2.30656,-0.663174,0,2.13485,-0.36589,-0.0831096
5.55001,-0.771797,-2.76575,2.65596,-0.826135,-2.75699,2.65244,-0.806358,-2.8896,2,-0.806628,-2.88503,1.99666,2.2126,-0.617438,0,2.34643,-0.688349,-0.00742812,2.31168,-0.645086,0,2.12705,-0.345904,-0.0808165
5.56009,-0.749552,-2.77186,2.65596,-0.802623,-2.76377,2.65236,-0.783117,-2.89598,2,-0.785395,-2.88839,1.99586,2.21749,-0.599642,0,2.35608,-0.668475,-0.0071326,2.31679,-0.626494,0,2.11963,-0.326498,-0.0782524
5.56998,-0.727718,-2.77767,2.65596,-0.779015,-2.77036,2.65229,-0.760305,-2.90206,2,-0.764234,-2.89156,1.99509,2.22214,-0.582175,-7.3098e-19,2.3653,-0.648551,-0.00686665,2.32165,-0.608244,0,2.11262,-0.307691,-0.0754127
5.57994,-0.70551,-2.7834,2.65596,-0.755319,-2.77674,2.65223,-0.737102,-2.90804,2,-0.743142,-2.89454,1.99436,2.22672,-0.564408,-7.3098e-19,2.37383,-0.628507,-0.00664169,2.32643,-0.589682,0,2.10585,-0.289409,-0.0723235
5.58998,-0.682993,-2.78901,2.65596,-0.73154,-2.78293,2.65216,-0.713577,-2.9139,2,-0.722116,-2.89735,1.99365,2.23121,-0.546394,7.3098e-19,2.38183,-0.608427,-0.00643656,2.33112,-0.570861,0,2.09949,-0.271734,-0.0689816
5.6,-0.660679,-2.79438,2.65596,-0.707684,-2.78891,2.6521,-0.690264,-2.91951,2,-0.70115,-2.89998,1.99298,2.2355,-0.528543,0,2.38934,-0.588262,-0.00626108,2.33561,-0.552211,0,2.09365,-0.254608,-0.0654177
5.61002,-0.638183,-2.7996,2.65596,-0.683755,-2.79469,2.65204,-0.66676,-2.92497,2,-0.680241,-2.90244,1.99234,2.23968,-0.510546,0,2.39627,-0.568065,-0.00611241,2.33997,-0.533408,0,2.08824,-0.238085,-0.0616514
5.61997,-0.61582,-2.80461,2.65596,-0.659761,-2.80027,2.65197,-0.643396,-2.93019,2,-0.659384,-2.90474,1.99174,2.24368,-0.492656,0,2.40258,-0.547783,-0.00599215,2.34416,-0.514717,0,2.08327,-0.222097,-0.0577104
5.62998,-0.593508,-2.80941,2.65596,-0.635706,-2.80565,2.65192,-0.620085,-2.93522,2,-0.638575,-2.90689,1.99119,2.24753,-0.474806,0,2.40821,-0.527429,-0.00590099,2.34817,-0.496068,0,2.07868,-0.206648,-0.0536225
5.64,-0.570942,-2.81409,2.65596,-0.611598,-2.81082,2.65186,-0.596508,-2.9401,2,-0.617808,-2.90888,1.99067,2.25127,-0.456753,0,2.41329,-0.507079,-0.00583489,2.35208,-0.477206,0,2.07464,-0.191807,-0.0494121
5.65002,-0.548117,-2.81862,2.65596,-0.587442,-2.81579,2.6518,-0.572662,-2.94484,2,-0.59708,-2.91072,1.9902,2.2549,-0.438494,0,2.4179,-0.486661,-0.00579362,2.35587,-0.458129,0,2.07121,-0.177487,-0.0451086
5.66,-0.5254,-2.82294,2.65596,-0.563242,-2.82055,2.65174,-0.548927,-2.94935,2,-0.576382,-2.91243,1.98977,2.25835,-0.42032,7.3098e-19,2.42198,-0.466176,-0.00576934,2.35948,-0.439142,0,2.06836,-0.163681,-0.0407348
5.66998,-0.503247,-2.82698,2.65596,-0.539004,-2.82511,2.65168,-0.525782,-2.95357,2,-0.555711,-2.914,1.98939,2.26158,-0.402598,0,2.42543,-0.445605,-0.00576088,2.36285,-0.420626,0,2.06599,-0.150354,-0.0363204
5.68001,-0.480606,-2.83091,2.65596,-0.514735,-2.82946,2.65163,-0.502128,-2.95768,2,-0.535061,-2.91544,1.98904,2.26473,-0.384485,0,2.42829,-0.424972,-0.00575367,2.36614,-0.401702,0,2.06413,-0.137513,-0.0318825
5.69002,-0.457623,-2.83472,2.65596,-0.49044,-2.83361,2.65157,-0.478115,-2.96166,2,-0.514427,-2.91675,1.98875,2.26778,-0.366098,7.3098e-19,2.43058,-0.404357,-0.0057282,2.36932,-0.382492,0,2.06281,-0.125219,-0.0274331
5.70002,-0.434547,-2.83835,2.65596,-0.466125,-2.83755,2.65151,-0.454005,-2.96545,2,-0.493803,-2.91794,1.9885,2.27068,-0.347637,0,2.43233,-0.383668,-0.00569295,2.37236,-0.363204,0,2.06203,-0.113365,-0.0230107
5.71001,-0.412356,-2.84166,2.65596,-0.441796,-2.84128,2.65145,-0.430822,-2.9689,2,-0.473184,-2.91902,1.98829,2.27333,-0.329885,0,2.43351,-0.362906,-0.00565704,2.37512,-0.344657,0,2.06177,-0.101932,-0.0186537
5.72013,-0.388637,-2.845,2.65596,-0.417457,-2.84481,2.6514,-0.40604,-2.97239,2,-0.452566,-2.91998,1.98812,2.276,-0.31091,0,2.43423,-0.342078,-0.00561218,2.37792,-0.324832,0,2.06209,-0.0909135,-0.0143815
5.73001,-0.367049,-2.84786,2.65596,-0.393113,-2.84812,2.65134,-0.383485,-2.97539,2,-0.431941,-2.92084,1.988,2.27829,-0.293639,3.6549e-19,2.4345,-0.321178,-0.00555187,2.38031,-0.306788,0,2.06301,-0.0802765,-0.010215
5.73996,-0.344066,-2.85073,2.65596,-0.368768,-2.85123,2.65129,-0.359473,-2.97839,2,-0.411303,-2.92159,1.98792,2.28059,-0.275252,0,2.43446,-0.300152,-0.00547607,2.38271,-0.287578,0,2.06462,-0.0699477,-0.00617871
5.74998,-0.321288,-2.85339,2.65596,-0.344425,-2.85413,2.65123,-0.335675,-2.98116,2,-0.390646,-2.92224,1.98788,2.28271,-0.25703,3.6549e-19,2.43409,-0.279088,-0.00536833,2.38493,-0.26854,0,2.0669,-0.0599863,-0.00228038
5.75997,-0.298261,-2.85589,2.65596,-0.320087,-2.85681,2.65118,-0.311617,-2.98377,2,-0.369963,-2.92279,1.98787,2.28471,-0.238609,0,2.43331,-0.257982,-0.00521529,2.38702,-0.249294,0,2.06974,-0.0503589,0.00147036
5.76996,-0.275781,-2.85815,2.65596,-0.29576,-2.85929,2.65113,-0.28813,-2.98613,2,-0.34925,-2.92325,1.9879,2.28652,-0.220625,0,2.43207,-0.236855,-0.00503909,2.38891,-0.230504,0,2.07307,-0.0410566,0.00503187
5.78004,-0.252665,-2.86028,2.65596,-0.271447,-2.86155,2.65108,-0.26398,-2.98836,2,-0.3285,-2.92361,1.98797,2.28823,-0.202132,3.6549e-19,2.43042,-0.215805,-0.00483044,2.39069,-0.211184,0,2.07691,-0.0321551,0.00839692
5.78999,-0.229615,-2.86222,2.65596,-0.247153,-2.8636,2.65103,-0.239897,-2.99039,2,-0.30771,-2.92389,1.98807,2.28978,-0.183692,1.82745e-19,2.42834,-0.194755,-0.0045678,2.39231,-0.191918,0,2.08119,-0.0235528,0.0115727
5.79997,-0.206939,-2.86395,2.65596,-0.222881,-2.86545,2.65099,-0.216206,-2.9922,2,-0.286875,-2.92409,1.9882,2.29116,-0.165552,0,2.4259,-0.173594,-0.00425367,2.39376,-0.172965,0,2.08598,-0.0151139,0.0145451
5.80997,-0.183882,-2.86553,2.65596,-0.198636,-2.86708,2.65095,-0.192116,-2.99384,2,-0.265988,-2.9242,1.98836,2.29242,-0.147105,1.82745e-19,2.42321,-0.152423,-0.00386128,2.39507,-0.153693,0,2.09132,-0.00691719,0.0173323
5.81997,-0.160887,-2.86691,2.65596,-0.174419,-2.86849,2.65091,-0.168092,-2.99529,2,-0.245047,-2.92423,1.98855,2.29353,-0.12871,0,2.42012,-0.131347,-0.00341184,2.39623,-0.134474,0,2.09704,0.000960948,0.0199064
5.82996,-0.138404,-2.86808,2.65596,-0.150234,-2.8697,2.65088,-0.144601,-2.99651,2,-0.224047,-2.92418,1.98876,2.29447,-0.110723,1.82745e-19,2.41669,-0.110465,-0.00323434,2.39721,-0.115681,0,2.10313,0.00849503,0.0219337
5.83994,-0.115466,-2.8691,2.65596,-0.126086,-2.8707,2.65085,-0.120636,-2.99757,2,-0.202983,-2.92406,1.98899,2.29528,-0.0923725,0,2.413,-0.0896667,-0.0033543,2.39806,-0.0965089,0,2.10963,0.0158236,0.0233893
5.84993,-0.0925242,-2.86993,2.65596,-0.101976,-2.8715,2.65081,-0.0966673,-2.99844,2,-0.181853,-2.92386,1.98922,2.29594,-0.0740193,0,2.409,-0.0689738,-0.00387333,2.39875,-0.0773339,0,2.11644,0.0229594,0.0241732
5.85997,-0.0693995,-2.87058,2.65596,-0.0779061,-2.87208,2.65077,-0.0725071,-2.99912,2,-0.160653,-2.9236,1.98947,2.29646,-0.0555196,0,2.40484,-0.0483577,-0.00509207,2.3993,-0.0580057,0,2.12364,0.0300019,0.0239899
5.86999,-0.0459161,-2.87105,2.65596,-0.0538795,-2.87246,2.65071,-0.0479722,-2.99962,2,-0.139379,-2.92326,1.9897,2.29684,-0.0367328,-4.56862e-20,2.40044,-0.027906,-0.00696551,2.39969,-0.0383777,0,2.13111,0.0368881,0.0228924
5.87998,-0.0234487,-2.87132,2.65596,-0.0298975,-2.87264,2.65063,-0.0244987,-2.9999,2,-0.118029,-2.92286,1.98992,2.29706,-0.0187589,0,2.39595,-0.00753119,-0.00921139,2.39992,-0.019599,0,2.139,0.0436898,0.0211709
5.88997,-0.000496061,-2.87142,2.65596,-0.00596139,-2.87262,2.65052,-0.000518274,-3,2,-0.0965988,-2.92239,1.99012,2.29714,-0.000396849,0,2.39122,0.0127609,-0.0116456,2.4,-0.000414619,0,2.14712,0.0504071,0.0190193
5.89997,0.0224747,-2.87133,2.65596,0.0179264,-2.87239,2.65039,0.0234811,-2.99991,2,-0.0750858,-2.92185,1.9903,2.29707,0.0179797,0,2.38634,0.0329496,-0.0142574,2.39993,0.0187849,0,2.15554,0.0570466,0.0164593
5.91005,0.0457394,-2.87106,2.65596,0.0417649,-2.87196,2.65024,0.0477876,-2.99962,2,-0.0534871,-2.92125,1.99045,2.29684,0.0365916,0,2.38131,0.0530336,-0.0170132,2.3997,0.0382301,0,2.16421,0.0636352,0.013536
5.91995,0.0682244,-2.87061,2.65596,0.0655518,-2.87133,2.65005,0.0712795,-2.99915,2,-0.031801,-2.92058,1.99057,2.29649,0.0545795,0,2.37603,0.0729332,-0.0199545,2.39932,0.0570236,0,2.17303,0.070126,0.0102227
5.92995,0.0912293,-2.86997,2.65596,0.0892853,-2.8705,2.64984,0.0953145,-2.99849,2,-0.0100256,-2.91985,1.99065,2.29598,0.0729835,9.13725e-20,2.37064,0.0926824,-0.0230565,2.39879,0.0762516,0,2.18207,0.0765669,0.00655964
5.94027,0.115295,-2.8691,2.65596,0.112964,-2.86947,2.64959,0.120458,-2.99758,2,0.0118411,-2.91905,1.9907,2.29528,0.0922359,-9.13725e-20,2.36513,0.112255,-0.02607,2.39806,0.0963661,0,2.19134,0.0829243,0.00280978
5.94998,0.137391,-2.86813,2.65596,0.136587,-2.86825,2.64932,0.143543,-2.99656,2,0.0338019,-2.91819,1.99071,2.2945,0.109913,0,2.35949,0.131816,-0.0285208,2.39725,0.114834,0,2.20085,0.0893178,-0.000541016
5.96002,0.160509,-2.86693,2.65596,0.160154,-2.86684,2.64902,0.167697,-2.99531,2,0.0558592,-2.91726,1.99069,2.29354,0.128407,-1.82745e-19,2.35383,0.151428,-0.0307323,2.39625,0.134158,0,2.21064,0.095869,-0.00379212
5.97003,0.183659,-2.86554,2.65596,0.183664,-2.86522,2.64871,0.191884,-2.99386,2,0.0780158,-2.91627,1.99064,2.29243,0.146928,1.82745e-19,2.34812,0.171,-0.0324419,2.39509,0.153507,0,2.22071,0.102474,-0.00667092
5.97998,0.206331,-2.864,2.65596,0.20243,-2.86379,2.64844,0.215571,-2.99224,2,0.0958143,-2.91543,1.99058,2.2912,0.165065,0,2.34353,0.186589,-0.0334662,2.3938,0.172457,0,2.22895,0.107781,-0.00871208
5.99001,0.229437,-2.86224,2.65596,0.230512,-2.86141,2.64803,0.239711,-2.99041,2,0.122638,-2.91409,1.99046,2.28979,0.18355,0,2.33673,0.209995,-0.0341569,2.39233,0.191769,0,2.24178,0.115905,-0.0110446
6.00008,0.252584,-2.86029,2.65596,0.253851,-2.85922,2.64769,0.263895,-2.98837,2,0.14511,-2.91289,1.99034,2.28823,0.202068,3.6549e-19,2.33099,0.229475,-0.0343003,2.3907,0.211116,0,2.25262,0.12283,-0.0126274
6.00999,0.275209,-2.8582,2.65596,0.277132,-2.85683,2.64735,0.287532,-2.98619,2,0.167691,-2.91163,1.99021,2.28656,0.220167,0,2.32521,0.248962,-0.0340407,2.38895,0.230026,0,2.26359,0.12996,-0.0138528
6.02,0.298201,-2.85589,2.65596,0.295715,-2.85477,2.64708,0.311554,-2.98378,2,0.185836,-2.91057,1.99009,2.28471,0.238561,0,2.32067,0.264465,-0.0336215,2.38702,0.249243,0,2.27258,0.135763,-0.0146481
6.02998,0.320728,-2.85345,2.65596,0.323523,-2.85146,2.64668,0.33509,-2.98123,2,0.213189,-2.90888,1.98991,2.28276,0.256582,3.6549e-19,2.31397,0.287653,-0.0326965,2.38498,0.268072,0,2.28636,0.144738,-0.0155637
6.03991,0.343396,-2.85081,2.65596,0.337397,-2.8497,2.64649,0.358773,-2.97847,2,0.226928,-2.908,1.98982,2.28065,0.274717,-3.6549e-19,2.31065,0.299235,-0.0323011,2.38278,0.287018,0,2.29331,0.149382,-0.0160779
6.05001,0.366865,-2.84789,2.65596,0.36739,-2.84564,2.64607,0.383293,-2.97541,2,0.25684,-2.90599,1.9896,2.27831,0.293492,0,2.30377,0.324316,-0.0317369,2.38033,0.306634,0,2.3086,0.159865,-0.0174328
6.05999,0.390341,-2.84476,2.65596,0.388103,-2.84265,2.64579,0.40782,-2.97215,2,0.277665,-2.90452,1.98944,2.27581,0.312273,0,2.29904,0.341657,-0.0314728,2.37772,0.326256,0,2.31918,0.167443,-0.0184388
6.06998,0.411924,-2.84172,2.65596,0.411067,-2.83913,2.64547,0.43037,-2.96897,2,0.300916,-2.9028,1.98925,2.27338,0.329539,3.6549e-19,2.2938,0.360868,-0.0308451,2.37518,0.344296,0,2.33094,0.176114,-0.0191551
6.07995,0.434592,-2.83834,2.65596,0.433978,-2.83543,2.64517,0.454053,-2.96544,2,0.324283,-2.901,1.98906,2.27067,0.347674,-3.6549e-19,2.28832,0.379943,-0.0299789,2.37235,0.363243,0,2.34247,0.185039,-0.0195558
6.08997,0.457946,-2.83467,2.65596,0.456833,-2.83154,2.64488,0.478452,-2.9616,2,0.347765,-2.8991,1.98886,2.26773,0.366356,0,2.2828,0.398914,-0.0288508,2.36928,0.382762,0,2.35397,0.194265,-0.0196071
6.10006,0.480051,-2.83101,2.65596,0.479634,-2.82745,2.64459,0.501547,-2.95778,2,0.371363,-2.89711,1.98866,2.26481,0.384041,3.6549e-19,2.27736,0.417823,-0.0274254,2.36622,0.401238,0,2.36554,0.203847,-0.019257
6.11009,0.503012,-2.82702,2.65596,0.495562,-2.82448,2.64441,0.525536,-2.95361,2,0.38795,-2.89566,1.98853,2.26161,0.402409,0,2.27351,0.430985,-0.0263084,2.36289,0.420429,0,2.37354,0.210738,-0.0188192
6.1199,0.525241,-2.82297,2.65596,0.51827,-2.82008,2.64415,0.548761,-2.94938,2,0.418901,-2.89283,1.98829,2.25838,0.420193,-7.3098e-19,2.26799,0.449618,-0.0249099,2.35951,0.439009,0,2.38815,0.223911,-0.0181611
6.13004,0.547832,-2.81868,2.65596,0.547707,-2.81408,2.64384,0.572364,-2.94489,2,0.442839,-2.89054,1.98811,2.25494,0.438266,7.3098e-19,2.2609,0.473717,-0.0234807,2.35592,0.457891,0,2.39923,0.234501,-0.0177081
6.14002,0.57041,-2.81419,2.65596,0.57029,-2.80925,2.64361,0.595953,-2.94021,2,0.466886,-2.88814,1.98794,2.25135,0.456328,0,2.25566,0.492205,-0.0226527,2.35217,0.476762,0,2.41021,0.245493,-0.0173412
6.14996,0.592777,-2.80957,2.65596,0.59282,-2.80423,2.64338,0.619321,-2.93538,2,0.491042,-2.88563,1.98777,2.24765,0.474221,0,2.25044,0.510577,-0.0217538,2.3483,0.495457,0,2.42103,0.256885,-0.016739
6.15998,0.615406,-2.8047,2.65596,0.615299,-2.79904,2.64317,0.642964,-2.93029,2,0.508016,-2.8838,1.98765,2.24376,0.492325,0,2.24518,0.528857,-0.0207518,2.34423,0.514371,0,2.42849,0.265134,-0.0161769
6.17002,0.637543,-2.79975,2.65596,0.637724,-2.79366,2.64297,0.666092,-2.92512,2,0.539675,-2.88026,1.98745,2.2398,0.510034,0,2.23996,0.547031,-0.0195284,2.3401,0.532873,0,2.44218,0.28104,-0.0146356
6.18001,0.659828,-2.79458,2.65596,0.660098,-2.7881,2.64278,0.689375,-2.91972,2,0.564149,-2.87738,1.98731,2.23566,0.527863,0,2.23473,0.564964,-0.0181784,2.33578,0.5515,0,2.45248,0.293656,-0.0130964
6.19,0.682208,-2.7892,2.65596,0.682419,-2.78236,2.64261,0.712757,-2.9141,2,0.588724,-2.87438,1.98719,2.23136,0.545767,0,2.22952,0.582691,-0.0167619,2.33128,0.570206,0,2.46258,0.306645,-0.0113213
6.19996,0.704449,-2.78367,2.65596,0.704688,-2.77644,2.64245,0.735994,-2.90832,2,0.605986,-2.8722,1.98712,2.22693,0.563559,7.3098e-19,2.22432,0.600267,-0.0152867,2.32665,0.588795,0,2.46952,0.316006,-0.0099465
6.20998,0.726869,-2.7779,2.65596,0.726905,-2.77035,2.6423,0.759417,-2.90229,2,0.638172,-2.86798,1.987,2.22232,0.581495,7.3098e-19,2.21902,0.617639,-0.013749,2.32183,0.607534,0,2.48198,0.333893,-0.00708413
6.22014,0.749441,-2.77189,2.65596,0.749068,-2.76409,2.64217,0.783001,-2.89602,2,0.663038,-2.86457,1.98695,2.21751,0.599553,7.3098e-19,2.21356,0.634893,-0.0121971,2.31681,0.626401,0,2.49105,0.348183,-0.00466411
6.22997,0.771109,-2.76594,2.65596,0.771176,-2.75766,2.64206,0.805639,-2.8898,2,0.687992,-2.86101,1.98691,2.21275,0.616887,0,2.20807,0.652021,-0.0106594,2.31184,0.644511,0,2.49978,0.362943,-0.00209175
6.24001,0.794367,-2.75935,2.65596,0.793229,-2.75105,2.64196,0.829938,-2.88292,2,0.713032,-2.85731,1.9869,2.20748,0.635494,0,2.20246,0.669093,-0.0091911,2.30633,0.663951,0,2.50804,0.378244,0.000575837
6.25002,0.81525,-2.75326,2.65596,0.815225,-2.74427,2.64187,0.851757,-2.87654,2,0.738151,-2.85345,1.98692,2.2026,0.6522,0,2.19674,0.686057,-0.00776129,2.30124,0.681405,0,2.51584,0.394033,0.00336398
6.26003,0.837546,-2.74656,2.65596,0.834972,-2.73803,2.64181,0.87505,-2.86954,2,0.760824,-2.84983,1.98697,2.19724,0.670036,-7.3098e-19,2.19145,0.701167,-0.00660914,2.29564,0.70004,0,2.52238,0.408591,0.00587185
6.27002,0.859422,-2.73979,2.65596,0.856857,-2.73094,2.64175,0.897907,-2.86247,2,0.786082,-2.84567,1.98704,2.19183,0.687538,1.46196e-18,2.18544,0.717779,-0.00543346,2.28998,0.718325,0,2.52912,0.425155,0.00869261
6.28,0.881468,-2.73278,2.65596,0.87868,-2.72368,2.6417,0.92094,-2.85515,2,0.811404,-2.84133,1.98714,2.18622,0.705174,7.3098e-19,2.17925,0.734209,-0.00432369,2.28412,0.736752,0,2.53524,0.442106,0.011591
6.29001,0.90295,-2.72575,2.65596,0.900442,-2.71625,2.64166,0.943384,-2.84781,2,0.836785,-2.83682,1.98727,2.1806,0.72236,7.3098e-19,2.17303,0.750544,-0.00327846,2.27825,0.754707,0,2.54086,0.45952,0.0145609
6.29996,0.925819,-2.71807,2.65596,0.92214,-2.70867,2.64163,0.967277,-2.83978,2,0.862219,-2.83214,1.98743,2.17446,0.740655,0,2.16671,0.766776,-0.00230873,2.27183,0.773821,0,2.54589,0.477388,0.0175789
6.30989,0.94623,-2.71103,2.65596,0.943775,-2.70092,2.64162,0.988601,-2.83243,2,0.8877,-2.82727,1.98762,2.16883,0.756984,-7.3098e-19,2.16012,0.782896,-0.00139228,2.26595,0.790881,0,2.55015,0.4957,0.0206539
6.31988,0.968164,-2.70328,2.65596,0.965343,-2.69301,2.64161,1.01152,-2.82433,2,0.91322,-2.82222,1.98784,2.16262,0.774531,7.3098e-19,2.15341,0.798901,-0.000605549,2.25946,0.809214,0,2.55376,0.514437,0.0236994
6.32987,0.989473,-2.69555,2.65596,0.986842,-2.68494,2.6416,1.03378,-2.81626,2,0.938773,-2.81698,1.9881,2.15644,0.791579,7.3098e-19,2.14654,0.814843,0.000105191,2.253,0.827025,0,2.55667,0.533648,0.0267536
6.34,1.01116,-2.68749,2.65596,1.00827,-2.67671,2.64161,1.05644,-2.80783,2,0.964352,-2.81155,1.98838,2.14999,0.808928,-7.3098e-19,2.13967,0.830678,0.000740095,2.24627,0.845152,0,2.55903,0.553278,0.0298026
6.34999,1.03297,-2.67918,2.65596,1.02964,-2.66833,2.64162,1.07923,-2.79916,2,0.989952,-2.80592,1.98869,2.14335,0.826376,0,2.13282,0.846463,0.00128703,2.23932,0.86338,0,2.56085,0.573376,0.0328192
6.36,1.0543,-2.67086,2.65596,1.05093,-2.65978,2.64163,1.10151,-2.79046,2,1.01557,-2.80008,1.98904,2.13669,0.84344,1.46196e-18,2.12589,0.862213,0.00177839,2.23237,0.881209,0,2.56199,0.593946,0.0358199
6.37021,1.07602,-2.66219,2.65596,1.07215,-2.65108,2.64165,1.1242,-2.7814,2,1.0335,-2.79587,1.98929,2.12975,0.860815,0,2.11888,0.877967,0.00220483,2.22512,0.899362,0,2.56239,0.608651,0.0378952
6.37999,1.09703,-2.6536,2.65596,1.09331,-2.64222,2.64168,1.14616,-2.77242,2,1.06681,-2.78778,1.98981,2.12288,0.877625,-1.46196e-18,2.11178,0.893584,0.00259422,2.21794,0.916925,0,2.5622,0.636435,0.0417065
6.38997,1.11777,-2.64493,2.65596,1.11439,-2.63321,2.64171,1.16783,-2.76336,2,1.09243,-2.78131,1.99024,2.11594,0.89422,0,2.10465,0.90916,0.00290909,2.21069,0.934263,0,2.56128,0.658275,0.044551
6.39998,1.13907,-2.63582,2.65596,1.1354,-2.62404,2.64174,1.19008,-2.75385,2,1.11804,-2.77461,1.9907,2.10866,0.911257,0,2.0974,0.92465,0.00315785,2.20308,0.952063,0,2.5596,0.680486,0.0473009
6.41003,1.16034,-2.62653,2.65596,1.15634,-2.61472,2.64177,1.2123,-2.74415,2,1.14362,-2.76769,1.99119,2.10123,0.928269,0,2.09011,0.940103,0.00336441,2.19532,0.969836,0,2.55724,0.703114,0.0499594
6.42001,1.18136,-2.61714,2.65596,1.1772,-2.60524,2.6418,1.23426,-2.73434,2,1.16918,-2.76055,1.9917,2.09371,0.945089,1.46196e-18,2.08276,0.955478,0.00354375,2.18747,0.987409,0,2.55417,0.726095,0.0525253
6.43001,1.20211,-2.60768,2.65596,1.19799,-2.59561,2.64184,1.25594,-2.72445,2,1.1947,-2.75317,1.99224,2.08614,0.961685,0,2.07539,0.97079,0.00370481,2.17956,1.00475,0,2.55041,0.749425,0.0549916
6.44,1.22312,-2.59789,2.65596,1.2125,-2.58878,2.64187,1.27789,-2.71422,2,1.22018,-2.74556,1.9928,2.07831,0.978495,-1.46196e-18,2.0702,0.981499,0.0037945,2.17138,1.02231,0,2.54592,0.773128,0.0573163
6.45004,1.24426,-2.58783,2.65596,1.23935,-2.57589,2.64191,1.29997,-2.70371,2,1.24562,-2.73771,1.99338,2.07027,0.995404,0,2.06044,1.00121,0.00325322,2.16297,1.03998,0,2.54064,0.796988,0.0588498
6.45997,1.26399,-2.57825,2.65596,1.25992,-2.5658,2.64194,1.3206,-2.6937,2,1.27099,-2.72962,1.99398,2.0626,1.0112,0,2.05274,1.01622,0.00233561,2.15496,1.05648,0,2.53447,0.821,0.0599263
6.47005,1.28491,-2.56789,2.65596,1.28041,-2.55556,2.64196,1.34245,-2.68288,2,1.2963,-2.72129,1.99458,2.05431,1.02793,-1.46196e-18,2.04505,1.03127,0.00144108,2.1463,1.07396,0,2.52761,0.845374,0.0608808
6.48004,1.30557,-2.55744,2.65596,1.30082,-2.54517,2.64197,1.36404,-2.67197,2,1.32154,-2.71271,1.99519,2.04596,1.04446,1.46196e-18,2.03747,1.04632,0.000728767,2.13757,1.09123,0,2.52022,0.870108,0.0618427
6.49001,1.32577,-2.54704,2.65596,1.32116,-2.53464,2.64198,1.38514,-2.66109,2,1.34671,-2.70388,1.99582,2.03763,1.06061,0,2.02988,1.06129,0.000227905,2.12887,1.10811,0,2.51213,0.895095,0.0628305
6.50003,1.3461,-2.53635,2.65596,1.34142,-2.52395,2.64198,1.40638,-2.64993,2,1.37178,-2.69481,1.99645,2.02908,1.07688,1.46196e-18,2.02222,1.07623,-6.17335e-05,2.11994,1.1251,0,2.50331,0.920345,0.0638296
6.50997,1.36615,-2.52561,2.65596,1.3616,-2.51311,2.64197,1.42732,-2.6387,2,1.38929,-2.6883,1.9969,2.02049,1.09292,1.46196e-18,2.01459,1.09116,-0.000206179,2.11096,1.14186,0,2.49675,0.938211,0.064485
6.52037,1.38737,-2.51401,2.65596,1.38171,-2.50213,2.64197,1.4495,-2.62659,2,1.42166,-2.67589,1.99774,2.01121,1.1099,1.46196e-18,2.00678,1.1059,-0.000182758,2.10127,1.1596,0,2.48353,0.971509,0.0656307
6.52995,1.40637,-2.50343,2.65596,1.40174,-2.49099,2.64197,1.46935,-2.61553,2,1.44644,-2.66604,1.99841,2.00275,1.1251,0,1.99888,1.12058,-5.45693e-05,2.09243,1.17548,0,2.47247,0.997295,0.0663743
6.54,1.42635,-2.4921,2.65596,1.42168,-2.47972,2.64197,1.49023,-2.60369,2,1.47111,-2.65594,1.99907,1.99368,1.14108,0,1.99097,1.1352,0.000121703,2.08296,1.19218,0,2.46074,1.02324,0.0669251
6.54999,1.44647,-2.48048,2.65596,1.44155,-2.46829,2.64197,1.51125,-2.59155,2,1.49565,-2.64558,1.99974,1.98438,1.15718,0,1.98295,1.14977,0.000390219,2.07324,1.209,0,2.44828,1.04931,0.067317
6.55998,1.46601,-2.46898,2.65596,1.46134,-2.45672,2.64198,1.53166,-2.57954,2,1.52007,-2.63496,2.00042,1.97518,1.17281,0,1.97482,1.1642,0.000762443,2.06363,1.22533,0,2.43507,1.07543,0.0675536
6.57021,1.48608,-2.45695,2.65596,1.48105,-2.44501,2.64199,1.55262,-2.56697,2,1.54435,-2.62407,2.00109,1.96556,1.18886,0,1.96655,1.17842,0.0012355,2.05358,1.2421,0,2.42113,1.10149,0.0676276
6.57997,1.5053,-2.44522,2.65596,1.50067,-2.43315,2.642,1.57271,-2.55472,2,1.56849,-2.61293,2.00177,1.95618,1.20424,0,1.95828,1.19256,0.00177705,2.04378,1.25817,0,2.40658,1.12759,0.0675043
6.58999,1.5251,-2.43293,2.65596,1.52022,-2.42116,2.64203,1.59339,-2.54187,2,1.59248,-2.60152,2.00244,1.94634,1.22008,0,1.9499,1.20661,0.00235933,2.0335,1.27471,0,2.39134,1.15369,0.0671575
6.6,1.54471,-2.42052,2.65596,1.53967,-2.40902,2.64205,1.61388,-2.52891,2,1.61631,-2.58985,2.00311,1.93642,1.23577,-1.46196e-18,1.94155,1.2207,0.00298317,2.02313,1.2911,0,2.37556,1.1799,0.0665882
6.61,1.56383,-2.40821,2.65596,1.55905,-2.39674,2.64209,1.63386,-2.51605,2,1.63999,-2.57792,2.00377,1.92657,1.25106,0,1.93318,1.23478,0.00364966,2.01284,1.30709,0,2.35921,1.20615,0.0657989
6.62002,1.58321,-2.39552,2.65596,1.57834,-2.38432,2.64213,1.6541,-2.50279,2,1.6635,-2.56573,2.00443,1.91641,1.26657,0,1.92479,1.24883,0.0043545,2.00223,1.32328,0,2.34231,1.23239,0.0647889
6.63002,1.60209,-2.38293,2.65596,1.59754,-2.37177,2.64217,1.67383,-2.48964,2,1.68683,-2.55327,2.00507,1.90635,1.28167,0,1.91644,1.26289,0.00509071,1.99171,1.33906,0,2.32495,1.25865,0.0635533
6.64001,1.62118,-2.36998,2.65596,1.61666,-2.35907,2.64223,1.69378,-2.47611,2,1.70999,-2.54056,2.0057,1.89598,1.29695,-1.46196e-18,1.90788,1.27682,0.00586548,1.98089,1.35502,0,2.3069,1.28476,0.0621053
6.65003,1.64008,-2.35694,2.65596,1.6357,-2.34623,2.64229,1.71353,-2.46248,2,1.73297,-2.52758,2.00631,1.88555,1.31207,0,1.89908,1.29071,0.00663918,1.96999,1.37082,0,2.28815,1.31082,0.0604124
6.66,1.65878,-2.34382,2.65596,1.65464,-2.33325,2.64236,1.73306,-2.44878,2,1.75575,-2.51434,2.00691,1.87506,1.32702,0,1.89003,1.30451,0.00743603,1.95902,1.38644,0,2.26872,1.33673,0.0585087
6.66997,1.67743,-2.33051,2.65596,1.6735,-2.32014,2.64244,1.75255,-2.43487,2,1.77834,-2.50084,2.00748,1.86441,1.34195,-1.46196e-18,1.8807,1.31834,0.00821926,1.94789,1.40204,0,2.2486,1.36259,0.0563692
6.67998,1.69594,-2.31707,2.65596,1.69226,-2.30689,2.64252,1.77188,-2.42083,2,1.80072,-2.48709,2.00803,1.85366,1.35675,0,1.87112,1.33213,0.00899491,1.93667,1.41751,0,2.22781,1.38833,0.0540117
6.68999,1.71442,-2.30344,2.65596,1.71092,-2.2935,2.64262,1.79119,-2.40658,2,1.8229,-2.47308,2.00856,1.84275,1.37153,1.46196e-18,1.86138,1.34593,0.00977783,1.92527,1.43295,0,2.2065,1.41394,0.0514621
6.70004,1.73329,-2.28927,2.65596,1.72949,-2.27997,2.64272,1.8109,-2.39178,2,1.84485,-2.45881,2.00906,1.83142,1.38663,0,1.85168,1.35978,0.010581,1.91343,1.44872,0,2.18485,1.43948,0.0487464
6.71001,1.75109,-2.27568,2.65596,1.74795,-2.2663,2.64283,1.8295,-2.37759,2,1.86659,-2.44429,2.00953,1.82055,1.40087,0,1.84197,1.37375,0.011361,1.90207,1.4636,0,2.16286,1.46498,0.0458343
6.71997,1.7691,-2.26171,2.65596,1.76632,-2.25249,2.64295,1.84832,-2.36299,2,1.88811,-2.42951,2.00998,1.80937,1.41528,1.46196e-18,1.83215,1.38779,0.0120975,1.89039,1.47865,0,2.14043,1.49038,0.0427216
6.72998,1.78726,-2.24739,2.65596,1.7846,-2.23854,2.64307,1.86729,-2.34802,2,1.9094,-2.41448,2.01039,1.79791,1.42981,1.46196e-18,1.82222,1.40178,0.0128179,1.87842,1.49383,0,2.1176,1.51555,0.0394481
6.73996,1.80521,-2.233,2.65596,1.80277,-2.22446,2.6432,1.88604,-2.33299,2,1.93046,-2.3992,2.01076,1.7864,1.44417,0,1.81208,1.4157,0.01353,1.86639,1.50883,0,2.09429,1.54047,0.036034
6.75004,1.82317,-2.21835,2.65596,1.82084,-2.21023,2.64334,1.90481,-2.31769,2,1.95128,-2.38367,2.01111,1.77468,1.45854,0,1.80195,1.42966,0.014239,1.85415,1.52385,0,2.07073,1.56524,0.0325021
6.75997,1.8407,-2.20383,2.65596,1.83881,-2.19586,2.64349,1.92313,-2.30252,2,1.97187,-2.3679,2.01141,1.76306,1.47256,-1.46196e-18,1.79176,1.44359,0.0149536,1.84201,1.5385,0,2.04689,1.58976,0.0288804
6.76997,1.85801,-2.18925,2.65596,1.85667,-2.18136,2.64364,1.94121,-2.28729,2,1.99222,-2.35188,2.01168,1.7514,1.48641,1.46196e-18,1.78139,1.4575,0.0156478,1.82983,1.55297,0,2.02268,1.61404,0.0251607
6.77999,1.87567,-2.17415,2.65596,1.87443,-2.16671,2.6438,1.95966,-2.27151,2,2.01232,-2.33562,2.01192,1.73932,1.50053,1.46196e-18,1.77085,1.47134,0.0163416,1.81721,1.56773,0,1.9981,1.63802,0.0213797
6.78997,1.89299,-2.15909,2.65596,1.89209,-2.15193,2.64397,1.97775,-2.25577,2,2.03218,-2.31912,2.01211,1.72727,1.51439,0,1.76007,1.48511,0.0170224,1.80461,1.5822,0,1.97315,1.66169,0.0175426
6.80001,1.91033,-2.14376,2.65596,1.90964,-2.13701,2.64414,1.99587,-2.23976,2,2.05179,-2.30238,2.01227,1.71501,1.52826,0,1.7492,1.49887,0.0176898,1.7918,1.5967,0,1.94796,1.68509,0.0136688
6.81001,1.92794,-2.12793,2.65596,1.92707,-2.12195,2.64432,2.01427,-2.22322,2,2.07114,-2.28542,2.01239,1.70235,1.54235,1.46196e-18,1.73822,1.5126,0.0183358,1.77858,1.61142,0,1.92256,1.70819,0.00976897
6.82002,1.94443,-2.11288,2.65596,1.9444,-2.10676,2.64451,2.0315,-2.20749,2,2.09024,-2.26822,2.01246,1.6903,1.55554,1.46196e-18,1.72711,1.52627,0.0189726,1.76599,1.6252,0,1.89694,1.73094,0.00587352
6.83001,1.96127,-2.09725,2.65596,1.96161,-2.09143,2.6447,2.04909,-2.19117,2,2.10908,-2.2508,2.0125,1.6778,1.56902,0,1.71586,1.53986,0.0195853,1.75293,1.63928,0,1.87111,1.75332,0.00198691
6.84002,1.97796,-2.08152,2.65596,1.97872,-2.07596,2.6449,2.06653,-2.17473,2,2.12766,-2.23316,2.0125,1.66521,1.58237,0,1.70439,1.55335,0.02018,1.73978,1.65323,0,1.84502,1.77529,-0.00186835
6.85001,1.99475,-2.06543,2.65596,1.9957,-2.06036,2.6451,2.08408,-2.15792,2,2.14598,-2.21529,2.01247,1.65235,1.5958,-1.46196e-18,1.69288,1.56689,0.0207469,1.72634,1.66726,0,1.81887,1.79702,-0.00568587
6.86006,2.01174,-2.04889,2.65596,2.01257,-2.04463,2.64531,2.10182,-2.14064,2,2.16404,-2.19722,2.01239,1.63911,1.60939,0,1.68127,1.58044,0.0212914,1.71251,1.68146,0,1.79263,1.81845,-0.00944252
6.87033,2.02795,-2.03285,2.65596,2.02933,-2.02875,2.64553,2.11876,-2.12388,2,2.18183,-2.17893,2.01228,1.62628,1.62236,-1.46196e-18,1.66964,1.59398,0.0218171,1.6991,1.69501,0,1.76638,1.83953,-0.0131183
6.87993,2.0437,-2.01701,2.65596,2.04597,-2.01275,2.64575,2.13522,-2.10733,2,2.19936,-2.16043,2.01213,1.61361,1.63496,0,1.65792,1.6075,0.0223124,1.68587,1.70817,0,1.7401,1.86027,-0.0167087
6.88999,2.05953,-2.00084,2.65596,2.06249,-1.9966,2.64598,2.15176,-2.09044,2,2.21663,-2.14172,2.01194,1.60068,1.64763,0,1.64613,1.62095,0.0227529,1.67235,1.7214,0,1.71381,1.88061,-0.020223
6.9,2.07551,-1.98427,2.65596,2.07889,-1.98033,2.64621,2.16845,-2.07312,2,2.23364,-2.12282,2.01172,1.58742,1.66041,1.46196e-18,1.63428,1.63439,0.0231339,1.6585,1.73476,0,1.68758,1.90062,-0.0236539
6.91003,2.09135,-1.96757,2.65596,2.09517,-1.96392,2.64644,2.18499,-2.05567,2,2.25038,-2.10371,2.01147,1.57405,1.67308,1.46196e-18,1.62229,1.64775,0.0234869,1.64454,1.748,0,1.66133,1.92023,-0.0269568
6.91999,2.1069,-1.9509,2.65596,2.11133,-1.94737,2.64668,2.20125,-2.03826,2,2.26687,-2.08441,2.01119,1.56072,1.68552,0,1.61009,1.66096,0.0238,1.63061,1.761,0,1.63503,1.93935,-0.0301301
6.92999,2.12254,-1.93388,2.65596,2.12737,-1.9307,2.64691,2.21759,-2.02047,2,2.28308,-2.06493,2.01087,1.5471,1.69803,0,1.59775,1.67403,0.0240856,1.61638,1.77407,0,1.60877,1.95803,-0.0331494
6.94003,2.13799,-1.91678,2.65596,2.14329,-1.91389,2.64716,2.23373,-2.00261,2,2.29904,-2.04525,2.01052,1.53342,1.7104,0,1.58529,1.68702,0.024343,1.60209,1.78699,0,1.58259,1.97628,-0.0360031
6.95006,2.15331,-1.89956,2.65596,2.15908,-1.89696,2.6474,2.24973,-1.98462,2,2.31474,-2.0254,2.01015,1.51964,1.72265,-1.46196e-18,1.57257,1.69982,0.0245628,1.58769,1.79979,0,1.55638,1.99401,-0.0386891
6.96022,2.16875,-1.8819,2.65596,2.17474,-1.8799,2.64765,2.26587,-1.96617,2,2.33017,-2.00538,2.00975,1.50552,1.735,0,1.55968,1.71262,0.024735,1.57294,1.81269,0,1.53025,2.01139,-0.0412072
6.96985,2.18328,-1.86503,2.65596,2.19027,-1.86271,2.6479,2.28105,-1.94854,2,2.34534,-1.98518,2.00933,1.49202,1.74663,0,1.54665,1.72537,0.024861,1.55883,1.82484,0,1.50425,2.02837,-0.0435479
6.97999,2.19818,-1.84744,2.65596,2.20567,-1.84539,2.64815,2.29662,-1.93017,2,2.36026,-1.96481,2.00888,1.47795,1.75855,0,1.53351,1.73809,0.0249266,1.54413,1.83729,0,1.47844,2.04495,-0.0457167
6.99004,2.21293,-1.82975,2.65596,2.22094,-1.82794,2.64839,2.31203,-1.91168,2,2.37491,-1.94428,2.00841,1.4638,1.77035,0,1.52011,1.7506,0.024953,1.52934,1.84962,0,1.45267,2.06097,-0.0476893
6.99998,2.22758,-1.81189,2.65596,2.23607,-1.81038,2.64864,2.32733,-1.89302,2,2.38502,-1.92981,2.00807,1.44951,1.78206,0,1.50655,1.763,0.0249492,1.51442,1.86186,0,1.43476,2.07191,-0.0489434
7.00993,2.24184,-1.79421,2.65596,2.25107,-1.79268,2.64889,2.34223,-1.87456,2,2.40345,-1.90275,2.00742,1.43537,1.79347,1.46196e-18,1.49277,1.77536,0.0248851,1.49965,1.87378,0,1.40167,2.09168,-0.0510316
7.02014,2.2563,-1.77599,2.65596,2.26593,-1.77487,2.64914,2.35734,-1.85552,2,2.41734,-1.88176,2.00691,1.42079,1.80504,1.46196e-18,1.47882,1.78769,0.0247511,1.48442,1.88587,0,1.37645,2.10642,-0.0524315
7.02994,2.27032,-1.75804,2.65596,2.27625,-1.76233,2.64931,2.37198,-1.83677,2,2.42692,-1.86698,2.00654,1.40644,1.81625,0,1.46896,1.79633,0.0246264,1.46941,1.89758,0,1.35895,2.11653,-0.0532953
7.04021,2.28455,-1.73951,2.65596,2.29522,-1.73887,2.64963,2.38685,-1.8174,2,2.44437,-1.83934,2.00583,1.39161,1.82764,-1.46196e-18,1.45049,1.81216,0.023839,1.45392,1.90948,0,1.32687,2.1346,-0.0551235
7.05002,2.29842,-1.72114,2.65596,2.30965,-1.72069,2.64986,2.40134,-1.79821,2,2.45752,-1.81793,2.00527,1.37691,1.83873,0,1.43607,1.82424,0.0226365,1.43857,1.92107,0,1.30253,2.14789,-0.0568251
7.05998,2.31195,-1.70291,2.65596,2.32394,-1.70239,2.65008,2.41548,-1.77917,2,2.47043,-1.79639,2.0047,1.36233,1.84956,0,1.42138,1.83613,0.0214943,1.42334,1.93239,0,1.27836,2.16061,-0.0582297
7.07017,2.32575,-1.68402,2.65596,2.33808,-1.68397,2.65029,2.4299,-1.75943,2,2.48309,-1.77472,2.00411,1.34722,1.8606,0,1.40634,1.84777,0.0204947,1.40755,1.94392,0,1.25429,2.17275,-0.0592681
7.08009,2.33881,-1.66583,2.65596,2.35207,-1.66543,2.65049,2.44355,-1.74043,2,2.49551,-1.75294,2.00351,1.33267,1.87105,0,1.39109,1.85941,0.0196149,1.39234,1.95484,0,1.23049,2.18452,-0.0599646
7.09,2.35208,-1.64704,2.65596,2.3659,-1.64678,2.65069,2.45741,-1.7208,2,2.5077,-1.73103,2.00291,1.31764,1.88167,0,1.37553,1.87092,0.0188458,1.37664,1.96593,0,1.20686,2.19579,-0.0603311
7.10002,2.36511,-1.62828,2.65596,2.37958,-1.62801,2.65087,2.47102,-1.70119,2,2.51965,-1.70902,2.00231,1.30262,1.89209,1.46196e-18,1.35959,1.88227,0.0181456,1.36095,1.97682,0,1.18336,2.20653,-0.060418
7.11008,2.37821,-1.60909,2.65596,2.39309,-1.60913,2.65105,2.48471,-1.68114,2,2.53137,-1.6869,2.0017,1.28727,1.90257,0,1.34331,1.89341,0.0174906,1.34491,1.98776,0,1.16002,2.21669,-0.0602585
7.12002,2.39093,-1.59013,2.65596,2.40644,-1.59014,2.65122,2.49799,-1.66133,2,2.54285,-1.66469,2.0011,1.2721,1.91274,1.46196e-18,1.32676,1.90446,0.0168591,1.32907,1.99839,0,1.13694,2.22639,-0.0598838
7.12999,2.40369,-1.57077,2.65596,2.41963,-1.57104,2.65139,2.51133,-1.64111,2,2.55411,-1.64238,2.00051,1.25662,1.92295,1.46196e-18,1.31012,1.91557,0.0162501,1.31289,2.00906,0,1.11428,2.23578,-0.0593052
7.14001,2.41601,-1.55176,2.65596,2.43264,-1.55183,2.65155,2.5242,-1.62125,2,2.56185,-1.62671,2.00009,1.24141,1.93281,0,1.29328,1.92653,0.0156618,1.297,2.01936,0,1.09862,2.24202,-0.0587846
7.15002,2.42836,-1.53235,2.65596,2.44549,-1.53251,2.6517,2.5371,-1.60097,2,2.57595,-1.59749,1.99934,1.22588,1.94269,1.46196e-18,1.27618,1.93726,0.0150779,1.28077,2.02968,0,1.0699,2.25288,-0.0576051
7.15998,2.44038,-1.51314,2.65596,2.45817,-1.51309,2.65185,2.54966,-1.5809,2,2.58654,-1.57492,1.99877,1.21051,1.9523,0,1.25885,1.94786,0.0144956,1.26472,2.03973,0,1.04817,2.26064,-0.0565278
7.17004,2.45258,-1.49329,2.65596,2.47067,-1.49356,2.65199,2.56241,-1.56015,2,2.59691,-1.55228,1.99821,1.19463,1.96206,0,1.24138,1.95833,0.0139273,1.24812,2.04992,0,1.02683,2.26791,-0.0553053
7.18003,2.46456,-1.47343,2.65596,2.48299,-1.47392,2.65213,2.57492,-1.53941,2,2.60707,-1.52956,1.99766,1.17874,1.97165,-1.46196e-18,1.22361,1.96851,0.0133475,1.23153,2.05994,0,1.00574,2.27455,-0.0539766
7.19003,2.47617,-1.45384,2.65596,2.49514,-1.45419,2.65226,2.58705,-1.51894,2,2.61703,-1.50679,1.99713,1.16307,1.98093,1.46196e-18,1.20566,1.97854,0.0127617,1.21515,2.06964,0,0.985001,2.28068,-0.0525496
7.19995,2.48759,-1.43421,2.65596,2.50711,-1.43435,2.65238,2.59898,-1.49843,2,2.62678,-1.48395,1.99661,1.14737,1.99007,0,1.1876,1.98848,0.0121888,1.19874,2.07919,0,0.964699,2.28638,-0.0510186
7.20998,2.49906,-1.41412,2.65596,2.51889,-1.41442,2.6525,2.61097,-1.47745,2,2.63632,-1.46106,1.99611,1.1313,1.99925,0,1.16939,1.99834,0.0116095,1.18196,2.08877,0,0.944778,2.29165,-0.0494167
7.22003,2.51049,-1.39373,2.65596,2.53049,-1.39439,2.65261,2.62291,-1.45614,2,2.64289,-1.44501,1.99577,1.11498,2.00839,1.46196e-18,1.15101,2.00805,0.0110282,1.16491,2.09833,0,0.93104,2.29504,-0.0482551
7.23009,2.52179,-1.37318,2.65596,2.53851,-1.38031,2.65269,2.63471,-1.43467,2,2.65483,-1.41513,1.99515,1.09855,2.01743,0,1.138,2.01468,0.0106073,1.14774,2.10777,0,0.905918,2.30062,-0.0460658
7.24001,2.53247,-1.35339,2.65596,2.54979,-1.36011,2.65279,2.64587,-1.414,2,2.66112,-1.39902,1.99483,1.08271,2.02597,0,1.1193,2.02397,0.00969178,1.1312,2.11669,0,0.892667,2.30325,-0.045171
7.25,2.54305,-1.33339,2.65596,2.56419,-1.33372,2.6529,2.65693,-1.3931,2,2.67257,-1.36905,1.99425,1.06671,2.03444,1.46196e-18,1.09503,2.03587,0.00760765,1.11448,2.12554,0,0.868721,2.30755,-0.0442033
7.26013,2.55383,-1.31264,2.65596,2.57504,-1.31332,2.65297,2.66819,-1.37141,2,2.68117,-1.34596,1.99381,1.05011,2.04306,-1.46196e-18,1.07622,2.04498,0.00601984,1.09713,2.13455,0,0.850716,2.31034,-0.0434276
7.26996,2.56395,-1.29275,2.65596,2.58571,-1.29282,2.65303,2.67876,-1.35064,2,2.68959,-1.32284,1.99338,1.0342,2.05116,-1.46196e-18,1.0573,2.05402,0.00459025,1.08051,2.14301,0,0.833064,2.31276,-0.0424969
7.28007,2.57455,-1.27152,2.65596,2.59619,-1.27224,2.65307,2.68983,-1.32846,2,2.69783,-1.29971,1.99296,1.01722,2.05964,-1.46196e-18,1.03823,2.06295,0.0033089,1.06277,2.15187,0,0.815729,2.31484,-0.0414335
7.28999,2.58447,-1.25122,2.65596,2.60647,-1.25157,2.65309,2.7002,-1.30725,2,2.7059,-1.27655,1.99256,1.00098,2.06758,1.46196e-18,1.01901,2.07165,0.002255,1.0458,2.16016,0,0.798693,2.31643,-0.0401669
7.30002,2.59451,-1.23028,2.65596,2.61657,-1.23081,2.65311,2.71069,-1.28537,2,2.71381,-1.25338,1.99216,0.984225,2.0756,-1.46196e-18,0.999697,2.08024,0.00138684,1.0283,2.16855,0,0.781992,2.31764,-0.0387487
7.31,2.60411,-1.20982,2.65596,2.62647,-1.20996,2.65312,2.72072,-1.264,2,2.72154,-1.2302,1.99178,0.967857,2.08329,0,0.980233,2.08862,0.000688579,1.0112,2.17658,0,0.765561,2.31839,-0.0372034
7.32002,2.61371,-1.18894,2.65596,2.63617,-1.18903,2.65313,2.73075,-1.24218,2,2.72912,-1.20701,1.99142,0.951154,2.09097,0,0.960678,2.09686,0.000152413,0.993746,2.1846,0,0.749446,2.31876,-0.0355465
7.32998,2.62302,-1.16826,2.65596,2.64568,-1.16803,2.65312,2.74047,-1.22057,2,2.73653,-1.18382,1.99107,0.934607,2.09841,1.46196e-18,0.94103,2.1049,-0.000268172,0.976458,2.19238,0,0.733626,2.31872,-0.0338319
7.34,2.6326,-1.14649,2.65596,2.65499,-1.14694,2.65312,2.75049,-1.19783,2,2.74379,-1.16064,1.99074,0.917196,2.10608,0,0.921316,2.11283,-0.000592309,0.958268,2.20039,0,0.718109,2.31835,-0.0320856
7.35,2.64152,-1.12579,2.65596,2.66411,-1.12577,2.65311,2.75981,-1.17621,2,2.7509,-1.13746,1.99043,0.900636,2.11322,0,0.901638,2.12075,-0.000843359,0.940966,2.20785,0,0.702979,2.31778,-0.0303362
7.36002,2.65045,-1.10461,2.65596,2.67303,-1.10452,2.6531,2.76914,-1.15408,2,2.75785,-1.11428,1.99013,0.883689,2.12036,1.46196e-18,0.882082,2.12866,-0.00102951,0.92326,2.21531,0,0.688307,2.317,-0.028596
7.36989,2.65934,-1.08303,2.65596,2.68175,-1.0832,2.65309,2.77842,-1.13153,2,2.76263,-1.09807,1.98994,0.866425,2.12747,0,0.862539,2.13644,-0.00115384,0.905223,2.22274,0,0.678234,2.31626,-0.0273888
7.38,2.66768,-1.06232,2.65596,2.69028,-1.06179,2.65308,2.78714,-1.10989,2,2.77133,-1.06797,1.9896,0.849859,2.13414,-1.46196e-18,0.84303,2.14418,-0.00122442,0.887915,2.22971,0,0.659959,2.31463,-0.0251755
7.39002,2.67612,-1.04087,2.65596,2.69861,-1.04031,2.65307,2.79596,-1.08748,2,2.77786,-1.04483,1.98935,0.832698,2.1409,-7.3098e-19,0.823547,2.15189,-0.00125225,0.869985,2.23677,0,0.646275,2.31318,-0.0235173
7.4,2.68448,-1.01913,2.65596,2.70675,-1.01876,2.65306,2.80469,-1.06477,2,2.78426,-1.0217,1.98913,0.815306,2.14758,-7.3098e-19,0.804071,2.15944,-0.00122747,0.851815,2.24375,0,0.632871,2.31146,-0.0218893
7.41001,2.69255,-0.99761,2.65596,2.71469,-0.997125,2.65304,2.81312,-1.04228,2,2.79052,-0.998598,1.98892,0.798088,2.15404,0,0.784594,2.16674,-0.00117317,0.833826,2.2505,0,0.619722,2.30941,-0.020315
7.41991,2.70039,-0.976187,2.65596,2.72244,-0.975422,2.65303,2.82131,-1.0199,2,2.79665,-0.975516,1.98872,0.78095,2.16031,0,0.76514,2.17388,-0.001081,0.81592,2.25705,0,0.606837,2.30712,-0.0187851
7.43004,2.70823,-0.95421,2.65596,2.72999,-0.953648,2.65302,2.82951,-0.996939,2,2.80266,-0.952457,1.98854,0.763368,2.16659,0,0.745682,2.18085,-0.000959684,0.797551,2.26361,0,0.594174,2.30459,-0.0173063
7.44027,2.71583,-0.932363,2.65596,2.73735,-0.931805,2.65301,2.83745,-0.974114,2,2.80679,-0.936331,1.98842,0.745891,2.17267,-7.3098e-19,0.726286,2.18771,-0.000806003,0.779291,2.26996,0,0.58547,2.30273,-0.0162998
7.44995,2.72302,-0.911172,2.65596,2.74452,-0.909895,2.65301,2.84495,-0.951974,2,2.81258,-0.913318,1.98827,0.728938,2.17841,0,0.706957,2.19435,-0.000625078,0.761579,2.27596,0,0.573289,2.29987,-0.0148967
7.46017,2.73038,-0.888862,2.65596,2.75149,-0.887919,2.653,2.85264,-0.928665,2,2.81993,-0.883446,1.98808,0.71109,2.1843,7.3098e-19,0.687616,2.20084,-0.000443183,0.742932,2.28212,0,0.557733,2.29583,-0.0131732
7.47002,2.73733,-0.867213,2.65596,2.75827,-0.865879,2.653,2.85991,-0.906046,2,2.82545,-0.860503,1.98796,0.69377,2.18987,-7.3098e-19,0.668345,2.20716,-0.000269348,0.724837,2.28793,0,0.546035,2.29254,-0.0119346
7.48,2.74413,-0.845466,2.65596,2.76486,-0.843777,2.653,2.86701,-0.883325,2,2.83085,-0.837596,1.98785,0.676372,2.1953,0,0.649042,2.2132,-9.69895e-05,0.70666,2.29361,0,0.534468,2.28898,-0.0107607
7.49013,2.75101,-0.822785,2.65596,2.77125,-0.821615,2.653,2.8742,-0.859628,2,2.83457,-0.821582,1.98777,0.658228,2.20081,0,0.62971,2.219,6.78872e-05,0.687703,2.29936,0,0.526445,2.28636,-0.00998009
7.50006,2.75735,-0.801301,2.65596,2.77745,-0.799398,2.653,2.88082,-0.837183,2,2.84131,-0.791892,1.98765,0.641041,2.20588,0,0.610269,2.22449,0.000214941,0.669746,2.30466,0,0.511587,2.28119,-0.00861737
7.50998,2.76363,-0.779375,2.65596,2.78346,-0.777126,2.653,2.88738,-0.814275,2,2.84637,-0.769101,1.98757,0.6235,2.2109,0,0.590875,2.22988,0.000351408,0.65142,2.3099,0,0.500329,2.2771,-0.0076402
7.5199,2.76974,-0.757362,2.65596,2.78927,-0.7548,2.653,2.89377,-0.791276,2,2.85132,-0.74635,1.9875,0.60589,2.21579,0,0.571607,2.2352,0.000487016,0.633021,2.31501,0,0.4893,2.27301,-0.00670722
7.53006,2.77582,-0.73476,2.65596,2.79489,-0.732422,2.65301,2.90012,-0.767662,2,2.85616,-0.723641,1.98744,0.587808,2.22066,0,0.552406,2.24042,0.000627354,0.61413,2.3201,0,0.478421,2.26891,-0.00580768
7.54011,2.78161,-0.712529,2.65596,2.80032,-0.709992,2.65302,2.90617,-0.744436,2,2.86089,-0.700972,1.98738,0.570023,2.22529,0,0.533367,2.24556,0.000766569,0.595549,2.32493,0,0.467772,2.26483,-0.00494146
7.55001,2.7875,-0.689113,2.65596,2.80556,-0.687511,2.65302,2.91233,-0.719972,2,2.86552,-0.678344,1.98734,0.551291,2.23,0,0.514361,2.25055,0.000916567,0.575977,2.32986,0,0.457214,2.26072,-0.00409061
7.55997,2.79262,-0.668094,2.65596,2.81061,-0.664981,2.65303,2.91767,-0.698011,2,2.86869,-0.662529,1.98731,0.534475,2.23409,0,0.495407,2.25552,0.00105002,0.558409,2.33413,0,0.449877,2.25791,-0.00351529
7.56999,2.79777,-0.646188,2.65596,2.81547,-0.642402,2.65305,2.92305,-0.675124,2,2.87445,-0.63321,1.98727,0.51695,2.23821,0,0.476516,2.26036,0.00113632,0.540099,2.33844,0,0.436385,2.25276,-0.00252402
7.57999,2.80289,-0.623588,2.65596,2.82014,-0.619774,2.65306,2.9284,-0.651512,2,2.87876,-0.610702,1.98725,0.49887,2.24231,7.3098e-19,0.45768,2.26507,0.00120371,0.521209,2.34272,0,0.426094,2.24884,-0.00179871
7.59,2.80779,-0.601137,2.65596,2.82462,-0.597101,2.65307,2.93352,-0.628056,2,2.88297,-0.588233,1.98724,0.48091,2.24623,0,0.438903,2.26955,0.00126347,0.502445,2.34682,0,0.415863,2.2449,-0.00108416
7.59996,2.81253,-0.578577,2.65596,2.82892,-0.574384,2.65308,2.93847,-0.604485,2,2.88708,-0.565804,1.98723,0.462861,2.25002,7.3098e-19,0.420175,2.27383,0.00132968,0.483588,2.35078,0,0.405667,2.24098,-0.000360934
7.60994,2.81704,-0.556174,2.65596,2.83302,-0.551625,2.6531,2.94319,-0.581079,2,2.89109,-0.543414,1.98723,0.444939,2.25363,7.3098e-19,0.401408,2.27788,0.0013958,0.464863,2.35455,0,0.395412,2.23707,0.000369711
7.62,2.82143,-0.533466,2.65596,2.83579,-0.535671,2.65311,2.94777,-0.557355,2,2.89383,-0.527764,1.98723,0.426773,2.25714,0,0.388258,2.28055,0.00144525,0.445884,2.35822,0,0.388202,2.23431,0.000891319
7.63004,2.82567,-0.510514,2.65596,2.84068,-0.505993,2.65312,2.9522,-0.533375,2,2.89879,-0.498751,1.98725,0.408412,2.26054,0,0.363985,2.28522,0.00101029,0.4267,2.36176,0,0.374857,2.22927,0.00135048
7.63985,2.82953,-0.488663,2.65596,2.84422,-0.483123,2.65313,2.95624,-0.510545,2,2.90139,-0.483155,1.98726,0.39093,2.26363,0,0.345493,2.28876,0.000103923,0.408436,2.36499,0,0.367714,2.22669,0.00122379
7.64997,2.83338,-0.465837,2.65596,2.84759,-0.460218,2.65313,2.96026,-0.486697,2,2.90608,-0.454238,1.98727,0.37267,2.2667,0,0.327077,2.29213,-0.00069756,0.389358,2.36821,0,0.35451,2.22203,0.00108283
7.66011,2.83705,-0.442921,2.65596,2.85076,-0.437281,2.65312,2.96409,-0.462755,2,2.90958,-0.432036,1.98728,0.354337,2.26964,0,0.308673,2.29529,-0.00132946,0.370204,2.37128,0,0.344278,2.21854,0.0012108
7.67035,2.84059,-0.419628,2.65596,2.85376,-0.414313,2.6531,2.96779,-0.438419,2,2.91297,-0.409867,1.9873,0.335702,2.27247,-3.6549e-19,0.290315,2.29824,-0.00180756,0.350735,2.37423,0,0.334004,2.21514,0.00152278
7.68001,2.84376,-0.397621,2.65596,2.85657,-0.391317,2.65308,2.9711,-0.415426,2,2.91626,-0.387733,1.98732,0.318097,2.275,3.6549e-19,0.271984,2.30091,-0.00212539,0.332341,2.37688,0,0.323663,2.21178,0.00202768
7.68999,2.84685,-0.374823,2.65596,2.8592,-0.368295,2.65306,2.97433,-0.391608,2,2.91944,-0.365631,1.98734,0.299859,2.27748,0,0.253679,2.30338,-0.00232738,0.313286,2.37946,0,0.313235,2.20854,0.00268229
7.70002,2.84979,-0.351808,2.65596,2.86164,-0.34525,2.65303,2.9774,-0.367562,2,2.92252,-0.343562,1.98737,0.281446,2.27983,-3.6549e-19,0.23535,2.30564,-0.00243365,0.29405,2.38192,0,0.302657,2.20541,0.00346736
7.71,2.85248,-0.329225,2.65596,2.86391,-0.322183,2.65301,2.98022,-0.343967,2,2.92549,-0.321522,1.98741,0.26338,2.28199,0,0.217028,2.30779,-0.00246158,0.275174,2.38417,0,0.291947,2.20252,0.00436605
7.72012,2.85507,-0.306005,2.65596,2.86599,-0.299095,2.65299,2.98292,-0.319708,2,2.92836,-0.299511,1.98746,0.244804,2.28405,0,0.198744,2.30979,-0.00243608,0.255766,2.38633,0,0.281125,2.19981,0.00535331
7.73006,2.85739,-0.283449,2.65596,2.86788,-0.275988,2.65296,2.98535,-0.296142,2,2.93112,-0.277526,1.98752,0.226759,2.28592,-3.6549e-19,0.180511,2.31158,-0.002367,0.236913,2.38828,0,0.270184,2.19726,0.00641834
7.73998,2.85956,-0.260742,2.65596,2.8696,-0.252864,2.65294,2.98761,-0.272418,2,2.93376,-0.255565,1.98759,0.208594,2.28765,-3.6549e-19,0.162339,2.31321,-0.00227064,0.217934,2.39008,0,0.259124,2.19489,0.00754359
7.75043,2.86163,-0.236894,2.65596,2.87113,-0.229725,2.65292,2.98977,-0.247502,2,2.9363,-0.233627,1.98767,0.189516,2.2893,0,0.144208,2.31455,-0.00214775,0.198002,2.39182,0,0.247913,2.19262,0.00872669
7.76002,2.86338,-0.214764,2.65596,2.87248,-0.206574,2.6529,2.9916,-0.224381,2,2.93872,-0.211712,1.98776,0.171811,2.2907,0,0.126135,2.31566,-0.00202444,0.179505,2.39328,0,0.236555,2.1905,0.00993909
7.76999,2.86502,-0.191654,2.65596,2.87365,-0.183412,2.65288,2.99331,-0.200236,2,2.94103,-0.189817,1.98787,0.153323,2.29201,3.6549e-19,0.108135,2.3166,-0.00190211,0.160189,2.39465,0,0.225061,2.18857,0.0111775
7.77998,2.86643,-0.169284,2.65596,2.87464,-0.160242,2.65286,2.99478,-0.176865,2,2.94322,-0.16794,1.98798,0.135427,2.29314,0,0.0902237,2.31737,-0.00175618,0.141492,2.39583,0,0.21344,2.18686,0.0124638
7.79001,2.86769,-0.146265,2.65596,2.87546,-0.137065,2.65284,2.99611,-0.152814,2,2.9453,-0.146079,1.98812,0.117012,2.29415,0,0.0724048,2.31796,-0.00160756,0.122252,2.39688,0,0.201684,2.18536,0.0137733
7.79999,2.86877,-0.123221,2.65596,2.87609,-0.113884,2.65283,2.99724,-0.128739,2,2.94725,-0.124232,1.98826,0.098577,2.29502,-1.82745e-19,0.0546967,2.31831,-0.00145486,0.102991,2.39779,0,0.189804,2.18402,0.0151037
7.81001,2.86967,-0.100301,2.65596,2.87655,-0.0906994,2.65281,2.99817,-0.104793,2,2.94909,-0.102398,1.98842,0.080241,2.29573,9.13725e-20,0.0370461,2.31845,-0.00130659,0.0838341,2.39854,0,0.177741,2.18286,0.0164424
7.81998,2.87037,-0.0775318,2.65596,2.87683,-0.0675159,2.6528,2.99891,-0.0810036,2,2.95081,-0.0805747,1.98859,0.0620254,2.2963,-9.13725e-20,0.0194041,2.31822,-0.00115853,0.0648029,2.39912,0,0.165442,2.18174,0.0177894
7.83001,2.8709,-0.0544443,2.65596,2.87694,-0.044336,2.65279,2.99946,-0.0568823,2,2.9524,-0.0587623,1.98877,0.0435555,2.29672,0,0.00180303,2.3177,-0.0010119,0.0455059,2.39957,0,0.152935,2.18073,0.019139
7.83991,2.87125,-0.0315424,2.65596,2.87687,-0.0211627,2.65278,2.99982,-0.0329549,2,2.95387,-0.0369594,1.98897,0.025234,2.297,0,-0.0157639,2.31695,-0.000874844,0.0263639,2.39986,0,0.140207,2.17989,0.0204784
7.85002,2.87141,-0.00836428,2.65596,2.87662,0.00200254,2.65277,2.99999,-0.00873883,2,2.9552,-0.0151637,1.98918,0.00669143,2.29713,0,-0.0333044,2.31605,-0.000748137,0.00699107,2.39999,0,0.127249,2.17928,0.0218022
7.85986,2.87138,0.0145879,2.65596,2.8762,0.0251579,2.65276,2.99996,0.0152411,2,2.95641,0.00662696,1.98941,-0.0116703,2.29711,1.14216e-20,-0.0508353,2.315,-0.000629691,-0.0121929,2.39997,0,0.114038,2.1789,0.0231074
7.87002,2.87117,0.0378567,2.65596,2.87561,0.0483026,2.65276,2.99974,0.0395519,2,2.95748,0.0284156,1.98964,-0.0302853,2.29694,-4.56862e-20,-0.0683281,2.31391,-0.000525541,-0.0316415,2.39979,0,0.100598,2.17885,0.0243827
7.88,2.87078,0.0605536,2.65596,2.87484,0.0714356,2.65275,2.99933,0.0632652,2,2.95842,0.0502047,1.98989,-0.0484429,2.29662,0,-0.085755,2.31266,-0.000414818,-0.0506122,2.39947,0,0.0869484,2.17902,0.0256433
7.88998,2.87021,0.0833536,2.65596,2.87389,0.094555,2.65275,2.99874,0.0870861,2,2.95922,0.0719962,1.99016,-0.0666829,2.29617,0,-0.103173,2.31116,-0.000305865,-0.0696689,2.39899,0,0.0730266,2.1793,0.026875
7.9,2.86944,0.106569,2.65596,2.87277,0.117658,2.65275,2.99793,0.111341,2,2.95988,0.0937913,1.99043,-0.085255,2.29555,0,-0.120598,2.30947,-0.000197843,-0.0890726,2.39835,0,0.058812,2.17975,0.0280728
7.90996,2.8685,0.129369,2.65596,2.87148,0.140744,2.65275,2.99695,0.135162,2,2.9604,0.115592,1.99072,-0.103495,2.2948,1.82745e-19,-0.137909,2.30772,-9.29888e-05,-0.108129,2.39756,0,0.0444241,2.18051,0.0292292
7.91988,2.86737,0.152394,2.65596,2.87002,0.163812,2.65275,2.99577,0.159218,2,2.96077,0.137402,1.99102,-0.121915,2.2939,1.82745e-19,-0.155158,2.3059,2.48191e-06,-0.127374,2.39662,0,0.029808,2.18154,0.0303331
7.93,2.86606,0.175304,2.65596,2.86838,0.186861,2.65275,2.9944,0.183154,2,2.96099,0.159224,1.99133,-0.140243,2.29285,0,-0.172381,2.30393,9.88692e-05,-0.146523,2.39552,0,0.014925,2.18277,0.0313892
7.93999,2.86458,0.198064,2.65596,2.86657,0.20989,2.65275,2.99285,0.206934,2,2.96107,0.181058,1.99164,-0.158452,2.29166,1.82745e-19,-0.189573,2.30176,0.000194568,-0.165547,2.39428,0,-0.000219663,2.18414,0.0323907
7.95,2.86289,0.221114,2.65596,2.86459,0.232896,2.65275,2.99109,0.231015,2,2.96099,0.202906,1.99197,-0.176891,2.29031,0,-0.206753,2.29925,0.000294129,-0.184812,2.39287,0,-0.0156458,2.1855,0.0333374
7.95999,2.86104,0.243924,2.65596,2.86243,0.255874,2.65275,2.98916,0.254847,2,2.96075,0.224768,1.99231,-0.195139,2.28883,-1.82745e-19,-0.223883,2.29638,0.000399387,-0.203878,2.39132,0,-0.0313188,2.18683,0.0342259
7.96999,2.85899,0.266842,2.65596,2.86011,0.278823,2.65276,2.98702,0.278791,2,2.96036,0.246644,1.99266,-0.213474,2.28719,3.6549e-19,-0.241007,2.29338,0.000499364,-0.223033,2.38961,0,-0.0472758,2.18835,0.0350421
7.97999,2.85677,0.289719,2.65596,2.85761,0.301742,2.65276,2.98469,0.302692,2,2.95981,0.268536,1.99301,-0.231775,2.28541,-3.6549e-19,-0.25804,2.29033,0.000615538,-0.242154,2.38775,0,-0.063428,2.1901,0.035805
7.98997,2.85437,0.312423,2.65596,2.85495,0.324629,2.65277,2.98219,0.326413,2,2.95909,0.290446,1.99337,-0.249938,2.2835,3.6549e-19,-0.275037,2.28716,0.000746129,-0.26113,2.38575,0,-0.0798277,2.19201,0.0365097
7.99994,2.85176,0.33545,2.65596,2.85211,0.347484,2.65278,2.97946,0.350471,2,2.95821,0.312376,1.99374,-0.26836,2.28141,0,-0.292043,2.28385,0.000879373,-0.280377,2.38357,0,-0.0965208,2.19404,0.0371403
8.01005,2.8489,0.358905,2.65596,2.84911,0.370305,2.65279,2.97647,0.374977,2,2.95716,0.334327,1.99412,-0.287124,2.27912,0,-0.309038,2.2803,0.00101173,-0.299982,2.38118,0,-0.11349,2.19611,0.0376897
8.01998,2.84605,0.38087,2.65596,2.84593,0.39309,2.6528,2.97349,0.397926,2,2.95594,0.356299,1.99449,-0.304696,2.27684,0,-0.325986,2.27669,0.00112988,-0.318341,2.37879,0,-0.130692,2.19835,0.0381427
8.03003,2.8429,0.403669,2.65596,2.84259,0.415839,2.65281,2.97021,0.421745,2,2.95454,0.378295,1.99488,-0.322936,2.27432,3.6549e-19,-0.342967,2.27302,0.00121748,-0.337396,2.37617,0,-0.148202,2.20077,0.0384825
8.04025,2.8395,0.42698,2.65596,2.83907,0.438551,2.65282,2.96665,0.4461,2,2.95297,0.400315,1.99526,-0.341584,2.2716,3.6549e-19,-0.359926,2.26932,0.00130578,-0.35688,2.37332,0,-0.165968,2.20338,0.0387369
8.05003,2.83606,0.449229,2.65596,2.83539,0.461226,2.65284,2.96306,0.469345,2,2.95122,0.422364,1.99565,-0.359383,2.26885,3.6549e-19,-0.376835,2.26571,0.00139902,-0.375476,2.37045,0,-0.183963,2.20631,0.0389079
8.06002,2.83239,0.471803,2.65596,2.83154,0.483865,2.65285,2.95923,0.49293,2,2.94929,0.444442,1.99604,-0.377442,2.26591,0,-0.393763,2.26207,0.00150797,-0.394344,2.36738,0,-0.20225,2.20939,0.0390058
8.07001,2.82853,0.494424,2.65596,2.82751,0.506466,2.65287,2.95519,0.516564,2,2.94718,0.466551,1.99643,-0.395539,2.26283,0,-0.41065,2.25822,0.00164358,-0.413251,2.36415,0,-0.220771,2.21247,0.0390395
8.07998,2.82447,0.517103,2.65596,2.82332,0.529028,2.65288,2.95095,0.540258,2,2.94488,0.488691,1.99682,-0.413682,2.25958,0,-0.427542,2.25412,0.00180528,-0.432207,2.36076,0,-0.239576,2.21549,0.0390063
8.09,2.82016,0.540141,2.65596,2.81896,0.551548,2.6529,2.94644,0.564328,2,2.94239,0.510861,1.99721,-0.432113,2.25613,7.3098e-19,-0.44442,2.24981,0.00198606,-0.451463,2.35716,0,-0.258637,2.2185,0.0388996
8.09994,2.8158,0.5624,2.65596,2.81443,0.574024,2.65292,2.9419,0.587584,2,2.9397,0.533062,1.9976,-0.44992,2.25264,0,-0.461282,2.24542,0.00217805,-0.470067,2.35352,0,-0.277944,2.22159,0.038714
8.1103,2.81114,0.585249,2.65596,2.80974,0.596457,2.65295,2.93703,0.611456,2,2.93683,0.555294,1.99799,-0.468199,2.24892,0,-0.478097,2.2411,0.00239271,-0.489165,2.34962,0,-0.297455,2.22489,0.0384636
8.12006,2.80638,0.607683,2.65596,2.80487,0.618846,2.65297,2.93205,0.634895,2,2.93375,0.57756,1.99837,-0.486147,2.2451,0,-0.494924,2.23685,0.00261802,-0.507916,2.34564,0,-0.31723,2.22839,0.0381369
8.12997,2.80155,0.629568,2.65596,2.79984,0.641194,2.653,2.927,0.65776,2,2.93048,0.599862,1.99875,-0.503655,2.24124,0,-0.511668,2.23262,0.00285394,-0.526208,2.3416,0,-0.337169,2.23204,0.0377354
8.14024,2.79633,0.652352,2.65596,2.79464,0.663499,2.65303,2.92155,0.681564,2,2.92701,0.622201,1.99912,-0.521882,2.23707,0,-0.52838,2.22837,0.00307995,-0.545251,2.33724,0,-0.357319,2.23579,0.0372391
8.14999,2.79106,0.674541,2.65596,2.78927,0.685761,2.65306,2.91605,0.704746,2,2.92333,0.644578,1.99949,-0.539633,2.23285,0,-0.545046,2.22398,0.00331714,-0.563797,2.33284,0,-0.377673,2.23954,0.0366693
8.15996,2.78563,0.696665,2.65596,2.78374,0.707978,2.65309,2.91036,0.727861,2,2.91945,0.666992,1.99986,-0.557332,2.2285,0,-0.56175,2.21941,0.00355671,-0.582289,2.32829,0,-0.3983,2.24323,0.0360209
8.17001,2.77994,0.719017,2.65596,2.77804,0.730149,2.65313,2.90442,0.751214,2,2.91537,0.689442,2.00021,-0.575214,2.22395,-7.3098e-19,-0.578458,2.21475,0.00379176,-0.600971,2.32354,0,-0.419162,2.24693,0.035291
8.17999,2.77417,0.740951,2.65596,2.77217,0.752272,2.65317,2.8984,0.774131,2,2.91107,0.71193,2.00056,-0.592761,2.21934,0,-0.595147,2.20988,0.00402489,-0.619305,2.31872,0,-0.440229,2.25053,0.0344855
8.19017,2.76792,0.76397,2.65596,2.76613,0.774345,2.65321,2.89187,0.79818,2,2.90656,0.734452,2.0009,-0.611176,2.21434,-7.3098e-19,-0.611846,2.20476,0.00425701,-0.638544,2.3135,0,-0.461527,2.25396,0.0336092
8.20001,2.76198,0.785185,2.65596,2.75993,0.796367,2.65326,2.88566,0.820345,2,2.90184,0.757009,2.00123,-0.628148,2.20958,7.3098e-19,-0.628478,2.19949,0.00449788,-0.656276,2.30853,0,-0.482971,2.25731,0.0326765
8.20998,2.75563,0.807194,2.65596,2.75356,0.818335,2.6533,2.87902,0.84334,2,2.8969,0.779598,2.00156,-0.645755,2.2045,7.3098e-19,-0.645064,2.19414,0.00472256,-0.674672,2.30322,0,-0.504565,2.26064,0.0316703
8.21986,2.74905,0.829314,2.65596,2.74703,0.840249,2.65335,2.87215,0.86645,2,2.89332,0.795431,2.00178,-0.663451,2.19924,0,-0.661658,2.1887,0.0049413,-0.69316,2.29772,0,-0.519809,2.26295,0.0309291
8.23003,2.74228,0.851455,2.65596,2.74033,0.862108,2.6534,2.86507,0.889583,2,2.88637,0.824876,2.00217,-0.681164,2.19382,0,-0.678243,2.18305,0.00515792,-0.711666,2.29206,0,-0.548337,2.26703,0.0294891
8.24004,2.73525,0.873763,2.65596,2.73554,0.877376,2.65344,2.85773,0.91289,2,2.88248,0.840753,2.00237,-0.69901,2.1882,-7.3098e-19,-0.689829,2.17903,0.00532098,-0.730312,2.28619,0,-0.563801,2.26915,0.0286945
8.25006,2.72803,0.896036,2.65596,2.72644,0.905654,2.65351,2.85019,0.93616,2,2.87497,0.870277,2.00273,-0.716829,2.18243,0,-0.711183,2.17145,0.00516079,-0.748928,2.28015,0,-0.592548,2.27296,0.0267193
8.26086,2.72035,0.919106,2.65596,2.71924,0.927339,2.65356,2.84216,0.960263,2,2.86893,0.89302,2.00299,-0.735285,2.17628,-7.3098e-19,-0.727568,2.16542,0.00458818,-0.76821,2.27373,0,-0.614718,2.2756,0.0247414
8.26994,2.71364,0.938723,2.65596,2.71188,0.948962,2.6536,2.83516,0.980759,2,2.86457,0.908955,2.00316,-0.750979,2.17091,7.3098e-19,-0.743963,2.15919,0.00406375,-0.784607,2.26813,0,-0.630324,2.27731,0.0233607
8.27996,2.70599,0.960565,2.65596,2.70436,0.970522,2.65364,2.82716,1.00358,2,2.85619,0.93858,2.00345,-0.768452,2.16479,0,-0.760326,2.15286,0.0036665,-0.802863,2.26173,0,-0.659469,2.28032,0.0209557
8.28999,2.69824,0.982127,2.65596,2.69668,0.992019,2.65367,2.81906,1.02611,2,2.84948,0.961394,2.00365,-0.785701,2.15859,-7.3098e-19,-0.776721,2.14638,0.00339745,-0.820885,2.25525,0,-0.68209,2.28247,0.0192314
8.29999,2.69036,1.0035,2.65596,2.68883,1.01345,2.65371,2.81083,1.04844,2,2.84255,0.984229,2.00383,-0.802799,2.15229,-7.3098e-19,-0.793212,2.13969,0.00327131,-0.838748,2.24867,0,-0.704956,2.28437,0.0176417
8.31013,2.6821,1.02537,2.65596,2.68081,1.03481,2.65374,2.8022,1.07128,2,2.83538,1.00708,2.004,-0.820294,2.14568,7.3098e-19,-0.809718,2.13278,0.00326245,-0.857027,2.24176,0,-0.727975,2.28602,0.016168
8.31999,2.67379,1.04684,2.65596,2.67263,1.0561,2.65377,2.79352,1.09372,2,2.82799,1.02995,2.00416,-0.837474,2.13903,0,-0.826245,2.12563,0.00333119,-0.874975,2.23482,0,-0.751147,2.28738,0.0147781
8.33004,2.66545,1.06791,2.65596,2.66429,1.07732,2.65381,2.78481,1.11573,2,2.82036,1.05283,2.0043,-0.85433,2.13236,0,-0.84274,2.11818,0.00346888,-0.892586,2.22784,0,-0.774404,2.28835,0.0134714
8.33996,2.65689,1.08904,2.65596,2.65578,1.09847,2.65384,2.77586,1.13781,2,2.8125,1.07571,2.00443,-0.871233,2.12551,-1.46196e-18,-0.85919,2.11053,0.00365495,-0.910247,2.22069,0,-0.797725,2.28901,0.0122345
8.34997,2.64807,1.1103,2.65596,2.64711,1.11953,2.65388,2.76665,1.16002,2,2.8044,1.09861,2.00454,-0.888238,2.11846,0,-0.87561,2.10274,0.00386433,-0.928012,2.21332,0,-0.821116,2.28942,0.0110489
8.36,2.63902,1.13165,2.65596,2.63827,1.14052,2.65392,2.75719,1.18232,2,2.79608,1.1215,2.00465,-0.905318,2.11122,0,-0.891976,2.0949,0.00408437,-0.945858,2.20575,0,-0.844539,2.28963,0.00990951
8.37006,2.62978,1.15295,2.65596,2.62927,1.16143,2.65396,2.74754,1.20458,2,2.78751,1.1444,2.00474,-0.922358,2.10383,0,-0.908314,2.08703,0.00431082,-0.963661,2.19804,0,-0.868011,2.28967,0.00881827
8.37997,2.62066,1.17353,2.65596,2.6201,1.18226,2.654,2.73802,1.22608,2,2.77871,1.16729,2.00482,-0.938821,2.09653,0,-0.924617,2.07911,0.00453366,-0.980861,2.19041,0,-0.891514,2.28947,0.00777162
8.38997,2.61119,1.19446,2.65596,2.61077,1.20301,2.65405,2.72812,1.24795,2,2.76968,1.19019,2.0049,-0.955568,2.08895,0,-0.940937,2.07101,0.00473768,-0.998357,2.18249,0,-0.915089,2.28891,0.00675995
8.40004,2.60121,1.21603,2.65596,2.60128,1.22368,2.6541,2.71769,1.27049,2,2.76041,1.21307,2.00496,-0.972827,2.08097,0,-0.957216,2.06278,0.00493041,-1.01639,2.17416,0,-0.938677,2.28802,0.00579332
8.41001,2.5917,1.23619,2.65596,2.59163,1.24427,2.65415,2.70775,1.29154,2,2.75091,1.23595,2.00501,-0.988949,2.07336,-1.46196e-18,-0.973473,2.05435,0.00509273,-1.03323,2.1662,0,-0.962288,2.28672,0.004858
8.41999,2.58164,1.25705,2.65596,2.58181,1.26477,2.6542,2.69725,1.31334,2,2.74117,1.2588,2.00506,-1.00564,2.06531,-1.46196e-18,-0.989655,2.04581,0.00524359,-1.05067,2.1578,0,-0.985849,2.28507,0.00397963
8.42999,2.57159,1.2775,2.65596,2.57184,1.28518,2.65425,2.68674,1.3347,2,2.73119,1.28165,2.00509,-1.022,2.05727,0,-1.00578,2.03711,0.00537813,-1.06776,2.14939,0,-1.00937,2.28302,0.00315567
8.44003,2.56128,1.29804,2.65596,2.5617,1.30551,2.65431,2.67597,1.35617,2,2.72098,1.30446,2.00512,-1.03843,2.04902,0,-1.02187,2.02832,0.00549241,-1.08493,2.14078,0,-1.03288,2.28061,0.00238453
8.44998,2.55079,1.31854,2.65596,2.5514,1.32575,2.65436,2.66501,1.37758,2,2.71053,1.32726,2.00514,-1.05483,2.04063,0,-1.0379,2.01941,0.00559015,-1.10207,2.13201,0,-1.05632,2.27779,0.00167371
8.45998,2.54027,1.33869,2.65596,2.54094,1.3459,2.65442,2.65402,1.39864,2,2.69985,1.35002,2.00515,-1.07095,2.03221,-1.46196e-18,-1.05387,2.01034,0.00567086,-1.11891,2.12321,0,-1.0797,2.27452,0.0010253
8.47016,2.52918,1.35953,2.65596,2.53032,1.36596,2.65448,2.64243,1.42041,2,2.68894,1.37275,2.00516,-1.08762,2.02334,0,-1.06978,2.0011,0.00571844,-1.13633,2.11394,0,-1.10299,2.27077,0.000424629
8.48001,2.51846,1.37928,2.65596,2.51954,1.38592,2.65453,2.63124,1.44104,2,2.67779,1.39543,2.00516,-1.10342,2.01477,1.46196e-18,-1.0856,1.99178,0.00574615,-1.15283,2.10499,0,-1.12617,2.2666,-0.000113914
8.48999,2.50727,1.39951,2.65596,2.50861,1.40579,2.65459,2.61955,1.46218,2,2.66642,1.41808,2.00516,-1.11961,2.00582,0,-1.10139,1.98229,0.00574176,-1.16974,2.09564,0,-1.14926,2.26193,-0.000600122
8.49989,2.49607,1.4194,2.65596,2.49752,1.42557,2.65465,2.60784,1.48296,2,2.65481,1.44067,2.00515,-1.13552,1.99685,0,-1.11713,1.97266,0.00571317,-1.18637,2.08627,0,-1.17224,2.25675,-0.00102679
8.50985,2.48464,1.43931,2.65596,2.48627,1.44524,2.65471,2.5959,1.50376,2,2.64655,1.45645,2.00514,-1.15144,1.98771,-1.46196e-18,-1.13279,1.96288,0.00566329,-1.20301,2.07672,0,-1.18824,2.25281,-0.00129021
8.51995,2.47286,1.45946,2.65596,2.47486,1.46482,2.65476,2.58359,1.52482,2,2.63455,1.47895,2.00513,-1.16757,1.97828,0,-1.14839,1.95307,0.00559618,-1.21985,2.06687,0,-1.21098,2.24683,-0.0016103
8.52989,2.46134,1.4788,2.65596,2.4633,1.4843,2.65482,2.57156,1.54502,2,2.61862,1.50811,2.0051,-1.18304,1.96907,0,-1.16388,1.94323,0.00550614,-1.23602,2.05725,0,-1.24024,2.23841,-0.00193418
8.53996,2.44946,1.49839,2.65596,2.45158,1.50369,2.65487,2.55915,1.56549,2,2.6061,1.53046,2.00508,-1.19872,1.95957,1.46196e-18,-1.1794,1.93349,0.00538036,-1.25239,2.04732,0,-1.26262,2.23156,-0.00213075
8.54986,2.43749,1.51779,2.65596,2.43971,1.52297,2.65493,2.54664,1.58575,2,2.59337,1.55274,2.00506,-1.21423,1.95,1.46196e-18,-1.19482,1.92377,0.0052377,-1.2686,2.03732,0,-1.2848,2.22433,-0.00227105
8.55998,2.42494,1.53776,2.65596,2.42769,1.54216,2.65498,2.53353,1.60662,2,2.58041,1.57494,2.00504,-1.23021,1.93996,0,-1.21023,1.91404,0.0050774,-1.28529,2.02683,0,-1.30684,2.21667,-0.00236085
8.56999,2.41249,1.55722,2.65596,2.41918,1.55554,2.65501,2.52052,1.62695,2,2.57121,1.59044,2.00502,-1.24577,1.92999,0,-1.22099,1.90728,0.00495328,-1.30156,2.01642,0,-1.32217,2.21111,-0.00239717
8.57999,2.40032,1.57592,2.65596,2.40318,1.58025,2.65507,2.5078,1.64649,2,2.55384,1.61911,2.00499,-1.26074,1.92025,0,-1.24085,1.89481,0.00408136,-1.31719,2.00624,0,-1.35028,2.20033,-0.00301512
8.59014,2.38715,1.5958,2.65596,2.39069,1.59915,2.65511,2.49405,1.66726,2,2.54023,1.64107,2.00495,-1.27664,1.90972,-1.46196e-18,-1.25613,1.88541,0.00297429,-1.3338,1.99524,0,-1.37163,2.19171,-0.00384137
8.59998,2.37464,1.61436,2.65596,2.37805,1.61796,2.65513,2.48097,1.68665,2,2.5264,1.66295,2.00491,-1.29148,1.89971,-1.46196e-18,-1.27143,1.876,0.00196706,-1.34932,1.98478,0,-1.39284,2.18264,-0.00451746
8.61014,2.36147,1.63356,2.65596,2.36526,1.63667,2.65515,2.46722,1.70671,2,2.51237,1.68473,2.00486,-1.30685,1.88918,-1.46196e-18,-1.28669,1.86649,0.00111643,-1.36537,1.97377,0,-1.41389,2.17311,-0.00500072
8.62019,2.34824,1.65252,2.65596,2.35622,1.64971,2.65515,2.45339,1.72652,2,2.49813,1.70641,2.00481,-1.32202,1.87859,-1.46196e-18,-1.29735,1.85977,0.000614916,-1.38122,1.96271,0,-1.43475,2.16306,-0.00529186
8.62985,2.33534,1.67069,2.65596,2.33922,1.67381,2.65515,2.43992,1.74551,2,2.48803,1.72152,2.00477,-1.33656,1.86828,0,-1.3171,1.84727,-0.000754593,-1.39641,1.95194,0,-1.4492,2.1558,-0.00577691
8.63997,2.32187,1.68937,2.65596,2.32598,1.69223,2.65514,2.42585,1.76501,2,2.46902,1.74946,2.00469,-1.35149,1.8575,0,-1.33233,1.83785,-0.00222875,-1.41201,1.94068,0,-1.47577,2.14197,-0.00701905
8.64998,2.30803,1.70823,2.65596,2.31258,1.71057,2.65511,2.41138,1.78473,2,2.45416,1.77082,2.00462,-1.36659,1.84642,0,-1.34762,1.8284,-0.00350802,-1.42778,1.9291,0,-1.49604,2.13086,-0.00779341
8.65999,2.29446,1.72641,2.65596,2.29902,1.7288,2.65507,2.3972,1.80372,2,2.4391,1.79207,2.00454,-1.38113,1.83557,0,-1.36292,1.8189,-0.00456272,-1.44298,1.91776,0,-1.51617,2.11935,-0.00833773
8.66998,2.28067,1.74459,2.65596,2.28532,1.74694,2.65502,2.3828,1.82271,2,2.42384,1.81321,2.00445,-1.39567,1.82454,0,-1.37824,1.80938,-0.00535477,-1.45817,1.90624,0,-1.53616,2.10746,-0.00861641
8.68001,2.26651,1.76295,2.65596,2.27146,1.76499,2.65496,2.368,1.84189,2,2.40838,1.83422,2.00436,-1.41036,1.81321,-1.46196e-18,-1.39354,1.79981,-0.00590618,-1.47352,1.8944,0,-1.55595,2.09515,-0.00865515
8.69,2.25242,1.78091,2.65596,2.25745,1.78294,2.6549,2.35328,1.86066,2,2.39272,1.85511,2.00428,-1.42473,1.80194,0,-1.40883,1.79012,-0.00627132,-1.48853,1.88263,0,-1.57554,2.08239,-0.00851363
8.69994,2.23809,1.79889,2.65596,2.24328,1.80079,2.65484,2.33831,1.87944,2,2.37687,1.87587,2.0042,-1.43911,1.79047,0,-1.42411,1.78037,-0.00647502,-1.50356,1.87065,0,-1.59496,2.06921,-0.00822084
8.70998,2.22344,1.81696,2.65596,2.22897,1.81855,2.65477,2.32301,1.89832,2,2.36082,1.89649,2.00411,-1.45357,1.77875,0,-1.4394,1.77052,-0.00656947,-1.51866,1.85841,0,-1.61418,2.05563,-0.00783211
8.72002,2.20888,1.83464,2.65596,2.2145,1.8362,2.65471,2.30779,1.91679,2,2.34458,1.91698,2.00404,-1.46771,1.7671,-1.46196e-18,-1.45468,1.76062,-0.0065726,-1.53343,1.84623,0,-1.63319,2.04168,-0.00736947
8.72992,2.19403,1.85237,2.65596,2.19987,1.85376,2.65464,2.29228,1.93531,2,2.32816,1.93733,2.00397,-1.48189,1.75523,1.46196e-18,-1.4699,1.75061,-0.00650399,-1.54825,1.83383,0,-1.65194,2.02732,-0.00685582
8.73998,2.17954,1.86939,2.65596,2.1851,1.87121,2.65458,2.27714,1.95311,2,2.31155,1.95753,2.0039,-1.49552,1.74364,-1.46196e-18,-1.48501,1.74053,-0.00637007,-1.56248,1.82171,0,-1.67037,2.01261,-0.0063012
8.75001,2.16415,1.88719,2.65596,2.17017,1.88857,2.65452,2.26106,1.9717,2,2.29475,1.97758,2.00384,-1.50976,1.73132,-1.46196e-18,-1.50002,1.73044,-0.00618695,-1.57736,1.80885,0,-1.6885,1.99762,-0.00572532
8.75998,2.14914,1.90427,2.65596,2.1551,1.90582,2.65445,2.24538,1.98954,2,2.27778,1.99748,2.00379,-1.52342,1.71931,2.92392e-18,-1.51493,1.7202,-0.00598433,-1.59164,1.7963,0,-1.70632,1.98223,-0.00516092
8.77002,2.13385,1.92139,2.65596,2.13987,1.92297,2.6544,2.2294,2.00743,2,2.26063,2.01722,2.00374,-1.53711,1.70708,1.46196e-18,-1.52975,1.70985,-0.00575173,-1.60595,1.78352,0,-1.72385,1.9665,-0.00459823
8.77993,2.11866,1.93813,2.65596,2.1245,1.94002,2.65434,2.21353,2.02492,2,2.2433,2.03681,2.0037,-1.5505,1.69492,0,-1.54446,1.69928,-0.00549798,-1.61993,1.77082,0,-1.74105,1.95034,-0.00404784
8.78998,2.10291,1.95521,2.65596,2.10899,1.95696,2.65429,2.19707,2.04276,2,2.22581,2.05623,2.00366,-1.56417,1.68232,-1.46196e-18,-1.55903,1.68853,-0.00522116,-1.63421,1.75766,0,-1.75792,1.9338,-0.00350992
8.80002,2.08687,1.97231,2.65596,2.09332,1.97379,2.65424,2.18032,2.06063,2,2.20814,2.07548,2.00362,-1.57785,1.6695,-2.92392e-18,-1.57345,1.67757,-0.00491754,-1.64851,1.74426,0,-1.77442,1.91688,-0.00298213
8.80998,2.07132,1.98863,2.65596,2.07752,1.99051,2.65419,2.16408,2.07768,2,2.19032,2.09456,2.0036,-1.59091,1.65706,0,-1.58781,1.66645,-0.00460567,-1.66215,1.73126,0,-1.79065,1.89962,-0.00248312
8.81987,2.05548,2.005,2.65596,2.06157,2.00712,2.65414,2.14753,2.09479,2,2.17233,2.11347,2.00358,-1.604,1.64439,2.92392e-18,-1.60207,1.65515,-0.00430358,-1.67583,1.71802,0,-1.80658,1.88204,-0.00203069
8.82997,2.0392,2.02157,2.65596,2.04548,2.02361,2.6541,2.13051,2.11209,2,2.15419,2.1322,2.00356,-1.61725,1.63136,1.46196e-18,-1.61623,1.64368,-0.00399694,-1.68967,1.70441,0,-1.82218,1.86415,-0.00161218
8.84004,2.02276,2.03801,2.65596,2.02924,2.03999,2.65406,2.11334,2.12927,2,2.13589,2.15075,2.00354,-1.63041,1.61821,0,-1.63028,1.63205,-0.00369021,-1.70342,1.69067,0,-1.83748,1.84598,-0.00123344
8.84989,2.00675,2.05378,2.65596,2.01287,2.05625,2.65403,2.09661,2.14575,2,2.11744,2.16912,2.00353,-1.64303,1.6054,-1.46196e-18,-1.64413,1.62023,-0.00337941,-1.7166,1.67729,0,-1.85238,1.82751,-0.000890154
8.86,1.99001,2.07001,2.65596,1.99636,2.07239,2.654,2.07912,2.1627,2,2.09884,2.1873,2.00352,-1.65601,1.592,1.46196e-18,-1.65784,1.60823,-0.00307784,-1.73016,1.66329,0,-1.86693,1.80877,-0.000595184
8.87003,1.97346,2.08579,2.65596,1.97971,2.08842,2.65397,2.06183,2.17919,2,2.0801,2.2053,2.00352,-1.66863,1.57877,1.46196e-18,-1.67142,1.59604,-0.0027657,-1.74335,1.64947,0,-1.88117,1.78975,-0.000328747
8.87997,1.95624,2.10195,2.65596,1.96293,2.10432,2.65394,2.04384,2.19607,2,2.06122,2.2231,2.00352,-1.68156,1.56499,-1.46196e-18,-1.6849,1.58369,-0.0024494,-1.75686,1.63507,0,-1.89509,1.77051,-9.59798e-05
8.8899,1.93983,2.1171,2.65596,1.94602,2.12009,2.65392,2.0267,2.2119,2,2.04792,2.23544,2.00352,-1.69368,1.55186,0,-1.69826,1.57111,-0.00214657,-1.76952,1.62136,0,-1.90467,1.75687,3.647e-05
8.90005,1.9225,2.13284,2.65596,1.92897,2.13574,2.6539,2.00859,2.22835,2,2.02305,2.25812,2.00352,-1.70628,1.538,0,-1.71144,1.5583,-0.00184953,-1.78268,1.60687,0,-1.92196,1.73116,0.000226271
8.91022,1.90544,2.1481,2.65596,1.91179,2.15125,2.65388,1.99076,2.2443,2,2.00376,2.27533,2.00352,-1.71848,1.52435,0,-1.72454,1.5453,-0.00155719,-1.79544,1.59261,0,-1.93492,1.71113,0.000326314
8.92,1.88825,2.16323,2.65596,1.89448,2.16664,2.65387,1.97281,2.2601,2,1.98435,2.29234,2.00353,-1.73058,1.5106,0,-1.73746,1.53212,-0.00127447,-1.80808,1.57825,0,-1.94751,1.69087,0.000381173
8.93,1.87111,2.17807,2.65596,1.87704,2.1819,2.65386,1.9549,2.27561,2,1.96481,2.30914,2.00353,-1.74246,1.49689,1.46196e-18,-1.75019,1.51869,-0.00101091,-1.82048,1.56392,0,-1.95973,1.67034,0.000381473
8.93998,1.85363,2.19297,2.65596,1.85947,2.19702,2.65385,1.93663,2.29117,2,1.94516,2.32574,2.00353,-1.75437,1.4829,0,-1.76281,1.5051,-0.000754506,-1.83293,1.54931,0,-1.97166,1.64964,0.000340311
8.94994,1.8357,2.208,2.65596,1.84178,2.212,2.65384,1.9179,2.30687,2,1.92538,2.34214,2.00354,-1.7664,1.46856,1.46196e-18,-1.77526,1.49134,-0.000491524,-1.8455,1.53432,0,-1.98324,1.62877,0.000272722
8.95996,1.81846,2.22222,2.65596,1.82397,2.22684,2.65384,1.89989,2.32172,2,1.90549,2.35832,2.00354,-1.77777,1.45477,1.46196e-18,-1.78751,1.47738,-0.000235787,-1.85738,1.51991,0,-1.99446,1.60769,0.00016555
8.96999,1.80011,2.2371,2.65596,1.80603,2.24154,2.65384,1.88072,2.33728,2,1.88549,2.37429,2.00354,-1.78968,1.44009,-1.46196e-18,-1.79957,1.46316,-4.01593e-06,-1.86982,1.50458,0,-2.0053,1.58635,3.64533e-06
8.97999,1.78216,2.25143,2.65596,1.78798,2.2561,2.65384,1.86197,2.35225,2,1.86539,2.39004,2.00354,-1.80114,1.42573,-1.46196e-18,-1.81149,1.44884,0.000220014,-1.8818,1.48957,0,-2.01584,1.56493,-0.000195227
8.98995,1.76442,2.26536,2.65596,1.77163,2.26909,2.65384,1.84343,2.36681,2,1.8472,2.40404,2.00354,-1.81229,1.41154,0,-1.82208,1.43579,0.000409481,-1.89344,1.47474,0,-2.02503,1.54549,-0.000410016
9,1.746,2.27959,2.65596,1.75335,2.28337,2.65384,1.82419,2.38167,2,1.8269,2.41939,2.00353,-1.82367,1.3968,-1.46196e-18,-1.83381,1.42118,0.000568498,-1.90533,1.45935,0,-2.03504,1.52381,-0.000724541
9.01002,1.7279,2.29334,2.65596,1.73495,2.29751,2.65385,1.80528,2.39603,2,1.8065,2.43452,2.00352,-1.83467,1.38232,0,-1.84546,1.40644,0.000732497,-1.91683,1.44422,0,-2.04476,1.50202,-0.00105746
9.01996,1.70946,2.30712,2.65596,1.72201,2.30732,2.65386,1.78601,2.41043,2,1.79217,2.44498,2.00351,-1.8457,1.36757,0,-1.85352,1.396,0.000852414,-1.92834,1.42881,0,-2.05135,1.48666,-0.00129911
9.02999,1.69089,2.32076,2.65596,1.69781,2.32534,2.65387,1.76661,2.42469,2,1.76542,2.46412,2.00349,-1.85661,1.35271,-1.46196e-18,-1.86821,1.37657,0.000559592,-1.93975,1.41329,0,-2.06306,1.45815,-0.00228695
9.03989,1.67234,2.33416,2.65596,1.67908,2.33903,2.65387,1.74723,2.43869,2,1.74475,2.47859,2.00346,-1.86733,1.33787,0,-1.87935,1.36161,-0.000240574,-1.95095,1.39778,0,-2.07166,1.43628,-0.00363389
9.05001,1.65361,2.34747,2.65596,1.66023,2.35257,2.65386,1.72766,2.45259,2,1.72399,2.49284,2.00342,-1.87798,1.32289,1.46196e-18,-1.89044,1.34654,-0.000909351,-1.96207,1.38213,0,-2.08,1.41434,-0.00486959
9.06,1.63492,2.36053,2.65596,1.64127,2.36596,2.65385,1.70813,2.46623,2,1.70315,2.50688,2.00337,-1.88842,1.30793,0,-1.90144,1.33131,-0.00137374,-1.97299,1.3665,0,-2.08811,1.39227,-0.00592518
9.07002,1.61573,2.3737,2.65596,1.6222,2.3792,2.65384,1.68808,2.47999,2,1.68223,2.52069,2.0033,-1.89896,1.29259,0,-1.91227,1.3159,-0.00165225,-1.984,1.35047,0,-2.0959,1.37007,-0.00681561
9.08,1.59669,2.38655,2.65596,1.60302,2.39228,2.65382,1.66819,2.49342,2,1.66123,2.53428,2.00323,-1.90924,1.27735,1.46196e-18,-1.92302,1.30036,-0.00177197,-1.99474,1.33455,0,-2.10346,1.34779,-0.00756582
9.09003,1.57746,2.3993,2.65596,1.58374,2.4052,2.6538,1.6481,2.50674,2,1.64016,2.54765,2.00315,-1.91944,1.26197,-1.46196e-18,-1.93373,1.28475,-0.00175677,-2.0054,1.31848,0,-2.11082,1.32548,-0.0081976
9.10007,1.5583,2.41179,2.65596,1.56435,2.41797,2.65378,1.62808,2.51979,2,1.61902,2.56079,2.00307,-1.92943,1.24664,0,-1.94435,1.26906,-0.0016379,-2.01583,1.30247,0,-2.11797,1.30316,-0.00873976
9.11195,1.53485,2.42678,2.65596,1.54094,2.43309,2.65377,1.60358,2.53545,2,1.60417,2.56986,2.003,-1.94143,1.22788,-1.46196e-18,-1.95695,1.25016,-0.00138135,-2.02836,1.28286,0,-2.12282,1.28754,-0.00907522
9.11991,1.51971,2.4363,2.65596,1.52525,2.44304,2.65376,1.58776,2.54539,2,1.58291,2.58262,2.00291,-1.94904,1.21577,0,-1.96522,1.23745,-0.00116618,-2.03631,1.27021,0,-2.12953,1.26523,-0.00950074
9.12992,1.50015,2.44839,2.65596,1.50555,2.45533,2.65375,1.56733,2.55802,2,1.56158,2.59516,2.00281,-1.95871,1.20012,0,-1.97544,1.22148,-0.000864604,-2.04642,1.25386,0,-2.13596,1.24286,-0.0098971
9.13999,1.48041,2.46037,2.65596,1.48574,2.46747,2.65374,1.54671,2.57054,2,1.53376,2.61113,2.00268,-1.9683,1.18433,-1.46196e-18,-1.98554,1.20538,-0.000534541,-2.05644,1.23737,0,-2.14397,1.21377,-0.0103695
9.15,1.46076,2.47209,2.65596,1.46584,2.47944,2.65373,1.52617,2.58279,2,1.5123,2.62315,2.00258,-1.97767,1.16861,0,-1.99552,1.18918,-0.000186103,-2.06623,1.22094,0,-2.14988,1.19139,-0.0107114
9.15999,1.43999,2.48425,2.65596,1.44583,2.49125,2.65373,1.50447,2.59549,2,1.49077,2.63496,2.00247,-1.9874,1.15199,0,-2.0054,1.17292,0.000172828,-2.07639,1.20358,0,-2.1556,1.16906,-0.0110419
9.16993,1.42103,2.49514,2.65596,1.42573,2.5029,2.65374,1.48466,2.60687,2,1.46918,2.64654,2.00236,-1.99611,1.13682,0,-2.01519,1.15665,0.000527655,-2.0855,1.18773,0,-2.16116,1.14684,-0.0113729
9.18093,1.39881,2.50766,2.65596,1.4116,2.51096,2.65374,1.46145,2.61995,2,1.45404,2.65451,2.00228,-2.00613,1.11905,-1.46196e-18,-2.02196,1.1452,0.000761928,-2.09596,1.16916,0,-2.16492,1.13131,-0.0116145
9.19001,1.38085,2.5176,2.65596,1.38523,2.5257,2.65375,1.44269,2.63033,2,1.42585,2.66903,2.00212,-2.01408,1.10468,0,-2.03428,1.12388,0.000733686,-2.10427,1.15415,0,-2.17159,1.10258,-0.0125108
9.19991,1.36055,2.52863,2.65596,1.36484,2.53686,2.65376,1.42148,2.64186,2,1.40411,2.67995,2.00199,-2.0229,1.08844,0,-2.04354,1.10747,1.3471e-05,-2.11348,1.13718,0,-2.17644,1.08065,-0.0138797
9.20999,1.34043,2.53935,2.65596,1.34436,2.54785,2.65376,1.40045,2.65306,2,1.38233,2.69064,2.00184,-2.03148,1.07234,0,-2.05265,1.09095,-0.000573401,-2.12245,1.12036,0,-2.18105,1.05875,-0.0151025
9.2201,1.31917,2.55046,2.65596,1.32379,2.55868,2.65375,1.37824,2.66467,2,1.36049,2.70112,2.00169,-2.04037,1.05533,0,-2.06157,1.07431,-0.000953755,-2.13173,1.10259,0,-2.18545,1.03688,-0.0161039
9.23001,1.29954,2.56052,2.65596,1.30313,2.56934,2.65374,1.35773,2.67517,2,1.34519,2.70833,2.00157,-2.04841,1.03963,1.46196e-18,-2.07033,1.05758,-0.00117917,-2.14014,1.08619,0,-2.18845,1.02161,-0.0167001
9.23993,1.2791,2.57079,2.65596,1.29069,2.57565,2.65373,1.33638,2.68591,2,1.32547,2.71743,2.00142,-2.05663,1.02328,0,-2.07553,1.04746,-0.00125234,-2.14872,1.0691,0,-2.19216,1.00198,-0.0173558
9.25004,1.25813,2.58112,2.65596,1.26781,2.58707,2.65371,1.31446,2.6967,2,1.30133,2.72832,2.00122,-2.06489,1.0065,0,-2.08488,1.02889,-0.00185705,-2.15736,1.05157,0,-2.1965,0.978154,-0.0185759
9.26004,1.23771,2.59097,2.65596,1.24692,2.59728,2.65369,1.29314,2.70699,2,1.27935,2.738,2.00103,-2.07277,0.990171,-1.46196e-18,-2.09325,1.01199,-0.00276567,-2.16559,1.03451,0,-2.20026,0.956658,-0.0200117
9.26997,1.21715,2.60069,2.65596,1.22595,2.60731,2.65366,1.27165,2.71715,2,1.25733,2.74745,2.00082,-2.08055,0.973717,0,-2.10157,0.994947,-0.00346873,-2.17372,1.01732,0,-2.20385,0.935199,-0.0212114
9.28002,1.19616,2.61041,2.65596,1.20489,2.61718,2.65362,1.24972,2.72731,2,1.23527,2.7567,2.00061,-2.08833,0.956927,0,-2.10972,0.9777,-0.00389087,-2.18184,0.999778,0,-2.20722,0.91371,-0.022099
9.28998,1.17531,2.61987,2.65596,1.18375,2.62687,2.65358,1.22793,2.73718,2,1.21319,2.76573,2.00038,-2.09589,0.940244,1.46196e-18,-2.11769,0.960282,-0.00409419,-2.18975,0.982348,0,-2.21035,0.892233,-0.0227359
9.29997,1.15431,2.62919,2.65596,1.16254,2.63638,2.65354,1.206,2.74692,2,1.19107,2.77454,2.00015,-2.10335,0.923446,0,-2.12546,0.942701,-0.00411707,-2.19754,0.964798,0,-2.21326,0.870783,-0.0231585
9.30998,1.13353,2.63821,2.65596,1.14124,2.64572,2.6535,1.18429,2.75635,2,1.16892,2.78314,1.99992,-2.11057,0.906826,0,-2.13309,0.925,-0.00400238,-2.20508,0.947433,0,-2.21601,0.849409,-0.0234077
9.31988,1.11251,2.64714,2.65596,1.11988,2.65488,2.65346,1.16233,2.76568,2,1.14675,2.79153,1.99969,-2.11772,0.890006,0,-2.14063,0.907213,-0.00378764,-2.21255,0.92986,0,-2.21866,0.828155,-0.0235197
9.32998,1.09063,2.65623,2.65596,1.09843,2.66386,2.65342,1.13947,2.77518,2,1.12455,2.79971,1.99945,-2.12499,0.872506,1.46196e-18,-2.14801,0.889317,-0.00351195,-2.22014,0.911577,0,-2.22117,0.806999,-0.0235328
9.34002,1.06936,2.66487,2.65596,1.07692,2.67267,2.65339,1.11724,2.7842,2,1.10232,2.80767,1.99921,-2.13189,0.855488,0,-2.15526,0.871341,-0.00319234,-2.22736,0.893796,0,-2.22359,0.785975,-0.0234636
9.35003,1.04776,2.67343,2.65596,1.05533,2.68129,2.65336,1.09468,2.79315,2,1.08008,2.81543,1.99898,-2.13875,0.838209,0,-2.16237,0.853284,-0.00282717,-2.23452,0.875744,0,-2.2259,0.765083,-0.0233097
9.36004,1.02643,2.6817,2.65596,1.03367,2.68973,2.65333,1.07239,2.80178,2,1.05781,2.82298,1.99875,-2.14536,0.821145,-7.3098e-19,-2.16927,0.835187,-0.00243008,-2.24142,0.857915,0,-2.22805,0.744367,-0.0230842
9.36998,1.00528,2.6897,2.65596,1.01194,2.69799,2.65331,1.05029,2.81014,2,1.03552,2.83032,1.99852,-2.15176,0.80422,-7.3098e-19,-2.17609,0.817079,-0.00200471,-2.24811,0.840233,0,-2.23018,0.723856,-0.0227909
9.37999,0.983909,2.69759,2.65596,0.990148,2.70607,2.65329,1.02797,2.81838,2,1.0132,2.83745,1.99829,-2.15807,0.787127,0,-2.18275,0.798898,-0.00157656,-2.25471,0.822374,0,-2.23223,0.703489,-0.022455
9.38997,0.962461,2.70531,2.65596,0.968288,2.71397,2.65328,1.00556,2.82646,2,0.990872,2.84439,1.99807,-2.16425,0.769969,0,-2.18927,0.780666,-0.00115309,-2.26116,0.804448,0,-2.23422,0.683292,-0.022084
9.4,0.940605,2.71299,2.65596,0.946363,2.72169,2.65327,0.982725,2.83448,2,0.96852,2.85112,1.99785,-2.17039,0.752484,7.3098e-19,-2.19567,0.76243,-0.000734096,-2.26758,0.78618,0,-2.23621,0.66331,-0.0216784
9.40999,0.918939,2.7204,2.65596,0.924375,2.72922,2.65327,0.960089,2.84222,2,0.946148,2.85765,1.99764,-2.17632,0.735151,0,-2.20193,0.74415,-0.000326246,-2.27378,0.768071,0,-2.23817,0.643503,-0.0212458
9.41997,0.896941,2.72774,2.65596,0.902325,2.73657,2.65326,0.937105,2.84988,2,0.923757,2.86399,1.99743,-2.18219,0.717553,0,-2.20806,0.725818,6.7265e-05,-2.27991,0.749684,0,-2.24013,0.623861,-0.0207896
9.42993,0.875388,2.73473,2.65596,0.880214,2.74374,2.65327,0.914588,2.85719,2,0.901346,2.87013,1.99722,-2.18778,0.700311,0,-2.21402,0.707389,0.000441657,-2.28575,0.73167,0,-2.24206,0.604339,-0.0203152
9.43996,0.853551,2.74162,2.65596,0.858045,2.75072,2.65327,0.891773,2.86439,2,0.878915,2.87608,1.99702,-2.1933,0.682841,0,-2.21983,0.688971,0.000802529,-2.29151,0.713418,0,-2.24398,0.585042,-0.0198184
9.44996,0.831411,2.74842,2.65596,0.835818,2.75752,2.65328,0.868641,2.87149,2,0.856466,2.88183,1.99682,-2.19873,0.665129,0,-2.22547,0.670505,0.00114104,-2.29719,0.694913,0,-2.24588,0.565904,-0.0193097
9.46,0.809086,2.75507,2.65596,0.813536,2.76413,2.6533,0.845317,2.87844,2,0.833998,2.8874,1.99663,-2.20406,0.647269,-7.3098e-19,-2.23087,0.651952,0.00145409,-2.30276,0.676253,0,-2.2477,0.546887,-0.0187932
9.46994,0.787351,2.76136,2.65596,0.791201,2.77055,2.65331,0.822608,2.88502,2,0.811512,2.89277,1.99645,-2.20909,0.629881,7.3098e-19,-2.23617,0.633403,0.00175398,-2.30801,0.658086,0,-2.24959,0.528079,-0.0182573
9.47999,0.76501,2.76764,2.65596,0.768813,2.7768,2.65333,0.799267,2.89157,2,0.789006,2.89796,1.99627,-2.21411,0.612008,0,-2.24134,0.614819,0.00203181,-2.31326,0.639414,0,-2.2515,0.50944,-0.0177123
9.48998,0.743203,2.77357,2.65596,0.746375,2.78285,2.65335,0.776483,2.89777,2,0.766482,2.90296,1.99609,-2.21886,0.594562,7.3098e-19,-2.24637,0.596237,0.00229073,-2.31822,0.621186,0,-2.25344,0.491001,-0.0171569
9.50005,0.720273,2.77961,2.65596,0.723887,2.78872,2.65338,0.752527,2.90408,2,0.743938,2.90778,1.99593,-2.22369,0.576218,7.3098e-19,-2.25118,0.577675,0.00253372,-2.32327,0.602021,0,-2.25535,0.472776,-0.0165896
9.50999,0.698222,2.78524,2.65596,0.701352,2.7944,2.6534,0.729488,2.90996,2,0.721375,2.91242,1.99576,-2.22819,0.558577,0,-2.25577,0.559112,0.00274876,-2.32797,0.58359,0,-2.25722,0.454742,-0.0160242
9.51992,0.675883,2.79074,2.65596,0.678772,2.7999,2.65343,0.706149,2.91571,2,0.698793,2.91687,1.99561,-2.23259,0.540707,-7.3098e-19,-2.26015,0.540484,0.00293903,-2.33257,0.564919,0,-2.25907,0.436837,-0.015458
9.52988,0.652856,2.79622,2.65596,0.65615,2.80521,2.65346,0.682091,2.92143,2,0.676193,2.92115,1.99545,-2.23697,0.522285,7.3098e-19,-2.26434,0.521828,0.00311617,-2.33714,0.545673,0,-2.2609,0.419095,-0.0148804
9.54068,0.629663,2.80153,2.65596,0.633486,2.81034,2.65349,0.657859,2.92698,2,0.653576,2.92526,1.99531,-2.24122,0.503731,-7.3098e-19,-2.26824,0.503136,0.00327306,-2.34159,0.526287,0,-2.26264,0.401506,-0.0143004
9.54995,0.608991,2.8061,2.65596,0.610786,2.81528,2.65353,0.636261,2.93175,2,0.630941,2.92918,1.99517,-2.24488,0.487193,0,-2.2719,0.484404,0.00339619,-2.3454,0.509009,0,-2.26432,0.384061,-0.0137328
9.55998,0.586695,2.81084,2.65596,0.588049,2.82003,2.65356,0.612967,2.93671,2,0.608289,2.93294,1.99503,-2.24867,0.469356,7.3098e-19,-2.27549,0.465684,0.003421,-2.34937,0.490374,0,-2.2661,0.366812,-0.0132429
9.56998,0.564302,2.81542,2.65596,0.565276,2.82459,2.6536,0.589571,2.9415,2,0.585619,2.93652,1.9949,-2.25234,0.451442,7.3098e-19,-2.27893,0.446966,0.00341892,-2.3532,0.471657,0,-2.26793,0.349745,-0.0127617
9.57997,0.541796,2.81984,2.65596,0.54247,2.82897,2.65363,0.566057,2.94611,2,0.56293,2.93993,1.99478,-2.25587,0.433437,7.3098e-19,-2.28223,0.428239,0.00342392,-2.35689,0.452846,0,-2.26982,0.332841,-0.0122582
9.58998,0.518721,2.82418,2.65596,0.519632,2.83316,2.65366,0.541949,2.95064,2,0.540222,2.94318,1.99466,-2.25934,0.414977,7.3098e-19,-2.28536,0.409485,0.00343516,-2.36051,0.433559,0,-2.27176,0.316076,-0.0117347
9.59997,0.496233,2.82822,2.65596,0.496764,2.83716,2.6537,0.518454,2.95486,2,0.517495,2.94626,1.99454,-2.26257,0.396986,-7.3098e-19,-2.28828,0.390739,0.00345631,-2.36389,0.414763,0,-2.2737,0.299484,-0.011189
9.60998,0.47378,2.83206,2.65596,0.473867,2.84097,2.65373,0.494996,2.95888,2,0.494748,2.94917,1.99443,-2.26565,0.379024,0,-2.29104,0.372002,0.00348002,-2.36711,0.395997,0,-2.27568,0.28306,-0.01063
9.62,0.45078,2.83581,2.65596,0.450944,2.8446,2.65377,0.470966,2.9628,2,0.471981,2.95192,1.99433,-2.26865,0.360624,3.6549e-19,-2.29362,0.353199,0.00349372,-2.37024,0.376772,0,-2.27769,0.266725,-0.0100714
9.63005,0.427918,2.83935,2.65596,0.427995,2.84803,2.6538,0.44708,2.9665,2,0.449194,2.9545,1.99423,-2.27148,0.342335,-3.6549e-19,-2.29597,0.334357,0.00350488,-2.3732,0.357664,0,-2.27969,0.250505,-0.00950737
9.63997,0.405756,2.84261,2.65596,0.405025,2.85128,2.65384,0.423925,2.9699,2,0.426387,2.95693,1.99414,-2.27409,0.324604,3.6549e-19,-2.29811,0.315476,0.00350971,-2.37592,0.33914,0,-2.28168,0.234394,-0.00894305
9.65005,0.382339,2.84585,2.65596,0.382034,2.85434,2.65387,0.39946,2.97329,2,0.40356,2.95919,1.99405,-2.27668,0.305871,0,-2.30009,0.296604,0.00350675,-2.37863,0.319568,0,-2.28373,0.218432,-0.00838126
9.65996,0.360285,2.84873,2.65596,0.359024,2.85721,2.65391,0.376418,2.97629,2,0.380713,2.9613,1.99397,-2.27898,0.288228,0,-2.30189,0.277742,0.0035018,-2.38103,0.301135,0,-2.2858,0.202613,-0.00781812
9.66999,0.337169,2.85156,2.65596,0.335997,2.8599,2.65394,0.352267,2.97925,2,0.357845,2.96324,1.9939,-2.28124,0.269735,0,-2.30346,0.258876,0.00348278,-2.3834,0.281814,0,-2.28784,0.18692,-0.00726654
9.67999,0.314299,2.85417,2.65596,0.312955,2.86239,2.65398,0.328373,2.98197,2,0.334956,2.96504,1.99383,-2.28333,0.251439,0,-2.30476,0.240028,0.00345149,-2.38558,0.262699,0,-2.28982,0.171367,-0.00672621
9.68996,0.291743,2.85656,2.65596,0.289902,2.8647,2.65401,0.304807,2.98448,2,0.312048,2.96667,1.99376,-2.28525,0.233394,0,-2.30586,0.22115,0.0034179,-2.38758,0.243846,0,-2.2918,0.155901,-0.00618802
9.69987,0.268812,2.85881,2.65596,0.266839,2.86682,2.65405,0.280849,2.98682,2,0.28912,2.96815,1.9937,-2.28705,0.215049,0,-2.30682,0.202211,0.00337953,-2.38946,0.224679,0,-2.29384,0.140487,-0.00565471
9.70996,0.245893,2.86087,2.65596,0.243766,2.86874,2.65408,0.256904,2.98898,2,0.266171,2.96948,1.99365,-2.2887,0.196714,-3.6549e-19,-2.30768,0.183253,0.00333148,-2.39118,0.205523,0,-2.29597,0.12516,-0.00513236
9.72,0.222792,2.86276,2.65596,0.220685,2.87048,2.65411,0.232768,2.99096,2,0.243201,2.97066,1.9936,-2.29021,0.178233,0,-2.30837,0.164283,0.00328479,-2.39277,0.186214,0,-2.29811,0.109914,-0.00461126
9.73,0.200259,2.86443,2.65596,0.197599,2.87203,2.65415,0.209227,2.9927,2,0.220209,2.97168,1.99356,-2.29154,0.160207,0,-2.30887,0.14534,0.00323513,-2.39416,0.167381,0,-2.30024,0.0947794,-0.00409703
9.73999,0.177193,2.86595,2.65596,0.174509,2.87339,2.65418,0.185128,2.99428,2,0.197196,2.97255,1.99352,-2.29276,0.141754,-1.82745e-19,-2.30922,0.126421,0.00318338,-2.39543,0.148102,0,-2.30242,0.0797426,-0.00358952
9.75002,0.153476,2.86731,2.65596,0.151415,2.87456,2.65421,0.160349,2.99571,2,0.174161,2.97328,1.99349,-2.29385,0.122781,0,-2.30939,0.107532,0.0031359,-2.39657,0.128279,0,-2.30457,0.0648021,-0.0030828
9.76,0.131344,2.86841,2.65596,0.128321,2.87554,2.65424,0.137225,2.99686,2,0.151104,2.97385,1.99346,-2.29473,0.105075,0,-2.30948,0.0886989,0.00308679,-2.39749,0.10978,0,-2.30683,0.0499769,-0.00258305
9.76997,0.108213,2.86938,2.65596,0.105226,2.87633,2.65427,0.113059,2.99787,2,0.128024,2.97428,1.99343,-2.2955,0.0865704,-9.13725e-20,-2.30944,0.0698854,0.0030201,-2.3983,0.090447,0,-2.30911,0.0352258,-0.00210561
9.77999,0.0853736,2.87015,2.65596,0.0821329,2.87694,2.6543,0.0891966,2.99867,2,0.104922,2.97455,1.99342,-2.29612,0.0682989,0,-2.30924,0.051079,0.00295784,-2.39894,0.0713573,0,-2.31139,0.0205262,-0.00162919
9.78998,0.0625956,2.87074,2.65596,0.0590422,2.87735,2.65433,0.0653986,2.99929,2,0.0817964,2.97469,1.9934,-2.29659,0.0500765,0,-2.30886,0.0322779,0.00289912,-2.39943,0.0523189,0,-2.31364,0.00586568,-0.00115527
9.79996,0.0396297,2.87115,2.65596,0.0359565,2.87758,2.65436,0.0414043,2.99971,2,0.058649,2.97467,1.99339,-2.29692,0.0317037,0,-2.30827,0.0135109,0.00283851,-2.39977,0.0331234,0,-2.31584,-0.00873428,-0.000688963
9.80999,0.0164791,2.87137,2.65596,0.0128771,2.87762,2.65439,0.017217,2.99995,2,0.0354794,2.97451,1.99339,-2.2971,0.0131833,2.28431e-20,-2.30759,-0.00522095,0.00278164,-2.39996,0.0137736,0,-2.31808,-0.0232816,-0.000224597
9.81998,-0.00633594,2.87141,2.65596,-0.0101948,2.87748,2.65441,-0.00661966,2.99999,2,0.0122873,2.97421,1.99339,-2.29713,-0.00506876,5.71078e-21,-2.30679,-0.0239132,0.00272854,-2.39999,-0.00529573,0,-2.32035,-0.03778,0.000238268
9.82998,-0.0292733,2.87127,2.65596,-0.0332583,2.87714,2.65444,-0.0305842,2.99984,2,-0.0109276,2.97376,1.99339,-2.29702,-0.0234187,0,-2.30588,-0.0425718,0.00268078,-2.39988,-0.0244673,0,-2.32263,-0.0522423,0.00070177
9.8401,-0.0527615,2.87093,2.65596,-0.0563121,2.87663,2.65447,-0.0551241,2.99949,2,-0.0341653,2.97316,1.9934,-2.29675,-0.0422092,4.56862e-20,-2.30483,-0.0611894,0.002633,-2.39959,-0.0440993,0,-2.32488,-0.0666705,0.00116069
9.84995,-0.0752037,2.87043,2.65596,-0.0793544,2.87592,2.65449,-0.0785713,2.99897,2,-0.0574252,2.97242,1.99342,-2.29635,-0.0601629,0,-2.30363,-0.0798066,0.00257907,-2.39918,-0.062857,0,-2.32711,-0.0811142,0.00160914
9.85996,-0.0982708,2.86974,2.65596,-0.102384,2.87503,2.65452,-0.102671,2.99824,2,-0.0807073,2.97154,1.99343,-2.29579,-0.0786167,-9.13725e-20,-2.30227,-0.0983734,0.00252774,-2.39859,-0.0821371,0,-2.32929,-0.0955283,0.00205716
9.86997,-0.121257,2.86886,2.65596,-0.125399,2.87395,2.65455,-0.126687,2.99732,2,-0.104011,2.97051,1.99346,-2.29509,-0.0970059,-9.13725e-20,-2.30069,-0.11691,0.00248027,-2.39786,-0.10135,0,-2.33135,-0.109942,0.00250627
9.88003,-0.145358,2.86774,2.65596,-0.148397,2.87269,2.65457,-0.151867,2.99615,2,-0.127334,2.96934,1.99348,-2.29419,-0.116286,1.82745e-19,-2.29897,-0.135407,0.00243562,-2.39692,-0.121493,0,-2.33335,-0.124356,0.0029557
9.88996,-0.167177,2.86655,2.65596,-0.171378,2.87125,2.65459,-0.174663,2.99491,2,-0.150677,2.96802,1.99352,-2.29324,-0.133741,1.82745e-19,-2.29704,-0.15389,0.00237127,-2.39593,-0.13973,0,-2.33524,-0.1388,0.00338434
9.90006,-0.190076,2.86512,2.65596,-0.194338,2.86961,2.65462,-0.198588,2.99342,2,-0.174039,2.96656,1.99355,-2.2921,-0.152061,-1.82745e-19,-2.29503,-0.172328,0.00227765,-2.39474,-0.15887,0,-2.3371,-0.153241,0.00378503
9.90997,-0.213125,2.8635,2.65596,-0.217278,2.8678,2.65464,-0.222669,2.99172,2,-0.197419,2.96496,1.99359,-2.2908,-0.1705,-1.82745e-19,-2.29287,-0.190704,0.0021878,-2.39338,-0.178135,0,-2.33887,-0.167676,0.00419031
9.91998,-0.236279,2.86168,2.65596,-0.240195,2.8658,2.65466,-0.24686,2.98983,2,-0.220816,2.96321,1.99364,-2.28935,-0.189023,0,-2.2905,-0.209018,0.00211196,-2.39186,-0.197488,0,-2.34051,-0.182117,0.0046101
9.92996,-0.258892,2.85972,2.65596,-0.263087,2.86362,2.65468,-0.270485,2.98778,2,-0.244229,2.96132,1.99368,-2.28778,-0.207113,0,-2.28803,-0.227298,0.00204585,-2.39023,-0.216388,0,-2.3421,-0.196594,0.00504163
9.93997,-0.281505,2.85759,2.65596,-0.285955,2.86125,2.6547,-0.294111,2.98555,2,-0.267657,2.95928,1.99374,-2.28607,-0.225204,3.6549e-19,-2.28547,-0.24554,0.0019957,-2.38844,-0.235288,0,-2.34362,-0.211104,0.00549298
9.94998,-0.30477,2.8552,2.65596,-0.308796,2.85871,2.65472,-0.318417,2.98305,2,-0.291101,2.9571,1.99379,-2.28416,-0.243816,3.6549e-19,-2.28276,-0.263767,0.0019501,-2.38644,-0.254734,0,-2.34504,-0.225678,0.00595272
9.95994,-0.327351,2.8527,2.65596,-0.33161,2.85598,2.65474,-0.34201,2.98044,2,-0.314558,2.95477,1.99386,-2.28216,-0.261881,0,-2.27992,-0.281919,0.00190652,-2.38435,-0.273608,0,-2.34635,-0.24027,0.00641792
9.97,-0.350221,2.84998,2.65596,-0.354394,2.85307,2.65476,-0.365904,2.9776,2,-0.338028,2.95229,1.99392,-2.27999,-0.280177,3.6549e-19,-2.27699,-0.300018,0.00186571,-2.38208,-0.292723,0,-2.3476,-0.254904,0.00689053
9.97993,-0.372873,2.84711,2.65596,-0.377149,2.84998,2.65478,-0.38957,2.9746,2,-0.361509,2.94967,1.99399,-2.27769,-0.298298,3.6549e-19,-2.27393,-0.318044,0.00183581,-2.37968,-0.311656,0,-2.34873,-0.269563,0.00737954
9.98998,-0.395759,2.84402,2.65596,-0.399872,2.84671,2.6548,-0.413481,2.97137,2,-0.385002,2.9469,1.99407,-2.27521,-0.316607,0,-2.2707,-0.336034,0.00180497,-2.3771,-0.330785,0,-2.3497,-0.28429,0.00787327
9.99999,-0.418656,2.84074,2.65596,-0.422563,2.84326,2.65481,-0.437403,2.96794,2,-0.408503,2.94398,1.99415,-2.27259,-0.334925,3.6549e-19,-2.2673,-0.354038,0.00176496,-2.37435,-0.349923,0,-2.35049,-0.299142,0.00836381
10.01,-0.441136,2.83733,2.65596,-0.445218,2.83963,2.65483,-0.460889,2.96439,2,-0.432011,2.94092,1.99424,-2.26987,-0.352908,0,-2.26371,-0.372019,0.00172011,-2.37151,-0.368712,0,-2.3511,-0.314083,0.00885616
10.0201,-0.464534,2.83359,2.65596,-0.467837,2.83582,2.65485,-0.485335,2.96048,2,-0.455524,2.9377,1.99433,-2.26688,-0.371627,-3.6549e-19,-2.26002,-0.389983,0.00167251,-2.36839,-0.388268,0,-2.35158,-0.329124,0.009353
10.03,-0.486755,2.82986,2.65596,-0.490418,2.83183,2.65487,-0.508551,2.95658,2,-0.479042,2.93433,1.99442,-2.26389,-0.389404,-3.6549e-19,-2.25624,-0.407947,0.00160917,-2.36527,-0.406841,0,-2.35193,-0.344288,0.00984112
10.04,-0.509088,2.82593,2.65596,-0.512961,2.82766,2.65488,-0.531885,2.95247,2,-0.502562,2.93081,1.99452,-2.26074,-0.407271,0,-2.25231,-0.425832,0.0015417,-2.36198,-0.425508,0,-2.35209,-0.359496,0.0103326
10.05,-0.531864,2.82173,2.65596,-0.535464,2.82331,2.6549,-0.555681,2.94809,2,-0.526083,2.92714,1.99463,-2.25739,-0.425491,7.3098e-19,-2.2482,-0.443676,0.00147249,-2.35847,-0.444545,0,-2.35202,-0.374798,0.0108288
10.06,-0.554752,2.81732,2.65596,-0.557925,2.81879,2.65491,-0.579593,2.94348,2,-0.549603,2.92332,1.99474,-2.25386,-0.443801,0,-2.24399,-0.461506,0.00141063,-2.35478,-0.463675,0,-2.35182,-0.390228,0.0113376
10.07,-0.576987,2.81285,2.65596,-0.580343,2.81408,2.65492,-0.602824,2.93881,2,-0.573119,2.91934,1.99486,-2.25028,-0.461589,-7.3098e-19,-2.23971,-0.479297,0.00134279,-2.35105,-0.482259,0,-2.35147,-0.405757,0.0118464
10.08,-0.599617,2.80811,2.65596,-0.602719,2.8092,2.65494,-0.626468,2.93386,2,-0.596631,2.9152,1.99498,-2.24649,-0.479694,0,-2.23537,-0.497007,0.00127483,-2.34709,-0.501174,0,-2.35098,-0.421348,0.0123608
10.0899,-0.621458,2.80336,2.65596,-0.62505,2.80414,2.65495,-0.649287,2.9289,2,-0.620138,2.91091,1.9951,-2.24269,-0.497167,7.3098e-19,-2.23098,-0.514648,0.00120699,-2.34312,-0.519429,0,-2.35036,-0.437019,0.0128792
10.1,-0.644462,2.79816,2.65596,-0.647338,2.79891,2.65496,-0.673321,2.92346,2,-0.643638,2.90646,1.99524,-2.23853,-0.51557,7.3098e-19,-2.22651,-0.532244,0.00112862,-2.33877,-0.538657,0,-2.34957,-0.452801,0.0133899
10.11,-0.666364,2.79303,2.65596,-0.66958,2.7935,2.65497,-0.696204,2.9181,2,-0.667129,2.90185,1.99537,-2.23442,-0.533092,0,-2.22188,-0.549764,0.00103819,-2.33448,-0.556963,0,-2.34855,-0.468666,0.0138898
10.12,-0.689176,2.78749,2.65596,-0.691775,2.78791,2.65498,-0.720037,2.91231,2,-0.690609,2.89709,1.99551,-2.22999,-0.551341,-7.3098e-19,-2.21719,-0.56728,0.000943296,-2.32985,-0.57603,0,-2.34738,-0.484691,0.0143856
10.1299,-0.710833,2.78204,2.65596,-0.713923,2.78215,2.65499,-0.742664,2.90662,2,-0.714076,2.89216,1.99566,-2.22563,-0.568667,7.3098e-19,-2.21236,-0.58472,0.000853425,-2.3253,-0.594131,0,-2.34596,-0.500802,0.0148858
10.14,-0.733301,2.77621,2.65596,-0.736022,2.77622,2.655,-0.766138,2.90052,2,-0.737527,2.88707,1.99581,-2.22096,-0.586641,-7.3098e-19,-2.20738,-0.602082,0.000767585,-2.32042,-0.612911,0,-2.3443,-0.517003,0.0153876
10.15,-0.755323,2.7703,2.65596,-0.75807,2.77011,2.65501,-0.789146,2.89435,2,-0.760961,2.88182,1.99597,-2.21624,-0.604258,-7.3098e-19,-2.20224,-0.619376,0.000690892,-2.31548,-0.631316,0,-2.34235,-0.533307,0.0158942
10.16,-0.777635,2.76412,2.65596,-0.780067,2.76383,2.65501,-0.812457,2.88789,2,-0.784374,2.8764,1.99613,-2.21129,-0.622108,0,-2.197,-0.636621,0.000616625,-2.31031,-0.649966,0,-2.34019,-0.549733,0.0163978
10.17,-0.799784,2.75779,2.65596,-0.80201,2.75738,2.65502,-0.835598,2.88128,2,-0.807764,2.87082,1.9963,-2.20623,-0.639827,-7.3098e-19,-2.19162,-0.653819,0.000544582,-2.30502,-0.668478,0,-2.33777,-0.56628,0.0168971
10.18,-0.82154,2.75139,2.65596,-0.823899,2.75075,2.65502,-0.858328,2.87459,2,-0.831128,2.86508,1.99647,-2.20111,-0.657232,0,-2.18623,-0.671014,0.000471917,-2.29967,-0.686662,0,-2.3352,-0.582994,0.0173874
10.19,-0.844368,2.74447,2.65596,-0.845734,2.74396,2.65503,-0.882178,2.86736,2,-0.854467,2.85916,1.99664,-2.19557,-0.675494,7.3098e-19,-2.18077,-0.688212,0.000384901,-2.29389,-0.705742,0,-2.33243,-0.599879,0.0178532
10.1999,-0.86542,2.7379,2.65596,-0.867514,2.73699,2.65503,-0.904173,2.8605,2,-0.877776,2.85308,1.99682,-2.19032,-0.692336,0,-2.1752,-0.705323,0.000285975,-2.2884,-0.723338,0,-2.32941,-0.616853,0.018294
10.2101,-0.887887,2.7307,2.65596,-0.889238,2.72985,2.65503,-0.927646,2.85298,2,-0.901054,2.84683,1.99701,-2.18456,-0.71031,0,-2.16957,-0.722386,0.000163812,-2.28238,-0.742117,0,-2.32617,-0.633953,0.0186964
10.2202,-0.910115,2.72337,2.65596,-0.910905,2.72254,2.65503,-0.95087,2.84532,2,-0.924299,2.8404,1.9972,-2.1787,-0.728092,0,-2.16391,-0.739411,3.9599e-05,-2.27626,-0.760696,0,-2.32276,-0.651194,0.0190787
10.23,-0.931001,2.7163,2.65596,-0.932516,2.71506,2.65503,-0.972691,2.83793,2,-0.947509,2.8338,1.99739,-2.17304,-0.744801,0,-2.15817,-0.756383,-6.7189e-05,-2.27035,-0.778153,0,-2.31911,-0.668557,0.0194589
10.24,-0.952828,2.70872,2.65596,-0.954068,2.70742,2.65503,-0.995495,2.83002,2,-0.970681,2.82703,1.99759,-2.16698,-0.762262,-7.3098e-19,-2.15237,-0.773324,-0.000170553,-2.26401,-0.796396,0,-2.31525,-0.686061,0.0198214
10.25,-0.974701,2.70093,2.65596,-0.975563,2.6996,2.65503,-1.01835,2.82187,2,-0.993813,2.82008,1.99779,-2.16074,-0.779761,7.3098e-19,-2.1465,-0.790243,-0.000276552,-2.2575,-0.814678,0,-2.31117,-0.703724,0.0201561
10.26,-0.995814,2.69321,2.65596,-0.996998,2.69161,2.65503,-1.04041,2.81382,2,-1.0169,2.81295,1.99799,-2.15457,-0.796651,-1.46196e-18,-2.1405,-0.80709,-0.000379925,-2.25105,-0.832325,0,-2.30681,-0.721499,0.0204656
10.27,-1.01756,2.68507,2.65596,-1.01837,2.68346,2.65502,-1.06312,2.80531,2,-1.03995,2.80565,1.9982,-2.14806,-0.814046,0,-2.13436,-0.823859,-0.000485251,-2.24425,-0.850498,0,-2.30215,-0.739375,0.0207434
10.28,-1.03896,2.67687,2.65596,-1.03968,2.67513,2.65502,-1.08548,2.79674,2,-1.06295,2.79817,1.9984,-2.14149,-0.831164,7.3098e-19,-2.12817,-0.840593,-0.000590241,-2.23739,-0.868383,0,-2.29729,-0.757398,0.0209895
10.2901,-1.06088,2.66825,2.65596,-1.06094,2.66664,2.65501,-1.10839,2.78774,2,-1.08589,2.7905,1.99862,-2.1346,-0.848706,-1.46196e-18,-2.1219,-0.857178,-0.000670834,-2.23019,-0.886711,0,-2.2922,-0.775449,0.0212261
10.3,-1.08175,2.65986,2.65596,-1.08212,2.65799,2.655,-1.13019,2.77897,2,-1.10879,2.78266,1.99883,-2.12789,-0.865401,1.46196e-18,-2.11549,-0.873693,-0.00074556,-2.22318,-0.904153,0,-2.28682,-0.793606,0.0214329
10.31,-1.1029,2.65116,2.65596,-1.10324,2.64917,2.655,-1.15228,2.76988,2,-1.13163,2.77463,1.99904,-2.12093,-0.882318,0,-2.10896,-0.89015,-0.000818199,-2.2159,-0.921828,0,-2.28117,-0.811873,0.021605
10.32,-1.12413,2.64223,2.65596,-1.1243,2.64019,2.65499,-1.17447,2.76055,2,-1.15441,2.76642,1.99926,-2.11378,-0.899303,0,-2.10235,-0.906589,-0.000881966,-2.20844,-0.939573,0,-2.27529,-0.830286,0.0217477
10.33,-1.14522,2.63316,2.65596,-1.14529,2.63104,2.65498,-1.1965,2.75107,2,-1.17713,2.75802,1.99948,-2.10653,-0.916176,1.46196e-18,-2.09566,-0.922965,-0.000964211,-2.20086,-0.957202,0,-2.26918,-0.848803,0.0218315
10.3399,-1.1663,2.62389,2.65596,-1.16621,2.62173,2.65497,-1.21852,2.74139,2,-1.19979,2.74944,1.9997,-2.09911,-0.933038,-1.46196e-18,-2.08891,-0.939298,-0.00106045,-2.19311,-0.974819,0,-2.26286,-0.867439,0.0218594
10.35,-1.18719,2.6145,2.65596,-1.18707,2.61225,2.65496,-1.24035,2.73158,2,-1.22239,2.74067,1.99992,-2.0916,-0.949753,0,-2.08211,-0.955589,-0.00113775,-2.18526,-0.992282,0,-2.25636,-0.886192,0.0218628
10.3599,-1.20781,2.60504,2.65596,-1.20786,2.60262,2.65495,-1.2619,2.72169,2,-1.24492,2.73172,2.00014,-2.08403,-0.966251,-1.46196e-18,-2.07527,-0.971802,-0.00118563,-2.17735,-1.00952,0,-2.24966,-0.905026,0.0218509
10.3699,-1.22866,2.59527,2.65596,-1.22857,2.59282,2.65493,-1.28368,2.71149,2,-1.26738,2.72257,2.00035,-2.07622,-0.982931,1.46196e-18,-2.06828,-0.987904,-0.00137485,-2.16919,-1.02695,0,-2.24269,-0.923902,0.0216524
10.38,-1.24955,2.58528,2.65596,-1.24922,2.58286,2.65492,-1.30551,2.70105,2,-1.28977,2.71324,2.00057,-2.06822,-0.999642,-1.46196e-18,-2.06114,-1.0039,-0.00158497,-2.16084,-1.04441,0,-2.23544,-0.942829,0.0213856
10.39,-1.27042,2.57509,2.65596,-1.2698,2.57274,2.6549,-1.32731,2.6904,2,-1.31209,2.70372,2.00078,-2.06007,-1.01634,1.46196e-18,-2.05383,-1.01983,-0.00175576,-2.15232,-1.06185,0,-2.22791,-0.961849,0.0211104
10.4,-1.29085,2.56491,2.65596,-1.2903,2.56246,2.65488,-1.34866,2.67976,2,-1.33433,2.694,2.00099,-2.05193,-1.03268,-1.46196e-18,-2.04637,-1.03576,-0.00187352,-2.14381,-1.07893,0,-2.2201,-0.980994,0.0208413
10.41,-1.31139,2.55447,2.65596,-1.31072,2.55203,2.65486,-1.37012,2.66885,2,-1.35649,2.6841,2.0012,-2.04357,-1.04911,0,-2.0388,-1.05151,-0.00255385,-2.13508,-1.09609,0,-2.21206,-1.00008,0.0199676
10.42,-1.33188,2.54384,2.65596,-1.33107,2.54143,2.65483,-1.39152,2.65776,2,-1.37857,2.674,2.00139,-2.03508,-1.0655,0,-2.03112,-1.06717,-0.00361135,-2.12621,-1.11322,0,-2.20379,-1.0192,0.0186727
10.43,-1.3521,2.53316,2.65596,-1.35135,2.53068,2.65479,-1.41265,2.64659,2,-1.40057,2.66371,2.00157,-2.02652,-1.08168,1.46196e-18,-2.02323,-1.08277,-0.00461627,-2.11727,-1.13012,0,-2.19521,-1.03837,0.0173838
10.44,-1.37232,2.52226,2.65596,-1.37154,2.51978,2.65474,-1.43378,2.6352,2,-1.42247,2.65323,2.00174,-2.0178,-1.09786,1.46196e-18,-2.01525,-1.09835,-0.00546775,-2.10816,-1.14702,0,-2.18641,-1.05765,0.0162012
10.45,-1.39287,2.51097,2.65596,-1.39165,2.50872,2.65468,-1.45524,2.62341,2,-1.44429,2.64256,2.00189,-2.00878,-1.11429,-1.46196e-18,-2.00713,-1.11389,-0.00631447,-2.09873,-1.16419,0,-2.17736,-1.077,0.0149773
10.4599,-1.41263,2.49991,2.65596,-1.41168,2.4975,2.65461,-1.47589,2.61185,2,-1.46602,2.63169,2.00204,-1.99992,-1.1301,0,-1.99887,-1.12929,-0.0073239,-2.08948,-1.18071,0,-2.16808,-1.09632,0.013547
10.4701,-1.43245,2.4886,2.65596,-1.43163,2.48613,2.65453,-1.49659,2.60004,2,-1.48765,2.62063,2.00216,-1.99088,-1.14596,0,-1.99056,-1.14456,-0.00908498,-2.08003,-1.19727,0,-2.15863,-1.11556,0.0113281
10.48,-1.45249,2.47696,2.65596,-1.45149,2.47461,2.65443,-1.51754,2.58787,2,-1.50919,2.60938,2.00226,-1.98156,-1.16199,0,-1.98215,-1.15972,-0.0111081,-2.0703,-1.21403,0,-2.14899,-1.13478,0.00880705
10.49,-1.47203,2.4654,2.65596,-1.47127,2.46294,2.65431,-1.53795,2.57579,2,-1.53063,2.59794,2.00234,-1.97232,-1.17762,0,-1.97353,-1.17495,-0.0124053,-2.06064,-1.23036,0,-2.13903,-1.1542,0.00696243
10.4999,-1.49173,2.45353,2.65596,-1.49096,2.45111,2.65419,-1.55853,2.56339,2,-1.55197,2.5863,2.0024,-1.96282,-1.19338,1.46196e-18,-1.96464,-1.19031,-0.0125443,-2.05072,-1.24682,0,-2.1287,-1.17387,0.00622299
10.51,-1.5116,2.44133,2.65596,-1.51056,2.43913,2.65406,-1.57929,2.55066,2,-1.57321,2.57446,2.00246,-1.95307,-1.20928,0,-1.95559,-1.20559,-0.0127776,-2.04052,-1.26343,0,-2.11813,-1.19354,0.00535011
10.52,-1.53107,2.42917,2.65596,-1.53007,2.427,2.65393,-1.59963,2.53795,2,-1.59433,2.56243,2.00251,-1.94334,-1.22486,1.46196e-18,-1.9465,-1.2206,-0.0142863,-2.03036,-1.2797,0,-2.10744,-1.21296,0.0031772
10.5301,-1.55048,2.41683,2.65596,-1.54949,2.41472,2.65377,-1.61991,2.52505,2,-1.61535,2.5502,2.00253,-1.93346,-1.24038,1.46196e-18,-1.93733,-1.23537,-0.0168212,-2.02004,-1.29593,0,-2.09661,-1.23217,-4.65859e-05
10.54,-1.56956,2.40448,2.65596,-1.56882,2.40229,2.65359,-1.63984,2.51216,2,-1.63627,2.53778,2.0025,-1.92359,-1.25565,0,-1.92816,-1.24986,-0.0205405,-2.00972,-1.31187,0,-2.08571,-1.25109,-0.00447514
10.55,-1.58873,2.39186,2.65596,-1.58805,2.38972,2.65337,-1.65988,2.49896,2,-1.65707,2.52518,2.00244,-1.91349,-1.27099,0,-1.91888,-1.26439,-0.0236411,-1.99917,-1.3279,0,-2.07463,-1.27014,-0.00832354
10.56,-1.60777,2.3791,2.65596,-1.6072,2.37701,2.6531,-1.67976,2.48564,2,-1.67776,2.51239,2.00232,-1.90328,-1.28621,0,-1.90995,-1.27821,-0.0309463,-1.98851,-1.34381,0,-2.06389,-1.28832,-0.0163562
10.57,-1.62672,2.36618,2.65596,-1.62625,2.36416,2.65275,-1.69957,2.47214,2,-1.69835,2.49941,2.00211,-1.89295,-1.30138,1.46196e-18,-1.90079,-1.29209,-0.0372469,-1.97771,-1.35965,0,-2.05284,-1.30665,-0.0234241
10.58,-1.64561,2.35309,2.65596,-1.64521,2.35116,2.65237,-1.71929,2.45846,2,-1.71881,2.48625,2.00187,-1.88247,-1.31648,1.46196e-18,-1.8909,-1.30685,-0.0371023,-1.96677,-1.37544,0,-2.04089,-1.32621,-0.0241525
10.59,-1.66421,2.33997,2.65596,-1.66407,2.33802,2.65202,-1.73873,2.44475,2,-1.73916,2.47288,2.00164,-1.87198,-1.33136,0,-1.88045,-1.32212,-0.0328729,-1.9558,-1.39098,0,-2.02821,-1.34653,-0.0208728
10.6,-1.68304,2.32646,2.65596,-1.68282,2.32473,2.65166,-1.75841,2.43064,2,-1.75938,2.45933,2.0014,-1.86117,-1.34643,0,-1.87094,-1.33547,-0.0405481,-1.94451,-1.40673,0,-2.01669,-1.36437,-0.0293696
10.61,-1.7014,2.31307,2.65596,-1.70149,2.31131,2.6512,-1.77758,2.41665,2,-1.7795,2.4456,2.00104,-1.85046,-1.36112,1.46196e-18,-1.8615,-1.34834,-0.0506651,-1.93332,-1.42207,0,-2.00525,-1.38164,-0.0402955
10.62,-1.71982,2.2994,2.65596,-1.72005,2.29775,2.65071,-1.79684,2.40237,2,-1.79948,2.43168,2.00066,-1.83952,-1.37586,1.46196e-18,-1.85008,-1.36394,-0.0424692,-1.9219,-1.43747,0,-1.99138,-1.40257,-0.0331625
10.63,-1.73853,2.28529,2.65596,-1.73848,2.28402,2.65043,-1.81638,2.38763,2,-1.81931,2.41753,2.00046,-1.82823,-1.39082,0,-1.83608,-1.38317,-0.0100497,-1.9101,-1.4531,0,-1.97432,-1.42835,-0.00213846
10.64,-1.75827,2.27014,2.65596,-1.75677,2.27009,2.6505,-1.83701,2.37179,2,-1.83897,2.40312,2.00061,-1.81611,-1.40662,-1.46196e-18,-1.82225,-1.40164,0.0181933,-1.89743,-1.46961,0,-1.95748,-1.45316,0.0247507
10.65,-1.77479,2.25725,2.65596,-1.77493,2.256,2.65072,-1.85426,2.35833,2,-1.85847,2.38848,2.00089,-1.8058,-1.41983,0,-1.81036,-1.41677,0.0252515,-1.88666,-1.48341,0,-1.94305,-1.47359,0.0307258
10.66,-1.79258,2.24314,2.65596,-1.79298,2.24175,2.65101,-1.87285,2.34359,2,-1.87783,2.37365,2.00123,-1.79452,-1.43407,-1.46196e-18,-1.79829,-1.4319,0.0325668,-1.87487,-1.49828,0,-1.92837,-1.49399,0.0369502
10.67,-1.81047,2.22873,2.65596,-1.8109,2.22736,2.65136,-1.89154,2.32853,2,-1.89704,2.35861,2.00161,-1.78299,-1.44838,-1.46196e-18,-1.78669,-1.44602,0.0339491,-1.86283,-1.51323,0,-1.91427,-1.51307,0.0373192
10.68,-1.82849,2.21397,2.65596,-1.82871,2.21284,2.65165,-1.91037,2.31312,2,-1.91612,2.34339,2.00193,-1.77118,-1.46279,-1.46196e-18,-1.7762,-1.4582,0.0232397,-1.85049,-1.52829,0,-1.90156,-1.52961,0.0257567
10.6899,-1.84562,2.19971,2.65596,-1.84642,2.1982,2.65183,-1.92826,2.29822,2,-1.93507,2.32802,2.00213,-1.75977,-1.47649,-1.46196e-18,-1.76547,-1.4703,0.0128046,-1.83857,-1.54261,0,-1.88859,-1.54606,0.0144662
10.7,-1.86358,2.18452,2.65596,-1.86402,2.18343,2.65191,-1.94703,2.28234,2,-1.95389,2.31247,2.00222,-1.74762,-1.49086,-1.46196e-18,-1.75436,-1.48246,0.00377168,-1.82587,-1.55762,0,-1.87519,-1.56262,0.00456365
10.71,-1.88084,2.16967,2.65596,-1.88151,2.16855,2.65191,-1.96507,2.26683,2,-1.97257,2.29676,2.00222,-1.73574,-1.50467,0,-1.74294,-1.49469,-0.00351791,-1.81346,-1.57205,0,-1.86142,-1.57931,-0.00361214
10.72,-1.89822,2.15449,2.65596,-1.89888,2.15354,2.65184,-1.98322,2.25096,2,-1.99111,2.28089,2.00215,-1.72359,-1.51858,1.46196e-18,-1.73117,-1.50707,-0.00902507,-1.80077,-1.58658,0,-1.84723,-1.5962,-0.0100189
10.73,-1.91543,2.1392,2.65596,-1.91613,2.13841,2.65173,-2.0012,2.23499,2,-2.00952,2.26484,2.00203,-1.71136,-1.53234,0,-1.71914,-1.51952,-0.0131373,-1.78799,-1.60096,0,-1.83272,-1.61317,-0.0150346
10.74,-1.93255,2.12375,2.65596,-1.93326,2.12315,2.65158,-2.01908,2.21885,2,-2.02777,2.24862,2.00186,-1.699,-1.54604,1.46196e-18,-1.70684,-1.53202,-0.016078,-1.77508,-1.61527,0,-1.81791,-1.63018,-0.0188773
10.75,-1.94978,2.10794,2.65596,-1.95027,2.10777,2.65141,-2.03709,2.20233,2,-2.04587,2.23223,2.00165,-1.68635,-1.55983,0,-1.69437,-1.5447,-0.0181106,-1.76186,-1.62967,0,-1.8029,-1.64735,-0.0218053
10.76,-1.96632,2.09252,2.65596,-1.96715,2.09226,2.65122,-2.05437,2.18622,2,-2.06383,2.21568,2.00142,-1.67402,-1.57306,0,-1.68167,-1.55738,-0.0194215,-1.74898,-1.6435,0,-1.78764,-1.66449,-0.0239997
10.7699,-1.98283,2.07689,2.65596,-1.9839,2.07662,2.65103,-2.07162,2.16989,2,-2.08162,2.19895,2.00118,-1.66151,-1.58626,0,-1.66873,-1.57002,-0.0201834,-1.73591,-1.65729,0,-1.77211,-1.68154,-0.0256288
10.78,-1.99949,2.06084,2.65596,-2.00052,2.06086,2.65082,-2.08903,2.15313,2,-2.09927,2.18204,2.00091,-1.64867,-1.5996,-1.46196e-18,-1.65559,-1.5826,-0.0205372,-1.7225,-1.67122,0,-1.75638,-1.69847,-0.0268312
10.79,-2.01616,2.04454,2.65596,-2.01701,2.04497,2.65062,-2.10644,2.1361,2,-2.11675,2.16498,2.00064,-1.63564,-1.61293,2.92392e-18,-1.64229,-1.59509,-0.0205888,-1.70888,-1.68515,0,-1.74048,-1.71528,-0.0277122
10.8,-2.03231,2.02849,2.65596,-2.03337,2.02895,2.65041,-2.12332,2.11932,2,-2.13408,2.14774,2.00036,-1.62279,-1.62585,1.46196e-18,-1.62883,-1.60747,-0.0204001,-1.69546,-1.69866,0,-1.72442,-1.73193,-0.0283325
10.81,-2.04813,2.01251,2.65596,-2.04959,2.01282,2.65021,-2.13985,2.10263,2,-2.15124,2.13034,2.00007,-1.61001,-1.6385,-1.46196e-18,-1.61518,-1.61968,-0.0200382,-1.68211,-1.71188,0,-1.70818,-1.74834,-0.0287556
10.82,-2.0645,1.99572,2.65596,-2.06567,1.99656,2.65001,-2.15694,2.08509,2,-2.16824,2.11277,1.99978,-1.59658,-1.6516,0,-1.60141,-1.63176,-0.0195938,-1.66807,-1.72555,0,-1.69183,-1.76459,-0.02907
10.83,-2.08009,1.97946,2.65596,-2.08161,1.98018,2.64982,-2.17323,2.0681,2,-2.18508,2.09505,1.99949,-1.58357,-1.66407,1.46196e-18,-1.58748,-1.64366,-0.0190543,-1.65448,-1.73859,0,-1.67535,-1.78064,-0.0292691
10.84,-2.0961,1.96251,2.65596,-2.09742,1.96369,2.64963,-2.18996,2.05039,2,-2.20175,2.07716,1.9992,-1.57001,-1.67688,0,-1.57344,-1.65539,-0.0184224,-1.64031,-1.75197,0,-1.65878,-1.79654,-0.0293588
10.85,-2.11151,1.94591,2.65596,-2.11308,1.94708,2.64945,-2.20606,2.03305,2,-2.21825,2.05912,1.99891,-1.55673,-1.68921,1.46196e-18,-1.55929,-1.66695,-0.0177318,-1.62644,-1.76485,0,-1.64213,-1.8123,-0.0293719
10.86,-2.12705,1.92892,2.65596,-2.1286,1.93035,2.64927,-2.2223,2.01529,2,-2.23459,2.04092,1.99861,-1.54313,-1.70164,0,-1.545,-1.67819,-0.0172618,-1.61223,-1.77784,0,-1.62539,-1.82779,-0.0295886
10.87,-2.14263,1.9116,2.65596,-2.14398,1.91352,2.6491,-2.23857,1.9972,2,-2.25076,2.02256,1.99831,-1.52928,-1.7141,1.46196e-18,-1.53059,-1.68898,-0.0168933,-1.59776,-1.79086,0,-1.60857,-1.84303,-0.0299113
10.88,-2.15793,1.8943,2.65596,-2.15922,1.89657,2.64894,-2.25456,1.97913,2,-2.26676,2.00406,1.99801,-1.51544,-1.72635,0,-1.51605,-1.69922,-0.0164809,-1.5833,-1.80365,0,-1.59165,-1.85802,-0.0302121
10.89,-2.17337,1.87657,2.65596,-2.1743,1.87953,2.64877,-2.27069,1.9606,2,-2.27944,1.98914,1.99777,-1.50125,-1.7387,-2.92392e-18,-1.50132,-1.70882,-0.0162024,-1.56848,-1.81656,0,-1.57801,-1.86982,-0.0305713
10.9,-2.18879,1.85856,2.65596,-2.18924,1.8624,2.64861,-2.28681,1.94178,2,-2.29825,1.9666,1.9974,-1.48684,-1.75104,1.46196e-18,-1.48642,-1.71771,-0.0158171,-1.55342,-1.82945,0,-1.5574,-1.88728,-0.0310693
10.91,-2.20267,1.84209,2.65596,-2.20403,1.84518,2.64846,-2.3013,1.92458,2,-2.31374,1.94766,1.99709,-1.47367,-1.76214,1.46196e-18,-1.47142,-1.72567,-0.0151048,-1.53966,-1.84104,0,-1.54014,-1.90165,-0.0312165
10.9201,-2.21828,1.82326,2.65596,-2.21867,1.82789,2.64831,-2.31761,1.90491,2,-2.326,1.9324,1.99684,-1.45861,-1.77462,-1.46196e-18,-1.45635,-1.73243,-0.0145086,-1.52393,-1.85409,0,-1.52629,-1.9129,-0.0315095
10.9301,-2.232,1.80644,2.65596,-2.23316,1.81054,2.64817,-2.33195,1.88733,2,-2.34419,1.90934,1.99646,-1.44515,-1.7856,-1.46196e-18,-1.4412,-1.73791,-0.0133163,-1.50986,-1.86556,0,-1.50538,-1.92963,-0.0314484
10.9401,-2.24662,1.78823,2.65596,-2.24607,1.79488,2.64806,-2.34722,1.8683,2,-2.35767,1.89192,1.99618,-1.43058,-1.79729,0,-1.42746,-1.74175,-0.0118386,-1.49464,-1.87778,0,-1.48961,-1.94206,-0.0310172
10.9505,-2.2613,1.76963,2.65596,-2.26026,1.77744,2.64795,-2.36256,1.84887,2,-2.37248,1.87243,1.99587,-1.4157,-1.80904,1.46196e-18,-1.412,-1.74469,-0.00995903,-1.47909,-1.89005,0,-1.47201,-1.95567,-0.0303641
10.96,-2.27488,1.75213,2.65596,-2.27151,1.76348,2.64788,-2.37675,1.83059,2,-2.3842,1.85674,1.99563,-1.4017,-1.81991,1.46196e-18,-1.39935,-1.746,-0.00831493,-1.46447,-1.9014,0,-1.4579,-1.96639,-0.0297136
10.97,-2.2883,1.73458,2.65596,-2.28542,1.74602,2.6478,-2.39076,1.81225,2,-2.39869,1.83701,1.99534,-1.38766,-1.83064,0,-1.38289,-1.74634,-0.00637516,-1.4498,-1.91261,0,-1.44022,-1.9795,-0.0289392
10.9801,-2.30247,1.71572,2.65596,-2.29643,1.73205,2.64776,-2.40557,1.79254,2,-2.41016,1.82114,1.99511,-1.37257,-1.84198,1.46196e-18,-1.36903,-1.74568,-0.00500408,-1.43404,-1.92446,0,-1.42607,-1.98973,-0.0283767
10.9901,-2.3162,1.69714,2.65596,-2.31273,1.71111,2.64771,-2.41992,1.77314,2,-2.42714,1.79717,1.99478,-1.35771,-1.85296,-1.46196e-18,-1.34669,-1.74329,-0.00258566,-1.41851,-1.93593,0,-1.40471,-2.00473,-0.0268766
11.0001,-2.32983,1.67837,2.65596,-2.32609,1.6937,2.6477,-2.43416,1.75353,2,-2.4411,1.77706,1.99452,-1.3427,-1.86387,-1.46196e-18,-1.32645,-1.7402,-0.000649343,-1.40282,-1.94733,0,-1.38682,-2.01683,-0.0253276
11.0102,-2.3433,1.65952,2.65596,-2.33925,1.67631,2.6477,-2.44823,1.73383,2,-2.45488,1.75683,1.99427,-1.32761,-1.87464,1.46196e-18,-1.30444,-1.73647,0.00101153,-1.38706,-1.95859,0,-1.36885,-2.02861,-0.0235902
11.0203,-2.35658,1.64061,2.65596,-2.35217,1.65897,2.64772,-2.4621,1.71407,2,-2.46847,1.73649,1.99405,-1.31249,-1.88526,1.46196e-18,-1.28042,-1.73237,0.00249303,-1.37126,-1.96968,0,-1.35074,-2.04001,-0.021481
11.03,-2.36902,1.6226,2.65596,-2.36485,1.64167,2.64775,-2.4751,1.69525,2,-2.48189,1.71604,1.99384,-1.29808,-1.89521,-1.46196e-18,-1.25415,-1.72802,0.00364156,-1.3562,-1.98008,0,-1.33246,-2.05092,-0.0190655
11.04,-2.38197,1.60352,2.65596,-2.37725,1.62441,2.64779,-2.48863,1.67532,2,-2.49512,1.69547,1.99367,-1.28281,-1.90558,1.46196e-18,-1.22512,-1.72381,0.0052027,-1.34026,-1.99091,0,-1.31388,-2.06148,-0.015488
11.05,-2.39463,1.58455,2.65596,-2.38934,1.60719,2.64785,-2.50186,1.6555,2,-2.50817,1.67481,1.99354,-1.26764,-1.9157,1.46196e-18,-1.19332,-1.72038,0.00696904,-1.3244,-2.00149,0,-1.29497,-2.07165,-0.0108722
11.06,-2.40729,1.56525,2.65596,-2.40111,1.59,2.64793,-2.51509,1.63534,2,-2.52102,1.65404,1.99345,-1.2522,-1.92583,0,-1.15892,-1.71828,0.0085169,-1.30827,-2.01207,0,-1.27577,-2.08129,-0.00559763
11.0701,-2.41991,1.54567,2.65596,-2.41251,1.57281,2.64802,-2.52827,1.61488,2,-2.53368,1.63318,1.99343,-1.23653,-1.93593,-1.46196e-18,-1.12193,-1.71822,0.00928273,-1.2919,-2.02262,0,-1.25634,-2.09032,-0.000154231
11.08,-2.43205,1.52649,2.65596,-2.42354,1.55562,2.64811,-2.54096,1.59485,2,-2.54615,1.61224,1.99345,-1.22119,-1.94564,1.46196e-18,-1.08258,-1.72083,0.00897407,-1.27588,-2.03276,0,-1.23675,-2.0988,0.00516139
11.09,-2.44422,1.50694,2.65596,-2.43416,1.53839,2.6482,-2.55367,1.57442,2,-2.55842,1.59121,1.99353,-1.20555,-1.95537,0,-1.04099,-1.72653,0.00806099,-1.25953,-2.04293,0,-1.21688,-2.10676,0.0107665
11.1001,-2.45627,1.48721,2.65596,-2.44435,1.52108,2.64827,-2.56626,1.55381,2,-2.57048,1.5701,1.99367,-1.18977,-1.96502,0,-0.997654,-1.73565,0.00647174,-1.24304,-2.05301,0,-1.19671,-2.1141,0.0164848
11.11,-2.468,1.46767,2.65596,-2.45411,1.50366,2.64832,-2.57851,1.53339,2,-2.58235,1.54893,1.99386,-1.17413,-1.9744,0,-0.953234,-1.74866,0.00394078,-1.22671,-2.06281,0,-1.17632,-2.12087,0.0219092
11.12,-2.47967,1.44786,2.65596,-2.46341,1.48609,2.64835,-2.59071,1.51269,2,-2.59401,1.52769,1.99411,-1.15829,-1.98373,1.46196e-18,-0.907686,-1.7659,0.000932539,-1.21016,-2.07256,0,-1.15554,-2.1271,0.0274436
11.1301,-2.49158,1.42726,2.65596,-2.47226,1.46833,2.64834,-2.60316,1.49117,2,-2.60546,1.50639,1.99441,-1.1418,-1.99327,0,-0.861472,-1.78734,-0.00259897,-1.19293,-2.08252,0,-1.13437,-2.13275,0.032884
11.14,-2.50246,1.40809,2.65596,-2.48064,1.45033,2.64829,-2.61452,1.47115,2,-2.61669,1.48504,1.99476,-1.12647,-2.00197,0,-0.815707,-1.81278,-0.00660648,-1.17692,-2.09162,0,-1.11281,-2.13781,0.0379845
11.15,-2.51373,1.38788,2.65596,-2.48857,1.43206,2.64822,-2.62629,1.45003,2,-2.62771,1.46363,1.99518,-1.11031,-2.01098,0,-0.76907,-1.84387,-0.00537652,-1.16003,-2.10103,0,-1.08962,-2.14261,0.0484755
11.16,-2.52482,1.3676,2.65596,-2.496,1.41342,2.64827,-2.63788,1.42884,2,-2.63847,1.44218,1.99582,-1.09408,-2.01986,0,-0.717843,-1.88287,0.0138912,-1.14307,-2.1103,0,-1.06193,-2.14778,0.0773484
11.17,-2.53563,1.34746,2.65596,-2.50298,1.39444,2.64841,-2.64917,1.4078,2,-2.64897,1.42068,1.99663,-1.07797,-2.0285,0,-0.67916,-1.91211,0.0152185,-1.12624,-2.11934,0,-1.03805,-2.1516,0.0859599
11.18,-2.54633,1.32713,2.65596,-2.50958,1.37519,2.64863,-2.66035,1.38655,2,-2.65922,1.39915,1.99758,-1.0617,-2.03706,1.46196e-18,-0.640503,-1.93752,0.0304405,-1.10924,-2.12828,0,-1.01063,-2.15551,0.107488
11.19,-2.55694,1.30657,2.65596,-2.51578,1.35571,2.6491,-2.67144,1.36507,2,-2.66916,1.37757,1.99886,-1.04525,-2.04555,0,-0.599898,-1.9571,0.068547,-1.09206,-2.13715,0,-0.977418,-2.15979,0.15078
11.2001,-2.56748,1.28572,2.65596,-2.52158,1.33608,2.65007,-2.68246,1.34329,2,-2.67874,1.35595,2.00067,-1.02857,-2.05399,0,-0.558829,-1.96635,0.129809,-1.07463,-2.14596,0,-0.938225,-2.16437,0.215571
11.21,-2.57745,1.26562,2.65596,-2.52697,1.31643,2.65177,-2.69287,1.32229,2,-2.68791,1.33428,2.00323,-1.01249,-2.06196,0,-0.519167,-1.96087,0.213259,-1.05783,-2.1543,0,-0.893149,-2.1691,0.300334
11.2201,-2.58768,1.24457,2.65596,-2.53198,1.29692,2.65438,-2.70356,1.3003,2,-2.6966,1.31257,2.00671,-0.995658,-2.07014,0,-0.485491,-1.93994,0.301437,-1.04024,-2.16284,0,-0.846365,-2.1733,0.387521
11.2299,-2.59728,1.22442,2.65596,-2.53672,1.27764,2.65762,-2.71358,1.27924,2,-2.70488,1.29082,2.0108,-0.979533,-2.07782,0,-0.46515,-1.91631,0.341729,-1.0234,-2.17087,0,-0.810929,-2.17584,0.426331
11.24,-2.60702,1.20354,2.65596,-2.5413,1.25859,2.66116,-2.72376,1.25743,2,-2.71282,1.26906,2.01518,-0.96283,-2.08562,0,-0.451154,-1.8954,0.363776,-1.00594,-2.17901,0,-0.779618,-2.17752,0.446419
11.2501,-2.61664,1.18248,2.65596,-2.54576,1.2397,2.66482,-2.73381,1.23543,2,-2.72049,1.24728,2.01965,-0.945983,-2.09331,-1.46196e-18,-0.442409,-1.88268,0.364683,-0.988344,-2.18705,0,-0.753333,-2.17839,0.445415
11.26,-2.62594,1.16168,2.65596,-2.55015,1.22092,2.66846,-2.74353,1.2137,2,-2.72789,1.22549,2.0241,-0.929345,-2.10075,0,-0.436268,-1.87426,0.36408,-0.970961,-2.19482,0,-0.727189,-2.17878,0.442163
11.27,-2.63531,1.14026,2.65596,-2.5545,1.20221,2.67207,-2.75332,1.19132,2,-2.73363,1.20806,2.0276,-0.912206,-2.10825,0,-0.433385,-1.86744,0.355935,-0.953054,-2.20265,0,-0.707563,-2.17874,0.43374
11.28,-2.64409,1.11975,2.65596,-2.55884,1.18357,2.67556,-2.76249,1.1699,2,-2.74195,1.18192,2.03268,-0.895803,-2.11527,-1.46196e-18,-0.434181,-1.86145,0.341076,-0.935916,-2.20999,0,-0.680218,-2.17815,0.41197
11.29,-2.65304,1.09837,2.65596,-2.56319,1.16498,2.67888,-2.77184,1.14755,2,-2.74864,1.16014,2.0367,-0.878695,-2.12243,0,-0.438238,-1.85648,0.323615,-0.918043,-2.21748,0,-0.658289,-2.17727,0.389577
11.3001,-2.66192,1.07667,2.65596,-2.56761,1.14643,2.68202,-2.78112,1.12489,2,-2.75512,1.13837,2.04046,-0.861339,-2.12954,0,-0.444966,-1.85293,0.303061,-0.899909,-2.2249,0,-0.637188,-2.176,0.363302
11.31,-2.67019,1.056,2.65596,-2.5721,1.12791,2.68494,-2.78976,1.10329,2,-2.76139,1.11662,2.04396,-0.8448,-2.13615,0,-0.454524,-1.85087,0.282504,-0.88263,-2.23181,0,-0.616174,-2.17436,0.335938
11.32,-2.67865,1.03436,2.65596,-2.57671,1.10941,2.68767,-2.79859,1.08068,2,-2.76744,1.09489,2.04718,-0.82749,-2.14292,7.3098e-19,-0.467122,-1.85041,0.263438,-0.864544,-2.23888,0,-0.594912,-2.1723,0.308791
11.33,-2.68678,1.01305,2.65596,-2.58146,1.0909,2.69022,-2.80709,1.05842,2,-2.77329,1.07318,2.05013,-0.810443,-2.14942,7.3098e-19,-0.482758,-1.85191,0.245707,-0.846734,-2.24567,0,-0.57347,-2.16991,0.281698
11.3399,-2.6947,0.9918,2.65596,-2.58637,1.07236,2.69259,-2.81536,1.03621,2,-2.77891,1.05149,2.05282,-0.79344,-2.15576,0,-0.501422,-1.8557,0.229734,-0.82897,-2.25229,0,-0.551804,-2.16717,0.255058
11.35,-2.70267,0.969867,2.65596,-2.59149,1.05378,2.69482,-2.82369,1.0133,2,-2.78432,1.02984,2.05524,-0.775894,-2.16213,7.3098e-19,-0.522609,-1.86206,0.215057,-0.810638,-2.25895,0,-0.530003,-2.16398,0.228589
11.36,-2.71024,0.94851,2.65596,-2.59683,1.03511,2.6969,-2.8316,0.990984,2,-2.78951,1.00821,2.05739,-0.758808,-2.16819,-7.3098e-19,-0.545782,-1.87127,0.201383,-0.792787,-2.26528,0,-0.508148,-2.16041,0.202206
11.37,-2.71787,0.926416,2.65596,-2.60241,1.01634,2.69885,-2.83957,0.9679,2,-2.79448,0.986628,2.05928,-0.741133,-2.17429,-7.3098e-19,-0.570476,-1.88358,0.188677,-0.77432,-2.27166,0,-0.486269,-2.15653,0.17607
11.38,-2.72514,0.904788,2.65596,-2.60825,0.997431,2.70067,-2.84717,0.945304,2,-2.79924,0.965084,2.06091,-0.723831,-2.18011,-7.3098e-19,-0.596223,-1.89915,0.177049,-0.756243,-2.27774,0,-0.464339,-2.15232,0.150478
11.39,-2.73243,0.882554,2.65596,-2.61434,0.978348,2.70239,-2.85478,0.922074,2,-2.80377,0.943583,2.06229,-0.706043,-2.18594,-7.3098e-19,-0.622479,-1.91804,0.166395,-0.73766,-2.28383,0,-0.442395,-2.14782,0.12558
11.4,-2.73928,0.861027,2.65596,-2.6207,0.959059,2.704,-2.86195,0.899583,2,-2.80809,0.922128,2.06343,-0.688821,-2.19143,7.3098e-19,-0.648588,-1.94015,0.156358,-0.719667,-2.28956,0,-0.420509,-2.14303,0.101334
11.41,-2.74622,0.838647,2.65596,-2.62731,0.939535,2.70552,-2.86919,0.876201,2,-2.81218,0.900723,2.06432,-0.670917,-2.19698,0,-0.673807,-1.96519,0.146332,-0.700961,-2.29535,0,-0.398774,-2.13796,0.0774913
11.42,-2.75276,0.816921,2.65596,-2.63417,0.919746,2.70693,-2.87603,0.853503,2,-2.81606,0.879369,2.06498,-0.653537,-2.20221,-1.46196e-18,-0.697615,-1.993,0.136043,-0.682802,-2.30082,0,-0.377274,-2.13278,0.0540671
11.43,-2.75918,0.794971,2.65596,-2.64125,0.899667,2.70824,-2.88273,0.830569,2,-2.81973,0.858068,2.0654,-0.635977,-2.20734,7.3098e-19,-0.719615,-2.02328,0.125497,-0.664455,-2.30619,0,-0.356006,-2.12741,0.0312849
11.4401,-2.76582,0.771547,2.65596,-2.64855,0.879273,2.70944,-2.88967,0.806097,2,-2.82318,0.836821,2.06561,-0.617238,-2.21266,0,-0.739426,-2.05584,0.114803,-0.644877,-2.31174,0,-0.334955,-2.12193,0.00945284
11.4502,-2.77174,0.750022,2.65596,-2.65603,0.858544,2.71053,-2.89585,0.783607,2,-2.82643,0.81563,2.0656,-0.600017,-2.21739,0,-0.756661,-2.09026,0.103983,-0.626886,-2.31668,0,-0.31408,-2.11622,-0.0112202
11.46,-2.77741,0.728721,2.65596,-2.66368,0.837463,2.71152,-2.90178,0.761353,2,-2.82947,0.794497,2.06539,-0.582977,-2.22193,7.3098e-19,-0.771026,-2.12625,0.0929417,-0.609082,-2.32143,0,-0.293456,-2.11041,-0.0306507
11.47,-2.78319,0.706334,2.65596,-2.67144,0.816015,2.71239,-2.90782,0.737963,2,-2.8323,0.773422,2.06499,-0.565067,-2.22655,-7.3098e-19,-0.782245,-2.16333,0.08143,-0.59037,-2.32626,0,-0.27318,-2.10455,-0.0489189
11.48,-2.7888,0.683849,2.65596,-2.67931,0.794194,2.71314,-2.91368,0.714472,2,-2.83493,0.752406,2.06441,-0.54708,-2.23104,0,-0.790148,-2.20101,0.0694152,-0.571577,-2.33094,0,-0.253276,-2.09867,-0.0659641
11.49,-2.79413,0.661745,2.65596,-2.68724,0.771994,2.71378,-2.91925,0.691377,2,-2.83736,0.731449,2.06367,-0.529396,-2.2353,-7.3098e-19,-0.794651,-2.23911,0.0571368,-0.553102,-2.3354,0,-0.233715,-2.09287,-0.081521
11.5,-2.7994,0.63905,2.65596,-2.69519,0.749411,2.71429,-2.92476,0.667666,2,-2.83961,0.710549,2.06279,-0.51124,-2.23952,0,-0.795755,-2.27739,0.0449675,-0.534133,-2.33981,0,-0.214508,-2.08715,-0.0952224
11.51,-2.80444,0.61658,2.65596,-2.70314,0.726447,2.71468,-2.93002,0.64419,2,-2.84166,0.689705,2.06177,-0.493264,-2.24355,0,-0.793442,-2.31546,0.0329418,-0.515352,-2.34402,0,-0.195696,-2.08154,-0.107036
11.52,-2.80915,0.59473,2.65596,-2.71105,0.703104,2.71495,-2.93495,0.621361,2,-2.84352,0.668917,2.06065,-0.475784,-2.24732,0,-0.787696,-2.35298,0.021095,-0.497089,-2.34796,0,-0.177317,-2.07611,-0.116952
11.53,-2.81395,0.57163,2.65596,-2.71888,0.67939,2.7151,-2.93995,0.597227,2,-2.8452,0.648182,2.05944,-0.457304,-2.25116,0,-0.778554,-2.38967,0.00946178,-0.477782,-2.35196,0,-0.159446,-2.071,-0.124986
11.54,-2.81839,0.549287,2.65596,-2.72661,0.655315,2.71514,-2.9446,0.573884,2,-2.84671,0.627496,2.05816,-0.43943,-2.25471,7.3098e-19,-0.766148,-2.42509,-0.00205858,-0.459107,-2.35568,0,-0.142186,-2.06628,-0.13132
11.55,-2.82266,0.52694,2.65596,-2.73419,0.630894,2.71506,-2.94905,0.550537,2,-2.84805,0.606855,2.05682,-0.421552,-2.25812,-7.3098e-19,-0.750592,-2.45885,-0.0135168,-0.440429,-2.35924,0,-0.12557,-2.062,-0.13612
11.56,-2.82682,0.504129,2.65596,-2.74161,0.606144,2.71487,-2.9534,0.526703,2,-2.84923,0.586254,2.05544,-0.403303,-2.26145,7.3098e-19,-0.732088,-2.49063,-0.0250262,-0.421363,-2.36272,0,-0.109662,-2.05826,-0.139645
11.57,-2.83069,0.481906,2.65596,-2.74883,0.581089,2.71456,-2.95745,0.503486,2,-2.85025,0.565688,2.05403,-0.385525,-2.26455,0,-0.7109,-2.52011,-0.0367568,-0.402788,-2.36596,0,-0.0945356,-2.05511,-0.142236
11.58,-2.83446,0.459209,2.65596,-2.75582,0.555751,2.71413,-2.96139,0.479772,2,-2.85112,0.54515,2.0526,-0.367367,-2.26757,0,-0.687302,-2.54704,-0.04879,-0.383817,-2.36911,0,-0.0802257,-2.05262,-0.144167
11.5901,-2.83814,0.435913,2.65596,-2.76257,0.530157,2.71358,-2.96523,0.455433,2,-2.85185,0.524633,2.05115,-0.34873,-2.27051,3.6549e-19,-0.661533,-2.57129,-0.0608903,-0.364346,-2.37218,0,-0.0667175,-2.05081,-0.145403
11.6001,-2.84159,0.412848,2.65596,-2.76904,0.504334,2.71291,-2.96883,0.431335,2,-2.85246,0.504131,2.04969,-0.330279,-2.27327,-3.6549e-19,-0.633813,-2.59282,-0.0727942,-0.345068,-2.37506,0,-0.0540201,-2.04977,-0.145879
11.61,-2.84472,0.390645,2.65596,-2.77524,0.478309,2.71213,-2.97211,0.408138,2,-2.85294,0.483635,2.04824,-0.312516,-2.27578,3.6549e-19,-0.604227,-2.6117,-0.0840982,-0.32651,-2.37769,0,-0.0420682,-2.04959,-0.145382
11.62,-2.84774,0.367982,2.65596,-2.78112,0.452109,2.71123,-2.97526,0.38446,2,-2.8533,0.463137,2.04679,-0.294386,-2.27819,3.6549e-19,-0.573041,-2.62778,-0.0948418,-0.307568,-2.38021,0,-0.0308904,-2.05025,-0.144149
11.63,-2.85063,0.344908,2.65596,-2.78669,0.425763,2.71023,-2.97828,0.360353,2,-2.85356,0.442627,2.04536,-0.275926,-2.2805,0,-0.54054,-2.64106,-0.104863,-0.288282,-2.38262,0,-0.0204691,-2.0518,-0.142218
11.64,-2.85326,0.322453,2.65596,-2.79193,0.399297,2.70914,-2.98102,0.336892,2,-2.85371,0.422098,2.04395,-0.257962,-2.28261,0,-0.50691,-2.65153,-0.113954,-0.269514,-2.38482,0,-0.0107447,-2.05425,-0.139564
11.6501,-2.85578,0.299322,2.65596,-2.79683,0.372742,2.70796,-2.98366,0.312726,2,-2.85377,0.401539,2.04257,-0.239458,-2.28462,0,-0.472402,-2.65918,-0.122153,-0.250181,-2.38692,0,-0.00171264,-2.05759,-0.136399
11.6601,-2.85807,0.276527,2.65596,-2.80138,0.346123,2.7067,-2.98606,0.288909,2,-2.85375,0.380943,2.04122,-0.221221,-2.28646,0,-0.437335,-2.66409,-0.129462,-0.231128,-2.38884,0,0.0066179,-2.06185,-0.132889
11.67,-2.8602,0.253595,2.65596,-2.80557,0.319469,2.70537,-2.98828,0.264951,2,-2.85364,0.360299,2.03991,-0.202876,-2.28816,0,-0.401933,-2.6663,-0.135876,-0.21196,-2.39062,0,0.0142879,-2.06699,-0.12917
11.6801,-2.86215,0.23057,2.65596,-2.80942,0.292806,2.70398,-2.99031,0.240894,2,-2.85346,0.3396,2.03864,-0.184456,-2.28972,-1.82745e-19,-0.366476,-2.66587,-0.141546,-0.192716,-2.39225,0,0.0213131,-2.07296,-0.12552
11.69,-2.86388,0.207958,2.65596,-2.8129,0.266159,2.70254,-2.99212,0.21727,2,-2.85322,0.318837,2.0374,-0.166366,-2.2911,1.82745e-19,-0.331199,-2.66306,-0.146527,-0.173816,-2.3937,0,0.0277493,-2.07982,-0.122092
11.7,-2.86548,0.184611,2.65596,-2.81604,0.239552,2.70106,-2.99379,0.192878,2,-2.85291,0.298001,2.03619,-0.147689,-2.29238,1.82745e-19,-0.296303,-2.658,-0.150848,-0.154302,-2.39503,0,0.0336294,-2.08753,-0.118994
11.71,-2.86686,0.161738,2.65596,-2.81883,0.213006,2.69953,-2.99524,0.16898,2,-2.85255,0.277083,2.03502,-0.12939,-2.29349,-1.82745e-19,-0.26198,-2.65092,-0.154531,-0.135184,-2.39619,0,0.0389739,-2.09611,-0.116302
11.72,-2.86806,0.138932,2.65596,-2.82128,0.18654,2.69797,-2.99649,0.145153,2,-2.85213,0.256076,2.03387,-0.111145,-2.29445,0,-0.228389,-2.64196,-0.157692,-0.116122,-2.39719,0,0.0438359,-2.10549,-0.114166
11.73,-2.86907,0.116112,2.65596,-2.8234,0.160172,2.69638,-2.99755,0.121312,2,-2.85167,0.234971,2.03273,-0.0928899,-2.29526,0,-0.1957,-2.63131,-0.160423,-0.0970495,-2.39804,0,0.048247,-2.11558,-0.112687
11.74,-2.86992,0.0928484,2.65596,-2.8252,0.133919,2.69476,-2.99843,0.0970061,2,-2.85117,0.213762,2.03161,-0.0742787,-2.29593,9.13725e-20,-0.163929,-2.61918,-0.162459,-0.0776049,-2.39875,0,0.0522612,-2.1264,-0.111595
11.75,-2.87057,0.0698794,2.65596,-2.82668,0.107793,2.69313,-2.99911,0.0730085,2,-2.85063,0.192441,2.0305,-0.0559035,-2.29646,-9.13725e-20,-0.133064,-2.60568,-0.163736,-0.0584068,-2.39929,0,0.0559651,-2.1379,-0.11081
11.76,-2.87103,0.0470802,2.65596,-2.82786,0.0818089,2.69149,-2.9996,0.0491885,2,-2.85005,0.171002,2.02939,-0.0376642,-2.29683,0,-0.103181,-2.59103,-0.164327,-0.0393508,-2.39968,0,0.0593861,-2.15006,-0.110371
11.7699,-2.87132,0.0244624,2.65596,-2.82875,0.0559761,2.68985,-2.99989,0.0255578,2,-2.84944,0.149438,2.02829,-0.0195699,-2.29705,2.28431e-20,-0.0743299,-2.57539,-0.164195,-0.0204462,-2.39991,0,0.0625476,-2.16283,-0.110191
11.78,-2.87142,0.00165271,2.65596,-2.82935,0.0303038,2.68821,-3,0.00172671,2,-2.8488,0.127743,2.02719,-0.00132216,-2.29714,-1.4277e-21,-0.0465241,-2.55896,-0.163292,-0.00138137,-2.4,0,0.0654884,-2.17618,-0.110163
11.79,-2.87134,-0.0211882,2.65596,-2.82968,0.0047991,2.68658,-2.99992,-0.022137,2,-2.84813,0.105912,2.02609,0.0169506,-2.29707,0,-0.0197509,-2.5419,-0.161684,0.0177096,-2.39993,0,0.0682769,-2.1901,-0.110288
11.8001,-2.87107,-0.0448794,2.65596,-2.82975,-0.0205324,2.68498,-2.99963,-0.0468891,2,-2.84744,0.0839397,2.02498,0.0359035,-2.29685,0,0.00597563,-2.52434,-0.159442,0.0375113,-2.39971,0,0.0709418,-2.2045,-0.110555
11.81,-2.87063,-0.067123,2.65596,-2.82957,-0.0456864,2.6834,-2.99918,-0.0701287,2,-2.84671,0.0618209,2.02388,0.0536984,-2.29651,-9.13725e-20,0.0306491,-2.50644,-0.156655,0.056103,-2.39934,0,0.0735109,-2.21932,-0.110967
11.82,-2.86999,-0.0906802,2.65596,-2.82914,-0.0706604,2.68185,-2.9985,-0.0947408,2,-2.84597,0.039552,2.02276,0.0725442,-2.29599,0,0.0543071,-2.48835,-0.153364,0.0757926,-2.3988,0,0.076026,-2.23453,-0.111475
11.83,-2.86917,-0.113733,2.65596,-2.82849,-0.095453,2.68033,-2.99765,-0.118826,2,-2.84519,0.0171293,2.02165,0.0909864,-2.29533,9.13725e-20,0.0769665,-2.47016,-0.149624,0.0950607,-2.39812,0,0.0785052,-2.25005,-0.11204
11.84,-2.86816,-0.136827,2.65596,-2.82761,-0.120064,2.67885,-2.99659,-0.142954,2,-2.8444,-0.00545008,2.02052,0.109461,-2.29453,0,0.0986574,-2.45208,-0.14551,0.114363,-2.39727,0,0.0809732,-2.26589,-0.112644
11.8501,-2.86697,-0.15983,2.65596,-2.82652,-0.144496,2.67742,-2.99535,-0.166987,2,-2.84357,-0.0281897,2.01939,0.127864,-2.29357,1.82745e-19,0.119461,-2.43428,-0.141054,0.13359,-2.39628,0,0.0834822,-2.28208,-0.113221
11.8602,-2.86558,-0.18297,2.65596,-2.82522,-0.168751,2.67603,-2.9939,-0.191164,2,-2.84273,-0.0510926,2.01826,0.146376,-2.29247,-1.82745e-19,0.139436,-2.41681,-0.136297,0.152931,-2.39512,0,0.0860609,-2.29854,-0.113721
11.87,-2.86408,-0.205141,2.65596,-2.82373,-0.192833,2.6747,-2.99233,-0.214327,2,-2.84185,-0.0741612,2.01712,0.164113,-2.29127,0,0.158629,-2.39976,-0.131294,0.171461,-2.39387,0,0.0887268,-2.3152,-0.114107
11.88,-2.86234,-0.228128,2.65596,-2.82205,-0.216747,2.67341,-2.99052,-0.238343,2,-2.84095,-0.0973969,2.01598,0.182502,-2.28987,-1.82745e-19,0.177118,-2.38312,-0.126078,0.190675,-2.39241,0,0.0915147,-2.33196,-0.114328
11.89,-2.86044,-0.250837,2.65596,-2.82019,-0.240497,2.67218,-2.98853,-0.262069,2,-2.84002,-0.120801,2.01483,0.20067,-2.28835,3.6549e-19,0.194902,-2.36701,-0.120752,0.209655,-2.39083,0,0.0943918,-2.3488,-0.114404
11.9,-2.85833,-0.273854,2.65596,-2.81815,-0.264089,2.67099,-2.98633,-0.286117,2,-2.83906,-0.144373,2.01369,0.219083,-2.28666,3.6549e-19,0.212065,-2.35147,-0.11534,0.228894,-2.38906,0,0.097383,-2.36568,-0.11428
11.91,-2.85607,-0.296465,2.65596,-2.81595,-0.287529,2.66987,-2.98397,-0.30974,2,-2.83807,-0.168114,2.01255,0.237172,-2.28486,0,0.228677,-2.33662,-0.109905,0.247792,-2.38717,0,0.10052,-2.38262,-0.113948
11.9201,-2.85358,-0.319548,2.65596,-2.81358,-0.310824,2.6688,-2.98137,-0.333858,2,-2.83705,-0.192026,2.01141,0.255639,-2.28287,0,0.244847,-2.3225,-0.104487,0.267086,-2.38509,0,0.103857,-2.39959,-0.113384
11.9301,-2.85088,-0.342798,2.65596,-2.81105,-0.333982,2.66778,-2.97854,-0.358149,2,-2.836,-0.216106,2.01028,0.274239,-2.28071,0,0.260655,-2.30911,-0.0991213,0.286519,-2.38284,0,0.107421,-2.41651,-0.112563
11.94,-2.8481,-0.36524,2.65596,-2.80837,-0.357009,2.66681,-2.97563,-0.381596,2,-2.8349,-0.240355,2.00916,0.292192,-2.27848,0,0.276175,-2.29641,-0.0938265,0.305276,-2.38051,0,0.111242,-2.4333,-0.111453
11.9502,-2.84501,-0.388528,2.65596,-2.80553,-0.379912,2.6659,-2.97241,-0.405926,2,-2.83377,-0.264771,2.00805,0.310823,-2.27601,0,0.291447,-2.28439,-0.0886396,0.324741,-2.37793,0,0.115322,-2.44988,-0.110044
11.96,-2.84192,-0.410507,2.65596,-2.80254,-0.402699,2.66504,-2.96918,-0.42889,2,-2.8326,-0.289352,2.00696,0.328406,-2.27354,0,0.30651,-2.27308,-0.0836101,0.343112,-2.37535,0,0.119659,-2.46625,-0.108348
11.97,-2.83849,-0.433621,2.65596,-2.7994,-0.425376,2.66423,-2.9656,-0.453038,2,-2.83138,-0.314096,2.00589,0.346897,-2.27079,-3.6549e-19,0.32144,-2.26251,-0.0787558,0.362431,-2.37248,0,0.124283,-2.4824,-0.106348
11.9801,-2.83482,-0.457018,2.65596,-2.79611,-0.447952,2.66347,-2.96176,-0.477483,2,-2.83011,-0.339,2.00484,0.365614,-2.26785,3.6549e-19,0.336302,-2.25272,-0.0741036,0.381986,-2.36941,0,0.129221,-2.49834,-0.104047
11.99,-2.83122,-0.47879,2.65596,-2.79268,-0.470433,2.66275,-2.958,-0.50023,2,-2.82879,-0.364061,2.00381,0.383032,-2.26498,-3.6549e-19,0.351102,-2.24357,-0.0696392,0.400184,-2.3664,0,0.134449,-2.51392,-0.101408
12.0001,-2.82725,-0.501705,2.65596,-2.78909,-0.492825,2.66207,-2.95385,-0.524172,2,-2.82742,-0.389277,2.00281,0.401364,-2.2618,0,0.365906,-2.23503,-0.0653931,0.419337,-2.36308,0,0.140007,-2.52909,-0.0984473
12.0101,-2.82317,-0.524174,2.65596,-2.78536,-0.515135,2.66144,-2.94959,-0.547646,2,-2.82599,-0.414641,2.00184,0.419339,-2.25854,-7.3098e-19,0.380764,-2.22703,-0.0613736,0.438117,-2.35967,0,0.145927,-2.54377,-0.0951641
12.0201,-2.8188,-0.547172,2.65596,-2.78148,-0.537367,2.66084,-2.94503,-0.571674,2,-2.8245,-0.44015,2.00091,0.437737,-2.25504,7.3098e-19,0.395698,-2.21956,-0.0575819,0.457339,-2.35602,0,0.152202,-2.55795,-0.0915559
12.03,-2.81447,-0.569032,2.65596,-2.77744,-0.559528,2.66029,-2.9405,-0.594513,2,-2.82294,-0.465798,2.00001,0.455225,-2.25158,0,0.410747,-2.21258,-0.0540144,0.47561,-2.3524,0,0.158847,-2.57158,-0.0876177
12.04,-2.80977,-0.591792,2.65596,-2.77326,-0.581621,2.65976,-2.93559,-0.618292,2,-2.82132,-0.49158,1.99916,0.473433,-2.24782,0,0.425926,-2.20608,-0.0506847,0.494633,-2.34848,0,0.16587,-2.58466,-0.083365
12.05,-2.80493,-0.614321,2.65596,-2.76892,-0.603651,2.65927,-2.93054,-0.64183,2,-2.81963,-0.51749,1.99834,0.491457,-2.24395,0,0.441257,-2.20008,-0.0475925,0.513464,-2.34443,0,0.173285,-2.59721,-0.078807
12.06,-2.79993,-0.636762,2.65596,-2.76443,-0.625623,2.65881,-2.9253,-0.665276,2,-2.81785,-0.543522,1.99758,0.50941,-2.23994,0,0.45678,-2.19449,-0.0447282,0.532221,-2.34024,0,0.181125,-2.60915,-0.0739442
12.07,-2.79486,-0.658653,2.65596,-2.75979,-0.647542,2.65838,-2.92001,-0.688147,2,-2.816,-0.569671,1.99687,0.526922,-2.23589,0,0.472556,-2.18934,-0.0421011,0.550518,-2.33601,0,0.189449,-2.62051,-0.068799
12.08,-2.78943,-0.681274,2.65596,-2.75498,-0.669412,2.65797,-2.91434,-0.711781,2,-2.81406,-0.59593,1.99621,0.545019,-2.23154,0,0.488577,-2.1846,-0.0397218,0.569425,-2.33147,0,0.198258,-2.63127,-0.0633999
12.09,-2.78385,-0.70372,2.65596,-2.75002,-0.691235,2.65758,-2.90851,-0.735233,2,-2.81203,-0.622294,1.9956,0.562976,-2.22708,0,0.504845,-2.18016,-0.0375643,0.588186,-2.32681,0,0.207562,-2.64135,-0.0577424
12.1001,-2.77814,-0.725936,2.65596,-2.74488,-0.713016,2.65721,-2.90254,-0.758443,2,-2.80991,-0.648755,1.99505,0.580749,-2.22251,0,0.521312,-2.176,-0.0356116,0.606755,-2.32204,0,0.217324,-2.65074,-0.0518309
12.11,-2.77227,-0.748036,2.65596,-2.73959,-0.734756,2.65687,-2.89641,-0.781532,2,-2.80769,-0.675306,1.99456,0.598429,-2.21782,0,0.537991,-2.1721,-0.0338574,0.625226,-2.31713,0,0.227568,-2.65942,-0.0456825
12.1201,-2.76599,-0.77093,2.65596,-2.73412,-0.756458,2.65654,-2.88985,-0.805452,2,-2.80536,-0.701941,1.99414,0.616744,-2.21279,7.3098e-19,0.554918,-2.16839,-0.0323058,0.644361,-2.31188,0,0.238347,-2.66735,-0.0393279
12.13,-2.76004,-0.791982,2.65596,-2.72849,-0.778124,2.65622,-2.88363,-0.827447,2,-2.80292,-0.728651,1.99378,0.633586,-2.20803,0,0.572069,-2.16482,-0.0309245,0.661957,-2.30691,0,0.249653,-2.67449,-0.0327633
12.14,-2.75351,-0.814385,2.65596,-2.72268,-0.799755,2.65592,-2.87681,-0.850852,2,-2.80036,-0.755428,1.99348,0.651508,-2.20281,7.3098e-19,0.589439,-2.16138,-0.0297349,0.680682,-2.30145,0,0.261499,-2.68083,-0.0260384
12.1501,-2.74685,-0.836567,2.65596,-2.7167,-0.821352,2.65563,-2.86986,-0.874028,2,-2.79769,-0.782265,1.99326,0.669253,-2.19748,-7.3098e-19,0.606996,-2.15802,-0.0287101,0.699222,-2.29589,0,0.273882,-2.68636,-0.0191596
12.1601,-2.73998,-0.858807,2.65596,-2.71054,-0.842916,2.65534,-2.86268,-0.897264,2,-2.79488,-0.809153,1.9931,0.687046,-2.19199,0,0.624735,-2.15475,-0.027825,0.717811,-2.29014,0,0.286815,-2.6911,-0.0121336
12.17,-2.73317,-0.880261,2.65596,-2.7042,-0.864447,2.65507,-2.85555,-0.919678,2,-2.79195,-0.836084,1.99302,0.704208,-2.18653,-7.3098e-19,0.642598,-2.15149,-0.0270793,0.735742,-2.28444,0,0.300258,-2.69499,-0.00499229
12.18,-2.72597,-0.902283,2.65596,-2.69769,-0.885946,2.6548,-2.84804,-0.942686,2,-2.78888,-0.86305,1.993,0.721826,-2.18078,7.3098e-19,0.660627,-2.14828,-0.026469,0.754149,-2.27843,0,0.314276,-2.69805,0.00223334
12.1901,-2.71861,-0.924247,2.65596,-2.69099,-0.907413,2.65454,-2.84034,-0.965635,2,-2.78566,-0.890042,1.99306,0.739398,-2.17488,7.3098e-19,0.67882,-2.14509,-0.0259801,0.772508,-2.27227,0,0.328897,-2.70029,0.00952022
12.2,-2.71124,-0.945627,2.65596,-2.68411,-0.928848,2.65428,-2.83265,-0.987971,2,-2.7823,-0.917053,1.99319,0.756501,-2.16899,0,0.697153,-2.14183,-0.0255947,0.790377,-2.26612,0,0.344115,-2.70162,0.0168502
12.21,-2.70363,-0.967166,2.65596,-2.67776,-0.948111,2.65405,-2.8247,-1.01048,2,-2.77914,-0.94137,1.99337,0.773733,-2.16291,-7.3098e-19,0.713749,-2.13882,-0.0253283,0.80838,-2.25976,0,0.358319,-2.70206,0.023461
12.2203,-2.69559,-0.989372,2.65596,-2.67053,-0.969482,2.6538,-2.81629,-1.03368,2,-2.77547,-0.968389,1.99364,0.791497,-2.15647,0,0.732298,-2.13535,-0.0251155,0.82694,-2.25304,0,0.374689,-2.70164,0.0307925
12.23,-2.68791,-1.01006,2.65596,-2.66312,-0.990817,2.65355,-2.80827,-1.05529,2,-2.77164,-0.995399,1.99399,0.808044,-2.15032,0,0.750944,-2.13178,-0.0249733,0.844228,-2.24661,0,0.391662,-2.70031,0.0380919
12.2401,-2.67955,-1.03203,2.65596,-2.65551,-1.01212,2.6533,-2.79953,-1.07824,2,-2.76764,-1.02239,1.99441,0.825625,-2.14364,7.3098e-19,0.769636,-2.12821,-0.0248951,0.862596,-2.23963,0,0.409205,-2.69817,0.0453265
12.2501,-2.6712,-1.05344,2.65596,-2.64772,-1.03338,2.65305,-2.79082,-1.10061,2,-2.76345,-1.04936,1.9949,0.842753,-2.13696,0,0.788323,-2.12457,-0.0248528,0.880491,-2.23265,0,0.427303,-2.69516,0.0524813
12.2601,-2.66266,-1.07483,2.65596,-2.63975,-1.05461,2.6528,-2.7819,-1.12296,2,-2.75909,-1.07629,1.99546,0.859866,-2.13013,0,0.80699,-2.12078,-0.0248328,0.898371,-2.22552,0,0.445956,-2.69123,0.0595301
12.27,-2.65409,-1.09583,2.65596,-2.63158,-1.0758,2.65255,-2.77294,-1.1449,2,-2.75453,-1.10318,1.99609,0.876666,-2.12327,-1.46196e-18,0.825664,-2.11688,-0.0248339,0.915923,-2.21835,0,0.465201,-2.68643,0.0664352
12.28,-2.64529,-1.11692,2.65596,-2.62323,-1.09695,2.65231,-2.76374,-1.16693,2,-2.74978,-1.13002,1.99678,0.893532,-2.11623,0,0.844307,-2.11279,-0.024837,0.933544,-2.21099,0,0.485017,-2.6807,0.0731759
12.29,-2.63634,-1.13787,2.65596,-2.6147,-1.11805,2.65206,-2.7544,-1.18882,2,-2.74483,-1.15679,1.99755,0.910295,-2.10907,-1.46196e-18,0.862875,-2.10848,-0.0248312,0.951058,-2.20352,0,0.505375,-2.67403,0.0797235
12.3004,-2.62663,-1.16011,2.65596,-2.60598,-1.13911,2.65181,-2.74425,-1.21206,2,-2.73967,-1.1835,1.99838,0.928088,-2.10131,0,0.881338,-2.10398,-0.0248078,0.969648,-2.1954,0,0.526254,-2.66646,0.0860485
12.3101,-2.61749,-1.1806,2.65596,-2.59707,-1.16013,2.65156,-2.7347,-1.23347,2,-2.7343,-1.21012,1.99927,0.94448,-2.09399,0,0.899688,-2.09918,-0.0247647,0.986773,-2.18776,0,0.547652,-2.65792,0.092116
12.32,-2.60823,-1.20092,2.65596,-2.58798,-1.1811,2.65131,-2.72502,-1.25469,2,-2.72872,-1.23665,2.00022,0.960733,-2.08658,0,0.917944,-2.09419,-0.0246884,1.00375,-2.18002,0,0.569579,-2.64849,0.0979054
12.33,-2.59847,-1.22188,2.65596,-2.57871,-1.20201,2.65107,-2.71483,-1.27659,2,-2.72291,-1.26309,2.00123,0.977501,-2.07878,1.46196e-18,0.936058,-2.08897,-0.0245732,1.02127,-2.17187,0,0.59199,-2.63816,0.103386
12.3401,-2.58861,-1.24263,2.65596,-2.56926,-1.22288,2.65082,-2.70453,-1.29828,2,-2.71688,-1.28941,2.00229,0.994107,-2.07089,0,0.954025,-2.08348,-0.0244058,1.03862,-2.16362,0,0.614898,-2.62692,0.108536
12.35,-2.57865,-1.26317,2.65596,-2.55963,-1.24368,2.65058,-2.69412,-1.31973,2,-2.71061,-1.31562,2.00339,1.01054,-2.06292,-1.46196e-18,0.971834,-2.07771,-0.0241764,1.05579,-2.1553,0,0.638276,-2.61478,0.113335
12.3601,-2.56836,-1.28396,2.65596,-2.54983,-1.26443,2.65034,-2.68337,-1.34146,2,-2.70411,-1.3417,2.00455,1.02717,-2.05469,0,0.989501,-2.07179,-0.0238782,1.07317,-2.1467,0,0.662132,-2.60187,0.117761
12.37,-2.55813,-1.30423,2.65596,-2.53984,-1.28512,2.6501,-2.67268,-1.36263,2,-2.69737,-1.36766,2.00575,1.04338,-2.04651,0,1.00706,-2.06576,-0.0235118,1.0901,-2.13815,0,0.686496,-2.58825,0.121784
12.38,-2.54754,-1.32479,2.65596,-2.52969,-1.30574,2.64987,-2.66162,-1.38411,2,-2.69038,-1.39347,2.00698,1.05983,-2.03803,0,1.02447,-2.05955,-0.0230712,1.10729,-2.1293,0,0.711314,-2.57388,0.125385
12.39,-2.53678,-1.34529,2.65596,-2.51935,-1.32631,2.64964,-2.65037,-1.40553,2,-2.68314,-1.41913,2.00826,1.07623,-2.02942,0,1.04172,-2.05305,-0.0225623,1.12443,-2.1203,0,0.736567,-2.55865,0.128534
12.4,-2.52595,-1.3655,2.65596,-2.50885,-1.3468,2.64942,-2.63907,-1.42665,2,-2.67792,-1.437,2.00916,1.0924,-2.02076,0,1.05878,-2.04631,-0.0219659,1.14132,-2.11125,0,0.754479,-2.54752,0.130469
12.4101,-2.51491,-1.38574,2.65596,-2.49818,-1.36723,2.6492,-2.62752,-1.4478,2,-2.66789,-1.46998,2.01088,1.1086,-2.01193,1.46196e-18,1.07568,-2.0394,-0.0212757,1.15824,-2.10202,0,0.788262,-2.52596,0.13346
12.42,-2.50383,-1.40567,2.65596,-2.48734,-1.38759,2.64899,-2.61595,-1.46861,2,-2.65988,-1.49515,2.01222,1.12453,-2.00306,0,1.0924,-2.03228,-0.0204939,1.17489,-2.09276,0,0.814659,-2.50855,0.135212
12.43,-2.49252,-1.42562,2.65596,-2.47633,-1.40788,2.64879,-2.60414,-1.48946,2,-2.6516,-1.52015,2.01358,1.14049,-1.99402,1.46196e-18,1.10891,-2.02495,-0.01962,1.19156,-2.08331,0,0.841374,-2.49044,0.136471
12.4401,-2.4808,-1.44592,2.65596,-2.46516,-1.42809,2.6486,-2.59189,-1.51067,2,-2.64305,-1.54496,2.01495,1.15674,-1.98464,0,1.12524,-2.01744,-0.0186609,1.20853,-2.07351,0,0.868424,-2.47169,0.137219
12.45,-2.46932,-1.46544,2.65596,-2.45383,-1.44823,2.64842,-2.5799,-1.53106,2,-2.63423,-1.56958,2.01632,1.17235,-1.97546,-1.46196e-18,1.14139,-2.00971,-0.0176132,1.22485,-2.06392,0,0.895773,-2.4523,0.137456
12.46,-2.4575,-1.48518,2.65596,-2.44233,-1.46828,2.64825,-2.56754,-1.55169,2,-2.62513,-1.594,2.0177,1.18815,-1.966,0,1.15738,-2.00178,-0.0164877,1.24135,-2.05403,0,0.92342,-2.43227,0.137171
12.4704,-2.44449,-1.50649,2.65596,-2.43419,-1.48228,2.64814,-2.55396,-1.57395,2,-2.6186,-1.61098,2.01866,1.20519,-1.95559,1.46196e-18,1.16848,-1.99615,-0.015641,1.25916,-2.04317,0,0.942937,-2.41794,0.136673
12.48,-2.43341,-1.52433,2.65596,-2.41887,-1.50816,2.64794,-2.54237,-1.59259,2,-2.60611,-1.64224,2.02042,1.21947,-1.94672,0,1.18891,-1.98556,-0.0142091,1.27407,-2.0339,0,0.979496,-2.39073,0.134846
12.49,-2.42106,-1.54386,2.65596,-2.4069,-1.52797,2.6478,-2.52947,-1.613,2,-2.59617,-1.66604,2.02176,1.23509,-1.93685,0,1.20441,-1.97735,-0.0137772,1.2904,-2.02358,0,1.00768,-2.36936,0.132152
12.5,-2.40877,-1.56297,2.65596,-2.39478,-1.5477,2.64767,-2.51663,-1.63296,2,-2.58595,-1.68962,2.02306,1.25037,-1.92702,-1.46196e-18,1.21976,-1.969,-0.0132299,1.30637,-2.01331,0,1.03608,-2.34748,0.128985
12.51,-2.39634,-1.58197,2.65596,-2.38251,-1.56735,2.64754,-2.50364,-1.65281,2,-2.57545,-1.71299,2.02434,1.26557,-1.91707,1.46196e-18,1.23496,-1.96042,-0.0123712,1.32224,-2.00292,0,1.06475,-2.32507,0.12554
12.52,-2.3834,-1.60139,2.65596,-2.37008,-1.58691,2.64742,-2.49013,-1.6731,2,-2.56466,-1.73612,2.02557,1.28111,-1.90672,0,1.25007,-1.9516,-0.0112533,1.33848,-1.9921,0,1.09365,-2.30213,0.121798
12.53,-2.37066,-1.62019,2.65596,-2.35751,-1.60638,2.64732,-2.47682,-1.69275,2,-2.55357,-1.75903,2.02677,1.29616,-1.89653,1.46196e-18,1.26506,-1.94262,-0.00992014,1.3542,-1.98145,0,1.12274,-2.27876,0.117732
12.54,-2.3576,-1.63914,2.65596,-2.34478,-1.62576,2.64723,-2.46317,-1.71254,2,-2.5422,-1.7817,2.02793,1.31131,-1.88608,1.46196e-18,1.27995,-1.93346,-0.00840532,1.37003,-1.97054,0,1.15201,-2.25496,0.113329
12.5501,-2.34421,-1.65823,2.65596,-2.33191,-1.64505,2.64715,-2.44918,-1.73249,2,-2.53406,-1.79742,2.02871,1.32658,-1.87537,1.46196e-18,1.29472,-1.92408,-0.0067477,1.38599,-1.95935,0,1.17258,-2.23804,0.11004
12.56,-2.33097,-1.67679,2.65596,-2.31889,-1.66424,2.64709,-2.43535,-1.75188,2,-2.51857,-1.82631,2.0301,1.34144,-1.86477,0,1.30937,-1.91452,-0.00497783,1.4015,-1.94828,0,1.21092,-2.2061,0.103475
12.57,-2.31738,-1.69552,2.65596,-2.30572,-1.68334,2.64705,-2.42115,-1.77145,2,-2.50631,-1.84825,2.03111,1.35642,-1.8539,0,1.32394,-1.9048,-0.00312319,1.41716,-1.93692,0,1.24053,-2.18116,0.0980307
12.58,-2.30405,-1.71359,2.65596,-2.29241,-1.70234,2.64703,-2.40723,-1.79032,2,-2.49376,-1.86993,2.03206,1.37087,-1.84324,0,1.33844,-1.89492,-0.0011996,1.43226,-1.92578,0,1.27022,-2.15589,0.0922557
12.5901,-2.29025,-1.73199,2.65596,-2.27895,-1.72124,2.64703,-2.39281,-1.80955,2,-2.48091,-1.89136,2.03295,1.38559,-1.8322,0,1.3528,-1.88483,0.000777664,1.44764,-1.91425,0,1.29993,-2.13028,0.0861657
12.6001,-2.2761,-1.75054,2.65596,-2.26535,-1.74004,2.64704,-2.37803,-1.82893,2,-2.46776,-1.91254,2.03378,1.40043,-1.82088,1.46196e-18,1.36705,-1.87454,0.002779,1.46315,-1.90242,0,1.32966,-2.10438,0.0797681
12.61,-2.26228,-1.76837,2.65596,-2.25161,-1.75873,2.64708,-2.36359,-1.84755,2,-2.45432,-1.93345,2.03454,1.41469,-1.80983,0,1.38114,-1.86404,0.00478828,1.47804,-1.89087,0,1.35933,-2.07817,0.0730856
12.62,-2.24773,-1.78683,2.65596,-2.23773,-1.77732,2.64714,-2.34838,-1.86685,2,-2.44058,-1.9541,2.03524,1.42947,-1.79818,0,1.39506,-1.85333,0.0068109,1.49348,-1.8787,0,1.3889,-2.0517,0.0661625
12.6301,-2.23348,-1.80461,2.65596,-2.22371,-1.79579,2.64722,-2.33349,-1.88542,2,-2.42654,-1.97448,2.03587,1.44369,-1.78678,0,1.40886,-1.84243,0.00882837,1.50834,-1.86679,0,1.41841,-2.02499,0.059019
12.6402,-2.21871,-1.82273,2.65596,-2.20956,-1.81416,2.64732,-2.31807,-1.90435,2,-2.41221,-1.9946,2.03642,1.45819,-1.77497,0,1.42256,-1.83135,0.0108173,1.52348,-1.85445,0,1.44785,-1.99807,0.0516739
12.6501,-2.20436,-1.84007,2.65596,-2.19526,-1.83242,2.64743,-2.30307,-1.92246,2,-2.39758,-2.01444,2.0369,1.47205,-1.76349,1.46196e-18,1.43615,-1.82008,0.0127711,1.53797,-1.84246,0,1.47716,-1.97096,0.0441622
12.66,-2.18959,-1.85761,2.65596,-2.18228,-1.84876,2.64756,-2.28764,-1.9408,2,-2.38417,-2.03207,2.03727,1.48609,-1.75167,0,1.44829,-1.80975,0.0144762,1.55264,-1.83011,0,1.50344,-1.94638,0.0372693
12.67,-2.1748,-1.87491,2.65596,-2.16773,-1.8668,2.64771,-2.27218,-1.95887,2,-2.36899,-2.0514,2.0376,1.49993,-1.73984,2.92392e-18,1.46174,-1.7981,0.0162819,1.5671,-1.81775,0,1.53257,-1.91891,0.0294736
12.68,-2.15955,-1.89246,2.65596,-2.15305,-1.88472,2.64788,-2.25625,-1.9772,2,-2.35352,-2.07045,2.03786,1.51397,-1.72764,0,1.47513,-1.78625,0.0180146,1.58176,-1.805,0,1.56155,-1.89129,0.0215966
12.69,-2.14441,-1.9096,2.65596,-2.13823,-1.90252,2.64807,-2.24043,-1.99511,2,-2.33776,-2.08922,2.03803,1.52768,-1.71553,0,1.48846,-1.77428,0.0196838,1.59609,-1.79235,0,1.59036,-1.86358,0.0136842
12.7,-2.12905,-1.9267,2.65596,-2.12328,-1.9202,2.64828,-2.22439,-2.01298,2,-2.32171,-2.10772,2.03813,1.54136,-1.70324,-1.46196e-18,1.5017,-1.76213,0.0212861,1.61038,-1.77951,0,1.61898,-1.83575,0.00577063
12.7101,-2.11354,-1.94371,2.65596,-2.1082,-1.93776,2.6485,-2.20818,-2.03075,2,-2.30538,-2.12594,2.03815,1.55497,-1.69083,0,1.51487,-1.7498,0.0228067,1.6246,-1.76654,0,1.64739,-1.80783,-0.0021188
12.72,-2.09817,-1.96029,2.65596,-2.09298,-1.9552,2.64873,-2.19212,-2.04807,2,-2.28877,-2.14388,2.03809,1.56824,-1.67853,0,1.52792,-1.73726,0.0242413,1.63846,-1.7537,0,1.67555,-1.7798,-0.00995015
12.73,-2.0824,-1.97703,2.65596,-2.07764,-1.97251,2.64898,-2.17565,-2.06556,2,-2.27187,-2.16153,2.03795,1.58163,-1.66592,1.46196e-18,1.5408,-1.72451,0.0255859,1.65245,-1.74052,0,1.70338,-1.75167,-0.0176901
12.74,-2.06638,-1.99377,2.65596,-2.06217,-1.98969,2.64924,-2.15892,-2.08305,2,-2.2547,-2.17891,2.03773,1.59501,-1.65311,-1.46196e-18,1.55358,-1.71156,0.026829,1.66644,-1.72713,0,1.73092,-1.72349,-0.0253154
12.75,-2.05032,-2.01028,2.65596,-2.04657,-2.00674,2.64952,-2.14213,-2.1003,2,-2.23725,-2.196,2.03744,1.60822,-1.64026,0,1.56621,-1.69841,0.0279735,1.68024,-1.71371,0,1.75813,-1.69527,-0.0327876
12.7602,-2.03383,-2.02696,2.65596,-2.03084,-2.02365,2.6498,-2.12491,-2.11773,2,-2.21954,-2.21282,2.03708,1.62157,-1.62707,-1.46196e-18,1.57874,-1.68507,0.0290073,1.69418,-1.69993,0,1.78501,-1.66703,-0.0400851
12.7701,-2.0179,-2.04282,2.65596,-2.01499,-2.04044,2.6501,-2.10826,-2.1343,2,-2.20155,-2.22934,2.03664,1.63426,-1.61432,-1.46196e-18,1.5912,-1.67153,0.029918,1.70744,-1.68661,0,1.81157,-1.63877,-0.0471894
12.7801,-2.00157,-2.05883,2.65596,-1.99902,-2.05708,2.6504,-2.0912,-2.15102,2,-2.18331,-2.24559,2.03613,1.64706,-1.60125,0,1.60356,-1.65778,0.030697,1.72082,-1.67296,0,1.83777,-1.6105,-0.0540794
12.79,-1.98515,-2.07466,2.65596,-1.98292,-2.07359,2.65071,-2.07405,-2.16756,2,-2.1648,-2.26155,2.03556,1.65973,-1.58812,-1.46196e-18,1.61585,-1.64387,0.0313575,1.73405,-1.65924,0,1.86362,-1.58229,-0.0607173
12.8,-1.96799,-2.09095,2.65596,-1.9667,-2.08996,2.65103,-2.05611,-2.18458,2,-2.14604,-2.27724,2.03492,1.67276,-1.57439,0,1.62807,-1.62978,0.0318806,1.74767,-1.64489,0,1.88911,-1.55413,-0.067098
12.8101,-1.95131,-2.10653,2.65596,-1.95036,-2.10619,2.65135,-2.03868,-2.20086,2,-2.12702,-2.29264,2.03422,1.68522,-1.56104,0,1.64024,-1.61553,0.0322683,1.76068,-1.63095,0,1.91423,-1.52606,-0.0731969
12.82,-1.93457,-2.12191,2.65596,-1.9339,-2.12227,2.65167,-2.0212,-2.21693,2,-2.10775,-2.30776,2.03346,1.69753,-1.54765,0,1.65226,-1.60115,0.0325403,1.77354,-1.61696,0,1.93886,-1.49811,-0.0789736
12.83,-1.9174,-2.13744,2.65596,-1.91731,-2.13821,2.652,-2.00326,-2.23315,2,-2.08824,-2.3226,2.03264,1.70995,-1.53392,1.46196e-18,1.66425,-1.58662,0.0326855,1.78652,-1.60261,0,1.96309,-1.47028,-0.0844235
12.84,-1.9005,-2.15248,2.65596,-1.90061,-2.154,2.65233,-1.9856,-2.24886,2,-2.06849,-2.33716,2.03177,1.72198,-1.5204,0,1.67618,-1.57196,0.0327129,1.79909,-1.58848,0,1.98689,-1.4426,-0.0895225
12.8501,-1.88319,-2.16763,2.65596,-1.88379,-2.16965,2.65265,-1.96752,-2.2647,2,-2.04851,-2.35145,2.03085,1.73411,-1.50656,1.46196e-18,1.68805,-1.55715,0.0326228,1.81176,-1.57402,0,2.01023,-1.41509,-0.0942564
12.86,-1.86565,-2.18275,2.65596,-1.86685,-2.18515,2.65298,-1.9492,-2.28049,2,-2.02829,-2.36547,2.02989,1.7462,-1.49252,0,1.6999,-1.54218,0.0324115,1.82439,-1.55936,0,2.03313,-1.38774,-0.0986202
12.87,-1.8484,-2.19738,2.65596,-1.84979,-2.20049,2.6533,-1.93117,-2.29578,2,-2.00785,-2.37921,2.02888,1.7579,-1.47872,0,1.71166,-1.5271,0.0320953,1.83662,-1.54493,0,2.0555,-1.36061,-0.10259
12.8802,-1.83024,-2.21253,2.65596,-1.83262,-2.21569,2.65362,-1.91219,-2.3116,2,-1.98718,-2.39268,2.02784,1.77002,-1.46419,0,1.72334,-1.5119,0.0316753,1.84928,-1.52976,0,2.07734,-1.3337,-0.106158
12.8901,-1.81292,-2.22674,2.65596,-1.81533,-2.23073,2.65393,-1.8941,-2.32645,2,-1.9663,-2.40588,2.02676,1.78139,-1.45034,-1.46196e-18,1.73505,-1.49663,0.0311626,1.86116,-1.51528,0,2.09872,-1.3071,-0.109314
12.9,-1.79504,-2.24117,2.65596,-1.79792,-2.24562,2.65424,-1.87543,-2.34153,2,-1.94521,-2.41882,2.02565,1.79294,-1.43604,-1.46196e-18,1.74659,-1.48123,0.0305453,1.87323,-1.50034,0,2.11944,-1.28074,-0.112066
12.91,-1.77691,-2.25558,2.65596,-1.78039,-2.26035,2.65454,-1.85648,-2.35659,2,-1.92391,-2.4315,2.02452,1.80447,-1.42153,0,1.75797,-1.4657,0.029839,1.88527,-1.48518,0,2.13949,-1.25465,-0.114403
12.9201,-1.75884,-2.2697,2.65596,-1.76276,-2.27493,2.65484,-1.8376,-2.37133,2,-1.90242,-2.44392,2.02337,1.81576,-1.40707,0,1.76924,-1.4501,0.0290622,1.89707,-1.47008,0,2.15889,-1.2289,-0.116312
12.93,-1.74072,-2.28363,2.65596,-1.74501,-2.28936,2.65512,-1.81866,-2.38589,2,-1.88074,-2.45608,2.02219,1.8269,-1.39257,1.46196e-18,1.78047,-1.43439,0.0282012,1.90871,-1.45493,0,2.17771,-1.20348,-0.11781
12.9401,-1.72225,-2.29759,2.65596,-1.72715,-2.30362,2.6554,-1.79937,-2.40048,2,-1.85887,-2.46799,2.02101,1.83807,-1.3778,0,1.79159,-1.41861,0.0272814,1.92038,-1.43949,0,2.19583,-1.17842,-0.118882
12.95,-1.70382,-2.31128,2.65596,-1.70918,-2.31773,2.65567,-1.78012,-2.41478,2,-1.83682,-2.47965,2.01982,1.84903,-1.36306,-2.92392e-18,1.80259,-1.40274,0.0263057,1.93182,-1.4241,0,2.21323,-1.15375,-0.119536
12.96,-1.68569,-2.32454,2.65596,-1.6911,-2.33168,2.65593,-1.76117,-2.42864,2,-1.81461,-2.49106,2.01862,1.85964,-1.34855,1.46196e-18,1.81349,-1.38677,0.0252656,1.94291,-1.40894,0,2.22994,-1.12945,-0.119795
12.97,-1.66687,-2.33807,2.65596,-1.67291,-2.34546,2.65618,-1.74152,-2.44277,2,-1.79223,-2.50224,2.01742,1.87046,-1.3335,-1.46196e-18,1.8245,-1.37065,0.0241363,1.95422,-1.39321,0,2.24612,-1.1055,-0.119698
12.98,-1.64813,-2.35132,2.65596,-1.65461,-2.35909,2.65641,-1.72193,-2.45661,2,-1.76969,-2.51317,2.01623,1.88106,-1.3185,0,1.83559,-1.35443,0.0229325,1.96529,-1.37754,0,2.26174,-1.08198,-0.119248
12.99,-1.62916,-2.3645,2.65596,-1.6362,-2.37255,2.65663,-1.70212,-2.47039,2,-1.74699,-2.52388,2.01504,1.8916,-1.30333,0,1.84677,-1.33815,0.0216606,1.97631,-1.36169,0,2.2768,-1.05891,-0.118461
13.0001,-1.60996,-2.37762,2.65596,-1.61767,-2.38585,2.65684,-1.68205,-2.48409,2,-1.72415,-2.53435,2.01386,1.9021,-1.28797,0,1.85784,-1.32174,0.0203521,1.98727,-1.34564,0,2.29109,-1.03626,-0.117328
13.01,-1.59127,-2.39017,2.65596,-1.59904,-2.39899,2.65704,-1.66252,-2.4972,2,-1.70117,-2.54461,2.01269,1.91214,-1.27301,0,1.86887,-1.30522,0.0190161,1.99776,-1.33002,0,2.30467,-1.01405,-0.115865
13.02,-1.57168,-2.4031,2.65596,-1.5803,-2.41195,2.65722,-1.64205,-2.51071,2,-1.67806,-2.55464,2.01154,1.92248,-1.25734,-1.46196e-18,1.8799,-1.28865,0.0176599,2.00857,-1.31364,0,2.31759,-0.992354,-0.11409
13.03,-1.55258,-2.41548,2.65596,-1.56144,-2.42476,2.65739,-1.6221,-2.52364,2,-1.65482,-2.56445,2.01041,1.93238,-1.24206,0,1.89092,-1.272,0.0162811,2.01892,-1.29768,0,2.32981,-0.971142,-0.112028
13.04,-1.53345,-2.42767,2.65596,-1.54248,-2.43739,2.65755,-1.60212,-2.53638,2,-1.63147,-2.57406,2.0093,1.94213,-1.22676,0,1.90194,-1.25524,0.0148799,2.0291,-1.2817,0,2.34135,-0.950409,-0.109708
13.05,-1.51381,-2.43996,2.65596,-1.5234,-2.44986,2.65769,-1.5816,-2.54922,2,-1.608,-2.58346,2.00822,1.95197,-1.21105,1.46196e-18,1.91296,-1.23836,0.0134658,2.03938,-1.26528,0,2.35221,-0.930158,-0.107149
13.06,-1.49444,-2.45187,2.65596,-1.50422,-2.46216,2.65782,-1.56136,-2.56167,2,-1.58443,-2.59267,2.00716,1.9615,-1.19556,0,1.92402,-1.22135,0.0120322,2.04933,-1.24909,0,2.36243,-0.910379,-0.104385
13.07,-1.47459,-2.46386,2.65596,-1.48492,-2.47429,2.65793,-1.54062,-2.5742,2,-1.56075,-2.60167,2.00613,1.97109,-1.17967,0,1.93497,-1.20428,0.0106028,2.05936,-1.2325,0,2.37187,-0.891159,-0.101421
13.08,-1.45494,-2.47552,2.65596,-1.46552,-2.48625,2.65803,-1.5201,-2.58637,2,-1.53699,-2.61049,2.00513,1.98041,-1.16396,0,1.94582,-1.18712,0.00917201,2.0691,-1.21608,0,2.38053,-0.872462,-0.0982946
13.09,-1.43519,-2.48702,2.65596,-1.44601,-2.49803,2.65812,-1.49946,-2.59839,2,-1.51315,-2.61912,2.00417,1.98962,-1.14815,0,1.95667,-1.1698,0.0077456,2.07871,-1.19957,0,2.38852,-0.854236,-0.0950266
13.1,-1.41512,-2.4985,2.65596,-1.42639,-2.50964,2.65819,-1.47849,-2.61038,2,-1.48922,-2.62758,2.00323,1.9988,-1.1321,0,1.96744,-1.1524,0.00634861,2.0883,-1.18279,0,2.39578,-0.836558,-0.0916211
13.11,-1.39518,-2.50969,2.65596,-1.40666,-2.52108,2.65824,-1.45765,-2.62207,2,-1.46523,-2.63586,2.00234,2.00775,-1.11614,0,1.97815,-1.13489,0.00497158,2.09766,-1.16612,0,2.40233,-0.819405,-0.0881166
13.12,-1.37497,-2.52081,2.65596,-1.38682,-2.53234,2.65829,-1.43654,-2.63369,2,-1.44118,-2.64397,2.00147,2.01665,-1.09998,0,1.98888,-1.11724,0.00361348,2.10696,-1.14923,0,2.40826,-0.802747,-0.0845424
13.1302,-1.35409,-2.53209,2.65596,-1.36688,-2.54342,2.65831,-1.41473,-2.64548,2,-1.41707,-2.65191,2.00064,2.02567,-1.08327,-1.46196e-18,1.99969,-1.09942,0.00229088,2.11638,-1.13178,0,2.41363,-0.786562,-0.0809092
13.1402,-1.33378,-2.54285,2.65596,-1.34683,-2.55433,2.65833,-1.3935,-2.65672,2,-1.39291,-2.6597,1.99985,2.03428,-1.06702,0,2.01051,-1.08152,0.00101529,2.12537,-1.1148,0,2.4184,-0.770918,-0.0772329
13.15,-1.31383,-2.55322,2.65596,-1.32667,-2.56505,2.65833,-1.37266,-2.66755,2,-1.3687,-2.66733,1.9991,2.04257,-1.05106,0,2.02129,-1.06358,-0.000204919,2.13404,-1.09813,0,2.42253,-0.755861,-0.0735315
13.16,-1.29357,-2.56354,2.65596,-1.3064,-2.5756,2.65833,-1.3515,-2.67833,2,-1.34446,-2.67482,1.99838,2.05083,-1.03486,0,2.03195,-1.04554,-0.00137252,2.14266,-1.0812,0,2.42595,-0.741313,-0.0698334
13.17,-1.27272,-2.57395,2.65596,-1.28603,-2.58596,2.65831,-1.32971,-2.68921,2,-1.32019,-2.68216,1.9977,2.05916,-1.01818,1.46196e-18,2.04258,-1.02733,-0.00249034,2.15137,-1.06377,0,2.4288,-0.727205,-0.0661646
13.18,-1.25236,-2.58392,2.65596,-1.26555,-2.59615,2.65828,-1.30844,-2.69962,2,-1.29589,-2.68937,1.99706,2.06713,-1.00189,0,2.05311,-1.00897,-0.00355656,2.1597,-1.04676,0,2.43102,-0.713539,-0.0625441
13.19,-1.23168,-2.59384,2.65596,-1.24497,-2.60614,2.65824,-1.28683,-2.70999,2,-1.27157,-2.69643,1.99645,2.07507,-0.985344,0,2.06355,-0.990473,-0.00457181,2.16799,-1.02947,0,2.43265,-0.700337,-0.0589921
13.2001,-1.21058,-2.60375,2.65596,-1.22428,-2.61595,2.65819,-1.26479,-2.72035,2,-1.24723,-2.70337,1.99588,2.083,-0.968466,-1.46196e-18,2.07399,-0.971899,-0.00551727,2.17628,-1.01183,0,2.43378,-0.68763,-0.0555083
13.21,-1.18995,-2.61325,2.65596,-1.20349,-2.62558,2.65813,-1.24324,-2.73027,2,-1.22289,-2.71019,1.99534,2.0906,-0.951961,0,2.08435,-0.953177,-0.00640063,2.18421,-0.99459,0,2.43438,-0.675333,-0.0521169
13.22,-1.16901,-2.62268,2.65596,-1.18259,-2.63502,2.65806,-1.22136,-2.74012,2,-1.19855,-2.71688,1.99484,2.09815,-0.93521,1.46196e-18,2.09446,-0.934414,-0.00721067,2.1921,-0.977088,0,2.4343,-0.66354,-0.0488212
13.23,-1.14809,-2.63191,2.65596,-1.1616,-2.64427,2.65798,-1.1995,-2.74976,2,-1.17421,-2.72346,1.99437,2.10553,-0.918475,0,2.10436,-0.915604,-0.00793921,2.19981,-0.959603,0,2.4336,-0.652221,-0.0456256
13.24,-1.12697,-2.64102,2.65596,-1.14051,-2.65333,2.6579,-1.17744,-2.75928,2,-1.14988,-2.72993,1.99392,2.11282,-0.901576,0,2.11418,-0.896723,-0.00860122,2.20743,-0.941948,0,2.43245,-0.641339,-0.042555
13.25,-1.10564,-2.65002,2.65596,-1.11932,-2.6622,2.65781,-1.15515,-2.76869,2,-1.12556,-2.73629,1.99351,2.12002,-0.884508,0,2.12396,-0.877689,-0.00919263,2.21495,-0.924116,0,2.4309,-0.630799,-0.0396128
13.26,-1.08453,-2.65873,2.65596,-1.09803,-2.67088,2.65772,-1.1331,-2.77779,2,-1.10126,-2.74255,1.99313,2.12698,-0.867624,0,2.13372,-0.858537,-0.00971721,2.22223,-0.906476,0,2.42901,-0.620613,-0.0368092
13.27,-1.063,-2.66741,2.65596,-1.07664,-2.67937,2.65762,-1.1106,-2.78686,2,-1.07698,-2.7487,1.99278,2.13393,-0.8504,0,2.14345,-0.839238,-0.0101653,2.22949,-0.88848,0,2.4268,-0.610729,-0.0341392
13.28,-1.04208,-2.67565,2.65596,-1.05516,-2.68767,2.65751,-1.08874,-2.79547,2,-1.05273,-2.75476,1.99245,2.14052,-0.833661,0,2.15305,-0.819902,-0.0105374,2.23638,-0.870992,0,2.42418,-0.601228,-0.031606
13.29,-1.02061,-2.68392,2.65596,-1.03358,-2.69577,2.65741,-1.06631,-2.8041,2,-1.0285,-2.76073,1.99214,2.14713,-0.816486,-7.3098e-19,2.16238,-0.800529,-0.0108492,2.24328,-0.853048,0,2.42107,-0.59208,-0.0292265
13.3,-0.998974,-2.69204,2.65596,-1.01191,-2.70368,2.6573,-1.04371,-2.81259,2,-1.00431,-2.7666,1.99186,2.15364,-0.799179,7.3098e-19,2.17148,-0.781111,-0.0110974,2.25007,-0.834966,0,2.41754,-0.583249,-0.0269955
13.31,-0.977633,-2.69987,2.65596,-0.990154,-2.71139,2.65718,-1.02141,-2.82077,2,-0.980151,-2.77239,1.9916,2.15989,-0.782106,-7.3098e-19,2.18033,-0.761704,-0.011284,2.25661,-0.817128,0,2.41359,-0.574772,-0.024911
13.32,-0.955825,-2.70766,2.65596,-0.968307,-2.71891,2.65707,-0.998627,-2.82891,2,-0.956037,-2.7781,1.99136,2.16613,-0.76466,0,2.18903,-0.742319,-0.0114183,2.26313,-0.798901,0,2.40935,-0.566637,-0.0229772
13.33,-0.933826,-2.71533,2.65596,-0.946374,-2.72624,2.65696,-0.975642,-2.83692,2,-0.931965,-2.78373,1.99114,2.17226,-0.747061,0,2.19763,-0.722892,-0.011491,2.26954,-0.780514,0,2.40489,-0.558753,-0.0211781
13.3401,-0.912121,-2.7227,2.65596,-0.924355,-2.73337,2.65684,-0.952965,-2.84462,2,-0.90794,-2.78928,1.99094,2.17816,-0.729697,7.3098e-19,2.20605,-0.703404,-0.0115123,2.2757,-0.762372,0,2.40016,-0.551081,-0.0195155
13.35,-0.890586,-2.72982,2.65596,-0.902254,-2.74031,2.65673,-0.930466,-2.85206,2,-0.883963,-2.79475,1.99075,2.18385,-0.712469,0,2.21418,-0.683962,-0.0114725,2.28165,-0.744372,0,2.39509,-0.543695,-0.0179708
13.3601,-0.868572,-2.7369,2.65596,-0.880072,-2.74705,2.65661,-0.907467,-2.85946,2,-0.860039,-2.80015,1.99058,2.18952,-0.694858,-7.3098e-19,2.22215,-0.664518,-0.0113755,2.28757,-0.725973,0,2.38982,-0.53652,-0.0165375
13.37,-0.846288,-2.74387,2.65596,-0.857811,-2.7536,2.6565,-0.884184,-2.86674,2,-0.836168,-2.80548,1.99042,2.1951,-0.677031,0,2.22989,-0.645058,-0.0112148,2.29339,-0.707348,0,2.38431,-0.529514,-0.0151973
13.38,-0.824703,-2.75044,2.65596,-0.835475,-2.75995,2.65639,-0.861633,-2.8736,2,-0.812353,-2.81074,1.99028,2.20035,-0.659762,0,2.23731,-0.625647,-0.0110095,2.29888,-0.689306,0,2.37851,-0.522718,-0.0139567
13.39,-0.802558,-2.75698,2.65596,-0.813066,-2.76611,2.65628,-0.838496,-2.88044,2,-0.788598,-2.81594,1.99014,2.20559,-0.642047,-7.3098e-19,2.24447,-0.606296,-0.0107697,2.30435,-0.670797,0,2.37249,-0.516116,-0.0128127
13.4001,-0.780286,-2.76337,2.65596,-0.790586,-2.77208,2.65617,-0.815226,-2.88711,2,-0.764904,-2.82106,1.99002,2.21069,-0.624228,0,2.25138,-0.587037,-0.01049,2.30969,-0.652181,0,2.36629,-0.509716,-0.011746
13.4102,-0.758265,-2.76949,2.65596,-0.768039,-2.77785,2.65607,-0.79222,-2.89351,2,-0.741273,-2.82613,1.98991,2.21559,-0.606612,0,2.2581,-0.567809,-0.0101796,2.31481,-0.633776,0,2.35999,-0.503434,-0.0107511
13.4201,-0.735884,-2.77552,2.65596,-0.745425,-2.78343,2.65597,-0.768836,-2.89981,2,-0.717705,-2.83113,1.9898,2.22042,-0.588707,7.3098e-19,2.26461,-0.54865,-0.00985105,2.31985,-0.615069,0,2.3536,-0.497286,-0.0098261
13.43,-0.713656,-2.78132,2.65596,-0.722747,-2.78882,2.65587,-0.745613,-2.90587,2,-0.694201,-2.83608,1.98971,2.22506,-0.570925,7.3098e-19,2.27089,-0.529612,-0.00950576,2.32469,-0.59649,0,2.34711,-0.491298,-0.00895735
13.44,-0.691699,-2.78686,2.65596,-0.700008,-2.79403,2.65578,-0.722673,-2.91166,2,-0.670763,-2.84096,1.98963,2.22949,-0.553359,0,2.27689,-0.510607,-0.00915547,2.32933,-0.578138,0,2.3405,-0.485357,-0.00814186
13.4503,-0.668593,-2.7925,2.65596,-0.677211,-2.79904,2.65569,-0.698532,-2.91754,2,-0.647391,-2.84578,1.98955,2.234,-0.534874,0,2.28261,-0.491585,-0.0088006,2.33403,-0.558826,0,2.33379,-0.479391,-0.00736502
13.4601,-0.646886,-2.7976,2.65596,-0.654357,-2.80386,2.6556,-0.675854,-2.92288,2,-0.624087,-2.85055,1.98948,2.23808,-0.517509,0,2.28814,-0.472602,-0.00845031,2.3383,-0.540683,0,2.32711,-0.473433,-0.00662123
13.4701,-0.624646,-2.80265,2.65596,-0.631449,-2.80849,2.65552,-0.652617,-2.92815,2,-0.600849,-2.85525,1.98942,2.24212,-0.499717,-7.3098e-19,2.29342,-0.45367,-0.0081091,2.34252,-0.522094,0,2.32039,-0.467471,-0.00590139
13.48,-0.602529,-2.80749,2.65596,-0.608489,-2.81293,2.65544,-0.62951,-2.93321,2,-0.577679,-2.8599,1.98936,2.24599,-0.482023,0,2.29845,-0.434801,-0.00777109,2.34657,-0.503608,0,2.31366,-0.46149,-0.00518593
13.49,-0.579726,-2.81229,2.65596,-0.58548,-2.81718,2.65536,-0.605686,-2.93822,2,-0.554576,-2.86448,1.98931,2.24983,-0.463781,0,2.30321,-0.415944,-0.00743218,2.35058,-0.484549,0,2.30692,-0.455416,-0.00445718
13.5,-0.557005,-2.81688,2.65596,-0.562426,-2.82125,2.65529,-0.581947,-2.94302,2,-0.531541,-2.86901,1.98927,2.2535,-0.445604,0,2.30768,-0.397166,-0.0071073,2.35441,-0.465558,0,2.30018,-0.449294,-0.00371748
13.5102,-0.533491,-2.82142,2.65596,-0.539328,-2.82513,2.65522,-0.55738,-2.94777,2,-0.508572,-2.87347,1.98924,2.25714,-0.426793,0,2.31193,-0.378499,-0.00678624,2.35821,-0.445904,0,2.29351,-0.443136,-0.00294523
13.5202,-0.511551,-2.82548,2.65596,-0.516188,-2.82882,2.65516,-0.534458,-2.95201,2,-0.48567,-2.87787,1.98921,2.26039,-0.409241,0,2.31596,-0.359933,-0.00647668,2.36161,-0.427567,0,2.28693,-0.436909,-0.00213762
13.53,-0.489063,-2.82946,2.65596,-0.493009,-2.83233,2.65509,-0.510963,-2.95617,2,-0.462833,-2.88221,1.98919,2.26357,-0.39125,0,2.31975,-0.341426,-0.00617805,2.36493,-0.40877,0,2.28043,-0.430558,-0.00128408
13.54,-0.466841,-2.83322,2.65596,-0.469793,-2.83565,2.65503,-0.487746,-2.96009,2,-0.440061,-2.88648,1.98919,2.26657,-0.373473,0,2.32333,-0.322903,-0.00589389,2.36807,-0.390197,0,2.27404,-0.423984,-0.00037874
13.55,-0.444011,-2.83688,2.65596,-0.446543,-2.83879,2.65498,-0.463893,-2.96392,2,-0.417352,-2.89068,1.98919,2.26951,-0.355208,0,2.32669,-0.304384,-0.00561269,2.37113,-0.371114,0,2.26779,-0.41719,0.000598351
13.5601,-0.421376,-2.84033,2.65596,-0.42326,-2.84174,2.65492,-0.440245,-2.96752,2,-0.394705,-2.89482,1.9892,2.27227,-0.337101,0,2.32984,-0.285831,-0.00533811,2.37402,-0.352196,0,2.26171,-0.410118,0.00165027
13.5701,-0.398762,-2.8436,2.65596,-0.399947,-2.8445,2.65487,-0.416619,-2.97093,2,-0.372118,-2.89889,1.98922,2.27488,-0.31901,-3.6549e-19,2.33272,-0.267407,-0.00507524,2.37674,-0.333295,0,2.25576,-0.402906,0.00277711
13.58,-0.376082,-2.84668,2.65596,-0.376607,-2.84708,2.65482,-0.392923,-2.97416,2,-0.349589,-2.90288,1.98925,2.27735,-0.300866,-3.6549e-19,2.33534,-0.249101,-0.00483522,2.37933,-0.314338,0,2.24993,-0.395521,0.00397179
13.59,-0.353261,-2.84961,2.65596,-0.353242,-2.84949,2.65477,-0.36908,-2.97721,2,-0.327119,-2.9068,1.9893,2.27969,-0.282609,-3.6549e-19,2.33759,-0.230933,-0.00462404,2.38177,-0.295264,0,2.24414,-0.387968,0.00523179
13.6,-0.330502,-2.85234,2.65596,-0.329856,-2.8517,2.65472,-0.345301,-2.98006,2,-0.304706,-2.91064,1.98936,2.28187,-0.264401,0,2.33949,-0.21298,-0.00509009,2.38405,-0.276241,0,2.23849,-0.380244,0.00590698
13.61,-0.307541,-2.8549,2.65596,-0.306453,-2.85374,2.65467,-0.321313,-2.98274,2,-0.282348,-2.9144,1.98942,2.28392,-0.246033,0,2.34118,-0.19515,-0.00598144,2.38619,-0.25705,0,2.23308,-0.37227,0.00625098
13.62,-0.284454,-2.8573,2.65596,-0.283034,-2.85561,2.6546,-0.297192,-2.98524,2,-0.260044,-2.91808,1.98948,2.28584,-0.227563,3.6549e-19,2.34252,-0.177512,-0.00744218,2.38819,-0.237753,0,2.2278,-0.364096,0.00611803
13.6301,-0.261693,-2.85947,2.65596,-0.259603,-2.8573,2.65452,-0.273411,-2.98752,2,-0.237792,-2.92168,1.98954,2.28758,-0.209354,-3.6549e-19,2.34358,-0.160106,-0.0096384,2.39001,-0.218729,0,2.22271,-0.355738,0.00533882
13.64,-0.238803,-2.86147,2.65596,-0.236163,-2.85881,2.65441,-0.249497,-2.98961,2,-0.215589,-2.9252,1.98959,2.28918,-0.191043,0,2.34443,-0.142794,-0.0122356,2.39169,-0.199597,0,2.21788,-0.347079,0.00424674
13.6501,-0.215681,-2.86331,2.65596,-0.212715,-2.86015,2.65427,-0.225339,-2.99153,2,-0.200075,-2.9276,1.98961,2.29065,-0.172545,1.82745e-19,2.34505,-0.125643,-0.0151039,2.39322,-0.180271,0,2.21464,-0.340888,0.00332483
13.66,-0.19322,-2.86491,2.65596,-0.189263,-2.86132,2.65411,-0.201872,-2.9932,2,-0.171323,-2.93196,1.98965,2.29193,-0.154576,1.82745e-19,2.34538,-0.108611,-0.0181393,2.39456,-0.161498,0,2.20881,-0.329032,0.00160518
13.67,-0.169721,-2.8664,2.65596,-0.165808,-2.86232,2.65391,-0.177321,-2.99476,2,-0.149256,-2.9352,1.98965,2.29312,-0.135777,0,2.34551,-0.0916876,-0.0214311,2.3958,-0.141857,0,2.20461,-0.319577,6.01532e-05
13.68,-0.147183,-2.86764,2.65596,-0.142354,-2.86316,2.65368,-0.153774,-2.99606,2,-0.12723,-2.93835,1.98965,2.29412,-0.117746,1.82745e-19,2.34541,-0.0748251,-0.0248832,2.39685,-0.123019,0,2.20063,-0.309776,-0.00157602
13.69,-0.123609,-2.86876,2.65596,-0.118901,-2.86382,2.65341,-0.129144,-2.99722,2,-0.105243,-2.9414,1.98962,2.29501,-0.0988869,-1.82745e-19,2.34509,-0.0580087,-0.0284781,2.39778,-0.103315,0,2.19688,-0.299609,-0.00329272
13.7002,-0.100941,-2.86964,2.65596,-0.0954524,-2.86432,2.65311,-0.105461,-2.99815,2,-0.0832919,-2.94434,1.98958,2.29572,-0.080753,0,2.34456,-0.0412055,-0.0319315,2.39852,-0.0843691,0,2.19336,-0.289054,-0.0048117
13.7101,-0.0782164,-2.87035,2.65596,-0.0720104,-2.86465,2.65277,-0.0817189,-2.99889,2,-0.061375,-2.94718,1.98953,2.29628,-0.0625731,0,2.34378,-0.0244655,-0.0353884,2.39911,-0.0653751,0,2.19004,-0.278143,-0.00628786
13.72,-0.0550739,-2.87089,2.65596,-0.0485776,-2.86481,2.6524,-0.0575401,-2.99945,2,-0.0394906,-2.9499,1.98946,2.29671,-0.0440591,0,2.34275,-0.0078237,-0.038764,2.39956,-0.0460321,0,2.18689,-0.266907,-0.00764496
13.73,-0.0325143,-2.87124,2.65596,-0.0251559,-2.8648,2.652,-0.0339703,-2.99981,2,-0.0176364,-2.95251,1.98938,2.29699,-0.0260114,-4.56862e-20,2.34153,0.00885256,-0.0417831,2.39985,-0.0271762,0,2.18399,-0.25522,-0.008616
13.7401,-0.00933578,-2.8714,2.65596,-0.0017475,-2.86463,2.65157,-0.00975383,-2.99998,2,0.00419009,-2.955,1.98929,2.29712,-0.00746862,1.14216e-20,2.34012,0.0255712,-0.0443567,2.39999,-0.00780306,0,2.18134,-0.243075,-0.00912098
13.75,0.0138197,-2.87139,2.65596,0.0216454,-2.86429,2.65111,0.0144386,-2.99997,2,0.0259909,-2.95737,1.9892,2.29711,0.0110558,0,2.33841,0.0422983,-0.0462522,2.39997,0.0115509,0,2.17885,-0.230506,-0.00893683
13.76,0.0363845,-2.87119,2.65596,0.04502,-2.86378,2.65065,0.0380137,-2.99976,2,0.0477677,-2.95961,1.98911,2.29695,0.0291076,-4.56862e-20,2.33646,0.0590868,-0.0475948,2.39981,0.030411,0,2.17655,-0.217444,-0.00820113
13.77,0.0598788,-2.8708,2.65596,0.0683738,-2.86311,2.65016,0.0625602,-2.99935,2,0.0695225,-2.96172,1.98903,2.29664,0.0479031,-4.56862e-20,2.33427,0.075871,-0.0484981,2.39948,0.0500482,0,2.17445,-0.203947,-0.00703947
13.7801,0.0824731,-2.87023,2.65596,0.0917049,-2.86227,2.64968,0.0861662,-2.99876,2,0.0912577,-2.96369,1.98897,2.29619,0.0659784,0,2.33192,0.0927013,-0.0489294,2.39901,0.0689329,0,2.17264,-0.18996,-0.00543075
13.79,0.105246,-2.86949,2.65596,0.115012,-2.86125,2.64919,0.109959,-2.99798,2,0.112976,-2.96552,1.98893,2.29559,0.0841971,9.13725e-20,2.32937,0.109576,-0.0489054,2.39839,0.0879673,0,2.17105,-0.17548,-0.00340357
13.8,0.128554,-2.86854,2.65596,0.138292,-2.86007,2.6487,0.134311,-2.99699,2,0.13468,-2.9672,1.9889,2.29483,0.102844,1.82745e-19,2.32663,0.126472,-0.0485451,2.39759,0.107449,0,2.16971,-0.160523,-0.00109005
13.81,0.151262,-2.86743,2.65596,0.161543,-2.85872,2.64822,0.158036,-2.99583,2,0.156371,-2.96873,1.98891,2.29395,0.12101,0,2.32364,0.143428,-0.0477811,2.39667,0.126429,0,2.16856,-0.145046,0.00156523
13.8201,0.17481,-2.86609,2.65596,0.184764,-2.85721,2.64775,0.182638,-2.99444,2,0.171548,-2.9697,1.98892,2.29287,0.139848,-1.82745e-19,2.32051,0.160395,-0.0467277,2.39555,0.146111,0,2.16791,-0.133935,0.0035476
13.83,0.19708,-2.86465,2.65596,0.207952,-2.85552,2.64728,0.205905,-2.99293,2,0.199725,-2.97131,1.989,2.29172,0.157664,0,2.31713,0.177384,-0.0453728,2.39434,0.164724,0,2.16696,-0.112664,0.00752202
13.84,0.219959,-2.86298,2.65596,0.231106,-2.85366,2.64684,0.229809,-2.99118,2,0.221391,-2.97235,1.98909,2.29039,0.175967,0,2.31348,0.194291,-0.0438621,2.39295,0.183847,0,2.16636,-0.0958555,0.0106676
13.85,0.242665,-2.86115,2.65596,0.254222,-2.85163,2.64641,0.253532,-2.98927,2,0.243053,-2.97322,1.98921,2.28892,0.194132,0,2.30967,0.211202,-0.0421926,2.39141,0.202825,0,2.16599,-0.078583,0.0138636
13.8601,0.265771,-2.85909,2.65596,0.277298,-2.84943,2.646,0.277672,-2.98712,2,0.264711,-2.97392,1.98936,2.28727,0.212616,0,2.30566,0.228163,-0.0403716,2.3897,0.222137,0,2.1658,-0.0608058,0.0170924
13.8702,0.289088,-2.85683,2.65596,0.300334,-2.84707,2.6456,0.302033,-2.98476,2,0.28637,-2.97444,1.98955,2.28546,0.23127,-3.6549e-19,2.30153,0.245147,-0.0384022,2.38781,0.241626,0,2.16585,-0.0425563,0.020342
13.8801,0.311581,-2.85446,2.65596,0.323328,-2.84453,2.64523,0.325534,-2.98229,2,0.308029,-2.97477,1.98977,2.28357,0.249265,0,2.29723,0.262099,-0.0362866,2.38583,0.260427,0,2.16608,-0.0238966,0.0236013
13.89,0.333958,-2.85193,2.65596,0.346279,-2.84183,2.64488,0.348912,-2.97964,2,0.329692,-2.97491,1.99002,2.28155,0.267166,3.6549e-19,2.29276,0.27902,-0.0341391,2.38371,0.27913,0,2.16646,-0.00483071,0.0267479
13.9,0.357022,-2.84914,2.65596,0.369183,-2.83895,2.64455,0.373009,-2.97672,2,0.351359,-2.97486,1.99031,2.27931,0.285618,0,2.2881,0.295859,-0.0319623,2.38138,0.298408,0,2.16695,0.0145833,0.0297714
13.91,0.379681,-2.84621,2.65596,0.39204,-2.83591,2.64424,0.396683,-2.97366,2,0.373031,-2.97462,1.99062,2.27697,0.303745,0,2.28325,0.312627,-0.0297432,2.37893,0.317347,0,2.16756,0.0343522,0.0326772
13.92,0.402541,-2.84306,2.65596,0.414848,-2.8327,2.64395,0.420566,-2.97037,2,0.39471,-2.97418,1.99096,2.27445,0.322032,3.6549e-19,2.27829,0.329346,-0.027486,2.3763,0.336453,0,2.16834,0.0544822,0.0354567
13.93,0.425087,-2.83978,2.65596,0.437605,-2.82932,2.64369,0.444122,-2.96694,2,0.416399,-2.97353,1.99133,2.27182,0.34007,0,2.27324,0.346024,-0.0252171,2.37355,0.355298,0,2.1693,0.0749662,0.0380805
13.9401,0.448046,-2.83625,2.65596,0.460312,-2.82578,2.64345,0.468109,-2.96325,2,0.438097,-2.97268,1.99172,2.269,0.358436,0,2.26817,0.362711,-0.0229436,2.3706,0.374487,0,2.17048,0.0958413,0.0405382
13.9502,0.471026,-2.83252,2.65596,0.482969,-2.82207,2.64323,0.492118,-2.95936,2,0.459809,-2.97161,1.99214,2.26602,0.376821,0,2.26308,0.379333,-0.0206722,2.36749,0.393694,0,2.17187,0.117024,0.0428195
13.96,0.493364,-2.82872,2.65596,0.505574,-2.81819,2.64303,0.515457,-2.95539,2,0.481535,-2.97033,1.99258,2.26297,0.394691,7.3098e-19,2.2579,0.395902,-0.0183954,2.36431,0.412365,0,2.17339,0.138517,0.0449302
13.97,0.515974,-2.82468,2.65596,0.528126,-2.81415,2.64286,0.539079,-2.95117,2,0.503277,-2.96884,1.99304,2.25974,0.412779,0,2.2526,0.412413,-0.0161386,2.36093,0.431263,0,2.17499,0.160301,0.0468445
13.98,0.538371,-2.8205,2.65596,0.550626,-2.80994,2.64271,0.562479,-2.9468,2,0.525035,-2.96713,1.99351,2.2564,0.430697,7.3098e-19,2.2473,0.428967,-0.0139127,2.35744,0.449983,0,2.17677,0.182464,0.0485506
13.99,0.561128,-2.81606,2.65596,0.573072,-2.80557,2.64258,0.586255,-2.94216,2,0.546812,-2.96519,1.99401,2.25285,0.448902,-7.3098e-19,2.24189,0.445527,-0.0117108,2.35373,0.469004,0,2.17863,0.204954,0.0500572
14,0.583804,-2.81144,2.65596,0.595464,-2.80103,2.64248,0.609946,-2.93734,2,0.568609,-2.96303,1.99451,2.24916,0.467043,7.3098e-19,2.23646,0.462048,-0.0095288,2.34987,0.487957,0,2.18062,0.227718,0.0513692
14.01,0.605751,-2.8068,2.65596,0.617801,-2.79633,2.64239,0.632877,-2.93248,2,0.590425,-2.96063,1.99503,2.24544,0.484601,0,2.23098,0.47866,-0.00737888,2.34599,0.506301,0,2.18271,0.250873,0.0524766
14.02,0.628324,-2.80183,2.65596,0.640083,-2.79146,2.64233,0.65646,-2.9273,2,0.612263,-2.95801,1.99556,2.24147,0.502659,0,2.22539,0.495345,-0.0052936,2.34184,0.525168,0,2.18482,0.274382,0.0533518
14.0301,0.651204,-2.7966,2.65596,0.662309,-2.78642,2.64229,0.680365,-2.92183,2,0.634122,-2.95515,1.9961,2.23728,0.520964,7.3098e-19,2.21976,0.512045,-0.00327032,2.33747,0.544292,0,2.18699,0.298184,0.0539993
14.04,0.673485,-2.79132,2.65596,0.684478,-2.78122,2.64226,0.703643,-2.91631,2,0.656003,-2.95204,1.99664,2.23306,0.538788,-7.3098e-19,2.21404,0.528694,-0.00126666,2.33305,0.562914,0,2.18919,0.322199,0.0544655
14.05,0.695515,-2.78591,2.65596,0.706589,-2.77585,2.64226,0.72666,-2.91066,2,0.677905,-2.9487,1.99719,2.22873,0.556412,0,2.20818,0.545285,0.000699593,2.32853,0.581328,0,2.19133,0.346405,0.0547401
14.06,0.717564,-2.78031,2.65596,0.728641,-2.77031,2.64228,0.749696,-2.90482,2,0.699829,-2.94511,1.99774,2.22425,0.574051,0,2.20228,0.561918,0.00258641,2.32385,0.599757,0,2.19349,0.370889,0.0547871
14.07,0.740416,-2.77432,2.65596,0.750635,-2.76461,2.64231,0.773571,-2.89855,2,0.721776,-2.94128,1.99828,2.21945,0.592333,0,2.19641,0.578628,0.00439174,2.31884,0.618857,0,2.19574,0.39567,0.0546114
14.08,0.76214,-2.76843,2.65596,0.772569,-2.75874,2.64236,0.796269,-2.8924,2,0.743744,-2.9372,1.99883,2.21474,0.609712,7.3098e-19,2.19044,0.595306,0.00614211,2.31392,0.637015,0,2.19793,0.420627,0.0542467
14.09,0.784526,-2.76217,2.65596,0.794443,-2.7527,2.64243,0.819657,-2.88586,2,0.765734,-2.93287,1.99937,2.20973,0.627621,0,2.18428,0.611843,0.00784437,2.30868,0.655725,0,2.19998,0.445639,0.0537082
14.1,0.806474,-2.75584,2.65596,0.816254,-2.7465,2.64252,0.842588,-2.87924,2,0.787743,-2.92829,1.9999,2.20467,0.645179,-7.3098e-19,2.17803,0.628393,0.00949172,2.3034,0.67407,0,2.20195,0.470851,0.0529963
14.11,0.828557,-2.74928,2.65596,0.838003,-2.74014,2.64262,0.86566,-2.87239,2,0.809772,-2.92345,2.00043,2.19942,0.662846,7.3098e-19,2.1717,0.644989,0.0110625,2.29791,0.692528,0,2.20383,0.496271,0.0521014
14.12,0.850337,-2.74262,2.65596,0.859688,-2.7336,2.64274,0.888415,-2.86544,2,0.83182,-2.91836,2.00094,2.1941,0.68027,0,2.16525,0.661544,0.0125634,2.29235,0.710732,0,2.20561,0.521795,0.0510414
14.13,0.872189,-2.73575,2.65596,0.881308,-2.72691,2.64287,0.911245,-2.85826,2,0.853884,-2.91302,2.00145,2.1886,0.697751,0,2.15873,0.678098,0.0140067,2.28661,0.728996,0,2.20729,0.547452,0.0498375
14.14,0.893829,-2.72876,2.65596,0.902862,-2.72004,2.64302,0.933854,-2.85095,2,0.875965,-2.90741,2.00194,2.18301,0.715063,0,2.1521,0.694627,0.0153924,2.28076,0.747083,0,2.20883,0.573211,0.0484987
14.15,0.916363,-2.72127,2.65596,0.924349,-2.71301,2.64318,0.957397,-2.84313,2,0.89806,-2.90155,2.00242,2.17702,0.73309,-7.3098e-19,2.1453,0.711108,0.0167201,2.2745,0.765918,0,2.21016,0.599034,0.0470351
14.16,0.937724,-2.71399,2.65596,0.945768,-2.70582,2.64336,0.979715,-2.83552,2,0.920168,-2.89543,2.00288,2.17119,0.750179,-1.46196e-18,2.13836,0.727648,0.0179819,2.26841,0.783772,0,2.21132,0.625014,0.0454501
14.17,0.959449,-2.70638,2.65596,0.967116,-2.69846,2.64354,1.00241,-2.82757,2,0.942286,-2.88905,2.00332,2.16511,0.767559,0,2.13139,0.74425,0.0191684,2.26206,0.80193,0,2.21236,0.651135,0.0437477
14.18,0.980872,-2.69869,2.65596,0.988395,-2.69093,2.64374,1.0248,-2.81954,2,0.964414,-2.88241,2.00375,2.15895,0.784698,0,2.12435,0.760886,0.0202844,2.25563,0.819836,0,2.21327,0.677358,0.041943
14.1901,1.00293,-2.69057,2.65596,1.0096,-2.68324,2.64395,1.04784,-2.81105,2,0.986551,-2.8755,2.00416,2.15246,0.802347,0,2.11727,0.777443,0.0213459,2.24884,0.838275,0,2.21403,0.70356,0.0400622
14.2001,1.02444,-2.68246,2.65596,1.03074,-2.67539,2.64417,1.07031,-2.80258,2,1.00869,-2.86834,2.00455,2.14597,0.819551,-1.46196e-18,2.11022,0.794009,0.0223386,2.24206,0.85625,0,2.21472,0.72982,0.0381004
14.21,1.04562,-2.67427,2.65596,1.05181,-2.66736,2.64439,1.09244,-2.79403,2,1.03085,-2.86091,2.00492,2.13942,0.836493,0,2.10317,0.810609,0.0232425,2.23522,0.873951,0,2.2153,0.756148,0.0360504
14.22,1.06676,-2.66591,2.65596,1.0728,-2.65917,2.64463,1.11453,-2.78529,2,1.053,-2.85321,2.00528,2.13273,0.853406,0,2.09604,0.827175,0.0240782,2.22823,0.891621,0,2.21568,0.782459,0.0339436
14.23,1.08825,-2.65721,2.65596,1.09373,-2.65082,2.64487,1.13698,-2.7762,2,1.07516,-2.84526,2.0056,2.12577,0.870599,0,2.08879,0.843706,0.0248495,2.22096,0.909584,0,2.2158,0.808756,0.0317899
14.2402,1.10977,-2.6483,2.65596,1.11458,-2.6423,2.64513,1.15946,-2.76689,2,1.09732,-2.83704,2.00591,2.11864,0.887812,1.46196e-18,2.08154,0.860293,0.0255299,2.21351,0.927568,0,2.21581,0.835119,0.0295728
14.25,1.13063,-2.63946,2.65596,1.13536,-2.63361,2.64539,1.18125,-2.75765,2,1.11947,-2.82856,2.0062,2.11157,0.904501,0,2.07419,0.876879,0.0261597,2.20612,0.945004,0,2.21557,0.86147,0.0273453
14.26,1.1517,-2.63033,2.65596,1.15606,-2.62476,2.64565,1.20327,-2.74812,2,1.14163,-2.81981,2.00646,2.10427,0.921357,0,2.06674,0.893413,0.026743,2.19849,0.962615,0,2.21507,0.887749,0.0251211
14.2701,1.173,-2.6209,2.65596,1.17669,-2.61575,2.64592,1.22552,-2.73826,2,1.16377,-2.8108,2.0067,2.09672,0.938397,0,2.05916,0.909913,0.0272578,2.19061,0.980418,0,2.21428,0.913967,0.0228855
14.28,1.19343,-2.61166,2.65596,1.19725,-2.60656,2.64619,1.24687,-2.72861,2,1.18591,-2.80153,2.00692,2.08933,0.954743,0,2.05156,0.92641,0.0276979,2.18289,0.997496,0,2.21331,0.940144,0.0206415
14.29,1.21432,-2.60201,2.65596,1.21772,-2.59722,2.64647,1.2687,-2.71853,2,1.20804,-2.792,2.00711,2.08161,0.971458,0,2.04397,0.942976,0.0280378,2.17482,1.01496,0,2.21215,0.966332,0.0183747
14.3,1.2355,-2.59202,2.65596,1.23813,-2.5877,2.64676,1.29083,-2.70809,2,1.23015,-2.7822,2.00728,2.07362,0.988404,0,2.03628,0.959629,0.0282927,2.16647,1.03266,0,2.2107,0.992546,0.0161064
14.3102,1.25632,-2.582,2.65596,1.25845,-2.57802,2.64704,1.31258,-2.69762,2,1.25225,-2.77215,2.00743,2.0656,1.00505,0,2.02856,0.976288,0.0284803,2.15809,1.05006,0,2.20903,1.0187,0.0138595
14.32,1.27663,-2.57202,2.65596,1.2787,-2.56818,2.64732,1.33379,-2.68719,2,1.27433,-2.76183,2.00756,2.05761,1.0213,0,2.0208,0.99291,0.0286124,2.14975,1.06703,0,2.20712,1.04474,0.0116528
14.3302,1.29794,-2.56133,2.65596,1.29887,-2.55817,2.64761,1.35606,-2.67602,2,1.29639,-2.75125,2.00767,2.04906,1.03835,-1.46196e-18,2.01295,1.00948,0.0286587,2.14082,1.08485,0,2.20488,1.07064,0.00946299
14.34,1.3175,-2.55132,2.65596,1.31896,-2.54799,2.6479,1.3765,-2.66557,2,1.31843,-2.74042,2.00775,2.04106,1.054,0,2.0051,1.02609,0.0286248,2.13245,1.1012,0,2.20243,1.09649,0.00730048
14.35,1.33825,-2.5405,2.65596,1.33897,-2.53764,2.64818,1.39818,-2.65426,2,1.34044,-2.72932,2.00781,2.0324,1.0706,0,1.99722,1.04277,0.0284861,2.12341,1.11854,0,2.1997,1.1223,0.00514905
14.3601,1.35852,-2.52972,2.65596,1.3589,-2.52713,2.64847,1.41935,-2.643,2,1.36242,-2.71797,2.00785,2.02378,1.08681,0,1.98923,1.05939,0.0282846,2.1144,1.13548,0,2.19665,1.14792,0.00305305
14.37,1.37839,-2.51895,2.65596,1.37875,-2.51646,2.64875,1.44011,-2.63175,2,1.38437,-2.70636,2.00787,2.01516,1.10271,1.46196e-18,1.98115,1.07594,0.0280414,2.1054,1.15209,0,2.19326,1.17336,0.00103543
14.3802,1.39921,-2.50744,2.65596,1.39852,-2.50561,2.64903,1.46186,-2.61972,2,1.40629,-2.6945,2.00787,2.00595,1.11937,1.46196e-18,1.97305,1.09248,0.0277259,2.09578,1.16949,0,2.18961,1.19865,-0.000930833
14.39,1.41844,-2.49661,2.65596,1.41821,-2.49461,2.6493,1.48196,-2.60841,2,1.42816,-2.68239,2.00785,1.99729,1.13476,-1.46196e-18,1.96492,1.10892,0.0273642,2.08673,1.18557,0,2.18567,1.22371,-0.00281639
14.4,1.4383,-2.48522,2.65596,1.43782,-2.48344,2.64957,1.50271,-2.59651,2,1.45,-2.67003,2.00782,1.98818,1.15064,0,1.95678,1.12525,0.0269383,2.07721,1.20217,0,2.18148,1.24851,-0.00463373
14.41,1.45821,-2.4736,2.65596,1.45735,-2.4721,2.64984,1.52351,-2.58436,2,1.47179,-2.65742,2.00776,1.97888,1.16657,0,1.94858,1.14152,0.0264848,2.06749,1.21881,0,2.17697,1.27307,-0.00634772
14.42,1.47795,-2.46185,2.65596,1.47679,-2.46061,2.6501,1.54413,-2.57209,2,1.49354,-2.64457,2.00769,1.96948,1.18236,0,1.9403,1.15774,0.0260088,2.05767,1.2353,0,2.17215,1.29744,-0.00795279
14.43,1.49772,-2.44987,2.65596,1.49615,-2.44895,2.65036,1.56479,-2.55958,2,1.51523,-2.63148,2.0076,1.9599,1.19818,0,1.93193,1.17392,0.0255132,2.04766,1.25183,0,2.16699,1.32159,-0.00944219
14.44,1.51719,-2.43786,2.65596,1.51543,-2.43713,2.65061,1.58513,-2.54703,2,1.53688,-2.61814,2.0075,1.95029,1.21376,1.46196e-18,1.92347,1.18994,0.0249758,2.03762,1.26811,0,2.16148,1.34538,-0.0108373
14.4501,1.53721,-2.42529,2.65596,1.53462,-2.42515,2.65086,1.60604,-2.5339,2,1.55846,-2.60457,2.00739,1.94023,1.22977,0,1.91493,1.20586,0.0244105,2.02712,1.28483,0,2.15566,1.36888,-0.0121252
14.46,1.5557,-2.41347,2.65596,1.55373,-2.41301,2.6511,1.62536,-2.52155,2,1.57999,-2.59076,2.00726,1.93078,1.24456,0,1.90623,1.22179,0.0237998,2.01724,1.30029,0,2.14942,1.39219,-0.0133231
14.47,1.57518,-2.4008,2.65596,1.57275,-2.40071,2.65134,1.64572,-2.50831,2,1.60145,-2.57673,2.00712,1.92064,1.26015,-1.46196e-18,1.89743,1.23764,0.0231239,2.00665,1.31658,0,2.14283,1.41518,-0.0144479
14.48,1.59451,-2.38801,2.65596,1.59168,-2.38826,2.65157,1.66591,-2.49494,2,1.62284,-2.56246,2.00697,1.91041,1.27561,-1.46196e-18,1.88854,1.25343,0.0224198,1.99595,1.33273,0,2.13591,1.43788,-0.0154675
14.49,1.61342,-2.37527,2.65596,1.61052,-2.37565,2.65179,1.68567,-2.48164,2,1.64417,-2.54797,2.00681,1.90022,1.29074,0,1.87953,1.26919,0.021687,1.98531,1.34853,0,2.12862,1.46033,-0.016385
14.5001,1.63254,-2.36218,2.65596,1.62927,-2.36288,2.652,1.70564,-2.46795,2,1.66542,-2.53326,2.00664,1.88974,1.30603,-1.46196e-18,1.87032,1.2848,0.0209517,1.97436,1.36451,0,2.12087,1.48237,-0.0171744
14.51,1.65121,-2.34916,2.65596,1.64792,-2.34995,2.6522,1.72515,-2.45436,2,1.68658,-2.51832,2.00647,1.87933,1.32097,-1.46196e-18,1.86097,1.30033,0.0202122,1.96348,1.38012,0,2.11275,1.50408,-0.0178413
14.52,1.67022,-2.33569,2.65596,1.66649,-2.33687,2.6524,1.74501,-2.44028,2,1.70767,-2.50318,2.00629,1.86855,1.33617,0,1.85146,1.31575,0.0194714,1.95222,1.39601,0,2.10421,1.52541,-0.0183853
14.53,1.68854,-2.32247,2.65596,1.68495,-2.32363,2.65259,1.76415,-2.42647,2,1.72867,-2.48782,2.0061,1.85798,1.35083,0,1.84182,1.33109,0.018727,1.94118,1.41132,0,2.09531,1.5464,-0.018812
14.54,1.70704,-2.30891,2.65596,1.70332,-2.31025,2.65278,1.78348,-2.4123,2,1.74957,-2.47225,2.00591,1.84713,1.36563,-1.46196e-18,1.83211,1.34634,0.017979,1.92984,1.42678,0,2.08608,1.56701,-0.0191249
14.55,1.72551,-2.29514,2.65596,1.72159,-2.29671,2.65295,1.80278,-2.39792,2,1.77039,-2.45648,2.00572,1.83611,1.38041,0,1.82223,1.36162,0.01721,1.91833,1.44222,0,2.07644,1.58734,-0.0193462
14.56,1.74378,-2.28129,2.65596,1.73977,-2.28302,2.65312,1.82187,-2.38344,2,1.7911,-2.4405,2.00553,1.82503,1.39502,0,1.8122,1.37692,0.0164154,1.90676,1.45749,0,2.06641,1.60741,-0.0194856
14.57,1.76239,-2.26694,2.65596,1.75784,-2.26917,2.65328,1.84131,-2.36845,2,1.81171,-2.42433,2.00533,1.81355,1.40991,-1.46196e-18,1.80208,1.3923,0.0155977,1.89476,1.47305,0,2.05605,1.62725,-0.0195462
14.58,1.78012,-2.25305,2.65596,1.77581,-2.25517,2.65343,1.85983,-2.35394,2,1.83222,-2.40796,2.00513,1.80244,1.4241,0,1.79172,1.40754,0.0147778,1.88315,1.48787,0,2.04521,1.64663,-0.0195138
14.59,1.79814,-2.23869,2.65596,1.79367,-2.24102,2.65358,1.87866,-2.33894,2,1.85262,-2.3914,2.00494,1.79095,1.43851,1.46196e-18,1.78118,1.42273,0.0139337,1.87115,1.50293,0,2.03394,1.66566,-0.0194175
14.6,1.81632,-2.22397,2.65596,1.81143,-2.22672,2.65371,1.89765,-2.32356,2,1.8729,-2.37465,2.00475,1.77917,1.45305,0,1.77045,1.43787,0.0130846,1.85885,1.51812,0,2.02223,1.68432,-0.0192456
14.61,1.83371,-2.20965,2.65596,1.82908,-2.21226,2.65384,1.91582,-2.3086,2,1.89306,-2.35771,2.00455,1.76772,1.46697,0,1.75964,1.45315,0.0122188,1.84688,1.53266,0,2.0102,1.7028,-0.0190157
14.62,1.85128,-2.19495,2.65596,1.84662,-2.19765,2.65396,1.93418,-2.29324,2,1.9131,-2.34059,2.00437,1.75596,1.48102,1.46196e-18,1.74872,1.46838,0.0113471,1.83459,1.54734,0,1.99782,1.72089,-0.0187232
14.63,1.8688,-2.18005,2.65596,1.86405,-2.18289,2.65407,1.95248,-2.27768,2,1.93302,-2.32329,2.00418,1.74404,1.49504,-1.46196e-18,1.73764,1.48363,0.0104837,1.82214,1.56199,0,1.98504,1.73867,-0.0183646
14.6403,1.8866,-2.16467,2.65596,1.88137,-2.16798,2.65417,1.97108,-2.26161,2,1.9528,-2.30582,2.004,1.73174,1.50928,0,1.72639,1.49874,0.00963375,1.80928,1.57686,0,1.97183,1.75601,-0.0179443
14.65,1.90391,-2.14946,2.65596,1.89858,-2.15292,2.65426,1.98917,-2.24571,2,1.97245,-2.28818,2.00382,1.71957,1.52313,0,1.71508,1.51384,0.00879482,1.79657,1.59134,0,1.95834,1.773,-0.017471
14.66,1.92088,-2.13431,2.65596,1.91568,-2.1377,2.65434,2.0069,-2.22988,2,1.99197,-2.27036,2.00365,1.70744,1.53671,-1.46196e-18,1.70367,1.5289,0.00795999,1.7839,1.60552,0,1.94449,1.78963,-0.0169584
14.67,1.93759,-2.11915,2.65596,1.93265,-2.12234,2.65442,2.02435,-2.21405,2,2.01134,-2.25238,2.00348,1.69532,1.55007,0,1.69214,1.54393,0.00715139,1.77124,1.61948,0,1.9303,1.80588,-0.0163922
14.68,1.95445,-2.10361,2.65596,1.94952,-2.10683,2.65449,2.04197,-2.19781,2,2.03057,-2.23425,2.00332,1.68289,1.56356,0,1.68052,1.55887,0.00636396,1.75825,1.63357,0,1.91578,1.82172,-0.0157877
14.6901,1.97127,-2.08786,2.65596,1.96626,-2.09116,2.65455,2.05954,-2.18135,2,2.04965,-2.21595,2.00317,1.67028,1.57702,0,1.66873,1.57354,0.00560819,1.74508,1.64763,0,1.90087,1.83698,-0.0151431
14.7,1.98798,-2.07196,2.65596,1.98289,-2.07536,2.6546,2.077,-2.16474,2,2.06859,-2.19751,2.00302,1.65756,1.59038,0,1.6568,1.58798,0.00490761,1.73179,1.6616,0,1.88559,1.85171,-0.0144429
14.71,2.00441,-2.05606,2.65596,1.9994,-2.0594,2.65464,2.09417,-2.14813,2,2.08737,-2.17892,2.00288,1.64485,1.60353,1.46196e-18,1.6448,1.60246,0.00423384,1.7185,1.67534,0,1.87002,1.86614,-0.0137209
14.72,2.02085,-2.03991,2.65596,2.01579,-2.04331,2.65468,2.11134,-2.13126,2,2.10599,-2.16019,2.00275,1.63193,1.61668,0,1.63276,1.61695,0.00357913,1.705,1.68907,0,1.85422,1.88027,-0.0129897
14.73,2.03701,-2.02377,2.65596,2.03205,-2.02707,2.65472,2.12822,-2.1144,2,2.12445,-2.14131,2.00262,1.61902,1.6296,-1.46196e-18,1.62058,1.6314,0.00294577,1.69152,1.70258,0,1.83807,1.89405,-0.0122554
14.74,2.05323,-2.00732,2.65596,2.0482,-2.01068,2.65474,2.14517,-2.0972,2,2.14275,-2.12231,2.0025,1.60585,1.64258,-1.46196e-18,1.60834,1.64586,0.00232739,1.67776,1.71613,0,1.82167,1.90753,-0.0115326
14.7501,2.06946,-1.99058,2.65596,2.06422,-1.99415,2.65476,2.16212,-2.07972,2,2.16088,-2.10316,2.00239,1.59246,1.65556,0,1.59603,1.66026,0.00174523,1.66377,1.7297,0,1.80499,1.92066,-0.0108081
14.76,2.08501,-1.97429,2.65596,2.08012,-1.97747,2.65478,2.17837,-2.06269,2,2.17885,-2.08389,2.00228,1.57943,1.668,0,1.58369,1.67459,0.00119057,1.65015,1.7427,0,1.7881,1.93343,-0.0100969
14.77,2.10075,-1.95753,2.65596,2.09589,-1.96066,2.65479,2.19482,-2.04518,2,2.19664,-2.0645,2.00219,1.56602,1.6806,0,1.57122,1.68867,0.000657089,1.63615,1.75585,0,1.7709,1.94568,-0.00941151
14.78,2.11647,-1.94051,2.65596,2.11154,-1.9437,2.65479,2.21125,-2.02741,2,2.21426,-2.04498,2.0021,1.55241,1.69318,0,1.55868,1.70272,0.000152819,1.62193,1.769,0,1.75346,1.95764,-0.00875062
14.79,2.13195,-1.9235,2.65596,2.12707,-1.9266,2.65479,2.22742,-2.00963,2,2.23171,-2.02535,2.00201,1.5388,1.70556,1.46196e-18,1.54604,1.71665,-0.000321513,1.60771,1.78193,0,1.73575,1.96923,-0.00811698
14.8001,2.14742,-1.90621,2.65596,2.14246,-1.90937,2.65478,2.24358,-1.99157,2,2.24898,-2.0056,2.00193,1.52497,1.71794,1.46196e-18,1.53321,1.73026,-0.000750237,1.59325,1.79487,0,1.71771,1.98025,-0.00749778
14.81,2.16232,-1.88929,2.65596,2.15773,-1.892,2.65477,2.25915,-1.97389,2,2.26606,-1.98574,2.00186,1.51143,1.72986,-1.46196e-18,1.52029,1.74372,-0.00115124,1.57911,1.80732,0,1.69943,1.99088,-0.00691605
14.8202,2.1778,-1.87142,2.65596,2.17287,-1.87449,2.65476,2.27532,-1.95523,2,2.28297,-1.96578,2.00179,1.49714,1.74224,-1.46196e-18,1.50725,1.75706,-0.00152262,1.56418,1.82026,0,1.68089,2.00116,-0.0063723
14.8301,2.1925,-1.85418,2.65596,2.18788,-1.85686,2.65474,2.29068,-1.93721,2,2.29968,-1.94572,2.00173,1.48334,1.754,-1.46196e-18,1.49412,1.77028,-0.00185907,1.54977,1.83255,0,1.66215,2.0111,-0.00586268
14.84,2.20724,-1.83661,2.65596,2.20275,-1.83909,2.65472,2.30608,-1.91885,2,2.31621,-1.92556,2.00168,1.46929,1.76579,-1.46196e-18,1.48078,1.78325,-0.00216166,1.53508,1.84487,0,1.64307,2.02056,-0.0053904
14.85,2.2218,-1.81897,2.65596,2.21749,-1.82119,2.6547,2.32129,-1.90042,2,2.33254,-1.90531,2.00163,1.45517,1.77744,-1.46196e-18,1.46729,1.79602,-0.00243487,1.52034,1.85704,0,1.62373,2.02962,-0.00496241
14.86,2.23619,-1.80125,2.65596,2.2321,-1.80317,2.65467,2.33633,-1.88191,2,2.34868,-1.88497,2.00158,1.441,1.78895,1.46196e-18,1.45372,1.80866,-0.00267311,1.50552,1.86906,0,1.60423,2.03834,-0.00457387
14.8702,2.25074,-1.78304,2.65596,2.24657,-1.78502,2.65465,2.35152,-1.86289,2,2.36462,-1.86455,2.00153,1.42643,1.80059,1.46196e-18,1.44001,1.82111,-0.002885,1.49031,1.88122,0,1.58449,2.0467,-0.00423386
14.88,2.26472,-1.76525,2.65596,2.2609,-1.76675,2.65462,2.36613,-1.84429,2,2.38037,-1.84404,2.00149,1.4122,1.81178,-1.46196e-18,1.42624,1.83341,-0.00304371,1.47544,1.89291,0,1.56463,2.05471,-0.00391574
14.89,2.27898,-1.7468,2.65596,2.27509,-1.74835,2.65459,2.38103,-1.82502,2,2.39592,-1.82345,2.00146,1.39744,1.82318,1.46196e-18,1.41242,1.84552,-0.00316718,1.46002,1.90482,0,1.54465,2.06235,-0.00363749
14.9,2.29281,-1.7286,2.65596,2.28914,-1.72984,2.65455,2.39548,-1.80601,2,2.41126,-1.80279,2.00142,1.38288,1.83425,-1.46196e-18,1.39851,1.85742,-0.00325706,1.44481,1.91639,0,1.52452,2.06963,-0.0034004
14.91,2.30658,-1.71018,2.65596,2.30306,-1.7112,2.65452,2.40987,-1.78676,2,2.42641,-1.78206,2.00139,1.36815,1.84527,-1.46196e-18,1.38453,1.86931,-0.00331391,1.42941,1.9279,0,1.50428,2.07674,-0.00320264
14.92,2.3201,-1.6918,2.65596,2.31684,-1.69245,2.65449,2.424,-1.76755,2,2.44135,-1.76126,2.00136,1.35344,1.85608,-1.46196e-18,1.37047,1.88108,-0.00332026,1.41404,1.9392,0,1.48393,2.08359,-0.00302431
14.93,2.33338,-1.67343,2.65596,2.33047,-1.67358,2.65445,2.43787,-1.74837,2,2.45609,-1.74039,2.00133,1.33875,1.86671,1.46196e-18,1.35627,1.89266,-0.00329408,1.3987,1.9503,0,1.46341,2.0901,-0.00288202
14.94,2.34686,-1.65448,2.65596,2.34396,-1.6546,2.65442,2.45195,-1.72856,2,2.47062,-1.71946,2.0013,1.32358,1.87749,0,1.34189,1.90413,-0.00325902,1.38285,1.96156,0,1.44272,2.09639,-0.00279802
14.95,2.36029,-1.63527,2.65596,2.35731,-1.6355,2.65439,2.46598,-1.70849,2,2.48494,-1.69846,2.00127,1.30821,1.88823,-1.46196e-18,1.32735,1.91543,-0.0032296,1.36679,1.97278,0,1.42186,2.10241,-0.00278428
14.9601,2.37341,-1.61616,2.65596,2.37051,-1.61629,2.65436,2.47969,-1.68853,2,2.49905,-1.67741,2.00124,1.29292,1.89873,0,1.31274,1.92658,-0.00316828,1.35082,1.98375,0,1.40095,2.10817,-0.00280015
14.9702,2.38641,-1.5969,2.65596,2.38356,-1.59697,2.65433,2.49327,-1.66841,2,2.51296,-1.6563,2.00121,1.27752,1.90913,-1.46196e-18,1.29813,1.93765,-0.00306629,1.33473,1.99462,0,1.38004,2.11374,-0.00283407
14.98,2.39868,-1.57842,2.65596,2.39647,-1.57754,2.6543,2.50609,-1.6491,2,2.52665,-1.63514,2.00119,1.26273,1.91894,1.46196e-18,1.28343,1.9485,-0.00292857,1.31928,2.00487,0,1.35907,2.119,-0.00288717
14.99,2.41114,-1.55931,2.65596,2.40923,-1.558,2.65427,2.51911,-1.62914,2,2.54014,-1.61392,2.00116,1.24745,1.92891,-1.46196e-18,1.26864,1.95915,-0.00279267,1.30331,2.01529,0,1.33805,2.12398,-0.00299334
15.0002,2.42378,-1.53959,2.65596,2.42184,-1.53836,2.65424,2.53232,-1.60853,2,2.55341,-1.59266,2.00113,1.23167,1.93903,0,1.25374,1.96958,-0.00264414,1.28682,2.02586,0,1.31697,2.12868,-0.00313457
15.01,2.43581,-1.52049,2.65596,2.4343,-1.51861,2.65422,2.54488,-1.58858,2,2.56648,-1.57135,2.00109,1.21639,1.94865,0,1.23875,1.9798,-0.00248025,1.27086,2.0359,0,1.29586,2.13312,-0.00330311
15.02,2.44785,-1.50103,2.65596,2.44662,-1.49876,2.65419,2.55746,-1.56824,2,2.57933,-1.55,2.00106,1.20082,1.95828,0,1.22361,1.9897,-0.00230664,1.25459,2.04597,0,1.27467,2.13719,-0.00349963
15.0302,2.45994,-1.48114,2.65596,2.45878,-1.47882,2.65417,2.57009,-1.54746,2,2.59197,-1.5286,2.00102,1.18491,1.96795,1.46196e-18,1.20829,1.99944,-0.00211999,1.23797,2.05607,0,1.2534,2.14105,-0.00371679
15.0401,2.47178,-1.46128,2.65596,2.47078,-1.45877,2.65415,2.58247,-1.52672,2,2.60069,-1.51361,2.001,1.16903,1.97743,-1.46196e-18,1.1928,2.00889,-0.001908,1.22137,2.06597,0,1.23845,2.14356,-0.00387214
15.05,2.4833,-1.44162,2.65596,2.48263,-1.43864,2.65413,2.5945,-1.50618,2,2.61661,-1.48571,2.00094,1.1533,1.98664,-1.46196e-18,1.17721,2.01816,-0.00168426,1.20494,2.0756,0,1.21069,2.14793,-0.00416993
15.06,2.49468,-1.42183,2.65596,2.49316,-1.42044,2.65412,2.6064,-1.4855,2,2.62742,-1.46637,2.00091,1.13746,1.99575,0,1.16301,2.0264,-0.00147335,1.1884,2.08512,0,1.1914,2.15079,-0.00438569
15.0702,2.50643,-1.40103,2.65596,2.50126,-1.40623,2.65411,2.61866,-1.46377,2,2.63571,-1.45131,2.00087,1.12082,2.00514,-1.46196e-18,1.15192,2.03274,-0.00134027,1.17101,2.09493,0,1.17641,2.15294,-0.00459311
15.08,2.51706,-1.38184,2.65596,2.51611,-1.37973,2.65409,2.62977,-1.44372,2,2.65082,-1.42329,2.00081,1.10547,2.01364,0,1.13126,2.04441,-0.00165138,1.15497,2.10381,0,1.14871,2.15678,-0.00554748
15.0902,2.52818,-1.36138,2.65596,2.52734,-1.35924,2.65407,2.64139,-1.42234,2,2.65881,-1.40819,2.00077,1.0891,2.02255,0,1.11535,2.05313,-0.0023776,1.13787,2.11311,0,1.13387,2.15863,-0.00639037
15.1,2.53889,-1.34131,2.65596,2.53511,-1.34485,2.65405,2.65258,-1.40137,2,2.67004,-1.38659,2.0007,1.07304,2.03111,0,1.10412,2.05917,-0.00283205,1.1211,2.12206,0,1.1127,2.16111,-0.0075746
15.11,2.54946,-1.3211,2.65596,2.54607,-1.32421,2.65402,2.66362,-1.38026,2,2.68433,-1.35848,2.00059,1.05688,2.03957,-1.46196e-18,1.08803,2.06759,-0.00373726,1.1042,2.1309,0,1.08527,2.16407,-0.00949443
15.1201,2.56024,-1.30008,2.65596,2.56008,-1.29727,2.65396,2.67489,-1.3583,2,2.69508,-1.33682,2.00049,1.04006,2.04819,0,1.06705,2.07845,-0.0050565,1.08664,2.13991,0,1.06428,2.16625,-0.0109446
15.1305,2.57081,-1.27905,2.65596,2.57067,-1.27644,2.65391,2.68593,-1.33632,2,2.70562,-1.31515,2.00037,1.02324,2.05665,-1.46196e-18,1.05087,2.08673,-0.00594792,1.06906,2.14875,0,1.0434,2.16826,-0.0123216
15.1404,2.58076,-1.25886,2.65596,2.58109,-1.25553,2.65384,2.69633,-1.31523,2,2.71595,-1.29346,2.00024,1.00709,2.06461,0,1.03458,2.09492,-0.00663888,1.05218,2.15706,0,1.02254,2.17022,-0.0134922
15.15,2.59073,-1.23822,2.65596,2.59136,-1.23454,2.65377,2.70674,-1.29367,2,2.72607,-1.27175,2.0001,0.990576,2.07258,-1.46196e-18,1.01816,2.10299,-0.00709033,1.03493,2.16539,0,1.00172,2.17213,-0.0144146
15.16,2.60017,-1.21826,2.65596,2.60146,-1.21347,2.6537,2.71661,-1.27281,2,2.73598,-1.25002,1.99995,0.974607,2.08014,0,1.00157,2.11101,-0.00727001,1.01825,2.17329,0,0.980888,2.17406,-0.0150512
15.17,2.60982,-1.19746,2.65596,2.61139,-1.19232,2.65363,2.72668,-1.25108,2,2.74569,-1.22827,1.9998,0.957967,2.08785,-1.46196e-18,0.984844,2.11888,-0.00725967,1.00086,2.18135,0,0.960086,2.17592,-0.0154808
15.18,2.6194,-1.17636,2.65596,2.62115,-1.17109,2.65356,2.73669,-1.22903,2,2.75518,-1.2065,1.99965,0.941084,2.09552,0,0.96799,2.12648,-0.00707254,0.983226,2.18935,0,0.939331,2.17761,-0.015715
15.19,2.62862,-1.15559,2.65596,2.63075,-1.14979,2.65349,2.74633,-1.20734,2,2.76447,-1.18471,1.99949,0.924472,2.1029,0,0.950967,2.13384,-0.00674661,0.965869,2.19707,0,0.918584,2.17918,-0.0157892
15.2001,2.63806,-1.13388,2.65596,2.63736,-1.13484,2.65344,2.75619,-1.18466,2,2.77085,-1.16946,1.99938,0.907105,2.11045,1.46196e-18,0.938958,2.13883,-0.00645393,0.947724,2.20495,0,0.904078,2.18019,-0.015762
15.2101,2.64703,-1.11278,2.65596,2.64759,-1.11127,2.65337,2.76556,-1.16261,2,2.78067,-1.14547,1.9992,0.890226,2.11762,0,0.92001,2.14648,-0.00628835,0.930089,2.21245,0,0.881406,2.18172,-0.0159846
15.2202,2.65595,-1.09131,2.65596,2.6567,-1.08977,2.65331,2.77489,-1.14018,2,2.78938,-1.12364,1.99904,0.873049,2.12476,0,0.902711,2.1532,-0.00657573,0.912144,2.21991,0,0.860948,2.18299,-0.016587
15.23,2.66447,-1.07035,2.65596,2.66564,-1.06821,2.65324,2.78378,-1.11828,2,2.79789,-1.10181,1.99887,0.856283,2.13157,0,0.885293,2.15985,-0.00673966,0.894627,2.22703,0,0.840571,2.18421,-0.0170291
15.24,2.67299,-1.04889,2.65596,2.6744,-1.04657,2.65318,2.79269,-1.09585,2,2.80619,-1.07996,1.9987,0.839108,2.13839,0,0.867718,2.16654,-0.00667371,0.876683,2.23415,0,0.820227,2.18555,-0.0172064
15.25,2.6812,-1.02773,2.65596,2.68299,-1.02487,2.65311,2.80126,-1.07376,2,2.8143,-1.0581,1.99853,0.822187,2.14496,0,0.849972,2.17313,-0.0064413,0.859004,2.24101,0,0.799906,2.18687,-0.0171815
15.2601,2.68939,-1.0061,2.65596,2.6914,-1.00311,2.65305,2.80982,-1.05116,2,2.82219,-1.03622,1.99836,0.804883,2.15151,1.46196e-18,0.832059,2.17949,-0.00611225,0.840925,2.24785,0,0.779617,2.18807,-0.017023
15.27,2.69722,-0.984925,2.65596,2.69963,-0.981286,2.65299,2.818,-1.02903,2,2.82989,-1.01433,1.99819,0.78794,2.15777,1.46196e-18,0.814032,2.18561,-0.00569526,0.823224,2.2544,0,0.759409,2.18916,-0.0167402
15.2799,2.70502,-0.963294,2.65596,2.70768,-0.9594,2.65293,2.82615,-1.00643,2,2.83738,-0.992438,1.99802,0.770635,2.16401,0,0.795838,2.19148,-0.00522234,0.805144,2.26092,0,0.739232,2.19013,-0.0163646
15.29,2.71262,-0.941679,2.65596,2.71555,-0.937457,2.65288,2.83409,-0.983846,2,2.84467,-0.970532,1.99786,0.753343,2.17009,0,0.777478,2.19726,-0.00471917,0.787077,2.26727,0,0.71909,2.19115,-0.0159208
15.3001,2.72016,-0.919664,2.65596,2.72323,-0.915456,2.65284,2.84197,-0.960846,2,2.85176,-0.948615,1.99771,0.735731,2.17613,7.3098e-19,0.759019,2.20296,-0.00418847,0.768677,2.27357,0,0.699049,2.19225,-0.0154118
15.31,2.72734,-0.898159,2.65596,2.73073,-0.893399,2.6528,2.84946,-0.938379,2,2.85865,-0.926687,1.99755,0.718528,2.18187,-7.3098e-19,0.740458,2.20841,-0.00364913,0.750703,2.27957,0,0.679102,2.19326,-0.0148576
15.32,2.73442,-0.876367,2.65596,2.73804,-0.871288,2.65277,2.85686,-0.91561,2,2.86535,-0.90475,1.99741,0.701094,2.18753,-7.3098e-19,0.721814,2.21361,-0.00311068,0.732488,2.28549,0,0.659261,2.19418,-0.0142694
15.33,2.74137,-0.854364,2.65596,2.74517,-0.849127,2.65274,2.86413,-0.892622,2,2.87184,-0.882803,1.99727,0.683491,2.1931,0,0.703108,2.21869,-0.00258368,0.714098,2.2913,0,0.639545,2.19516,-0.0136585
15.3401,2.7482,-0.832146,2.65596,2.7521,-0.826915,2.65271,2.87126,-0.869409,2,2.87814,-0.860846,1.99714,0.665717,2.19856,-7.3098e-19,0.684346,2.22374,-0.002068,0.695527,2.29701,0,0.619961,2.19629,-0.0130251
15.3501,2.75474,-0.810226,2.65596,2.75885,-0.804652,2.6527,2.87809,-0.846508,2,2.88424,-0.838877,1.99701,0.648181,2.20379,7.3098e-19,0.665526,2.22878,-0.00158993,0.677206,2.30248,0,0.600508,2.1976,-0.0123959
15.36,2.76104,-0.788476,2.65596,2.76541,-0.78234,2.65268,2.88468,-0.823784,2,2.89015,-0.816894,1.99689,0.630781,2.20883,7.3098e-19,0.646724,2.23365,-0.00112634,0.659027,2.30774,0,0.581251,2.19893,-0.0117504
15.37,2.76727,-0.76633,2.65596,2.77179,-0.75998,2.65267,2.89119,-0.800646,2,2.89586,-0.794898,1.99677,0.613064,2.21382,-7.3098e-19,0.627875,2.23822,-0.000684438,0.640517,2.31295,0,0.562117,2.20018,-0.0110993
15.38,2.77328,-0.744281,2.65596,2.77797,-0.737576,2.65267,2.89747,-0.777609,2,2.90139,-0.77289,1.99667,0.595424,2.21863,0,0.60894,2.24258,-0.000272736,0.622087,2.31797,0,0.543065,2.20145,-0.0104525
15.3901,2.77928,-0.721561,2.65596,2.78397,-0.715129,2.65267,2.90373,-0.753872,2,2.90673,-0.750869,1.99656,0.577249,2.22342,-7.3098e-19,0.589921,2.24674,0.000111098,0.603098,2.32299,0,0.524101,2.20275,-0.00980785
15.4,2.7849,-0.699548,2.65596,2.78977,-0.692642,2.65267,2.90961,-0.730874,2,2.91187,-0.728835,1.99647,0.559639,2.22792,0,0.570884,2.25072,0.000462918,0.584699,2.32769,0,0.505284,2.20409,-0.00917143
15.41,2.79036,-0.677464,2.65596,2.79538,-0.670115,2.65268,2.91531,-0.7078,2,2.91683,-0.706787,1.99638,0.541971,2.23229,-7.3098e-19,0.551863,2.25468,0.000794674,0.56624,2.33225,0,0.486642,2.20562,-0.00853351
15.42,2.79574,-0.654901,2.65596,2.80081,-0.647549,2.65269,2.92093,-0.684227,2,2.92161,-0.684723,1.9963,0.523921,2.23659,0,0.532784,2.25838,0.00110869,0.547382,2.33674,0,0.468097,2.20713,-0.00789362
15.43,2.80085,-0.632698,2.65596,2.80604,-0.624948,2.6527,2.92627,-0.66103,2,2.92619,-0.662645,1.99622,0.506158,2.24068,0,0.513663,2.2618,0.00139384,0.528824,2.34101,0,0.449658,2.20859,-0.00726569
15.44,2.8059,-0.609913,2.65596,2.81108,-0.602314,2.65271,2.93154,-0.637225,2,2.9306,-0.640551,1.99615,0.487931,2.24472,7.3098e-19,0.494496,2.26509,0.00164234,0.50978,2.34523,0,0.431315,2.21016,-0.00666005
15.45,2.81064,-0.587674,2.65596,2.81593,-0.579646,2.65273,2.9365,-0.61399,2,2.93482,-0.61844,1.99609,0.470139,2.24851,0,0.475363,2.26857,0.0018517,0.491192,2.3492,0,0.413145,2.21215,-0.00608057
15.46,2.81533,-0.564773,2.65596,2.82059,-0.556943,2.65275,2.9414,-0.590064,2,2.93886,-0.596307,1.99603,0.451819,2.25226,0,0.456197,2.27207,0.00203229,0.472051,2.35312,0,0.395075,2.2144,-0.00551866
15.47,2.81974,-0.542318,2.65596,2.82505,-0.534205,2.65277,2.94601,-0.566603,2,2.94272,-0.574152,1.99598,0.433854,2.25579,0,0.437038,2.27542,0.00218912,0.453282,2.35681,0,0.377134,2.21673,-0.00497368
15.48,2.82403,-0.519545,2.65596,2.82891,-0.513714,2.65279,2.95048,-0.54281,2,2.94495,-0.560847,1.99595,0.415636,2.25922,0,0.419756,2.27816,0.00232796,0.434248,2.36039,0,0.366393,2.2181,-0.00464702
15.49,2.82803,-0.497299,2.65596,2.83301,-0.490918,2.65282,2.95467,-0.519567,2,2.94957,-0.531992,1.99589,0.397839,2.26242,0,0.400552,2.28095,0.00236773,0.415654,2.36373,0,0.343256,2.22104,-0.00405194
15.5,2.83187,-0.47491,2.65596,2.83692,-0.468095,2.65284,2.95868,-0.496176,2,2.95291,-0.50977,1.99586,0.379928,2.2655,7.3098e-19,0.381282,2.28363,0.00234518,0.396941,2.36695,0,0.325527,2.2234,-0.00367773
15.51,2.83562,-0.451997,2.65596,2.84064,-0.445245,2.65286,2.9626,-0.472237,2,2.95608,-0.487524,1.99582,0.361598,2.2685,3.6549e-19,0.362027,2.28637,0.00231596,0.37779,2.37008,0,0.30792,2.22604,-0.00330794
15.52,2.83911,-0.42956,2.65596,2.84416,-0.422367,2.65289,2.96624,-0.448795,2,2.95907,-0.465249,1.99579,0.343648,2.27129,3.6549e-19,0.342799,2.28923,0.0023063,0.359036,2.37299,0,0.290437,2.22902,-0.00292084
15.53,2.84248,-0.406651,2.65596,2.84749,-0.39946,2.65291,2.96976,-0.424861,2,2.96189,-0.442942,1.99576,0.325321,2.27398,3.6549e-19,0.323539,2.2921,0.00230033,0.339889,2.37581,0,0.273008,2.23224,-0.0025348
15.54,2.84562,-0.384089,2.65596,2.85063,-0.376526,2.65293,2.97304,-0.401289,2,2.96453,-0.420604,1.99574,0.307272,2.27649,3.6549e-19,0.304326,2.29476,0.00230593,0.321031,2.37843,0,0.255705,2.2355,-0.00214611
15.55,2.84865,-0.360923,2.65596,2.85358,-0.353565,2.65296,2.97621,-0.377084,2,2.967,-0.398232,1.99572,0.288738,2.27892,0,0.285138,2.29726,0.00232215,0.301668,2.38097,0,0.238491,2.23886,-0.00175957
15.56,2.8514,-0.338447,2.65596,2.85633,-0.330581,2.65298,2.97909,-0.353603,2,2.96863,-0.382552,1.99571,0.270758,2.28112,0,0.266004,2.29954,0.00235825,0.282882,2.38327,0,0.226509,2.24126,-0.00148578
15.5701,2.85408,-0.315044,2.65596,2.85815,-0.314479,2.653,2.98189,-0.329152,2,2.97081,-0.360122,1.99569,0.252035,2.28327,0,0.252637,2.30095,0.00239032,0.263321,2.38551,0,0.20949,2.24464,-0.00109477
15.58,2.85644,-0.292959,2.65596,2.86127,-0.284552,2.65302,2.98435,-0.306078,2,2.97339,-0.330914,1.99568,0.234367,2.28515,0,0.227896,2.30318,0.00175365,0.244862,2.38748,0,0.187539,2.24895,-0.00130451
15.59,2.85872,-0.269737,2.65596,2.86346,-0.261512,2.65304,2.98673,-0.281815,2,2.97518,-0.308407,1.99567,0.215789,2.28698,0,0.208994,2.30491,0.000815819,0.225452,2.38939,0,0.170864,2.25248,-0.00192435
15.6,2.86079,-0.246789,2.65596,2.86545,-0.238454,2.65304,2.9889,-0.25784,2,2.97681,-0.285864,1.99564,0.197431,2.28864,0,0.190107,2.30655,1.30297e-05,0.206272,2.39112,0,0.154268,2.25617,-0.00242422
15.61,2.86268,-0.223868,2.65596,2.86726,-0.215382,2.65304,2.99087,-0.233893,2,2.97827,-0.263283,1.99562,0.179095,2.29014,-1.82745e-19,0.171178,2.30793,-0.000604937,0.187114,2.39269,0,0.137671,2.25989,-0.00276259
15.62,2.86437,-0.201106,2.65596,2.86888,-0.192296,2.65303,2.99263,-0.210112,2,2.97956,-0.240665,1.99559,0.160885,2.29149,-1.82745e-19,0.152242,2.30918,-0.00104046,0.168089,2.39411,0,0.121115,2.26377,-0.00294021
15.63,2.86588,-0.178315,2.65596,2.8703,-0.169199,2.65302,2.99421,-0.1863,2,2.98069,-0.218008,1.99556,0.142652,2.2927,1.82745e-19,0.133291,2.31018,-0.00131169,0.14904,2.39537,0,0.104587,2.26767,-0.00297521
15.64,2.86721,-0.155386,2.65596,2.87154,-0.146093,2.653,2.9956,-0.162344,2,2.98165,-0.195312,1.99553,0.124308,2.29377,0,0.114315,2.31088,-0.00144866,0.129875,2.39648,0,0.0880678,2.27154,-0.00289969
15.65,2.86838,-0.132127,2.65596,2.87259,-0.122983,2.65299,2.99682,-0.138044,2,2.98245,-0.172577,1.9955,0.105702,2.2947,0,0.0953455,2.31125,-0.00145856,0.110435,2.39746,0,0.0715837,2.27536,-0.00272185
15.6601,2.86935,-0.109099,2.65596,2.87345,-0.0998696,2.65297,2.99783,-0.113984,2,2.98308,-0.149805,1.99548,0.0872789,2.29548,0,0.0763789,2.31129,-0.00137391,0.0911872,2.39827,0,0.0551292,2.27912,-0.00247354
15.6704,2.87014,-0.0855499,2.65596,2.87412,-0.0767579,2.65296,2.99867,-0.0893808,2,2.98355,-0.126995,1.99545,0.0684399,2.29612,9.13725e-20,0.0574169,2.31101,-0.00121215,0.0715046,2.39893,0,0.0387044,2.28279,-0.00217079
15.68,2.87073,-0.0630975,2.65596,2.8746,-0.0536498,2.65295,2.99928,-0.065923,2,2.98386,-0.104148,1.99543,0.050478,2.29658,9.13725e-20,0.0384328,2.3106,-0.00101422,0.0527384,2.39942,0,0.0222832,2.28657,-0.00185264
15.69,2.87113,-0.0407763,2.65596,2.87489,-0.030546,2.65294,2.9997,-0.0426022,2,2.984,-0.0812631,1.99541,0.032621,2.2969,0,0.0194968,2.31016,-0.000784235,0.0340818,2.39976,0,0.00593245,2.29054,-0.00152174
15.7,2.87137,-0.0172526,2.65596,2.87499,-0.00744709,2.65294,2.99995,-0.0180251,2,2.98398,-0.0583375,1.9954,0.0138021,2.29709,2.28431e-20,0.000611699,2.30956,-0.00055829,0.0144201,2.39996,0,-0.0103534,2.29456,-0.0012144
15.71,2.87141,0.0055226,2.65596,2.8749,0.0156442,2.65293,2.99999,0.0057699,2,2.98379,-0.0353722,1.99539,-0.00441808,2.29713,-5.71078e-21,-0.0181249,2.30869,-0.000312515,-0.00461592,2.4,0,-0.0264908,2.29852,-0.000908712
15.72,2.87128,0.0285376,2.65596,2.87462,0.0387264,2.65293,2.99985,0.0298155,2,2.98345,-0.0123668,1.99538,-0.0228301,2.29702,2.28431e-20,-0.0368577,2.30769,-5.9224e-05,-0.0238524,2.39988,0,-0.0426293,2.30256,-0.000615861
15.73,2.87096,0.0513452,2.65596,2.87416,0.0617974,2.65293,2.99952,0.0536444,2,2.98294,0.010679,1.99538,-0.0410762,2.29677,4.56862e-20,-0.0556269,2.30653,0.000206378,-0.0429155,2.39962,0,-0.0588056,2.30664,-0.000327782
15.7401,2.87045,0.0746102,2.65596,2.87351,0.0848566,2.65293,2.99899,0.0779512,2,2.98227,0.0337663,1.99538,-0.0596881,2.29636,0,-0.0743762,2.30526,0.000480181,-0.0623609,2.39919,0,-0.0749683,2.31078,-4.73655e-05
15.75,2.86976,0.097735,2.65596,2.87267,0.107902,2.65294,2.99826,0.102111,2,2.98144,0.0568949,1.99538,-0.078188,2.2958,0,-0.0930502,2.30382,0.000771572,-0.0816892,2.39861,0,-0.0910699,2.31495,0.000235927
15.76,2.86889,0.120555,2.65596,2.87165,0.130932,2.65295,2.99735,0.125953,2,2.98045,0.0800652,1.99538,-0.096444,2.29511,0,-0.111662,2.30223,0.00107113,-0.100763,2.39788,0,-0.107132,2.31912,0.000514121
15.7702,2.86779,0.144294,2.65596,2.87044,0.153946,2.65296,2.99621,0.150755,2,2.9793,0.103277,1.99539,-0.115435,2.29423,0,-0.130272,2.30047,0.00135848,-0.120604,2.39697,0,-0.123215,2.32326,0.000769861
15.78,2.86661,0.16605,2.65596,2.86905,0.176941,2.65298,2.99498,0.173486,2,2.97798,0.12653,1.9954,-0.13284,2.29329,0,-0.148838,2.29849,0.00163077,-0.138789,2.39598,0,-0.139284,2.32734,0.00100213
15.79,2.86519,0.189071,2.65596,2.86747,0.199916,2.65299,2.99349,0.197537,2,2.97651,0.149824,1.99541,-0.151257,2.29215,-1.82745e-19,-0.167339,2.29634,0.00186058,-0.15803,2.39479,0,-0.155323,2.33135,0.001186
15.8,2.86357,0.212146,2.65596,2.8657,0.222867,2.65301,2.9918,0.221645,2,2.97488,0.173156,1.99542,-0.169717,2.29086,0,-0.185783,2.29379,0.00209903,-0.177316,2.39344,0,-0.171345,2.33509,0.00137431
15.81,2.86181,0.23469,2.65596,2.86375,0.245791,2.65303,2.98996,0.245199,2,2.97308,0.196525,1.99543,-0.187752,2.28945,-3.6549e-19,-0.20423,2.29104,0.00233699,-0.19616,2.39197,0,-0.187415,2.33872,0.00156018
15.82,2.85983,0.25773,2.65596,2.86161,0.268687,2.65306,2.98789,0.269271,2,2.97113,0.219931,1.99545,-0.206184,2.28786,0,-0.22269,2.28829,0.00256017,-0.215417,2.39031,0,-0.203541,2.34244,0.00173424
15.83,2.85768,0.280551,2.65596,2.8593,0.291556,2.65309,2.98565,0.293113,2,2.96901,0.243374,1.99547,-0.22444,2.28614,3.6549e-19,-0.241096,2.28542,0.00278088,-0.234491,2.38852,0,-0.219658,2.34609,0.00191223
15.84,2.85535,0.303329,2.65596,2.85679,0.314395,2.65312,2.98321,0.316912,2,2.96674,0.266853,1.99549,-0.242663,2.28428,-3.6549e-19,-0.259441,2.28233,0.00298696,-0.25353,2.38657,0,-0.235769,2.34957,0.00208335
15.85,2.8528,0.326451,2.65596,2.85411,0.337202,2.65315,2.98055,0.341069,2,2.9643,0.290365,1.99551,-0.261161,2.28224,3.6549e-19,-0.277766,2.27904,0.0031713,-0.272855,2.38444,0,-0.251923,2.35288,0.00224229
15.86,2.85009,0.349326,2.65596,2.85124,0.359975,2.65318,2.97772,0.364969,2,2.9617,0.313909,1.99553,-0.279461,2.28007,0,-0.295994,2.27555,0.00334759,-0.291975,2.38217,0,-0.268042,2.35602,0.00240626
15.8701,2.84718,0.372314,2.65596,2.84912,0.375895,2.6532,2.97467,0.388986,2,2.95978,0.330409,1.99555,-0.297851,2.27774,3.6549e-19,-0.308721,2.27302,0.00346264,-0.311189,2.37974,0,-0.27933,2.35811,0.00252264
15.88,2.84416,0.394751,2.65596,2.84495,0.405413,2.65325,2.97152,0.412427,2,2.95601,0.361089,1.99558,-0.315801,2.27532,0,-0.33227,2.26822,0.00312993,-0.329942,2.37721,0,-0.300297,2.36184,0.00221924
15.8901,2.84071,0.418848,2.65596,2.84154,0.428077,2.65327,2.96791,0.437604,2,2.95293,0.384721,1.9956,-0.335078,2.27257,0,-0.350288,2.26447,0.00231486,-0.350083,2.37433,0,-0.316373,2.36451,0.00146346
15.9,2.83742,0.440563,2.65596,2.83795,0.450702,2.65329,2.96448,0.460291,2,2.94969,0.408379,1.99561,-0.35245,2.26994,0,-0.36828,2.26056,0.00156428,-0.368233,2.37158,0,-0.33248,2.36697,0.000798841
15.91,2.8339,0.462651,2.65596,2.83418,0.473288,2.65331,2.9608,0.483369,2,2.94628,0.43206,1.99562,-0.370121,2.26712,-3.6549e-19,-0.386248,2.25661,0.00098182,-0.386695,2.36864,0,-0.348648,2.36934,0.000323907
15.9202,2.83,0.485976,2.65596,2.83022,0.495835,2.65331,2.95672,0.507737,2,2.94271,0.455766,1.99562,-0.38878,2.264,-3.6549e-19,-0.404243,2.25268,0.000564002,-0.40619,2.36538,0,-0.364925,2.37168,3.90754e-05
15.93,2.82608,0.508226,2.65596,2.82609,0.518341,2.65332,2.95264,0.530984,2,2.93898,0.479493,1.99562,-0.406581,2.26087,-7.3098e-19,-0.422276,2.24865,0.000282242,-0.424787,2.36211,0,-0.381327,2.37384,-8.35027e-05
15.94,2.82192,0.530856,2.65596,2.82178,0.540807,2.65332,2.94829,0.554627,2,2.93509,0.503242,1.99562,-0.424685,2.25754,0,-0.440284,2.24457,0.00011678,-0.443702,2.35863,0,-0.397799,2.37587,-6.29773e-05
15.95,2.81764,0.553144,2.65596,2.81729,0.563232,2.65332,2.94381,0.577913,2,2.93103,0.52701,1.99562,-0.442515,2.25411,0,-0.45821,2.24036,3.33557e-05,-0.462331,2.35505,0,-0.414289,2.37766,6.69675e-05
15.9601,2.81299,0.576328,2.65596,2.81261,0.585614,2.65332,2.93895,0.602136,2,2.92809,0.543657,1.99562,-0.461062,2.25039,0,-0.476113,2.23585,1.85631e-05,-0.481709,2.35116,0,-0.425873,2.37869,0.000217031
15.97,2.80837,0.598443,2.65596,2.80776,0.607949,2.65332,2.93412,0.625241,2,2.92374,0.56745,1.99562,-0.478754,2.24669,7.3098e-19,-0.494004,2.23112,2.4614e-05,-0.500192,2.3473,0,-0.442517,2.37981,0.000482297
15.9801,2.8035,0.620855,2.65596,2.80273,0.630235,2.65332,2.92903,0.648657,2,2.91785,0.598395,1.99563,-0.496684,2.2428,0,-0.511894,2.22628,7.05293e-05,-0.518926,2.34323,0,-0.464286,2.38088,0.000918476
15.99,2.79847,0.643135,2.65596,2.79753,0.652475,2.65332,2.92378,0.671934,2,2.91312,0.622207,1.99564,-0.514508,2.23878,7.3098e-19,-0.529795,2.22156,0.000139494,-0.537547,2.33903,0,-0.48115,2.38163,0.00132328
16,2.79321,0.665612,2.65596,2.79214,0.674666,2.65332,2.91829,0.695417,2,2.90823,0.646026,1.99566,-0.532489,2.23457,0,-0.547646,2.21675,0.000215794,-0.556334,2.33463,0,-0.498071,2.3821,0.00176569
16.01,2.78782,0.68784,2.65596,2.78657,0.696809,2.65333,2.91265,0.718641,2,2.90316,0.669849,1.99568,-0.550272,2.23025,0,-0.565349,2.2119,0.000297655,-0.574912,2.33012,0,-0.514965,2.38237,0.00224102
16.02,2.78217,0.710325,2.65596,2.78083,0.718904,2.65333,2.90676,0.742133,2,2.89793,0.693673,1.9957,-0.56826,2.22574,0,-0.582958,2.20703,0.00036722,-0.593706,2.32541,0,-0.531887,2.38244,0.00273065
16.03,2.77649,0.732219,2.65596,2.77491,0.740949,2.65333,2.90082,0.765007,2,2.89252,0.717496,1.99573,-0.585775,2.22119,0,-0.600536,2.202,0.000419026,-0.612006,2.32066,0,-0.548896,2.38217,0.00322893
16.04,2.77055,0.754404,2.65596,2.76882,0.762944,2.65334,2.89461,0.788185,2,2.88864,0.73417,1.99576,-0.603523,2.21644,0,-0.618044,2.19694,0.000477764,-0.630548,2.31569,0,-0.560836,2.38186,0.00359531
16.05,2.76441,0.776576,2.65596,2.76255,0.784888,2.65334,2.8882,0.81135,2,2.8812,0.765128,1.99581,-0.62126,2.21153,7.3098e-19,-0.63543,2.19173,0.000543768,-0.64908,2.31056,0,-0.583008,2.38082,0.0043209
16.06,2.75803,0.798954,2.65596,2.75611,0.806778,2.65335,2.88153,0.834731,2,2.87529,0.78893,1.99586,-0.639163,2.20642,-7.3098e-19,-0.652766,2.18629,0.00058959,-0.667784,2.30523,0,-0.60013,2.37953,0.00488473
16.07,2.7516,0.820834,2.65596,2.7495,0.828613,2.65336,2.87481,0.85759,2,2.8692,0.812718,1.99591,-0.656667,2.20128,0,-0.670037,2.18074,0.000617572,-0.686072,2.29985,0,-0.617307,2.37792,0.00545105
16.08,2.7449,0.842947,2.65596,2.74271,0.850393,2.65336,2.86782,0.880694,2,2.86294,0.836488,1.99597,-0.674358,2.19592,-7.3098e-19,-0.687277,2.1751,0.000626582,-0.704555,2.29425,0,-0.634567,2.37599,0.00601751
16.09,2.73815,0.864639,2.65596,2.73575,0.872115,2.65337,2.86076,0.903357,2,2.85651,0.860237,1.99603,-0.691711,2.19052,0,-0.704521,2.16939,0.000620429,-0.722685,2.28861,0,-0.651946,2.37376,0.00658576
16.1,2.73113,0.886546,2.65596,2.72862,0.89378,2.65337,2.85343,0.926245,2,2.8499,0.883961,1.9961,-0.709237,2.18491,0,-0.721703,2.16353,0.000608774,-0.740996,2.28274,0,-0.669378,2.37114,0.00716267
16.11,2.72387,0.908613,2.65596,2.72132,0.915386,2.65338,2.84584,0.9493,2,2.84312,0.907659,1.99617,-0.726891,2.1791,0,-0.738916,2.15769,0.000583374,-0.75944,2.27668,0,-0.686958,2.36829,0.00773686
16.12,2.71655,0.930259,2.65596,2.71384,0.936933,2.65339,2.8382,0.971915,2,2.83616,0.931326,1.99625,-0.744207,2.17324,0,-0.756035,2.15172,0.000549818,-0.777532,2.27056,0,-0.70456,2.36507,0.00831109
16.13,2.70907,0.951845,2.65596,2.7062,0.95842,2.65339,2.83038,0.994468,2,2.82903,0.954959,1.99634,-0.761476,2.16725,1.46196e-18,-0.773079,2.14558,0.000517682,-0.795574,2.2643,0,-0.722204,2.36141,0.00889167
16.14,2.70132,0.973615,2.65596,2.69838,0.979845,2.6534,2.82228,1.01721,2,2.82172,0.978554,1.99643,-0.778892,2.16106,1.46196e-18,-0.790012,2.1395,0.00049647,-0.81377,2.25783,0,-0.739855,2.35755,0.00948419
16.15,2.69338,0.995361,2.65596,2.6904,1.00121,2.6534,2.81399,1.03993,2,2.81423,1.00211,1.99653,-0.796288,2.15471,0,-0.806913,2.13343,0.000449711,-0.831946,2.25119,0,-0.757592,2.35344,0.0100491
16.16,2.6855,1.01643,2.65596,2.68225,1.02251,2.6534,2.80576,1.06195,2,2.80657,1.02562,1.99663,-0.813145,2.1484,0,-0.823839,2.12741,0.000384224,-0.849558,2.24461,0,-0.775464,2.34913,0.0105907
16.17,2.67719,1.03813,2.65596,2.67392,1.04376,2.65341,2.79707,1.08461,2,2.79872,1.04909,1.99674,-0.830502,2.14175,0,-0.840792,2.12133,0.000297418,-0.867691,2.23766,0,-0.793475,2.34449,0.0111024
16.18,2.66884,1.05941,2.65596,2.66543,1.06494,2.65341,2.78835,1.10685,2,2.7907,1.07251,1.99685,-0.847524,2.13507,-1.46196e-18,-0.857632,2.11505,0.000231666,-0.885476,2.23068,0,-0.811494,2.33939,0.0116215
16.19,2.6603,1.08067,2.65596,2.65677,1.08606,2.65341,2.77943,1.12907,2,2.78249,1.09588,1.99697,-0.86454,2.12824,0,-0.874337,2.10869,0.000179443,-0.903253,2.22354,0,-0.8295,2.33396,0.0121363
16.2003,2.6512,1.10282,2.65596,2.64794,1.10711,2.65341,2.76992,1.1522,2,2.77411,1.11919,1.9971,-0.882254,2.12096,0,-0.890975,2.10247,0.000145561,-0.92176,2.21593,0,-0.847557,2.32841,0.0126488
16.21,2.64238,1.12377,2.65596,2.63895,1.12811,2.65342,2.76071,1.17409,2,2.76554,1.14244,1.99722,-0.899017,2.11391,0,-0.907596,2.0963,8.96815e-05,-0.939275,2.20857,0,-0.865705,2.32266,0.0131167
16.22,2.63355,1.14433,2.65596,2.62979,1.14904,2.65342,2.75148,1.19557,2,2.75679,1.16564,1.99736,-0.91546,2.10684,0,-0.924145,2.08994,2.61335e-05,-0.956454,2.20118,0,-0.883881,2.31645,0.0135526
16.23,2.62422,1.16556,2.65596,2.62047,1.16991,2.65342,2.74173,1.21776,2,2.74786,1.18877,1.99749,-0.932451,2.09937,-1.46196e-18,-0.940599,2.08341,-3.41742e-05,-0.974205,2.19338,0,-0.902068,2.30984,0.0139622
16.24,2.61465,1.18687,2.65596,2.61098,1.19071,2.65342,2.73173,1.24001,2,2.73875,1.21184,1.99764,-0.949492,2.09172,0,-0.956963,2.07675,-8.66853e-05,-0.99201,2.18539,0,-0.92028,2.30286,0.0143458
16.25,2.60531,1.20724,2.65596,2.60133,1.21144,2.65341,2.72197,1.2613,2,2.72946,1.23483,1.99778,-0.965789,2.08425,0,-0.973291,2.07001,-0.00013199,-1.00904,2.17758,0,-0.938556,2.29556,0.014702
16.26,2.59551,1.22817,2.65596,2.59151,1.23211,2.65341,2.71173,1.28316,2,2.71998,1.25775,1.99793,-0.982535,2.07641,1.46196e-18,-0.989523,2.06308,-0.000180922,-1.02653,2.16939,0,-0.956826,2.28784,0.0150187
16.2701,2.58549,1.24911,2.65596,2.58154,1.2527,2.65341,2.70127,1.30504,2,2.71032,1.28058,1.99808,-0.999286,2.0684,0,-1.00565,2.05601,-0.000205762,-1.04403,2.16102,0,-0.975089,2.27974,0.0153195
16.28,2.57554,1.2695,2.65596,2.5714,1.27323,2.65341,2.69088,1.32634,2,2.70048,1.30334,1.99824,-1.0156,2.06044,1.46196e-18,-1.02167,2.04879,-0.00021317,-1.06107,2.1527,0,-0.993336,2.27128,0.015596
16.29,2.56543,1.28981,2.65596,2.56111,1.29368,2.65341,2.68031,1.34756,2,2.69046,1.32601,1.99839,-1.03184,2.05235,0,-1.03764,2.04153,-0.000209201,-1.07805,2.14425,0,-1.01161,2.26255,0.0158414
16.3,2.5546,1.31113,2.65596,2.55065,1.31406,2.6534,2.66899,1.36985,2,2.68333,1.34183,1.99851,-1.04891,2.04368,1.46196e-18,-1.05356,2.03421,-0.000183307,-1.09588,2.13519,0,-1.02442,2.25628,0.0159997
16.31,2.54429,1.33103,2.65596,2.54003,1.33436,2.6534,2.65822,1.39063,2,2.66986,1.37108,1.99872,-1.06483,2.03543,0,-1.06944,2.02691,-0.000161254,-1.11251,2.12658,0,-1.04825,2.24437,0.0162376
16.3201,2.53325,1.35193,2.65596,2.53251,1.34853,2.6534,2.64668,1.41247,2,2.66247,1.38677,1.99883,-1.08154,2.0266,1.46196e-18,-1.08051,2.0217,-0.000153327,-1.12998,2.11735,0,-1.06107,2.23772,0.016324
16.33,2.52267,1.37156,2.65596,2.51833,1.37475,2.6534,2.63563,1.43298,2,2.64853,1.41577,1.99904,-1.09725,2.01814,0,-1.10083,2.01175,-0.000657438,-1.14639,2.10851,0,-1.08472,2.22484,0.0159077
16.34,2.51157,1.39179,2.65596,2.50724,1.39483,2.65339,2.62403,1.45412,2,2.63759,1.43797,1.9992,-1.11343,2.00925,0,-1.11635,2.00407,-0.00150537,-1.16329,2.09923,0,-1.1028,2.21467,0.0150821
16.35,2.50051,1.41156,2.65596,2.496,1.41483,2.65337,2.61248,1.47477,2,2.62647,1.46007,1.99934,-1.12925,2.00041,0,-1.1319,1.99636,-0.00223262,-1.17982,2.08998,0,-1.12096,2.20428,0.0143289
16.3601,2.48889,1.43196,2.65596,2.48804,1.42879,2.65335,2.60034,1.49608,2,2.61858,1.47547,1.99944,-1.14556,1.99111,-1.46196e-18,-1.14276,1.99089,-0.00262698,-1.19686,2.08027,0,-1.13371,2.19684,0.0138834
16.37,2.47758,1.45143,2.65596,2.47306,1.4546,2.65331,2.58853,1.51642,2,2.60369,1.50394,1.99961,-1.16114,1.98206,0,-1.16274,1.98039,-0.0037009,-1.21314,2.07082,0,-1.15726,2.18251,0.0126488
16.38,2.46584,1.47129,2.65596,2.46135,1.47436,2.65327,2.57626,1.53717,2,2.59202,1.52571,1.99973,-1.17703,1.97267,0,-1.178,1.97213,-0.00494898,-1.22974,2.06101,0,-1.17527,2.17111,0.0112283
16.39,2.45403,1.4909,2.65596,2.4495,1.49404,2.65321,2.56392,1.55766,2,2.58018,1.54736,1.99984,-1.19272,1.96323,1.46196e-18,-1.19328,1.96382,-0.0059693,-1.24613,2.05114,0,-1.19334,2.1595,0.00998498
16.4,2.44201,1.51052,2.65596,2.43749,1.51364,2.65315,2.55136,1.57816,2,2.56816,1.56889,1.99994,-1.20841,1.9536,0,-1.20855,1.95525,-0.00666394,-1.26253,2.04109,0,-1.21149,2.1475,0.00901039
16.41,2.4298,1.53007,2.65596,2.42532,1.53315,2.65308,2.5386,1.59859,2,2.55595,1.59031,2.00002,-1.22406,1.94384,0,-1.22376,1.94656,-0.00708655,-1.27887,2.03088,0,-1.22963,2.13525,0.00825407
16.42,2.41732,1.54971,2.65596,2.41301,1.55257,2.65301,2.52557,1.61911,2,2.54356,1.6116,2.0001,-1.23977,1.93386,-1.46196e-18,-1.23895,1.93777,-0.00725513,-1.29529,2.02045,0,-1.24781,2.12278,0.00769978
16.43,2.40507,1.56865,2.65596,2.40055,1.5719,2.65294,2.51277,1.63889,2,2.531,1.63276,2.00018,-1.25492,1.92406,0,-1.25412,1.9288,-0.00722147,-1.31112,2.01022,0,-1.26601,2.11001,0.00729744
16.44,2.39219,1.58823,2.65596,2.38793,1.59114,2.65287,2.49931,1.65935,2,2.51824,1.6538,2.00025,-1.27058,1.91375,1.46196e-18,-1.26927,1.91955,-0.00704061,-1.32748,1.99945,0,-1.28423,2.09686,0.0069935
16.45,2.37974,1.60683,2.65596,2.37516,1.61029,2.6528,2.4863,1.67878,2,2.50531,1.6747,2.00032,-1.28546,1.90379,0,-1.2843,1.91003,-0.00675297,-1.34302,1.98904,0,-1.30237,2.08333,0.00674909
16.46,2.36694,1.62563,2.65596,2.36224,1.62934,2.65273,2.47293,1.69842,2,2.4922,1.69546,2.00038,-1.3005,1.89355,0,-1.29929,1.90037,-0.00637304,-1.35874,1.97834,0,-1.3205,2.06958,0.00655245
16.47,2.35359,1.64489,2.65596,2.34917,1.6483,2.65267,2.45898,1.71855,2,2.4789,1.71609,2.00045,-1.31592,1.88287,-2.92392e-18,-1.31425,1.89069,-0.00590787,-1.37484,1.96718,0,-1.33861,2.05571,0.00639786
16.48,2.34036,1.66366,2.65596,2.33596,1.66716,2.65261,2.44516,1.73816,2,2.46542,1.73658,2.00051,-1.33093,1.87229,0,-1.3292,1.88087,-0.00541562,-1.39052,1.95613,0,-1.35674,2.04163,0.00622857
16.4901,2.32686,1.68249,2.65596,2.32259,1.68592,2.65256,2.43105,1.75784,2,2.45177,1.75692,2.00057,-1.346,1.86149,-1.46196e-18,-1.34408,1.87098,-0.0048838,-1.40627,1.94484,0,-1.37483,2.0274,0.00606004
16.5,2.31345,1.70088,2.65596,2.30908,1.70458,2.65252,2.41704,1.77705,2,2.43793,1.77712,2.00063,-1.36071,1.85076,-1.46196e-18,-1.35894,1.86099,-0.00431905,-1.42164,1.93364,0,-1.39289,2.01301,0.00588769
16.51,2.29984,1.71924,2.65596,2.29541,1.72314,2.65248,2.40282,1.79623,2,2.42391,1.79718,2.00069,-1.37539,1.83987,0,-1.37369,1.85078,-0.00373983,-1.43698,1.92226,0,-1.41086,1.99833,0.00569499
16.5202,2.28566,1.73804,2.65596,2.2816,1.74159,2.65244,2.38801,1.81587,2,2.40971,1.81709,2.00075,-1.39044,1.82853,-1.46196e-18,-1.38834,1.8406,-0.00312419,-1.4527,1.91041,0,-1.42874,1.98364,0.00550598
16.53,2.27191,1.75598,2.65596,2.26765,1.75995,2.65241,2.37365,1.83461,2,2.39533,1.83685,2.0008,-1.40478,1.81753,-1.46196e-18,-1.40296,1.83031,-0.002519,-1.46769,1.89892,0,-1.44659,1.9688,0.00527653
16.5401,2.25737,1.77464,2.65596,2.25354,1.7782,2.65239,2.35845,1.8541,2,2.38516,1.8506,2.00084,-1.41971,1.8059,-1.46196e-18,-1.41752,1.81994,-0.00192808,-1.48328,1.88676,0,-1.45905,1.95833,0.00509264
16.5502,2.24287,1.79292,2.65596,2.2393,1.79635,2.65237,2.34331,1.87321,2,2.36605,1.87593,2.0009,-1.43434,1.7943,0,-1.43194,1.8094,-0.00136132,-1.49857,1.87465,0,-1.48202,1.93869,0.00468943
16.56,2.2292,1.8099,2.65596,2.2249,1.81439,2.65236,2.32902,1.89095,2,2.35114,1.89524,2.00094,-1.44792,1.78336,1.46196e-18,-1.4463,1.79873,-0.000821884,-1.51276,1.86321,0,-1.49959,1.9234,0.00432571
16.57,2.21473,1.82757,2.65596,2.21037,1.83232,2.65236,2.3139,1.90941,2,2.33606,1.9144,2.00099,-1.46206,1.77178,0,-1.46071,1.78787,-0.000357197,-1.52753,1.85112,0,-1.51718,1.90791,0.00387142
16.58,2.20012,1.84513,2.65596,2.19569,1.85014,2.65236,2.29864,1.92776,2,2.3208,1.9334,2.00102,-1.47611,1.7601,1.46196e-18,-1.47503,1.77676,7.33994e-05,-1.54221,1.83891,0,-1.53469,1.89217,0.00336715
16.59,2.18527,1.86269,2.65596,2.18087,1.86785,2.65236,2.28313,1.9461,2,2.30536,1.95224,2.00105,-1.49016,1.74822,1.46196e-18,-1.48926,1.76557,0.000506777,-1.55688,1.8265,0,-1.5521,1.87638,0.00285091
16.6,2.17019,1.88024,2.65596,2.16591,1.88545,2.65237,2.26737,1.96444,2,2.28975,1.97092,2.00108,-1.50419,1.73615,0,-1.50337,1.7543,0.000931783,-1.57155,1.8139,0,-1.5694,1.86051,0.00231418
16.6101,2.15499,1.89765,2.65596,2.1508,1.90294,2.65238,2.25149,1.98263,2,2.27397,1.98945,2.0011,-1.51812,1.72399,-1.46196e-18,-1.51731,1.74294,0.00135936,-1.5861,1.80119,0,-1.58652,1.84457,0.00177138
16.62,2.13974,1.91483,2.65596,2.14015,1.91511,2.65239,2.23556,2.00057,2,2.25802,2.00782,2.00111,-1.53186,1.71179,-1.46196e-18,-1.52701,1.73491,0.00164961,-1.60046,1.78844,0,-1.60351,1.82855,0.00121223
16.63,2.12456,1.93165,2.65596,2.12018,1.93757,2.65241,2.2197,2.01815,2,2.2419,2.02602,2.00112,-1.54532,1.69965,-1.46196e-18,-1.54476,1.71994,0.00163804,-1.61452,1.77576,0,-1.62025,1.81255,0.000106328
16.64,2.10905,1.94857,2.65596,2.10467,1.95471,2.65242,2.2035,2.03583,2,2.22562,2.04407,2.00112,-1.55886,1.68724,1.46196e-18,-1.55828,1.70837,0.00106084,-1.62866,1.7628,0,-1.6368,1.79655,-0.00142232
16.65,2.09313,1.96566,2.65596,2.08902,1.97174,2.65243,2.18686,2.05369,2,2.20917,2.06195,2.00109,-1.57253,1.67451,-1.46196e-18,-1.57173,1.69668,0.000606778,-1.64295,1.74949,0,-1.65323,1.78048,-0.00282158
16.66,2.07742,1.98227,2.65596,2.07323,1.98864,2.65244,2.17044,2.07103,2,2.19256,2.07968,2.00106,-1.58581,1.66194,0,-1.58501,1.68466,0.000328842,-1.65683,1.73636,0,-1.66952,1.76416,-0.00404249
16.67,2.0617,1.99861,2.65596,2.05732,2.00543,2.65244,2.15403,2.0881,2,2.17578,2.09723,2.00101,-1.59888,1.64936,0,-1.59808,1.67234,0.000228486,-1.67048,1.72322,0,-1.68559,1.74762,-0.00507679
16.68,2.04537,2.01532,2.65596,2.04127,2.02209,2.65244,2.13696,2.10556,2,2.16394,2.10943,2.00098,-1.61226,1.6363,0,-1.6111,1.65994,0.000275143,-1.68445,1.70957,0,-1.69679,1.73603,-0.00570341
16.69,2.02925,2.03155,2.65596,2.02509,2.03863,2.65245,2.12012,2.12252,2,2.14689,2.1267,2.00091,-1.62524,1.6234,-1.46196e-18,-1.62395,1.64739,0.000439337,-1.69802,1.69609,0,-1.71265,1.71946,-0.00647922
16.7,2.013,2.04765,2.65596,2.00879,2.05504,2.65245,2.10314,2.13934,2,2.1245,2.14892,2.00082,-1.63812,1.6104,0,-1.63664,1.63459,0.000671812,-1.71147,1.68252,0,-1.73296,1.6977,-0.00733906
16.71,1.99664,2.06361,2.65596,1.99236,2.07132,2.65246,2.08605,2.15602,2,2.11233,2.16076,2.00077,-1.65089,1.59731,0,-1.64921,1.62158,0.000952495,-1.72481,1.66884,0,-1.74377,1.68591,-0.00774865
16.7201,1.97963,2.07994,2.65596,1.97581,2.08747,2.65247,2.06827,2.17307,2,2.08953,2.18253,2.00067,-1.66395,1.5837,0,-1.66159,1.60832,0.00127874,-1.73846,1.65462,0,-1.76354,1.6638,-0.00841829
16.73,1.96351,2.09516,2.65596,1.95913,2.10348,2.65249,2.05143,2.18898,2,2.07182,2.19908,2.00058,-1.67613,1.57081,1.46196e-18,-1.6739,1.59485,0.00162748,-1.75118,1.64115,0,-1.77859,1.64669,-0.0088685
16.7401,1.94592,2.11151,2.65596,1.94233,2.11936,2.6525,2.03305,2.20606,2,2.05396,2.21547,2.00049,-1.68921,1.55673,1.46196e-18,-1.68616,1.58112,0.00196469,-1.76485,1.62644,0,-1.79352,1.62942,-0.00929618
16.7501,1.92933,2.12667,2.65596,1.9305,2.1304,2.65252,2.01573,2.2219,2,2.04137,2.22683,2.00042,-1.70134,1.54347,0,-1.6947,1.57138,0.00219589,-1.77752,1.61258,0,-1.80388,1.61729,-0.0095799
16.76,1.91225,2.14205,2.65596,1.90836,2.15071,2.65255,1.99788,2.23797,2,2.01779,2.24771,2.00029,-1.71364,1.5298,-1.46196e-18,-1.71032,1.55312,0.00219134,-1.79037,1.5983,0,-1.82278,1.59473,-0.0104888
16.77,1.89476,2.15753,2.65596,1.8912,2.16617,2.65257,1.9796,2.25415,2,2.005,2.25883,2.00022,-1.72603,1.51581,-1.46196e-18,-1.72218,1.53901,0.00156983,-1.80332,1.58368,0,-1.83275,1.58264,-0.0113603
16.78,1.87803,2.17211,2.65596,1.87392,2.18149,2.65258,1.96212,2.26938,2,1.98106,2.27926,2.00006,-1.73769,1.50242,-1.46196e-18,-1.73393,1.52472,0.00106796,-1.8155,1.5697,0,-1.85096,1.56011,-0.0128423
16.79,1.86048,2.18716,2.65596,1.85652,2.19666,2.65259,1.94379,2.2851,2,1.96248,2.29477,1.99993,-1.74973,1.48838,0,-1.74552,1.51025,0.000773077,-1.82808,1.55503,0,-1.86471,1.54271,-0.0136965
16.8001,1.84275,2.20211,2.65596,1.83901,2.21169,2.6526,1.92527,2.30072,2,1.94376,2.31011,1.99979,-1.76169,1.4742,0,-1.75699,1.49563,0.000638338,-1.84058,1.54022,0,-1.87827,1.52527,-0.0143528
16.81,1.82539,2.21653,2.65596,1.82138,2.22657,2.6526,1.90713,2.31578,2,1.92491,2.32528,1.99964,-1.77322,1.46031,-1.46196e-18,-1.76842,1.48085,0.000634337,-1.85263,1.5257,0,-1.8917,1.5078,-0.0148384
16.82,1.80766,2.23101,2.65596,1.80364,2.24131,2.65261,1.88861,2.33091,2,1.90593,2.34027,1.99949,-1.78481,1.44613,0,-1.77966,1.46581,0.00071321,-1.86473,1.51089,0,-1.90484,1.49018,-0.0151989
16.83,1.78974,2.24541,2.65596,1.78579,2.25589,2.65262,1.86988,2.34596,2,1.88682,2.35508,1.99934,-1.79633,1.43179,1.46196e-18,-1.7908,1.45062,0.000849203,-1.87677,1.49591,0,-1.91778,1.47253,-0.0154603
16.8406,1.7706,2.26054,2.65596,1.76783,2.27032,2.65263,1.84989,2.36176,2,1.86757,2.36971,1.99918,-1.80843,1.41648,2.92392e-18,-1.80181,1.43513,0.00103367,-1.88941,1.47991,0,-1.93048,1.4547,-0.0156312
16.85,1.75307,2.27416,2.65596,1.74975,2.28459,2.65264,1.83157,2.376,2,1.84821,2.38417,1.99902,-1.81933,1.40245,1.46196e-18,-1.81271,1.41943,0.00122567,-1.9008,1.46525,0,-1.94295,1.43676,-0.015751
16.86,1.73529,2.28775,2.65596,1.73704,2.29449,2.65265,1.813,2.3902,2,1.82872,2.39845,1.99887,-1.8302,1.38823,0,-1.82031,1.40839,0.00136961,-1.91216,1.4504,0,-1.95523,1.41886,-0.0158077
16.87,1.7169,2.30159,2.65596,1.71328,2.31266,2.65266,1.79378,2.40465,2,1.8091,2.41255,1.99871,-1.84127,1.37352,0,-1.83425,1.38775,0.00107347,-1.92372,1.43503,0,-1.96719,1.40095,-0.0163887
16.88,1.69843,2.31525,2.65596,1.69489,2.32646,2.65267,1.77448,2.41893,2,1.78937,2.42647,1.99854,-1.8522,1.35874,0,-1.84481,1.37172,0.000242019,-1.93514,1.41958,0,-1.97881,1.38301,-0.0173869
16.89,1.6801,2.32859,2.65596,1.67639,2.3401,2.65267,1.75533,2.43286,2,1.76953,2.44021,1.99836,-1.86287,1.34408,0,-1.85527,1.35558,-0.000429707,-1.94629,1.40426,0,-1.99018,1.36505,-0.0181849
16.9,1.66111,2.34217,2.65596,1.65778,2.35357,2.65266,1.73549,2.44705,2,1.74957,2.45377,1.99818,-1.87374,1.32888,0,-1.86561,1.33933,-0.000881216,-1.95764,1.38839,0,-2.00132,1.34707,-0.0187296
16.91,1.64221,2.35546,2.65596,1.63908,2.36688,2.65265,1.71574,2.46094,2,1.7295,2.46715,1.99799,-1.88437,1.31376,0,-1.87588,1.323,-0.0011643,-1.96875,1.37259,0,-2.01226,1.32907,-0.0190708
16.92,1.62334,2.3685,2.65596,1.62027,2.38003,2.65264,1.69604,2.47456,2,1.70933,2.48035,1.99779,-1.8948,1.29867,-1.46196e-18,-1.88606,1.30662,-0.00129319,-1.97965,1.35683,0,-2.02295,1.31111,-0.019222
16.93,1.60467,2.3812,2.65596,1.60135,2.39302,2.65263,1.67652,2.48782,2,1.68904,2.49337,1.9976,-1.90496,1.28373,1.46196e-18,-1.89627,1.29017,-0.00130584,-1.99026,1.34122,0,-2.03351,1.29315,-0.0192228
16.9402,1.58512,2.39425,2.65596,1.58234,2.40584,2.65261,1.65611,2.50146,2,1.66866,2.50621,1.99741,-1.9154,1.2681,0,-1.9064,1.27368,-0.00122226,-2.00117,1.32488,0,-2.04384,1.2752,-0.0190944
16.95,1.56583,2.40691,2.65596,1.56323,2.41849,2.6526,1.63595,2.51469,2,1.64817,2.51888,1.99722,-1.92553,1.25266,-1.46196e-18,-1.91645,1.25715,-0.00106563,-2.01175,1.30876,0,-2.05394,1.25729,-0.0188623
16.96,1.54712,2.41898,2.65596,1.54401,2.43098,2.65259,1.6164,2.5273,2,1.62758,2.53136,1.99703,-1.93518,1.2377,0,-1.92651,1.24062,-0.000864163,-2.02184,1.29312,0,-2.06389,1.23944,-0.0185563
16.97,1.52715,2.43164,2.65596,1.5247,2.4433,2.65259,1.59553,2.54053,2,1.60689,2.54367,1.99685,-1.94531,1.22172,1.46196e-18,-1.93651,1.2239,-0.000665794,-2.03242,1.27643,0,-2.07362,1.22146,-0.0182249
16.9801,1.50755,2.44384,2.65596,1.50528,2.45546,2.65258,1.57506,2.55327,2,1.58611,2.55579,1.99667,-1.95507,1.20604,1.46196e-18,-1.94634,1.20705,-0.000471125,-2.04262,1.26004,0,-2.08304,1.20341,-0.0178721
16.99,1.48792,2.45584,2.65596,1.48577,2.46744,2.65258,1.55455,2.56581,2,1.56523,2.56773,1.99649,-1.96467,1.19034,0,-1.9561,1.19012,-0.000263223,-2.05265,1.24364,0,-2.09224,1.18533,-0.0174828
17,1.46859,2.46744,2.65596,1.46616,2.47926,2.65258,1.53436,2.57793,2,1.54426,2.5795,1.99632,-1.97396,1.17488,0,-1.96591,1.17328,-3.28995e-05,-2.06235,1.22749,0,-2.10132,1.16739,-0.0170488
17.01,1.44896,2.47902,2.65596,1.44645,2.49091,2.65258,1.51385,2.59003,2,1.5232,2.59108,1.99615,-1.98322,1.15917,-1.46196e-18,-1.97584,1.15657,0.000178171,-2.07203,1.21108,0,-2.11038,1.14962,-0.0166134
17.02,1.42895,2.49061,2.65596,1.42664,2.50239,2.65258,1.49294,2.60214,2,1.50206,2.60249,1.99599,-1.99249,1.14316,-1.46196e-18,-1.98561,1.13982,0.00038319,-2.08171,1.19435,0,-2.11912,1.13184,-0.0161668
17.03,1.40887,2.50202,2.65596,1.40674,2.5137,2.65258,1.47196,2.61406,2,1.48082,2.61372,1.99583,-2.00162,1.1271,0,-1.99526,1.123,0.000589768,-2.09125,1.17757,0,-2.12763,1.11405,-0.0157048
17.04,1.38848,2.5134,2.65596,1.38674,2.52485,2.65259,1.45065,2.62595,2,1.4595,2.62477,1.99567,-2.01072,1.11078,1.46196e-18,-2.0048,1.1062,0.00079629,-2.10076,1.16052,0,-2.1359,1.09631,-0.0152297
17.0502,1.36839,2.52439,2.65596,1.36664,2.53583,2.6526,1.42967,2.63743,2,1.4381,2.63565,1.99552,-2.01951,1.09471,0,-2.01426,1.0894,0.000990233,-2.10995,1.14373,0,-2.14398,1.07862,-0.0147543
17.0602,1.34838,2.53514,2.65596,1.34645,2.54664,2.65261,1.40876,2.64866,2,1.41663,2.64634,1.99538,-2.02811,1.0787,0,-2.02364,1.0726,0.00118197,-2.11893,1.12701,0,-2.15184,1.06097,-0.0142687
17.07,1.32846,2.54563,2.65596,1.32617,2.55728,2.65262,1.38794,2.65963,2,1.39507,2.65686,1.99524,-2.03651,1.06277,0,-2.03297,1.05579,0.00136008,-2.1277,1.11036,0,-2.15954,1.04337,-0.0137863
17.08,1.30772,2.55635,2.65596,1.3058,2.56775,2.65264,1.36627,2.67082,2,1.37344,2.66721,1.9951,-2.04508,1.04617,0,-2.04216,1.03891,0.0015178,-2.13666,1.09302,0,-2.16699,1.02574,-0.0133156
17.09,1.2875,2.56659,2.65596,1.28533,2.57806,2.65265,1.34515,2.68152,2,1.35173,2.67738,1.99497,-2.05327,1.03,1.46196e-18,-2.05114,1.02187,0.00165304,-2.14522,1.07612,0,-2.17416,1.008,-0.0128605
17.1,1.26672,2.57691,2.65596,1.26477,2.58819,2.65267,1.32344,2.6923,2,1.32995,2.68737,1.99485,-2.06153,1.01338,0,-2.06,1.00486,0.00179757,-2.15384,1.05876,0,-2.1811,0.990345,-0.0123898
17.11,1.246,2.58699,2.65596,1.24413,2.59815,2.65269,1.30179,2.70284,2,1.30811,2.69719,1.99472,-2.06959,0.996799,0,-2.06864,0.987791,0.00194133,-2.16227,1.04144,0,-2.18776,0.972685,-0.0119144
17.1201,1.22433,2.59732,2.65596,1.2234,2.60795,2.65271,1.27915,2.71363,2,1.2862,2.70683,1.99461,-2.07786,0.979464,0,-2.07715,0.970796,0.00208813,-2.1709,1.02332,0,-2.19419,0.955145,-0.0114315
17.13,1.20421,2.60671,2.65596,1.20259,2.61757,2.65273,1.25814,2.72343,2,1.26423,2.71629,1.9945,-2.08536,0.963372,0,-2.08547,0.953728,0.00222695,-2.17875,1.00651,0,-2.20036,0.937587,-0.010952
17.14,1.18361,2.61612,2.65596,1.18169,2.62702,2.65275,1.23662,2.73327,2,1.24219,2.72558,1.99439,-2.0929,0.946891,0,-2.09362,0.936551,0.00233223,-2.18662,0.989293,0,-2.20626,0.919978,-0.0105003
17.15,1.16254,2.62556,2.65596,1.16071,2.6363,2.65278,1.2146,2.74313,2,1.2201,2.73469,1.99429,-2.10044,0.930035,0,-2.10176,0.91951,0.00243191,-2.1945,0.971681,0,-2.2121,0.90257,-0.01005
17.16,1.14161,2.63472,2.65596,1.13966,2.64541,2.6528,1.19273,2.7527,2,1.19795,2.74363,1.99419,-2.10778,0.913291,1.46196e-18,-2.10983,0.902543,0.00254951,-2.20216,0.954188,0,-2.21781,0.885299,-0.0095791
17.17,1.12031,2.64385,2.65596,1.11852,2.65435,2.65283,1.17048,2.76224,2,1.17574,2.7524,1.99409,-2.11508,0.896252,0,-2.11781,0.885575,0.00267851,-2.20979,0.936386,0,-2.22338,0.868092,-0.00909448
17.18,1.09944,2.6526,2.65596,1.0973,2.66312,2.65286,1.14867,2.77138,2,1.15348,2.76099,1.99401,-2.12208,0.879554,-1.46196e-18,-2.12561,0.868569,0.00282398,-2.2171,0.918939,0,-2.22873,0.85092,-0.00859123
17.19,1.07813,2.66133,2.65596,1.08027,2.67002,2.65288,1.12641,2.7805,2,1.13564,2.76774,1.99394,-2.12906,0.862506,1.46196e-18,-2.13167,0.854904,0.00293194,-2.2244,0.901129,0,-2.23282,0.837177,-0.00819558
17.2001,1.05598,2.6702,2.65596,1.05892,2.67848,2.65291,1.10327,2.78977,2,1.11329,2.77603,1.99386,-2.13616,0.844788,1.46196e-18,-2.13895,0.837819,0.00255601,-2.23181,0.882617,0,-2.23762,0.82007,-0.0082107
17.21,1.03538,2.67825,2.65596,1.03749,2.68677,2.65293,1.08174,2.79818,2,1.09089,2.78414,1.99377,-2.1426,0.828302,0,-2.14617,0.82076,0.00203318,-2.23855,0.865393,0,-2.24229,0.803094,-0.00836219
17.2201,1.01364,2.68656,2.65596,1.016,2.6949,2.65295,1.05903,2.80686,2,1.06844,2.79209,1.99369,-2.14924,0.810913,0,-2.15326,0.803544,0.00161833,-2.24549,0.847225,0,-2.24673,0.786053,-0.00839552
17.2301,0.992352,2.69449,2.65596,0.994428,2.70284,2.65296,1.03679,2.81515,2,1.04595,2.79987,1.99361,-2.15559,0.793881,-7.3098e-19,-2.16036,0.786317,0.00132995,-2.25212,0.829431,0,-2.25111,0.769077,-0.00829785
17.24,0.970812,2.70233,2.65596,0.972789,2.71062,2.65298,1.01428,2.82334,2,1.02342,2.80747,1.99352,-2.16186,0.77665,-7.3098e-19,-2.16742,0.769102,0.00115038,-2.25867,0.811428,0,-2.25541,0.752194,-0.00808759
17.2501,0.948699,2.71017,2.65596,0.951079,2.71823,2.65299,0.991181,2.83153,2,1.00084,2.81491,1.99345,-2.16814,0.758959,7.3098e-19,-2.17449,0.751925,0.00106321,-2.26522,0.792945,0,-2.25967,0.735433,-0.00778142
17.26,0.927288,2.71757,2.65596,0.929299,2.72566,2.653,0.968812,2.83926,2,0.978226,2.82218,1.99337,-2.17406,0.741831,7.3098e-19,-2.18149,0.734702,0.0010589,-2.27141,0.775049,0,-2.26385,0.71871,-0.00739028
17.27,0.905108,2.72504,2.65596,0.90745,2.73292,2.65301,0.945638,2.84706,2,0.955567,2.82928,1.9933,-2.18003,0.724086,0,-2.18836,0.717431,0.00111524,-2.27765,0.75651,0,-2.2679,0.702026,-0.0069365
17.28,0.883915,2.73199,2.65596,0.885533,2.74001,2.65302,0.923497,2.85432,2,0.932868,2.83622,1.99323,-2.18559,0.707132,7.3098e-19,-2.1951,0.700001,0.00121052,-2.28346,0.738797,0,-2.27184,0.685271,-0.00644297
17.2902,0.860954,2.73931,2.65596,0.863549,2.74692,2.65303,0.899507,2.86197,2,0.910131,2.84299,1.99317,-2.19145,0.688763,0,-2.20157,0.682385,0.00133013,-2.28958,0.719606,0,-2.27553,0.66842,-0.00592429
17.3,0.840068,2.74578,2.65596,0.843709,2.75299,2.65304,0.877686,2.86874,2,0.889637,2.84894,1.99312,-2.19663,0.672054,0,-2.20727,0.666544,0.00145848,-2.29499,0.702148,0,-2.27876,0.653339,-0.00543689
17.31,0.81831,2.75235,2.65596,0.821606,2.75957,2.65306,0.854954,2.8756,2,0.866832,2.85539,1.99307,-2.20188,0.654648,0,-2.21343,0.648882,0.00160828,-2.30048,0.683963,0,-2.2822,0.6366,-0.00488774
17.32,0.79588,2.75892,2.65596,0.799442,2.76597,2.65308,0.831519,2.88246,2,0.843993,2.86167,1.99302,-2.20713,0.636704,-7.3098e-19,-2.21935,0.631046,0.00176879,-2.30597,0.665215,0,-2.28542,0.619771,-0.00432551
17.33,0.77408,2.76511,2.65596,0.777219,2.77219,2.6531,0.808743,2.88893,2,0.821124,2.86778,1.99298,-2.21209,0.619264,0,-2.22508,0.61307,0.00194526,-2.31115,0.646995,0,-2.28847,0.602887,-0.00374584
17.34,0.751809,2.77125,2.65596,0.75494,2.77823,2.65312,0.785475,2.89535,2,0.798224,2.87373,1.99294,-2.217,0.601447,0,-2.2308,0.595112,0.00210938,-2.31628,0.62838,0,-2.29156,0.586098,-0.00317768
17.35,0.729402,2.77723,2.65596,0.732603,2.78409,2.65314,0.762065,2.9016,2,0.775293,2.8795,1.99292,-2.22179,0.583522,0,-2.23652,0.577167,0.00226582,-2.32128,0.609652,0,-2.29466,0.569394,-0.00261699
17.36,0.707475,2.7829,2.65596,0.71021,2.78977,2.65316,0.739155,2.90752,2,0.752331,2.88512,1.99289,-2.22632,0.56598,0,-2.24215,0.559182,0.00241555,-2.32601,0.591324,0,-2.29774,0.552717,-0.00206402
17.37,0.685057,2.7885,2.65596,0.687761,2.79527,2.65319,0.715733,2.91337,2,0.729339,2.89056,1.99287,-2.2308,0.548045,7.3098e-19,-2.24754,0.541014,0.00253332,-2.3307,0.572587,0,-2.30064,0.53592,-0.00154507
17.38,0.66293,2.79385,2.65596,0.665259,2.80059,2.65321,0.692616,2.91895,2,0.706318,2.89583,1.99286,-2.23508,0.530344,0,-2.25278,0.5229,0.00264919,-2.33516,0.554093,0,-2.30348,0.519236,-0.00103124
17.39,0.640526,2.79907,2.65596,0.642706,2.80573,2.65324,0.669208,2.92441,2,0.683269,2.90094,1.99285,-2.23925,0.512421,0,-2.25783,0.504816,0.00276859,-2.33953,0.535366,0,-2.30621,0.502635,-0.000517618
17.4,0.617546,2.80423,2.65596,0.620104,2.81069,2.65327,0.6452,2.9298,2,0.660194,2.90589,1.99285,-2.24338,0.494037,-7.3098e-19,-2.26266,0.486633,0.00287605,-2.34384,0.51616,0,-2.30883,0.485983,-2.00977e-05
17.41,0.595644,2.80896,2.65596,0.597453,2.81546,2.6533,0.622316,2.93474,2,0.637093,2.91066,1.99285,-2.24717,0.476515,0,-2.26736,0.468379,0.00296335,-2.3478,0.497853,0,-2.31142,0.469312,0.000453374
17.4202,0.572403,2.81379,2.65596,0.574757,2.82006,2.65333,0.598035,2.93979,2,0.613966,2.91527,1.99286,-2.25103,0.457922,0,-2.27188,0.450054,0.00303322,-2.35183,0.478428,0,-2.31394,0.452618,0.000905761
17.43,0.550765,2.8181,2.65596,0.552016,2.82446,2.65336,0.575428,2.9443,2,0.590814,2.91972,1.99287,-2.25448,0.440612,0,-2.27626,0.431726,0.00309751,-2.35544,0.460342,0,-2.31644,0.435957,0.00134772
17.44,0.528028,2.82245,2.65596,0.529233,2.82869,2.65339,0.551673,2.94884,2,0.567638,2.92399,1.99289,-2.25796,0.422423,0,-2.28046,0.413365,0.00312571,-2.35907,0.441339,0,-2.31887,0.419292,0.00174798
17.45,0.505071,2.82665,2.65596,0.508692,2.83234,2.65342,0.527688,2.95323,2,0.546758,2.9277,1.9929,-2.26132,0.404057,7.3098e-19,-2.28413,0.39681,0.00314432,-2.36258,0.42215,0,-2.32106,0.404286,0.00209548
17.4601,0.482602,2.83057,2.65596,0.485831,2.83621,2.65345,0.504213,2.95732,2,0.523536,2.93166,1.99293,-2.26446,0.386082,0,-2.28799,0.378418,0.00306254,-2.36586,0.40337,0,-2.32341,0.387632,0.00237217
17.47,0.459887,2.83435,2.65596,0.462932,2.8399,2.65348,0.48048,2.96127,2,0.500289,2.93545,1.99295,-2.26748,0.36791,0,-2.29183,0.359989,0.00294652,-2.36902,0.384384,0,-2.32584,0.370964,0.00261027
17.48,0.436959,2.83798,2.65596,0.439995,2.84341,2.65351,0.456526,2.96506,2,0.477019,2.93908,1.99298,-2.27038,0.349567,0,-2.29558,0.34161,0.00285044,-2.37205,0.365221,0,-2.3283,0.354363,0.00286363
17.49,0.41463,2.84133,2.65596,0.417021,2.84674,2.65353,0.433197,2.96856,2,0.453724,2.94254,1.99301,-2.27306,0.331704,-3.6549e-19,-2.2991,0.323238,0.00278126,-2.37485,0.346558,0,-2.33065,0.337777,0.00313666
17.5,0.391708,2.84458,2.65596,0.394013,2.84988,2.65356,0.409248,2.97195,2,0.430406,2.94583,1.99304,-2.27566,0.313366,0,-2.30242,0.304865,0.00273815,-2.37756,0.327398,0,-2.33295,0.321189,0.00342748
17.51,0.368933,2.84762,2.65596,0.373278,2.85255,2.65359,0.385453,2.97513,2,0.4094,2.94866,1.99307,-2.2781,0.295146,0,-2.3053,0.288276,0.0027204,-2.38011,0.308363,0,-2.33504,0.306206,0.00370287
17.5202,0.345564,2.85055,2.65596,0.35021,2.85534,2.65361,0.361038,2.9782,2,0.386037,2.95163,1.99311,-2.28044,0.276451,0,-2.30843,0.2699,0.00265741,-2.38256,0.28883,0,-2.33744,0.289608,0.00395753
17.5301,0.32337,2.85315,2.65596,0.32711,2.85794,2.65364,0.33785,2.98092,2,0.362651,2.95445,1.99315,-2.28252,0.258696,-3.6549e-19,-2.31138,0.251603,0.00260142,-2.38473,0.27028,0,-2.33978,0.273092,0.00421307
17.54,0.300338,2.85567,2.65596,0.303983,2.86037,2.65367,0.313787,2.98354,2,0.339242,2.9571,1.9932,-2.28454,0.24027,0,-2.3142,0.233454,0.00254224,-2.38684,0.251029,0,-2.34212,0.256715,0.00445828
17.5501,0.277328,2.858,2.65596,0.280827,2.86261,2.65369,0.289747,2.98598,2,0.315809,2.95958,1.99324,-2.2864,0.221862,-3.6549e-19,-2.31689,0.215312,0.00249389,-2.38878,0.231797,0,-2.34449,0.240329,0.00470492
17.5601,0.254942,2.86008,2.65596,0.257646,2.86468,2.65372,0.266358,2.98815,2,0.292352,2.9619,1.99329,-2.28806,0.203954,-3.6549e-19,-2.31938,0.197176,0.00246505,-2.39052,0.213087,0,-2.34684,0.223936,0.00496197
17.57,0.232236,2.86201,2.65596,0.23444,2.86656,2.65374,0.242635,2.99017,2,0.268872,2.96406,1.99334,-2.28961,0.185788,1.82745e-19,-2.32171,0.179006,0.00245066,-2.39214,0.194108,0,-2.34918,0.207495,0.00522439
17.5801,0.208758,2.86382,2.65596,0.211212,2.86826,2.65376,0.218106,2.99206,2,0.245368,2.96605,1.9934,-2.29106,0.167006,0,-2.32384,0.160826,0.00245695,-2.39365,0.174485,0,-2.35153,0.191022,0.00549699
17.5901,0.185712,2.86541,2.65596,0.187964,2.86977,2.65379,0.194028,2.99372,2,0.221842,2.96788,1.99345,-2.29233,0.148569,0,-2.32575,0.142615,0.00247472,-2.39498,0.155222,0,-2.35384,0.174488,0.00576934
17.6,0.162928,2.86679,2.65596,0.164698,2.87111,2.65381,0.170224,2.99517,2,0.198292,2.96954,1.99351,-2.29343,0.130343,0,-2.32734,0.12437,0.00250453,-2.39613,0.136179,0,-2.35601,0.15789,0.00604277
17.61,0.139911,2.86801,2.65596,0.141417,2.87226,2.65384,0.146176,2.99644,2,0.174721,2.97104,1.99357,-2.29441,0.111929,1.82745e-19,-2.32874,0.106255,0.00255519,-2.39715,0.116941,0,-2.35819,0.141391,0.00632621
17.62,0.117572,2.86901,2.65596,0.118124,2.87323,2.65387,0.122837,2.99748,2,0.151128,2.97237,1.99364,-2.29521,0.0940577,-9.13725e-20,-2.32996,0.0882234,0.00261693,-2.39799,0.0982696,0,-2.36037,0.124938,0.00660953
17.6301,0.0943299,2.86987,2.65596,0.0948186,2.87403,2.65389,0.0985539,2.99838,2,0.127513,2.97354,1.9937,-2.2959,0.0754639,-9.13725e-20,-2.33105,0.0702827,0.00265968,-2.3987,0.0788432,0,-2.36261,0.10854,0.00686314
17.6401,0.0713147,2.87053,2.65596,0.0715041,2.87464,2.65392,0.0745081,2.99907,2,0.103877,2.97454,1.99377,-2.29643,0.0570517,0,-2.3318,0.0522681,0.00269455,-2.39926,0.0596065,0,-2.36472,0.0920343,0.00709804
17.65,0.0484671,2.87101,2.65596,0.0481837,2.87507,2.65395,0.0506375,2.99957,2,0.0802193,2.97538,1.99385,-2.29681,0.0387737,0,-2.33224,0.03417,0.00272404,-2.39966,0.04051,0,-2.36673,0.0754097,0.00731696
17.66,0.0252437,2.87131,2.65596,0.0248598,2.87532,2.65397,0.0263741,2.99988,2,0.0565419,2.97605,1.99392,-2.29705,0.020195,-2.28431e-20,-2.3325,0.0160771,0.00274463,-2.39991,0.0210993,0,-2.36876,0.0587531,0.007517
17.6701,0.00229409,2.87142,2.65596,0.00153445,2.87539,2.654,0.00239681,3,2,0.0328444,2.97655,1.994,-2.29713,0.00183527,2.85539e-21,-2.33252,-0.0020043,0.00276303,-2.4,0.00191745,0,-2.37073,0.0420682,0.00770569
17.6802,-0.0210783,2.87134,2.65596,-0.0217896,2.87528,2.65403,-0.0220221,2.99992,2,0.0091278,2.97689,1.99407,-2.29707,-0.0168626,2.28431e-20,-2.33223,-0.0200612,0.00277673,-2.39994,-0.0176177,0,-2.37257,0.0253663,0.00788101
17.69,-0.0432537,2.87109,2.65596,-0.0451096,2.87499,2.65406,-0.0451906,2.99966,2,-0.0146071,2.97706,1.99415,-2.29688,-0.034603,-4.56862e-20,-2.33174,-0.038182,0.00276563,-2.39973,-0.0361525,0,-2.3744,0.00855766,0.00802332
17.7,-0.0662302,2.87066,2.65596,-0.0684235,2.87452,2.65408,-0.0691959,2.9992,2,-0.0383599,2.97706,1.99424,-2.29652,-0.0529842,0,-2.33103,-0.0563245,0.00273915,-2.39936,-0.0553568,0,-2.37617,-0.00831209,0.00814369
17.7102,-0.0896142,2.87002,2.65596,-0.0917292,2.87386,2.65411,-0.0936271,2.99854,2,-0.0621301,2.97689,1.99432,-2.29602,-0.0716914,0,-2.33008,-0.0744055,0.00272564,-2.39883,-0.0749017,0,-2.37788,-0.0251646,0.00827036
17.72,-0.112147,2.86923,2.65596,-0.115024,2.87303,2.65414,-0.117169,2.99771,2,-0.0859171,2.97656,1.9944,-2.29538,-0.0897178,-9.13725e-20,-2.32884,-0.092522,0.00272258,-2.39817,-0.0937353,0,-2.37947,-0.0421031,0.00840084
17.73,-0.13514,2.86824,2.65596,-0.138305,2.87201,2.65417,-0.141192,2.99668,2,-0.109719,2.97605,1.99449,-2.29459,-0.108112,0,-2.32738,-0.110692,0.00271693,-2.39734,-0.112953,0,-2.38098,-0.0591415,0.00852398
17.7401,-0.158124,2.86706,2.65596,-0.161571,2.87082,2.65419,-0.165205,2.99545,2,-0.133537,2.97538,1.99457,-2.29365,-0.126499,0,-2.3258,-0.128863,0.00269738,-2.39636,-0.132164,0,-2.38253,-0.0762283,0.0086292
17.75,-0.180947,2.86571,2.65596,-0.18482,2.86944,2.65422,-0.189049,2.99404,2,-0.15737,2.97453,1.99466,-2.29257,-0.144757,0,-2.324,-0.146982,0.00268224,-2.39523,-0.15124,0,-2.38401,-0.0933138,0.00873586
17.76,-0.204308,2.86414,2.65596,-0.208051,2.86788,2.65425,-0.213457,2.9924,2,-0.181217,2.97351,1.99475,-2.29131,-0.163447,0,-2.322,-0.165101,0.00265912,-2.39392,-0.170766,0,-2.38541,-0.110456,0.00883171
17.77,-0.22738,2.8624,2.65596,-0.23126,2.86614,2.65427,-0.237562,2.99058,2,-0.205078,2.97232,1.99483,-2.28992,-0.181904,0,-2.31979,-0.183188,0.00264119,-2.39246,-0.19005,0,-2.38672,-0.127622,0.00893083
17.78,-0.250267,2.86049,2.65596,-0.254446,2.86421,2.6543,-0.261473,2.98858,2,-0.228951,2.97096,1.99492,-2.28839,-0.200213,0,-2.3173,-0.20133,0.00261312,-2.39087,-0.209179,0,-2.38787,-0.144897,0.00902015
17.79,-0.27294,2.85842,2.65596,-0.277605,2.86211,2.65432,-0.285162,2.98642,2,-0.252835,2.96942,1.99501,-2.28673,-0.218352,0,-2.31461,-0.219506,0.00258392,-2.38913,-0.228129,0,-2.38892,-0.162258,0.00910979
17.8,-0.295573,2.85617,2.65596,-0.300737,2.85982,2.65435,-0.308809,2.98406,2,-0.276729,2.96771,1.99511,-2.28493,-0.236458,0,-2.31169,-0.237621,0.00256324,-2.38725,-0.247047,0,-2.38983,-0.179615,0.00921045
17.81,-0.31864,2.85369,2.65596,-0.323838,2.85736,2.65438,-0.332908,2.98147,2,-0.300631,2.96583,1.9952,-2.28295,-0.254912,0,-2.30851,-0.25574,0.00255008,-2.38518,-0.266326,0,-2.39055,-0.197036,0.00932181
17.8203,-0.341747,2.85101,2.65596,-0.346907,2.85471,2.6544,-0.35705,2.97868,2,-0.32454,2.96377,1.99529,-2.28081,-0.273398,3.6549e-19,-2.30534,-0.273728,0.00254139,-2.38294,-0.28564,0,-2.39135,-0.21439,0.00944114
17.83,-0.364055,2.84825,2.65596,-0.369944,2.85188,2.65443,-0.380357,2.97579,2,-0.348457,2.96154,1.99539,-2.2786,-0.291244,3.6549e-19,-2.302,-0.291708,0.00251716,-2.38063,-0.304286,0,-2.39203,-0.231797,0.00955046
17.8401,-0.387004,2.84522,2.65596,-0.392947,2.84887,2.65445,-0.404334,2.97263,2,-0.372381,2.95913,1.99548,-2.27618,-0.309603,0,-2.29852,-0.30965,0.00248709,-2.3781,-0.323467,0,-2.39262,-0.249226,0.00966077
17.85,-0.409658,2.84205,2.65596,-0.415914,2.84569,2.65448,-0.428002,2.96931,2,-0.396309,2.95655,1.99558,-2.27364,-0.327726,3.6549e-19,-2.2948,-0.327562,0.00245779,-2.37545,-0.342401,0,-2.393,-0.266693,0.00977802
17.86,-0.432269,2.8387,2.65596,-0.438842,2.84232,2.6545,-0.451626,2.96581,2,-0.42024,2.9538,1.99568,-2.27096,-0.345815,-3.6549e-19,-2.29093,-0.345498,0.00242742,-2.37265,-0.3613,0,-2.39325,-0.284253,0.00990125
17.87,-0.45503,2.83514,2.65596,-0.461732,2.83878,2.65453,-0.475406,2.96209,2,-0.444173,2.95087,1.99578,-2.26811,-0.364024,-3.6549e-19,-2.28688,-0.363405,0.00240184,-2.36967,-0.380325,0,-2.39335,-0.301853,0.0100375
17.88,-0.477293,2.83147,2.65596,-0.484579,2.83505,2.65455,-0.498666,2.95827,2,-0.468106,2.94776,1.99588,-2.26518,-0.381834,0,-2.28255,-0.381325,0.00238023,-2.36661,-0.398933,0,-2.39317,-0.319538,0.0101863
17.89,-0.500147,2.82753,2.65596,-0.507382,2.83115,2.65457,-0.522543,2.95414,2,-0.492036,2.94448,1.99598,-2.26202,-0.400118,0,-2.27805,-0.39926,0.00235693,-2.36331,-0.418035,0,-2.39281,-0.337313,0.0103423
17.9,-0.52323,2.82335,2.65596,-0.53014,2.82707,2.6546,-0.54666,2.94977,2,-0.508785,2.94207,1.99606,-2.25868,-0.418584,0,-2.27345,-0.417183,0.00232622,-2.35982,-0.437328,0,-2.39248,-0.349799,0.0104523
17.9099,-0.545472,2.81913,2.65596,-0.552851,2.82281,2.65462,-0.569898,2.94537,2,-0.539882,2.93738,1.99619,-2.25531,-0.436378,0,-2.26872,-0.435113,0.0022738,-2.3563,-0.455918,0,-2.39168,-0.373081,0.0106458
17.92,-0.567932,2.81469,2.65596,-0.575514,2.81837,2.65464,-0.593363,2.94073,2,-0.563795,2.93355,1.9963,-2.25176,-0.454345,0,-2.26397,-0.453009,0.00221797,-2.35259,-0.474691,0,-2.39094,-0.391044,0.0107997
17.93,-0.590743,2.81,2.65596,-0.59587,2.81422,2.65466,-0.617196,2.93583,2,-0.58531,2.92996,1.9964,-2.248,-0.472594,0,-2.25961,-0.469069,0.00217536,-2.34866,-0.493757,0,-2.39014,-0.407234,0.010954
17.94,-0.612861,2.80525,2.65596,-0.618442,2.80944,2.65468,-0.640305,2.93087,2,-0.609206,2.9258,1.99651,-2.2442,-0.490289,0,-2.25469,-0.486878,0.0020279,-2.3447,-0.512244,0,-2.3891,-0.425272,0.0110334
17.9501,-0.635908,2.80012,2.65596,-0.640964,2.80448,2.6547,-0.664384,2.92551,2,-0.633092,2.92146,1.99662,-2.2401,-0.508726,-7.3098e-19,-2.24971,-0.504693,0.00183912,-2.34041,-0.531507,0,-2.38791,-0.44338,0.0110845
17.96,-0.658022,2.79501,2.65596,-0.663436,2.79934,2.65472,-0.687488,2.92016,2,-0.656964,2.91693,1.99673,-2.236,-0.526418,0,-2.24464,-0.522463,0.0016869,-2.33613,-0.54999,0,-2.38652,-0.461508,0.0111845
17.97,-0.680073,2.78972,2.65596,-0.685856,2.79403,2.65474,-0.710526,2.91464,2,-0.680821,2.91223,1.99684,-2.23178,-0.544058,0,-2.23947,-0.540194,0.00158896,-2.33172,-0.568421,0,-2.38491,-0.479672,0.011349
17.98,-0.702527,2.78415,2.65596,-0.708225,2.78854,2.65475,-0.733985,2.90883,2,-0.704662,2.90734,1.99696,-2.22732,-0.562021,0,-2.23422,-0.557893,0.00152172,-2.32706,-0.587188,0,-2.38311,-0.49788,0.0115534
17.99,-0.724582,2.77849,2.65596,-0.73054,2.78287,2.65477,-0.757028,2.90291,2,-0.728482,2.90227,1.99707,-2.2228,-0.579665,0,-2.22881,-0.575615,0.00146807,-2.32233,-0.605622,0,-2.38102,-0.516192,0.0117793
18,-0.747072,2.77253,2.65596,-0.7528,2.77703,2.65478,-0.780525,2.89668,2,-0.752281,2.89701,1.99719,-2.21803,-0.597658,0,-2.2232,-0.593345,0.00143003,-2.31735,-0.62442,0,-2.37863,-0.534591,0.0120278
18.01,-0.768816,2.76658,2.65596,-0.775003,2.77101,2.65479,-0.803243,2.89047,2,-0.776054,2.89158,1.99731,-2.21326,-0.615053,7.3098e-19,-2.21737,-0.611058,0.00141519,-2.31237,-0.642595,0,-2.37588,-0.553054,0.0123053
18.02,-0.791023,2.76031,2.65596,-0.797148,2.76481,2.65481,-0.826444,2.88392,2,-0.799798,2.88595,1.99744,-2.20825,-0.632818,-7.3098e-19,-2.21146,-0.62873,0.00141508,-2.30714,-0.661155,0,-2.3729,-0.571555,0.0126025
18.03,-0.813269,2.75384,2.65596,-0.819232,2.75843,2.65482,-0.849687,2.87716,2,-0.823511,2.88015,1.99757,-2.20307,-0.650615,0,-2.20544,-0.64641,0.00142317,-2.30173,-0.679749,0,-2.36969,-0.590145,0.0129117
18.04,-0.835134,2.74729,2.65596,-0.841256,2.75188,2.65484,-0.872531,2.87031,2,-0.84719,2.87415,1.9977,-2.19783,-0.668108,7.3098e-19,-2.19929,-0.664093,0.00142775,-2.29625,-0.698025,0,-2.36618,-0.608818,0.0132196
18.0501,-0.857633,2.74035,2.65596,-0.863218,2.74515,2.65485,-0.896038,2.86306,2,-0.870834,2.86797,1.99783,-2.19228,-0.686107,0,-2.19311,-0.681777,0.0014262,-2.29045,-0.71683,0,-2.36249,-0.627572,0.0135222
18.06,-0.87884,2.73362,2.65596,-0.885118,2.73824,2.65487,-0.918194,2.85603,2,-0.894439,2.8616,1.99797,-2.1869,-0.703072,7.3098e-19,-2.18685,-0.699434,0.00141811,-2.28483,-0.734556,0,-2.35855,-0.646383,0.0138168
18.07,-0.901196,2.72633,2.65596,-0.906955,2.73116,2.65488,-0.941551,2.84842,2,-0.918004,2.85504,1.99811,-2.18107,-0.720957,-7.3098e-19,-2.18049,-0.717015,0.00140508,-2.27873,-0.753241,0,-2.35436,-0.665197,0.014104
18.08,-0.922559,2.71918,2.65596,-0.928727,2.7239,2.65489,-0.963871,2.84094,2,-0.941526,2.84829,1.99825,-2.17534,-0.738047,-7.3098e-19,-2.17399,-0.734587,0.00137638,-2.27275,-0.771097,0,-2.34985,-0.684089,0.0143699
18.09,-0.944537,2.71162,2.65596,-0.950434,2.71647,2.65491,-0.986833,2.83305,2,-0.965,2.84136,1.99839,-2.1693,-0.75563,0,-2.16729,-0.752158,0.0013434,-2.26644,-0.789467,0,-2.34496,-0.703065,0.0146247
18.1,-0.966426,2.7039,2.65596,-0.972072,2.70886,2.65492,-1.0097,2.82498,2,-0.988424,2.83423,1.99854,-2.16312,-0.773141,-7.3098e-19,-2.16043,-0.769632,0.00131333,-2.25998,-0.807762,0,-2.33976,-0.722025,0.0148738
18.11,-0.987587,2.69624,2.65596,-0.993642,2.70108,2.65493,-1.03181,2.81698,2,-1.01179,2.82692,1.99869,-2.15699,-0.79007,0,-2.1536,-0.786988,0.0012973,-2.25358,-0.825449,0,-2.33439,-0.74095,0.0151263
18.12,-1.00935,2.68817,2.65596,-1.00655,2.69632,2.65494,-1.05455,2.80855,2,-1.02579,2.82244,1.99878,-2.15054,-0.807479,7.3098e-19,-2.14953,-0.797398,0.0012838,-2.24684,-0.843638,0,-2.3311,-0.752338,0.0152684
18.13,-1.0306,2.6801,2.65596,-1.0323,2.68663,2.65495,-1.07675,2.80011,2,-1.05372,2.81327,1.99897,-2.14408,-0.824481,0,-2.14145,-0.818011,0.000594144,-2.24009,-0.861401,0,-2.32439,-0.774974,0.0148779
18.1401,-1.05257,2.67154,2.65596,-1.04727,2.68086,2.65496,-1.0997,2.79117,2,-1.06998,2.8078,1.99907,-2.13724,-0.842055,-1.46196e-18,-2.13681,-0.82993,-0.000231305,-2.23294,-0.879762,0,-2.32037,-0.78809,0.014222
18.1501,-1.07378,2.66309,2.65596,-1.07074,2.67163,2.65495,-1.12186,2.78234,2,-1.09547,2.79902,1.99922,-2.13047,-0.859025,0,-2.12945,-0.848614,-0.00183133,-2.22587,-0.897492,0,-2.31377,-0.808667,0.0128814
18.16,-1.09472,2.65455,2.65596,-1.08987,2.66393,2.65492,-1.14374,2.77342,2,-1.11627,2.79167,1.99933,-2.12364,-0.875772,-1.46196e-18,-2.12343,-0.863903,-0.00335327,-2.21874,-0.914989,0,-2.30815,-0.8255,0.0115666
18.17,-1.11628,2.64555,2.65596,-1.11107,2.6552,2.65488,-1.16627,2.76402,2,-1.13932,2.78332,1.99944,-2.11644,-0.893027,0,-2.1167,-0.880988,-0.00471603,-2.21122,-0.933016,0,-2.30165,-0.844289,0.0104267
18.18,-1.13722,2.63662,2.65596,-1.13221,2.64631,2.65483,-1.18814,2.75469,2,-1.1623,2.77478,1.99954,-2.1093,-0.909777,0,-2.10999,-0.898235,-0.00572696,-2.20375,-0.950516,0,-2.29491,-0.863242,0.00962546
18.19,-1.15797,2.62758,2.65596,-1.15327,2.63724,2.65477,-1.20982,2.74524,2,-1.18521,2.76605,1.99963,-2.10206,-0.926376,-1.46196e-18,-2.10323,-0.915546,-0.0064741,-2.19619,-0.967859,0,-2.28788,-0.882263,0.00907237
18.2001,-1.17939,2.61803,2.65596,-1.17427,2.62799,2.6547,-1.2322,2.73527,2,-1.20806,2.75714,1.99972,-2.09443,-0.94351,0,-2.09641,-0.932851,-0.00696063,-2.18821,-0.98576,0,-2.28056,-0.901296,0.00875981
18.21,-1.19993,2.60868,2.65596,-1.1952,2.61858,2.65463,-1.25366,2.7255,2,-1.23082,2.74803,1.99981,-2.08695,-0.959941,1.46196e-18,-2.08948,-0.950202,-0.00723055,-2.1804,-1.00293,0,-2.27292,-0.920407,0.00863911
18.22,-1.22067,2.59904,2.65596,-1.21606,2.60899,2.65456,-1.27534,2.71542,2,-1.25351,2.73873,1.99989,-2.07923,-0.97654,0,-2.08234,-0.967538,-0.00750395,-2.17234,-1.02027,0,-2.26489,-0.939534,0.00848894
18.23,-1.24142,2.58919,2.65596,-1.23685,2.59923,2.65448,-1.29701,2.70514,2,-1.27612,2.72924,1.99998,-2.07135,-0.993139,1.46196e-18,-2.07512,-0.984827,-0.00773496,-2.16411,-1.03761,0,-2.25658,-0.958655,0.00835239
18.24,-1.26293,2.57877,2.65596,-1.25549,2.59029,2.65441,-1.31948,2.69425,2,-1.2964,2.72053,2.00005,-2.06302,-1.01034,-1.46196e-18,-2.06848,-1.0004,-0.00784658,-2.1554,-1.05559,0,-2.24882,-0.97592,0.00829836
18.25,-1.28252,2.56908,2.65596,-1.27614,2.5802,2.65433,-1.33995,2.68412,2,-1.31884,2.71068,2.00013,-2.05527,-1.02602,0,-2.06115,-1.01771,-0.00793641,-2.1473,-1.07196,0,-2.24008,-0.995148,0.00824107
18.26,-1.30317,2.55867,2.65596,-1.29672,2.56994,2.65425,-1.36152,2.67325,2,-1.3412,2.70063,2.00021,-2.04694,-1.04254,0,-2.0537,-1.03486,-0.00865573,-2.1386,-1.08922,0,-2.23105,-1.01423,0.0075276
18.27,-1.3239,2.548,2.65596,-1.31722,2.55951,2.65416,-1.38319,2.6621,2,-1.36346,2.69039,2.00028,-2.0384,-1.05912,0,-2.04612,-1.05196,-0.00958952,-2.12968,-1.10655,0,-2.22173,-1.03329,0.00656793
18.28,-1.34388,2.53752,2.65596,-1.33764,2.5489,2.65406,-1.40406,2.65115,2,-1.38563,2.67996,2.00035,-2.03002,-1.07511,0,-2.03847,-1.06905,-0.010457,-2.12092,-1.12325,0,-2.21219,-1.05239,0.00563671
18.29,-1.36444,2.52653,2.65596,-1.35799,2.53813,2.65395,-1.42554,2.63966,2,-1.4077,2.66934,2.0004,-2.02122,-1.09156,-1.46196e-18,-2.03073,-1.08618,-0.0112052,-2.11173,-1.14043,0,-2.20241,-1.07158,0.00478658
18.3,-1.38465,2.51551,2.65596,-1.37825,2.52718,2.65383,-1.44665,2.62816,2,-1.42968,2.65853,2.00044,-2.01241,-1.10772,1.46196e-18,-2.0228,-1.10325,-0.0119201,-2.10253,-1.15732,0,-2.19232,-1.09077,0.00393077
18.3102,-1.40473,2.50435,2.65596,-1.39844,2.51606,2.65371,-1.46763,2.6165,2,-1.45155,2.64753,2.00048,-2.00348,-1.12378,-1.46196e-18,-2.01475,-1.12026,-0.0127119,-2.0932,-1.17411,0,-2.18198,-1.10995,0.00295795
18.32,-1.42459,2.49311,2.65596,-1.41855,2.50477,2.65358,-1.48839,2.60475,2,-1.47332,2.63633,2.0005,-1.99449,-1.13968,0,-2.00659,-1.13709,-0.0142684,-2.0838,-1.19071,0,-2.17143,-1.12901,0.00118424
18.33,-1.44445,2.48165,2.65596,-1.43857,2.49332,2.65342,-1.50913,2.59278,2,-1.49498,2.62495,2.0005,-1.98532,-1.15556,0,-1.99834,-1.15384,-0.0160372,-2.07422,-1.20731,0,-2.16069,-1.14803,-0.00084168
18.34,-1.46402,2.47016,2.65596,-1.45851,2.4817,2.65326,-1.52958,2.58077,2,-1.51653,2.61337,2.00048,-1.97613,-1.17122,-1.46196e-18,-1.98991,-1.17063,-0.0170589,-2.06462,-1.22367,0,-2.14966,-1.16719,-0.00216811
18.35,-1.4839,2.45827,2.65596,-1.47837,2.46991,2.65309,-1.55035,2.56835,2,-1.53797,2.6016,2.00046,-1.96662,-1.18712,0,-1.98133,-1.18751,-0.0169498,-2.05468,-1.24028,0,-2.13836,-1.18654,-0.00241482
18.36,-1.50354,2.44631,2.65596,-1.49814,2.45795,2.65292,-1.57087,2.55585,2,-1.5593,2.58964,2.00043,-1.95705,-1.20283,0,-1.97261,-1.20428,-0.0168155,-2.04468,-1.25669,0,-2.12683,-1.20586,-0.00267957
18.37,-1.52294,2.43428,2.65596,-1.51782,2.44582,2.65275,-1.59114,2.54328,2,-1.58051,2.57749,2.0004,-1.94742,-1.21835,0,-1.96385,-1.22075,-0.0180069,-2.03463,-1.27291,0,-2.11525,-1.22492,-0.00430195
18.38,-1.5424,2.42199,2.65596,-1.53742,2.43353,2.65256,-1.61147,2.53045,2,-1.6016,2.56514,2.00035,-1.93759,-1.23392,0,-1.95499,-1.23685,-0.0206085,-2.02436,-1.28917,0,-2.10355,-1.24366,-0.0073639
18.39,-1.56176,2.40955,2.65596,-1.55692,2.42109,2.65233,-1.6317,2.51745,2,-1.62258,2.55261,2.00025,-1.92764,-1.24941,-1.46196e-18,-1.94605,-1.25272,-0.0238835,-2.01396,-1.30536,0,-2.09173,-1.26223,-0.0111331
18.4,-1.581,2.39698,2.65596,-1.57634,2.40848,2.65208,-1.65179,2.50431,2,-1.64343,2.5399,2.00012,-1.91758,-1.2648,0,-1.93698,-1.26848,-0.0272337,-2.00345,-1.32143,0,-2.07976,-1.28077,-0.0150148
18.41,-1.60004,2.38431,2.65596,-1.59566,2.39572,2.65177,-1.67169,2.49108,2,-1.66417,2.527,1.99994,-1.90745,-1.28003,1.46196e-18,-1.92806,-1.28363,-0.0337969,-1.99286,-1.33735,0,-2.06801,-1.29867,-0.0221169
18.42,-1.61903,2.37145,2.65596,-1.6149,2.38281,2.65141,-1.69153,2.47764,2,-1.68479,2.51392,1.99968,-1.89716,-1.29523,1.46196e-18,-1.91888,-1.29892,-0.0388162,-1.98212,-1.35323,0,-2.05592,-1.31684,-0.0277244
18.43,-1.63785,2.3585,2.65596,-1.63404,2.36974,2.65102,-1.71119,2.46411,2,-1.70529,2.50066,1.9994,-1.8868,-1.31028,-1.46196e-18,-1.90912,-1.31513,-0.0375497,-1.97129,-1.36895,0,-2.04303,-1.3362,-0.0271416
18.4402,-1.65726,2.34489,2.65596,-1.65308,2.3565,2.65066,-1.73147,2.4499,2,-1.72565,2.4872,1.99915,-1.87592,-1.32581,0,-1.89907,-1.33159,-0.0339006,-1.95992,-1.38518,0,-2.02975,-1.35597,-0.024235
18.45,-1.67577,2.3317,2.65596,-1.66824,2.3458,2.65037,-1.75081,2.43611,2,-1.74185,2.47629,1.99893,-1.86536,-1.34062,0,-1.8916,-1.34306,-0.040261,-1.94889,-1.40065,0,-2.01999,-1.36985,-0.0311202
18.46,-1.69406,2.31845,2.65596,-1.68711,2.3323,2.64991,-1.76992,2.42227,2,-1.76199,2.46251,1.99856,-1.85476,-1.35525,2.92392e-18,-1.88219,-1.35704,-0.0497135,-1.93781,-1.41594,0,-2.00775,-1.38686,-0.0412391
18.47,-1.7126,2.30479,2.65596,-1.70588,2.31865,2.64944,-1.78929,2.40799,2,-1.782,2.44854,1.99817,-1.84383,-1.37008,-1.46196e-18,-1.87106,-1.37395,-0.0404443,-1.92639,-1.43143,0,-1.99321,-1.4075,-0.0328598
18.48,-1.73118,2.29086,2.65596,-1.72453,2.30481,2.64919,-1.80871,2.39345,2,-1.80185,2.43435,1.99799,-1.83269,-1.38495,0,-1.85786,-1.39469,-0.00698602,-1.91476,-1.44696,0,-1.97584,-1.4329,-0.000577628
18.49,-1.74908,2.27723,2.65596,-1.74304,2.29076,2.64929,-1.8274,2.3792,2,-1.82152,2.41989,1.99815,-1.82178,-1.39926,1.46196e-18,-1.8449,-1.41448,0.0216009,-1.90336,-1.46192,0,-1.9589,-1.45724,0.0268608
18.5,-1.76746,2.26299,2.65596,-1.76143,2.27653,2.64955,-1.84661,2.36432,2,-1.84103,2.40521,1.99846,-1.81039,-1.41397,-1.46196e-18,-1.83347,-1.43114,0.031293,-1.89146,-1.47729,0,-1.94409,-1.4778,0.0355955
18.51,-1.78549,2.24879,2.65596,-1.7797,2.26214,2.64994,-1.86544,2.34949,2,-1.86039,2.39033,1.99888,-1.79903,-1.42839,2.92392e-18,-1.82156,-1.44829,0.0445444,-1.87959,-1.49235,0,-1.92868,-1.49895,0.0478453
18.52,-1.80382,2.23412,2.65596,-1.79786,2.24757,2.65042,-1.8846,2.33416,2,-1.87961,2.37524,1.99939,-1.78729,-1.44306,0,-1.81007,-1.46426,0.0508113,-1.86733,-1.50768,0,-1.91389,-1.51865,0.0531825
18.53,-1.82128,2.2199,2.65596,-1.81591,2.23286,2.6509,-1.90284,2.31931,2,-1.89868,2.35997,1.99989,-1.77592,-1.45703,0,-1.7996,-1.47806,0.0444684,-1.85545,-1.52227,0,-1.90056,-1.53578,0.0460347
18.54,-1.8389,2.20533,2.65596,-1.83385,2.21801,2.65131,-1.92125,2.30409,2,-1.91762,2.34453,2.00032,-1.76427,-1.47112,0,-1.78896,-1.49158,0.0374752,-1.84327,-1.537,0,-1.8871,-1.55267,0.0382313
18.5501,-1.85678,2.1903,2.65596,-1.85169,2.20303,2.65165,-1.93992,2.28838,2,-1.93642,2.32891,2.00066,-1.75224,-1.48542,-1.46196e-18,-1.77811,-1.50507,0.0309417,-1.83071,-1.55194,0,-1.87346,-1.56958,0.0308766
18.56,-1.87399,2.17559,2.65596,-1.86941,2.18791,2.65193,-1.95791,2.27302,2,-1.95509,2.31313,2.00094,-1.74048,-1.49919,0,-1.76705,-1.51852,0.0253013,-1.81841,-1.56633,0,-1.85965,-1.58655,0.0244007
18.57,-1.8915,2.16039,2.65596,-1.88703,2.17266,2.65216,-1.9762,2.25713,2,-1.97361,2.29718,2.00115,-1.72831,-1.5132,0,-1.75576,-1.532,0.0206596,-1.8057,-1.58096,0,-1.84563,-1.60364,0.0189101
18.58,-1.90885,2.14507,2.65596,-1.90453,2.15727,2.65235,-1.99433,2.24113,2,-1.992,2.28106,2.00132,-1.71606,-1.52708,0,-1.74416,-1.54545,0.0168058,-1.7929,-1.59546,0,-1.83135,-1.62076,0.0141988
18.59,-1.92559,2.13006,2.65596,-1.92191,2.14175,2.6525,-2.01181,2.22545,2,-2.01024,2.26477,2.00144,-1.70405,-1.54047,1.46196e-18,-1.73229,-1.55879,0.0136393,-1.78036,-1.60945,0,-1.81685,-1.63786,0.0101703
18.6001,-1.94294,2.11425,2.65596,-1.93917,2.12609,2.65262,-2.02994,2.20892,2,-2.02833,2.2483,2.00152,-1.6914,-1.55435,-1.46196e-18,-1.72027,-1.57207,0.0110194,-1.76714,-1.62395,0,-1.80225,-1.65497,0.00668631
18.61,-1.95944,2.09896,2.65596,-1.95632,2.11031,2.65272,-2.04719,2.19295,2,-2.04628,2.23167,2.00157,-1.67917,-1.56756,-1.46196e-18,-1.7081,-1.58522,0.00885368,-1.75436,-1.63775,0,-1.78758,-1.67203,0.00365737
18.62,-1.97626,2.08313,2.65596,-1.97333,2.09439,2.6528,-2.06475,2.17642,2,-2.06408,2.21486,2.0016,-1.66651,-1.58101,0,-1.69569,-1.59826,0.00703893,-1.74113,-1.6518,0,-1.77274,-1.68902,0.000985765
18.63,-1.99279,2.06732,2.65596,-1.99023,2.07834,2.65287,-2.08203,2.1599,2,-2.08174,2.19789,2.00159,-1.65386,-1.59423,0,-1.68306,-1.61113,0.00550133,-1.72792,-1.66562,0,-1.75778,-1.70591,-0.00139897
18.64,-2.00935,2.05124,2.65596,-2.00699,2.06217,2.65291,-2.09932,2.14309,2,-2.09924,2.18075,2.00157,-1.64099,-1.60748,-2.92392e-18,-1.67014,-1.62377,0.00418889,-1.71447,-1.67946,0,-1.74262,-1.72265,-0.0035494
18.65,-2.02572,2.03507,2.65596,-2.02363,2.04587,2.65295,-2.11643,2.1262,2,-2.11659,2.16344,2.00152,-1.62806,-1.62058,1.46196e-18,-1.65694,-1.63616,0.00306203,-1.70096,-1.69314,0,-1.72726,-1.73922,-0.00550334
18.66,-2.04189,2.01884,2.65596,-2.04013,2.02945,2.65298,-2.13333,2.10925,2,-2.13378,2.14596,2.00146,-1.61508,-1.63351,1.46196e-18,-1.64347,-1.64839,0.00208372,-1.6874,-1.70666,0,-1.71176,-1.7557,-0.00729294
18.6701,-2.05818,2.00224,2.65596,-2.0565,2.0129,2.65299,-2.15034,2.0919,2,-2.15082,2.12832,2.00138,-1.60179,-1.64654,-1.46196e-18,-1.62978,-1.66041,0.00118391,-1.67352,-1.72027,0,-1.69612,-1.77203,-0.00898428
18.68,-2.07372,1.98614,2.65596,-2.07273,1.99624,2.653,-2.16658,2.07508,2,-2.16771,2.11052,2.00128,-1.58891,-1.65897,0,-1.61585,-1.67215,0.00037856,-1.66006,-1.73326,0,-1.68037,-1.78818,-0.0105658
18.69,-2.08966,1.96935,2.65596,-2.08882,1.97946,2.653,-2.18324,2.05754,2,-2.18443,2.09256,2.00117,-1.57548,-1.67173,-1.46196e-18,-1.60168,-1.68359,-0.00032416,-1.64603,-1.74659,0,-1.66447,-1.80415,-0.0120326
18.7,-2.10543,1.95249,2.65596,-2.10476,1.96257,2.65299,-2.19971,2.03992,2,-2.201,2.07444,2.00104,-1.56199,-1.68435,0,-1.58726,-1.69471,-0.000921712,-1.63193,-1.75977,0,-1.64843,-1.81993,-0.013381
18.7101,-2.12127,1.93527,2.65596,-2.11899,1.94727,2.65298,-2.21626,2.02193,2,-2.21577,2.058,2.00091,-1.54822,-1.69701,1.46196e-18,-1.57407,-1.70432,-0.0015588,-1.61755,-1.77301,0,-1.63388,-1.83388,-0.014681
18.72,-2.13647,1.91847,2.65596,-2.13153,1.9336,2.65297,-2.23214,2.00438,2,-2.22878,2.04328,2.00079,-1.53478,-1.70918,1.46196e-18,-1.56217,-1.71253,-0.00213182,-1.6035,-1.78572,0,-1.62084,-1.8461,-0.0158436
18.73,-2.15171,1.90137,2.65596,-2.14708,1.91643,2.65294,-2.24806,1.98651,2,-2.24491,2.02474,2.00063,-1.5211,-1.72137,-1.46196e-18,-1.54715,-1.72239,-0.00267939,-1.58921,-1.79845,0,-1.60447,-1.86127,-0.0171417
18.74,-2.16678,1.88418,2.65596,-2.16247,1.89916,2.65291,-2.26381,1.96855,2,-2.26087,2.00605,2.00045,-1.50734,-1.73342,0,-1.532,-1.73171,-0.00332866,-1.57484,-1.81105,0,-1.58805,-1.87624,-0.0185545
18.75,-2.18204,1.86648,2.65596,-2.17772,1.8818,2.65288,-2.27975,1.95006,2,-2.27667,1.98721,2.00026,-1.49319,-1.74563,1.46196e-18,-1.51668,-1.74028,-0.00383556,-1.56005,-1.8238,0,-1.57158,-1.89098,-0.0198541
18.76,-2.19653,1.84941,2.65596,-2.19281,1.86436,2.65284,-2.29489,1.93222,2,-2.2923,1.96823,2.00005,-1.47953,-1.75722,0,-1.50122,-1.7478,-0.00423479,-1.54578,-1.83591,0,-1.55504,-1.90544,-0.0211162
18.77,-2.21165,1.83129,2.65596,-2.20774,1.84684,2.65279,-2.31069,1.9133,2,-2.30315,1.95486,1.9999,-1.46504,-1.76932,1.46196e-18,-1.48571,-1.75407,-0.00459845,-1.53064,-1.84855,0,-1.54348,-1.9154,-0.0220762
18.78,-2.22623,1.81355,2.65596,-2.21958,1.8328,2.65276,-2.32592,1.89476,2,-2.32003,1.9337,1.99965,-1.45084,-1.78098,0,-1.47313,-1.75808,-0.00441079,-1.51581,-1.86073,0,-1.52509,-1.93084,-0.0231117
18.79,-2.2405,1.79589,2.65596,-2.23423,1.81519,2.65272,-2.34082,1.87631,2,-2.33519,1.91433,1.99942,-1.43671,-1.7924,0,-1.45726,-1.76187,-0.00384143,-1.50105,-1.87266,0,-1.50826,-1.94464,-0.0236939
18.8002,-2.25501,1.77763,2.65596,-2.24872,1.79756,2.65268,-2.35599,1.85723,2,-2.35019,1.89481,1.99918,-1.42211,-1.80401,0,-1.44116,-1.76411,-0.00289514,-1.48579,-1.88479,0,-1.49134,-1.95814,-0.0239778
18.81,-2.26875,1.76006,2.65596,-2.26305,1.77992,2.65266,-2.37035,1.83887,2,-2.36502,1.87517,1.99894,-1.40805,-1.815,0,-1.42455,-1.7648,-0.00148865,-1.4711,-1.89628,0,-1.47426,-1.97132,-0.023825
18.82,-2.28292,1.74165,2.65596,-2.27721,1.76227,2.65265,-2.38514,1.81964,2,-2.37968,1.85539,1.9987,-1.39332,-1.82633,-1.46196e-18,-1.40727,-1.7641,1.52669e-05,-1.45571,-1.90811,0,-1.45716,-1.98424,-0.0235125
18.83,-2.29671,1.72342,2.65596,-2.29119,1.74464,2.65266,-2.39955,1.8006,2,-2.39416,1.83548,1.99847,-1.37874,-1.83737,0,-1.38897,-1.76206,0.00126802,-1.44048,-1.91964,0,-1.43999,-1.99678,-0.0232958
18.84,-2.31056,1.70481,2.65596,-2.30499,1.72703,2.65268,-2.41402,1.78115,2,-2.40848,1.81545,1.99824,-1.36385,-1.84844,0,-1.36945,-1.7588,0.0024833,-1.42492,-1.93122,0,-1.42276,-2.00895,-0.0228818
18.8501,-2.32434,1.68597,2.65596,-2.31858,1.70947,2.65271,-2.42842,1.76146,2,-2.42262,1.7953,1.99801,-1.34877,-1.85947,1.46196e-18,-1.34832,-1.75462,0.00371113,-1.40917,-1.94274,0,-1.40539,-2.02081,-0.0221214
18.86,-2.33766,1.66745,2.65596,-2.32929,1.69545,2.65274,-2.44234,1.74212,2,-2.43658,1.77504,1.9978,-1.33396,-1.87013,0,-1.33013,-1.75075,0.00453306,-1.3937,-1.95387,0,-1.38789,-2.0323,-0.0211369
18.8701,-2.35124,1.64824,2.65596,-2.34508,1.67447,2.6528,-2.45653,1.72205,2,-2.45037,1.75466,1.99759,-1.31859,-1.881,0,-1.30036,-1.74444,0.00546193,-1.37764,-1.96522,0,-1.37018,-2.04336,-0.0198997
18.88,-2.36408,1.62977,2.65596,-2.35795,1.65706,2.65286,-2.46995,1.70275,2,-2.46399,1.73417,1.9974,-1.30382,-1.89127,0,-1.27315,-1.73907,0.00579708,-1.3622,-1.97596,0,-1.35235,-2.05397,-0.0184379
18.89,-2.3771,1.61073,2.65596,-2.36553,1.64663,2.6529,-2.48354,1.68286,2,-2.47207,1.72183,1.99729,-1.28858,-1.90168,-1.46196e-18,-1.25555,-1.73594,0.00612424,-1.34629,-1.98684,0,-1.34151,-2.06018,-0.017099
18.9001,-2.38984,1.59176,2.65596,-2.38159,1.62411,2.65298,-2.49686,1.66304,2,-2.48935,1.69496,1.9971,-1.27341,-1.91188,0,-1.21381,-1.72983,0.00761937,-1.33043,-1.99749,0,-1.31748,-2.07319,-0.0124395
18.91,-2.40231,1.57288,2.65596,-2.39355,1.60682,2.65306,-2.50989,1.64331,2,-2.50243,1.67418,1.99699,-1.2583,-1.92185,0,-1.17886,-1.72685,0.00797197,-1.31465,-2.00791,0,-1.29885,-2.08266,-0.00864543
18.9201,-2.41492,1.55344,2.65596,-2.40516,1.58956,2.65314,-2.52306,1.62301,2,-2.51533,1.65331,1.99693,-1.24276,-1.93194,0,-1.14173,-1.72617,0.00736677,-1.29841,-2.01845,0,-1.28016,-2.0917,-0.00490327
18.93,-2.42711,1.53434,2.65596,-2.41638,1.57229,2.65321,-2.53579,1.60305,2,-2.52804,1.63235,1.9969,-1.22747,-1.94169,1.46196e-18,-1.10221,-1.72816,0.00608889,-1.28244,-2.02863,0,-1.26128,-2.10027,-0.000900936
18.94,-2.43935,1.5148,2.65596,-2.4272,1.55499,2.65326,-2.54858,1.58263,2,-2.54055,1.61131,1.99691,-1.21184,-1.95148,-1.46196e-18,-1.06032,-1.73329,0.00450696,-1.26611,-2.03887,0,-1.24211,-2.10836,0.00372048
18.95,-2.45145,1.49513,2.65596,-2.43758,1.53761,2.6533,-2.56123,1.56209,2,-2.55288,1.59018,1.99697,-1.19611,-1.96116,1.46196e-18,-1.01672,-1.74203,0.00233821,-1.24967,-2.04898,0,-1.22268,-2.11593,0.00857091
18.96,-2.46324,1.47563,2.65596,-2.44753,1.52013,2.65331,-2.57355,1.54171,2,-2.56501,1.56899,1.99708,-1.1805,-1.97059,0,-0.972031,-1.75465,-0.000704149,-1.23337,-2.05884,0,-1.203,-2.12287,0.0132307
18.9701,-2.47499,1.45583,2.65596,-2.45702,1.50251,2.65328,-2.58582,1.52102,2,-2.57694,1.54773,1.99724,-1.16467,-1.98,-1.46196e-18,-0.926156,-1.77153,-0.00404528,-1.21682,-2.06866,0,-1.18294,-2.12929,0.0182323
18.98,-2.48651,1.43607,2.65596,-2.46605,1.48469,2.65322,-2.59786,1.50038,2,-2.58866,1.52641,1.99745,-1.14886,-1.98921,0,-0.879451,-1.79252,-0.00775168,-1.2003,-2.07829,0,-1.16237,-2.13506,0.0233593
18.99,-2.49798,1.41603,2.65596,-2.47461,1.46664,2.65313,-2.60984,1.47944,2,-2.60018,1.50503,1.99771,-1.13283,-1.99838,1.46196e-18,-0.833244,-1.81761,-0.0117274,-1.18355,-2.08787,0,-1.14148,-2.14031,0.028428
19,-2.50935,1.39578,2.65596,-2.48271,1.44832,2.653,-2.62172,1.45828,2,-2.61149,1.4836,1.99802,-1.11662,-2.00748,-1.46196e-18,-0.786479,-1.84829,-0.010619,-1.16662,-2.09738,0,-1.11915,-2.14535,0.038788
19.0101,-2.52045,1.37563,2.65596,-2.49031,1.42964,2.653,-2.63332,1.43723,2,-2.62255,1.46212,1.99857,-1.1005,-2.01636,0,-0.735294,-1.8868,0.00841835,-1.14978,-2.10666,0,-1.09265,-2.15082,0.0675223
19.02,-2.53128,1.35561,2.65596,-2.49747,1.41062,2.65309,-2.64463,1.41631,2,-2.63336,1.44059,1.99929,-1.08449,-2.02502,1.46196e-18,-0.695752,-1.91614,0.0114061,-1.13305,-2.1157,0,-1.06918,-2.15496,0.0780768
19.03,-2.54194,1.33552,2.65596,-2.50423,1.39133,2.65328,-2.65576,1.39532,2,-2.64392,1.41902,2.00018,-1.06842,-2.03355,0,-0.655845,-1.94176,0.0301637,-1.11626,-2.12461,0,-1.04193,-2.15937,0.103519
19.04,-2.55292,1.31441,2.65596,-2.51058,1.37181,2.65377,-2.66723,1.37327,2,-2.65418,1.3974,2.00143,-1.05153,-2.04233,0,-0.614722,-1.96053,0.0719574,-1.09861,-2.13379,0,-1.00924,-2.16422,0.150813
19.0503,-2.56336,1.29392,2.65596,-2.51652,1.35216,2.6548,-2.67815,1.35186,2,-2.66408,1.37573,2.00327,-1.03513,-2.05069,0,-0.574337,-1.96756,0.136895,-1.08149,-2.14252,0,-0.970989,-2.16948,0.219424
19.06,-2.57335,1.27395,2.65596,-2.52208,1.33252,2.65658,-2.68858,1.33099,2,-2.67358,1.35401,2.00589,-1.01916,-2.05868,0,-0.536889,-1.95814,0.224289,-1.0648,-2.15086,0,-0.927143,-2.175,0.307989
19.07,-2.58368,1.25287,2.65596,-2.52729,1.31305,2.65928,-2.69937,1.30897,2,-2.68263,1.33224,2.00942,-1.00229,-2.06694,0,-0.508112,-1.93357,0.307156,-1.04717,-2.1595,0,-0.883834,-2.17982,0.389695
19.08,-2.59344,1.23252,2.65596,-2.53228,1.29385,2.66256,-2.70958,1.28771,2,-2.69129,1.31042,2.01351,-0.986013,-2.07476,0,-0.491027,-1.90761,0.343079,-1.03017,-2.16766,0,-0.850885,-2.18265,0.42422
19.0901,-2.60322,1.21172,2.65596,-2.53664,1.27677,2.66574,-2.7198,1.26598,2,-2.69883,1.29077,2.01742,-0.969377,-2.08258,1.46196e-18,-0.479845,-1.88729,0.360528,-1.01279,-2.17584,0,-0.824283,-2.18434,0.440281
19.1,-2.61276,1.19103,2.65596,-2.5414,1.25798,2.66936,-2.72975,1.24436,2,-2.70694,1.26892,2.02183,-0.952824,-2.09021,0,-0.470968,-1.87301,0.362604,-0.995491,-2.1838,0,-0.798456,-2.18535,0.441051
19.11,-2.62226,1.16996,2.65596,-2.54607,1.2393,2.673,-2.73968,1.22235,2,-2.7148,1.24706,2.02624,-0.935969,-2.09781,0,-0.464027,-1.86366,0.365205,-0.977881,-2.19175,0,-0.77215,-2.18584,0.44172
19.12,-2.63161,1.14878,2.65596,-2.55069,1.2207,2.67662,-2.74945,1.20023,2,-2.72239,1.22521,2.03062,-0.919027,-2.10528,0,-0.460657,-1.85663,0.358322,-0.96018,-2.19956,0,-0.748046,-2.18574,0.432412
19.13,-2.64067,1.1278,2.65596,-2.5553,1.20216,2.68014,-2.75892,1.1783,2,-2.72758,1.20991,2.03361,-0.902236,-2.11253,0,-0.461142,-1.85088,0.342849,-0.942638,-2.20713,0,-0.732444,-2.18539,0.42024
19.1401,-2.64965,1.10653,2.65596,-2.55992,1.18368,2.68347,-2.7683,1.15608,2,-2.73692,1.1815,2.03889,-0.885222,-2.11972,-1.46196e-18,-0.464861,-1.84642,0.323957,-0.924862,-2.21464,0,-0.704875,-2.18416,0.390999
19.15,-2.65816,1.08593,2.65596,-2.5646,1.16523,2.68661,-2.77719,1.13456,2,-2.74386,1.15967,2.04267,-0.868747,-2.12653,0,-0.471303,-1.84347,0.302881,-0.907649,-2.22175,0,-0.684277,-2.18275,0.365098
19.1601,-2.667,1.06404,2.65596,-2.56936,1.1468,2.68953,-2.78642,1.11169,2,-2.7506,1.13785,2.04619,-0.851234,-2.1336,0,-0.48059,-1.8421,0.28194,-0.889352,-2.22914,0,-0.663687,-2.18091,0.338236
19.17,-2.6752,1.04324,2.65596,-2.57422,1.12838,2.69225,-2.79499,1.08996,2,-2.75714,1.11605,2.04944,-0.834593,-2.14016,-7.3098e-19,-0.492913,-1.84249,0.262548,-0.871966,-2.236,0,-0.642785,-2.17865,0.31164
19.18,-2.68357,1.02151,2.65596,-2.57923,1.10994,2.69478,-2.80374,1.06726,2,-2.76346,1.09428,2.05242,-0.81721,-2.14686,0,-0.508305,-1.84495,0.244512,-0.853805,-2.24299,0,-0.6217,-2.17602,0.285107
19.19,-2.69169,0.999914,2.65596,-2.5844,1.09147,2.69715,-2.81223,1.04469,2,-2.76957,1.07253,2.05514,-0.799931,-2.15336,0,-0.52674,-1.84981,0.228211,-0.835752,-2.24978,0,-0.600401,-2.17297,0.258988
19.2,-2.69959,0.978395,2.65596,-2.58977,1.07294,2.69935,-2.82048,1.02221,2,-2.77547,1.05082,2.0576,-0.782716,-2.15967,7.3098e-19,-0.547745,-1.8574,0.213268,-0.817766,-2.25638,0,-0.578961,-2.16951,0.233057
19.21,-2.70724,0.957032,2.65596,-2.59536,1.05431,2.70141,-2.82847,0.999887,2,-2.78115,1.02914,2.0598,-0.765625,-2.16579,0,-0.570754,-1.86804,0.199292,-0.79991,-2.26277,0,-0.55751,-2.16577,0.207137
19.22,-2.71513,0.934406,2.65596,-2.60119,1.03557,2.70334,-2.83671,0.976248,2,-2.78662,1.00751,2.06174,-0.747525,-2.1721,7.3098e-19,-0.595307,-1.88191,0.186403,-0.780999,-2.26937,0,-0.536028,-2.16171,0.181509
19.23,-2.72249,0.91274,2.65596,-2.60727,1.01666,2.70515,-2.8444,0.953612,2,-2.79187,0.985911,2.06343,-0.730192,-2.17799,-7.3098e-19,-0.6209,-1.89911,0.174525,-0.76289,-2.27552,0,-0.514549,-2.15735,0.156307
19.24,-2.72964,0.891133,2.65596,-2.61361,0.997574,2.70684,-2.85187,0.931037,2,-2.79691,0.964361,2.06487,-0.712906,-2.18371,-7.3098e-19,-0.647004,-1.91969,0.163606,-0.74483,-2.2815,0,-0.493071,-2.15267,0.131708
19.2501,-2.7368,0.868882,2.65596,-2.62021,0.97826,2.70842,-2.85936,0.90779,2,-2.80173,0.942859,2.06607,-0.695106,-2.18944,-7.3098e-19,-0.672908,-1.9436,0.153317,-0.726232,-2.28748,0,-0.471643,-2.14776,0.107694
19.26,-2.74345,0.847667,2.65596,-2.62707,0.958692,2.7099,-2.8663,0.885625,2,-2.80634,0.921406,2.06703,-0.678133,-2.19476,7.3098e-19,-0.69784,-1.97046,0.142993,-0.7085,-2.29304,0,-0.450417,-2.14263,0.083981
19.2701,-2.75026,0.825316,2.65596,-2.63201,0.944828,2.71088,-2.87341,0.862273,2,-2.81074,0.900007,2.06775,-0.660253,-2.2002,0,-0.714452,-1.99093,0.135727,-0.689818,-2.29873,0,-0.429373,-2.13728,0.0607611
19.28,-2.75676,0.803311,2.65596,-2.64148,0.918682,2.71255,-2.88021,0.839283,2,-2.81493,0.878661,2.06824,-0.642649,-2.20541,7.3098e-19,-0.742828,-2.03221,0.122079,-0.671426,-2.30417,0,-0.408507,-2.13174,0.0382641
19.29,-2.76297,0.781712,2.65596,-2.64901,0.898188,2.71372,-2.88669,0.816716,2,-2.81891,0.857372,2.06852,-0.625369,-2.21037,0,-0.762137,-2.06702,0.11188,-0.653373,-2.30935,0,-0.38776,-2.12611,0.0170346
19.3,-2.76917,0.759442,2.65596,-2.65672,0.877335,2.71479,-2.89317,0.79345,2,-2.82268,0.83614,2.06859,-0.607554,-2.21534,0,-0.77883,-2.10396,0.101772,-0.63476,-2.31454,0,-0.367151,-2.12034,-0.00291575
19.31,-2.77517,0.737228,2.65596,-2.66458,0.856106,2.71575,-2.89944,0.770241,2,-2.82625,0.814965,2.06846,-0.589783,-2.22013,-1.46196e-18,-0.792389,-2.14194,0.0908107,-0.616193,-2.31955,0,-0.346913,-2.1145,-0.0222016
19.32,-2.781,0.714906,2.65596,-2.67256,0.834494,2.7166,-2.90553,0.746919,2,-2.82962,0.79385,2.06815,-0.571924,-2.2248,-7.3098e-19,-0.802591,-2.18066,0.0790803,-0.597535,-2.32443,0,-0.327056,-2.1087,-0.0406137
19.33,-2.78662,0.692695,2.65596,-2.68062,0.812491,2.71733,-2.9114,0.723713,2,-2.8328,0.772792,2.06765,-0.554156,-2.22929,0,-0.809343,-2.21988,0.0668754,-0.57897,-2.32912,0,-0.307518,-2.10287,-0.0578199
19.34,-2.79209,0.670283,2.65596,-2.68873,0.790095,2.71794,-2.91712,0.700298,2,-2.83578,0.751792,2.067,-0.536227,-2.23367,7.3098e-19,-0.812629,-2.25944,0.0544828,-0.560239,-2.3337,0,-0.288301,-2.09716,-0.0735093
19.3501,-2.79747,0.647472,2.65596,-2.69686,0.767302,2.71842,-2.92274,0.676466,2,-2.83856,0.730848,2.06619,-0.517978,-2.23797,0,-0.812427,-2.29907,0.0421475,-0.541173,-2.33819,0,-0.269405,-2.09161,-0.0874249
19.36,-2.80248,0.625429,2.65596,-2.70497,0.744114,2.71878,-2.92797,0.653435,2,-2.84116,0.709959,2.06525,-0.500343,-2.24198,7.3098e-19,-0.808762,-2.33843,0.0299297,-0.522748,-2.34238,0,-0.250889,-2.08629,-0.0995098
19.37,-2.80734,0.603249,2.65596,-2.71302,0.720536,2.71902,-2.93305,0.630262,2,-2.84358,0.689121,2.06421,-0.482599,-2.24587,0,-0.80166,-2.37714,0.017864,-0.504209,-2.34644,0,-0.232803,-2.08125,-0.109752
19.3801,-2.81212,0.58053,2.65596,-2.7194,0.701397,2.71913,-2.93805,0.606526,2,-2.84539,0.672486,2.0633,-0.464424,-2.2497,0,-0.793538,-2.40739,0.00831541,-0.485221,-2.35044,0,-0.218679,-2.07751,-0.116656
19.3901,-2.81673,0.557768,2.65596,-2.72728,0.677139,2.71915,-2.94286,0.582745,2,-2.84749,0.651733,2.0621,-0.446215,-2.25338,0,-0.780452,-2.44386,-0.00368977,-0.466196,-2.35429,0,-0.201538,-2.07321,-0.123937
19.4,-2.82107,0.535345,2.65596,-2.735,0.652526,2.71905,-2.9474,0.559317,2,-2.84942,0.63102,2.06083,-0.428276,-2.25686,7.3098e-19,-0.764195,-2.47851,-0.0159334,-0.447454,-2.35792,0,-0.184997,-2.06942,-0.129979
19.41,-2.8252,0.513123,2.65596,-2.74255,0.627576,2.71883,-2.95171,0.5361,2,-2.85119,0.610343,2.0595,-0.410498,-2.26016,7.3098e-19,-0.744946,-2.51113,-0.0283685,-0.42888,-2.36137,0,-0.169071,-2.06617,-0.134887
19.42,-2.82923,0.490389,2.65596,-2.74989,0.602311,2.71849,-2.95593,0.512348,2,-2.8528,0.589695,2.05813,-0.392311,-2.26339,3.6549e-19,-0.723004,-2.54142,-0.0409392,-0.409879,-2.36474,0,-0.1538,-2.06349,-0.138776
19.43,-2.83306,0.46779,2.65596,-2.757,0.576756,2.71801,-2.95992,0.488737,2,-2.85427,0.569071,2.05673,-0.374232,-2.26645,-3.6549e-19,-0.698654,-2.56919,-0.0535938,-0.39099,-2.36794,0,-0.13924,-2.0615,-0.141776
19.44,-2.83677,0.444724,2.65596,-2.76386,0.550936,2.71742,-2.9638,0.464638,2,-2.85559,0.548463,2.0553,-0.355779,-2.26942,3.6549e-19,-0.672106,-2.59434,-0.0661647,-0.371711,-2.37104,0,-0.125391,-2.06028,-0.143904
19.45,-2.84017,0.422496,2.65596,-2.77044,0.524878,2.71669,-2.96735,0.441415,2,-2.85678,0.527862,2.05385,-0.337997,-2.27213,0,-0.643569,-2.61675,-0.0784397,-0.353132,-2.37388,0,-0.11225,-2.05986,-0.145141
19.46,-2.84344,0.399893,2.65596,-2.77672,0.49861,2.71585,-2.97076,0.4178,2,-2.85784,0.507263,2.0524,-0.319914,-2.27475,0,-0.61334,-2.63624,-0.0905086,-0.33424,-2.37661,0,-0.0998383,-2.06023,-0.145778
19.4702,-2.84662,0.376596,2.65596,-2.7827,0.472162,2.71488,-2.97409,0.393459,2,-2.85878,0.486655,2.05094,-0.301276,-2.27729,0,-0.58157,-2.65287,-0.101875,-0.314767,-2.37927,0,-0.088097,-2.06147,-0.145511
19.48,-2.84957,0.353551,2.65596,-2.78835,0.445562,2.71381,-2.97717,0.369382,2,-2.8596,0.46603,2.04949,-0.28284,-2.27966,0,-0.548412,-2.66664,-0.112246,-0.295506,-2.38174,0,-0.0769862,-2.06361,-0.14423
19.4901,-2.85232,0.330612,2.65596,-2.79366,0.418839,2.71264,-2.98005,0.345417,2,-2.86032,0.44538,2.04806,-0.26449,-2.28186,-3.6549e-19,-0.514091,-2.67749,-0.121594,-0.276333,-2.38404,0,-0.066477,-2.06664,-0.142093
19.5002,-2.85491,0.307453,2.65596,-2.79863,0.392022,2.71139,-2.98275,0.321221,2,-2.86093,0.424694,2.04665,-0.245962,-2.28393,0,-0.478897,-2.68548,-0.129932,-0.256976,-2.3862,0,-0.0565787,-2.07061,-0.139294
19.5101,-2.85728,0.284561,2.65596,-2.80324,0.365139,2.71005,-2.98523,0.297303,2,-2.86145,0.403964,2.04528,-0.227648,-2.28583,-3.6549e-19,-0.443115,-2.69065,-0.137362,-0.237842,-2.38819,0,-0.0472744,-2.07555,-0.1361
19.52,-2.8594,0.2624,2.65596,-2.80749,0.338218,2.70864,-2.98745,0.27415,2,-2.86188,0.38318,2.04393,-0.20992,-2.28752,0,-0.407036,-2.69308,-0.143881,-0.21932,-2.38996,0,-0.0385525,-2.08143,-0.13266
19.53,-2.8614,0.239723,2.65596,-2.81138,0.311286,2.70717,-2.98953,0.250458,2,-2.86223,0.362333,2.04262,-0.191778,-2.28912,-1.82745e-19,-0.370894,-2.69285,-0.149586,-0.200366,-2.39162,0,-0.0303671,-2.08823,-0.129197
19.54,-2.8632,0.217065,2.65596,-2.81491,0.284369,2.70565,-2.99142,0.226785,2,-2.86249,0.341413,2.04135,-0.173652,-2.29056,0,-0.335019,-2.69014,-0.154615,-0.181428,-2.39313,0,-0.0227376,-2.09595,-0.12596
19.55,-2.86487,0.193799,2.65596,-2.81808,0.257491,2.70408,-2.99316,0.202477,2,-2.86268,0.320411,2.0401,-0.155039,-2.2919,1.82745e-19,-0.299632,-2.68513,-0.158996,-0.161981,-2.39453,0,-0.015626,-2.10459,-0.12306
19.5601,-2.86632,0.171041,2.65596,-2.8209,0.230674,2.70247,-2.99467,0.1787,2,-2.86281,0.299318,2.03889,-0.136833,-2.29306,-1.82745e-19,-0.264894,-2.67792,-0.162781,-0.14296,-2.39574,0,-0.00897426,-2.114,-0.120607
19.57,-2.8676,0.147977,2.65596,-2.82338,0.203939,2.70083,-2.99601,0.154603,2,-2.86286,0.278128,2.03769,-0.118381,-2.29408,0,-0.230953,-2.66865,-0.166019,-0.123682,-2.39681,0,-0.00274017,-2.12411,-0.118685
19.5801,-2.8687,0.124913,2.65596,-2.82553,0.177307,2.69916,-2.99716,0.130507,2,-2.86286,0.256834,2.03651,-0.0999305,-2.29496,0,-0.197948,-2.65754,-0.168786,-0.104405,-2.39773,0,0.00311866,-2.13488,-0.117388
19.59,-2.86963,0.101276,2.65596,-2.82734,0.150793,2.69746,-2.99813,0.105811,2,-2.8628,0.235428,2.03534,-0.0810211,-2.29571,9.13725e-20,-0.165968,-2.64495,-0.17107,-0.0846492,-2.39851,0,0.00863945,-2.1464,-0.116694
19.6,-2.87032,0.0795997,2.65596,-2.82871,0.127045,2.69591,-2.99885,0.0831641,2,-2.8627,0.216061,2.03429,-0.0636798,-2.29625,0,-0.138031,-2.63241,-0.172504,-0.0665313,-2.39908,0,0.0133793,-2.15735,-0.116366
19.6101,-2.87087,0.0564241,2.65596,-2.82994,0.100795,2.69418,-2.99942,0.0589507,2,-2.86254,0.194425,2.03313,-0.0451393,-2.29669,4.56862e-20,-0.107993,-2.61732,-0.173475,-0.0471606,-2.39954,0,0.0184199,-2.1701,-0.116366
19.62,-2.87123,0.033395,2.65596,-2.83088,0.0747014,2.69244,-2.9998,0.0348904,2,-2.86234,0.172657,2.03196,-0.026716,-2.29698,0,-0.0789785,-2.60128,-0.173544,-0.0279123,-2.39984,0,0.0232694,-2.18356,-0.116462
19.63,-2.8714,0.010329,2.65596,-2.83136,0.056533,2.69123,-2.99998,0.0107916,2,-2.86216,0.157338,2.03115,-0.00826323,-2.29712,1.14216e-20,-0.0593166,-2.58962,-0.173139,-0.00863325,-2.39998,0,0.0265592,-2.19341,-0.116638
19.64,-2.87139,-0.012448,2.65596,-2.8319,0.0230129,2.68899,-2.99997,-0.0130054,2,-2.86178,0.128701,2.02963,0.00995836,-2.29711,1.14216e-20,-0.0242697,-2.56716,-0.171662,0.0104043,-2.39998,0,0.0324953,-2.2124,-0.11737
19.65,-2.8712,-0.0351102,2.65596,-2.83201,-0.00256942,2.68728,-2.99978,-0.0366824,2,-2.86143,0.106502,2.02845,0.0280882,-2.29696,4.56862e-20,0.00147758,-2.54922,-0.169597,0.029346,-2.39982,0,0.0369493,-2.2275,-0.11792
19.6601,-2.87082,-0.0585086,2.65596,-2.83187,-0.0279703,2.6856,-2.99938,-0.0611286,2,-2.86104,0.0841493,2.02727,0.0468069,-2.29666,-4.56862e-20,0.02615,-2.53089,-0.166849,0.0489029,-2.3995,0,0.0413565,-2.24305,-0.1185
19.6701,-2.87026,-0.0814772,2.65596,-2.83149,-0.0531866,2.68395,-2.99879,-0.0851257,2,-2.8606,0.0616393,2.02608,0.0651817,-2.29621,-9.13725e-20,0.0497436,-2.51236,-0.163605,0.0681005,-2.39903,0,0.0457238,-2.259,-0.119205
19.68,-2.86952,-0.104511,2.65596,-2.83088,-0.0782175,2.68233,-2.99801,-0.109191,2,-2.86012,0.0389678,2.02489,0.0836089,-2.29561,0,0.0723233,-2.49383,-0.159842,0.0873529,-2.39841,0,0.0500733,-2.27537,-0.119915
19.69,-2.86858,-0.127747,2.65596,-2.83005,-0.103063,2.68075,-2.99703,-0.133467,2,-2.8596,0.0161308,2.02368,0.102197,-2.29486,1.82745e-19,0.0939384,-2.47534,-0.155561,0.106774,-2.39762,0,0.0544447,-2.29207,-0.120538
19.7,-2.86747,-0.150515,2.65596,-2.82901,-0.127725,2.67922,-2.99588,-0.157255,2,-2.85903,-0.00687425,2.02248,0.120412,-2.29398,1.82745e-19,0.114621,-2.45696,-0.150852,0.125804,-2.3967,0,0.0588596,-2.30897,-0.12107
19.71,-2.86621,-0.172851,2.65596,-2.82776,-0.152203,2.67774,-2.99456,-0.180591,2,-2.85842,-0.0300492,2.02126,0.138281,-2.29297,-1.82745e-19,0.134435,-2.43881,-0.145789,0.144473,-2.39565,0,0.0633462,-2.32605,-0.121485
19.7201,-2.86471,-0.196212,2.65596,-2.82632,-0.176503,2.6763,-2.99299,-0.204998,2,-2.85777,-0.0533962,2.02005,0.15697,-2.29177,0,0.153459,-2.42112,-0.140456,0.163999,-2.39439,0,0.067945,-2.34339,-0.121777
19.73,-2.86308,-0.218721,2.65596,-2.82469,-0.200627,2.67493,-2.99128,-0.228515,2,-2.85706,-0.0769175,2.01883,0.174977,-2.29046,-1.82745e-19,0.171711,-2.40391,-0.134939,0.182812,-2.39303,0,0.0726392,-2.36089,-0.121938
19.74,-2.86119,-0.242109,2.65596,-2.82289,-0.224583,2.67361,-2.98932,-0.252951,2,-2.85631,-0.100614,2.01761,0.193687,-2.28896,0,0.1893,-2.38722,-0.129265,0.202361,-2.39145,0,0.0774837,-2.37846,-0.121913
19.7501,-2.85918,-0.26489,2.65596,-2.82132,-0.243628,2.67259,-2.98721,-0.276751,2,-2.85568,-0.119698,2.01663,0.211912,-2.28734,3.6549e-19,0.202957,-2.3743,-0.124667,0.221401,-2.38977,0,0.0815054,-2.39258,-0.121759
19.76,-2.85697,-0.287701,2.65596,-2.81921,-0.267293,2.67137,-2.9849,-0.300584,2,-2.85484,-0.143712,2.01542,0.230161,-2.28558,0,0.219536,-2.35876,-0.119054,0.240467,-2.38792,0,0.0867117,-2.4102,-0.12153
19.77,-2.85462,-0.31018,2.65596,-2.81693,-0.290806,2.67021,-2.98245,-0.324069,2,-2.85394,-0.167902,2.0142,0.248144,-2.28369,0,0.235717,-2.344,-0.113455,0.259255,-2.38596,0,0.0921614,-2.42782,-0.121059
19.78,-2.852,-0.333347,2.65596,-2.81449,-0.314176,2.6691,-2.97972,-0.348274,2,-2.85299,-0.192268,2.013,0.266677,-2.2816,0,0.251534,-2.33,-0.107829,0.278619,-2.38377,0,0.0978549,-2.44536,-0.120246
19.79,-2.84927,-0.356002,2.65596,-2.8119,-0.337409,2.66805,-2.97685,-0.371944,2,-2.85198,-0.216809,2.0118,0.284802,-2.27941,0,0.267025,-2.3167,-0.102252,0.297555,-2.38148,0,0.103806,-2.46272,-0.119117
19.8,-2.84637,-0.378476,2.65596,-2.80915,-0.360512,2.66706,-2.97383,-0.395424,2,-2.85092,-0.241522,2.01062,0.302781,-2.27709,0,0.28224,-2.30411,-0.0967696,0.316339,-2.37906,0,0.110002,-2.47986,-0.117669
19.81,-2.84318,-0.401725,2.65596,-2.80626,-0.383493,2.66612,-2.97049,-0.419714,2,-2.84978,-0.266405,2.00945,0.32138,-2.27454,0,0.297251,-2.29223,-0.0914057,0.335771,-2.3764,0,0.11646,-2.49672,-0.115884
19.82,-2.83993,-0.424058,2.65596,-2.80321,-0.406359,2.66523,-2.9671,-0.443047,2,-2.84859,-0.291456,2.0083,0.339246,-2.27195,3.6549e-19,0.312133,-2.28106,-0.0861965,0.354438,-2.37368,0,0.123212,-2.51329,-0.113765
19.83,-2.83641,-0.447048,2.65596,-2.80001,-0.429117,2.66439,-2.96342,-0.467066,2,-2.84732,-0.31667,2.00717,0.357638,-2.26912,0,0.326947,-2.27064,-0.081167,0.373653,-2.37073,0,0.130274,-2.52954,-0.111308
19.8402,-2.83267,-0.470158,2.65596,-2.79667,-0.451774,2.66361,-2.95951,-0.491212,2,-2.84598,-0.342046,2.00607,0.376127,-2.26613,0,0.341729,-2.261,-0.0763443,0.392969,-2.36761,0,0.137643,-2.54551,-0.10852
19.8501,-2.82883,-0.492714,2.65596,-2.79318,-0.474339,2.66287,-2.9555,-0.514777,2,-2.84456,-0.367578,2.005,0.394171,-2.26306,7.3098e-19,0.35652,-2.25193,-0.0717265,0.411822,-2.3644,0,0.145326,-2.56097,-0.105383
19.8601,-2.8248,-0.515329,2.65596,-2.78954,-0.496815,2.66217,-2.95129,-0.538405,2,-2.84307,-0.393263,2.00397,0.412263,-2.25984,0,0.371384,-2.24344,-0.0673281,0.430724,-2.36103,0,0.153354,-2.57591,-0.101901
19.87,-2.82064,-0.537609,2.65596,-2.78614,-0.516973,2.66158,-2.94695,-0.561682,2,-2.84166,-0.416505,2.00307,0.430087,-2.25651,0,0.384829,-2.23629,-0.0635606,0.449346,-2.35756,0,0.160861,-2.58889,-0.0984732
19.88,-2.81626,-0.560137,2.65596,-2.78221,-0.539299,2.66097,-2.94237,-0.58522,2,-2.84001,-0.442464,2.0021,0.44811,-2.253,-7.3098e-19,0.399902,-2.22887,-0.059604,0.468176,-2.35389,0,0.169551,-2.60279,-0.0943542
19.89,-2.81175,-0.582318,2.65596,-2.77814,-0.561552,2.66039,-2.93766,-0.608394,2,-2.83827,-0.468559,2.00118,0.465855,-2.2494,0,0.415109,-2.22196,-0.0558871,0.486715,-2.35013,0,0.178563,-2.61607,-0.0899073
19.9,-2.80696,-0.604997,2.65596,-2.77391,-0.58374,2.65985,-2.93265,-0.632089,2,-2.83643,-0.494783,2.0003,0.483998,-2.24557,0,0.430503,-2.21559,-0.0524226,0.505671,-2.34612,0,0.187945,-2.62875,-0.085154
19.91,-2.80201,-0.62751,2.65596,-2.76953,-0.605866,2.65934,-2.92749,-0.65561,2,-2.83451,-0.521132,1.99948,0.502008,-2.24161,0,0.446088,-2.20978,-0.0492155,0.524488,-2.34199,0,0.197704,-2.64087,-0.0801143
19.92,-2.79687,-0.650044,2.65596,-2.76499,-0.627937,2.65886,-2.92211,-0.679152,2,-2.83248,-0.547599,1.9987,0.520035,-2.2375,0,0.461902,-2.20443,-0.0462572,0.543322,-2.33769,0,0.207866,-2.65236,-0.074797
19.93,-2.79162,-0.672238,2.65596,-2.76029,-0.649956,2.65841,-2.91663,-0.70234,2,-2.83035,-0.574177,1.99798,0.53779,-2.2333,7.3098e-19,0.477936,-2.19943,-0.0435369,0.561872,-2.3333,0,0.218421,-2.66311,-0.0692108
19.94,-2.78611,-0.694712,2.65596,-2.75543,-0.671927,2.65799,-2.91087,-0.725821,2,-2.82811,-0.600859,1.99732,0.55577,-2.22889,0,0.494191,-2.1948,-0.0410575,0.580657,-2.3287,0,0.229374,-2.67315,-0.0633813
19.95,-2.7805,-0.71685,2.65596,-2.7504,-0.693853,2.65759,-2.90501,-0.74895,2,-2.82576,-0.627637,1.99672,0.57348,-2.2244,-7.3098e-19,0.510668,-2.19055,-0.0388146,0.59916,-2.32401,0,0.240733,-2.68252,-0.0573294
19.96,-2.7747,-0.73897,2.65596,-2.74521,-0.715738,2.65721,-2.89895,-0.772061,2,-2.82329,-0.654506,1.99617,0.591176,-2.21976,7.3098e-19,0.527418,-2.18656,-0.0367948,0.617649,-2.31916,0,0.252556,-2.69113,-0.0510679
19.97,-2.76862,-0.761443,2.65596,-2.7404,-0.735402,2.65689,-2.8926,-0.79554,2,-2.82097,-0.678759,1.99574,0.609155,-2.2149,-7.3098e-19,0.542712,-2.18306,-0.035163,0.636432,-2.31408,0,0.263591,-2.6981,-0.0452728
19.98,-2.76242,-0.783651,2.65596,-2.73489,-0.757214,2.65655,-2.88612,-0.818743,2,-2.81827,-0.705775,1.99532,0.626921,-2.20993,7.3098e-19,0.559917,-2.17932,-0.033533,0.654994,-2.30889,0,0.276272,-2.70505,-0.038661
19.99,-2.7561,-0.805583,2.65596,-2.7292,-0.778989,2.65622,-2.87952,-0.841657,2,-2.81544,-0.732857,1.99497,0.644467,-2.20488,0,0.577347,-2.17576,-0.0320846,0.673326,-2.30361,0,0.289389,-2.71117,-0.0318805
20.0002,-2.74929,-0.828518,2.65596,-2.72334,-0.800729,2.6559,-2.8724,-0.865619,2,-2.81248,-0.759995,1.99468,0.662815,-2.19943,7.3098e-19,0.594993,-2.17231,-0.0308125,0.692495,-2.29792,0,0.302952,-2.71639,-0.0249584
20.01,-2.74295,-0.849273,2.65596,-2.7173,-0.822435,2.6556,-2.86578,-0.887303,2,-2.80938,-0.787181,1.99447,0.679419,-2.19436,0,0.612815,-2.16892,-0.0296853,0.709842,-2.29262,0,0.316959,-2.7207,-0.017901
20.0201,-2.73597,-0.871491,2.65596,-2.71108,-0.844108,2.65531,-2.85849,-0.910516,2,-2.80614,-0.814407,1.99433,0.697193,-2.18878,7.3098e-19,0.630795,-2.16562,-0.028734,0.728413,-2.28679,0,0.331401,-2.72415,-0.0107741
20.0301,-2.72887,-0.893481,2.65596,-2.70468,-0.865748,2.65503,-2.85107,-0.933491,2,-2.80275,-0.841662,1.99425,0.714785,-2.1831,7.3098e-19,0.648968,-2.16237,-0.0279224,0.746793,-2.28086,0,0.346344,-2.72671,-0.0035791
20.04,-2.72179,-0.914827,2.65596,-2.6981,-0.887355,2.65475,-2.84367,-0.955792,2,-2.79921,-0.868938,1.99425,0.731861,-2.17743,0,0.667283,-2.15913,-0.0272294,0.764634,-2.27494,0,0.361755,-2.72838,0.0036686
20.05,-2.71429,-0.93686,2.65596,-2.69134,-0.908931,2.65448,-2.83583,-0.978812,2,-2.79552,-0.896227,1.99433,0.749488,-2.17143,0,0.685774,-2.15599,-0.0266742,0.783049,-2.26866,0,0.377688,-2.72925,0.010913
20.06,-2.70669,-0.958583,2.65596,-2.68509,-0.928322,2.65424,-2.82789,-1.00151,2,-2.79205,-0.920791,1.99445,0.766866,-2.16535,7.3098e-19,0.702504,-2.15315,-0.0262714,0.801206,-2.26232,0,0.392435,-2.72928,0.0174188
20.07,-2.69894,-0.980191,2.65596,-2.67797,-0.949837,2.65398,-2.8198,-1.02408,2,-2.78804,-0.948079,1.99467,0.784153,-2.15915,0,0.721148,-2.14985,-0.0258944,0.819267,-2.25584,0,0.40925,-2.72836,0.0246341
20.08,-2.69102,-1.00172,2.65596,-2.67067,-0.971319,2.65373,-2.81152,-1.04658,2,-2.78386,-0.975355,1.99495,0.801379,-2.15282,7.3098e-19,0.739862,-2.14652,-0.0255809,0.837264,-2.24922,0,0.426528,-2.72655,0.0318128
20.09,-2.68283,-1.02346,2.65596,-2.66317,-0.992767,2.65347,-2.80297,-1.06929,2,-2.77951,-1.00261,1.9953,0.81877,-2.14626,7.3098e-19,0.758661,-2.14309,-0.025339,0.855434,-2.24237,0,0.444302,-2.72379,0.0389085
20.1,-2.67463,-1.04471,2.65596,-2.65549,-1.01418,2.65322,-2.7944,-1.09149,2,-2.77498,-1.02983,1.99573,0.835764,-2.1397,0,0.777491,-2.13954,-0.0251509,0.873189,-2.23552,0,0.46255,-2.72006,0.0458976
20.11,-2.66626,-1.06589,2.65596,-2.64762,-1.03556,2.65297,-2.78565,-1.11362,2,-2.77026,-1.05701,1.99622,0.852715,-2.133,-1.46196e-18,0.796353,-2.13579,-0.0250149,0.890899,-2.22852,0,0.481286,-2.71535,0.0527444
20.12,-2.65732,-1.08798,2.65596,-2.63957,-1.0569,2.65272,-2.77631,-1.1367,2,-2.76535,-1.08413,1.99678,0.870385,-2.12586,-1.46196e-18,0.81527,-2.13195,-0.0249043,0.90936,-2.22105,0,0.500552,-2.70975,0.0594374
20.13,-2.64894,-1.10823,2.65596,-2.63132,-1.0782,2.65247,-2.76756,-1.15785,2,-2.76024,-1.1112,1.99741,0.886582,-2.11915,-1.46196e-18,0.834186,-2.12789,-0.0248132,0.926283,-2.21405,0,0.520306,-2.70316,0.0659453
20.14,-2.63996,-1.12944,2.65596,-2.62373,-1.09733,2.65225,-2.75818,-1.18002,2,-2.75548,-1.1355,1.99803,0.903553,-2.11197,-1.46196e-18,0.851179,-2.12407,-0.0247475,0.944014,-2.20654,0,0.538475,-2.69643,0.071615
20.1502,-2.63054,-1.15122,2.65596,-2.61513,-1.11855,2.652,-2.74833,-1.20277,2,-2.74999,-1.16242,1.99877,0.920978,-2.10443,0,0.87,-2.11983,-0.0246698,0.962218,-2.19867,0,0.559092,-2.68824,0.0776948
20.16,-2.6216,-1.17144,2.65596,-2.60722,-1.13761,2.65178,-2.73899,-1.22389,2,-2.74488,-1.18658,1.9995,0.93715,-2.09728,0,0.886886,-2.1159,-0.0245812,0.979115,-2.19119,0,0.578023,-2.68013,0.0829579
20.17,-2.61204,-1.19261,2.65596,-2.59826,-1.15875,2.65153,-2.729,-1.24601,2,-2.73899,-1.21333,2.00035,0.954087,-2.08963,0,0.905627,-2.11136,-0.0244577,0.99681,-2.1832,0,0.599508,-2.67025,0.0885477
20.18,-2.60237,-1.21355,2.65596,-2.58911,-1.17984,2.65129,-2.71891,-1.26789,2,-2.73289,-1.23998,2.00127,0.97084,-2.0819,-1.46196e-18,0.924276,-2.10668,-0.0242969,1.01431,-2.17512,0,0.621405,-2.65951,0.0938446
20.19,-2.59274,-1.234,2.65596,-2.57977,-1.20088,2.65105,-2.70884,-1.28926,2,-2.72656,-1.26652,2.00223,0.987203,-2.07419,0,0.942793,-2.1018,-0.0240928,1.03141,-2.16707,0,0.643676,-2.64788,0.098823
20.2,-2.58269,-1.25489,2.65596,-2.57025,-1.22187,2.65081,-2.69834,-1.31108,2,-2.72001,-1.29293,2.00324,1.00391,-2.06615,0,0.961196,-2.09674,-0.0238318,1.04887,-2.15867,0,0.666345,-2.63539,0.103466
20.2101,-2.57238,-1.27589,2.65596,-2.56251,-1.23863,2.65062,-2.68757,-1.33303,2,-2.71461,-1.31398,2.00408,1.02071,-2.05791,1.46196e-18,0.975843,-2.09259,-0.0235872,1.06642,-2.15006,0,0.684775,-2.62485,0.106917
20.22,-2.56224,-1.29613,2.65596,-2.55266,-1.25953,2.65038,-2.67698,-1.35417,2,-2.70764,-1.34016,2.00517,1.0369,-2.0498,0,0.994047,-2.08728,-0.0232802,1.08334,-2.14158,0,0.708157,-2.61099,0.110837
20.23,-2.55193,-1.31631,2.65596,-2.54263,-1.28037,2.65015,-2.66621,-1.37526,2,-2.70044,-1.36619,2.0063,1.05305,-2.04155,0,1.01222,-2.08187,-0.0229385,1.10021,-2.13297,0,0.731952,-2.59639,0.114339
20.24,-2.54131,-1.33671,2.65596,-2.53241,-1.30117,2.64992,-2.65511,-1.39657,2,-2.693,-1.39208,2.00746,1.06937,-2.03305,0,1.0303,-2.07626,-0.0225186,1.11725,-2.12409,0,0.756106,-2.58097,0.11744
20.25,-2.53032,-1.3574,2.65596,-2.52202,-1.3219,2.6497,-2.64363,-1.41818,2,-2.68532,-1.41781,2.00865,1.08592,-2.02426,1.46196e-18,1.0482,-2.07033,-0.022004,1.13455,-2.1149,0,0.780563,-2.56467,0.120132
20.26,-2.51963,-1.37714,2.65596,-2.51145,-1.34257,2.64949,-2.63246,-1.4388,2,-2.67739,-1.44337,2.00986,1.10171,-2.01571,0,1.06598,-2.06418,-0.0213843,1.15104,-2.10597,0,0.805367,-2.54761,0.122412
20.27,-2.50834,-1.3976,2.65596,-2.5007,-1.36318,2.64927,-2.62066,-1.46018,2,-2.66921,-1.46876,2.01109,1.11808,-2.00667,0,1.08371,-2.0579,-0.0206815,1.16814,-2.09653,0,0.83055,-2.5299,0.124249
20.28,-2.49722,-1.41737,2.65596,-2.48978,-1.38373,2.64907,-2.60905,-1.48084,2,-2.66078,-1.49397,2.01234,1.1339,-1.99778,1.46196e-18,1.10131,-2.05144,-0.0198976,1.18467,-2.08724,0,0.856055,-2.51154,0.125626
20.29,-2.48576,-1.43738,2.65596,-2.47867,-1.40421,2.64888,-2.59707,-1.50174,2,-2.65209,-1.51899,2.0136,1.1499,-1.98861,-1.46196e-18,1.11879,-2.04473,-0.0190374,1.20139,-2.07766,0,0.881874,-2.49248,0.126532
20.3,-2.47416,-1.45724,2.65596,-2.46854,-1.42258,2.64871,-2.58496,-1.5225,2,-2.64405,-1.54134,2.01474,1.16579,-1.97933,0,1.1344,-2.03849,-0.0181896,1.218,-2.06797,0,0.905354,-2.47477,0.126947
20.31,-2.46248,-1.4769,2.65596,-2.45711,-1.44293,2.64853,-2.57275,-1.54304,2,-2.63486,-1.56599,2.01601,1.18152,-1.96999,0,1.15165,-2.03134,-0.0171838,1.23443,-2.0582,0,0.931746,-2.45453,0.126945
20.3201,-2.45057,-1.49658,2.65596,-2.4455,-1.46321,2.64837,-2.5603,-1.5636,2,-2.62541,-1.59043,2.01728,1.19727,-1.96045,-1.46196e-18,1.16881,-2.02401,-0.0161102,1.25088,-2.04824,0,0.958421,-2.43372,0.12646
20.33,-2.43834,-1.51643,2.65596,-2.43373,-1.48341,2.64821,-2.54753,-1.58433,2,-2.61569,-1.61466,2.01854,1.21314,-1.95067,1.46196e-18,1.18581,-2.01642,-0.0149619,1.26747,-2.03802,0,0.985304,-2.4123,0.125498
20.34,-2.42608,-1.53596,2.65596,-2.42179,-1.50354,2.64807,-2.53472,-1.60474,2,-2.6057,-1.63867,2.01979,1.22877,-1.94087,0,1.20267,-2.00864,-0.0137328,1.28379,-2.02778,0,1.01241,-2.39038,0.124068
20.35,-2.41365,-1.55542,2.65596,-2.40968,-1.52358,2.64794,-2.52173,-1.62507,2,-2.59544,-1.66247,2.02102,1.24434,-1.93092,0,1.21945,-2.00068,-0.0124426,1.30006,-2.01739,0,1.03979,-2.36797,0.122162
20.36,-2.40131,-1.57441,2.65596,-2.3974,-1.54355,2.64782,-2.50884,-1.64491,2,-2.58491,-1.68603,2.02223,1.25953,-1.92105,1.46196e-18,1.2361,-1.99251,-0.0110758,1.31593,-2.00707,0,1.06736,-2.34511,0.119807
20.37,-2.38879,-1.59334,2.65596,-2.38495,-1.56343,2.64771,-2.49576,-1.66469,2,-2.57409,-1.70937,2.02342,1.27467,-1.91103,0,1.2526,-1.98418,-0.00963719,1.33175,-1.99661,0,1.0951,-2.32185,0.117009
20.38,-2.37582,-1.61262,2.65596,-2.37235,-1.58323,2.64763,-2.4822,-1.68484,2,-2.563,-1.73247,2.02457,1.2901,-1.90065,0,1.26895,-1.97568,-0.00813143,1.34787,-1.98576,0,1.12302,-2.29822,0.11378
20.39,-2.36287,-1.63153,2.65596,-2.35958,-1.60295,2.64755,-2.46868,-1.70459,2,-2.55163,-1.75533,2.02569,1.30523,-1.8903,0,1.28515,-1.96697,-0.00657781,1.36367,-1.97494,0,1.15107,-2.27421,0.110118
20.4001,-2.3495,-1.65073,2.65596,-2.34664,-1.62257,2.64749,-2.45471,-1.72465,2,-2.53998,-1.77795,2.02677,1.32058,-1.8796,1.46196e-18,1.30116,-1.95802,-0.00497392,1.37972,-1.96377,0,1.17923,-2.24983,0.10605
20.41,-2.33665,-1.66887,2.65596,-2.33355,-1.64211,2.64745,-2.44128,-1.7436,2,-2.52805,-1.80033,2.02781,1.3351,-1.86932,0,1.317,-1.94884,-0.00332378,1.39488,-1.95302,0,1.20748,-2.2251,0.101592
20.42,-2.323,-1.68782,2.65596,-2.32031,-1.66155,2.64743,-2.42702,-1.7634,2,-2.51583,-1.82245,2.0288,1.35025,-1.8584,0,1.33265,-1.9394,-0.00164312,1.41072,-1.94162,0,1.2358,-2.20002,0.0967566
20.4299,-2.30966,-1.70602,2.65596,-2.3069,-1.68089,2.64742,-2.41309,-1.78242,2,-2.50333,-1.84433,2.02974,1.36482,-1.84773,0,1.34813,-1.92973,5.76259e-05,1.42594,-1.93047,0,1.26417,-2.17465,0.0915592
20.44,-2.29587,-1.72453,2.65596,-2.29334,-1.70014,2.64743,-2.39868,-1.80176,2,-2.49055,-1.86594,2.03063,1.37963,-1.8367,1.46196e-18,1.36344,-1.91989,0.0017889,1.44141,-1.91895,0,1.2926,-2.14906,0.08604
20.4501,-2.28178,-1.74314,2.65596,-2.27963,-1.71929,2.64746,-2.38395,-1.8212,2,-2.47748,-1.88731,2.03146,1.39451,-1.82542,0,1.37858,-1.90977,0.00353129,1.45696,-1.90716,0,1.32107,-2.12317,0.0802101
20.46,-2.26786,-1.76121,2.65596,-2.26577,-1.73834,2.6475,-2.36941,-1.84008,2,-2.46413,-1.90841,2.03224,1.40897,-1.81429,1.46196e-18,1.39359,-1.89942,0.00528188,1.47206,-1.89553,0,1.34958,-2.09705,0.0740985
20.47,-2.25383,-1.77913,2.65596,-2.25176,-1.75728,2.64756,-2.35475,-1.8588,2,-2.45049,-1.92925,2.03294,1.4233,-1.80306,1.46196e-18,1.40843,-1.88879,0.00702018,1.48704,-1.8838,0,1.37809,-2.07067,0.0677184
20.48,-2.23956,-1.79705,2.65596,-2.2376,-1.77611,2.64764,-2.33985,-1.87753,2,-2.43656,-1.94982,2.03359,1.43764,-1.79165,0,1.42307,-1.87785,0.00873802,1.50202,-1.87188,0,1.40655,-2.04401,0.0610951
20.49,-2.22485,-1.81524,2.65596,-2.2233,-1.79483,2.64774,-2.32447,-1.89653,2,-2.42236,-1.97012,2.03417,1.45219,-1.77988,1.46196e-18,1.43751,-1.86661,0.0104302,1.51722,-1.85958,0,1.43494,-2.01711,0.0542577
20.5,-2.21043,-1.83277,2.65596,-2.20885,-1.81344,2.64785,-2.30942,-1.91484,2,-2.40787,-1.99016,2.03467,1.46621,-1.76835,0,1.4518,-1.85516,0.0120937,1.53187,-1.84753,0,1.46331,-1.99006,0.0472389
20.51,-2.19566,-1.85044,2.65596,-2.19427,-1.83194,2.64798,-2.29398,-1.9333,2,-2.39309,-2.00993,2.03511,1.48035,-1.75653,0,1.46597,-1.84348,0.0137074,1.54664,-1.83518,0,1.49162,-1.96287,0.0400554
20.52,-2.18085,-1.86787,2.65596,-2.17954,-1.85031,2.64812,-2.27851,-1.95151,2,-2.37803,-2.02942,2.03547,1.4943,-1.74468,1.46196e-18,1.4799,-1.83152,0.0152738,1.56121,-1.82281,0,1.51979,-1.93549,0.0327446
20.53,-2.16588,-1.88521,2.65596,-2.16467,-1.86857,2.64828,-2.26287,-1.96962,2,-2.3627,-2.04863,2.03576,1.50816,-1.73271,-1.46196e-18,1.49368,-1.81937,0.0167895,1.5757,-1.8103,0,1.54785,-1.90802,0.0253378
20.54,-2.15058,-1.90265,2.65596,-2.14966,-1.8867,2.64846,-2.24688,-1.98784,2,-2.34708,-2.06758,2.03598,1.52212,-1.72046,-1.46196e-18,1.50732,-1.80698,0.0182383,1.59028,-1.7975,0,1.57582,-1.88045,0.0178557
20.55,-2.13528,-1.91979,2.65596,-2.13452,-1.90471,2.64865,-2.2309,-2.00576,2,-2.33118,-2.08624,2.03612,1.53584,-1.70823,0,1.52091,-1.79443,0.0196176,1.60461,-1.78472,0,1.60376,-1.85285,0.0103332
20.5601,-2.11937,-1.93735,2.65596,-2.11925,-1.92259,2.64885,-2.21427,-2.02411,2,-2.315,-2.10463,2.03619,1.54988,-1.69549,0,1.53432,-1.78167,0.0209497,1.61928,-1.77142,0,1.63151,-1.8252,0.00282739
20.5701,-2.10391,-1.95413,2.65596,-2.10384,-1.94034,2.64907,-2.19812,-2.04163,2,-2.29855,-2.12275,2.03618,1.5633,-1.68313,0,1.54755,-1.76864,0.02221,1.63331,-1.7585,0,1.65906,-1.79742,-0.00465255
20.58,-2.08859,-1.97049,2.65596,-2.08829,-1.95796,2.64929,-2.18212,-2.05873,2,-2.28182,-2.14058,2.03609,1.57639,-1.67088,-1.46196e-18,1.56065,-1.75539,0.0233849,1.64698,-1.7457,0,1.68645,-1.7696,-0.0120843
20.59,-2.07301,-1.98688,2.65596,-2.07262,-1.97545,2.64953,-2.16583,-2.07585,2,-2.26482,-2.15814,2.03594,1.5895,-1.6584,0,1.5736,-1.74196,0.0244795,1.66068,-1.73267,0,1.71362,-1.74179,-0.0194293
20.6,-2.05656,-2.0039,2.65596,-2.05682,-1.9928,2.64978,-2.14865,-2.09364,2,-2.24755,-2.17542,2.03571,1.60312,-1.64524,0,1.58644,-1.72843,0.0254955,1.67491,-1.71892,0,1.7406,-1.71407,-0.0266556
20.61,-2.04039,-2.02036,2.65596,-2.0409,-2.01001,2.65004,-2.13176,-2.11083,2,-2.23001,-2.19242,2.0354,1.61629,-1.63231,0,1.59907,-1.71471,0.0264321,1.68867,-1.70541,0,1.76729,-1.68638,-0.0337334
20.62,-2.02448,-2.0363,2.65596,-2.02484,-2.02709,2.65031,-2.11513,-2.12749,2,-2.21221,-2.20915,2.03503,1.62904,-1.61958,0,1.6115,-1.70078,0.0272859,1.70199,-1.69211,0,1.79366,-1.6587,-0.0406338
20.63,-2.00831,-2.05225,2.65596,-2.00867,-2.04403,2.65059,-2.09825,-2.14415,2,-2.19414,-2.22559,2.03459,1.6418,-1.60665,-1.46196e-18,1.6238,-1.68666,0.0280422,1.71532,-1.6786,0,1.81974,-1.63107,-0.0473421
20.64,-1.99169,-2.06839,2.65596,-1.99237,-2.06082,2.65087,-2.08087,-2.16101,2,-2.17581,-2.24177,2.03409,1.65471,-1.59335,1.46196e-18,1.63595,-1.6724,0.0287052,1.72881,-1.6647,0,1.84553,-1.60354,-0.0538278
20.65,-1.97469,-2.08462,2.65596,-1.97595,-2.07748,2.65116,-2.06311,-2.17797,2,-2.15723,-2.25767,2.03352,1.6677,-1.57975,1.46196e-18,1.64796,-1.65802,0.0292798,1.74238,-1.65049,0,1.87099,-1.57616,-0.0600604
20.66,-1.95835,-2.09998,2.65596,-1.95941,-2.09398,2.65146,-2.04604,-2.19402,2,-2.13839,-2.27329,2.03289,1.67999,-1.56668,0,1.65991,-1.64354,0.02976,1.75521,-1.63683,0,1.89618,-1.54896,-0.0660216
20.6699,-1.94136,-2.1157,2.65596,-1.94275,-2.11035,2.65176,-2.02829,-2.21043,2,-2.11931,-2.28865,2.0322,1.69256,-1.55309,0,1.67175,-1.62894,0.0301424,1.76835,-1.62264,0,1.92103,-1.52192,-0.0716925
20.6803,-1.92365,-2.13181,2.65596,-1.92597,-2.12656,2.65206,-2.00979,-2.22728,2,-2.09997,-2.30373,2.03145,1.70545,-1.53892,0,1.68346,-1.61416,0.0304131,1.78182,-1.60783,0,1.9455,-1.49501,-0.0770693
20.69,-1.90714,-2.14659,2.65596,-1.90908,-2.14263,2.65237,-1.99255,-2.24271,2,-2.0804,-2.31855,2.03066,1.71727,-1.52572,-2.92392e-18,1.69498,-1.59922,0.0305945,1.79417,-1.59404,0,1.96951,-1.46825,-0.0821123
20.7,-1.88999,-2.16171,2.65596,-1.89207,-2.15855,2.65267,-1.97463,-2.25851,2,-2.06058,-2.3331,2.02981,1.72936,-1.51199,-1.46196e-18,1.7064,-1.58413,0.0306608,1.8068,-1.5797,0,1.99311,-1.44168,-0.0868294
20.7101,-1.87255,-2.17683,2.65596,-1.87495,-2.17431,2.65298,-1.95641,-2.27431,2,-2.04054,-2.34738,2.02892,1.74146,-1.49804,0,1.71772,-1.5689,0.0306192,1.81945,-1.56512,0,2.01629,-1.41529,-0.0912019
20.72,-1.85491,-2.19189,2.65596,-1.85772,-2.18992,2.65328,-1.93797,-2.29004,2,-2.02026,-2.3614,2.02799,1.75351,-1.48392,0,1.72887,-1.55351,0.0304851,1.83203,-1.55037,0,2.03895,-1.3891,-0.0952048
20.7301,-1.83753,-2.20648,2.65596,-1.84038,-2.20538,2.65359,-1.91981,-2.30528,2,-1.99976,-2.37516,2.02702,1.76518,-1.47002,-1.46196e-18,1.7399,-1.538,0.0302556,1.84422,-1.53585,0,2.06112,-1.36315,-0.0988322
20.74,-1.82,-2.22095,2.65596,-1.82292,-2.22068,2.65389,-1.9015,-2.32041,2,-1.97904,-2.38867,2.02601,1.77676,-1.456,-1.46196e-18,1.75076,-1.52229,0.0299195,1.85633,-1.5212,0,2.08272,-1.3374,-0.102089
20.7501,-1.80194,-2.23563,2.65596,-1.80536,-2.23583,2.65419,-1.88263,-2.33574,2,-1.95811,-2.40191,2.02498,1.78851,-1.44155,0,1.76152,-1.50643,0.0294849,1.86859,-1.50611,0,2.1038,-1.31187,-0.104963
20.76,-1.78423,-2.24979,2.65596,-1.78769,-2.25081,2.65448,-1.86413,-2.35054,2,-1.93697,-2.4149,2.02392,1.79983,-1.42739,0,1.77219,-1.4904,0.0289512,1.88043,-1.4913,0,2.12435,-1.28658,-0.107455
20.77,-1.76619,-2.26399,2.65596,-1.76992,-2.26563,2.65476,-1.84528,-2.36537,2,-1.91562,-2.42764,2.02283,1.81119,-1.41295,0,1.78285,-1.4742,0.02831,1.89229,-1.47622,0,2.14442,-1.26155,-0.109573
20.7801,-1.74788,-2.27815,2.65596,-1.75204,-2.28029,2.65504,-1.82615,-2.38017,2,-1.89408,-2.44014,2.02173,1.82252,-1.3983,1.46196e-18,1.79339,-1.4579,0.0275821,1.90413,-1.46092,0,2.16386,-1.23684,-0.111302
20.79,-1.72969,-2.29199,2.65596,-1.73405,-2.29479,2.65532,-1.80714,-2.39463,2,-1.87235,-2.45238,2.02061,1.83359,-1.38375,0,1.80387,-1.4415,0.0267748,1.9157,-1.44571,0,2.18274,-1.21246,-0.112643
20.8,-1.71129,-2.30576,2.65596,-1.71596,-2.30912,2.65558,-1.78792,-2.40902,2,-1.85043,-2.46439,2.01947,1.84461,-1.36903,1.46196e-18,1.81441,-1.42497,0.0258801,1.92721,-1.43033,0,2.20113,-1.18841,-0.11361
20.81,-1.6929,-2.3193,2.65596,-1.69776,-2.32329,2.65583,-1.76871,-2.42315,2,-1.82833,-2.47615,2.01833,1.85544,-1.35432,1.46196e-18,1.82501,-1.40831,0.0249046,1.93852,-1.41497,0,2.21903,-1.1647,-0.114208
20.82,-1.67428,-2.33277,2.65596,-1.67946,-2.33729,2.65608,-1.74925,-2.43723,2,-1.80605,-2.48768,2.01719,1.86622,-1.33942,1.46196e-18,1.83562,-1.39149,0.0238407,1.94979,-1.3994,0,2.23637,-1.14129,-0.11446
20.83,-1.65542,-2.34619,2.65596,-1.66105,-2.35112,2.65631,-1.72955,-2.45126,2,-1.7836,-2.49898,2.01605,1.87696,-1.32434,0,1.84613,-1.37448,0.0227074,1.96101,-1.38364,0,2.25302,-1.11819,-0.114363
20.84,-1.63674,-2.35927,2.65596,-1.64254,-2.36478,2.65653,-1.71003,-2.46491,2,-1.76099,-2.51005,2.0149,1.88741,-1.30939,-1.46196e-18,1.85657,-1.35734,0.0215122,1.97193,-1.36802,0,2.26902,-1.09544,-0.113928
20.85,-1.61778,-2.37231,2.65596,-1.62392,-2.37827,2.65674,-1.69022,-2.47854,2,-1.73822,-2.52089,2.01377,1.89784,-1.29422,-1.46196e-18,1.86709,-1.34006,0.0202496,1.98283,-1.35218,0,2.28446,-1.07304,-0.113178
20.86,-1.59882,-2.38513,2.65596,-1.60519,-2.39158,2.65694,-1.67041,-2.49193,2,-1.7153,-2.53151,2.01264,1.9081,-1.27905,-2.92392e-18,1.87768,-1.32267,0.0189271,1.99355,-1.33633,0,2.29934,-1.05104,-0.112126
20.8701,-1.57866,-2.39852,2.65596,-1.58636,-2.40472,2.65712,-1.64935,-2.50592,2,-1.69224,-2.54191,2.01153,1.91881,-1.26293,-1.46196e-18,1.88841,-1.30519,0.0175465,2.00474,-1.31948,0,2.31372,-1.02947,-0.110794
20.88,-1.56016,-2.41059,2.65596,-1.56743,-2.41768,2.65729,-1.63002,-2.51854,2,-1.66903,-2.5521,2.01043,1.92847,-1.24813,-1.46196e-18,1.89914,-1.2876,0.0161372,2.01483,-1.30402,0,2.32745,-1.0083,-0.109177
20.89,-1.5406,-2.42314,2.65596,-1.5522,-2.42793,2.65741,-1.60958,-2.53165,2,-1.65037,-2.5601,2.00956,1.93851,-1.23248,1.46196e-18,1.90772,-1.27348,0.0149923,2.02532,-1.28767,0,2.33796,-0.991693,-0.107692
20.9,-1.5214,-2.43524,2.65596,-1.53499,-2.43932,2.65754,-1.58953,-2.54429,2,-1.62928,-2.56894,2.0086,1.94819,-1.21712,-1.46196e-18,1.91734,-1.25753,0.0136529,2.03543,-1.27162,0,2.34924,-0.973345,-0.105867
20.91,-1.50202,-2.44724,2.65596,-1.51576,-2.4518,2.65767,-1.56928,-2.55682,2,-1.60572,-2.57858,2.00755,1.95779,-1.20162,0,1.928,-1.23977,0.0121433,2.04546,-1.25543,0,2.36106,-0.953407,-0.103625
20.92,-1.48229,-2.45924,2.65596,-1.49643,-2.46411,2.65778,-1.54867,-2.56936,2,-1.58206,-2.58801,2.00653,1.96739,-1.18583,0,1.93861,-1.222,0.0106686,2.05549,-1.23893,0,2.37207,-0.933977,-0.10112
20.93,-1.46248,-2.47107,2.65596,-1.47699,-2.47624,2.65788,-1.52797,-2.58172,2,-1.55828,-2.59726,2.00553,1.97686,-1.16999,0,1.94921,-1.20421,0.00921606,2.06538,-1.22238,0,2.38231,-0.915047,-0.0983988
20.94,-1.44259,-2.48274,2.65596,-1.4594,-2.48701,2.65796,-1.50719,-2.59391,2,-1.5368,-2.60542,2.00466,1.98619,-1.15407,0,1.95878,-1.18813,0.00792511,2.07513,-1.20575,0,2.39094,-0.898385,-0.0957915
20.95,-1.42288,-2.49408,2.65596,-1.43976,-2.4988,2.65803,-1.4866,-2.60577,2,-1.51285,-2.61431,2.00371,1.99527,-1.13831,0,1.96932,-1.17015,0.00651174,2.08461,-1.18928,0,2.39975,-0.880283,-0.0927409
20.96,-1.40291,-2.50537,2.65596,-1.42001,-2.51041,2.65809,-1.46573,-2.61756,2,-1.48881,-2.62302,2.0028,2.0043,-1.12233,0,1.97991,-1.1521,0.00512726,2.09405,-1.17258,0,2.40788,-0.862647,-0.0895471
20.9701,-1.38267,-2.5166,2.65596,-1.40016,-2.52184,2.65813,-1.44458,-2.62929,2,-1.4647,-2.63156,2.00192,2.01328,-1.10613,0,1.99048,-1.13394,0.00377874,2.10343,-1.15567,0,2.41526,-0.845447,-0.0862326
20.98,-1.36276,-2.52743,2.65596,-1.3802,-2.53309,2.65817,-1.42379,-2.64061,2,-1.44051,-2.63993,2.00108,2.02195,-1.09021,0,2.00096,-1.11565,0.00246807,2.11249,-1.13903,0,2.42184,-0.828656,-0.0828255
20.9901,-1.34223,-2.5384,2.65596,-1.36014,-2.54415,2.65818,-1.40234,-2.65207,2,-1.41626,-2.64814,2.00027,2.03072,-1.07379,-1.46196e-18,2.01141,-1.09729,0.00120066,2.12165,-1.12187,0,2.42772,-0.812327,-0.0793479
21.0001,-1.322,-2.54899,2.65596,-1.342,-2.55396,2.65819,-1.3812,-2.66314,2,-1.39439,-2.65539,1.99957,2.03919,-1.0576,1.46196e-18,2.02083,-1.08074,0.000106168,2.13051,-1.10496,0,2.43246,-0.798069,-0.0761706
21.01,-1.30173,-2.5594,2.65596,-1.32174,-2.56467,2.65819,-1.36002,-2.67401,2,-1.37004,-2.66329,1.99882,2.04752,-1.04138,0,2.0313,-1.06229,-0.00105674,2.13921,-1.08802,0,2.43712,-0.782664,-0.0726085
21.02,-1.28133,-2.56968,2.65596,-1.30137,-2.5752,2.65817,-1.3387,-2.68475,2,-1.34565,-2.67104,1.99811,2.05574,-1.02506,1.46196e-18,2.04176,-1.04377,-0.00217544,2.1478,-1.07096,0,2.44112,-0.767725,-0.0690472
21.03,-1.26052,-2.57995,2.65596,-1.2809,-2.58555,2.65814,-1.31697,-2.69548,2,-1.32122,-2.67864,1.99744,2.06396,-1.00842,0,2.05229,-1.02525,-0.00324799,2.15638,-1.05357,0,2.44456,-0.753284,-0.0655087
21.04,-1.23962,-2.59006,2.65596,-1.26033,-2.59571,2.6581,-1.29513,-2.70604,2,-1.29676,-2.68611,1.9968,2.07204,-0.991696,0,2.06287,-1.00665,-0.00426679,2.16483,-1.0361,0,2.44748,-0.739276,-0.0620075
21.05,-1.21895,-2.59985,2.65596,-1.23964,-2.60568,2.65806,-1.27353,-2.71627,2,-1.27227,-2.69343,1.9962,2.07988,-0.975158,-1.46196e-18,2.07346,-0.98803,-0.00523099,2.17302,-1.01883,0,2.44985,-0.72574,-0.0585623
21.06,-1.19809,-2.60952,2.65596,-1.21886,-2.61547,2.658,-1.25174,-2.72638,2,-1.24776,-2.70062,1.99563,2.08762,-0.958476,0,2.0841,-0.969379,-0.00613341,2.1811,-1.0014,0,2.45173,-0.712656,-0.055184
21.07,-1.17719,-2.61902,2.65596,-1.19796,-2.62507,2.65793,-1.22991,-2.7363,2,-1.22324,-2.70769,1.9951,2.09522,-0.941753,0,2.0948,-0.95069,-0.00697303,2.18904,-0.983924,0,2.45319,-0.700002,-0.0518878
21.08,-1.15568,-2.62858,2.65596,-1.17696,-2.63448,2.65786,-1.20743,-2.74629,2,-1.1987,-2.71462,1.99459,2.10287,-0.924546,1.46196e-18,2.10535,-0.931963,-0.00774782,2.19703,-0.965946,0,2.45405,-0.687767,-0.0486855
21.09,-1.13505,-2.63756,2.65596,-1.15586,-2.64371,2.65778,-1.18588,-2.75566,2,-1.17416,-2.72144,1.99412,2.11005,-0.908043,0,2.11579,-0.913193,-0.00845181,2.20453,-0.948704,0,2.45439,-0.675929,-0.0455828
21.1001,-1.11413,-2.64646,2.65596,-1.1389,-2.65095,2.65771,-1.16402,-2.76497,2,-1.15453,-2.72681,1.99377,2.11717,-0.891301,0,2.12404,-0.898188,-0.00896675,2.21198,-0.931213,0,2.45427,-0.666777,-0.0431816
21.1101,-1.0925,-2.65547,2.65596,-1.1176,-2.65984,2.65762,-1.14142,-2.77438,2,-1.12999,-2.73343,1.99335,2.12437,-0.873996,0,2.13421,-0.879425,-0.00959101,2.2195,-0.913133,0,2.45365,-0.655698,-0.0403289
21.12,-1.07132,-2.66408,2.65596,-1.09621,-2.66854,2.65752,-1.11929,-2.78338,2,-1.10545,-2.73993,1.99296,2.13126,-0.857057,0,2.14432,-0.860649,-0.0101575,2.2267,-0.895436,0,2.45256,-0.645009,-0.0376093
21.13,-1.05016,-2.67249,2.65596,-1.07472,-2.67705,2.65741,-1.09718,-2.79217,2,-1.08094,-2.74633,1.9926,2.138,-0.840124,0,2.15439,-0.84183,-0.0106433,2.23373,-0.877744,0,2.45106,-0.634663,-0.0350049
21.14,-1.02872,-2.68082,2.65596,-1.05312,-2.68538,2.65731,-1.07479,-2.80086,2,-1.05643,-2.75262,1.99226,2.14465,-0.822976,7.3098e-19,2.16432,-0.822996,-0.0110369,2.24069,-0.859829,0,2.4491,-0.624671,-0.0325082
21.15,-1.00752,-2.68886,2.65596,-1.03143,-2.69351,2.65719,-1.05264,-2.80926,2,-1.03195,-2.75882,1.99195,2.15108,-0.806019,7.3098e-19,2.17414,-0.804209,-0.0113365,2.24741,-0.842112,0,2.44675,-0.61508,-0.0301182
21.1601,-0.985826,-2.69689,2.65596,-1.00964,-2.70146,2.65708,-1.02997,-2.81765,2,-1.0075,-2.76493,1.99166,2.15751,-0.788661,7.3098e-19,2.18374,-0.785423,-0.0115597,2.25412,-0.823977,0,2.44393,-0.605826,-0.0278517
21.17,-0.96409,-2.70473,2.65596,-0.987758,-2.70922,2.65696,-1.00726,-2.82585,2,-0.983077,-2.77094,1.99139,2.16379,-0.771272,7.3098e-19,2.19324,-0.766597,-0.011706,2.26068,-0.805809,0,2.44081,-0.596854,-0.0257053
21.18,-0.942222,-2.71243,2.65596,-0.965778,-2.71679,2.65685,-0.984415,-2.83389,2,-0.958686,-2.77686,1.99114,2.16994,-0.753778,-7.3098e-19,2.20266,-0.747724,-0.011788,2.26711,-0.787532,0,2.43743,-0.588142,-0.0236872
21.19,-0.920675,-2.71982,2.65596,-0.943705,-2.72417,2.65673,-0.961902,-2.84161,2,-0.93433,-2.7827,1.99092,2.17585,-0.73654,0,2.21191,-0.728801,-0.0118109,2.27329,-0.769522,0,2.43374,-0.579666,-0.0217968
21.2,-0.899214,-2.72699,2.65596,-0.921541,-2.73137,2.65661,-0.93948,-2.8491,2,-0.910012,-2.78846,1.99071,2.18159,-0.719371,-7.3098e-19,2.22098,-0.709856,-0.0117774,2.27928,-0.751584,0,2.42977,-0.571434,-0.02003
21.21,-0.877269,-2.73413,2.65596,-0.899286,-2.73837,2.65649,-0.916552,-2.85656,2,-0.885735,-2.79413,1.99051,2.1873,-0.701815,7.3098e-19,2.22983,-0.690884,-0.0116989,2.28525,-0.733242,0,2.42551,-0.563416,-0.0183898
21.22,-0.855692,-2.74096,2.65596,-0.876945,-2.74519,2.65638,-0.894009,-2.86369,2,-0.861503,-2.79973,1.99034,2.19276,-0.684553,-7.3098e-19,2.2384,-0.671853,-0.011573,2.29096,-0.715207,0,2.42094,-0.55556,-0.0168639
21.23,-0.833511,-2.74778,2.65596,-0.854519,-2.75181,2.65626,-0.870835,-2.87083,2,-0.837318,-2.80524,1.99018,2.19823,-0.666809,-7.3098e-19,2.24663,-0.652817,-0.0113985,2.29666,-0.696668,0,2.41603,-0.547898,-0.0154405
21.24,-0.811318,-2.75442,2.65596,-0.832013,-2.75824,2.65615,-0.847648,-2.87776,2,-0.813183,-2.81069,1.99003,2.20353,-0.649054,-7.3098e-19,2.25453,-0.633771,-0.0111826,2.30221,-0.678119,0,2.41082,-0.540408,-0.0141151
21.25,-0.789103,-2.76086,2.65596,-0.80943,-2.76448,2.65604,-0.824439,-2.88449,2,-0.789102,-2.81605,1.98989,2.20869,-0.631283,0,2.26211,-0.614716,-0.0109416,2.30759,-0.659551,0,2.40534,-0.533067,-0.0128918
21.2601,-0.766922,-2.76711,2.65596,-0.786772,-2.77054,2.65593,-0.801264,-2.89102,2,-0.765077,-2.82135,1.98977,2.21369,-0.613538,0,2.26934,-0.595715,-0.0106711,2.31281,-0.641011,0,2.39957,-0.525923,-0.0117533
21.2701,-0.744965,-2.7731,2.65596,-0.76632,-2.77582,2.65583,-0.778324,-2.89728,2,-0.743506,-2.82605,1.98967,2.21848,-0.595972,0,2.2755,-0.578704,-0.0103965,2.31782,-0.622659,0,2.39411,-0.519687,-0.0107844
21.28,-0.72293,-2.77892,2.65596,-0.743532,-2.78151,2.65573,-0.755302,-2.90336,2,-0.719595,-2.83122,1.98957,2.22314,-0.578344,0,2.28205,-0.559791,-0.0100957,2.32269,-0.604242,0,2.38786,-0.512843,-0.00979621
21.29,-0.700728,-2.78461,2.65596,-0.72068,-2.78702,2.65563,-0.732106,-2.9093,2,-0.695749,-2.83631,1.98947,2.22768,-0.560582,0,2.28832,-0.540799,-0.00979704,2.32744,-0.585685,0,2.38144,-0.506014,-0.00888571
21.3,-0.677987,-2.79023,2.65596,-0.697767,-2.79233,2.65554,-0.708346,-2.91517,2,-0.671967,-2.84134,1.98939,2.23218,-0.542389,0,2.2944,-0.521741,-0.00947166,2.33214,-0.566677,0,2.37495,-0.499194,-0.00801036
21.31,-0.655649,-2.79556,2.65596,-0.674793,-2.79745,2.65544,-0.685009,-2.92075,2,-0.64825,-2.84629,1.98931,2.23645,-0.524519,0,2.30026,-0.502649,-0.00911969,2.3366,-0.548007,0,2.36841,-0.492388,-0.00715649
21.32,-0.633855,-2.80059,2.65596,-0.651762,-2.80238,2.65535,-0.662238,-2.92599,2,-0.624599,-2.85118,1.98925,2.24047,-0.507084,0,2.30592,-0.48354,-0.00875013,2.3408,-0.529791,0,2.36184,-0.485588,-0.00631989
21.3301,-0.611064,-2.80565,2.65596,-0.628675,-2.80712,2.65527,-0.638427,-2.93128,2,-0.601013,-2.85601,1.98919,2.24452,-0.488851,7.3098e-19,2.31141,-0.464394,-0.00836367,2.34503,-0.510742,0,2.35529,-0.478748,-0.00548784
21.34,-0.588695,-2.81042,2.65596,-0.605535,-2.81167,2.65519,-0.615057,-2.93627,2,-0.577493,-2.86076,1.98914,2.24834,-0.470956,0,2.31666,-0.445193,-0.00797708,2.34902,-0.492046,0,2.34874,-0.471822,-0.00466368
21.3501,-0.565978,-2.81509,2.65596,-0.584665,-2.8156,2.65512,-0.591322,-2.94115,2,-0.556381,-2.86498,1.9891,2.25207,-0.452782,7.3098e-19,2.32109,-0.427932,-0.00763089,2.35292,-0.473058,0,2.34277,-0.465562,-0.00392022
21.36,-0.543553,-2.8195,2.65596,-0.561431,-2.81978,2.65504,-0.567893,-2.94576,2,-0.532987,-2.8696,1.98906,2.2556,-0.434842,0,2.32568,-0.408708,-0.00726139,2.35661,-0.454314,0,2.33606,-0.458482,-0.00309474
21.37,-0.521064,-2.82375,2.65596,-0.540482,-2.82338,2.65498,-0.544396,-2.95019,2,-0.511989,-2.87369,1.98904,2.259,-0.416851,-7.3098e-19,2.32957,-0.391427,-0.00693942,2.36015,-0.435517,0,2.33,-0.452051,-0.00234068
21.38,-0.4985,-2.82782,2.65596,-0.517166,-2.8272,2.65491,-0.520822,-2.95444,2,-0.488723,-2.87818,1.98902,2.26225,-0.3988,0,2.33358,-0.372295,-0.00659968,2.36356,-0.416658,0,2.3232,-0.444866,-0.00148716
21.39,-0.475965,-2.8317,2.65596,-0.493811,-2.83083,2.65485,-0.497279,-2.9585,2,-0.465525,-2.88259,1.98901,2.26536,-0.380772,3.6549e-19,2.33741,-0.353171,-0.00626773,2.3668,-0.397823,0,2.31648,-0.437558,-0.000596732
21.4,-0.453034,-2.83546,2.65596,-0.470418,-2.83426,2.65478,-0.473321,-2.96243,2,-0.442394,-2.88693,1.98901,2.26836,-0.362427,0,2.34106,-0.334065,-0.00594226,2.36994,-0.378656,0,2.30984,-0.430118,0.00034156
21.4101,-0.430231,-2.83901,2.65596,-0.44699,-2.83751,2.65473,-0.449497,-2.96613,2,-0.419328,-2.89119,1.98902,2.2712,-0.344185,0,2.34446,-0.315054,-0.00562513,2.37291,-0.359597,0,2.30326,-0.422597,0.00133478
21.4202,-0.407082,-2.84242,2.65596,-0.42353,-2.84057,2.65467,-0.425311,-2.9697,2,-0.396328,-2.89538,1.98903,2.27393,-0.325666,-3.6549e-19,2.34762,-0.296165,-0.00531587,2.37576,-0.340249,0,2.29675,-0.414997,0.00239092
21.43,-0.385254,-2.84546,2.65596,-0.400039,-2.84343,2.65462,-0.402506,-2.97288,2,-0.373393,-2.89949,1.98906,2.27637,-0.308203,0,2.3505,-0.277338,-0.0050176,2.3783,-0.322005,0,2.2903,-0.40724,0.0035135
21.44,-0.362217,-2.84848,2.65596,-0.378874,-2.84585,2.65458,-0.378437,-2.97604,2,-0.352806,-2.90313,1.9891,2.27879,-0.289774,-3.6549e-19,2.3528,-0.260421,-0.00477148,2.38083,-0.302749,0,2.2845,-0.400084,0.00457257
21.45,-0.338913,-2.85135,2.65596,-0.355334,-2.84836,2.65453,-0.354089,-2.97903,2,-0.329993,-2.90709,1.98915,2.28108,-0.27113,3.6549e-19,2.35507,-0.241606,-0.00455672,2.38322,-0.283271,0,2.27813,-0.391866,0.00577372
21.46,-0.316163,-2.85396,2.65596,-0.338843,-2.85001,2.6545,-0.33032,-2.98176,2,-0.307243,-2.91096,1.98922,2.28317,-0.25293,3.6549e-19,2.35656,-0.228431,-0.00443049,2.38541,-0.264256,0,2.27191,-0.383377,0.00702531
21.47,-0.293833,-2.85635,2.65596,-0.308192,-2.85282,2.65444,-0.306991,-2.98425,2,-0.284555,-2.91475,1.98929,2.28508,-0.235066,0,2.35894,-0.204032,-0.00435446,2.3874,-0.245593,0,2.26576,-0.374671,0.00822243
21.48,-0.271028,-2.8586,2.65596,-0.284595,-2.85477,2.6544,-0.283165,-2.98661,2,-0.261928,-2.91845,1.98938,2.28688,-0.216823,0,2.36058,-0.185418,-0.00462233,2.38929,-0.226532,0,2.25977,-0.365792,0.00921551
21.49,-0.247904,-2.8607,2.65596,-0.260982,-2.85653,2.65435,-0.259005,-2.9888,2,-0.239359,-2.92207,1.98947,2.28856,-0.198324,0,2.36197,-0.167063,-0.00561564,2.39104,-0.207204,0,2.25396,-0.356769,0.00957167
21.5,-0.225089,-2.86258,2.65596,-0.237356,-2.85811,2.65428,-0.235169,-2.99077,2,-0.216848,-2.92559,1.98957,2.29007,-0.180072,-1.82745e-19,2.36311,-0.148852,-0.00696771,2.39261,-0.188135,0,2.24836,-0.347501,0.00965866
21.5102,-0.201693,-2.86433,2.65596,-0.21372,-2.85951,2.65421,-0.210724,-2.99259,2,-0.194391,-2.92902,1.98967,2.29146,-0.161354,-1.82745e-19,2.36401,-0.130742,-0.00873681,2.39407,-0.168579,0,2.24298,-0.337944,0.00941584
21.52,-0.179103,-2.86583,2.65596,-0.190076,-2.86072,2.65411,-0.187123,-2.99416,2,-0.171987,-2.93235,1.98976,2.29266,-0.143282,0,2.36473,-0.112759,-0.0111395,2.39533,-0.149699,0,2.23786,-0.328093,0.00862107
21.53,-0.156272,-2.86716,2.65596,-0.166426,-2.86176,2.65398,-0.163269,-2.99555,2,-0.149633,-2.93558,1.98984,2.29373,-0.125017,0,2.36524,-0.0949407,-0.0139176,2.39644,-0.130616,0,2.23298,-0.317994,0.00752922
21.5399,-0.133048,-2.86834,2.65596,-0.142773,-2.86262,2.65383,-0.139005,-2.99678,2,-0.127327,-2.93871,1.98991,2.29467,-0.106438,0,2.36546,-0.0772326,-0.0168851,2.39742,-0.111204,0,2.22826,-0.307593,0.00632146
21.5506,-0.108792,-2.86936,2.65596,-0.123849,-2.86318,2.65368,-0.113664,-2.99785,2,-0.109516,-2.94113,1.98995,2.29549,-0.087034,0,2.36545,-0.06309,-0.0193763,2.39828,-0.0909313,0,2.22461,-0.298993,0.00528679
21.56,-0.0874933,-2.87009,2.65596,-0.100196,-2.86373,2.65347,-0.0914112,-2.99861,2,-0.0872922,-2.94407,1.99,2.29607,-0.0699946,0,2.36513,-0.0453823,-0.0222795,2.39889,-0.073129,0,2.22013,-0.287856,0.0042618
21.5701,-0.0642586,-2.8707,2.65596,-0.0765464,-2.86409,2.65324,-0.0671361,-2.99925,2,-0.0651121,-2.94689,1.99004,2.29656,-0.0514069,0,2.36472,-0.0277124,-0.0249834,2.3994,-0.0537089,0,2.21593,-0.276371,0.00349477
21.58,-0.0418303,-2.87111,2.65596,-0.0529019,-2.86428,2.65297,-0.0437034,-2.99968,2,-0.0429729,-2.94959,1.99007,2.29689,-0.0334642,-4.56862e-20,2.36416,-0.0101246,-0.0278487,2.39975,-0.0349627,0,2.21193,-0.264547,0.00261416
21.5901,-0.0182594,-2.87136,2.65596,-0.0292641,-2.8643,2.65268,-0.0190771,-2.99994,2,-0.0208728,-2.95218,1.99009,2.29709,-0.0146076,0,2.36337,0.00734196,-0.0309369,2.39995,-0.0152617,0,2.20812,-0.252397,0.00154778
21.6,0.0040642,-2.87142,2.65596,-0.00563533,-2.86413,2.65236,0.00424619,-3,2,0.00119012,-2.95464,1.9901,2.29713,0.00325136,0,2.36236,0.0247954,-0.0339038,2.4,0.00339695,0,2.20451,-0.239824,0.00063296
21.61,0.0274338,-2.87129,2.65596,0.0179824,-2.8638,2.652,0.0286623,-2.99986,2,0.0232181,-2.95697,1.9901,2.29703,0.0219471,0,2.36117,0.0422164,-0.0370168,2.39989,0.0229298,0,2.20114,-0.226831,-0.000409428
21.6201,0.0505099,-2.87098,2.65596,0.0415877,-2.86329,2.65162,0.0527717,-2.99954,2,0.0452137,-2.95918,1.9901,2.29678,0.040408,-4.56862e-20,2.35985,0.0596464,-0.0397585,2.39963,0.0422174,0,2.19803,-0.213394,-0.00106933
21.6301,0.0736933,-2.87047,2.65596,0.0651792,-2.86261,2.65121,0.0769933,-2.99901,2,0.06718,-2.96124,1.99008,2.29638,0.0589547,0,2.35844,0.0770863,-0.042125,2.39921,0.0615946,0,2.19527,-0.199502,-0.00135444
21.6405,0.0975814,-2.86976,2.65596,0.0887557,-2.86175,2.65078,0.101951,-2.99827,2,0.0891198,-2.96316,1.99007,2.29581,0.0780651,9.13725e-20,2.35683,0.0945596,-0.0440772,2.39861,0.0815608,0,2.19274,-0.185123,-0.00123779
21.6501,0.119107,-2.86895,2.65596,0.112315,-2.86071,2.65033,0.124441,-2.99742,2,0.111036,-2.96494,1.99006,2.29516,0.0952857,0,2.35505,0.112087,-0.0454553,2.39793,0.0995525,0,2.19048,-0.170232,-0.000571298
21.66,0.142363,-2.86789,2.65596,0.135856,-2.85951,2.64987,0.148738,-2.99631,2,0.13293,-2.96657,1.99006,2.29431,0.11389,0,2.35311,0.129505,-0.0467549,2.39705,0.11899,0,2.18849,-0.154977,0.000134844
21.67,0.165119,-2.86667,2.65596,0.159377,-2.85812,2.6494,0.172513,-2.99504,2,0.154807,-2.96804,1.99007,2.29333,0.132095,0,2.35101,0.146975,-0.0476068,2.39603,0.13801,0,2.18681,-0.139192,0.00123699
21.68,0.18806,-2.86525,2.65596,0.182876,-2.85657,2.64892,0.196481,-2.99356,2,0.176667,-2.96935,1.99009,2.2922,0.150448,-1.82745e-19,2.3487,0.164475,-0.0480053,2.39485,0.157185,0,2.18538,-0.122895,0.00272698
21.69,0.210972,-2.86366,2.65596,0.20635,-2.85484,2.64844,0.22042,-2.99189,2,0.198515,-2.97049,1.99012,2.29093,0.168778,0,2.34612,0.181951,-0.0480042,2.39351,0.176336,0,2.18414,-0.106135,0.00453757
21.7,0.233981,-2.86187,2.65596,0.229797,-2.85293,2.64796,0.244459,-2.99002,2,0.220351,-2.97147,1.99018,2.2895,0.187185,0,2.34326,0.199486,-0.0475813,2.39202,0.195567,0,2.18307,-0.0888281,0.00667756
21.71,0.256512,-2.85994,2.65596,0.250874,-2.85106,2.64753,0.267999,-2.98801,2,0.239994,-2.9722,1.99025,2.28795,0.20521,0,2.34042,0.215206,-0.0469053,2.3904,0.214399,0,2.18223,-0.0728934,0.0088089
21.72,0.279557,-2.85778,2.65596,0.274261,-2.84882,2.64707,0.292076,-2.98575,2,0.261813,-2.97284,1.99035,2.28622,0.223646,0,2.33705,0.232646,-0.0457916,2.3886,0.23366,0,2.18151,-0.0547559,0.0114291
21.73,0.302357,-2.85546,2.65596,0.295281,-2.84666,2.64666,0.315896,-2.98332,2,0.281444,-2.97325,1.99046,2.28436,0.241885,0,2.33387,0.248309,-0.0445682,2.38666,0.252717,0,2.18106,-0.0380676,0.0139026
21.74,0.325351,-2.85293,2.65596,0.309277,-2.84514,2.6464,0.33992,-2.98068,2,0.29453,-2.97345,1.99055,2.28234,0.260281,0,2.33166,0.258765,-0.0436288,2.38454,0.271936,0,2.18084,-0.0267232,0.0156161
21.7502,0.348373,-2.85021,2.65596,0.33723,-2.84191,2.64589,0.363973,-2.97784,2,0.320699,-2.97363,1.99076,2.28017,0.278699,-3.6549e-19,2.32711,0.279659,-0.0419323,2.38227,0.291179,0,2.18067,-0.00358339,0.0187139
21.76,0.370896,-2.84736,2.65596,0.360482,-2.83902,2.64547,0.387505,-2.97487,2,0.342506,-2.97357,1.99096,2.27789,0.296717,0,2.32337,0.297056,-0.0410483,2.37989,0.310004,0,2.18084,0.0160865,0.0206241
21.77,0.393722,-2.8443,2.65596,0.383697,-2.83596,2.64507,0.411353,-2.97166,2,0.364316,-2.97331,1.99117,2.27544,0.314978,0,2.31959,0.314483,-0.0403769,2.37733,0.329082,0,2.18122,0.0361566,0.0221835
21.78,0.416458,-2.84106,2.65596,0.406874,-2.83273,2.64467,0.435106,-2.96828,2,0.386131,-2.97284,1.9914,2.27285,0.333166,0,2.31569,0.331962,-0.0394857,2.37462,0.348085,0,2.18183,0.0567074,0.0238007
21.79,0.439273,-2.83762,2.65596,0.43001,-2.82933,2.64428,0.458943,-2.96469,2,0.407953,-2.97217,1.99165,2.2701,0.351418,-3.6549e-19,2.31162,0.349455,-0.0383094,2.37175,0.367155,0,2.18263,0.0776975,0.0255323
21.8,0.462522,-2.83392,2.65596,0.453105,-2.82574,2.6439,0.483234,-2.96082,2,0.429784,-2.97129,1.99191,2.26714,0.370018,0,2.3073,0.366975,-0.036799,2.36866,0.386587,0,2.18349,0.0991303,0.0274211
21.81,0.484794,-2.8302,2.65596,0.476156,-2.82199,2.64354,0.506503,-2.95693,2,0.451623,-2.97019,1.99219,2.26416,0.387835,0,2.30277,0.384516,-0.0350377,2.36555,0.405202,0,2.18447,0.120998,0.029377
21.82,0.506936,-2.82632,2.65596,0.49916,-2.81805,2.6432,0.529637,-2.95288,2,0.473473,-2.96887,1.9925,2.26105,0.405549,0,2.29803,0.402083,-0.0331382,2.3623,0.423709,0,2.18555,0.143288,0.0312834
21.8301,0.529861,-2.82211,2.65596,0.522116,-2.81394,2.64288,0.553588,-2.94848,2,0.495335,-2.96732,1.99282,2.25769,0.423889,-7.3098e-19,2.2932,0.419604,-0.0311655,2.35878,0.44287,0,2.18683,0.165922,0.0330713
21.84,0.552673,-2.81773,2.65596,0.545023,-2.80966,2.64258,0.577421,-2.94391,2,0.51721,-2.96555,1.99316,2.25418,0.442138,-7.3098e-19,2.28826,0.437132,-0.0290985,2.35513,0.461937,0,2.1883,0.188951,0.034756
21.8502,0.575173,-2.81322,2.65596,0.567881,-2.8052,2.6423,0.600929,-2.9392,2,0.539102,-2.96354,1.99351,2.25058,0.460138,0,2.2833,0.454682,-0.0269463,2.35136,0.480743,0,2.19003,0.212382,0.0363259
21.86,0.597387,-2.80859,2.65596,0.590689,-2.80057,2.64204,0.624138,-2.93436,2,0.561012,-2.9613,1.99389,2.24687,0.47791,0,2.2783,0.472177,-0.0247392,2.34749,0.49931,0,2.19198,0.236122,0.0377505
21.8702,0.620297,-2.80362,2.65596,0.613447,-2.79576,2.6418,0.648073,-2.92916,2,0.576361,-2.95959,1.99415,2.2429,0.496237,7.3098e-19,2.27316,0.489562,-0.0225101,2.34333,0.518459,0,2.19342,0.252878,0.0386465
21.88,0.642268,-2.79867,2.65596,0.636152,-2.79078,2.64159,0.671028,-2.92399,2,0.604894,-2.9561,1.99466,2.23893,0.513814,0,2.2679,0.506948,-0.0202608,2.33919,0.536822,0,2.19629,0.284453,0.0400572
21.89,0.664414,-2.79349,2.65596,0.658804,-2.78562,2.6414,0.694166,-2.91858,2,0.626868,-2.95313,1.99507,2.23479,0.531531,0,2.26252,0.524343,-0.0180266,2.33487,0.555333,0,2.19863,0.309133,0.0409062
21.9,0.687037,-2.78802,2.65596,0.681402,-2.78029,2.64123,0.717802,-2.91286,2,0.648866,-2.94991,1.99548,2.23041,0.549629,0,2.25698,0.541619,-0.0157947,2.33029,0.574241,0,2.20104,0.334016,0.0415561
21.9101,0.709544,-2.78237,2.65596,0.703943,-2.77479,2.64108,0.741317,-2.90697,2,0.670889,-2.94645,1.9959,2.2259,0.567635,-7.3098e-19,2.25127,0.558773,-0.0135565,2.32557,0.593053,0,2.20351,0.359099,0.0420161
21.9203,0.731788,-2.77661,2.65596,0.726427,-2.76911,2.64096,0.764557,-2.90094,2,0.692937,-2.94273,1.99632,2.22128,0.585431,-7.3098e-19,2.24546,0.575822,-0.0113127,2.32075,0.611646,0,2.2061,0.384379,0.0422926
21.9302,0.753925,-2.77068,2.65596,0.748852,-2.76327,2.64086,0.787686,-2.89475,2,0.715012,-2.93876,1.99675,2.21654,0.60314,0,2.23961,0.592862,-0.00911235,2.3158,0.630149,0,2.20882,0.409928,0.042345
21.9401,0.775914,-2.7646,2.65596,0.771219,-2.75726,2.64077,0.810659,-2.8884,2,0.737114,-2.93453,1.99717,2.21168,0.620731,-1.46196e-18,2.23365,0.609897,-0.00695278,2.31072,0.648527,0,2.21162,0.435738,0.0421843
21.9501,0.798202,-2.75825,2.65596,0.793525,-2.75107,2.64072,0.833945,-2.88176,2,0.759244,-2.93004,1.99759,2.2066,0.638562,0,2.22756,0.626865,-0.00482351,2.30541,0.667156,0,2.21445,0.46173,0.0418286
21.9602,0.820583,-2.75167,2.65596,0.815769,-2.74472,2.64068,0.857329,-2.87489,2,0.781402,-2.92529,1.998,2.20134,0.656467,-7.3098e-19,2.22124,0.643706,-0.00270425,2.29991,0.685863,0,2.21722,0.487839,0.0413054
21.9701,0.841874,-2.74523,2.65596,0.837949,-2.7382,2.64066,0.879572,-2.86816,2,0.803588,-2.92029,1.99841,2.19619,0.673499,0,2.21476,0.660458,-0.000606655,2.29453,0.703658,0,2.21995,0.514083,0.0406146
21.98,0.863743,-2.73843,2.65596,0.860063,-2.73151,2.64067,0.902421,-2.86106,2,0.825801,-2.91501,1.99882,2.19074,0.690995,0,2.20802,0.677122,0.00142985,2.28884,0.721937,0,2.22255,0.540437,0.0397318
21.99,0.885477,-2.73148,2.65596,0.882109,-2.72466,2.64069,0.925128,-2.85379,2,0.848039,-2.90948,1.99921,2.18518,0.708381,-7.3098e-19,2.2011,0.693706,0.00340065,2.28304,0.740102,0,2.22507,0.566897,0.0386631
22.0001,0.907894,-2.72411,2.65596,0.904085,-2.71764,2.64073,0.948549,-2.84609,2,0.870302,-2.90367,1.99959,2.17929,0.726315,-7.3098e-19,2.19405,0.710333,0.0053163,2.27688,0.758839,0,2.22754,0.593572,0.0374312
22.01,0.929035,-2.71697,2.65596,0.925989,-2.71045,2.6408,0.970636,-2.83864,2,0.892589,-2.8976,1.99996,2.17358,0.743228,0,2.18675,0.726977,0.00716377,2.27091,0.776509,0,2.22985,0.620418,0.0360374
22.02,0.950774,-2.70944,2.65596,0.94782,-2.7031,2.64088,0.99335,-2.83077,2,0.914899,-2.89127,2.00031,2.16755,0.76062,1.46196e-18,2.17931,0.743615,0.00892645,2.26462,0.79468,0,2.23205,0.647389,0.0344825
22.03,0.972842,-2.7016,2.65596,0.969575,-2.69558,2.64097,1.0164,-2.82257,2,0.93723,-2.88466,2.00064,2.16128,0.778273,-7.3098e-19,2.17173,0.760232,0.0106193,2.25806,0.813124,0,2.23415,0.67446,0.0327931
22.04,0.99382,-2.69395,2.65596,0.991254,-2.68789,2.64109,1.03832,-2.81458,2,0.959582,-2.87778,2.00096,2.15516,0.795056,1.46196e-18,2.16409,0.776831,0.0122464,2.25167,0.830658,0,2.2362,0.701627,0.0309866
22.05,1.01608,-2.68564,2.65596,1.01286,-2.68004,2.64122,1.06158,-2.8059,2,0.981953,-2.87062,2.00126,2.14851,0.812861,7.3098e-19,2.15633,0.793387,0.0137839,2.24472,0.84926,0,2.23812,0.72884,0.029057
22.0601,1.03713,-2.67758,2.65596,1.03438,-2.67203,2.64136,1.08357,-2.79748,2,1.00434,-2.8632,2.00154,2.14206,0.829702,0,2.14841,0.809797,0.015282,2.23798,0.866856,0,2.23985,0.755989,0.0270667
22.0703,1.05889,-2.66904,2.65596,1.05582,-2.66385,2.64152,1.10631,-2.78856,2,1.02675,-2.8555,2.00181,2.13524,0.847114,-1.46196e-18,2.14036,0.826103,0.0167298,2.23085,0.885048,0,2.24142,0.783098,0.0250213
22.08,1.07951,-2.66077,2.65596,1.07719,-2.6555,2.6417,1.12785,-2.77992,2,1.04917,-2.84754,2.00205,2.12862,0.86361,-1.46196e-18,2.13228,0.842414,0.0181103,2.22394,0.902282,0,2.2429,0.810259,0.0229191
22.09,1.10104,-2.65194,2.65596,1.09422,-2.64871,2.64185,1.15034,-2.77069,2,1.06712,-2.84097,2.00222,2.12155,0.880832,0,2.12576,0.855489,0.0191374,2.21655,0.920275,0,2.24397,0.832032,0.0211797
22.1001,1.1224,-2.64296,2.65596,1.11544,-2.64008,2.64204,1.17266,-2.76131,2,1.08956,-2.83251,2.00242,2.11437,0.897923,0,2.11752,0.871697,0.0199554,2.20905,0.938132,0,2.24512,0.859076,0.0185916
22.11,1.1432,-2.63403,2.65596,1.13657,-2.63128,2.64225,1.19439,-2.75199,2,1.11202,-2.82379,2.00259,2.10723,0.914561,0,2.10918,0.887833,0.0206325,2.20159,0.955515,0,2.24602,0.885989,0.0159357
22.12,1.1643,-2.62478,2.65596,1.15762,-2.62232,2.64246,1.21644,-2.74231,2,1.13448,-2.81479,2.00274,2.09982,0.931441,-1.46196e-18,2.10072,0.903915,0.021342,2.19385,0.973151,0,2.24665,0.912791,0.0133937
22.13,1.18508,-2.61546,2.65596,1.17858,-2.6132,2.64267,1.23814,-2.73258,2,1.15695,-2.80553,2.00286,2.09237,0.948062,0,2.09204,0.919946,0.0220915,2.18606,0.990516,0,2.24691,0.939499,0.010978
22.14,1.20624,-2.60577,2.65596,1.19946,-2.60392,2.6429,1.26026,-2.72245,2,1.17942,-2.796,2.00296,2.08461,0.964994,0,2.08334,0.936021,0.0228454,2.17796,1.00821,0,2.24699,0.966184,0.00866738
22.1502,1.22761,-2.59577,2.65596,1.22025,-2.59448,2.64313,1.28258,-2.71201,2,1.20189,-2.78621,2.00304,2.07662,0.982086,0,2.0745,0.951964,0.0236257,2.16961,1.02606,0,2.24675,0.99265,0.00649878
22.16,1.24788,-2.58609,2.65596,1.24095,-2.58488,2.64337,1.30376,-2.70189,2,1.22436,-2.77615,2.00309,2.06887,0.998303,0,2.06559,0.967873,0.0244029,2.16151,1.04301,0,2.24625,1.01898,0.0044545
22.17,1.26831,-2.57613,2.65596,1.26156,-2.57512,2.64362,1.3251,-2.69149,2,1.24682,-2.76583,2.00313,2.0609,1.01465,-1.46196e-18,2.05665,0.983835,0.0251272,2.15319,1.06008,0,2.24549,1.04524,0.0024974
22.18,1.28908,-2.5658,2.65596,1.28208,-2.5652,2.64387,1.3468,-2.6807,2,1.26927,-2.75525,2.00314,2.05264,1.03126,0,2.0476,0.999758,0.0257898,2.14456,1.07744,0,2.24441,1.07132,0.000627994
22.19,1.3096,-2.55539,2.65596,1.30251,-2.55513,2.64413,1.36824,-2.66982,2,1.2917,-2.7444,2.00314,2.04431,1.04768,0,2.03839,1.01565,0.0264045,2.13585,1.09459,0,2.24294,1.09723,-0.00113319
22.2,1.32977,-2.54495,2.65596,1.32285,-2.54489,2.6444,1.38931,-2.65891,2,1.31412,-2.7333,2.00312,2.03596,1.06381,1.46196e-18,2.02919,1.03162,0.026939,2.12713,1.11145,0,2.24124,1.12306,-0.00280944
22.21,1.35,-2.53427,2.65596,1.3431,-2.5345,2.64467,1.41045,-2.64776,2,1.33653,-2.72194,2.00308,2.02742,1.08,0,2.01997,1.04758,0.0274194,2.11821,1.12836,0,2.23925,1.14869,-0.00436599
22.22,1.37054,-2.52322,2.65596,1.36325,-2.52394,2.64495,1.43192,-2.63621,2,1.35891,-2.71033,2.00303,2.01858,1.09644,0,2.01066,1.06347,0.0278334,2.10897,1.14553,0,2.23691,1.17407,-0.00581104
22.2301,1.39057,-2.51224,2.65596,1.38331,-2.51323,2.64523,1.45284,-2.62474,2,1.38126,-2.69846,2.00297,2.00979,1.11246,0,2.00123,1.07935,0.0281763,2.09979,1.16227,0,2.23417,1.19924,-0.00714572
22.24,1.41061,-2.50105,2.65596,1.40327,-2.50235,2.64551,1.47378,-2.61304,2,1.40359,-2.68634,2.00289,2.00084,1.12849,1.46196e-18,1.99166,1.09521,0.0284443,2.09043,1.17902,0,2.23099,1.22419,-0.00836789
22.2503,1.43153,-2.48913,2.65596,1.42314,-2.49132,2.6458,1.49563,-2.60059,2,1.42588,-2.67398,2.0028,1.99131,1.14522,0,1.98198,1.11111,0.0286327,2.08048,1.1965,0,2.2274,1.24895,-0.00947866
22.2601,1.4508,-2.47795,2.65596,1.44291,-2.48013,2.64609,1.51576,-2.58891,2,1.44814,-2.66137,2.0027,1.98236,1.16064,-1.46196e-18,1.97218,1.12705,0.0287138,2.07113,1.21261,0,2.22337,1.27351,-0.0105036
22.27,1.4701,-2.46655,2.65596,1.46259,-2.46878,2.64637,1.53593,-2.577,2,1.47035,-2.64851,2.00259,1.97324,1.17608,0,1.96231,1.14296,0.0287017,2.0616,1.22874,0,2.21893,1.29778,-0.0114244
22.2801,1.49026,-2.45442,2.65596,1.48216,-2.45727,2.64666,1.55699,-2.56433,2,1.49251,-2.63541,2.00247,1.96354,1.19221,0,1.95235,1.15885,0.0285959,2.05146,1.24559,0,2.21404,1.32175,-0.012244
22.29,1.5094,-2.4427,2.65596,1.50163,-2.4456,2.64694,1.57699,-2.55208,2,1.51463,-2.62208,2.00235,1.95416,1.20752,-1.46196e-18,1.94248,1.17483,0.0283964,2.04166,1.26159,0,2.20889,1.34553,-0.0129681
22.3,1.52895,-2.43051,2.65596,1.52101,-2.43377,2.64723,1.59741,-2.53934,2,1.53669,-2.6085,2.00221,1.94441,1.22316,1.46196e-18,1.9326,1.19087,0.0281124,2.03147,1.27793,0,2.20336,1.36911,-0.0135874
22.31,1.54871,-2.41796,2.65596,1.54028,-2.42179,2.64751,1.61806,-2.52624,2,1.55869,-2.59469,2.00207,1.93437,1.23897,-1.46196e-18,1.92254,1.2069,0.0277616,2.02099,1.29445,0,2.19729,1.39237,-0.0140881
22.32,1.56762,-2.40574,2.65596,1.55946,-2.40964,2.64778,1.63782,-2.51347,2,1.58063,-2.58066,2.00193,1.9246,1.2541,0,1.91244,1.22294,0.0273475,2.01078,1.31026,0,2.1908,1.41535,-0.0144747
22.33,1.58697,-2.39303,2.65596,1.57853,-2.39733,2.64805,1.65803,-2.50019,2,1.60251,-2.56639,2.00178,1.91442,1.26957,0,1.90232,1.23895,0.0268619,2.00015,1.32643,0,2.18392,1.43799,-0.0147588
22.34,1.60588,-2.38038,2.65596,1.59751,-2.38486,2.64832,1.67779,-2.48697,2,1.62431,-2.5519,2.00164,1.9043,1.2847,1.46196e-18,1.89212,1.25503,0.0262995,1.98958,1.34223,0,2.17655,1.46038,-0.0149524
22.3501,1.62563,-2.36694,2.65596,1.61638,-2.37223,2.64858,1.69842,-2.47293,2,1.64604,-2.53718,2.00149,1.89355,1.3005,-1.46196e-18,1.88192,1.2712,0.0256916,1.97834,1.35874,0,2.16879,1.48253,-0.0150314
22.3601,1.64414,-2.35412,2.65596,1.63514,-2.35943,2.64883,1.71776,-2.45953,2,1.66768,-2.52225,2.00134,1.88329,1.31531,1.46196e-18,1.87168,1.28737,0.0250232,1.96763,1.37421,0,2.1606,1.50436,-0.0150192
22.37,1.66268,-2.34105,2.65596,1.65381,-2.34648,2.64908,1.73714,-2.44589,2,1.68925,-2.5071,2.00119,1.87284,1.33015,1.46196e-18,1.86139,1.30347,0.0243113,1.95671,1.38971,0,2.15194,1.52578,-0.0149072
22.3801,1.68126,-2.32775,2.65596,1.67237,-2.33336,2.64932,1.75655,-2.43198,2,1.71072,-2.49173,2.00104,1.8622,1.34501,0,1.85108,1.31959,0.0235393,1.94559,1.40524,0,2.14286,1.54688,-0.0147226
22.39,1.69954,-2.31444,2.65596,1.69083,-2.32009,2.64955,1.77565,-2.41807,2,1.7321,-2.47616,2.00089,1.85155,1.35963,0,1.84074,1.33561,0.0227387,1.93446,1.42052,0,2.13335,1.56753,-0.0144449
22.4,1.71837,-2.30049,2.65596,1.70919,-2.30665,2.64977,1.79532,-2.40351,2,1.75339,-2.46038,2.00075,1.84039,1.37469,2.92392e-18,1.83021,1.35144,0.0219423,1.9228,1.43625,0,2.12325,1.58765,-0.0140514
22.4101,1.73688,-2.28655,2.65596,1.72743,-2.29306,2.64999,1.81465,-2.38894,2,1.77457,-2.44441,2.00061,1.82924,1.3895,-1.46196e-18,1.81957,1.36716,0.0211351,1.91115,1.45172,0,2.11265,1.60733,-0.0135681
22.42,1.7553,-2.27244,2.65596,1.74558,-2.27931,2.6502,1.8339,-2.3742,2,1.79564,-2.42824,2.00048,1.81795,1.40424,1.46196e-18,1.80875,1.38261,0.0203205,1.89936,1.46712,0,2.10147,1.62637,-0.0129997
22.43,1.77323,-2.25847,2.65596,1.76361,-2.26541,2.65039,1.85264,-2.3596,2,1.81659,-2.41188,2.00035,1.80678,1.41859,1.46196e-18,1.79779,1.39797,0.019468,1.88768,1.48211,0,2.08976,1.64495,-0.0123854
22.44,1.79111,-2.24432,2.65596,1.78153,-2.25135,2.65059,1.87132,-2.34482,2,1.83743,-2.39534,2.00023,1.79545,1.43289,-1.46196e-18,1.78682,1.41332,0.0186067,1.87585,1.49705,0,2.07765,1.66313,-0.0117057
22.45,1.80913,-2.22982,2.65596,1.79935,-2.23714,2.65077,1.89014,-2.32967,2,1.85815,-2.37862,2.00012,1.78386,1.4473,0,1.7759,1.42862,0.0177455,1.86374,1.51211,0,2.06519,1.68088,-0.0109623
22.46,1.82677,-2.21539,2.65596,1.81705,-2.22278,2.65094,1.90857,-2.3146,2,1.87873,-2.36172,2.00001,1.77231,1.46142,0,1.76494,1.44388,0.0168777,1.85168,1.52686,0,2.05231,1.69819,-0.0101749
22.4701,1.84466,-2.20052,2.65596,1.83464,-2.20826,2.6511,1.92727,-2.29905,2,1.89919,-2.34466,1.99991,1.76041,1.47573,-1.46196e-18,1.75387,1.45913,0.0159997,1.83924,1.54181,0,2.03894,1.71511,-0.00936025
22.48,1.86209,-2.18579,2.65596,1.85213,-2.1936,2.65126,1.94547,-2.28367,2,1.91951,-2.32742,1.99982,1.74863,1.48967,0,1.74274,1.47432,0.0151209,1.82693,1.55638,0,2.02515,1.7316,-0.00852092
22.4901,1.87958,-2.17077,2.65596,1.86777,-2.18027,2.65139,1.96375,-2.26797,2,1.93768,-2.31177,1.99975,1.73661,1.50367,1.46196e-18,1.73275,1.4879,0.0143465,1.81438,1.571,0,2.01246,1.74602,-0.00773616
22.5002,1.89707,-2.1555,2.65596,1.88504,-2.16531,2.65153,1.98202,-2.25202,2,1.95773,-2.29424,1.99968,1.7244,1.51766,0,1.72171,1.50289,0.0134678,1.80162,1.58562,0,1.99806,1.76159,-0.0068783
22.51,1.91408,-2.14041,2.65596,1.9022,-2.15021,2.65166,1.99979,-2.23625,2,1.97764,-2.27654,1.99961,1.71233,1.53126,2.92392e-18,1.71053,1.51774,0.0126049,1.789,1.59983,0,1.98318,1.77661,-0.00600639
22.52,1.931,-2.12515,2.65596,1.91925,-2.13496,2.65178,2.01747,-2.22032,2,1.9974,-2.25871,1.99956,1.70012,1.5448,1.46196e-18,1.6992,1.53243,0.0117776,1.77625,1.61398,0,1.9678,1.79107,-0.00511089
22.5301,1.94838,-2.10923,2.65596,1.93618,-2.11956,2.6519,2.03563,-2.20368,2,2.017,-2.24073,1.99951,1.68739,1.5587,-1.46196e-18,1.68776,1.54698,0.0109799,1.76295,1.6285,0,1.95198,1.805,-0.00421105
22.5401,1.96524,-2.09353,2.65596,1.953,-2.10402,2.652,2.05325,-2.18728,2,2.03643,-2.22261,1.99947,1.67482,1.5722,0,1.6763,1.56162,0.0101985,1.74982,1.6426,0,1.93581,1.81862,-0.00332892
22.55,1.9814,-2.07825,2.65596,1.96971,-2.08833,2.6521,2.07013,-2.17131,2,2.05571,-2.20435,1.99945,1.6626,1.58512,-1.46196e-18,1.66472,1.5762,0.00942484,1.73705,1.6561,0,1.91922,1.8318,-0.00247944
22.5601,1.99817,-2.06213,2.65596,1.9863,-2.07249,2.65219,2.08765,-2.15447,2,2.07482,-2.18597,1.99942,1.6497,1.59854,1.46196e-18,1.65317,1.59097,0.00863935,1.72357,1.67012,0,1.90236,1.84478,-0.00169272
22.5699,2.01448,-2.0462,2.65596,2.00113,-2.05811,2.65227,2.10469,-2.13783,2,2.09187,-2.16932,1.99941,1.63696,1.61158,1.46196e-18,1.6428,1.60442,0.00792455,1.71026,1.68375,0,1.88696,1.85631,-0.00104511
22.58,2.03082,-2.02998,2.65596,2.0175,-2.04199,2.65234,2.12176,-2.12088,2,2.11065,-2.15069,1.9994,1.62399,1.62465,-1.46196e-18,1.63121,1.6194,0.00711053,1.69671,1.69741,0,1.86953,1.86883,-0.00041108
22.59,2.04694,-2.01372,2.65596,2.03051,-2.02899,2.6524,2.1386,-2.10389,2,2.12555,-2.1357,1.9994,1.61098,1.63755,0,1.62193,1.63145,0.00645697,1.68312,1.71088,0,1.85538,1.87864,4.01528e-05
22.6001,2.06305,-1.99722,2.65596,2.04667,-2.0126,2.65246,2.15543,-2.08665,2,2.14402,-2.11685,1.99941,1.59777,1.65044,-1.46196e-18,1.61035,1.64645,0.00544063,1.66932,1.72434,0,1.83749,1.89053,0.000333477
22.61,2.07875,-1.98087,2.65596,2.06272,-1.99606,2.65251,2.17184,-2.06957,2,2.1623,-2.09789,1.99941,1.5847,1.663,0,1.59876,1.66136,0.00442314,1.65566,1.73747,0,1.81934,1.90195,0.000544608
22.6201,2.09535,-1.9633,2.65596,2.07865,-1.97937,2.65254,2.18918,-2.05121,2,2.1804,-2.07882,1.99942,1.57064,1.67628,0,1.58727,1.6764,0.00350799,1.64097,1.75135,0,1.80103,1.91311,0.000769303
22.6301,2.11054,-1.94696,2.65596,2.09447,-1.96253,2.65258,2.20505,-2.03415,2,2.19832,-2.05963,1.99943,1.55757,1.68843,0,1.57571,1.69143,0.00270268,1.62732,1.76404,0,1.78242,1.92394,0.0010073
22.64,2.12578,-1.93032,2.65596,2.11016,-1.94555,2.6526,2.22097,-2.01675,2,2.21605,-2.04034,1.99944,1.54425,1.70062,-1.46196e-18,1.56409,1.70636,0.00200877,1.6134,1.77677,0,1.76354,1.93433,0.00125816
22.6501,2.14158,-1.91277,2.65596,2.12575,-1.92841,2.65262,2.23748,-1.99842,2,2.23359,-2.02095,1.99945,1.53021,1.71327,-1.46196e-18,1.5523,1.72102,0.00142824,1.59874,1.78998,0,1.74431,1.94415,0.00152037
22.6601,2.15656,-1.89587,2.65596,2.14121,-1.91113,2.65263,2.25312,-1.98076,2,2.25094,-2.00146,1.99947,1.5167,1.72524,0,1.54028,1.73544,0.000940868,1.58461,1.8025,0,1.72471,1.95347,0.00177069
22.67,2.17135,-1.87891,2.65596,2.15655,-1.8937,2.65264,2.26858,-1.96305,2,2.26808,-1.98188,1.99949,1.50313,1.73708,0,1.52813,1.74977,0.000519608,1.57044,1.81486,0,1.70484,1.96243,0.00198443
22.68,2.18663,-1.8611,2.65596,2.17177,-1.87613,2.65264,2.28455,-1.94444,2,2.28503,-1.96221,1.99951,1.48888,1.74931,-1.46196e-18,1.51591,1.76407,0.000141675,1.55555,1.82764,0,1.68479,1.97112,0.00214014
22.69,2.20123,-1.84381,2.65596,2.18687,-1.85842,2.65264,2.2998,-1.92637,2,2.30178,-1.94246,1.99953,1.47504,1.76099,1.46196e-18,1.50358,1.77825,-0.00017964,1.5411,1.83984,0,1.66455,1.97946,0.00225137
22.7,2.216,-1.82603,2.65596,2.20184,-1.84057,2.65264,2.31523,-1.9078,2,2.31832,-1.92262,1.99955,1.46082,1.7728,0,1.49114,1.79226,-0.000450129,1.52624,1.85219,0,1.64412,1.98742,0.0023137
22.7101,2.23078,-1.80795,2.65596,2.21669,-1.82257,2.65263,2.33067,-1.88891,2,2.33466,-1.90271,1.99957,1.44636,1.78462,-1.46196e-18,1.47862,1.80622,-0.000659219,1.51113,1.86454,0,1.62355,1.99515,0.00233926
22.7201,2.24489,-1.79039,2.65596,2.23141,-1.80444,2.65262,2.34542,-1.87057,2,2.35079,-1.88272,1.9996,1.43231,1.79591,-1.46196e-18,1.46587,1.81992,-0.000822704,1.49645,1.87633,0,1.60273,2.00247,0.00231592
22.73,2.25906,-1.77249,2.65596,2.24601,-1.78618,2.65261,2.36022,-1.85186,2,2.36672,-1.86266,1.99962,1.41799,1.80725,0,1.45299,1.83352,-0.00094,1.48149,1.88817,0,1.58177,2.00953,0.00224926
22.74,2.27345,-1.75398,2.65596,2.26047,-1.76777,2.6526,2.37526,-1.83253,2,2.38243,-1.84253,1.99964,1.40319,1.81876,0,1.43983,1.84683,-0.00101652,1.46602,1.90021,0,1.56054,2.0162,0.00213781
22.75,2.28723,-1.73599,2.65596,2.2748,-1.74924,2.65259,2.38965,-1.81372,2,2.39793,-1.82234,1.99966,1.38879,1.82978,0,1.42646,1.86003,-0.00108797,1.45098,1.91172,0,1.53911,2.02264,0.00194998
22.76,2.30089,-1.71783,2.65596,2.289,-1.73057,2.65258,2.40393,-1.79475,2,2.41321,-1.80208,1.99968,1.37426,1.84071,0,1.41279,1.87298,-0.00115383,1.4358,1.92314,0,1.51743,2.02877,0.00169267
22.77,2.31449,-1.69946,2.65596,2.30306,-1.71178,2.65257,2.41814,-1.77556,2,2.42827,-1.78176,1.9997,1.35957,1.8516,1.46196e-18,1.39897,1.88584,-0.00120453,1.42045,1.93451,0,1.49565,2.03471,0.0013798
22.78,2.3281,-1.68077,2.65596,2.31698,-1.69286,2.65256,2.43236,-1.75603,2,2.44312,-1.76139,1.99971,1.34461,1.86248,0,1.38508,1.89856,-0.00121513,1.40483,1.94588,0,1.47385,2.04048,0.00104077
22.7901,2.34172,-1.66175,2.65596,2.33076,-1.67381,2.65255,2.44658,-1.73616,2,2.45775,-1.74095,1.99972,1.3294,1.87338,-1.46196e-18,1.37108,1.91112,-0.00119944,1.38893,1.95726,0,1.45203,2.04606,0.000667004
22.8,2.35468,-1.64333,2.65596,2.34304,-1.65656,2.65254,2.46012,-1.71692,2,2.47073,-1.72252,1.99972,1.31467,1.88374,0,1.35832,1.92217,-0.00117333,1.37354,1.96809,0,1.43228,2.05082,0.000295458
22.81,2.36768,-1.62455,2.65596,2.35656,-1.63728,2.65252,2.4737,-1.69729,2,2.48494,-1.70198,1.99972,1.29964,1.89414,1.46196e-18,1.34404,1.9343,-0.00117462,1.35784,1.97896,0,1.41035,2.05596,-0.00019375
22.8201,2.38067,-1.60545,2.65596,2.36992,-1.61787,2.65251,2.48727,-1.67734,2,2.49894,-1.6814,1.99972,1.28436,1.90453,-1.46196e-18,1.32971,1.94628,-0.00116883,1.34187,1.98982,0,1.38845,2.06094,-0.000716695
22.8301,2.39373,-1.58591,2.65596,2.38315,-1.59835,2.6525,2.50092,-1.65693,2,2.51271,-1.66076,1.99971,1.26873,1.91498,1.46196e-18,1.31523,1.95801,-0.00112509,1.32554,2.00074,0,1.36654,2.06568,-0.00123631
22.8399,2.40617,-1.56696,2.65596,2.39623,-1.57871,2.65249,2.51392,-1.63713,2,2.52627,-1.64008,1.99969,1.25357,1.92494,0,1.3006,1.96952,-0.00105479,1.30971,2.01114,0,1.3446,2.07024,-0.0017588
22.85,2.4187,-1.54756,2.65596,2.40916,-1.55896,2.65248,2.527,-1.61686,2,2.53961,-1.61936,1.99967,1.23805,1.93496,-1.46196e-18,1.28588,1.9809,-0.000968357,1.29349,2.0216,0,1.32271,2.07471,-0.00228798
22.86,2.43087,-1.52837,2.65596,2.41813,-1.54507,2.65247,2.53973,-1.59681,2,2.55272,-1.59859,1.99965,1.22269,1.9447,1.46196e-18,1.27551,1.98883,-0.000901375,1.27745,2.03178,0,1.30088,2.0792,-0.00282382
22.87,2.44293,-1.50902,2.65596,2.43458,-1.51912,2.65246,2.55232,-1.57659,2,2.56562,-1.57778,1.99961,1.20721,1.95434,-1.46196e-18,1.2561,2.00333,-0.00138063,1.26127,2.04186,0,1.27912,2.08356,-0.00396915
22.88,2.45494,-1.4894,2.65596,2.44707,-1.49903,2.65244,2.56488,-1.55609,2,2.57831,-1.55692,1.99957,1.19152,1.96396,-1.46196e-18,1.24091,2.01419,-0.00216921,1.24487,2.0519,0,1.25731,2.08771,-0.00539048
22.89,2.46693,-1.46945,2.65596,2.4594,-1.47884,2.65242,2.5774,-1.53525,2,2.59077,-1.53602,1.99951,1.17556,1.97355,0,1.22556,2.02474,-0.00280754,1.2282,2.06192,0,1.23554,2.09167,-0.00666327
22.9,2.47855,-1.44978,2.65596,2.47158,-1.45854,2.65239,2.58954,-1.5147,2,2.60302,-1.51509,1.99944,1.15982,1.98284,0,1.20996,2.03495,-0.00326377,1.21176,2.07163,0,1.21367,2.09544,-0.00775591
22.91,2.49006,-1.42992,2.65596,2.4824,-1.44018,2.65236,2.60156,-1.49395,2,2.61026,-1.50251,1.99939,1.14393,1.99205,0,1.19565,2.04378,-0.00353019,1.19516,2.08125,0,1.20048,2.09756,-0.00832873
22.92,2.50144,-1.40991,2.65596,2.49428,-1.4197,2.65232,2.61345,-1.47305,2,2.62568,-1.47521,1.99927,1.12793,2.00115,0,1.17959,2.05328,-0.00376482,1.17844,2.09076,0,1.17192,2.10191,-0.00944301
22.9303,2.51295,-1.38929,2.65596,2.5025,-1.4053,2.65229,2.62548,-1.4515,2,2.63383,-1.46049,1.9992,1.11143,2.01036,0,1.16823,2.05985,-0.00387298,1.1612,2.10038,0,1.15655,2.10421,-0.00997219
22.94,2.52399,-1.36913,2.65596,2.51755,-1.37844,2.65224,2.63701,-1.43044,2,2.64528,-1.43943,1.9991,1.0953,2.01919,0,1.14715,2.072,-0.00446838,1.14435,2.10961,0,1.13479,2.10758,-0.0109478
22.9501,2.53475,-1.34911,2.65596,2.52554,-1.36392,2.65221,2.64826,-1.40952,2,2.65652,-1.41834,1.99898,1.07928,2.0278,0,1.13574,2.07844,-0.00501513,1.12761,2.1186,0,1.11319,2.11089,-0.0122401
22.96,2.54533,-1.32904,2.65596,2.54016,-1.33682,2.65213,2.65931,-1.38855,2,2.66755,-1.39721,1.99885,1.06323,2.03626,-1.46196e-18,1.1145,2.0902,-0.00642772,1.11084,2.12745,0,1.09178,2.11414,-0.0137552
22.97,2.55588,-1.30863,2.65596,2.55123,-1.31587,2.65206,2.67033,-1.36723,2,2.68156,-1.3697,1.99866,1.0469,2.04471,-1.46196e-18,1.09805,2.09916,-0.00770172,1.09378,2.13627,0,1.06416,2.11842,-0.0160487
22.98,2.56626,-1.28815,2.65596,2.55887,-1.30116,2.65201,2.68118,-1.34583,2,2.6921,-1.3485,1.99849,1.03052,2.05301,1.46196e-18,1.08638,2.10534,-0.00839804,1.07667,2.14494,0,1.04289,2.12173,-0.017412
22.9901,2.57656,-1.26743,2.65596,2.57285,-1.27372,2.65189,2.69194,-1.32419,2,2.70242,-1.32727,1.99831,1.01395,2.06125,0,1.06445,2.11639,-0.00979775,1.05935,2.15355,0,1.02164,2.12488,-0.0189799
23,2.58651,-1.247,2.65596,2.58341,-1.25251,2.65178,2.70234,-1.30284,2,2.70952,-1.31239,1.99817,0.997597,2.06921,0,1.04742,2.1246,-0.0111695,1.04227,2.16187,0,1.00683,2.12707,-0.0202124
23.01,2.5963,-1.22649,2.65596,2.59174,-1.23549,2.65169,2.71256,-1.28141,2,2.72047,-1.28897,1.99794,0.981188,2.07704,0,1.03364,2.13102,-0.0119987,1.02513,2.17005,0,0.983579,2.13049,-0.0218127
23.0202,2.60642,-1.20483,2.65596,2.60097,-1.21628,2.65158,2.72314,-1.25878,2,2.72923,-1.26978,1.99774,0.963864,2.08514,-1.46196e-18,1.01804,2.13814,-0.0128975,1.00702,2.17851,0,0.964619,2.13337,-0.0229863
23.03,2.6156,-1.18477,2.65596,2.61106,-1.19486,2.65145,2.73273,-1.23782,2,2.73877,-1.24843,1.99751,0.947814,2.09248,0,1.0005,2.14601,-0.0137629,0.990257,2.18618,0,0.943574,2.13669,-0.0241178
23.04,2.62506,-1.16367,2.65596,2.62098,-1.17336,2.65131,2.7426,-1.21578,2,2.74811,-1.22705,1.99726,0.930938,2.10004,0,0.982813,2.15385,-0.0143232,0.972625,2.19408,0,0.922588,2.1401,-0.0249004
23.05,2.6343,-1.14259,2.65596,2.63072,-1.15178,2.65116,2.75226,-1.19376,2,2.75723,-1.20563,1.99701,0.914076,2.10744,1.46196e-18,0.964983,2.16172,-0.0145267,0.955008,2.20181,0,0.901668,2.14369,-0.0252874
23.06,2.6433,-1.12161,2.65596,2.64028,-1.13012,2.65102,2.76167,-1.17183,2,2.76614,-1.18417,1.99676,0.897287,2.11464,0,0.946999,2.1694,-0.0144038,0.937468,2.20933,0,0.880802,2.14729,-0.0253114
23.07,2.65218,-1.10046,2.65596,2.64966,-1.10839,2.65087,2.77094,-1.14974,2,2.77484,-1.16268,1.9965,0.880366,2.12174,-1.46196e-18,0.928902,2.17696,-0.0140413,0.919788,2.21675,0,0.860038,2.15097,-0.0250589
23.0801,2.66097,-1.07903,2.65596,2.65885,-1.08658,2.65074,2.78012,-1.12734,2,2.78334,-1.14116,1.99626,0.863221,2.12877,0,0.910602,2.18425,-0.0134778,0.901875,2.2241,0,0.839288,2.1546,-0.0245698
23.09,2.6694,-1.058,2.65596,2.66787,-1.06471,2.6506,2.78893,-1.10538,2,2.79163,-1.11959,1.99601,0.846401,2.13552,1.46196e-18,0.892214,2.19137,-0.0127914,0.884302,2.23115,0,0.818672,2.1583,-0.0239229
23.1,2.67784,-1.03645,2.65596,2.6767,-1.04276,2.65048,2.79775,-1.08286,2,2.79971,-1.09799,1.99578,0.829156,2.14227,0,0.873609,2.1983,-0.0120378,0.866285,2.2382,0,0.798065,2.16205,-0.0231743
23.11,2.68603,-1.01502,2.65596,2.68534,-1.02074,2.65036,2.80631,-1.06048,2,2.80759,-1.07635,1.99555,0.812019,2.14883,7.3098e-19,0.85484,2.20512,-0.0112311,0.84838,2.24505,0,0.777519,2.16596,-0.0223408
23.12,2.69412,-0.993361,2.65596,2.69128,-1.00529,2.65029,2.81476,-1.03784,2,2.81526,-1.05467,1.99533,0.794689,2.1553,0,0.841607,2.20977,-0.0106471,0.830275,2.25181,0,0.757059,2.16992,-0.0214443
23.13,2.70196,-0.971841,2.65596,2.70124,-0.978724,2.65016,2.82295,-1.01536,2,2.822,-1.03512,1.99514,0.777473,2.16157,0,0.819029,2.2175,-0.0102275,0.812288,2.25836,0,0.738945,2.17354,-0.0212062
23.14,2.70958,-0.950383,2.65596,2.70934,-0.956518,2.65006,2.83091,-0.99294,2,2.82929,-1.01337,1.99493,0.760306,2.16766,-7.3098e-19,0.800315,2.22377,-0.0105718,0.794352,2.26473,0,0.719106,2.17764,-0.0214371
23.15,2.7172,-0.928385,2.65596,2.71725,-0.934249,2.64995,2.83887,-0.969957,2,2.83638,-0.99157,1.99471,0.742708,2.17376,7.3098e-19,0.78155,2.22998,-0.0107833,0.775966,2.2711,0,0.699432,2.18193,-0.0215093
23.16,2.72447,-0.90681,2.65596,2.72497,-0.911919,2.64985,2.84647,-0.947416,2,2.84327,-0.969729,1.9945,0.725448,2.17958,0,0.762714,2.23599,-0.0107264,0.757933,2.27718,0,0.679888,2.1863,-0.0212949
23.17,2.73165,-0.884949,2.65596,2.7325,-0.88953,2.64974,2.85397,-0.924577,2,2.84998,-0.947845,1.99429,0.707959,2.18532,0,0.743768,2.24163,-0.0104376,0.739661,2.28318,0,0.660434,2.19059,-0.0208318
23.18,2.73858,-0.863261,2.65596,2.73984,-0.867087,2.64964,2.86121,-0.901918,2,2.85648,-0.925917,1.99408,0.690609,2.19087,0,0.724734,2.247,-0.00995862,0.721534,2.28897,0,0.641092,2.1949,-0.0201643
23.19,2.74544,-0.841198,2.65596,2.74558,-0.849094,2.64956,2.86838,-0.878866,2,2.86155,-0.908344,1.99392,0.672958,2.19635,0,0.709521,2.25117,-0.00946892,0.703093,2.2947,0,0.625778,2.19843,-0.0195151
23.2,2.75205,-0.819301,2.65596,2.75258,-0.826557,2.64947,2.87529,-0.855989,2,2.86771,-0.886337,1.99373,0.655441,2.20164,0,0.690491,2.25623,-0.00911987,0.684791,2.30023,0,0.606804,2.20295,-0.0189563
23.21,2.75854,-0.7972,2.65596,2.75939,-0.80397,2.64938,2.88206,-0.832899,2,2.87369,-0.864285,1.99354,0.63776,2.20683,0,0.671379,2.26119,-0.00880522,0.666319,2.30565,0,0.587969,2.20762,-0.0184143
23.22,2.76487,-0.774933,2.65596,2.76601,-0.781334,2.64929,2.88868,-0.809634,2,2.87947,-0.842185,1.99336,0.619946,2.2119,-7.3098e-19,0.652226,2.26597,-0.00834188,0.647707,2.31095,0,0.569299,2.21232,-0.0177098
23.23,2.77095,-0.75293,2.65596,2.77244,-0.758651,2.64921,2.89503,-0.786645,2,2.88507,-0.820038,1.99319,0.602344,2.21676,7.3098e-19,0.632991,2.27058,-0.00774672,0.629316,2.31602,0,0.550733,2.21712,-0.0168679
23.24,2.77686,-0.730805,2.65596,2.77867,-0.735923,2.64914,2.90121,-0.76353,2,2.89049,-0.797842,1.99303,0.584644,2.22149,0,0.613729,2.27499,-0.00704129,0.610824,2.32097,0,0.532324,2.22198,-0.0159125
23.2501,2.78273,-0.708158,2.65596,2.78471,-0.713152,2.64907,2.90733,-0.739869,2,2.89572,-0.775598,1.99287,0.566526,2.22618,0,0.594332,2.27902,-0.00625967,0.591895,2.32587,0,0.513967,2.22673,-0.0148798
23.26,2.78819,-0.686313,2.65596,2.79056,-0.690343,2.64901,2.91305,-0.717046,2,2.90077,-0.753307,1.99273,0.549051,2.23055,-7.3098e-19,0.574854,2.28284,-0.00543806,0.573637,2.33044,0,0.495707,2.23156,-0.0138092
23.2701,2.79367,-0.663654,2.65596,2.79621,-0.667496,2.64896,2.91877,-0.693372,2,2.90563,-0.730967,1.9926,0.530923,2.23494,0,0.555312,2.28657,-0.00462584,0.554698,2.33502,0,0.477559,2.23654,-0.0127515
23.28,2.7989,-0.641263,2.65596,2.80166,-0.644612,2.64892,2.92423,-0.669979,2,2.91032,-0.708576,1.99247,0.513011,2.23912,0,0.535714,2.29013,-0.00382236,0.535983,2.33939,0,0.459521,2.24163,-0.0117086
23.29,2.80388,-0.619124,2.65596,2.8064,-0.623987,2.64889,2.92943,-0.646849,2,2.91438,-0.68838,1.99237,0.4953,2.2431,0,0.518095,2.29323,-0.00310068,0.517479,2.34355,0,0.44344,2.24633,-0.0107793
23.3,2.80889,-0.595952,2.65596,2.81149,-0.601039,2.64886,2.93468,-0.622638,2,2.91873,-0.665891,1.99227,0.476762,2.24712,0,0.498566,2.29641,-0.00236246,0.498111,2.34774,0,0.425764,2.25154,-0.00982103
23.3101,2.81349,-0.573863,2.65596,2.81637,-0.57806,2.64884,2.93948,-0.59956,2,2.9229,-0.64335,1.99218,0.459091,2.25079,0,0.479019,2.2992,-0.00162064,0.479648,2.35158,0,0.408217,2.25659,-0.0088693
23.3201,2.81807,-0.550919,2.65596,2.82107,-0.555056,2.64883,2.94427,-0.575589,2,2.92689,-0.62076,1.99209,0.440735,2.25446,7.3098e-19,0.459416,2.30163,-0.000897872,0.460471,2.35541,0,0.390762,2.26151,-0.00794623
23.33,2.82223,-0.529193,2.65596,2.82556,-0.532028,2.64882,2.94861,-0.552889,2,2.93071,-0.59812,1.99202,0.423354,2.25779,7.3098e-19,0.439798,2.30392,-0.000176363,0.442312,2.35889,0,0.373435,2.2665,-0.00703553
23.3401,2.8265,-0.505886,2.65596,2.82986,-0.508978,2.64882,2.95307,-0.528539,2,2.93436,-0.575429,1.99195,0.404709,2.2612,0,0.420187,2.30605,0.000535112,0.422832,2.36246,0,0.356255,2.27155,-0.00614613
23.3501,2.83048,-0.483146,2.65596,2.83397,-0.485908,2.64883,2.95723,-0.504781,2,2.93784,-0.552688,1.99189,0.386517,2.26438,0,0.400604,2.30806,0.00123309,0.403825,2.36578,0,0.339231,2.2767,-0.00528321
23.36,2.8342,-0.460807,2.65596,2.83787,-0.462817,2.64885,2.96112,-0.481442,2,2.94115,-0.529895,1.99185,0.368646,2.26736,0,0.381012,2.3099,0.00191883,0.385154,2.36889,0,0.322323,2.28188,-0.00444561
23.3701,2.83778,-0.438244,2.65596,2.84159,-0.439711,2.64887,2.96485,-0.457868,2,2.94429,-0.507051,1.99181,0.350595,2.27022,0,0.361403,2.3114,0.00257921,0.366294,2.37188,0,0.305514,2.28691,-0.00364687
23.38,2.84116,-0.415767,2.65596,2.8451,-0.416589,2.6489,2.96838,-0.434385,2,2.94726,-0.484156,1.99177,0.332614,2.27293,0,0.341866,2.31298,0.00320957,0.347508,2.37471,0,0.288883,2.29223,-0.00289342
23.39,2.84441,-0.392894,2.65596,2.84842,-0.393451,2.64894,2.97178,-0.410488,2,2.95007,-0.461206,1.99175,0.314315,2.27553,-3.6549e-19,0.322377,2.31448,0.00381068,0.32839,2.37743,0,0.272404,2.29765,-0.00218315
23.4,2.84748,-0.370001,2.65596,2.85155,-0.3703,2.64898,2.97499,-0.386569,2,2.95271,-0.438203,1.99173,0.296001,2.27798,0,0.302797,2.31573,0.00439033,0.309255,2.37999,0,0.255925,2.303,-0.00150858
23.41,2.85031,-0.347551,2.65596,2.85448,-0.347138,2.64902,2.97794,-0.363114,2,2.95518,-0.415147,1.99172,0.278041,2.28025,0,0.283248,2.31669,0.00497935,0.290491,2.38235,0,0.23956,2.30825,-0.000840529
23.42,2.85301,-0.324627,2.65596,2.85722,-0.323967,2.64908,2.98077,-0.339164,2,2.9575,-0.392038,1.99171,0.259702,2.28241,0,0.263709,2.31742,0.00554779,0.271331,2.38461,0,0.22328,2.31344,-0.000207181
23.4302,2.85557,-0.301299,2.65596,2.85976,-0.30079,2.64913,2.98344,-0.314791,2,2.95965,-0.368878,1.99171,0.241039,2.28445,0,0.244223,2.318,0.00608738,0.251832,2.38675,0,0.207122,2.31862,0.000385476
23.44,2.85785,-0.278838,2.65596,2.8621,-0.277608,2.6492,2.98582,-0.291324,2,2.96164,-0.345667,1.99172,0.22307,2.28628,3.6549e-19,0.224662,2.31823,0.00660183,0.233059,2.38866,0,0.190956,2.32359,0.000943544
23.45,2.85994,-0.256486,2.65596,2.86425,-0.254426,2.64927,2.98801,-0.267972,2,2.96347,-0.322406,1.99173,0.205189,2.28795,0,0.205107,2.31825,0.00709947,0.214377,2.39041,0,0.174855,2.32847,0.00147714
23.46,2.86193,-0.233224,2.65596,2.8662,-0.231245,2.64934,2.99009,-0.243668,2,2.96514,-0.299098,1.99175,0.18658,2.28955,1.82745e-19,0.185514,2.31801,0.00755891,0.194935,2.39207,0,0.158768,2.33321,0.0019666
23.47,2.86372,-0.210121,2.65596,2.86796,-0.208066,2.64942,2.99196,-0.21953,2,2.96665,-0.275742,1.99177,0.168097,2.29098,-1.82745e-19,0.165985,2.31777,0.00799479,0.175624,2.39357,0,0.142786,2.33804,0.00242832
23.4801,2.86531,-0.187279,2.65596,2.86952,-0.184889,2.6495,2.99361,-0.195665,2,2.96799,-0.252337,1.9918,0.149823,2.29224,-1.82745e-19,0.146465,2.31753,0.00838734,0.156532,2.39489,0,0.126849,2.34293,0.00284571
23.49,2.8667,-0.16454,2.65596,2.87076,-0.164033,2.64958,2.99507,-0.171908,2,2.96907,-0.231231,1.99182,0.131632,2.29336,1.82745e-19,0.128839,2.31707,0.00869737,0.137526,2.39606,0,0.112473,2.34714,0.00317919
23.5,2.86792,-0.141669,2.65596,2.87195,-0.140866,2.64967,2.99635,-0.148013,2,2.97012,-0.207737,1.99186,0.113335,2.29434,0,0.10928,2.31631,0.00890949,0.11841,2.39708,0,0.0965374,2.35161,0.00341928
23.51,2.86898,-0.118267,2.65596,2.87295,-0.117708,2.64976,2.99745,-0.123563,2,2.97075,-0.191266,1.99188,0.0946133,2.29519,9.13725e-20,0.0897916,2.31533,0.0090924,0.09885,2.39796,0,0.0854377,2.3546,0.00357201
23.52,2.86984,-0.095237,2.65596,2.87375,-0.094559,2.64985,2.99835,-0.0995017,2,2.97173,-0.16062,1.99193,0.0761896,2.29587,0,0.0703189,2.31443,0.00925315,0.0796014,2.39868,0,0.0648722,2.36021,0.00384524
23.53,2.87051,-0.072275,2.65596,2.87435,-0.0714196,2.64994,2.99905,-0.0755115,2,2.9723,-0.136996,1.99197,0.05782,2.29641,0,0.0508648,2.31344,0.00940459,0.0604092,2.39924,0,0.0490801,2.36442,0.0040577
23.54,2.87098,-0.0499874,2.65596,2.87476,-0.0482906,2.65003,2.99955,-0.0522258,2,2.97271,-0.113332,1.99201,0.0399899,2.29679,4.56862e-20,0.0314559,2.31233,0.00956709,0.0417806,2.39964,0,0.0333297,2.36848,0.0042957
23.55,2.8713,-0.0263804,2.65596,2.87498,-0.0251728,2.65013,2.99987,-0.0275617,2,2.97291,-0.0967424,1.99204,0.0211043,2.29704,0,0.0121087,2.31127,0.00971327,0.0220494,2.3999,0,0.0223306,2.37133,0.00446148
23.56,2.87142,-0.00385348,2.65596,2.87501,-0.0020654,2.65023,3,-0.00402604,2,2.97306,-0.0658807,1.9921,0.00308279,2.29713,0,-0.00710026,2.31019,0.00985977,0.00322083,2.4,0,0.00202123,2.37659,0.00478039
23.57,2.87135,0.0198596,2.65596,2.87484,0.021031,2.65033,2.99993,0.020749,2,2.97301,-0.0420949,1.99215,-0.0158877,2.29708,-2.28431e-20,-0.0262467,2.30909,0.00997005,-0.0165992,2.39994,0,-0.0135446,2.38054,0.00501178
23.5801,2.8711,0.0424895,2.65596,2.87448,0.0441162,2.65043,2.99967,0.0443921,2,2.97287,-0.0254216,1.99219,-0.0339916,2.29688,0,-0.0453316,2.30794,0.0100473,-0.0355137,2.39974,0,-0.0244193,2.38325,0.00516475
23.59,2.87068,0.0649758,2.65596,2.87393,0.0671902,2.65053,2.99923,0.0678854,2,2.97242,0.00559311,1.99226,-0.0519806,2.29655,0,-0.0643983,2.30684,0.0100955,-0.0543083,2.39939,0,-0.0446677,2.38824,0.00542995
23.6,2.87006,0.0883973,2.65596,2.87319,0.0902526,2.65063,2.99858,0.0923557,2,2.9719,0.0294941,1.99231,-0.0707179,2.29605,0,-0.0833823,2.30563,0.0101131,-0.0738846,2.39886,0,-0.0602101,2.39193,0.00562296
23.61,2.86927,0.111045,2.65596,2.87227,0.113303,2.65073,2.99776,0.116018,2,2.97122,0.0534316,1.99237,-0.0888362,2.29542,0,-0.102234,2.30443,0.0101098,-0.0928143,2.3982,0,-0.0756861,2.39556,0.00581272
23.6201,2.86826,0.134618,2.65596,2.87115,0.136341,2.65083,2.9967,0.140646,2,2.97039,0.0774049,1.99243,-0.107694,2.29461,0,-0.121048,2.30319,0.0100829,-0.112517,2.39736,0,-0.0911999,2.3991,0.00599667
23.6301,2.86711,0.157328,2.65596,2.86985,0.159366,2.65093,2.99549,0.164373,2,2.9694,0.101413,1.99249,-0.125862,2.29368,1.82745e-19,-0.139799,2.30181,0.0100378,-0.131498,2.39639,0,-0.106726,2.40244,0.00618161
23.64,2.86578,0.179908,2.65596,2.86835,0.182378,2.65103,2.99411,0.187964,2,2.96825,0.125454,1.99255,-0.143926,2.29262,1.82745e-19,-0.158433,2.30043,0.0099929,-0.150371,2.39528,0,-0.122212,2.4057,0.0063877
23.65,2.86423,0.203098,2.65596,2.86703,0.200776,2.65111,2.99249,0.212193,2,2.96722,0.144709,1.9926,-0.162478,2.29138,0,-0.173264,2.29925,0.00996609,-0.169754,2.39399,0,-0.134586,2.40818,0.00657665
23.6602,2.86249,0.226306,2.65596,2.8652,0.223761,2.65121,2.99067,0.236439,2,2.9658,0.168806,1.99267,-0.181045,2.28999,3.6549e-19,-0.191603,2.29773,0.00942712,-0.189152,2.39253,0,-0.149946,2.41115,0.00632595
23.67,2.86059,0.249178,2.65596,2.8632,0.24673,2.6513,2.98868,0.260336,2,2.96423,0.192931,1.99273,-0.199342,2.28847,0,-0.209907,2.29599,0.00875249,-0.208269,2.39095,0,-0.165313,2.41377,0.00597231
23.68,2.85856,0.271459,2.65596,2.861,0.269681,2.65139,2.98656,0.283615,2,2.9625,0.217081,1.99279,-0.217167,2.28685,0,-0.228244,2.29408,0.00821315,-0.226892,2.38925,0,-0.180757,2.41608,0.00578752
23.69,2.85631,0.294185,2.65596,2.85888,0.290319,2.65146,2.98421,0.307358,2,2.96081,0.238833,1.99284,-0.235348,2.28505,-3.6549e-19,-0.244729,2.29217,0.00783705,-0.245886,2.38737,0,-0.194702,2.41786,0.0057542
23.7,2.85382,0.317458,2.65596,2.85634,0.31323,2.65153,2.98161,0.331674,2,2.95878,0.263021,1.9929,-0.253967,2.28305,0,-0.263013,2.29002,0.00743496,-0.265339,2.38529,0,-0.210238,2.41968,0.0057591
23.71,2.85121,0.340035,2.65596,2.85362,0.336119,2.65161,2.97889,0.355261,2,2.9566,0.287227,1.99296,-0.272028,2.28097,3.6549e-19,-0.281268,2.28787,0.00711755,-0.284209,2.38311,0,-0.225802,2.42135,0.0058811
23.72,2.8484,0.362854,2.65596,2.85071,0.358988,2.65168,2.97595,0.379102,2,2.95426,0.311448,1.99302,-0.290283,2.27872,3.6549e-19,-0.299568,2.28574,0.00685918,-0.303282,2.38076,0,-0.241472,2.42289,0.00609432
23.73,2.84539,0.38572,2.65596,2.84762,0.381833,2.65175,2.97281,0.402992,2,2.95177,0.335683,1.99308,-0.308576,2.27632,3.6549e-19,-0.317851,2.2834,0.00666816,-0.322394,2.37825,0,-0.257203,2.42407,0.00640197
23.74,2.84216,0.408855,2.65596,2.84435,0.404656,2.65181,2.96943,0.427163,2,2.94912,0.359929,1.99314,-0.327084,2.27373,0,-0.336165,2.28108,0.00651892,-0.341731,2.37555,0,-0.273054,2.42513,0.00677566
23.75,2.83873,0.432052,2.65596,2.8409,0.427455,2.65188,2.96585,0.451399,2,2.94631,0.384185,1.99321,-0.345642,2.27098,3.6549e-19,-0.354496,2.27871,0.00639403,-0.36112,2.37268,0,-0.28901,2.426,0.00719823
23.7601,2.83531,0.453959,2.65596,2.83726,0.450229,2.65194,2.96227,0.474287,2,2.94334,0.408448,1.99329,-0.363167,2.26825,0,-0.372778,2.27614,0.00630134,-0.37943,2.36982,0,-0.305004,2.42652,0.00767672
23.7701,2.83151,0.47709,2.65596,2.83345,0.472977,2.652,2.9583,0.498454,2,2.94021,0.432714,1.99337,-0.381672,2.26521,0,-0.39104,2.27341,0.00619631,-0.398763,2.36664,0,-0.321076,2.42675,0.0081636
23.78,2.82774,0.498963,2.65596,2.82944,0.495697,2.65206,2.95436,0.521306,2,2.93692,0.456982,1.99345,-0.39917,2.26219,0,-0.409318,2.2705,0.00608275,-0.417045,2.36349,0,-0.337275,2.42667,0.0086589
23.79,2.82363,0.521712,2.65596,2.82526,0.518387,2.65212,2.95007,0.545074,2,2.93346,0.481247,1.99354,-0.41737,2.2589,7.3098e-19,-0.427508,2.26747,0.00596986,-0.436059,2.36005,0,-0.353492,2.42635,0.00917127
23.8001,2.81932,0.544483,2.65596,2.82089,0.541046,2.65218,2.94557,0.568865,2,2.92985,0.505508,1.99363,-0.435586,2.25546,0,-0.445688,2.26434,0.00586632,-0.455092,2.35646,0,-0.369814,2.42578,0.00970692
23.81,2.81478,0.567484,2.65596,2.81727,0.55915,2.65223,2.94083,0.592895,2,2.92684,0.524912,1.99371,-0.453987,2.25183,0,-0.460161,2.26175,0.00580118,-0.474316,2.35266,0,-0.382885,2.42517,0.0101617
23.8201,2.81025,0.589525,2.65596,2.81258,0.581751,2.65228,2.93609,0.615924,2,2.92293,0.549159,1.99382,-0.47162,2.2482,0,-0.478211,2.25834,0.00522536,-0.492739,2.34887,0,-0.399292,2.4241,0.0102459
23.83,2.80548,0.611805,2.65596,2.80771,0.604316,2.65233,2.93111,0.639201,2,2.91885,0.573393,1.99392,-0.489444,2.24439,0,-0.496387,2.25464,0.00445431,-0.511361,2.34489,0,-0.415885,2.42258,0.0101562
23.84,2.80026,0.635286,2.65596,2.80265,0.626843,2.65237,2.92566,0.663734,2,2.91461,0.597609,1.99402,-0.508229,2.24021,0,-0.514692,2.25078,0.00378389,-0.530987,2.34052,0,-0.432679,2.4207,0.0101855
23.85,2.79529,0.656805,2.65596,2.79741,0.649331,2.65241,2.92046,0.686217,2,2.9102,0.621806,1.99412,-0.525444,2.23623,0,-0.533044,2.24681,0.00323238,-0.548973,2.33637,0,-0.449631,2.41855,0.0103427
23.86,2.78988,0.679444,2.65596,2.79199,0.671779,2.65244,2.9148,0.70987,2,2.90561,0.645979,1.99423,-0.543556,2.2319,7.3098e-19,-0.551338,2.2427,0.0027812,-0.567896,2.33184,0,-0.466635,2.41607,0.0106077
23.87,2.78451,0.701126,2.65596,2.78638,0.694184,2.65247,2.90919,0.732522,2,2.90086,0.670126,1.99434,-0.560901,2.2276,-7.3098e-19,-0.569631,2.23839,0.00243422,-0.586018,2.32736,0,-0.483753,2.41322,0.0109811
23.88,2.77883,0.723276,2.65596,2.7806,0.716546,2.65249,2.90327,0.755664,2,2.89594,0.694242,1.99445,-0.578621,2.22307,7.3098e-19,-0.587796,2.234,0.0021856,-0.604531,2.32262,0,-0.500871,2.41012,0.0114525
23.89,2.77289,0.745739,2.65596,2.77463,0.738864,2.65251,2.89706,0.779133,2,2.89085,0.718327,1.99456,-0.596591,2.21831,0,-0.605915,2.22949,0.00200531,-0.623306,2.31765,0,-0.518077,2.40673,0.0119881
23.9,2.76685,0.767865,2.65596,2.76848,0.761136,2.65253,2.89074,0.80225,2,2.88558,0.742377,1.99469,-0.614292,2.21348,7.3098e-19,-0.623986,2.22493,0.00188294,-0.6418,2.31259,0,-0.535378,2.40315,0.0125736
23.9101,2.76056,0.790177,2.65596,2.76215,0.783362,2.65255,2.88417,0.825561,2,2.88014,0.766389,1.99482,-0.632141,2.20844,0,-0.642065,2.22018,0.00181385,-0.660448,2.30734,0,-0.552829,2.39921,0.0132017
23.92,2.75416,0.812189,2.65596,2.75564,0.805539,2.65257,2.87749,0.848558,2,2.87452,0.79036,1.99495,-0.649751,2.20333,-7.3098e-19,-0.660171,2.21527,0.00176134,-0.678847,2.30199,0,-0.570457,2.39495,0.0138323
23.9301,2.74758,0.834189,2.65596,2.74895,0.827667,2.65258,2.87061,0.871543,2,2.86873,0.814286,1.99509,-0.667351,2.19806,-7.3098e-19,-0.678191,2.21012,0.00172333,-0.697235,2.29649,0,-0.588154,2.39031,0.0144596
23.94,2.74093,0.855767,2.65596,2.74207,0.849742,2.6526,2.86367,0.894087,2,2.86276,0.838165,1.99524,-0.684613,2.19275,0,-0.696063,2.20493,0.00170265,-0.71527,2.29094,0,-0.605865,2.38545,0.015083
23.9501,2.73376,0.878417,2.65596,2.73503,0.871765,2.65262,2.85617,0.917751,2,2.85661,0.861995,1.99539,-0.702733,2.18701,0,-0.713838,2.19966,0.00168829,-0.734201,2.28494,0,-0.623642,2.38034,0.0156883
23.96,2.72679,0.899803,2.65596,2.7278,0.893735,2.65263,2.8489,0.940096,2,2.85028,0.885771,1.99555,-0.719843,2.18143,0,-0.731535,2.19431,0.00166377,-0.752077,2.27912,0,-0.641511,2.375,0.0162555
23.97,2.71951,0.921573,2.65596,2.72039,0.915651,2.65265,2.84129,0.96284,2,2.84378,0.909493,1.99572,-0.737258,2.17561,1.46196e-18,-0.749179,2.18878,0.00163146,-0.770272,2.27303,0,-0.659493,2.3693,0.0167846
23.98,2.71201,0.943418,2.65596,2.71282,0.93751,2.65267,2.83345,0.985664,2,2.83709,0.933157,1.99589,-0.754734,2.16961,0,-0.766707,2.18318,0.00159255,-0.788531,2.26676,0,-0.677527,2.36337,0.0172734
23.9901,2.70438,0.965082,2.65596,2.70506,0.959314,2.65268,2.82548,1.0083,2,2.83023,0.95676,1.99607,-0.772065,2.1635,-7.3098e-19,-0.784225,2.17758,0.00153535,-0.806638,2.26038,0,-0.695729,2.35729,0.017706
24,2.69659,0.986638,2.65596,2.69713,0.981061,2.6527,2.81734,1.03082,2,2.82318,0.980301,1.99624,-0.789311,2.15727,-1.46196e-18,-0.801623,2.17172,0.00150161,-0.824656,2.25387,0,-0.713985,2.35079,0.0181222
24.01,2.68862,1.00815,2.65596,2.68903,1.00275,2.65271,2.80902,1.05329,2,2.81595,1.00378,1.99643,-0.806519,2.1509,0,-0.81889,2.16571,0.00147185,-0.842635,2.24721,0,-0.732285,2.34397,0.0184996
24.0201,2.68043,1.02972,2.65596,2.68242,1.02005,2.65272,2.80046,1.07583,2,2.80928,1.02484,1.9966,-0.823777,2.14435,7.3098e-19,-0.832595,2.16091,0.00144389,-0.860665,2.24037,0,-0.748788,2.3377,0.0187939
24.03,2.67203,1.05133,2.65596,2.67401,1.04163,2.65274,2.79169,1.09841,2,2.80247,1.04585,1.99676,-0.841062,2.13763,0,-0.849609,2.15463,0.000853862,-0.878724,2.23335,0,-0.7653,2.33106,0.0184991
24.04,2.66371,1.07224,2.65596,2.66543,1.06315,2.65274,2.78299,1.12025,2,2.79473,1.06913,1.99695,-0.857789,2.13097,-1.46196e-18,-0.866608,2.14828,0.000126783,-0.8962,2.22639,0,-0.783743,2.32344,0.0180611
24.0501,2.65485,1.094,2.65596,2.65844,1.08031,2.65274,2.77373,1.14299,2,2.7884,1.08769,1.99709,-0.875201,2.12388,1.46196e-18,-0.880206,2.14301,-0.000347252,-0.914392,2.21898,0,-0.798574,2.317,0.0177899
24.06,2.64616,1.11485,2.65596,2.64956,1.10171,2.65273,2.76465,1.16477,2,2.78032,1.11082,1.99726,-0.89188,2.11693,0,-0.897065,2.13617,-0.00132294,-0.931818,2.21172,0,-0.817086,2.30854,0.0170272
24.0701,2.63705,1.13623,2.65596,2.6405,1.12303,2.65271,2.75514,1.18711,2,2.77205,1.13386,1.99743,-0.908985,2.10964,0,-0.913964,2.12914,-0.00228699,-0.949688,2.20411,0,-0.835715,2.29967,0.0162383
24.0801,2.62785,1.15734,2.65596,2.63128,1.14429,2.65269,2.74553,1.20917,2,2.7636,1.15681,1.99759,-0.925874,2.10228,-1.46196e-18,-0.930907,2.12201,-0.00301037,-0.967335,2.19642,0,-0.854459,2.29045,0.01565
24.09,2.61867,1.17798,2.65596,2.62188,1.16548,2.65265,2.73593,1.23073,2,2.75496,1.17966,1.99774,-0.942383,2.09493,0,-0.947904,2.11483,-0.00351939,-0.984582,2.18874,0,-0.873359,2.28094,0.0152277
24.1001,2.60896,1.19932,2.65596,2.61232,1.18659,2.65262,2.72579,1.25302,2,2.74613,1.20243,1.99789,-0.959455,2.08717,0,-0.965027,2.10759,-0.0038636,-1.00242,2.18063,0,-0.892492,2.27116,0.0149184
24.11,2.59943,1.21985,2.65596,2.60258,1.20763,2.65258,2.71583,1.27447,2,2.73711,1.22509,1.99804,-0.975876,2.07954,0,-0.982213,2.10033,-0.00408614,-1.01958,2.17266,0,-0.911803,2.26115,0.014676
24.12,2.58954,1.24069,2.65596,2.59267,1.22859,2.65254,2.7055,1.29625,2,2.7279,1.24765,1.99819,-0.992556,2.07163,0,-0.999396,2.09301,-0.00421541,-1.037,2.1644,0,-0.931225,2.2509,0.0144701
24.13,2.57973,1.26096,2.65596,2.58259,1.24949,2.65249,2.69525,1.31743,2,2.71849,1.2701,1.99833,-1.00877,2.06379,0,-1.01651,2.08555,-0.00426453,-1.05394,2.1562,0,-0.950697,2.24032,0.0142843
24.14,2.5694,1.28188,2.65596,2.57234,1.2703,2.65245,2.68446,1.33928,2,2.70888,1.29245,1.99847,-1.0255,2.05552,0,-1.03355,2.07803,-0.0042326,-1.07143,2.14757,0,-0.970237,2.22951,0.0141164
24.15,2.55904,1.30244,2.65596,2.56297,1.28898,2.65241,2.67364,1.36076,2,2.70007,1.31247,1.9986,-1.04195,2.04723,1.46196e-18,-1.0488,2.07133,-0.00414336,-1.08861,2.13891,0,-0.987855,2.21972,0.0139705
24.16,2.54841,1.32313,2.65596,2.5524,1.30965,2.65237,2.66252,1.38238,2,2.6901,1.33462,1.99874,-1.0585,2.03873,0,-1.06567,2.06388,-0.00404986,-1.1059,2.13002,0,-1.00746,2.2087,0.0137426
24.17,2.53771,1.34353,2.65596,2.54166,1.33025,2.65233,2.65135,1.40369,2,2.67992,1.35665,1.99888,-1.07483,2.03017,-1.46196e-18,-1.08253,2.05642,-0.00394705,-1.12296,2.12108,0,-1.02718,2.19753,0.0134647
24.18,2.5272,1.3632,2.65596,2.53075,1.35078,2.65229,2.64037,1.42424,2,2.66955,1.37857,1.99901,-1.09056,2.02176,0,-1.09937,2.04879,-0.0038223,-1.13939,2.11229,0,-1.04697,2.18604,0.0131496
24.19,2.51585,1.38404,2.65596,2.51967,1.37123,2.65226,2.62851,1.44601,2,2.65898,1.40037,1.99914,-1.10723,2.01268,-1.46196e-18,-1.11612,2.04085,-0.00369663,-1.15681,2.1028,0,-1.06678,2.17414,0.0127741
24.2,2.50512,1.40336,2.65596,2.50843,1.3916,2.65222,2.6173,1.4662,2,2.64822,1.42205,1.99926,-1.12269,2.0041,0,-1.13284,2.0327,-0.00357685,-1.17296,2.09384,0,-1.0867,2.16194,0.0123294
24.21,2.49365,1.42364,2.65596,2.49702,1.41188,2.65218,2.60531,1.48739,2,2.63725,1.44361,1.99938,-1.13892,1.99492,0,-1.14951,2.02455,-0.00345829,-1.18992,2.08425,0,-1.10667,2.14965,0.0118231
24.2201,2.48207,1.44373,2.65596,2.48544,1.43209,2.65215,2.59322,1.50838,2,2.62608,1.46504,1.9995,-1.15498,1.98566,0,-1.16617,2.01611,-0.00331452,-1.2067,2.07458,0,-1.12675,2.13698,0.0112824
24.23,2.47056,1.46334,2.65596,2.47487,1.4502,2.65212,2.58119,1.52887,2,2.61586,1.48422,1.9996,-1.17067,1.97645,0,-1.18116,2.00857,-0.00315659,-1.22309,2.06496,0,-1.14493,2.12557,0.0107725
24.24,2.45877,1.48307,2.65596,2.46298,1.47024,2.65209,2.56887,1.54948,2,2.6078,1.49907,1.99967,-1.18646,1.96702,0,-1.19775,2.00028,-0.00297192,-1.23958,2.0551,0,-1.15909,2.11671,0.0103461
24.25,2.44676,1.50281,2.65596,2.45335,1.48622,2.65207,2.55632,1.5701,2,2.59492,1.52228,1.99978,-1.20224,1.95741,0,-1.21104,1.9938,-0.00282735,-1.25608,2.04506,0,-1.18145,2.10291,0.00962801
24.26,2.43479,1.52212,2.65596,2.44115,1.50611,2.65204,2.54382,1.59028,2,2.58301,1.54324,1.99988,-1.2177,1.94783,0,-1.22757,1.98556,-0.00292462,-1.27222,2.03505,0,-1.20177,2.09021,0.0086431
24.27,2.4226,1.54145,2.65596,2.42879,1.52593,2.65201,2.53108,1.61048,2,2.57089,1.56408,1.99996,-1.23316,1.93808,0,-1.244,1.97717,-0.00307097,-1.28838,2.02486,0,-1.22207,2.0773,0.00756678
24.28,2.41029,1.56062,2.65596,2.41627,1.54566,2.65198,2.51822,1.63051,2,2.55857,1.58479,2.00003,-1.2485,1.92823,0,-1.26033,1.96892,-0.00310724,-1.3044,2.01458,0,-1.24233,2.06448,0.00655686
24.29,2.39748,1.58023,2.65596,2.40359,1.56531,2.65195,2.50484,1.651,2,2.54604,1.60537,2.00009,-1.26419,1.91798,0,-1.27656,1.96069,-0.00304609,-1.3208,2.00387,0,-1.26258,2.05165,0.00559873
24.3,2.385,1.59901,2.65596,2.39074,1.58487,2.65192,2.4918,1.67061,2,2.53331,1.62582,2.00014,-1.27921,1.908,0,-1.29263,1.95252,-0.0028948,-1.33649,1.99344,0,-1.28277,2.03887,0.00468686
24.31,2.37206,1.61815,2.65596,2.37774,1.60436,2.65189,2.47828,1.69061,2,2.52039,1.64615,2.00018,-1.29452,1.89765,0,-1.30858,1.9444,-0.0026996,-1.35248,1.98262,0,-1.30294,2.02618,0.00377882
24.32,2.35872,1.63752,2.65596,2.36457,1.62376,2.65186,2.46435,1.71085,2,2.50726,1.66635,2.00021,-1.31002,1.88698,0,-1.32438,1.93628,-0.00244436,-1.36868,1.97148,0,-1.32305,2.01352,0.00289282
24.33,2.34582,1.65595,2.65596,2.35125,1.64308,2.65184,2.45086,1.73011,2,2.49393,1.68642,2.00024,-1.32476,1.87666,0,-1.34003,1.92805,-0.00213557,-1.38409,1.96069,0,-1.34314,2.00084,0.00202531
24.34,2.33212,1.6752,2.65596,2.33777,1.66232,2.65182,2.43655,1.75021,2,2.48039,1.70636,2.00026,-1.34016,1.86569,0,-1.35556,1.91972,-0.00179331,-1.40017,1.94924,0,-1.3632,1.98816,0.00116179
24.3501,2.31879,1.69359,2.65596,2.32414,1.68148,2.6518,2.42263,1.76943,2,2.46666,1.72618,2.00026,-1.35487,1.85503,0,-1.37091,1.91108,-0.00140827,-1.41554,1.9381,0,-1.38318,1.9753,0.000314624
24.36,2.30518,1.71208,2.65596,2.31035,1.70054,2.65179,2.4084,1.78874,2,2.45273,1.74587,2.00026,-1.36966,1.84414,1.46196e-18,-1.38605,1.90219,-0.000994037,-1.43099,1.92672,0,-1.40305,1.96232,-0.000525126
24.37,2.29168,1.7301,2.65596,2.29642,1.71952,2.65178,2.3943,1.80757,2,2.4386,1.76543,2.00025,-1.38408,1.83334,0,-1.40107,1.89307,-0.000554765,-1.44606,1.91544,0,-1.42289,1.94926,-0.00135632
24.38,2.27781,1.74833,2.65596,2.28233,1.7384,2.65178,2.3798,1.82662,2,2.42427,1.78485,2.00023,-1.39866,1.82224,0,-1.41596,1.88396,-9.42665e-05,-1.46129,1.90384,0,-1.44268,1.93638,-0.00217783
24.39,2.26346,1.76686,2.65596,2.2681,1.7572,2.65178,2.36481,1.84598,2,2.40975,1.80415,2.00021,-1.41349,1.81077,0,-1.4307,1.87465,0.000373037,-1.47679,1.89185,0,-1.46241,1.92351,-0.00300014
24.4,2.24939,1.78473,2.65596,2.25372,1.7759,2.65179,2.35012,1.86465,2,2.39502,1.82332,2.00017,-1.42779,1.79952,0,-1.44527,1.86514,0.00087273,-1.49172,1.8801,0,-1.48206,1.91063,-0.00379379
24.41,2.23512,1.80257,2.65596,2.23919,1.7945,2.6518,2.33521,1.88329,2,2.38011,1.84237,2.00013,-1.44206,1.7881,1.46196e-18,-1.45972,1.85547,0.00138827,-1.50663,1.86817,0,-1.50165,1.89781,-0.00456912
24.42,2.22074,1.82026,2.65596,2.22452,1.81301,2.65182,2.32018,1.90177,2,2.36499,1.86128,2.00008,-1.45621,1.77659,1.46196e-18,-1.47396,1.84559,0.00191761,-1.52142,1.85615,0,-1.52111,1.88502,-0.00532258
24.43,2.20601,1.83809,2.65596,2.20971,1.83141,2.65184,2.3048,1.92039,2,2.34968,1.88007,2.00003,-1.47047,1.76481,0,-1.48803,1.83543,0.00244803,-1.53632,1.84384,0,-1.54045,1.8722,-0.0060629
24.44,2.19115,1.85577,2.65596,2.19476,1.84971,2.65187,2.28927,1.93888,2,2.33418,1.89873,1.99996,-1.48462,1.75292,1.46196e-18,-1.50196,1.82506,0.00296683,-1.5511,1.83142,0,-1.5597,1.85944,-0.00679837
24.45,2.17621,1.87327,2.65596,2.17968,1.86791,2.6519,2.27366,1.95715,2,2.31849,1.91726,1.99989,-1.49862,1.74097,0,-1.51571,1.81423,0.00345549,-1.56572,1.81893,0,-1.57883,1.84649,-0.00754068
24.46,2.16109,1.8907,2.65596,2.16445,1.886,2.65194,2.25786,1.97536,2,2.30261,1.93566,1.99981,-1.51256,1.72887,1.46196e-18,-1.52928,1.803,0.0039154,-1.58029,1.80629,0,-1.5978,1.83343,-0.00828267
24.4701,2.14599,1.90782,2.65596,2.14909,1.90397,2.65198,2.24209,1.99325,2,2.28654,1.95392,1.99972,-1.52625,1.71679,-1.46196e-18,-1.54267,1.79148,0.00435583,-1.5946,1.79367,0,-1.6166,1.82038,-0.00901031
24.48,2.13055,1.92504,2.65596,2.1336,1.92182,2.65202,2.22596,2.01124,2,2.27028,1.97206,1.99963,-1.54003,1.70444,0,-1.55588,1.77941,0.0047777,-1.609,1.78077,0,-1.63523,1.80705,-0.00971706
24.49,2.11534,1.94174,2.65596,2.11797,1.93956,2.65207,2.21007,2.02869,2,2.25383,1.99006,1.99953,-1.5534,1.69227,1.46196e-18,-1.56895,1.76678,0.00518871,-1.62296,1.76805,0,-1.65369,1.79345,-0.0103902
24.5,2.09937,1.95901,2.65596,2.10222,1.95716,2.65213,2.19338,2.04673,2,2.2372,2.00793,1.99942,-1.5672,1.67949,1.46196e-18,-1.582,1.75362,0.00554848,-1.63738,1.7547,0,-1.67211,1.77961,-0.011065
24.51,2.08401,1.97534,2.65596,2.08633,1.97463,2.65218,2.17733,2.06379,2,2.22039,2.02566,1.99931,-1.58027,1.66721,0,-1.59502,1.74011,0.00588683,-1.65103,1.74186,0,-1.69044,1.76568,-0.0117076
24.52,2.06816,1.99193,2.65596,2.07032,1.99196,2.65224,2.16077,2.08113,2,2.20339,2.04324,1.99919,-1.59354,1.65452,0,-1.60798,1.72635,0.00620012,-1.6649,1.72861,0,-1.70865,1.75176,-0.012318
24.53,2.05196,2.00861,2.65596,2.05417,2.00915,2.65231,2.14385,2.09855,2,2.18622,2.06069,1.99906,-1.60688,1.64157,-1.46196e-18,-1.62083,1.71241,0.00647877,-1.67884,1.71508,0,-1.72667,1.7379,-0.0129041
24.54,2.03554,2.02524,2.65596,2.0379,2.02621,2.65237,2.12669,2.11593,2,2.16886,2.078,1.99893,-1.6202,1.62843,-2.92392e-18,-1.6336,1.69831,0.00673915,-1.69275,1.70135,0,-1.74454,1.72412,-0.0134487
24.55,2.01955,2.04119,2.65596,2.0215,2.04312,2.65244,2.10999,2.13259,2,2.15133,2.09517,1.99879,-1.63295,1.61564,1.46196e-18,-1.64625,1.68391,0.0070112,-1.70607,1.68799,0,-1.7622,1.71028,-0.0139193
24.56,2.00306,2.05737,2.65596,2.00498,2.05989,2.65251,2.09276,2.1495,2,2.13362,2.11221,1.99865,-1.6459,1.60245,0,-1.65888,1.6694,0.00724986,-1.7196,1.67421,0,-1.77975,1.69656,-0.0143577
24.57,1.98654,2.07333,2.65596,1.98833,2.07651,2.65259,2.0755,2.16618,2,2.11573,2.1291,1.99851,-1.65867,1.58923,0,-1.67141,1.65461,0.00746391,-1.73294,1.6604,0,-1.7971,1.68277,-0.0147543
24.58,1.97004,2.08902,2.65596,1.97155,2.09298,2.65266,2.05826,2.18256,2,2.09768,2.14586,1.99836,-1.67121,1.57603,1.46196e-18,-1.68381,1.63972,0.00764244,-1.74605,1.64661,0,-1.81421,1.66909,-0.0151191
24.5901,1.95293,2.10502,2.65596,1.95465,2.1093,2.65274,2.04038,2.19928,2,2.07945,2.16249,1.99821,-1.68401,1.56235,0,-1.69604,1.62469,0.00780377,-1.75942,1.63231,0,-1.83103,1.65546,-0.0154328
24.6,1.93637,2.12026,2.65596,1.93763,2.12547,2.65282,2.02308,2.21521,2,2.06106,2.17897,1.99805,-1.69621,1.5491,0,-1.70824,1.60947,0.00793756,-1.77217,1.61846,0,-1.84769,1.64184,-0.0157051
24.61,1.91947,2.13558,2.65596,1.92049,2.14149,2.6529,2.00542,2.23121,2,2.0425,2.19532,1.99789,-1.70846,1.53557,-1.46196e-18,-1.72026,1.59387,0.00804256,-1.78497,1.60434,0,-1.86405,1.62801,-0.0159352
24.62,1.90231,2.15088,2.65596,1.90322,2.15735,2.65298,1.98749,2.24719,2,2.02378,2.21153,1.99773,-1.7207,1.52185,0,-1.73203,1.57797,0.00813104,-1.79775,1.58999,0,-1.88001,1.61403,-0.0161112
24.63,1.88506,2.16601,2.65596,1.88585,2.17305,2.65306,1.96947,2.263,2,2.0049,2.2276,1.99757,-1.73281,1.50805,1.46196e-18,-1.7436,1.56167,0.00819546,-1.8104,1.57558,0,-1.89563,1.5998,-0.0162422
24.64,1.86761,2.18107,2.65596,1.86835,2.18858,2.65314,1.95124,2.27874,2,1.98586,2.24353,1.99741,-1.74486,1.49409,-1.46196e-18,-1.75511,1.54528,0.00824766,-1.82299,1.56099,0,-1.91103,1.58561,-0.0163148
24.6501,1.84994,2.19608,2.65596,1.85074,2.20395,2.65323,1.93278,2.29442,2,1.96668,2.25931,1.99724,-1.75686,1.47996,0,-1.76645,1.52886,0.00828882,-1.83553,1.54623,0,-1.92608,1.57147,-0.0163268
24.66,1.83221,2.2109,2.65596,1.83302,2.21916,2.65331,1.91425,2.3099,2,1.94734,2.27496,1.99708,-1.76872,1.46577,0,-1.77767,1.51222,0.00830573,-1.84792,1.5314,0,-1.94083,1.55721,-0.0162927
24.67,1.81459,2.22538,2.65596,1.81519,2.23419,2.65339,1.89584,2.32503,2,1.92786,2.29046,1.99692,-1.78031,1.45167,0,-1.78879,1.49539,0.00829187,-1.86003,1.51667,0,-1.95529,1.54281,-0.0162202
24.68,1.79647,2.24003,2.65596,1.79725,2.24906,2.65347,1.87692,2.34034,2,1.90824,2.30581,1.99676,-1.79202,1.43718,0,-1.79989,1.47842,0.00823795,-1.87227,1.50154,0,-1.96953,1.52832,-0.0161197
24.69,1.77899,2.25394,2.65596,1.77919,2.26376,2.65356,1.85865,2.35487,2,1.88847,2.32102,1.9966,-1.80315,1.42319,1.46196e-18,-1.81091,1.46123,0.00816504,-1.8839,1.48692,0,-1.98348,1.51364,-0.0159713
24.7,1.7607,2.26826,2.65596,1.76103,2.27829,2.65364,1.83954,2.36983,2,1.86857,2.33609,1.99644,-1.8146,1.40856,0,-1.82186,1.44388,0.00806484,-1.89586,1.47163,0,-1.99713,1.49879,-0.0157867
24.71,1.74253,2.28225,2.65596,1.74276,2.29264,2.65372,1.82056,2.38444,2,1.84853,2.351,1.99628,-1.8258,1.39402,0,-1.83278,1.42647,0.00792101,-1.90756,1.45645,0,-2.01056,1.48387,-0.0155861
24.72,1.72434,2.29601,2.65596,1.72438,2.30682,2.6538,1.80156,2.39883,2,1.82836,2.36576,1.99612,-1.83681,1.37948,1.46196e-18,-1.84364,1.40898,0.00776661,-1.91906,1.44125,0,-2.02371,1.46883,-0.0153391
24.73,1.70554,2.31002,2.65596,1.70774,2.31943,2.65387,1.78191,2.41346,2,1.81009,2.37892,1.99599,-1.84802,1.36443,1.46196e-18,-1.85328,1.39314,0.0076276,-1.93077,1.42553,0,-2.03521,1.45515,-0.0150706
24.74,1.68741,2.32329,2.65596,1.68915,2.33327,2.65394,1.76297,2.42733,2,1.78968,2.3934,1.99584,-1.85863,1.34993,0,-1.86388,1.37548,0.00732539,-1.94186,1.41038,0,-2.04768,1.43982,-0.0148717
24.75,1.66847,2.33693,2.65596,1.67046,2.34694,2.65401,1.74319,2.44158,2,1.76914,2.40772,1.99569,-1.86955,1.33478,0,-1.8744,1.3579,0.00693182,-1.95326,1.39455,0,-2.05979,1.42447,-0.0147124
24.76,1.65003,2.34999,2.65596,1.65166,2.36043,2.65408,1.72392,2.45522,2,1.74848,2.42189,1.99554,-1.87999,1.32003,0,-1.88493,1.34054,0.00655977,-1.96417,1.37914,0,-2.07165,1.40922,-0.0144833
24.77,1.6308,2.36337,2.65596,1.63276,2.37375,2.65414,1.70383,2.4692,2,1.72771,2.4359,1.9954,-1.8907,1.30464,-1.46196e-18,-1.89553,1.32341,0.00621876,-1.97536,1.36306,0,-2.08333,1.3941,-0.0141807
24.78,1.61226,2.37606,2.65596,1.61375,2.3869,2.6542,1.68445,2.48246,2,1.70682,2.44977,1.99526,-1.90085,1.2898,-1.46196e-18,-1.90618,1.3065,0.00590716,-1.98597,1.34756,0,-2.09482,1.37907,-0.0138108
24.79,1.59247,2.38937,2.65596,1.59464,2.39988,2.65426,1.66378,2.49636,2,1.68581,2.46348,1.99512,-1.9115,1.27398,0,-1.91683,1.28965,0.00560507,-1.99709,1.33103,0,-2.10607,1.36399,-0.0133979
24.8,1.57357,2.40186,2.65596,1.57734,2.41142,2.65431,1.64403,2.50941,2,1.66681,2.4757,1.99501,-1.92149,1.25885,0,-1.9263,1.27451,0.00533503,-2.00753,1.31523,0,-2.1159,1.35034,-0.0130002
24.81,1.55475,2.41408,2.65596,1.55803,2.42408,2.65436,1.62437,2.52218,2,1.6456,2.48912,1.99488,-1.93127,1.2438,1.46196e-18,-1.9367,1.25751,0.0049729,-2.01775,1.2995,0,-2.12647,1.33488,-0.0125963
24.82,1.53476,2.42684,2.65596,1.53861,2.43657,2.65441,1.60349,2.53551,2,1.62429,2.5024,1.99475,-1.94147,1.22781,0,-1.94707,1.2406,0.00460339,-2.02841,1.28279,0,-2.13677,1.31937,-0.0121738
24.83,1.51563,2.43883,2.65596,1.51909,2.44889,2.65445,1.5835,2.54804,2,1.60287,2.51551,1.99463,-1.95107,1.21251,0,-1.95746,1.22384,0.00425869,-2.03843,1.2668,0,-2.14683,1.30388,-0.0117049
24.8401,1.49596,2.45095,2.65596,1.49946,2.46104,2.65449,1.56294,2.5607,2,1.58135,2.52847,1.99452,-1.96076,1.19676,-1.46196e-18,-1.96772,1.20722,0.0039375,-2.04856,1.25036,0,-2.15652,1.28839,-0.0111958
24.85,1.47648,2.46273,2.65596,1.47973,2.47303,2.65453,1.5426,2.57301,2,1.55974,2.54128,1.99441,-1.97018,1.18119,0,-1.97803,1.19084,0.00367271,-2.05841,1.23408,0,-2.16604,1.27301,-0.0106181
24.86,1.45683,2.47441,2.65596,1.4599,2.48486,2.65457,1.52206,2.58521,2,1.53803,2.55393,1.99431,-1.97953,1.16546,0,-1.98826,1.17446,0.00342726,-2.06817,1.21765,0,-2.17525,1.25751,-0.0100126
24.87,1.43684,2.48607,2.65596,1.43997,2.49652,2.6546,1.50118,2.59739,2,1.51623,2.56643,1.99421,-1.98885,1.14947,-1.46196e-18,-1.99843,1.15818,0.003189,-2.07791,1.20095,0,-2.18421,1.24198,-0.00939522
24.88,1.41697,2.49745,2.65596,1.41993,2.50803,2.65463,1.48042,2.60928,2,1.49435,2.57877,1.99412,-1.99796,1.13357,-1.46196e-18,-2.00856,1.14195,0.00299002,-2.08743,1.18433,0,-2.19294,1.2264,-0.00873737
24.89,1.39701,2.50867,2.65596,1.3998,2.51936,2.65466,1.45957,2.621,2,1.47238,2.59096,1.99404,-2.00693,1.11761,0,-2.01852,1.12569,0.00282935,-2.0968,1.16766,0,-2.20132,1.21068,-0.00804288
24.9,1.377,2.5197,2.65596,1.37956,2.53054,2.65469,1.43867,2.63254,2,1.45032,2.60299,1.99396,-2.01576,1.1016,-1.46196e-18,-2.02841,1.10949,0.0026987,-2.10603,1.15093,0,-2.20945,1.19491,-0.00732277
24.91,1.35663,2.53073,2.65596,1.35923,2.54155,2.65472,1.41738,2.64406,2,1.42819,2.61486,1.99389,-2.02459,1.0853,1.46196e-18,-2.03813,1.09316,0.0025775,-2.11525,1.1339,0,-2.21726,1.17893,-0.0066003
24.9201,1.33589,2.54174,2.65596,1.3388,2.5524,2.65474,1.39572,2.65556,2,1.40598,2.62656,1.99383,-2.03339,1.06872,0,-2.04776,1.07685,0.00246075,-2.12444,1.11657,0,-2.22481,1.16288,-0.00588273
24.9299,1.31622,2.55198,2.65596,1.31828,2.56309,2.65476,1.37516,2.66626,2,1.38369,2.63811,1.99377,-2.04158,1.05298,0,-2.05716,1.06045,0.00235119,-2.13301,1.10013,0,-2.232,1.14665,-0.00516918
24.94,1.29527,2.56268,2.65596,1.29766,2.57361,2.65479,1.35327,2.67743,2,1.36134,2.6495,1.99372,-2.05014,1.03622,0,-2.06644,1.04406,0.00222506,-2.14195,1.08262,0,-2.23892,1.13035,-0.00448515
24.95,1.27511,2.57277,2.65596,1.27695,2.58397,2.65481,1.33221,2.68798,2,1.33892,2.66072,1.99368,-2.05822,1.02009,0,-2.0755,1.02758,0.00209785,-2.15038,1.06577,0,-2.2455,1.11389,-0.00381771
24.96,1.25422,2.58302,2.65596,1.25615,2.59416,2.65483,1.31039,2.69868,2,1.31643,2.67177,1.99365,-2.06641,1.00338,0,-2.08439,1.01107,0.00197114,-2.15895,1.04831,0,-2.25179,1.09732,-0.00316605
24.9701,1.23324,2.5931,2.65596,1.23526,2.60419,2.65485,1.28846,2.70922,2,1.29388,2.68266,1.99362,-2.07448,0.986589,1.46196e-18,-2.09317,0.994604,0.00185928,-2.16738,1.03077,0,-2.25785,1.08074,-0.00251698
24.9801,1.21238,2.60292,2.65596,1.21429,2.61406,2.65487,1.26667,2.71947,2,1.27127,2.69339,1.9936,-2.08233,0.969907,0,-2.1018,0.978056,0.00176155,-2.17558,1.01334,0,-2.26364,1.06403,-0.00187212
24.99,1.19212,2.61226,2.65596,1.19533,2.62279,2.65488,1.2455,2.72923,2,1.25088,2.7029,1.99358,-2.08981,0.953696,1.46196e-18,-2.10948,0.963133,0.001673,-2.18339,0.996402,0,-2.26868,1.04891,-0.00130823
25,1.17149,2.62158,2.65596,1.1742,2.63234,2.6549,1.22395,2.73897,2,1.22816,2.7133,1.99357,-2.09726,0.93719,0,-2.11806,0.94666,0.00154274,-2.19118,0.979157,0,-2.27424,1.03218,-0.000731615
25.01,1.14991,2.63111,2.65596,1.15297,2.64172,2.65491,1.2014,2.74893,2,1.20539,2.72354,1.99357,-2.10489,0.919926,0,-2.12658,0.930201,0.00140676,-2.19915,0.96112,0,-2.27962,1.01544,-0.000179145
25.02,1.12926,2.64004,2.65596,1.13167,2.65094,2.65493,1.17983,2.75826,2,1.18257,2.73361,1.99357,-2.11203,0.903411,0,-2.13494,0.913603,0.00126773,-2.20661,0.943865,0,-2.28475,0.998517,0.000350245
25.0301,1.10737,2.6493,2.65596,1.11028,2.66,2.65494,1.15696,2.76793,2,1.1597,2.74351,1.99358,-2.11944,0.885895,0,-2.14314,0.896934,0.00113022,-2.21435,0.925565,0,-2.28966,0.981504,0.000859948
25.04,1.08652,2.65792,2.65596,1.0888,2.66888,2.65495,1.13518,2.77694,2,1.13678,2.75324,1.99359,-2.12633,0.869218,0,-2.15121,0.880134,0.00100181,-2.22155,0.908141,0,-2.29439,0.964342,0.00135705
25.05,1.06551,2.66641,2.65596,1.06725,2.6776,2.65496,1.11323,2.78581,2,1.11381,2.7628,1.9936,-2.13313,0.85241,0,-2.15915,0.863179,0.000879326,-2.22865,0.890581,0,-2.29892,0.947012,0.00183888
25.06,1.04381,2.67498,2.65596,1.04562,2.68614,2.65497,1.09055,2.79476,2,1.0908,2.77218,1.99362,-2.13998,0.835047,-7.3098e-19,-2.16698,0.846124,0.000745335,-2.23581,0.87244,0,-2.30331,0.929571,0.00228764
25.07,1.02248,2.6832,2.65596,1.02391,2.69452,2.65497,1.06827,2.80336,2,1.06775,2.78139,1.99365,-2.14656,0.817983,-7.3098e-19,-2.17467,0.828875,0.000599082,-2.24269,0.854612,0,-2.30754,0.911922,0.00270103
25.08,1.0006,2.69144,2.65596,1.00213,2.70272,2.65498,1.04541,2.81196,2,1.04465,2.79042,1.99368,-2.15315,0.800484,-1.46196e-18,-2.18225,0.811593,0.000456363,-2.24957,0.836329,0,-2.31164,0.894226,0.00309439
25.09,0.979246,2.69928,2.65596,0.980269,2.71075,2.65498,1.0231,2.82015,2,1.02151,2.79927,1.99371,-2.15943,0.783397,0,-2.18961,0.794126,0.000310466,-2.25612,0.818477,0,-2.31552,0.876327,0.00346064
25.1,0.957908,2.70693,2.65596,0.960533,2.71783,2.65498,1.0008,2.82814,2,1.00066,2.80709,1.99374,-2.16554,0.766327,7.3098e-19,-2.19613,0.77839,0.000185703,-2.26251,0.800642,0,-2.31892,0.860186,0.00377618
25.1101,0.935764,2.71466,2.65596,0.938535,2.72552,2.65499,0.977667,2.83622,2,0.977452,2.8156,1.99378,-2.17173,0.748611,-7.3098e-19,-2.20327,0.760836,1.28058e-05,-2.26898,0.782134,0,-2.32259,0.842165,0.00406956
25.1201,0.913865,2.72211,2.65596,0.916468,2.73304,2.65499,0.954787,2.84401,2,0.954208,2.82393,1.99382,-2.17769,0.731092,0,-2.21025,0.743221,-0.000129456,-2.27521,0.76383,0,-2.3261,0.82407,0.00437142
25.13,0.892537,2.72918,2.65596,0.894331,2.74039,2.65498,0.932504,2.85139,2,0.93093,2.83208,1.99387,-2.18334,0.714029,-7.3098e-19,-2.21707,0.725558,-0.00023339,-2.28111,0.746003,0,-2.32945,0.805912,0.00468942
25.1403,0.870182,2.73639,2.65596,0.872127,2.74755,2.65498,0.909148,2.85892,2,0.90762,2.84005,1.99392,-2.18911,0.696145,7.3098e-19,-2.22364,0.707884,-0.000322227,-2.28714,0.727318,0,-2.33259,0.787721,0.00499906
25.15,0.848723,2.74312,2.65596,0.849859,2.75454,2.65498,0.886728,2.86596,2,0.884279,2.84783,1.99397,-2.1945,0.678978,7.3098e-19,-2.22997,0.690136,-0.000389004,-2.29277,0.709382,0,-2.33552,0.769435,0.00530662
25.16,0.82675,2.74982,2.65596,0.827528,2.76136,2.65497,0.863772,2.87296,2,0.86091,2.85544,1.99402,-2.19986,0.6614,0,-2.23604,0.672257,-0.000445869,-2.29837,0.691017,0,-2.33823,0.750998,0.00560078
25.17,0.804858,2.75631,2.65596,0.805139,2.76799,2.65497,0.840899,2.87974,2,0.837515,2.86285,1.99408,-2.20505,0.643886,7.3098e-19,-2.24186,0.654173,-0.000507048,-2.30379,0.672719,0,-2.34075,0.732335,0.00586754
25.1801,0.782187,2.76283,2.65596,0.782692,2.77444,2.65496,0.817213,2.88655,2,0.814096,2.87008,1.99414,-2.21026,0.62575,0,-2.24753,0.635907,-0.000580848,-2.30924,0.653771,0,-2.3432,0.713467,0.00609828
25.19,0.760367,2.76892,2.65596,0.760189,2.78071,2.65496,0.794416,2.89291,2,0.790652,2.87712,1.9942,-2.21513,0.608294,0,-2.25299,0.617605,-0.000665326,-2.31432,0.635533,0,-2.3455,0.694532,0.00629438
25.2,0.73768,2.77505,2.65596,0.737633,2.78679,2.65495,0.770713,2.89931,2,0.767186,2.88397,1.99427,-2.22004,0.590144,0,-2.25823,0.599188,-0.000769542,-2.31945,0.616571,0,-2.34765,0.675437,0.00644602
25.2101,0.715708,2.78079,2.65596,0.715025,2.79269,2.65494,0.747757,2.90532,2,0.743699,2.89063,1.99433,-2.22463,0.572567,-7.3098e-19,-2.26334,0.580753,-0.000893972,-2.32425,0.598206,0,-2.34975,0.656275,0.00655194
25.22,0.693879,2.78632,2.65596,0.692366,2.79841,2.65493,0.72495,2.91109,2,0.720191,2.8971,1.9944,-2.22906,0.555103,7.3098e-19,-2.26831,0.56221,-0.0010404,-2.32887,0.57996,0,-2.35179,0.636954,0.00661039
25.23,0.67146,2.79181,2.65596,0.669659,2.80394,2.65492,0.701528,2.91682,2,0.696663,2.90337,1.99446,-2.23345,0.537168,0,-2.27311,0.543677,-0.00117081,-2.33346,0.561222,0,-2.35376,0.617586,0.0066587
25.24,0.649127,2.79708,2.65596,0.646905,2.80928,2.65491,0.678195,2.92234,2,0.673116,2.90945,1.99453,-2.23767,0.519302,-7.3098e-19,-2.27774,0.525293,-0.00126572,-2.33787,0.542556,0,-2.35567,0.5983,0.00671509
25.2502,0.626233,2.8023,2.65596,0.624105,2.81444,2.6549,0.654275,2.92778,2,0.64955,2.91534,1.9946,-2.24184,0.500986,7.3098e-19,-2.28221,0.507145,-0.00132687,-2.34223,0.52342,0,-2.35754,0.579181,0.00677735
25.26,0.604166,2.80714,2.65596,0.601261,2.81942,2.65488,0.63122,2.93284,2,0.625966,2.92103,1.99467,-2.24571,0.483333,0,-2.28642,0.488905,-0.00137311,-2.34627,0.504976,0,-2.35928,0.5599,0.00682707
25.27,0.581981,2.81182,2.65596,0.580667,2.82375,2.65487,0.608041,2.93773,2,0.611807,2.92436,1.99471,-2.24946,0.465585,0,-2.29002,0.472348,-0.00141173,-2.35019,0.486433,0,-2.36026,0.548215,0.00684752
25.28,0.559293,2.81642,2.65596,0.557748,2.82838,2.65485,0.584338,2.94254,2,0.58111,2.93132,1.9948,-2.25314,0.447434,0,-2.29374,0.453865,-0.00152603,-2.35403,0.46747,0,-2.36226,0.522723,0.00678713
25.2902,0.536605,2.82083,2.65596,0.539387,2.83195,2.65484,0.560633,2.94715,2,0.562208,2.93544,1.99485,-2.25667,0.429284,0,-2.2965,0.439092,-0.00160728,-2.35772,0.448507,0,-2.36333,0.506991,0.00672818
25.3,0.513877,2.82506,2.65596,0.516406,2.83625,2.65482,0.536888,2.95157,2,0.538568,2.94041,1.99492,-2.26005,0.411102,-7.3098e-19,-2.29979,0.420611,-0.00215372,-2.36125,0.429511,0,-2.3646,0.487262,0.00618961
25.31,0.491722,2.829,2.65596,0.493392,2.84036,2.6548,0.513741,2.95568,2,0.514916,2.94518,1.99497,-2.2632,0.393378,-3.6549e-19,-2.30296,0.402164,-0.00279888,-2.36455,0.410993,0,-2.3658,0.467537,0.00553599
25.3201,0.468849,2.83288,2.65596,0.470347,2.84429,2.65477,0.489844,2.95974,2,0.491253,2.94976,1.99503,-2.26631,0.375079,0,-2.30595,0.383535,-0.00330479,-2.36779,0.391875,0,-2.36687,0.447583,0.00500335
25.33,0.445953,2.83658,2.65596,0.447273,2.84803,2.65473,0.465922,2.9636,2,0.467579,2.95413,1.99507,-2.26926,0.356762,0,-2.30878,0.364832,-0.00365841,-2.37088,0.372738,0,-2.36784,0.427482,0.00459982
25.34,0.423745,2.83998,2.65596,0.424172,2.85159,2.6547,0.44272,2.96715,2,0.443896,2.95831,1.99512,-2.27198,0.338996,-3.6549e-19,-2.31148,0.346191,-0.00387575,-2.37372,0.354176,0,-2.36878,0.407373,0.00430958
25.35,0.400626,2.84333,2.65596,0.401044,2.85496,2.65466,0.418566,2.97066,2,0.420204,2.96228,1.99516,-2.27467,0.320501,0,-2.31405,0.32763,-0.00399707,-2.37653,0.334853,0,-2.36967,0.387273,0.00409261
25.36,0.377946,2.84644,2.65596,0.377891,2.85814,2.65462,0.39487,2.9739,2,0.396503,2.96605,1.9952,-2.27715,0.302357,0,-2.31646,0.309162,-0.00402701,-2.37912,0.315896,0,-2.37052,0.367193,0.00394377
25.37,0.355084,2.84938,2.65596,0.354715,2.86114,2.65458,0.370985,2.97697,2,0.372793,2.96962,1.99524,-2.2795,0.284068,-3.6549e-19,-2.31874,0.290815,-0.00397295,-2.38158,0.296788,0,-2.37133,0.347165,0.0038564
25.3801,0.332297,2.85213,2.65596,0.333838,2.86369,2.65454,0.347177,2.97984,2,0.351448,2.97267,1.99527,-2.2817,0.265837,-3.6549e-19,-2.32063,0.27433,-0.00388582,-2.38387,0.277741,0,-2.37201,0.329112,0.00379776
25.3901,0.309388,2.8547,2.65596,0.310622,2.86634,2.6545,0.323242,2.98253,2,0.327725,2.97586,1.99531,-2.28376,0.24751,-3.6549e-19,-2.32257,0.256028,-0.0038025,-2.38603,0.258594,0,-2.37272,0.309015,0.00370001
25.4001,0.286917,2.85705,2.65596,0.287387,2.86881,2.65446,0.299765,2.98499,2,0.303994,2.97885,1.99535,-2.28564,0.229534,0,-2.32427,0.237622,-0.00372243,-2.38799,0.239812,0,-2.37329,0.288772,0.00358216
25.41,0.264141,2.85924,2.65596,0.264137,2.87109,2.65443,0.275969,2.98728,2,0.280259,2.98163,1.99538,-2.2874,0.211313,0,-2.32579,0.219066,-0.00362309,-2.38982,0.220775,0,-2.37378,0.268339,0.00346762
25.42,0.240989,2.86129,2.65596,0.240872,2.87319,2.65439,0.25178,2.98942,2,0.256519,2.98421,1.99542,-2.28903,0.192791,0,-2.32711,0.200596,-0.00348015,-2.39153,0.201424,0,-2.37419,0.247945,0.00337951
25.43,0.218399,2.8631,2.65596,0.217596,2.8751,2.65436,0.228179,2.99131,2,0.232776,2.98659,1.99545,-2.29048,0.174719,1.82745e-19,-2.32815,0.181971,-0.00333157,-2.39305,0.182543,0,-2.37444,0.227344,0.00327928
25.4401,0.194987,2.86479,2.65596,0.19431,2.87683,2.65433,0.203718,2.99308,2,0.20903,2.98876,1.99548,-2.29183,0.155989,0,-2.32906,0.163365,-0.0031553,-2.39446,0.162975,0,-2.37467,0.206714,0.00319044
25.45,0.172308,2.86624,2.65596,0.171015,2.87837,2.65429,0.180024,2.99459,2,0.185283,2.99073,1.99552,-2.293,0.137846,-1.82745e-19,-2.32976,0.144753,-0.00294909,-2.39567,0.144019,0,-2.37482,0.186036,0.00311617
25.4601,0.148933,2.86755,2.65596,0.147715,2.87972,2.65427,0.155602,2.99596,2,0.161534,2.99248,1.99555,-2.29404,0.119146,1.82745e-19,-2.33024,0.126082,-0.00273724,-2.39677,0.124482,0,-2.37485,0.165255,0.00303267
25.47,0.12665,2.86862,2.65596,0.124411,2.88089,2.65424,0.132321,2.99708,2,0.137786,2.99403,1.99558,-2.2949,0.10132,0,-2.3305,0.107335,-0.00253161,-2.39766,0.105857,0,-2.37477,0.144356,0.00292865
25.48,0.103309,2.86956,2.65596,0.101105,2.88187,2.65422,0.107935,2.99806,2,0.114039,2.99537,1.9956,-2.29565,0.0826473,0,-2.33062,0.0886325,-0.0023271,-2.39845,0.0863482,0,-2.37468,0.123464,0.00281043
25.49,0.0804222,2.87029,2.65596,0.0777992,2.88266,2.65419,0.0840234,2.99882,2,0.0902926,2.9965,1.99563,-2.29623,0.0643377,0,-2.33059,0.0699832,-0.00210256,-2.39906,0.0672188,0,-2.37454,0.102588,0.00269962
25.5001,0.0574946,2.87084,2.65596,0.0544941,2.88327,2.65417,0.0600691,2.9994,2,0.0665481,2.99742,1.99566,-2.29667,0.0459956,0,-2.33043,0.0514241,-0.00184257,-2.39952,0.0480553,0,-2.37439,0.0817647,0.00261224
25.5103,0.033534,2.87122,2.65596,0.0311908,2.88369,2.65416,0.0350357,2.9998,2,0.0428047,2.99813,1.99568,-2.29698,0.0268272,-4.56862e-20,-2.3302,0.0330141,-0.00157399,-2.39984,0.0280285,0,-2.37429,0.0610597,0.00252289
25.52,0.0116508,2.8714,2.65596,0.00789086,2.88393,2.65414,0.0121726,2.99998,2,0.0190628,2.99864,1.99571,-2.29712,0.00932067,1.14216e-20,-2.32974,0.0146898,-0.00129696,-2.39998,0.00973805,0,-2.37406,0.0404155,0.00243291
25.53,-0.0113525,2.8714,2.65596,-0.0154037,2.88399,2.65413,-0.0118609,2.99998,2,-0.00467667,2.99894,1.99573,-2.29712,-0.00908202,-1.14216e-20,-2.32916,-0.0035968,-0.00103748,-2.39998,-0.00948871,0,-2.37384,0.0197958,0.002319
25.54,-0.0345077,2.87121,2.65596,-0.0386921,2.88386,2.65412,-0.0360529,2.99978,2,-0.0284142,2.99904,1.99576,-2.29697,-0.0276061,0,-2.32849,-0.0217919,-0.000764991,-2.39983,-0.0288423,0,-2.37365,-0.000743208,0.00221248
25.55,-0.057444,2.87084,2.65596,-0.0619727,2.88355,2.65412,-0.0600163,2.9994,2,-0.0521493,2.99893,1.99578,-2.29668,-0.0459552,4.56862e-20,-2.32758,-0.0399534,-0.000481743,-2.39952,-0.048013,0,-2.37334,-0.0212579,0.00211192
25.56,-0.0802255,2.8703,2.65596,-0.0852426,2.88306,2.65411,-0.083818,2.99883,2,-0.0758804,2.99861,1.9958,-2.29624,-0.0641804,0,-2.32637,-0.0581555,-0.000204582,-2.39906,-0.0670544,0,-2.37286,-0.0418145,0.00200258
25.57,-0.103288,2.86956,2.65596,-0.108499,2.88239,2.65411,-0.107914,2.99806,2,-0.0996062,2.99809,1.99582,-2.29565,-0.0826308,0,-2.32497,-0.0763502,8.67043e-05,-2.39845,-0.0863309,0,-2.37231,-0.0623566,0.00190681
25.58,-0.126238,2.86864,2.65596,-0.131742,2.88153,2.65411,-0.131891,2.9971,2,-0.123327,2.99737,1.99584,-2.29491,-0.10099,0,-2.32348,-0.0943747,0.00040549,-2.39768,-0.105513,0,-2.37178,-0.0827156,0.0018397
25.59,-0.14914,2.86754,2.65596,-0.154969,2.8805,2.65412,-0.155819,2.99595,2,-0.147042,2.99644,1.99585,-2.29403,-0.119312,0,-2.32184,-0.112471,0.000718385,-2.39676,-0.124655,0,-2.37119,-0.10313,0.00176906
25.6001,-0.172242,2.86625,2.65596,-0.178178,2.87928,2.65413,-0.179955,2.9946,2,-0.17075,2.9953,1.99587,-2.293,-0.137794,-1.82745e-19,-2.31999,-0.130466,0.00103973,-2.39568,-0.143964,0,-2.37051,-0.123424,0.0017109
25.6101,-0.194996,2.86479,2.65596,-0.201368,2.87789,2.65414,-0.203728,2.99307,2,-0.194452,2.99397,1.99589,-2.29183,-0.155997,0,-2.31798,-0.148471,0.00137378,-2.39446,-0.162982,0,-2.36978,-0.143699,0.00167104
25.62,-0.217852,2.86314,2.65596,-0.224537,2.87631,2.65416,-0.227607,2.99135,2,-0.218146,2.99243,1.9959,-2.29051,-0.174282,1.82745e-19,-2.31578,-0.166524,0.00169676,-2.39308,-0.182086,0,-2.36896,-0.16399,0.00162762
25.6301,-0.241222,2.86127,2.65596,-0.247683,2.87456,2.65417,-0.252023,2.9894,2,-0.241831,2.99069,1.99592,-2.28902,-0.192977,0,-2.31346,-0.184546,0.00200828,-2.39152,-0.201619,0,-2.3681,-0.184208,0.00158223
25.64,-0.263416,2.85931,2.65596,-0.270806,2.87262,2.6542,-0.275212,2.98735,2,-0.265507,2.98875,1.99594,-2.28745,-0.210733,0,-2.31097,-0.202644,0.00228369,-2.38988,-0.22017,0,-2.36716,-0.204459,0.00151137
25.6501,-0.286626,2.85708,2.65596,-0.293902,2.8705,2.65422,-0.299461,2.98502,2,-0.289174,2.9866,1.99595,-2.28566,-0.229301,0,-2.30829,-0.220971,0.0025115,-2.38801,-0.239569,0,-2.3661,-0.224889,0.00140507
25.66,-0.308986,2.85475,2.65596,-0.316971,2.8682,2.65425,-0.322822,2.98258,2,-0.312829,2.98425,1.99596,-2.2838,-0.247188,0,-2.30544,-0.239344,0.00269834,-2.38606,-0.258257,0,-2.36496,-0.245319,0.00127048
25.6701,-0.332088,2.85215,2.65596,-0.34001,2.86572,2.65427,-0.346958,2.97987,2,-0.336473,2.98169,1.99598,-2.28172,-0.26567,0,-2.30248,-0.257701,0.00286304,-2.3839,-0.277567,0,-2.36378,-0.265691,0.00112603
25.68,-0.355201,2.84937,2.65596,-0.36302,2.86305,2.6543,-0.371106,2.97696,2,-0.360104,2.97893,1.99599,-2.27949,-0.284161,0,-2.29934,-0.276112,0.00301942,-2.38157,-0.296885,0,-2.36248,-0.286077,0.000985612
25.69,-0.377804,2.84646,2.65596,-0.385997,2.8602,2.65433,-0.394722,2.97392,2,-0.383722,2.97597,1.996,-2.27716,-0.302244,0,-2.29605,-0.294543,0.00316659,-2.37914,-0.315778,0,-2.36108,-0.30644,0.000849657
25.7,-0.400176,2.8434,2.65596,-0.40894,2.85716,2.65437,-0.418095,2.97072,2,-0.407325,2.97281,1.996,-2.27472,-0.32014,3.6549e-19,-2.29262,-0.312944,0.00330985,-2.37658,-0.334476,0,-2.35959,-0.326725,0.000724981
25.7101,-0.4238,2.83997,2.65596,-0.431849,2.85394,2.6544,-0.442778,2.96714,2,-0.430913,2.96944,1.99601,-2.27198,-0.33904,0,-2.28905,-0.33135,0.00343219,-2.37372,-0.354222,0,-2.358,-0.346966,0.000594862
25.72,-0.445844,2.8366,2.65596,-0.45472,2.85053,2.65444,-0.465809,2.96362,2,-0.454485,2.96587,1.99602,-2.26928,-0.356675,-3.6549e-19,-2.28533,-0.349778,0.00351883,-2.37089,-0.372647,0,-2.3563,-0.367182,0.000444827
25.73,-0.468516,2.83294,2.65596,-0.477555,2.84694,2.65447,-0.489496,2.9598,2,-0.478039,2.96209,1.99602,-2.26635,-0.374813,0,-2.28156,-0.368151,0.00358283,-2.36784,-0.391597,0,-2.35459,-0.387287,0.000289989
25.7401,-0.491504,2.82904,2.65596,-0.500351,2.84317,2.65451,-0.513513,2.95572,2,-0.501576,2.95812,1.99602,-2.26323,-0.393203,-3.6549e-19,-2.2777,-0.386595,0.00363453,-2.36458,-0.41081,0,-2.35281,-0.407409,0.000140785
25.75,-0.514072,2.82503,2.65596,-0.523108,2.83921,2.65454,-0.537092,2.95153,2,-0.525095,2.95395,1.99602,-2.26002,-0.411258,0,-2.27372,-0.40495,0.00370676,-2.36122,-0.429674,0,-2.35095,-0.427391,2.98965e-05
25.76,-0.536281,2.8209,2.65596,-0.545825,2.83507,2.65458,-0.560295,2.94721,2,-0.548595,2.94957,1.99602,-2.25672,-0.429024,0,-2.26966,-0.423155,0.00380426,-2.35777,-0.448236,0,-2.34903,-0.447168,-3.70609e-05
25.7702,-0.55952,2.81638,2.65596,-0.568501,2.83075,2.65462,-0.584575,2.94249,2,-0.572075,2.945,1.99602,-2.2531,-0.447616,0,-2.26548,-0.441249,0.00390448,-2.354,-0.46766,0,-2.34701,-0.466779,-8.21891e-05
25.78,-0.581492,2.81192,2.65596,-0.591135,2.82624,2.65466,-0.607531,2.93784,2,-0.595535,2.94024,1.99602,-2.24954,-0.465194,0,-2.26117,-0.459344,0.0039997,-2.35027,-0.486025,0,-2.34489,-0.486335,-0.000112263
25.7901,-0.604158,2.80714,2.65596,-0.613724,2.82156,2.6547,-0.631212,2.93284,2,-0.618973,2.93528,1.99602,-2.24571,-0.483327,0,-2.25677,-0.477337,0.00410108,-2.34627,-0.50497,0,-2.34271,-0.505718,-0.000113776
25.8,-0.626631,2.80221,2.65596,-0.636269,2.8167,2.65474,-0.654691,2.92769,2,-0.642389,2.93012,1.99602,-2.24177,-0.501305,0,-2.25223,-0.495287,0.00420374,-2.34215,-0.523753,0,-2.3404,-0.524988,-9.14164e-05
25.81,-0.648824,2.79716,2.65596,-0.658768,2.81166,2.65478,-0.677878,2.92241,2,-0.665781,2.92478,1.99602,-2.23772,-0.51906,-7.3098e-19,-2.24758,-0.5131,0.00431868,-2.33793,-0.542303,0,-2.33801,-0.544054,-3.40999e-05
25.82,-0.67091,2.79194,2.65596,-0.681221,2.80644,2.65483,-0.700953,2.91696,2,-0.689149,2.91924,1.99602,-2.23355,-0.536728,0,-2.24281,-0.530869,0.0044424,-2.33357,-0.560763,0,-2.33552,-0.563004,5.55821e-05
25.83,-0.693305,2.78646,2.65596,-0.703624,2.80104,2.65487,-0.724351,2.91124,2,-0.712491,2.91352,1.99602,-2.22917,-0.554644,0,-2.23783,-0.548718,0.00455635,-2.32899,-0.579481,0,-2.33283,-0.581959,0.00015983
25.8401,-0.715916,2.78074,2.65596,-0.725977,2.79546,2.65492,-0.747975,2.90526,2,-0.735805,2.9076,1.99602,-2.22459,-0.572733,0,-2.23267,-0.566618,0.00464321,-2.32421,-0.59838,0,-2.32999,-0.60089,0.000261735
25.85,-0.737833,2.775,2.65596,-0.748277,2.78971,2.65497,-0.770873,2.89927,2,-0.75909,2.9015,1.99602,-2.22,-0.590266,-7.3098e-19,-2.22732,-0.584516,0.00470447,-2.31941,-0.616698,0,-2.32696,-0.619745,0.000362628
25.8599,-0.759799,2.76907,2.65596,-0.770523,2.78377,2.65501,-0.793822,2.89307,2,-0.782344,2.89521,1.99603,-2.21526,-0.607839,0,-2.22185,-0.602301,0.00477083,-2.31446,-0.635058,0,-2.3238,-0.638412,0.000493057
25.87,-0.782046,2.76287,2.65596,-0.792713,2.77766,2.65506,-0.817065,2.88659,2,-0.805565,2.88873,1.99603,-2.2103,-0.625637,-7.3098e-19,-2.21622,-0.620027,0.00482369,-2.30927,-0.653652,0,-2.32048,-0.656951,0.000633743
25.88,-0.804129,2.75652,2.65596,-0.810425,2.77264,2.6551,-0.840137,2.87996,2,-0.824118,2.88342,1.99604,-2.20522,-0.643303,0,-2.21164,-0.634171,0.00486922,-2.30397,-0.67211,0,-2.31775,-0.671696,0.000766557
25.89,-0.826361,2.74994,2.65596,-0.832512,2.76621,2.65515,-0.863365,2.87308,2,-0.847278,2.87661,1.99605,-2.19995,-0.661088,0,-2.20584,-0.651742,0.00444754,-2.29847,-0.690692,0,-2.31422,-0.689941,0.000477473
25.9,-0.848108,2.74331,2.65596,-0.852341,2.76028,2.65518,-0.886086,2.86616,2,-0.868092,2.87033,1.99605,-2.19465,-0.678486,-1.46196e-18,-2.2006,-0.667494,0.00394868,-2.29293,-0.708869,0,-2.311,-0.706185,0.000126576
25.91,-0.870216,2.73638,2.65596,-0.874318,2.75351,2.65522,-0.909184,2.85891,2,-0.891183,2.86318,1.99605,-2.1891,-0.696173,0,-2.19479,-0.684986,0.00348188,-2.28713,-0.727347,0,-2.30733,-0.724099,-0.000145498
25.92,-0.8919,2.72939,2.65596,-0.896237,2.74658,2.65525,-0.931839,2.85161,2,-0.914238,2.85585,1.99605,-2.18351,-0.71352,7.3098e-19,-2.18896,-0.702503,0.00314758,-2.28129,-0.745471,0,-2.30357,-0.741916,-0.000255617
25.93,-0.91393,2.72209,2.65596,-0.918097,2.73946,2.65528,-0.954855,2.84399,2,-0.937255,2.84834,1.99604,-2.17767,-0.731144,7.3098e-19,-2.18313,-0.720058,0.0029185,-2.27519,-0.763884,0,-2.29974,-0.759647,-0.000231076
25.94,-0.935609,2.71472,2.65596,-0.939899,2.73218,2.65531,-0.977505,2.83628,2,-0.960232,2.84065,1.99604,-2.17177,-0.748487,0,-2.17721,-0.737639,0.00276705,-2.26902,-0.782004,0,-2.29575,-0.777291,-0.000101268
25.95,-0.957254,2.70716,2.65596,-0.961641,2.72471,2.65534,-1.00012,2.82839,2,-0.983169,2.83279,1.99604,-2.16573,-0.765803,0,-2.17117,-0.755281,0.00267265,-2.26271,-0.800095,0,-2.29158,-0.794888,0.000111649
25.96,-0.978919,2.6994,2.65596,-0.983322,2.71707,2.65537,-1.02275,2.82028,2,-1.00606,2.82476,1.99605,-2.15952,-0.783135,0,-2.16497,-0.772979,0.00262996,-2.25622,-0.818203,0,-2.2872,-0.812437,0.000401277
25.97,-1.00124,2.6912,2.65596,-1.00494,2.70925,2.65539,-1.04608,2.81171,2,-1.02891,2.81654,1.99605,-2.15296,-0.800995,7.3098e-19,-2.15865,-0.790696,0.00263233,-2.24937,-0.836863,0,-2.28265,-0.82991,0.000759676
25.98,-1.02195,2.68341,2.65596,-1.02649,2.70126,2.65542,-1.06771,2.80357,2,-1.05172,2.80816,1.99606,-2.14672,-0.817561,-7.3098e-19,-2.1522,-0.808401,0.00267512,-2.24285,-0.854171,0,-2.27793,-0.847281,0.00118076
25.99,-1.04335,2.67516,2.65596,-1.04798,2.69308,2.65545,-1.09007,2.79495,2,-1.07447,2.7996,1.99607,-2.14013,-0.834681,0,-2.14569,-0.826082,0.00271869,-2.23596,-0.872057,0,-2.27308,-0.864534,0.00162433
26,-1.06487,2.66666,2.65596,-1.06299,2.68726,2.65547,-1.11256,2.78608,2,-1.09037,2.7935,1.99609,-2.13333,-0.851898,1.46196e-18,-2.14105,-0.838452,0.0027484,-2.22886,-0.890045,0,-2.26957,-0.876556,0.00194602
26.01,-1.08611,2.65809,2.65596,-1.08009,2.68049,2.65549,-1.13474,2.77711,2,-1.10851,2.78644,1.9961,-2.12647,-0.868886,0,-2.13568,-0.852481,0.00244416,-2.22169,-0.907794,0,-2.26548,-0.890143,0.00198639
26.02,-1.10742,2.64928,2.65596,-1.10142,2.67188,2.65551,-1.15701,2.76791,2,-1.13114,2.77745,1.99612,-2.11942,-0.885934,0,-2.12893,-0.869976,0.00159058,-2.21433,-0.925605,0,-2.26023,-0.906963,0.00158683
26.03,-1.12838,2.64042,2.65596,-1.12267,2.66309,2.65552,-1.17891,2.75865,2,-1.15371,2.7683,1.99613,-2.11233,-0.902705,0,-2.12216,-0.887528,0.0004844,-2.20692,-0.943128,0,-2.2548,-0.923625,0.000969471
26.04,-1.15018,2.63099,2.65596,-1.14386,2.65413,2.65552,-1.20169,2.74881,2,-1.17623,2.75898,1.99614,-2.1048,-0.920146,0,-2.11537,-0.905159,-0.00051889,-2.19905,-0.961349,0,-2.24923,-0.940181,0.000484133
26.05,-1.17069,2.62193,2.65596,-1.16498,2.64499,2.65551,-1.22311,2.73934,2,-1.1987,2.7495,1.99615,-2.09755,-0.936552,-1.46196e-18,-2.10855,-0.922861,-0.00128358,-2.19147,-0.97849,0,-2.24351,-0.956669,0.000259554
26.06,-1.19131,2.61263,2.65596,-1.18603,2.63567,2.65549,-1.24466,2.72962,2,-1.2211,2.73985,1.99615,-2.0901,-0.95305,0,-2.10165,-0.940679,-0.0018494,-2.1837,-0.995727,0,-2.23762,-0.973135,0.000255114
26.07,-1.21215,2.60303,2.65596,-1.20701,2.62618,2.65547,-1.26643,2.71959,2,-1.24345,2.73003,1.99615,-2.08242,-0.969721,1.46196e-18,-2.09468,-0.958487,-0.00222807,-2.17567,-1.01314,0,-2.23156,-0.989468,0.000456571
26.08,-1.23329,2.59307,2.65596,-1.22792,2.6165,2.65545,-1.28852,2.70919,2,-1.26573,2.72006,1.99616,-2.07446,-0.986635,1.46196e-18,-2.08755,-0.976278,-0.00265664,-2.16735,-1.03082,0,-2.22528,-1.00569,0.00062208
26.09,-1.25368,2.58328,2.65596,-1.24876,2.60665,2.65542,-1.30982,2.69896,2,-1.28795,2.70992,1.99616,-2.06662,-1.00295,-1.46196e-18,-2.08018,-0.994163,-0.00300758,-2.15916,-1.04786,0,-2.21871,-1.02194,0.000877604
26.1,-1.27465,2.573,2.65596,-1.26953,2.59662,2.65539,-1.33172,2.68822,2,-1.31011,2.69962,1.99617,-2.0584,-1.01972,0,-2.07263,-1.01205,-0.00325331,-2.15057,-1.06538,0,-2.21192,-1.03811,0.00124975
26.11,-1.29518,2.56273,2.65596,-1.29022,2.58641,2.65535,-1.35318,2.67748,2,-1.33219,2.68916,1.99619,-2.05018,-1.03614,1.46196e-18,-2.06488,-1.02995,-0.00338331,-2.14199,-1.08254,0,-2.20486,-1.05423,0.00174634
26.12,-1.31591,2.55214,2.65596,-1.31082,2.57602,2.65532,-1.37484,2.66643,2,-1.3542,2.67853,1.99621,-2.04171,-1.05273,0,-2.05693,-1.04781,-0.00422241,-2.13314,-1.09987,0,-2.19757,-1.07029,0.00153769
26.13,-1.33608,2.54164,2.65596,-1.33135,2.56545,2.65527,-1.39591,2.65545,2,-1.37614,2.66775,1.99622,-2.03331,-1.06887,0,-2.04885,-1.06565,-0.0052532,-2.12436,-1.11673,0,-2.1901,-1.0863,0.0011411
26.14,-1.35595,2.5311,2.65596,-1.3518,2.55471,2.65521,-1.41667,2.64444,2,-1.39801,2.65681,1.99623,-2.02488,-1.08476,0,-2.04063,-1.08344,-0.00628111,-2.11555,-1.13334,0,-2.18246,-1.10224,0.000749754
26.15,-1.37639,2.52004,2.65596,-1.37217,2.54379,2.65515,-1.43803,2.63288,2,-1.41979,2.64571,1.99624,-2.01603,-1.10111,0,-2.03229,-1.1012,-0.00722407,-2.10631,-1.15042,0,-2.17464,-1.11815,0.000442983
26.16,-1.3969,2.50873,2.65596,-1.39245,2.53268,2.65507,-1.45945,2.62107,2,-1.4415,2.63445,1.99624,-2.00698,-1.11752,0,-2.02383,-1.1189,-0.00811893,-2.09686,-1.16756,0,-2.16668,-1.13402,0.000180702
26.17,-1.41644,2.49775,2.65596,-1.41264,2.52141,2.65498,-1.47987,2.60959,2,-1.46312,2.62303,1.99624,-1.9982,-1.13315,1.46196e-18,-2.01524,-1.1365,-0.00912465,-2.08768,-1.1839,0,-2.15855,-1.14983,-0.000197787
26.18,-1.43651,2.48626,2.65596,-1.43275,2.50995,2.65488,-1.50084,2.59759,2,-1.48467,2.61145,1.99623,-1.98901,-1.14921,0,-2.00659,-1.15391,-0.01076,-2.07807,-1.20067,0,-2.15032,-1.16549,-0.00121407
26.19,-1.45657,2.47456,2.65596,-1.44878,2.50067,2.65479,-1.52179,2.58537,2,-1.50184,2.60208,1.99622,-1.97965,-1.16526,0,-1.99955,-1.16778,-0.0122716,-2.0683,-1.21744,0,-2.14359,-1.17799,-0.00223695
26.2,-1.4762,2.4629,2.65596,-1.46873,2.4889,2.65466,-1.5423,2.57319,2,-1.52324,2.59022,1.99619,-1.97032,-1.18096,0,-1.99056,-1.18513,-0.0133583,-2.05855,-1.23384,0,-2.13495,-1.19367,-0.00271929
26.21,-1.49552,2.45122,2.65596,-1.48859,2.47697,2.65453,-1.56249,2.56098,2,-1.54454,2.5782,1.99617,-1.96097,-1.19642,0,-1.98134,-1.20265,-0.0132016,-2.04879,-1.24999,0,-2.12606,-1.20955,-0.00196333
26.22,-1.51509,2.43917,2.65596,-1.50835,2.46485,2.6544,-1.58294,2.54839,2,-1.56576,2.56603,1.99615,-1.95133,-1.21207,1.46196e-18,-1.97199,-1.22018,-0.0129293,-2.03871,-1.26635,0,-2.11695,-1.22546,-0.00109846
26.2301,-1.53519,2.42657,2.65596,-1.52803,2.45256,2.65426,-1.60393,2.53523,2,-1.58688,2.55369,1.99614,-1.94126,-1.22815,1.46196e-18,-1.96259,-1.23746,-0.0139757,-2.02819,-1.28314,0,-2.10772,-1.24117,-0.00156678
26.24,-1.5541,2.4145,2.65596,-1.5476,2.4401,2.65412,-1.6237,2.52262,2,-1.60791,2.5412,1.99612,-1.9316,-1.24328,0,-1.95314,-1.25444,-0.0162825,-2.0181,-1.29896,0,-2.0984,-1.25668,-0.00331273
26.25,-1.57398,2.40159,2.65596,-1.56709,2.42747,2.65394,-1.64446,2.50913,2,-1.62885,2.52856,1.99607,-1.92127,-1.25918,0,-1.94365,-1.27108,-0.0199626,-2.00731,-1.31557,0,-2.089,-1.27195,-0.00645053
26.26,-1.5924,2.38942,2.65596,-1.58648,2.41468,2.65372,-1.66371,2.49641,2,-1.64969,2.51577,1.99599,-1.91153,-1.27392,-1.46196e-18,-1.93402,-1.28761,-0.0238593,-1.99713,-1.33097,0,-2.07939,-1.28719,-0.00982204
26.27,-1.61155,2.37654,2.65596,-1.60577,2.40173,2.65344,-1.68371,2.48296,2,-1.67044,2.50282,1.99585,-1.90123,-1.28924,0,-1.92467,-1.30327,-0.0321747,-1.98637,-1.34697,0,-2.07003,-1.30171,-0.0176401
26.28,-1.63065,2.36348,2.65596,-1.62497,2.38861,2.65308,-1.70367,2.46932,2,-1.69109,2.48973,1.99564,-1.89078,-1.30452,-1.46196e-18,-1.91502,-1.31908,-0.0389536,-1.97545,-1.36293,0,-2.06033,-1.31647,-0.0239398
26.29,-1.64949,2.35037,2.65596,-1.64407,2.37534,2.65268,-1.72336,2.45561,2,-1.71164,2.47649,1.9954,-1.88029,-1.31959,0,-1.90452,-1.33585,-0.0389638,-1.96449,-1.37869,0,-2.04973,-1.33226,-0.0234832
26.3,-1.66842,2.33697,2.65596,-1.66306,2.3619,2.65231,-1.74313,2.44162,2,-1.73208,2.46308,1.99519,-1.86958,-1.33474,-1.46196e-18,-1.8934,-1.35317,-0.0347949,-1.95329,-1.3945,0,-2.03847,-1.3487,-0.018868
26.31,-1.6867,2.32381,2.65596,-1.68194,2.34829,2.65193,-1.76223,2.42787,2,-1.75242,2.44952,1.99497,-1.85905,-1.34936,0,-1.88339,-1.36843,-0.0427186,-1.9423,-1.40978,0,-2.02829,-1.36331,-0.0263869
26.32,-1.70535,2.31016,2.65596,-1.70073,2.33453,2.65145,-1.78171,2.41361,2,-1.77265,2.43582,1.99465,-1.84813,-1.36428,-1.46196e-18,-1.87332,-1.38342,-0.0511967,-1.93089,-1.42537,0,-2.01798,-1.3778,-0.0344895
26.33,-1.72369,2.29651,2.65596,-1.7194,2.32061,2.65098,-1.80087,2.39934,2,-1.79277,2.42195,1.99435,-1.83721,-1.37895,0,-1.86093,-1.40146,-0.0396479,-1.91948,-1.4407,0,-2.00523,-1.3954,-0.0225889
26.3405,-1.74296,2.28191,2.65596,-1.73793,2.30649,2.65074,-1.82101,2.3841,2,-1.81274,2.4079,1.99428,-1.82553,-1.39437,1.46196e-18,-1.84575,-1.42305,-0.00452316,-1.90728,-1.45681,0,-1.98952,-1.41666,0.0128479
26.35,-1.7602,2.26865,2.65596,-1.75449,2.2936,2.65083,-1.83902,2.37024,2,-1.83059,2.39506,1.99453,-1.81492,-1.40816,0,-1.83274,-1.44115,0.0199575,-1.89619,-1.47121,0,-1.97598,-1.43467,0.0375695
26.36,-1.77831,2.25448,2.65596,-1.77275,2.2791,2.65108,-1.85794,2.35543,2,-1.85028,2.38063,1.99496,-1.80358,-1.42265,1.46196e-18,-1.82009,-1.45832,0.029603,-1.88434,-1.48635,0,-1.96274,-1.45193,0.0474481
26.37,-1.79624,2.24022,2.65596,-1.79089,2.26443,2.65143,-1.87668,2.34053,2,-1.86984,2.36602,1.99549,-1.79217,-1.43699,1.46196e-18,-1.80721,-1.47539,0.0396623,-1.87243,-1.50134,0,-1.94921,-1.46929,0.0576991
26.38,-1.81416,2.22573,2.65596,-1.8089,2.24959,2.65185,-1.89539,2.3254,2,-1.88927,2.35125,1.99609,-1.78059,-1.45133,0,-1.79498,-1.49128,0.0426979,-1.86032,-1.51631,0,-1.93631,-1.48563,0.060895
26.39,-1.83175,2.21127,2.65596,-1.82679,2.23461,2.65224,-1.91378,2.31029,2,-1.90857,2.33632,1.99666,-1.76902,-1.4654,1.46196e-18,-1.78412,-1.50504,0.0330704,-1.84823,-1.53102,0,-1.9248,-1.49996,0.0514077
26.4,-1.84967,2.19631,2.65596,-1.84458,2.21949,2.65252,-1.9325,2.29466,2,-1.92776,2.32125,1.99712,-1.75705,-1.47974,1.46196e-18,-1.77312,-1.51862,0.0233481,-1.83573,-1.546,0,-1.91309,-1.5143,0.0417853
26.4102,-1.86725,2.18138,2.65596,-1.86225,2.20424,2.65271,-1.95087,2.27906,2,-1.94683,2.30603,1.99749,-1.7451,-1.4938,-1.46196e-18,-1.76188,-1.53213,0.0145534,-1.82325,-1.56069,0,-1.90107,-1.52875,0.0330468
26.42,-1.88444,2.16655,2.65596,-1.87981,2.18885,2.65281,-1.96882,2.26357,2,-1.96578,2.29067,1.99779,-1.73324,-1.50755,-1.46196e-18,-1.75034,-1.54567,0.00723365,-1.81085,-1.57506,0,-1.88868,-1.54343,0.0257374
26.43,-1.90153,2.15157,2.65596,-1.89726,2.17333,2.65286,-1.98668,2.24791,2,-1.9846,2.27516,1.99801,-1.72125,-1.52122,-1.46196e-18,-1.73849,-1.55925,0.001464,-1.79833,-1.58934,0,-1.87589,-1.55835,0.0199306
26.4402,-1.91901,2.13599,2.65596,-1.91458,2.15766,2.65285,-2.00495,2.23163,2,-2.0033,2.2595,1.99819,-1.70879,-1.53521,0,-1.72631,-1.57279,-0.00309239,-1.78531,-1.60396,0,-1.86272,-1.57345,0.015289
26.45,-1.93587,2.12072,2.65596,-1.93178,2.14187,2.6528,-2.02255,2.21569,2,-2.02186,2.24369,1.99832,-1.69658,-1.54869,1.46196e-18,-1.71392,-1.58625,-0.00656971,-1.77255,-1.61804,0,-1.84924,-1.58868,0.0116771
26.46,-1.95264,2.10529,2.65596,-1.94886,2.12594,2.65272,-2.04008,2.19956,2,-2.04028,2.22773,1.99843,-1.68423,-1.56211,-1.46196e-18,-1.70134,-1.59961,-0.00920547,-1.75965,-1.63206,0,-1.83551,-1.60401,0.00885648
26.47,-1.96943,2.0896,2.65596,-1.96581,2.10988,2.65262,-2.05761,2.18317,2,-2.05857,2.21161,1.9985,-1.67168,-1.57554,0,-1.68854,-1.61282,-0.0111754,-1.74653,-1.64609,0,-1.82149,-1.6194,0.00665197
26.48,-1.98614,2.07372,2.65596,-1.98263,2.09368,2.6525,-2.07507,2.16658,2,-2.07671,2.19534,1.99856,-1.65898,-1.58891,1.46196e-18,-1.67558,-1.62584,-0.0126228,-1.73326,-1.66006,0,-1.80723,-1.63482,0.00492114
26.49,-2.00291,2.05752,2.65596,-1.99932,2.07736,2.65237,-2.0926,2.14966,2,-2.08933,2.18386,1.99859,-1.64602,-1.60233,1.46196e-18,-1.66245,-1.63869,-0.0136785,-1.71973,-1.67408,0,-1.79712,-1.64563,0.00392092
26.5,-2.0191,2.04164,2.65596,-2.01588,2.06091,2.65223,-2.10951,2.13306,2,-2.11256,2.16234,1.99863,-1.63331,-1.61528,1.46196e-18,-1.64911,-1.65138,-0.0144349,-1.70645,-1.68761,0,-1.77798,-1.66576,0.00239808
26.51,-2.03552,2.02527,2.65596,-2.0323,2.04433,2.65208,-2.12667,2.11596,2,-2.13027,2.1456,1.99865,-1.62021,-1.62842,0,-1.63559,-1.66387,-0.0149558,-1.69277,-1.70134,0,-1.76299,-1.68125,0.00145151
26.52,-2.05165,2.00893,2.65596,-2.04534,2.03098,2.65196,-2.14352,2.09888,2,-2.14432,2.1321,1.99866,-1.60714,-1.64132,-1.46196e-18,-1.62467,-1.6737,-0.0152317,-1.67911,-1.71482,0,-1.75086,-1.69362,0.000802702
26.53,-2.06761,1.99249,2.65596,-2.06152,2.01419,2.6518,-2.1602,2.08172,2,-2.16176,2.11509,1.99866,-1.59399,-1.65409,1.46196e-18,-1.61091,-1.68575,-0.0154385,-1.66537,-1.72816,0,-1.73553,-1.70903,8.97138e-05
26.5401,-2.08364,1.97573,2.65596,-2.07756,1.99727,2.65165,-2.17694,2.0642,2,-2.17903,2.09792,1.99866,-1.58058,-1.66691,1.46196e-18,-1.59702,-1.69763,-0.0155283,-1.65136,-1.74156,0,-1.72,-1.72442,-0.000547016
26.55,-2.09916,1.95923,2.65596,-2.09346,1.98023,2.65149,-2.19316,2.04696,2,-2.19616,2.0806,1.99865,-1.56738,-1.67933,1.46196e-18,-1.58298,-1.70932,-0.0155204,-1.63757,-1.75453,0,-1.70428,-1.73978,-0.00112214
26.5601,-2.11489,1.94224,2.65596,-2.10922,1.96308,2.65134,-2.20959,2.02921,2,-2.21312,2.06312,1.99864,-1.55379,-1.69191,0,-1.56878,-1.72078,-0.0154313,-1.62337,-1.76767,0,-1.68839,-1.7551,-0.00165169
26.57,-2.13019,1.92545,2.65596,-2.12484,1.94582,2.65118,-2.22558,2.01167,2,-2.22992,2.0455,1.99862,-1.54036,-1.70415,0,-1.55444,-1.73195,-0.015359,-1.60933,-1.78046,0,-1.67235,-1.77035,-0.00223587
26.58,-2.14571,1.90814,2.65596,-2.14031,1.92845,2.65103,-2.24179,1.99358,2,-2.24657,2.02772,1.9986,-1.52651,-1.71657,0,-1.53996,-1.74276,-0.0152665,-1.59486,-1.79343,0,-1.65617,-1.78552,-0.00284698
26.59,-2.16097,1.89083,2.65596,-2.15563,1.91097,2.65088,-2.25774,1.9755,2,-2.26305,2.00979,1.99856,-1.51267,-1.72878,-1.46196e-18,-1.52536,-1.75314,-0.0151172,-1.5804,-1.80619,0,-1.63987,-1.80063,-0.00345652
26.6,-2.17571,1.87386,2.65596,-2.17081,1.89339,2.65073,-2.27314,1.95777,2,-2.27936,1.99171,1.99853,-1.49909,-1.74057,0,-1.5106,-1.76299,-0.0149282,-1.56621,-1.81851,0,-1.62344,-1.81564,-0.00408433
26.61,-2.19087,1.85611,2.65596,-2.18585,1.87571,2.65058,-2.28898,1.93922,2,-2.29551,1.97348,1.99848,-1.48489,-1.7527,-1.46196e-18,-1.49565,-1.77218,-0.0147854,-1.55138,-1.83118,0,-1.60688,-1.8305,-0.00482155
26.62,-2.20562,1.83856,2.65596,-2.19925,1.85972,2.65045,-2.30438,1.92089,2,-2.30991,1.95694,1.99843,-1.47085,-1.76449,1.46196e-18,-1.48206,-1.77969,-0.0147822,-1.53671,-1.84351,0,-1.59191,-1.84372,-0.00568519
26.63,-2.22012,1.82101,2.65596,-2.21399,1.84189,2.6503,-2.31954,1.90256,2,-2.32574,1.93843,1.99837,-1.45681,-1.7761,-1.46196e-18,-1.46682,-1.78695,-0.0150712,-1.52205,-1.85563,0,-1.57522,-1.85826,-0.00704861
26.6401,-2.23494,1.80281,2.65596,-2.22858,1.82399,2.65015,-2.33502,1.88353,2,-2.34141,1.91978,1.99829,-1.44224,-1.78795,0,-1.45134,-1.79287,-0.0153005,-1.50683,-1.86801,0,-1.55843,-1.87264,-0.0084864
26.6501,-2.24917,1.78502,2.65596,-2.24014,1.80963,2.65003,-2.34989,1.86495,2,-2.35383,1.90475,1.99822,-1.42801,-1.79934,0,-1.43868,-1.79657,-0.0151712,-1.49196,-1.87991,0,-1.54484,-1.88408,-0.00942506
26.66,-2.26351,1.7668,2.65596,-2.25445,1.79165,2.64988,-2.36487,1.84591,2,-2.36919,1.88584,1.99812,-1.41344,-1.81081,0,-1.42255,-1.7998,-0.0147184,-1.47673,-1.8919,0,-1.5277,-1.89827,-0.0104368
26.6701,-2.27771,1.74846,2.65596,-2.26859,1.77364,2.64973,-2.3797,1.82675,2,-2.38438,1.86678,1.99802,-1.39876,-1.82217,0,-1.40586,-1.80146,-0.0136882,-1.4614,-1.90376,0,-1.51034,-1.91236,-0.0109761
26.68,-2.2914,1.73048,2.65596,-2.28256,1.75562,2.6496,-2.394,1.80797,2,-2.3994,1.84759,1.9979,-1.38438,-1.83312,0,-1.38837,-1.80159,-0.012518,-1.44637,-1.9152,0,-1.49281,-1.92629,-0.0113927
26.69,-2.30549,1.71166,2.65596,-2.29636,1.73761,2.64948,-2.40873,1.78831,2,-2.41424,1.82826,1.99779,-1.36933,-1.84439,0,-1.36989,-1.80032,-0.0116545,-1.43064,-1.92698,0,-1.47518,-1.93999,-0.0120381
26.7,-2.31888,1.69347,2.65596,-2.30996,1.71962,2.64937,-2.42272,1.7693,2,-2.4289,1.80879,1.99766,-1.35477,-1.85511,0,-1.35007,-1.79779,-0.0106999,-1.41544,-1.93818,0,-1.45733,-1.95351,-0.0124286
26.71,-2.33219,1.6751,2.65596,-2.32335,1.70166,2.64927,-2.43662,1.75011,2,-2.44338,1.78919,1.99754,-1.34008,-1.86575,1.46196e-18,-1.32868,-1.79421,-0.00975159,-1.40009,-1.9493,0,-1.4393,-1.96682,-0.01256
26.7201,-2.34584,1.65592,2.65596,-2.33652,1.68374,2.64918,-2.45089,1.73007,2,-2.45768,1.76946,1.99742,-1.32473,-1.87668,1.46196e-18,-1.30548,-1.78984,-0.00890987,-1.38405,-1.96071,0,-1.42107,-1.97989,-0.012417
26.73,-2.35894,1.63721,2.65596,-2.34945,1.66587,2.64909,-2.46457,1.71053,2,-2.4718,1.74959,1.99729,-1.30977,-1.88715,0,-1.28026,-1.78497,-0.00812171,-1.36842,-1.97165,0,-1.40259,-1.99273,-0.0118449
26.74,-2.37154,1.6189,2.65596,-2.36087,1.64982,2.64902,-2.47774,1.69139,2,-2.48435,1.73161,1.99719,-1.29512,-1.89723,0,-1.25557,-1.78037,-0.0072288,-1.35311,-1.98219,0,-1.38569,-2.00409,-0.0106484
26.75,-2.38478,1.59933,2.65596,-2.37327,1.63204,2.64896,-2.49157,1.67095,2,-2.49811,1.7115,1.9971,-1.27946,-1.90783,-1.46196e-18,-1.22553,-1.77542,-0.00561372,-1.33676,-1.99326,0,-1.36649,-2.01655,-0.00801136
26.76,-2.39781,1.57973,2.65596,-2.38537,1.61431,2.64891,-2.50518,1.65047,2,-2.51168,1.69128,1.99703,-1.26379,-1.91825,0,-1.19284,-1.77143,-0.00404327,-1.32038,-2.00415,0,-1.34693,-2.02873,-0.00456608
26.7701,-2.41026,1.56068,2.65596,-2.39712,1.59661,2.64887,-2.51819,1.63057,2,-2.52505,1.67093,1.99701,-1.24854,-1.9282,-1.46196e-18,-1.15772,-1.769,-0.00290628,-1.30445,-2.01455,0,-1.32704,-2.04055,-0.000637202
26.78,-2.42231,1.54191,2.65596,-2.40851,1.57892,2.64885,-2.53078,1.61095,2,-2.53822,1.65047,1.99702,-1.23352,-1.93785,0,-1.12013,-1.76864,-0.00257217,-1.28876,-2.02462,0,-1.30684,-2.05197,0.00348392
26.79,-2.43464,1.52235,2.65596,-2.41952,1.56123,2.64882,-2.54367,1.59052,2,-2.55118,1.62989,1.99708,-1.21788,-1.94772,0,-1.08008,-1.77088,-0.00291417,-1.27242,-2.03493,0,-1.28628,-2.06298,0.00797001
26.8001,-2.44685,1.50266,2.65596,-2.43011,1.5435,2.64879,-2.55642,1.56995,2,-2.56394,1.60921,1.99718,-1.20213,-1.95748,1.46196e-18,-1.03807,-1.77625,-0.00396029,-1.25596,-2.04513,0,-1.26534,-2.07356,0.0127359
26.81,-2.45856,1.48342,2.65596,-2.44027,1.52569,2.64874,-2.56865,1.54984,2,-2.57649,1.58842,1.99733,-1.18673,-1.96685,-1.46196e-18,-0.994549,-1.78516,-0.0055837,-1.23987,-2.05492,0,-1.24397,-2.08368,0.0178248
26.82,-2.47054,1.46338,2.65596,-2.45,1.50778,2.64867,-2.58117,1.52891,2,-2.58882,1.56754,1.99754,-1.1707,-1.97643,-1.46196e-18,-0.949678,-1.79804,-0.00781465,-1.22313,-2.06494,0,-1.22213,-2.09334,0.0231726
26.8301,-2.48218,1.44354,2.65596,-2.45926,1.48972,2.64858,-2.59333,1.50819,2,-2.60093,1.54656,1.9978,-1.15484,-1.98575,0,-0.903722,-1.81513,-0.0105118,-1.20655,-2.07467,0,-1.19979,-2.10256,0.0288339
26.84,-2.49361,1.42371,2.65596,-2.46807,1.47146,2.64846,-2.60528,1.48746,2,-2.61281,1.52549,1.99812,-1.13897,-1.99489,-1.46196e-18,-0.857554,-1.83635,-0.0135959,-1.18997,-2.08422,0,-1.17694,-2.11134,0.034646
26.8501,-2.50488,1.40379,2.65596,-2.47642,1.45298,2.64831,-2.61705,1.46665,2,-2.62447,1.50433,1.99849,-1.12303,-2.0039,0,-0.812385,-1.86157,-0.0169484,-1.17332,-2.09364,0,-1.15358,-2.11966,0.0403892
26.8602,-2.51622,1.38336,2.65596,-2.48432,1.43422,2.64813,-2.6289,1.44531,2,-2.63588,1.48309,1.99893,-1.10669,-2.01298,0,-0.767632,-1.89188,-0.0165685,-1.15624,-2.10312,0,-1.12875,-2.12785,0.0499705
26.87,-2.52741,1.36281,2.65596,-2.4881,1.42471,2.64807,-2.64059,1.42384,2,-2.64482,1.46604,1.99943,-1.09025,-2.02193,0,-0.742058,-1.91145,-0.00627367,-1.13907,-2.11247,0,-1.10422,-2.13544,0.0755337
26.88,-2.53793,1.34312,2.65596,-2.49873,1.39564,2.64813,-2.65158,1.40326,2,-2.65787,1.44036,2.00044,-1.07449,-2.03034,0,-0.679634,-1.96117,0.00763789,-1.12261,-2.12126,0,-1.07196,-2.14473,0.0913614
26.89,-2.54843,1.32308,2.65596,-2.50534,1.37589,2.64827,-2.66255,1.38232,2,-2.66844,1.41887,2.00146,-1.05846,-2.03875,0,-0.642035,-1.98719,0.024541,-1.10586,-2.13004,0,-1.04183,-2.1528,0.114353
26.9,-2.55904,1.30245,2.65596,-2.51156,1.35591,2.64869,-2.67363,1.36078,2,-2.67869,1.3973,2.0028,-1.04196,-2.04723,0,-0.603094,-2.00666,0.0642001,-1.08862,-2.1389,0,-1.00554,-2.16193,0.158384
26.91,-2.56929,1.2821,2.65596,-2.5174,1.3358,2.64963,-2.68435,1.33951,2,-2.68853,1.37563,2.00469,-1.02568,-2.05544,0,-0.564493,-2.01466,0.12705,-1.07161,-2.14748,0,-0.962929,-2.17202,0.223056
26.92,-2.57943,1.26157,2.65596,-2.52286,1.31567,2.65131,-2.69494,1.31807,2,-2.69792,1.35386,2.00733,-1.00926,-2.06355,1.46196e-18,-0.528304,-2.00641,0.212481,-1.05445,-2.15595,0,-0.914102,-2.18288,0.306895
26.93,-2.58959,1.2406,2.65596,-2.52799,1.29573,2.65391,-2.70555,1.29615,2,-2.70681,1.33197,2.01085,-0.992478,-2.07167,0,-0.499228,-1.9817,0.301124,-1.03692,-2.16444,0,-0.864166,-2.19327,0.390679
26.94,-2.59963,1.21942,2.65596,-2.53289,1.27604,2.65715,-2.71604,1.27403,2,-2.71525,1.31,2.01496,-0.975537,-2.0797,0,-0.482299,-1.95481,0.341804,-1.01922,-2.17283,0,-0.826588,-2.20047,0.426583
26.9501,-2.60923,1.19873,2.65596,-2.53765,1.25662,2.66069,-2.72607,1.25241,2,-2.72335,1.28797,2.01933,-0.958987,-2.08739,1.46196e-18,-0.470703,-1.93108,0.363528,-1.00193,-2.18086,0,-0.79366,-2.20621,0.44359
26.96,-2.61859,1.17815,2.65596,-2.54232,1.23739,2.66435,-2.73585,1.23091,2,-2.73114,1.26588,2.02377,-0.942521,-2.09487,0,-0.463015,-1.91576,0.366492,-0.984726,-2.18868,0,-0.765395,-2.2106,0.442513
26.97,-2.62799,1.15704,2.65596,-2.54692,1.21829,2.66804,-2.74567,1.20885,2,-2.73865,1.24376,2.02819,-0.92563,-2.10239,1.46196e-18,-0.457291,-1.90469,0.370201,-0.967079,-2.19653,0,-0.736607,-2.21456,0.441569
26.98,-2.63707,1.13618,2.65596,-2.55147,1.19929,2.67172,-2.75516,1.18706,2,-2.74589,1.2216,2.03256,-0.908943,-2.10966,1.46196e-18,-0.455046,-1.89568,0.364361,-0.949645,-2.20413,0,-0.710356,-2.21768,0.430783
26.99,-2.64603,1.11515,2.65596,-2.55603,1.18037,2.67529,-2.76452,1.16509,2,-2.75287,1.19941,2.03677,-0.892123,-2.11683,-1.46196e-18,-0.456604,-1.88794,0.349562,-0.932071,-2.21162,0,-0.686618,-2.22005,0.410571
27,-2.65494,1.09378,2.65596,-2.56062,1.16153,2.6787,-2.77382,1.14276,2,-2.75962,1.1772,2.04076,-0.875026,-2.12395,0,-0.461323,-1.88141,0.331755,-0.914209,-2.21906,0,-0.663757,-2.22194,0.386541
27.01,-2.66344,1.07291,2.65596,-2.56526,1.14274,2.68192,-2.78271,1.12095,2,-2.76615,1.15497,2.04449,-0.858328,-2.13075,1.46196e-18,-0.468781,-1.87634,0.311649,-0.896763,-2.22617,0,-0.641635,-2.22337,0.359467
27.0201,-2.67227,1.05072,2.65596,-2.57,1.124,2.68494,-2.79193,1.09778,2,-2.77245,1.13273,2.04795,-0.840579,-2.13782,0,-0.479089,-1.87282,0.291663,-0.87822,-2.23355,0,-0.619589,-2.22439,0.331498
27.03,-2.68038,1.02986,2.65596,-2.57486,1.10528,2.68776,-2.80041,1.07597,2,-2.77854,1.11048,2.05112,-0.823886,-2.1443,0,-0.492437,-1.87103,0.272987,-0.860779,-2.24033,0,-0.597355,-2.22503,0.303661
27.04,-2.68857,1.00829,2.65596,-2.57885,1.09031,2.68989,-2.80896,1.05344,2,-2.7844,1.08823,2.05402,-0.806632,-2.15085,-7.3098e-19,-0.505356,-1.87102,0.259182,-0.842752,-2.24717,0,-0.574889,-2.22529,0.276183
27.05,-2.69666,0.986443,2.65596,-2.58504,1.06785,2.69288,-2.81742,1.03062,2,-2.79004,1.06598,2.05665,-0.789155,-2.15733,-1.46196e-18,-0.528269,-1.87381,0.240444,-0.824492,-2.25393,0,-0.552192,-2.22515,0.249184
27.0601,-2.70449,0.964759,2.65596,-2.59043,1.04908,2.69521,-2.8256,1.00796,2,-2.79544,1.04373,2.059,-0.771807,-2.1636,7.3098e-19,-0.550111,-1.87916,0.226162,-0.806369,-2.26048,0,-0.529405,-2.22461,0.222398
27.07,-2.71196,0.943568,2.65596,-2.59605,1.03025,2.69741,-2.8334,0.98582,2,-2.80062,1.02149,2.0611,-0.754854,-2.16957,-7.3098e-19,-0.574013,-1.88751,0.213096,-0.788656,-2.26672,0,-0.506505,-2.22371,0.196025
27.08,-2.71956,0.921436,2.65596,-2.60192,1.01132,2.69948,-2.84134,0.962698,2,-2.80558,0.999256,2.06292,-0.737149,-2.17565,0,-0.599167,-1.89892,0.200499,-0.770158,-2.27307,0,-0.483674,-2.22246,0.169682
27.09,-2.72666,0.900201,2.65596,-2.60804,0.992265,2.70142,-2.84876,0.940512,2,-2.8103,0.977039,2.06449,-0.720161,-2.18133,0,-0.625073,-1.9136,0.188577,-0.75241,-2.27901,0,-0.460842,-2.22083,0.143769
27.1001,-2.7339,0.877973,2.65596,-2.61442,0.973041,2.70325,-2.85632,0.917288,2,-2.81479,0.95484,2.0658,-0.702378,-2.18712,0,-0.651284,-1.93165,0.177535,-0.73383,-2.28506,0,-0.437955,-2.21885,0.118679
27.11,-2.74084,0.856073,2.65596,-2.62106,0.953621,2.70497,-2.86357,0.894407,2,-2.81906,0.932663,2.06687,-0.684858,-2.19267,7.3098e-19,-0.67713,-1.95297,0.16702,-0.715526,-2.29086,0,-0.415078,-2.21654,0.0943656
27.1201,-2.74773,0.833694,2.65596,-2.62796,0.933972,2.70659,-2.87077,0.871026,2,-2.82309,0.910511,2.06769,-0.666955,-2.19818,0,-0.701905,-1.97728,0.156425,-0.696821,-2.29662,0,-0.392346,-2.21391,0.0705677
27.13,-2.75427,0.811819,2.65596,-2.6351,0.914066,2.7081,-2.8776,0.848172,2,-2.8269,0.888386,2.06828,-0.649455,-2.20342,7.3098e-19,-0.725084,-2.0043,0.145518,-0.678538,-2.30208,0,-0.36983,-2.211,0.047314
27.14,-2.76056,0.790179,2.65596,-2.64245,0.893877,2.7095,-2.88417,0.825563,2,-2.83049,0.866291,2.06864,-0.632143,-2.20844,7.3098e-19,-0.746314,-2.03386,0.134441,-0.660451,-2.30734,0,-0.347515,-2.20782,0.0249161
27.1501,-2.76684,0.767896,2.65596,-2.65001,0.873381,2.71079,-2.89073,0.802282,2,-2.83386,0.84423,2.06878,-0.614317,-2.21347,7.3098e-19,-0.765281,-2.06576,0.123399,-0.641826,-2.31259,0,-0.32537,-2.20437,0.0037218
27.16,-2.77283,0.745949,2.65596,-2.65775,0.852556,2.71197,-2.897,0.779352,2,-2.837,0.822205,2.06872,-0.596759,-2.21827,0,-0.781531,-2.09958,0.112161,-0.623481,-2.3176,0,-0.303466,-2.2007,-0.0162858
27.1701,-2.7787,0.723787,2.65596,-2.66563,0.831385,2.71303,-2.90313,0.756197,2,-2.83993,0.800217,2.06846,-0.579029,-2.22296,0,-0.794702,-2.13485,0.100542,-0.604958,-2.3225,0,-0.281868,-2.19686,-0.0351297
27.18,-2.78433,0.701826,2.65596,-2.67363,0.809855,2.71397,-2.90901,0.733254,2,-2.84264,0.778268,2.06802,-0.561461,-2.22746,-7.3098e-19,-0.80458,-2.17116,0.0884125,-0.586603,-2.32721,0,-0.26064,-2.1929,-0.0528377
27.19,-2.78989,0.679401,2.65596,-2.68172,0.787959,2.7148,-2.91482,0.709824,2,-2.84514,0.756359,2.06741,-0.543521,-2.23191,0,-0.811091,-2.20813,0.0758488,-0.567859,-2.33185,0,-0.239836,-2.18884,-0.0692987
27.2001,-2.79533,0.656662,2.65596,-2.68984,0.765691,2.71549,-2.9205,0.686067,2,-2.84744,0.734491,2.06664,-0.52533,-2.23626,0,-0.814168,-2.24553,0.063161,-0.548854,-2.3364,0,-0.219427,-2.18473,-0.084212
27.21,-2.80039,0.634737,2.65596,-2.69799,0.743048,2.71606,-2.92579,0.66316,2,-2.84953,0.712665,2.06573,-0.50779,-2.24031,0,-0.813762,-2.28312,0.0506067,-0.530528,-2.34063,0,-0.199407,-2.18063,-0.0973415
27.22,-2.80541,0.612134,2.65596,-2.70611,0.720029,2.7165,-2.93104,0.639545,2,-2.85143,0.690879,2.0647,-0.489707,-2.24433,7.3098e-19,-0.809872,-2.32051,0.0382402,-0.511636,-2.34483,0,-0.179828,-2.17657,-0.108663
27.23,-2.81017,0.589891,2.65596,-2.71417,0.69664,2.71683,-2.93601,0.616306,2,-2.85313,0.669133,2.06356,-0.471913,-2.24814,7.3098e-19,-0.802502,-2.35731,0.0260629,-0.493045,-2.34881,0,-0.160744,-2.17263,-0.118221
27.2401,-2.81487,0.567058,2.65596,-2.72215,0.672886,2.71703,-2.94092,0.59245,2,-2.85464,0.647425,2.06234,-0.453646,-2.2519,-7.3098e-19,-0.791701,-2.3932,0.0141073,-0.47396,-2.35274,0,-0.14223,-2.16888,-0.126057
27.25,-2.81928,0.544729,2.65596,-2.73,0.64878,2.71711,-2.94552,0.569122,2,-2.85597,0.625754,2.06105,-0.435783,-2.25542,0,-0.777566,-2.42777,0.00228443,-0.455298,-2.35642,0,-0.124345,-2.16539,-0.132358
27.26,-2.82353,0.52222,2.65596,-2.73769,0.624336,2.71707,-2.94997,0.545605,2,-2.85713,0.604116,2.0597,-0.417776,-2.25883,0,-0.760239,-2.46069,-0.00949044,-0.436484,-2.35998,0,-0.107145,-2.16226,-0.137336
27.27,-2.82762,0.49959,2.65596,-2.74519,0.599573,2.71692,-2.95424,0.521961,2,-2.85812,0.582507,2.0583,-0.399672,-2.2621,0,-0.739983,-2.49159,-0.0214008,-0.417569,-2.36339,0,-0.0907259,-2.15956,-0.141329
27.28,-2.83161,0.47649,2.65596,-2.75248,0.574512,2.71664,-2.95841,0.497827,2,-2.85895,0.560924,2.05687,-0.381192,-2.26529,0,-0.717106,-2.52017,-0.03356,-0.398261,-2.36673,0,-0.075165,-2.15732,-0.144627
27.29,-2.83531,0.453935,2.65596,-2.75952,0.549178,2.71625,-2.96228,0.474262,2,-2.85963,0.539359,2.05541,-0.363148,-2.26825,0,-0.691829,-2.54624,-0.0458735,-0.37941,-2.36982,0,-0.0604457,-2.15561,-0.147318
27.3001,-2.83883,0.431401,2.65596,-2.76631,0.523596,2.71573,-2.96595,0.450718,2,-2.86016,0.51781,2.05393,-0.34512,-2.27106,-3.6549e-19,-0.664423,-2.56966,-0.0581471,-0.360575,-2.37276,0,-0.0466057,-2.15444,-0.149394
27.31,-2.84222,0.408476,2.65596,-2.77281,0.497794,2.71509,-2.96949,0.426768,2,-2.86056,0.496269,2.05243,-0.326781,-2.27377,3.6549e-19,-0.635105,-2.59033,-0.0702621,-0.341414,-2.37559,0,-0.0336101,-2.15386,-0.150921
27.32,-2.84546,0.38525,2.65596,-2.779,0.471798,2.71432,-2.97288,0.402501,2,-2.86084,0.47473,2.05091,-0.3082,-2.27637,-3.6549e-19,-0.60406,-2.60822,-0.0818816,-0.322001,-2.3783,0,-0.0214269,-2.1539,-0.151742
27.33,-2.84838,0.362985,2.65596,-2.78488,0.445638,2.71345,-2.97593,0.379239,2,-2.86099,0.453188,2.0494,-0.290388,-2.27871,-3.6549e-19,-0.57148,-2.62333,-0.0926975,-0.303391,-2.38075,0,-0.0100432,-2.1546,-0.151717
27.34,-2.85116,0.340511,2.65596,-2.79043,0.419341,2.71247,-2.97883,0.355759,2,-2.86104,0.431636,2.04788,-0.272409,-2.28093,0,-0.537629,-2.63562,-0.102651,-0.284607,-2.38306,0,0.000544311,-2.15599,-0.150957
27.3501,-2.85387,0.316938,2.65596,-2.79563,0.392935,2.7114,-2.98167,0.331131,2,-2.86098,0.410066,2.04638,-0.253551,-2.2831,0,-0.50278,-2.64512,-0.111726,-0.264904,-2.38534,0,0.0103572,-2.1581,-0.149607
27.36,-2.85625,0.294749,2.65596,-2.80048,0.366448,2.71024,-2.98415,0.307948,2,-2.86083,0.388472,2.04489,-0.235799,-2.285,3.6549e-19,-0.467188,-2.65182,-0.119888,-0.246358,-2.38732,0,0.0194278,-2.16093,-0.147779
27.3701,-2.85852,0.271919,2.65596,-2.80497,0.339908,2.70901,-2.98652,0.284096,2,-2.8606,0.366845,2.04342,-0.217535,-2.28681,0,-0.431078,-2.6558,-0.127171,-0.227276,-2.38921,0,0.027819,-2.1645,-0.145639
27.38,-2.8606,0.249011,2.65596,-2.8091,0.313341,2.7077,-2.9887,0.260161,2,-2.86028,0.345179,2.04198,-0.199209,-2.28848,0,-0.394794,-2.65716,-0.133646,-0.208129,-2.39096,0,0.0354946,-2.16883,-0.14337
27.3901,-2.86252,0.225953,2.65596,-2.81287,0.286773,2.70634,-2.9907,0.236071,2,-2.85989,0.323466,2.04056,-0.180762,-2.29001,-1.82745e-19,-0.358584,-2.65601,-0.139372,-0.188857,-2.39256,0,0.0424986,-2.17387,-0.141126
27.4,-2.86422,0.203161,2.65596,-2.81628,0.260229,2.70492,-2.99248,0.212259,2,-2.85943,0.301699,2.03916,-0.162529,-2.29138,0,-0.322696,-2.65247,-0.144421,-0.169807,-2.39399,0,0.0488558,-2.1796,-0.139051
27.41,-2.86574,0.180519,2.65596,-2.81933,0.233731,2.70345,-2.99407,0.188603,2,-2.85891,0.279872,2.03778,-0.144415,-2.29259,1.82745e-19,-0.287358,-2.64671,-0.148857,-0.150882,-2.39525,0,0.0545896,-2.18599,-0.137259
27.42,-2.86713,0.156827,2.65596,-2.82202,0.207301,2.70194,-2.99552,0.163849,2,-2.85834,0.257977,2.03641,-0.125461,-2.29371,0,-0.252743,-2.63895,-0.152753,-0.13108,-2.39642,0,0.0597542,-2.19304,-0.135852
27.43,-2.86827,0.134428,2.65596,-2.82438,0.180958,2.7004,-2.99671,0.140447,2,-2.85772,0.236009,2.03506,-0.107542,-2.29462,0,-0.219023,-2.6294,-0.156215,-0.112358,-2.39737,0,0.0643933,-2.20071,-0.134946
27.44,-2.86927,0.11102,2.65596,-2.82641,0.154719,2.69882,-2.99776,0.115991,2,-2.85706,0.213961,2.03371,-0.0888161,-2.29542,9.13725e-20,-0.186282,-2.61826,-0.159232,-0.0927932,-2.39821,0,0.0685707,-2.20898,-0.13452
27.4501,-2.87009,0.0873159,2.65596,-2.82811,0.128598,2.69721,-2.99861,0.0912259,2,-2.85635,0.191828,2.03237,-0.0698527,-2.29607,-9.13725e-20,-0.154521,-2.60571,-0.16164,-0.0729807,-2.39889,0,0.0723688,-2.21784,-0.134389
27.46,-2.87067,0.0658006,2.65596,-2.8295,0.102609,2.69559,-2.99921,0.0687471,2,-2.85561,0.169602,2.03102,-0.0526404,-2.29653,9.13725e-20,-0.12375,-2.59194,-0.163365,-0.0549977,-2.39937,0,0.0758456,-2.22728,-0.134446
27.47,-2.8711,0.0426427,2.65596,-2.83059,0.0767625,2.69395,-2.99967,0.0445522,2,-2.85484,0.14728,2.02968,-0.0341142,-2.29688,0,-0.0940251,-2.57712,-0.16437,-0.0356418,-2.39974,0,0.0790169,-2.23726,-0.134607
27.48,-2.87135,0.0195993,2.65596,-2.83139,0.051069,2.69231,-2.99993,0.020477,2,-2.85403,0.124855,2.02833,-0.0156795,-2.29708,0,-0.0653338,-2.56143,-0.164519,-0.0163816,-2.39994,0,0.0819456,-2.24777,-0.134686
27.49,-2.87142,-0.00329511,2.65596,-2.8319,0.0255363,2.69066,-3,-0.00344266,2,-2.8532,0.102323,2.02698,0.00263609,-2.29713,-2.85539e-21,-0.0377561,-2.545,-0.163961,0.00275413,-2.4,0,0.0846337,-2.25874,-0.134768
27.5,-2.8713,-0.0264166,2.65596,-2.83214,0.000171123,2.68903,-2.99987,-0.0275995,2,-2.85234,0.0796793,2.02564,0.0211332,-2.29704,0,-0.0113059,-2.52797,-0.162745,0.0220796,-2.3999,0,0.0871047,-2.27009,-0.134833
27.51,-2.871,-0.0493046,2.65596,-2.83213,-0.0250218,2.68741,-2.99956,-0.0515124,2,-2.85146,0.0569198,2.02429,0.0394437,-2.2968,4.56862e-20,0.0140991,-2.51058,-0.160912,0.0412099,-2.39965,0,0.0894729,-2.28186,-0.134847
27.52,-2.8705,-0.0726995,2.65596,-2.83187,-0.0500396,2.68581,-2.99904,-0.0759549,2,-2.85055,0.0340408,2.02294,0.0581596,-2.2964,0,0.0384709,-2.49295,-0.158562,0.0607639,-2.39923,0,0.0917782,-2.29399,-0.134827
27.53,-2.86983,-0.0954017,2.65596,-2.83136,-0.0748806,2.68424,-2.99834,-0.0996737,2,-2.84962,0.0110391,2.02159,0.0763213,-2.29587,9.13725e-20,0.0617968,-2.47523,-0.155706,0.079739,-2.39867,0,0.0939958,-2.30641,-0.134704
27.5405,-2.86892,-0.119777,2.65596,-2.83063,-0.0995444,2.6827,-2.99739,-0.125141,2,-2.84867,-0.0120883,2.02025,0.0958216,-2.29514,-9.13725e-20,0.0841253,-2.45755,-0.152366,0.100112,-2.39791,0,0.0961636,-2.3191,-0.134416
27.55,-2.86795,-0.141159,2.65596,-2.82968,-0.124032,2.68119,-2.99637,-0.14748,2,-2.8477,-0.0353437,2.0189,0.112927,-2.29436,0,0.105459,-2.44007,-0.148683,0.117984,-2.3971,0,0.0982896,-2.33203,-0.134021
27.56,-2.86675,-0.163733,2.65596,-2.82853,-0.148347,2.67973,-2.99512,-0.171065,2,-2.8467,-0.0587295,2.01757,0.130986,-2.2934,0,0.125887,-2.42287,-0.144658,0.136852,-2.3961,0,0.100419,-2.34516,-0.133441
27.5701,-2.86531,-0.187136,2.65596,-2.82717,-0.172491,2.6783,-2.99362,-0.195516,2,-2.84569,-0.0822474,2.01624,0.149709,-2.29225,0,0.145491,-2.40605,-0.140269,0.156412,-2.3949,0,0.102589,-2.35844,-0.13258
27.5802,-2.86373,-0.20994,2.65596,-2.82578,-0.194079,2.67706,-2.99197,-0.219341,2,-2.84476,-0.103528,2.01505,0.167952,-2.29099,0,0.162495,-2.39131,-0.136131,0.175473,-2.39358,0,0.104627,-2.3705,-0.131627
27.59,-2.86197,-0.232783,2.65596,-2.82407,-0.217912,2.67572,-2.99013,-0.243207,2,-2.8437,-0.1273,2.01374,0.186226,-2.28957,0,0.180742,-2.37546,-0.13144,0.194566,-2.3921,0,0.107006,-2.38398,-0.13042
27.6,-2.86001,-0.255762,2.65596,-2.82217,-0.24159,2.67443,-2.98808,-0.267215,2,-2.84262,-0.151207,2.01244,0.20461,-2.288,3.6549e-19,0.198398,-2.36023,-0.126585,0.213772,-2.39046,0,0.109515,-2.39749,-0.128927
27.61,-2.85784,-0.278883,2.65596,-2.8201,-0.265119,2.67319,-2.98582,-0.291372,2,-2.84151,-0.17525,2.01116,0.223107,-2.28628,0,0.215497,-2.34569,-0.121594,0.233097,-2.38865,0,0.11216,-2.41101,-0.12712
27.62,-2.85559,-0.301135,2.65596,-2.81786,-0.288506,2.672,-2.98346,-0.31462,2,-2.84037,-0.199427,2.0099,0.240908,-2.28447,-3.6549e-19,0.232098,-2.3318,-0.116542,0.251696,-2.38677,0,0.114959,-2.42444,-0.125023
27.63,-2.85309,-0.323893,2.65596,-2.81546,-0.311757,2.67086,-2.98085,-0.338397,2,-2.83921,-0.223738,2.00866,0.259114,-2.28247,0,0.248247,-2.31861,-0.111474,0.270717,-2.38468,0,0.1179,-2.43775,-0.122635
27.6401,-2.85026,-0.347959,2.65596,-2.8129,-0.334881,2.66977,-2.97789,-0.363541,2,-2.83801,-0.248182,2.00745,0.278367,-2.28021,3.6549e-19,0.264057,-2.30616,-0.106429,0.290832,-2.38231,0,0.12104,-2.45092,-0.119955
27.65,-2.84751,-0.369804,2.65596,-2.81018,-0.357883,2.66873,-2.97502,-0.386363,2,-2.83679,-0.272756,2.00626,0.295843,-2.27801,3.6549e-19,0.279609,-2.29443,-0.101446,0.309091,-2.38001,0,0.124421,-2.4639,-0.11699
27.66,-2.84446,-0.392533,2.65596,-2.80731,-0.380772,2.66774,-2.97184,-0.410111,2,-2.83552,-0.297459,2.00511,0.314027,-2.27557,0,0.29495,-2.28343,-0.0965438,0.328089,-2.37747,0,0.128039,-2.47665,-0.11373
27.67,-2.84125,-0.415137,2.65596,-2.80428,-0.403554,2.6668,-2.96848,-0.433726,2,-2.83422,-0.322288,2.00399,0.332109,-2.273,0,0.310142,-2.27314,-0.0917661,0.346981,-2.37479,0,0.131919,-2.48912,-0.110195
27.68,-2.83782,-0.437949,2.65596,-2.8011,-0.426237,2.6659,-2.9649,-0.457561,2,-2.83288,-0.34724,2.00291,0.35036,-2.27026,0,0.325289,-2.26356,-0.0871018,0.366048,-2.37192,0,0.136127,-2.5013,-0.106361
27.69,-2.83427,-0.460419,2.65596,-2.79778,-0.448827,2.66506,-2.96118,-0.481036,2,-2.8315,-0.372313,2.00186,0.368335,-2.26741,0,0.340405,-2.25467,-0.0826114,0.384829,-2.36895,0,0.140662,-2.51314,-0.102275
27.7,-2.8304,-0.483606,2.65596,-2.7943,-0.471332,2.66425,-2.95715,-0.505261,2,-2.83007,-0.397502,2.00086,0.386885,-2.26432,0,0.355567,-2.24644,-0.0783012,0.404209,-2.36572,0,0.145545,-2.52463,-0.0979357
27.71,-2.82644,-0.506257,2.65596,-2.79066,-0.493758,2.66349,-2.953,-0.528926,2,-2.82859,-0.422804,1.9999,0.405005,-2.26115,0,0.370762,-2.23885,-0.0741733,0.423141,-2.3624,0,0.150742,-2.53573,-0.0933434
27.72,-2.82231,-0.528779,2.65596,-2.78688,-0.516111,2.66277,-2.94869,-0.552457,2,-2.82705,-0.448215,1.99899,0.423023,-2.25785,-7.3098e-19,0.386006,-2.23184,-0.0702383,0.441966,-2.35895,0,0.156257,-2.5464,-0.0885084
27.73,-2.81802,-0.551173,2.65596,-2.78294,-0.538397,2.66208,-2.94421,-0.575854,2,-2.82546,-0.473731,1.99813,0.440939,-2.25442,7.3098e-19,0.401347,-2.2254,-0.0665137,0.460684,-2.35537,0,0.162122,-2.5566,-0.0834518
27.74,-2.81357,-0.573494,2.65596,-2.77885,-0.560621,2.66144,-2.93956,-0.599175,2,-2.82381,-0.499346,1.99733,0.458795,-2.25085,0,0.416881,-2.21946,-0.0629959,0.47934,-2.35164,0,0.168417,-2.56631,-0.0781786
27.7501,-2.80883,-0.596243,2.65596,-2.77461,-0.582788,2.66082,-2.93461,-0.622943,2,-2.82209,-0.525055,1.99657,0.476994,-2.24707,-7.3098e-19,0.432604,-2.21396,-0.0596767,0.498354,-2.34769,0,0.175131,-2.57548,-0.0726909
27.7601,-2.80396,-0.618747,2.65596,-2.7702,-0.604901,2.66024,-2.92952,-0.646454,2,-2.82031,-0.550854,1.99587,0.494998,-2.24317,7.3098e-19,0.448532,-2.20888,-0.0565451,0.517163,-2.34362,0,0.182276,-2.58411,-0.0669901
27.7702,-2.79885,-0.64149,2.65596,-2.76563,-0.626966,2.65969,-2.92418,-0.670215,2,-2.81845,-0.576735,1.99523,0.513192,-2.23908,0,0.464647,-2.20415,-0.0536004,0.536172,-2.33934,0,0.189838,-2.59215,-0.0610895
27.78,-2.7938,-0.663116,2.65596,-2.76091,-0.648986,2.65917,-2.91891,-0.69281,2,-2.81651,-0.602694,1.99465,0.530493,-2.23504,0,0.480971,-2.19973,-0.0508443,0.554248,-2.33513,0,0.197846,-2.59956,-0.055007
27.79,-2.7884,-0.685461,2.65596,-2.75601,-0.670962,2.65867,-2.91327,-0.716156,2,-2.81449,-0.628724,1.99413,0.548369,-2.23072,0,0.497526,-2.1956,-0.0482984,0.572925,-2.33061,0,0.206333,-2.60635,-0.0487827
27.8,-2.78273,-0.708133,2.65596,-2.75095,-0.692898,2.6582,-2.90734,-0.739843,2,-2.81238,-0.654819,1.99368,0.566506,-2.22619,7.3098e-19,0.514292,-2.19169,-0.0459438,0.591874,-2.32587,0,0.215293,-2.61249,-0.042419
27.81,-2.77706,-0.730043,2.65596,-2.74573,-0.714797,2.65776,-2.90142,-0.762734,2,-2.81018,-0.680972,1.99328,0.584035,-2.22165,0,0.531238,-2.18799,-0.0437601,0.610187,-2.32114,0,0.22471,-2.61798,-0.0359159
27.82,-2.77116,-0.752159,2.65596,-2.74033,-0.736659,2.65733,-2.89525,-0.78584,2,-2.80788,-0.707177,1.99296,0.601727,-2.21692,-7.3098e-19,0.548435,-2.18447,-0.0417564,0.628672,-2.3162,0,0.234671,-2.62282,-0.0293046
27.83,-2.76495,-0.774659,2.65596,-2.73476,-0.758486,2.65692,-2.88876,-0.809348,2,-2.80549,-0.733426,1.9927,0.619727,-2.21196,0,0.565828,-2.18107,-0.0399269,0.647478,-2.31101,0,0.245143,-2.62697,-0.0226031
27.84,-2.75885,-0.796129,2.65596,-2.72901,-0.780281,2.65653,-2.88239,-0.83178,2,-2.80298,-0.759714,1.99251,0.636903,-2.20708,0,0.583379,-2.17776,-0.0382475,0.665424,-2.30591,0,0.256111,-2.63043,-0.0158127
27.85,-2.75226,-0.818618,2.65596,-2.72309,-0.802042,2.65615,-2.8755,-0.855275,2,-2.80036,-0.786032,1.99238,0.654894,-2.2018,-7.3098e-19,0.601091,-2.17449,-0.0367252,0.68422,-2.3004,0,0.267601,-2.63315,-0.00896536
27.86,-2.74561,-0.840632,2.65596,-2.71699,-0.82377,2.65579,-2.86856,-0.878275,2,-2.79763,-0.812375,1.99233,0.672505,-2.19649,0,0.618949,-2.17123,-0.0353441,0.70262,-2.29485,0,0.279625,-2.63515,-0.00207223
27.87,-2.73873,-0.862782,2.65596,-2.71071,-0.845466,2.65545,-2.86137,-0.901417,2,-2.79477,-0.838733,1.99234,0.690225,-2.19099,7.3098e-19,0.636898,-2.16794,-0.0340909,0.721133,-2.2891,0,0.292148,-2.6364,0.00485332
27.88,-2.73178,-0.884548,2.65596,-2.70425,-0.867129,2.65511,-2.85411,-0.924158,2,-2.79178,-0.8651,1.99242,0.707638,-2.18542,0,0.654946,-2.16461,-0.0329467,0.739326,-2.28329,0,0.3052,-2.6369,0.0118024
27.89,-2.72463,-0.906335,2.65596,-2.69761,-0.888758,2.65479,-2.84664,-0.94692,2,-2.78866,-0.891468,1.99258,0.725068,-2.1797,-7.3098e-19,0.673075,-2.16123,-0.0319097,0.757536,-2.27731,0,0.318788,-2.63666,0.0187483
27.9001,-2.71732,-0.928027,2.65596,-2.69079,-0.910353,2.65447,-2.839,-0.969583,2,-2.7854,-0.917831,1.9928,0.742422,-2.17385,0,0.691326,-2.15779,-0.0309793,0.775667,-2.2712,0,0.332976,-2.63568,0.0256619
27.91,-2.70974,-0.949917,2.65596,-2.68378,-0.931914,2.65417,-2.83108,-0.992453,2,-2.782,-0.94418,1.99309,0.759933,-2.16779,0,0.709635,-2.15425,-0.0301439,0.793963,-2.26487,0,0.347728,-2.63396,0.0325246
27.92,-2.70215,-0.971304,2.65596,-2.6766,-0.953438,2.65387,-2.82315,-1.0148,2,-2.77845,-0.970507,1.99345,0.777043,-2.16172,1.46196e-18,0.728023,-2.1506,-0.0293826,0.811838,-2.25852,0,0.363086,-2.63149,0.0393268
27.93,-2.69424,-0.993042,2.65596,-2.66922,-0.974925,2.65358,-2.81488,-1.03751,2,-2.77474,-0.996807,1.99388,0.794433,-2.15539,-7.3098e-19,0.746446,-2.14679,-0.028694,0.830008,-2.25191,0,0.379027,-2.62822,0.046039
27.94,-2.68623,-1.0145,2.65596,-2.66167,-0.996373,2.6533,-2.80652,-1.05992,2,-2.77086,-1.02307,1.99437,0.811596,-2.14899,0,0.764867,-2.14283,-0.0280674,0.847939,-2.24522,0,0.39554,-2.62421,0.0526395
27.95,-2.67788,-1.03634,2.65596,-2.65393,-1.01778,2.65302,-2.79779,-1.08275,2,-2.76682,-1.04929,1.99493,0.829074,-2.1423,0,0.783274,-2.13872,-0.0274926,0.8662,-2.23824,0,0.412632,-2.61944,0.059107
27.96,-2.66955,-1.05762,2.65596,-2.646,-1.03915,2.65275,-2.78909,-1.10498,2,-2.76261,-1.07546,1.99555,0.846094,-2.13564,0,0.801646,-2.13442,-0.0269572,0.883982,-2.23127,0,0.430296,-2.6139,0.0654225
27.97,-2.66086,-1.07929,2.65596,-2.63789,-1.06047,2.65248,-2.78001,-1.12762,2,-2.75822,-1.10156,1.99624,0.86343,-2.12869,0,0.820034,-2.12997,-0.0264486,0.902094,-2.22401,0,0.448594,-2.60764,0.0715671
27.98,-2.65223,-1.10033,2.65596,-2.6296,-1.08175,2.65222,-2.77099,-1.1496,2,-2.75364,-1.12761,1.99698,0.880265,-2.12178,0,0.838378,-2.12533,-0.0259578,0.919683,-2.2168,0,0.467479,-2.60063,0.0775182
27.99,-2.64352,-1.1211,2.65596,-2.62113,-1.10298,2.65196,-2.76189,-1.1713,2,-2.74886,-1.15357,1.99779,0.896877,-2.11482,-1.46196e-18,0.856617,-2.12051,-0.0254796,0.937038,-2.20952,0,0.486902,-2.59288,0.0832492
28,-2.63447,-1.14221,2.65596,-2.61422,-1.11992,2.65176,-2.75244,-1.19335,2,-2.74491,-1.17429,1.99847,0.913764,-2.10757,-1.46196e-18,0.8711,-2.11649,-0.0250984,0.954682,-2.20195,0,0.502806,-2.58612,0.0876616
28.01,-2.62523,-1.16329,2.65596,-2.60541,-1.14106,2.65151,-2.74278,-1.21538,2,-2.73978,-1.20011,1.99937,0.930628,-2.10018,0,0.889086,-2.11127,-0.0246652,0.972301,-2.19423,0,0.523161,-2.57701,0.0928954
28.02,-2.61599,-1.18392,2.65596,-2.59643,-1.16215,2.65126,-2.73313,-1.23693,2,-2.73444,-1.22583,2.00033,0.947132,-2.09279,1.46196e-18,0.906978,-2.10586,-0.0242339,0.989544,-2.1865,0,0.544037,-2.56716,0.0978415
28.03,-2.60631,-1.20506,2.65596,-2.58728,-1.18318,2.65102,-2.72302,-1.25902,2,-2.72889,-1.25145,2.00133,0.96405,-2.08505,1.46196e-18,0.924779,-2.10027,-0.0237727,1.00722,-2.17842,0,0.565434,-2.55656,0.102502
28.04,-2.59661,-1.22583,2.65596,-2.57794,-1.20415,2.65079,-2.71288,-1.28073,2,-2.72313,-1.27696,2.00238,0.980667,-2.07729,0,0.942474,-2.09449,-0.0232685,1.02458,-2.17031,0,0.587365,-2.54524,0.106857
28.05,-2.58661,-1.24679,2.65596,-2.56843,-1.22507,2.65056,-2.70244,-1.30262,2,-2.71714,-1.30235,2.00347,0.997433,-2.06929,0,0.960085,-2.08854,-0.022712,1.0421,-2.16195,0,0.609842,-2.53325,0.110893
28.06,-2.5767,-1.26715,2.65596,-2.55874,-1.24592,2.65033,-2.69208,-1.32389,2,-2.71093,-1.32762,2.00459,1.01372,-2.06136,0,0.977577,-2.08243,-0.0221074,1.05911,-2.15367,0,0.632819,-2.52058,0.114582
28.07,-2.56643,-1.28781,2.65596,-2.54888,-1.26672,2.65012,-2.68136,-1.34548,2,-2.70449,-1.35276,2.00576,1.03025,-2.05315,1.46196e-18,0.994956,-2.07613,-0.0214558,1.07639,-2.14509,0,0.656298,-2.50727,0.1179
28.08,-2.55592,-1.30856,2.65596,-2.53884,-1.28745,2.64991,-2.67037,-1.36716,2,-2.6978,-1.37776,2.00695,1.04685,-2.04473,0,1.01215,-2.06966,-0.0207361,1.09373,-2.1363,0,0.680204,-2.49332,0.120847
28.09,-2.5455,-1.3287,2.65596,-2.52863,-1.30811,2.6497,-2.65949,-1.3882,2,-2.69088,-1.40262,2.00817,1.06296,-2.0364,0,1.02918,-2.06302,-0.0199482,1.11056,-2.12759,0,0.704554,-2.47877,0.123404
28.1,-2.53476,-1.34909,2.65596,-2.51826,-1.32871,2.64951,-2.64827,-1.4095,2,-2.68371,-1.42734,2.00942,1.07927,-2.02781,1.46196e-18,1.04609,-2.05622,-0.0190991,1.1276,-2.11861,0,0.729362,-2.46365,0.125552
28.11,-2.52374,-1.36959,2.65596,-2.50771,-1.34923,2.64932,-2.63675,-1.43092,2,-2.67629,-1.45189,2.01068,1.09567,-2.01899,0,1.06282,-2.04923,-0.0181892,1.14474,-2.1094,0,0.754564,-2.44794,0.127274
28.12,-2.51274,-1.38968,2.65596,-2.497,-1.36969,2.64914,-2.62525,-1.45191,2,-2.66862,-1.47629,2.01196,1.11174,-2.01019,1.46196e-18,1.07941,-2.04205,-0.0172174,1.16153,-2.1002,0,0.78018,-2.43166,0.128562
28.13,-2.50162,-1.40959,2.65596,-2.48612,-1.39007,2.64898,-2.61364,-1.47272,2,-2.66069,-1.50053,2.01325,1.12768,-2.00129,1.46196e-18,1.09584,-2.03465,-0.0161839,1.17817,-2.09091,0,0.80617,-2.41482,0.129408
28.14,-2.4902,-1.42967,2.65596,-2.4762,-1.40835,2.64883,-2.60171,-1.49369,2,-2.6558,-1.51498,2.01403,1.14374,-1.99216,1.46196e-18,1.11052,-2.02782,-0.0152102,1.19495,-2.08137,0,0.821955,-2.40445,0.129695
28.15,-2.47885,-1.44925,2.65596,-2.46501,-1.42859,2.64869,-2.58986,-1.51415,2,-2.64489,-1.54609,2.01572,1.1594,-1.98308,0,1.12668,-2.02005,-0.0141,1.21132,-2.07189,0,0.856581,-2.38135,0.129728
28.16,-2.4671,-1.46918,2.65596,-2.45366,-1.44875,2.64855,-2.57757,-1.53497,2,-2.63619,-1.56981,2.01701,1.17534,-1.97368,0,1.14274,-2.0121,-0.0129433,1.22797,-2.06206,0,0.88361,-2.36301,0.129218
28.17,-2.45514,-1.48907,2.65596,-2.44215,-1.46883,2.64843,-2.56508,-1.55575,2,-2.62722,-1.59335,2.0183,1.19126,-1.96411,0,1.15873,-2.00393,-0.0117316,1.2446,-2.05206,0,0.911,-2.34414,0.12825
28.18,-2.44311,-1.50873,2.65596,-2.43049,-1.48883,2.64832,-2.55251,-1.57629,2,-2.61797,-1.6167,2.01957,1.20698,-1.95449,0,1.17461,-1.9956,-0.0104625,1.26103,-2.04201,0,0.938713,-2.32482,0.12683
28.19,-2.43107,-1.52806,2.65596,-2.41866,-1.50875,2.64822,-2.53993,-1.59648,2,-2.60844,-1.63985,2.02083,1.22245,-1.94485,0,1.19035,-1.98708,-0.0091346,1.27719,-2.03194,0,0.966687,-2.30506,0.124967
28.2,-2.41883,-1.54735,2.65596,-2.40668,-1.52857,2.64814,-2.52714,-1.61664,2,-2.59864,-1.6628,2.02207,1.23788,-1.93506,0,1.20599,-1.97836,-0.00774996,1.29332,-2.02172,0,0.994944,-2.28485,0.122669
28.21,-2.40598,-1.56727,2.65596,-2.39454,-1.54831,2.64807,-2.51372,-1.63745,2,-2.58854,-1.68554,2.02329,1.25381,-1.92478,-1.46196e-18,1.22149,-1.96943,-0.0063104,1.30996,-2.01097,0,1.02342,-2.26423,0.119943
28.22,-2.39362,-1.58607,2.65596,-2.38225,-1.56796,2.64801,-2.50081,-1.6571,2,-2.57817,-1.70808,2.02447,1.26886,-1.9149,0,1.23683,-1.96028,-0.00483166,1.32568,-2.00064,0,1.05207,-2.24319,0.116789
28.23,-2.38081,-1.60525,2.65596,-2.37231,-1.58361,2.64798,-2.48742,-1.67713,2,-2.56966,-1.72596,2.02539,1.2842,-1.90464,1.46196e-18,1.24899,-1.95285,-0.00361164,1.3417,-1.98993,0,1.07512,-2.2261,0.113979
28.24,-2.36792,-1.62419,2.65596,-2.36101,-1.60115,2.64795,-2.47396,-1.69692,2,-2.55987,-1.7459,2.0264,1.29935,-1.89434,0,1.26259,-1.94433,-0.00227443,1.35754,-1.97916,0,1.10117,-2.20661,0.110454
28.25,-2.35479,-1.64317,2.65596,-2.3483,-1.62055,2.64793,-2.46023,-1.71675,2,-2.54871,-1.76786,2.02749,1.31454,-1.88383,1.46196e-18,1.2776,-1.93471,-0.000799781,1.3734,-1.96819,0,1.13023,-2.18464,0.106143
28.26,-2.34175,-1.6617,2.65596,-2.33545,-1.63985,2.64793,-2.44662,-1.73611,2,-2.53726,-1.7896,2.02852,1.32936,-1.8734,0,1.29256,-1.92501,0.000732364,1.38888,-1.95729,0,1.15939,-2.16237,0.101505
28.27,-2.32831,-1.68049,2.65596,-2.32245,-1.65905,2.64795,-2.43257,-1.75574,2,-2.52552,-1.81111,2.02952,1.34439,-1.86265,0,1.3075,-1.9152,0.00230944,1.40459,-1.94605,0,1.1887,-2.13982,0.0965462
28.28,-2.31506,-1.69869,2.65596,-2.3093,-1.67815,2.64798,-2.41873,-1.77476,2,-2.51349,-1.83239,2.03045,1.35895,-1.85205,1.46196e-18,1.32234,-1.90523,0.00392301,1.4198,-1.93498,0,1.21809,-2.11699,0.0912826
28.29,-2.30102,-1.71766,2.65596,-2.29601,-1.69715,2.64803,-2.40406,-1.79458,2,-2.50116,-1.85345,2.03134,1.37413,-1.84081,1.46196e-18,1.33719,-1.89506,0.00552491,1.43566,-1.92325,0,1.24763,-2.09384,0.0856969
28.3,-2.28759,-1.73551,2.65596,-2.28256,-1.71605,2.64809,-2.39003,-1.81322,2,-2.48853,-1.87427,2.03217,1.38841,-1.83007,0,1.35191,-1.88477,0.007143,1.45058,-1.91202,0,1.27718,-2.0705,0.0798467
28.31,-2.27338,-1.75408,2.65596,-2.26897,-1.73485,2.64817,-2.37518,-1.83263,2,-2.47561,-1.89485,2.03294,1.40327,-1.8187,0,1.36653,-1.87435,0.00877478,1.4661,-1.90014,0,1.30673,-2.04697,0.073759
28.32,-2.25933,-1.77214,2.65596,-2.25523,-1.75354,2.64827,-2.3605,-1.8515,2,-2.4624,-1.91521,2.03364,1.41771,-1.80746,0,1.38106,-1.86369,0.0104021,1.4812,-1.8884,0,1.33628,-2.02317,0.0674447
28.33,-2.24504,-1.7902,2.65596,-2.24135,-1.77212,2.64838,-2.34558,-1.87037,2,-2.44889,-1.93532,2.03428,1.43216,-1.79604,2.92392e-18,1.3954,-1.85284,0.0120268,1.49629,-1.87646,0,1.36574,-1.99917,0.0609395
28.34,-2.23076,-1.80798,2.65596,-2.22732,-1.79059,2.64851,-2.33065,-1.88894,2,-2.43508,-1.95519,2.03486,1.44638,-1.7846,-1.46196e-18,1.40965,-1.84183,0.0136371,1.51115,-1.86452,0,1.39516,-1.97502,0.0542644
28.35,-2.21619,-1.8258,2.65596,-2.21316,-1.80895,2.64865,-2.31543,-1.90756,2,-2.42099,-1.97482,2.03537,1.46064,-1.77295,-1.46196e-18,1.42385,-1.83066,0.0152153,1.52605,-1.85234,0,1.42459,-1.95072,0.0474358
28.36,-2.2014,-1.8436,2.65596,-2.20172,-1.82356,2.64878,-2.29998,-1.92616,2,-2.4095,-1.99035,2.03573,1.47488,-1.76112,0,1.43519,-1.82159,0.0164423,1.54093,-1.83998,0,1.44813,-1.93119,0.0418725
28.37,-2.18672,-1.86099,2.65596,-2.1873,-1.84172,2.64895,-2.28464,-1.94433,2,-2.39487,-2.00953,2.03611,1.48879,-1.74938,-1.46196e-18,1.44932,-1.8101,0.0178663,1.55546,-1.82772,0,1.47752,-1.90668,0.0347625
28.38,-2.17157,-1.87865,2.65596,-2.1742,-1.85797,2.64912,-2.26881,-1.96277,2,-2.38145,-2.0266,2.03639,1.50292,-1.73726,0,1.46197,-1.79964,0.0190821,1.57022,-1.81505,0,1.50385,-1.88455,0.0282848
28.39,-2.15636,-1.89609,2.65596,-2.16393,-1.87053,2.64925,-2.25292,-1.981,2,-2.37085,-2.03973,2.03657,1.51687,-1.72509,1.46196e-18,1.47179,-1.79141,0.0199957,1.5848,-1.80233,0,1.52426,-1.86726,0.0232192
28.4,-2.14106,-1.91335,2.65596,-2.14468,-1.89372,2.64952,-2.23694,-1.99902,2,-2.35546,-2.05828,2.03677,1.53068,-1.71285,-1.46196e-18,1.49014,-1.77594,0.0214678,1.59922,-1.78955,0,1.55342,-1.84249,0.0158759
28.41,-2.12612,-1.92994,2.65596,-2.1297,-1.91142,2.64974,-2.22133,-2.01636,2,-2.33502,-2.08202,2.03691,1.54395,-1.7009,-1.46196e-18,1.50433,-1.76396,0.0222456,1.61309,-1.77706,0,1.59109,-1.81024,0.00606081
28.4202,-2.11008,-1.94747,2.65596,-2.11762,-1.9255,2.64992,-2.20456,-2.03467,2,-2.3222,-2.09642,2.03694,1.55797,-1.68806,-1.46196e-18,1.51564,-1.75429,0.0227637,1.62774,-1.76365,0,1.61411,-1.79037,-3.80985e-05
28.43,-2.09492,-1.96376,2.65596,-2.1024,-1.94298,2.65015,-2.18873,-2.0517,2,-2.30592,-2.1142,2.0369,1.57101,-1.67594,-1.46196e-18,1.52969,-1.74208,0.023356,1.64136,-1.75098,0,1.64273,-1.76552,-0.00761399
28.44,-2.07902,-1.98059,2.65596,-2.08703,-1.96034,2.65039,-2.17211,-2.06928,2,-2.28935,-2.13173,2.03679,1.58447,-1.66321,1.46196e-18,1.54368,-1.72965,0.0239388,1.65543,-1.73769,0,1.67115,-1.74057,-0.0150406
28.45,-2.06273,-1.99755,2.65596,-2.07464,-1.97413,2.65058,-2.1551,-2.08699,2,-2.27589,-2.14558,2.03664,1.59804,-1.65019,1.46196e-18,1.55479,-1.71959,0.0244313,1.6696,-1.72408,0,1.69367,-1.72056,-0.0208223
28.4601,-2.04687,-2.01379,2.65596,-2.05902,-1.99127,2.65083,-2.13853,-2.10397,2,-2.25881,-2.16266,2.0364,1.61103,-1.6375,0,1.5686,-1.70695,0.0250295,1.68317,-1.71083,0,1.72158,-1.69561,-0.0278781
28.47,-2.03087,-2.02993,2.65596,-2.04326,-2.00827,2.65108,-2.12182,-2.12082,2,-2.24146,-2.17949,2.03608,1.62394,-1.6247,1.46196e-18,1.58243,-1.69419,0.0256076,1.69666,-1.69745,0,1.74928,-1.67068,-0.0347095
28.4801,-2.01449,-2.04619,2.65596,-2.02737,-2.02515,2.65134,-2.1047,-2.13781,2,-2.22383,-2.19607,2.0357,1.63695,-1.61159,1.46196e-18,1.59632,-1.68133,0.0261723,1.71025,-1.68376,0,1.77678,-1.64579,-0.0412855
28.49,-1.99821,-2.06209,2.65596,-2.01134,-2.0419,2.65161,-2.08769,-2.15443,2,-2.20592,-2.2124,2.03526,1.64967,-1.59857,-1.46196e-18,1.61026,-1.66834,0.0267021,1.72354,-1.67015,0,1.8041,-1.62094,-0.0476099
28.5,-1.98167,-2.07799,2.65596,-1.99517,-2.05852,2.65188,-2.07041,-2.17104,2,-2.18775,-2.22849,2.03475,1.66239,-1.58534,0,1.62415,-1.6552,0.0271783,1.73683,-1.65633,0,1.83115,-1.59617,-0.0536777
28.51,-1.96495,-2.0938,2.65596,-1.97885,-2.075,2.65215,-2.05294,-2.18756,2,-2.1693,-2.24433,2.03419,1.67504,-1.57196,-1.46196e-18,1.63802,-1.64191,0.0275845,1.75005,-1.64235,0,1.85792,-1.57147,-0.0594846
28.52,-1.94789,-2.10968,2.65596,-1.96406,-2.08972,2.6524,-2.03512,-2.20415,2,-2.15247,-2.25837,2.03363,1.68775,-1.55831,0,1.65044,-1.62987,0.0279023,1.76332,-1.62809,0,1.88173,-1.54938,-0.0644617
28.5301,-1.93032,-2.12577,2.65596,-1.94748,-2.10596,2.65268,-2.01676,-2.22096,2,-2.13353,-2.27374,2.03296,1.70062,-1.54426,2.92392e-18,1.66408,-1.6164,0.0281932,1.77677,-1.61341,0,1.90778,-1.52502,-0.0697068
28.54,-1.91387,-2.1406,2.65596,-1.93077,-2.12205,2.65296,-1.99957,-2.23645,2,-2.11432,-2.28887,2.03224,1.71248,-1.53109,0,1.67761,-1.6028,0.0284123,1.78916,-1.59966,0,1.93342,-1.50081,-0.0746376
28.55,-1.89697,-2.15558,2.65596,-1.91393,-2.13801,2.65325,-1.98192,-2.25211,2,-2.09486,-2.30376,2.03147,1.72447,-1.51758,0,1.69102,-1.58908,0.0285466,1.80169,-1.58553,0,1.95861,-1.47678,-0.079253
28.56,-1.87984,-2.17054,2.65596,-1.89695,-2.15383,2.65353,-1.96402,-2.26774,2,-2.07515,-2.31841,2.03065,1.73644,-1.50387,2.92392e-18,1.70431,-1.57527,0.0286038,1.81419,-1.57121,0,1.98337,-1.45299,-0.0835381
28.57,-1.86219,-2.1857,2.65596,-1.87985,-2.16952,2.65382,-1.94558,-2.28358,2,-2.05519,-2.33282,2.0298,1.74856,-1.48975,-1.46196e-18,1.71751,-1.56131,0.0285699,1.82686,-1.55646,0,2.00773,-1.42941,-0.0874981
28.58,-1.84457,-2.2006,2.65596,-1.8626,-2.18506,2.6541,-1.92717,-2.29914,2,-2.03499,-2.347,2.0289,1.76048,-1.47565,-1.46196e-18,1.7306,-1.54718,0.0284638,1.83931,-1.54173,0,2.03165,-1.40603,-0.0911043
28.59,-1.82679,-2.21537,2.65596,-1.84523,-2.20046,2.65439,-1.9086,-2.31457,2,-2.01456,-2.36094,2.02798,1.7723,-1.46144,-1.46196e-18,1.74354,-1.53286,0.0282856,1.85166,-1.52688,0,2.05508,-1.38288,-0.0943512
28.6,-1.80906,-2.22987,2.65596,-1.82949,-2.2142,2.65464,-1.89007,-2.32973,2,-1.99597,-2.37329,2.02711,1.7839,-1.44725,1.46196e-18,1.75507,-1.51988,0.0280679,1.86378,-1.51206,0,2.07574,-1.36229,-0.0969599
28.61,-1.79151,-2.244,2.65596,-1.81188,-2.22932,2.65492,-1.87174,-2.34448,2,-1.98139,-2.38277,2.02643,1.7952,-1.43321,0,1.76771,-1.50531,0.0277437,1.87559,-1.49739,0,2.0915,-1.34642,-0.0987943
28.62,-1.7734,-2.25834,2.65596,-1.79414,-2.2443,2.6552,-1.85281,-2.35947,2,-1.96036,-2.39613,2.02543,1.80667,-1.41872,0,1.78024,-1.49054,0.0273276,1.88757,-1.48225,0,2.11355,-1.32396,-0.101114
28.6303,-1.75449,-2.27307,2.65596,-1.77627,-2.25913,2.65547,-1.83305,-2.37485,2,-1.9327,-2.41315,2.0241,1.81845,-1.40359,0,1.79275,-1.47557,0.0268097,1.89988,-1.46644,0,2.14152,-1.29513,-0.10362
28.64,-1.73701,-2.28645,2.65596,-1.75828,-2.27381,2.65573,-1.81479,-2.38883,2,-1.91118,-2.42599,2.02305,1.82916,-1.38961,1.46196e-18,1.80524,-1.4604,0.0262015,1.91107,-1.45183,0,2.1625,-1.27325,-0.105154
28.65,-1.71854,-2.30036,2.65596,-1.74017,-2.28834,2.65599,-1.79549,-2.40337,2,-1.88945,-2.43862,2.022,1.84029,-1.37483,1.46196e-18,1.81751,-1.44513,0.0255275,1.9227,-1.4364,0,2.18281,-1.25174,-0.106329
28.66,-1.7004,-2.31381,2.65596,-1.72193,-2.30272,2.65624,-1.77654,-2.41742,2,-1.86753,-2.45103,2.02093,1.85104,-1.36032,0,1.82955,-1.42969,0.0247951,1.93393,-1.42123,0,2.20245,-1.23054,-0.107152
28.67,-1.68161,-2.3275,2.65596,-1.70358,-2.31693,2.65649,-1.75691,-2.43172,2,-1.84541,-2.46323,2.01985,1.862,-1.34529,0,1.84152,-1.414,0.023979,1.94538,-1.40553,0,2.22155,-1.20959,-0.107657
28.68,-1.66291,-2.3409,2.65596,-1.6851,-2.33099,2.65672,-1.73737,-2.44572,2,-1.8231,-2.47522,2.01878,1.87272,-1.33033,-1.46196e-18,1.85341,-1.39805,0.0230949,1.95658,-1.3899,0,2.24011,-1.1889,-0.107836
28.69,-1.64433,-2.35398,2.65596,-1.66651,-2.34489,2.65695,-1.71796,-2.45939,2,-1.80061,-2.48701,2.0177,1.88319,-1.31546,0,1.86519,-1.38191,0.0221481,1.96752,-1.37437,0,2.25805,-1.16854,-0.107698
28.7,-1.6254,-2.36709,2.65596,-1.6478,-2.35863,2.65717,-1.69818,-2.47309,2,-1.77794,-2.49859,2.01662,1.89367,-1.30032,-1.46196e-18,1.87686,-1.36557,0.0211451,1.97847,-1.35855,0,2.27538,-1.14851,-0.107253
28.71,-1.60617,-2.38018,2.65596,-1.62897,-2.3722,2.65737,-1.6781,-2.48676,2,-1.7551,-2.50998,2.01555,1.90414,-1.28494,0,1.88848,-1.34898,0.0200812,1.98941,-1.34248,0,2.29215,-1.12875,-0.106523
28.72,-1.58711,-2.39293,2.65596,-1.61003,-2.38561,2.65757,-1.65818,-2.50009,2,-1.7321,-2.52117,2.01449,1.91435,-1.26969,0,1.90005,-1.33217,0.0189515,2.00007,-1.32655,0,2.30835,-1.10931,-0.105531
28.73,-1.56802,-2.40549,2.65596,-1.59097,-2.39885,2.65775,-1.63823,-2.5132,2,-1.70894,-2.53217,2.01344,1.92439,-1.25442,0,1.91153,-1.31519,0.0177861,2.01056,-1.31059,0,2.32392,-1.09023,-0.104265
28.74,-1.54872,-2.41796,2.65596,-1.5718,-2.41191,2.65792,-1.61807,-2.52623,2,-1.68562,-2.54297,2.01241,1.93437,-1.23898,0,1.92295,-1.29803,0.0165855,2.02099,-1.29446,0,2.33888,-1.07151,-0.102746
28.75,-1.52938,-2.43024,2.65596,-1.55251,-2.42481,2.65808,-1.59786,-2.53906,2,-1.66216,-2.5536,2.01139,1.94419,-1.2235,1.46196e-18,1.93421,-1.28073,0.0153381,2.03125,-1.27829,0,2.35313,-1.05317,-0.101009
28.76,-1.50992,-2.44237,2.65596,-1.53312,-2.43753,2.65823,-1.57753,-2.55174,2,-1.63856,-2.56404,2.01039,1.9539,-1.20794,0,1.94524,-1.26337,0.0140726,2.04139,-1.26203,0,2.36659,-1.03531,-0.0990458
28.7701,-1.48985,-2.45467,2.65596,-1.51361,-2.45007,2.65836,-1.55656,-2.56459,2,-1.61483,-2.5743,2.00941,1.96373,-1.19188,0,1.95606,-1.24589,0.0127666,2.05167,-1.24525,0,2.3793,-1.01785,-0.096901
28.78,-1.47059,-2.46625,2.65596,-1.49399,-2.46245,2.65848,-1.53644,-2.57669,2,-1.59098,-2.5844,2.00845,1.973,-1.17647,0,1.96669,-1.22828,0.0114422,2.06135,-1.22915,0,2.39124,-1.00081,-0.0945734
28.79,-1.45087,-2.47791,2.65596,-1.47428,-2.47464,2.65859,-1.51584,-2.58886,2,-1.57421,-2.59136,2.0078,1.98232,-1.1607,0,1.97721,-1.21058,0.0101369,2.07109,-1.21267,0,2.39917,-0.989158,-0.0928217
28.8,-1.43106,-2.4894,2.65596,-1.45445,-2.48666,2.65869,-1.49514,-2.60088,2,-1.54293,-2.60408,2.00661,1.99152,-1.14485,1.46196e-18,1.98768,-1.19272,0.0088291,2.0807,-1.19611,0,2.41309,-0.967993,-0.0893643
28.81,-1.41088,-2.50089,2.65596,-1.43452,-2.49849,2.65877,-1.47406,-2.61288,2,-1.51875,-2.61368,2.00573,2.00072,-1.1287,0,1.99808,-1.17465,0.00751943,2.09031,-1.17924,0,2.42304,-0.952087,-0.0865492
28.82,-1.39065,-2.5122,2.65596,-1.41449,-2.51015,2.65884,-1.45292,-2.6247,2,-1.49447,-2.62313,2.00488,2.00976,-1.11252,0,2.00833,-1.15641,0.00622462,2.09976,-1.16233,0,2.43226,-0.936535,-0.0836098
28.83,-1.37074,-2.52312,2.65596,-1.39436,-2.52162,2.65889,-1.43212,-2.6361,2,-1.47011,-2.63241,2.00406,2.01849,-1.09659,0,2.01843,-1.13795,0.00494895,2.10888,-1.1457,0,2.44075,-0.921272,-0.0805662
28.84,-1.35032,-2.5341,2.65596,-1.37412,-2.53291,2.65894,-1.41079,-2.64758,2,-1.44566,-2.64155,2.00327,2.02728,-1.08026,0,2.02848,-1.11929,0.00367959,2.11806,-1.12863,0,2.44861,-0.906298,-0.0774534
28.8502,-1.32968,-2.54499,2.65596,-1.3599,-2.5407,2.65896,-1.38922,-2.65896,2,-1.42114,-2.65054,2.00251,2.036,-1.06374,0,2.0354,-1.10619,0.00280443,2.12717,-1.11138,0,2.45571,-0.89173,-0.0742752
28.86,-1.30997,-2.5552,2.65596,-1.33335,-2.55492,2.65898,-1.36863,-2.66962,2,-1.39655,-2.65939,2.00179,2.04416,-1.04797,0,2.0481,-1.08178,0.00108424,2.13569,-1.0949,0,2.46211,-0.877578,-0.0711849
28.87,-1.28924,-2.56572,2.65596,-1.31282,-2.56564,2.65899,-1.34697,-2.68061,2,-1.3719,-2.66809,2.00109,2.05258,-1.03139,0,2.05783,-1.06301,-0.000507264,2.14449,-1.07757,0,2.46785,-0.863865,-0.0683348
28.88,-1.26882,-2.57588,2.65596,-1.2984,-2.57304,2.65898,-1.32563,-2.69123,2,-1.35461,-2.67411,2.00062,2.0607,-1.01505,-1.46196e-18,2.06459,-1.04982,-0.00158687,2.15298,-1.06051,0,2.47148,-0.854476,-0.0663181
28.89,-1.24805,-2.58601,2.65596,-1.27978,-2.58241,2.65896,-1.30393,-2.70181,2,-1.33235,-2.68175,2.00003,2.0688,-0.998437,0,2.07324,-1.03276,-0.00301751,2.16145,-1.04315,0,2.47574,-0.842595,-0.0637983
28.9,-1.22744,-2.59585,2.65596,-1.259,-2.59264,2.65892,-1.2824,-2.71209,2,-1.30757,-2.69011,1.99941,2.07668,-0.981948,0,2.0829,-1.01365,-0.00452228,2.16967,-1.02592,0,2.47992,-0.829638,-0.0609569
28.91,-1.20688,-2.60547,2.65596,-1.23812,-2.60268,2.65887,-1.26093,-2.72214,2,-1.28275,-2.69834,1.99881,2.08438,-0.965508,-1.46196e-18,2.09268,-0.994321,-0.00588666,2.17771,-1.00874,0,2.48354,-0.816855,-0.0580351
28.92,-1.18578,-2.61514,2.65596,-1.21714,-2.61253,2.6588,-1.23888,-2.73225,2,-1.2579,-2.70644,1.99825,2.09211,-0.948627,0,2.10239,-0.974929,-0.00710098,2.1858,-0.991105,0,2.48647,-0.804382,-0.0550469
28.93,-1.16495,-2.62449,2.65596,-1.19607,-2.62218,2.65873,-1.21711,-2.74201,2,-1.23302,-2.71443,1.99771,2.09959,-0.931959,1.46196e-18,2.11205,-0.955459,-0.00818982,2.19361,-0.973692,0,2.48877,-0.792182,-0.0520356
28.94,-1.14377,-2.63379,2.65596,-1.1749,-2.63164,2.65864,-1.19498,-2.75173,2,-1.20813,-2.72229,1.99721,2.10703,-0.915014,0,2.12173,-0.935864,-0.00915659,2.20138,-0.955987,0,2.49054,-0.780191,-0.049018
28.95,-1.1225,-2.64292,2.65596,-1.15364,-2.6409,2.65855,-1.17277,-2.76127,2,-1.18321,-2.73003,1.99673,2.11434,-0.898004,0,2.1313,-0.916218,-0.0100014,2.20902,-0.938216,0,2.49168,-0.768467,-0.0460071
28.96,-1.1012,-2.65187,2.65596,-1.13227,-2.64996,2.65844,-1.15051,-2.77062,2,-1.15829,-2.73766,1.99629,2.12149,-0.880961,0,2.14082,-0.896566,-0.0107379,2.21649,-0.92041,0,2.49227,-0.757032,-0.0430281
28.97,-1.07991,-2.66061,2.65596,-1.11082,-2.65883,2.65833,-1.12827,-2.77975,2,-1.13337,-2.74517,1.99587,2.12849,-0.863927,0,2.15022,-0.876964,-0.0113764,2.2238,-0.902613,0,2.49227,-0.745922,-0.0401002
28.98,-1.05907,-2.66897,2.65596,-1.08927,-2.6675,2.65821,-1.10649,-2.78849,2,-1.10845,-2.75258,1.99548,2.13518,-0.847256,0,2.15953,-0.857308,-0.0119511,2.23079,-0.885196,0,2.49174,-0.735015,-0.0372648
28.99,-1.03741,-2.67747,2.65596,-1.06763,-2.67597,2.65809,-1.08387,-2.79736,2,-1.08354,-2.75988,1.99512,2.14197,-0.829929,0,2.16871,-0.837703,-0.0124545,2.23789,-0.867093,0,2.49069,-0.724396,-0.0345197
29,-1.01576,-2.68576,2.65596,-1.0459,-2.68425,2.65797,-1.06124,-2.80602,2,-1.05864,-2.76707,1.99479,2.1486,-0.812607,0,2.1779,-0.818024,-0.0128897,2.24482,-0.848995,0,2.48927,-0.713917,-0.0318721
29.01,-0.994547,-2.69368,2.65596,-1.02407,-2.69233,2.65783,-1.03908,-2.8143,2,-1.03375,-2.77415,1.99449,2.15495,-0.795638,7.3098e-19,2.1869,-0.798339,-0.0132633,2.25144,-0.831266,0,2.48732,-0.703629,-0.0293298
29.02,-0.973122,-2.7015,2.65596,-1.00216,-2.70022,2.6577,-1.0167,-2.82247,2,-1.00889,-2.78114,1.99421,2.1612,-0.778497,0,2.19564,-0.778732,-0.013564,2.25797,-0.813358,0,2.48481,-0.693593,-0.0268821
29.03,-0.95143,-2.70921,2.65596,-0.98016,-2.70791,2.65756,-0.994034,-2.83053,2,-0.984059,-2.78803,1.99395,2.16737,-0.761144,-7.3098e-19,2.20414,-0.75918,-0.0137827,2.26442,-0.795227,0,2.48177,-0.683762,-0.024519
29.04,-0.929442,-2.71683,2.65596,-0.958077,-2.7154,2.65742,-0.971062,-2.83849,2,-0.959259,-2.79482,1.99371,2.17347,-0.743554,-7.3098e-19,2.21242,-0.739591,-0.0139332,2.27079,-0.77685,0,2.47827,-0.674026,-0.0222513
29.05,-0.907825,-2.72413,2.65596,-0.935913,-2.7227,2.65729,-0.948477,-2.84612,2,-0.934496,-2.80151,1.9935,2.17931,-0.72626,0,2.22048,-0.719898,-0.0140256,2.27689,-0.758782,0,2.47432,-0.664301,-0.0200843
29.06,-0.885863,-2.73135,2.65596,-0.913669,-2.7298,2.65714,-0.925531,-2.85366,2,-0.909774,-2.8081,1.99331,2.18508,-0.70869,7.3098e-19,2.22826,-0.700251,-0.014062,2.28293,-0.740425,0,2.46989,-0.654717,-0.0180152
29.07,-0.864302,-2.73825,2.65596,-0.891348,-2.73671,2.657,-0.903005,-2.86087,2,-0.885099,-2.8146,1.99314,2.1906,-0.691442,0,2.23576,-0.680691,-0.0140669,2.2887,-0.722404,0,2.465,-0.645288,-0.016063
29.08,-0.842203,-2.74513,2.65596,-0.868954,-2.74342,2.65686,-0.879917,-2.86806,2,-0.860475,-2.82101,1.99299,2.1961,-0.673763,7.3098e-19,2.24301,-0.661169,-0.0140284,2.29445,-0.703933,0,2.45971,-0.635945,-0.014209
29.09,-0.820079,-2.75182,2.65596,-0.846489,-2.74993,2.65672,-0.856802,-2.87505,2,-0.835906,-2.82732,1.99286,2.20146,-0.656063,0,2.25006,-0.641621,-0.0139412,2.30004,-0.685441,0,2.45407,-0.626606,-0.0124395
29.1,-0.798161,-2.75826,2.65596,-0.823954,-2.75625,2.65658,-0.833902,-2.88177,2,-0.811395,-2.83354,1.99274,2.20661,-0.638529,0,2.25693,-0.622159,-0.0138145,2.30542,-0.667122,0,2.44816,-0.617365,-0.0107549
29.11,-0.776016,-2.76457,2.65596,-0.801351,-2.76237,2.65645,-0.810766,-2.88837,2,-0.786944,-2.83967,1.99264,2.21166,-0.620813,0,2.26368,-0.602844,-0.013649,2.31069,-0.648613,0,2.44204,-0.608259,-0.00914752
29.12,-0.753945,-2.77067,2.65596,-0.778681,-2.76831,2.65631,-0.787706,-2.89474,2,-0.762555,-2.84571,1.99256,2.21654,-0.603156,0,2.27022,-0.583637,-0.0134535,2.31579,-0.630165,0,2.43564,-0.599227,-0.00761669
29.13,-0.731631,-2.77665,2.65596,-0.755947,-2.77405,2.65618,-0.764393,-2.90098,2,-0.738232,-2.85165,1.99249,2.22132,-0.585305,7.3098e-19,2.27652,-0.564568,-0.0132369,2.32079,-0.611514,0,2.42897,-0.590285,-0.00616064
29.14,-0.709342,-2.78242,2.65596,-0.733151,-2.7796,2.65605,-0.741106,-2.90702,2,-0.713976,-2.85751,1.99244,2.22594,-0.567474,-7.3098e-19,2.28268,-0.545506,-0.0129952,2.32562,-0.592885,0,2.42216,-0.581281,-0.00476489
29.15,-0.687112,-2.788,2.65596,-0.710294,-2.78496,2.65592,-0.71788,-2.91284,2,-0.689789,-2.86328,1.99239,2.2304,-0.549689,0,2.28871,-0.526364,-0.0127458,2.33027,-0.574304,0,2.41523,-0.572117,-0.00343545
29.16,-0.665171,-2.79331,2.65596,-0.687377,-2.79012,2.65579,-0.694957,-2.9184,2,-0.665672,-2.86895,1.99237,2.23465,-0.532137,0,2.29464,-0.507138,-0.0124807,2.33472,-0.555966,0,2.40823,-0.562771,-0.00215387
29.17,-0.64263,-2.79858,2.65596,-0.6713,-2.79363,2.65571,-0.671407,-2.9239,2,-0.648832,-2.87287,1.99235,2.23887,-0.514104,0,2.29858,-0.493732,-0.0122921,2.33912,-0.537126,0,2.40317,-0.556207,-0.00128648
29.18,-0.620092,-2.80366,2.65596,-0.648288,-2.79847,2.65558,-0.647859,-2.92921,2,-0.624837,-2.87838,1.99235,2.24293,-0.496074,-7.3098e-19,2.30394,-0.474653,-0.0121935,2.34337,-0.518288,0,2.39574,-0.54676,-0.0002591
29.19,-0.597649,-2.80853,2.65596,-0.625222,-2.80312,2.65546,-0.624411,-2.9343,2,-0.600917,-2.8838,1.99235,2.24683,-0.478119,0,2.30921,-0.455648,-0.0121138,2.34744,-0.499529,0,2.38824,-0.537239,0.000710329
29.2,-0.575056,-2.81325,2.65596,-0.604418,-2.80714,2.65535,-0.600807,-2.93922,2,-0.579454,-2.8886,1.99236,2.2506,-0.460045,0,2.31384,-0.438583,-0.0119869,2.35138,-0.480645,0,2.38135,-0.528586,0.00161312
29.21,-0.552675,-2.81773,2.65596,-0.581254,-2.81144,2.65523,-0.577423,-2.94391,2,-0.555679,-2.89384,1.99238,2.25418,-0.44214,-7.3098e-19,2.31885,-0.419652,-0.0118038,2.35512,-0.461939,0,2.37362,-0.518839,0.00263993
29.22,-0.530059,-2.82207,2.65596,-0.558041,-2.81554,2.65512,-0.553795,-2.94844,2,-0.531981,-2.89898,1.99241,2.25766,-0.424047,0,2.32378,-0.400884,-0.0115482,2.35875,-0.443036,0,2.36587,-0.509079,0.00372936
29.23,-0.507417,-2.82623,2.65596,-0.534779,-2.81945,2.655,-0.530138,-2.95279,2,-0.508362,-2.90402,1.99246,2.26098,-0.405933,0,2.32863,-0.38226,-0.0112498,2.36223,-0.424111,0,2.35811,-0.499274,0.00486096
29.24,-0.484758,-2.8302,2.65596,-0.51147,-2.82318,2.65489,-0.506466,-2.95694,2,-0.48482,-2.90896,1.99251,2.26416,-0.387807,-3.6549e-19,2.33317,-0.363889,-0.0109326,2.36555,-0.405172,0,2.35017,-0.489516,0.00602023
29.25,-0.462321,-2.83396,2.65596,-0.488116,-2.82673,2.65479,-0.483023,-2.96086,2,-0.461358,-2.91381,1.99258,2.26717,-0.369857,0,2.33754,-0.345594,-0.0105796,2.36869,-0.386419,0,2.34223,-0.479619,0.0072335
29.26,-0.439623,-2.83757,2.65596,-0.467061,-2.82977,2.65469,-0.459309,-2.96463,2,-0.44031,-2.91809,1.99265,2.27005,-0.351698,0,2.34136,-0.329159,-0.010235,2.3717,-0.367447,0,2.33513,-0.470553,0.00837542
29.2701,-0.416849,-2.841,2.65596,-0.443627,-2.83297,2.65459,-0.435516,-2.96822,2,-0.416998,-2.92274,1.99274,2.2728,-0.333479,0,2.34548,-0.310782,-0.00985314,2.37458,-0.348413,0,2.32733,-0.460149,0.00967627
29.2801,-0.393936,-2.84427,2.65596,-0.420152,-2.83598,2.65449,-0.411577,-2.97163,2,-0.393763,-2.92729,1.99284,2.27541,-0.315149,0,2.34941,-0.292432,-0.00946123,2.37731,-0.329261,0,2.31957,-0.449539,0.0110284
29.29,-0.371515,-2.84728,2.65596,-0.401345,-2.83826,2.65442,-0.388151,-2.97478,2,-0.375231,-2.93085,1.99293,2.27783,-0.297212,3.6549e-19,2.35247,-0.277765,-0.00913583,2.37983,-0.310521,0,2.31345,-0.440885,0.0121548
29.3,-0.348303,-2.85022,2.65596,-0.377801,-2.84095,2.65433,-0.3639,-2.97785,2,-0.352135,-2.9352,1.99306,2.28017,-0.278643,0,2.35611,-0.259527,-0.00876668,2.38228,-0.29112,0,2.30586,-0.429922,0.0135696
29.31,-0.325974,-2.85286,2.65596,-0.354223,-2.84346,2.65424,-0.340571,-2.98061,2,-0.329114,-2.93945,1.9932,2.28229,-0.26078,0,2.35951,-0.241317,-0.00840686,2.38448,-0.272457,0,2.29827,-0.418728,0.0150294
29.3201,-0.302756,-2.85541,2.65596,-0.330612,-2.84578,2.65416,-0.316313,-2.98328,2,-0.306169,-2.94358,1.99336,2.28433,-0.242205,0,2.3628,-0.223056,-0.00805173,2.38662,-0.253051,0,2.29082,-0.407219,0.0165426
29.33,-0.279987,-2.85774,2.65596,-0.306968,-2.84792,2.65408,-0.292525,-2.9857,2,-0.283298,-2.94759,1.99354,2.28619,-0.22399,0,2.36582,-0.204823,-0.00769728,2.38856,-0.23402,0,2.28343,-0.395457,0.0181163
29.34,-0.257263,-2.85987,2.65596,-0.283296,-2.84987,2.65401,-0.268783,-2.98794,2,-0.2605,-2.95149,1.99373,2.2879,-0.20581,0,2.36856,-0.186482,-0.00735639,2.39035,-0.215026,0,2.27611,-0.383292,0.0197389
29.35,-0.23423,-2.86185,2.65596,-0.259598,-2.85165,2.65394,-0.244718,-2.99,2,-0.237775,-2.95526,1.99393,2.28948,-0.187384,1.82745e-19,2.37114,-0.168033,-0.00703339,2.392,-0.195775,0,2.26899,-0.370712,0.0214062
29.36,-0.211318,-2.86363,2.65596,-0.235874,-2.85323,2.65387,-0.22078,-2.99186,2,-0.21512,-2.9589,1.99415,2.29091,-0.169054,-1.82745e-19,2.37353,-0.149619,-0.00670581,2.39349,-0.176624,0,2.26208,-0.357851,0.0231397
29.37,-0.187747,-2.86527,2.65596,-0.214504,-2.85451,2.65381,-0.196154,-2.99358,2,-0.194789,-2.96207,1.99437,2.29222,-0.150197,-1.82745e-19,2.37534,-0.133121,-0.00642129,2.39486,-0.156923,0,2.25588,-0.346064,0.0247399
29.38,-0.165531,-2.86664,2.65596,-0.190741,-2.85575,2.65374,-0.172943,-2.99501,2,-0.172264,-2.96546,1.99462,2.29332,-0.132424,1.82745e-19,2.37717,-0.114808,-0.00643159,2.39601,-0.138354,0,2.24925,-0.332642,0.0262417
29.39,-0.14272,-2.86787,2.65596,-0.166961,-2.8568,2.65368,-0.149111,-2.99629,2,-0.149803,-2.96872,1.99489,2.2943,-0.114176,1.82745e-19,2.37882,-0.0965152,-0.0068382,2.39703,-0.119289,0,2.24287,-0.318884,0.0273973
29.4,-0.119574,-2.86893,2.65596,-0.143166,-2.85768,2.65361,-0.124929,-2.9974,2,-0.127405,-2.97184,1.99517,2.29514,-0.0956593,0,2.38023,-0.0783267,-0.00769082,2.39792,-0.0999429,0,2.23673,-0.304868,0.0281522
29.4099,-0.096824,-2.86979,2.65596,-0.119357,-2.85837,2.65352,-0.10116,-2.99829,2,-0.105067,-2.97481,1.99545,2.29583,-0.0774592,0,2.38141,-0.0603509,-0.00931051,2.39864,-0.0809278,0,2.23089,-0.290672,0.028176
29.42,-0.0738023,-2.87047,2.65596,-0.0955384,-2.85888,2.65342,-0.0771071,-2.99901,2,-0.0827869,-2.97765,1.99573,2.29638,-0.0590419,0,2.38228,-0.0425116,-0.0115874,2.39921,-0.0616857,0,2.22527,-0.276217,0.027571
29.43,-0.0508957,-2.87097,2.65596,-0.0717121,-2.85922,2.65329,-0.0531748,-2.99953,2,-0.0605608,-2.98034,1.996,2.29677,-0.0407166,0,2.38295,-0.0246862,-0.0142562,2.39962,-0.0425398,0,2.21999,-0.26139,0.0265963
29.44,-0.0277866,-2.87128,2.65596,-0.0526471,-2.85936,2.65317,-0.0290308,-2.99986,2,-0.0428172,-2.98238,1.99621,2.29703,-0.0222292,-2.28431e-20,2.38324,-0.0105095,-0.0165981,2.39989,-0.0232247,0,2.21591,-0.249335,0.0256202
29.45,-0.00504033,-2.87141,2.65596,-0.0288143,-2.85938,2.65299,-0.00526603,-3,2,-0.0206831,-2.9848,1.99646,2.29713,-0.00403226,0,2.38329,0.00719164,-0.019198,2.4,-0.00421282,0,2.21095,-0.233952,0.024735
29.46,0.0181889,-2.87136,2.65596,-0.00498204,-2.85922,2.65278,0.0190034,-2.99994,2,0.00140289,-2.98706,1.99671,2.29709,0.0145511,0,2.38314,0.024828,-0.0218483,2.39995,0.0152027,0,2.20629,-0.218267,0.0237996
29.47,0.0412142,-2.87112,2.65596,0.0188477,-2.85888,2.65255,0.0430598,-2.99969,2,0.0234436,-2.98916,1.99694,2.2969,0.0329714,-4.56862e-20,2.3828,0.0423868,-0.0246504,2.39975,0.0344478,0,2.20192,-0.202292,0.0227034
29.48,0.0638298,-2.87071,2.65596,0.0426733,-2.85837,2.65229,0.066688,-2.99926,2,0.0454423,-2.9911,1.99716,2.29657,0.0510638,0,2.38227,0.0599087,-0.0275706,2.39941,0.0533504,0,2.19787,-0.185982,0.0214694
29.49,0.0869829,-2.8701,2.65596,0.0664919,-2.85768,2.652,0.0908779,-2.99862,2,0.0674015,-2.99288,1.99737,2.29608,0.0695863,0,2.3814,0.0772461,-0.0308239,2.3989,0.0727023,0,2.19402,-0.169481,0.019871
29.5,0.109915,-2.86931,2.65596,0.0903001,-2.85682,2.65167,0.114837,-2.9978,2,0.0893233,-2.99449,1.99756,2.29545,0.0879321,-9.13725e-20,2.38017,0.0944845,-0.0339037,2.39824,0.0918697,0,2.19036,-0.152703,0.0184038
29.51,0.132905,-2.86834,2.65596,0.114094,-2.85579,2.65132,0.138856,-2.99678,2,0.111209,-2.99593,1.99774,2.29467,0.106324,0,2.37852,0.111695,-0.0367712,2.39743,0.111085,0,2.18681,-0.135578,0.0170947
29.52,0.156287,-2.86716,2.65596,0.13787,-2.85459,2.65094,0.163285,-2.99555,2,0.13306,-2.9972,1.9979,2.29373,0.125029,-1.82745e-19,2.37657,0.128942,-0.0391862,2.39644,0.130628,0,2.1835,-0.118046,0.0161731
29.53,0.178739,-2.86585,2.65596,0.161625,-2.85321,2.65054,0.186743,-2.99418,2,0.15488,-2.99829,1.99806,2.29268,0.142991,0,2.37443,0.146375,-0.0410196,2.39535,0.149394,0,2.18056,-0.0999572,0.0157563
29.54,0.201869,-2.86431,2.65596,0.185358,-2.85166,2.65012,0.210909,-2.99258,2,0.176673,-2.9992,1.99822,2.29145,0.161496,0,2.37218,0.163941,-0.0426765,2.39406,0.168727,0,2.17804,-0.0813694,0.015428
29.55,0.224531,-2.86263,2.65596,0.209067,-2.84993,2.64969,0.234586,-2.99081,2,0.198442,-2.99992,1.99837,2.2901,0.179625,-1.82745e-19,2.3697,0.181635,-0.0438267,2.39265,0.187669,0,2.17585,-0.0622823,0.0155045
29.56,0.247398,-2.86074,2.65596,0.23275,-2.84803,2.64925,0.258476,-2.98884,2,0.22019,-3.00044,1.99853,2.28859,0.197918,0,2.36685,0.199252,-0.0445346,2.39108,0.206781,0,2.17385,-0.0428854,0.0159054
29.57,0.270326,-2.85867,2.65596,0.256404,-2.84595,2.6488,0.282431,-2.98668,2,0.24192,-3.00077,1.99869,2.28693,0.216261,0,2.36374,0.216948,-0.0447986,2.38934,0.225945,0,2.17215,-0.0230146,0.0166177
29.58,0.293235,-2.85641,2.65596,0.280024,-2.84369,2.64835,0.306366,-2.98432,2,0.263634,-3.0009,1.99886,2.28513,0.234588,0,2.36033,0.234587,-0.0446306,2.38745,0.245093,0,2.1707,-0.0028163,0.0176194
29.5901,0.31657,-2.85392,2.65596,0.303609,-2.84126,2.64791,0.330746,-2.98171,2,0.285335,-3.00083,1.99905,2.28313,0.253256,3.6549e-19,2.35661,0.252198,-0.0440375,2.38537,0.264596,0,2.16949,0.0177364,0.0188927
29.6,0.338874,-2.85135,2.65596,0.327156,-2.83865,2.64747,0.354049,-2.97903,2,0.307025,-3.00055,1.99924,2.28108,0.271099,0,2.35266,0.269919,-0.0430907,2.38323,0.283239,0,2.16859,0.0387745,0.0203556
29.61,0.361611,-2.84856,2.65596,0.350662,-2.83586,2.64705,0.377804,-2.97612,2,0.328708,-3.00005,1.99945,2.27885,0.289289,0,2.34852,0.287643,-0.0419264,2.38089,0.302243,0,2.16801,0.060173,0.0218664
29.62,0.384623,-2.84554,2.65596,0.374126,-2.83289,2.64663,0.401847,-2.97296,2,0.350386,-2.99934,1.99968,2.27643,0.307699,0,2.34415,0.305345,-0.0405007,2.37837,0.321477,0,2.16773,0.0819081,0.0234586
29.63,0.407403,-2.84237,2.65596,0.397544,-2.82975,2.64624,0.425646,-2.96965,2,0.372064,-2.99841,1.99992,2.2739,0.325922,0,2.33961,0.323039,-0.0388129,2.37572,0.340517,0,2.16778,0.103988,0.0251244
29.64,0.429848,-2.83906,2.65596,0.418582,-2.82677,2.6459,0.449096,-2.96619,2,0.391575,-2.99739,2.00015,2.27125,0.343878,3.6549e-19,2.33538,0.338942,-0.0371229,2.37296,0.359277,0,2.1681,0.124129,0.02663
29.6501,0.45294,-2.83547,2.65596,0.441911,-2.8233,2.64553,0.473223,-2.96244,2,0.413259,-2.99603,2.00043,2.26838,0.362352,3.6549e-19,2.33043,0.356607,-0.0350103,2.36995,0.378578,0,2.16865,0.146815,0.0283502
29.66,0.475366,-2.8318,2.65596,0.465191,-2.81964,2.6452,0.496653,-2.9586,2,0.434949,-2.99445,2.00072,2.26544,0.380293,0,2.32538,0.374297,-0.0327337,2.36688,0.397322,0,2.16954,0.16983,0.030039
29.67,0.497914,-2.82792,2.65596,0.488418,-2.81581,2.64488,0.520211,-2.95455,2,0.45665,-2.99264,2.00103,2.26234,0.398332,0,2.32009,0.391906,-0.0304019,2.36364,0.416169,0,2.17059,0.193048,0.0315883
29.68,0.52128,-2.82371,2.65596,0.511592,-2.8118,2.64459,0.544622,-2.95015,2,0.478362,-2.99059,2.00135,2.25897,0.417024,0,2.31463,0.40943,-0.0280203,2.36012,0.435698,0,2.17188,0.216458,0.0329899
29.69,0.543186,-2.81957,2.65596,0.534711,-2.80762,2.64432,0.567509,-2.94583,2,0.500089,-2.98831,2.00169,2.25566,0.434549,-7.3098e-19,2.30907,0.42683,-0.0255774,2.35667,0.454008,0,2.17346,0.240016,0.0342536
29.7,0.565939,-2.8151,2.65596,0.557773,-2.80327,2.64408,0.591281,-2.94115,2,0.521832,-2.98579,2.00204,2.25208,0.452751,-7.3098e-19,2.30333,0.444106,-0.0231546,2.35292,0.473025,0,2.17523,0.263695,0.0353043
29.71,0.588444,-2.81048,2.65596,0.580777,-2.79874,2.64386,0.614794,-2.93633,2,0.543594,-2.98303,2.0024,2.24838,0.470755,0,2.29744,0.46138,-0.020705,2.34906,0.491835,0,2.17719,0.287602,0.0361913
29.72,0.610742,-2.80572,2.65596,0.603721,-2.79404,2.64366,0.63809,-2.93135,2,0.565377,-2.98003,2.00276,2.24457,0.488593,0,2.29142,0.47865,-0.0182365,2.34508,0.510472,0,2.17937,0.311721,0.036911
29.73,0.633227,-2.80073,2.65596,0.626604,-2.78917,2.64349,0.661583,-2.92614,2,0.587182,-2.9768,2.00313,2.24058,0.506582,0,2.28525,0.49591,-0.0157613,2.34091,0.529266,0,2.18173,0.336029,0.0374576
29.74,0.655752,-2.79554,2.65596,0.649426,-2.78412,2.64335,0.685116,-2.92072,2,0.609012,-2.97331,2.00351,2.23643,0.524601,0,2.27897,0.513115,-0.0132986,2.33658,0.548093,0,2.18429,0.360469,0.0378175
29.75,0.677976,-2.79023,2.65596,0.672183,-2.7789,2.64323,0.708335,-2.91518,2,0.630868,-2.96959,2.00389,2.23219,0.542381,0,2.27247,0.530288,-0.0108408,2.33214,0.566668,0,2.1869,0.385053,0.0380052
29.76,0.700297,-2.78471,2.65596,0.694875,-2.77352,2.64313,0.731656,-2.90941,2,0.65275,-2.96561,2.00427,2.22777,0.560238,0,2.26579,0.547435,-0.00839615,2.32753,0.585325,0,2.1896,0.409771,0.0380214
29.77,0.722634,-2.779,2.65596,0.717499,-2.76796,2.64306,0.754994,-2.90344,2,0.67466,-2.96139,2.00465,2.2232,0.578108,7.3098e-19,2.25899,0.5645,-0.00597483,2.32275,0.603995,0,2.19241,0.434551,0.0378662
29.7802,0.744901,-2.77312,2.65596,0.737802,-2.76281,2.64301,0.778258,-2.89729,2,0.694404,-2.95738,2.00499,2.21849,0.595921,0,2.25276,0.579987,-0.00385144,2.31784,0.622606,0,2.19504,0.45709,0.0375535
29.79,0.767026,-2.76708,2.65596,0.755801,-2.75811,2.64299,0.801373,-2.89099,2,0.711973,-2.95364,2.00529,2.21366,0.613621,0,2.24715,0.593818,-0.00202645,2.31279,0.641098,0,2.19744,0.477264,0.0371274
29.8,0.789423,-2.76077,2.65596,0.778237,-2.75209,2.64298,0.824773,-2.8844,2,0.729562,-2.94974,2.00558,2.20862,0.631539,-7.3098e-19,2.23997,0.61096,4.63555e-05,2.30752,0.659819,0,2.1998,0.49736,0.0364886
29.8101,0.811346,-2.75441,2.65596,0.789428,-2.74901,2.64298,0.847678,-2.87775,2,0.755982,-2.94359,2.00601,2.20353,0.649077,7.3098e-19,2.23638,0.619534,0.00102119,2.3022,0.678142,0,2.20344,0.527538,0.0352379
29.82,0.833507,-2.74778,2.65596,0.822893,-2.73953,2.64302,0.870831,-2.87083,2,0.778032,-2.93819,2.00636,2.19823,0.666806,7.3098e-19,2.22573,0.645198,0.00330019,2.29666,0.696665,0,2.20659,0.552634,0.0335324
29.83,0.855319,-2.74107,2.65596,0.842896,-2.73365,2.64305,0.893619,-2.86382,2,0.797904,-2.93312,2.00665,2.19286,0.684255,7.3098e-19,2.21941,0.660635,0.0040649,2.29105,0.714895,0,2.20941,0.575204,0.0315482
29.84,0.876655,-2.73432,2.65596,0.858415,-2.72898,2.64308,0.915911,-2.85677,2,0.813378,-2.92903,2.00687,2.18746,0.701324,-7.3098e-19,2.21456,0.672757,0.00456524,2.28541,0.732729,0,2.21164,0.59285,0.0298971
29.85,0.898959,-2.72707,2.65596,0.880526,-2.72217,2.64313,0.939214,-2.84919,2,0.83551,-2.92297,2.00715,2.18166,0.719167,1.46196e-18,2.20759,0.690068,0.00478629,2.27935,0.751371,0,2.21479,0.61803,0.0270219
29.86,0.920529,-2.71987,2.65596,0.902567,-2.71518,2.64318,0.96175,-2.84166,2,0.857673,-2.91667,2.00741,2.17589,0.736423,-7.3098e-19,2.20052,0.707478,0.00503818,2.27333,0.7694,0,2.2179,0.643278,0.0241575
29.87,0.942512,-2.71233,2.65596,0.920148,-2.70946,2.64322,0.984717,-2.83378,2,0.879868,-2.91011,2.00764,2.16986,0.754009,7.3098e-19,2.19484,0.721509,0.0054633,2.26703,0.787773,0,2.22095,0.668606,0.0215931
29.88,0.964057,-2.70474,2.65596,0.946434,-2.70068,2.64329,1.00723,-2.82586,2,0.902092,-2.9033,2.00784,2.1638,0.771246,0,2.18614,0.742365,0.00631261,2.26069,0.805781,0,2.22385,0.693762,0.0191783
29.89,0.985549,-2.69699,2.65596,0.968258,-2.69317,2.64336,1.02968,-2.81776,2,0.924344,-2.89623,2.00802,2.15759,0.788439,0,2.17867,0.759651,0.0070082,2.25421,0.823745,0,2.22649,0.71877,0.0167686
29.9001,1.00752,-2.68886,2.65596,0.990007,-2.68549,2.64343,1.05263,-2.80926,2,0.946621,-2.88892,2.00818,2.15109,0.806012,0,2.17098,0.776977,0.00784257,2.24741,0.842105,0,2.22891,0.743779,0.014517
29.91,1.02843,-2.68093,2.65596,1.01168,-2.67763,2.64352,1.07448,-2.80098,2,0.968922,-2.88136,2.00831,2.14474,0.822743,0,2.1632,0.79438,0.00887948,2.24078,0.859585,0,2.23127,0.768844,0.0124873
29.9201,1.05002,-2.67255,2.65596,1.03327,-2.6696,2.64361,1.09704,-2.79222,2,0.991246,-2.87354,2.00843,2.13804,0.840017,-1.46196e-18,2.15538,0.811966,0.0100398,2.23378,0.877633,0,2.23358,0.794047,0.0106197
29.93,1.07133,-2.66408,2.65596,1.05479,-2.66139,2.64372,1.11931,-2.78337,2,1.01359,-2.86548,2.00852,2.13126,0.857065,1.46196e-18,2.14756,0.829801,0.0112655,2.2267,0.895444,0,2.23585,0.819447,0.00886627
29.94,1.09259,-2.65543,2.65596,1.07622,-2.653,2.64384,1.14152,-2.77434,2,1.03596,-2.85715,2.0086,2.12434,0.874074,1.46196e-18,2.13972,0.847639,0.0125238,2.21947,0.913214,0,2.23807,0.844808,0.0072003
29.95,1.11504,-2.64608,2.65596,1.09758,-2.64444,2.64397,1.16497,-2.76457,2,1.05835,-2.84858,2.00867,2.11686,0.892032,0,2.13186,0.865552,0.0137709,2.21166,0.931976,0,2.24023,0.870201,0.00558614
29.96,1.13511,-2.63753,2.65596,1.11461,-2.63746,2.64408,1.18594,-2.75564,2,1.08077,-2.83975,2.00871,2.11003,0.908085,-1.46196e-18,2.1255,0.879865,0.014758,2.20451,0.948749,0,2.24221,0.895527,0.00402712
29.97,1.15589,-2.62849,2.65596,1.13794,-2.62767,2.64425,1.20765,-2.74619,2,1.10095,-2.83159,2.00874,2.10279,0.924711,0,2.11658,0.899557,0.0159931,2.19696,0.966119,0,2.24376,0.918298,0.00257714
29.98,1.17722,-2.61901,2.65596,1.15274,-2.62133,2.64436,1.22993,-2.73629,2,1.1234,-2.82228,2.00876,2.09521,0.941775,1.46196e-18,2.11089,0.912118,0.016476,2.18903,0.983947,0,2.24532,0.943495,0.000624524
29.99,1.19794,-2.6096,2.65596,1.18011,-2.60932,2.64458,1.25158,-2.72645,2,1.14586,-2.81272,2.00876,2.08768,0.958352,0,2.10032,0.935333,0.0166595,2.18116,1.00127,0,2.24676,0.968518,-0.00184408
30,1.21909,-2.59978,2.65596,1.20107,-2.59988,2.64475,1.27368,-2.7162,2,1.16833,-2.80291,2.00872,2.07983,0.975272,0,2.09227,0.953384,0.0163781,2.17296,1.01894,0,2.24806,0.993598,-0.00447796
30.0102,1.24001,-2.58987,2.65596,1.22195,-2.59025,2.64491,1.29554,-2.70584,2,1.19082,-2.79285,2.00867,2.0719,0.992008,1.46196e-18,2.08418,0.971618,0.0161986,2.16467,1.03643,0,2.24917,1.01879,-0.00689595
30.0201,1.26017,-2.58012,2.65596,1.24276,-2.58044,2.64507,1.31659,-2.69566,2,1.21332,-2.78253,2.00859,2.0641,1.00813,-1.46196e-18,2.0759,0.989746,0.0162082,2.15653,1.05328,0,2.24999,1.04387,-0.00902817
30.0302,1.28245,-2.56912,2.65596,1.26347,-2.57046,2.64523,1.33988,-2.68416,2,1.23582,-2.77197,2.00849,2.05529,1.02596,0,2.06747,1.00767,0.0163979,2.14733,1.0719,0,2.25051,1.06873,-0.0108747
30.04,1.30212,-2.5592,2.65596,1.2841,-2.56029,2.6454,1.36043,-2.6738,2,1.25833,-2.76116,2.00837,2.04736,1.0417,0,2.05903,1.02549,0.0167349,2.13904,1.08834,0,2.25088,1.09346,-0.01246
30.05,1.32185,-2.54907,2.65596,1.2985,-2.55307,2.64552,1.38104,-2.66322,2,1.28084,-2.7501,2.00824,2.03926,1.05748,-1.46196e-18,2.05307,1.038,0.0169807,2.13057,1.10484,0,2.25097,1.11819,-0.0139125
30.06,1.34217,-2.53843,2.65596,1.32511,-2.53943,2.64574,1.40227,-2.6521,2,1.30334,-2.7388,2.00809,2.03075,1.07373,1.46196e-18,2.04185,1.06099,0.0167677,2.12168,1.12182,0,2.25068,1.14255,-0.0158627
30.07,1.36287,-2.52738,2.65596,1.34549,-2.52873,2.6459,1.4239,-2.64055,2,1.32585,-2.72725,2.00792,2.0219,1.0903,-1.46196e-18,2.03311,1.0784,0.0161975,2.11244,1.13912,0,2.25008,1.16656,-0.0179143
30.0801,1.3828,-2.51653,2.65596,1.3597,-2.52114,2.64602,1.44472,-2.62922,2,1.3416,-2.71903,2.00779,2.01322,1.10624,0,2.02696,1.09053,0.0158822,2.10337,1.15577,0,2.24949,1.18327,-0.0191858
30.09,1.40244,-2.50563,2.65596,1.38597,-2.50681,2.64622,1.46524,-2.61783,2,1.37083,-2.70344,2.00753,2.00451,1.12196,0,2.01525,1.1127,0.0151195,2.09427,1.1722,0,2.24785,1.21391,-0.0215517
30.1002,1.4238,-2.49356,2.65596,1.40608,-2.4956,2.64637,1.48755,-2.60522,2,1.3933,-2.69119,2.0073,1.99485,1.13904,0,2.00601,1.12948,0.0141804,2.08418,1.19004,0,2.24605,1.23704,-0.0235384
30.11,1.44298,-2.48251,2.65596,1.4161,-2.48994,2.64644,1.5076,-2.59367,2,1.41575,-2.6787,2.00706,1.98601,1.15439,0,2.00136,1.13784,0.0137834,2.07494,1.20608,0,2.24396,1.26008,-0.0251685
30.12,1.46269,-2.47095,2.65596,1.44601,-2.47268,2.64663,1.52819,-2.5816,2,1.43145,-2.66983,2.00688,1.97676,1.17015,1.46196e-18,1.98729,1.163,0.0124198,2.06528,1.22255,0,2.24227,1.27616,-0.0263807
30.13,1.48219,-2.4593,2.65596,1.46584,-2.46097,2.64675,1.54856,-2.56943,2,1.46058,-2.65304,2.00652,1.96744,1.18575,-1.46196e-18,1.97785,1.17964,0.0110465,2.05554,1.23885,0,2.23866,1.30566,-0.0289045
30.1401,1.50176,-2.4474,2.65596,1.48557,-2.44909,2.64686,1.56901,-2.55699,2,1.48295,-2.63987,2.00622,1.95792,1.20141,0,1.96834,1.1962,0.00977562,2.04559,1.25521,0,2.23542,1.32807,-0.0305884
30.15,1.52122,-2.43535,2.65596,1.50521,-2.43704,2.64695,1.58934,-2.54441,2,1.50529,-2.62648,2.00591,1.94828,1.21698,1.46196e-18,1.95872,1.21281,0.00880532,2.03552,1.27147,0,2.23183,1.35047,-0.0318439
30.1601,1.54112,-2.42281,2.65596,1.52474,-2.42483,2.64703,1.61014,-2.5313,2,1.52759,-2.61287,2.00559,1.93824,1.2329,0,1.94894,1.2294,0.00810886,2.02504,1.28811,0,2.22786,1.37281,-0.0326958
30.17,1.56001,-2.41069,2.65596,1.54225,-2.4137,2.6471,1.62986,-2.51864,2,1.54762,-2.60042,2.00529,1.92855,1.24801,-1.46196e-18,1.94002,1.24425,0.00773138,2.01491,1.30389,0,2.22393,1.39275,-0.0330961
30.18,1.57969,-2.39784,2.65596,1.5616,-2.40117,2.64718,1.65043,-2.50521,2,1.56984,-2.58638,2.00496,1.91827,1.26375,1.46196e-18,1.93004,1.26055,0.00750558,2.00417,1.32034,0,2.21921,1.41462,-0.0332162
30.19,1.59823,-2.38552,2.65596,1.577,-2.39104,2.64724,1.6698,-2.49235,2,1.58757,-2.575,2.00469,1.90842,1.27858,0,1.92197,1.27367,0.00741783,1.99388,1.33584,0,2.21513,1.4321,-0.0331175
30.2,1.61738,-2.37258,2.65596,1.59617,-2.37822,2.64731,1.68981,-2.47882,2,1.6097,-2.56057,2.00436,1.89806,1.29391,0,1.91192,1.29019,0.00717553,1.98306,1.35185,0,2.20974,1.45392,-0.0329934
30.21,1.63652,-2.35942,2.65596,1.61524,-2.36523,2.64738,1.7098,-2.46507,2,1.63177,-2.54592,2.00403,1.88753,1.30922,-1.46196e-18,1.90184,1.30663,0.00698533,1.97206,1.36784,0,2.20395,1.47543,-0.0326639
30.22,1.65513,-2.3464,2.65596,1.63421,-2.35209,2.64745,1.72924,-2.45147,2,1.65377,-2.53106,2.00371,1.87712,1.3241,0,1.89169,1.3229,0.00690039,1.96118,1.3834,0,2.19772,1.49659,-0.0320867
30.23,1.67381,-2.33311,2.65596,1.65308,-2.33878,2.64752,1.74876,-2.43759,2,1.67572,-2.51599,2.00339,1.86649,1.33905,0,1.88155,1.33906,0.0068996,1.95007,1.39901,0,2.19112,1.51744,-0.0312947
30.24,1.69255,-2.31956,2.65596,1.6681,-2.32801,2.64758,1.76834,-2.42342,2,1.69323,-2.50378,2.00315,1.85564,1.35404,0,1.87336,1.35184,0.00694218,1.93874,1.41467,0,2.18549,1.53384,-0.030527
30.25,1.71102,-2.30596,2.65596,1.68678,-2.31442,2.64764,1.78764,-2.40922,2,1.71504,-2.48834,2.00284,1.84477,1.36882,0,1.86289,1.36733,0.00646491,1.92738,1.43011,0,2.17788,1.55364,-0.0299814
30.26,1.72919,-2.29237,2.65596,1.70535,-2.30067,2.64771,1.80662,-2.39502,2,1.73678,-2.47271,2.00255,1.8339,1.38335,1.46196e-18,1.85236,1.38256,0.00598894,1.91602,1.4453,0,2.16981,1.5729,-0.0293023
30.27,1.74778,-2.27823,2.65596,1.71829,-2.29095,2.64775,1.82604,-2.38025,2,1.75195,-2.46166,2.00234,1.82258,1.39822,1.46196e-18,1.84494,1.39309,0.00574172,1.9042,1.46083,0,2.16388,1.58606,-0.0286672
30.28,1.76592,-2.2642,2.65596,1.74219,-2.27272,2.64782,1.84499,-2.36559,2,1.78001,-2.44088,2.00198,1.81136,1.41273,-1.46196e-18,1.83102,1.41247,0.00496432,1.89247,1.47599,0,2.1522,1.60999,-0.0276575
30.2899,1.78409,-2.24991,2.65596,1.76044,-2.25852,2.64786,1.86398,-2.35066,2,1.80148,-2.42469,2.00171,1.79993,1.42727,0,1.82015,1.42733,0.00414469,1.88053,1.49118,0,2.14259,1.62792,-0.0269631
30.3,1.80259,-2.23511,2.65596,1.77497,-2.24705,2.64789,1.88331,-2.3352,2,1.81859,-2.41161,2.00149,1.78809,1.44207,0,1.81141,1.4393,0.00359952,1.86816,1.50664,0,2.13458,1.64212,-0.0262271
30.31,1.8198,-2.22112,2.65596,1.79303,-2.23258,2.64793,1.90129,-2.32058,2,1.83988,-2.3951,2.00123,1.7769,1.45584,0,1.80045,1.45409,0.00255496,1.85647,1.52103,0,2.12419,1.65946,-0.0255993
30.32,1.83747,-2.20653,2.65596,1.8074,-2.2209,2.64794,1.91975,-2.30533,2,1.85684,-2.38177,2.00103,1.76522,1.46997,0,1.79159,1.46599,0.00169203,1.84427,1.5358,0,2.11551,1.67314,-0.0250623
30.3301,1.85517,-2.19166,2.65596,1.82704,-2.20469,2.64796,1.93825,-2.2898,2,1.88004,-2.36326,2.00076,1.75333,1.48414,0,1.7793,1.48241,0.000614652,1.83184,1.5506,0,2.10305,1.69163,-0.0241329
30.34,1.87244,-2.17692,2.65596,1.84477,-2.18979,2.64796,1.95629,-2.27441,2,1.90102,-2.34626,2.00052,1.74154,1.49796,0,1.76822,1.49755,-0.000435882,1.81952,1.56503,0,2.09138,1.70825,-0.0232899
30.35,1.88963,-2.16202,2.65596,1.8624,-2.17474,2.64795,1.97425,-2.25884,2,1.92187,-2.3291,2.0003,1.72962,1.5117,-1.46196e-18,1.75713,1.51277,-0.00130537,1.80707,1.5794,0,2.07928,1.72463,-0.0222191
30.36,1.9073,-2.14646,2.65596,1.87642,-2.16258,2.64794,1.9927,-2.24257,2,1.93847,-2.31525,2.00012,1.71716,1.52584,-1.46196e-18,1.7482,1.52515,-0.00184249,1.79406,1.59416,0,2.06928,1.73769,-0.0211822
30.3701,1.9243,-2.13123,2.65596,1.89385,-2.14726,2.64791,2.01047,-2.22666,2,1.95909,-2.29779,1.99992,1.70498,1.53944,0,1.73699,1.54061,-0.00289173,1.78133,1.60837,0,2.05638,1.75373,-0.0202452
30.38,1.94101,-2.11602,2.65596,1.91116,-2.13177,2.64788,2.02792,-2.21078,2,1.97959,-2.28018,1.99972,1.69282,1.5528,0,1.72566,1.55604,-0.00391851,1.76862,1.62234,0,2.04298,1.76937,-0.0192641
30.39,1.95801,-2.10029,2.65596,1.92836,-2.11613,2.64784,2.04569,-2.19434,2,1.99995,-2.26241,1.99953,1.68024,1.56641,0,1.71414,1.5714,-0.00466398,1.75548,1.63655,0,2.029,1.78459,-0.0179962
30.4,1.97465,-2.08466,2.65596,1.94545,-2.10034,2.64779,2.06307,-2.17801,2,2.02017,-2.24449,1.99936,1.66773,1.57972,-1.46196e-18,1.70257,1.58686,-0.00513948,1.74241,1.65046,0,2.01456,1.79959,-0.0164735
30.4101,1.99186,-2.06822,2.65596,1.96241,-2.0844,2.64773,2.08106,-2.16083,2,2.04024,-2.22642,1.9992,1.65458,1.59349,0,1.69093,1.60229,-0.0054097,1.72867,1.66485,0,1.99969,1.81425,-0.0147708
30.42,2.00823,-2.05233,2.65596,1.97926,-2.0683,2.64768,2.09815,-2.14424,2,2.06016,-2.2082,1.99906,1.64187,1.60658,1.46196e-18,1.6792,1.61758,-0.00547864,1.71539,1.67852,0,1.98438,1.82846,-0.0129028
30.43,2.02406,-2.03672,2.65596,1.996,-2.05205,2.64762,2.1147,-2.12792,2,2.07993,-2.18985,1.99894,1.62938,1.61925,0,1.66741,1.63288,-0.00541769,1.70234,1.69176,0,1.96865,1.84241,-0.0109513
30.44,2.04033,-2.02042,2.65596,2.01261,-2.03564,2.64757,2.1317,-2.11089,2,2.09953,-2.17136,1.99884,1.61634,1.63227,1.46196e-18,1.65552,1.64815,-0.00530339,1.68871,1.70536,0,1.9525,1.85604,-0.00900155
30.45,2.05652,-2.00394,2.65596,2.02911,-2.01908,2.64752,2.14861,-2.09368,2,2.11898,-2.15273,1.99876,1.60315,1.64522,1.46196e-18,1.64359,1.66347,-0.00514691,1.67494,1.71889,0,1.93602,1.86947,-0.0070749
30.46,2.07242,-1.98749,2.65596,2.04548,-2.00237,2.64747,2.16522,-2.07649,2,2.13825,-2.13397,1.9987,1.58999,1.65794,0,1.63144,1.6786,-0.00492774,1.66119,1.73218,0,1.91901,1.88248,-0.00515974
30.47,2.08824,-1.97087,2.65596,2.06173,-1.98551,2.64742,2.18175,-2.05912,2,2.15736,-2.11508,1.99866,1.57669,1.67059,0,1.61905,1.69356,-0.00467379,1.6473,1.7454,0,1.9015,1.89509,-0.0032917
30.48,2.10387,-1.95417,2.65596,2.07786,-1.9685,2.64737,2.19808,-2.04167,2,2.17628,-2.09607,1.99864,1.56333,1.6831,1.46196e-18,1.60652,1.70831,-0.0043597,1.63334,1.75847,0,1.88358,1.90728,-0.00145078
30.4901,2.1198,-1.93688,2.65596,2.09227,-1.95307,2.64734,2.21472,-2.02361,2,2.19316,-2.07885,1.99863,1.5495,1.69584,1.46196e-18,1.59518,1.72149,-0.00405108,1.61889,1.77178,0,1.86718,1.91797,0.000152468
30.5,2.13494,-1.92018,2.65596,2.10816,-1.93578,2.6473,2.23054,-2.00616,2,2.21174,-2.05962,1.99864,1.53614,1.70795,-1.46196e-18,1.58251,1.73613,-0.00378159,1.60493,1.78443,0,1.84866,1.92968,0.00176848
30.51,2.15031,-1.90294,2.65596,2.12392,-1.91835,2.64726,2.2466,-1.98816,2,2.23013,-2.04026,1.99867,1.52236,1.72025,1.46196e-18,1.56962,1.75057,-0.00350018,1.59053,1.79728,0,1.82969,1.94096,0.00330106
30.52,2.16545,-1.8857,2.65596,2.13955,-1.90077,2.64723,2.26242,-1.97014,2,2.24833,-2.0208,1.99871,1.50856,1.73236,0,1.55662,1.7647,-0.00314101,1.57611,1.80993,0,1.81039,1.95173,0.00481075
30.53,2.18051,-1.86827,2.65596,2.15351,-1.88483,2.6472,2.27815,-1.95193,2,2.26455,-2.00319,1.99876,1.49462,1.74441,0,1.54479,1.77728,-0.00282221,1.56154,1.82252,0,1.79272,1.96114,0.00607249
30.54,2.19519,-1.85099,2.65596,2.16889,-1.86699,2.64717,2.29349,-1.93388,2,2.28237,-1.98353,1.99882,1.4808,1.75615,0,1.53144,1.79126,-0.00256023,1.5471,1.83479,0,1.77268,1.97144,0.00727907
30.55,2.21004,-1.83324,2.65596,2.18414,-1.84901,2.64715,2.30901,-1.91533,2,2.3,-1.96376,1.9989,1.46659,1.76803,1.46196e-18,1.5179,1.80505,-0.00231307,1.53226,1.8472,0,1.75227,1.98135,0.00836689
30.56,2.22507,-1.81497,2.65596,2.19925,-1.83089,2.64713,2.32471,-1.89624,2,2.31742,-1.9439,1.99899,1.45198,1.78006,-1.46196e-18,1.50422,1.81868,-0.00205435,1.51699,1.85977,0,1.73155,1.99094,0.00935728
30.57,2.23909,-1.79765,2.65596,2.21422,-1.81263,2.64711,2.33935,-1.87814,2,2.33463,-1.92394,1.99909,1.43812,1.79127,0,1.49044,1.83226,-0.00175539,1.50251,1.87148,0,1.71055,2.00033,0.0102741
30.58,2.25332,-1.77977,2.65596,2.22314,-1.80161,2.6471,2.35422,-1.85947,2,2.34315,-1.91393,1.99914,1.42382,1.80266,0,1.48212,1.84036,-0.00157501,1.48758,1.88338,0,1.69994,2.00492,0.0106933
30.59,2.26756,-1.76159,2.65596,2.23789,-1.78314,2.64708,2.3691,-1.84048,2,2.36173,-1.89182,1.99926,1.40928,1.81405,1.46196e-18,1.46835,1.85375,-0.00193222,1.47238,1.89528,0,1.67663,2.01486,0.0108557
30.6,2.28193,-1.74294,2.65596,2.2525,-1.76454,2.64706,2.38411,-1.82099,2,2.37839,-1.87163,1.99937,1.39435,1.82554,0,1.45445,1.86706,-0.00235629,1.45679,1.90729,0,1.65516,2.02358,0.0107712
30.61,2.2954,-1.72516,2.65596,2.26698,-1.7458,2.64704,2.39819,-1.80241,2,2.39483,-1.85135,1.99948,1.38013,1.83632,0,1.44049,1.88038,-0.00263338,1.44193,1.91855,0,1.63346,2.03212,0.0107311
30.62,2.30929,-1.70653,2.65596,2.28131,-1.72693,2.64701,2.4127,-1.78294,2,2.41105,-1.83099,1.99958,1.36522,1.84743,0,1.42632,1.8936,-0.00276896,1.42635,1.93016,0,1.6114,2.0404,0.0107259
30.63,2.32282,-1.68807,2.65596,2.2955,-1.70793,2.64698,2.42683,-1.76366,2,2.42706,-1.81054,1.99969,1.35045,1.85825,0,1.41196,1.90671,-0.0027691,1.41092,1.94147,0,1.58903,2.04845,0.0107485
30.64,2.3362,-1.6695,2.65596,2.30955,-1.6888,2.64695,2.44081,-1.74425,2,2.44283,-1.79002,1.9998,1.3356,1.86896,1.46196e-18,1.39742,1.91959,-0.00265208,1.3954,1.95265,0,1.56639,2.05617,0.0107828
30.6499,2.34998,-1.65004,2.65596,2.32345,-1.66954,2.64693,2.45521,-1.72393,2,2.45838,-1.76942,1.99991,1.32003,1.87999,-1.46196e-18,1.38278,1.9323,-0.00243016,1.37914,1.96417,0,1.54354,2.06366,0.0108172
30.6601,2.36302,-1.63131,2.65596,2.33721,-1.65015,2.64691,2.46884,-1.70436,2,2.4737,-1.74875,2.00002,1.30505,1.89042,0,1.36799,1.94483,-0.00212021,1.36349,1.97507,0,1.52048,2.07092,0.0108371
30.67,2.37559,-1.61296,2.65596,2.35081,-1.63064,2.64689,2.48197,-1.68518,2,2.48879,-1.728,2.00012,1.29037,1.90047,-1.46196e-18,1.35313,1.95741,-0.00176725,1.34815,1.98557,0,1.49728,2.0782,0.0108037
30.68,2.38839,-1.59393,2.65596,2.36427,-1.61101,2.64687,2.49534,-1.66531,2,2.50365,-1.70718,2.00023,1.27515,1.91071,0,1.33808,1.96977,-0.00141064,1.33225,1.99628,0,1.47387,2.08525,0.0106818
30.6901,2.40132,-1.57439,2.65596,2.37757,-1.59125,2.64686,2.50885,-1.64489,2,2.51827,-1.6863,2.00034,1.25951,1.92106,0,1.32273,1.98179,-0.00100981,1.31591,2.00708,0,1.45012,2.09198,0.0105125
30.7,2.4136,-1.5555,2.65596,2.39072,-1.57137,2.64685,2.52168,-1.62515,2,2.53265,-1.66535,2.00044,1.2444,1.93088,-1.46196e-18,1.30722,1.99359,-0.000563436,1.30012,2.01734,0,1.42621,2.09856,0.0103007
30.71,2.42617,-1.53582,2.65596,2.40372,-1.55138,2.64685,2.53482,-1.60459,2,2.54679,-1.64433,2.00054,1.22865,1.94094,-1.46196e-18,1.29158,2.00504,-8.58253e-05,1.28367,2.02785,0,1.40216,2.10484,0.0100398
30.72,2.43826,-1.51656,2.65596,2.41655,-1.53127,2.64685,2.54744,-1.58447,2,2.56069,-1.62325,2.00064,1.21325,1.9506,1.46196e-18,1.27584,2.01621,0.000406764,1.26758,2.03795,0,1.37801,2.1109,0.00971781
30.73,2.45029,-1.49703,2.65596,2.42923,-1.51105,2.64685,2.56002,-1.56407,2,2.57435,-1.60211,2.00074,1.19763,1.96023,0,1.25999,2.02713,0.000917233,1.25126,2.04801,0,1.35376,2.1168,0.0093426
30.74,2.46218,-1.47739,2.65596,2.44175,-1.49073,2.64687,2.57244,-1.54355,2,2.58777,-1.58091,2.00083,1.18192,1.96975,0,1.24386,2.03759,0.00144491,1.23484,2.05795,0,1.32927,2.12233,0.00892073
30.7501,2.47393,-1.45764,2.65596,2.45411,-1.4703,2.64688,2.58471,-1.52291,2,2.60094,-1.55966,2.00092,1.16611,1.97915,1.46196e-18,1.22756,2.04782,0.00195764,1.21833,2.06777,0,1.30465,2.12773,0.00842671
30.76,2.4855,-1.43783,2.65596,2.46388,-1.45389,2.6469,2.5968,-1.50222,2,2.61129,-1.54263,2.00098,1.15027,1.9884,0,1.21442,2.05582,0.00235615,1.20177,2.07744,0,1.28489,2.13195,0.00798254
30.77,2.49703,-1.41771,2.65596,2.47474,-1.43535,2.64692,2.60885,-1.48119,2,2.62276,-1.52342,2.00105,1.13416,1.99762,1.46196e-18,1.19961,2.06469,0.00257205,1.18495,2.08708,0,1.26269,2.13664,0.00721903
30.7802,2.50835,-1.39758,2.65596,2.48665,-1.41465,2.64695,2.62067,-1.46017,2,2.63526,-1.50202,2.00112,1.11807,2.00668,-1.46196e-18,1.18309,2.07438,0.00271081,1.16813,2.09654,0,1.23804,2.14175,0.00624057
30.7903,2.51957,-1.37725,2.65596,2.4984,-1.39386,2.64698,2.6324,-1.43892,2,2.64752,-1.48058,2.00117,1.1018,2.01566,-1.46196e-18,1.16649,2.08399,0.00288421,1.15114,2.10592,0,1.21335,2.14679,0.00527237
30.8,2.53041,-1.35722,2.65596,2.50998,-1.37297,2.64701,2.64373,-1.418,2,2.65953,-1.45909,2.00122,1.08578,2.02433,0,1.14987,2.09364,0.00313767,1.1344,2.11498,0,1.18871,2.15192,0.00436014
30.81,2.54091,-1.33747,2.65596,2.5214,-1.35199,2.64704,2.65469,-1.39736,2,2.67129,-1.43754,2.00126,1.06998,2.03273,0,1.13313,2.10321,0.0034374,1.11789,2.12375,0,1.16401,2.15703,0.00347482
30.82,2.55156,-1.31703,2.65596,2.53265,-1.33091,2.64708,2.66582,-1.37601,2,2.68281,-1.41595,2.00129,1.05363,2.04125,0,1.11632,2.11279,0.00374427,1.10081,2.13266,0,1.13933,2.16225,0.00258132
30.83,2.56226,-1.29609,2.65596,2.54373,-1.30973,2.64712,2.677,-1.35413,2,2.69408,-1.3943,2.00131,1.03688,2.04981,0,1.09936,2.12231,0.0040667,1.08331,2.1416,0,1.1146,2.16755,0.00168977
30.84,2.57227,-1.27612,2.65596,2.55463,-1.28846,2.64716,2.68745,-1.33326,2,2.7051,-1.3726,2.00133,1.02089,2.05782,0,1.08236,2.13169,0.00444554,1.06661,2.14996,0,1.08992,2.17285,0.000844565
30.85,2.58247,-1.25534,2.65596,2.56537,-1.2671,2.6472,2.69811,-1.31156,2,2.71588,-1.35084,2.00133,1.00428,2.06598,-1.46196e-18,1.06521,2.14066,0.00483935,1.04925,2.15849,0,1.0652,2.1779,9.60949e-06
30.8601,2.59262,-1.23424,2.65596,2.57279,-1.25209,2.64724,2.70872,-1.28951,2,2.72641,-1.32904,2.00133,0.987396,2.0741,0,1.05316,2.14677,0.0051159,1.03161,2.16697,0,1.04054,2.18289,-0.000827204
30.87,2.60222,-1.21387,2.65596,2.58633,-1.22411,2.64731,2.71875,-1.26823,2,2.73669,-1.30718,2.00131,0.9711,2.08178,0,1.0308,2.15798,0.00506698,1.01458,2.175,0,1.01607,2.18795,-0.00221367
30.8801,2.61195,-1.1928,2.65596,2.59655,-1.20249,2.64736,2.72891,-1.24621,2,2.74673,-1.28528,2.00128,0.954239,2.08956,1.46196e-18,1.01358,2.16656,0.00448736,0.996969,2.18313,0,0.991753,2.19311,-0.00398818
30.89,2.62123,-1.17226,2.65596,2.6066,-1.18078,2.6474,2.73861,-1.22476,2,2.75652,-1.26332,2.00123,0.93781,2.09698,-1.46196e-18,0.996279,2.17493,0.00396158,0.979805,2.19089,0,0.967497,2.19824,-0.00569368
30.9002,2.63085,-1.15051,2.65596,2.61648,-1.15899,2.64744,2.74866,-1.20203,2,2.76608,-1.24131,2.00117,0.920406,2.10468,1.46196e-18,0.978856,2.1829,0.00362439,0.961621,2.19893,0,0.943259,2.20321,-0.00720364
30.91,2.63984,-1.12973,2.65596,2.62329,-1.14369,2.64746,2.75805,-1.18032,2,2.77539,-1.21926,2.00109,0.903787,2.11187,0,0.96657,2.18816,0.00349227,0.944258,2.20644,0,0.919015,2.20788,-0.00852509
30.92,2.64864,-1.10895,2.65596,2.6357,-1.11519,2.6475,2.76724,-1.15861,2,2.78446,-1.19716,2.001,0.887159,2.11891,0,0.943645,2.19738,0.00293294,0.926886,2.21379,0,0.894923,2.21244,-0.0101869
30.93,2.65743,-1.08771,2.65596,2.64505,-1.09318,2.64753,2.77643,-1.13641,2,2.79329,-1.17501,2.00088,0.870166,2.12595,1.46196e-18,0.925947,2.20391,0.00196922,0.909131,2.22114,0,0.870988,2.21663,-0.0122391
30.94,2.66615,-1.06616,2.65596,2.65422,-1.07111,2.64754,2.78554,-1.1139,2,2.80188,-1.15282,2.00075,0.852927,2.13292,0,0.908108,2.2103,0.00121371,0.891121,2.22843,0,0.847096,2.22088,-0.0140512
30.95,2.67447,-1.0451,2.65596,2.66321,-1.04897,2.64755,2.79423,-1.0919,2,2.81023,-1.13059,2.0006,0.836084,2.13958,-7.3098e-19,0.890071,2.21636,0.000730774,0.873523,2.23539,0,0.823192,2.22505,-0.0155636
30.96,2.68273,-1.02373,2.65596,2.67202,-1.02678,2.64756,2.80286,-1.06957,2,2.81834,-1.10832,2.00044,0.818983,2.14618,-7.3098e-19,0.871859,2.22204,0.000525713,0.855657,2.24229,0,0.799306,2.22907,-0.016765
30.9701,2.69096,-1.00188,2.65596,2.68065,-1.00453,2.64756,2.81146,-1.04674,2,2.82622,-1.08601,2.00027,0.801503,2.15277,0,0.853596,2.22738,0.000564576,0.837394,2.24917,0,0.77557,2.23297,-0.0176856
30.98,2.69882,-0.98052,2.65596,2.68826,-0.984467,2.64757,2.81967,-1.02443,2,2.8331,-1.0659,2.00011,0.784416,2.15906,-7.3098e-19,0.837032,2.23183,0.000762507,0.819542,2.25574,0,0.754263,2.23631,-0.0183169
30.99,2.70667,-0.958633,2.65596,2.69242,-0.973302,2.64757,2.82788,-1.00156,2,2.84053,-1.04352,1.99992,0.766906,2.16534,7.3098e-19,0.8278,2.23422,0.000915826,0.801248,2.2623,0,0.730719,2.23996,-0.0188858
31,2.71424,-0.937002,2.65596,2.70463,-0.939737,2.64759,2.83578,-0.97896,2,2.84772,-1.0211,1.99973,0.749602,2.17139,7.3098e-19,0.79999,2.24102,0.0010316,0.783168,2.26862,0,0.707366,2.24358,-0.0197475
31.01,2.72147,-0.915766,2.65596,2.71254,-0.917306,2.6476,2.84334,-0.956774,2,2.85467,-0.998649,1.99953,0.732613,2.17718,0,0.781396,2.24519,0.000339267,0.765419,2.27467,0,0.684237,2.24693,-0.0211887
31.02,2.72894,-0.893278,2.65596,2.72026,-0.894833,2.6476,2.85114,-0.933278,2,2.8614,-0.976163,1.99931,0.714622,2.18315,0,0.76271,2.24935,-0.000346271,0.746622,2.28091,0,0.661252,2.25036,-0.0225622
31.03,2.73595,-0.87157,2.65596,2.72779,-0.872319,2.64759,2.85846,-0.910599,2,2.8679,-0.953642,1.99907,0.697256,2.18876,-7.3098e-19,0.743861,2.25342,-0.000831139,0.728479,2.28677,0,0.638346,2.25391,-0.0236883
31.04,2.74295,-0.849273,2.65596,2.73295,-0.856535,2.64759,2.86578,-0.887303,2,2.87417,-0.931084,1.99883,0.679419,2.19436,0,0.730634,2.25626,-0.00101017,0.709843,2.29262,0,0.615608,2.25762,-0.0244818
31.05,2.74947,-0.827934,2.65596,2.74016,-0.833953,2.64757,2.87259,-0.865008,2,2.87842,-0.915272,1.99866,0.662347,2.19957,0,0.711697,2.26022,-0.00143998,0.692007,2.29807,0,0.599869,2.26021,-0.0252656
31.06,2.75607,-0.8057,2.65596,2.74925,-0.80454,2.64755,2.87948,-0.841779,2,2.88431,-0.892652,1.9984,0.64456,2.20485,0,0.687021,2.26477,-0.00218886,0.673423,2.30358,0,0.577549,2.2636,-0.0263687
31.0701,2.76245,-0.783541,2.65596,2.75603,-0.781875,2.64753,2.88615,-0.818627,2,2.89163,-0.863197,1.99805,0.626833,2.20996,0,0.667938,2.26818,-0.00271892,0.654902,2.30892,0,0.548765,2.26795,-0.0275721
31.0802,2.76868,-0.761225,2.65596,2.76261,-0.759176,2.6475,2.89266,-0.795312,2,2.89701,-0.840501,1.99777,0.60898,2.21494,0,0.648766,2.2715,-0.00304627,0.63625,2.31413,0,0.526819,2.27139,-0.0282572
31.09,2.77454,-0.739562,2.65596,2.76774,-0.740994,2.64747,2.89879,-0.772679,2,2.90115,-0.822319,1.99754,0.591649,2.21964,0,0.633379,2.27395,-0.00317053,0.618143,2.31903,0,0.509394,2.27407,-0.0286364
31.1,2.78035,-0.717425,2.65596,2.77398,-0.71824,2.64744,2.90485,-0.749551,2,2.90614,-0.799561,1.99725,0.57394,2.22428,7.3098e-19,0.614115,2.27688,-0.00358097,0.599641,2.32388,0,0.487821,2.27743,-0.0293203
31.11,2.78599,-0.695204,2.65596,2.78002,-0.695457,2.6474,2.91075,-0.726335,2,2.91091,-0.776771,1.99696,0.556163,2.22879,0,0.594821,2.27963,-0.0038617,0.581068,2.3286,0,0.466497,2.28068,-0.029815
31.12,2.79154,-0.672571,2.65596,2.78587,-0.672648,2.64736,2.91654,-0.702689,2,2.91412,-0.760798,1.99675,0.538057,2.23323,7.3098e-19,0.575375,2.28237,-0.00388375,0.562151,2.33324,0,0.451643,2.28299,-0.0299783
31.13,2.79681,-0.650294,2.65596,2.79153,-0.649811,2.64732,2.92205,-0.679413,2,2.91982,-0.731091,1.99636,0.520235,2.23745,7.3098e-19,0.555846,2.28495,-0.00364722,0.543531,2.33764,0,0.424236,2.28724,-0.0298687
31.14,2.8019,-0.628016,2.65596,2.79699,-0.626948,2.64729,2.92737,-0.656138,2,2.92396,-0.708202,1.99606,0.502413,2.24152,7.3098e-19,0.536342,2.28756,-0.00319571,0.524911,2.34189,0,0.403475,2.29057,-0.0294753
31.15,2.80686,-0.605457,2.65596,2.80226,-0.604059,2.64726,2.93255,-0.632569,2,2.92789,-0.685279,1.99577,0.484365,2.24549,-7.3098e-19,0.516864,2.29039,-0.00257547,0.506055,2.34604,0,0.382993,2.2942,-0.0288654
31.1601,2.81168,-0.582664,2.65596,2.80733,-0.58114,2.64724,2.93759,-0.608755,2,2.93052,-0.66921,1.99557,0.466131,2.24935,-7.3098e-19,0.497386,2.29333,-0.00184405,0.487004,2.35007,0,0.368815,2.29686,-0.0283399
31.17,2.8162,-0.560402,2.65596,2.8122,-0.558192,2.64722,2.94231,-0.585497,2,2.93411,-0.646222,1.99529,0.448322,2.25296,0,0.477882,2.29628,-0.00104566,0.468397,2.35385,0,0.348739,2.30075,-0.0275016
31.1801,2.82068,-0.537432,2.65596,2.81689,-0.535215,2.64722,2.94699,-0.561498,2,2.93749,-0.623195,1.99502,0.429946,2.25654,0,0.458328,2.29924,-0.000201629,0.449198,2.35759,0,0.328877,2.30473,-0.0265607
31.19,2.82493,-0.514614,2.65596,2.82005,-0.519113,2.64722,2.95143,-0.537658,2,2.94068,-0.600128,1.99476,0.411691,2.25994,-7.3098e-19,0.44466,2.30132,0.000393051,0.430126,2.36114,0,0.309262,2.30877,-0.025567
31.2,2.82909,-0.491219,2.65596,2.82354,-0.500693,2.64722,2.95578,-0.513215,2,2.94454,-0.570079,1.99443,0.392975,2.26327,-3.6549e-19,0.429166,2.3037,0.000836129,0.410572,2.36462,0,0.284441,2.31416,-0.0248856
31.21,2.83266,-0.470221,2.65596,2.82976,-0.466104,2.64724,2.9595,-0.491277,2,2.94729,-0.546916,1.99419,0.376177,2.26612,3.6549e-19,0.400327,2.30817,0.000663124,0.393022,2.3676,0,0.265722,2.31831,-0.0248166
31.22,2.83633,-0.447497,2.65596,2.8329,-0.447628,2.64724,2.96334,-0.467536,2,2.94936,-0.528357,1.99399,0.357998,2.26907,3.6549e-19,0.38494,2.31059,0.00043335,0.374029,2.37068,0,0.250948,2.3216,-0.0248144
31.23,2.83986,-0.424535,2.65596,2.83666,-0.424508,2.64724,2.96703,-0.443545,2,2.95178,-0.505121,1.99374,0.339628,2.27189,0,0.365885,2.31337,-0.000234098,0.354836,2.37362,0,0.23287,2.32549,-0.0251604
31.24,2.84316,-0.401846,2.65596,2.84022,-0.401361,2.64724,2.97048,-0.41984,2,2.95402,-0.481847,1.99348,0.321477,2.27453,0,0.346857,2.31598,-0.000834802,0.335872,2.37638,0,0.215061,2.32934,-0.02542
31.25,2.84629,-0.379029,2.65596,2.84359,-0.378189,2.64723,2.97375,-0.396002,2,2.95608,-0.458534,1.99323,0.303223,2.27703,3.6549e-19,0.327658,2.31843,-0.00109072,0.316801,2.379,0,0.197333,2.33314,-0.0253124
31.26,2.84921,-0.356471,2.65596,2.84677,-0.354994,2.64722,2.97679,-0.372434,2,2.95796,-0.435185,1.99298,0.285177,2.27937,-3.6549e-19,0.308343,2.32062,-0.00102369,0.297947,2.38143,0,0.179741,2.33676,-0.0248593
31.27,2.852,-0.33335,2.65596,2.84976,-0.331778,2.64721,2.97972,-0.348277,2,2.95968,-0.4118,1.99273,0.26668,2.2816,0,0.289003,2.32253,-0.00069959,0.278622,2.38377,0,0.162374,2.34023,-0.02413
31.2801,2.8546,-0.310364,2.65596,2.85255,-0.308544,2.6472,2.98242,-0.324262,2,2.96121,-0.388381,1.9925,0.248291,2.28368,-3.6549e-19,0.2697,2.32424,-0.000166076,0.25941,2.38594,0,0.14529,2.34359,-0.0231739
31.29,2.85695,-0.287855,2.65596,2.85515,-0.285295,2.6472,2.98489,-0.300745,2,2.96258,-0.36493,1.99227,0.230284,2.28556,3.6549e-19,0.250423,2.3254,0.000524817,0.240596,2.38791,0,0.128483,2.3465,-0.0220428
31.3001,2.8592,-0.264602,2.65596,2.85638,-0.273667,2.64721,2.98724,-0.276451,2,2.96344,-0.348497,1.99212,0.211682,2.28736,0,0.2408,2.32591,0.000901446,0.221161,2.38979,0,0.116883,2.34849,-0.0211968
31.3102,2.86123,-0.241659,2.65596,2.85913,-0.245749,2.64722,2.98936,-0.25248,2,2.96453,-0.324998,1.99191,0.193327,2.28899,-1.82745e-19,0.21781,2.32699,0.00147762,0.201984,2.39149,0,0.100636,2.35128,-0.0203049
31.32,2.86304,-0.219185,2.65596,2.86061,-0.229459,2.64723,2.99125,-0.229,2,2.96519,-0.308533,1.99177,0.175348,2.29043,1.82745e-19,0.204395,2.32738,0.00144644,0.1832,2.393,0,0.0893888,2.353,-0.0199933
31.33,2.86471,-0.196174,2.65596,2.86311,-0.199199,2.64725,2.99299,-0.204958,2,2.96622,-0.277925,1.99151,0.156939,2.29177,-1.82745e-19,0.179468,2.32785,0.000771662,0.163966,2.39439,0,0.0688522,2.35587,-0.0199863
31.34,2.86621,-0.172893,2.65596,2.86398,-0.187559,2.64725,2.99456,-0.180635,2,2.96666,-0.261428,1.99137,0.138314,2.29297,1.82745e-19,0.169846,2.32805,0.00044326,0.144508,2.39565,0,0.0579571,2.35741,-0.0200535
31.3501,2.86749,-0.150192,2.65596,2.86631,-0.152633,2.64725,2.99589,-0.156918,2,2.96729,-0.230762,1.99111,0.120154,2.29399,0,0.140868,2.32893,-0.000744162,0.125534,2.39671,0,0.0379992,2.36053,-0.0203387
31.36,2.86858,-0.127682,2.65596,2.8675,-0.13167,2.64724,2.99703,-0.1334,2,2.96757,-0.209508,1.99093,0.102146,2.29486,0,0.123452,2.32951,-0.00144772,0.10672,2.39763,0,0.0244145,2.36267,-0.0204817
31.37,2.86952,-0.104438,2.65596,2.86864,-0.108372,2.64722,2.99801,-0.109114,2,2.96774,-0.185869,1.99072,0.0835502,2.29562,0,0.103956,2.33022,-0.00197354,0.0872916,2.39841,0,0.00943557,2.36509,-0.0203581
31.38,2.87026,-0.081695,2.65596,2.86958,-0.0850662,2.6472,2.99879,-0.0853532,2,2.96776,-0.162206,1.99052,0.065356,2.29621,-9.13725e-20,0.0842474,2.33082,-0.00214615,0.0682826,2.39903,0,-0.00551608,2.3675,-0.0198749
31.39,2.87082,-0.0587239,2.65596,2.87032,-0.0617558,2.64718,2.99937,-0.0613536,2,2.96763,-0.13852,1.99033,0.0469792,2.29666,0,0.0643348,2.33123,-0.00202945,0.0490829,2.3995,0,-0.0204404,2.36981,-0.0190967
31.4001,2.87121,-0.0350118,2.65596,2.87077,-0.0431049,2.64717,2.99978,-0.0365796,2,2.96742,-0.119554,1.99018,0.0280095,2.29696,0,0.0482877,2.33149,-0.00177684,0.0292637,2.39982,0,-0.0323398,2.37165,-0.0183106
31.4101,2.87139,-0.0126066,2.65596,2.87115,-0.0197891,2.64715,2.99997,-0.0131711,2,2.96702,-0.0958261,1.99,0.0100853,2.29711,0,0.0282011,2.33164,-0.00164444,0.0105369,2.39998,0,-0.0470848,2.37384,-0.0175109
31.4202,2.8714,0.0108962,2.65596,2.87132,-0.00113566,2.64714,2.99998,0.0113841,2,2.9666,-0.0768283,1.98986,-0.00871694,2.29712,0,0.0120286,2.33171,-0.00173693,-0.00910728,2.39998,0,-0.0588402,2.37558,-0.0170627
31.43,2.87123,0.033303,2.65596,2.87133,0.0245124,2.64712,2.9998,0.0347943,2,2.96586,-0.050685,1.98968,-0.0266424,2.29698,-4.56862e-20,-0.0102999,2.33153,-0.00191021,-0.0278355,2.39984,0,-0.0748771,2.37769,-0.0164762
31.4401,2.87086,0.0564447,2.65596,2.87115,0.0454946,2.6471,2.99942,0.0589723,2,2.96513,-0.029279,1.98953,-0.0451558,2.29669,4.56862e-20,-0.0284037,2.33114,-0.0023885,-0.0471778,2.39954,0,-0.087682,2.37916,-0.0163206
31.45,2.87034,0.0788909,2.65596,2.87077,0.0688036,2.64707,2.99887,0.0824236,2,2.96418,-0.00547942,1.98937,-0.0631128,2.29627,0,-0.0484514,2.33069,-0.00283123,-0.0659389,2.39909,0,-0.101684,2.38079,-0.0160502
31.46,2.8696,0.102191,2.65596,2.87018,0.0921083,2.64704,2.9981,0.106767,2,2.96309,0.0183368,1.98921,-0.0817525,2.29568,-9.13725e-20,-0.0686075,2.33024,-0.00294098,-0.0854133,2.39848,0,-0.115621,2.38243,-0.0154338
31.47,2.86871,0.124727,2.65596,2.86957,0.110749,2.64702,2.99717,0.130313,2,2.96187,0.0421692,1.98906,-0.0997819,2.29497,0,-0.0847706,2.32989,-0.00282772,-0.10425,2.39773,0,-0.129446,2.38405,-0.0145239
31.4801,2.86759,0.148261,2.65596,2.8684,0.138703,2.64699,2.996,0.1549,2,2.96051,0.0660173,1.98892,-0.118609,2.29407,0,-0.109123,2.32918,-0.00262164,-0.12392,2.3968,0,-0.143243,2.38553,-0.0136212
31.4902,2.86631,0.171289,2.65596,2.86783,0.150349,2.64697,2.99466,0.178959,2,2.959,0.0898794,1.98879,-0.137031,2.29304,-1.82745e-19,-0.119308,2.32884,-0.0026158,-0.143167,2.39573,0,-0.156969,2.38683,-0.0129977
31.5,2.86487,0.193828,2.65596,2.86582,0.185271,2.64693,2.99316,0.202507,2,2.95737,0.113753,1.98866,-0.155062,2.2919,0,-0.149787,2.32737,-0.00330073,-0.162006,2.39453,0,-0.170604,2.38787,-0.012768
31.51,2.86324,0.216521,2.65596,2.86422,0.20854,2.64689,2.99146,0.226217,2,2.95559,0.137637,1.98853,-0.173217,2.2906,0,-0.17007,2.32638,-0.00399751,-0.180973,2.39317,0,-0.184129,2.38888,-0.0126799
31.52,2.86141,0.239594,2.65596,2.86241,0.231798,2.64685,2.98954,0.250323,2,2.95368,0.16153,1.98841,-0.191675,2.28912,1.82745e-19,-0.190363,2.32527,-0.00451713,-0.200258,2.39163,0,-0.197596,2.38973,-0.0123985
31.5302,2.85935,0.262972,2.65596,2.86062,0.25272,2.64681,2.98739,0.274748,2,2.95185,0.18304,1.9883,-0.210377,2.28748,3.6549e-19,-0.208686,2.32397,-0.00473515,-0.219798,2.38991,0,-0.20977,2.39026,-0.0118997
31.54,2.85719,0.285489,2.65596,2.85843,0.275952,2.64676,2.98514,0.298274,2,2.95035,0.199773,1.98821,-0.228392,2.28575,0,-0.229045,2.3223,-0.00487208,-0.238619,2.38811,0,-0.219253,2.39064,-0.0114621
31.55,2.85481,0.308401,2.65596,2.85604,0.299166,2.64671,2.98265,0.322211,2,2.94738,0.230854,1.98807,-0.246721,2.28385,0,-0.249383,2.32053,-0.00476456,-0.257769,2.38612,0,-0.236806,2.39104,-0.0103334
31.56,2.85227,0.331065,2.65596,2.85344,0.322362,2.64667,2.97999,0.34589,2,2.94495,0.254766,1.98797,-0.264852,2.28182,3.6549e-19,-0.269753,2.31879,-0.00445364,-0.276712,2.38399,0,-0.250346,2.3914,-0.00920966
31.5701,2.84945,0.354491,2.65596,2.8515,0.33859,2.64664,2.97705,0.370365,2,2.94316,0.271507,1.98791,-0.283593,2.27956,0,-0.283974,2.31762,-0.0041239,-0.296292,2.38164,0,-0.259808,2.39172,-0.00830734
31.58,2.84659,0.376825,2.65596,2.84764,0.368704,2.64659,2.97405,0.393699,2,2.93967,0.302603,1.98781,-0.30146,2.27727,0,-0.310301,2.31532,-0.00404627,-0.314959,2.37924,0,-0.277426,2.39217,-0.00716552
31.59,2.84349,0.399494,2.65596,2.84444,0.391847,2.64654,2.97082,0.417383,2,2.93683,0.326525,1.98775,-0.319595,2.27479,0,-0.330585,2.31326,-0.00428832,-0.333907,2.37666,0,-0.291096,2.39219,-0.00657634
31.6,2.84016,0.422514,2.65596,2.84173,0.410346,2.64651,2.96734,0.441434,2,2.93446,0.345662,1.9877,-0.338012,2.27213,3.6549e-19,-0.346773,2.31157,-0.00435957,-0.353147,2.37388,0,-0.302058,2.39217,-0.00597922
31.61,2.83676,0.444809,2.65596,2.83816,0.433452,2.64646,2.96379,0.464727,2,2.93137,0.369584,1.98764,-0.355847,2.26941,-3.6549e-19,-0.36692,2.30949,-0.00481506,-0.371781,2.37103,0,-0.315829,2.39222,-0.00560631
31.6202,2.83299,0.468177,2.65596,2.83516,0.451921,2.64642,2.95985,0.489141,2,2.9288,0.388722,1.98759,-0.374541,2.2664,3.6549e-19,-0.383047,2.30775,-0.00511642,-0.391313,2.36788,0,-0.326925,2.39217,-0.00523816
31.63,2.82929,0.490059,2.65596,2.83123,0.474987,2.64637,2.95599,0.512004,2,2.92546,0.412643,1.98754,-0.392047,2.26343,0,-0.403085,2.30558,-0.00563705,-0.409603,2.36479,0,-0.340794,2.3921,-0.00491447
31.6401,2.82524,0.512927,2.65596,2.82836,0.491121,2.64633,2.95175,0.535896,2,2.92304,0.429388,1.98751,-0.410342,2.26019,7.3098e-19,-0.417058,2.30416,-0.00594868,-0.428717,2.3614,0,-0.350519,2.39211,-0.00462745
31.6499,2.82108,0.535336,2.65596,2.82496,0.509548,2.64628,2.9474,0.559308,2,2.92019,0.448525,1.98748,-0.428269,2.25686,7.3098e-19,-0.433018,2.30255,-0.0062601,-0.447447,2.35792,0,-0.361709,2.39211,-0.00424861
31.66,2.81667,0.558074,2.65596,2.81824,0.544064,2.64618,2.94279,0.583064,2,2.91575,0.47723,1.98743,-0.446459,2.25333,0,-0.462806,2.29964,-0.00724627,-0.466451,2.35424,0,-0.378546,2.39207,-0.00403101
31.6701,2.81201,0.581098,2.65596,2.81495,0.560157,2.64613,2.93793,0.607119,2,2.91189,0.501151,1.98739,-0.464878,2.2496,-7.3098e-19,-0.476795,2.29841,-0.00749232,-0.485695,2.35034,0,-0.392805,2.39213,-0.00352714
31.6806,2.8064,0.607601,2.65596,2.81107,0.578539,2.64607,2.93207,0.634809,2,2.90789,0.525072,1.98735,-0.486081,2.24512,0,-0.492702,2.29708,-0.0079456,-0.507847,2.34565,0,-0.407123,2.39217,-0.00329247
31.69,2.80146,0.629956,2.65596,2.80605,0.601501,2.64598,2.92691,0.658165,2,2.90459,0.54421,1.98733,-0.503965,2.24117,0,-0.512314,2.29522,-0.00904761,-0.526532,2.34153,0,-0.418561,2.39206,-0.00344408
31.7001,2.7973,0.648183,2.65596,2.80294,0.615268,2.64593,2.92257,0.677209,2,2.8999,0.570519,1.98729,-0.518547,2.23784,7.3098e-19,-0.523922,2.2939,-0.00993999,-0.541767,2.33805,0,-0.43422,2.39155,-0.00393714
31.7101,2.79203,0.670519,2.65596,2.79651,0.64278,2.6458,2.91706,0.700544,2,2.89771,0.582477,1.98727,-0.536415,2.23363,7.3098e-19,-0.5471,2.29135,-0.0113008,-0.560435,2.33365,0,-0.441388,2.39133,-0.00403153
31.7203,2.78641,0.693528,2.65596,2.79319,0.656524,2.64573,2.91118,0.724583,2,2.89413,0.601605,1.98723,-0.554822,2.22913,0,-0.558716,2.28989,-0.0118732,-0.579667,2.32895,0,-0.452948,2.39064,-0.00406308
31.73,2.78088,0.715372,2.65596,2.78751,0.679412,2.6456,2.90541,0.747406,2,2.88859,0.630288,1.98719,-0.572298,2.2247,0,-0.578181,2.28774,-0.0129319,-0.597925,2.32432,0,-0.47061,2.38982,-0.00425228
31.74,2.77525,0.736904,2.65596,2.78043,0.706848,2.64544,2.89953,0.769902,2,2.88381,0.654181,1.98714,-0.589523,2.2202,7.3098e-19,-0.60155,2.28494,-0.0142447,-0.615922,2.31962,0,-0.485526,2.3889,-0.00434188
31.75,2.7692,0.759327,2.65596,2.77432,0.729685,2.64529,2.8932,0.793329,2,2.87888,0.678065,1.9871,-0.607461,2.21536,0,-0.621059,2.28248,-0.0148924,-0.634663,2.31456,0,-0.500614,2.38779,-0.00401739
31.76,2.76305,0.7814,2.65596,2.76801,0.752498,2.64514,2.88678,0.816391,2,2.8738,0.701937,1.98706,-0.62512,2.21044,1.46196e-18,-0.64053,2.27993,-0.0150982,-0.653112,2.30943,0,-0.515894,2.38661,-0.0032596
31.77,2.75658,0.803933,2.65596,2.76282,0.770729,2.64502,2.88002,0.839933,2,2.86962,0.721026,1.98704,-0.643147,2.20527,0,-0.656097,2.27781,-0.0149903,-0.671946,2.30402,0,-0.5283,2.38565,-0.00239383
31.78,2.75033,0.825058,2.65596,2.75617,0.793492,2.64487,2.87349,0.862003,2,2.86426,0.744876,1.98702,-0.660046,2.20027,0,-0.675411,2.2749,-0.0149569,-0.689603,2.29879,0,-0.543913,2.38425,-0.00143075
31.79,2.74361,0.847148,2.65596,2.74932,0.816227,2.64473,2.86647,0.885083,2,2.85874,0.768712,1.98701,-0.677718,2.19489,-7.3098e-19,-0.694532,2.27196,-0.0149325,-0.708066,2.29317,0,-0.55957,2.38286,-0.000489897
31.8001,2.73641,0.870107,2.65596,2.74227,0.838931,2.64458,2.85895,0.90907,2,2.85307,0.792533,1.98701,-0.696085,2.18913,-7.3098e-19,-0.713592,2.26883,-0.0146688,-0.727256,2.28716,0,-0.575426,2.38134,0.000671861
31.8099,2.72973,0.890856,2.65596,2.73578,0.859337,2.64445,2.85197,0.930748,2,2.84841,0.811578,1.98702,-0.712685,2.18378,0,-0.730697,2.26579,-0.0141978,-0.744599,2.28157,0,-0.588285,2.38002,0.00177639
31.82,2.72238,0.913071,2.65596,2.72837,0.881977,2.64431,2.84429,0.953957,2,2.84184,0.837747,1.98705,-0.730457,2.1779,0,-0.74962,2.26214,-0.0134081,-0.763166,2.27543,0,-0.606179,2.37799,0.00355919
31.8299,2.71514,0.934369,2.65596,2.72078,0.90458,2.64418,2.83673,0.97621,2,2.8357,0.861518,1.9871,-0.747496,2.17211,7.3098e-19,-0.768408,2.25841,-0.0124379,-0.780968,2.26938,0,-0.622615,2.37618,0.00534201
31.8399,2.70748,0.95634,2.65596,2.71301,0.927144,2.64406,2.82872,0.999165,2,2.82939,0.885271,1.98716,-0.765072,2.16599,0,-0.787012,2.25447,-0.011382,-0.799332,2.26298,0,-0.639173,2.37425,0.0071755
31.8499,2.69982,0.977755,2.65596,2.70504,0.949668,2.64395,2.82072,1.02154,2,2.82292,0.909003,1.98724,-0.782204,2.15986,-7.3098e-19,-0.805519,2.25021,-0.0102576,-0.817231,2.25658,0,-0.655968,2.37215,0.00903381
31.86,2.69181,0.999601,2.65596,2.6969,0.972148,2.64386,2.81235,1.04436,2,2.81627,0.932714,1.98734,-0.799681,2.15345,0,-0.823967,2.24589,-0.00911371,-0.83549,2.24988,0,-0.673041,2.37015,0.0108652
31.8702,2.6835,1.02171,2.65596,2.68856,0.994584,2.64377,2.80366,1.06746,2,2.80945,0.956404,1.98746,-0.81737,2.1468,-7.3098e-19,-0.842271,2.24112,-0.00791842,-0.853972,2.24293,0,-0.690311,2.36785,0.0126993
31.8802,2.67537,1.0428,2.65596,2.68005,1.01697,2.6437,2.79517,1.0895,2,2.80246,0.98007,1.98759,-0.834243,2.1403,0,-0.860398,2.23593,-0.00667397,-0.8716,2.23614,0,-0.707754,2.36531,0.0145297
31.89,2.66707,1.06385,2.65596,2.67136,1.0393,2.64364,2.7865,1.11149,2,2.7953,1.00371,1.98775,-0.851082,2.13366,0,-0.878286,2.23062,-0.00542425,-0.889193,2.2292,0,-0.725316,2.36279,0.0163096
31.9,2.65838,1.08538,2.65596,2.66517,1.0549,2.6436,2.77743,1.13398,2,2.79018,1.02024,1.98787,-0.8683,2.12671,0,-0.890704,2.22679,-0.0045713,-0.907183,2.22194,0,-0.737717,2.36102,0.0174998
31.9101,2.64952,1.10685,2.65596,2.65617,1.07714,2.64356,2.76816,1.15641,2,2.78271,1.04384,1.98805,-0.885479,2.11961,1.46196e-18,-0.908308,2.22102,-0.00383708,-0.92513,2.21453,0,-0.755593,2.35832,0.0186682
31.92,2.64078,1.12753,2.65596,2.647,1.09932,2.64352,2.75904,1.17802,2,2.77507,1.06741,1.98824,-0.902022,2.11263,0,-0.925812,2.21485,-0.00323726,-0.942414,2.20723,0,-0.773648,2.35533,0.0196592
31.93,2.63169,1.14859,2.65596,2.63765,1.12144,2.6435,2.74953,1.20003,2,2.76724,1.09095,1.98844,-0.918875,2.10535,-1.46196e-18,-0.943223,2.20829,-0.0025562,-0.960022,2.19963,0,-0.791883,2.35206,0.0206897
31.94,2.62239,1.16966,2.65596,2.62814,1.14349,2.64347,2.73982,1.22204,2,2.75923,1.11445,1.98865,-0.935729,2.09791,0,-0.960447,2.20141,-0.00178469,-0.977631,2.19186,0,-0.810242,2.34857,0.0217596
31.95,2.61289,1.19073,2.65596,2.61845,1.16547,2.64346,2.7299,1.24405,2,2.75103,1.13792,1.98888,-0.952584,2.09031,1.46196e-18,-0.977602,2.1943,-0.000945263,-0.99524,2.18392,0,-0.828844,2.34497,0.0228445
31.9601,2.60331,1.21153,2.65596,2.60858,1.18737,2.64346,2.71989,1.26578,2,2.74265,1.16135,1.98911,-0.969223,2.08265,0,-0.994639,2.18692,-3.06772e-05,-1.01262,2.17591,0,-0.847633,2.34121,0.0239526
31.97,2.59366,1.23207,2.65596,2.59855,1.2092,2.64346,2.7098,1.28724,2,2.73408,1.18474,1.98935,-0.985653,2.07493,-1.46196e-18,-1.01148,2.1792,0.00094313,-1.02979,2.16784,0,-0.866522,2.3372,0.0250674
31.98,2.58376,1.2527,2.65596,2.58836,1.23096,2.64347,2.69946,1.30879,2,2.72532,1.20809,1.98961,-1.00216,2.06701,0,-1.02814,2.17116,0.00193698,-1.04703,2.15956,0,-0.88555,2.33297,0.0261478
31.99,2.57369,1.27325,2.65596,2.57799,1.25263,2.6435,2.68894,1.33027,2,2.71637,1.2314,1.98988,-1.0186,2.05895,1.46196e-18,-1.04467,2.16277,0.00295219,-1.06421,2.15115,0,-0.904742,2.32848,0.027195
32,2.56322,1.29421,2.65596,2.56746,1.27421,2.64353,2.678,1.35216,2,2.70722,1.25466,1.99015,-1.03537,2.05057,0,-1.06105,2.15391,0.00396763,-1.08173,2.1424,0,-0.924074,2.32361,0.028189
32.01,2.55271,1.31481,2.65596,2.55677,1.2957,2.64358,2.66702,1.37369,2,2.69789,1.27787,1.99044,-1.05185,2.04217,0,-1.0773,2.1446,0.00494909,-1.09895,2.13361,0,-0.943575,2.31836,0.0290965
32.02,2.5422,1.33502,2.65596,2.54592,1.3171,2.64363,2.65603,1.39481,2,2.68835,1.30103,1.99074,-1.06802,2.03376,0,-1.0934,2.13495,0.00592039,-1.11584,2.12483,0,-0.963208,2.31283,0.0299447
32.03,2.53141,1.35536,2.65596,2.5349,1.3384,2.6437,2.64477,1.41606,2,2.67862,1.32413,1.99104,-1.08429,2.02513,1.46196e-18,-1.10938,2.12508,0.00687972,-1.13285,2.11581,0,-0.982963,2.30709,0.0307357
32.04,2.52051,1.37553,2.65596,2.52373,1.3596,2.64377,2.63338,1.43713,2,2.66869,1.34717,1.99135,-1.10042,2.01641,0,-1.12536,2.115,0.0077841,-1.1497,2.1067,0,-1.00299,2.30115,0.0314274
32.05,2.50949,1.39553,2.65596,2.5124,1.3807,2.64385,2.62186,1.45802,2,2.65856,1.37015,1.99167,-1.11643,2.00759,0,-1.1412,2.10436,0.00865554,-1.16642,2.09749,0,-1.02311,2.29465,0.0320422
32.06,2.49829,1.41548,2.65596,2.50091,1.40169,2.64394,2.61017,1.47886,2,2.64823,1.39306,1.99199,-1.13238,1.99863,0,-1.15702,2.09354,0.00946792,-1.18309,2.08813,0,-1.04347,2.28795,0.032554
32.07,2.48687,1.43545,2.65596,2.48926,1.42257,2.64404,2.59823,1.49973,2,2.63769,1.41591,1.99232,-1.14836,1.9895,1.46196e-18,-1.17283,2.0825,0.0102171,-1.19978,2.07859,0,-1.06406,2.28098,0.0329615
32.08,2.47539,1.45517,2.65596,2.47745,1.44334,2.64415,2.58623,1.52033,2,2.62695,1.43868,1.99265,-1.16413,1.98031,-1.46196e-18,-1.18865,2.0713,0.0109038,-1.21626,2.06899,0,-1.08488,2.27379,0.0332675
32.09,2.46364,1.47497,2.65596,2.46548,1.46399,2.64426,2.57396,1.54102,2,2.61599,1.46138,1.99298,-1.17998,1.97091,0,-1.20441,2.06009,0.0115218,-1.23281,2.05917,0,-1.10587,2.26652,0.0334651
32.1002,2.45145,1.49514,2.65596,2.45336,1.48454,2.64438,2.56122,1.56209,2,2.60483,1.48401,1.99332,-1.19611,1.96116,0,-1.21998,2.0487,0.0120837,-1.24967,2.04898,0,-1.1269,2.25896,0.0335665
32.11,2.43982,1.51404,2.65596,2.44108,1.50497,2.6445,2.54908,1.58184,2,2.59345,1.50656,1.99366,-1.21123,1.95186,0,-1.23542,2.03715,0.0125995,-1.26547,2.03926,0,-1.14803,2.25114,0.0335821
32.12,2.42752,1.53369,2.65596,2.42865,1.52528,2.64463,2.53622,1.60237,2,2.58187,1.52903,1.99399,-1.22695,1.94201,0,-1.25077,2.02552,0.013066,-1.28189,2.02898,0,-1.16927,2.24312,0.0335118
32.13,2.41503,1.55328,2.65596,2.41607,1.54548,2.64476,2.52318,1.62283,2,2.57007,1.55142,1.99433,-1.24262,1.93203,0,-1.26599,2.01381,0.0135067,-1.29826,2.01854,0,-1.1906,2.23489,0.0333787
32.1401,2.40249,1.5726,2.65596,2.40461,1.56355,2.64489,2.51008,1.64302,2,2.55927,1.5715,1.99462,-1.25808,1.92199,0,-1.27961,2.00314,0.0138716,-1.31442,2.00806,0,-1.20988,2.22723,0.0331962
32.15,2.39003,1.59148,2.65596,2.39174,1.58353,2.64503,2.49705,1.66274,2,2.54706,1.59373,1.99496,-1.27318,1.91202,1.46196e-18,-1.29455,1.99096,0.0141803,-1.3302,1.99764,0,-1.23127,2.21824,0.0328673
32.1602,2.37688,1.61105,2.65596,2.37872,1.60337,2.64517,2.48332,1.68319,2,2.53464,1.61587,1.99528,-1.28884,1.90151,0,-1.3094,1.97884,0.0144417,-1.34655,1.98666,0,-1.25272,2.20913,0.0324665
32.17,2.36429,1.62947,2.65596,2.36556,1.6231,2.64531,2.47016,1.70244,2,2.52201,1.63791,1.9956,-1.30358,1.89143,0,-1.32414,1.96668,0.0147243,-1.36195,1.97613,0,-1.2742,2.19976,0.0320638
32.18,2.35104,1.64854,2.65596,2.35224,1.64271,2.64546,2.45631,1.72236,2,2.50916,1.65986,1.99592,-1.31883,1.88083,-1.46196e-18,-1.33884,1.95452,0.014972,-1.37789,1.96505,0,-1.29575,2.19017,0.0316034
32.19,2.33782,1.66723,2.65596,2.33878,1.66219,2.64561,2.4425,1.74189,2,2.49609,1.68171,1.99624,-1.33379,1.87025,0,-1.3534,1.94235,0.0152095,-1.39351,1.954,0,-1.3173,2.18037,0.0311091
32.2,2.32364,1.68693,2.65596,2.32517,1.68156,2.64577,2.42769,1.76247,2,2.48281,1.70347,1.99655,-1.34955,1.85891,0,-1.36794,1.93018,0.0154451,-1.40998,1.94215,0,-1.33895,2.17035,0.0305897
32.21,2.31089,1.70436,2.65596,2.31142,1.70079,2.64592,2.41437,1.78068,2,2.46931,1.72512,1.99685,-1.36348,1.84871,-1.46196e-18,-1.38236,1.91768,0.0156293,-1.42454,1.9315,0,-1.36059,2.15977,0.0299972
32.22,2.29718,1.72279,2.65596,2.29753,1.71991,2.64608,2.40005,1.79994,2,2.4556,1.74666,1.99714,-1.37823,1.83775,0,-1.39666,1.90504,0.0157195,-1.43995,1.92004,0,-1.3822,2.14881,0.0292932
32.23,2.28311,1.7414,2.65596,2.28771,1.73321,2.64619,2.38534,1.81938,2,2.44167,1.76809,1.99743,-1.39312,1.82649,1.46196e-18,-1.40662,1.89619,0.0157621,-1.4555,1.90828,0,-1.4038,2.1376,0.028543
32.2401,2.26917,1.75952,2.65596,2.26931,1.75776,2.64639,2.37078,1.83831,2,2.42752,1.78941,1.99771,-1.40762,1.81534,-1.46196e-18,-1.42477,1.87957,0.015176,-1.47065,1.89663,0,-1.42513,2.12597,0.0271137
32.25,2.25526,1.77732,2.65596,2.25499,1.77649,2.64654,2.35625,1.85691,2,2.41317,1.81061,1.99798,-1.42185,1.80421,0,-1.43861,1.86676,0.014175,-1.48552,1.885,0,-1.44637,2.11405,0.025294
32.26,2.24098,1.79529,2.65596,2.24344,1.79138,2.64665,2.34133,1.87568,2,2.40153,1.82749,1.99817,-1.43623,1.79278,1.46196e-18,-1.44961,1.85647,0.0134316,-1.50055,1.87306,0,-1.46334,2.1043,0.0238851
32.27,2.22636,1.81339,2.65596,2.22888,1.80988,2.64678,2.32605,1.89459,2,2.38679,1.84847,1.9984,-1.45071,1.78109,1.46196e-18,-1.46317,1.84351,0.0121235,-1.51567,1.86084,0,-1.48437,2.09179,0.0217342
32.2801,2.21151,1.83147,2.65596,2.21713,1.82459,2.64687,2.31054,1.91348,2,2.37485,1.86516,1.99857,-1.46518,1.76921,0,-1.47403,1.83296,0.0110705,-1.53079,1.84843,0,-1.50121,2.0814,0.0200049
32.2899,2.19723,1.84858,2.65596,2.20232,1.84285,2.64698,2.29562,1.93136,2,2.35973,1.88591,1.99876,-1.47886,1.75778,0,-1.48757,1.81954,0.00967507,-1.54509,1.83649,0,-1.52219,2.06793,0.0177684
32.3,2.18218,1.86631,2.65596,2.18738,1.86098,2.64707,2.2799,1.94989,2,2.3444,1.90652,1.99892,-1.49305,1.74575,0,-1.50116,1.80592,0.00837724,-1.55991,1.82392,0,-1.54313,2.05395,0.0156363
32.31,2.16734,1.88353,2.65596,2.1723,1.87897,2.64714,2.2644,1.96787,2,2.32887,1.92698,1.99907,-1.50682,1.73387,0,-1.51482,1.79217,0.00740991,-1.5743,1.81152,0,-1.56408,2.03952,0.0138354
32.32,2.15216,1.90086,2.65596,2.15708,1.89682,2.64721,2.24853,1.98598,2,2.31312,1.94731,1.9992,-1.52069,1.72173,0,-1.52845,1.77813,0.00671829,-1.58878,1.79882,0,-1.58495,2.02446,0.0123047
32.33,2.13677,1.91814,2.65596,2.14173,1.91453,2.64728,2.23246,2.00403,2,2.29717,1.96747,1.99932,-1.53451,1.70942,0,-1.54204,1.7638,0.00624562,-1.60322,1.78597,0,-1.60573,2.0088,0.0109864
32.34,2.12145,1.93508,2.65596,2.12624,1.93209,2.64734,2.21644,2.02173,2,2.28101,1.98748,1.99942,-1.54806,1.69716,-1.46196e-18,-1.55573,1.74935,0.00592752,-1.61738,1.77315,0,-1.62653,1.99268,0.00981674
32.3501,2.10556,1.95235,2.65596,2.11061,1.94951,2.6474,2.19985,2.03977,2,2.26464,2.00732,1.99951,-1.56188,1.68445,1.46196e-18,-1.56953,1.7348,0.00572137,-1.63182,1.75988,0,-1.64735,1.97615,0.00875358
32.36,2.09004,1.96895,2.65596,2.09485,1.96679,2.64745,2.18364,2.05712,2,2.24806,2.027,1.9996,-1.57516,1.67204,1.46196e-18,-1.58328,1.72024,0.00563033,-1.64569,1.74691,0,-1.66804,1.95926,0.00779811
32.37,2.07407,1.98577,2.65596,2.07895,1.98392,2.64751,2.16695,2.07469,2,2.23128,2.04651,1.99967,-1.58861,1.65926,0,-1.59699,1.70592,0.00564305,-1.65975,1.73356,0,-1.68861,1.94229,0.00693588
32.38,2.05833,2.00208,2.65596,2.06291,2.00091,2.64757,2.1505,2.09173,2,2.21429,2.06585,1.99974,-1.60166,1.64667,0,-1.61054,1.69151,0.00574303,-1.67338,1.7204,0,-1.70893,1.92491,0.00614813
32.39,2.04213,2.0186,2.65596,2.04674,2.01775,2.64763,2.13357,2.109,2,2.1971,2.08501,1.99979,-1.61488,1.6337,2.92392e-18,-1.62403,1.67727,0.00588388,-1.6872,1.70686,0,-1.7291,1.90737,0.00538777
32.4,2.02576,2.03502,2.65596,2.03043,2.03445,2.64769,2.11648,2.12615,2,2.17971,2.10399,1.99984,-1.62802,1.62061,0,-1.63748,1.66322,0.00606396,-1.70092,1.69318,0,-1.74912,1.88974,0.00465292
32.41,2.00968,2.05091,2.65596,2.01729,2.04771,2.64773,2.09967,2.14275,2,2.16565,2.11905,1.99988,-1.64073,1.60774,-1.46196e-18,-1.64816,1.65192,0.00621222,-1.7142,1.67974,0,-1.765,1.87537,0.00405956
32.4201,1.99241,2.06769,2.65596,2.00406,2.06088,2.64778,2.08163,2.16028,2,2.1568,2.12841,1.9999,-1.65415,1.59393,0,-1.65877,1.64061,0.00619589,-1.72823,1.6653,0,-1.77487,1.86629,0.00366048
32.43,1.97655,2.08286,2.65596,1.98406,2.08047,2.64786,2.06505,2.17613,2,2.12996,2.15619,1.99994,-1.66629,1.58124,1.46196e-18,-1.67449,1.62338,0.00550212,-1.74091,1.65204,0,-1.80391,1.83841,0.00149155
32.44,1.95982,2.09861,2.65596,1.96725,2.09663,2.64791,2.04758,2.19258,2,2.11182,2.17448,1.99994,-1.67888,1.56786,-1.46196e-18,-1.68763,1.60906,0.00443085,-1.75406,1.63807,0,-1.82295,1.81949,-0.000479616
32.4502,1.94285,2.11433,2.65596,1.9503,2.11265,2.64795,2.02985,2.20901,2,2.0935,2.19258,1.99993,-1.69147,1.55428,1.46196e-18,-1.70079,1.59478,0.00348896,-1.76721,1.62388,0,-1.84184,1.80033,-0.0023245
32.46,1.92595,2.12974,2.65596,1.93323,2.12853,2.64798,2.01219,2.22511,2,2.07871,2.20692,1.99991,-1.70379,1.54076,0,-1.71391,1.58047,0.00278264,-1.78008,1.60975,0,-1.85684,1.78475,-0.00364594
32.47,1.90896,2.14497,2.65596,1.91603,2.14426,2.648,1.99445,2.24102,2,2.05629,2.2282,1.99985,-1.71598,1.52717,-1.46196e-18,-1.7269,1.56617,0.00232566,-1.79282,1.59556,0,-1.87905,1.76112,-0.00535558
32.48,1.89173,2.16018,2.65596,1.89869,2.15985,2.64802,1.97644,2.25692,2,2.03741,2.24571,1.99979,-1.72815,1.51339,-1.46196e-18,-1.73984,1.55194,0.00210452,-1.80553,1.58116,0,-1.89735,1.74117,-0.0065345
32.49,1.87429,2.17534,2.65596,1.88123,2.1753,2.64804,1.95822,2.27275,2,2.01834,2.26302,1.99972,-1.74027,1.49943,0,-1.75275,1.5377,0.00206751,-1.8182,1.56658,0,-1.91546,1.72098,-0.0075449
32.5,1.85689,2.19021,2.65596,1.86364,2.1906,2.64807,1.94004,2.28828,2,1.9991,2.28013,1.99964,-1.75217,1.48551,0,-1.76553,1.52341,0.00217692,-1.83063,1.55203,0,-1.93331,1.70049,-0.00842376
32.5101,1.83931,2.20499,2.65596,1.84592,2.20576,2.64809,1.92168,2.30373,2,1.97968,2.29703,1.99955,-1.76399,1.47145,1.46196e-18,-1.77812,1.50873,0.00234497,-1.84298,1.53734,0,-1.95082,1.67941,-0.00925658
32.52,1.82179,2.21948,2.65596,1.82808,2.22078,2.64811,1.90337,2.31887,2,1.96008,2.31372,1.99946,-1.77559,1.45744,0,-1.79059,1.4939,0.00256301,-1.8551,1.5227,0,-1.96807,1.65795,-0.0100506
32.53,1.80409,2.2339,2.65596,1.81011,2.23564,2.64814,1.88488,2.33393,2,1.94032,2.33019,1.99935,-1.78712,1.44327,-1.46196e-18,-1.80303,1.47909,0.00282987,-1.86714,1.5079,0,-1.98514,1.63633,-0.0108046
32.54,1.78596,2.24842,2.65596,1.79202,2.25036,2.64817,1.86593,2.3491,2,1.92038,2.34644,1.99924,-1.79874,1.42877,0,-1.8154,1.4643,0.0031252,-1.87928,1.49275,0,-2.00197,1.61452,-0.0115375
32.55,1.76787,2.26267,2.65596,1.7738,2.26493,2.6482,1.84703,2.364,2,1.90028,2.36248,1.99912,-1.81014,1.41429,-1.46196e-18,-1.82766,1.4495,0.00346706,-1.8912,1.47763,0,-2.01852,1.59252,-0.0122304
32.56,1.74962,2.27681,2.65596,1.75546,2.27935,2.64824,1.82797,2.37877,2,1.88001,2.37829,1.999,-1.82145,1.39969,0,-1.83987,1.43487,0.00386755,-1.90302,1.46237,0,-2.03486,1.57051,-0.0128684
32.57,1.73157,2.29057,2.65596,1.737,2.29363,2.64828,1.80911,2.39314,2,1.85958,2.39389,1.99886,-1.83245,1.38526,0,-1.85187,1.42026,0.00429724,-1.91451,1.44729,0,-2.05081,1.54836,-0.0134787
32.58,1.71298,2.30451,2.65596,1.71843,2.30776,2.64832,1.78968,2.4077,2,1.839,2.40926,1.99873,-1.84361,1.37038,-1.46196e-18,-1.86358,1.40558,0.0047457,-1.92616,1.43175,0,-2.06633,1.526,-0.0140693
32.59,1.6946,2.31805,2.65596,1.69973,2.32174,2.64837,1.77049,2.42185,2,1.81826,2.42441,1.99858,-1.85444,1.35568,-1.46196e-18,-1.87507,1.39078,0.00517969,-1.93748,1.41639,0,-2.08146,1.5034,-0.0146697
32.6,1.67607,2.33149,2.65596,1.68093,2.33557,2.64843,1.75112,2.43589,2,1.79737,2.43933,1.99843,-1.86519,1.34086,1.46196e-18,-1.88641,1.37581,0.00557983,-1.94871,1.4009,0,-2.09625,1.48055,-0.0152932
32.61,1.65748,2.34474,2.65596,1.66201,2.34925,2.64849,1.7317,2.44974,2,1.77633,2.45402,1.99828,-1.87579,1.32598,0,-1.89749,1.36067,0.00596775,-1.95979,1.38536,0,-2.11061,1.45744,-0.0159139
32.62,1.63858,2.35799,2.65596,1.64298,2.36278,2.64855,1.71195,2.46358,2,1.75516,2.46847,1.99811,-1.88639,1.31086,0,-1.90835,1.34543,0.00633383,-1.97086,1.36956,0,-2.12456,1.43415,-0.0165381
32.63,1.61982,2.37092,2.65596,1.62384,2.37616,2.64861,1.69235,2.47708,2,1.73384,2.4827,1.99795,-1.89673,1.29585,-1.46196e-18,-1.91915,1.33049,0.00671204,-1.98167,1.35388,0,-2.13825,1.41112,-0.0171276
32.6401,1.60041,2.38406,2.65596,1.60459,2.38939,2.64868,1.67207,2.49082,2,1.71239,2.4967,1.99777,-1.90725,1.28033,0,-1.92993,1.31578,0.00707944,-1.99265,1.33766,0,-2.15172,1.38828,-0.0177001
32.65,1.58128,2.39679,2.65596,1.58524,2.40248,2.64875,1.65209,2.50412,2,1.69081,2.51047,1.99759,-1.91743,1.26502,0,-1.94065,1.30097,0.0074079,-2.00329,1.32167,0,-2.16492,1.36532,-0.0182805
32.66,1.56216,2.4093,2.65596,1.56578,2.41541,2.64883,1.63211,2.51718,2,1.6691,2.524,1.99741,-1.92744,1.24973,0,-1.95131,1.28605,0.00769887,-2.01375,1.30569,0,-2.17787,1.34226,-0.0188635
32.67,1.5426,2.42187,2.65596,1.54622,2.4282,2.64891,1.61168,2.53032,2,1.64725,2.53731,1.99721,-1.93749,1.23408,1.46196e-18,-1.96176,1.2711,0.00798214,-2.02425,1.28934,0,-2.19042,1.31921,-0.0194148
32.68,1.52328,2.43407,2.65596,1.52655,2.44083,2.64899,1.59149,2.54306,2,1.62529,2.55039,1.99702,-1.94725,1.21862,-1.46196e-18,-1.97205,1.256,0.00824558,-2.03445,1.27319,0,-2.20262,1.29605,-0.0199444
32.69,1.5039,2.44608,2.65596,1.50678,2.45332,2.64907,1.57125,2.55562,2,1.6032,2.56323,1.99682,-1.95687,1.20312,0,-1.98221,1.24072,0.00850089,-2.04449,1.257,0,-2.21448,1.27277,-0.0204365
32.7001,1.48436,2.45799,2.65596,1.49089,2.46319,2.64914,1.55083,2.56806,2,1.58545,2.57334,1.99665,-1.96639,1.18749,1.46196e-18,-1.99026,1.22839,0.00869535,-2.05445,1.24066,0,-2.22375,1.2541,-0.0208041
32.71,1.46482,2.46969,2.65596,1.47093,2.4754,2.64923,1.53041,2.58028,2,1.56316,2.58576,1.99644,-1.97575,1.17186,0,-2.0002,1.21304,0.00858696,-2.06422,1.22433,0,-2.23502,1.23093,-0.0215619
32.72,1.44473,2.48149,2.65596,1.45088,2.48746,2.64931,1.50943,2.59261,2,1.54075,2.59796,1.99622,-1.98519,1.15579,1.46196e-18,-2.01012,1.1977,0.00836939,-2.07409,1.20754,0,-2.246,1.20789,-0.0223641
32.7301,1.42458,2.49311,2.65596,1.43073,2.49936,2.6494,1.48837,2.60475,2,1.51824,2.60992,1.99599,-1.99449,1.13967,0,-2.02003,1.18243,0.00824724,-2.0838,1.1907,0,-2.25669,1.18503,-0.0230087
32.7401,1.40467,2.50439,2.65596,1.41048,2.5111,2.64948,1.46757,2.61653,2,1.49562,2.62166,1.99576,-2.00351,1.12374,0,-2.02977,1.167,0.00822326,-2.09322,1.17406,0,-2.26698,1.16211,-0.0234959
32.7501,1.38442,2.51564,2.65596,1.39014,2.5227,2.64956,1.44641,2.62829,2,1.4729,2.63316,1.99552,-2.01251,1.10753,0,-2.03945,1.15135,0.00824941,-2.10263,1.15713,0,-2.27696,1.13912,-0.023871
32.76,1.36418,2.52667,2.65596,1.37993,2.52843,2.6496,1.42527,2.63981,2,1.4615,2.63883,1.9954,-2.02134,1.09134,-1.46196e-18,-2.04427,1.14355,0.00829002,-2.11185,1.14021,0,-2.28184,1.12772,-0.0240071
32.7701,1.34415,2.53738,2.65596,1.35121,2.54429,2.64972,1.40434,2.65101,2,1.42946,2.6544,1.99506,-2.02991,1.07532,0,-2.05748,1.12167,0.0080458,-2.1208,1.12347,0,-2.29492,1.09599,-0.0246554
32.78,1.32167,2.54916,2.65596,1.34091,2.54988,2.64976,1.38086,2.66331,2,1.41568,2.66093,1.99492,-2.03933,1.05734,0,-2.06214,1.11386,0.00777118,-2.13065,1.10469,0,-2.30028,1.0825,-0.0251267
32.79,1.30361,2.55845,2.65596,1.32025,2.56094,2.64983,1.36199,2.67301,2,1.39494,2.67058,1.99468,-2.04676,1.04289,0,-2.07144,1.09827,0.00676988,-2.13841,1.08959,0,-2.30806,1.06247,-0.0261989
32.8,1.28294,2.56888,2.65596,1.29949,2.57184,2.64989,1.34039,2.68391,2,1.37182,2.6811,1.99442,-2.0551,1.02635,-1.46196e-18,-2.08072,1.08287,0.00529373,-2.14713,1.07231,0,-2.31638,1.04061,-0.0277543
32.8101,1.26233,2.57906,2.65596,1.27863,2.5826,2.64994,1.31886,2.69455,2,1.34861,2.6914,1.99413,-2.06325,1.00987,0,-2.09006,1.06747,0.00407631,-2.15564,1.05509,0,-2.32441,1.01898,-0.0289749
32.82,1.24194,2.58894,2.65596,1.25768,2.59319,2.64998,1.29756,2.70487,2,1.32533,2.70148,1.99384,-2.07115,0.993555,0,-2.09959,1.05205,0.0032726,-2.1639,1.03805,0,-2.33229,0.997569,-0.0297094
32.83,1.22114,2.59882,2.65596,1.23664,2.60364,2.65001,1.27582,2.71519,2,1.30197,2.71135,1.99354,-2.07906,0.976912,0,-2.10902,1.03644,0.00277947,-2.17216,1.02066,0,-2.33978,0.976231,-0.0300641
32.8402,1.19996,2.60867,2.65596,1.2155,2.61392,2.65003,1.25369,2.72548,2,1.27853,2.721,1.99324,-2.08693,0.959968,1.46196e-18,-2.11834,1.02063,0.00255317,-2.18039,1.00295,0,-2.34689,0.954968,-0.0300858
32.8503,1.17875,2.61832,2.65596,1.19853,2.62204,2.65005,1.23154,2.73557,2,1.25503,2.73045,1.99294,-2.09466,0.943001,0,-2.12571,1.00777,0.00252121,-2.18845,0.985228,0,-2.35367,0.933718,-0.0298424
32.86,1.15842,2.62738,2.65596,1.17295,2.63401,2.65008,1.21029,2.74503,2,1.23146,2.73968,1.99264,-2.1019,0.926736,0,-2.13674,0.988148,0.00232349,-2.19602,0.968235,0,-2.36019,0.912553,-0.029713
32.87,1.13751,2.6365,2.65596,1.15154,2.64381,2.6501,1.18845,2.75456,2,1.20783,2.7487,1.99234,-2.1092,0.910007,0,-2.14584,0.971634,0.00186933,-2.20365,0.950756,0,-2.36637,0.891605,-0.029765
32.8801,1.11587,2.64573,2.65596,1.13004,2.65344,2.65012,1.16584,2.7642,2,1.18414,2.75751,1.99205,-2.11658,0.892696,1.46196e-18,-2.15487,0.955029,0.00151438,-2.21136,0.93267,0,-2.37228,0.870914,-0.0296616
32.89,1.0951,2.65439,2.65596,1.10844,2.66291,2.65013,1.14414,2.77325,2,1.16038,2.76612,1.99175,-2.12351,0.876084,-1.46196e-18,-2.16369,0.938362,0.00135939,-2.2186,0.915314,0,-2.37787,0.8505,-0.0293112
32.9,1.0736,2.66316,2.65596,1.09111,2.67036,2.65015,1.12167,2.78242,2,1.14134,2.77286,1.99152,-2.13053,0.858878,0,-2.17056,0.924762,0.00136577,-2.22593,0.897338,0,-2.38205,0.834158,-0.0288663
32.9101,1.05201,2.67177,2.65596,1.06936,2.67952,2.65016,1.09911,2.79141,2,1.1175,2.7811,1.99123,-2.13741,0.841605,0,-2.17893,0.907535,0.00111767,-2.23312,0.879291,0,-2.38697,0.813851,-0.0285228
32.92,1.03065,2.68008,2.65596,1.0519,2.68673,2.65017,1.0768,2.80009,2,1.09839,2.78754,1.991,-2.14406,0.824517,-7.3098e-19,-2.18555,0.893564,0.00090022,-2.24007,0.861439,0,-2.3907,0.797706,-0.0282297
32.93,1.00943,2.68814,2.65596,1.03658,2.69294,2.65017,1.05464,2.80851,2,1.07206,2.7962,1.9907,-2.15051,0.807547,0,-2.19127,0.881202,0.000770666,-2.24681,0.843708,0,-2.39555,0.775652,-0.0277153
32.94,0.988118,2.69605,2.65596,1.00582,2.7051,2.65018,1.03237,2.81677,2,1.04809,2.80385,1.99042,-2.15684,0.790495,0,-2.20273,0.856375,-5.69777e-05,-2.25342,0.825893,0,-2.39978,0.756003,-0.0277035
32.9501,0.965999,2.70405,2.65596,0.983755,2.71358,2.65017,1.00926,2.82514,2,1.02407,2.81132,1.99014,-2.16324,0.7728,1.46196e-18,-2.21079,0.838447,-0.000762639,-2.26011,0.807405,0,-2.40362,0.736548,-0.0276298
32.96,0.94428,2.71171,2.65596,0.961608,2.72187,2.65016,0.986565,2.83314,2,1.00002,2.81859,1.98987,-2.16937,0.755424,7.3098e-19,-2.21868,0.820249,-0.0012649,-2.26651,0.789252,0,-2.40712,0.717196,-0.0273205
32.9701,0.922603,2.71916,2.65596,0.939383,2.72998,2.65015,0.963916,2.84093,2,0.975928,2.82566,1.9896,-2.17533,0.738082,0,-2.22629,0.801738,-0.0016364,-2.27274,0.771133,0,-2.41032,0.697899,-0.0268593
32.98,0.901022,2.72639,2.65596,0.917082,2.73791,2.65013,0.941369,2.84848,2,0.95181,2.83254,1.98933,-2.18111,0.720817,0,-2.23373,0.783115,-0.00176736,-2.27878,0.753095,0,-2.41332,0.678869,-0.0261354
32.99,0.879453,2.73343,2.65596,0.899189,2.74411,2.65012,0.918834,2.85583,2,0.932495,2.83792,1.98913,-2.18674,0.703562,7.3098e-19,-2.2395,0.768071,-0.00171087,-2.28466,0.735067,0,-2.41549,0.663765,-0.0253808
33.0002,0.856642,2.74066,2.65596,0.883496,2.74944,2.65011,0.895002,2.86338,2,0.91558,2.84252,1.98895,-2.19253,0.685314,0,-2.24436,0.754772,-0.00170658,-2.29071,0.716002,0,-2.41719,0.650603,-0.0247579
33.01,0.835172,2.74728,2.65596,0.854262,2.75909,2.65008,0.87257,2.8703,2,0.884138,2.85082,1.98864,-2.19782,0.668137,-7.3098e-19,-2.25314,0.729847,-0.00204666,-2.29624,0.698056,0,-2.42005,0.626423,-0.0239274
33.02,0.813697,2.75372,2.65596,0.831697,2.76629,2.65006,0.850133,2.87703,2,0.859927,2.85699,1.9884,-2.20297,0.650957,0,-2.25986,0.710751,-0.00262728,-2.30162,0.680107,0,-2.42207,0.608344,-0.0235854
33.03,0.791456,2.76019,2.65596,0.809065,2.77331,2.65003,0.826897,2.88379,2,0.835697,2.86298,1.98816,-2.20815,0.633165,7.3098e-19,-2.26647,0.691614,-0.00313911,-2.30703,0.661518,0,-2.42392,0.590579,-0.0231639
33.0402,0.768973,2.76654,2.65596,0.786368,2.78013,2.65,0.803407,2.89042,2,0.811449,2.8688,1.98794,-2.21323,0.615178,-7.3098e-19,-2.27293,0.672525,-0.00341223,-2.31234,0.642726,0,-2.42564,0.573188,-0.0225025
33.05,0.74726,2.77248,2.65596,0.763607,2.78676,2.64996,0.780722,2.89663,2,0.787184,2.87445,1.98771,-2.21798,0.597808,-7.3098e-19,-2.27918,0.653324,-0.00343908,-2.31731,0.624578,0,-2.42719,0.55602,-0.0215932
33.06,0.725207,2.77833,2.65596,0.745354,2.79192,2.64994,0.757681,2.90274,2,0.767762,2.87884,1.98755,-2.22267,0.580165,7.3098e-19,-2.28404,0.637864,-0.00329023,-2.32219,0.606145,0,-2.4283,0.542427,-0.0206942
33.0701,0.702093,2.78426,2.65596,0.731639,2.79571,2.64992,0.733533,2.90894,2,0.75319,2.88207,1.98742,-2.22741,0.561675,0,-2.28756,0.626271,-0.00320465,-2.32715,0.586826,0,-2.42905,0.532369,-0.0200468
33.08,0.680242,2.78968,2.65596,0.708735,2.80188,2.64988,0.710703,2.9146,2,0.728895,2.88731,1.98723,-2.23174,0.544194,0,-2.2932,0.606976,-0.00353031,-2.33168,0.568562,0,-2.43008,0.515882,-0.019438
33.09,0.658157,2.79497,2.65596,0.685775,2.80785,2.64985,0.687629,2.92013,2,0.704589,2.89238,1.98703,-2.23598,0.526526,0,-2.29874,0.587644,-0.00403432,-2.3361,0.550103,0,-2.43094,0.499679,-0.0190054
33.1,0.635571,2.8002,2.65596,0.662761,2.81363,2.6498,0.664032,2.92559,2,0.680277,2.8973,1.98685,-2.24016,0.508457,0,-2.30417,0.568182,-0.00437754,-2.34047,0.531225,0,-2.43157,0.483684,-0.0184078
33.11,0.613294,2.80516,2.65596,0.639692,2.81922,2.64976,0.640757,2.93077,2,0.655958,2.90206,1.98667,-2.24413,0.490635,-7.3098e-19,-2.30955,0.548554,-0.00443596,-2.34462,0.512605,0,-2.4321,0.467852,-0.0175245
33.12,0.590673,2.81001,2.65596,0.61657,2.8246,2.64972,0.617123,2.93584,2,0.631635,2.90666,1.9865,-2.24801,0.472538,0,-2.31484,0.528795,-0.00426281,-2.34867,0.493698,0,-2.43252,0.452199,-0.0164125
33.1301,0.568074,2.81467,2.65596,0.604989,2.82722,2.6497,0.593512,2.9407,2,0.607309,2.9111,1.98634,-2.25173,0.454459,0,-2.3174,0.518834,-0.00410107,-2.35256,0.47481,0,-2.43272,0.436672,-0.0151069
33.1401,0.54532,2.81916,2.65596,0.574821,2.8338,2.64965,0.569739,2.9454,2,0.582981,2.91539,1.98619,-2.25533,0.436256,7.3098e-19,-2.32386,0.492917,-0.0037445,-2.35632,0.455791,0,-2.4328,0.421388,-0.0140655
33.1501,0.523231,2.82335,2.65596,0.54923,2.8391,2.6496,0.546661,2.94977,2,0.561086,2.91912,1.98607,-2.25868,0.418585,7.3098e-19,-2.32908,0.470872,-0.00397105,-2.35982,0.437329,0,-2.43269,0.40773,-0.0134377
33.16,0.500776,2.82741,2.65596,0.525915,2.84371,2.64956,0.5232,2.95402,2,0.53676,2.92313,1.98594,-2.26193,0.40062,0,-2.33375,0.450693,-0.00456717,-2.36322,0.41856,0,-2.4325,0.392666,-0.0131253
33.17,0.477937,2.83136,2.65596,0.502555,2.84811,2.64951,0.499339,2.95815,2,0.512437,2.92698,1.98581,-2.26509,0.38235,3.6549e-19,-2.3382,0.430444,-0.00505242,-2.36652,0.399471,0,-2.4322,0.377763,-0.0127118
33.1801,0.45475,2.83518,2.65596,0.479152,2.85232,2.64946,0.475113,2.96214,2,0.488116,2.93068,1.98569,-2.26814,0.3638,0,-2.34243,0.410091,-0.00531146,-2.36971,0.380091,0,-2.43182,0.362964,-0.0120825
33.19,0.432236,2.8387,2.65596,0.4604,2.85553,2.64942,0.451591,2.96582,2,0.468663,2.93354,1.98559,-2.27096,0.345788,-3.6549e-19,-2.34564,0.393691,-0.00529617,-2.37265,0.361273,0,-2.43141,0.351149,-0.0113631
33.2,0.409802,2.84203,2.65596,0.436924,2.85937,2.64937,0.428153,2.96929,2,0.444352,2.93698,1.98548,-2.27362,0.327842,-3.6549e-19,-2.34954,0.373241,-0.00521128,-2.37543,0.342522,0,-2.4309,0.336584,-0.010407
33.2102,0.386704,2.84526,2.65596,0.413409,2.863,2.64931,0.40402,2.97267,2,0.420046,2.94027,1.98538,-2.27621,0.309363,3.6549e-19,-2.35333,0.352716,-0.00504448,-2.37814,0.323216,0,-2.43037,0.322125,-0.00937488
33.2202,0.363931,2.84826,2.65596,0.389858,2.86642,2.64927,0.380228,2.97581,2,0.395745,2.94342,1.9853,-2.27861,0.291145,0,-2.3569,0.332006,-0.00469937,-2.38065,0.304182,0,-2.42971,0.30765,-0.00816941
33.23,0.341782,2.85101,2.65596,0.366272,2.86964,2.64922,0.357087,2.97867,2,0.371452,2.94642,1.98522,-2.2808,0.273426,-3.6549e-19,-2.36028,0.311271,-0.0041836,-2.38294,0.28567,0,-2.42899,0.293288,-0.00679928
33.24,0.31878,2.85367,2.65596,0.342653,2.87264,2.64918,0.333055,2.98146,2,0.347166,2.94929,1.98516,-2.28294,0.255024,-3.6549e-19,-2.36344,0.290529,-0.00356957,-2.38516,0.266444,0,-2.42821,0.279032,-0.0053367
33.25,0.295613,2.85616,2.65596,0.32137,2.87517,2.64915,0.30885,2.98406,2,0.325315,2.95174,1.98512,-2.28493,0.23649,0,-2.36611,0.271815,-0.00295486,-2.38725,0.24708,0,-2.42749,0.266237,-0.00396272
33.2601,0.273365,2.85838,2.65596,0.297695,2.87779,2.64913,0.285606,2.98637,2,0.301044,2.95433,1.98509,-2.2867,0.218692,-3.6549e-19,-2.36878,0.251019,-0.00225923,-2.3891,0.228485,0,-2.42658,0.252087,-0.00242761
33.27,0.250186,2.8605,2.65596,0.273995,2.8802,2.64911,0.26139,2.98859,2,0.276783,2.95678,1.98507,-2.2884,0.200149,0,-2.37122,0.230225,-0.001569,-2.39087,0.209112,0,-2.42561,0.238011,-0.000899446
33.2804,0.226404,2.86248,2.65596,0.250272,2.88239,2.6491,0.236543,2.99066,2,0.252533,2.95909,1.98507,-2.28998,0.181123,0,-2.37335,0.209437,-0.000855205,-2.39253,0.189234,0,-2.42451,0.223995,0.000652091
33.29,0.204212,2.86415,2.65596,0.228904,2.88419,2.64909,0.213356,2.9924,2,0.230717,2.96105,1.98508,-2.29132,0.16337,0,-2.375,0.190579,-0.000198258,-2.39392,0.170685,0,-2.42344,0.211261,0.00206338
33.3,0.180948,2.86571,2.65596,0.209899,2.88565,2.64909,0.18905,2.99404,2,0.211333,2.96269,1.9851,-2.29257,0.144758,0,-2.37625,0.173735,0.000381722,-2.39523,0.15124,0,-2.42241,0.199878,0.00331536
33.3099,0.158558,2.86704,2.65596,0.18613,2.88728,2.6491,0.165658,2.99542,2,0.187116,2.96462,1.98514,-2.29363,0.126846,0,-2.37757,0.152724,0.000746885,-2.39634,0.132526,0,-2.42104,0.185688,0.00452196
33.32,0.135861,2.8682,2.65596,0.162348,2.88871,2.64911,0.141945,2.99664,2,0.162912,2.96641,1.98519,-2.29456,0.108689,0,-2.37882,0.131756,0.000930945,-2.39731,0.113556,0,-2.41973,0.171566,0.00555544
33.33,0.11274,2.86921,2.65596,0.140934,2.88981,2.64912,0.117789,2.99769,2,0.14114,2.9679,1.98525,-2.29536,0.0901923,0,-2.37985,0.112988,0.00112359,-2.39815,0.0942311,0,-2.41858,0.158967,0.00651986
33.34,0.0896339,2.87002,2.65596,0.11713,2.89083,2.64913,0.0936476,2.99854,2,0.116961,2.96941,1.98532,-2.29602,0.0717071,0,-2.38074,0.0921543,0.00135748,-2.39883,0.0749181,0,-2.4172,0.144956,0.00761748
33.3502,0.0663619,2.87065,2.65596,0.0933195,2.89165,2.64914,0.0693335,2.9992,2,0.0927959,2.97079,1.9854,-2.29652,0.0530895,0,-2.38143,0.0713926,0.00167244,-2.39936,0.0554668,0,-2.4158,0.130987,0.00880558
33.36,0.0438322,2.87108,2.65596,0.0695025,2.89226,2.64916,0.045795,2.99965,2,0.068645,2.97203,1.98549,-2.29687,0.0350658,-4.56862e-20,-2.38193,0.0505697,0.00205724,-2.39972,0.036636,0,-2.41436,0.116916,0.0100741
33.3701,0.0204363,2.87135,2.65596,0.0456818,2.89266,2.64918,0.0213514,2.99992,2,0.0445088,2.97313,1.9856,-2.29708,0.016349,2.28431e-20,-2.38215,0.0296978,0.00244863,-2.39994,0.0170811,0,-2.41284,0.102726,0.0113588
33.3802,-0.00258396,2.87142,2.65596,0.0218605,2.89285,2.64921,-0.00269967,3,2,0.0203885,2.97409,1.98572,-2.29713,-0.00206717,0,-2.38205,0.00876297,0.00286224,-2.4,-0.00215973,0,-2.4112,0.0883817,0.012675
33.39,-0.0249824,2.87131,2.65596,-0.00195834,2.89284,2.64924,-0.0261011,2.99989,2,-0.0037151,2.9749,1.98585,-2.29705,-0.0199859,0,-2.38169,-0.0121588,0.00329351,-2.39991,-0.0208809,0,-2.40952,0.0739376,0.0140176
33.4001,-0.0483126,2.87101,2.65596,-0.0186289,2.8927,2.64927,-0.050476,2.99958,2,-0.0278017,2.97557,1.986,-2.29681,-0.0386501,4.56862e-20,-2.38129,-0.0267598,0.00358395,-2.39966,-0.0403808,0,-2.40779,0.0594181,0.0153489
33.41,-0.0712574,2.87054,2.65596,-0.0376769,2.89242,2.64929,-0.0744483,2.99908,2,-0.0518708,2.97609,1.98616,-2.29643,-0.0570059,0,-2.38068,-0.04339,0.00368871,-2.39926,-0.0595586,0,-2.40602,0.0448834,0.0160569
33.42,-0.0940718,2.86988,2.65596,-0.0733759,2.89154,2.64935,-0.0982843,2.99839,2,-0.0759217,2.97646,1.98632,-2.2959,-0.0752574,0,-2.3791,-0.0743929,0.00299405,-2.39871,-0.0786274,0,-2.40414,0.0302016,0.0164878
33.4301,-0.117229,2.86903,2.65596,-0.0971606,2.89069,2.64937,-0.122479,2.9975,2,-0.0927458,2.97664,1.98644,-2.29522,-0.0937833,0,-2.37782,-0.0951246,0.00225397,-2.398,-0.0979828,0,-2.40277,0.0198158,0.0166531
33.44,-0.13994,2.86801,2.65596,-0.109048,2.89019,2.64938,-0.146206,2.99644,2,-0.116764,2.97676,1.98661,-2.29441,-0.111952,0,-2.37709,-0.105459,0.00189689,-2.39715,-0.116965,0,-2.40075,0.00488114,0.0168582
33.45,-0.162868,2.8668,2.65596,-0.144685,2.88837,2.6494,-0.170161,2.99517,2,-0.147956,2.9767,1.98683,-2.29344,-0.130294,0,-2.37447,-0.136228,0.000411149,-2.39614,-0.136129,0,-2.39809,-0.0146825,0.0167304
33.46,-0.185803,2.8654,2.65596,-0.163675,2.88722,2.6494,-0.194124,2.99371,2,-0.167134,2.97653,1.98696,-2.29232,-0.148643,0,-2.37294,-0.152391,-0.000717723,-2.39497,-0.155299,0,-2.39649,-0.0267004,0.0163515
33.47,-0.208691,2.86383,2.65596,-0.187394,2.8856,2.64939,-0.218036,2.99207,2,-0.191089,2.97619,1.98712,-2.29106,-0.166952,1.82745e-19,-2.37079,-0.172497,-0.00217986,-2.39365,-0.174429,0,-2.39439,-0.0418349,0.0158259
33.48,-0.231502,2.86207,2.65596,-0.21109,2.88377,2.64936,-0.241869,2.99023,2,-0.215022,2.9757,1.98728,-2.28966,-0.185202,-1.82745e-19,-2.36839,-0.19255,-0.00320061,-2.39219,-0.193495,0,-2.39226,-0.057153,0.0157402
33.49,-0.254311,2.86014,2.65596,-0.234761,2.88174,2.64932,-0.265699,2.98821,2,-0.238934,2.97505,1.98743,-2.28811,-0.203449,3.6549e-19,-2.36572,-0.212596,-0.0037938,-2.39057,-0.212559,0,-2.39007,-0.0727086,0.0160789
33.5,-0.277531,2.85798,2.65596,-0.258404,2.87952,2.64928,-0.289958,2.98595,2,-0.262823,2.97424,1.9876,-2.28638,-0.222025,0,-2.36287,-0.232619,-0.00405265,-2.38876,-0.231967,0,-2.38787,-0.0885062,0.0167447
33.51,-0.300436,2.85566,2.65596,-0.282017,2.87709,2.64924,-0.31389,2.98353,2,-0.286691,2.97328,1.98777,-2.28453,-0.240349,0,-2.35974,-0.252656,-0.00406259,-2.38683,-0.251112,0,-2.38559,-0.104601,0.0176486
33.5201,-0.323546,2.85313,2.65596,-0.305598,2.87447,2.6492,-0.338034,2.98089,2,-0.310535,2.97215,1.98795,-2.28251,-0.258837,3.6549e-19,-2.35633,-0.272667,-0.00387506,-2.38472,-0.270427,0,-2.38321,-0.120966,0.0187357
33.53,-0.345887,2.85051,2.65596,-0.329143,2.87164,2.64917,-0.361376,2.97816,2,-0.334354,2.97086,1.98815,-2.28041,-0.27671,0,-2.35261,-0.292619,-0.00354745,-2.38252,-0.2891,0,-2.3807,-0.137582,0.0199445
33.54,-0.368827,2.84763,2.65596,-0.347951,2.86923,2.64914,-0.385343,2.97515,2,-0.358149,2.9694,1.98835,-2.27811,-0.295062,0,-2.34953,-0.308436,-0.0032193,-2.38012,-0.308274,0,-2.37819,-0.15432,0.0212209
33.55,-0.391401,2.84462,2.65596,-0.373772,2.86572,2.6491,-0.408927,2.972,2,-0.379542,2.96794,1.98855,-2.27569,-0.313121,-3.6549e-19,-2.34514,-0.329887,-0.00311578,-2.3776,-0.327142,0,-2.37593,-0.169417,0.0219848
33.5601,-0.414211,2.84139,2.65596,-0.397203,2.86233,2.64907,-0.432759,2.96862,2,-0.403289,2.96616,1.98877,-2.27311,-0.331369,0,-2.34106,-0.349076,-0.00331789,-2.3749,-0.346207,0,-2.37344,-0.186198,0.0225933
33.57,-0.43672,2.83801,2.65596,-0.420593,2.85874,2.64904,-0.456276,2.9651,2,-0.427011,2.96422,1.989,-2.27041,-0.349376,0,-2.33681,-0.368074,-0.00340003,-2.37208,-0.365021,0,-2.37089,-0.203102,0.0232936
33.58,-0.459671,2.83439,2.65596,-0.443939,2.85497,2.64901,-0.480255,2.96131,2,-0.450707,2.9621,1.98924,-2.26751,-0.367737,3.6549e-19,-2.3324,-0.386922,-0.00327374,-2.36905,-0.384204,0,-2.36832,-0.220193,0.0241678
33.5901,-0.482132,2.83065,2.65596,-0.46724,2.851,2.64897,-0.503721,2.95741,2,-0.474377,2.95981,1.98948,-2.26452,-0.385706,-3.6549e-19,-2.32782,-0.405645,-0.00298379,-2.36593,-0.402977,0,-2.3657,-0.237491,0.025169
33.5999,-0.505002,2.82666,2.65596,-0.490494,2.84685,2.64895,-0.527615,2.95324,2,-0.498021,2.95735,1.98974,-2.26133,-0.404001,0,-2.323,-0.424276,-0.00257325,-2.36259,-0.422092,0,-2.36294,-0.255025,0.0262521
33.61,-0.527561,2.82254,2.65596,-0.5137,2.84252,2.64892,-0.551184,2.94893,2,-0.521636,2.95471,1.99001,-2.25803,-0.422048,0,-2.31809,-0.442725,-0.00207245,-2.35914,-0.440948,0,-2.36021,-0.272707,0.0273831
33.62,-0.550141,2.81823,2.65596,-0.536856,2.838,2.64891,-0.574776,2.94442,2,-0.545225,2.95189,1.99029,-2.25458,-0.440112,-7.3098e-19,-2.31305,-0.46108,-0.00151772,-2.35554,-0.45982,0,-2.35743,-0.290625,0.0285226
33.63,-0.572944,2.81368,2.65596,-0.55996,2.8333,2.64889,-0.5986,2.93967,2,-0.568784,2.9489,1.99058,-2.25094,-0.458355,0,-2.30779,-0.479368,-0.000918137,-2.35174,-0.47888,0,-2.35452,-0.308804,0.0296588
33.64,-0.595033,2.80909,2.65596,-0.583011,2.82841,2.64889,-0.621678,2.93488,2,-0.592315,2.94572,1.99088,-2.24727,-0.476026,7.3098e-19,-2.30235,-0.497595,-0.000298226,-2.3479,-0.497342,0,-2.35152,-0.327248,0.0307647
33.65,-0.617837,2.80416,2.65596,-0.606006,2.82335,2.64889,-0.645503,2.92973,2,-0.615814,2.94235,1.99119,-2.24333,-0.494269,0,-2.29674,-0.515733,0.000337561,-2.34379,-0.516403,0,-2.3484,-0.345926,0.0318332
33.66,-0.639642,2.79927,2.65596,-0.628945,2.8181,2.64889,-0.668285,2.92462,2,-0.639283,2.9388,1.99152,-2.23942,-0.511714,-7.3098e-19,-2.291,-0.533749,0.000980878,-2.33969,-0.534628,0,-2.34523,-0.364804,0.0328529
33.67,-0.662402,2.79397,2.65596,-0.651826,2.81267,2.64891,-0.692064,2.91908,2,-0.662719,2.93505,1.99185,-2.23518,-0.529921,0,-2.28521,-0.551636,0.00161757,-2.33527,-0.553651,0,-2.34203,-0.383868,0.0338077
33.6801,-0.684613,2.78861,2.65596,-0.674649,2.80707,2.64893,-0.71527,2.91348,2,-0.686123,2.93112,1.99219,-2.23089,-0.54769,0,-2.27929,-0.569434,0.00224355,-2.33079,-0.572216,0,-2.33876,-0.403158,0.034691
33.6901,-0.707179,2.78297,2.65596,-0.697411,2.80128,2.64895,-0.738846,2.90759,2,-0.709494,2.92699,1.99254,-2.22638,-0.565743,0,-2.27324,-0.587184,0.00284592,-2.32608,-0.591077,0,-2.3354,-0.422708,0.0354883
33.7,-0.729288,2.77726,2.65596,-0.720113,2.79532,2.64898,-0.761945,2.90163,2,-0.732831,2.92266,1.9929,-2.22181,-0.58343,0,-2.26714,-0.604785,0.0034386,-2.3213,-0.609556,0,-2.33203,-0.44241,0.0362123
33.71,-0.751297,2.77139,2.65596,-0.742754,2.78919,2.64902,-0.78494,2.89549,2,-0.756134,2.91814,1.99327,-2.21711,-0.601038,0,-2.26091,-0.622325,0.00401226,-2.31639,-0.627952,0,-2.32853,-0.462342,0.0368525
33.72,-0.77357,2.76526,2.65596,-0.765331,2.78288,2.64906,-0.80821,2.88908,2,-0.779401,2.91342,1.99364,-2.2122,-0.618856,0,-2.25453,-0.639777,0.00456913,-2.31127,-0.646568,0,-2.32491,-0.482475,0.0374097
33.73,-0.795513,2.75902,2.65596,-0.787844,2.77639,2.64911,-0.831136,2.88257,2,-0.802632,2.90849,1.99402,-2.20722,-0.63641,-7.3098e-19,-2.24801,-0.657205,0.00510114,-2.30606,-0.664909,0,-2.32117,-0.502863,0.0378751
33.7403,-0.818075,2.75242,2.65596,-0.810291,2.76973,2.64916,-0.854708,2.87567,2,-0.825824,2.90336,1.9944,-2.20193,-0.65446,7.3098e-19,-2.2414,-0.674544,0.00560715,-2.30054,-0.683767,0,-2.31734,-0.523433,0.0382474
33.75,-0.839699,2.7459,2.65596,-0.832671,2.7629,2.64922,-0.877301,2.86886,2,-0.848978,2.89802,1.99478,-2.19672,-0.671759,0,-2.23463,-0.691848,0.00607793,-2.29509,-0.701841,0,-2.31335,-0.544231,0.0385171
33.76,-0.861367,2.73918,2.65596,-0.854983,2.7559,2.64929,-0.899938,2.86184,2,-0.872091,2.89247,1.99517,-2.19134,-0.689093,0,-2.22778,-0.709098,0.00650554,-2.28947,-0.71995,0,-2.30926,-0.565225,0.0386766
33.77,-0.883371,2.73216,2.65596,-0.877227,2.74872,2.64935,-0.922928,2.85451,2,-0.895163,2.88672,1.99555,-2.18573,-0.706697,0,-2.22085,-0.726306,0.00690429,-2.2836,-0.738342,0,-2.30509,-0.586422,0.0387402
33.78,-0.905086,2.72504,2.65596,-0.894971,2.74285,2.64941,-0.945616,2.84707,2,-0.91359,2.88196,1.99586,-2.18004,-0.724069,0,-2.21526,-0.740018,0.00721308,-2.27766,-0.756492,0,-2.30169,-0.6035,0.0387323
33.79,-0.926857,2.71772,2.65596,-0.917089,2.73537,2.64948,-0.968361,2.83941,2,-0.936585,2.87581,1.99625,-2.17417,-0.741485,0,-2.20822,-0.757051,0.00713655,-2.27153,-0.774689,0,-2.29736,-0.624924,0.0382044
33.8,-0.948585,2.71021,2.65596,-0.939135,2.72771,2.64955,-0.991063,2.83157,2,-0.959537,2.86946,1.99663,-2.16817,-0.758868,0,-2.20114,-0.774037,0.00692802,-2.26526,-0.79285,0,-2.29292,-0.646462,0.0374915
33.81,-0.970513,2.70244,2.65596,-0.961111,2.71989,2.64962,-1.01397,2.82345,2,-0.982443,2.86288,1.997,-2.16195,-0.77641,-1.46196e-18,-2.19399,-0.791048,0.00681322,-2.25876,-0.811177,0,-2.28835,-0.668191,0.0368166
33.82,-0.991941,2.69464,2.65596,-0.983015,2.71189,2.64969,-1.03636,2.81531,2,-1.0053,2.85609,1.99736,-2.15571,-0.793553,-7.3098e-19,-2.18677,-0.808039,0.00681051,-2.25225,-0.829088,0,-2.28363,-0.690091,0.0361932
33.83,-1.01343,2.68663,2.65596,-1.00485,2.70373,2.64976,-1.05881,2.80694,2,-1.02812,2.84908,1.99772,-2.14931,-0.810746,0,-2.17948,-0.825078,0.00688005,-2.24555,-0.847051,0,-2.27879,-0.712218,0.0355835
33.84,-1.03511,2.67836,2.65596,-1.0266,2.69539,2.64983,-1.08147,2.79829,2,-1.05088,2.84185,1.99808,-2.14268,-0.828091,-7.3098e-19,-2.17203,-0.842156,0.00700111,-2.23863,-0.865173,0,-2.27372,-0.734552,0.0349686
33.85,-1.05615,2.67013,2.65596,-1.04829,2.68688,2.6499,-1.10345,2.7897,2,-1.07359,2.83439,1.99842,-2.1361,-0.844924,-1.46196e-18,-2.16443,-0.859191,0.007174,-2.23176,-0.882759,0,-2.26844,-0.757014,0.0343486
33.86,-1.0775,2.66159,2.65596,-1.06989,2.67821,2.64997,-1.12575,2.78077,2,-1.09625,2.82671,1.99876,-2.12927,-0.862003,1.46196e-18,-2.15669,-0.876151,0.00737779,-2.22462,-0.900603,0,-2.26297,-0.779568,0.0337034
33.87,-1.09866,2.65292,2.65596,-1.09142,2.66936,2.65005,-1.14786,2.77172,2,-1.11885,2.8188,1.9991,-2.12234,-0.87893,0,-2.14891,-0.892976,0.00761763,-2.21737,-0.918288,0,-2.25739,-0.802148,0.0330396
33.88,-1.11986,2.64404,2.65596,-1.11287,2.66035,2.65012,-1.17001,2.76244,2,-1.14139,2.81066,1.99942,-2.11523,-0.895888,1.46196e-18,-2.14112,-0.909759,0.00786412,-2.20995,-0.936006,0,-2.25174,-0.82484,0.0323298
33.89,-1.1412,2.6349,2.65596,-1.13424,2.65117,2.6502,-1.19231,2.75289,2,-1.16388,2.8023,1.99974,-2.10792,-0.912962,-1.46196e-18,-2.13328,-0.926493,0.00804214,-2.20231,-0.953844,0,-2.24597,-0.847625,0.0315024
33.9,-1.16219,2.62571,2.65596,-1.15554,2.64182,2.65028,-1.21423,2.74329,2,-1.18631,2.79371,2.00005,-2.10057,-0.929754,0,-2.12532,-0.943229,0.00819398,-2.19463,-0.971388,0,-2.24003,-0.870551,0.030601
33.9099,-1.18297,2.61642,2.65596,-1.17675,2.6323,2.65037,-1.23594,2.73358,2,-1.20868,2.78489,2.00035,-2.09313,-0.946373,0,-2.11724,-0.959909,0.00835869,-2.18686,-0.988751,0,-2.23392,-0.893561,0.0296662
33.92,-1.20382,2.60689,2.65596,-1.19788,2.62262,2.65045,-1.25772,2.72362,2,-1.23099,2.77584,2.00065,-2.08551,-0.963054,0,-2.10906,-0.976526,0.00854012,-2.1789,-1.00618,0,-2.22765,-0.916641,0.0287036
33.93,-1.22475,2.59712,2.65596,-1.21893,2.61277,2.65054,-1.2796,2.71342,2,-1.25324,2.76656,2.00093,-2.0777,-0.979801,0,-2.10083,-0.993006,0.00859076,-2.17073,-1.02368,0,-2.22127,-0.939705,0.0275698
33.9401,-1.24587,2.58706,2.65596,-1.2399,2.60276,2.65062,-1.30166,2.7029,2,-1.27542,2.75705,2.0012,-2.06964,-0.996697,0,-2.09246,-1.0094,0.008587,-2.16232,-1.04133,0,-2.2147,-0.962804,0.0263428
33.95,-1.26632,2.57711,2.65596,-1.26078,2.59258,2.65071,-1.32302,2.69251,2,-1.29753,2.7473,2.00145,-2.06169,-1.01306,0,-2.08401,-1.02568,0.00862105,-2.15401,-1.05842,0,-2.208,-0.985903,0.0251174
33.9601,-1.28711,2.56679,2.65596,-1.28158,2.58225,2.6508,-1.34474,2.68173,2,-1.31958,2.73733,2.0017,-2.05343,-1.02969,-1.46196e-18,-2.07547,-1.04184,0.00870063,-2.14538,-1.07579,0,-2.20115,-1.009,0.0239056
33.97,-1.30786,2.55627,2.65596,-1.30229,2.57175,2.65088,-1.36643,2.67074,2,-1.34155,2.72712,2.00193,-2.04502,-1.04629,-1.46196e-18,-2.06684,-1.05786,0.0082882,-2.13659,-1.09314,0,-2.19413,-1.032,0.0221816
33.98,-1.3276,2.54608,2.65596,-1.32291,2.56109,2.65096,-1.38705,2.66009,2,-1.36346,2.71669,2.00214,-2.03687,-1.06208,0,-2.0581,-1.07372,0.00757775,-2.12808,-1.10964,0,-2.18696,-1.05491,0.0201405
33.99,-1.34808,2.5353,2.65596,-1.34345,2.55027,2.65103,-1.40844,2.64883,2,-1.38529,2.70602,2.00233,-2.02824,-1.07846,0,-2.04922,-1.08944,0.00674056,-2.11906,-1.12675,0,-2.17958,-1.07775,0.0179558
34,-1.36823,2.52448,2.65596,-1.3639,2.5393,2.6511,-1.4295,2.63753,2,-1.40705,2.69513,2.0025,-2.01958,-1.09458,0,-2.04016,-1.1051,0.00597789,-2.11002,-1.1436,0,-2.17197,-1.1006,0.015828
34.01,-1.38866,2.5133,2.65596,-1.38425,2.52817,2.65115,-1.45084,2.62584,2,-1.42873,2.68401,2.00265,-2.01064,-1.11093,1.46196e-18,-2.03097,-1.12071,0.00519919,-2.10067,-1.16067,0,-2.16417,-1.12347,0.0136724
34.02,-1.40831,2.50234,2.65596,-1.40249,2.51802,2.6512,-1.47137,2.6144,2,-1.44817,2.67381,2.00276,-2.00188,-1.12664,0,-2.02267,-1.13466,0.00436521,-2.09152,-1.17709,0,-2.15708,-1.14397,0.0115961
34.03,-1.42846,2.4909,2.65596,-1.42267,2.5066,2.65123,-1.49242,2.60244,2,-1.46971,2.66226,2.00287,-1.99272,-1.14277,0,-2.0134,-1.14993,0.00274881,-2.08195,-1.19394,0,-2.14907,-1.16651,0.00860958
34.04,-1.44848,2.47931,2.65596,-1.44276,2.49502,2.65125,-1.51334,2.59033,2,-1.49116,2.65048,2.00294,-1.98345,-1.15878,-1.46196e-18,-2.00406,-1.16512,0.000920098,-2.07226,-1.21067,0,-2.1409,-1.18895,0.00542047
34.05,-1.46813,2.46772,2.65596,-1.45677,2.48683,2.65125,-1.53387,2.57823,2,-1.50612,2.6421,2.00297,-1.97418,-1.1745,0,-1.99741,-1.1758,7.32214e-05,-2.06258,-1.22709,0,-2.13502,-1.20473,0.00362041
34.06,-1.48798,2.4558,2.65596,-1.47669,2.475,2.65125,-1.55461,2.56577,2,-1.52743,2.62994,2.00299,-1.96464,-1.19039,0,-1.98779,-1.1911,-0.000512695,-2.05262,-1.24369,0,-2.12645,-1.22735,0.00167505
34.07,-1.50722,2.44404,2.65596,-1.49652,2.46301,2.65124,-1.57471,2.55348,2,-1.54865,2.61755,2.003,-1.95523,-1.20577,0,-1.97807,-1.20643,-0.00115349,-2.04279,-1.25977,0,-2.11767,-1.24992,-0.000296843
34.08,-1.52707,2.43169,2.65596,-1.51625,2.45087,2.65122,-1.59545,2.54058,2,-1.56978,2.60494,2.00298,-1.94535,-1.22165,0,-1.96842,-1.22163,-0.00316798,-2.03246,-1.27636,0,-2.10881,-1.27215,-0.00358224
34.09,-1.54634,2.41948,2.65596,-1.53589,2.43858,2.65118,-1.61558,2.52782,2,-1.59082,2.59211,2.00293,-1.93558,-1.23707,1.46196e-18,-1.95878,-1.23665,-0.00635798,-2.02226,-1.29247,0,-2.09984,-1.29401,-0.00798896
34.1,-1.56582,2.40692,2.65596,-1.55153,2.42864,2.65111,-1.63593,2.5147,2,-1.60759,2.58169,2.00284,-1.92554,-1.25265,0,-1.95109,-1.24851,-0.00988244,-2.01176,-1.30875,0,-2.0926,-1.3112,-0.0124452
34.11,-1.58515,2.39424,2.65596,-1.57099,2.41608,2.651,-1.65613,2.50145,2,-1.62847,2.56847,2.0027,-1.91539,-1.26812,0,-1.94131,-1.26356,-0.013383,-2.00116,-1.3249,0,-2.08329,-1.33288,-0.0170903
34.12,-1.6039,2.38171,2.65596,-1.58842,2.40465,2.65084,-1.67572,2.48836,2,-1.64719,2.55639,2.0025,-1.90537,-1.28312,0,-1.93286,-1.27632,-0.0216047,-1.99069,-1.34058,0,-2.07516,-1.35116,-0.026225
34.1299,-1.62304,2.36871,2.65596,-1.60771,2.39181,2.65058,-1.69571,2.47478,2,-1.66789,2.54278,2.00219,-1.89497,-1.29843,0,-1.92333,-1.29057,-0.0304591,-1.97983,-1.35657,0,-2.06586,-1.37143,-0.0360539
34.14,-1.6429,2.35498,2.65596,-1.62689,2.37883,2.65025,-1.71647,2.46044,2,-1.6885,2.52896,2.0018,-1.88398,-1.31432,0,-1.91315,-1.30587,-0.0329764,-1.96835,-1.37317,0,-2.05581,-1.39298,-0.0395899
34.1508,-1.66228,2.34134,2.65596,-1.63644,2.37228,2.65009,-1.73671,2.44619,2,-1.70491,2.51774,2.00149,-1.87307,-1.32982,0,-1.90785,-1.31384,-0.0322635,-1.95695,-1.38937,0,-2.04727,-1.41091,-0.038862
34.16,-1.67973,2.32885,2.65596,-1.65736,2.35774,2.64973,-1.75495,2.43314,2,-1.71718,2.50924,2.00125,-1.86308,-1.34379,1.46196e-18,-1.89659,-1.3306,-0.0355172,-1.94651,-1.40396,0,-2.04111,-1.42352,-0.0416162
34.1701,-1.69813,2.31547,2.65596,-1.68194,2.34032,2.64916,-1.77417,2.41916,2,-1.74769,2.48767,2.00048,-1.85238,-1.3585,-1.46196e-18,-1.88428,-1.34871,-0.0505135,-1.93533,-1.41934,0,-2.02651,-1.45223,-0.0596119
34.1799,-1.71637,2.30198,2.65596,-1.69511,2.33084,2.64881,-1.79323,2.40506,2,-1.7679,2.47304,1.9999,-1.84158,-1.3731,0,-1.87656,-1.36051,-0.0473743,-1.92405,-1.43458,0,-2.01452,-1.47551,-0.052365
34.19,-1.7347,2.2882,2.65596,-1.71567,2.31575,2.64842,-1.81238,2.39067,2,-1.78397,2.46115,1.99957,-1.83056,-1.38776,-1.46196e-18,-1.86217,-1.38364,-0.018012,-1.91253,-1.4499,0,-2.00294,-1.49797,-0.0288128
34.2,-1.75317,2.27408,2.65596,-1.73422,2.3018,2.64843,-1.83168,2.37591,2,-1.80392,2.44602,1.99946,-1.81926,-1.40254,0,-1.84871,-1.40609,0.0141232,-1.90073,-1.46534,0,-1.98809,-1.52619,0.0024025
34.21,-1.77097,2.26025,2.65596,-1.75265,2.28765,2.64862,-1.85027,2.36146,2,-1.82374,2.43064,1.99953,-1.8082,-1.41677,0,-1.83747,-1.42442,0.0230786,-1.88917,-1.48022,0,-1.97546,-1.54907,0.0107306
34.22,-1.78933,2.24574,2.65596,-1.77097,2.27331,2.6489,-1.86946,2.3463,2,-1.84343,2.41504,1.99968,-1.79659,-1.43147,0,-1.82574,-1.44242,0.0333533,-1.87704,-1.49557,0,-1.96244,-1.57199,0.0203267
34.23,-1.80714,2.23143,2.65596,-1.78917,2.2588,2.64927,-1.88806,2.33135,2,-1.86299,2.39921,1.99992,-1.78515,-1.44571,1.46196e-18,-1.81383,-1.45919,0.0404186,-1.86508,-1.51045,0,-1.94951,-1.594,0.0266944
34.24,-1.82495,2.21689,2.65596,-1.80545,2.24561,2.64963,-1.90667,2.31617,2,-1.88048,2.38478,2.00015,-1.77352,-1.45996,-1.46196e-18,-1.80397,-1.47232,0.0360805,-1.85293,-1.52533,0,-1.93885,-1.61135,0.0218731
34.25,-1.84271,2.20215,2.65596,-1.82343,2.23082,2.64994,-1.92523,2.30076,2,-1.89981,2.36858,2.00032,-1.76172,-1.47417,-1.46196e-18,-1.79327,-1.48632,0.0273294,-1.84061,-1.54018,0,-1.92733,-1.6296,0.0127072
34.26,-1.86005,2.18753,2.65596,-1.84131,2.21588,2.65018,-1.94334,2.28548,2,-1.91903,2.35219,2.00041,-1.75002,-1.48804,0,-1.78226,-1.50049,0.019757,-1.82839,-1.55467,0,-1.91549,-1.64789,0.00477174
34.27,-1.87744,2.17262,2.65596,-1.85908,2.20081,2.65034,-1.96151,2.26991,2,-1.93812,2.33562,2.00042,-1.73809,-1.50195,0,-1.77103,-1.51476,0.013096,-1.81593,-1.56921,0,-1.9034,-1.66621,-0.00221772
34.28,-1.89542,2.15695,2.65596,-1.87673,2.18559,2.65044,-1.98029,2.25354,2,-1.9571,2.31886,2.00037,-1.72556,-1.51633,-1.46196e-18,-1.75947,-1.52915,0.00785731,-1.80283,-1.58423,0,-1.89096,-1.68458,-0.00775328
34.29,-1.91212,2.14216,2.65596,-1.89427,2.17022,2.6505,-1.99775,2.23808,2,-1.9703,2.30703,2.0003,-1.71372,-1.5297,0,-1.74769,-1.54359,0.00372434,-1.79046,-1.5982,0,-1.88212,-1.69743,-0.0109384
34.3001,-1.92935,2.12666,2.65596,-1.91168,2.15472,2.65052,-2.01574,2.22189,2,-1.99466,2.28481,2.00013,-1.70133,-1.54348,0,-1.73557,-1.558,0.000524993,-1.77751,-1.61259,0,-1.86522,-1.72117,-0.0155715
34.31,-1.94611,2.11133,2.65596,-1.92898,2.13906,2.65051,-2.03326,2.20587,2,-2.00768,2.27271,2.00001,-1.68906,-1.55689,-1.46196e-18,-1.72315,-1.57239,-0.00193905,-1.7647,-1.62661,0,-1.85589,-1.73387,-0.0174981
34.3203,-1.96356,2.09511,2.65596,-1.94615,2.12327,2.65049,-2.05149,2.18893,2,-2.0317,2.25002,1.99977,-1.67609,-1.57085,1.46196e-18,-1.71051,-1.5868,-0.00381977,-1.75114,-1.64119,0,-1.83827,-1.7574,-0.0202543
34.33,-1.97967,2.07989,2.65596,-1.96319,2.10733,2.65044,-2.06832,2.17303,2,-2.05001,2.23236,1.99956,-1.66391,-1.58374,1.46196e-18,-1.69765,-1.60116,-0.00524549,-1.73842,-1.65465,0,-1.82446,-1.77536,-0.0217931
34.3401,-1.99652,2.06373,2.65596,-1.9801,2.09125,2.65038,-2.08592,2.15614,2,-2.06818,2.21451,1.99933,-1.65098,-1.59721,-1.46196e-18,-1.68452,-1.61536,-0.0063508,-1.72491,-1.66874,0,-1.81035,-1.79308,-0.0229737
34.3501,-2.01285,2.0478,2.65596,-1.99353,2.07828,2.65033,-2.10298,2.1395,2,-2.08262,2.20011,1.99915,-1.63824,-1.61028,0,-1.67386,-1.62659,-0.00704583,-1.7116,-1.68238,0,-1.79893,-1.80709,-0.0237062
34.36,-2.02914,2.03166,2.65596,-2.00522,2.06686,2.65028,-2.12001,2.12263,2,-2.10054,2.18195,1.99891,-1.62532,-1.62331,0,-1.66447,-1.63632,-0.00756247,-1.69811,-1.69601,0,-1.7845,-1.82438,-0.0244353
34.37,-2.04544,2.01525,2.65596,-2.02674,2.04547,2.65017,-2.13703,2.10549,2,-2.11831,2.16363,1.99866,-1.6122,-1.63635,0,-1.64679,-1.65412,-0.00832625,-1.68439,-1.70962,0,-1.76988,-1.84137,-0.0249852
34.3799,-2.06121,1.99911,2.65596,-2.03823,2.03386,2.65011,-2.15351,2.08863,2,-2.13594,2.14513,1.9984,-1.59929,-1.64897,0,-1.63715,-1.66356,-0.00888779,-1.67091,-1.72281,0,-1.75507,-1.85795,-0.0258629
34.39,-2.07719,1.98251,2.65596,-2.0594,2.01212,2.64999,-2.1702,2.07128,2,-2.15341,2.12647,1.99814,-1.58601,-1.66175,0,-1.6189,-1.68068,-0.0104676,-1.65703,-1.73616,0,-1.74003,-1.87412,-0.0269324
34.4,-2.09309,1.96572,2.65596,-2.07551,1.99525,2.64988,-2.18681,2.05374,2,-2.17074,2.10765,1.99787,-1.57257,-1.67447,0,-1.60453,-1.6934,-0.011597,-1.64299,-1.74945,0,-1.72475,-1.88991,-0.0279161
34.41,-2.10892,1.94872,2.65596,-2.09149,1.97825,2.64976,-2.20336,2.03598,2,-2.18791,2.08867,1.99758,-1.55897,-1.68714,-1.46196e-18,-1.58985,-1.7058,-0.0124908,-1.62878,-1.76269,0,-1.70923,-1.90543,-0.0286416
34.42,-2.12429,1.93195,2.65596,-2.09942,1.96971,2.64969,-2.21941,2.01847,2,-2.19983,2.0753,1.99738,-1.54556,-1.69943,2.92392e-18,-1.58241,-1.71187,-0.0129021,-1.61477,-1.77553,0,-1.69827,-1.91614,-0.0291389
34.43,-2.13954,1.91505,2.65596,-2.1183,1.94908,2.64953,-2.23535,2.0008,2,-2.21674,2.05606,1.99709,-1.53204,-1.71164,-1.46196e-18,-1.56435,-1.72584,-0.0139275,-1.60064,-1.78828,0,-1.68248,-1.93114,-0.0297676
34.44,-2.15484,1.89781,2.65596,-2.13232,1.9335,2.6494,-2.25134,1.9828,2,-2.23181,2.03862,1.99682,-1.51825,-1.72388,-1.46196e-18,-1.55058,-1.73571,-0.0148733,-1.58624,-1.80107,0,-1.66813,-1.94431,-0.0305512
34.45,-2.17007,1.88039,2.65596,-2.14774,1.91609,2.64925,-2.26724,1.96459,2,-2.24345,2.02497,1.9966,-1.50431,-1.73605,0,-1.53483,-1.74587,-0.0158859,-1.57167,-1.81379,0,-1.65681,-1.9543,-0.0311968
34.4601,-2.18538,1.86257,2.65596,-2.16301,1.89859,2.64909,-2.28324,1.94598,2,-2.25994,2.00536,1.99628,-1.49006,-1.7483,0,-1.5186,-1.75518,-0.0164711,-1.55678,-1.82659,0,-1.64042,-1.96832,-0.031727
34.4702,-2.20043,1.84476,2.65596,-2.1736,1.88628,2.64897,-2.29896,1.92737,2,-2.27626,1.98561,1.99597,-1.47581,-1.76034,0,-1.507,-1.76107,-0.0168119,-1.5419,-1.83917,0,-1.62384,-1.98205,-0.0320549
34.4799,-2.21434,1.82804,2.65596,-2.1871,1.8704,2.64882,-2.3135,1.9099,2,-2.29081,1.96771,1.99568,-1.46243,-1.77147,1.46196e-18,-1.49175,-1.76774,-0.0168481,-1.52792,-1.8508,0,-1.60876,-1.99416,-0.0320052
34.4901,-2.22963,1.80936,2.65596,-2.19453,1.86155,2.64873,-2.32948,1.89038,2,-2.30203,1.95372,1.99545,-1.44749,-1.78371,0,-1.48313,-1.77102,-0.0166757,-1.51231,-1.86358,0,-1.59692,-2.00346,-0.0317029
34.5,-2.24402,1.79149,2.65596,-2.2122,1.84026,2.64854,-2.3445,1.87171,2,-2.31791,1.93362,1.99514,-1.43319,-1.79521,0,-1.46176,-1.7778,-0.0156903,-1.49737,-1.8756,0,-1.57978,-2.0166,-0.0307189
34.51,-2.25772,1.77419,2.65596,-2.23105,1.81711,2.64835,-2.35882,1.85363,2,-2.3383,1.9073,1.99476,-1.41935,-1.80618,0,-1.43728,-1.78329,-0.0135577,-1.48291,-1.88706,0,-1.55705,-2.03333,-0.0284066
34.52,-2.27177,1.75616,2.65596,-2.24532,1.79926,2.64822,-2.3735,1.8348,2,-2.35378,1.8869,1.99448,-1.40493,-1.81742,1.46196e-18,-1.41728,-1.78606,-0.0113919,-1.46784,-1.8988,0,-1.53921,-2.04581,-0.0259842
34.53,-2.28575,1.73793,2.65596,-2.25939,1.78139,2.64812,-2.3881,1.81575,2,-2.36908,1.86638,1.99424,-1.39034,-1.8286,-1.46196e-18,-1.39603,-1.78754,-0.00912382,-1.4526,-1.91048,0,-1.52108,-2.05782,-0.0232757
34.54,-2.29968,1.71945,2.65596,-2.27324,1.76351,2.64804,-2.40266,1.79645,2,-2.3842,1.84575,1.99402,-1.37556,-1.83974,0,-1.37364,-1.78814,-0.00733276,-1.43716,-1.92213,0,-1.50286,-2.06944,-0.0207762
34.55,-2.31324,1.70116,2.65596,-2.28686,1.74563,2.64797,-2.41683,1.77734,2,-2.39914,1.825,1.99382,-1.36093,-1.8506,1.46196e-18,-1.34979,-1.7881,-0.00562422,-1.42187,-1.93346,0,-1.48445,-2.08066,-0.0180048
34.56,-2.32695,1.68237,2.65596,-2.30023,1.72775,2.64793,-2.43115,1.75771,2,-2.40948,1.8104,1.9937,-1.3459,-1.86156,0,-1.32407,-1.78757,-0.00409488,-1.40617,-1.94492,0,-1.47137,-2.08822,-0.0159124
34.57,-2.34032,1.66372,2.65596,-2.30943,1.71524,2.6479,-2.44512,1.73822,2,-2.4241,1.78947,1.99356,-1.33097,-1.87226,1.46196e-18,-1.30482,-1.7871,-0.00305233,-1.39057,-1.95609,0,-1.4524,-2.09864,-0.0125287
34.5799,-2.35335,1.64523,2.65596,-2.32615,1.69201,2.64787,-2.45873,1.7189,2,-2.43853,1.76843,1.99346,-1.31618,-1.88268,0,-1.26636,-1.78659,-0.00113316,-1.37512,-1.96699,0,-1.43321,-2.10873,-0.00855022
34.59,-2.36645,1.62634,2.65596,-2.33865,1.67415,2.64787,-2.47241,1.69917,2,-2.457,1.74094,1.99338,-1.30107,-1.89316,-1.46196e-18,-1.23419,-1.78723,-0.000167337,-1.35933,-1.97793,0,-1.40793,-2.12136,-0.00285
34.6,-2.37978,1.60677,2.65596,-2.34842,1.65984,2.64787,-2.48634,1.67872,2,-2.4682,1.72394,1.99337,-1.28541,-1.90382,0,-1.20678,-1.78869,0.000156164,-1.34297,-1.98907,0,-1.3921,-2.12874,0.000771912
34.61,-2.39232,1.58803,2.65596,-2.35678,1.64732,2.64787,-2.49945,1.65915,2,-2.48202,1.7026,1.99341,-1.27043,-1.91386,0,-1.18166,-1.79085,0.000379525,-1.32732,-1.99956,0,-1.37198,-2.13755,0.00592312
34.6205,-2.40586,1.56744,2.65596,-2.37182,1.62399,2.64788,-2.5136,1.63763,2,-2.49157,1.68762,1.99346,-1.25395,-1.92469,0,-1.13246,-1.79781,0.000481248,-1.3101,-2.01088,0,-1.3577,-2.14342,0.00982096
34.6301,-2.41766,1.54919,2.65596,-2.37743,1.615,2.64788,-2.52592,1.61856,2,-2.50905,1.65969,1.99363,-1.23935,-1.93413,0,-1.11277,-1.80176,0.000129721,-1.29485,-2.02074,0,-1.33077,-2.15349,0.0165243
34.6401,-2.42981,1.53006,2.65596,-2.3905,1.5933,2.64787,-2.53861,1.59858,2,-2.51831,1.6446,1.99376,-1.22405,-1.94384,0,-1.06433,-1.81448,-0.00235311,-1.27886,-2.03089,0,-1.31604,-2.15848,0.0198555
34.6502,-2.44234,1.50998,2.65596,-2.40297,1.57143,2.64782,-2.5517,1.57759,2,-2.53395,1.61865,1.99404,-1.20798,-1.95387,0,-1.01406,-1.8324,-0.00548926,-1.26208,-2.04136,0,-1.29028,-2.16637,0.0257275
34.66,-2.45387,1.49116,2.65596,-2.4129,1.55301,2.64775,-2.56375,1.55794,2,-2.54675,1.59695,1.99432,-1.19293,-1.9631,1.46196e-18,-0.971209,-1.85188,-0.00843192,-1.24635,-2.051,0,-1.26828,-2.17234,0.0308686
34.67,-2.46571,1.4715,2.65596,-2.41483,1.5493,2.64773,-2.57613,1.53739,2,-2.55682,1.57956,1.99458,-1.1772,-1.97257,0,-0.962585,-1.85626,-0.00904537,-1.22991,-2.0609,0,-1.25027,-2.17671,0.0352503
34.68,-2.47737,1.45179,2.65596,-2.42968,1.51929,2.64755,-2.58831,1.5168,2,-2.56921,1.55776,1.99496,-1.16143,-1.9819,0,-0.894448,-1.89721,-0.0137906,-1.21344,-2.07064,0,-1.22726,-2.18169,0.0405911
34.69,-2.48886,1.432,2.65596,-2.43843,1.50016,2.6474,-2.60031,1.49612,2,-2.58136,1.53592,1.99539,-1.1456,-1.99109,0,-0.854266,-1.9279,-0.0170398,-1.1969,-2.08025,0,-1.20379,-2.18616,0.0454213
34.7001,-2.50041,1.41174,2.65596,-2.44678,1.48072,2.64721,-2.61237,1.47496,2,-2.59328,1.51404,1.99587,-1.12939,-2.00033,0,-0.816573,-1.9626,-0.0199426,-1.17997,-2.0899,0,-1.17979,-2.1902,0.0501082
34.71,-2.51155,1.39182,2.65596,-2.45476,1.46089,2.64701,-2.62402,1.45414,2,-2.60495,1.49212,1.99641,-1.11345,-2.00924,0,-0.779948,-2.00383,-0.0162102,-1.16331,-2.09922,0,-1.15378,-2.19418,0.0609524
34.7201,-2.52296,1.37103,2.65596,-2.46088,1.4447,2.64696,-2.63594,1.43242,2,-2.61068,1.48114,1.99675,-1.09682,-2.01837,-1.46196e-18,-0.748611,-2.04543,0.00337025,-1.14594,-2.10875,0,-1.13801,-2.19655,0.0772885
34.73,-2.53352,1.35141,2.65596,-2.46821,1.42403,2.64703,-2.64697,1.41192,2,-2.62523,1.45256,1.99792,-1.08113,-2.02682,0,-0.719369,-2.08674,0.0100972,-1.12954,-2.11758,0,-1.10144,-2.20145,0.0974812
34.74,-2.54484,1.32998,2.65596,-2.47527,1.40297,2.64721,-2.6588,1.38953,2,-2.6361,1.43052,1.99899,-1.06398,-2.03587,0,-0.692161,-2.1246,0.0291083,-1.11163,-2.12704,0,-1.07091,-2.20524,0.119655
34.7501,-2.55522,1.30993,2.65596,-2.48206,1.38155,2.64769,-2.66964,1.36859,2,-2.64351,1.41508,1.99992,-1.04794,-2.04417,0,-0.665594,-2.15747,0.0709166,-1.09487,-2.13571,0,-1.04604,-2.20824,0.147404
34.76,-2.56514,1.2904,2.65596,-2.48859,1.35986,2.6487,-2.68,1.34818,2,-2.65677,1.38633,2.0023,-1.03232,-2.05211,0,-0.641221,-2.18003,0.135422,-1.07854,-2.144,0,-0.99209,-2.21462,0.225296
34.77,-2.57564,1.26931,2.65596,-2.49489,1.338,2.65047,-2.69097,1.32615,2,-2.66645,1.36415,2.00495,-1.01545,-2.06051,0,-0.620366,-2.18732,0.222365,-1.06092,-2.15278,0,-0.943828,-2.22029,0.306998
34.78,-2.58545,1.2492,2.65596,-2.50101,1.31617,2.65318,-2.70122,1.30514,2,-2.67564,1.34192,2.00846,-0.999363,-2.06836,0,-0.605374,-2.17726,0.31151,-1.04411,-2.16098,0,-0.894878,-2.22588,0.387982
34.79,-2.59561,1.22795,2.65596,-2.50702,1.29448,2.65653,-2.71184,1.28294,2,-2.68439,1.31964,2.01254,-0.982364,-2.07649,0,-0.596134,-2.15941,0.355014,-1.02635,-2.16947,0,-0.857301,-2.2295,0.42421
34.8,-2.60541,1.20702,2.65596,-2.51294,1.27298,2.66023,-2.72208,1.26107,2,-2.6928,1.29733,2.0169,-0.965612,-2.08433,0,-0.588305,-2.14141,0.382927,-1.00885,-2.17766,0,-0.823345,-2.23229,0.445197
34.81,-2.61488,1.18637,2.65596,-2.51879,1.25163,2.66413,-2.73197,1.23949,2,-2.70088,1.275,2.02139,-0.949095,-2.0919,0,-0.581934,-2.12922,0.394607,-0.991595,-2.18558,0,-0.79325,-2.23418,0.450656
34.82,-2.62421,1.16557,2.65596,-2.52285,1.23675,2.66691,-2.74172,1.21777,2,-2.70866,1.25265,2.02591,-0.932457,-2.09937,0,-0.578405,-2.12315,0.401724,-0.974212,-2.19338,0,-0.76343,-2.23575,0.453857
34.8301,-2.63368,1.14401,2.65596,-2.53035,1.20922,2.67218,-2.75162,1.19524,2,-2.71616,1.23029,2.03042,-0.91521,-2.10695,0,-0.575687,-2.11295,0.404062,-0.956193,-2.20129,0,-0.736325,-2.23679,0.446506
34.84,-2.64257,1.12334,2.65596,-2.53323,1.19866,2.67419,-2.7609,1.17364,2,-2.7234,1.20792,2.0348,-0.89867,-2.11405,1.46196e-18,-0.576269,-2.10891,0.399263,-0.938912,-2.20872,0,-0.712243,-2.23726,0.4278
34.8499,-2.65139,1.10236,2.65596,-2.54191,1.16712,2.68001,-2.77011,1.15173,2,-2.73041,1.18554,2.03896,-0.881892,-2.12111,1.46196e-18,-0.58291,-2.09669,0.376761,-0.921382,-2.21609,0,-0.689497,-2.23757,0.404053
34.86,-2.66022,1.08087,2.65596,-2.54778,1.14619,2.68369,-2.77934,1.12927,2,-2.73719,1.16317,2.04287,-0.864697,-2.12818,1.46196e-18,-0.590716,-2.08909,0.357791,-0.903418,-2.22347,0,-0.667741,-2.2377,0.376622
34.87,-2.66879,1.05954,2.65596,-2.55373,1.12534,2.68717,-2.78829,1.10698,2,-2.74376,1.14079,2.04649,-0.847631,-2.13503,-1.46196e-18,-0.600954,-2.08227,0.337535,-0.885587,-2.23064,0,-0.646475,-2.2376,0.34729
34.88,-2.67746,1.03744,2.65596,-2.55919,1.10662,2.69012,-2.79735,1.08389,2,-2.74949,1.12065,2.04949,-0.829949,-2.14197,-7.3098e-19,-0.612263,-2.07692,0.319955,-0.867114,-2.23788,0,-0.627321,-2.23736,0.320913
34.8899,-2.68535,1.01683,2.65596,-2.56539,1.08588,2.69323,-2.8056,1.06236,2,-2.75566,1.09828,2.05256,-0.81346,-2.14828,0,-0.626967,-2.07205,0.301051,-0.849886,-2.24448,0,-0.606077,-2.23682,0.291656
34.9,-2.69341,0.995292,2.65596,-2.57174,1.06517,2.69615,-2.81402,1.03986,2,-2.76162,1.07592,2.05533,-0.796233,-2.15473,-7.3098e-19,-0.643691,-2.06887,0.282868,-0.831888,-2.25121,0,-0.584872,-2.23614,0.262635
34.91,-2.70123,0.973853,2.65596,-2.57826,1.04449,2.69889,-2.82219,1.01746,2,-2.76736,1.05356,2.05781,-0.779082,-2.16099,0,-0.662147,-2.06779,0.265464,-0.813969,-2.25775,0,-0.563658,-2.23537,0.234042
34.9201,-2.70916,0.951591,2.65596,-2.58498,1.02381,2.70146,-2.83047,0.994203,2,-2.77289,1.03121,2.06001,-0.761273,-2.16732,7.3098e-19,-0.681942,-2.06891,0.248784,-0.795362,-2.26438,0,-0.542388,-2.23436,0.205995
34.93,-2.71652,0.930368,2.65596,-2.59191,1.00311,2.70387,-2.83816,0.972029,2,-2.77821,1.00887,2.06193,-0.744294,-2.17321,0,-0.702659,-2.07245,0.232668,-0.777623,-2.27053,0,-0.521111,-2.23313,0.178536
34.94,-2.724,0.908217,2.65596,-2.59904,0.982352,2.70611,-2.84598,0.948886,2,-2.78331,0.986549,2.06358,-0.726573,-2.1792,0,-0.723927,-2.07864,0.217158,-0.759109,-2.27679,0,-0.499822,-2.23174,0.151887
34.95,-2.73136,0.885849,2.65596,-2.6049,0.965697,2.7078,-2.85367,0.925516,2,-2.78724,0.9687,2.06472,-0.708679,-2.18509,7.3098e-19,-0.741044,-2.08559,0.205208,-0.740413,-2.28293,0,-0.482778,-2.23053,0.131302
34.9601,-2.73816,0.86461,2.65596,-2.61242,0.944787,2.70978,-2.86077,0.903327,2,-2.79196,0.946403,2.0659,-0.691688,-2.19053,0,-0.762186,-2.09673,0.190704,-0.722661,-2.28862,0,-0.461502,-2.22883,0.106526
34.97,-2.74503,0.842528,2.65596,-2.62014,0.923753,2.71162,-2.86795,0.880256,2,-2.79647,0.924124,2.06685,-0.674022,-2.19602,-7.3098e-19,-0.782462,-2.11064,0.17619,-0.704205,-2.29436,0,-0.440396,-2.22697,0.0825743
34.98,-2.7516,0.820833,2.65596,-2.62806,0.902565,2.71331,-2.87481,0.857589,2,-2.80077,0.901863,2.06756,-0.656666,-2.20128,0,-0.801505,-2.12728,0.161715,-0.686071,-2.29985,0,-0.41946,-2.22503,0.0596401
34.9902,-2.75843,0.797562,2.65596,-2.63616,0.881199,2.71485,-2.88195,0.833276,2,-2.80486,0.879623,2.06805,-0.63805,-2.20675,0,-0.818968,-2.14639,0.147291,-0.666621,-2.30556,0,-0.39872,-2.22299,0.0378708
35,-2.76427,0.777093,2.65596,-2.64443,0.85963,2.71625,-2.88805,0.811891,2,-2.80875,0.857404,2.06832,-0.621674,-2.21141,7.3098e-19,-0.834413,-2.16767,0.132872,-0.649513,-2.31044,0,-0.378159,-2.22074,0.0173497
35.0101,-2.77052,0.754515,2.65596,-2.65031,0.844401,2.71715,-2.89458,0.788301,2,-2.81134,0.841865,2.06839,-0.603612,-2.21641,0,-0.843824,-2.18383,0.122804,-0.630641,-2.31566,0,-0.36387,-2.21914,0.00380616
35.02,-2.77627,0.73307,2.65596,-2.6588,0.82244,2.7183,-2.90059,0.765897,2,-2.81488,0.819685,2.06834,-0.586456,-2.22101,0,-0.855028,-2.20852,0.108584,-0.612717,-2.32047,0,-0.343637,-2.21684,-0.0141816
35.03,-2.78204,0.710849,2.65596,-2.66567,0.804689,2.71913,-2.90662,0.74268,2,-2.81822,0.797528,2.06812,-0.568679,-2.22563,0,-0.861874,-2.22951,0.0973419,-0.594144,-2.32529,0,-0.323657,-2.21449,-0.0305002
35.04,-2.78779,0.687956,2.65596,-2.67606,0.777737,2.7202,-2.91262,0.718763,2,-2.82136,0.775395,2.06774,-0.550365,-2.23023,0,-0.868502,-2.26282,0.0804298,-0.57501,-2.3301,0,-0.304147,-2.21226,-0.0454274
35.0501,-2.7932,0.665655,2.65596,-2.68041,0.766387,2.72058,-2.91828,0.695463,2,-2.8243,0.753283,2.06721,-0.532524,-2.23456,0,-0.869922,-2.27722,0.0734325,-0.55637,-2.33462,0,-0.285002,-2.2101,-0.0585402
35.06,-2.79847,0.643142,2.65596,-2.69346,0.731895,2.72153,-2.92378,0.671942,2,-2.82706,0.731192,2.06657,-0.514514,-2.23877,0,-0.869323,-2.32204,0.0532154,-0.537553,-2.33902,0,-0.266354,-2.20813,-0.0698996
35.0702,-2.80361,0.620348,2.65596,-2.70213,0.708521,2.722,-2.92915,0.648127,2,-2.82963,0.709119,2.06582,-0.496278,-2.24289,0,-0.864749,-2.35276,0.0399702,-0.518501,-2.34332,0,-0.248318,-2.2064,-0.0796713
35.08,-2.80829,0.598776,2.65596,-2.71074,0.684839,2.72233,-2.93405,0.625589,2,-2.83203,0.687063,2.06498,-0.479021,-2.24664,-7.3098e-19,-0.856858,-2.38365,0.0268945,-0.500471,-2.34724,0,-0.230951,-2.20487,-0.0879818
35.09,-2.8131,0.57577,2.65596,-2.71757,0.665672,2.7225,-2.93907,0.601552,2,-2.83425,0.665021,2.06407,-0.460616,-2.25048,7.3098e-19,-0.84816,-2.40803,0.0164369,-0.481242,-2.35126,0,-0.214278,-2.20361,-0.0950826
35.1,-2.81755,0.55358,2.65596,-2.72765,0.636561,2.72261,-2.94372,0.578369,2,-2.83631,0.64299,2.06308,-0.442864,-2.25404,0,-0.831061,-2.44348,0.000813724,-0.462695,-2.35498,0,-0.19835,-2.20265,-0.10109
35.11,-2.8219,0.530966,2.65596,-2.73587,0.611984,2.72255,-2.94826,0.554742,2,-2.83822,0.620967,2.06205,-0.424773,-2.25752,-7.3098e-19,-0.813151,-2.47174,-0.0120141,-0.443794,-2.35861,0,-0.1832,-2.20201,-0.105963
35.12,-2.82609,0.508207,2.65596,-2.7439,0.58713,2.72237,-2.95264,0.530964,2,-2.83998,0.598948,2.06097,-0.406566,-2.26087,0,-0.79211,-2.49873,-0.0244355,-0.424771,-2.36211,0,-0.168841,-2.20186,-0.109674
35.13,-2.83001,0.485899,2.65596,-2.7517,0.562015,2.72206,-2.95674,0.507657,2,-2.8416,0.576928,2.05986,-0.388719,-2.26401,3.6549e-19,-0.768217,-2.52393,-0.0368009,-0.406126,-2.36539,0,-0.155304,-2.20217,-0.112762
35.14,-2.83381,0.463219,2.65596,-2.75925,0.536658,2.72163,-2.96071,0.483962,2,-2.84309,0.554903,2.05872,-0.370575,-2.26705,3.6549e-19,-0.741693,-2.54709,-0.0492096,-0.38717,-2.36856,0,-0.142587,-2.20308,-0.115508
35.15,-2.83737,0.440856,2.65596,-2.76653,0.511082,2.72108,-2.96443,0.460597,2,-2.84445,0.532865,2.05755,-0.352685,-2.2699,0,-0.712748,-2.56788,-0.0615148,-0.368478,-2.37154,0,-0.130658,-2.20445,-0.117946
35.16,-2.84093,0.41734,2.65596,-2.77213,0.490478,2.72055,-2.96814,0.436028,2,-2.84546,0.515224,2.0566,-0.333872,-2.27274,3.6549e-19,-0.688028,-2.58273,-0.0712033,-0.348822,-2.37452,0,-0.12168,-2.20592,-0.119711
35.17,-2.84413,0.394908,2.65596,-2.78015,0.459366,2.71961,-2.97149,0.412592,2,-2.84685,0.488736,2.05515,-0.315926,-2.27531,3.6549e-19,-0.648633,-2.60202,-0.0850874,-0.330073,-2.37719,0,-0.109172,-2.20884,-0.121855
35.18,-2.84719,0.372264,2.65596,-2.78647,0.433277,2.7187,-2.97468,0.388934,2,-2.84789,0.466633,2.05392,-0.297811,-2.27775,0,-0.613899,-2.61523,-0.0958772,-0.311147,-2.37975,0,-0.0996042,-2.21187,-0.123157
35.19,-2.85009,0.34936,2.65596,-2.79243,0.40707,2.71769,-2.97771,0.365004,2,-2.84884,0.444497,2.05269,-0.279488,-2.28007,0,-0.577814,-2.6257,-0.106103,-0.292003,-2.38217,0,-0.0907763,-2.21543,-0.12433
35.2,-2.85277,0.326697,2.65596,-2.79802,0.380772,2.71658,-2.98052,0.341327,2,-2.84971,0.422323,2.05144,-0.261358,-2.28222,3.6549e-19,-0.540638,-2.63346,-0.115522,-0.273061,-2.38442,0,-0.082627,-2.21957,-0.125259
35.21,-2.85537,0.303182,2.65596,-2.80324,0.35441,2.71539,-2.98323,0.316759,2,-2.8505,0.400104,2.05018,-0.242546,-2.28429,0,-0.502587,-2.63847,-0.123903,-0.253407,-2.38658,0,-0.0751429,-2.22425,-0.125818
35.22,-2.85766,0.280786,2.65596,-2.80807,0.328012,2.71411,-2.98562,0.293359,2,-2.85121,0.377836,2.04892,-0.224629,-2.28613,0,-0.463941,-2.6408,-0.131282,-0.234687,-2.3885,0,-0.0682917,-2.22949,-0.126136
35.23,-2.85981,0.257901,2.65596,-2.81209,0.304243,2.7129,-2.98787,0.26945,2,-2.8518,0.357747,2.04779,-0.206321,-2.28785,0,-0.428862,-2.64068,-0.137098,-0.21556,-2.3903,0,-0.0626064,-2.23468,-0.126308
35.2407,-2.86191,0.233545,2.65596,-2.81618,0.277847,2.7115,-2.99006,0.244003,2,-2.8524,0.33537,2.04652,-0.186836,-2.28952,1.82745e-19,-0.389863,-2.6381,-0.142858,-0.195202,-2.39205,0,-0.0567796,-2.2409,-0.12664
35.2499,-2.86353,0.212666,2.65596,-2.81989,0.251489,2.71005,-2.99176,0.222189,2,-2.85294,0.312928,2.04525,-0.170133,-2.29083,0,-0.351138,-2.63318,-0.147908,-0.177751,-2.39341,0,-0.0514531,-2.24762,-0.127175
35.26,-2.86516,0.189462,2.65596,-2.82321,0.225191,2.70855,-2.99346,0.197946,2,-2.85343,0.290416,2.04398,-0.151569,-2.29213,0,-0.312895,-2.62617,-0.152266,-0.158357,-2.39477,0,-0.0465724,-2.25488,-0.127937
35.2701,-2.8666,0.166311,2.65596,-2.82615,0.198972,2.707,-2.99496,0.173759,2,-2.85387,0.267828,2.04269,-0.133049,-2.29328,-1.82745e-19,-0.275332,-2.6172,-0.15597,-0.139007,-2.39597,0,-0.0420688,-2.26265,-0.128956
35.2801,-2.86784,0.14333,2.65596,-2.82872,0.172853,2.70543,-2.99626,0.149748,2,-2.85427,0.245161,2.0414,-0.114664,-2.29427,0,-0.238705,-2.60638,-0.159148,-0.119798,-2.39701,0,-0.037956,-2.27082,-0.130334
35.2902,-2.8689,0.120373,2.65596,-2.83092,0.14685,2.70382,-2.99736,0.125764,2,-2.85463,0.22241,2.04009,-0.0962986,-2.29512,-1.82745e-19,-0.203228,-2.59405,-0.161968,-0.100611,-2.39789,0,-0.0342208,-2.27946,-0.132191
35.3,-2.86975,0.0979033,2.65596,-2.83278,0.120976,2.70219,-2.99826,0.102287,2,-2.85496,0.199571,2.03875,-0.0783226,-2.2958,0,-0.168814,-2.58038,-0.164163,-0.0818299,-2.3986,0,-0.0307043,-2.28853,-0.134205
35.31,-2.87044,0.0748844,2.65596,-2.8343,0.0952464,2.70054,-2.99898,0.0782377,2,-2.85525,0.176639,2.0374,-0.0599075,-2.29635,0,-0.135513,-2.56547,-0.16561,-0.0625901,-2.39918,0,-0.0273935,-2.29799,-0.136196
35.32,-2.87095,0.0519316,2.65596,-2.8355,0.06967,2.69888,-2.99951,0.0542571,2,-2.85551,0.153609,2.03603,-0.0415453,-2.29676,-4.56862e-20,-0.103447,-2.54967,-0.166401,-0.0434056,-2.39961,0,-0.0242872,-2.30798,-0.138185
35.33,-2.87128,0.0287398,2.65596,-2.83638,0.0442558,2.69722,-2.99985,0.0300267,2,-2.85573,0.130478,2.03464,-0.0229918,-2.29702,-2.28431e-20,-0.072605,-2.53302,-0.166493,-0.0240214,-2.39988,0,-0.0213078,-2.31833,-0.140053
35.3403,-2.87141,0.00506672,2.65596,-2.83695,0.0190123,2.69555,-3,0.00529361,2,-2.85593,0.107242,2.03323,-0.00405338,-2.29713,-5.71078e-21,-0.0429958,-2.5156,-0.165897,-0.00423489,-2.4,0,-0.0183942,-2.32888,-0.141729
35.35,-2.87137,-0.0169113,2.65596,-2.83724,-0.00605464,2.6939,-2.99995,-0.0176686,2,-2.8561,0.083899,2.0318,0.0135291,-2.2971,0,-0.0147075,-2.49774,-0.164913,0.0141349,-2.39996,0,-0.0155228,-2.33974,-0.143423
35.36,-2.87114,-0.0402666,2.65596,-2.83725,-0.0309411,2.69226,-2.99971,-0.0420697,2,-2.85624,0.0604466,2.03036,0.0322133,-2.29691,0,0.0123886,-2.4795,-0.163395,0.0336558,-2.39976,0,-0.0125955,-2.35077,-0.144904
35.37,-2.87073,-0.0627428,2.65596,-2.837,-0.0556444,2.69063,-2.99928,-0.0655524,2,-2.85635,0.0368826,2.02891,0.0501942,-2.29659,9.13725e-20,0.0382907,-2.46114,-0.161319,0.0524419,-2.39943,0,-0.00959866,-2.36207,-0.146066
35.38,-2.87014,-0.0857977,2.65596,-2.83649,-0.0801641,2.68903,-2.99866,-0.0896397,2,-2.85643,0.0132043,2.02744,0.0686382,-2.29611,-9.13725e-20,0.062995,-2.4428,-0.158716,0.0717118,-2.39893,0,-0.00652814,-2.3736,-0.146854
35.39,-2.86935,-0.108996,2.65596,-2.83574,-0.104501,2.68746,-2.99784,-0.113876,2,-2.85648,-0.0105898,2.02597,0.0871964,-2.29548,9.13725e-20,0.0864651,-2.42454,-0.155648,0.091101,-2.39827,0,-0.00342123,-2.38525,-0.147252
35.4001,-2.86837,-0.132224,2.65596,-2.83476,-0.128655,2.68592,-2.99682,-0.138145,2,-2.8565,-0.0345007,2.0245,0.10578,-2.2947,0,0.108839,-2.40644,-0.152209,0.110516,-2.39745,0,-0.000149862,-2.39692,-0.147273
35.41,-2.86726,-0.154481,2.65596,-2.83357,-0.15263,2.68442,-2.99566,-0.161399,2,-2.85649,-0.0585279,2.02303,0.123585,-2.29381,0,0.130139,-2.38854,-0.148446,0.129119,-2.39652,0,0.00327878,-2.40849,-0.146888
35.42,-2.86592,-0.177573,2.65596,-2.83231,-0.174055,2.6831,-2.99426,-0.185525,2,-2.85644,-0.0802505,2.02171,0.142058,-2.29274,0,0.148454,-2.37267,-0.144784,0.14842,-2.39541,0,0.00652267,-2.41876,-0.146144
35.43,-2.86441,-0.200563,2.65596,-2.83073,-0.197696,2.68167,-2.99267,-0.209545,2,-2.85636,-0.104495,2.02025,0.160451,-2.29153,-1.82745e-19,0.167862,-2.35552,-0.140698,0.167636,-2.39414,0,0.0103036,-2.43005,-0.145096
35.44,-2.8627,-0.223603,2.65596,-2.82896,-0.221168,2.68029,-2.99089,-0.233616,2,-2.85624,-0.128851,2.01881,0.178882,-2.29016,0,0.186386,-2.33899,-0.136416,0.186892,-2.39271,0,0.0142722,-2.44123,-0.143588
35.45,-2.86084,-0.246279,2.65596,-2.82741,-0.239828,2.67921,-2.98895,-0.257308,2,-2.85611,-0.148416,2.01767,0.197024,-2.28867,0,0.200628,-2.32622,-0.132854,0.205846,-2.39116,0,0.0176137,-2.45002,-0.142023
35.46,-2.85875,-0.269443,2.65596,-2.82596,-0.256074,2.67829,-2.98676,-0.281509,2,-2.85597,-0.165593,2.01668,0.215554,-2.287,0,0.212657,-2.3154,-0.129822,0.225207,-2.38941,0,0.0206439,-2.45757,-0.140554
35.47,-2.85654,-0.291927,2.65596,-2.82375,-0.279153,2.67701,-2.98446,-0.304999,2,-2.85575,-0.190222,2.01528,0.233541,-2.28523,0,0.229268,-2.30073,-0.125781,0.243999,-2.38756,0,0.0251974,-2.46813,-0.138412
35.4801,-2.85405,-0.315314,2.65596,-2.82138,-0.302092,2.67577,-2.98186,-0.329433,2,-2.85547,-0.214955,2.01391,0.252251,-2.28324,3.6549e-19,0.245392,-2.28715,-0.121676,0.263547,-2.38549,0,0.030063,-2.47854,-0.135783
35.49,-2.8515,-0.337599,2.65596,-2.81885,-0.324899,2.67458,-2.97919,-0.352716,2,-2.85514,-0.239791,2.01257,0.270079,-2.2812,0,0.261104,-2.27448,-0.117384,0.282173,-2.38335,0,0.0353019,-2.48862,-0.132534
35.5,-2.8487,-0.360481,2.65596,-2.81616,-0.347585,2.67343,-2.97627,-0.376624,2,-2.85476,-0.264726,2.01126,0.288385,-2.27896,3.6549e-19,0.276381,-2.26274,-0.113049,0.301299,-2.38101,0,0.0408565,-2.49835,-0.128801
35.51,-2.84568,-0.383582,2.65596,-2.81332,-0.370158,2.67232,-2.97311,-0.400758,2,-2.85432,-0.289758,2.00999,0.306865,-2.27655,-3.6549e-19,0.291364,-2.25205,-0.108739,0.320607,-2.37849,0,0.0467782,-2.50786,-0.12465
35.52,-2.84258,-0.405945,2.65596,-2.81033,-0.392629,2.67125,-2.96987,-0.424123,2,-2.85383,-0.314883,2.00877,0.324756,-2.27406,0,0.306123,-2.24235,-0.104446,0.339298,-2.3759,0,0.0530699,-2.51704,-0.12007
35.53,-2.83919,-0.429017,2.65596,-2.8072,-0.415008,2.67023,-2.96633,-0.448228,2,-2.85326,-0.340097,2.00759,0.343214,-2.27135,0,0.320745,-2.23359,-0.100222,0.358583,-2.37306,0,0.0597704,-2.52582,-0.115118
35.54,-2.83568,-0.451658,2.65596,-2.80392,-0.437304,2.66925,-2.96266,-0.471883,2,-2.85263,-0.365398,2.00647,0.361326,-2.26854,0,0.335309,-2.22575,-0.0960858,0.377506,-2.37012,0,0.0669041,-2.53422,-0.109826
35.55,-2.83199,-0.474212,2.65596,-2.80084,-0.457307,2.6684,-2.95881,-0.495447,2,-2.852,-0.388238,2.0055,0.37937,-2.26559,3.6549e-19,0.348423,-2.21941,-0.0924663,0.396358,-2.36704,0,0.0737116,-2.54137,-0.104812
35.56,-2.82808,-0.497029,2.65596,-2.79728,-0.479469,2.66749,-2.95472,-0.519285,2,-2.85122,-0.41369,2.00448,0.397623,-2.26246,7.3098e-19,0.363052,-2.21316,-0.0885632,0.415428,-2.36377,0,0.0817008,-2.54887,-0.0989824
35.57,-2.824,-0.519659,2.65596,-2.79358,-0.501572,2.66663,-2.95046,-0.542929,2,-2.85036,-0.439214,2.00352,0.415727,-2.2592,0,0.377752,-2.20765,-0.0847735,0.434343,-2.36037,0,0.0900965,-2.55581,-0.0928842
35.58,-2.81977,-0.542169,2.65596,-2.79051,-0.519217,2.66596,-2.94604,-0.566447,2,-2.84961,-0.459681,2.0028,0.433735,-2.25582,0,0.389619,-2.20368,-0.0818543,0.453158,-2.35683,0,0.0971489,-2.56089,-0.0878587
35.59,-2.81539,-0.564484,2.65596,-2.78735,-0.536832,2.66532,-2.94146,-0.589761,2,-2.84881,-0.480187,2.00212,0.451587,-2.25231,0,0.401583,-2.20011,-0.0790788,0.471809,-2.35317,0,0.104488,-2.56556,-0.0827611
35.6,-2.81068,-0.587458,2.65596,-2.78326,-0.558813,2.66454,-2.93654,-0.613764,2,-2.84771,-0.50587,2.00132,0.469966,-2.24855,7.3098e-19,0.416772,-2.19622,-0.075729,0.491011,-2.34924,0,0.114089,-2.57085,-0.0762169
35.61,-2.80597,-0.609567,2.65596,-2.77901,-0.58076,2.6638,-2.93162,-0.636863,2,-2.84652,-0.531603,2.00059,0.487653,-2.24478,0,0.432256,-2.19319,-0.0725327,0.50949,-2.3453,0,0.124158,-2.57567,-0.0695189
35.62,-2.80089,-0.632492,2.65596,-2.77461,-0.602679,2.66309,-2.92632,-0.660815,2,-2.84523,-0.557381,1.99993,0.505994,-2.24071,0,0.447973,-2.19079,-0.0695514,0.528652,-2.34105,0,0.134664,-2.57985,-0.062763
35.63,-2.79588,-0.654298,2.65596,-2.77005,-0.624577,2.66241,-2.92108,-0.683597,2,-2.84383,-0.583198,1.99934,0.523439,-2.2367,0,0.463941,-2.18901,-0.0667885,0.546878,-2.33686,0,0.145634,-2.58349,-0.0559895
35.64,-2.79053,-0.676747,2.65596,-2.76533,-0.646461,2.66176,-2.91549,-0.707052,2,-2.84231,-0.609049,1.99881,0.541398,-2.23242,-7.3098e-19,0.480202,-2.18779,-0.0642052,0.565641,-2.33239,0,0.157082,-2.58659,-0.0491887
35.65,-2.78497,-0.699273,2.65596,-2.76044,-0.668334,2.66113,-2.90968,-0.730586,2,-2.84068,-0.634927,1.99836,0.559419,-2.22798,7.3098e-19,0.496765,-2.18691,-0.061794,0.584469,-2.32774,0,0.169014,-2.58902,-0.0423826
35.66,-2.77938,-0.721193,2.65596,-2.75539,-0.690201,2.66052,-2.90383,-0.753487,2,-2.83893,-0.660828,1.99797,0.576954,-2.2235,7.3098e-19,0.513597,-2.18651,-0.0595433,0.60279,-2.32307,0,0.181405,-2.59097,-0.0355897
35.67,-2.77347,-0.7436,2.65596,-2.75017,-0.712066,2.65993,-2.89766,-0.776898,2,-2.83705,-0.686745,1.99764,0.59488,-2.21877,0,0.530732,-2.18639,-0.057442,0.621518,-2.31813,0,0.194292,-2.59233,-0.0288261
35.68,-2.7674,-0.765864,2.65596,-2.74478,-0.73393,2.65937,-2.89132,-0.800159,2,-2.83504,-0.712672,1.99739,0.612691,-2.21392,1.46196e-18,0.54818,-2.18645,-0.0554612,0.640127,-2.31306,0,0.207697,-2.59306,-0.0220903
35.69,-2.76124,-0.787792,2.65596,-2.73921,-0.755795,2.65882,-2.88488,-0.823069,2,-2.8329,-0.738604,1.9972,0.630234,-2.20899,0,0.565974,-2.18669,-0.0535936,0.658455,-2.30791,0,0.221668,-2.59324,-0.0154003
35.7,-2.75484,-0.80988,2.65596,-2.73346,-0.777663,2.6583,-2.8782,-0.846146,2,-2.83061,-0.764535,1.99708,0.647904,-2.20387,0,0.584036,-2.18698,-0.0518591,0.676917,-2.30256,0,0.236144,-2.59279,-0.00880065
35.71,-2.74826,-0.831951,2.65596,-2.72753,-0.799535,2.65779,-2.87132,-0.869206,2,-2.82817,-0.790458,1.99703,0.665561,-2.1986,0,0.602345,-2.18739,-0.0502243,0.695365,-2.29706,0,0.251135,-2.59182,-0.0022833
35.7201,-2.74146,-0.854069,2.65596,-2.72265,-0.817035,2.65739,-2.86422,-0.892314,2,-2.82559,-0.816369,1.99704,0.683255,-2.19317,0,0.617104,-2.18764,-0.0489713,0.713851,-2.29138,0,0.266579,-2.59021,0.00415228
35.73,-2.73465,-0.875631,2.65596,-2.71511,-0.843289,2.65681,-2.85711,-0.914841,2,-2.82284,-0.84226,1.99711,0.700505,-2.18772,0,0.639476,-2.18794,-0.0471711,0.731873,-2.28569,0,0.282522,-2.58801,0.0104969
35.74,-2.72753,-0.897576,2.65596,-2.70993,-0.860793,2.65644,-2.84966,-0.937769,2,-2.82053,-0.862956,1.99721,0.718061,-2.18202,0,0.654525,-2.18802,-0.0462665,0.750215,-2.27973,0,0.295621,-2.5858,0.0152502
35.7501,-2.72007,-0.919921,2.65596,-2.70329,-0.882673,2.65598,-2.84188,-0.961114,2,-2.81749,-0.888798,1.99739,0.735936,-2.17606,-7.3098e-19,0.673464,-2.18798,-0.0452995,0.768891,-2.2735,0,0.312466,-2.5825,0.0209645
35.76,-2.71282,-0.941092,2.65596,-2.69784,-0.900176,2.65562,-2.8343,-0.983234,2,-2.81493,-0.909446,1.99758,0.752874,-2.17026,-7.3098e-19,0.688765,-2.18777,-0.0445,0.786587,-2.26744,0,0.326358,-2.57941,0.0255019
35.77,-2.70521,-0.962748,2.65596,-2.69086,-0.922052,2.65518,-2.82635,-1.00586,2,-2.81158,-0.935219,1.99786,0.770198,-2.16417,7.3098e-19,0.70814,-2.18742,-0.0434606,0.804687,-2.26108,0,0.34429,-2.57509,0.031128
35.78,-2.69741,-0.984406,2.65596,-2.68368,-0.943924,2.65475,-2.81819,-1.02849,2,-2.80805,-0.960946,1.9982,0.787525,-2.15792,0,0.727754,-2.18685,-0.042419,0.822789,-2.25455,0,0.362829,-2.57017,0.0366435
35.79,-2.68943,-1.006,2.65596,-2.6778,-0.961416,2.65442,-2.80986,-1.05104,2,-2.80432,-0.98662,1.99859,0.804797,-2.15154,7.3098e-19,0.743536,-2.18619,-0.0415926,0.840835,-2.24789,0,0.381906,-2.56459,0.0420136
35.8,-2.68123,-1.02765,2.65596,-2.66873,-0.987642,2.65393,-2.80129,-1.07367,2,-2.80041,-1.01224,1.99904,0.822119,-2.14498,7.3098e-19,0.767337,-2.18479,-0.0403481,0.858933,-2.24103,0,0.40156,-2.55837,0.0472261
35.81,-2.67297,-1.04893,2.65596,-2.66096,-1.00948,2.65353,-2.79267,-1.0959,2,-2.79629,-1.03779,1.99954,0.839145,-2.13838,0,0.787281,-2.18337,-0.0394569,0.876722,-2.23413,0,0.421755,-2.55164,0.0521201
35.82,-2.66443,-1.07045,2.65596,-2.65459,-1.02695,2.65321,-2.78374,-1.11839,2,-2.79197,-1.06327,2.00008,0.856363,-2.13154,1.46196e-18,0.803269,-2.18216,-0.0387816,0.89471,-2.22699,0,0.442499,-2.54455,0.0567736
35.83,-2.65574,-1.09183,2.65596,-2.64481,-1.05312,2.65276,-2.77466,-1.14072,2,-2.78744,-1.08867,2.00067,0.873463,-2.12459,0,0.827239,-2.17985,-0.037706,0.912577,-2.21973,0,0.463788,-2.53688,0.0612567
35.84,-2.64692,-1.11303,2.65596,-2.63644,-1.07491,2.65238,-2.76545,-1.16287,2,-2.78269,-1.114,2.00131,0.890427,-2.11754,0,0.847224,-2.1775,-0.0369141,0.9303,-2.21236,0,0.485608,-2.52865,0.0654026
35.85,-2.63788,-1.1343,2.65596,-2.62787,-1.09667,2.65202,-2.756,-1.1851,2,-2.77772,-1.13925,2.00198,0.907444,-2.1103,0,0.867163,-2.17462,-0.0361432,0.948079,-2.2048,0,0.507967,-2.51978,0.0692725
35.86,-2.62886,-1.15505,2.65596,-2.6191,-1.1184,2.65166,-2.74658,-1.20677,2,-2.77253,-1.1644,2.00269,0.924036,-2.10309,-1.46196e-18,0.886977,-2.17127,-0.0352799,0.965414,-2.19727,0,0.53083,-2.51037,0.0729585
35.87,-2.61958,-1.17594,2.65596,-2.61013,-1.14009,2.65131,-2.73689,-1.2286,2,-2.76711,-1.18945,2.00344,0.940751,-2.09567,0,0.906674,-2.16734,-0.0343596,0.982877,-2.18951,0,0.554192,-2.50033,0.076415
35.88,-2.60975,-1.1976,2.65596,-2.60281,-1.15741,2.65104,-2.72662,-1.25122,2,-2.7626,-1.20942,2.00406,0.958076,-2.0878,-1.46196e-18,0.922358,-2.16387,-0.033582,1.00098,-2.18129,0,0.573259,-2.49193,0.0790043
35.89,-2.60044,-1.21769,2.65596,-2.5916,-1.18335,2.65064,-2.71689,-1.27222,2,-2.75554,-1.23924,2.00503,0.974151,-2.08035,-1.46196e-18,0.945702,-2.15813,-0.0324094,1.01777,-2.17351,0,0.602447,-2.47877,0.0825131
35.9,-2.5906,-1.23849,2.65596,-2.58205,-1.2049,2.65032,-2.7066,-1.29395,2,-2.74939,-1.26397,2.00587,0.990791,-2.07248,1.46196e-18,0.964844,-2.15273,-0.0315934,1.03516,-2.16528,0,0.627112,-2.46713,0.0849228
35.91,-2.58042,-1.25957,2.65596,-2.57231,-1.2264,2.65001,-2.69597,-1.31597,2,-2.743,-1.28859,2.00673,1.00765,-2.06433,-1.46196e-18,0.983696,-2.14672,-0.0307751,1.05277,-2.15677,0,0.652149,-2.45485,0.0869845
35.9201,-2.57002,-1.28064,2.65596,-2.56438,-1.24355,2.64977,-2.68511,-1.33798,2,-2.7377,-1.30818,2.00743,1.02451,-2.05602,0,0.998613,-2.14156,-0.0300373,1.07039,-2.14809,0,0.672513,-2.44468,0.0884524
35.93,-2.55994,-1.30067,2.65596,-2.55835,-1.25639,2.64959,-2.67458,-1.35891,2,-2.73015,-1.335,2.00841,1.04053,-2.04796,-1.46196e-18,1.00969,-2.13742,-0.0294629,1.08713,-2.13966,0,0.70093,-2.4301,0.0901173
35.94,-2.5495,-1.32102,2.65596,-2.543,-1.28837,2.64916,-2.66367,-1.38017,2,-2.72301,-1.35923,2.00932,1.05682,-2.0396,-1.46196e-18,1.03716,-2.12654,-0.0281538,1.10414,-2.13093,0,0.727215,-2.41644,0.091148
35.9499,-2.53884,-1.3414,2.65596,-2.53254,-1.3096,2.64888,-2.65252,-1.40147,2,-2.7156,-1.38332,2.01023,1.07312,-2.03107,1.46196e-18,1.05534,-2.1189,-0.0276382,1.12118,-2.12202,0,0.753866,-2.40235,0.0914993
35.9601,-2.528,-1.36171,2.65596,-2.5219,-1.33075,2.64861,-2.6412,-1.42269,2,-2.70793,-1.40727,2.01115,1.08937,-2.0224,1.46196e-18,1.07334,-2.1109,-0.0271405,1.13815,-2.11296,0,0.780957,-2.38784,0.0914318
35.97,-2.51714,-1.38169,2.65596,-2.51325,-1.34761,2.64839,-2.62986,-1.44356,2,-2.69998,-1.43108,2.01206,1.10535,-2.01371,0,1.08754,-2.10425,-0.0265539,1.15485,-2.10388,0,0.808466,-2.37299,0.0912092
35.98,-2.5059,-1.40197,2.65596,-2.50008,-1.3728,2.64808,-2.61811,-1.46475,2,-2.69176,-1.45473,2.01297,1.12158,-2.00472,0,1.10851,-2.09393,-0.0254141,1.1718,-2.09449,0,0.836298,-2.35781,0.0907847
35.99,-2.49468,-1.42183,2.65596,-2.49451,-1.38326,2.64795,-2.60639,-1.4855,2,-2.68325,-1.47823,2.01388,1.13747,-1.99575,0,1.11717,-2.08956,-0.0248763,1.1884,-2.08511,0,0.86449,-2.3424,0.0900904
36,-2.48319,-1.44181,2.65596,-2.47756,-1.4145,2.64759,-2.59439,-1.50637,2,-2.67447,-1.50158,2.01477,1.15345,-1.98655,-1.46196e-18,1.14271,-2.07609,-0.0234948,1.2051,-2.07551,0,0.892877,-2.32673,0.0887317
36.01,-2.47168,-1.46145,2.65596,-2.46605,-1.43521,2.64736,-2.58236,-1.5269,2,-2.6654,-1.52477,2.01565,1.16916,-1.97734,-1.46196e-18,1.15929,-2.06672,-0.0230506,1.22152,-2.06589,0,0.921325,-2.31067,0.086626
36.02,-2.46,-1.48103,2.65596,-2.45438,-1.45583,2.64713,-2.57015,-1.54735,2,-2.65604,-1.54779,2.0165,1.18483,-1.968,1.46196e-18,1.17563,-2.05713,-0.0224673,1.23788,-2.05612,0,0.950081,-2.29433,0.0842501
36.03,-2.4481,-1.50061,2.65596,-2.44254,-1.47635,2.64691,-2.55773,-1.56781,2,-2.64639,-1.57065,2.01733,1.20049,-1.95848,0,1.19172,-2.04717,-0.0215189,1.25425,-2.04618,0,0.979179,-2.27762,0.081818
36.0401,-2.43577,-1.52055,2.65596,-2.43054,-1.49678,2.6467,-2.54484,-1.58864,2,-2.63645,-1.59334,2.01814,1.21644,-1.94862,1.46196e-18,1.20764,-2.0368,-0.0202912,1.27091,-2.03587,0,1.00862,-2.26048,0.0792707
36.05,-2.42354,-1.53997,2.65596,-2.41839,-1.51709,2.64651,-2.53206,-1.60893,2,-2.62622,-1.61586,2.01892,1.23198,-1.93883,0,1.22338,-2.02611,-0.0188404,1.28715,-2.02565,0,1.03836,-2.24298,0.0765623
36.0601,-2.41131,-1.55905,2.65596,-2.41225,-1.52721,2.64642,-2.51928,-1.62887,2,-2.61569,-1.6382,2.01967,1.24724,-1.92905,0,1.23115,-2.02064,-0.0180385,1.30309,-2.01543,0,1.06829,-2.22509,0.0736718
36.07,-2.39869,-1.5784,2.65596,-2.39986,-1.54736,2.64624,-2.5061,-1.64908,2,-2.60485,-1.66036,2.02039,1.26272,-1.91895,0,1.24646,-2.00946,-0.0164987,1.31926,-2.00488,0,1.0982,-2.2069,0.0700856
36.0801,-2.38599,-1.59753,2.65596,-2.381,-1.57737,2.64601,-2.49284,-1.66906,2,-2.59372,-1.68234,2.02107,1.27802,-1.90879,1.46196e-18,1.26895,-1.99222,-0.0146313,1.33525,-1.99427,0,1.12818,-2.1883,0.0662182
36.09,-2.37302,-1.61673,2.65596,-2.36823,-1.59724,2.64587,-2.47928,-1.68913,2,-2.58229,-1.70413,2.02171,1.29339,-1.89842,1.46196e-18,1.28378,-1.98078,-0.013733,1.3513,-1.98343,0,1.15821,-2.16968,0.0616827
36.1,-2.35998,-1.63571,2.65596,-2.35532,-1.61699,2.64574,-2.46566,-1.70896,2,-2.57056,-1.72573,2.0223,1.30857,-1.88798,0,1.29835,-1.9692,-0.0127587,1.36717,-1.97253,0,1.18836,-2.15084,0.0568985
36.11,-2.34691,-1.65441,2.65596,-2.34881,-1.62682,2.64567,-2.452,-1.72849,2,-2.55852,-1.74714,2.02285,1.32353,-1.87753,-1.46196e-18,1.30555,-1.96331,-0.0121441,1.38279,-1.9616,0,1.21866,-2.13171,0.0521363
36.1201,-2.33355,-1.67319,2.65596,-2.33172,-1.65224,2.64553,-2.43805,-1.74812,2,-2.54868,-1.76414,2.02325,1.33855,-1.86684,0,1.32402,-1.94776,-0.0104722,1.39849,-1.95044,0,1.2429,-2.11624,0.0481051
36.1301,-2.32008,-1.69183,2.65596,-2.32108,-1.66778,2.64545,-2.42397,-1.76759,2,-2.53864,-1.781,2.02362,1.35346,-1.85606,0,1.33527,-1.93815,-0.00967308,1.41407,-1.93918,0,1.26713,-2.10071,0.0437657
36.14,-2.30667,-1.71006,2.65596,-2.30496,-1.69095,2.64534,-2.40996,-1.78664,2,-2.52321,-1.80607,2.0241,1.36805,-1.84534,0,1.35221,-1.92381,-0.0082696,1.42931,-1.92797,0,1.30368,-2.07728,0.0372169
36.15,-2.29278,-1.72864,2.65596,-2.29818,-1.70056,2.6453,-2.39545,-1.80605,2,-2.51002,-1.82675,2.02445,1.38291,-1.83423,0,1.35922,-1.91777,-0.00759135,1.44484,-1.91636,0,1.33417,-2.05743,0.0317707
36.16,-2.27897,-1.74681,2.65596,-2.27763,-1.72919,2.6452,-2.38102,-1.82504,2,-2.49653,-1.84722,2.02474,1.39745,-1.82317,0,1.37998,-1.89949,-0.00572834,1.46003,-1.90481,0,1.36453,-2.03745,0.025967
36.17,-2.265,-1.76488,2.65596,-2.26516,-1.74623,2.64515,-2.36643,-1.84392,2,-2.48412,-1.86548,2.02495,1.41191,-1.812,-1.46196e-18,1.39227,-1.88852,-0.00518562,1.47513,-1.89314,0,1.39164,-2.0194,0.0202002
36.1799,-2.25092,-1.78281,2.65596,-2.25117,-1.76506,2.6451,-2.35171,-1.86264,2,-2.47006,-1.88557,2.02512,1.42625,-1.80074,1.46196e-18,1.40587,-1.87626,-0.00450077,1.49011,-1.88137,0,1.42175,-1.99916,0.0137842
36.19,-2.23655,-1.8008,2.65596,-2.23704,-1.78376,2.64506,-2.33671,-1.88144,2,-2.45569,-1.90546,2.02522,1.44064,-1.78924,0,1.41941,-1.86383,-0.00339739,1.50515,-1.86936,0,1.45192,-1.97869,0.00768596
36.2,-2.22183,-1.81893,2.65596,-2.22278,-1.80233,2.64504,-2.32133,-1.90038,2,-2.44102,-1.92514,2.02527,1.45514,-1.77747,0,1.43295,-1.85128,-0.00196757,1.52031,-1.85706,0,1.48214,-1.95803,0.00186441
36.2101,-2.20712,-1.83676,2.65596,-2.20838,-1.82078,2.64502,-2.30595,-1.91901,2,-2.42605,-1.94462,2.02526,1.46941,-1.76569,0,1.44643,-1.8386,-0.000312766,1.53521,-1.84476,0,1.51228,-1.93716,-0.00374809
36.22,-2.19249,-1.85419,2.65596,-2.20113,-1.82996,2.64502,-2.29067,-1.93722,2,-2.41077,-1.96388,2.0252,1.48335,-1.754,-1.46196e-18,1.45313,-1.83219,0.000577989,1.54978,-1.83254,0,1.54238,-1.91609,-0.00920205
36.23,-2.1774,-1.87189,2.65596,-2.1836,-1.85185,2.64504,-2.27491,-1.95571,2,-2.40302,-1.97344,2.02514,1.49751,-1.74192,1.46196e-18,1.46927,-1.81674,0.00257155,1.56457,-1.81993,0,1.55738,-1.90553,-0.0119695
36.24,-2.16269,-1.88887,2.65596,-2.17032,-1.86815,2.64507,-2.25953,-1.97346,2,-2.38571,-1.99427,2.02498,1.5111,-1.73015,0,1.48126,-1.8051,0.00376344,1.57876,-1.80762,0,1.59002,-1.88222,-0.0183297
36.25,-2.14743,-1.9062,2.65596,-2.15245,-1.88972,2.64513,-2.24359,-1.99155,2,-2.36642,-2.0167,2.02472,1.52496,-1.71795,1.46196e-18,1.49729,-1.78958,0.00554174,1.59324,-1.79487,0,1.62534,-1.85662,-0.0248996
36.26,-2.13242,-1.92298,2.65596,-2.13741,-1.90755,2.64519,-2.22791,-2.00909,2,-2.35002,-2.03516,2.02444,1.53838,-1.70593,1.46196e-18,1.51062,-1.77662,0.00706941,1.60727,-1.78232,0,1.65452,-1.8352,-0.0301764
36.27,-2.11669,-1.94028,2.65596,-2.1268,-1.91996,2.64524,-2.21147,-2.02716,2,-2.33837,-2.04796,2.02422,1.55222,-1.69335,0,1.5199,-1.76748,0.00814073,1.62173,-1.76918,0,1.67479,-1.82013,-0.0337756
36.2802,-2.10086,-1.95741,2.65596,-2.11919,-1.92878,2.64529,-2.19493,-2.04506,2,-2.32996,-2.05703,2.02404,1.56593,-1.68068,0,1.52652,-1.76095,0.00887135,1.63605,-1.75594,0,1.68921,-1.80938,-0.0363263
36.29,-2.08464,-1.97467,2.65596,-2.10386,-1.94632,2.64538,-2.17799,-2.0631,2,-2.3043,-2.08393,2.02344,1.57974,-1.66771,1.46196e-18,1.53975,-1.74779,0.0100338,1.65048,-1.74239,0,1.73186,-1.777,-0.0443291
36.3,-2.06898,-1.99107,2.65596,-2.08373,-1.96893,2.64552,-2.16163,-2.08023,2,-2.28684,-2.10159,2.02297,1.59286,-1.65518,0,1.55706,-1.73055,0.0108358,1.66419,-1.7293,0,1.75984,-1.7553,-0.0496115
36.3102,-2.05277,-2.00778,2.65596,-2.06809,-1.98617,2.64563,-2.14469,-2.09769,2,-2.27267,-2.11556,2.02256,1.60622,-1.64222,-1.46196e-18,1.57063,-1.7173,0.0113632,1.67815,-1.71575,0,1.78198,-1.73788,-0.0537596
36.3201,-2.03611,-2.02467,2.65596,-2.05231,-2.00328,2.64575,-2.12729,-2.11534,2,-2.25109,-2.13626,2.02187,1.61974,-1.62889,0,1.58428,-1.70401,0.0117623,1.69227,-1.70183,0,1.81487,-1.71167,-0.0597391
36.3321,-2.01696,-2.04375,2.65596,-2.0364,-2.02025,2.64587,-2.10728,-2.13527,2,-2.23281,-2.15327,2.02125,1.635,-1.61357,0,1.59801,-1.69058,0.0123618,1.70822,-1.68582,0,1.84201,-1.68972,-0.0642055
36.3431,-1.99966,-2.06068,2.65596,-2.02035,-2.03709,2.64599,-2.0892,-2.15296,2,-2.21799,-2.16672,2.02073,1.64855,-1.59973,-1.46196e-18,1.61178,-1.67693,0.0131034,1.72237,-1.67136,0,1.86348,-1.67207,-0.0674608
36.3501,-1.98798,-2.07195,2.65596,-2.00417,-2.05379,2.64613,-2.077,-2.16473,2,-2.19922,-2.18333,2.02003,1.65756,-1.59038,0,1.62576,-1.66327,0.0138988,1.73179,-1.6616,0,1.89014,-1.65007,-0.0711948
36.36,-1.9711,-2.08802,2.65596,-1.99112,-2.06705,2.64624,-2.05936,-2.18152,2,-2.18018,-2.19972,2.0193,1.67041,-1.57688,0,1.63705,-1.6523,0.0144024,1.74521,-1.64749,0,1.91644,-1.62814,-0.074781
36.3702,-1.95419,-2.10385,2.65596,-1.97962,-2.07858,2.64634,-2.0417,-2.19806,2,-2.17057,-2.20783,2.01893,1.68308,-1.56335,1.46196e-18,1.64693,-1.64272,0.0147133,1.75845,-1.63336,0,1.92942,-1.61722,-0.0765125
36.38,-1.93773,-2.11902,2.65596,-1.95809,-2.09982,2.64654,-2.0245,-2.21391,2,-2.14527,-2.22867,2.0179,1.69522,-1.55018,-1.46196e-18,1.66541,-1.62489,0.0151987,1.77113,-1.6196,0,1.96286,-1.58902,-0.0807199
36.3905,-1.92022,-2.1349,2.65596,-1.94975,-2.10793,2.64661,-2.00621,-2.2305,2,-2.13542,-2.23659,2.0175,1.70792,-1.53618,-1.46196e-18,1.67255,-1.61801,0.0152357,1.7844,-1.60497,0,1.97551,-1.57824,-0.0823139
36.4001,-1.90359,-2.14974,2.65596,-1.9245,-2.13204,2.64684,-1.98883,-2.24601,2,-2.10551,-2.26002,2.01622,1.7198,-1.52287,-1.46196e-18,1.69382,-1.59734,0.0141818,1.79681,-1.59106,0,2.01246,-1.54615,-0.087669
36.4101,-1.88621,-2.16501,2.65596,-1.9109,-2.14478,2.64695,-1.97067,-2.26196,2,-2.08527,-2.27538,2.01533,1.73201,-1.50897,0,1.70518,-1.58629,0.0131579,1.80956,-1.57654,0,2.03639,-1.52499,-0.0913965
36.42,-1.86925,-2.17967,2.65596,-1.89378,-2.16057,2.64707,-1.95295,-2.27727,2,-2.0689,-2.28751,2.01458,1.74374,-1.4954,1.46196e-18,1.71931,-1.57234,0.0116843,1.82182,-1.56236,0,2.05513,-1.50809,-0.0941894
36.43,-1.85162,-2.19466,2.65596,-1.87652,-2.17623,2.64718,-1.93454,-2.29294,2,-2.04823,-2.30248,2.01363,1.75573,-1.4813,-1.46196e-18,1.73353,-1.55827,0.0106579,1.83435,-1.54763,0,2.07834,-1.48709,-0.0969834
36.44,-1.83385,-2.20954,2.65596,-1.8626,-2.18865,2.64726,-1.91597,-2.30848,2,-2.02733,-2.31725,2.01265,1.76763,-1.46708,1.46196e-18,1.7449,-1.54686,0.0101269,1.84678,-1.53277,0,2.10112,-1.46611,-0.099047
36.45,-1.81625,-2.22403,2.65596,-1.84156,-2.2071,2.64738,-1.89758,-2.32362,2,-2.00621,-2.33181,2.01165,1.77922,-1.453,0,1.76187,-1.52941,0.00965128,1.85889,-1.51806,0,2.12338,-1.44511,-0.100513
36.46,-1.79827,-2.23858,2.65596,-1.82387,-2.22232,2.64748,-1.8788,-2.33883,2,-1.98487,-2.34615,2.01064,1.79087,-1.43862,0,1.776,-1.51472,0.00937804,1.87106,-1.50304,0,2.14515,-1.42427,-0.101532
36.4701,-1.77987,-2.25325,2.65596,-1.80604,-2.2374,2.64757,-1.85957,-2.35415,2,-1.96331,-2.36029,2.00962,1.8026,-1.42389,0,1.79006,-1.49989,0.0092382,1.88332,-1.48765,0,2.16639,-1.40358,-0.102088
36.48,-1.76217,-2.26711,2.65596,-1.78807,-2.25232,2.64766,-1.84108,-2.36863,2,-1.94154,-2.37423,2.0086,1.81369,-1.40974,1.46196e-18,1.80408,-1.4849,0.00922572,1.89491,-1.47286,0,2.18717,-1.38306,-0.102198
36.49,-1.74388,-2.28122,2.65596,-1.77903,-2.25973,2.64771,-1.82197,-2.38337,2,-1.91957,-2.38795,2.00758,1.82497,-1.3951,0,1.81107,-1.47731,0.00924626,1.90669,-1.45757,0,2.20739,-1.36265,-0.101925
36.5001,-1.72563,-2.29505,2.65596,-1.75171,-2.28171,2.64785,-1.80291,-2.39782,2,-1.8974,-2.40148,2.00656,1.83604,-1.38051,1.46196e-18,1.83169,-1.45422,0.00903044,1.91825,-1.44233,0,2.22688,-1.34238,-0.101634
36.51,-1.70736,-2.30867,2.65596,-1.73702,-2.2933,2.64792,-1.78382,-2.41205,2,-1.87503,-2.4148,2.00554,1.84694,-1.36589,0,1.84247,-1.44176,0.00832537,1.92964,-1.42706,0,2.24552,-1.32231,-0.101709
36.52,-1.68888,-2.32223,2.65596,-1.71481,-2.31049,2.64801,-1.7645,-2.42622,2,-1.85249,-2.42793,2.00453,1.85778,-1.3511,0,1.85842,-1.42284,0.00701859,1.94097,-1.4116,0,2.2635,-1.30239,-0.101636
36.53,-1.67009,-2.33578,2.65596,-1.6999,-2.32182,2.64806,-1.74487,-2.44037,2,-1.83432,-2.43828,2.00371,1.86862,-1.33607,0,1.86884,-1.40994,0.00631088,1.9523,-1.3959,0,2.27739,-1.28645,-0.101241
36.5401,-1.65156,-2.34892,2.65596,-1.68115,-2.33584,2.64812,-1.72551,-2.4541,2,-1.81147,-2.45105,2.00271,1.87913,-1.32125,0,1.88175,-1.39364,0.00556421,1.96328,-1.38041,0,2.2942,-1.26668,-0.100378
36.55,-1.63262,-2.36212,2.65596,-1.65847,-2.35244,2.64818,-1.70573,-2.46789,2,-1.78382,-2.46611,2.00151,1.88969,-1.3061,-1.46196e-18,1.89718,-1.37386,0.00488183,1.97431,-1.36459,0,2.31364,-1.24323,-0.0988016
36.56,-1.61363,-2.37513,2.65596,-1.64897,-2.35929,2.64821,-1.68588,-2.48149,2,-1.7606,-2.47844,2.00053,1.90011,-1.2909,0,1.90356,-1.36555,0.00464443,1.98519,-1.34871,0,2.32912,-1.22394,-0.0971524
36.57,-1.59493,-2.38773,2.65596,-1.62028,-2.37959,2.64827,-1.66635,-2.49465,2,-1.73724,-2.49058,1.99957,1.91018,-1.27594,-1.46196e-18,1.92225,-1.34039,0.00359437,1.99572,-1.33308,0,2.34376,-1.20483,-0.0956001
36.58,-1.57579,-2.4004,2.65596,-1.60099,-2.3929,2.6483,-1.64636,-2.50789,2,-1.71373,-2.50254,1.99862,1.92032,-1.26064,-1.46196e-18,1.93437,-1.32348,0.00217206,2.00631,-1.31709,0,2.3576,-1.18601,-0.0944666
36.59,-1.55646,-2.41298,2.65596,-1.58548,-2.40344,2.64831,-1.62616,-2.52103,2,-1.69483,-2.51197,1.99787,1.93039,-1.24517,0,1.94387,-1.30982,0.00104112,2.01683,-1.30093,0,2.36813,-1.17109,-0.0934288
36.6,-1.53675,-2.42558,2.65596,-1.56598,-2.41645,2.64832,-1.60557,-2.5342,2,-1.67108,-2.52359,1.99694,1.94046,-1.2294,0,1.95549,-1.29252,-0.000113716,2.02736,-1.28446,0,2.38068,-1.15256,-0.0917391
36.6101,-1.51736,-2.43776,2.65596,-1.54834,-2.42801,2.64831,-1.58531,-2.54692,2,-1.64961,-2.53388,1.99612,1.95021,-1.21389,1.46196e-18,1.96586,-1.27678,-0.000926853,2.03753,-1.26825,0,2.39145,-1.13604,-0.0898604
36.6201,-1.4975,-2.45001,2.65596,-1.53455,-2.43691,2.64831,-1.56456,-2.55972,2,-1.62804,-2.54403,1.99532,1.96001,-1.198,0,1.97388,-1.26442,-0.00141232,2.04778,-1.25165,0,2.4017,-1.11963,-0.0876566
36.63,-1.47814,-2.46174,2.65596,-1.51078,-2.45195,2.64828,-1.54433,-2.57197,2,-1.60397,-2.55514,1.99446,1.96939,-1.18251,0,1.98744,-1.243,-0.00208055,2.05758,-1.23546,0,2.41237,-1.10155,-0.084969
36.64,-1.45854,-2.4734,2.65596,-1.49085,-2.46429,2.64826,-1.52386,-2.58416,2,-1.57979,-2.56607,1.99362,1.97872,-1.16683,0,1.99865,-1.22504,-0.00259653,2.06732,-1.21908,0,2.42233,-1.0837,-0.0821347
36.6501,-1.43854,-2.48509,2.65596,-1.47081,-2.47645,2.64823,-1.50295,-2.59637,2,-1.55552,-2.57681,1.99282,1.98807,-1.15083,1.46196e-18,2.00981,-1.20706,-0.00295599,2.07709,-1.20236,0,2.43164,-1.06616,-0.079056
36.66,-1.41916,-2.4962,2.65596,-1.45065,-2.48843,2.6482,-1.48271,-2.60798,2,-1.53116,-2.58739,1.99204,1.99696,-1.13533,0,2.02101,-1.18906,-0.00315413,2.08638,-1.18617,0,2.44046,-1.04894,-0.075751
36.67,-1.39875,-2.5077,2.65596,-1.43039,-2.50023,2.64817,-1.46139,-2.61999,2,-1.50672,-2.59779,1.9913,2.00616,-1.119,0,2.03212,-1.17089,-0.00324141,2.09599,-1.16911,0,2.44862,-1.03189,-0.0722853
36.68,-1.37896,-2.51864,2.65596,-1.41001,-2.51185,2.64814,-1.4407,-2.63142,2,-1.48219,-2.60803,1.9906,2.01491,-1.10316,0,2.04325,-1.1527,-0.00324755,2.10514,-1.15256,0,2.45628,-1.01514,-0.0687074
36.6904,-1.35786,-2.53007,2.65596,-1.39158,-2.52215,2.64811,-1.41867,-2.64336,2,-1.46006,-2.6171,1.98999,2.02406,-1.08629,0,2.05321,-1.13627,-0.00319634,2.11469,-1.13494,0,2.46268,-1.00031,-0.0654188
36.7,-1.33833,-2.54045,2.65596,-1.37099,-2.53342,2.64808,-1.39826,-2.65422,2,-1.4354,-2.62702,1.98936,2.03236,-1.07067,0,2.06437,-1.11799,-0.00313585,2.12337,-1.11861,0,2.46941,-0.984093,-0.0617638
36.7101,-1.31764,-2.55125,2.65596,-1.35029,-2.54451,2.64805,-1.37664,-2.66549,2,-1.41067,-2.63678,1.98876,2.041,-1.05411,0,2.0755,-1.09967,-0.00305435,2.13239,-1.10132,0,2.47558,-0.968145,-0.0581032
36.7201,-1.29711,-2.56175,2.65596,-1.33573,-2.55216,2.64803,-1.35519,-2.67646,2,-1.38589,-2.64638,1.9882,2.0494,-1.03768,0,2.08317,-1.08679,-0.00297483,2.14117,-1.08415,0,2.48104,-0.952395,-0.0544384
36.7301,-1.27654,-2.57206,2.65596,-1.30856,-2.56614,2.64799,-1.3337,-2.68724,2,-1.36105,-2.65583,1.98767,2.05765,-1.02123,1.46196e-18,2.09722,-1.06286,-0.00291216,2.14979,-1.06696,0,2.48591,-0.936935,-0.0509146
36.74,-1.2564,-2.58196,2.65596,-1.28754,-2.57667,2.64796,-1.31267,-2.69757,2,-1.33617,-2.66512,1.98718,2.06557,-1.00512,1.46196e-18,2.10803,-1.0445,-0.00302677,2.15806,-1.05013,0,2.49026,-0.921784,-0.0475863
36.75,-1.23573,-2.59192,2.65596,-1.2664,-2.58703,2.64793,-1.29106,-2.70798,2,-1.31125,-2.67427,1.98672,2.07353,-0.988582,0,2.11863,-1.02608,-0.00313386,2.16638,-1.03285,0,2.49396,-0.90684,-0.0443238
36.76,-1.21459,-2.60189,2.65596,-1.24516,-2.59719,2.6479,-1.26898,-2.7184,2,-1.28629,-2.68326,1.98629,2.08151,-0.971675,0,2.12902,-1.00762,-0.00314757,2.17472,-1.01519,0,2.49708,-0.89211,-0.0410545
36.77,-1.19412,-2.61135,2.65596,-1.22382,-2.60718,2.64786,-1.24759,-2.72828,2,-1.26131,-2.69211,1.9859,2.08908,-0.955293,0,2.13924,-0.989118,-0.00307383,2.18263,-0.998071,0,2.49967,-0.87761,-0.0377909
36.78,-1.17315,-2.62083,2.65596,-1.20238,-2.61698,2.64783,-1.22569,-2.73819,2,-1.2363,-2.70081,1.98554,2.09667,-0.938524,1.46196e-18,2.14934,-0.970576,-0.00294289,2.19055,-0.98055,0,2.50176,-0.863317,-0.0345707
36.79,-1.15232,-2.63006,2.65596,-1.18084,-2.62659,2.64781,-1.20392,-2.74783,2,-1.21127,-2.70938,1.98521,2.10405,-0.921859,0,2.15926,-0.951942,-0.00276853,2.19826,-0.963139,0,2.50333,-0.849167,-0.031416
36.8,-1.13102,-2.63929,2.65596,-1.15919,-2.63601,2.64778,-1.18166,-2.75748,2,-1.18624,-2.7178,1.98491,2.11143,-0.904812,0,2.16896,-0.933263,-0.00255077,2.20598,-0.945329,0,2.50438,-0.835198,-0.0283328
36.8103,-1.10909,-2.64858,2.65596,-1.13746,-2.64525,2.64775,-1.15875,-2.76718,2,-1.16119,-2.72608,1.98464,2.11886,-0.887271,-1.46196e-18,2.17839,-0.914542,-0.00228965,2.21374,-0.927003,0,2.50485,-0.8214,-0.0253264
36.82,-1.08858,-2.65707,2.65596,-1.11563,-2.65431,2.64773,-1.13732,-2.77606,2,-1.13614,-2.73423,1.9844,2.12566,-0.870863,0,2.18756,-0.895804,-0.00200427,2.22085,-0.909859,0,2.5048,-0.807784,-0.0224195
36.8301,-1.06737,-2.66567,2.65596,-1.09371,-2.66317,2.64771,-1.11516,-2.78503,2,-1.1111,-2.74224,1.98419,2.13253,-0.853892,1.46196e-18,2.19641,-0.876964,-0.00169871,2.22803,-0.892129,0,2.50415,-0.794256,-0.0196188
36.84,-1.04615,-2.67406,2.65596,-1.0717,-2.67184,2.6477,-1.093,-2.79381,2,-1.08606,-2.75011,1.98401,2.13925,-0.836921,0,2.20497,-0.858051,-0.00136891,2.23505,-0.874398,0,2.50297,-0.780833,-0.0169223
36.85,-1.02431,-2.68251,2.65596,-1.04961,-2.68033,2.64769,-1.07018,-2.80263,2,-1.06104,-2.75785,1.98385,2.14601,-0.819447,7.3098e-19,2.21334,-0.839099,-0.00102,2.2421,-0.856141,0,2.50138,-0.76754,-0.0143357
36.86,-1.00314,-2.6905,2.65596,-1.02743,-2.68863,2.64768,-1.04806,-2.81097,2,-1.03603,-2.76546,1.98372,2.1524,-0.80251,7.3098e-19,2.22148,-0.82007,-0.000668324,2.24878,-0.838446,0,2.49937,-0.754322,-0.0118758
36.8704,-0.980568,-2.6988,2.65596,-1.00518,-2.69673,2.64767,-1.02448,-2.81965,2,-1.01105,-2.77294,1.98361,2.15904,-0.784455,0,2.22934,-0.801055,-0.000305123,2.25572,-0.819582,0,2.49688,-0.74126,-0.00953287
36.88,-0.959524,-2.70636,2.65596,-0.985084,-2.70386,2.64767,-1.00249,-2.82755,2,-0.98859,-2.77956,1.98354,2.16508,-0.767619,0,2.23635,-0.784031,2.18811e-05,2.26204,-0.801993,0,2.49443,-0.7297,-0.00753301
36.89,-0.937863,-2.71394,2.65596,-0.973893,-2.70776,2.64767,-0.97986,-2.83547,2,-0.963661,-2.78679,1.98347,2.17115,-0.75029,-7.3098e-19,2.24016,-0.774564,0.00020412,2.26837,-0.783888,0,2.49132,-0.716944,-0.00542711
36.9001,-0.916354,-2.72128,2.65596,-0.940207,-2.71917,2.64768,-0.957388,-2.84313,2,-0.938765,-2.7939,1.98343,2.17702,-0.733083,1.46196e-18,2.2512,-0.746299,0.000291916,2.27451,-0.765911,0,2.48784,-0.704412,-0.00390688
36.91,-0.894728,-2.72846,2.65596,-0.917659,-2.72654,2.64768,-0.934793,-2.85064,2,-0.913906,-2.80088,1.98339,2.18277,-0.715782,7.3098e-19,2.25834,-0.727531,-0.000561698,2.28051,-0.747835,0,2.48398,-0.691961,-0.00326771
36.92,-0.872778,-2.73556,2.65596,-0.89504,-2.73372,2.64767,-0.911861,-2.85806,2,-0.889086,-2.80774,1.98336,2.18845,-0.698223,0,2.2654,-0.708769,-0.00149844,2.28645,-0.729489,0,2.47995,-0.679584,-0.00282737
36.93,-0.850548,-2.74256,2.65596,-0.872352,-2.74071,2.64765,-0.888635,-2.86537,2,-0.864307,-2.81447,1.98334,2.19405,-0.680439,1.46196e-18,2.27226,-0.68994,-0.00208926,2.29229,-0.710908,0,2.47569,-0.66723,-0.00214745
36.94,-0.828934,-2.74917,2.65596,-0.849596,-2.74752,2.64763,-0.866053,-2.87227,2,-0.839573,-2.82108,1.98332,2.19933,-0.663147,0,2.27881,-0.671079,-0.00237897,2.29782,-0.692843,0,2.47106,-0.65493,-0.00126691
36.95,-0.806899,-2.75571,2.65596,-0.826776,-2.75413,2.6476,-0.843032,-2.87911,2,-0.814887,-2.82757,1.98331,2.20457,-0.645519,7.3098e-19,2.28519,-0.65227,-0.00244342,2.30329,-0.674425,0,2.4662,-0.642744,-0.000257058
36.9601,-0.784435,-2.76219,2.65596,-0.808475,-2.75929,2.64758,-0.819562,-2.88588,2,-0.797636,-2.83204,1.98331,2.20975,-0.627548,0,2.29014,-0.637257,-0.00236517,2.30871,-0.655649,0,2.46266,-0.634271,0.000503492
36.97,-0.762515,-2.76832,2.65596,-0.790135,-2.76433,2.64757,-0.79666,-2.89229,2,-0.775493,-2.8377,1.98332,2.21466,-0.610012,7.3098e-19,2.29484,-0.622212,-0.00223931,2.31383,-0.637328,0,2.45786,-0.623367,0.00148155
36.98,-0.740527,-2.77429,2.65596,-0.767157,-2.77046,2.64754,-0.773687,-2.89852,2,-0.750942,-2.84387,1.98334,2.21943,-0.592421,0,2.30052,-0.60336,-0.00206245,2.31881,-0.61895,0,2.45229,-0.611234,0.00251296
36.99,-0.717941,-2.78022,2.65596,-0.744125,-2.7764,2.64752,-0.75009,-2.90471,2,-0.726448,-2.84993,1.98337,2.22417,-0.574353,-7.3098e-19,2.30604,-0.584463,-0.00178772,2.32377,-0.600072,0,2.44645,-0.599094,0.00356901
37.0001,-0.696037,-2.78578,2.65596,-0.721037,-2.78215,2.64751,-0.727205,-2.91053,2,-0.702014,-2.85586,1.98341,2.22863,-0.556829,0,2.31138,-0.565512,-0.00140804,2.32842,-0.581764,0,2.44036,-0.586917,0.00466244
37.01,-0.67397,-2.7912,2.65596,-0.697897,-2.78771,2.6475,-0.70415,-2.91619,2,-0.677642,-2.86166,1.98346,2.23296,-0.539176,-7.3098e-19,2.31659,-0.546624,-0.000946345,2.33295,-0.56332,0,2.43413,-0.5748,0.00577742
37.02,-0.651558,-2.79652,2.65596,-0.674706,-2.79308,2.64749,-0.680734,-2.92175,2,-0.653332,-2.86735,1.98353,2.23722,-0.521246,0,2.32161,-0.527821,-0.000421468,2.3374,-0.544587,0,2.42773,-0.562756,0.0069029
37.03,-0.628871,-2.80171,2.65596,-0.651466,-2.79826,2.64749,-0.657031,-2.92717,2,-0.629087,-2.87292,1.9836,2.24137,-0.503097,7.3098e-19,2.32648,-0.509048,0.000139511,2.34173,-0.525625,0,2.42124,-0.550716,0.00801947
37.04,-0.60685,-2.80656,2.65596,-0.628178,-2.80326,2.64749,-0.634024,-2.93224,2,-0.604908,-2.87837,1.98369,2.24525,-0.48548,7.3098e-19,2.33102,-0.490297,0.000729067,2.34579,-0.507219,0,2.4145,-0.538661,0.00912777
37.05,-0.583983,-2.81141,2.65596,-0.604846,-2.80807,2.6475,-0.610133,-2.9373,2,-0.580798,-2.88369,1.98378,2.24913,-0.467186,-7.3098e-19,2.33526,-0.471492,0.0013277,2.34984,-0.488107,0,2.40757,-0.526506,0.0102161
37.06,-0.561592,-2.81597,2.65596,-0.581474,-2.81269,2.64752,-0.58674,-2.94206,2,-0.556758,-2.8889,1.98389,2.25277,-0.449273,0,2.3391,-0.452559,0.00192648,2.35365,-0.469392,0,2.40038,-0.514162,0.0112828
37.07,-0.539193,-2.82034,2.65596,-0.560408,-2.81669,2.64754,-0.563338,-2.94663,2,-0.535184,-2.89347,1.984,2.25627,-0.431354,-7.3098e-19,2.34239,-0.435518,0.00245344,2.35731,-0.45067,0,2.39386,-0.50299,0.0122184
37.08,-0.516154,-2.82465,2.65596,-0.539312,-2.82053,2.64756,-0.539267,-2.95113,2,-0.513668,-2.89795,1.98411,2.25972,-0.412923,7.3098e-19,2.34556,-0.418484,0.0029588,2.36091,-0.431414,0,2.38736,-0.491757,0.013125
37.09,-0.493718,-2.82866,2.65596,-0.520536,-2.82382,2.64759,-0.515826,-2.95532,2,-0.489831,-2.9028,1.98425,2.26292,-0.394974,-3.6549e-19,2.34825,-0.403321,0.0033734,2.36426,-0.412661,0,2.3801,-0.479161,0.0140813
37.1,-0.471087,-2.83251,2.65596,-0.492334,-2.82852,2.64763,-0.492182,-2.95935,2,-0.466066,-2.90753,1.98439,2.26601,-0.376869,0,2.3522,-0.380598,0.00393701,2.36748,-0.393746,0,2.37287,-0.466493,0.0149888
37.11,-0.448475,-2.83618,2.65596,-0.468795,-2.83223,2.64767,-0.468557,-2.96318,2,-0.442373,-2.91213,1.98455,2.26894,-0.35878,3.6549e-19,2.35546,-0.361759,0.00428894,2.37055,-0.374846,0,2.36574,-0.45381,0.0157901
37.12,-0.425818,-2.83967,2.65596,-0.445225,-2.83575,2.64772,-0.444886,-2.96683,2,-0.418751,-2.91661,1.98471,2.27174,-0.340655,3.6549e-19,2.35857,-0.342959,0.00459882,2.37346,-0.355909,0,2.35862,-0.441032,0.0165611
37.13,-0.402893,-2.84301,2.65596,-0.421625,-2.83909,2.64777,-0.420935,-2.97032,2,-0.395201,-2.92095,1.98488,2.27441,-0.322315,0,2.36144,-0.324092,0.00490629,2.37626,-0.336748,0,2.35152,-0.428038,0.0173478
37.14,-0.380263,-2.84613,2.65596,-0.397997,-2.84224,2.64782,-0.397291,-2.97358,2,-0.371721,-2.92517,1.98506,2.2769,-0.30421,-3.6549e-19,2.36411,-0.30523,0.00521259,2.37886,-0.317833,0,2.34446,-0.414899,0.0181566
37.15,-0.357291,-2.8491,2.65596,-0.374343,-2.8452,2.64787,-0.373291,-2.97669,2,-0.348311,-2.92925,1.98524,2.27928,-0.285833,0,2.36674,-0.286524,0.00554013,2.38135,-0.298632,0,2.33762,-0.401754,0.0190134
37.16,-0.334889,-2.85182,2.65596,-0.350662,-2.84797,2.64793,-0.349885,-2.97953,2,-0.324968,-2.9332,1.98544,2.28146,-0.267911,0,2.36932,-0.267855,0.00586725,2.38362,-0.279908,0,2.33101,-0.388466,0.0198992
37.17,-0.311954,-2.85442,2.65596,-0.326957,-2.85055,2.64799,-0.325923,-2.98224,2,-0.30169,-2.93702,1.98564,2.28354,-0.249563,3.6549e-19,2.37172,-0.249247,0.00617727,2.38579,-0.260738,0,2.32453,-0.375053,0.0208008
37.1801,-0.288915,-2.85685,2.65596,-0.303229,-2.85295,2.64805,-0.301853,-2.98478,2,-0.278477,-2.9407,1.98585,2.28548,-0.231132,0,2.37389,-0.230736,0.00646878,2.38782,-0.241482,0,2.31816,-0.361541,0.0217193
37.19,-0.266315,-2.85904,2.65596,-0.27948,-2.85517,2.64812,-0.278241,-2.98707,2,-0.255327,-2.94425,1.98607,2.28723,-0.213052,-3.6549e-19,2.37581,-0.212297,0.00675381,2.38966,-0.222593,0,2.3119,-0.347893,0.0226677
37.2,-0.243383,-2.86109,2.65596,-0.255713,-2.8572,2.64819,-0.254282,-2.9892,2,-0.232238,-2.94766,1.98631,2.28887,-0.194707,-1.82745e-19,2.37755,-0.19387,0.00702091,2.39136,-0.203425,0,2.30583,-0.334046,0.0236358
37.21,-0.220312,-2.86296,2.65596,-0.234309,-2.85887,2.64825,-0.230177,-2.99116,2,-0.21151,-2.95061,1.98652,2.29036,-0.176249,1.82745e-19,2.37884,-0.177236,0.00723299,2.39293,-0.184142,0,2.30042,-0.32135,0.0245113
37.22,-0.197803,-2.8646,2.65596,-0.217654,-2.86006,2.6483,-0.206661,-2.99287,2,-0.195422,-2.95282,1.9867,2.29168,-0.158243,0,2.37963,-0.164276,0.00737302,2.3943,-0.165329,0,2.29623,-0.311329,0.0251882
37.2299,-0.175014,-2.86608,2.65596,-0.193853,-2.86161,2.64837,-0.182851,-2.99442,2,-0.172489,-2.95587,1.98695,2.29286,-0.140011,0,2.38055,-0.145776,0.00738799,2.39554,-0.146281,0,2.29036,-0.296837,0.0260009
37.24,-0.151649,-2.86741,2.65596,-0.170044,-2.86298,2.64845,-0.158439,-2.99581,2,-0.149614,-2.95876,1.98722,2.29393,-0.121319,-1.82745e-19,2.38132,-0.127272,0.00732551,2.39665,-0.126751,0,2.28463,-0.282155,0.0267733
37.25,-0.128652,-2.86854,2.65596,-0.146227,-2.86416,2.64852,-0.134413,-2.99699,2,-0.126795,-2.96151,1.98749,2.29483,-0.102921,0,2.3821,-0.108751,0.00729519,2.39759,-0.10753,0,2.27918,-0.267264,0.0276138
37.26,-0.105993,-2.86946,2.65596,-0.134315,-2.86468,2.64856,-0.110739,-2.99796,2,-0.10403,-2.96411,1.98777,2.29557,-0.0847945,0,2.38245,-0.0994874,0.00729232,2.39836,-0.0885916,0,2.27396,-0.252162,0.0285168
37.2701,-0.0825071,-2.87023,2.65596,-0.100956,-2.86589,2.64866,-0.0862018,-2.99876,2,-0.0835849,-2.96631,1.98803,2.29619,-0.0660057,0,2.38317,-0.0736966,0.00694126,2.39901,-0.0689614,0,2.2694,-0.238506,0.0290022
37.2802,-0.0592787,-2.87081,2.65596,-0.0842724,-2.86636,2.64871,-0.0619332,-2.99936,2,-0.0609156,-2.96862,1.98832,2.29665,-0.047423,0,2.38345,-0.0608379,0.00638698,2.39949,-0.0495466,0,2.26447,-0.223163,0.029039
37.29,-0.0365998,-2.87119,2.65596,-0.0604368,-2.86688,2.64876,-0.0382387,-2.99976,2,-0.045076,-2.97015,1.98852,2.29695,-0.0292798,0,2.38366,-0.0424729,0.00519358,2.39981,-0.030591,0,2.26112,-0.212291,0.0289034
37.3001,-0.0133516,-2.87139,2.65596,-0.0365998,-2.86721,2.64881,-0.0139495,-2.99997,2,-0.022488,-2.97219,1.98881,2.29711,-0.0106813,0,2.38372,-0.0240369,0.00416486,2.39997,-0.0111596,0,2.25652,-0.196513,0.028879
37.3101,0.00985047,-2.8714,2.65596,-0.0127625,-2.86736,2.64885,0.0102916,-2.99998,2,5.54127e-05,-2.97408,1.9891,2.29712,0.00788037,0,2.38373,-0.00549474,0.00343121,2.39999,0.00823325,0,2.25219,-0.180445,0.0291743
37.3218,0.0415533,-2.87112,2.65596,0.00630709,-2.86734,2.64887,0.043414,-2.99969,2,0.0180595,-2.97547,1.98934,2.2969,0.0332426,-4.56862e-20,2.38366,0.00934608,0.00301167,2.39975,0.0347312,0,2.24887,-0.167443,0.0295922
37.3301,0.0605877,-2.87078,2.65596,0.0301429,-2.86716,2.6489,0.0633008,-2.99933,2,0.0450179,-2.97736,1.9897,2.29662,0.0484702,0,2.3835,0.0279064,0.00260115,2.39947,0.0506406,0,2.24426,-0.147684,0.0302273
37.3402,0.0787872,-2.87034,2.65596,0.0539765,-2.86679,2.64892,0.0823152,-2.99887,2,0.0629603,-2.97849,1.98994,2.29627,0.0630297,0,2.38323,0.0464148,0.00153733,2.3991,0.0658522,0,2.24139,-0.134355,0.0302447
37.3502,0.101898,-2.86961,2.65596,0.0730415,-2.86636,2.64893,0.10646,-2.99811,2,0.085357,-2.97975,1.99024,2.29569,0.081518,0,2.38299,0.0613001,0.000604016,2.39849,0.0851684,0,2.23795,-0.117472,0.0301697
37.36,0.124286,-2.86873,2.65596,0.101633,-2.86549,2.64893,0.129851,-2.99719,2,0.107719,-2.98083,1.99054,2.29498,0.0994288,-1.82745e-19,2.3822,0.0837621,-0.000585669,2.39775,0.103881,0,2.23456,-0.10025,0.0302882
37.37,0.14673,-2.86767,2.65596,0.125451,-2.86455,2.64892,0.153301,-2.99608,2,0.130049,-2.98175,1.99085,2.29413,0.117384,-1.82745e-19,2.38123,0.102584,-0.00131554,2.39686,0.122641,0,2.23134,-0.0827002,0.0306342
37.3801,0.170332,-2.86636,2.65596,0.149257,-2.86343,2.64891,0.177959,-2.99472,2,0.152347,-2.98249,1.99116,2.29309,0.136265,1.82745e-19,2.38011,0.12148,-0.0018486,2.39577,0.142367,0,2.22841,-0.0648364,0.0311624
37.3901,0.193173,-2.86491,2.65596,0.168294,-2.8624,2.64889,0.201823,-2.9932,2,0.172392,-2.983,1.99144,2.29193,0.154539,0,2.37908,0.136567,-0.00231679,2.39456,0.161459,0,2.22604,-0.0485646,0.0315488
37.4001,0.215803,-2.8633,2.65596,0.194455,-2.86079,2.64886,0.225467,-2.99152,2,0.19464,-2.98339,1.99175,2.29064,0.172643,-1.82745e-19,2.37728,0.157145,-0.00341826,2.39321,0.180374,0,2.22354,-0.0303763,0.0315274
37.4101,0.238793,-2.86147,2.65596,0.213467,-2.85947,2.64883,0.249486,-2.98961,2,0.216864,-2.9836,1.99207,2.28918,0.191034,1.82745e-19,2.37581,0.172082,-0.00441756,2.39169,0.199589,0,2.2213,-0.0119518,0.0312548
37.42,0.261861,-2.85945,2.65596,0.241963,-2.85727,2.64876,0.273587,-2.9875,2,0.239067,-2.98363,1.99238,2.28756,0.209489,-3.6549e-19,2.37345,0.194517,-0.00595417,2.39,0.21887,0,2.21935,0.00673689,0.0308754
37.43,0.284335,-2.85731,2.65596,0.265687,-2.85523,2.6487,0.297068,-2.98526,2,0.261252,-2.98347,1.99269,2.28585,0.227468,0,2.37135,0.213228,-0.00710979,2.3882,0.237654,0,2.21774,0.025699,0.0305871
37.4402,0.307907,-2.85486,2.65596,0.277541,-2.85414,2.64866,0.321695,-2.9827,2,0.272339,-2.98332,1.99284,2.28389,0.246326,0,2.37025,0.222574,-0.00765156,2.38616,0.257356,0,2.21706,0.0352677,0.0304567
37.4504,0.331187,-2.85226,2.65596,0.308334,-2.85109,2.64855,0.346017,-2.97998,2,0.305581,-2.98257,1.99329,2.2818,0.264949,3.6549e-19,2.36699,0.246734,-0.0095244,2.38398,0.276814,0,2.21526,0.0642207,0.0293349
37.46,0.352758,-2.84967,2.65596,0.331989,-2.84853,2.64845,0.368554,-2.97728,2,0.327729,-2.98183,1.99358,2.27973,0.282206,-3.6549e-19,2.3641,0.265203,-0.0112217,2.38182,0.294843,0,2.21428,0.0837483,0.0283412
37.4703,0.377555,-2.84649,2.65596,0.360336,-2.84521,2.6483,0.394462,-2.97395,2,0.349867,-2.98089,1.99385,2.27719,0.302044,-3.6549e-19,2.36028,0.287402,-0.0131632,2.37916,0.315569,0,2.2134,0.103517,0.0273095
37.48,0.398672,-2.84361,2.65596,0.379207,-2.84286,2.64819,0.416524,-2.97094,2,0.371997,-2.97976,1.99412,2.27489,0.318937,0,2.35752,0.302168,-0.0144366,2.37676,0.333219,0,2.21272,0.123513,0.0262019
37.49,0.421095,-2.84037,2.65596,0.407471,-2.8391,2.64801,0.439951,-2.96757,2,0.394122,-2.97842,1.99438,2.2723,0.336876,0,2.35297,0.324314,-0.0163682,2.37405,0.351961,0,2.21223,0.143809,0.0249822
37.5,0.444003,-2.83688,2.65596,0.426282,-2.83644,2.64787,0.463885,-2.96392,2,0.416242,-2.97688,1.99462,2.26951,0.355203,-3.6549e-19,2.34968,0.339094,-0.0176526,2.37113,0.371108,0,2.2119,0.164404,0.0236832
37.51,0.46776,-2.83306,2.65596,0.454447,-2.83224,2.64765,0.488706,-2.95993,2,0.438361,-2.97513,1.99485,2.26645,0.374208,0,2.34446,0.36134,-0.0190267,2.36794,0.390965,0,2.21184,0.185364,0.0227611
37.52,0.48938,-2.82941,2.65596,0.473188,-2.82929,2.64749,0.511294,-2.95611,2,0.46048,-2.97317,1.99508,2.26353,0.391504,3.6549e-19,2.34073,0.376144,-0.0197189,2.36489,0.409036,0,2.21192,0.206555,0.0219188
37.53,0.511914,-2.82542,2.65596,0.501241,-2.82464,2.64725,0.534837,-2.95194,2,0.4826,-2.971,1.99529,2.26034,0.409531,7.3098e-19,2.33484,0.398289,-0.0204989,2.36155,0.42787,0,2.21224,0.228004,0.0212336
37.54,0.534432,-2.82125,2.65596,0.519904,-2.8214,2.64709,0.558363,-2.94758,2,0.504725,-2.96861,1.9955,2.257,0.427545,0,2.33073,0.413052,-0.020891,2.35806,0.446691,0,2.21273,0.249722,0.0205008
37.5501,0.557249,-2.81683,2.65596,0.543184,-2.81718,2.64688,0.582202,-2.94296,2,0.522429,-2.96655,1.99566,2.25346,0.445799,0,2.32533,0.431462,-0.0212872,2.35437,0.465762,0,2.21323,0.267278,0.0199444
37.5601,0.579574,-2.81232,2.65596,0.552481,-2.81544,2.64679,0.605527,-2.93825,2,0.542351,-2.96405,1.99584,2.24986,0.463659,0,2.3231,0.438801,-0.0213798,2.3506,0.484421,0,2.21393,0.28717,0.0193328
37.57,0.601872,-2.80763,2.65596,0.575684,-2.81096,2.64658,0.628824,-2.93336,2,0.564494,-2.96107,1.99603,2.24611,0.481498,0,2.31733,0.457099,-0.0215515,2.34669,0.503059,0,2.21481,0.309446,0.0184717
37.58,0.624293,-2.80273,2.65596,0.610377,-2.80389,2.64625,0.652248,-2.92824,2,0.586647,-2.95786,1.99621,2.24219,0.499434,0,2.30843,0.484465,-0.0223696,2.34259,0.521799,0,2.21579,0.331868,0.0171561
37.59,0.646911,-2.7976,2.65596,0.628825,-2.79996,2.64607,0.675879,-2.92287,2,0.604377,-2.95513,1.99634,2.23808,0.517528,0,2.30358,0.499205,-0.0226129,2.3383,0.540703,0,2.21664,0.350065,0.0162776
37.6001,0.669189,-2.79235,2.65596,0.656424,-2.79384,2.6458,0.699155,-2.91739,2,0.630985,-2.95077,1.99653,2.23388,0.535351,7.3098e-19,2.29613,0.521352,-0.0226539,2.33391,0.559324,0,2.21808,0.377663,0.0151346
37.6102,0.691616,-2.78688,2.65596,0.677063,-2.78907,2.64559,0.722586,-2.91168,2,0.650953,-2.94727,1.99666,2.22951,0.553293,0,2.29037,0.53784,-0.0230675,2.32934,0.578069,0,2.21924,0.39844,0.0137794
37.6201,0.714071,-2.78121,2.65596,0.69765,-2.78416,2.64538,0.746047,-2.90576,2,0.670932,-2.94359,1.99678,2.22497,0.571257,0,2.28449,0.554322,-0.0232251,2.3246,0.596837,0,2.22052,0.419407,0.0125749
37.63,0.735916,-2.77551,2.65596,0.720462,-2.77852,2.64515,0.76887,-2.8998,2,0.693145,-2.93928,1.9969,2.22041,0.588733,-7.3098e-19,2.27784,0.572662,-0.0228247,2.31984,0.615096,0,2.22212,0.442978,0.0116843
37.6401,0.758515,-2.76942,2.65596,0.738663,-2.77388,2.64497,0.792481,-2.89344,2,0.710927,-2.93566,1.99699,2.21554,0.606812,0,2.27234,0.587372,-0.022239,2.31475,0.633985,0,2.22339,0.462032,0.0111503
37.65,0.780502,-2.76331,2.65596,0.761352,-2.76791,2.64475,0.815453,-2.88705,2,0.73317,-2.93092,1.9971,2.21065,0.624402,7.3098e-19,2.26553,0.605796,-0.0214329,2.30964,0.652362,0,2.22523,0.486064,0.0104563
37.66,0.802349,-2.75704,2.65596,0.777194,-2.76363,2.64461,0.838277,-2.8805,2,0.753205,-2.92645,1.99719,2.20563,0.641879,0,2.26071,0.618714,-0.0208064,2.3044,0.670622,0,2.22695,0.507875,0.0098354
37.67,0.824475,-2.75051,2.65596,0.797512,-2.75799,2.64442,0.861394,-2.87367,2,0.771026,-2.92231,1.99727,2.20041,0.65958,7.3098e-19,2.25442,0.635334,-0.0200053,2.29894,0.689115,0,2.22847,0.527365,0.00916717
37.6802,0.846713,-2.74374,2.65596,0.815525,-2.75284,2.64426,0.884629,-2.86661,2,0.78663,-2.91856,1.99733,2.19499,0.677371,7.3098e-19,2.24876,0.650105,-0.0194017,2.29329,0.707703,0,2.22978,0.54448,0.00850178
37.6901,0.868872,-2.73681,2.65596,0.833492,-2.74758,2.64411,0.90778,-2.85936,2,0.808937,-2.91299,1.99741,2.18945,0.695098,0,2.24298,0.664941,-0.0185481,2.28749,0.726224,0,2.23156,0.569089,0.00779927
37.7007,0.89167,-2.72946,2.65596,0.860356,-2.73947,2.6439,0.931598,-2.85169,2,0.837963,-2.90538,1.99751,2.18357,0.713336,-7.3098e-19,2.23436,0.687321,-0.0170639,2.28135,0.745279,0,2.23395,0.601372,0.0070844
37.7102,0.912631,-2.72253,2.65596,0.878208,-2.73391,2.64377,0.953498,-2.84444,2,0.849135,-2.90234,1.99754,2.17802,0.730105,0,2.22872,0.702375,-0.0159086,2.27555,0.762798,0,2.23487,0.61387,0.00688272
37.7202,0.934112,-2.71523,2.65596,0.896015,-2.72823,2.64364,0.975941,-2.83682,2,0.873729,-2.89544,1.99762,2.17219,0.74729,0,2.22309,0.717411,-0.0149091,2.26945,0.780753,0,2.23685,0.641327,0.00621904
37.73,0.955516,-2.70777,2.65596,0.918212,-2.72096,2.6435,0.998303,-2.82903,2,0.896107,-2.8889,1.99767,2.16622,0.764413,1.46196e-18,2.21621,0.73625,-0.0135082,2.26322,0.798643,0,2.23877,0.666424,0.00572048
37.7399,0.976687,-2.70021,2.65596,0.944757,-2.71199,2.64335,1.02042,-2.82112,2,0.916264,-2.8828,1.99772,2.16017,0.78135,-7.3098e-19,2.20809,0.758969,-0.0119066,2.2569,0.816338,0,2.24051,0.689103,0.00514665
37.7501,0.999225,-2.69195,2.65596,0.966805,-2.70431,2.64324,1.04397,-2.81249,2,0.938679,-2.87579,1.99777,2.15356,0.79938,0,2.20143,0.777948,-0.0108156,2.25,0.835176,0,2.24244,0.714357,0.00429123
37.76,1.0204,-2.684,2.65596,0.977803,-2.7004,2.64318,1.0661,-2.80418,2,0.954381,-2.87072,1.9978,2.1472,0.816322,-1.46196e-18,2.19808,0.787449,-0.0102389,2.24335,0.852876,0,2.24376,0.732112,0.00372515
37.7702,1.04233,-2.67556,2.65596,1.00413,-2.69081,2.64307,1.089,-2.79537,2,0.976828,-2.86327,1.99783,2.14045,0.833861,-7.3098e-19,2.19001,0.810188,-0.00907693,2.23629,0.871201,0,2.2456,0.757501,0.00265324
37.78,1.06266,-2.66754,2.65596,1.02818,-2.68178,2.64297,1.11025,-2.787,2,1.00154,-2.85479,1.99785,2.13404,0.850131,-1.46196e-18,2.18267,0.830895,-0.008638,2.2296,0.888199,0,2.24756,0.785335,0.000900525
37.79,1.08394,-2.65897,2.65596,1.04997,-2.67338,2.64288,1.13248,-2.77804,2,1.02402,-2.84681,1.99785,2.12718,0.867151,0,2.17597,0.849668,-0.008533,2.22243,0.905982,0,2.24916,0.810586,-0.000969796
37.8,1.10547,-2.65009,2.65596,1.0717,-2.66479,2.6428,1.15497,-2.76876,2,1.04652,-2.83858,1.99783,2.12007,0.884375,0,2.16914,0.868417,-0.00820189,2.21501,0.923977,0,2.25065,0.835929,-0.00262974
37.8101,1.12672,-2.64113,2.65596,1.09336,-2.65601,2.64272,1.17717,-2.7594,2,1.06904,-2.83009,1.9978,2.1129,0.901373,0,2.1621,0.887122,-0.00769773,2.20752,0.941736,0,2.25195,0.86136,-0.00413261
37.82,1.14736,-2.63223,2.65596,1.11494,-2.64705,2.64265,1.19874,-2.75009,2,1.09156,-2.82135,1.99775,2.10578,0.91789,0,2.15491,0.905835,-0.00692455,2.20008,0.958993,0,2.25311,0.886923,-0.00537324
37.83,1.16867,-2.62283,2.65596,1.13645,-2.6379,2.64258,1.221,-2.74028,2,1.1141,-2.81235,1.99769,2.09827,0.934937,-1.46196e-18,2.14749,0.924407,-0.00597574,2.19223,0.976803,0,2.25403,0.912457,-0.00643658
37.84,1.18962,-2.6134,2.65596,1.15789,-2.62856,2.64253,1.24289,-2.73043,2,1.13664,-2.8031,1.99762,2.09072,0.951694,-1.46196e-18,2.13979,0.942829,-0.00481377,2.18434,0.99431,0,2.25467,0.937967,-0.00728347
37.85,1.21052,-2.60378,2.65596,1.17925,-2.61904,2.64249,1.26473,-2.72038,2,1.15919,-2.79359,1.99755,2.08303,0.968417,0,2.13189,0.961172,-0.00352411,2.1763,1.01178,0,2.25509,0.963513,-0.00798983
37.86,1.2313,-2.59402,2.65596,1.20053,-2.60934,2.64246,1.28643,-2.71018,2,1.18174,-2.78383,1.99746,2.07522,0.985037,-1.46196e-18,2.12377,0.979456,-0.00214224,2.16815,1.02915,0,2.25527,0.989101,-0.0085816
37.87,1.25166,-2.58426,2.65596,1.21749,-2.60144,2.64245,1.30771,-2.69998,2,1.19978,-2.77583,1.99739,2.06741,1.00133,0,2.1172,0.994023,-0.00100359,2.15998,1.04617,0,2.2553,1.00958,-0.00900012
37.88,1.27258,-2.57402,2.65596,1.23862,-2.59141,2.64244,1.32957,-2.68928,2,1.22234,-2.76561,1.9973,2.05922,1.01807,0,2.1088,1.01216,0.000275834,2.15143,1.06365,0,2.2551,1.03517,-0.00962863
37.89,1.29311,-2.56377,2.65596,1.25967,-2.5812,2.64245,1.35101,-2.67858,2,1.24489,-2.75513,1.9972,2.05102,1.03449,0,2.10034,1.03026,0.00152975,2.14286,1.08081,0,2.25472,1.06075,-0.0102251
37.9,1.31365,-2.5533,2.65596,1.28063,-2.57081,2.64247,1.37248,-2.66764,2,1.26743,-2.7444,1.9971,2.04264,1.05092,2.92392e-18,2.09173,1.04828,0.00278349,2.13411,1.09798,0,2.25409,1.08628,-0.0107569
37.91,1.33377,-2.54285,2.65596,1.29733,-2.56236,2.6425,1.3935,-2.65672,2,1.28997,-2.73341,1.99699,2.03428,1.06702,0,2.08476,1.06264,0.0037836,2.12538,1.1148,0,2.25322,1.11177,-0.0112281
37.92,1.35417,-2.53205,2.65596,1.32229,-2.54948,2.64255,1.41481,-2.64543,2,1.31249,-2.72216,1.99687,2.02564,1.08333,1.46196e-18,2.07428,1.08406,0.00509566,2.11635,1.13185,0,2.2522,1.13719,-0.0118106
37.93,1.3744,-2.52112,2.65596,1.34299,-2.53855,2.64261,1.43595,-2.63402,2,1.33501,-2.71066,1.99675,2.0169,1.09952,0,2.06552,1.10181,0.00576081,2.10721,1.14876,0,2.25096,1.16247,-0.0126951
37.94,1.39448,-2.51008,2.65596,1.3636,-2.52745,2.64267,1.45692,-2.62248,2,1.35751,-2.69891,1.99662,2.00806,1.11558,0,2.05661,1.11946,0.00640806,2.09798,1.16554,0,2.24944,1.18769,-0.013517
37.95,1.4144,-2.4989,2.65596,1.38412,-2.51616,2.64274,1.47774,-2.6108,2,1.38,-2.68691,1.99648,1.99912,1.13152,-1.46196e-18,2.04761,1.13697,0.00711982,2.08864,1.18219,0,2.2477,1.21282,-0.0141977
37.96,1.43444,-2.48745,2.65596,1.39435,-2.51046,2.64277,1.49868,-2.59884,2,1.40247,-2.67466,1.99634,1.98996,1.14755,0,2.04308,1.1457,0.00748698,2.07907,1.19894,0,2.24574,1.23793,-0.0147579
37.97,1.45446,-2.4758,2.65596,1.42489,-2.49308,2.64289,1.51959,-2.58667,2,1.42491,-2.66215,1.99618,1.98064,1.16356,0,2.02929,1.17162,0.00810214,2.06934,1.21567,0,2.24343,1.26277,-0.0157228
37.98,1.47413,-2.46414,2.65596,1.44109,-2.48365,2.64296,1.54014,-2.57449,2,1.44733,-2.6494,1.99602,1.97132,1.1793,0,2.02189,1.18526,0.00785184,2.05959,1.23211,0,2.2408,1.28734,-0.0171581
37.9901,1.49398,-2.45215,2.65596,1.46529,-2.4693,2.64305,1.56088,-2.56196,2,1.46973,-2.63641,1.99584,1.96172,1.19519,1.46196e-18,2.01065,1.2055,0.00718332,2.04957,1.24871,0,2.2378,1.31167,-0.0186719
38,1.5136,-2.4401,2.65596,1.48535,-2.45717,2.64312,1.58137,-2.54936,2,1.49209,-2.62317,1.99565,1.95208,1.21088,0,2.0011,1.22212,0.00643588,2.03949,1.2651,0,2.23446,1.33575,-0.0202675
38.01,1.53272,-2.42813,2.65596,1.50531,-2.44486,2.64318,1.60136,-2.53686,2,1.51441,-2.60969,1.99544,1.9425,1.22618,1.46196e-18,1.99138,1.23865,0.00591073,2.02949,1.28109,0,2.23081,1.35976,-0.0215433
38.02,1.55199,-2.41586,2.65596,1.52319,-2.43365,2.64323,1.62149,-2.52404,2,1.53448,-2.59736,1.99524,1.93269,1.24159,0,1.98246,1.25348,0.00572948,2.01923,1.29719,0,2.22723,1.38135,-0.0223144
38.03,1.57117,-2.40343,2.65596,1.54297,-2.42103,2.64329,1.64153,-2.51105,2,1.55673,-2.58342,1.99501,1.92274,1.25694,0,1.97231,1.26985,0.00574497,2.00884,1.31322,0,2.22281,1.40522,-0.0228501
38.04,1.59081,-2.39048,2.65596,1.56264,-2.40825,2.64334,1.66205,-2.49752,2,1.57893,-2.56925,1.99478,1.91238,1.27265,0,1.96196,1.28601,0.005959,1.99802,1.32964,0,2.21798,1.42885,-0.0230693
38.05,1.60977,-2.37775,2.65596,1.58221,-2.39531,2.64341,1.68185,-2.48422,2,1.60108,-2.55485,1.99455,1.9022,1.28782,-1.46196e-18,1.95143,1.30193,0.0063402,1.98738,1.34548,0,2.21273,1.45218,-0.0229998
38.06,1.62857,-2.36491,2.65596,1.60167,-2.38221,2.64347,1.70149,-2.47081,2,1.62318,-2.54021,1.99432,1.89193,1.30285,0,1.94071,1.31765,0.00683027,1.97665,1.36119,0,2.20702,1.47523,-0.022697
38.07,1.64744,-2.35181,2.65596,1.62102,-2.36896,2.64354,1.72121,-2.45712,2,1.64522,-2.52534,1.9941,1.88145,1.31795,0,1.92989,1.33328,0.00737537,1.9657,1.37697,0,2.20097,1.49811,-0.0222118
38.0801,1.66651,-2.33833,2.65596,1.64026,-2.35555,2.64362,1.74114,-2.44304,2,1.6672,-2.51025,1.99388,1.87066,1.33321,1.46196e-18,1.919,1.3488,0.00796072,1.95443,1.39291,0,2.19457,1.52076,-0.0215574
38.09,1.68525,-2.32486,2.65596,1.65749,-2.34335,2.64369,1.76072,-2.42897,2,1.68693,-2.49647,1.99369,1.85989,1.3482,0,1.90915,1.36264,0.00851635,1.94317,1.40857,0,2.18852,1.54091,-0.0208293
38.1,1.70383,-2.31128,2.65596,1.67653,-2.32964,2.64378,1.78013,-2.41477,2,1.70878,-2.48095,1.99349,1.84902,1.36307,1.46196e-18,1.89805,1.37787,0.00908981,1.93182,1.4241,0,2.18136,1.56303,-0.0199406
38.11,1.72198,-2.29779,2.65596,1.69545,-2.31579,2.64388,1.79909,-2.40068,2,1.73055,-2.46521,1.99329,1.83823,1.37758,0,1.88683,1.39301,0.00963551,1.92055,1.43927,0,2.17377,1.58486,-0.0189463
38.1201,1.74049,-2.2838,2.65596,1.71426,-2.30178,2.64397,1.81842,-2.38607,2,1.75225,-2.44925,1.99311,1.82704,1.39239,0,1.87545,1.40803,0.0101322,1.90886,1.45474,0,2.16568,1.60639,-0.0178705
38.13,1.75854,-2.26993,2.65596,1.72363,-2.29473,2.64403,1.83729,-2.37157,2,1.77386,-2.43308,1.99293,1.81594,1.40683,1.46196e-18,1.86974,1.41549,0.0103731,1.89726,1.46983,0,2.15717,1.62754,-0.0166913
38.14,1.77669,-2.25575,2.65596,1.75154,-2.27333,2.64418,1.85625,-2.35676,2,1.79539,-2.4167,1.99277,1.8046,1.42135,-1.46196e-18,1.85229,1.43748,0.0104751,1.88541,1.485,0,2.1481,1.64822,-0.0159954
38.1501,1.795,-2.24121,2.65596,1.76448,-2.26323,2.64426,1.87538,-2.34157,2,1.8104,-2.40512,1.99266,1.79297,1.436,1.46196e-18,1.84409,1.44764,0.0101338,1.87326,1.5003,0,2.14148,1.66243,-0.0156768
38.16,1.81253,-2.22706,2.65596,1.78835,-2.24429,2.64438,1.89369,-2.32678,2,1.83816,-2.38334,1.99246,1.78165,1.45002,0,1.82896,1.46643,0.00866218,1.86143,1.51496,0,2.12876,1.68831,-0.0157583
38.17,1.83037,-2.21242,2.65596,1.80658,-2.22955,2.64446,1.91233,-2.31149,2,1.8594,-2.36636,1.9923,1.76994,1.46429,1.46196e-18,1.81719,1.48083,0.00739281,1.84919,1.52986,0,2.11844,1.70784,-0.0158303
38.18,1.84785,-2.19784,2.65596,1.8247,-2.21467,2.64453,1.93059,-2.29626,2,1.88053,-2.34918,1.99214,1.75827,1.47828,-1.46196e-18,1.80518,1.49508,0.00643104,1.83701,1.54447,0,2.10757,1.72698,-0.0155041
38.19,1.8655,-2.18288,2.65596,1.8373,-2.20417,2.64457,1.94904,-2.28063,2,1.89525,-2.33705,1.99203,1.7463,1.4924,-1.46196e-18,1.79664,1.50494,0.00594026,1.8245,1.55923,0,2.09962,1.74016,-0.0150489
38.2001,1.88296,-2.16784,2.65596,1.85521,-2.18905,2.64463,1.96728,-2.26491,2,1.91619,-2.31955,1.99189,1.73427,1.50637,-1.46196e-18,1.78426,1.51881,0.00499082,1.81193,1.57382,0,2.08782,1.75856,-0.0145801
38.2101,1.90026,-2.15269,2.65596,1.87299,-2.1738,2.64467,1.98535,-2.24908,2,1.93701,-2.30188,1.99174,1.72215,1.52021,0,1.77168,1.53252,0.0041187,1.79927,1.58828,0,2.07543,1.77646,-0.0139491
38.22,1.91728,-2.13754,2.65596,1.89064,-2.1584,2.64471,2.00313,-2.23326,2,1.9577,-2.28402,1.99161,1.71003,1.53382,0,1.75891,1.54623,0.00349573,1.78661,1.60251,0,2.06246,1.79399,-0.0129923
38.23,1.93427,-2.12218,2.65596,1.90817,-2.14287,2.64474,2.02089,-2.21721,2,1.97826,-2.266,1.99149,1.69774,1.54742,-1.46196e-18,1.746,1.55993,0.00314193,1.77377,1.61671,0,2.04897,1.81117,-0.0117049
38.24,1.95129,-2.10654,2.65596,1.92556,-2.1272,2.64477,2.03867,-2.20087,2,1.99868,-2.2478,1.99138,1.68523,1.56103,-1.46196e-18,1.73302,1.57368,0.00298408,1.7607,1.63093,0,2.035,1.82804,-0.0101706
38.2501,1.96854,-2.09043,2.65596,1.94283,-2.1114,2.6448,2.05669,-2.18404,2,2.01896,-2.22944,1.99128,1.67234,1.57484,0,1.72006,1.58745,0.00299887,1.74723,1.64536,0,2.02069,1.84457,-0.0084236
38.26,1.98459,-2.0752,2.65596,1.95996,-2.09545,2.64483,2.07346,-2.16813,2,2.03909,-2.21091,1.99121,1.66016,1.58767,1.46196e-18,1.70705,1.60108,0.0031518,1.7345,1.65877,0,2.00593,1.86061,-0.00651
38.27,2.00117,-2.05921,2.65596,1.97697,-2.07938,2.64487,2.09079,-2.15142,2,2.05907,-2.19223,1.99115,1.64737,1.60094,1.46196e-18,1.69401,1.61464,0.00337469,1.72114,1.67263,0,1.99075,1.8762,-0.00450884
38.28,2.0178,-2.04292,2.65596,1.99384,-2.06316,2.6449,2.10816,-2.1344,2,2.0789,-2.17339,1.99112,1.63434,1.61424,2.92392e-18,1.68093,1.62817,0.00366326,1.70752,1.68653,0,1.97517,1.89141,-0.00243674
38.29,2.03437,-2.02642,2.65596,2.01059,-2.04681,2.64494,2.12547,-2.11717,2,2.09857,-2.1544,1.9911,1.62114,1.62749,-1.46196e-18,1.66778,1.64167,0.00398771,1.69373,1.70037,0,1.95915,1.90623,-0.00033387
38.3001,2.05033,-2.01027,2.65596,2.0272,-2.03033,2.64498,2.14214,-2.10029,2,2.11808,-2.13527,1.99111,1.60822,1.64026,0,1.65454,1.65503,0.00434622,1.68024,1.71371,0,1.94268,1.92053,0.00178824
38.31,2.06607,-1.99409,2.65596,2.04368,-2.01371,2.64503,2.15859,-2.08339,2,2.13743,-2.11599,1.99114,1.59527,1.65286,0,1.64125,1.66842,0.0047046,1.66671,1.72687,0,1.92581,1.9345,0.00388433
38.32,2.08175,-1.97772,2.65596,2.05839,-1.99864,2.64507,2.17497,-2.06628,2,2.15469,-2.09852,1.99118,1.58217,1.6654,0,1.62918,1.68045,0.00501282,1.65302,1.73998,0,1.91022,1.94673,0.00572561
38.33,2.09788,-1.9606,2.65596,2.07462,-1.98177,2.64512,2.19182,-2.0484,2,2.1737,-2.07899,1.99125,1.56848,1.6783,1.46196e-18,1.61564,1.69381,0.00526156,1.63872,1.75346,0,1.89245,1.95996,0.00763439
38.34,2.1135,-1.94375,2.65596,2.0875,-1.96818,2.64516,2.20814,-2.03079,2,2.18878,-2.06327,1.99132,1.555,1.6908,-1.46196e-18,1.60475,1.70445,0.00545462,1.62463,1.76651,0,1.87792,1.97023,0.00911709
38.35,2.12876,-1.92703,2.65596,2.10348,-1.95107,2.64522,2.22408,-2.01332,2,2.20747,-2.04351,1.99142,1.54162,1.70301,0,1.59116,1.71772,0.00539671,1.61065,1.77927,0,1.8595,1.98267,0.0106179
38.3599,2.14416,-1.90987,2.65596,2.11932,-1.93382,2.64527,2.24018,-1.9954,2,2.22597,-2.02362,1.99153,1.5279,1.71533,0,1.57752,1.73092,0.00529207,1.59632,1.79214,0,1.84068,1.99459,0.012007
38.37,2.15952,-1.89249,2.65596,2.13503,-1.91645,2.64533,2.25622,-1.97723,2,2.24428,-2.00361,1.99166,1.51399,1.72762,0,1.56378,1.74409,0.00526164,1.58179,1.80498,0,1.82141,2.00605,0.0133916
38.38,2.17426,-1.87554,2.65596,2.1506,-1.89894,2.64538,2.27162,-1.95953,2,2.2624,-1.9835,1.9918,1.50043,1.73941,0,1.55003,1.75727,0.00532899,1.56762,1.8173,0,1.80181,2.01711,0.0147829
38.39,2.18915,-1.85813,2.65596,2.16603,-1.8813,2.64543,2.28718,-1.94134,2,2.28032,-1.96327,1.99195,1.48651,1.75132,0,1.53626,1.77044,0.00545845,1.55307,1.82975,0,1.78188,2.02777,0.0161373
38.4,2.20411,-1.84036,2.65596,2.17675,-1.86888,2.64547,2.30281,-1.92277,2,2.29274,-1.94905,1.99207,1.47229,1.76329,-1.46196e-18,1.52654,1.77962,0.00556883,1.53822,1.84225,0,1.76767,2.03496,0.0170421
38.41,2.21878,-1.82265,2.65596,2.19194,-1.85102,2.64553,2.31814,-1.90426,2,2.31032,-1.92865,1.99224,1.45812,1.77503,0,1.51272,1.79265,0.00520779,1.52341,1.85451,0,1.74723,2.04486,0.0177259
38.42,2.23334,-1.80479,2.65596,2.207,-1.83302,2.64558,2.33335,-1.8856,2,2.32769,-1.90816,1.99242,1.44383,1.78667,0,1.49899,1.80582,0.00481449,1.50848,1.86668,0,1.72661,2.05446,0.0182691
38.43,2.24763,-1.78696,2.65596,2.22192,-1.8149,2.64562,2.34827,-1.86698,2,2.34485,-1.88757,1.99261,1.42957,1.7981,0,1.48528,1.81911,0.00454058,1.49358,1.87862,0,1.70571,2.06374,0.0188136
38.44,2.26194,-1.7688,2.65596,2.22933,-1.80579,2.64564,2.36323,-1.84801,2,2.3618,-1.86688,1.9928,1.41504,1.80956,0,1.47847,1.82578,0.00446588,1.47841,1.89059,0,1.68464,2.0727,0.0193891
38.45,2.27605,-1.75062,2.65596,2.25136,-1.77825,2.64571,2.37797,-1.82901,2,2.37854,-1.84611,1.99299,1.40049,1.82084,-2.92392e-18,1.45801,1.84577,0.0038875,1.46321,1.90237,0,1.66336,2.08127,0.0194153
38.4602,2.29012,-1.73216,2.65596,2.26587,-1.75973,2.64575,2.39267,-1.80973,2,2.39507,-1.82526,1.99319,1.38573,1.8321,0,1.44451,1.85926,0.00327005,1.44778,1.91414,0,1.64198,2.08961,0.0192323
38.47,2.30381,-1.71392,2.65596,2.28025,-1.74106,2.64577,2.40697,-1.79067,2,2.41138,-1.80432,1.99338,1.37113,1.84305,0,1.43105,1.87284,0.00270072,1.43253,1.92558,0,1.62042,2.09769,0.0189625
38.48,2.31737,-1.69553,2.65596,2.29449,-1.72227,2.6458,2.42114,-1.77146,2,2.42747,-1.78331,1.99357,1.35643,1.8539,-1.46196e-18,1.41738,1.88622,0.00227554,1.41717,1.93691,0,1.59851,2.10536,0.0186988
38.49,2.33074,-1.67711,2.65596,2.30859,-1.70334,2.64582,2.43511,-1.75221,2,2.44335,-1.76222,1.99375,1.34169,1.86459,1.46196e-18,1.40351,1.89949,0.00204492,1.40177,1.94809,0,1.57627,2.11273,0.0184934
38.5001,2.34438,-1.65799,2.65596,2.32256,-1.68428,2.64584,2.44936,-1.73223,2,2.459,-1.74105,1.99394,1.32639,1.87551,1.46196e-18,1.38954,1.9127,0.00206592,1.38578,1.95949,0,1.5538,2.11983,0.0184052
38.51,2.3573,-1.63957,2.65596,2.33639,-1.66509,2.64586,2.46286,-1.71299,2,2.47442,-1.71982,1.99412,1.31165,1.88584,-1.46196e-18,1.37546,1.92583,0.002281,1.37039,1.97029,0,1.53111,2.12669,0.0183802
38.52,2.37036,-1.62063,2.65596,2.34598,-1.65157,2.64588,2.4765,-1.6932,2,2.48509,-1.70492,1.99425,1.29651,1.89629,-1.46196e-18,1.36556,1.93497,0.00251214,1.35456,1.9812,0,1.51514,2.13135,0.0183681
38.53,2.38349,-1.60126,2.65596,2.35956,-1.63216,2.64591,2.49022,-1.67296,2,2.50012,-1.68357,1.99443,1.28101,1.90679,-1.46196e-18,1.35134,1.94778,0.00241043,1.33837,1.99218,0,1.49224,2.13769,0.0178233
38.54,2.39608,-1.58235,2.65596,2.373,-1.61262,2.64593,2.50338,-1.65321,2,2.51493,-1.66216,1.99461,1.26588,1.91687,0,1.33698,1.96047,0.0022899,1.32256,2.0027,0,1.46916,2.14374,0.0171517
38.55,2.40859,-1.56325,2.65596,2.3863,-1.59295,2.64595,2.51644,-1.63325,2,2.5295,-1.6407,1.99477,1.2506,1.92687,0,1.32247,1.97306,0.00233078,1.3066,2.01315,0,1.44588,2.14949,0.016535
38.56,2.42102,-1.54393,2.65596,2.39945,-1.57316,2.64598,2.52943,-1.61307,2,2.54385,-1.61918,1.99494,1.23515,1.93681,1.46196e-18,1.30779,1.98549,0.00252842,1.29045,2.02354,0,1.42241,2.15494,0.0159713
38.57,2.43326,-1.52457,2.65596,2.41116,-1.55524,2.646,2.54222,-1.59284,2,2.55655,-1.59976,1.99508,1.21966,1.9466,0,1.29446,1.99646,0.00283832,1.27427,2.03377,0,1.40115,2.15957,0.0155134
38.58,2.4454,-1.50501,2.65596,2.42403,-1.53521,2.64603,2.55491,-1.5724,2,2.57045,-1.57814,1.99523,1.20401,1.95632,-1.46196e-18,1.27956,2.00852,0.00327177,1.25792,2.04393,0,1.37747,2.1645,0.0150104
38.59,2.45746,-1.48524,2.65596,2.43675,-1.51507,2.64607,2.5675,-1.55175,2,2.5841,-1.55647,1.99538,1.1882,1.96597,0,1.2646,2.02047,0.00380829,1.2414,2.054,0,1.35376,2.16926,0.0145326
38.6,2.46907,-1.46586,2.65596,2.44933,-1.49481,2.64611,2.57964,-1.5315,2,2.59752,-1.53476,1.99552,1.17268,1.97526,-1.46196e-18,1.24946,2.03226,0.00443081,1.2252,2.06371,0,1.32994,2.17379,0.0140707
38.61,2.48077,-1.44598,2.65596,2.46174,-1.47442,2.64615,2.59185,-1.51073,2,2.6107,-1.513,1.99566,1.15678,1.98461,0,1.23414,2.04384,0.00509198,1.20858,2.07348,0,1.306,2.17812,0.0135853
38.62,2.49231,-1.426,2.65596,2.47401,-1.45393,2.64621,2.60391,-1.48985,2,2.62364,-1.49119,1.99579,1.1408,1.99384,0,1.21858,2.05516,0.00579517,1.19188,2.08313,0,1.28193,2.18221,0.0130885
38.6299,2.50354,-1.40619,2.65596,2.48611,-1.43332,2.64627,2.61564,-1.46915,2,2.63634,-1.46935,1.99592,1.12495,2.00283,0,1.20281,2.0662,0.0065471,1.17532,2.09251,0,1.25774,2.18607,0.0125959
38.64,2.51489,-1.38578,2.65596,2.49806,-1.41261,2.64634,2.6275,-1.44784,2,2.64879,-1.44747,1.99604,1.10863,2.01191,-1.46196e-18,1.18687,2.07697,0.00732443,1.15827,2.102,0,1.23352,2.18973,0.0120929
38.65,2.52581,-1.36577,2.65596,2.50985,-1.39178,2.64642,2.63892,-1.42693,2,2.66101,-1.42556,1.99616,1.09262,2.02065,-1.46196e-18,1.17078,2.08749,0.00811281,1.14154,2.11113,0,1.20929,2.19322,0.0115734
38.66,2.53671,-1.34542,2.65596,2.52148,-1.37086,2.6465,2.6503,-1.40566,2,2.67298,-1.40361,1.99628,1.07633,2.02937,1.46196e-18,1.15457,2.09783,0.00889412,1.12453,2.12024,0,1.18509,2.19665,0.0110282
38.67,2.54731,-1.32524,2.65596,2.52723,-1.36036,2.64655,2.66138,-1.38459,2,2.68471,-1.38163,1.99638,1.0602,2.03785,0,1.14639,2.1029,0.00928308,1.10767,2.1291,0,1.16086,2.19992,0.0104641
38.6803,2.55849,-1.30352,2.65596,2.54199,-1.33293,2.64667,2.67306,-1.36189,2,2.6962,-1.35961,1.99648,1.04282,2.04679,-1.46196e-18,1.12496,2.11574,0.00989975,1.08951,2.13845,0,1.13674,2.20309,0.00936266
38.69,2.56828,-1.28413,2.65596,2.54983,-1.3181,2.64674,2.68328,-1.34163,2,2.70185,-1.34859,1.99653,1.0273,2.05462,-1.46196e-18,1.11337,2.12251,0.00988319,1.07331,2.14663,0,1.12472,2.20465,0.00868627
38.7,2.57854,-1.2634,2.65596,2.56525,-1.28829,2.64687,2.694,-1.31998,2,2.71736,-1.3177,1.99663,1.01072,2.06283,0,1.09,2.13563,0.00889714,1.05598,2.1552,0,1.09121,2.20871,0.00587599
38.71,2.58853,-1.2428,2.65596,2.57607,-1.26689,2.64696,2.70445,-1.29845,2,2.72816,-1.2956,1.99668,0.994239,2.07083,-1.46196e-18,1.07311,2.14487,0.0082889,1.03876,2.16356,0,1.06733,2.21155,0.00399265
38.72,2.59823,-1.22239,2.65596,2.58671,-1.2454,2.64704,2.71458,-1.27713,2,2.73871,-1.27347,1.99671,0.977914,2.07859,0,1.056,2.15376,0.00789664,1.0217,2.17166,0,1.0434,2.2142,0.00234412
38.73,2.60802,-1.20137,2.65596,2.59719,-1.22382,2.64712,2.72481,-1.25516,2,2.74902,-1.25131,1.99673,0.961093,2.08642,-1.46196e-18,1.03867,2.16227,0.00765234,1.00413,2.17984,0,1.01945,2.2167,0.000865848
38.74,2.61776,-1.18,2.65596,2.60749,-1.20215,2.6472,2.73498,-1.23284,2,2.7591,-1.22913,1.99673,0.943998,2.09421,0,1.02109,2.17046,0.00762223,0.98627,2.18798,0,0.995467,2.21912,-0.000368516
38.75,2.62689,-1.15952,2.65596,2.61761,-1.18041,2.64727,2.74452,-1.21144,2,2.76893,-1.20693,1.99672,0.927617,2.10151,0,1.00332,2.17839,0.00777072,0.969155,2.19562,0,0.971496,2.22149,-0.00138871
38.76,2.63607,-1.1385,2.65596,2.62755,-1.15859,2.64735,2.75411,-1.18948,2,2.77853,-1.1847,1.9967,0.910799,2.10886,0,0.985376,2.18598,0.00804463,0.951584,2.20329,0,0.947571,2.22374,-0.00224356
38.77,2.64516,-1.11722,2.65596,2.63732,-1.13669,2.64743,2.76361,-1.16725,2,2.78788,-1.16246,1.99668,0.89378,2.11613,0,0.967283,2.19324,0.00841393,0.933803,2.21089,0,0.923715,2.22591,-0.00296021
38.78,2.65392,-1.09626,2.65596,2.6469,-1.11472,2.64752,2.77276,-1.14535,2,2.797,-1.14019,1.99664,0.877006,2.12313,-1.46196e-18,0.949089,2.20036,0.00885728,0.916278,2.21821,0,0.899982,2.22818,-0.0035561
38.79,2.66273,-1.07466,2.65596,2.6563,-1.09268,2.64761,2.78197,-1.12279,2,2.80588,-1.11789,1.99661,0.859731,2.13019,-1.46196e-18,0.930822,2.20732,0.00936166,0.89823,2.22557,0,0.876407,2.23052,-0.00404033
38.8,2.67113,-1.05362,2.65596,2.66551,-1.07058,2.64771,2.79074,-1.1008,2,2.81196,-1.10227,1.99658,0.842898,2.1369,0,0.912399,2.21402,0.00990226,0.880642,2.23259,0,0.859939,2.23215,-0.00432604
38.81,2.6795,-1.03214,2.65596,2.67454,-1.0484,2.64781,2.79949,-1.07835,2,2.82294,-1.07324,1.99652,0.825709,2.1436,-7.3098e-19,0.893881,2.22047,0.0104557,0.862684,2.23959,0,0.829547,2.2352,-0.00476463
38.82,2.68764,-1.01076,2.65596,2.68339,-1.02617,2.64792,2.80799,-1.05602,2,2.83112,-1.05087,1.99647,0.808609,2.15011,0,0.875229,2.22662,0.0110038,0.844818,2.24639,0,0.806291,2.23749,-0.00504211
38.83,2.6957,-0.989068,2.65596,2.69205,-1.00387,2.64803,2.81641,-1.03336,2,2.83907,-1.02849,1.99642,0.791254,2.15656,-7.3098e-19,0.856458,2.2325,0.0115447,0.826686,2.25313,0,0.783153,2.23978,-0.00527021
38.84,2.70357,-0.967333,2.65596,2.69884,-0.985993,2.64812,2.82464,-1.01065,2,2.84526,-1.01056,1.99637,0.773867,2.16286,0,0.841378,2.23707,0.0119548,0.80852,2.25971,0,0.764748,2.24167,-0.00543421
38.85,2.71116,-0.945872,2.65596,2.70716,-0.963595,2.64824,2.83256,-0.988228,2,2.85279,-0.988131,1.99632,0.756698,2.16893,1.46196e-18,0.822473,2.24251,0.011981,0.790582,2.26605,0,0.741923,2.244,-0.00606925
38.86,2.71861,-0.924237,2.65596,2.71529,-0.941143,2.64836,2.84035,-0.965624,2,2.8601,-0.96568,1.99625,0.739389,2.17489,0,0.803467,2.24776,0.0118306,0.772499,2.27228,0,0.719261,2.24633,-0.00681488
38.8703,2.72614,-0.901783,2.65596,2.72166,-0.923145,2.64846,2.84821,-0.942164,2,2.86578,-0.947702,1.9962,0.721426,2.18091,-7.3098e-19,0.788169,2.25185,0.0117642,0.753731,2.27857,0,0.70121,2.24821,-0.00731346
38.88,2.73309,-0.880483,2.65596,2.72713,-0.90737,2.64854,2.85548,-0.919911,2,2.87404,-0.920706,1.9961,0.704387,2.18647,7.3098e-19,0.774791,2.25533,0.0116228,0.735929,2.28438,0,0.674461,2.25104,-0.00843306
38.89,2.74025,-0.857943,2.65596,2.73853,-0.873486,2.6487,2.86296,-0.896361,2,2.88067,-0.898184,1.99601,0.686354,2.1922,0,0.746155,2.26249,0.00999969,0.717089,2.29037,0,0.65247,2.25339,-0.0100577
38.9001,2.74685,-0.836595,2.65596,2.7459,-0.850837,2.6488,2.86985,-0.874057,2,2.88709,-0.875638,1.9959,0.669276,2.19748,-1.46196e-18,0.727019,2.26721,0.0085383,0.699246,2.29588,0,0.630716,2.25578,-0.0118525
38.91,2.75351,-0.814399,2.65596,2.75307,-0.828142,2.64887,2.87681,-0.850867,2,2.89328,-0.853068,1.99578,0.651519,2.20281,-7.3098e-19,0.707794,2.27184,0.00725415,0.680694,2.30145,0,0.609089,2.25822,-0.0134167
38.92,2.75991,-0.792428,2.65596,2.76005,-0.805401,2.64894,2.8835,-0.827912,2,2.89927,-0.830474,1.99563,0.633942,2.20793,7.3098e-19,0.688487,2.27618,0.0061426,0.66233,2.3068,0,0.587585,2.26067,-0.014763
38.93,2.76615,-0.770382,2.65596,2.76684,-0.782619,2.649,2.89001,-0.804879,2,2.90504,-0.807855,1.99548,0.616306,2.21292,0,0.669037,2.28026,0.00532281,0.643903,2.31201,0,0.566156,2.26311,-0.0157703
38.94,2.77221,-0.748247,2.65596,2.77344,-0.759797,2.64905,2.89635,-0.781753,2,2.91059,-0.785211,1.99532,0.598598,2.21777,0,0.649512,2.28419,0.00483435,0.625403,2.31708,0,0.544867,2.26565,-0.0163998
38.95,2.77816,-0.725862,2.65596,2.77983,-0.736936,2.6491,2.90256,-0.758366,2,2.91593,-0.762542,1.99515,0.580689,2.22253,7.3098e-19,0.629914,2.28798,0.00458562,0.606692,2.32205,0,0.523718,2.26828,-0.016745
38.96,2.78384,-0.703753,2.65596,2.78603,-0.714037,2.64914,2.9085,-0.735266,2,2.92107,-0.739845,1.99499,0.563002,2.22707,0,0.610254,2.29162,0.00454207,0.588213,2.3268,0,0.502721,2.27101,-0.0168421
38.97,2.78953,-0.68088,2.65596,2.79204,-0.691104,2.64919,2.91444,-0.71137,2,2.92599,-0.717121,1.99482,0.544704,2.23162,0,0.590546,2.29508,0.00465243,0.569096,2.33155,0,0.481893,2.27381,-0.0167438
38.98,2.79471,-0.659289,2.65596,2.7967,-0.672733,2.64922,2.91985,-0.688812,2,2.9307,-0.694369,1.99465,0.527432,2.23577,-7.3098e-19,0.574755,2.29773,0.00482209,0.55105,2.33588,0,0.461238,2.27669,-0.0164966
38.9901,2.79993,-0.636738,2.65596,2.80235,-0.64974,2.64927,2.92531,-0.66525,2,2.93521,-0.671587,1.99449,0.50939,2.23994,7.3098e-19,0.554981,2.30082,0.00495121,0.5322,2.34025,0,0.440767,2.27957,-0.0163502
39,2.80484,-0.614759,2.65596,2.80886,-0.622108,2.64933,2.93044,-0.642288,2,2.93952,-0.648777,1.99433,0.491807,2.24387,0,0.531218,2.30435,0.00502591,0.51383,2.34435,0,0.4205,2.28253,-0.0161711
39.0101,2.8097,-0.592139,2.65596,2.81408,-0.599051,2.64938,2.93552,-0.618655,2,2.94363,-0.625937,1.99416,0.473712,2.24776,0,0.511484,2.30715,0.004809,0.494924,2.34841,0,0.400521,2.28554,-0.0162437
39.02,2.81435,-0.569646,2.65596,2.81909,-0.575966,2.64943,2.94037,-0.595155,2,2.94753,-0.603066,1.994,0.455717,2.25148,7.3098e-19,0.491743,2.30966,0.00460415,0.476124,2.3523,0,0.380736,2.28855,-0.0162757
39.03,2.81887,-0.546832,2.65596,2.82391,-0.552858,2.64948,2.9451,-0.571318,2,2.95124,-0.580165,1.99384,0.437465,2.2551,0,0.471963,2.31195,0.004509,0.457055,2.35608,0,0.36111,2.29161,-0.0161719
39.04,2.82314,-0.524354,2.65596,2.82853,-0.529728,2.64952,2.94956,-0.547834,2,2.95475,-0.557234,1.99368,0.419483,2.25851,-7.3098e-19,0.452103,2.31393,0.00454717,0.438267,2.35964,0,0.341604,2.2946,-0.0159085
39.05,2.82722,-0.501885,2.65596,2.83295,-0.506581,2.64957,2.95382,-0.524359,2,2.95807,-0.534274,1.99352,0.401508,2.26177,0,0.432141,2.31558,0.00467603,0.419487,2.36306,0,0.322194,2.2975,-0.0155296
39.06,2.83118,-0.47905,2.65596,2.83718,-0.483417,2.64961,2.95795,-0.500502,2,2.9612,-0.511284,1.99337,0.38324,2.26494,0,0.412112,2.31705,0.00487937,0.400402,2.36636,0,0.302912,2.30046,-0.0150536
39.07,2.83492,-0.456357,2.65596,2.8412,-0.46024,2.64966,2.96187,-0.476792,2,2.96413,-0.488264,1.99322,0.365086,2.26794,0,0.392082,2.31844,0.00514819,0.381434,2.3695,0,0.283819,2.30355,-0.0144911
39.08,2.83844,-0.433923,2.65596,2.84502,-0.437049,2.64972,2.96555,-0.453354,2,2.96688,-0.465213,1.99308,0.347138,2.27075,3.6549e-19,0.372076,2.31968,0.00546681,0.362683,2.37244,0,0.264935,2.3067,-0.0138593
39.09,2.84187,-0.410907,2.65596,2.84864,-0.413847,2.64977,2.96912,-0.429307,2,2.96943,-0.44213,1.99294,0.328725,2.27349,-3.6549e-19,0.35213,2.32084,0.0058173,0.343446,2.3753,0,0.246292,2.30997,-0.0131786
39.0999,2.84499,-0.388688,2.65596,2.85206,-0.390633,2.64983,2.97239,-0.406093,2,2.9718,-0.419014,1.99281,0.31095,2.27599,3.6549e-19,0.332167,2.3218,0.00617733,0.324874,2.37791,0,0.227805,2.31324,-0.012473
39.11,2.84807,-0.365431,2.65596,2.85528,-0.367411,2.6499,2.97561,-0.381795,2,2.97399,-0.395865,1.99269,0.292345,2.27846,3.6549e-19,0.312192,2.32253,0.00653511,0.305436,2.38049,0,0.209476,2.31648,-0.0117558
39.12,2.85088,-0.342826,2.65596,2.8583,-0.344183,2.64997,2.97854,-0.358177,2,2.97599,-0.372684,1.99258,0.274261,2.2807,0,0.292221,2.32304,0.00687973,0.286542,2.38283,0,0.191314,2.31969,-0.0110399
39.13,2.85354,-0.319904,2.65596,2.86113,-0.320951,2.65004,2.98132,-0.33423,2,2.97782,-0.349471,1.99247,0.255924,2.28283,0,0.272251,2.32329,0.00722123,0.267384,2.38506,0,0.173313,2.32282,-0.0103156
39.1399,2.85598,-0.297372,2.65596,2.86375,-0.297718,2.65011,2.98387,-0.310688,2,2.97946,-0.326228,1.99237,0.237897,2.28478,0,0.252285,2.32333,0.00754651,0.24855,2.38709,0,0.155471,2.32591,-0.00959671
39.1501,2.8585,-0.272119,2.65596,2.86617,-0.274485,2.65019,2.9865,-0.284304,2,2.98093,-0.302953,1.99228,0.217695,2.2868,0,0.232364,2.32317,0.00786359,0.227443,2.3892,0,0.137825,2.32894,-0.00887578
39.1601,2.86042,-0.251137,2.65596,2.86731,-0.26287,2.65023,2.9885,-0.262383,2,2.98222,-0.279649,1.9922,0.20091,2.28833,3.6549e-19,0.222417,2.323,0.00801099,0.209906,2.3908,0,0.12036,2.33189,-0.00824049
39.17,2.86231,-0.228485,2.65596,2.87042,-0.22803,2.65035,2.99049,-0.238716,2,2.98333,-0.256316,1.99211,0.182788,2.28985,1.82745e-19,0.19269,2.32228,0.00768186,0.190973,2.39239,0,0.103122,2.3348,-0.00822026
39.18,2.86404,-0.205686,2.65596,2.87225,-0.20481,2.65042,2.99229,-0.214896,2,2.98428,-0.232953,1.99203,0.164549,2.29123,0,0.173021,2.32175,0.00661527,0.171917,2.39383,0,0.0861492,2.33765,-0.00884621
39.19,2.86561,-0.182583,2.65596,2.87341,-0.188559,2.65046,2.99393,-0.190759,2,2.98484,-0.216583,1.99197,0.146066,2.29249,-1.82745e-19,0.159282,2.32139,0.0057864,0.152607,2.39514,0,0.0743788,2.33966,-0.00935818
39.2,2.86697,-0.159849,2.65596,2.87477,-0.167669,2.65051,2.99535,-0.167007,2,2.98544,-0.195514,1.99188,0.127879,2.29357,1.82745e-19,0.141733,2.32087,0.00431385,0.133605,2.39628,0,0.0594249,2.34228,-0.010422
39.21,2.86815,-0.136996,2.65596,2.87609,-0.144464,2.65054,2.99658,-0.143131,2,2.98595,-0.172077,1.99177,0.109597,2.29452,0,0.122252,2.32013,0.00258519,0.114504,2.39727,0,0.0429471,2.34509,-0.0116871
39.22,2.86915,-0.114041,2.65596,2.87711,-0.123586,2.65056,2.99763,-0.119147,2,2.98627,-0.15096,1.99166,0.0912325,2.29532,-9.13725e-20,0.104635,2.31944,0.00136056,0.0953178,2.39811,0,0.0281766,2.34759,-0.0124763
39.23,2.86998,-0.0909732,2.65596,2.87806,-0.100395,2.65057,2.99849,-0.0950469,2,2.98643,-0.13452,1.99157,0.0727786,2.29598,0,0.0849622,2.31867,0.000333483,0.0760376,2.3988,0,0.0167188,2.34953,-0.0128901
39.24,2.87061,-0.0682671,2.65596,2.87867,-0.0818481,2.65057,2.99915,-0.0713241,2,2.98652,-0.108659,1.99143,0.0546137,2.29649,0,0.069158,2.31806,-0.000205136,0.0570593,2.39932,0,-0.00123998,2.35255,-0.0131261
39.25,2.87107,-0.0446285,2.65596,2.87927,-0.0586713,2.65056,2.99964,-0.046627,2,2.98642,-0.0851198,1.99129,0.0357028,2.29686,0,0.049403,2.31728,-0.000892464,0.0373016,2.39971,0,-0.0174334,2.35525,-0.0132794
39.2601,2.87134,-0.0218599,2.65596,2.87966,-0.0355028,2.65055,2.99991,-0.0228388,2,2.98617,-0.0615544,1.99116,0.0174879,2.29707,0,0.0295798,2.31642,-0.00134263,0.018271,2.39993,0,-0.0335413,2.3578,-0.0131729
