quad_ref_x,quad_ref_y,quad_actual_x,quad_actual_y,payload_ref_x,payload_ref_y,payload_actual_x,payload_actual_y
0,0,5.12111,0.119759,0,0,0,0
0.0227978,0.0196737,5.14763,0.145978,0.023839,0.0238382,5.12365,0.122273
0.045777,0.0395005,5.20231,0.200129,0.0478675,0.0478614,5.14763,0.145978
0.0688894,0.0594355,5.23536,0.232899,0.072035,0.0720142,5.20231,0.200129
0.0916874,0.0790892,5.24686,0.244316,0.0958734,0.0958244,5.23878,0.236299
0.114574,0.0988058,5.2586,0.255974,0.119804,0.119708,5.24686,0.244316
0.137713,0.118722,5.27058,0.267871,0.143997,0.143831,5.2586,0.255974
0.160471,0.138291,5.30776,0.304934,0.167792,0.167529,5.27058,0.267871
0.183673,0.158217,5.32043,0.317683,0.192049,0.191656,5.30789,0.304947
0.206385,0.177696,5.33314,0.330567,0.215794,0.215235,5.32077,0.317756
0.229666,0.197631,5.34584,0.343569,0.240132,0.239361,5.33387,0.330788
0.252133,0.216836,5.35851,0.356683,0.263618,0.262598,5.34719,0.344042
0.274984,0.236332,5.40825,0.410219,0.287504,0.286181,5.36073,0.357512
0.298372,0.256244,5.42058,0.423848,0.311949,0.310258,5.41699,0.413529
0.320618,0.27514,5.43281,0.437508,0.335199,0.3331,5.43159,0.428059
0.343476,0.294508,5.44485,0.451149,0.359087,0.356506,5.44638,0.442796
0.366405,0.313886,5.45661,0.464767,0.383048,0.379913,5.46138,0.457736
0.389203,0.333097,5.46799,0.478369,0.406869,0.40311,5.47656,0.472873
0.412188,0.352407,5.47884,0.491962,0.430884,0.426416,5.49192,0.488204
0.434687,0.371249,5.48901,0.505556,0.454389,0.449147,5.50746,0.503723
0.457971,0.390679,5.49836,0.519174,0.478712,0.472578,5.52315,0.51942
0.480462,0.409379,5.5067,0.53285,0.502204,0.495117,5.53897,0.535288
0.503073,0.428106,5.5139,0.546625,0.525818,0.517678,5.5549,0.551316
0.525611,0.446698,5.51978,0.560546,0.549354,0.540065,5.57092,0.567492
0.548476,0.46548,5.5242,0.574671,0.573229,0.562667,5.58698,0.583801
0.571579,0.484371,5.52704,0.58906,0.59735,0.585388,5.60306,0.600231
0.593601,0.502292,5.52818,0.603781,0.620339,0.606932,5.61911,0.616769
0.616334,0.520702,5.5275,0.618901,0.644068,0.62905,5.63507,0.633406
0.639088,0.539032,5.52494,0.634484,0.667815,0.651059,5.65089,0.650131
0.661315,0.556842,5.52058,0.650569,0.691011,0.67243,5.66651,0.666936
0.68358,0.574582,5.51443,0.667198,0.714243,0.693705,5.68188,0.683814
0.705937,0.592291,5.50646,0.684425,0.737567,0.714929,5.69693,0.700759
0.728377,0.609956,5.49664,0.702302,0.760976,0.736087,5.71157,0.717765
0.7507,0.627418,5.48521,0.720791,0.78426,0.756987,5.72569,0.734825
0.773015,0.644756,5.47244,0.739771,0.807532,0.777727,5.73926,0.751944
0.794744,0.661523,5.45834,0.759124,0.83019,0.797769,5.75221,0.769128
0.816643,0.678301,5.44275,0.778737,0.853022,0.817813,5.76442,0.786377
0.838932,0.695251,5.42567,0.798517,0.876259,0.838047,5.77568,0.803686
0.860751,0.711715,5.40726,0.818419,0.899002,0.857688,5.78581,0.821058
0.882594,0.728064,5.38755,0.8384,0.921767,0.877178,5.79472,0.838502
0.904642,0.74443,5.36657,0.8584,0.944744,0.896675,5.80224,0.856023
0.926716,0.760671,5.34429,0.878336,0.967744,0.91601,5.80818,0.873631
0.948437,0.776509,5.32075,0.898125,0.990374,0.934851,5.81233,0.891333
0.969802,0.791942,5.29618,0.917737,1.01263,0.953198,5.8145,0.909139
0.991664,0.807583,5.27064,0.937125,1.0354,0.971779,5.81463,0.927062
1.01356,0.823086,5.24413,0.95623,1.0582,0.990183,5.81255,0.94511
1.03485,0.838011,5.21671,0.975007,1.08038,1.00789,5.80808,0.963292
1.05608,0.85273,5.18849,0.993426,1.10248,1.02534,5.80104,0.981615
1.07782,0.867628,5.15952,1.01144,1.12511,1.04299,5.79134,1.00009
1.099,0.881981,5.12986,1.029,1.14716,1.05998,5.77884,1.0187
1.12038,0.896297,5.0996,1.04611,1.16942,1.07691,5.76341,1.03748
1.14145,0.910225,5.0688,1.06272,1.19134,1.09338,5.74501,1.05639
1.16247,0.923939,5.03752,1.07883,1.21321,1.10958,5.7236,1.07546
1.18357,0.937529,5.0058,1.09441,1.23517,1.12562,5.69919,1.09465
1.20455,0.950851,4.9737,1.10947,1.257,1.14134,5.67183,1.11398
1.22557,0.964007,4.94128,1.12399,1.27887,1.15685,5.64158,1.13341
1.24664,0.976995,4.90862,1.13802,1.30079,1.17215,5.6086,1.15295
1.26705,0.98938,4.87575,1.15154,1.32201,1.18673,5.57306,1.17257
1.28776,1.00175,4.84269,1.16453,1.34355,1.20128,5.53511,1.19225
1.3092,1.01434,4.80945,1.17699,1.36585,1.21608,5.49491,1.21199
1.32909,1.02581,4.77606,1.18892,1.38654,1.22956,5.45265,1.23175
1.34934,1.03728,4.74255,1.20031,1.40759,1.24303,5.40851,1.25154
1.37041,1.049,4.70894,1.21115,1.42949,1.25678,5.36268,1.27133
1.39025,1.05981,4.67526,1.22144,1.45012,1.26946,5.31537,1.29111
1.41003,1.07037,4.64156,1.23119,1.47069,1.28184,5.26677,1.31087
1.43047,1.08106,4.60788,1.24038,1.49193,1.29436,5.21705,1.33058
1.45063,1.09137,4.57425,1.24904,1.51289,1.30643,5.16641,1.35025
1.47032,1.10121,4.54072,1.25715,1.53336,1.31794,5.115,1.36986
1.49028,1.11095,4.50733,1.26474,1.55411,1.32932,5.06297,1.3894
1.50995,1.1203,4.47413,1.27179,1.57455,1.34025,5.01046,1.40887
1.5297,1.12945,4.44116,1.27832,1.59508,1.35093,4.95761,1.42825
1.54904,1.13817,4.40847,1.28431,1.61518,1.3611,4.90451,1.44754
1.56885,1.14683,4.37609,1.28978,1.63577,1.37121,4.85128,1.46672
1.58813,1.15502,4.34407,1.29474,1.65581,1.38076,4.79801,1.48579
1.60731,1.16291,4.31246,1.29917,1.67574,1.38994,4.74479,1.50474
1.6262,1.17042,4.28129,1.3031,1.69537,1.39869,4.69168,1.52355
1.64529,1.17775,4.25061,1.30653,1.71521,1.40722,4.63876,1.5422
1.66404,1.18469,4.22045,1.30947,1.7347,1.41529,4.58609,1.5607
1.68329,1.19154,4.19087,1.31192,1.75471,1.42325,4.53373,1.57901
1.70168,1.19781,4.16188,1.31389,1.77382,1.43054,4.48173,1.59712
1.72016,1.20384,4.13352,1.31538,1.79303,1.43754,4.43012,1.61501
1.7397,1.20992,4.10583,1.3164,1.81334,1.44459,4.37897,1.63265
1.75663,1.21493,4.07885,1.31697,1.83094,1.4504,4.32829,1.65002
1.77518,1.22014,4.05261,1.31708,1.85023,1.45643,4.27815,1.66709
1.79321,1.22491,4.02712,1.31674,1.86897,1.46196,4.22857,1.68382
1.81177,1.22953,4.00243,1.31598,1.88827,1.4673,4.17959,1.70018
1.82896,1.23352,3.97856,1.31482,1.90614,1.47192,4.13124,1.71612
1.84673,1.23736,3.95552,1.31326,1.92462,1.47636,4.08357,1.73161
1.86442,1.24089,3.93334,1.31133,1.94301,1.48042,4.03661,1.74657
1.88191,1.24407,3.91203,1.30906,1.96121,1.48409,3.9904,1.76097
1.89929,1.24693,3.8916,1.30648,1.97928,1.48738,3.94499,1.77472
1.91671,1.24949,3.87205,1.30361,1.9974,1.49032,3.9004,1.78778
1.93395,1.2517,3.85339,1.30051,2.01534,1.49286,3.8567,1.80006
1.951,1.25358,3.83561,1.2972,2.03309,1.49502,3.81394,1.81148
1.96798,1.25514,3.8187,1.29372,2.05075,1.49679,3.77217,1.82199
1.98456,1.25634,3.80266,1.29013,2.068,1.49815,3.73145,1.83148
2.00118,1.25723,3.78746,1.28645,2.0853,1.49915,3.69185,1.8399
2.01767,1.25779,3.77308,1.28274,2.10247,1.49977,3.65343,1.84715
2.03514,1.25803,3.75949,1.27905,2.12066,1.5,3.61627,1.85316
2.0505,1.25792,3.74666,1.27541,2.13666,1.49984,3.58044,1.85784
2.06671,1.25749,3.73456,1.27188,2.15355,1.4993,3.54601,1.86112
2.08259,1.25673,3.72315,1.26851,2.17008,1.49838,3.51307,1.86294
2.09819,1.25565,3.71237,1.26533,2.18634,1.49709,3.48168,1.86323
2.11463,1.25416,3.70219,1.2624,2.20347,1.49532,3.45194,1.86194
2.12969,1.25246,3.69254,1.25975,2.21917,1.4933,3.4239,1.85901
2.14494,1.25041,3.68336,1.25741,2.23507,1.49088,3.39763,1.85442
2.16022,1.248,3.67461,1.25542,2.251,1.48805,3.37321,1.84813
2.1757,1.24521,3.66621,1.25379,2.26715,1.48475,3.3507,1.84014
2.19041,1.2422,3.65811,1.25253,2.28249,1.48122,3.33015,1.83043
2.20517,1.23884,3.65025,1.25166,2.2979,1.47728,3.31161,1.81902
2.21996,1.23511,3.64255,1.25117,2.31333,1.4729,3.29512,1.80594
2.23431,1.23115,3.63497,1.25105,2.32831,1.46825,3.28072,1.79121
2.24903,1.2267,3.62743,1.25127,2.34368,1.46304,3.26842,1.7749
2.26371,1.22189,3.61989,1.25179,2.35901,1.45739,3.25824,1.75706
2.27772,1.21692,3.61229,1.25256,2.37365,1.45157,3.25017,1.73778
2.29148,1.21169,3.60458,1.25352,2.38803,1.44544,3.24419,1.71713
2.30532,1.20605,3.59673,1.2546,2.4025,1.43883,3.24027,1.69523
2.31881,1.20018,3.5887,1.25575,2.4166,1.43196,3.23835,1.67219
2.33275,1.19373,3.58049,1.25687,2.43118,1.42439,3.23836,1.64815
2.34571,1.18736,3.57207,1.2579,2.44474,1.41693,3.24023,1.62322
2.3591,1.18039,3.56345,1.25876,2.45875,1.40877,3.24386,1.59756
2.37218,1.17319,3.55461,1.25938,2.47244,1.40033,3.24915,1.57129
2.38531,1.16556,3.54557,1.25968,2.48619,1.39139,3.256,1.54456
2.39773,1.15797,3.53632,1.25959,2.4992,1.38249,3.26429,1.51749
2.41071,1.14962,3.52689,1.25904,2.5128,1.3727,3.27392,1.4902
2.42293,1.14137,3.51728,1.25795,2.52561,1.36302,3.28476,1.46282
2.43503,1.13281,3.50751,1.25626,2.5383,1.35298,3.29671,1.43543
2.44701,1.12393,3.49761,1.2539,2.55086,1.34257,3.30967,1.40815
2.45903,1.11462,3.48759,1.25081,2.56347,1.33164,3.32353,1.38104
2.47076,1.10512,3.47748,1.24695,2.57579,1.32048,3.33819,1.35419
2.48238,1.09531,3.46731,1.24227,2.58798,1.30896,3.35356,1.32766
2.49394,1.08511,3.45711,1.23673,2.60013,1.29698,3.36954,1.30151
2.50514,1.07482,3.44691,1.23033,2.6119,1.28488,3.38606,1.27579
2.51649,1.06396,3.43673,1.22305,2.62382,1.27211,3.40304,1.25054
2.52744,1.05304,3.4266,1.21491,2.63534,1.25927,3.42039,1.22581
2.53826,1.04183,3.41653,1.20592,2.64671,1.24608,3.43806,1.20163
2.54912,1.03012,3.40656,1.19608,2.65815,1.2323,3.45595,1.17802
2.55938,1.01863,3.3967,1.18542,2.66895,1.21876,3.47402,1.155
2.56979,1.00652,3.38696,1.17394,2.67991,1.2045,3.49219,1.13259
2.57997,0.994231,3.37735,1.16166,2.69063,1.19001,3.5104,1.11081
2.58997,0.981702,3.3679,1.1486,2.70117,1.17523,3.52859,1.08967
2.5996,0.969184,3.35862,1.13479,2.71133,1.16046,3.54669,1.06918
2.60926,0.956173,3.3495,1.12025,2.72152,1.14511,3.56465,1.04936
2.61882,0.942824,3.34057,1.105,2.7316,1.12934,3.58241,1.03021
2.62811,0.929368,3.33183,1.08906,2.74141,1.11344,3.59989,1.01173
2.63767,0.915009,3.32328,1.07246,2.75151,1.09646,3.61704,0.993924
2.64652,0.901246,3.31493,1.05524,2.76085,1.08018,3.63379,0.976801
2.65545,0.886844,3.3068,1.03741,2.77029,1.06314,3.65009,0.960354
2.66408,0.872422,3.29887,1.01903,2.77942,1.04606,3.66588,0.944577
2.67242,0.858006,3.29117,1.00012,2.78824,1.02898,3.68108,0.929464
2.68061,0.843331,3.28369,0.980714,2.79691,1.01158,3.69566,0.915002
2.68858,0.828557,3.27644,0.960857,2.80535,0.994058,3.70955,0.901177
2.69658,0.81319,3.26942,0.940581,2.81382,0.975821,3.72271,0.887969
2.70432,0.797807,3.26263,0.919921,2.82202,0.957554,3.73508,0.875359
2.71185,0.782297,3.25608,0.898913,2.83,0.939127,3.74664,0.863323
2.71946,0.766047,3.24977,0.877585,2.83807,0.919811,3.75733,0.851836
2.72656,0.750357,3.24369,0.855973,2.8456,0.901149,3.76714,0.840869
2.73372,0.733942,3.23785,0.834109,2.85319,0.881613,3.77603,0.830394
2.74059,0.71761,3.23225,0.812021,2.86049,0.862166,3.78398,0.820384
2.74738,0.700869,3.22687,0.789738,2.8677,0.84222,3.79098,0.810806
2.75379,0.684467,3.22171,0.767286,2.87452,0.822669,3.79702,0.80163
2.76017,0.667558,3.21677,0.74469,2.88129,0.802501,3.80209,0.792822
2.76645,0.650236,3.21205,0.721976,2.88798,0.781829,3.8062,0.784351
2.77251,0.632884,3.20752,0.699165,2.89442,0.76111,3.80935,0.776186
2.77838,0.615418,3.20319,0.676278,2.90067,0.740244,3.81154,0.768296
2.78398,0.598084,3.19904,0.653332,2.90663,0.719525,3.8128,0.760652
2.78942,0.580566,3.19506,0.630341,2.91242,0.698574,3.81313,0.753226
2.79483,0.562424,3.19123,0.607314,2.91818,0.676867,3.81256,0.745987
2.80005,0.544186,3.18756,0.584261,2.92374,0.655034,3.81109,0.738902
2.80486,0.526633,3.18401,0.561191,2.92887,0.63401,3.80874,0.731943
2.80968,0.508277,3.18058,0.538115,2.93401,0.612013,3.80555,0.725082
2.81433,0.489732,3.17725,0.515039,2.93897,0.58978,3.80152,0.718296
2.81862,0.471869,3.17401,0.491969,2.94355,0.568355,3.79669,0.711559
2.82294,0.453003,3.17086,0.468908,2.94816,0.545715,3.79107,0.704843
2.82704,0.434198,3.16776,0.445862,2.95253,0.52314,3.78469,0.698124
2.83111,0.414535,3.16472,0.422832,2.95688,0.499523,3.77756,0.691377
2.8346,0.396806,3.16171,0.399822,2.9606,0.478222,3.76971,0.684576
2.83814,0.377792,3.15873,0.376835,2.96439,0.455366,3.76117,0.677697
2.84156,0.358397,3.15576,0.353872,2.96805,0.432045,3.75195,0.670716
2.84465,0.339789,3.1528,0.330936,2.97135,0.409662,3.74208,0.663608
2.84773,0.320099,3.14983,0.308028,2.97464,0.385968,3.73159,0.656349
2.85054,0.300847,3.14686,0.285152,2.97765,0.362794,3.72049,0.648917
2.85316,0.28169,3.14386,0.262307,2.98045,0.339727,3.70883,0.641288
2.85563,0.26219,3.14079,0.239452,2.98309,0.31624,3.69661,0.633439
2.85789,0.242941,3.13754,0.216511,2.98551,0.293049,3.6838,0.625305
2.86,0.223376,3.134,0.193413,2.98777,0.269472,3.67031,0.616779
2.86194,0.203692,3.13006,0.170098,2.98985,0.245744,3.65605,0.60775
2.8637,0.183938,3.12566,0.14654,2.99173,0.221928,3.64095,0.598105
2.86529,0.164068,3.12092,0.122852,2.99343,0.197966,3.62497,0.587761
2.86671,0.143859,3.11596,0.0991368,2.99496,0.173592,3.6083,0.576812
2.86792,0.12404,3.11076,0.0754212,2.99625,0.149684,3.59109,0.565337
2.86892,0.104904,3.1053,0.0517452,2.99732,0.126597,3.57335,0.553299
2.86978,0.0850846,3.09971,0.0281832,2.99824,0.102683,3.55513,0.540681
2.87045,0.0653862,3.09405,0.00477922,2.99896,0.0789124,3.53655,0.527564
2.87095,0.0452822,3.0884,-0.0184313,2.9995,0.0546507,3.5177,0.513992
2.87127,0.025487,3.08283,-0.0414151,2.99984,0.0307604,3.49865,0.500008
2.87141,0.00566112,3.07738,-0.0641476,2.99999,0.00683249,3.47949,0.48566
2.87137,-0.014225,3.07211,-0.0866105,2.99995,-0.0171683,3.46025,0.470978
2.87116,-0.0340912,3.06702,-0.108787,2.99972,-0.0411447,3.441,0.455984
2.87075,-0.0543057,3.06213,-0.130661,2.99928,-0.0655405,3.42177,0.440689
2.87018,-0.0738618,3.05745,-0.152217,2.99867,-0.0891404,3.4026,0.425104
2.86942,-0.093946,3.05299,-0.173439,2.99785,-0.113375,3.38351,0.409237
2.86846,-0.114171,3.04875,-0.194311,2.99683,-0.137778,3.36453,0.393094
2.86735,-0.133738,3.04471,-0.214818,2.99564,-0.161384,3.3457,0.376679
2.86608,-0.153193,3.04087,-0.234946,2.99428,-0.184851,3.32703,0.359993
2.86459,-0.173083,3.03721,-0.254677,2.99269,-0.208839,3.30856,0.343043
2.86287,-0.193492,3.0337,-0.273993,2.99085,-0.233447,3.2903,0.325831
2.86111,-0.212365,3.03033,-0.292874,2.98896,-0.256199,3.27229,0.308363
2.85864,-0.236228,3.02706,-0.311303,2.98631,-0.28496,3.25453,0.290648
2.85689,-0.251613,3.02385,-0.329264,2.98445,-0.303498,3.23706,0.272697
2.85451,-0.271249,3.02067,-0.34674,2.98189,-0.327152,3.21989,0.254519
2.85197,-0.290578,3.01747,-0.363717,2.97917,-0.35043,3.20304,0.23613
2.84919,-0.310255,3.0142,-0.380184,2.9762,-0.37412,3.18653,0.217544
2.84632,-0.329246,3.01081,-0.396136,2.97314,-0.396976,3.17038,0.198774
2.84328,-0.348181,3.00728,-0.411568,2.96988,-0.419757,3.1546,0.17984
2.83998,-0.367507,3.00355,-0.426481,2.96636,-0.443001,3.1392,0.160757
2.83654,-0.386488,2.99959,-0.440882,2.96269,-0.465821,3.12421,0.141543
2.83288,-0.405637,2.99536,-0.454779,2.95877,-0.488833,3.10963,0.122212
2.82913,-0.424225,2.99085,-0.46819,2.95477,-0.511163,3.09547,0.102776
2.82518,-0.442831,2.98602,-0.481129,2.95055,-0.533504,3.08174,0.0832462
2.82101,-0.461533,2.98086,-0.493618,2.9461,-0.555952,3.06844,0.0636326
2.81666,-0.480125,2.97534,-0.505676,2.94146,-0.578258,3.05559,0.0439445
2.81214,-0.498559,2.96947,-0.517327,2.93664,-0.600364,3.0432,0.0241916
2.80735,-0.517249,2.96323,-0.528596,2.93152,-0.622766,3.03126,0.0043836
2.80272,-0.53454,2.9566,-0.539511,2.92658,-0.643481,3.01977,-0.0154736
2.79761,-0.552815,2.94958,-0.5501,2.92114,-0.665365,3.00874,-0.0353745
2.79243,-0.570595,2.94217,-0.560392,2.91562,-0.686645,2.99818,-0.055312
2.78703,-0.588377,2.93437,-0.57042,2.90987,-0.707917,2.98806,-0.0752804
2.78128,-0.606539,2.92618,-0.580217,2.90375,-0.729633,2.97841,-0.095276
2.77552,-0.62401,2.91761,-0.589816,2.89762,-0.75051,2.9692,-0.115294
2.76968,-0.64108,2.90865,-0.599256,2.89141,-0.770898,2.96044,-0.13533
2.76357,-0.65825,2.89915,-0.608659,2.88491,-0.791394,2.95212,-0.155383
2.75739,-0.674992,2.88898,-0.618125,2.87834,-0.811369,2.94423,-0.175523
2.75091,-0.691904,2.87803,-0.627692,2.87146,-0.831534,2.93675,-0.195819
2.7443,-0.708543,2.86615,-0.637349,2.86443,-0.851365,2.92967,-0.216328
2.73744,-0.725167,2.85339,-0.646939,2.85715,-0.871166,2.92296,-0.237126
2.73053,-0.741329,2.83992,-0.65628,2.84981,-0.890406,2.91661,-0.258193
2.72341,-0.75739,2.82573,-0.665351,2.84226,-0.909514,2.91061,-0.279457
2.71597,-0.773565,2.81092,-0.674169,2.83437,-0.928749,2.90492,-0.300958
2.70833,-0.789624,2.79571,-0.682716,2.82626,-0.947833,2.89952,-0.322655
2.70085,-0.804777,2.78019,-0.690986,2.81834,-0.965832,2.89442,-0.344433
2.69308,-0.819976,2.7643,-0.69905,2.81012,-0.983875,2.8896,-0.366209
2.68496,-0.835325,2.7481,-0.706904,2.80152,-1.00209,2.88504,-0.387989
2.67671,-0.850386,2.73174,-0.714473,2.79278,-1.01995,2.88072,-0.409727
2.66843,-0.864972,2.7153,-0.721696,2.78402,-1.03723,2.87665,-0.43134
2.65971,-0.879792,2.69883,-0.728539,2.7748,-1.05479,2.87283,-0.452771
2.65129,-0.89362,2.68233,-0.734982,2.76589,-1.07116,2.86924,-0.473985
2.64228,-0.907902,2.66581,-0.741011,2.75638,-1.08806,2.86586,-0.494963
2.63329,-0.921656,2.64927,-0.746615,2.74688,-1.10432,2.86268,-0.515685
2.62399,-0.935397,2.63271,-0.751784,2.73706,-1.12056,2.85968,-0.536139
2.61465,-0.948699,2.61613,-0.756509,2.72721,-1.13628,2.85682,-0.556312
2.6052,-0.961703,2.59954,-0.760783,2.71723,-1.15163,2.85408,-0.576192
2.59548,-0.974598,2.58293,-0.764601,2.70698,-1.16685,2.85145,-0.595766
2.58549,-0.987373,2.5663,-0.767961,2.69645,-1.18192,2.84889,-0.615026
2.57545,-0.999736,2.54968,-0.770858,2.68588,-1.1965,2.84637,-0.633959
2.56526,-1.01184,2.53305,-0.77329,2.67514,-1.21077,2.84386,-0.652551
2.55484,-1.02377,2.51645,-0.775257,2.66416,-1.22482,2.84133,-0.670789
2.54435,-1.03532,2.49987,-0.776764,2.65312,-1.23842,2.83874,-0.688657
2.53347,-1.04685,2.48334,-0.777817,2.64168,-1.25199,2.83606,-0.706141
2.52256,-1.05796,2.46688,-0.77842,2.63021,-1.26506,2.83325,-0.723223
2.51164,-1.06866,2.45051,-0.77858,2.61872,-1.27764,2.83028,-0.739881
2.50039,-1.07924,2.43425,-0.77831,2.6069,-1.29007,2.82712,-0.756094
2.48895,-1.08957,2.41812,-0.777623,2.59488,-1.30222,2.82372,-0.771841
2.47726,-1.09968,2.40213,-0.776534,2.58261,-1.31409,2.82007,-0.787102
2.46569,-1.10928,2.38631,-0.775061,2.57046,-1.32536,2.81613,-0.801854
2.45397,-1.1186,2.37066,-0.773223,2.55816,-1.3363,2.81187,-0.816073
2.44178,-1.12785,2.35521,-0.771042,2.54538,-1.34717,2.80728,-0.829735
2.42981,-1.13655,2.33996,-0.768546,2.53282,-1.35737,2.80234,-0.842819
2.41748,-1.1451,2.32492,-0.765761,2.51989,-1.3674,2.79703,-0.855303
2.40467,-1.15356,2.31011,-0.762722,2.50647,-1.37732,2.79134,-0.867166
2.39235,-1.1613,2.29551,-0.759465,2.49357,-1.3864,2.78526,-0.878389
2.37954,-1.16896,2.28115,-0.756032,2.48015,-1.39538,2.77878,-0.888957
2.36655,-1.17634,2.26701,-0.752463,2.46655,-1.40402,2.77192,-0.898856
2.35322,-1.1835,2.2531,-0.748809,2.45259,-1.41241,2.76467,-0.908069
2.34001,-1.1902,2.2394,-0.745129,2.43877,-1.42027,2.75707,-0.916592
2.32655,-1.19665,2.22591,-0.74148,2.42469,-1.42782,2.74912,-0.924422
2.3131,-1.20271,2.21261,-0.737927,2.41062,-1.43492,2.74086,-0.931558
2.29933,-1.20853,2.19949,-0.734535,2.39624,-1.44174,2.73232,-0.938005
2.28523,-1.21411,2.18654,-0.731364,2.38149,-1.44828,2.72355,-0.943773
2.27132,-1.21924,2.17375,-0.728465,2.36696,-1.45428,2.71458,-0.948876
2.25725,-1.22405,2.16107,-0.72588,2.35227,-1.45993,2.70545,-0.95333
2.24286,-1.22861,2.14849,-0.723633,2.33724,-1.46527,2.6962,-0.957147
2.22853,-1.23279,2.13594,-0.721749,2.32227,-1.47017,2.68687,-0.960338
2.21377,-1.23672,2.12339,-0.720242,2.30686,-1.47479,2.67744,-0.96291
2.19859,-1.24038,2.11077,-0.719117,2.29103,-1.47909,2.66795,-0.964864
2.18191,-1.24398,2.09805,-0.718373,2.27362,-1.48331,2.65838,-0.966202
2.1675,-1.24673,2.08517,-0.718005,2.2586,-1.48655,2.64874,-0.966924
2.1512,-1.24946,2.07209,-0.718005,2.24159,-1.48977,2.63901,-0.967028
2.1366,-1.25157,2.05877,-0.718363,2.22637,-1.49225,2.62918,-0.966514
2.11974,-1.25362,2.04518,-0.719062,2.2088,-1.49468,2.61923,-0.965383
2.1071,-1.25489,2.03409,-0.719851,2.19562,-1.49618,2.60915,-0.963633
2.09152,-1.25615,2.00251,-0.72297,2.17939,-1.49769,2.60098,-0.961786
2.07557,-1.2571,1.98758,-0.724798,2.16277,-1.49883,2.5779,-0.954652
2.05953,-1.25772,1.97229,-0.726843,2.14606,-1.49959,2.56705,-0.950413
2.04357,-1.25801,1.95662,-0.729068,2.12944,-1.49996,2.55593,-0.945555
2.02722,-1.25797,1.9406,-0.731434,2.11241,-1.49995,2.54452,-0.940081
2.01094,-1.2576,1.92421,-0.733906,2.09546,-1.49956,2.53278,-0.933995
1.99419,-1.2569,1.90749,-0.736444,2.07803,-1.49878,2.52069,-0.927305
1.97762,-1.25588,1.89042,-0.739014,2.06078,-1.49762,2.50822,-0.920014
1.96044,-1.25449,1.87302,-0.741579,2.04291,-1.49605,2.49534,-0.912135
1.94299,-1.25274,1.85531,-0.744105,2.02475,-1.49405,2.48201,-0.903676
1.92634,-1.25076,1.80032,-0.751116,2.00743,-1.49179,2.46822,-0.894652
1.90917,-1.24842,1.78138,-0.75316,1.98956,-1.48909,2.42375,-0.864337
1.89142,-1.24567,1.76215,-0.755007,1.9711,-1.48594,2.40782,-0.853214
1.87228,-1.24235,1.74262,-0.756625,1.95119,-1.48211,2.39128,-0.841618
1.8568,-1.2394,1.72282,-0.757982,1.93509,-1.47871,2.37413,-0.829573
1.83917,-1.23577,1.70275,-0.759045,1.91676,-1.47451,2.35636,-0.817107
1.82145,-1.23181,1.68243,-0.759784,1.89833,-1.46994,2.33797,-0.804245
1.80309,-1.22741,1.66186,-0.760169,1.87924,-1.46485,2.31896,-0.791016
1.78568,-1.22295,1.64105,-0.760172,1.86114,-1.45969,2.29932,-0.77745
1.76754,-1.21803,1.63476,-0.760094,1.84228,-1.45399,2.27906,-0.763575
1.7493,-1.21279,1.54913,-0.755158,1.82333,-1.44792,2.18534,-0.701052
1.73098,-1.20725,1.46752,-0.743079,1.80428,-1.44149,2.09727,-0.644538
1.7124,-1.20134,1.44514,-0.738385,1.78497,-1.43464,2.0725,-0.628963
1.69314,-1.19493,1.42266,-0.733038,1.76494,-1.42719,2.04738,-0.613287
1.67508,-1.18865,1.40011,-0.727059,1.74618,-1.4199,2.02198,-0.597514
1.65599,-1.18175,1.37753,-0.720466,1.72634,-1.41187,1.99637,-0.581647
1.63731,-1.17472,1.35497,-0.713273,1.70692,-1.4037,1.97059,-0.565688
1.6181,-1.16723,1.33246,-0.705479,1.68696,-1.39498,1.94468,-0.549641
1.59827,-1.15922,1.31001,-0.697085,1.66635,-1.38565,1.91867,-0.533506
1.57969,-1.15147,1.28766,-0.688094,1.64703,-1.37661,1.89259,-0.517287
1.56054,-1.14323,1.26544,-0.678511,1.62713,-1.36701,1.86646,-0.500988
1.54059,-1.13439,1.24336,-0.66835,1.60639,-1.35669,1.84033,-0.484612
1.52124,-1.12556,1.22146,-0.657622,1.58629,-1.34639,1.81419,-0.468164
1.50093,-1.11604,1.19976,-0.646343,1.56518,-1.33527,1.78807,-0.451645
1.48209,-1.10698,1.17829,-0.634533,1.54559,-1.32468,1.76199,-0.435059
1.46191,-1.09704,1.15707,-0.622217,1.52462,-1.31306,1.73595,-0.41841
1.44236,-1.08717,1.13612,-0.609424,1.5043,-1.30151,1.70997,-0.401702
1.42149,-1.0764,1.11548,-0.596185,1.4826,-1.28889,1.68405,-0.384938
1.40212,-1.06617,1.09515,-0.582532,1.46246,-1.27692,1.65819,-0.368123
1.38103,-1.05481,1.07517,-0.568491,1.44054,-1.2636,1.6324,-0.35126
1.36109,-1.04384,1.05554,-0.554086,1.4198,-1.25073,1.60666,-0.334354
1.34037,-1.03223,1.03628,-0.539341,1.39826,-1.2371,1.58099,-0.317414
1.31997,-1.02057,1.01741,-0.524277,1.37704,-1.2234,1.55537,-0.300447
1.29945,-1.00864,0.998947,-0.508912,1.3557,-1.20938,1.52981,-0.283459
1.27912,-0.996613,0.980887,-0.493262,1.33456,-1.19524,1.5043,-0.266457
1.25757,-0.983649,0.963244,-0.47734,1.31215,-1.17998,1.47883,-0.249447
1.23762,-0.971458,0.946025,-0.461156,1.2914,-1.16563,1.45341,-0.232435
1.21656,-0.958392,0.929236,-0.444718,1.26949,-1.15023,1.42804,-0.215425
1.19595,-0.945415,0.91288,-0.428032,1.24805,-1.13493,1.4027,-0.198423
1.17451,-0.931715,0.896957,-0.411103,1.22574,-1.11876,1.3774,-0.181433
1.15404,-0.918464,0.881462,-0.393939,1.20445,-1.10311,1.35214,-0.164462
1.1319,-0.903935,0.866391,-0.376544,1.18141,-1.08594,1.32692,-0.147517
1.11135,-0.890269,0.851732,-0.358926,1.16001,-1.06978,1.30172,-0.130604
1.08962,-0.875645,0.837474,-0.341091,1.13739,-1.05248,1.27655,-0.113731
1.06891,-0.861543,0.823598,-0.323047,1.11583,-1.03578,1.2514,-0.096906
1.04722,-0.846607,0.810081,-0.304801,1.09326,-1.01808,1.22628,-0.0801354
1.02626,-0.832004,0.796896,-0.286361,1.07142,-1.00076,1.20118,-0.0634249
1.00351,-0.815989,0.78401,-0.267735,1.04773,-0.98176,1.17609,-0.0467811
0.982982,-0.80139,0.77139,-0.248937,1.02636,-0.964424,1.15103,-0.0302106
0.960745,-0.785417,0.759002,-0.229976,1.00319,-0.945443,1.126,-0.013717
0.939445,-0.76997,0.746806,-0.210867,0.981006,-0.927074,1.10101,0.00269876
0.916814,-0.753404,0.734759,-0.191621,0.957426,-0.90736,1.07608,0.0190379
0.89555,-0.737699,0.722812,-0.172257,0.93527,-0.888658,1.05121,0.0353018
0.872901,-0.720826,0.710916,-0.152791,0.911666,-0.868551,1.02643,0.0514935
0.851988,-0.705118,0.699018,-0.133245,0.889868,-0.849819,1.00176,0.0676184
0.829808,-0.688329,0.687062,-0.113638,0.866748,-0.829785,0.977205,0.0836836
0.80799,-0.671686,0.674993,-0.0939899,0.844001,-0.809911,0.952803,0.0997011
0.785701,-0.654558,0.66276,-0.0743205,0.82076,-0.789446,0.928579,0.115684
0.763655,-0.637498,0.65031,-0.0546535,0.797771,-0.769046,0.904561,0.131646
0.740386,-0.619364,0.63759,-0.0350119,0.773502,-0.74735,0.880778,0.1476
0.7193,-0.602824,0.62455,-0.0154185,0.751507,-0.727546,0.85726,0.163561
0.696093,-0.584506,0.611136,0.00410563,0.727297,-0.705601,0.834032,0.179547
0.674815,-0.56761,0.5973,0.0235426,0.705097,-0.685346,0.811122,0.195574
0.651263,-0.5488,0.582998,0.0428759,0.680521,-0.662782,0.788557,0.211662
0.62943,-0.531264,0.568186,0.0620919,0.657736,-0.641733,0.766362,0.227826
0.606824,-0.513011,0.552829,0.0811824,0.634141,-0.619812,0.744559,0.244083
0.584669,-0.495033,0.536897,0.100145,0.611015,-0.598207,0.723165,0.260445
0.561764,-0.476356,0.520375,0.118987,0.587102,-0.57575,0.702195,0.276922
0.53959,-0.458191,0.503257,0.137719,0.563951,-0.553897,0.681657,0.293521
0.516656,-0.439321,0.485538,0.156355,0.540002,-0.531182,0.661554,0.310247
0.494673,-0.421158,0.467226,0.174912,0.517045,-0.509308,0.641889,0.327103
0.471296,-0.401766,0.448333,0.193409,0.49263,-0.485943,0.622662,0.344095
0.449333,-0.383478,0.428873,0.211866,0.469688,-0.463896,0.60387,0.361225
0.425907,-0.363903,0.408862,0.230297,0.445216,-0.440286,0.585505,0.378493
0.403947,-0.345491,0.388316,0.248717,0.422274,-0.41807,0.567558,0.395898
0.380802,-0.326025,0.367255,0.267134,0.398092,-0.394571,0.550021,0.413437
0.358357,-0.307091,0.3457,0.285558,0.374638,-0.371706,0.532882,0.431104
0.335306,-0.287592,0.323669,0.303994,0.35055,-0.348148,0.516124,0.448894
0.312259,-0.268045,0.301181,0.322444,0.326464,-0.324525,0.499727,0.466797
0.289579,-0.248762,0.278257,0.340911,0.302759,-0.301213,0.483669,0.484807
0.267111,-0.229619,0.254915,0.359395,0.279274,-0.278062,0.467928,0.502914
0.243826,-0.209739,0.231177,0.377896,0.254935,-0.254012,0.452479,0.521111
0.221416,-0.190571,0.207067,0.396413,0.231508,-0.230817,0.437296,0.539388
0.198356,-0.170813,0.182607,0.414943,0.2074,-0.206904,0.422352,0.557736
0.175361,-0.151082,0.157824,0.433484,0.18336,-0.183017,0.407619,0.576147
0.15181,-0.130847,0.132742,0.452033,0.158737,-0.158514,0.393066,0.594613
0.129224,-0.111418,0.107384,0.470585,0.135122,-0.134984,0.378659,0.613127
0.106372,-0.0917411,0.0817771,0.489136,0.111227,-0.111151,0.364365,0.631679
0.0836774,-0.0721853,0.0559462,0.50768,0.0874979,-0.0874607,0.35015,0.650263
0.0604501,-0.0521574,0.0299186,0.526212,0.0632105,-0.0631965,0.335981,0.668873
0.0371403,-0.0320493,0.00372335,0.544728,0.0388364,-0.0388332,0.321829,0.687506
0.0146401,-0.0126341,-0.0226113,0.563222,0.0153087,-0.0153085,0.307661,0.706157
-0.00817707,0.00705669,-0.0490603,0.581684,-0.00855052,0.00855049,0.293447,0.724821
-0.0312615,0.0269769,-0.075596,0.600104,-0.0326892,0.0326873,0.279157,0.743491
-0.0542433,0.0468039,-0.102192,0.618477,-0.0567204,0.0567102,0.264765,0.762167
-0.0770163,0.0664428,-0.128821,0.636794,-0.0805328,0.0805038,0.250247,0.780847
-0.0998562,0.0861282,-0.155458,0.655046,-0.104415,0.104352,0.235581,0.79953
-0.123256,0.106281,-0.182082,0.673226,-0.128882,0.128763,0.220744,0.818216
-0.146234,0.126052,-0.208671,0.691322,-0.152906,0.152708,0.205716,0.836901
-0.169,0.145619,-0.235209,0.709323,-0.176709,0.176403,0.190478,0.855586
-0.191691,0.165097,-0.26168,0.72722,-0.200433,0.199985,0.17501,0.874268
-0.214567,0.184706,-0.288072,0.745001,-0.224348,0.22372,0.159298,0.892949
-0.237958,0.204723,-0.314373,0.762655,-0.2488,0.247943,0.143324,0.911625
-0.260334,0.223837,-0.340575,0.78017,-0.27219,0.271068,0.127074,0.930296
-0.282945,0.243114,-0.366672,0.797535,-0.295825,0.294383,0.110534,0.948963
-0.30604,0.262762,-0.392657,0.814743,-0.319964,0.318139,0.0936962,0.967626
-0.328844,0.282116,-0.418522,0.831782,-0.343796,0.341531,0.0765529,0.986286
-0.352063,0.301771,-0.444264,0.848642,-0.368061,0.36528,0.0590976,1.00494
-0.374469,0.320688,-0.469878,0.865315,-0.391474,0.388127,0.0413259,1.02359
-0.397011,0.339664,-0.495361,0.881789,-0.415027,0.411037,0.0232359,1.04223
-0.420058,0.359005,-0.52071,0.898057,-0.439106,0.434377,0.00482666,1.06087
-0.442242,0.377561,-0.545923,0.914109,-0.462282,0.45676,-0.0139005,1.0795
-0.465724,0.397133,-0.570995,0.929938,-0.48681,0.480358,-0.0329419,1.09812
-0.48798,0.415613,-0.595928,0.945537,-0.510055,0.502629,-0.0522959,1.11673
-0.510446,0.434198,-0.620721,0.960897,-0.533518,0.525014,-0.0719593,1.13533
-0.533086,0.452848,-0.645375,0.976012,-0.557159,0.547466,-0.091929,1.15391
-0.555408,0.471157,-0.66989,0.990873,-0.580466,0.569497,-0.1122,1.17247
-0.578577,0.490074,-0.694267,1.00548,-0.604655,0.592246,-0.132769,1.19101
-0.600798,0.50813,-0.718505,1.01982,-0.627851,0.613948,-0.153626,1.20953
-0.623195,0.52624,-0.742603,1.03389,-0.651229,0.6357,-0.174766,1.22802
-0.645714,0.544352,-0.766561,1.0477,-0.67473,0.657444,-0.196181,1.24647
-0.667736,0.561968,-0.790379,1.06122,-0.697711,0.67858,-0.217866,1.26489
-0.690773,0.580291,-0.814059,1.07447,-0.721747,0.700548,-0.239816,1.28327
-0.712448,0.597428,-0.837605,1.08743,-0.74436,0.721083,-0.262027,1.30161
-0.734806,0.614997,-0.861017,1.1001,-0.767682,0.742122,-0.284495,1.31989
-0.757293,0.632552,-0.884295,1.11248,-0.791135,0.76313,-0.307214,1.33811
-0.779188,0.64953,-0.907439,1.12457,-0.813969,0.783436,-0.330179,1.35627
-0.801599,0.666788,-0.930447,1.13637,-0.837338,0.804061,-0.353383,1.37436
-0.823274,0.683357,-0.953317,1.14788,-0.859936,0.82385,-0.376821,1.39238
-0.845154,0.699959,-0.976049,1.15909,-0.882745,0.843665,-0.400488,1.41032
-0.867563,0.716828,-0.998641,1.17001,-0.906102,0.863784,-0.42438,1.42817
-0.88947,0.733183,-1.02109,1.18064,-0.928933,0.883278,-0.448495,1.44592
-0.911796,0.749709,-1.0434,1.19097,-0.952198,0.902962,-0.472827,1.46356
-0.932801,0.765122,-1.06557,1.20101,-0.974083,0.921306,-0.497375,1.48108
-0.954711,0.781056,-1.08759,1.21074,-0.99691,0.940258,-0.522134,1.49848
-0.976629,0.796843,-1.10945,1.22017,-1.01974,0.959022,-0.5471,1.51573
-0.998157,0.812198,-1.13117,1.2293,-1.04216,0.977259,-0.572269,1.53282
-1.02005,0.827652,-1.15272,1.23812,-1.06496,0.995601,-0.597638,1.54974
-1.04151,0.84264,-1.17411,1.24664,-1.0873,1.01338,-0.6232,1.56648
-1.06246,0.857117,-1.19533,1.25485,-1.10912,1.03054,-0.648952,1.58303
-1.08433,0.872061,-1.21638,1.26276,-1.13189,1.04824,-0.674888,1.59936
-1.10682,0.887237,-1.23725,1.27037,-1.1553,1.0662,-0.701005,1.61546
-1.12702,0.900704,-1.25793,1.27767,-1.17633,1.08212,-0.727298,1.63133
-1.14758,0.914245,-1.27843,1.28466,-1.19772,1.09813,-0.753766,1.64693
-1.16882,0.928049,-1.29874,1.29134,-1.21982,1.11443,-0.780416,1.66225
-1.19027,0.941801,-1.31887,1.29769,-1.24214,1.13066,-0.807256,1.67727
-1.21102,0.954918,-1.3388,1.30373,-1.26373,1.14613,-0.834267,1.69196
-1.23216,0.968091,-1.35852,1.30949,-1.28572,1.16166,-0.861415,1.70634
-1.25257,0.980614,-1.37802,1.31497,-1.30695,1.17641,-0.888681,1.72041
-1.27361,0.993318,-1.39728,1.32018,-1.32883,1.19136,-0.916066,1.73413
-1.29457,1.00577,-1.41632,1.32512,-1.35063,1.20601,-0.943561,1.74749
-1.31451,1.01742,-1.43512,1.32978,-1.37137,1.2197,-0.971154,1.76048
-1.33527,1.02933,-1.45369,1.33418,-1.39295,1.2337,-0.998836,1.77307
-1.3555,1.04073,-1.47201,1.33831,-1.41399,1.24708,-1.0266,1.78525
-1.3763,1.05223,-1.49008,1.34217,-1.43562,1.26057,-1.05442,1.79701
-1.39607,1.06294,-1.50791,1.34576,-1.45618,1.27313,-1.08231,1.80831
-1.41625,1.07365,-1.52549,1.34908,-1.47716,1.28568,-1.11023,1.81915
-1.43631,1.08408,-1.54282,1.35214,-1.49801,1.29789,-1.13819,1.82949
-1.45602,1.09409,-1.5599,1.35492,-1.51849,1.3096,-1.16616,1.83934
-1.47608,1.10405,-1.57673,1.35745,-1.53935,1.32125,-1.19413,1.84866
-1.49603,1.11371,-1.59332,1.3597,-1.56008,1.33254,-1.22208,1.85745
-1.51543,1.12286,-1.60966,1.36169,-1.58024,1.34324,-1.24999,1.86569
-1.53521,1.13196,-1.62575,1.36342,-1.6008,1.35386,-1.27785,1.87337
-1.5545,1.14058,-1.64162,1.36489,-1.62085,1.36392,-1.30564,1.88048
-1.57403,1.14906,-1.65725,1.3661,-1.64115,1.37381,-1.33333,1.88701
-1.5935,1.15725,-1.67265,1.36706,-1.66138,1.38336,-1.3609,1.89295
-1.61265,1.16506,-1.68783,1.36777,-1.68128,1.39244,-1.38833,1.8983
-1.63159,1.17252,-1.7028,1.36823,-1.70097,1.40113,-1.41561,1.90306
-1.65091,1.17986,-1.71755,1.36845,-1.72106,1.40968,-1.44269,1.90722
-1.66992,1.18681,-1.73211,1.36842,-1.74082,1.41776,-1.46957,1.91078
-1.68814,1.19322,-1.74647,1.36816,-1.75975,1.4252,-1.49621,1.91376
-1.70738,1.1997,-1.76065,1.36766,-1.77975,1.43273,-1.52259,1.91614
-1.72584,1.20564,-1.77465,1.36692,-1.79893,1.43963,-1.54869,1.91794
-1.74428,1.2113,-1.78849,1.36596,-1.8181,1.44619,-1.57449,1.91917
-1.76229,1.21655,-1.80218,1.36477,-1.83682,1.45228,-1.59996,1.91984
-1.78109,1.22174,-1.81572,1.36335,-1.85637,1.45828,-1.62508,1.91996
-1.79886,1.22635,-1.82911,1.36171,-1.87484,1.46363,-1.64983,1.91956
-1.8172,1.23082,-1.84236,1.35988,-1.89391,1.46879,-1.67419,1.91865
-1.83467,1.23479,-1.85548,1.35784,-1.91207,1.47338,-1.69813,1.91726
-1.85276,1.2386,-1.86848,1.3556,-1.93089,1.47778,-1.72164,1.9154
-1.86993,1.24192,-1.88136,1.35315,-1.94874,1.48161,-1.74471,1.91307
-1.88745,1.24501,-1.89414,1.35049,-1.96697,1.48518,-1.7673,1.91031
-1.90444,1.24772,-1.90683,1.34762,-1.98465,1.48829,-1.78942,1.90711
-1.92186,1.25018,-1.91945,1.34454,-2.00276,1.49112,-1.81104,1.90349
-1.93896,1.25229,-1.93199,1.34125,-2.02055,1.49353,-1.83217,1.89948
-1.95579,1.25405,-1.94448,1.33773,-2.03806,1.49555,-1.85279,1.89508
-1.9732,1.25555,-1.95693,1.33399,-2.05618,1.49725,-1.8729,1.89031
-1.98946,1.25664,-1.96933,1.33002,-2.07311,1.49848,-1.89248,1.88518
-2.00605,1.25743,-1.9817,1.32583,-2.09038,1.49937,-1.91152,1.87971
-2.02305,1.25791,-1.99404,1.3214,-2.10807,1.49988,-1.93003,1.87391
-2.03885,1.25803,-2.00635,1.31674,-2.12453,1.49999,-1.94798,1.86779
-2.05532,1.25783,-2.01864,1.31184,-2.14167,1.49972,-1.96538,1.86137
-2.07109,1.25731,-2.03091,1.3067,-2.15811,1.49908,-1.98223,1.85466
-2.08738,1.25643,-2.04315,1.30133,-2.17507,1.49802,-1.99852,1.84768
-2.10275,1.25528,-2.05541,1.29569,-2.19109,1.49664,-2.01425,1.84039
-2.1184,1.25377,-2.0678,1.28964,-2.2074,1.49485,-2.02943,1.83269
-2.13409,1.2519,-2.08048,1.283,-2.22375,1.49265,-2.04409,1.82439
-2.14952,1.24972,-2.0936,1.2756,-2.23984,1.49007,-2.05824,1.81535
-2.16495,1.24719,-2.10725,1.26734,-2.25593,1.48708,-2.07188,1.80546
-2.18024,1.24431,-2.12123,1.25843,-2.27188,1.48371,-2.08501,1.79495
-2.19529,1.24113,-2.13536,1.24908,-2.28758,1.47997,-2.09763,1.78401
-2.20955,1.23777,-2.14964,1.23927,-2.30246,1.47602,-2.10974,1.77261
-2.22632,1.2334,-2.16405,1.22902,-2.31996,1.47089,-2.12135,1.76076
-2.23935,1.22967,-2.17846,1.21849,-2.33357,1.46651,-2.13247,1.74861
-2.25371,1.22521,-2.19281,1.20775,-2.34856,1.46129,-2.14308,1.73621
-2.26773,1.2205,-2.20706,1.19686,-2.36321,1.45577,-2.15321,1.72361
-2.28189,1.21537,-2.22116,1.18589,-2.37801,1.44976,-2.16285,1.71088
-2.29616,1.20982,-2.23509,1.17488,-2.39291,1.44325,-2.17201,1.69804
-2.30956,1.20424,-2.24884,1.16383,-2.40693,1.43672,-2.18072,1.6851
-2.32302,1.19827,-2.26241,1.15276,-2.421,1.42972,-2.18898,1.67205
-2.33648,1.19193,-2.27579,1.14168,-2.43508,1.42229,-2.1968,1.6589
-2.34988,1.18523,-2.28899,1.1306,-2.4491,1.41444,-2.20419,1.64564
-2.36283,1.17838,-2.302,1.11952,-2.46265,1.40641,-2.21117,1.63227
-2.37672,1.1706,-2.31482,1.10844,-2.47719,1.3973,-2.21774,1.61877
-2.3892,1.16323,-2.32745,1.09738,-2.49026,1.38865,-2.22393,1.60514
-2.40166,1.15549,-2.33988,1.08634,-2.50331,1.37958,-2.22975,1.59137
-2.41421,1.1473,-2.3521,1.07533,-2.51646,1.36998,-2.23521,1.57747
-2.42631,1.13902,-2.36408,1.06436,-2.52915,1.36027,-2.24031,1.56343
-2.43898,1.12993,-2.37583,1.05344,-2.54243,1.3496,-2.24509,1.54925
-2.45085,1.12101,-2.38731,1.04257,-2.55488,1.33913,-2.24954,1.53493
-2.46297,1.11148,-2.39852,1.03176,-2.5676,1.32795,-2.25368,1.52045
-2.47475,1.1018,-2.40942,1.021,-2.57997,1.31659,-2.25753,1.50583
-2.48578,1.09235,-2.41998,1.0103,-2.59155,1.30549,-2.2611,1.49107
-2.49738,1.08199,-2.4302,0.99965,-2.60374,1.29331,-2.2644,1.47617
-2.50864,1.07151,-2.44003,0.989036,-2.61558,1.281,-2.26744,1.46114
-2.51967,1.06083,-2.44947,0.978429,-2.62717,1.26843,-2.27025,1.44597
-2.53049,1.04993,-2.45848,0.967651,-2.63854,1.25561,-2.27289,1.43051
-2.54134,1.03855,-2.46707,0.956572,-2.64996,1.24223,-2.27544,1.41464
-2.55227,1.02664,-2.47526,0.945086,-2.66146,1.22819,-2.27795,1.39828
-2.56261,1.01491,-2.48317,0.933066,-2.67235,1.21439,-2.2805,1.3813
-2.57285,1.00288,-2.49098,0.920421,-2.68313,1.2002,-2.28315,1.36358
-2.58283,0.990695,-2.49884,0.907256,-2.69365,1.18584,-2.28589,1.34523
-2.5928,0.978069,-2.50682,0.893715,-2.70416,1.17095,-2.28867,1.32638
-2.60292,0.964759,-2.51486,0.879935,-2.71483,1.15524,-2.29143,1.30719
-2.61213,0.952214,-2.52295,0.865932,-2.72454,1.14043,-2.29417,1.28772
-2.62166,0.938765,-2.53108,0.851653,-2.7346,1.12454,-2.29689,1.26797
-2.63086,0.925295,-2.53924,0.8371,-2.74431,1.10863,-2.29958,1.24801
-2.64002,0.911406,-2.54736,0.822398,-2.75399,1.0922,-2.30218,1.22795
-2.64902,0.897265,-2.55541,0.807617,-2.7635,1.07547,-2.30467,1.20789
-2.65773,0.883086,-2.56337,0.792786,-2.7727,1.05869,-2.30702,1.18787
-2.66618,0.868832,-2.57124,0.777909,-2.78165,1.04181,-2.30925,1.16791
-2.67467,0.854012,-2.57899,0.762977,-2.79063,1.02424,-2.31134,1.14803
-2.68292,0.839109,-2.58663,0.747971,-2.79935,1.00657,-2.31331,1.12824
-2.6909,0.824154,-2.59414,0.732871,-2.8078,0.988833,-2.31515,1.10856
-2.69889,0.808659,-2.60151,0.717652,-2.81627,0.970442,-2.31689,1.08898
-2.7067,0.792963,-2.60872,0.702291,-2.82454,0.9518,-2.31852,1.06952
-2.71411,0.777531,-2.61577,0.686766,-2.8324,0.933463,-2.32004,1.05019
-2.72148,0.76164,-2.62263,0.671052,-2.84021,0.91457,-2.32147,1.03099
-2.72863,0.745659,-2.62928,0.655126,-2.8478,0.895559,-2.3228,1.01194
-2.73573,0.729214,-2.63571,0.638955,-2.85533,0.875985,-2.32405,0.993036
-2.74256,0.712803,-2.6419,0.622508,-2.86259,0.85644,-2.3252,0.974277
-2.74928,0.696057,-2.64782,0.605757,-2.86972,0.836485,-2.32629,0.95567
-2.75571,0.679445,-2.65347,0.58869,-2.87655,0.816679,-2.32729,0.93722
-2.76208,0.662349,-2.65881,0.571292,-2.88333,0.796285,-2.32823,0.91893
-2.76816,0.64542,-2.66385,0.553555,-2.88979,0.776079,-2.3291,0.900805
-2.77413,0.628153,-2.66856,0.535477,-2.89614,0.755459,-2.32991,0.882844
-2.78007,0.610277,-2.67292,0.51706,-2.90246,0.7341,-2.33066,0.865052
-2.7856,0.592968,-2.67692,0.498311,-2.90834,0.713408,-2.33134,0.84743
-2.79098,0.575418,-2.68055,0.479241,-2.91408,0.692416,-2.33197,0.829979
-2.79627,0.557471,-2.6838,0.459863,-2.91972,0.670938,-2.33255,0.812698
-2.80133,0.539589,-2.68666,0.440191,-2.9251,0.649528,-2.33306,0.795586
-2.80639,0.520909,-2.68912,0.420243,-2.9305,0.627152,-2.33353,0.77864
-2.81106,0.502848,-2.69117,0.400034,-2.93548,0.605506,-2.33393,0.761852
-2.81553,0.484822,-2.69281,0.379584,-2.94025,0.583892,-2.33429,0.745219
-2.81997,0.466084,-2.69403,0.358912,-2.94498,0.561414,-2.3346,0.728736
-2.8241,0.447795,-2.69484,0.338041,-2.94939,0.539464,-2.33486,0.712396
-2.82815,0.428929,-2.69523,0.316991,-2.95372,0.516813,-2.33508,0.696194
-2.83203,0.40994,-2.69521,0.295787,-2.95786,0.494004,-2.33525,0.680125
-2.83567,0.39117,-2.69477,0.274448,-2.96175,0.471448,-2.33538,0.664182
-2.83921,0.371882,-2.69392,0.252996,-2.96553,0.448261,-2.33547,0.648356
-2.84247,0.353033,-2.69265,0.231451,-2.96902,0.425594,-2.33552,0.632638
-2.84564,0.333621,-2.69097,0.209833,-2.9724,0.40224,-2.33553,0.617023
-2.84854,0.314644,-2.68889,0.188161,-2.97551,0.379402,-2.3355,0.601499
-2.85132,0.295311,-2.6864,0.166454,-2.97848,0.356129,-2.33542,0.586059
-2.8539,0.27602,-2.68351,0.144729,-2.98124,0.332899,-2.3353,0.570693
-2.8563,0.256677,-2.68023,0.123006,-2.98381,0.309599,-2.33513,0.555393
-2.85857,0.236838,-2.67655,0.1013,-2.98624,0.285695,-2.33492,0.540149
-2.86061,0.217441,-2.67249,0.0796312,-2.98842,0.262318,-2.33465,0.524955
-2.86247,0.198,-2.66805,0.058017,-2.99041,0.238882,-2.33433,0.509804
-2.86421,0.177829,-2.66323,0.0364753,-2.99228,0.214562,-2.33394,0.494687
-2.86571,0.158412,-2.65806,0.0150216,-2.99388,0.191145,-2.33348,0.479598
-2.86704,0.138696,-2.65252,-0.00632745,-2.99531,0.167365,-2.33295,0.464532
-2.8682,0.119034,-2.64664,-0.0275564,-2.99655,0.143645,-2.33234,0.449482
-2.86919,0.0991081,-2.64041,-0.0486509,-2.99761,0.119604,-2.33163,0.434445
-2.87,0.0790125,-2.63386,-0.0695988,-2.99848,0.0953558,-2.33084,0.419413
-2.87062,0.0592859,-2.62699,-0.0903897,-2.99915,0.0715507,-2.32995,0.40438
-2.87107,0.0390969,-2.61982,-0.111014,-2.99963,0.0471859,-2.32895,0.38934
-2.87133,0.0198703,-2.61235,-0.13146,-2.9999,0.0239817,-2.32784,0.374288
-2.87142,-0.00010472,-2.60461,-0.151719,-3,-0.000126388,-2.32662,0.359219
-2.87132,-0.0204462,-2.5966,-0.171782,-2.9999,-0.0246767,-2.32527,0.344127
-2.87106,-0.0398255,-2.58834,-0.191642,-2.99961,-0.0480653,-2.32379,0.329007
-2.8706,-0.060089,-2.57984,-0.211291,-2.99912,-0.0725198,-2.32218,0.313853
-2.86999,-0.0793366,-2.57113,-0.230723,-2.99847,-0.0957469,-2.32042,0.298662
-2.86917,-0.0995153,-2.56222,-0.24993,-2.99759,-0.120095,-2.31851,0.283428
-2.86819,-0.119199,-2.55313,-0.268905,-2.99654,-0.143844,-2.31644,0.268147
-2.86702,-0.139113,-2.54388,-0.287644,-2.99529,-0.167867,-2.31421,0.252816
-2.86565,-0.159231,-2.53451,-0.306141,-2.99382,-0.192133,-2.31182,0.23743
-2.86414,-0.178632,-2.52503,-0.324389,-2.99221,-0.21553,-2.30925,0.221987
-2.86245,-0.198233,-2.51547,-0.342384,-2.99039,-0.239163,-2.30651,0.206482
-2.86058,-0.217671,-2.50587,-0.360123,-2.9884,-0.262596,-2.30358,0.190913
-2.85851,-0.237346,-2.49625,-0.377602,-2.98618,-0.286307,-2.30047,0.175278
-2.85627,-0.256878,-2.48665,-0.394819,-2.98378,-0.309841,-2.29716,0.159575
-2.85378,-0.276904,-2.4771,-0.411779,-2.98112,-0.333963,-2.29366,0.143796
-2.8512,-0.296142,-2.46763,-0.428485,-2.97835,-0.357129,-2.28996,0.127937
-2.84838,-0.315733,-2.45827,-0.444948,-2.97534,-0.380714,-2.28605,0.111991
-2.84555,-0.334137,-2.44904,-0.461178,-2.97232,-0.402862,-2.28194,0.0959489
-2.84228,-0.354147,-2.43998,-0.477187,-2.96882,-0.426933,-2.27762,0.0798056
-2.83906,-0.372685,-2.43108,-0.492988,-2.96538,-0.449226,-2.27308,0.0635571
-2.83554,-0.391869,-2.42236,-0.508594,-2.96161,-0.472288,-2.26833,0.0471983
-2.83176,-0.4113,-2.41383,-0.524019,-2.95757,-0.495637,-2.26336,0.0307271
-2.82811,-0.429127,-2.40548,-0.539274,-2.95368,-0.517051,-2.25818,0.0141419
-2.82398,-0.448315,-2.39731,-0.554374,-2.94927,-0.540088,-2.25278,-0.0025601
-2.81976,-0.466972,-2.38931,-0.56933,-2.94476,-0.562479,-2.24717,-0.019378
-2.81544,-0.48522,-2.38145,-0.584148,-2.94015,-0.584369,-2.24134,-0.0363094
-2.81084,-0.503726,-2.37373,-0.598835,-2.93525,-0.606559,-2.23528,-0.0533516
-2.80609,-0.522032,-2.36612,-0.613398,-2.93018,-0.628497,-2.22901,-0.0705034
-2.80107,-0.540529,-2.35861,-0.627841,-2.92483,-0.650655,-2.22252,-0.0877615
-2.79618,-0.557802,-2.35117,-0.642164,-2.91961,-0.671335,-2.2158,-0.105121
-2.79069,-0.576392,-2.34379,-0.656366,-2.91377,-0.693581,-2.20887,-0.122575
-2.78552,-0.593215,-2.33644,-0.670444,-2.90826,-0.713703,-2.20171,-0.140117
-2.77976,-0.611205,-2.3291,-0.684392,-2.90214,-0.735209,-2.19434,-0.157738
-2.77389,-0.628861,-2.32176,-0.698205,-2.89588,-0.756305,-2.18675,-0.175428
-2.76805,-0.645721,-2.31438,-0.711873,-2.88968,-0.776439,-2.17894,-0.193176
-2.76186,-0.66296,-2.30696,-0.72539,-2.88309,-0.797015,-2.17091,-0.210972
-2.75534,-0.680413,-2.29947,-0.738745,-2.87616,-0.817834,-2.16267,-0.228805
-2.74836,-0.698401,-2.29189,-0.75193,-2.86874,-0.839279,-2.15422,-0.246665
-2.74241,-0.713171,-2.2842,-0.764939,-2.86243,-0.856878,-2.14555,-0.264544
-2.73541,-0.729968,-2.27639,-0.777766,-2.85499,-0.876882,-2.13667,-0.282436
-2.72853,-0.745887,-2.26845,-0.7904,-2.84769,-0.89583,-2.12758,-0.300329
-2.72103,-0.762636,-2.26034,-0.80283,-2.83973,-0.915754,-2.11828,-0.318209
-2.71381,-0.778173,-2.25206,-0.815047,-2.83208,-0.934226,-2.10877,-0.336068
-2.70606,-0.794276,-2.2436,-0.82704,-2.82386,-0.95336,-2.09905,-0.353894
-2.69857,-0.809288,-2.23493,-0.838799,-2.81593,-0.971188,-2.08913,-0.371675
-2.6906,-0.824721,-2.22606,-0.850314,-2.80749,-0.989507,-2.07901,-0.389402
-2.68257,-0.839746,-2.21697,-0.861575,-2.79898,-1.00733,-2.06868,-0.407064
-2.67447,-0.854377,-2.20764,-0.872576,-2.79041,-1.02468,-2.05815,-0.424656
-2.66598,-0.869182,-2.19808,-0.883308,-2.78143,-1.04222,-2.04743,-0.442167
-2.65762,-0.883268,-2.18827,-0.893763,-2.77259,-1.0589,-2.03651,-0.45959
-2.64859,-0.897958,-2.1782,-0.903933,-2.76304,-1.07629,-2.02539,-0.476916
-2.63963,-0.912003,-2.16787,-0.91381,-2.75358,-1.09291,-2.01409,-0.494139
-2.6305,-0.925825,-2.15727,-0.923386,-2.74394,-1.10925,-2.00259,-0.511247
-2.62113,-0.939515,-2.1464,-0.932651,-2.73405,-1.12543,-1.99091,-0.528234
-2.61191,-0.952513,-2.13525,-0.941598,-2.72432,-1.14078,-1.97903,-0.54509
-2.60211,-0.965844,-2.12383,-0.950218,-2.71398,-1.15652,-1.96698,-0.561806
-2.59246,-0.978501,-2.11212,-0.958504,-2.7038,-1.17146,-1.95475,-0.578375
-2.58251,-0.991094,-2.10012,-0.966446,-2.69331,-1.18631,-1.94233,-0.594788
-2.57252,-1.00327,-2.08784,-0.974036,-2.68279,-1.20066,-1.92974,-0.611036
-2.56215,-1.01544,-2.07528,-0.98127,-2.67187,-1.21501,-1.91697,-0.627114
-2.55169,-1.02728,-2.06242,-0.98814,-2.66085,-1.22896,-1.90403,-0.643016
-2.54113,-1.03878,-2.04929,-0.99464,-2.64974,-1.24249,-1.89091,-0.658733
-2.53028,-1.05014,-2.03586,-1.00076,-2.63832,-1.25586,-1.87762,-0.67426
-2.51928,-1.06122,-2.02216,-1.0065,-2.62675,-1.26889,-1.86416,-0.68959
-2.50829,-1.07185,-2.00819,-1.01185,-2.61521,-1.28139,-1.85054,-0.704716
-2.49687,-1.08246,-1.99394,-1.01681,-2.6032,-1.29386,-1.83675,-0.719633
-2.4853,-1.09277,-1.97944,-1.02136,-2.59105,-1.30598,-1.8228,-0.734335
-2.4739,-1.10251,-1.96468,-1.02551,-2.57908,-1.31742,-1.80868,-0.748815
-2.46187,-1.11236,-1.94968,-1.02925,-2.56645,-1.32898,-1.79441,-0.763066
-2.45012,-1.12156,-1.93446,-1.03258,-2.55412,-1.33979,-1.77999,-0.777081
-2.43834,-1.13039,-1.91902,-1.03549,-2.54177,-1.35015,-1.76541,-0.790857
-2.42573,-1.13943,-1.90339,-1.03798,-2.52854,-1.36074,-1.75069,-0.80439
-2.41317,-1.14799,-1.88758,-1.04006,-2.51538,-1.37079,-1.73583,-0.817676
-2.40082,-1.15602,-1.87161,-1.04173,-2.50244,-1.3802,-1.72083,-0.830712
-2.38824,-1.16381,-1.85552,-1.04299,-2.48926,-1.38933,-1.70569,-0.843493
-2.37536,-1.17138,-1.83931,-1.04384,-2.47577,-1.39821,-1.69042,-0.856012
-2.36227,-1.17868,-1.82301,-1.0443,-2.46207,-1.40676,-1.67502,-0.868264
-2.34902,-1.18567,-1.80666,-1.04437,-2.4482,-1.41496,-1.6595,-0.880244
-2.3359,-1.19221,-1.79028,-1.04407,-2.43447,-1.42262,-1.64385,-0.891948
-2.32243,-1.19855,-1.77389,-1.0434,-2.42038,-1.43004,-1.62809,-0.903368
-2.30882,-1.20456,-1.75752,-1.04238,-2.40615,-1.43709,-1.61222,-0.914493
-2.29506,-1.21026,-1.7412,-1.04103,-2.39177,-1.44377,-1.59623,-0.925315
-2.28093,-1.21573,-1.72494,-1.03938,-2.377,-1.45018,-1.58014,-0.935824
-2.26679,-1.22083,-1.70876,-1.03744,-2.36223,-1.45615,-1.56396,-0.946007
-2.25273,-1.22553,-1.69268,-1.03524,-2.34754,-1.46166,-1.54767,-0.955855
-2.23834,-1.22997,-1.67669,-1.03282,-2.33251,-1.46686,-1.53129,-0.965359
-2.22397,-1.23404,-1.66081,-1.0302,-2.31751,-1.47164,-1.51481,-0.97451
-2.20921,-1.23786,-1.64502,-1.0274,-2.30211,-1.47612,-1.49825,-0.983297
-2.19408,-1.2414,-1.62933,-1.02447,-2.28632,-1.48028,-1.48159,-0.991715
-2.17952,-1.24446,-1.61374,-1.02143,-2.27112,-1.48388,-1.46485,-0.999754
-2.16434,-1.24729,-1.59821,-1.0183,-2.25529,-1.48721,-1.44801,-1.00741
-2.14902,-1.2498,-1.58275,-1.01511,-2.23932,-1.49016,-1.4311,-1.01466
-2.13367,-1.25196,-1.56733,-1.01187,-2.22332,-1.49271,-1.41409,-1.02152
-2.11779,-1.25383,-1.55193,-1.00859,-2.20676,-1.49493,-1.39699,-1.02796
-2.10238,-1.25531,-1.53651,-1.00528,-2.1907,-1.49668,-1.3798,-1.03398
-2.08673,-1.25647,-1.52108,-1.00194,-2.1744,-1.49807,-1.36253,-1.03958
-2.07036,-1.25734,-1.50559,-0.998599,-2.15734,-1.49912,-1.34517,-1.04474
-2.05454,-1.25785,-1.49004,-0.995241,-2.14087,-1.49974,-1.32772,-1.04947
-2.03792,-1.25803,-1.47441,-0.991869,-2.12356,-1.5,-1.31019,-1.05375
-2.02214,-1.25789,-1.45866,-0.988486,-2.10713,-1.49987,-1.29258,-1.05758
-2.00508,-1.25739,-1.44279,-0.985088,-2.08937,-1.49933,-1.27488,-1.06096
-1.98856,-1.25659,-1.42678,-0.981671,-2.07217,-1.49843,-1.25711,-1.06389
-1.97236,-1.25549,-1.41061,-0.978229,-2.05531,-1.49718,-1.23926,-1.06637
-1.95515,-1.25399,-1.39425,-0.974756,-2.0374,-1.49548,-1.22134,-1.0684
-1.93799,-1.25218,-1.3777,-0.971236,-2.01954,-1.49341,-1.20336,-1.06997
-1.92136,-1.25012,-1.36094,-0.967655,-2.00225,-1.49104,-1.1853,-1.07108
-1.90329,-1.24754,-1.34396,-0.963993,-1.98345,-1.48809,-1.16718,-1.07174
-1.88664,-1.24488,-1.32674,-0.960232,-1.96613,-1.48502,-1.149,-1.07194
-1.86892,-1.24173,-1.30926,-0.956347,-1.9477,-1.4814,-1.13076,-1.07169
-1.85148,-1.23834,-1.29153,-0.952314,-1.92956,-1.47748,-1.11246,-1.07098
-1.83347,-1.23453,-1.27355,-0.948104,-1.91083,-1.47308,-1.09411,-1.06982
-1.8161,-1.23056,-1.2553,-0.943689,-1.89277,-1.4685,-1.0757,-1.06821
-1.79804,-1.22615,-1.2368,-0.939039,-1.87399,-1.46339,-1.05724,-1.06613
-1.77963,-1.22134,-1.21804,-0.934126,-1.85485,-1.45783,-1.03873,-1.0636
-1.76158,-1.21635,-1.19905,-0.928924,-1.83608,-1.45204,-1.02017,-1.0606
-1.74354,-1.21108,-1.17982,-0.92341,-1.81733,-1.44593,-1.00158,-1.05715
-1.72465,-1.20527,-1.16037,-0.917559,-1.7977,-1.43919,-0.982955,-1.05323
-1.70586,-1.1992,-1.14073,-0.911351,-1.77816,-1.43215,-0.964296,-1.04885
-1.68755,-1.19302,-1.12091,-0.904766,-1.75914,-1.42497,-0.945606,-1.04401
-1.66909,-1.18651,-1.10093,-0.897788,-1.73995,-1.41741,-0.926889,-1.0387
-1.65029,-1.17963,-1.08081,-0.890405,-1.72041,-1.40941,-0.908143,-1.03293
-1.63107,-1.17232,-1.06058,-0.882607,-1.70043,-1.4009,-0.889368,-1.0267
-1.61217,-1.16487,-1.04025,-0.874389,-1.68079,-1.39222,-0.870564,-1.02
-1.59214,-1.15669,-1.01985,-0.865749,-1.65997,-1.3827,-0.851731,-1.01285
-1.57374,-1.14894,-0.999402,-0.856689,-1.64085,-1.37366,-0.83287,-1.00524
-1.55443,-1.14055,-0.97893,-0.847211,-1.62078,-1.36388,-0.813981,-0.997168
-1.53464,-1.1317,-0.958454,-0.837322,-1.60021,-1.35356,-0.795065,-0.988642
-1.51546,-1.12288,-0.937992,-0.827031,-1.58028,-1.34326,-0.77612,-0.979664
-1.49544,-1.11342,-0.917562,-0.816347,-1.55947,-1.33221,-0.757145,-0.970234
-1.47581,-1.10391,-0.89718,-0.805286,-1.53906,-1.32109,-0.73814,-0.960355
-1.45615,-1.09416,-0.876859,-0.79386,-1.51863,-1.30968,-0.719104,-0.950031
-1.43506,-1.08343,-0.856608,-0.782085,-1.4967,-1.29713,-0.700035,-0.939264
-1.41598,-1.07351,-0.836434,-0.769977,-1.47687,-1.28551,-0.680929,-0.928055
-1.39557,-1.06267,-0.81634,-0.757552,-1.45566,-1.27282,-0.661783,-0.916409
-1.37576,-1.05193,-0.796332,-0.744826,-1.43505,-1.26022,-0.642595,-0.904326
-1.35532,-1.04063,-0.776409,-0.731816,-1.41381,-1.24696,-0.623365,-0.891812
-1.33459,-1.02894,-0.756573,-0.718538,-1.39225,-1.23324,-0.604091,-0.878868
-1.31471,-1.01753,-0.736823,-0.705006,-1.37158,-1.21984,-0.584773,-0.865498
-1.29391,-1.00538,-0.717156,-0.691234,-1.34995,-1.20556,-0.565411,-0.851703
-1.27325,-0.993105,-0.697572,-0.677237,-1.32846,-1.19111,-0.546007,-0.837486
-1.25276,-0.980726,-0.678064,-0.663027,-1.30715,-1.17654,-0.526559,-0.82285
-1.23137,-0.967598,-0.65863,-0.648617,-1.28489,-1.16108,-0.507069,-0.807795
-1.21096,-0.954882,-0.639264,-0.634016,-1.26366,-1.14609,-0.48754,-0.792326
-1.19004,-0.941659,-0.619962,-0.619237,-1.2419,-1.13049,-0.467972,-0.776445
-1.16874,-0.927999,-0.600716,-0.604291,-1.21974,-1.11437,-0.448368,-0.760158
-1.14785,-0.914423,-0.58152,-0.589186,-1.19801,-1.09834,-0.428729,-0.743468
-1.12565,-0.899794,-0.562365,-0.57393,-1.1749,-1.08105,-0.409055,-0.726379
-1.10532,-0.886232,-0.543242,-0.55853,-1.15374,-1.06501,-0.389348,-0.708894
-1.08411,-0.871912,-0.524143,-0.542992,-1.13166,-1.04806,-0.369608,-0.691018
-1.06277,-0.857335,-0.505063,-0.527321,-1.10945,-1.03079,-0.349838,-0.672756
-1.04122,-0.842442,-0.485994,-0.511521,-1.08701,-1.01314,-0.330042,-0.654111
-1.01937,-0.827174,-0.466928,-0.495596,-1.06425,-0.995034,-0.31022,-0.635087
-0.997656,-0.811842,-0.447859,-0.479548,-1.04164,-0.976837,-0.290375,-0.61569
-0.973493,-0.794594,-0.428779,-0.463383,-1.01647,-0.956349,-0.270508,-0.595927
-0.954658,-0.781018,-0.409682,-0.447102,-0.996854,-0.940212,-0.25062,-0.575803
-0.932296,-0.764754,-0.390563,-0.430709,-0.973557,-0.920868,-0.230715,-0.555326
-0.911042,-0.749154,-0.371414,-0.414207,-0.951413,-0.902301,-0.210792,-0.534502
-0.889341,-0.733087,-0.352232,-0.397596,-0.928799,-0.883164,-0.190856,-0.513337
-0.866833,-0.716281,-0.333013,-0.380878,-0.905342,-0.863132,-0.170907,-0.491837
-0.845432,-0.700169,-0.313751,-0.364054,-0.883035,-0.843916,-0.150949,-0.470009
-0.823265,-0.68335,-0.294444,-0.347127,-0.859926,-0.823842,-0.130984,-0.447863
-0.80126,-0.666527,-0.275089,-0.330098,-0.836984,-0.803749,-0.111014,-0.425405
-0.779176,-0.649522,-0.255681,-0.312966,-0.813957,-0.783425,-0.0910412,-0.402641
-0.757197,-0.632477,-0.236216,-0.29573,-0.791035,-0.763041,-0.071065,-0.379578
-0.734679,-0.614897,-0.216692,-0.278392,-0.767549,-0.742002,-0.0510882,-0.356225
-0.712568,-0.597522,-0.197108,-0.260954,-0.744485,-0.721196,-0.0311132,-0.332589
-0.690108,-0.579763,-0.177462,-0.243416,-0.721053,-0.699916,-0.0111416,-0.308679
-0.667635,-0.561888,-0.157753,-0.22578,-0.697605,-0.678483,0.0088236,-0.284506
-0.645096,-0.543856,-0.137981,-0.208051,-0.674085,-0.656848,0.02878,-0.260081
-0.622777,-0.525902,-0.118146,-0.190229,-0.650792,-0.635295,0.0487268,-0.235411
-0.600299,-0.507726,-0.0982453,-0.172316,-0.627331,-0.613462,0.0686634,-0.210506
-0.577593,-0.489273,-0.0782803,-0.154313,-0.603628,-0.591283,0.0885878,-0.185377
-0.55526,-0.471036,-0.058252,-0.136224,-0.580312,-0.569352,0.108498,-0.160032
-0.532902,-0.452696,-0.0381616,-0.118052,-0.556967,-0.547284,0.128391,-0.134484
-0.510177,-0.433975,-0.0180097,-0.0998015,-0.533237,-0.524746,0.148267,-0.108743
-0.487831,-0.415491,0.00220448,-0.0814746,-0.5099,-0.502481,0.168127,-0.0828198
-0.465417,-0.396877,0.0224807,-0.0630757,-0.486489,-0.48005,0.187969,-0.0567265
-0.442826,-0.378048,0.0428177,-0.0446091,-0.462892,-0.457348,0.207795,-0.0304743
-0.419634,-0.358649,0.0632141,-0.0260791,-0.438663,-0.433948,0.227602,-0.00407511
-0.397684,-0.34023,0.0836701,-0.00749101,-0.41573,-0.411719,0.247392,0.0224587
-0.374561,-0.320766,0.104185,0.0111508,-0.391571,-0.388221,0.267165,0.0491154
-0.351573,-0.301358,0.124757,0.0298425,-0.367549,-0.36478,0.286921,0.0758838
-0.329109,-0.282341,0.145384,0.0485786,-0.344074,-0.341803,0.306661,0.102751
-0.305806,-0.262563,0.166064,0.0673548,-0.31972,-0.317899,0.326384,0.129706
-0.28314,-0.243281,0.186796,0.0861674,-0.296029,-0.294584,0.346089,0.156738
-0.260125,-0.223659,0.207577,0.105012,-0.271973,-0.270853,0.365778,0.183834
-0.236345,-0.203344,0.228404,0.123884,-0.247114,-0.246274,0.385451,0.210984
-0.214594,-0.184729,0.249277,0.142781,-0.224376,-0.223748,0.405107,0.238178
-0.191613,-0.16503,0.27019,0.161698,-0.200351,-0.199904,0.424746,0.265403
-0.168839,-0.145481,0.291141,0.180631,-0.176541,-0.176235,0.444369,0.29265
-0.145134,-0.125106,0.31213,0.199577,-0.151756,-0.151562,0.463977,0.319907
-0.122631,-0.105743,0.333153,0.218531,-0.128228,-0.128111,0.483572,0.347163
-0.0998521,-0.0861246,0.354209,0.237487,-0.10441,-0.104347,0.503155,0.374405
-0.0770655,-0.0664852,0.375295,0.25644,-0.0805842,-0.0805552,0.522725,0.401623
-0.0541447,-0.0467189,0.396411,0.275385,-0.0566173,-0.0566072,0.542286,0.428806
-0.0313227,-0.0270297,0.417554,0.294319,-0.0327532,-0.0327512,0.561841,0.455941
-0.00766621,-0.00661583,0.438723,0.313234,-0.00801633,-0.0080163,0.581391,0.483018
0.0145704,0.012574,0.459914,0.332125,0.0152358,0.0152356,0.600937,0.510024
0.0376999,0.0325321,0.481126,0.350987,0.0394216,0.0394182,0.62048,0.53695
0.0602384,0.0519748,0.502357,0.369818,0.0629891,0.0629752,0.640025,0.563787
0.0838192,0.0723074,0.523607,0.388613,0.0876461,0.0876087,0.659572,0.590526
0.106667,0.0919952,0.544872,0.407369,0.111536,0.111459,0.679125,0.617158
0.129457,0.111618,0.566152,0.42608,0.135365,0.135227,0.698686,0.643673
0.152426,0.131376,0.587443,0.444742,0.15938,0.159155,0.718257,0.670062
0.175144,0.150896,0.608742,0.463347,0.183133,0.182791,0.737837,0.696313
0.197965,0.170478,0.630043,0.481887,0.206992,0.206499,0.757428,0.722414
0.221502,0.190644,0.651345,0.500356,0.231598,0.230907,0.77703,0.748356
0.243553,0.209506,0.672647,0.518749,0.254649,0.25373,0.796648,0.774129
0.266731,0.229295,0.693947,0.537059,0.278877,0.277669,0.816285,0.799724
0.289454,0.248656,0.715244,0.555282,0.302628,0.301085,0.835943,0.825134
0.312879,0.268571,0.736537,0.573411,0.327111,0.325161,0.855625,0.85035
0.334892,0.287241,0.757822,0.59144,0.350117,0.347724,0.875333,0.875365
0.358254,0.307004,0.779096,0.609363,0.374531,0.371601,0.895067,0.900168
0.380651,0.325898,0.800358,0.627172,0.397934,0.394418,0.91483,0.92475
0.40361,0.345208,0.821602,0.644859,0.421922,0.417729,0.934622,0.9491
0.426035,0.36401,0.842825,0.662416,0.44535,0.440415,0.954441,0.97321
0.449977,0.384016,0.864021,0.679834,0.470361,0.464544,0.974289,0.997067
0.471723,0.402121,0.885188,0.697103,0.493076,0.486371,0.994167,1.02066
0.495355,0.421723,0.906321,0.714214,0.517758,0.509989,1.01407,1.04398
0.516673,0.439335,0.927418,0.73116,0.540021,0.5312,1.03401,1.06702
0.5399,0.458446,0.948474,0.74793,0.564275,0.554203,1.05398,1.08976
0.562236,0.476742,0.969487,0.764517,0.587596,0.576215,1.07398,1.1122
0.584957,0.495267,0.990454,0.780913,0.611315,0.598489,1.09402,1.13432
0.607155,0.51328,1.01137,0.797112,0.634487,0.620134,1.11408,1.15613
0.629519,0.531336,1.03224,0.81311,0.657829,0.641819,1.13418,1.17761
0.651622,0.549087,1.05306,0.8289,0.680895,0.663126,1.15432,1.19877
0.674593,0.567434,1.07383,0.844478,0.704866,0.685134,1.1745,1.21958
0.696419,0.584765,1.09455,0.859841,0.727638,0.705911,1.19472,1.24006
0.720139,0.603484,1.11521,0.874983,0.752383,0.728337,1.21498,1.26019
0.740985,0.619832,1.13581,0.889902,0.774127,0.74791,1.23528,1.27997
0.763489,0.637369,1.15636,0.904589,0.797598,0.768892,1.25562,1.29939
0.785478,0.654386,1.17685,0.919041,0.820528,0.789241,1.276,1.31845
0.807732,0.671488,1.19728,0.933256,0.843732,0.809676,1.29642,1.33714
0.829548,0.68813,1.21764,0.94723,0.866476,0.829548,1.31688,1.35547
0.85176,0.704946,1.23794,0.960959,0.889631,0.849614,1.33738,1.37343
0.874036,0.721675,1.25818,0.974444,0.912849,0.869563,1.35793,1.39101
0.895603,0.737738,1.27837,0.987681,0.935325,0.888704,1.37853,1.40822
0.917128,0.753635,1.29849,1.00067,0.957754,0.907635,1.39917,1.42505
0.940035,0.7704,1.31854,1.0134,0.981621,0.927585,1.41986,1.4415
0.960808,0.785463,1.33854,1.02587,1.00326,0.945497,1.44058,1.45757
0.983084,0.801463,1.35846,1.03809,1.02646,0.964511,1.46135,1.47324
1.00423,0.816503,1.37833,1.05004,1.04849,0.98237,1.48217,1.48852
1.02611,0.831905,1.39812,1.06172,1.07128,1.00065,1.50302,1.50341
1.04731,0.846665,1.41785,1.07314,1.09335,1.01815,1.52391,1.51791
1.06876,0.861441,1.43752,1.08429,1.11568,1.03566,1.54484,1.53201
1.09014,0.875998,1.45711,1.09517,1.13793,1.0529,1.56581,1.54572
1.11172,0.890516,1.47664,1.10579,1.1604,1.07008,1.58682,1.55903
1.13247,0.904307,1.49611,1.11613,1.18199,1.08638,1.60786,1.57194
1.15395,0.918403,1.5155,1.1262,1.20435,1.10304,1.62894,1.58445
1.17517,0.932143,1.53482,1.13599,1.22643,1.11926,1.65005,1.59656
1.19673,0.945908,1.55407,1.14551,1.24886,1.13551,1.67118,1.60828
1.21723,0.958806,1.57324,1.15476,1.27018,1.15072,1.69233,1.61959
1.23805,0.971725,1.59233,1.16372,1.29185,1.16594,1.7135,1.63049
1.2587,0.984336,1.61134,1.17241,1.31333,1.18079,1.73468,1.641
1.27958,0.996886,1.63027,1.18081,1.33504,1.19556,1.75588,1.65109
1.29999,1.00896,1.64912,1.18893,1.35627,1.20976,1.77708,1.66078
1.32121,1.02128,1.66788,1.19677,1.37833,1.22424,1.79829,1.67007
1.34103,1.0326,1.68656,1.20433,1.39895,1.23754,1.8195,1.67896
1.36212,1.04442,1.70515,1.21159,1.42088,1.2514,1.84071,1.68743
1.38154,1.05509,1.72366,1.21858,1.44106,1.26392,1.86191,1.69551
1.40216,1.06619,1.74209,1.22527,1.4625,1.27694,1.88311,1.70318
1.4221,1.07671,1.76043,1.23168,1.48323,1.28927,1.9043,1.71045
1.44246,1.08723,1.77868,1.2378,1.5044,1.30157,1.92547,1.71732
1.46176,1.09696,1.79685,1.24363,1.52445,1.31296,1.94662,1.72378
1.48222,1.10704,1.81492,1.24916,1.54572,1.32475,1.96775,1.72983
1.50165,1.11639,1.83289,1.25439,1.56593,1.33567,1.98884,1.73547
1.52161,1.12573,1.85076,1.25932,1.58666,1.34659,2.00989,1.74071
1.54049,1.13434,1.86853,1.26393,1.60629,1.35664,2.03089,1.74552
1.56118,1.14351,1.88619,1.26823,1.62779,1.36733,2.05183,1.74991
1.57931,1.15131,1.90374,1.27221,1.64664,1.37643,2.07272,1.75387
1.59917,1.15959,1.92118,1.27586,1.66728,1.38608,2.09353,1.75741
1.61777,1.1671,1.93851,1.27919,1.68661,1.39482,2.11428,1.76053
1.63716,1.17467,1.95573,1.2822,1.70677,1.40363,2.13496,1.76325
1.65592,1.18172,1.97285,1.2849,1.72626,1.41184,2.15557,1.76555
1.67484,1.18857,1.98986,1.28728,1.74593,1.4198,2.17609,1.76744
1.69339,1.19502,2.00676,1.28933,1.76521,1.42729,2.19652,1.76892
1.71232,1.20132,2.02355,1.29105,1.78488,1.43461,2.21686,1.77
1.73055,1.20711,2.04022,1.29245,1.80383,1.44133,2.23711,1.77066
1.74972,1.21291,2.05679,1.29351,1.82376,1.44806,2.25725,1.77092
1.76775,1.21809,2.07324,1.29425,1.8425,1.45406,2.27728,1.77077
1.78558,1.22293,2.08957,1.29465,1.86104,1.45966,2.29719,1.77022
1.80345,1.2275,2.10578,1.29472,1.87962,1.46495,2.31698,1.76928
1.82163,1.23185,2.12187,1.29445,1.89852,1.46999,2.33664,1.76793
1.83932,1.2358,2.13784,1.29385,1.91691,1.47455,2.35617,1.76619
1.85707,1.23946,2.15369,1.29291,1.93537,1.47877,2.37556,1.76406
1.87447,1.24275,2.16941,1.29164,1.95347,1.48257,2.39481,1.76154
1.89215,1.24579,2.18502,1.29003,1.97186,1.48607,2.41392,1.75864
1.90929,1.24843,2.2005,1.2881,1.98968,1.48911,2.43287,1.75537
1.92731,1.25089,2.21585,1.28583,2.00843,1.49193,2.45167,1.75172
1.94342,1.25279,2.23109,1.28323,2.0252,1.4941,2.47031,1.74771
1.96081,1.25452,2.2462,1.28031,2.04329,1.49608,2.4888,1.74334
1.97739,1.25586,2.26119,1.27707,2.06055,1.49761,2.50712,1.73862
1.99484,1.25693,2.27605,1.2735,2.0787,1.49881,2.52527,1.73355
2.01362,1.25769,2.29079,1.26961,2.09826,1.49965,2.54325,1.72814
2.02731,1.25797,2.3054,1.2654,2.11251,1.49995,2.56106,1.72239
2.04347,1.25801,2.31989,1.26087,2.12934,1.49996,2.5787,1.71632
2.06005,1.25771,2.33425,1.25603,2.1466,1.49957,2.59615,1.70991
2.07559,1.2571,2.34849,1.25087,2.16279,1.49883,2.61343,1.70319
2.09187,1.25613,2.3626,1.2454,2.17975,1.49766,2.63052,1.69616
2.10723,1.25488,2.37657,1.23962,2.19576,1.49617,2.64742,1.68881
2.12304,1.25325,2.39042,1.23352,2.21223,1.49424,2.66413,1.68116
2.13854,1.25131,2.40414,1.22712,2.22839,1.49195,2.68066,1.67321
2.1542,1.24899,2.41773,1.22041,2.24472,1.48921,2.69699,1.66497
2.16883,1.24649,2.43118,1.21339,2.25998,1.48627,2.71312,1.65643
2.18428,1.24349,2.4445,1.20606,2.2761,1.48274,2.72905,1.64761
2.19894,1.2403,2.45767,1.19842,2.29139,1.47899,2.74478,1.6385
2.21392,1.23668,2.4707,1.19048,2.30703,1.47474,2.7603,1.62912
2.22829,1.23285,2.48358,1.18224,2.32202,1.47025,2.77562,1.61947
2.2432,1.22851,2.49631,1.17371,2.33759,1.46515,2.79072,1.60956
2.25729,1.22404,2.5089,1.16488,2.35231,1.45992,2.80561,1.59938
2.27214,1.21894,2.52133,1.15576,2.36782,1.45394,2.82029,1.58896
2.28535,1.21406,2.53362,1.14635,2.38162,1.44822,2.83475,1.57829
2.29963,1.20841,2.54574,1.13666,2.39654,1.4416,2.849,1.56738
2.31302,1.20275,2.55771,1.1267,2.41054,1.43496,2.86303,1.55623
2.32683,1.19652,2.56953,1.11646,2.42499,1.42766,2.87684,1.54485
2.34032,1.19005,2.58118,1.10595,2.4391,1.42009,2.89043,1.53326
2.35363,1.18328,2.59267,1.09517,2.45302,1.41216,2.90381,1.52145
2.36633,1.17646,2.60399,1.08414,2.46631,1.40416,2.91696,1.50942
2.37966,1.1689,2.61515,1.07285,2.48027,1.3953,2.9299,1.49719
2.39239,1.16128,2.62614,1.0613,2.49361,1.38637,2.94261,1.48476
2.40508,1.15329,2.63696,1.04951,2.5069,1.37701,2.95509,1.47213
2.41738,1.14516,2.64761,1.03746,2.51979,1.36748,2.96735,1.4593
2.42986,1.13652,2.65808,1.02518,2.53287,1.35733,2.97938,1.44629
2.44208,1.12763,2.66838,1.01266,2.54569,1.34691,2.99119,1.43309
2.45413,1.11847,2.6785,0.999911,2.55833,1.33616,3.00278,1.41972
2.46585,1.10915,2.68846,0.986936,2.57063,1.32522,3.01415,1.40618
2.47755,1.09944,2.69823,0.97374,2.58292,1.31381,3.0253,1.39246
2.48913,1.08941,2.70784,0.960329,2.59507,1.30203,3.03622,1.37859
2.50073,1.07892,2.71727,0.946706,2.60726,1.28971,3.04693,1.36455
2.51167,1.06863,2.72652,0.932878,2.61875,1.27761,3.05742,1.35037
2.52286,1.05766,2.7356,0.918849,2.63052,1.26471,3.06768,1.33603
2.53369,1.04661,2.74449,0.90462,2.64192,1.25171,3.07773,1.32154
2.54447,1.03519,2.75321,0.890198,2.65325,1.23826,3.08756,1.3069
2.55494,1.02365,2.76175,0.87559,2.66428,1.22467,3.09717,1.29213
2.56563,1.01141,2.77011,0.860802,2.67553,1.21026,3.10656,1.27723
2.57547,0.999713,2.77829,0.845839,2.6859,1.19647,3.11575,1.26219
2.58563,0.987194,2.7863,0.830705,2.6966,1.18171,3.12471,1.24703
2.59553,0.974533,2.79413,0.815404,2.70703,1.16678,3.13347,1.23175
2.60537,0.961465,2.80177,0.799944,2.71742,1.15135,3.14201,1.21634
2.61475,0.948562,2.80924,0.784332,2.72731,1.13612,3.15035,1.20083
2.62429,0.934962,2.81653,0.768572,2.73738,1.12005,3.15848,1.1852
2.63335,0.921566,2.82365,0.75267,2.74695,1.10422,3.16639,1.16947
2.64255,0.907476,2.83058,0.736628,2.75667,1.08755,3.1741,1.15363
2.65129,0.893618,2.83733,0.72045,2.7659,1.07116,3.18161,1.13769
2.66041,0.878615,2.84389,0.704139,2.77554,1.05339,3.18891,1.12165
2.66843,0.864966,2.85028,0.6877,2.78402,1.03723,3.19601,1.10551
2.67703,0.849814,2.85649,0.671138,2.79311,1.01927,3.2029,1.08927
2.68509,0.835088,2.86251,0.654457,2.80165,1.00181,3.2096,1.07293
2.69322,0.819712,2.86836,0.637661,2.81026,0.983562,3.21609,1.05651
2.70102,0.80443,2.87402,0.620752,2.81852,0.965421,3.22239,1.03999
2.7088,0.78865,2.87949,0.603732,2.82676,0.946676,3.22849,1.02337
2.71614,0.77322,2.88478,0.586605,2.83454,0.928339,3.2344,1.00667
2.72354,0.757101,2.88987,0.569376,2.84239,0.909171,3.2401,0.989872
2.73056,0.74125,2.89478,0.552051,2.84985,0.890311,3.24561,0.97299
2.73764,0.724689,2.8995,0.534633,2.85736,0.870596,3.25093,0.956022
2.74443,0.708224,2.90403,0.517126,2.86456,0.850984,3.25605,0.93897
2.75117,0.691244,2.90838,0.499535,2.87173,0.830748,3.261,0.921835
2.75775,0.674038,2.91254,0.481862,2.87872,0.81023,3.26576,0.904617
2.7639,0.657365,2.91652,0.464111,2.88526,0.790337,3.27034,0.887317
2.76982,0.640673,2.92031,0.446283,2.89156,0.770412,3.27474,0.869933
2.7759,0.622901,2.92392,0.428383,2.89802,0.749186,3.27897,0.852466
2.78144,0.60603,2.92733,0.410413,2.90392,0.729024,3.28302,0.834916
2.78711,0.588098,2.93055,0.39238,2.90996,0.707584,3.28689,0.817288
2.79245,0.570499,2.93358,0.374294,2.91565,0.68653,3.2906,0.799585
2.79769,0.552546,2.93642,0.356158,2.92122,0.665043,3.29413,0.78181
2.80265,0.534779,2.93906,0.337978,2.92651,0.643767,3.2975,0.763962
2.8076,0.516299,2.9415,0.319757,2.93179,0.621628,3.30069,0.746043
2.81222,0.498241,2.94374,0.301501,2.93672,0.599982,3.30372,0.728054
2.81681,0.479504,2.94578,0.283217,2.94162,0.577514,3.30659,0.709997
2.8211,0.461159,2.9476,0.264909,2.94619,0.555504,3.30928,0.691872
2.82525,0.44253,2.94917,0.246555,2.95062,0.533143,3.31178,0.673649
2.8292,0.423906,2.95038,0.228049,2.95484,0.51078,3.31397,0.655205
2.83304,0.404837,2.95103,0.209235,2.95894,0.487872,3.31571,0.636358
2.83664,0.385992,2.95096,0.189981,2.96279,0.465224,3.31686,0.616948
2.8401,0.366796,2.95007,0.170221,2.96649,0.442145,3.31732,0.596889
2.84333,0.347847,2.94858,0.150166,2.96994,0.419356,3.3173,0.576409
2.84645,0.32844,2.94663,0.12997,2.97327,0.396007,3.31693,0.555668
2.84933,0.309291,2.94415,0.109632,2.97635,0.372959,3.31618,0.53464
2.85211,0.289515,2.94111,0.0891673,2.97933,0.34915,3.31503,0.513313
2.85457,0.270754,2.93766,0.0686977,2.98196,0.326556,3.31361,0.49183
2.85711,0.249804,2.9339,0.0483024,2.98467,0.301319,3.312,0.470291
2.85918,0.231222,2.92991,0.0280289,2.98689,0.278927,3.31025,0.448758
2.86117,0.211758,2.92575,0.00792379,2.98902,0.255468,3.30842,0.427293
2.86299,0.192153,2.92145,-0.0119928,2.99097,0.231833,3.30653,0.405921
2.86466,0.172278,2.91702,-0.0317122,2.99275,0.207867,3.30458,0.384656
2.86612,0.152523,2.91247,-0.0512305,2.99433,0.184042,3.30258,0.363506
2.86741,0.132781,2.9078,-0.0705473,2.99571,0.160229,3.30052,0.342473
2.8685,0.113444,2.90301,-0.0896649,2.99687,0.136901,3.2984,0.321559
2.86946,0.093015,2.8981,-0.108589,2.9979,0.112252,3.29621,0.300758
2.87019,0.073742,2.89306,-0.127327,2.99868,0.0889958,3.29395,0.280067
2.87077,0.0536178,2.8879,-0.145886,2.9993,0.0647104,3.29161,0.259481
2.87116,0.0337908,2.8826,-0.164271,2.99972,0.0407822,3.28918,0.238998
2.87138,0.0137579,2.87716,-0.18249,2.99995,0.0166046,3.28664,0.218614
2.87141,-0.00574123,2.87158,-0.20055,2.99999,-0.00692917,3.284,0.198323
2.87127,-0.0259979,2.86586,-0.218457,2.99984,-0.0313771,3.28123,0.178124
2.87095,-0.0456603,2.85999,-0.236219,2.99949,-0.0551071,3.27833,0.158015
2.87044,-0.0657802,2.85397,-0.25384,2.99895,-0.0793878,3.2753,0.137994
2.86978,-0.0850261,2.8478,-0.271327,2.99824,-0.102612,3.27212,0.118062
2.86889,-0.105544,2.84149,-0.288686,2.99729,-0.127369,3.26879,0.0982146
2.86787,-0.124895,2.83504,-0.305921,2.9962,-0.150716,3.2653,0.078454
2.86662,-0.145299,2.82844,-0.323039,2.99485,-0.175329,3.26165,0.0587773
2.86525,-0.164528,2.8217,-0.340049,2.9934,-0.198522,3.25782,0.0391816
2.86366,-0.184392,2.81482,-0.356956,2.99169,-0.222476,3.2538,0.0196666
2.8619,-0.20415,2.8078,-0.373763,2.9898,-0.246297,3.2496,0.000233193
2.85999,-0.223545,2.80065,-0.390472,2.98775,-0.269675,3.2452,-0.0191156
2.85787,-0.243119,2.79338,-0.40709,2.98549,-0.293264,3.24061,-0.0383801
2.85558,-0.262603,2.78598,-0.423623,2.98304,-0.316738,3.23582,-0.0575605
2.85311,-0.282054,2.77846,-0.440072,2.9804,-0.340166,3.23083,-0.0766532
2.85041,-0.301749,2.77084,-0.456436,2.97751,-0.363879,3.22563,-0.0956522
2.84764,-0.32068,2.76313,-0.47272,2.97455,-0.386667,3.22023,-0.114552
2.84461,-0.340067,2.75534,-0.488928,2.9713,-0.409996,3.21463,-0.133349
2.84144,-0.359095,2.74749,-0.505062,2.96792,-0.432885,3.20884,-0.152037
2.83804,-0.378366,2.73959,-0.521123,2.96428,-0.456056,3.20286,-0.17061
2.83453,-0.397159,2.73167,-0.537112,2.96053,-0.478646,3.1967,-0.189059
2.83077,-0.416205,2.72374,-0.553031,2.95652,-0.501529,3.19037,-0.207378
2.82685,-0.435072,2.71583,-0.568883,2.95233,-0.52419,3.18387,-0.225561
2.82279,-0.453671,2.70795,-0.584666,2.948,-0.546517,3.17721,-0.243597
2.81861,-0.471919,2.70015,-0.600372,2.94353,-0.568414,3.17041,-0.261475
2.81384,-0.491729,2.69243,-0.616002,2.93845,-0.592174,3.16348,-0.279185
2.80956,-0.508724,2.68484,-0.631571,2.93389,-0.61255,3.15643,-0.296732
2.80474,-0.527078,2.67734,-0.647185,2.92874,-0.634543,3.14913,-0.31419
2.7998,-0.545065,2.6699,-0.662955,2.92348,-0.656086,3.14146,-0.331654
2.79458,-0.563304,2.66246,-0.678954,2.91791,-0.677921,3.13327,-0.349219
2.78934,-0.580839,2.65493,-0.695204,2.91233,-0.698901,3.12445,-0.366973
2.78381,-0.59863,2.64721,-0.711687,2.90644,-0.720178,3.11487,-0.384999
2.77808,-0.616337,2.63926,-0.728275,2.90034,-0.741342,3.10459,-0.403265
2.77223,-0.633703,2.63114,-0.744819,2.89412,-0.762088,3.09377,-0.421648
2.7663,-0.650667,2.62287,-0.76125,2.88781,-0.782343,3.08257,-0.440057
2.76003,-0.667933,2.61439,-0.777624,2.88114,-0.802948,3.07094,-0.458523
2.75367,-0.684779,2.60564,-0.794006,2.87439,-0.82304,3.05884,-0.477077
2.747,-0.701826,2.59669,-0.810338,2.8673,-0.843361,3.0464,-0.495636
2.74045,-0.717944,2.58766,-0.826509,2.86034,-0.862564,3.03378,-0.514085
2.73348,-0.734487,2.5786,-0.842461,2.85295,-0.882262,3.02107,-0.532366
2.72635,-0.750823,2.56957,-0.858139,2.84538,-0.901703,3.00836,-0.550419
2.7192,-0.766627,2.56063,-0.873499,2.83779,-0.920499,2.99571,-0.568197
2.71178,-0.782437,2.55179,-0.88852,2.82993,-0.939294,2.98317,-0.585677
2.70418,-0.798081,2.54307,-0.90319,2.82187,-0.95788,2.97074,-0.60285
2.69628,-0.813789,2.53445,-0.917502,2.8135,-0.976532,2.95845,-0.619706
2.68841,-0.828882,2.52593,-0.931451,2.80516,-0.994443,2.94629,-0.636245
2.68035,-0.843808,2.51749,-0.945038,2.79663,-1.01215,2.93427,-0.652467
2.67185,-0.85901,2.5091,-0.958263,2.78763,-1.03017,2.9224,-0.668378
2.66362,-0.873208,2.50074,-0.971126,2.77893,-1.04699,2.91065,-0.683982
2.65476,-0.88798,2.49236,-0.983627,2.76956,-1.06448,2.89904,-0.699284
2.64588,-0.902262,2.48395,-0.995761,2.76018,-1.08138,2.88756,-0.714288
2.63705,-0.915957,2.47546,-1.00752,2.75086,-1.09758,2.8762,-0.729
2.62777,-0.929873,2.46686,-1.01891,2.74105,-1.11404,2.86496,-0.743423
2.61863,-0.943088,2.45812,-1.0299,2.7314,-1.12965,2.85384,-0.757558
2.60916,-0.956305,2.44921,-1.04048,2.72141,-1.14526,2.84284,-0.771409
2.59948,-0.96934,2.4401,-1.05064,2.7112,-1.16065,2.83195,-0.784977
2.58956,-0.982225,2.43076,-1.06035,2.70074,-1.17585,2.82117,-0.79826
2.57948,-0.994825,2.42119,-1.06959,2.69012,-1.19071,2.81051,-0.811254
2.56935,-1.00704,2.41136,-1.07835,2.67945,-1.2051,2.79996,-0.82396
2.55892,-1.01915,2.40125,-1.08658,2.66847,-1.21937,2.78953,-0.836378
2.54845,-1.03085,2.39087,-1.09427,2.65745,-1.23316,2.77922,-0.848501
2.53775,-1.04237,2.38019,-1.10138,2.64618,-1.24671,2.76902,-0.860328
2.52697,-1.05352,2.36921,-1.10788,2.63485,-1.25983,2.75894,-0.871856
2.51621,-1.06422,2.35792,-1.11377,2.62353,-1.27243,2.74896,-0.883081
2.50492,-1.07503,2.34634,-1.119,2.61166,-1.28513,2.7391,-0.894001
2.49358,-1.08543,2.33447,-1.12356,2.59975,-1.29736,2.72933,-0.904612
2.48224,-1.09543,2.32231,-1.12744,2.58783,-1.3091,2.71966,-0.914914
2.47046,-1.10538,2.30988,-1.13064,2.57547,-1.32078,2.71007,-0.924908
2.45875,-1.11485,2.29719,-1.13314,2.56318,-1.3319,2.70056,-0.934595
2.4468,-1.12409,2.28425,-1.13495,2.55064,-1.34275,2.69111,-0.943975
2.43478,-1.13299,2.27108,-1.13606,2.53804,-1.35319,2.68172,-0.953045
2.42244,-1.14171,2.2577,-1.13646,2.52509,-1.36342,2.67237,-0.961802
2.40985,-1.15019,2.24411,-1.13617,2.5119,-1.37336,2.66304,-0.970243
2.39736,-1.1582,2.23034,-1.13518,2.49882,-1.38276,2.65372,-0.978366
2.38466,-1.16595,2.21639,-1.1335,2.48551,-1.39185,2.64439,-0.986169
2.37176,-1.17343,2.2023,-1.13113,2.472,-1.40061,2.63504,-0.993645
2.35856,-1.18068,2.18806,-1.12808,2.45818,-1.40911,2.62565,-1.00079
2.34505,-1.18769,2.1737,-1.12436,2.44405,-1.41732,2.6162,-1.00759
2.33208,-1.19405,2.15923,-1.11998,2.43047,-1.42477,2.60667,-1.01405
2.31829,-1.20041,2.14465,-1.11495,2.41605,-1.43223,2.59705,-1.02016
2.30477,-1.20628,2.12999,-1.10929,2.40192,-1.4391,2.58729,-1.0259
2.29078,-1.21196,2.11524,-1.10299,2.38729,-1.44576,2.5774,-1.03127
2.277,-1.21719,2.10044,-1.0961,2.37289,-1.45188,2.56734,-1.03626
2.26286,-1.22218,2.08557,-1.08861,2.35812,-1.45773,2.55711,-1.04086
2.2486,-1.22684,2.07067,-1.08055,2.34323,-1.4632,2.54667,-1.04506
2.23414,-1.2312,2.05575,-1.07194,2.32813,-1.46831,2.53602,-1.04884
2.21884,-1.23541,2.04081,-1.0628,2.31216,-1.47325,2.52515,-1.05219
2.20472,-1.23895,2.02587,-1.05315,2.29742,-1.4774,2.51403,-1.05509
2.19012,-1.24226,2.01095,-1.04302,2.28219,-1.4813,2.50266,-1.05754
2.17506,-1.24533,1.99607,-1.03244,2.26648,-1.4849,2.49102,-1.05951
2.15994,-1.24805,1.98123,-1.02145,2.25071,-1.4881,2.47911,-1.06099
2.14461,-1.25045,1.96646,-1.01007,2.23472,-1.49094,2.46695,-1.06196
2.12902,-1.25254,1.95178,-0.998368,2.21847,-1.4934,2.45452,-1.0624
2.11377,-1.25425,1.93719,-0.986365,2.20258,-1.49542,2.44183,-1.06231
2.09793,-1.25567,1.92271,-0.974108,2.18607,-1.49712,2.4289,-1.06167
2.08187,-1.25677,1.90834,-0.961642,2.16933,-1.49843,2.41573,-1.06046
2.06625,-1.2575,1.89408,-0.949009,2.15307,-1.49932,2.40233,-1.05869
2.04964,-1.25794,1.87993,-0.936256,2.13577,-1.49986,2.38873,-1.05634
2.03376,-1.25802,1.86588,-0.923426,2.11922,-1.5,2.37494,-1.0534
2.01742,-1.25779,1.85192,-0.910565,2.10222,-1.49976,2.36096,-1.04988
2.00084,-1.25722,1.83803,-0.89772,2.08495,-1.49913,2.34681,-1.04577
1.98425,-1.25632,1.82418,-0.884933,2.06768,-1.49813,2.33252,-1.04106
1.9674,-1.25509,1.81037,-0.872252,2.05014,-1.49673,2.3181,-1.03577
1.95062,-1.25354,1.79654,-0.859719,2.03268,-1.49497,2.30355,-1.02988
1.93363,-1.25167,1.78268,-0.847373,2.01501,-1.49282,2.2889,-1.0234
1.91614,-1.24941,1.76875,-0.835249,1.99681,-1.49023,2.27416,-1.01633
1.89917,-1.24691,1.75471,-0.823382,1.97916,-1.48736,2.25934,-1.00867
1.88155,-1.24401,1.74052,-0.811806,1.96083,-1.48402,2.24446,-1.00042
1.86416,-1.24084,1.72615,-0.800548,1.94274,-1.48036,2.22952,-0.991589
1.84636,-1.23729,1.71155,-0.789619,1.92424,-1.47627,2.21452,-0.982181
1.82882,-1.23349,1.6967,-0.77902,1.90599,-1.47188,2.19947,-0.972196
1.81066,-1.22926,1.68158,-0.76874,1.88711,-1.46699,2.18436,-0.961634
1.79273,-1.22479,1.66614,-0.75876,1.86847,-1.46182,2.16918,-0.950492
1.77482,-1.22004,1.65039,-0.749055,1.84985,-1.45632,2.1539,-0.938772
1.75652,-1.2149,1.63428,-0.739592,1.83083,-1.45036,2.13853,-0.926474
1.7382,-1.20946,1.61783,-0.730336,1.81178,-1.44406,2.12302,-0.913601
1.71965,-1.20368,1.601,-0.721247,1.7925,-1.43735,2.10738,-0.900156
1.7009,-1.19755,1.58381,-0.712286,1.77301,-1.43023,2.09159,-0.886142
1.68255,-1.19128,1.56625,-0.703413,1.75394,-1.42295,2.07561,-0.871564
1.66366,-1.18455,1.54831,-0.694592,1.73431,-1.41513,2.05945,-0.856428
1.64486,-1.17759,1.53,-0.685791,1.71477,-1.40704,2.04307,-0.840744
1.62575,-1.17025,1.51133,-0.676977,1.69491,-1.39849,2.02646,-0.824524
1.60643,-1.16255,1.4923,-0.668116,1.67483,-1.38953,2.0096,-0.807778
1.58741,-1.15472,1.47292,-0.659181,1.65506,-1.3804,1.99248,-0.790521
1.56794,-1.14644,1.4532,-0.650142,1.63482,-1.37076,1.97508,-0.772768
1.54867,-1.138,1.43315,-0.640975,1.61479,-1.36091,1.95739,-0.754537
1.52942,-1.12932,1.41279,-0.631654,1.59479,-1.35078,1.9394,-0.735842
1.50966,-1.12017,1.39212,-0.622153,1.57425,-1.34009,1.9211,-0.716699
1.49007,-1.11085,1.37118,-0.612449,1.55389,-1.3292,1.90248,-0.697124
1.47035,-1.10123,1.34997,-0.602521,1.53339,-1.31795,1.88355,-0.677134
1.45046,-1.09129,1.32851,-0.59235,1.51272,-1.30633,1.8643,-0.656748
1.43018,-1.08091,1.30681,-0.581919,1.49163,-1.29418,1.84473,-0.635982
1.40984,-1.07027,1.2849,-0.571216,1.47048,-1.28172,1.82483,-0.614859
1.38991,-1.05962,1.26278,-0.56023,1.44976,-1.26924,1.80461,-0.5934
1.36978,-1.04865,1.24048,-0.548952,1.42884,-1.25637,1.78407,-0.571627
1.34935,-1.03728,1.21799,-0.537375,1.40759,-1.24304,1.76321,-0.549557
1.32896,-1.02574,1.19534,-0.525488,1.3864,-1.22947,1.74204,-0.52721
1.30825,-1.01378,1.17253,-0.513285,1.36486,-1.21543,1.72054,-0.504603
1.28725,-1.00145,1.14959,-0.500762,1.34302,-1.20093,1.69874,-0.481757
1.26748,-0.989639,1.12651,-0.487914,1.32246,-1.18703,1.67663,-0.458687
1.24667,-0.977012,1.10332,-0.474737,1.30081,-1.17217,1.65423,-0.43541
1.22577,-0.964128,1.08002,-0.461235,1.27907,-1.15699,1.63153,-0.411945
1.20448,-0.950809,1.05664,-0.447409,1.25693,-1.14129,1.60857,-0.388309
1.18351,-0.937491,1.03318,-0.433263,1.23511,-1.12558,1.58533,-0.364519
1.16283,-0.924178,1.00967,-0.418801,1.21359,-1.10986,1.56185,-0.340587
1.14101,-0.909934,0.986121,-0.404029,1.19088,-1.09303,1.53814,-0.316525
1.12053,-0.896394,0.962545,-0.388953,1.16957,-1.07703,1.5142,-0.292347
1.09915,-0.882082,0.938957,-0.373584,1.14731,-1.0601,1.49006,-0.268066
1.07775,-0.867584,0.915366,-0.357931,1.12504,-1.04293,1.46572,-0.243692
1.05642,-0.852959,0.891783,-0.342003,1.10283,-1.02561,1.44119,-0.219235
1.03486,-0.838012,0.868217,-0.32581,1.08038,-1.00789,1.41647,-0.194706
1.01341,-0.822985,0.844674,-0.309366,1.05805,-0.990064,1.39159,-0.170114
0.991833,-0.807703,0.821164,-0.292682,1.03558,-0.971921,1.36654,-0.145469
0.97025,-0.792264,0.797693,-0.275775,1.0131,-0.953581,1.34133,-0.120782
0.948442,-0.776512,0.774268,-0.258658,0.990379,-0.934855,1.31597,-0.0960615
0.926163,-0.760266,0.750894,-0.241348,0.967168,-0.915528,1.29047,-0.0713177
0.904321,-0.744193,0.72758,-0.223862,0.944409,-0.896393,1.26483,-0.0465607
0.882712,-0.728153,0.704329,-0.206217,0.921891,-0.877284,1.23906,-0.0218008
0.861153,-0.712016,0.681148,-0.188429,0.899421,-0.858047,1.21317,0.00295255
0.839134,-0.695404,0.658042,-0.170513,0.876469,-0.838229,1.18716,0.0276909
0.816869,-0.678473,0.635015,-0.152485,0.853258,-0.818018,1.16105,0.0524053
0.794898,-0.661641,0.612068,-0.134359,0.830351,-0.797911,1.13484,0.0770861
0.772689,-0.644503,0.589204,-0.116149,0.807192,-0.777424,1.10853,0.101724
0.7506,-0.62734,0.566422,-0.0978672,0.784156,-0.756894,1.08213,0.12631
0.728269,-0.609871,0.543721,-0.0795245,0.760863,-0.735985,1.05564,0.150835
0.70596,-0.592309,0.5211,-0.0611304,0.737592,-0.714951,1.02906,0.175292
0.683631,-0.574622,0.498554,-0.0426932,0.714296,-0.693753,1.00239,0.199672
0.661132,-0.556696,0.476084,-0.0242231,0.69082,-0.672255,0.975645,0.223967
0.638924,-0.5389,0.453687,-0.00572886,0.667644,-0.650901,0.948825,0.248165
0.616617,-0.520931,0.431358,0.012782,0.644363,-0.629324,0.921933,0.272258
0.594088,-0.502687,0.409093,0.0313045,0.620847,-0.607407,0.894972,0.296239
0.571347,-0.484181,0.386886,0.0498346,0.597107,-0.58516,0.867947,0.320102
0.54894,-0.46586,0.364734,0.0683687,0.573713,-0.563125,0.840864,0.343838
0.526394,-0.447343,0.342633,0.0869048,0.550171,-0.54084,0.813729,0.367443
0.503772,-0.428684,0.32058,0.105442,0.526548,-0.518374,0.78655,0.390911
0.480756,-0.409622,0.298572,0.123979,0.50251,-0.49541,0.759334,0.414238
0.458477,-0.3911,0.276603,0.142516,0.47924,-0.473085,0.732089,0.437417
0.435177,-0.371658,0.254671,0.161052,0.454901,-0.449641,0.704823,0.460445
0.412933,-0.353032,0.23277,0.179588,0.431662,-0.42717,0.677544,0.483318
0.390291,-0.334013,0.210901,0.198124,0.408006,-0.404215,0.650263,0.506032
0.367491,-0.314802,0.189059,0.21666,0.384183,-0.38102,0.622989,0.528585
0.3448,-0.295629,0.167244,0.235196,0.360471,-0.357859,0.595734,0.550973
0.321311,-0.275728,0.145455,0.253733,0.335924,-0.333811,0.56851,0.573193
0.299132,-0.25689,0.125864,0.270417,0.312744,-0.31104,0.544043,0.593046
0.276311,-0.237463,0.104115,0.288952,0.288891,-0.287548,0.516901,0.614941
0.25321,-0.217755,0.0823802,0.307486,0.264743,-0.26371,0.489815,0.636661
0.230539,-0.198378,0.0606589,0.326018,0.241044,-0.240265,0.462794,0.658206
0.207309,-0.178487,0.0389479,0.344549,0.21676,-0.216193,0.435847,0.679575
0.184576,-0.158992,0.0172432,0.363081,0.192993,-0.192594,0.408981,0.700772
0.161834,-0.139463,-0.00445719,0.381613,0.169217,-0.168948,0.382206,0.721797
0.139035,-0.11986,-0.0261532,0.400144,0.145379,-0.145209,0.35553,0.742648
0.116023,-0.100053,-0.0478452,0.418671,0.121318,-0.121219,0.328965,0.763327
0.0927282,-0.0799861,-0.069535,0.437195,0.0969617,-0.096911,0.302517,0.783836
0.0699822,-0.0603778,-0.0912244,0.455712,0.0731776,-0.0731559,0.276193,0.804175
0.0471703,-0.0407025,-0.112915,0.474222,0.0493244,-0.0493177,0.250001,0.824345
0.024206,-0.0208888,-0.134608,0.492721,0.0253115,-0.0253106,0.223947,0.844349
0.00131543,-0.0011352,-0.156305,0.511206,0.00137551,-0.00137551,0.198035,0.864187
-0.0221369,0.0191034,-0.178009,0.529672,-0.0231479,0.0231472,0.172273,0.883858
-0.0448903,0.0387356,-0.199718,0.548112,-0.0469403,0.0469346,0.146664,0.903362
-0.0677764,0.0584757,-0.221435,0.566518,-0.0708712,0.0708514,0.121214,0.922696
-0.0907801,0.0783072,-0.243163,0.584886,-0.0949247,0.0948771,0.0959246,0.941861
-0.113872,0.0982015,-0.264899,0.603208,-0.11907,0.118976,0.0708022,0.960856
-0.136619,0.117781,-0.286643,0.621478,-0.142854,0.142692,0.0458525,0.979682
-0.160243,0.138095,-0.308392,0.639691,-0.167554,0.167292,0.0210798,0.998339
-0.182431,0.157152,-0.33015,0.657841,-0.190751,0.190365,-0.00351413,1.01683
-0.205159,0.176646,-0.351918,0.675922,-0.214513,0.213964,-0.0279305,1.03515
-0.228304,0.196466,-0.373697,0.69393,-0.238709,0.237952,-0.0521676,1.05331
-0.251421,0.216228,-0.395489,0.711857,-0.262874,0.261863,-0.0762255,1.07131
-0.273664,0.235207,-0.417295,0.729697,-0.286125,0.28482,-0.100105,1.08914
-0.296709,0.254829,-0.439113,0.747443,-0.310211,0.308548,-0.123804,1.10681
-0.32009,0.274692,-0.460942,0.765089,-0.334647,0.332559,-0.147321,1.12433
-0.342293,0.293508,-0.482782,0.782629,-0.357851,0.355296,-0.170658,1.14168
-0.365058,0.312749,-0.504629,0.800057,-0.38164,0.378539,-0.193811,1.15887
-0.38756,0.331715,-0.526483,0.817366,-0.405153,0.401441,-0.216785,1.17591
-0.410842,0.351278,-0.548347,0.834546,-0.429478,0.425054,-0.239582,1.19278
-0.433395,0.370168,-0.57022,0.851589,-0.45304,0.447844,-0.262206,1.2095
-0.455651,0.388745,-0.592101,0.868487,-0.476288,0.470247,-0.284659,1.22606
-0.478678,0.407898,-0.613988,0.885233,-0.50034,0.493333,-0.306943,1.24245
-0.500918,0.426325,-0.635881,0.90182,-0.523567,0.515532,-0.329063,1.25869
-0.523825,0.445228,-0.657779,0.918239,-0.547489,0.538295,-0.351023,1.27476
-0.546474,0.463839,-0.679678,0.934483,-0.571139,0.560693,-0.372823,1.29067
-0.56871,0.482029,-0.701575,0.950544,-0.594354,0.582573,-0.394467,1.30642
-0.591576,0.500647,-0.723465,0.966414,-0.618225,0.604955,-0.415958,1.322
-0.614229,0.519001,-0.745345,0.982087,-0.641871,0.627007,-0.437296,1.33742
-0.636444,0.536907,-0.767211,0.997557,-0.665056,0.648508,-0.458487,1.35268
-0.659015,0.555003,-0.789061,1.01282,-0.68861,0.670224,-0.479536,1.36777
-0.681489,0.57292,-0.810893,1.02786,-0.712061,0.691713,-0.500447,1.38269
-0.703703,0.590526,-0.832704,1.04267,-0.735237,0.712814,-0.521226,1.39744
-0.725769,0.607909,-0.854491,1.05725,-0.758255,0.733635,-0.541879,1.41202
-0.747935,0.62526,-0.876249,1.07159,-0.781375,0.754406,-0.562408,1.42642
-0.770188,0.642565,-0.897975,1.08568,-0.804584,0.775107,-0.582819,1.44066
-0.792108,0.659495,-0.919664,1.09952,-0.827441,0.795346,-0.603116,1.45471
-0.81513,0.677145,-0.941311,1.11311,-0.851445,0.816433,-0.623304,1.46859
-0.836563,0.693456,-0.962916,1.12643,-0.873789,0.835904,-0.64339,1.4823
-0.858496,0.710019,-0.984475,1.13949,-0.896652,0.855665,-0.663379,1.49582
-0.880452,0.726467,-1.00598,1.15227,-0.919535,0.875275,-0.683276,1.50916
-0.902143,0.742582,-1.02743,1.16478,-0.94214,0.894475,-0.703084,1.52232
-0.924852,0.759306,-1.04882,1.17701,-0.965802,0.914385,-0.722808,1.5353
-0.945712,0.77453,-1.07015,1.18896,-0.987534,0.932497,-0.742452,1.5481
-0.967768,0.790479,-1.09139,1.20063,-1.01051,0.95146,-0.762015,1.56071
-0.989225,0.805846,-1.11256,1.212,-1.03286,0.969716,-0.781507,1.57314
-1.01081,0.821151,-1.13366,1.22309,-1.05534,0.987887,-0.80093,1.58537
-1.03258,0.836422,-1.15465,1.23388,-1.07801,1.006,-0.820283,1.59742
-1.05378,0.851142,-1.17555,1.24439,-1.10009,1.02346,-0.839565,1.60929
-1.07535,0.865948,-1.19635,1.25461,-1.12254,1.041,-0.858784,1.62097
-1.09674,0.880458,-1.21705,1.26453,-1.14481,1.05818,-0.877946,1.63245
-1.11785,0.894606,-1.23765,1.27413,-1.16677,1.07491,-0.897062,1.64372
-1.13933,0.908827,-1.25814,1.28343,-1.18913,1.09173,-0.916135,1.65479
-1.16043,0.92262,-1.27853,1.2924,-1.21109,1.10802,-0.935172,1.66564
-1.18132,0.936089,-1.29881,1.30104,-1.23283,1.12392,-0.95418,1.67627
-1.20246,0.949532,-1.31898,1.30934,-1.25482,1.13978,-0.973165,1.68667
-1.22308,0.962458,-1.33905,1.31731,-1.27628,1.15502,-0.992134,1.69684
-1.24429,0.975554,-1.35901,1.32493,-1.29834,1.17045,-1.01109,1.70677
-1.26482,0.988035,-1.37886,1.33221,-1.31969,1.18515,-1.03004,1.71645
-1.28551,1.00042,-1.39859,1.33915,-1.34121,1.19971,-1.04897,1.72589
-1.30657,1.0128,-1.4182,1.34573,-1.36312,1.21428,-1.0679,1.73507
-1.32664,1.0244,-1.43769,1.35196,-1.38398,1.22791,-1.08683,1.74399
-1.34735,1.03616,-1.45706,1.35785,-1.40551,1.24172,-1.10576,1.75266
-1.36745,1.04736,-1.4763,1.36338,-1.42641,1.25486,-1.1247,1.76106
-1.38777,1.05847,-1.49542,1.36856,-1.44755,1.26789,-1.14363,1.76919
-1.40811,1.06936,-1.51441,1.3734,-1.46869,1.28065,-1.16257,1.77705
-1.42836,1.07997,-1.53326,1.37789,-1.48974,1.29308,-1.18152,1.78465
-1.44836,1.09022,-1.55197,1.38204,-1.51053,1.30508,-1.20046,1.79197
-1.46796,1.10004,-1.57055,1.38584,-1.53091,1.31657,-1.21941,1.799
-1.48791,1.1098,-1.589,1.38929,-1.55164,1.32798,-1.23837,1.80575
-1.50788,1.11933,-1.60729,1.3924,-1.57239,1.33911,-1.25732,1.81222
-1.52745,1.12842,-1.62545,1.39516,-1.59274,1.34973,-1.27628,1.81839
-1.5471,1.1373,-1.64346,1.39759,-1.61317,1.3601,-1.29524,1.82426
-1.56581,1.14552,-1.66132,1.39967,-1.63261,1.36968,-1.31419,1.82984
-1.58513,1.15376,-1.67903,1.40141,-1.65269,1.37929,-1.33314,1.83511
-1.60465,1.16183,-1.69659,1.40281,-1.67297,1.38869,-1.35209,1.84007
-1.62372,1.16945,-1.71399,1.40388,-1.69279,1.39756,-1.37102,1.84473
-1.64325,1.17698,-1.73124,1.4046,-1.7131,1.40633,-1.38995,1.84906
-1.66192,1.18392,-1.74834,1.40499,-1.73249,1.41439,-1.40886,1.85307
-1.6809,1.1907,-1.76359,1.40504,-1.75222,1.42228,-1.42587,1.8564
-1.69939,1.19704,-1.78039,1.40478,-1.77145,1.42965,-1.44476,1.85978
-1.71768,1.20305,-1.79704,1.40418,-1.79045,1.43662,-1.46362,1.86282
-1.73628,1.20888,-1.81352,1.40325,-1.80979,1.44338,-1.48247,1.86552
-1.75457,1.21433,-1.82985,1.40198,-1.8288,1.44971,-1.50127,1.86788
-1.7731,1.21957,-1.846,1.40041,-1.84807,1.45578,-1.52004,1.86992
-1.79107,1.22436,-1.86199,1.39852,-1.86674,1.46132,-1.53876,1.87162
-1.80923,1.22892,-1.87781,1.39632,-1.88562,1.46659,-1.55743,1.87299
-1.82683,1.23304,-1.89346,1.39382,-1.90393,1.47137,-1.57604,1.87402
-1.84457,1.23691,-1.90893,1.39102,-1.92238,1.47584,-1.59459,1.87472
-1.86235,1.24049,-1.92424,1.38792,-1.94087,1.47996,-1.61307,1.87508
-1.87966,1.24368,-1.93937,1.38453,-1.95887,1.48364,-1.63148,1.8751
-1.89722,1.2466,-1.95434,1.38084,-1.97713,1.48701,-1.64982,1.87477
-1.91452,1.24918,-1.96913,1.37685,-1.99512,1.48997,-1.66807,1.8741
-1.93165,1.25143,-1.98375,1.37257,-2.01295,1.49255,-1.68625,1.87307
-1.94881,1.25336,-1.99821,1.368,-2.0308,1.49476,-1.70433,1.8717
-1.96586,1.25496,-2.01249,1.36314,-2.04854,1.49659,-1.72231,1.86996
-1.98276,1.25623,-2.0266,1.35798,-2.06613,1.49802,-1.7402,1.86786
-1.99913,1.25714,-2.04054,1.35253,-2.08317,1.49905,-1.75798,1.86539
-2.01574,1.25774,-2.05431,1.34679,-2.10046,1.49971,-1.77564,1.86256
-2.03229,1.25802,-2.0679,1.34077,-2.1177,1.49999,-1.79318,1.85936
-2.04816,1.25796,-2.08132,1.33445,-2.13422,1.49989,-1.81059,1.85579
-2.06431,1.25757,-2.09456,1.32785,-2.15104,1.4994,-1.82787,1.85186
-2.08049,1.25685,-2.10762,1.32096,-2.16789,1.49852,-1.845,1.84755
-2.0961,1.25582,-2.12051,1.31379,-2.18416,1.49729,-1.862,1.84286
-2.11219,1.25441,-2.13328,1.30621,-2.20092,1.49561,-1.8789,1.83767
-2.12762,1.25271,-2.14602,1.29803,-2.21701,1.4936,-1.89581,1.83176
-2.14288,1.2507,-2.15883,1.28907,-2.23292,1.49123,-1.91281,1.82491
-2.15846,1.2483,-2.17179,1.27916,-2.24916,1.48839,-1.92997,1.81696
-2.17337,1.24565,-2.18485,1.26836,-2.26472,1.48528,-1.94725,1.80795
-2.18849,1.24261,-2.19787,1.25696,-2.28049,1.48171,-1.96448,1.79821
-2.20351,1.23924,-2.21079,1.24503,-2.29616,1.47774,-1.98162,1.78783
-2.2181,1.2356,-2.2236,1.23253,-2.31138,1.47348,-1.99867,1.77676
-2.23294,1.23154,-2.23624,1.21956,-2.32688,1.46871,-2.01559,1.76512
-2.24702,1.22733,-2.24865,1.20626,-2.34158,1.46378,-2.0323,1.75306
-2.26147,1.22265,-2.26079,1.19268,-2.35667,1.45828,-2.04877,1.74064
-2.2755,1.21773,-2.27263,1.17889,-2.37133,1.45252,-2.06497,1.72794
-2.28951,1.21246,-2.28415,1.16494,-2.38597,1.44634,-2.08086,1.71501
-2.30347,1.20682,-2.29533,1.15085,-2.40056,1.43974,-2.09645,1.70189
-2.3171,1.20095,-2.30619,1.13662,-2.41481,1.43286,-2.11172,1.68857
-2.33066,1.19472,-2.31672,1.12226,-2.42899,1.42556,-2.12667,1.67506
-2.34404,1.1882,-2.32693,1.10776,-2.44298,1.41792,-2.1413,1.66134
-2.35746,1.18126,-2.33684,1.09311,-2.45703,1.40979,-2.1556,1.64742
-2.37036,1.17422,-2.34647,1.07831,-2.47054,1.40153,-2.16958,1.63328
-2.38326,1.16678,-2.35583,1.06336,-2.48405,1.39282,-2.18324,1.61893
-2.39613,1.15897,-2.36494,1.04827,-2.49753,1.38366,-2.19656,1.60436
-2.40872,1.15093,-2.37383,1.03304,-2.51071,1.37424,-2.20956,1.58957
-2.42107,1.14265,-2.38253,1.01767,-2.52365,1.36453,-2.22223,1.57456
-2.43358,1.13386,-2.39105,1.00217,-2.53677,1.35421,-2.23456,1.55932
-2.44547,1.1251,-2.39942,0.986549,-2.54924,1.34394,-2.24656,1.54385
-2.45759,1.11576,-2.40767,0.970808,-2.56196,1.33297,-2.25822,1.52815
-2.46943,1.10623,-2.41584,0.954972,-2.57438,1.32178,-2.26953,1.51224
-2.4811,1.09641,-2.42394,0.939057,-2.58664,1.31025,-2.28049,1.49612
-2.49262,1.0863,-2.43201,0.92308,-2.59874,1.29837,-2.29111,1.47981
-2.50383,1.07604,-2.44009,0.907062,-2.61052,1.28632,-2.30138,1.46331
-2.51506,1.06535,-2.44822,0.891014,-2.62232,1.27375,-2.3113,1.44661
-2.52601,1.05449,-2.45658,0.874854,-2.63384,1.26098,-2.32091,1.42959
-2.53696,1.04319,-2.46528,0.858523,-2.64535,1.24769,-2.33023,1.41212
-2.54763,1.03176,-2.47438,0.841954,-2.65658,1.23422,-2.3393,1.39408
-2.55805,1.02015,-2.48389,0.825053,-2.66754,1.22055,-2.34816,1.3753
-2.56838,1.00819,-2.49359,0.807823,-2.67842,1.20646,-2.35682,1.35579
-2.5787,0.995782,-2.50326,0.790355,-2.6893,1.19184,-2.36524,1.33567
-2.58853,0.983526,-2.51282,0.772647,-2.69966,1.17739,-2.37346,1.31489
-2.59852,0.970604,-2.52233,0.754745,-2.71019,1.16214,-2.38146,1.2935
-2.6081,0.957754,-2.53175,0.736774,-2.7203,1.14697,-2.3892,1.27168
-2.61766,0.94446,-2.54108,0.718802,-2.73038,1.13127,-2.39666,1.24958
-2.62734,0.930508,-2.55035,0.700809,-2.74059,1.11479,-2.40384,1.2272
-2.63626,0.917161,-2.55953,0.682856,-2.75002,1.09901,-2.41073,1.20464
-2.64519,0.903346,-2.56854,0.665036,-2.75945,1.08267,-2.41728,1.18204
-2.65394,0.889316,-2.57734,0.647399,-2.7687,1.06606,-2.42348,1.15948
-2.66266,0.874834,-2.58589,0.629963,-2.77792,1.04892,-2.42934,1.13701
-2.67109,0.860336,-2.59419,0.612735,-2.78683,1.03174,-2.43485,1.11464
-2.67933,0.845659,-2.60224,0.595712,-2.79555,1.01434,-2.44002,1.09239
-2.68758,0.830447,-2.61004,0.578889,-2.80428,0.9963,-2.44486,1.07026
-2.69551,0.815281,-2.61758,0.562253,-2.81269,0.978303,-2.44937,1.04826
-2.70331,0.799839,-2.62486,0.545792,-2.82095,0.959969,-2.45356,1.02638
-2.71102,0.784027,-2.63189,0.529486,-2.82912,0.941184,-2.45745,1.00465
-2.71838,0.768389,-2.63867,0.513313,-2.83693,0.922595,-2.46103,0.983035
-2.72569,0.752301,-2.64519,0.497248,-2.84468,0.903461,-2.46433,0.961552
-2.73279,0.736097,-2.65146,0.481264,-2.85221,0.884178,-2.46735,0.940193
-2.73961,0.719976,-2.65746,0.465336,-2.85945,0.864983,-2.47009,0.91896
-2.74648,0.703106,-2.66319,0.449436,-2.86675,0.844887,-2.47257,0.897854
-2.75298,0.686572,-2.66865,0.433538,-2.87365,0.825178,-2.47479,0.876878
-2.75943,0.669547,-2.67382,0.417609,-2.88051,0.804874,-2.47677,0.856031
-2.76569,0.652367,-2.6787,0.401621,-2.88717,0.784373,-2.47849,0.835318
-2.77171,0.635233,-2.68327,0.385551,-2.89356,0.763915,-2.47998,0.814741
-2.77755,0.617929,-2.68752,0.369375,-2.89978,0.743244,-2.48124,0.794304
-2.78325,0.600394,-2.69145,0.353076,-2.90585,0.722286,-2.48228,0.774011
-2.7888,0.582605,-2.69505,0.336637,-2.91176,0.701014,-2.48309,0.753868
-2.79414,0.564779,-2.6983,0.320049,-2.91745,0.679686,-2.48368,0.733881
-2.7993,0.546864,-2.7012,0.303303,-2.92294,0.65824,-2.48407,0.714054
-2.80425,0.52891,-2.70374,0.286393,-2.92822,0.636738,-2.48424,0.694391
-2.80903,0.510795,-2.70592,0.269316,-2.93332,0.615031,-2.48422,0.674897
-2.81368,0.492385,-2.70774,0.252072,-2.93828,0.592961,-2.48399,0.655575
-2.81816,0.473836,-2.70917,0.234663,-2.94305,0.570715,-2.48356,0.636428
-2.82238,0.455484,-2.71023,0.217094,-2.94756,0.548693,-2.48294,0.61746
-2.8265,0.436724,-2.7109,0.199372,-2.95196,0.526172,-2.48212,0.598674
-2.83041,0.41799,-2.71118,0.181504,-2.95613,0.503674,-2.4811,0.580069
-2.83419,0.398923,-2.71108,0.163498,-2.96017,0.480766,-2.4799,0.561647
-2.83774,0.380012,-2.71059,0.145362,-2.96396,0.458035,-2.47851,0.543405
-2.84107,0.361229,-2.70972,0.127105,-2.96753,0.435451,-2.47694,0.525342
-2.8443,0.341977,-2.70846,0.108738,-2.97097,0.412293,-2.4752,0.507457
-2.84732,0.32277,-2.70682,0.0902712,-2.97421,0.389183,-2.47327,0.489745
-2.8502,0.303273,-2.7048,0.0717139,-2.97728,0.365714,-2.47117,0.472205
-2.85285,0.284008,-2.70241,0.0530782,-2.98012,0.342518,-2.46889,0.454833
-2.85535,0.264514,-2.69963,0.034376,-2.98279,0.31904,-2.46644,0.437625
-2.85765,0.245065,-2.69648,0.015619,-2.98526,0.295608,-2.46383,0.42058
-2.85976,0.225682,-2.69296,-0.00318263,-2.98752,0.272251,-2.46104,0.403689
-2.86176,0.205575,-2.68908,-0.0220184,-2.98966,0.248015,-2.4581,0.386948
-2.8635,0.186321,-2.68484,-0.0408796,-2.99152,0.224801,-2.455,0.370348
-2.86508,0.166785,-2.68025,-0.059756,-2.99321,0.201243,-2.45174,0.35388
-2.86652,0.146782,-2.67531,-0.0786351,-2.99475,0.177118,-2.44832,0.337539
-2.86774,0.127156,-2.67002,-0.0975071,-2.99606,0.153444,-2.44474,0.321317
-2.8688,0.107307,-2.66441,-0.116362,-2.9972,0.129497,-2.44102,0.305205
-2.86968,0.0875435,-2.65847,-0.135185,-2.99814,0.10565,-2.43714,0.289197
-2.87038,0.0676071,-2.65221,-0.153962,-2.99889,0.0815925,-2.4331,0.27329
-2.8709,0.0477019,-2.64564,-0.172678,-2.99945,0.0575708,-2.42892,0.257479
-2.87124,0.0280718,-2.63877,-0.19132,-2.99981,0.0338801,-2.42458,0.241757
-2.8714,0.008092,-2.63162,-0.209874,-2.99998,0.00976634,-2.421,0.229241
-2.87139,-0.0119204,-2.62419,-0.228322,-2.99997,-0.0143869,-2.41544,0.210564
-2.87119,-0.0316432,-2.61649,-0.246652,-2.99976,-0.0381903,-2.41064,0.195085
-2.87081,-0.0517057,-2.60854,-0.264847,-2.99935,-0.0624028,-2.40569,0.179678
-2.87026,-0.0714318,-2.60035,-0.282888,-2.99876,-0.086208,-2.40056,0.164344
-2.86952,-0.0913753,-2.59192,-0.30076,-2.99797,-0.110274,-2.39527,0.149081
-2.86861,-0.111167,-2.58328,-0.318447,-2.99699,-0.134154,-2.38981,0.133886
-2.86751,-0.131065,-2.57445,-0.335936,-2.99582,-0.158159,-2.38418,0.118754
-2.86625,-0.150777,-2.56543,-0.353217,-2.99446,-0.181936,-2.37837,0.10368
-2.8648,-0.170413,-2.55625,-0.370274,-2.99291,-0.205619,-2.37239,0.0886632
-2.86318,-0.189996,-2.54694,-0.387096,-2.99118,-0.229232,-2.36623,0.0737005
-2.86136,-0.209832,-2.53752,-0.403675,-2.98922,-0.253146,-2.3599,0.0587852
-2.8594,-0.229129,-2.52801,-0.420004,-2.98713,-0.276405,-2.3534,0.0439125
-2.85718,-0.249184,-2.51845,-0.436073,-2.98475,-0.300572,-2.34672,0.0290784
-2.85482,-0.268768,-2.50887,-0.451876,-2.98222,-0.324163,-2.33986,0.0142802
-2.85225,-0.288461,-2.49929,-0.467404,-2.97948,-0.347881,-2.33282,-0.00048375
-2.84965,-0.307101,-2.48975,-0.482652,-2.97669,-0.370323,-2.32561,-0.0152162
-2.84671,-0.326739,-2.48029,-0.497619,-2.97355,-0.393959,-2.31822,-0.0299223
-2.84354,-0.346624,-2.47094,-0.512306,-2.97016,-0.417884,-2.31065,-0.044603
-2.84015,-0.366544,-2.46173,-0.52672,-2.96654,-0.441843,-2.30291,-0.0592607
-2.83697,-0.384184,-2.45267,-0.540871,-2.96314,-0.463051,-2.29498,-0.0739033
-2.83341,-0.402953,-2.4438,-0.554774,-2.95933,-0.485609,-2.28687,-0.0885369
-2.82963,-0.421814,-2.43513,-0.568444,-2.9553,-0.508267,-2.27859,-0.103166
-2.82562,-0.440801,-2.42667,-0.581899,-2.95102,-0.531068,-2.27015,-0.117797
-2.82133,-0.460154,-2.41843,-0.595159,-2.94644,-0.554297,-2.26153,-0.132435
-2.81719,-0.477905,-2.41039,-0.608242,-2.94202,-0.575595,-2.25276,-0.147083
-2.81275,-0.49612,-2.40256,-0.621163,-2.93729,-0.59744,-2.24382,-0.161742
-2.80816,-0.514153,-2.39492,-0.633936,-2.93239,-0.619055,-2.23473,-0.176413
-2.80328,-0.532479,-2.38744,-0.646572,-2.92718,-0.641013,-2.22549,-0.191094
-2.79825,-0.550558,-2.38011,-0.659082,-2.92183,-0.662663,-2.2161,-0.205781
-2.79297,-0.56875,-2.37291,-0.671473,-2.9162,-0.684437,-2.20657,-0.220471
-2.78766,-0.586323,-2.36581,-0.683757,-2.91054,-0.70546,-2.1969,-0.235166
-2.78197,-0.604392,-2.36019,-0.693512,-2.90449,-0.727065,-2.18907,-0.246923
-2.77625,-0.621849,-2.35183,-0.708028,-2.8984,-0.747928,-2.17718,-0.264558
-2.7705,-0.638736,-2.3449,-0.720019,-2.89228,-0.768099,-2.16714,-0.279245
-2.76379,-0.657665,-2.33797,-0.731913,-2.88514,-0.790695,-2.15697,-0.293918
-2.75797,-0.67346,-2.33102,-0.74371,-2.87895,-0.809541,-2.14669,-0.308571
-2.7517,-0.689873,-2.32471,-0.754241,-2.8723,-0.829114,-2.13734,-0.321736
-2.74497,-0.706869,-2.31763,-0.765841,-2.86515,-0.84937,-2.12684,-0.336327
-2.7383,-0.72311,-2.31044,-0.777329,-2.85806,-0.868716,-2.11942,-0.346514
-2.73139,-0.73935,-2.30314,-0.7887,-2.85072,-0.888051,-2.10551,-0.365361
-2.72418,-0.755672,-2.29569,-0.799949,-2.84308,-0.907471,-2.09467,-0.379787
-2.71689,-0.771594,-2.28807,-0.811067,-2.83535,-0.926406,-2.08374,-0.394138
-2.7095,-0.787186,-2.28027,-0.822046,-2.82751,-0.944937,-2.07269,-0.408404
-2.70181,-0.802851,-2.27228,-0.832879,-2.81936,-0.963546,-2.06154,-0.422574
-2.69379,-0.818621,-2.26406,-0.84356,-2.81086,-0.982268,-2.05029,-0.436641
-2.68602,-0.833365,-2.25562,-0.85408,-2.80263,-0.999761,-2.03894,-0.450596
-2.67771,-0.848581,-2.24694,-0.864435,-2.79384,-1.01781,-2.02749,-0.464431
-2.66932,-0.863419,-2.238,-0.874615,-2.78496,-1.03539,-2.01595,-0.478137
-2.66083,-0.877914,-2.22879,-0.884614,-2.77598,-1.05256,-2.0043,-0.491707
-2.6521,-0.892305,-2.21931,-0.894425,-2.76675,-1.0696,-1.99256,-0.505133
-2.6434,-0.906154,-2.20953,-0.904042,-2.75756,-1.08599,-1.98071,-0.518409
-2.63428,-0.92016,-2.19946,-0.913454,-2.74793,-1.10255,-1.96876,-0.531528
-2.6251,-0.933787,-2.18907,-0.922655,-2.73823,-1.11866,-1.95671,-0.544483
-2.61577,-0.947134,-2.17837,-0.931636,-2.72838,-1.13443,-1.94456,-0.557265
-2.60599,-0.960624,-2.16735,-0.940385,-2.71807,-1.15036,-1.93231,-0.56987
-2.59651,-0.97325,-2.15599,-0.948895,-2.70807,-1.16526,-1.91995,-0.582288
-2.58645,-0.986158,-2.1443,-0.957153,-2.69747,-1.18049,-1.90748,-0.594513
-2.57656,-0.998396,-2.13227,-0.965149,-2.68704,-1.19492,-1.89491,-0.606538
-2.56611,-1.01085,-2.11988,-0.972871,-2.67604,-1.2096,-1.88222,-0.618357
-2.55585,-1.02263,-2.10715,-0.980308,-2.66523,-1.22347,-1.86942,-0.629965
-2.54545,-1.03412,-2.09406,-0.987452,-2.65429,-1.23701,-1.85651,-0.641359
-2.53427,-1.04601,-2.08061,-0.994292,-2.64253,-1.251,-1.84348,-0.652534
-2.52377,-1.05675,-2.06681,-1.00082,-2.63147,-1.26364,-1.83035,-0.663488
-2.51235,-1.06797,-2.05693,-1.00519,-2.61947,-1.27683,-1.8171,-0.674219
-2.50125,-1.07844,-2.03814,-1.01288,-2.60781,-1.28914,-1.80375,-0.684725
-2.49013,-1.08852,-2.02326,-1.0184,-2.59613,-1.30098,-1.79028,-0.695007
-2.47851,-1.09862,-2.00803,-1.02356,-2.58392,-1.31285,-1.7767,-0.705063
-2.4669,-1.10829,-1.99244,-1.02834,-2.57174,-1.32421,-1.76301,-0.714895
-2.45489,-1.11787,-1.97649,-1.03274,-2.55913,-1.33546,-1.74921,-0.724503
-2.4431,-1.12687,-1.96184,-1.03636,-2.54676,-1.34602,-1.7367,-0.732958
-2.43091,-1.13577,-1.94523,-1.03997,-2.53398,-1.35645,-1.7227,-0.742135
-2.41831,-1.14453,-1.92828,-1.04315,-2.52077,-1.36673,-1.71284,-0.748422
-2.40594,-1.15274,-1.91448,-1.04535,-2.5078,-1.37635,-1.69723,-0.758072
-2.3936,-1.16054,-1.89694,-1.04767,-2.49487,-1.3855,-1.68292,-0.7666
-2.38053,-1.16839,-1.87909,-1.04948,-2.48119,-1.3947,-1.66851,-0.774894
-2.36743,-1.17585,-1.86095,-1.05077,-2.46747,-1.40345,-1.654,-0.782958
-2.35433,-1.18292,-1.8444,-1.05147,-2.45375,-1.41173,-1.64084,-0.790019
-2.34118,-1.18962,-1.82578,-1.05172,-2.44,-1.41959,-1.62613,-0.797647
-2.3279,-1.19602,-1.80695,-1.0514,-2.4261,-1.42708,-1.61132,-0.80505
-2.31423,-1.20222,-1.78794,-1.05049,-2.41181,-1.43434,-1.59641,-0.812226
-2.30071,-1.20797,-1.76877,-1.04898,-2.39767,-1.44108,-1.58141,-0.819176
-2.28617,-1.21375,-1.74949,-1.04687,-2.38248,-1.44786,-1.56631,-0.825899
-2.27223,-1.21891,-1.73011,-1.04415,-2.36791,-1.4539,-1.55111,-0.832394
-2.2585,-1.22364,-1.71068,-1.04083,-2.35357,-1.45945,-1.53582,-0.838659
-2.24412,-1.22823,-1.69121,-1.03692,-2.33855,-1.46482,-1.52045,-0.844697
-2.22992,-1.2324,-1.67176,-1.03243,-2.32373,-1.46971,-1.50498,-0.850505
-2.215,-1.23641,-1.65234,-1.02738,-2.30814,-1.47442,-1.48944,-0.856082
-2.19983,-1.2401,-1.63299,-1.0218,-2.29232,-1.47875,-1.47381,-0.861426
-2.18557,-1.24323,-1.61375,-1.01572,-2.27745,-1.48243,-1.4581,-0.86653
-2.17033,-1.24622,-1.59463,-1.00916,-2.26154,-1.48595,-1.4423,-0.871386
-2.155,-1.24886,-1.57568,-1.00218,-2.24556,-1.48906,-1.42643,-0.875987
-2.13972,-1.25115,-1.55692,-0.994804,-2.22963,-1.49175,-1.41047,-0.880323
-2.1244,-1.25309,-1.53838,-0.987092,-2.21365,-1.49405,-1.39443,-0.88438
-2.10883,-1.25473,-1.52008,-0.979091,-2.19743,-1.49599,-1.3783,-0.888148
-2.09286,-1.25606,-1.50203,-0.970859,-2.18078,-1.49757,-1.36209,-0.891616
-2.07712,-1.25703,-1.48427,-0.962447,-2.16439,-1.49874,-1.34579,-0.894771
-2.06128,-1.25767,-1.46678,-0.953903,-2.14789,-1.49952,-1.3294,-0.897601
-2.0445,-1.258,-1.44957,-0.945275,-2.13041,-1.49994,-1.31788,-0.899381
-2.02876,-1.25799,-1.43263,-0.936604,-2.11402,-1.49996,-1.29636,-0.902231
-2.01255,-1.25765,-1.41594,-0.927932,-2.09715,-1.49961,-1.2797,-0.904009
-1.99587,-1.25698,-1.39949,-0.919297,-2.07978,-1.49887,-1.26295,-0.905418
-1.97927,-1.25599,-1.38323,-0.910729,-2.0625,-1.49776,-1.2461,-0.906448
-1.96238,-1.25466,-1.36714,-0.902253,-2.04493,-1.49624,-1.22916,-0.907095
-1.94548,-1.25301,-1.35119,-0.893889,-2.02734,-1.49436,-1.21213,-0.907353
-1.92838,-1.25102,-1.33532,-0.885652,-2.00955,-1.49208,-1.19499,-0.907216
-1.91094,-1.24867,-1.31952,-0.877551,-1.9914,-1.48939,-1.17777,-0.90668
-1.8941,-1.24611,-1.30375,-0.869596,-1.97388,-1.48644,-1.16044,-0.905741
-1.87631,-1.24308,-1.28797,-0.861789,-1.95539,-1.48295,-1.14302,-0.904397
-1.85849,-1.23974,-1.27216,-0.854134,-1.93685,-1.4791,-1.12549,-0.902647
-1.84093,-1.23614,-1.26106,-0.848865,-1.91858,-1.47495,-1.11317,-0.901179
-1.82341,-1.23226,-1.24672,-0.842197,-1.90037,-1.47046,-1.09726,-0.898999
-1.80534,-1.22797,-1.22585,-0.832762,-1.88159,-1.4655,-1.07414,-0.895268
-1.78735,-1.22339,-1.20964,-0.825646,-1.86288,-1.4602,-1.05624,-0.89193
-1.76927,-1.21851,-1.19326,-0.818641,-1.84408,-1.45455,-1.04366,-0.889351
-1.75107,-1.21331,-1.17669,-0.811731,-1.82516,-1.44852,-1.02018,-0.884032
-1.73203,-1.20757,-1.15992,-0.804892,-1.80537,-1.44187,-1.00201,-0.879471
-1.71376,-1.20178,-1.14292,-0.798104,-1.78638,-1.43515,-0.983757,-0.874502
-1.69493,-1.19554,-1.12568,-0.791341,-1.76681,-1.4279,-0.965422,-0.869125
-1.67602,-1.18899,-1.10819,-0.78458,-1.74716,-1.42029,-0.95254,-0.86512
-1.65735,-1.18225,-1.09401,-0.779152,-1.72775,-1.41245,-0.932221,-0.858426
-1.63876,-1.17528,-1.07605,-0.77232,-1.70843,-1.40434,-0.913671,-0.85192
-1.61942,-1.16775,-1.05782,-0.765407,-1.68833,-1.39559,-0.89505,-0.845015
-1.60073,-1.16023,-1.03933,-0.758383,-1.6689,-1.38683,-0.876362,-0.837716
-1.58132,-1.15216,-1.02057,-0.751218,-1.64872,-1.37742,-0.857612,-0.830022
-1.56215,-1.14393,-1.00156,-0.74388,-1.6288,-1.36783,-0.838801,-0.821937
-1.54251,-1.13525,-0.982293,-0.736341,-1.60839,-1.3577,-0.81993,-0.81346
-1.5234,-1.12656,-0.962785,-0.728574,-1.58853,-1.34756,-0.801002,-0.804593
-1.50331,-1.11717,-0.94305,-0.720556,-1.56765,-1.33659,-0.782023,-0.795338
-1.48333,-1.10758,-0.9231,-0.712261,-1.54688,-1.32539,-0.762992,-0.785698
-1.46364,-1.0979,-0.902954,-0.703672,-1.52641,-1.31406,-0.743913,-0.775675
-1.44383,-1.08792,-0.882629,-0.69477,-1.50582,-1.30239,-0.724786,-0.765273
-1.42396,-1.07769,-0.862142,-0.68554,-1.48517,-1.29041,-0.705612,-0.754496
-1.4041,-1.06723,-0.841515,-0.675971,-1.46452,-1.27816,-0.686392,-0.743349
-1.38349,-1.05614,-0.820768,-0.666056,-1.44309,-1.26516,-0.667126,-0.731836
-1.36339,-1.04512,-0.79992,-0.655791,-1.42219,-1.25223,-0.647813,-0.719963
-1.34267,-1.03353,-0.778991,-0.645173,-1.40065,-1.23862,-0.628455,-0.707737
-1.32244,-1.02199,-0.757999,-0.634202,-1.37962,-1.22508,-0.609047,-0.695161
-1.30235,-1.01034,-0.736961,-0.62288,-1.35872,-1.21138,-0.589591,-0.682241
-1.28131,-0.997919,-0.715892,-0.611211,-1.33684,-1.19678,-0.570084,-0.668981
-1.2605,-0.985424,-0.69481,-0.599201,-1.3152,-1.18207,-0.550526,-0.655387
-1.24003,-0.972941,-0.673728,-0.586856,-1.29391,-1.16737,-0.530917,-0.641461
-1.21832,-0.95949,-0.65266,-0.574182,-1.27132,-1.15152,-0.511257,-0.627208
-1.1985,-0.947025,-0.631617,-0.561191,-1.2507,-1.13683,-0.491545,-0.612633
-1.17666,-0.933097,-0.610611,-0.547892,-1.22798,-1.12039,-0.471781,-0.597739
-1.15639,-0.91999,-0.589648,-0.534296,-1.20688,-1.10491,-0.451965,-0.582531
-1.13513,-0.906063,-0.568735,-0.520415,-1.18476,-1.08846,-0.432095,-0.567012
-1.11009,-0.889425,-0.547876,-0.50626,-1.1587,-1.06878,-0.412171,-0.551188
-1.09272,-0.877744,-0.527076,-0.491845,-1.14062,-1.05496,-0.392192,-0.535062
-1.07132,-0.863195,-0.506337,-0.477182,-1.11835,-1.03774,-0.372158,-0.51864
-1.04966,-0.848295,-0.485661,-0.462283,-1.0958,-1.02008,-0.352068,-0.501924
-1.02869,-0.833709,-0.46505,-0.447161,-1.07396,-1.00279,-0.331925,-0.48492
-1.00663,-0.818201,-0.444504,-0.431829,-1.05099,-0.984385,-0.311728,-0.467633
-0.985207,-0.802979,-0.424023,-0.416299,-1.02868,-0.966312,-0.291479,-0.450069
-0.963486,-0.787395,-0.403605,-0.400585,-1.00605,-0.947794,-0.27118,-0.432233
-0.941474,-0.771447,-0.383252,-0.384702,-0.983119,-0.928831,-0.250834,-0.414134
-0.920082,-0.755806,-0.36296,-0.368659,-0.960832,-0.910219,-0.230442,-0.395776
-0.898302,-0.739739,-0.342724,-0.352464,-0.938138,-0.891088,-0.210004,-0.377163
-0.87629,-0.72336,-0.322539,-0.336128,-0.915198,-0.871571,-0.189521,-0.358299
-0.854369,-0.706912,-0.302401,-0.319659,-0.89235,-0.85196,-0.168993,-0.339189
-0.832411,-0.690306,-0.282306,-0.303064,-0.869461,-0.832145,-0.148423,-0.319837
-0.810304,-0.673456,-0.262246,-0.286349,-0.846413,-0.812027,-0.12781,-0.300247
-0.788179,-0.656469,-0.242218,-0.269522,-0.823344,-0.791729,-0.107156,-0.280425
-0.766133,-0.639421,-0.222218,-0.252592,-0.800354,-0.771347,-0.0864651,-0.260378
-0.743795,-0.622029,-0.202241,-0.235566,-0.777058,-0.750539,-0.0657395,-0.240111
-0.721721,-0.604728,-0.18428,-0.220165,-0.754033,-0.729827,-0.0470588,-0.221688
-0.699608,-0.587288,-0.164339,-0.202972,-0.730964,-0.708935,-0.0262745,-0.201021
-0.676649,-0.56907,-0.14441,-0.1857,-0.707011,-0.687097,-0.00546338,-0.180151
-0.654653,-0.551514,-0.124489,-0.168352,-0.684059,-0.666038,0.0153732,-0.159085
-0.632011,-0.533342,-0.10457,-0.150933,-0.66043,-0.644228,0.0362335,-0.137828
-0.609669,-0.515314,-0.0846489,-0.133444,-0.637111,-0.622578,0.0571159,-0.116383
-0.587242,-0.497126,-0.0647222,-0.115889,-0.613701,-0.600722,0.0780183,-0.0947566
-0.564725,-0.478776,-0.0447879,-0.0982744,-0.590194,-0.57866,0.0989363,-0.0729569
-0.542226,-0.460354,-0.0248425,-0.0806021,-0.566703,-0.5565,0.119868,-0.0509894
-0.519598,-0.441746,-0.00488254,-0.0628757,-0.543075,-0.534102,0.140812,-0.0288604
-0.496895,-0.422997,0.0150946,-0.0450986,-0.519366,-0.511524,0.161765,-0.00657649
-0.47437,-0.404321,0.0350927,-0.0272743,-0.495841,-0.489021,0.182726,0.0158555
-0.451033,-0.384897,0.055115,-0.00940538,-0.471465,-0.465606,0.203693,0.0384293
-0.428987,-0.366481,0.0751635,0.00850525,-0.448434,-0.443396,0.224665,0.061138
-0.405914,-0.347143,0.0952414,0.0264566,-0.424329,-0.420063,0.245639,0.083977
-0.382975,-0.327854,0.115353,0.044449,-0.400361,-0.39678,0.266616,0.106942
-0.360863,-0.309207,0.135502,0.0624818,-0.377257,-0.374262,0.287596,0.130029
-0.337935,-0.289818,0.15569,0.0805527,-0.353297,-0.350838,0.308576,0.153232
-0.315159,-0.270507,0.175917,0.0986558,-0.329494,-0.327501,0.329553,0.17654
-0.292365,-0.251134,0.196183,0.116786,-0.305671,-0.30408,0.350524,0.199944
-0.269343,-0.231523,0.216486,0.134939,-0.281608,-0.280364,0.371486,0.223435
-0.246583,-0.212095,0.236827,0.153111,-0.257817,-0.256863,0.392436,0.247006
-0.223621,-0.192458,0.257207,0.171298,-0.233813,-0.233101,0.413373,0.270651
-0.200469,-0.172625,0.277626,0.1895,-0.20961,-0.209097,0.434296,0.294364
-0.176855,-0.152365,0.298084,0.207715,-0.184922,-0.18457,0.455202,0.318139
-0.155153,-0.13372,0.318578,0.225939,-0.162231,-0.161994,0.476089,0.341971
-0.131851,-0.113678,0.33911,0.244171,-0.137868,-0.137722,0.496955,0.365852
-0.108591,-0.0936526,0.359677,0.262404,-0.113548,-0.113466,0.517799,0.389774
-0.0866661,-0.0747614,0.380278,0.280633,-0.0906229,-0.0905816,0.538619,0.413728
-0.063584,-0.0548603,0.400914,0.298854,-0.0664875,-0.0664711,0.559414,0.437707
-0.0408433,-0.0352441,0.421582,0.317062,-0.0427085,-0.0427042,0.580183,0.461704
-0.0177128,-0.0152857,0.442283,0.335255,-0.0185217,-0.0185214,0.600925,0.485711
0.00510423,0.00440489,0.463014,0.353425,0.00533734,0.00533733,0.621638,0.509721
0.0281775,0.0243158,0.483775,0.371571,0.0294643,0.0294629,0.642323,0.533728
0.0510258,0.0440284,0.504564,0.389688,0.0533559,0.0533475,0.662979,0.557726
0.0764443,0.0659497,0.52538,0.407773,0.0799347,0.0799063,0.683605,0.581707
0.0970713,0.0837287,0.546223,0.42582,0.101503,0.101445,0.704201,0.605666
0.120031,0.103504,0.56709,0.443825,0.12551,0.1254,0.724767,0.629594
0.14308,0.12334,0.587983,0.461783,0.149609,0.149423,0.745305,0.653485
0.165892,0.142949,0.608902,0.479691,0.17346,0.17317,0.765815,0.677333
0.188845,0.162656,0.629842,0.497541,0.197457,0.197029,0.786298,0.701129
0.211848,0.182377,0.650804,0.515326,0.221506,0.220901,0.806752,0.724865
0.234539,0.201799,0.671785,0.533038,0.245226,0.244405,0.827178,0.748529
0.257237,0.221194,0.692783,0.55067,0.268954,0.267871,0.847576,0.772113
0.280324,0.240882,0.713799,0.568216,0.293085,0.291683,0.867948,0.795609
0.303035,0.260208,0.734833,0.585675,0.316822,0.315051,0.888298,0.819015
0.325743,0.279487,0.755883,0.603041,0.340556,0.338354,0.908627,0.842323
0.348668,0.298901,0.776948,0.620305,0.364513,0.361812,0.928934,0.865522
0.371455,0.318146,0.798026,0.637461,0.388325,0.385058,0.949222,0.888604
0.394215,0.337313,0.819115,0.654499,0.412106,0.408199,0.96949,0.911559
0.417284,0.35668,0.840209,0.671409,0.436208,0.431572,0.989736,0.934373
0.439508,0.375277,0.861306,0.688183,0.459425,0.454006,1.00996,0.957038
0.462357,0.394331,0.882402,0.704813,0.483293,0.47698,1.03017,0.979543
0.485275,0.413371,0.903495,0.721291,0.50723,0.499927,1.05035,1.00188
0.507776,0.431993,0.924582,0.737615,0.53073,0.522359,1.07052,1.02404
0.530506,0.450727,0.94566,0.753777,0.554466,0.544913,1.09067,1.04602
0.55297,0.469162,0.966723,0.769772,0.577921,0.567096,1.1108,1.0678
0.576054,0.488019,0.98777,0.785595,0.602022,0.589775,1.13091,1.08939
0.598218,0.506038,1.0088,0.801246,0.625158,0.611434,1.151,1.11077
0.620671,0.524203,1.0298,0.816718,0.648594,0.633255,1.17108,1.13193
0.643567,0.542629,1.05078,0.832006,0.67249,0.655376,1.19115,1.15288
0.665222,0.559962,1.07173,0.847102,0.695088,0.676173,1.2112,1.17359
0.687872,0.577989,1.09265,0.862004,0.71872,0.69779,1.23124,1.19407
0.710222,0.595672,1.11352,0.876708,0.742037,0.71898,1.25126,1.2143
0.732616,0.613281,1.13436,0.891209,0.765398,0.740068,1.27127,1.23428
0.75506,0.630814,1.15514,0.905503,0.788807,0.761051,1.29126,1.254
0.776584,0.647517,1.17588,0.919588,0.811253,0.781028,1.31124,1.27345
0.799414,0.665111,1.19657,0.933459,0.835059,0.802057,1.33121,1.29263
0.821378,0.681912,1.2172,0.947114,0.857959,0.822125,1.35116,1.31154
0.844703,0.699618,1.23778,0.960549,0.882274,0.843258,1.3711,1.33016
0.865087,0.71497,1.2583,0.973759,0.903521,0.86157,1.39104,1.34848
0.887358,0.731612,1.27875,0.98674,0.926732,0.881406,1.41097,1.36651
0.909159,0.747766,1.29915,0.99949,0.949451,0.900647,1.43088,1.38423
0.930692,0.763581,1.31948,1.01201,0.971886,0.919473,1.45079,1.40164
0.952365,0.779357,1.33975,1.02429,0.994466,0.938238,1.4707,1.41873
0.974365,0.79522,1.35995,1.03633,1.01738,0.957093,1.4906,1.43551
0.995822,0.81054,1.38007,1.04812,1.03973,0.97529,1.51049,1.45195
1.01741,0.825797,1.40013,1.05968,1.06221,0.9934,1.53037,1.46807
1.03892,0.840839,1.42012,1.07098,1.08461,1.01124,1.55026,1.48384
1.06091,0.856051,1.44003,1.08203,1.1075,1.02927,1.57014,1.49928
1.08194,0.870437,1.45987,1.09284,1.1294,1.04631,1.59001,1.51437
1.10314,0.884767,1.47964,1.10339,1.15147,1.06327,1.60988,1.52911
1.12461,0.899106,1.49933,1.11368,1.17382,1.08023,1.62975,1.5435
1.14542,0.912829,1.51894,1.12371,1.19547,1.09645,1.64962,1.55753
1.16693,0.926827,1.53846,1.13347,1.21785,1.11299,1.66947,1.57119
1.18837,0.940592,1.5579,1.14297,1.24016,1.12924,1.68932,1.58448
1.20846,0.953313,1.57725,1.15219,1.26107,1.14424,1.70916,1.59739
1.23001,0.966758,1.59652,1.16114,1.28348,1.16009,1.72899,1.60992
1.2503,0.979227,1.6157,1.16981,1.30459,1.17478,1.74881,1.62207
1.27142,0.992004,1.6348,1.17821,1.32655,1.18982,1.76862,1.63383
1.29191,1.0042,1.6538,1.18632,1.34786,1.20416,1.78843,1.64521
1.31244,1.01622,1.67272,1.19415,1.36922,1.21829,1.80822,1.65618
1.33362,1.02839,1.69154,1.20169,1.39124,1.23259,1.828,1.66676
1.35336,1.03953,1.71028,1.20895,1.41177,1.24568,1.84777,1.67694
1.3741,1.05102,1.72892,1.21592,1.43333,1.25916,1.86754,1.68673
1.39417,1.06192,1.74748,1.2226,1.45419,1.27193,1.88729,1.69611
1.41385,1.07239,1.76594,1.22899,1.47466,1.2842,1.90702,1.70508
1.43472,1.08326,1.78248,1.2345,1.49635,1.29693,1.92478,1.71282
1.45394,1.09304,1.80077,1.24034,1.51633,1.30838,1.94449,1.72102
1.47386,1.10295,1.81897,1.24589,1.53703,1.31997,1.96419,1.72882
1.49375,1.11262,1.83707,1.25113,1.55772,1.33127,1.98387,1.73619
1.51367,1.12204,1.85507,1.25608,1.57841,1.34228,2.00353,1.74315
1.53314,1.13102,1.87297,1.26072,1.59866,1.35276,2.02316,1.74968
1.55239,1.13965,1.89077,1.26504,1.61866,1.36283,2.04277,1.75577
1.57182,1.14811,1.90845,1.26904,1.63885,1.3727,2.06234,1.76142
1.59114,1.15627,1.92603,1.27272,1.65893,1.38222,2.08188,1.76663
1.6103,1.16412,1.94349,1.27606,1.67885,1.39135,2.10139,1.77139
1.63004,1.17192,1.96084,1.27908,1.69936,1.40043,2.12085,1.7757
1.64859,1.17899,1.97807,1.28177,1.71864,1.40867,2.14026,1.77956
1.66705,1.18578,1.99518,1.28413,1.73783,1.41656,2.15963,1.78298
1.686,1.19248,2.01216,1.28617,1.75753,1.42434,2.17895,1.78596
1.70487,1.19887,2.02903,1.28788,1.77714,1.43177,2.19821,1.7885
1.72347,1.20489,2.04577,1.28926,1.79647,1.43876,2.21741,1.79059
1.74148,1.21046,2.06238,1.29031,1.81519,1.44521,2.23655,1.79223
1.75988,1.21587,2.07887,1.29104,1.83433,1.45148,2.25563,1.79344
1.77828,1.22098,2.09523,1.29144,1.85345,1.45741,2.27464,1.79421
1.79644,1.22574,2.11146,1.29152,1.87232,1.46292,2.29358,1.79453
1.81466,1.23022,2.12756,1.29126,1.89127,1.4681,2.31245,1.79442
1.83216,1.23424,2.14353,1.29068,1.90947,1.47274,2.33125,1.79388
1.84987,1.23801,2.15937,1.28978,1.92789,1.4771,2.34996,1.79291
1.86765,1.2415,2.17509,1.28856,1.94638,1.48113,2.3686,1.7915
1.88492,1.24459,2.19067,1.28701,1.96433,1.48469,2.38715,1.78968
1.90256,1.24743,2.20613,1.28515,1.98268,1.48796,2.40562,1.78743
1.91952,1.24987,2.22146,1.28297,2.00032,1.49076,2.424,1.78476
1.93673,1.25203,2.23665,1.28047,2.01824,1.49324,2.44228,1.78168
1.95386,1.25387,2.25171,1.27766,2.03606,1.49534,2.46046,1.77818
1.97055,1.25534,2.26663,1.27454,2.05343,1.49702,2.47854,1.77428
1.98765,1.25653,2.28143,1.2711,2.07123,1.49837,2.49651,1.76998
2.00391,1.25735,2.29608,1.26734,2.08814,1.49928,2.51437,1.76527
2.0205,1.25786,2.3106,1.26328,2.10542,1.49983,2.53212,1.76017
2.03704,1.25803,2.32498,1.25891,2.12264,1.5,2.54974,1.75467
2.05295,1.25788,2.33922,1.25423,2.13921,1.49978,2.56724,1.74879
2.06926,1.25739,2.35191,1.24976,2.1562,1.49918,2.58288,1.74317
2.0852,1.25657,2.36588,1.2445,2.17281,1.49819,2.60012,1.73656
2.10085,1.25544,2.3797,1.23895,2.18912,1.49683,2.61723,1.72959
2.11672,1.25394,2.39338,1.2331,2.20565,1.49506,2.63421,1.72225
2.1323,1.25213,2.40692,1.22695,2.22189,1.49292,2.65104,1.71455
2.14768,1.25,2.42032,1.22051,2.23792,1.4904,2.66273,1.70895
2.1628,1.24756,2.43358,1.21378,2.25369,1.48753,2.68426,1.6981
2.17797,1.24476,2.44669,1.20676,2.26952,1.48424,2.70064,1.68936
2.19319,1.2416,2.45966,1.19945,2.28539,1.48051,2.71686,1.68028
2.2078,1.23821,2.47248,1.19187,2.30063,1.47653,2.73292,1.67088
2.22273,1.23437,2.48515,1.184,2.31622,1.47203,2.74881,1.66116
2.2372,1.2303,2.49767,1.17585,2.33132,1.46726,2.76454,1.65112
2.25158,1.2259,2.51005,1.16741,2.34634,1.46209,2.78009,1.64077
2.26587,1.22115,2.52228,1.15871,2.36126,1.45652,2.79547,1.63011
2.27985,1.21614,2.53436,1.14972,2.37587,1.45065,2.81068,1.61916
2.29373,1.21079,2.5463,1.14046,2.39038,1.44439,2.82571,1.60791
2.30751,1.20512,2.55808,1.13093,2.40478,1.43775,2.84055,1.59637
2.32124,1.19909,2.56972,1.12114,2.41914,1.43068,2.85522,1.58456
2.3349,1.1927,2.58121,1.11107,2.43343,1.42319,2.8697,1.57248
2.34805,1.18617,2.59254,1.10075,2.44719,1.41554,2.88399,1.56013
2.36181,1.17893,2.60372,1.09017,2.46159,1.40705,2.89808,1.54753
2.37424,1.17202,2.61475,1.07933,2.47459,1.39896,2.91198,1.53468
2.38713,1.16448,2.62237,1.0716,2.48809,1.39012,2.92159,1.52554
2.40001,1.15653,2.63313,1.06034,2.50159,1.38081,2.93515,1.51229
2.41243,1.14849,2.64373,1.04884,2.5146,1.37137,2.94852,1.4988
2.42509,1.13987,2.65418,1.03709,2.52788,1.36126,2.96168,1.4851
2.43711,1.13129,2.66446,1.0251,2.54048,1.3512,2.97465,1.47118
2.44922,1.12225,2.67459,1.01288,2.55318,1.3406,2.98741,1.45705
2.46107,1.113,2.68457,1.00041,2.56561,1.32973,2.99996,1.44271
2.47296,1.1033,2.69437,0.987714,2.57809,1.31835,3.0123,1.42818
2.48464,1.09335,2.70211,0.97739,2.59035,1.30666,3.02203,1.41641
2.49597,1.08327,2.71162,0.964281,2.60226,1.29482,3.034,1.40154
2.50715,1.07293,2.72283,0.948254,2.614,1.28267,3.04576,1.38649
2.51835,1.06213,2.73198,0.934656,2.62578,1.26996,3.05959,1.36819
2.52933,1.05112,2.74098,0.920847,2.63732,1.25701,3.07089,1.35277
2.54016,1.03981,2.74718,0.911055,2.64872,1.2437,3.07867,1.34188
2.55073,1.02835,2.75589,0.896893,2.65984,1.23021,3.08961,1.32619
2.5612,1.01655,2.76445,0.882529,2.67086,1.21631,3.10035,1.31035
2.57157,1.0044,2.77283,0.867966,2.68179,1.202,3.11087,1.29437
2.58166,0.99214,2.78105,0.853208,2.69242,1.18754,3.12118,1.27824
2.59227,0.97875,2.7891,0.838257,2.7036,1.17175,3.13128,1.26199
2.60142,0.966763,2.79697,0.823114,2.71325,1.15761,3.14116,1.2456
2.61117,0.953548,2.80161,0.813937,2.72353,1.14201,3.14699,1.2357
2.6206,0.940274,2.80995,0.796941,2.73349,1.12633,3.15558,1.22077
2.62988,0.926758,2.81735,0.7813,2.74328,1.11035,3.16677,1.2007
2.63924,0.912609,2.82315,0.768661,2.75316,1.09362,3.17315,1.18892
2.64787,0.899105,2.82952,0.754311,2.76228,1.07765,3.18208,1.17199
2.65709,0.884148,2.83644,0.73821,2.77203,1.05994,3.1908,1.15496
2.6658,0.869499,2.83982,0.730098,2.78123,1.0426,3.19337,1.14983
2.67435,0.854586,2.84117,0.726842,2.79029,1.02492,3.19677,1.14297
2.68237,0.840112,2.84712,0.71211,2.79877,1.00776,3.20429,1.12749
2.69015,0.825588,2.85229,0.698906,2.80701,0.990536,3.21083,1.11365
2.69802,0.810382,2.8586,0.682253,2.81534,0.972488,3.21882,1.09625
2.70595,0.7945,2.86472,0.665435,2.82374,0.953626,3.22659,1.07875
2.7134,0.779027,2.87064,0.648451,2.83165,0.935241,3.23413,1.06115
2.72087,0.762981,2.87638,0.631304,2.83956,0.916164,3.24145,1.04343
2.72801,0.747075,2.88028,0.619207,2.84714,0.897243,3.24503,1.03454
2.73489,0.731203,2.88674,0.598291,2.85444,0.878353,3.25475,1.0095
2.74197,0.714239,2.89191,0.580693,2.86196,0.858151,3.26141,0.991496
2.7491,0.696517,2.89687,0.562949,2.86953,0.837034,3.26786,0.973396
2.75513,0.680981,2.90163,0.545066,2.87593,0.818511,3.27407,0.955204
2.76172,0.663337,2.90484,0.53247,2.88294,0.797464,3.27829,0.942417
2.76765,0.64685,2.90925,0.514369,2.88925,0.777786,3.28298,0.927753
2.77386,0.628952,2.91263,0.499804,2.89585,0.756414,3.28863,0.909349
2.77926,0.612761,2.91588,0.485168,2.9016,0.737068,3.293,0.894569
2.78494,0.59504,2.91937,0.46862,2.90765,0.715885,3.29774,0.877883
2.79058,0.57674,2.92305,0.45014,2.91366,0.693998,3.3028,0.859274
2.79572,0.559385,2.92651,0.431569,2.91913,0.67323,3.30764,0.840594
2.8008,0.541491,2.92975,0.412911,2.92454,0.651806,3.31226,0.821846
2.80586,0.522891,2.93189,0.399802,2.92993,0.629527,3.31536,0.808681
2.81053,0.504957,2.93475,0.38101,2.93491,0.608034,3.32083,0.784146
2.81512,0.486519,2.93739,0.362152,2.93981,0.585926,3.3248,0.765201
2.81945,0.468297,2.94048,0.33755,2.94444,0.564069,3.32855,0.746195
2.82402,0.448125,2.94259,0.31856,2.94931,0.53986,3.33105,0.732855
2.82781,0.43054,2.94434,0.299419,2.95336,0.518747,3.33529,0.707882
2.83159,0.412126,2.94548,0.281937,2.9574,0.49663,3.33777,0.690285
2.83528,0.393207,2.9461,0.262104,2.96134,0.473896,3.33994,0.670281
2.83876,0.374353,2.94605,0.247906,2.96506,0.451232,3.34102,0.655928
2.84215,0.354942,2.94527,0.227167,2.96867,0.42789,3.34192,0.634906
2.84532,0.33559,2.94464,0.216675,2.97207,0.40461,3.34231,0.613527
2.8483,0.316302,2.94225,0.187074,2.97525,0.381398,3.34231,0.594087
2.85101,0.297515,2.93993,0.165735,2.97815,0.358782,3.34189,0.572241
2.85367,0.277737,2.93769,0.14856,2.981,0.334967,3.34124,0.554583
2.8561,0.258295,2.93451,0.127071,2.9836,0.311548,3.3405,0.53906
2.85836,0.23878,2.93209,0.112055,2.98601,0.288035,3.33923,0.516835
2.86039,0.219592,2.92841,0.0906693,2.98819,0.26491,3.33821,0.501265
2.86229,0.199967,2.92452,0.0694137,2.99022,0.241253,3.33612,0.472404
2.86409,0.179228,2.92048,0.0483282,2.99215,0.216249,3.33492,0.456927
2.86557,0.160207,2.91757,0.0336786,2.99374,0.193311,3.33313,0.434911
2.8669,0.140993,2.9133,0.0129159,2.99516,0.170135,3.33125,0.413019
2.8681,0.120865,2.90892,-0.00765093,2.99644,0.145853,3.32929,0.391254
2.86913,0.100489,2.90442,-0.028022,2.99754,0.121271,3.32725,0.369617
2.86993,0.081068,2.89979,-0.0481993,2.9984,0.0978361,3.32512,0.348108
2.87057,0.0611781,2.89504,-0.0681867,2.99909,0.0738341,3.32288,0.326724
2.87105,0.0403762,2.89016,-0.0879878,2.9996,0.0487299,3.32055,0.305462
2.87132,0.0207386,2.88515,-0.107606,2.9999,0.0250296,3.3181,0.284321
2.87142,0.00151411,2.88,-0.127046,3,0.0018274,3.31554,0.263299
2.87134,-0.0192965,2.87471,-0.146311,2.99991,-0.0232892,3.31284,0.242393
2.87109,-0.0379346,2.86983,-0.163504,2.99965,-0.0457832,3.31031,0.223677
2.87066,-0.0578158,2.86429,-0.18245,2.99919,-0.0697765,3.30736,0.202989
2.87003,-0.0781523,2.8586,-0.20124,2.99852,-0.0943177,3.30427,0.182408
2.86925,-0.0977975,2.85277,-0.21988,2.99767,-0.118023,3.30104,0.161929
2.86828,-0.117583,2.8468,-0.238377,2.99663,-0.141895,3.29764,0.141551
2.86712,-0.137424,2.84069,-0.256732,2.9954,-0.16583,3.29408,0.121272
2.86583,-0.156716,2.83443,-0.274948,2.99401,-0.1891,3.29036,0.101095
2.86426,-0.17716,2.82804,-0.293027,2.99234,-0.213755,3.28646,0.0810203
2.86263,-0.196177,2.8215,-0.310972,2.99059,-0.236684,3.28237,0.0610465
2.86072,-0.216291,2.81482,-0.328785,2.98854,-0.260931,3.27811,0.0411767
2.85839,-0.238452,2.80801,-0.346467,2.98605,-0.28764,3.27365,0.0214129
2.85647,-0.255215,2.80107,-0.364025,2.98399,-0.307838,3.26901,0.00175339
2.85404,-0.274864,2.79401,-0.381461,2.9814,-0.331506,3.26418,-0.0178001
2.85154,-0.29371,2.78682,-0.39878,2.97871,-0.354201,3.25914,-0.0372465
2.84864,-0.313964,2.77952,-0.415987,2.97562,-0.378584,3.25392,-0.0565826
2.84576,-0.33283,2.77212,-0.433087,2.97254,-0.401289,3.24851,-0.0758044
2.84271,-0.351593,2.76464,-0.450083,2.96928,-0.423861,3.24291,-0.0949093
2.83923,-0.371741,2.75707,-0.466981,2.96556,-0.448092,3.23711,-0.113893
2.83594,-0.389705,2.74945,-0.48378,2.96204,-0.469687,3.23114,-0.132749
2.83225,-0.408821,2.74178,-0.500485,2.9581,-0.492659,3.22499,-0.15147
2.82848,-0.427352,2.73409,-0.517098,2.95407,-0.514918,3.21868,-0.170052
2.8245,-0.445939,2.72638,-0.533622,2.94983,-0.537236,3.2122,-0.18849
2.82015,-0.465301,2.71868,-0.550056,2.94518,-0.560473,3.20556,-0.206775
2.81595,-0.483074,2.71102,-0.566406,2.9407,-0.581795,3.19878,-0.224904
2.81141,-0.501491,2.7034,-0.582684,2.93585,-0.603879,3.19185,-0.242878
2.80662,-0.520012,2.69578,-0.598994,2.93075,-0.626077,3.18466,-0.260777
2.80184,-0.537749,2.68887,-0.613792,2.92565,-0.647325,3.17784,-0.276906
2.79661,-0.556311,2.68103,-0.630419,2.92007,-0.669551,3.16976,-0.294934
2.79147,-0.573812,2.67293,-0.647249,2.9146,-0.690495,3.161,-0.313163
2.78603,-0.591575,2.66445,-0.664233,2.90881,-0.711742,3.15148,-0.331665
2.78034,-0.609427,2.65558,-0.68122,2.90275,-0.733084,3.14125,-0.350392
2.77467,-0.626552,2.64635,-0.69809,2.89671,-0.753547,3.13043,-0.369258
2.7686,-0.644178,2.63685,-0.71476,2.89025,-0.774596,3.11921,-0.388142
2.7624,-0.661479,2.62704,-0.731258,2.88367,-0.795247,3.10757,-0.40705
2.75615,-0.678278,2.61687,-0.747641,2.87702,-0.815288,3.09547,-0.426009
2.74977,-0.694827,2.60636,-0.763896,2.87024,-0.835019,3.08297,-0.444974
2.74306,-0.711593,2.59567,-0.779928,2.86311,-0.854998,3.07027,-0.46382
2.73624,-0.728008,2.5849,-0.795669,2.85587,-0.874549,3.05747,-0.482471
2.72923,-0.744296,2.5741,-0.811076,2.84843,-0.893936,3.04465,-0.500875
2.7219,-0.760712,2.56334,-0.826115,2.84066,-0.913466,3.03188,-0.518989
2.7147,-0.77629,2.55266,-0.840764,2.83302,-0.931987,3.0192,-0.53679
2.70723,-0.791886,2.54205,-0.855009,2.8251,-0.950521,3.00663,-0.554264
2.69947,-0.807509,2.53153,-0.868838,2.81688,-0.969076,2.99419,-0.5714
2.69161,-0.822803,2.52108,-0.882247,2.80855,-0.987231,2.98187,-0.588198
2.68358,-0.837877,2.51069,-0.895233,2.80006,-1.00511,2.96967,-0.604661
2.6752,-0.853074,2.50033,-0.907794,2.79119,-1.02313,2.9576,-0.620795
2.66687,-0.867647,2.48999,-0.919924,2.78238,-1.0404,2.94565,-0.636604
2.65836,-0.882041,2.47964,-0.931612,2.77337,-1.05745,2.93382,-0.652088
2.64963,-0.896289,2.46926,-0.942849,2.76414,-1.07432,2.9221,-0.667249
2.64079,-0.910212,2.45884,-0.95362,2.75481,-1.09079,2.9105,-0.682085
2.63161,-0.924174,2.44835,-0.963907,2.74511,-1.1073,2.89901,-0.696594
2.62232,-0.937805,2.43779,-0.973694,2.7353,-1.12341,2.88764,-0.710777
2.61271,-0.951415,2.42712,-0.982967,2.72515,-1.13949,2.87637,-0.724633
2.60334,-0.9642,2.41634,-0.991705,2.71527,-1.15458,2.86522,-0.738162
2.59349,-0.977169,2.40543,-0.999891,2.70489,-1.16989,2.85418,-0.751364
2.58365,-0.989673,2.39549,-1.00677,2.69451,-1.18464,2.84434,-0.762967
2.57341,-1.00221,2.38432,-1.01386,2.68372,-1.19941,2.8335,-0.775546
2.56308,-1.01437,2.37298,-1.02035,2.67285,-1.21375,2.82277,-0.787791
2.55286,-1.02598,2.36149,-1.02622,2.66209,-1.22742,2.81213,-0.799704
2.5422,-1.03764,2.34985,-1.03147,2.65086,-1.24114,2.80159,-0.811284
2.53151,-1.04888,2.34041,-1.03521,2.63962,-1.25437,2.79322,-0.820309
2.52051,-1.06,2.32849,-1.03932,2.62805,-1.26746,2.78283,-0.831287
2.50948,-1.07072,2.31642,-1.04278,2.61646,-1.28006,2.77252,-0.841927
2.49827,-1.08118,2.30421,-1.04559,2.60468,-1.29236,2.76229,-0.852226
2.48663,-1.09161,2.29186,-1.04775,2.59245,-1.30461,2.75212,-0.862184
2.47502,-1.10157,2.27938,-1.04926,2.58026,-1.31632,2.742,-0.871801
2.46357,-1.111,2.26679,-1.05013,2.56824,-1.32738,2.73193,-0.881074
2.45151,-1.1205,2.25408,-1.05035,2.55558,-1.33854,2.72189,-0.890002
2.43943,-1.12959,2.24126,-1.04993,2.54291,-1.34921,2.71188,-0.89858
2.42744,-1.13823,2.22835,-1.04888,2.53033,-1.35934,2.70188,-0.906799
2.415,-1.14677,2.21535,-1.04718,2.51729,-1.36936,2.69187,-0.914657
2.40247,-1.15497,2.20226,-1.04487,2.50416,-1.37897,2.68185,-0.922147
2.38964,-1.16296,2.18909,-1.04193,2.49072,-1.38834,2.67179,-0.929263
2.37685,-1.17053,2.17585,-1.03839,2.47733,-1.39721,2.66168,-0.935999
2.36391,-1.17779,2.16253,-1.03424,2.46379,-1.40572,2.65152,-0.942348
2.35072,-1.1848,2.14915,-1.02951,2.44997,-1.41393,2.64127,-0.948301
2.33721,-1.19158,2.13571,-1.02421,2.43584,-1.42188,2.63092,-0.953854
2.32363,-1.198,2.1222,-1.01836,2.42164,-1.4294,2.62046,-0.958999
2.3104,-1.20388,2.11135,-1.01329,2.4078,-1.4363,2.61199,-0.962819
2.29673,-1.20959,2.09774,-1.00649,2.39351,-1.44298,2.60128,-0.967215
2.28277,-1.21504,2.08407,-0.999184,2.37893,-1.44937,2.59041,-0.971181
2.26861,-1.22019,2.07035,-0.991401,2.36413,-1.45541,2.57936,-0.974704
2.25398,-1.22512,2.05658,-0.983164,2.34885,-1.46118,2.56813,-0.977778
2.24003,-1.22946,2.04277,-0.974498,2.33428,-1.46628,2.55669,-0.980394
2.22546,-1.23364,2.02891,-0.96543,2.31907,-1.47117,2.54506,-0.982539
2.21059,-1.23752,2.01502,-0.955985,2.30355,-1.47572,2.53559,-0.983909
2.19607,-1.24096,2.0011,-0.94619,2.28839,-1.47976,2.52113,-0.985368
2.18107,-1.24415,1.98716,-0.936075,2.27274,-1.48351,2.50884,-0.986023
2.16603,-1.247,1.97321,-0.925674,2.25706,-1.48686,2.49632,-0.986154
2.15072,-1.24954,1.95927,-0.915027,2.2411,-1.48985,2.48359,-0.985752
2.13512,-1.25177,1.94535,-0.904174,2.22483,-1.49249,2.47065,-0.984809
2.11994,-1.2536,1.93146,-0.893156,2.20901,-1.49465,2.45751,-0.983316
2.104,-1.25517,1.91761,-0.882017,2.19239,-1.49652,2.44419,-0.981267
2.08823,-1.25638,1.90379,-0.870799,2.17596,-1.49796,2.43069,-0.978656
2.07253,-1.25725,1.89276,-0.861799,2.15961,-1.499,2.41977,-0.97616
2.0562,-1.25781,1.87899,-0.850555,2.14259,-1.4997,2.40598,-0.972529
2.04009,-1.25803,1.86523,-0.839361,2.12582,-1.49999,2.39205,-0.968325
2.02378,-1.25792,1.85146,-0.828265,2.10884,-1.4999,2.37799,-0.963551
2.00749,-1.25749,1.83766,-0.817314,2.09187,-1.49943,2.36381,-0.958205
1.99086,-1.25672,1.82378,-0.806555,2.07457,-1.49857,2.34951,-0.95229
1.974,-1.25561,1.80981,-0.796031,2.05701,-1.49732,2.33512,-0.945805
1.9573,-1.2542,1.79571,-0.785774,2.03964,-1.49572,2.32064,-0.938753
1.94022,-1.25243,1.78145,-0.775807,2.02186,-1.4937,2.30608,-0.931135
1.92265,-1.25029,1.767,-0.76614,2.00359,-1.49124,2.29145,-0.922951
1.90564,-1.2479,1.75233,-0.756773,1.98589,-1.4885,2.27674,-0.914202
1.88832,-1.24516,1.73741,-0.747697,1.96787,-1.48535,2.26193,-0.90489
1.871,-1.24212,1.72221,-0.738892,1.94986,-1.48184,2.24702,-0.895014
1.85336,-1.23872,1.7067,-0.730334,1.93151,-1.47792,2.23198,-0.884575
1.83573,-1.23502,1.69088,-0.721994,1.91319,-1.47365,2.21681,-0.873577
1.8179,-1.23099,1.67472,-0.713835,1.89464,-1.46899,2.2015,-0.862024
1.79994,-1.22662,1.65821,-0.705822,1.87596,-1.46394,2.18601,-0.849921
1.78202,-1.22199,1.64135,-0.697924,1.85734,-1.45857,2.17034,-0.837275
1.76354,-1.2169,1.62413,-0.690104,1.83813,-1.45269,2.15447,-0.824093
1.74548,-1.21166,1.60655,-0.682329,1.81935,-1.4466,2.13837,-0.810382
1.72654,-1.20586,1.58861,-0.674564,1.79966,-1.43988,2.12205,-0.796152
1.70818,-1.19996,1.57032,-0.666778,1.78058,-1.43303,2.10547,-0.781413
1.68994,-1.19384,1.55168,-0.65894,1.76162,-1.42592,2.08863,-0.766179
1.67085,-1.18714,1.53269,-0.651025,1.74178,-1.41814,2.07152,-0.750469
1.65235,-1.1804,1.51338,-0.643007,1.72255,-1.4103,2.05411,-0.734297
1.63283,-1.173,1.49374,-0.634859,1.70226,-1.40169,2.03641,-0.71768
1.61411,-1.16564,1.47379,-0.626555,1.68281,-1.39313,2.01839,-0.700633
1.59513,-1.15793,1.45355,-0.618073,1.66308,-1.38415,2.00006,-0.683174
1.57557,-1.14972,1.43301,-0.609391,1.64275,-1.37457,1.98141,-0.665318
1.55575,-1.14113,1.41221,-0.600489,1.62215,-1.36456,1.96244,-0.647084
1.53706,-1.13279,1.39116,-0.591351,1.60272,-1.35483,1.94315,-0.628494
1.51749,-1.12382,1.36985,-0.581961,1.58238,-1.34436,1.92352,-0.609563
1.49792,-1.11461,1.34832,-0.572306,1.56204,-1.3336,1.90357,-0.590313
1.47785,-1.10491,1.32657,-0.562374,1.54118,-1.32226,1.88329,-0.570761
1.45825,-1.09521,1.30461,-0.552154,1.52081,-1.31091,1.86269,-0.550927
1.43755,-1.08471,1.28246,-0.541637,1.4993,-1.29863,1.84176,-0.53083
1.41813,-1.07464,1.26013,-0.530815,1.47911,-1.28684,1.82052,-0.510487
1.39807,-1.06401,1.23763,-0.519676,1.45825,-1.27438,1.79897,-0.489912
1.37783,-1.05306,1.21497,-0.508213,1.4372,-1.26155,1.77712,-0.469118
1.35784,-1.04203,1.19217,-0.496418,1.41642,-1.24861,1.75496,-0.448119
1.33716,-1.03041,1.16924,-0.484284,1.39493,-1.23496,1.73252,-0.426928
1.31681,-1.01875,1.14619,-0.471809,1.37376,-1.22127,1.70981,-0.405559
1.2962,-1.00673,1.12304,-0.458994,1.35233,-1.20714,1.68684,-0.384027
1.27509,-0.994207,1.0998,-0.445836,1.33038,-1.19241,1.66361,-0.362345
1.2548,-0.981969,1.07648,-0.432336,1.30927,-1.178,1.64014,-0.340522
1.23398,-0.969213,1.0531,-0.418497,1.28761,-1.16298,1.61646,-0.31857
1.21284,-0.95606,1.02969,-0.404322,1.26562,-1.14748,1.59257,-0.296499
1.19196,-0.942879,1.00859,-0.391283,1.2439,-1.13193,1.57091,-0.276541
1.17079,-0.92932,0.985143,-0.37649,1.22187,-1.11593,1.55396,-0.260962
1.15004,-0.91585,0.971075,-0.367464,1.20028,-1.10002,1.53206,-0.240863
1.12875,-0.90185,0.954669,-0.356793,1.17813,-1.08348,1.51494,-0.225181
1.10756,-0.887733,0.928907,-0.339729,1.15607,-1.06678,1.48789,-0.200457
1.0864,-0.873467,0.91253,-0.328688,1.13405,-1.0499,1.47059,-0.184677
1.06458,-0.858578,0.882163,-0.307822,1.11133,-1.03227,1.43829,-0.155285
1.04335,-0.843918,0.858858,-0.291468,1.08922,-1.01489,1.42081,-0.139417
1.02199,-0.829016,0.83561,-0.274868,1.06698,-0.997219,1.3882,-0.109882
1.00035,-0.813754,0.819375,-0.263111,1.04445,-0.979107,1.37056,-0.0939473
0.978657,-0.798296,0.796242,-0.246133,1.02185,-0.960748,1.34527,-0.0711516
0.956943,-0.78267,0.766282,-0.223766,0.999234,-0.942177,1.31225,-0.0414699
0.934301,-0.766218,0.750208,-0.211597,0.975647,-0.922611,1.2944,-0.0254701
0.913156,-0.750711,0.72732,-0.194074,0.953615,-0.904154,1.28162,-0.0140355
0.89117,-0.734447,0.704526,-0.176407,0.930705,-0.884784,1.24315,0.020291
0.868967,-0.71788,0.679568,-0.156832,0.907565,-0.865039,1.21481,0.0454726
0.847417,-0.701669,0.661496,-0.142517,0.885104,-0.845705,1.19415,0.0637839
0.825145,-0.684781,0.643492,-0.128147,0.861886,-0.82555,1.17343,0.0820893
0.803035,-0.667889,0.621083,-0.110121,0.838834,-0.805376,1.14746,0.104956
0.780862,-0.650824,0.598779,-0.0920387,0.815715,-0.784982,1.12142,0.127799
0.758922,-0.633819,0.576578,-0.073918,0.792834,-0.764646,1.0953,0.150609
0.73524,-0.615337,0.554473,-0.0557756,0.768135,-0.742529,1.0691,0.173374
0.714756,-0.599247,0.534654,-0.0394408,0.746768,-0.723262,1.04546,0.193817
0.69213,-0.581366,0.512712,-0.021295,0.723163,-0.701838,1.0191,0.21647
0.670226,-0.563954,0.490843,-0.00315955,0.700309,-0.680961,0.992673,0.239054
0.647275,-0.545603,0.469041,0.0149605,0.676359,-0.658946,0.966164,0.261565
0.624996,-0.527691,0.447303,0.033059,0.653108,-0.637443,0.939585,0.283993
0.602152,-0.509228,0.425621,0.0511309,0.629265,-0.615266,0.912941,0.306331
0.579622,-0.490926,0.403989,0.0691759,0.605746,-0.59327,0.886241,0.328575
0.555126,-0.470927,0.382399,0.0871935,0.580172,-0.56922,0.85949,0.350719
0.534347,-0.453885,0.360844,0.105181,0.558477,-0.548714,0.832695,0.372754
0.512112,-0.435573,0.339313,0.123136,0.535258,-0.52667,0.805862,0.394673
0.489836,-0.417152,0.317797,0.141062,0.511994,-0.504483,0.778997,0.416471
0.466941,-0.398145,0.29629,0.158959,0.488081,-0.481578,0.75211,0.438141
0.444134,-0.37914,0.274786,0.176833,0.464258,-0.458665,0.72521,0.459682
0.421486,-0.360202,0.253276,0.194688,0.440598,-0.435821,0.698306,0.481091
0.398511,-0.340925,0.231756,0.212529,0.416595,-0.412558,0.671409,0.502366
0.376528,-0.322423,0.210222,0.23036,0.393625,-0.390223,0.644529,0.523505
0.352387,-0.302045,0.18867,0.248186,0.368399,-0.365611,0.617679,0.544507
0.330631,-0.28363,0.167098,0.266014,0.345664,-0.343362,0.590869,0.565372
0.307848,-0.264298,0.145504,0.283847,0.321853,-0.319995,0.564111,0.586101
0.285166,-0.245006,0.123884,0.301688,0.298146,-0.29667,0.537414,0.606692
0.262005,-0.225263,0.102238,0.319539,0.273938,-0.272793,0.510789,0.627143
0.239104,-0.205703,0.0805635,0.337403,0.249998,-0.249129,0.484245,0.647454
0.216616,-0.18646,0.0588608,0.355283,0.22649,-0.225843,0.457793,0.667628
0.19367,-0.166795,0.0371326,0.373184,0.202501,-0.202039,0.431446,0.687665
0.170443,-0.146859,0.0153824,0.391106,0.178218,-0.177904,0.405215,0.707569
0.147824,-0.127419,-0.00638843,0.409052,0.154569,-0.154364,0.379109,0.727338
0.124694,-0.107519,-0.0281824,0.42702,0.130385,-0.130262,0.353134,0.746974
0.101467,-0.0875156,-0.0500001,0.445007,0.106099,-0.106032,0.327296,0.766476
0.079168,-0.0682979,-0.0718427,0.463012,0.0827827,-0.0827512,0.301597,0.785844
0.0553692,-0.047775,-0.0937103,0.481032,0.0578976,-0.0578868,0.276045,0.805078
0.0332669,-0.0287072,-0.115604,0.499062,0.0347862,-0.0347838,0.250641,0.824178
0.0093569,-0.00807486,-0.137524,0.5171,0.00978423,-0.00978418,0.225389,0.843143
-0.0128648,0.011102,-0.159472,0.535139,-0.0134523,0.0134522,0.20029,0.861975
-0.0354456,0.030587,-0.181446,0.553177,-0.0370643,0.0370615,0.175349,0.880673
-0.0584488,0.0504313,-0.201243,0.569406,-0.0611179,0.0611052,0.153039,0.897389
-0.0814148,0.0702348,-0.223256,0.587427,-0.085132,0.0850978,0.12841,0.915838
-0.104382,0.0900272,-0.245285,0.605429,-0.109147,0.109075,0.103952,0.934155
-0.127228,0.1097,-0.26733,0.623407,-0.133035,0.132904,0.0796635,0.952341
-0.150356,0.129597,-0.289392,0.641352,-0.157217,0.157001,0.0555441,0.970395
-0.173267,0.149284,-0.311471,0.659256,-0.181171,0.18084,0.0315931,0.988316
-0.196221,0.168982,-0.333564,0.677111,-0.205168,0.204688,0.00781114,1.0061
-0.219163,0.188642,-0.35567,0.694907,-0.229152,0.228483,-0.0158015,1.02376
-0.241831,0.208034,-0.377787,0.712636,-0.252849,0.25195,-0.0392464,1.04127
-0.264762,0.227615,-0.399916,0.730286,-0.276819,0.275638,-0.0625262,1.05865
-0.287769,0.247222,-0.422057,0.74785,-0.300867,0.29935,-0.0856437,1.07589
-0.31033,0.266406,-0.444209,0.76532,-0.324447,0.322544,-0.108601,1.09299
-0.333611,0.286156,-0.466367,0.782688,-0.348779,0.346413,-0.131398,1.10995
-0.356144,0.305221,-0.488529,0.799947,-0.372326,0.369447,-0.154037,1.12678
-0.378736,0.324284,-0.510692,0.817089,-0.395932,0.392469,-0.176519,1.14347
-0.401626,0.343542,-0.532852,0.834107,-0.419849,0.415717,-0.198845,1.16003
-0.423926,0.362245,-0.548364,0.845943,-0.443147,0.438286,-0.214383,1.17154
-0.446762,0.381334,-0.570521,0.862737,-0.467003,0.46131,-0.236457,1.18788
-0.469548,0.400313,-0.592675,0.879392,-0.490804,0.484191,-0.258389,1.20408
-0.492018,0.418959,-0.614824,0.895902,-0.514272,0.506659,-0.280182,1.22016
-0.514863,0.437842,-0.636965,0.912264,-0.538131,0.529402,-0.301838,1.23611
-0.537387,0.456382,-0.6591,0.928468,-0.561651,0.55172,-0.323367,1.25195
-0.559934,0.47486,-0.681226,0.944508,-0.585192,0.573951,-0.344771,1.26766
-0.582527,0.49329,-0.698919,0.957215,-0.608778,0.596112,-0.361808,1.28013
-0.605015,0.511547,-0.721024,0.972936,-0.632253,0.618053,-0.382999,1.29562
-0.627809,0.529958,-0.74311,0.988468,-0.656044,0.640165,-0.404077,1.31097
-0.650239,0.547979,-0.765176,1.0038,-0.679452,0.661797,-0.425046,1.3262
-0.67238,0.56567,-0.787221,1.01894,-0.702556,0.68302,-0.445912,1.3413
-0.695469,0.584012,-0.80924,1.03386,-0.726646,0.705008,-0.46668,1.35628
-0.717057,0.601059,-0.83123,1.04857,-0.749168,0.725433,-0.487354,1.37112
-0.739572,0.618727,-0.853189,1.06305,-0.772653,0.746587,-0.50794,1.38584
-0.761921,0.63615,-0.875114,1.0773,-0.795962,0.767435,-0.528444,1.40043
-0.784289,0.653469,-0.897003,1.09132,-0.819288,0.788144,-0.548872,1.41489
-0.807006,0.670932,-0.918854,1.10509,-0.842975,0.809012,-0.569231,1.42922
-0.828608,0.687416,-0.940665,1.11862,-0.865496,0.828695,-0.589527,1.44341
-0.850291,0.703838,-0.962429,1.13188,-0.888099,0.848293,-0.609764,1.45747
-0.871764,0.719975,-0.984141,1.14487,-0.91048,0.867536,-0.629945,1.47138
-0.89396,0.736519,-1.0058,1.15759,-0.933612,0.887252,-0.650073,1.48515
-0.915653,0.75255,-1.02739,1.17004,-0.956217,0.906343,-0.670154,1.49878
-0.937427,0.768499,-1.04892,1.1822,-0.978903,0.925324,-0.690193,1.51226
-0.959302,0.784375,-1.07038,1.19406,-1.00169,0.944204,-0.710195,1.52558
-0.980673,0.799739,-1.08962,1.20449,-1.02395,0.962462,-0.728168,1.53744
-1.00274,0.815448,-1.11094,1.21578,-1.04694,0.981118,-0.748111,1.55046
-1.02428,0.830623,-1.13217,1.22677,-1.06937,0.999126,-0.768031,1.56332
-1.04578,0.845603,-1.15332,1.23744,-1.09175,1.01689,-0.787931,1.57601
-1.06762,0.86066,-1.17438,1.24779,-1.11449,1.03473,-0.807816,1.58853
-1.0883,0.87475,-1.19535,1.25783,-1.13602,1.05142,-0.827688,1.60088
-1.10963,0.889119,-1.21621,1.26755,-1.15822,1.06842,-0.847553,1.61305
-1.13186,0.903903,-1.23698,1.27695,-1.18136,1.0859,-0.867413,1.62504
-1.15187,0.917044,-1.25764,1.28604,-1.20218,1.10143,-0.887259,1.63686
-1.17313,0.930831,-1.27818,1.29482,-1.22431,1.11772,-0.907096,1.64851
-1.19431,0.944372,-1.2986,1.30328,-1.24634,1.1337,-0.926932,1.65996
-1.215,0.957415,-1.3189,1.31142,-1.26787,1.14908,-0.946772,1.67123
-1.23617,0.970564,-1.33909,1.31923,-1.28989,1.16457,-0.96662,1.68229
-1.25722,0.983436,-1.35915,1.3267,-1.31178,1.17973,-0.986484,1.69315
-1.27803,0.995965,-1.3791,1.33384,-1.33344,1.19448,-1.00637,1.70378
-1.29794,1.00775,-1.39893,1.34063,-1.35413,1.20834,-1.02629,1.71419
-1.31866,1.01982,-1.41865,1.34706,-1.37569,1.22252,-1.04624,1.72437
-1.33921,1.03157,-1.43825,1.35314,-1.39706,1.23633,-1.06623,1.73429
-1.35975,1.0431,-1.45384,1.35775,-1.41841,1.24986,-1.08225,1.74205
-1.37995,1.05422,-1.47322,1.36319,-1.43941,1.26291,-1.10232,1.75152
-1.39978,1.06492,-1.49249,1.36826,-1.46003,1.27545,-1.12244,1.76071
-1.42052,1.07589,-1.51164,1.37297,-1.48159,1.2883,-1.14261,1.76963
-1.44034,1.08614,-1.53066,1.37731,-1.50219,1.3003,-1.16283,1.77826
-1.46048,1.09632,-1.54955,1.38129,-1.52313,1.31222,-1.18309,1.7866
-1.48007,1.106,-1.56831,1.3849,-1.5435,1.32353,-1.2034,1.79463
-1.49987,1.11554,-1.58694,1.38814,-1.56407,1.33468,-1.22375,1.80236
-1.51955,1.12478,-1.60542,1.39102,-1.58453,1.34548,-1.24414,1.80978
-1.53892,1.13364,-1.62377,1.39354,-1.60466,1.35582,-1.26457,1.81688
-1.55847,1.14233,-1.64198,1.39569,-1.62498,1.36596,-1.28504,1.82365
-1.57811,1.1508,-1.66004,1.39749,-1.64539,1.37583,-1.30554,1.83009
-1.59753,1.15892,-1.67796,1.39892,-1.66558,1.3853,-1.32607,1.83618
-1.61671,1.16668,-1.69573,1.4,-1.6855,1.39433,-1.34662,1.84194
-1.63536,1.17397,-1.71335,1.40074,-1.70489,1.40282,-1.3672,1.84735
-1.65404,1.18102,-1.73082,1.40112,-1.7243,1.41103,-1.3878,1.8524
-1.67327,1.18801,-1.74814,1.40115,-1.7443,1.41915,-1.40841,1.85709
-1.69251,1.19472,-1.7653,1.40085,-1.76429,1.42694,-1.42902,1.86143
-1.71033,1.20067,-1.7823,1.40021,-1.78282,1.43386,-1.44344,1.86425
-1.72932,1.20673,-1.79913,1.39924,-1.80255,1.44089,-1.47022,1.869
-1.74752,1.21226,-1.81579,1.39794,-1.82147,1.44731,-1.49079,1.87223
-1.76656,1.21775,-1.83227,1.39631,-1.84126,1.45367,-1.51132,1.87508
-1.78392,1.22249,-1.84858,1.39436,-1.85931,1.45916,-1.53182,1.87756
-1.80199,1.22714,-1.86471,1.39211,-1.8781,1.46454,-1.55226,1.87966
-1.81969,1.2314,-1.87747,1.39009,-1.89651,1.46947,-1.56856,1.88108
-1.83763,1.23543,-1.89325,1.3873,-1.91516,1.47413,-1.58887,1.88252
-1.85579,1.2392,-1.90883,1.38423,-1.93404,1.47848,-1.60909,1.8836
-1.87309,1.2425,-1.92423,1.38087,-1.95203,1.48228,-1.62922,1.88431
-1.89023,1.24548,-1.93641,1.37798,-1.96986,1.48571,-1.64525,1.88461
-1.9075,1.24817,-1.95145,1.37413,-1.98783,1.48881,-1.66519,1.88465
-1.92492,1.25058,-1.96631,1.36999,-2.00594,1.49158,-1.68502,1.88431
-1.94219,1.25265,-1.98097,1.36558,-2.02391,1.49395,-1.70473,1.8836
-1.95893,1.25435,-1.99544,1.36089,-2.04133,1.49589,-1.7243,1.8825
-1.97604,1.25576,-2.00971,1.35592,-2.05914,1.4975,-1.74374,1.88102
-1.99313,1.25684,-2.02381,1.35068,-2.07693,1.49871,-1.76303,1.87914
-2.00919,1.25755,-2.03771,1.34517,-2.09364,1.4995,-1.78218,1.87688
-2.02592,1.25795,-2.05143,1.33938,-2.11107,1.49993,-1.80116,1.87422
-2.04224,1.25802,-2.06495,1.33331,-2.12806,1.49997,-1.81997,1.87117
-2.05814,1.25776,-2.07828,1.32697,-2.14462,1.49963,-1.8386,1.86772
-2.07425,1.25717,-2.09143,1.32035,-2.1614,1.49891,-1.85704,1.86387
-2.09025,1.25624,-2.10309,1.31416,-2.17807,1.49779,-1.87347,1.86007
-2.10617,1.25498,-2.11589,1.30699,-2.19466,1.49629,-1.89154,1.85542
-2.12144,1.25343,-2.12858,1.29936,-2.21057,1.49445,-1.90949,1.85018
-2.13688,1.25153,-2.14129,1.29109,-2.22666,1.49221,-1.92738,1.84411
-2.15216,1.24931,-2.15409,1.28199,-2.2426,1.48959,-1.94528,1.83701
-2.16743,1.24675,-2.16705,1.27194,-2.25851,1.48657,-1.96324,1.82874
-2.18263,1.24383,-2.1801,1.26107,-2.27437,1.48314,-1.98118,1.81946
-2.19748,1.24064,-2.19308,1.24967,-2.28987,1.47938,-1.99897,1.80949
-2.21259,1.23702,-2.20598,1.23773,-2.30564,1.47513,-2.01659,1.79884
-2.22702,1.23321,-2.21878,1.22522,-2.3207,1.47066,-2.03404,1.78747
-2.24169,1.22897,-2.2314,1.21229,-2.33601,1.46569,-2.05127,1.77557
-2.25569,1.22457,-2.24377,1.19904,-2.35064,1.46053,-2.06822,1.76325
-2.26996,1.21972,-2.25588,1.18555,-2.36554,1.45485,-2.08486,1.75059
-2.28407,1.21455,-2.26767,1.17188,-2.38028,1.44879,-2.10117,1.73768
-2.29809,1.20904,-2.27913,1.15807,-2.39494,1.44234,-2.11712,1.72456
-2.3118,1.20327,-2.29026,1.14415,-2.40927,1.43558,-2.12962,1.71392
-2.3252,1.19728,-2.30107,1.1301,-2.42327,1.42855,-2.14793,1.69774
-2.33867,1.19086,-2.31155,1.11592,-2.43737,1.42104,-2.16278,1.68405
-2.35205,1.18411,-2.32172,1.10162,-2.45137,1.41312,-2.17727,1.67016
-2.36526,1.17705,-2.33161,1.08717,-2.46519,1.40485,-2.19138,1.65607
-2.37835,1.16966,-2.33932,1.07551,-2.4789,1.39619,-2.2024,1.64466
-2.39163,1.16175,-2.34686,1.06377,-2.49281,1.38692,-2.21318,1.63311
-2.40411,1.15392,-2.35608,1.04896,-2.50588,1.37774,-2.22632,1.61848
-2.4165,1.14576,-2.36508,1.03402,-2.51887,1.36817,-2.23529,1.60812
-2.42876,1.13729,-2.37214,1.02197,-2.53172,1.35824,-2.24901,1.59162
-2.44081,1.12858,-2.38081,1.00679,-2.54435,1.34802,-2.26108,1.57639
-2.45301,1.11934,-2.38765,0.994553,-2.55716,1.33717,-2.27046,1.56405
-2.46503,1.10981,-2.39356,0.983784,-2.56977,1.32599,-2.27846,1.55314
-2.47682,1.10005,-2.40109,0.969865,-2.58215,1.31453,-2.28848,1.53897
-2.48843,1.09003,-2.40856,0.955874,-2.59433,1.30276,-2.29818,1.52465
-2.49942,1.08013,-2.41268,0.948076,-2.60588,1.29112,-2.30343,1.51662
-2.51075,1.0695,-2.42504,0.924583,-2.61779,1.27863,-2.31859,1.49229
-2.52281,1.05771,-2.43342,0.908759,-2.63047,1.26477,-2.32633,1.47907
-2.53283,1.04751,-2.44207,0.892694,-2.641,1.25277,-2.33754,1.45871
-2.54367,1.03606,-2.45107,0.876318,-2.65241,1.23928,-2.34652,1.44114
-2.55418,1.02451,-2.46043,0.859529,-2.66347,1.22569,-2.35523,1.42284
-2.56475,1.01244,-2.46999,0.842318,-2.6746,1.21147,-2.36367,1.40377
-2.57495,1.00034,-2.4795,0.824801,-2.68535,1.19722,-2.37182,1.38406
-2.5871,0.985337,-2.48891,0.806985,-2.69815,1.17952,-2.37971,1.36367
-2.59485,0.975415,-2.49731,0.79072,-2.70632,1.16782,-2.38659,1.34475
-2.60446,0.962694,-2.50473,0.776167,-2.71646,1.1528,-2.39395,1.32329
-2.61425,0.949265,-2.51571,0.754314,-2.72678,1.13695,-2.401,1.30155
-2.62355,0.936036,-2.52205,0.741557,-2.73659,1.12132,-2.4064,1.284
-2.63498,0.919103,-2.53192,0.721524,-2.74867,1.1013,-2.41287,1.26189
-2.64193,0.908448,-2.5381,0.708835,-2.75601,1.0887,-2.41898,1.23973
-2.65092,0.894208,-2.54677,0.690855,-2.76551,1.07185,-2.42305,1.22425
-2.65969,0.879818,-2.5577,0.667791,-2.77478,1.05482,-2.42854,1.20222
-2.66809,0.865553,-2.56502,0.652044,-2.78366,1.03792,-2.43466,1.17595
-2.67686,0.85011,-2.56662,0.648569,-2.79294,1.01962,-2.43563,1.17159
-2.6848,0.835634,-2.57678,0.626192,-2.80134,1.00245,-2.44157,1.1434
-2.69252,0.821063,-2.58506,0.607534,-2.80952,0.985166,-2.44691,1.11545
-2.70037,0.805733,-2.59017,0.595787,-2.81783,0.966967,-2.44881,1.10477
-2.70804,0.790213,-2.59656,0.580814,-2.82596,0.948534,-2.45202,1.08563
-2.71551,0.774554,-2.60208,0.567617,-2.83388,0.929924,-2.45496,1.06661
-2.72298,0.758328,-2.60612,0.55778,-2.84181,0.910631,-2.45648,1.05609
-2.73009,0.742319,-2.61267,0.541482,-2.84935,0.891584,-2.45735,1.04979
-2.73705,0.726083,-2.62504,0.509138,-2.85674,0.872256,-2.46179,1.01432
-2.74399,0.709288,-2.63086,0.493023,-2.86411,0.852252,-2.46401,0.993613
-2.75071,0.692432,-2.63804,0.472064,-2.87124,0.832164,-2.46594,0.973004
-2.75707,0.675841,-2.64121,0.462372,-2.878,0.812381,-2.46806,0.946365
-2.76332,0.65896,-2.64478,0.451038,-2.88464,0.792241,-2.46889,0.934128
-2.76955,0.641444,-2.64676,0.444546,-2.89127,0.771333,-2.46974,0.919899
-2.77614,0.622163,-2.65377,0.420074,-2.89828,0.748303,-2.47065,0.90168
-2.78299,0.60122,-2.65805,0.403623,-2.90557,0.723274,-2.47144,0.881546
-2.78698,0.588539,-2.66086,0.392026,-2.90981,0.708111,-2.47198,0.86153
-2.79225,0.57119,-2.66459,0.375327,-2.91543,0.687357,-2.47223,0.84759
-2.79911,0.547529,-2.66529,0.371968,-2.92274,0.659036,-2.47239,0.827779
-2.80249,0.535357,-2.66666,0.365231,-2.92635,0.64446,-2.4724,0.823833
-2.80748,0.516763,-2.67289,0.329415,-2.93166,0.622184,-2.47224,0.800265
-2.81207,0.498844,-2.67528,0.312075,-2.93656,0.600706,-2.47173,0.774957
-2.82152,0.45929,-2.67729,0.294541,-2.94665,0.553261,-2.47109,0.755652
-2.82317,0.45199,-2.67889,0.276819,-2.9484,0.5445,-2.47052,0.742226
-2.82565,0.440673,-2.6801,0.258918,-2.95105,0.530914,-2.46921,0.717488
-2.82906,0.424548,-2.6809,0.240843,-2.9547,0.511551,-2.46797,0.69864
-2.8328,0.406034,-2.6813,0.222602,-2.95869,0.48931,-2.46653,0.679952
-2.83758,0.380864,-2.68133,0.207893,-2.9638,0.45906,-2.4649,0.661423
-2.83997,0.367584,-2.68101,0.189368,-2.96634,0.443094,-2.46347,0.646715
-2.84419,0.34264,-2.68028,0.1707,-2.97086,0.413092,-2.4615,0.628471
-2.84753,0.321422,-2.67954,0.157552,-2.97442,0.38756,-2.46002,0.615794
-2.84932,0.309345,-2.67763,0.132978,-2.97635,0.373024,-2.45776,0.597817
-2.85238,0.287558,-2.67571,0.113946,-2.97961,0.346793,-2.45456,0.574677
-2.85476,0.269247,-2.67339,0.0948127,-2.98216,0.324741,-2.4519,0.557048
-2.85681,0.252361,-2.67069,0.0755906,-2.98435,0.304399,-2.44907,0.539564
-2.85906,0.232363,-2.66759,0.0562922,-2.98676,0.280302,-2.44608,0.522221
-2.86104,0.213031,-2.66412,0.0369282,-2.98889,0.257003,-2.44292,0.505014
-2.86289,0.193352,-2.66026,0.0175104,-2.99086,0.233278,-2.43959,0.487939
-2.86533,0.163498,-2.65604,-0.00194847,-2.99348,0.197279,-2.43611,0.470989
-2.86602,0.154047,-2.65146,-0.0214376,-2.99421,0.185881,-2.43247,0.45416
-2.86734,0.133868,-2.64651,-0.0409455,-2.99564,0.16154,-2.42867,0.437447
-2.86852,0.113035,-2.64122,-0.0604616,-2.99689,0.136407,-2.42472,0.420844
-2.86941,0.0941474,-2.63559,-0.0799754,-2.99784,0.113618,-2.42062,0.404343
-2.87015,0.0747335,-2.62962,-0.0994755,-2.99864,0.0901922,-2.41637,0.387938
-2.87073,0.0550097,-2.62333,-0.118948,-2.99926,0.0663902,-2.41197,0.371624
-2.87114,0.0352879,-2.61672,-0.138377,-2.9997,0.042589,-2.40741,0.355398
-2.87137,0.0151078,-2.6098,-0.15775,-2.99994,0.0182337,-2.40271,0.339257
-2.87141,-0.00450792,-2.60257,-0.177053,-2.99999,-0.00544067,-2.39785,0.3232
-2.87128,-0.0246685,-2.59504,-0.196273,-2.99985,-0.0297726,-2.39283,0.307222
-2.87098,-0.0440953,-2.58723,-0.215402,-2.99953,-0.0532183,-2.38766,0.291322
-2.87046,-0.0652112,-2.57915,-0.234428,-2.99897,-0.0787012,-2.38233,0.275494
-2.86983,-0.0836314,-2.5708,-0.253343,-2.9983,-0.100929,-2.37683,0.259734
-2.86899,-0.103509,-2.56395,-0.268388,-2.99739,-0.124914,-2.37118,0.244037
-2.86792,-0.124143,-2.55516,-0.287074,-2.99625,-0.149809,-2.36654,0.231523
-2.86675,-0.14328,-2.54615,-0.305617,-2.995,-0.172894,-2.36059,0.215936
-2.86531,-0.163764,-2.53693,-0.324009,-2.99346,-0.1976,-2.35448,0.200407
-2.86379,-0.182945,-2.52751,-0.342239,-2.99182,-0.22073,-2.3482,0.184935
-2.86206,-0.202435,-2.51791,-0.3603,-2.98998,-0.244229,-2.34174,0.169516
-2.8601,-0.222423,-2.50816,-0.378186,-2.98788,-0.268322,-2.33512,0.154147
-2.85806,-0.241449,-2.49826,-0.39589,-2.98569,-0.291252,-2.33038,0.143415
-2.85575,-0.26118,-2.48824,-0.413404,-2.98323,-0.315024,-2.32136,0.123539
-2.85333,-0.280395,-2.47913,-0.429002,-2.98063,-0.338168,-2.31637,0.112863
-2.85069,-0.299827,-2.46894,-0.446144,-2.9778,-0.361566,-2.30762,0.0946004
-2.84778,-0.31977,-2.45869,-0.463083,-2.97469,-0.385572,-2.30014,0.0794137
-2.84488,-0.33834,-2.44841,-0.479814,-2.9716,-0.407919,-2.29247,0.0642509
-2.84156,-0.358417,-2.43812,-0.49633,-2.96804,-0.432069,-2.28461,0.0491098
-2.83834,-0.376712,-2.42785,-0.512628,-2.9646,-0.454068,-2.27901,0.0385231
-2.83481,-0.395697,-2.41761,-0.528707,-2.96083,-0.476889,-2.26835,0.0188827
-2.83108,-0.414709,-2.41049,-0.539831,-2.95684,-0.499732,-2.25994,0.00378857
-2.82717,-0.433575,-2.40038,-0.555533,-2.95267,-0.522391,-2.25394,-0.00677297
-2.82316,-0.45202,-2.39038,-0.571016,-2.94839,-0.544536,-2.24522,-0.0218568
-2.81898,-0.470315,-2.38051,-0.586281,-2.94393,-0.56649,-2.23631,-0.0369403
-2.81452,-0.488984,-2.37077,-0.601333,-2.93917,-0.588883,-2.22723,-0.0520274
-2.80994,-0.507267,-2.36118,-0.616176,-2.93428,-0.610803,-2.21797,-0.0671239
-2.80502,-0.526047,-2.35174,-0.630813,-2.92904,-0.633307,-2.20854,-0.0822321
-2.80017,-0.543753,-2.34245,-0.645248,-2.92387,-0.654515,-2.19892,-0.0973524
-2.79502,-0.561789,-2.33331,-0.659487,-2.91838,-0.676107,-2.18914,-0.112487
-2.78974,-0.579536,-2.32431,-0.673536,-2.91276,-0.697342,-2.17918,-0.127637
-2.78426,-0.5972,-2.31543,-0.687401,-2.90693,-0.718468,-2.16905,-0.142806
-2.77861,-0.614723,-2.30667,-0.701089,-2.90091,-0.739413,-2.15876,-0.157995
-2.77274,-0.632226,-2.29801,-0.714603,-2.89466,-0.760324,-2.1483,-0.173206
-2.76682,-0.649195,-2.28943,-0.727944,-2.88837,-0.780586,-2.13768,-0.188439
-2.76061,-0.666352,-2.28089,-0.741107,-2.88176,-0.801062,-2.12691,-0.203688
-2.75397,-0.684013,-2.2724,-0.75409,-2.8747,-0.822126,-2.11598,-0.218946
-2.74754,-0.700452,-2.26391,-0.766887,-2.86788,-0.841724,-2.10489,-0.234206
-2.74064,-0.717491,-2.25541,-0.779491,-2.86054,-0.862024,-2.09366,-0.249456
-2.73401,-0.733249,-2.24688,-0.791898,-2.85351,-0.880789,-2.08228,-0.264688
-2.72698,-0.749393,-2.2383,-0.804103,-2.84605,-0.900001,-2.07077,-0.279895
-2.71955,-0.765852,-2.22965,-0.816096,-2.83817,-0.919578,-2.05911,-0.295067
-2.71244,-0.781068,-2.2209,-0.827872,-2.83062,-0.937667,-2.04733,-0.310193
-2.70479,-0.796854,-2.21204,-0.839424,-2.82252,-0.956422,-2.0354,-0.325263
-2.69686,-0.812655,-2.20304,-0.850747,-2.81411,-0.975185,-2.02335,-0.340268
-2.68898,-0.827798,-2.19389,-0.861835,-2.80577,-0.993157,-2.01117,-0.355199
-2.681,-0.842616,-2.18551,-0.871607,-2.79732,-1.01073,-1.99886,-0.370046
-2.67273,-0.857446,-2.17794,-0.880124,-2.78857,-1.02831,-1.98767,-0.383328
-2.66409,-0.872415,-2.1683,-0.890541,-2.77943,-1.04605,-1.97765,-0.395063
-2.65528,-0.887122,-2.15846,-0.900697,-2.77012,-1.06347,-1.965,-0.409631
-2.64692,-0.900614,-2.14838,-0.910583,-2.76128,-1.07943,-1.95223,-0.424076
-2.63783,-0.914779,-2.13807,-0.920188,-2.75167,-1.09619,-1.93934,-0.438387
-2.62879,-0.928366,-2.12751,-0.929503,-2.74213,-1.11225,-1.92633,-0.452552
-2.61941,-0.941981,-2.11669,-0.938521,-2.73223,-1.12834,-1.9132,-0.466559
-2.60975,-0.955498,-2.10559,-0.947234,-2.72203,-1.14431,-1.89994,-0.480399
-2.60016,-0.968437,-2.0942,-0.955634,-2.71192,-1.15958,-1.88656,-0.494063
-2.59037,-0.981185,-2.08253,-0.963713,-2.7016,-1.17462,-1.87306,-0.507542
-2.58067,-0.993365,-2.07054,-0.971462,-2.69137,-1.18899,-1.85943,-0.520827
-2.57054,-1.00563,-2.05825,-0.978872,-2.6807,-1.20345,-1.84568,-0.533909
-2.56013,-1.01778,-2.04563,-0.985933,-2.66973,-1.21776,-1.8318,-0.54678
-2.54959,-1.02961,-2.03268,-0.992635,-2.65864,-1.23169,-1.81779,-0.55943
-2.53887,-1.04118,-2.01939,-0.998968,-2.64736,-1.24532,-1.80365,-0.571852
-2.52815,-1.05232,-2.00577,-1.00492,-2.63608,-1.25842,-1.78939,-0.58404
-2.51689,-1.06357,-1.99179,-1.01049,-2.62424,-1.27166,-1.77499,-0.595987
-2.50611,-1.07391,-1.97746,-1.01566,-2.61291,-1.28381,-1.76047,-0.607687
-2.4948,-1.08434,-1.96277,-1.02042,-2.60103,-1.29607,-1.74581,-0.619135
-2.48317,-1.09462,-1.94772,-1.02475,-2.58882,-1.30815,-1.73103,-0.630326
-2.47165,-1.10439,-1.93231,-1.02863,-2.57672,-1.31962,-1.71612,-0.641251
-2.45969,-1.1141,-1.91653,-1.03205,-2.56416,-1.33103,-1.70108,-0.651903
-2.44806,-1.12314,-1.90037,-1.035,-2.55196,-1.34164,-1.68591,-0.662277
-2.43585,-1.13221,-1.88386,-1.03745,-2.53916,-1.35228,-1.67062,-0.672368
-2.42338,-1.14106,-1.86697,-1.03939,-2.52608,-1.36266,-1.6552,-0.682172
-2.41114,-1.14934,-1.84974,-1.0408,-2.51325,-1.37237,-1.63966,-0.691688
-2.39823,-1.15766,-1.83215,-1.04168,-2.49972,-1.38212,-1.624,-0.700917
-2.3858,-1.16527,-1.81424,-1.042,-2.48671,-1.39105,-1.60821,-0.709858
-2.3729,-1.17278,-1.79601,-1.04175,-2.4732,-1.39985,-1.59231,-0.718509
-2.35979,-1.18002,-1.77748,-1.04092,-2.45947,-1.40833,-1.57628,-0.726869
-2.34663,-1.18689,-1.75867,-1.03947,-2.44569,-1.41639,-1.56013,-0.734935
-2.33285,-1.19368,-1.7396,-1.03741,-2.43128,-1.42434,-1.54387,-0.742708
-2.31973,-1.19977,-1.72029,-1.03473,-2.41756,-1.43147,-1.5275,-0.750194
-2.30603,-1.20575,-1.70076,-1.03142,-2.40323,-1.43848,-1.51103,-0.757399
-2.29174,-1.21158,-1.68104,-1.02747,-2.3883,-1.44532,-1.49447,-0.764326
-2.27828,-1.21672,-1.66113,-1.02288,-2.37423,-1.45133,-1.47781,-0.770979
-2.26351,-1.22196,-1.64108,-1.01765,-2.3588,-1.45747,-1.46106,-0.77736
-2.25002,-1.22639,-1.6209,-1.0118,-2.34471,-1.46267,-1.44424,-0.783471
-2.23535,-1.23085,-1.60063,-1.00533,-2.32939,-1.46789,-1.42734,-0.789317
-2.22092,-1.23486,-1.58029,-0.998266,-2.31433,-1.4726,-1.41037,-0.7949
-2.20618,-1.2386,-1.55993,-0.990618,-2.29894,-1.47699,-1.39335,-0.800221
-2.19112,-1.24205,-1.53956,-0.982413,-2.28323,-1.48104,-1.37627,-0.805281
-2.17613,-1.24512,-1.51922,-0.973681,-2.2676,-1.48466,-1.35916,-0.810079
-2.16108,-1.24786,-1.49895,-0.964453,-2.25189,-1.48787,-1.342,-0.81461
-2.14589,-1.25027,-1.47878,-0.954768,-2.23605,-1.49071,-1.32481,-0.818869
-2.13055,-1.25235,-1.45873,-0.944668,-2.22006,-1.49318,-1.30759,-0.822848
-2.11429,-1.2542,-1.43886,-0.934202,-2.20312,-1.49536,-1.29034,-0.82654
-2.09947,-1.25555,-1.42113,-0.924515,-2.18768,-1.49697,-1.27307,-0.829934
-2.08323,-1.25669,-1.40165,-0.913502,-2.17076,-1.49833,-1.2575,-0.832725
-2.06698,-1.25748,-1.38241,-0.902283,-2.15382,-1.49928,-1.24017,-0.83552
-2.05132,-1.25791,-1.36345,-0.890924,-2.13751,-1.49982,-1.22281,-0.837977
-2.03476,-1.25803,-1.34478,-0.879487,-2.12027,-1.5,-1.20542,-0.840084
-2.01874,-1.25782,-1.32641,-0.868033,-2.10358,-1.49979,-1.18798,-0.841825
-2.00236,-1.25728,-1.30837,-0.856622,-2.08653,-1.49921,-1.1705,-0.843188
-1.98561,-1.25641,-1.29063,-0.845308,-2.0691,-1.49823,-1.15297,-0.844159
-1.9689,-1.25521,-1.27318,-0.834136,-2.05171,-1.49687,-1.13538,-0.844731
-1.95208,-1.25369,-1.256,-0.823143,-2.03421,-1.49514,-1.11773,-0.844894
-1.93537,-1.25187,-1.23905,-0.812361,-2.01682,-1.49306,-1.10002,-0.844638
-1.91791,-1.24965,-1.2223,-0.801813,-1.99866,-1.49051,-1.08224,-0.843959
-1.90052,-1.24712,-1.20572,-0.791514,-1.98057,-1.4876,-1.06438,-0.842852
-1.88313,-1.24428,-1.18927,-0.781473,-1.96247,-1.48433,-1.04645,-0.841312
-1.86532,-1.24106,-1.17291,-0.771699,-1.94395,-1.48062,-1.02844,-0.839338
-1.848,-1.23763,-1.15661,-0.762192,-1.92594,-1.47666,-1.01034,-0.83693
-1.83047,-1.23386,-1.14034,-0.752948,-1.90771,-1.47231,-0.992152,-0.834084
-1.81223,-1.22964,-1.12407,-0.743967,-1.88875,-1.46743,-0.973877,-0.830801
-1.79416,-1.22516,-1.10776,-0.735241,-1.86996,-1.46225,-0.955514,-0.827083
-1.77563,-1.22026,-1.0914,-0.726758,-1.8507,-1.45658,-0.937062,-0.822933
-1.75827,-1.2154,-1.07826,-0.720139,-1.83265,-1.45095,-0.918522,-0.818354
-1.73964,-1.2099,-1.06174,-0.712062,-1.81328,-1.44457,-0.903628,-0.814382
-1.71986,-1.20375,-1.0451,-0.704183,-1.79272,-1.43743,-0.884936,-0.809037
-1.70273,-1.19816,-1.02831,-0.696481,-1.77491,-1.43094,-0.866164,-0.803271
-1.68285,-1.19138,-1.01137,-0.688936,-1.75425,-1.42307,-0.847316,-0.797088
-1.66538,-1.18518,-0.994254,-0.681524,-1.7361,-1.41586,-0.828393,-0.79049
-1.64644,-1.17819,-0.98042,-0.675674,-1.71641,-1.40773,-0.8094,-0.783478
-1.62671,-1.17062,-0.962947,-0.668438,-1.6959,-1.39893,-0.794158,-0.777572
-1.6083,-1.16331,-0.945261,-0.661261,-1.67677,-1.39041,-0.77505,-0.769824
-1.58769,-1.15484,-0.927355,-0.654115,-1.65535,-1.38054,-0.755885,-0.761672
-1.56974,-1.14722,-0.909223,-0.646969,-1.63669,-1.37166,-0.736667,-0.753123
-1.55019,-1.13867,-0.89086,-0.639788,-1.61637,-1.36169,-0.717403,-0.74418
-1.53099,-1.13004,-0.872266,-0.632542,-1.59641,-1.35162,-0.698096,-0.734846
-1.51126,-1.12091,-0.853442,-0.625197,-1.57591,-1.34096,-0.678751,-0.725127
-1.49144,-1.1115,-0.83439,-0.617721,-1.55531,-1.32997,-0.659372,-0.715027
-1.47158,-1.10183,-0.815118,-0.610082,-1.53467,-1.31866,-0.639962,-0.704549
-1.45214,-1.09213,-0.795634,-0.60225,-1.51446,-1.30732,-0.620525,-0.693694
-1.43135,-1.08152,-0.775949,-0.594199,-1.49284,-1.29489,-0.604959,-0.684742
-1.41199,-1.07141,-0.762058,-0.58842,-1.47272,-1.28305,-0.581587,-0.670871
-1.39172,-1.0606,-0.742062,-0.57994,-1.45165,-1.27039,-0.567943,-0.662537
-1.37163,-1.04967,-0.721904,-0.571177,-1.43076,-1.25756,-0.548441,-0.650326
-1.35068,-1.03804,-0.705673,-0.563951,-1.40898,-1.24392,-0.528927,-0.637758
-1.33042,-1.02657,-0.685269,-0.554636,-1.38792,-1.23045,-0.513312,-0.627454
-1.30962,-1.01458,-0.664748,-0.544993,-1.36628,-1.21636,-0.493786,-0.614265
-1.28974,-1.00292,-0.644128,-0.535012,-1.34561,-1.20266,-0.474252,-0.600737
-1.26898,-0.990538,-0.623426,-0.524685,-1.32401,-1.18809,-0.454711,-0.586878
-1.2479,-0.977761,-0.602655,-0.514008,-1.30209,-1.17305,-0.435163,-0.572696
-1.22638,-0.96451,-0.581833,-0.502977,-1.27971,-1.15744,-0.415606,-0.558196
-1.2066,-0.95214,-0.560972,-0.491591,-1.25913,-1.14286,-0.39604,-0.543386
-1.18523,-0.938587,-0.540088,-0.479852,-1.23689,-1.12687,-0.376464,-0.52827
-1.16393,-0.924886,-0.519193,-0.467759,-1.21473,-1.1107,-0.356877,-0.512854
-1.14177,-0.910435,-0.498298,-0.455318,-1.19168,-1.09363,-0.337279,-0.497143
-1.12152,-0.897051,-0.477415,-0.442532,-1.1706,-1.0778,-0.317666,-0.48114
-1.10062,-0.883072,-0.456555,-0.429411,-1.14885,-1.06127,-0.29804,-0.464851
-1.0792,-0.868569,-0.435727,-0.415962,-1.12654,-1.0441,-0.278401,-0.448282
-1.05782,-0.853925,-0.414937,-0.402196,-1.10429,-1.02675,-0.258749,-0.431439
-1.03556,-0.8385,-0.40041,-0.392374,-1.08111,-1.00847,-0.239081,-0.414326
-1.015,-0.824102,-0.379699,-0.37809,-1.0597,-0.991389,-0.225304,-0.402189
-0.993487,-0.80888,-0.359038,-0.363517,-1.0373,-0.973319,-0.20561,-0.384628
-0.971315,-0.79303,-0.338429,-0.348666,-1.01421,-0.954491,-0.1859,-0.366812
-0.94962,-0.777367,-0.317875,-0.33355,-0.991606,-0.935871,-0.166172,-0.348745
-0.928107,-0.76169,-0.297375,-0.31818,-0.969193,-0.917222,-0.146427,-0.330432
-0.906192,-0.745575,-0.276931,-0.302568,-0.946359,-0.898039,-0.126666,-0.311879
-0.885161,-0.729977,-0.256539,-0.286729,-0.924443,-0.879458,-0.106886,-0.293091
-0.862521,-0.713044,-0.236198,-0.270675,-0.900847,-0.859273,-0.0870887,-0.274075
-0.840822,-0.696682,-0.215905,-0.254418,-0.878229,-0.839755,-0.067272,-0.254836
-0.81873,-0.679893,-0.195658,-0.237973,-0.855198,-0.819714,-0.0474365,-0.23538
-0.796345,-0.662753,-0.175453,-0.221352,-0.83186,-0.79924,-0.0275829,-0.215713
-0.774709,-0.646066,-0.155286,-0.204565,-0.809298,-0.779294,-0.00771022,-0.195843
-0.752259,-0.628632,-0.135151,-0.187622,-0.785886,-0.758441,0.0121828,-0.175774
-0.730223,-0.611405,-0.115046,-0.170534,-0.762902,-0.737822,0.0320955,-0.155509
-0.707751,-0.593723,-0.0949688,-0.153311,-0.73946,-0.716645,0.0520266,-0.135055
-0.685123,-0.575807,-0.0749147,-0.135964,-0.715852,-0.695174,0.0719745,-0.114417
-0.663281,-0.558412,-0.0548802,-0.118503,-0.693062,-0.674314,0.0919384,-0.0936019
-0.639868,-0.539659,-0.034861,-0.100936,-0.66863,-0.651811,0.111917,-0.0726149
-0.618505,-0.522455,-0.0148531,-0.0832735,-0.646334,-0.631156,0.131911,-0.0514615
-0.596023,-0.504258,0.00514704,-0.0655242,-0.622867,-0.609295,0.151919,-0.0301482
-0.573151,-0.485652,0.0251431,-0.0476962,-0.598991,-0.58693,0.171939,-0.0086825
-0.550797,-0.467382,0.0451384,-0.0297972,-0.575653,-0.564956,0.191971,0.01293
-0.52767,-0.448394,0.0651362,-0.0118343,-0.551504,-0.542105,0.212014,0.0346835
-0.505807,-0.430366,0.0851393,0.0061849,-0.528673,-0.520399,0.232067,0.0565719
-0.483271,-0.411709,0.103148,0.0224425,-0.505137,-0.497925,0.252128,0.0785885
-0.460574,-0.392847,0.123166,0.0405451,-0.481431,-0.475191,0.270189,0.0985057
-0.437638,-0.373715,0.143196,0.0586821,-0.457472,-0.452122,0.290261,0.120743
-0.414422,-0.354281,0.163239,0.0768467,-0.433218,-0.428678,0.310336,0.143087
-0.39214,-0.335568,0.183298,0.0950339,-0.409938,-0.406092,0.330415,0.16553
-0.369386,-0.316401,0.203374,0.113238,-0.386163,-0.38295,0.350494,0.188066
-0.346394,-0.296978,0.223471,0.131456,-0.362137,-0.359489,0.370574,0.210689
-0.324104,-0.278096,0.24359,0.149681,-0.338842,-0.336674,0.390654,0.233392
-0.300986,-0.258466,0.263735,0.16791,-0.314682,-0.312946,0.410735,0.256168
-0.278483,-0.239314,0.283905,0.186138,-0.291162,-0.289787,0.430816,0.279012
-0.255696,-0.219878,0.304101,0.20436,-0.267342,-0.266279,0.450897,0.301917
-0.232327,-0.199907,0.324324,0.22257,-0.242914,-0.242116,0.470975,0.324875
-0.209407,-0.180285,0.344576,0.240764,-0.218953,-0.218369,0.491052,0.347878
-0.186267,-0.160444,0.364855,0.258938,-0.194762,-0.194351,0.511125,0.370919
-0.16396,-0.141289,0.385161,0.27709,-0.17144,-0.17116,0.531195,0.393992
-0.140969,-0.121523,0.405494,0.295216,-0.147402,-0.147224,0.551261,0.417093
-0.117529,-0.10135,0.425852,0.313311,-0.122893,-0.12279,0.57132,0.440212
-0.0948469,-0.0818119,0.446236,0.331376,-0.099177,-0.0991228,0.591372,0.463345
-0.0714359,-0.0616313,0.466645,0.34941,-0.0746977,-0.0746746,0.611417,0.486487
-0.0494616,-0.0426791,0.487078,0.367409,-0.0517203,-0.0517126,0.631454,0.509634
-0.0263303,-0.0227219,0.507536,0.385372,-0.0275328,-0.0275316,0.651484,0.532781
-0.00337809,-0.00291525,0.528017,0.403295,-0.00353237,-0.00353237,0.671507,0.555923
0.0196193,0.0169309,0.544417,0.417602,0.0205153,0.0205148,0.691523,0.579052
0.043688,0.0376983,0.564936,0.435444,0.0456831,0.0456778,0.707528,0.597542
0.0658627,0.0568254,0.585473,0.453236,0.0688701,0.068852,0.727528,0.620633
0.0883498,0.0762126,0.60603,0.470976,0.0923835,0.0923397,0.747518,0.643695
0.111985,0.0965757,0.626604,0.488659,0.117096,0.117007,0.767499,0.666722
0.1344,0.115872,0.647196,0.506281,0.140533,0.140379,0.787471,0.689706
0.157238,0.135513,0.667806,0.52384,0.164412,0.164165,0.807435,0.712642
0.180235,0.155267,0.688434,0.541331,0.188456,0.188083,0.827393,0.735525
0.202803,0.174626,0.709078,0.558748,0.21205,0.21152,0.847345,0.758348
0.225886,0.194397,0.729738,0.576088,0.236181,0.235448,0.867292,0.781103
0.248727,0.213926,0.750409,0.593343,0.260057,0.259078,0.887234,0.803783
0.27165,0.23349,0.771091,0.61051,0.284019,0.282744,0.907169,0.826382
0.294572,0.253012,0.791778,0.62758,0.307978,0.306351,0.927097,0.848891
0.317303,0.272327,0.81247,0.644549,0.331735,0.329701,0.947016,0.871304
0.340482,0.291975,0.833166,0.661412,0.355959,0.353445,0.966926,0.893611
0.362925,0.310949,0.853864,0.678165,0.379412,0.376365,0.986829,0.915807
0.386118,0.330501,0.874565,0.694801,0.403646,0.399976,1.00672,0.937887
0.409092,0.34981,0.895264,0.711313,0.427649,0.423282,1.02662,0.959843
0.431155,0.368295,0.915959,0.727692,0.450699,0.445584,1.0465,0.981664
0.454083,0.387439,0.936645,0.74393,0.47465,0.468672,1.06638,1.00334
0.476902,0.406423,0.95732,0.760021,0.498485,0.491555,1.08624,1.02487
0.49987,0.425458,0.977982,0.775957,0.522473,0.514489,1.1061,1.04623
0.521998,0.443723,0.99863,0.791733,0.545581,0.536483,1.12595,1.06742
0.544302,0.462058,1.01308,0.802679,0.568871,0.55855,1.14579,1.08844
0.567207,0.480802,1.0337,0.818169,0.592785,0.581097,1.15967,1.10304
0.589348,0.498838,1.0543,0.833481,0.615899,0.60278,1.1795,1.12373
0.612211,0.51737,1.07489,0.848614,0.639764,0.625047,1.19933,1.14423
0.634597,0.535423,1.09545,0.863563,0.663129,0.646726,1.21915,1.16452
0.657291,0.553624,1.11394,0.876855,0.686811,0.66857,1.23897,1.1846
0.67926,0.571148,1.13446,0.89144,0.709735,0.689588,1.2568,1.20249
0.701771,0.588999,1.15496,0.905828,0.733221,0.710984,1.27662,1.22216
0.72417,0.606653,1.17544,0.920015,0.756588,0.732132,1.29643,1.24159
0.746099,0.623828,1.19589,0.933997,0.779461,0.752692,1.31625,1.26079
0.768434,0.641206,1.21631,0.947771,0.802755,0.773482,1.33608,1.27975
0.790848,0.658525,1.23671,0.961329,0.826127,0.794187,1.35591,1.29846
0.812473,0.675116,1.25708,0.974669,0.848675,0.814008,1.37575,1.31692
0.834943,0.692227,1.27741,0.98779,0.8721,0.834438,1.39559,1.33511
0.856706,0.708672,1.29771,1.00069,0.894786,0.854059,1.41545,1.35305
0.878497,0.725008,1.31797,1.01336,0.917498,0.873536,1.43531,1.37071
0.900649,0.741477,1.33819,1.02579,0.940583,0.893158,1.45518,1.38809
0.922292,0.757428,1.35837,1.03799,0.963134,0.91215,1.47506,1.40519
0.94413,0.77338,1.37852,1.04996,0.985887,0.93113,1.49496,1.42201
0.965873,0.789115,1.39861,1.06167,1.00854,0.949838,1.51487,1.43852
0.987809,0.804836,1.41866,1.07315,1.03139,0.968517,1.53479,1.45474
1.00968,0.820351,1.43866,1.08438,1.05416,0.986937,1.55473,1.47065
1.03063,0.835062,1.4586,1.09535,1.07598,1.00439,1.57469,1.48625
1.05253,0.850277,1.47849,1.10607,1.09878,1.02243,1.59466,1.50154
1.07358,0.864737,1.49831,1.11653,1.1207,1.03956,1.61464,1.5165
1.09515,0.879383,1.51807,1.12673,1.14315,1.0569,1.63463,1.53113
1.11631,0.893584,1.53776,1.13666,1.16518,1.0737,1.65463,1.54543
1.13737,0.907543,1.55738,1.14633,1.1871,1.09021,1.67465,1.5594
1.15921,0.921829,1.57692,1.15573,1.20983,1.10709,1.69467,1.57302
1.17958,0.934972,1.5925,1.16306,1.23102,1.1226,1.7147,1.58629
1.20116,0.948711,1.6119,1.17196,1.25347,1.13881,1.73073,1.59666
1.22152,0.961485,1.63121,1.18059,1.27465,1.15387,1.75077,1.60929
1.24269,0.974575,1.65044,1.18893,1.29668,1.1693,1.77082,1.62156
1.26328,0.987106,1.66958,1.19699,1.31809,1.18405,1.79087,1.63346
1.28407,0.99956,1.68863,1.20477,1.33971,1.19871,1.81092,1.64499
1.30542,1.01213,1.70759,1.21226,1.36191,1.21349,1.83098,1.65615
1.32553,1.02377,1.72646,1.21946,1.38283,1.22716,1.85103,1.66693
1.34574,1.03526,1.74523,1.22637,1.40385,1.24066,1.87109,1.67733
1.36659,1.04689,1.7639,1.23299,1.42553,1.25431,1.89114,1.68734
1.38628,1.05766,1.78248,1.23931,1.44599,1.26694,1.91118,1.69697
1.40662,1.06857,1.80096,1.24533,1.46714,1.27973,1.93122,1.7062
1.4264,1.07895,1.81933,1.25106,1.4877,1.29189,1.95125,1.71504
1.44635,1.0892,1.83759,1.25648,1.50844,1.30389,1.97127,1.72348
1.46672,1.09943,1.85575,1.2616,1.52961,1.31585,1.99127,1.73151
1.48591,1.10884,1.8738,1.2664,1.54956,1.32685,2.01125,1.73914
1.506,1.11844,1.89172,1.27089,1.57044,1.33808,2.03122,1.74635
1.52583,1.12768,1.90953,1.27507,1.59106,1.34886,2.05115,1.75314
1.54511,1.13641,1.92722,1.27892,1.61109,1.35906,2.07106,1.7595
1.56487,1.14511,1.94478,1.28245,1.63163,1.36921,2.09093,1.76543
1.58373,1.15318,1.96222,1.28565,1.65124,1.37861,2.11075,1.77093
1.60345,1.16134,1.97953,1.28854,1.67173,1.38812,2.13054,1.776
1.62232,1.1689,1.99672,1.2911,1.69134,1.39692,2.15029,1.78063
1.64093,1.1761,2.01378,1.29335,1.71068,1.4053,2.16999,1.78483
1.66034,1.18334,2.03072,1.29527,1.73085,1.41372,2.18964,1.78861
1.67885,1.18998,2.04753,1.29688,1.75009,1.42144,2.20924,1.79196
1.69732,1.19635,2.06422,1.29817,1.76929,1.42884,2.22878,1.79487
1.7162,1.20258,2.08077,1.29913,1.78892,1.43607,2.24827,1.79736
1.73469,1.20839,2.0972,1.29978,1.80814,1.44282,2.26769,1.79942
1.75288,1.21384,2.11351,1.30011,1.82705,1.44914,2.28705,1.80106
1.77152,1.21913,2.12968,1.30011,1.84642,1.45527,2.30634,1.80226
1.78934,1.22391,2.14573,1.2998,1.86495,1.46081,2.32556,1.80304
1.80728,1.22844,2.16165,1.29917,1.8836,1.46605,2.3447,1.8034
1.82559,1.23276,2.17271,1.29853,1.90263,1.47104,2.36376,1.80333
1.84359,1.23671,2.18841,1.29735,1.92136,1.4756,2.37706,1.80303
1.86072,1.24017,2.20397,1.29585,1.93917,1.4796,2.39597,1.80224
1.87824,1.24343,2.21633,1.29441,1.95739,1.48335,2.4148,1.80102
1.89584,1.24639,2.23165,1.29231,1.9757,1.48676,2.42979,1.79975
1.9129,1.24895,2.2423,1.29065,1.99344,1.48971,2.44843,1.79778
1.93027,1.25126,2.25739,1.288,2.01151,1.49235,2.46142,1.79615
1.94697,1.25317,2.27233,1.28502,2.02889,1.49454,2.47987,1.79347
1.96405,1.25481,2.28714,1.28171,2.04666,1.49641,2.49821,1.79037
1.98095,1.25611,2.3018,1.27807,2.06425,1.49789,2.51642,1.78686
1.99777,1.25708,2.31633,1.27411,2.08176,1.49898,2.53449,1.78294
2.01415,1.2577,2.33071,1.26982,2.09881,1.49967,2.55244,1.77862
2.03042,1.258,2.34495,1.2652,2.11575,1.49998,2.57025,1.7739
2.0468,1.25798,2.35905,1.26026,2.1328,1.49991,2.58792,1.76878
2.06301,1.25762,2.37301,1.25501,2.14968,1.49946,2.60544,1.76326
2.07888,1.25693,2.38682,1.24943,2.16622,1.49863,2.62282,1.75737
2.09522,1.25588,2.40049,1.24353,2.18324,1.49737,2.64004,1.75109
2.11046,1.25457,2.41401,1.23733,2.19913,1.49581,2.6571,1.74444
2.12634,1.25287,2.42738,1.23081,2.21568,1.49378,2.67399,1.73741
2.14165,1.25088,2.44061,1.22398,2.23163,1.49144,2.69072,1.73002
2.15696,1.24854,2.45368,1.21686,2.2476,1.48868,2.70728,1.72228
2.17274,1.24577,2.46661,1.20943,2.26405,1.48542,2.72366,1.71418
2.18753,1.24282,2.47939,1.2017,2.27948,1.48195,2.73987,1.70575
2.20204,1.23958,2.49202,1.19367,2.29462,1.47815,2.7559,1.69697
2.21739,1.23579,2.5045,1.18535,2.31064,1.47369,2.77174,1.68785
2.23132,1.232,2.51682,1.17674,2.32519,1.46925,2.7874,1.67841
2.24596,1.22766,2.52899,1.16783,2.34048,1.46416,2.80286,1.66864
2.26014,1.2231,2.54099,1.15864,2.35528,1.45881,2.81813,1.65855
2.27473,1.21801,2.55284,1.14917,2.37053,1.45285,2.8332,1.64815
2.28865,1.21279,2.56453,1.13942,2.38506,1.44674,2.84807,1.63745
2.30218,1.20736,2.57607,1.1294,2.39921,1.44037,2.86273,1.62645
2.31595,1.20146,2.58745,1.1191,2.41361,1.43345,2.87719,1.61515
2.32956,1.19524,2.59867,1.10854,2.42784,1.42617,2.89145,1.60358
2.34326,1.18859,2.60973,1.09772,2.44218,1.41837,2.9055,1.59173
2.35618,1.18194,2.62063,1.08664,2.45569,1.41059,2.91934,1.57961
2.3691,1.17492,2.63138,1.07531,2.46921,1.40236,2.93297,1.56722
2.38222,1.16739,2.64196,1.06372,2.48296,1.39354,2.94639,1.55458
2.39487,1.15975,2.65239,1.05189,2.4962,1.38458,2.9596,1.54169
2.40742,1.15178,2.66265,1.03982,2.50935,1.37523,2.97259,1.52856
2.42045,1.14308,2.67275,1.0275,2.52301,1.36503,2.98537,1.51518
2.4324,1.1347,2.6827,1.01495,2.53554,1.3552,2.99794,1.50158
2.44469,1.12569,2.69248,1.00217,2.54842,1.34462,3.01028,1.48775
2.45641,1.11668,2.7021,0.989162,2.56073,1.33406,3.02242,1.4737
2.46826,1.10718,2.71157,0.975927,2.57316,1.3229,3.03434,1.45943
2.48003,1.09732,2.72087,0.96247,2.58552,1.31133,3.04605,1.44496
2.49147,1.08733,2.73,0.948796,2.59753,1.29959,3.05754,1.43028
2.50302,1.0768,2.73896,0.934909,2.60967,1.28721,3.06881,1.4154
2.51401,1.06637,2.74776,0.920813,2.62121,1.27495,3.07986,1.40034
2.52502,1.05549,2.75638,0.906513,2.63279,1.26215,3.09069,1.38508
2.53592,1.04428,2.76483,0.892014,2.64426,1.24897,3.1013,1.36964
2.54659,1.03288,2.77311,0.87732,2.65549,1.23555,3.11169,1.35403
2.55721,1.02109,2.78121,0.862435,2.66666,1.22167,3.12186,1.33824
2.5676,1.0091,2.78915,0.847364,2.67761,1.20754,3.13181,1.32229
2.57776,0.99693,2.7969,0.832111,2.68831,1.19319,3.14154,1.30618
2.58797,0.984243,2.80448,0.816682,2.69906,1.17823,3.15106,1.28991
2.59755,0.971885,2.81188,0.801086,2.70917,1.16365,3.16035,1.27349
2.60765,0.958371,2.8191,0.785332,2.71982,1.1477,3.16943,1.25692
2.6168,0.945679,2.82615,0.769424,2.72947,1.13271,3.1783,1.24022
2.62622,0.932149,2.83302,0.75337,2.73941,1.11673,3.18695,1.22339
2.63544,0.918414,2.8397,0.737177,2.74915,1.10049,3.19538,1.20644
2.64437,0.904627,2.84621,0.720849,2.75859,1.08418,3.20361,1.18937
2.6533,0.890356,2.85254,0.704395,2.76802,1.06729,3.21162,1.17218
2.66186,0.876192,2.85869,0.687819,2.77707,1.05052,3.21943,1.15489
2.67041,0.861527,2.86466,0.671129,2.78611,1.03315,3.22702,1.13749
2.6787,0.846806,2.87045,0.654328,2.79488,1.0157,3.23442,1.12
2.68696,0.831592,2.87606,0.637422,2.80364,0.997658,3.2416,1.10241
2.69495,0.816376,2.8815,0.620417,2.81209,0.979602,3.24859,1.08473
2.70261,0.801262,2.88675,0.603317,2.8202,0.961658,3.25538,1.06697
2.71036,0.785404,2.89183,0.586128,2.82842,0.942819,3.26197,1.04912
2.71783,0.769588,2.89673,0.568852,2.83634,0.924021,3.26836,1.0312
2.72511,0.753597,2.90144,0.551498,2.84406,0.905003,3.27456,1.0132
2.73221,0.737436,2.90598,0.534071,2.8516,0.885772,3.28056,0.995132
2.73912,0.72115,2.91033,0.516577,2.85893,0.866382,3.28637,0.976999
2.74585,0.704689,2.9145,0.499021,2.86608,0.846773,3.29198,0.958806
2.75248,0.687865,2.91848,0.481404,2.87312,0.826719,3.2974,0.940557
2.75885,0.671105,2.92227,0.463731,2.87989,0.806731,3.30264,0.922253
2.76526,0.653579,2.92587,0.446006,2.8867,0.78582,3.30767,0.903894
2.77116,0.636811,2.92928,0.428237,2.89298,0.765801,3.31252,0.885487
2.777,0.619592,2.9325,0.410429,2.8992,0.745231,3.31718,0.867035
2.78281,0.60178,2.93551,0.392589,2.90538,0.723943,3.32165,0.848543
2.78823,0.584481,2.93833,0.374721,2.91115,0.703258,3.32593,0.830016
2.79366,0.566427,2.94095,0.356828,2.91693,0.681657,3.33003,0.811456
2.79877,0.548715,2.94335,0.338918,2.92238,0.660456,3.33393,0.792864
2.8038,0.530579,2.94555,0.320995,2.92773,0.638737,3.33765,0.774245
2.80869,0.512127,2.94752,0.303056,2.93295,0.616628,3.34119,0.755601
2.81322,0.494249,2.94923,0.285072,2.93778,0.595196,3.34452,0.736926
2.81778,0.475449,2.95055,0.266925,2.94265,0.572649,3.34764,0.718189
2.82202,0.457091,2.95128,0.248439,2.94718,0.550621,3.35041,0.699264
2.82612,0.43849,2.95124,0.229463,2.95155,0.528293,3.35267,0.679963
2.83007,0.419657,2.95032,0.209907,2.95577,0.505676,3.35427,0.660123
2.8338,0.400919,2.94872,0.189979,2.95976,0.483164,3.35509,0.639647
2.83749,0.381356,2.94661,0.169852,2.9637,0.459651,3.35534,0.618745
2.84084,0.362575,2.94398,0.149516,2.96728,0.437069,3.35517,0.597593
2.84403,0.343645,2.94079,0.128985,2.97068,0.4143,3.35456,0.576167
2.84706,0.324464,2.93721,0.1084,2.97393,0.391221,3.35351,0.554472
2.84989,0.305393,2.93334,0.0878407,2.97696,0.368267,3.35215,0.532653
2.85263,0.285639,2.92923,0.0673641,2.97989,0.344482,3.35055,0.510793
2.85512,0.266369,2.92496,0.0470346,2.98254,0.321274,3.34878,0.488955
2.85744,0.246862,2.92058,0.0268809,2.98504,0.297774,3.3469,0.467209
2.85957,0.227482,2.91655,0.00890529,2.98732,0.27442,3.34493,0.445587
2.86154,0.207925,2.912,-0.0108809,2.98942,0.250847,3.34311,0.426245
2.86334,0.18816,2.90737,-0.0304697,2.99135,0.227018,3.34102,0.404894
2.86496,0.168312,2.90266,-0.049863,2.99309,0.203084,3.33888,0.38369
2.86639,0.148657,2.89786,-0.06906,2.99461,0.179379,3.33668,0.362634
2.86765,0.128714,2.89299,-0.0880609,2.99597,0.155322,3.33441,0.341726
2.8687,0.109343,2.88803,-0.106868,2.99709,0.131953,3.33208,0.320967
2.86961,0.0892129,2.88299,-0.125485,2.99806,0.107664,3.32966,0.300357
2.87032,0.0695747,2.87785,-0.14392,2.99882,0.0839669,3.32716,0.279892
2.87087,0.0494105,2.87261,-0.162175,2.99941,0.0596329,3.32457,0.259566
2.87122,0.0296143,2.86727,-0.180257,2.99979,0.0357416,3.32188,0.239377
2.8714,0.00991869,2.86183,-0.198173,2.99998,0.011971,3.31966,0.223322
2.8714,-0.0100813,2.85739,-0.212391,2.99998,-0.0121672,3.31617,0.199393
2.87122,-0.0298126,2.85174,-0.230022,2.99978,-0.035981,3.31375,0.18354
2.87085,-0.0501441,2.84713,-0.244014,2.99939,-0.0605182,3.31061,0.163833
2.87032,-0.069543,2.84126,-0.261365,2.99882,-0.0839287,3.30799,0.148157
2.8696,-0.0895282,2.83527,-0.278564,2.99805,-0.108045,3.30459,0.128672
2.8687,-0.10941,2.82916,-0.295616,2.99709,-0.132034,3.30104,0.10931
2.86763,-0.129059,2.82292,-0.312525,2.99594,-0.15574,3.29733,0.0900684
2.86632,-0.149694,2.81654,-0.329295,2.99454,-0.180631,3.29346,0.0709458
2.86487,-0.169477,2.81069,-0.344275,2.99299,-0.20449,3.28942,0.0519396
2.86332,-0.188448,2.80405,-0.360793,2.99132,-0.227365,3.28563,0.0349315
2.86152,-0.208107,2.79728,-0.377183,2.9894,-0.251066,3.28124,0.0161445
2.85956,-0.227577,2.79176,-0.390206,2.9873,-0.274535,3.27666,-0.00252397
2.85726,-0.248452,2.78475,-0.406376,2.98484,-0.29969,3.27286,-0.0173735
2.85503,-0.267093,2.77761,-0.422427,2.98245,-0.322147,3.26792,-0.0358275
2.85255,-0.286256,2.77035,-0.438365,2.9798,-0.345226,3.26278,-0.0541545
2.84983,-0.305867,2.76298,-0.454198,2.97688,-0.368837,3.25745,-0.0723511
2.84702,-0.324744,2.75552,-0.469932,2.97388,-0.391558,3.25192,-0.0904163
2.84374,-0.345359,2.74797,-0.48557,2.97038,-0.416363,3.24618,-0.108346
2.84064,-0.363749,2.74035,-0.501119,2.96706,-0.438482,3.24026,-0.126133
2.83715,-0.383236,2.73268,-0.516583,2.96333,-0.461912,3.23415,-0.143772
2.83367,-0.40162,2.72498,-0.531969,2.95961,-0.484007,3.22786,-0.161258
2.82962,-0.421855,2.71726,-0.547277,2.95529,-0.508317,3.22138,-0.178586
2.82548,-0.441453,2.70954,-0.56251,2.95087,-0.53185,3.21474,-0.195747
2.8218,-0.458092,2.70184,-0.577686,2.94693,-0.551823,3.20794,-0.21273
2.81757,-0.476334,2.69409,-0.592934,2.94242,-0.573711,3.20096,-0.229542
2.81307,-0.494844,2.68623,-0.608373,2.93763,-0.595909,3.19369,-0.24627
2.8084,-0.513236,2.67813,-0.624071,2.93264,-0.617957,3.18598,-0.263011
2.80336,-0.532179,2.6697,-0.640038,2.92727,-0.640654,3.17769,-0.279868
2.79865,-0.549168,2.66082,-0.656201,2.92225,-0.660999,3.16868,-0.296931
2.79352,-0.566889,2.65246,-0.670783,2.91679,-0.682211,3.15887,-0.314252
2.78816,-0.584717,2.64274,-0.68692,2.91107,-0.70354,3.14943,-0.330023
2.7824,-0.603043,2.6327,-0.702886,2.90495,-0.725453,3.13834,-0.34769
2.77679,-0.620232,2.62547,-0.713958,2.89897,-0.745996,3.1268,-0.365382
2.77088,-0.637625,2.61157,-0.734354,2.89269,-0.766772,3.11484,-0.383075
2.76501,-0.654282,2.60045,-0.74991,2.88644,-0.786659,3.10243,-0.400788
2.75871,-0.67147,2.5891,-0.76525,2.87975,-0.807167,3.0896,-0.418499
2.75235,-0.688215,2.58109,-0.775819,2.87298,-0.827137,3.07654,-0.436089
2.74577,-0.704881,2.5696,-0.790639,2.866,-0.847001,3.06336,-0.453473
2.7389,-0.721669,2.55471,-0.809352,2.8587,-0.867,3.05412,-0.465491
2.73202,-0.737891,2.54334,-0.823283,2.85139,-0.886314,3.03702,-0.487418
2.72483,-0.754222,2.53207,-0.836795,2.84377,-0.905746,3.02398,-0.503899
2.71764,-0.77,2.52089,-0.849877,2.83613,-0.92451,3.01106,-0.520029
2.71017,-0.785802,2.51202,-0.860031,2.82822,-0.943292,2.99828,-0.535799
2.70247,-0.801541,2.501,-0.872333,2.82005,-0.961989,2.98815,-0.548156
2.69473,-0.8168,2.49004,-0.884193,2.81186,-0.980106,2.97563,-0.563282
2.68655,-0.832366,2.47913,-0.895605,2.8032,-0.998576,2.96324,-0.578054
2.67851,-0.847146,2.46824,-0.906559,2.79468,-1.0161,2.95098,-0.592471
2.66983,-0.862526,2.45735,-0.917047,2.78551,-1.03433,2.93886,-0.606536
2.66172,-0.87642,2.44644,-0.927058,2.77692,-1.05079,2.92687,-0.620252
2.65306,-0.890742,2.43549,-0.93658,2.76777,-1.06775,2.915,-0.633621
2.64387,-0.905414,2.42447,-0.945599,2.75806,-1.08511,2.90325,-0.646643
2.6352,-0.918775,2.4156,-0.952441,2.7489,-1.10092,2.89161,-0.659321
2.62582,-0.932729,2.40444,-0.960514,2.73899,-1.11741,2.88239,-0.669215
2.61666,-0.945873,2.39316,-0.968034,2.72933,-1.13294,2.87096,-0.681271
2.6071,-0.959118,2.38177,-0.974987,2.71924,-1.14858,2.85965,-0.692977
2.59717,-0.97238,2.37025,-0.981355,2.70877,-1.16424,2.84844,-0.704335
2.58753,-0.984791,2.35859,-0.987126,2.69861,-1.17888,2.83734,-0.715343
2.57682,-0.998081,2.3468,-0.992288,2.68732,-1.19455,2.82634,-0.725995
2.56703,-1.00978,2.33488,-0.996837,2.677,-1.20833,2.81544,-0.736292
2.55685,-1.02149,2.32282,-1.00076,2.66629,-1.22214,2.80465,-0.746234
2.54631,-1.03319,2.31064,-1.00407,2.65519,-1.23591,2.79395,-0.755819
2.53573,-1.04448,2.29834,-1.00675,2.64406,-1.24921,2.78335,-0.765049
2.52477,-1.05575,2.28591,-1.0088,2.63253,-1.26246,2.77283,-0.773923
2.51377,-1.0666,2.27338,-1.01022,2.62097,-1.27522,2.76239,-0.782441
2.50271,-1.07709,2.26074,-1.01102,2.60934,-1.28755,2.75203,-0.790602
2.49123,-1.08754,2.24801,-1.01119,2.59727,-1.29984,2.74174,-0.798402
2.47958,-1.09771,2.23519,-1.01073,2.58504,-1.31178,2.73151,-0.805837
2.46808,-1.10733,2.22229,-1.00965,2.57297,-1.32308,2.72134,-0.812904
2.45629,-1.11678,2.20932,-1.00795,2.5606,-1.33417,2.71121,-0.819601
2.44413,-1.12611,2.19628,-1.00565,2.54784,-1.34512,2.70112,-0.825924
2.43209,-1.13493,2.18317,-1.00274,2.53521,-1.35546,2.69106,-0.831873
2.41984,-1.14349,2.17001,-0.999238,2.52237,-1.36552,2.68102,-0.837443
2.40739,-1.1518,2.1568,-0.995152,2.50932,-1.37525,2.67098,-0.842633
2.39472,-1.15985,2.14353,-0.990493,2.49605,-1.38469,2.66093,-0.847436
2.38199,-1.16753,2.1302,-0.985273,2.48272,-1.3937,2.65085,-0.851848
2.36893,-1.17502,2.11682,-0.979509,2.46904,-1.40247,2.64073,-0.855865
2.35585,-1.18212,2.10339,-0.973219,2.45534,-1.41079,2.63056,-0.859483
2.34272,-1.18886,2.0899,-0.966424,2.44161,-1.41869,2.62031,-0.8627
2.32923,-1.19539,2.07636,-0.959147,2.4275,-1.42635,2.60997,-0.86551
2.31555,-1.20164,2.06549,-0.952996,2.41318,-1.43366,2.59952,-0.867908
2.30189,-1.20748,2.05184,-0.944916,2.39891,-1.44051,2.59107,-0.869525
2.28823,-1.21296,2.03813,-0.936431,2.38463,-1.44692,2.5804,-0.871163
2.27408,-1.21825,2.02435,-0.927571,2.36985,-1.45313,2.56957,-0.872368
2.25994,-1.22316,2.01049,-0.91837,2.35507,-1.45889,2.55858,-0.873133
2.24529,-1.22787,1.99656,-0.908861,2.33977,-1.4644,2.5474,-0.87345
2.23126,-1.23202,1.98256,-0.899079,2.32513,-1.46927,2.53605,-0.873309
2.21654,-1.23601,1.96847,-0.889061,2.30976,-1.47395,2.52449,-0.872703
2.20175,-1.23965,1.95431,-0.878847,2.29432,-1.47823,2.51274,-0.871623
2.18701,-1.24293,1.9415,-0.869521,2.27894,-1.48208,2.50079,-0.870061
2.17189,-1.24593,1.92719,-0.859048,2.26317,-1.4856,2.48985,-0.868238
2.15683,-1.24857,1.91281,-0.848501,2.24746,-1.48871,2.47751,-0.865741
2.14144,-1.25091,1.90124,-0.840042,2.23142,-1.49147,2.46495,-0.86274
2.12604,-1.2529,1.88672,-0.829484,2.21536,-1.49383,2.45476,-0.859972
2.11045,-1.25458,1.87209,-0.818993,2.19911,-1.49581,2.44183,-0.85605
2.09471,-1.25592,1.85735,-0.808619,2.18271,-1.49741,2.4287,-0.851613
2.07859,-1.25695,1.84248,-0.798404,2.16592,-1.49865,2.41537,-0.846659
2.06283,-1.25762,1.83048,-0.790368,2.1495,-1.49946,2.40185,-0.841189
2.04651,-1.25798,1.81534,-0.780503,2.13251,-1.49992,2.3909,-0.836441
2.03043,-1.258,1.80001,-0.770846,2.11575,-1.49998,2.37704,-0.830041
2.01395,-1.2577,1.78447,-0.761398,2.0986,-1.49966,2.363,-0.823123
1.99739,-1.25706,1.7687,-0.752149,2.08136,-1.49896,2.34876,-0.815689
1.9807,-1.25609,1.75268,-0.743084,2.06399,-1.49787,2.33433,-0.807739
1.96398,-1.2548,1.7364,-0.734182,2.04659,-1.4964,2.31969,-0.799276
1.94653,-1.25312,1.72152,-0.726289,2.02843,-1.49449,2.30484,-0.790306
1.92975,-1.25119,1.70474,-0.717624,2.01097,-1.49228,2.29129,-0.781801
1.91267,-1.24892,1.68767,-0.709043,1.9932,-1.48967,2.27602,-0.771872
1.89533,-1.2463,1.67033,-0.700523,1.97517,-1.48666,2.26053,-0.761443
1.87802,-1.24339,1.65269,-0.69204,1.95716,-1.48331,2.24479,-0.750518
1.86017,-1.24007,1.63477,-0.683569,1.93859,-1.47948,2.2288,-0.739104
1.84299,-1.23658,1.61656,-0.675087,1.92073,-1.47545,2.21255,-0.727211
1.82485,-1.23259,1.59806,-0.666569,1.90187,-1.47085,2.19602,-0.714846
1.80714,-1.22841,1.58118,-0.658852,1.88345,-1.466,2.17922,-0.702021
1.78923,-1.22388,1.5679,-0.652805,1.86483,-1.46077,2.16385,-0.690092
1.77107,-1.21901,1.54869,-0.644081,1.84596,-1.45513,2.15173,-0.680565
1.75268,-1.21378,1.52923,-0.635239,1.82684,-1.44907,2.13417,-0.666584
1.73428,-1.20827,1.50951,-0.626258,1.80771,-1.44267,2.1163,-0.652181
1.71577,-1.20243,1.48954,-0.617119,1.78847,-1.4359,2.09813,-0.637369
1.69724,-1.19632,1.46934,-0.607804,1.76921,-1.42881,2.07966,-0.622161
1.67852,-1.18987,1.44892,-0.598295,1.74975,-1.42131,2.06087,-0.60657
1.65962,-1.18308,1.42827,-0.588579,1.73011,-1.41342,2.04178,-0.590607
1.64086,-1.17608,1.40742,-0.578639,1.71061,-1.40527,2.02238,-0.574285
1.6217,-1.16865,1.38636,-0.568463,1.69069,-1.39664,2.00267,-0.557616
1.60267,-1.16102,1.36511,-0.558038,1.67091,-1.38775,1.98264,-0.540611
1.58342,-1.15305,1.34368,-0.547353,1.65091,-1.37845,1.96232,-0.523281
1.56411,-1.14478,1.32208,-0.536401,1.63084,-1.36882,1.94169,-0.505638
1.54429,-1.13605,1.3003,-0.525175,1.61025,-1.35863,1.92076,-0.487696
1.52512,-1.12735,1.27837,-0.513663,1.59032,-1.34848,1.89953,-0.469465
1.5056,-1.11825,1.25629,-0.50186,1.57002,-1.33785,1.87802,-0.450954
1.48603,-1.1089,1.23407,-0.489764,1.54969,-1.32692,1.85622,-0.432174
1.46604,-1.09909,1.21172,-0.477367,1.52891,-1.31546,1.83415,-0.413137
1.44612,-1.08908,1.18925,-0.464668,1.5082,-1.30375,1.8118,-0.393851
1.4251,-1.07828,1.16666,-0.451665,1.48635,-1.2911,1.7892,-0.374327
1.40589,-1.06818,1.14397,-0.438355,1.46638,-1.27927,1.76633,-0.354574
1.3857,-1.05734,1.12118,-0.42474,1.44539,-1.26657,1.74323,-0.334603
1.3655,-1.04629,1.09831,-0.410828,1.42439,-1.2536,1.71988,-0.314423
1.34511,-1.0349,1.07537,-0.396619,1.40319,-1.24024,1.69632,-0.294051
1.32448,-1.02317,1.05237,-0.382115,1.38174,-1.22646,1.67254,-0.273496
1.30411,-1.01137,1.03163,-0.368811,1.36056,-1.21259,1.64857,-0.252765
1.28354,-0.999243,1.00856,-0.353752,1.33916,-1.19833,1.62683,-0.233962
1.26284,-0.986843,0.985457,-0.338406,1.31764,-1.18374,1.60251,-0.212916
1.24184,-0.974052,0.962351,-0.322776,1.29579,-1.16868,1.57803,-0.191712
1.2212,-0.961287,0.939254,-0.306867,1.27432,-1.15364,1.55341,-0.170356
1.20018,-0.948094,0.916182,-0.290686,1.25245,-1.13809,1.52865,-0.148853
1.1792,-0.934732,0.893148,-0.274241,1.23063,-1.12232,1.50378,-0.127208
1.15822,-0.921181,0.870165,-0.257542,1.20879,-1.10632,1.47879,-0.105429
1.13677,-0.907144,0.847245,-0.240597,1.18647,-1.08974,1.45372,-0.0835189
1.11575,-0.893208,0.831247,-0.228596,1.16459,-1.07326,1.42856,-0.0614844
1.09315,-0.878032,0.808466,-0.211263,1.14107,-1.0553,1.4109,-0.0459892
1.07299,-0.864333,0.788049,-0.195484,1.12008,-1.03908,1.3856,-0.0237567
1.05186,-0.849813,0.76547,-0.17777,1.09808,-1.02188,1.36279,-0.00365518
1.03006,-0.834666,0.743017,-0.159881,1.07539,-1.00392,1.33737,0.0187759
1.00873,-0.819679,0.720703,-0.141839,1.05317,-0.986139,1.31191,0.0413012
0.986879,-0.804173,0.702963,-0.127308,1.03042,-0.967729,1.28639,0.0639151
0.965231,-0.788653,0.680936,-0.109046,1.00787,-0.949289,1.26594,0.0820655
0.943804,-0.773143,0.663438,-0.0943723,0.985547,-0.930848,1.24033,0.104821
0.921908,-0.757146,0.641728,-0.075975,0.962734,-0.911814,1.21981,0.123073
0.899894,-0.740918,0.620205,-0.0575394,0.939796,-0.892492,1.19411,0.145941
0.877821,-0.724504,0.598874,-0.039095,0.916794,-0.872935,1.16836,0.168862
0.85609,-0.708209,0.577736,-0.0206718,0.894144,-0.853506,1.14255,0.191826
0.834243,-0.691696,0.556788,-0.00229874,0.871371,-0.833804,1.11667,0.214818
0.811727,-0.674545,0.536028,0.0159994,0.847897,-0.813327,1.09072,0.237825
0.79011,-0.657957,0.515452,0.034203,0.825358,-0.793508,1.06469,0.260833
0.768037,-0.640898,0.495053,0.0522945,0.802341,-0.773113,1.03857,0.283831
0.745695,-0.623512,0.474824,0.0702587,0.779039,-0.752314,1.01236,0.306803
0.723581,-0.60619,0.454751,0.0880835,0.755974,-0.731578,0.986066,0.329738
0.700757,-0.588197,0.434821,0.105761,0.732164,-0.710024,0.959675,0.352622
0.678702,-0.570704,0.415019,0.123286,0.709152,-0.689055,0.933191,0.375441
0.656107,-0.552678,0.395328,0.140656,0.685576,-0.667435,0.906617,0.398184
0.634209,-0.53511,0.375727,0.157871,0.662724,-0.646351,0.879957,0.420839
0.611594,-0.516871,0.356195,0.174935,0.63912,-0.624448,0.853216,0.443394
0.589067,-0.498609,0.336711,0.191855,0.615606,-0.602505,0.826398,0.46584
0.565773,-0.479631,0.317257,0.20864,0.591288,-0.579689,0.799514,0.488168
0.543706,-0.461569,0.297815,0.225299,0.568248,-0.557961,0.772575,0.510367
0.521542,-0.443348,0.278367,0.241845,0.545105,-0.536031,0.745595,0.532431
0.49894,-0.424689,0.258896,0.258291,0.521502,-0.513562,0.718586,0.554351
0.476128,-0.40578,0.239392,0.274654,0.497676,-0.49078,0.691564,0.576124
0.453648,-0.387077,0.219846,0.290952,0.474196,-0.468235,0.664548,0.597746
0.429871,-0.367221,0.200252,0.307203,0.449358,-0.444289,0.63756,0.619218
0.408223,-0.349081,0.180607,0.323423,0.426742,-0.422402,0.610621,0.640542
0.385238,-0.32976,0.160908,0.339627,0.402727,-0.399081,0.583756,0.661719
0.362473,-0.310567,0.141148,0.355831,0.378939,-0.375904,0.556985,0.682752
0.339822,-0.291416,0.12132,0.372045,0.355269,-0.352769,0.530326,0.703641
0.315511,-0.270805,0.101416,0.388281,0.329862,-0.327862,0.503795,0.724389
0.294199,-0.252694,0.0814309,0.404548,0.307588,-0.305967,0.477405,0.744997
0.2713,-0.233191,0.0613612,0.420853,0.283653,-0.282382,0.451171,0.765466
0.248405,-0.213652,0.0411986,0.437205,0.259721,-0.258746,0.425107,0.785797
0.225243,-0.193846,0.0209392,0.453607,0.235508,-0.234781,0.399222,0.805992
0.202816,-0.174637,0.000582564,0.470066,0.212063,-0.211532,0.373527,0.826054
0.179804,-0.154896,-0.0198736,0.486583,0.188005,-0.187635,0.348033,0.845984
0.156718,-0.135065,-0.0404296,0.50316,0.163868,-0.163623,0.322749,0.865783
0.13389,-0.115433,-0.0610875,0.519796,0.14,-0.139847,0.297685,0.885452
0.110938,-0.0956746,-0.0818456,0.536491,0.116002,-0.115916,0.272844,0.904991
0.0878006,-0.0757392,-0.102703,0.553241,0.0918092,-0.0917662,0.248235,0.924399
0.065283,-0.0563255,-0.123657,0.570045,0.068264,-0.0682463,0.223863,0.943676
0.0419964,-0.0362389,-0.144709,0.5869,0.0439143,-0.0439096,0.199732,0.962823
0.0193384,-0.0166885,-0.165858,0.603802,0.0202216,-0.0202212,0.175845,0.981838
-0.0035695,0.00308043,-0.187105,0.620748,-0.00373252,0.00373252,0.152202,1.00072
-0.0268746,0.0231916,-0.20417,0.634334,-0.0281019,0.0281007,0.128804,1.01947
-0.0500927,0.0432236,-0.225587,0.651347,-0.0523802,0.0523723,0.110262,1.03438
-0.072975,0.0629584,-0.2471,0.668388,-0.0763071,0.0762824,0.0873032,1.05289
-0.0956719,0.0825228,-0.268705,0.685453,-0.10004,0.099984,0.0645849,1.07126
-0.118359,0.102065,-0.290402,0.702533,-0.123761,0.123656,0.0421047,1.08949
-0.141782,0.122223,-0.312186,0.71962,-0.148252,0.148071,0.0198578,1.10758
-0.164287,0.141571,-0.334053,0.736707,-0.171782,0.1715,-0.00215851,1.12553
-0.187071,0.161134,-0.356,0.753784,-0.195603,0.195186,-0.0239477,1.14332
-0.210081,0.180863,-0.378025,0.770843,-0.219658,0.219069,-0.0455159,1.16096
-0.233111,0.200578,-0.400123,0.787874,-0.243734,0.242928,-0.0668708,1.17844
-0.255746,0.219921,-0.422289,0.804868,-0.267395,0.266331,-0.0880187,1.19577
-0.278612,0.239424,-0.444518,0.821814,-0.291296,0.28992,-0.108966,1.21293
-0.30142,0.258835,-0.466806,0.838705,-0.315135,0.313391,-0.129721,1.22991
-0.32427,0.278238,-0.489144,0.855532,-0.339017,0.336845,-0.15029,1.24673
-0.347269,0.297718,-0.511529,0.872282,-0.363051,0.360383,-0.170679,1.26338
-0.370025,0.316941,-0.533958,0.888948,-0.386831,0.383602,-0.190901,1.27984
-0.392726,0.336061,-0.556424,0.905519,-0.410551,0.406688,-0.210964,1.29612
-0.415415,0.355113,-0.578922,0.921987,-0.434255,0.429682,-0.230878,1.31222
-0.438118,0.374116,-0.601444,0.938343,-0.457973,0.452605,-0.25065,1.32814
-0.460941,0.393152,-0.623986,0.954577,-0.481813,0.475559,-0.27029,1.34386
-0.484033,0.412341,-0.646542,0.970681,-0.505933,0.498686,-0.289808,1.3594
-0.506033,0.430553,-0.669106,0.986643,-0.528909,0.520624,-0.309213,1.37475
-0.528756,0.449287,-0.691674,1.00245,-0.552638,0.543181,-0.328516,1.3899
-0.551338,0.467825,-0.714239,1.0181,-0.576217,0.565488,-0.347726,1.40486
-0.573813,0.486192,-0.736795,1.03358,-0.599682,0.587579,-0.366852,1.41961
-0.597254,0.505257,-0.759335,1.04888,-0.624152,0.610495,-0.385903,1.43418
-0.61899,0.522847,-0.781854,1.06399,-0.64684,0.631626,-0.404888,1.44854
-0.64126,0.540777,-0.804346,1.07891,-0.670082,0.653153,-0.423815,1.46271
-0.663748,0.558785,-0.826808,1.09362,-0.693549,0.674761,-0.442694,1.47668
-0.686071,0.57656,-0.849235,1.10813,-0.716842,0.696077,-0.461535,1.49046
-0.708492,0.594308,-0.871618,1.12241,-0.740233,0.717346,-0.480347,1.50404
-0.730625,0.611719,-0.893951,1.13647,-0.76332,0.738198,-0.499136,1.51743
-0.752849,0.629092,-0.916227,1.15029,-0.7865,0.758991,-0.517906,1.53063
-0.774993,0.646287,-0.938441,1.16386,-0.809595,0.779557,-0.536665,1.54363
-0.797069,0.663309,-0.960587,1.17718,-0.832614,0.799904,-0.555419,1.55644
-0.81992,0.680801,-0.982661,1.19025,-0.856439,0.820798,-0.574175,1.56906
-0.841611,0.697279,-1.00466,1.20305,-0.879051,0.840467,-0.59294,1.58149
-0.863242,0.713586,-1.02658,1.21558,-0.901599,0.859919,-0.61172,1.59374
-0.88533,0.730103,-1.04841,1.22784,-0.924619,0.879608,-0.630523,1.6058
-0.907551,0.746579,-1.07016,1.2398,-0.947775,0.899234,-0.649354,1.61768
-0.929102,0.762418,-1.09182,1.25147,-0.97023,0.918089,-0.66822,1.62937
-0.950631,0.778101,-1.11339,1.26284,-0.99266,0.936744,-0.687127,1.64088
-0.972061,0.793565,-1.13486,1.2739,-1.01498,0.955127,-0.70608,1.6522
-0.993601,0.808961,-1.15623,1.28465,-1.03742,0.973415,-0.725084,1.66334
-1.0153,0.824317,-1.1775,1.29508,-1.06002,0.991644,-0.744144,1.6743
-1.03681,0.839374,-1.19866,1.30519,-1.08242,1.00951,-0.763261,1.68507
-1.05836,0.854301,-1.21971,1.31496,-1.10486,1.0272,-0.782441,1.69566
-1.07983,0.869001,-1.23438,1.32161,-1.12721,1.04461,-0.801687,1.70606
-1.10191,0.883937,-1.25523,1.33082,-1.15018,1.06229,-0.815199,1.71323
-1.12265,0.897801,-1.27596,1.3397,-1.17177,1.07869,-0.834561,1.72333
-1.14367,0.911682,-1.29657,1.34824,-1.19365,1.0951,-0.853991,1.73325
-1.16546,0.925876,-1.31706,1.35643,-1.21632,1.11187,-0.873498,1.74298
-1.18595,0.939049,-1.33742,1.36429,-1.23765,1.12742,-0.893086,1.75253
-1.20692,0.952342,-1.35763,1.37183,-1.25946,1.1431,-0.912743,1.76191
-1.22771,0.965335,-1.3777,1.37904,-1.28109,1.15841,-0.932463,1.77113
-1.24872,0.978266,-1.39763,1.38591,-1.30295,1.17364,-0.952248,1.78017
-1.26922,0.990686,-1.41741,1.39244,-1.32427,1.18827,-0.972106,1.78904
-1.29,1.00308,-1.43705,1.39862,-1.34588,1.20284,-0.99204,1.79773
-1.31081,1.01527,-1.45655,1.40445,-1.36752,1.21718,-1.01205,1.80623
-1.33119,1.02701,-1.47589,1.40992,-1.38872,1.23097,-1.03215,1.81454
-1.35188,1.0387,-1.49508,1.41502,-1.41023,1.2447,-1.05232,1.82266
-1.37212,1.04993,-1.51413,1.41975,-1.43127,1.25788,-1.07259,1.83056
-1.39317,1.06138,-1.52926,1.42327,-1.45315,1.2713,-1.09294,1.83824
-1.41287,1.07187,-1.54803,1.42732,-1.47363,1.28359,-1.10929,1.84423
-1.43295,1.08234,-1.56665,1.431,-1.49451,1.29586,-1.12981,1.85151
-1.45255,1.09234,-1.58512,1.4343,-1.51488,1.30756,-1.15042,1.85855
-1.47257,1.10232,-1.60342,1.43723,-1.5357,1.31923,-1.17113,1.86535
-1.49207,1.11181,-1.62156,1.43979,-1.55597,1.33033,-1.19191,1.87191
-1.51213,1.12132,-1.63953,1.44197,-1.57682,1.34144,-1.21278,1.87823
-1.53137,1.13021,-1.65734,1.44378,-1.59682,1.35182,-1.23373,1.88428
-1.55094,1.13901,-1.67497,1.44522,-1.61716,1.36209,-1.25475,1.89007
-1.56999,1.14733,-1.69242,1.44629,-1.63695,1.37179,-1.27584,1.89559
-1.58958,1.15562,-1.7097,1.44698,-1.65731,1.38146,-1.297,1.90083
-1.60878,1.1635,-1.7268,1.44731,-1.67726,1.39063,-1.31822,1.90577
-1.62775,1.17103,-1.74371,1.44727,-1.69699,1.3994,-1.33949,1.91042
-1.64731,1.17851,-1.76044,1.44687,-1.71732,1.40811,-1.36082,1.91476
-1.66572,1.1853,-1.77698,1.44611,-1.73645,1.416,-1.38218,1.91879
-1.68462,1.192,-1.79332,1.44499,-1.75609,1.42379,-1.40357,1.92251
-1.70348,1.19841,-1.80947,1.44351,-1.77569,1.43123,-1.425,1.92589
-1.72169,1.20433,-1.82543,1.44168,-1.79463,1.43811,-1.44644,1.92894
-1.74084,1.21026,-1.84118,1.43951,-1.81452,1.44499,-1.46789,1.93164
-1.75862,1.2155,-1.85674,1.437,-1.83301,1.45106,-1.48934,1.93399
-1.77668,1.22055,-1.87208,1.43416,-1.85179,1.45691,-1.51078,1.936
-1.79484,1.22533,-1.8842,1.43168,-1.87066,1.46245,-1.53219,1.93766
-1.81316,1.22986,-1.89916,1.4283,-1.88971,1.46769,-1.54927,1.93874
-1.83134,1.23406,-1.91391,1.42462,-1.90862,1.47254,-1.57059,1.93977
-1.8483,1.23769,-1.92845,1.42064,-1.92625,1.47673,-1.59184,1.94046
-1.86607,1.2412,-1.94277,1.41638,-1.94473,1.48078,-1.61301,1.94078
-1.88383,1.2444,-1.95689,1.41182,-1.9632,1.48447,-1.63411,1.94074
-1.90105,1.2472,-1.9708,1.40697,-1.98111,1.4877,-1.65511,1.94033
-1.91939,1.24985,-1.98315,1.40236,-2.00019,1.49074,-1.67601,1.93954
-1.93519,1.25185,-1.99667,1.39698,-2.01663,1.49303,-1.69472,1.9385
-1.95253,1.25374,-2.00998,1.39131,-2.03467,1.49519,-1.71538,1.93698
-1.96972,1.25528,-2.0231,1.38537,-2.05256,1.49695,-1.73591,1.93508
-1.98596,1.25643,-2.03601,1.37916,-2.06947,1.49825,-1.7563,1.93278
-2.00249,1.25729,-2.04872,1.37267,-2.08667,1.49921,-1.77652,1.93009
-2.01893,1.25782,-2.06122,1.36592,-2.10379,1.4998,-1.79656,1.92701
-2.03552,1.25803,-2.07353,1.3589,-2.12106,1.5,-1.81641,1.92353
-2.05172,1.2579,-2.08563,1.35162,-2.13793,1.49981,-1.83606,1.91964
-2.06775,1.25745,-2.09517,1.3456,-2.15463,1.49925,-1.8555,1.91536
-2.084,1.25664,-2.10697,1.33775,-2.17155,1.49828,-1.87089,1.91165
-2.09957,1.25554,-2.11872,1.32934,-2.18778,1.49696,-1.88995,1.90655
-2.1153,1.25409,-2.13054,1.32017,-2.20417,1.49524,-1.90887,1.90073
-2.13086,1.25231,-2.14253,1.31006,-2.22039,1.49313,-1.92773,1.89396
-2.14632,1.2502,-2.15473,1.29894,-2.2365,1.49064,-1.94658,1.88605
-2.16165,1.24776,-2.16697,1.2871,-2.2525,1.48776,-1.96541,1.87692
-2.17659,1.24503,-2.17914,1.27471,-2.26808,1.48455,-1.98409,1.86692
-2.19161,1.24194,-2.19124,1.26173,-2.28374,1.48092,-2.00254,1.85622
-2.20676,1.23846,-2.20323,1.24815,-2.29955,1.47683,-2.02077,1.84481
-2.22186,1.23461,-2.21505,1.23411,-2.31531,1.47231,-2.03876,1.83268
-2.23658,1.23049,-2.22665,1.21974,-2.33067,1.46747,-2.05645,1.82
-2.2501,1.22637,-2.23802,1.20509,-2.34479,1.46264,-2.0738,1.80688
-2.26438,1.22166,-2.24913,1.19024,-2.35971,1.45712,-2.09079,1.7934
-2.27852,1.21663,-2.25998,1.17525,-2.37448,1.45123,-2.10739,1.77964
-2.29254,1.21127,-2.27058,1.16015,-2.38913,1.44495,-2.12359,1.76565
-2.30649,1.20555,-2.28092,1.14495,-2.40372,1.43825,-2.13937,1.75145
-2.32002,1.19964,-2.29103,1.12966,-2.41786,1.43132,-2.15473,1.73706
-2.33382,1.19321,-2.30093,1.11431,-2.4323,1.42379,-2.16965,1.72249
-2.34749,1.18645,-2.30966,1.10043,-2.4466,1.41587,-2.18415,1.70774
-2.36007,1.17987,-2.3192,1.08497,-2.45976,1.40816,-2.19681,1.69433
-2.37315,1.17264,-2.32858,1.06946,-2.47346,1.39969,-2.21047,1.67929
-2.38602,1.16514,-2.33507,1.05858,-2.48693,1.39089,-2.22368,1.66408
-2.39864,1.1574,-2.34424,1.04301,-2.50015,1.38182,-2.23267,1.65335
-2.41144,1.14914,-2.35333,1.02741,-2.51356,1.37214,-2.24514,1.63789
-2.42372,1.14082,-2.36235,1.0118,-2.52644,1.36238,-2.25717,1.62229
-2.43601,1.1321,-2.37043,0.997742,-2.53932,1.35214,-2.26875,1.60655
-2.44817,1.12305,-2.3794,0.982138,-2.55208,1.34153,-2.27879,1.59227
-2.46009,1.11378,-2.38836,0.966564,-2.56459,1.33065,-2.28954,1.5763
-2.47196,1.10413,-2.39736,0.951039,-2.57704,1.31932,-2.29983,1.56022
-2.4836,1.09425,-2.4064,0.935587,-2.58927,1.30771,-2.30968,1.54406
-2.49551,1.0837,-2.41554,0.920218,-2.60177,1.29532,-2.31908,1.52782
-2.50654,1.07351,-2.42497,0.904865,-2.61336,1.28334,-2.32805,1.51151
-2.51735,1.06311,-2.43484,0.889473,-2.62473,1.27112,-2.3366,1.49501
-2.52851,1.05195,-2.44525,0.873977,-2.63646,1.25799,-2.34477,1.4782
-2.53935,1.04067,-2.45625,0.858277,-2.64787,1.24472,-2.35257,1.46094
-2.54987,1.0293,-2.46771,0.842326,-2.65893,1.23133,-2.36005,1.44304
-2.56024,1.01765,-2.47932,0.826195,-2.66985,1.21761,-2.36724,1.4244
-2.57064,1.00551,-2.49097,0.809902,-2.68081,1.2033,-2.37414,1.4051
-2.58081,0.993189,-2.50265,0.793497,-2.69152,1.18878,-2.38076,1.38513
-2.59069,0.980772,-2.51434,0.777073,-2.70194,1.17414,-2.38712,1.36454
-2.60047,0.968036,-2.52605,0.760667,-2.71224,1.15911,-2.3932,1.34348
-2.61012,0.954988,-2.53784,0.744239,-2.72243,1.14371,-2.39901,1.32203
-2.61969,0.941586,-2.54963,0.727866,-2.73252,1.12788,-2.40292,1.30677
-2.62911,0.9279,-2.56131,0.711674,-2.74246,1.1117,-2.40985,1.27801
-2.63808,0.914396,-2.56937,0.700483,-2.75193,1.09574,-2.41484,1.25575
-2.64702,0.900452,-2.58181,0.683176,-2.76138,1.07924,-2.41815,1.24017
-2.65584,0.886195,-2.59283,0.667779,-2.77071,1.06237,-2.42305,1.21573
-2.66441,0.87186,-2.60356,0.652721,-2.77977,1.04539,-2.42717,1.19363
-2.67313,0.856753,-2.614,0.638006,-2.78899,1.02749,-2.43099,1.17168
-2.68118,0.842294,-2.62414,0.623626,-2.79751,1.01035,-2.43449,1.1499
-2.68937,0.827071,-2.63398,0.609566,-2.80618,0.992295,-2.43771,1.12829
-2.69713,0.812115,-2.64353,0.595804,-2.8144,0.974545,-2.44063,1.10686
-2.70508,0.79626,-2.65279,0.582316,-2.82283,0.955717,-2.44329,1.08558
-2.71277,0.780373,-2.66176,0.569073,-2.83097,0.936841,-2.4457,1.06447
-2.71997,0.764948,-2.67046,0.556045,-2.83861,0.918503,-2.44788,1.04351
-2.72737,0.748521,-2.67887,0.543195,-2.84646,0.898964,-2.44983,1.02271
-2.73436,0.732425,-2.68701,0.530485,-2.85388,0.879807,-2.45158,1.00205
-2.74121,0.716089,-2.69486,0.517874,-2.86115,0.860354,-2.45314,0.981534
-2.74789,0.699582,-2.70244,0.505319,-2.86824,0.840686,-2.45453,0.961161
-2.75464,0.682255,-2.70972,0.492779,-2.87542,0.820031,-2.45577,0.940929
-2.7608,0.665835,-2.71671,0.480211,-2.88197,0.800445,-2.45686,0.920844
-2.76703,0.648628,-2.72339,0.467571,-2.88858,0.779909,-2.45782,0.900911
-2.77352,0.629944,-2.72975,0.454819,-2.89549,0.757599,-2.45865,0.881138
-2.77896,0.613658,-2.73577,0.441912,-2.90128,0.738141,-2.45937,0.861536
-2.78456,0.596251,-2.74145,0.428806,-2.90725,0.717333,-2.45997,0.842116
-2.79075,0.576204,-2.74675,0.415462,-2.91383,0.693356,-2.46047,0.822888
-2.79531,0.560803,-2.75168,0.401846,-2.91869,0.674927,-2.46085,0.803866
-2.80036,0.543057,-2.75619,0.387928,-2.92408,0.653682,-2.46113,0.785065
-2.80545,0.524438,-2.76028,0.373684,-2.92949,0.63138,-2.4613,0.766501
-2.81013,0.506498,-2.76392,0.359087,-2.93449,0.609881,-2.46135,0.748195
-2.81468,0.488339,-2.76708,0.344114,-2.93934,0.588109,-2.46129,0.730159
-2.81904,0.470068,-2.76976,0.328754,-2.944,0.566194,-2.46109,0.712405
-2.82337,0.451096,-2.77194,0.313003,-2.94861,0.543426,-2.46078,0.694943
-2.82735,0.432725,-2.77361,0.296859,-2.95287,0.521371,-2.46033,0.677782
-2.83124,0.41388,-2.77475,0.280328,-2.95702,0.498736,-2.45976,0.660927
-2.83518,0.393726,-2.77537,0.263424,-2.96123,0.474521,-2.45905,0.644381
-2.83846,0.376015,-2.77544,0.246163,-2.96474,0.453231,-2.45822,0.628145
-2.8418,0.357011,-2.77498,0.228565,-2.9683,0.430378,-2.45725,0.612216
-2.84503,0.337419,-2.77398,0.210652,-2.97176,0.40681,-2.45616,0.596591
-2.84802,0.318149,-2.77244,0.192448,-2.97495,0.383621,-2.45493,0.581262
-2.85079,0.299112,-2.77037,0.173978,-2.97791,0.360705,-2.45359,0.566221
-2.85338,0.279966,-2.76777,0.155271,-2.98069,0.33765,-2.45213,0.551459
-2.85584,0.260453,-2.76465,0.136356,-2.98332,0.314148,-2.45055,0.536965
-2.85812,0.240895,-2.76103,0.117261,-2.98576,0.290583,-2.44886,0.522727
-2.86019,0.221529,-2.75691,0.0980138,-2.98798,0.267245,-2.44707,0.508732
-2.86212,0.201743,-2.7523,0.078641,-2.99004,0.243395,-2.44518,0.494968
-2.86386,0.182073,-2.7472,0.0591652,-2.9919,0.219679,-2.4432,0.481421
-2.86541,0.162412,-2.74164,0.0396078,-2.99356,0.195969,-2.44112,0.468077
-2.8668,0.142452,-2.73562,0.0199896,-2.99505,0.171895,-2.43896,0.454918
-2.86799,0.122921,-2.72915,0.000333182,-2.99632,0.148335,-2.43672,0.44193
-2.86902,0.102708,-2.72223,-0.0193394,-2.99743,0.123948,-2.4344,0.429097
-2.86985,0.0830811,-2.71489,-0.0390094,-2.99832,0.100265,-2.432,0.416405
-2.87051,0.0632031,-2.70712,-0.0586576,-2.99903,0.0762779,-2.42953,0.403838
-2.87099,0.0433915,-2.69978,-0.0763056,-2.99954,0.0523689,-2.42697,0.391379
-2.87129,0.0236838,-2.69124,-0.0958556,-2.99986,0.0285842,-2.42461,0.380248
-2.87142,0.00316618,-2.6823,-0.115325,-3,0.00382131,-2.4219,0.36796
-2.87136,-0.0162411,-2.67299,-0.134697,-2.99994,-0.0196015,-2.41911,0.355743
-2.87113,-0.0359074,-2.66331,-0.153954,-2.99969,-0.0433367,-2.41624,0.343585
-2.8707,-0.0562036,-2.65328,-0.17308,-2.99923,-0.0678309,-2.41327,0.331473
-2.87012,-0.0756291,-2.64289,-0.192057,-2.99861,-0.091273,-2.4102,0.319399
-2.86935,-0.0954589,-2.63216,-0.210871,-2.99778,-0.115201,-2.40702,0.307353
-2.8684,-0.115313,-2.62109,-0.229508,-2.99676,-0.139155,-2.40372,0.295327
-2.86725,-0.135421,-2.60971,-0.247956,-2.99553,-0.163413,-2.40029,0.283314
-2.86595,-0.154946,-2.59802,-0.266202,-2.99415,-0.186965,-2.39673,0.271307
-2.86446,-0.174676,-2.58603,-0.284235,-2.99255,-0.210759,-2.39303,0.259301
-2.86274,-0.194947,-2.57376,-0.302048,-2.99071,-0.235202,-2.38917,0.247292
-2.86094,-0.214047,-2.56121,-0.319636,-2.98878,-0.258227,-2.38514,0.235271
-2.85894,-0.233458,-2.54841,-0.336991,-2.98663,-0.281621,-2.38094,0.223233
-2.8567,-0.253313,-2.53537,-0.354109,-2.98423,-0.305545,-2.37656,0.211173
-2.8543,-0.272847,-2.5221,-0.370984,-2.98167,-0.329076,-2.37199,0.199085
-2.8517,-0.292509,-2.50864,-0.387613,-2.97889,-0.352755,-2.36722,0.186968
-2.84902,-0.311423,-2.49498,-0.403992,-2.97602,-0.375525,-2.36225,0.174817
-2.8461,-0.330671,-2.48533,-0.415307,-2.9729,-0.398691,-2.35705,0.162631
-2.84301,-0.349809,-2.46721,-0.435992,-2.9696,-0.421715,-2.35328,0.154077
-2.83974,-0.368867,-2.45314,-0.451609,-2.9661,-0.444635,-2.34598,0.138141
-2.83622,-0.388207,-2.44323,-0.462389,-2.96234,-0.467887,-2.34009,0.125836
-2.83267,-0.4067,-2.42476,-0.482078,-2.95855,-0.49011,-2.33395,0.113491
-2.82884,-0.425612,-2.41052,-0.496933,-2.95446,-0.512828,-2.32755,0.101105
-2.8248,-0.444585,-2.39628,-0.511538,-2.95014,-0.535611,-2.32089,0.0886778
-2.82068,-0.462993,-2.38208,-0.525896,-2.94574,-0.557705,-2.31396,0.0762113
-2.81634,-0.48148,-2.36796,-0.540012,-2.94111,-0.579883,-2.30675,0.0637061
-2.81183,-0.499833,-2.35396,-0.55389,-2.9363,-0.601891,-2.29927,0.0511644
-2.80702,-0.518503,-2.34011,-0.567535,-2.93117,-0.624268,-2.29149,0.0385904
-2.8022,-0.536436,-2.32647,-0.580958,-2.92603,-0.645753,-2.28342,0.0259875
-2.79714,-0.554439,-2.31307,-0.594167,-2.92065,-0.66731,-2.27505,0.0133575
-2.79189,-0.572402,-2.30385,-0.603293,-2.91504,-0.688807,-2.26638,0.000702726
-2.78645,-0.590224,-2.2871,-0.619999,-2.90926,-0.710127,-2.26013,-0.00816922
-2.7807,-0.608339,-2.27458,-0.632654,-2.90313,-0.731783,-2.24813,-0.0246763
-2.77507,-0.625353,-2.26237,-0.645159,-2.89714,-0.752114,-2.23854,-0.0374035
-2.76915,-0.642593,-2.25048,-0.65753,-2.89085,-0.772704,-2.22864,-0.0501649
-2.76304,-0.659724,-2.23891,-0.669783,-2.88435,-0.793153,-2.21843,-0.0629662
-2.75679,-0.67659,-2.22764,-0.681927,-2.8777,-0.813275,-2.20792,-0.0758125
-2.75027,-0.693533,-2.21992,-0.690369,-2.87078,-0.833477,-2.19709,-0.0887082
-2.7436,-0.710258,-2.20592,-0.70593,-2.86369,-0.853407,-2.18933,-0.0977679
-2.73684,-0.726578,-2.19544,-0.717797,-2.85652,-0.872846,-2.17453,-0.11467
-2.7297,-0.74323,-2.18516,-0.729577,-2.84893,-0.892668,-2.1628,-0.127743
-2.72269,-0.758967,-2.17507,-0.741267,-2.8415,-0.91139,-2.15079,-0.140877
-2.71534,-0.774919,-2.16513,-0.752864,-2.8337,-0.930358,-2.13848,-0.154074
-2.70768,-0.790947,-2.15531,-0.764363,-2.82558,-0.949406,-2.12589,-0.167333
-2.70007,-0.806327,-2.14559,-0.775759,-2.81751,-0.967673,-2.11302,-0.180654
-2.69205,-0.821962,-2.13592,-0.787042,-2.80902,-0.986232,-2.09988,-0.194036
-2.68402,-0.837072,-2.1263,-0.798197,-2.80052,-1.00416,-2.08647,-0.207473
-2.6759,-0.851837,-2.11667,-0.809212,-2.79192,-1.02167,-2.07281,-0.220957
-2.6676,-0.866404,-2.10799,-0.818995,-2.78314,-1.03893,-2.05889,-0.23448
-2.65909,-0.880819,-2.10121,-0.826512,-2.77415,-1.056,-2.05042,-0.242609
-2.65014,-0.895463,-2.08854,-0.840241,-2.76469,-1.07334,-2.03176,-0.260251
-2.64142,-0.909245,-2.07869,-0.850584,-2.75546,-1.08965,-2.01714,-0.273837
-2.63237,-0.923035,-2.07173,-0.857702,-2.74591,-1.10595,-2.00229,-0.287427
-2.62294,-0.936919,-2.05864,-0.870636,-2.73595,-1.12236,-1.99177,-0.296937
-2.6138,-0.949889,-2.05046,-0.878399,-2.72631,-1.13769,-1.97195,-0.314573
-2.604,-0.963312,-2.04009,-0.887881,-2.71597,-1.15353,-1.95957,-0.325401
-2.59423,-0.976217,-2.02954,-0.897103,-2.70567,-1.16876,-1.94393,-0.338898
-2.58411,-0.989091,-2.0188,-0.906051,-2.695,-1.18395,-1.92809,-0.352343
-2.57429,-1.00114,-2.00785,-0.914712,-2.68465,-1.19816,-1.91206,-0.365722
-2.56405,-1.01326,-1.99669,-0.923073,-2.67386,-1.21243,-1.89586,-0.379023
-2.55361,-1.02514,-1.98529,-0.931121,-2.66288,-1.22643,-1.87948,-0.392232
-2.54306,-1.03671,-1.97366,-0.938845,-2.65177,-1.24006,-1.86293,-0.405339
-2.53214,-1.04822,-1.96177,-0.94623,-2.64028,-1.25361,-1.84621,-0.41833
-2.52151,-1.05901,-1.94962,-0.953266,-2.6291,-1.26629,-1.82934,-0.431193
-2.51037,-1.06987,-1.9372,-0.959938,-2.61739,-1.27906,-1.8123,-0.443915
-2.49866,-1.08082,-1.9245,-0.966235,-2.60509,-1.29194,-1.79511,-0.456483
-2.4875,-1.09085,-1.91151,-0.972143,-2.59336,-1.30372,-1.77777,-0.468887
-2.476,-1.10075,-1.89823,-0.977653,-2.58128,-1.31535,-1.76028,-0.481114
-2.46416,-1.11052,-1.88465,-0.982754,-2.56886,-1.32682,-1.74264,-0.493154
-2.45258,-1.11967,-1.87076,-0.987435,-2.55671,-1.33756,-1.72485,-0.505002
-2.44056,-1.12876,-1.85656,-0.991685,-2.54409,-1.34823,-1.70692,-0.516649
-2.42828,-1.13763,-1.84205,-0.995494,-2.53122,-1.35864,-1.68886,-0.528085
-2.41574,-1.14628,-1.82722,-0.998853,-2.51807,-1.36878,-1.67066,-0.539307
-2.40359,-1.15425,-1.81208,-1.00175,-2.50534,-1.37813,-1.65233,-0.550309
-2.3906,-1.16238,-1.79662,-1.00417,-2.49173,-1.38765,-1.63758,-0.558948
-2.37772,-1.17002,-1.78083,-1.0061,-2.47825,-1.39662,-1.6153,-0.57163
-2.36494,-1.17723,-1.76471,-1.00753,-2.46486,-1.40506,-1.5966,-0.581938
-2.35165,-1.18432,-1.74828,-1.00844,-2.45095,-1.41337,-1.57777,-0.592005
-2.33858,-1.19091,-1.73153,-1.00882,-2.43728,-1.42109,-1.55884,-0.601828
-2.32494,-1.19739,-1.71446,-1.00866,-2.42301,-1.42869,-1.53978,-0.611405
-2.31133,-1.20348,-1.69709,-1.00794,-2.40877,-1.43582,-1.52062,-0.62073
-2.29729,-1.20936,-1.67941,-1.00664,-2.3941,-1.44272,-1.50135,-0.629801
-2.28355,-1.21475,-1.66146,-1.00476,-2.37974,-1.44903,-1.48198,-0.638618
-2.26975,-1.21979,-1.64323,-1.0023,-2.36532,-1.45494,-1.4625,-0.647183
-2.25521,-1.22472,-1.62662,-0.999567,-2.35013,-1.46072,-1.44294,-0.655498
-2.24094,-1.22919,-1.60794,-0.995956,-2.33523,-1.46596,-1.42525,-0.662769
-2.22677,-1.23327,-1.58905,-0.991728,-2.32044,-1.47074,-1.40552,-0.670617
-2.21205,-1.23715,-1.56998,-0.986874,-2.30507,-1.47529,-1.38571,-0.678227
-2.19724,-1.24069,-1.55074,-0.981389,-2.28962,-1.47945,-1.36585,-0.685604
-2.18224,-1.24391,-1.53135,-0.975271,-2.27397,-1.48323,-1.34593,-0.692751
-2.16689,-1.24684,-1.51184,-0.968522,-2.25796,-1.48668,-1.32596,-0.69967
-2.15174,-1.24938,-1.49224,-0.961145,-2.24216,-1.48967,-1.30597,-0.706361
-2.13634,-1.25161,-1.47651,-0.954799,-2.2261,-1.4923,-1.28595,-0.712823
-2.12085,-1.2535,-1.45679,-0.946326,-2.20995,-1.49453,-1.26992,-0.717829
-2.10535,-1.25505,-1.43705,-0.937273,-2.1938,-1.49637,-1.24989,-0.723882
-2.08969,-1.25628,-1.4173,-0.927664,-2.17748,-1.49784,-1.22987,-0.729708
-2.07359,-1.2572,-1.39757,-0.917527,-2.1607,-1.49895,-1.20986,-0.735302
-2.05748,-1.25778,-1.37985,-0.907981,-2.14393,-1.49966,-1.18989,-0.740658
-2.04142,-1.25802,-1.36023,-0.896938,-2.1272,-1.49998,-1.17194,-0.745268
-2.02475,-1.25793,-1.34069,-0.885473,-2.10984,-1.49991,-1.15204,-0.750145
-2.00874,-1.25753,-1.32126,-0.873633,-2.09317,-1.49948,-1.13219,-0.75475
-1.99214,-1.25679,-1.30197,-0.861468,-2.0759,-1.49865,-1.1124,-0.759067
-1.97573,-1.25574,-1.28284,-0.849035,-2.05882,-1.49747,-1.09268,-0.763082
-1.95871,-1.25433,-1.26388,-0.836392,-2.0411,-1.49586,-1.07302,-0.766779
-1.94185,-1.25261,-1.24511,-0.823598,-2.02357,-1.49391,-1.05344,-0.770138
-1.92307,-1.25034,-1.22655,-0.810712,-2.00402,-1.4913,-1.03393,-0.773139
-1.90736,-1.24815,-1.20822,-0.797802,-1.98768,-1.48879,-1.01449,-0.77576
-1.88988,-1.24542,-1.19011,-0.784927,-1.96949,-1.48564,-0.995123,-0.777984
-1.87231,-1.24236,-1.17221,-0.772142,-1.95122,-1.48212,-0.975822,-0.779795
-1.85491,-1.23903,-1.15453,-0.759497,-1.93313,-1.47828,-0.956581,-0.78118
-1.83699,-1.23529,-1.13704,-0.747033,-1.91449,-1.47397,-0.937394,-0.782125
-1.81909,-1.23126,-1.12317,-0.737214,-1.89587,-1.46931,-0.918253,-0.782618
-1.80155,-1.22703,-1.10596,-0.725151,-1.87764,-1.46441,-0.902967,-0.782679
-1.78342,-1.22236,-1.08888,-0.713341,-1.8588,-1.459,-0.883885,-0.782335
-1.76547,-1.21745,-1.07188,-0.701793,-1.84013,-1.45332,-0.864825,-0.781519
-1.74679,-1.21205,-1.05493,-0.690516,-1.82072,-1.44706,-0.845779,-0.780228
-1.72839,-1.20644,-1.03802,-0.67951,-1.80158,-1.44055,-0.826739,-0.77846
-1.70986,-1.20051,-1.0211,-0.668773,-1.78232,-1.43367,-0.807699,-0.776217
-1.69115,-1.19425,-1.00415,-0.658297,-1.76288,-1.4264,-0.788651,-0.773499
-1.67263,-1.18778,-0.987153,-0.648073,-1.74363,-1.41889,-0.76959,-0.770304
-1.65339,-1.18078,-0.970077,-0.638092,-1.72363,-1.41075,-0.750512,-0.766635
-1.63497,-1.17382,-0.952904,-0.628341,-1.70448,-1.40265,-0.731414,-0.762497
-1.61595,-1.16638,-0.935615,-0.618804,-1.68472,-1.39398,-0.712293,-0.757892
-1.59655,-1.15852,-0.918193,-0.609464,-1.66456,-1.38483,-0.693149,-0.752822
-1.57745,-1.15052,-0.900624,-0.600297,-1.64471,-1.37551,-0.673981,-0.747292
-1.55799,-1.14212,-0.882892,-0.591279,-1.62448,-1.36571,-0.65479,-0.741301
-1.53881,-1.13358,-0.864987,-0.582385,-1.60454,-1.35576,-0.635576,-0.734848
-1.51823,-1.12417,-0.8469,-0.573591,-1.58315,-1.34476,-0.616343,-0.727933
-1.49943,-1.11533,-0.828626,-0.564872,-1.56361,-1.33444,-0.597095,-0.72056
-1.47954,-1.10574,-0.81016,-0.556204,-1.54294,-1.32323,-0.577835,-0.712732
-1.45878,-1.09547,-0.791497,-0.547557,-1.52136,-1.31122,-0.558568,-0.704456
-1.43957,-1.08574,-0.772638,-0.538904,-1.50139,-1.29984,-0.539294,-0.695733
-1.41928,-1.07524,-0.753584,-0.530216,-1.4803,-1.28754,-0.520017,-0.686566
-1.39959,-1.06482,-0.734339,-0.521468,-1.45983,-1.27534,-0.50074,-0.676958
-1.37938,-1.05391,-0.714909,-0.512634,-1.43882,-1.26254,-0.481469,-0.666909
-1.35936,-1.04288,-0.6953,-0.503693,-1.41801,-1.24961,-0.462209,-0.656421
-1.3387,-1.03128,-0.675523,-0.494624,-1.39652,-1.23598,-0.442964,-0.645495
-1.3185,-1.01973,-0.655586,-0.485407,-1.37552,-1.22241,-0.423742,-0.634137
-1.29751,-1.0075,-0.635499,-0.476023,-1.3537,-1.20805,-0.404546,-0.622349
-1.27733,-0.995544,-0.615276,-0.466454,-1.3327,-1.19398,-0.38538,-0.610133
-1.25671,-0.983131,-0.594927,-0.456682,-1.31126,-1.17937,-0.366248,-0.597493
-1.23562,-0.970228,-0.574465,-0.446692,-1.28932,-1.16418,-0.347154,-0.584433
-1.21462,-0.957174,-0.553902,-0.436472,-1.26747,-1.14879,-0.3281,-0.570956
-1.19372,-0.943996,-0.533251,-0.426009,-1.24573,-1.13325,-0.312886,-0.559877
-1.1729,-0.93068,-0.512523,-0.415294,-1.22406,-1.11754,-0.290115,-0.54277
-1.15172,-0.916947,-0.491728,-0.404322,-1.20203,-1.10132,-0.271185,-0.528073
-1.13089,-0.903263,-0.470877,-0.393085,-1.18035,-1.08515,-0.252296,-0.512981
-1.10936,-0.888939,-0.449982,-0.381583,-1.15794,-1.06821,-0.233445,-0.4975
-1.088,-0.874551,-0.429052,-0.369812,-1.13571,-1.05118,-0.214634,-0.48164
-1.06676,-0.860071,-0.408095,-0.357773,-1.1136,-1.03404,-0.195859,-0.465408
-1.04536,-0.845315,-0.387123,-0.345469,-1.09132,-1.01655,-0.17712,-0.448811
-1.02375,-0.830247,-0.366145,-0.3329,-1.06881,-0.99868,-0.158416,-0.431859
-1.00213,-0.815015,-0.345172,-0.320072,-1.0463,-0.980603,-0.139748,-0.414559
-0.980589,-0.799679,-0.324212,-0.306987,-1.02387,-0.962391,-0.121116,-0.396921
-0.958909,-0.784092,-0.307458,-0.296336,-1.00128,-0.943867,-0.102521,-0.378952
-0.93702,-0.768203,-0.282361,-0.28006,-0.97848,-0.924971,-0.0839632,-0.360658
-0.915191,-0.75221,-0.261482,-0.266229,-0.955735,-0.905938,-0.0654407,-0.342049
-0.89315,-0.735917,-0.240639,-0.252157,-0.932768,-0.886536,-0.0469526,-0.323131
-0.870879,-0.719313,-0.219834,-0.23785,-0.909559,-0.866747,-0.0284964,-0.303912
-0.849404,-0.703169,-0.19907,-0.223314,-0.887175,-0.847494,-0.0100686,-0.284396
-0.827221,-0.686361,-0.178349,-0.208556,-0.86405,-0.827437,0.00833298,-0.264593
-0.805036,-0.669423,-0.157672,-0.193585,-0.840921,-0.807209,0.0267106,-0.24451
-0.783106,-0.652557,-0.137041,-0.178407,-0.818055,-0.787053,0.0450666,-0.224156
-0.761292,-0.635662,-0.116459,-0.163028,-0.795307,-0.766851,0.0634017,-0.203539
-0.738928,-0.618223,-0.0959256,-0.147455,-0.771981,-0.745984,0.0817164,-0.182666
-0.716794,-0.600852,-0.0754382,-0.131693,-0.748893,-0.725184,0.100013,-0.161542
-0.694278,-0.583069,-0.054995,-0.115749,-0.725404,-0.703878,0.118295,-0.140175
-0.671685,-0.565117,-0.0386716,-0.102866,-0.701831,-0.682356,0.136565,-0.11857
-0.649707,-0.547553,-0.0142368,-0.0833405,-0.678897,-0.661285,0.151175,-0.101121
-0.627068,-0.529361,0.00608327,-0.0668935,-0.65527,-0.639448,0.173079,-0.0746797
-0.604757,-0.511338,0.0263691,-0.0502941,-0.631984,-0.617802,0.191327,-0.0524114
-0.582043,-0.492897,0.0466214,-0.0335499,-0.608274,-0.595639,0.209573,-0.0299387
-0.559517,-0.474519,0.0668407,-0.0166711,-0.584757,-0.573541,0.227819,-0.00726908
-0.536844,-0.455936,0.0870297,0.000333947,-0.561083,-0.551183,0.246063,0.0155869
-0.514537,-0.437574,0.103161,0.0140233,-0.53779,-0.529079,0.264308,0.0386201
-0.491709,-0.418704,0.127331,0.0346906,-0.51395,-0.506352,0.282557,0.0618217
-0.469466,-0.400244,0.147452,0.0520302,-0.490718,-0.484108,0.300812,0.0851837
-0.446611,-0.381208,0.167558,0.0694689,-0.466845,-0.461158,0.319078,0.1087
-0.423999,-0.362306,0.187651,0.0869982,-0.443223,-0.438359,0.337356,0.132363
-0.400825,-0.342869,0.207734,0.10461,-0.419012,-0.414905,0.355646,0.156164
-0.378626,-0.324191,0.227809,0.122301,-0.395818,-0.392357,0.373951,0.180092
-0.355582,-0.304746,0.247879,0.140062,-0.371738,-0.368873,0.392272,0.204142
-0.332769,-0.285442,0.267945,0.157888,-0.347899,-0.345551,0.410611,0.228305
-0.310029,-0.266151,0.288009,0.175769,-0.324132,-0.322235,0.428969,0.252573
-0.287421,-0.246926,0.308074,0.193698,-0.300504,-0.298992,0.447346,0.276935
-0.264121,-0.227069,0.328143,0.21167,-0.276149,-0.274977,0.465745,0.301382
-0.241452,-0.20771,0.348218,0.229681,-0.252453,-0.251558,0.484168,0.325907
-0.217013,-0.186801,0.3683,0.247725,-0.226905,-0.226255,0.502617,0.350503
-0.195453,-0.168324,0.384372,0.262181,-0.204366,-0.203891,0.521094,0.375163
-0.172503,-0.148627,0.404471,0.280273,-0.180371,-0.180045,0.535895,0.394932
-0.149673,-0.129009,0.424581,0.298385,-0.156502,-0.156289,0.554423,0.419688
-0.125939,-0.10859,0.444702,0.316511,-0.131687,-0.13156,0.572981,0.444488
-0.103947,-0.0896525,0.464834,0.334643,-0.108692,-0.108621,0.591569,0.469322
-0.080737,-0.0696505,0.484977,0.352773,-0.0844233,-0.0843898,0.610187,0.494179
-0.0581798,-0.0501993,0.505132,0.370897,-0.0608365,-0.060824,0.628835,0.51905
-0.0352052,-0.0303797,0.525302,0.389009,-0.036813,-0.0368102,0.641907,0.536464
-0.0120413,-0.0103915,0.545485,0.407101,-0.0125913,-0.0125912,0.666228,0.5688
0.0129011,0.0111334,0.565681,0.425166,0.0134903,0.0134902,0.684976,0.593661
0.0342896,0.0295896,0.585891,0.443199,0.0358556,0.035853,0.703758,0.618497
0.0569495,0.0491381,0.606115,0.461194,0.05955,0.0595383,0.722576,0.643303
0.0796493,0.0687128,0.62635,0.47914,0.083286,0.0832539,0.741431,0.668067
0.102894,0.0887457,0.646598,0.497032,0.107592,0.107522,0.760323,0.692779
0.125566,0.108269,0.666855,0.514862,0.131297,0.131171,0.779251,0.717427
0.148133,0.127685,0.687122,0.53262,0.154892,0.154686,0.798216,0.742002
0.170988,0.147327,0.707398,0.5503,0.178788,0.17847,0.817218,0.766491
0.194052,0.167122,0.72768,0.567891,0.2029,0.202436,0.836258,0.790884
0.218811,0.18834,0.747967,0.585386,0.228785,0.228118,0.855335,0.815167
0.239793,0.206292,0.768258,0.602781,0.250719,0.249842,0.874449,0.839331
0.265871,0.228562,0.788552,0.620066,0.277979,0.276783,0.893601,0.863367
0.285857,0.245594,0.808846,0.637236,0.298869,0.297382,0.912791,0.887263
0.308543,0.264888,0.829137,0.654284,0.322579,0.320709,0.932019,0.911008
0.330931,0.283885,0.849425,0.671206,0.345977,0.343669,0.951283,0.934593
0.354337,0.303694,0.869709,0.687996,0.370438,0.367603,0.970586,0.95801
0.377151,0.322948,0.889986,0.704645,0.394276,0.390856,0.989928,0.981248
0.399583,0.341825,0.910253,0.721146,0.417714,0.413646,1.00931,1.00429
0.422477,0.361031,0.930509,0.737496,0.441633,0.436822,1.02873,1.02714
0.445113,0.379957,0.950751,0.753692,0.46528,0.45965,1.04818,1.04978
0.467579,0.398676,0.970978,0.769729,0.488747,0.482218,1.06768,1.0722
0.490336,0.417566,0.991186,0.7856,0.512516,0.504982,1.08721,1.09439
0.513481,0.436702,1.01137,0.801301,0.536688,0.52803,1.10678,1.11635
0.535841,0.455112,1.03154,0.816829,0.560036,0.550191,1.12638,1.13807
0.55843,0.47363,1.05168,0.83218,0.583622,0.572471,1.14603,1.15953
0.580997,0.492045,1.07181,0.847353,0.607181,0.594615,1.16571,1.18074
0.603936,0.510673,1.09191,0.862344,0.631127,0.617003,1.18544,1.20169
0.625563,0.528148,1.11198,0.877149,0.6537,0.637992,1.20521,1.22236
0.64808,0.546249,1.13202,0.891765,0.677199,0.65972,1.22502,1.24276
0.67056,0.56422,1.15203,0.90619,0.700658,0.681281,1.24487,1.26288
0.69285,0.581937,1.17201,0.920418,0.723914,0.702522,1.26476,1.2827
0.715063,0.599488,1.19196,0.934447,0.747088,0.723551,1.28469,1.30223
0.736983,0.616701,1.21186,0.948271,0.769953,0.744162,1.30465,1.32146
0.759423,0.634209,1.23173,0.961888,0.793357,0.765113,1.32465,1.34038
0.78189,0.651618,1.25156,0.975296,0.816787,0.785931,1.34469,1.35899
0.803855,0.668518,1.27135,0.988492,0.83969,0.806128,1.36477,1.37727
0.825963,0.685404,1.29109,1.00147,0.862739,0.826294,1.38489,1.39524
0.847825,0.701977,1.31079,1.01424,0.885529,0.846072,1.40504,1.41287
0.869738,0.718458,1.33045,1.02678,0.908369,0.865728,1.42523,1.43017
0.891807,0.734921,1.35005,1.0391,0.931369,0.885348,1.44545,1.44714
0.913416,0.750903,1.36961,1.0512,0.953887,0.904383,1.4657,1.46376
0.935395,0.767017,1.38912,1.06307,0.976786,0.92356,1.48599,1.48004
0.957018,0.782724,1.40858,1.0747,0.999312,0.942242,1.50631,1.49597
0.978871,0.798449,1.42799,1.0861,1.02208,0.96093,1.52666,1.51154
1.00059,0.813922,1.44734,1.09725,1.04469,0.979306,1.54092,1.52223
1.02206,0.829064,1.46086,1.10491,1.06705,0.997276,1.56746,1.5416
1.04356,0.844065,1.48589,1.11882,1.08944,1.01507,1.58176,1.55178
1.06498,0.858846,1.50507,1.12923,1.11174,1.03258,1.60836,1.57019
1.08632,0.873413,1.5242,1.13938,1.13396,1.04984,1.62885,1.58392
1.10783,0.887911,1.54328,1.14927,1.15635,1.06699,1.64936,1.59726
1.129,0.902015,1.56229,1.1589,1.17839,1.08367,1.6699,1.61023
1.15005,0.915857,1.58124,1.16826,1.20029,1.10003,1.69045,1.62281
1.17123,0.929603,1.60012,1.17736,1.22233,1.11627,1.71102,1.63499
1.19213,0.94299,1.61893,1.18618,1.24408,1.13206,1.72542,1.64329
1.21308,0.956214,1.63768,1.19473,1.26587,1.14766,1.75218,1.65818
1.23428,0.969399,1.65635,1.203,1.28793,1.1632,1.77278,1.66918
1.25503,0.982105,1.67494,1.211,1.3095,1.17817,1.79337,1.67979
1.27562,0.994523,1.69347,1.21872,1.33092,1.19278,1.81397,1.68999
1.29621,1.00673,1.71191,1.22616,1.35234,1.20714,1.83457,1.69979
1.31657,1.01861,1.73028,1.23331,1.37352,1.2211,1.85516,1.70919
1.33804,1.03091,1.74856,1.24019,1.39584,1.23555,1.87574,1.71819
1.35771,1.04196,1.76677,1.24678,1.41629,1.24853,1.89631,1.72678
1.37812,1.05322,1.78489,1.25309,1.43751,1.26173,1.91687,1.73497
1.39891,1.06446,1.80293,1.25911,1.45912,1.27491,1.9374,1.74277
1.41819,1.07467,1.82088,1.26485,1.47916,1.28687,1.95792,1.75015
1.4385,1.0852,1.83874,1.27029,1.50028,1.2992,1.97841,1.75713
1.45859,1.09538,1.85652,1.27543,1.52117,1.31112,1.99888,1.7637
1.47812,1.10504,1.87419,1.28028,1.54147,1.32242,2.01931,1.76986
1.49808,1.11468,1.89177,1.28482,1.56221,1.33369,2.0397,1.7756
1.51757,1.12386,1.90925,1.28906,1.58247,1.3444,2.06005,1.78093
1.53714,1.13283,1.92662,1.29298,1.60281,1.35488,2.08034,1.78584
1.55662,1.14151,1.94388,1.29658,1.62305,1.36501,2.10058,1.79032
1.57606,1.14992,1.96104,1.29988,1.64326,1.37481,2.12076,1.79438
1.59619,1.15837,1.9781,1.30287,1.66418,1.38465,2.14089,1.79803
1.61426,1.1657,1.99505,1.30556,1.68296,1.3932,2.16094,1.80126
1.63349,1.17325,2.0119,1.30792,1.70295,1.40199,2.18093,1.80408
1.65234,1.18039,2.02863,1.30997,1.72254,1.41029,2.20085,1.80649
1.67163,1.18742,2.04526,1.31171,1.74259,1.41847,2.22068,1.80849
1.68997,1.19385,2.06177,1.31312,1.76165,1.42593,2.24043,1.81008
1.70854,1.20008,2.07818,1.31422,1.78095,1.43317,2.2601,1.81127
1.7274,1.20613,2.09447,1.31501,1.80056,1.4402,2.27968,1.81205
1.74579,1.21175,2.11065,1.31547,1.81967,1.44671,2.29916,1.81243
1.7639,1.21701,2.12672,1.31562,1.8385,1.45281,2.31855,1.81242
1.78197,1.22197,2.14268,1.31545,1.85729,1.45856,2.33783,1.81202
1.79998,1.22663,2.15852,1.31496,1.87601,1.46395,2.35701,1.81122
1.81802,1.23101,2.17424,1.31416,1.89477,1.46902,2.37608,1.81004
1.83584,1.23505,2.18985,1.31303,1.9133,1.47368,2.39503,1.80848
1.85353,1.23875,2.20534,1.31158,1.9317,1.47796,2.41386,1.80653
1.87126,1.24217,2.22072,1.30982,1.95013,1.4819,2.43258,1.80421
1.88876,1.24523,2.23597,1.30774,1.96833,1.48543,2.45116,1.80153
1.90631,1.248,2.25111,1.30534,1.98659,1.48861,2.46962,1.79847
1.9233,1.25037,2.26612,1.30262,2.00426,1.49134,2.48794,1.79506
1.94088,1.25251,2.28101,1.29958,2.02255,1.49378,2.50613,1.79129
1.95747,1.25421,2.29577,1.29623,2.03982,1.49573,2.52417,1.78716
1.9743,1.25563,2.3104,1.29256,2.05733,1.49735,2.54206,1.78269
1.99104,1.25673,2.32491,1.28858,2.07475,1.49858,2.55981,1.77788
2.0076,1.25749,2.33929,1.28428,2.09198,1.49943,2.5774,1.77272
2.02422,1.25793,2.35353,1.27966,2.10929,1.4999,2.59483,1.76723
2.04035,1.25803,2.36764,1.27473,2.12609,1.49998,2.6121,1.76141
2.0565,1.2578,2.38162,1.26949,2.14291,1.49969,2.6292,1.75527
2.07271,1.25724,2.39545,1.26393,2.15979,1.49899,2.64614,1.7488
2.0885,1.25636,2.40915,1.25807,2.17624,1.49794,2.6629,1.74202
2.10449,1.25513,2.4227,1.25189,2.1929,1.49646,2.67948,1.73493
2.12007,1.25358,2.43611,1.24541,2.20915,1.49463,2.69589,1.72754
2.13561,1.2517,2.44938,1.23863,2.22534,1.49241,2.71211,1.71984
2.15101,1.24949,2.4625,1.23154,2.2414,1.4898,2.72814,1.71185
2.16605,1.24699,2.47548,1.22414,2.25708,1.48686,2.74399,1.70358
2.18121,1.24412,2.48831,1.21645,2.27289,1.48348,2.75965,1.69501
2.19607,1.24096,2.50099,1.20846,2.28839,1.47976,2.77512,1.68617
2.21081,1.23746,2.51353,1.20017,2.30377,1.47566,2.79039,1.67705
2.2256,1.2336,2.52591,1.19158,2.31921,1.47112,2.80547,1.66766
2.24001,1.22947,2.53814,1.1827,2.33426,1.46628,2.82035,1.65801
2.2546,1.22492,2.55021,1.17353,2.34949,1.46095,2.83503,1.64808
2.26869,1.22016,2.56212,1.16408,2.36421,1.45537,2.8495,1.63791
2.28273,1.21506,2.57386,1.15435,2.37889,1.44939,2.86376,1.62749
2.29675,1.20958,2.58545,1.14434,2.39354,1.44297,2.87781,1.61682
2.31095,1.20364,2.59687,1.13406,2.40838,1.43601,2.89165,1.60591
2.32414,1.19776,2.60812,1.1235,2.42217,1.42912,2.90527,1.59477
2.33758,1.1914,2.6159,1.11594,2.43623,1.42166,2.91868,1.58339
2.35082,1.18474,2.63011,1.10157,2.45008,1.41387,2.92793,1.57529
2.36403,1.17772,2.64084,1.09021,2.46391,1.40564,2.94483,1.55996
2.37696,1.17046,2.6514,1.0786,2.47744,1.39714,2.95756,1.54791
2.38993,1.16278,2.66178,1.06674,2.49103,1.38813,2.97007,1.53565
2.40252,1.15494,2.67198,1.05463,2.50422,1.37893,2.98235,1.52319
2.41507,1.14672,2.68201,1.04227,2.51737,1.3693,2.99081,1.51435
2.42757,1.13813,2.69186,1.02967,2.53047,1.35923,3.00624,1.49765
2.43965,1.12943,2.70155,1.01683,2.54314,1.34902,3.01784,1.48459
2.45189,1.1202,2.71106,1.00376,2.55598,1.33819,3.02583,1.47533
2.46384,1.11078,2.72039,0.990452,2.56852,1.32713,3.03706,1.46193
2.47539,1.10126,2.72955,0.976919,2.58064,1.31595,3.05131,1.44424
2.48687,1.09139,2.73854,0.963163,2.5927,1.30436,3.06202,1.43041
2.49848,1.08099,2.74736,0.949192,2.60489,1.29214,3.06939,1.42063
2.50968,1.07053,2.756,0.93501,2.61667,1.27984,3.08278,1.40223
2.52089,1.05962,2.76448,0.920625,2.62845,1.26701,3.09282,1.38787
2.53168,1.0487,2.77278,0.906041,2.6398,1.25416,3.10265,1.37335
2.54238,1.03744,2.78091,0.891264,2.65105,1.24092,3.11227,1.35867
2.55303,1.02578,2.78887,0.876296,2.66227,1.22719,3.12166,1.34383
2.5635,1.01389,2.79665,0.861142,2.67328,1.21318,3.13083,1.32884
2.57399,1.00151,2.80425,0.845806,2.68433,1.19859,3.13978,1.31369
2.58383,0.98945,2.81167,0.830292,2.6947,1.18437,3.14852,1.29838
2.59398,0.976537,2.81892,0.814606,2.7054,1.16914,3.15704,1.28293
2.60345,0.964057,2.826,0.798756,2.71539,1.15441,3.16534,1.26733
2.61336,0.950499,2.83289,0.782747,2.72585,1.13841,3.17342,1.25159
2.62256,0.937461,2.83961,0.766584,2.73555,1.123,3.1813,1.23571
2.63193,0.923691,2.84615,0.750273,2.74545,1.10673,3.18896,1.2197
2.64095,0.909969,2.85252,0.73382,2.75497,1.0905,3.19642,1.20356
2.64979,0.896033,2.8587,0.71723,2.76431,1.07401,3.20366,1.18728
2.65844,0.881912,2.86351,0.703863,2.77345,1.0573,3.21069,1.17089
2.66701,0.867415,2.86937,0.687043,2.78252,1.04013,3.21617,1.15768
2.67542,0.852688,2.87392,0.6735,2.79141,1.02268,3.22283,1.14106
2.68358,0.83788,2.87944,0.656468,2.80005,1.00512,3.228,1.12769
2.69173,0.82257,2.88478,0.639324,2.80868,0.986954,3.23429,1.11087
2.69953,0.807395,2.88738,0.630712,2.81694,0.968941,3.24038,1.09394
2.7074,0.791533,2.8949,0.604717,2.82528,0.950102,3.24626,1.0769
2.71477,0.776124,2.89968,0.587261,2.8331,0.931791,3.25194,1.05975
2.72219,0.760074,2.90428,0.569709,2.84097,0.912707,3.25743,1.04249
2.72961,0.74343,2.90869,0.552065,2.84884,0.892905,3.26271,1.02513
2.73634,0.727764,2.91292,0.53433,2.85598,0.874258,3.26781,1.00767
2.74324,0.711143,2.91696,0.51651,2.86331,0.854462,3.27271,0.990111
2.74977,0.69481,2.92082,0.498611,2.87025,0.834999,3.27742,0.972449
2.75633,0.677808,2.92449,0.480637,2.87721,0.814728,3.28196,0.954691
2.76262,0.660867,2.92798,0.462593,2.8839,0.794517,3.28631,0.936838
2.7687,0.643882,2.9313,0.444481,2.89036,0.774243,3.29048,0.918893
2.77467,0.62656,2.93442,0.426307,2.89671,0.753557,3.29449,0.900856
2.78043,0.609153,2.93736,0.408078,2.90285,0.732757,3.29832,0.88273
2.78607,0.591446,2.94011,0.389798,2.90885,0.711588,3.30126,0.868168
2.79151,0.573669,2.94266,0.371475,2.91464,0.690323,3.30547,0.846224
2.79671,0.555948,2.94502,0.353114,2.92018,0.669116,3.3088,0.82785
2.80187,0.537626,2.94718,0.334722,2.92568,0.647177,3.31196,0.809398
2.8067,0.519725,2.94913,0.316303,2.93083,0.625733,3.31496,0.790872
2.81143,0.501397,2.95085,0.297835,2.93588,0.603766,3.31779,0.772273
2.81598,0.482959,2.95226,0.279274,2.94073,0.581657,3.32043,0.753571
2.82035,0.464417,2.9531,0.264282,2.94539,0.559413,3.32284,0.734712
2.82449,0.446019,2.95362,0.243295,2.94981,0.537332,3.32452,0.719424
2.82852,0.427164,2.95348,0.229638,2.95412,0.514693,3.32633,0.697916
2.83234,0.408386,2.9521,0.203554,2.95819,0.492136,3.32731,0.677705
2.83596,0.389613,2.9505,0.185145,2.96206,0.469577,3.32761,0.65679
2.83947,0.370403,2.94898,0.170726,2.96581,0.446483,3.32746,0.637578
2.84283,0.350879,2.94546,0.143709,2.9694,0.423002,3.32714,0.622466
2.84586,0.332191,2.94209,0.122728,2.97265,0.40052,3.32603,0.593978
2.84884,0.312653,2.93829,0.101706,2.97583,0.377006,3.32472,0.571683
2.85156,0.293578,2.93416,0.0807196,2.97873,0.354042,3.32312,0.549201
2.85417,0.273912,2.92977,0.0598171,2.98153,0.330359,3.32131,0.526625
2.85655,0.254514,2.92521,0.0390649,2.98408,0.306993,3.31934,0.504017
2.85875,0.235178,2.92052,0.0184996,2.98643,0.283695,3.31728,0.48146
2.8608,0.215509,2.91572,-0.00186197,2.98863,0.259989,3.31516,0.459
2.86265,0.195978,2.91084,-0.0220126,2.99061,0.236445,3.313,0.436658
2.86437,0.175913,2.90588,-0.0419514,2.99244,0.212251,3.3108,0.414446
2.86584,0.156507,2.90084,-0.0616789,2.99403,0.188847,3.30856,0.392368
2.86718,0.136562,2.89572,-0.0811968,2.99546,0.16479,3.30629,0.370424
2.86834,0.116447,2.89053,-0.100508,2.9967,0.140524,3.30398,0.348617
2.86928,0.0971041,2.88684,-0.113906,2.99771,0.117186,3.30162,0.326946
2.8701,0.0763388,2.8799,-0.138527,2.99858,0.0921294,3.29921,0.305407
2.87069,0.0565875,2.87445,-0.15724,2.99922,0.0682942,3.29674,0.284002
2.8711,0.0374166,2.87059,-0.170223,2.99966,0.045158,3.29419,0.262731
2.87135,0.0175558,2.8633,-0.194087,2.99993,0.0211883,3.29237,0.24792
2.87142,-0.00345198,2.85758,-0.21223,3,-0.00416624,3.28887,0.220586
2.8713,-0.0225213,2.85352,-0.224822,2.99988,-0.0271812,3.28607,0.199711
2.87102,-0.0419574,2.84763,-0.242656,2.99957,-0.0506382,3.28405,0.185175
2.87055,-0.061902,2.84165,-0.260311,2.99907,-0.0747077,3.28107,0.164522
2.8699,-0.0819441,2.83557,-0.277788,2.99837,-0.0988934,3.27798,0.144002
2.86908,-0.101475,2.82938,-0.295096,2.9975,-0.122459,3.27477,0.123616
2.86808,-0.121285,2.82309,-0.312238,2.99642,-0.146361,3.27144,0.103359
2.86688,-0.141264,2.81734,-0.327527,2.99514,-0.170461,3.26797,0.0832319
2.86553,-0.160856,2.81085,-0.344364,2.99369,-0.194092,3.26474,0.065228
2.86399,-0.180549,2.80425,-0.361048,2.99204,-0.217842,3.261,0.0453461
2.86223,-0.20056,2.79755,-0.377586,2.99016,-0.241969,3.25711,0.025592
2.86037,-0.219831,2.79073,-0.393983,2.98816,-0.265198,3.25306,0.00596427
2.85828,-0.239419,2.78381,-0.410244,2.98593,-0.288805,3.24885,-0.0135368
2.85602,-0.258987,2.77679,-0.426368,2.98351,-0.312381,3.24447,-0.0329086
2.85358,-0.278461,2.77183,-0.437576,2.9809,-0.335838,3.23992,-0.0521429
2.85093,-0.298078,2.76251,-0.458229,2.97807,-0.35946,3.23664,-0.0655221
2.8481,-0.317609,2.75525,-0.473978,2.97504,-0.382972,3.23032,-0.0901805
2.84518,-0.336481,2.74795,-0.489607,2.97192,-0.405682,3.22526,-0.108977
2.84204,-0.355581,2.7406,-0.505119,2.96856,-0.428658,3.22004,-0.127614
2.83866,-0.374919,2.73322,-0.520517,2.96495,-0.451912,3.21466,-0.146079
2.83517,-0.393819,2.72583,-0.535807,2.96121,-0.474632,3.20912,-0.164367
2.83145,-0.412834,2.71845,-0.55099,2.95725,-0.49748,3.20343,-0.182473
2.82764,-0.431343,2.71109,-0.566072,2.95318,-0.519711,3.19759,-0.200385
2.82359,-0.450078,2.70377,-0.581067,2.94885,-0.542204,3.19161,-0.218098
2.81938,-0.468635,2.69792,-0.593072,2.94435,-0.564474,3.18548,-0.235613
2.81494,-0.487257,2.69052,-0.608201,2.93962,-0.586811,3.18041,-0.249529
2.81042,-0.505383,2.68296,-0.62354,2.9348,-0.608544,3.17373,-0.26689
2.80568,-0.523579,2.67511,-0.639115,2.92974,-0.63035,3.16653,-0.284303
2.8007,-0.541866,2.66688,-0.654874,2.92443,-0.652256,3.15868,-0.30186
2.79561,-0.559752,2.65826,-0.670646,2.91901,-0.673669,3.15008,-0.319625
2.79032,-0.577606,2.64925,-0.686324,2.91338,-0.695034,3.14081,-0.337545
2.7849,-0.595169,2.63993,-0.701792,2.90761,-0.71604,3.13091,-0.355578
2.77925,-0.612764,2.63034,-0.717029,2.90159,-0.737072,3.12057,-0.373587
2.77338,-0.630357,2.62346,-0.727579,2.89534,-0.758092,3.10989,-0.391517
2.76719,-0.648171,2.61029,-0.746964,2.88876,-0.779363,3.10219,-0.404021
2.76127,-0.66456,2.60304,-0.757264,2.88247,-0.798924,3.08743,-0.427138
2.75493,-0.681494,2.58939,-0.776024,2.87572,-0.819123,3.07577,-0.444751
2.74834,-0.698434,2.5788,-0.790075,2.86873,-0.839319,3.06399,-0.462126
2.74169,-0.714932,2.5682,-0.80375,2.86166,-0.858976,3.05214,-0.479217
2.73472,-0.731587,2.55763,-0.817024,2.85426,-0.87881,3.04031,-0.495978
2.72773,-0.747709,2.54711,-0.82988,2.84684,-0.897998,3.02855,-0.512378
2.72058,-0.763605,2.53664,-0.842312,2.83926,-0.916907,3.01688,-0.528402
2.71315,-0.779566,2.5262,-0.854316,2.83138,-0.935881,3.00531,-0.54404
2.7055,-0.79541,2.51579,-0.865893,2.82327,-0.954708,2.99385,-0.559294
2.69785,-0.810705,2.50537,-0.877042,2.81517,-0.972871,2.9825,-0.574167
2.68999,-0.825887,2.49597,-0.886709,2.80684,-0.99089,2.97125,-0.588664
2.68184,-0.84109,2.48547,-0.897037,2.79821,-1.00892,2.96121,-0.601396
2.67357,-0.855967,2.47808,-0.904003,2.78946,-1.02656,2.95346,-0.611093
2.66507,-0.870739,2.46425,-0.916352,2.78047,-1.04406,2.94246,-0.624635
2.65651,-0.885101,2.45347,-0.925317,2.77141,-1.06107,2.92829,-0.641699
2.64782,-0.89918,2.44585,-0.931306,2.76223,-1.07774,2.91748,-0.654411
2.63877,-0.913331,2.43151,-0.941788,2.75267,-1.09448,2.90997,-0.663095
2.62949,-0.927328,2.42029,-0.949265,2.74287,-1.11103,2.8961,-0.678757
2.62015,-0.94092,2.40891,-0.956216,2.73301,-1.12709,2.88552,-0.69039
2.61066,-0.954246,2.39736,-0.962629,2.72299,-1.14283,2.87816,-0.698318
2.60114,-0.967143,2.38564,-0.968495,2.71295,-1.15806,2.86458,-0.712573
2.59153,-0.979701,2.37733,-0.97227,2.70282,-1.17287,2.85422,-0.723123
2.5816,-0.992214,2.36169,-0.978552,2.69235,-1.18763,2.847,-0.730293
2.57131,-1.00471,2.35316,-0.981538,2.68152,-1.20236,2.83676,-0.74023
2.56097,-1.01681,2.33711,-0.986337,2.67062,-1.21662,2.82657,-0.749806
2.55069,-1.02839,2.3246,-0.989361,2.6598,-1.23026,2.81342,-0.761709
2.54004,-1.03994,2.31577,-0.99113,2.64859,-1.24386,2.80338,-0.77044
2.52915,-1.0513,2.29919,-0.993654,2.63713,-1.25723,2.79638,-0.776329
2.51812,-1.06236,2.29018,-0.994604,2.62554,-1.27023,2.78344,-0.786782
2.50691,-1.07316,2.27329,-0.995611,2.61375,-1.28293,2.77651,-0.792147
2.49559,-1.08362,2.26017,-0.995719,2.60186,-1.29523,2.76367,-0.801623
2.48416,-1.09377,2.24695,-0.99525,2.58985,-1.30715,2.75383,-0.808477
2.4726,-1.10359,2.23363,-0.99421,2.57772,-1.31869,2.74399,-0.81495
2.46069,-1.11331,2.22021,-0.992609,2.56521,-1.33009,2.73416,-0.82104
2.4488,-1.12257,2.20669,-0.990456,2.55274,-1.34097,2.72432,-0.826746
2.43677,-1.13154,2.19309,-0.987763,2.54012,-1.35149,2.71446,-0.832067
2.42442,-1.14033,2.17938,-0.984542,2.52718,-1.36181,2.70456,-0.837004
2.41115,-1.14933,2.16559,-0.980808,2.51326,-1.37236,2.69461,-0.841554
2.39934,-1.15696,2.15169,-0.97658,2.50089,-1.3813,2.68459,-0.845715
2.38677,-1.16469,2.13769,-0.971877,2.48772,-1.39037,2.67448,-0.849487
2.37389,-1.17222,2.1236,-0.966722,2.47423,-1.3992,2.66426,-0.852868
2.36064,-1.17956,2.11367,-0.962858,2.46036,-1.4078,2.65392,-0.855852
2.34729,-1.18656,2.09511,-0.955157,2.44639,-1.41599,2.6466,-0.857703
2.33441,-1.19293,2.08504,-0.950748,2.43292,-1.42346,2.63282,-0.860612
2.3207,-1.19933,2.06622,-0.942116,2.41858,-1.43096,2.62203,-0.86238
2.30719,-1.20526,2.05162,-0.935122,2.40445,-1.4379,2.61106,-0.863736
2.2933,-1.21097,2.03692,-0.927857,2.38993,-1.44459,2.59991,-0.864675
2.27947,-1.21628,2.02211,-0.920353,2.37547,-1.45082,2.58854,-0.865193
2.26507,-1.22142,2.0072,-0.912648,2.36043,-1.45685,2.57697,-0.865282
2.25053,-1.22623,1.99218,-0.904779,2.34525,-1.46248,2.56517,-0.864935
2.23652,-1.2305,1.97704,-0.896784,2.33062,-1.46749,2.55315,-0.864144
2.22228,-1.2345,1.96176,-0.888705,2.31575,-1.47218,2.54087,-0.862903
2.20662,-1.23849,1.94636,-0.880583,2.2994,-1.47687,2.52835,-0.861203
2.19287,-1.24167,1.93081,-0.87246,2.28505,-1.4806,2.51558,-0.859039
2.17704,-1.24495,1.91511,-0.86436,2.26854,-1.48445,2.50256,-0.856405
2.16268,-1.24758,1.89924,-0.856304,2.25356,-1.48755,2.48928,-0.853298
2.147,-1.2501,1.88802,-0.850698,2.23722,-1.49052,2.47574,-0.849713
2.1317,-1.25221,1.86692,-0.840369,2.22127,-1.49301,2.46611,-0.846919
2.1161,-1.25401,1.85045,-0.832492,2.20501,-1.49514,2.44788,-0.841101
2.10049,-1.25547,1.83375,-0.824662,2.18873,-1.49687,2.43355,-0.836067
2.08514,-1.25657,1.81683,-0.816869,2.17274,-1.49819,2.41894,-0.830545
2.06885,-1.2574,1.79967,-0.809101,2.15577,-1.4992,2.40406,-0.824537
2.05265,-1.25788,1.78227,-0.801344,2.1389,-1.49979,2.38891,-0.818044
2.03674,-1.25803,1.76464,-0.79358,2.12233,-1.5,2.37349,-0.811066
2.02018,-1.25785,1.74855,-0.786575,2.10509,-1.49983,2.35778,-0.803607
2.00339,-1.25733,1.73044,-0.778755,2.0876,-1.49925,2.34341,-0.796487
1.98694,-1.25649,1.71209,-0.770878,2.07048,-1.49832,2.32716,-0.788125
1.97061,-1.25535,1.69347,-0.762925,2.05349,-1.49703,2.31562,-0.781991
1.95368,-1.25385,1.6803,-0.757302,2.03587,-1.49532,2.29379,-0.769991
1.93655,-1.25201,1.66127,-0.749175,2.01805,-1.49322,2.28182,-0.763204
1.91938,-1.24985,1.63617,-0.738418,2.00018,-1.49074,2.26448,-0.753122
1.90238,-1.2474,1.61659,-0.729972,1.98249,-1.48793,2.24683,-0.742588
1.88498,-1.2446,1.59678,-0.721361,1.9644,-1.4847,2.22344,-0.72823
1.86738,-1.24145,1.57674,-0.712568,1.9461,-1.48107,2.2051,-0.716683
1.84965,-1.23796,1.56259,-0.7063,1.92765,-1.47705,2.18645,-0.70471
1.83186,-1.23417,1.53602,-0.694394,1.90915,-1.47267,2.17322,-0.69608
1.81365,-1.22998,1.51535,-0.684984,1.89022,-1.46782,2.14824,-0.679517
1.79623,-1.22569,1.49448,-0.675341,1.87211,-1.46286,2.12868,-0.666313
1.77793,-1.22089,1.47344,-0.665453,1.85309,-1.4573,2.10883,-0.652713
1.75999,-1.21589,1.45222,-0.65531,1.83443,-1.45152,2.08869,-0.638725
1.74112,-1.21035,1.43084,-0.644904,1.81482,-1.44509,2.06827,-0.624357
1.72265,-1.20463,1.40931,-0.634227,1.79562,-1.43846,2.04757,-0.609618
1.70434,-1.19869,1.38763,-0.623274,1.77659,-1.43156,2.0266,-0.594518
1.68593,-1.19246,1.36582,-0.612041,1.75746,-1.42432,2.00536,-0.579065
1.66685,-1.18571,1.34389,-0.600523,1.73762,-1.41648,1.98386,-0.563269
1.64638,-1.17816,1.32184,-0.588716,1.71634,-1.4077,1.96211,-0.54714
1.62913,-1.17157,1.29969,-0.576617,1.69842,-1.40002,1.9401,-0.530686
1.60993,-1.16396,1.27744,-0.564223,1.67846,-1.39117,1.91786,-0.513915
1.59042,-1.15597,1.25512,-0.551529,1.65818,-1.38187,1.89539,-0.496835
1.57112,-1.14781,1.23273,-0.538532,1.63813,-1.37235,1.8727,-0.479452
1.55195,-1.13945,1.21478,-0.527915,1.6182,-1.3626,1.84979,-0.461772
1.53258,-1.13076,1.19231,-0.514367,1.59807,-1.35247,1.83133,-0.447421
1.51324,-1.12184,1.16982,-0.50051,1.57797,-1.34205,1.80808,-0.429224
1.49323,-1.11236,1.14732,-0.486344,1.55717,-1.33097,1.78466,-0.41075
1.47382,-1.10294,1.12707,-0.473331,1.537,-1.31995,1.77289,-0.40141
1.45384,-1.09299,1.11134,-0.463037,1.51623,-1.30832,1.73972,-0.374905
1.43251,-1.08212,1.08217,-0.443522,1.49405,-1.29559,1.71587,-0.355658
1.41342,-1.07216,1.05979,-0.428161,1.47421,-1.28394,1.69189,-0.336155
1.39371,-1.06167,1.03748,-0.4125,1.45372,-1.27164,1.66779,-0.316402
1.3735,-1.0507,1.01526,-0.396544,1.43271,-1.25877,1.6436,-0.296403
1.35345,-1.03958,0.993142,-0.380299,1.41186,-1.24573,1.6193,-0.276165
1.33284,-1.02795,0.971145,-0.363776,1.39043,-1.23207,1.59493,-0.255691
1.31202,-1.01597,0.949289,-0.346986,1.36878,-1.21801,1.57047,-0.234988
1.29078,-1.00354,0.927595,-0.32994,1.34669,-1.20338,1.54595,-0.214062
1.27068,-0.99156,0.906084,-0.312654,1.32578,-1.18929,1.52138,-0.192918
1.24981,-0.978932,0.884775,-0.295142,1.30408,-1.17443,1.49675,-0.171561
1.22931,-0.966328,0.863686,-0.277425,1.28276,-1.15958,1.47207,-0.149993
1.20872,-0.953476,0.842834,-0.259526,1.26134,-1.14443,1.44735,-0.128222
1.18786,-0.940271,0.822236,-0.241474,1.23964,-1.12886,1.42259,-0.106256
1.1666,-0.926617,0.801907,-0.223296,1.21751,-1.11274,1.39778,-0.0841014
1.14547,-0.91286,0.781864,-0.20502,1.19552,-1.09649,1.37294,-0.0617664
1.12446,-0.899002,0.768012,-0.192185,1.17365,-1.08011,1.34805,-0.0392572
1.1029,-0.884609,0.746548,-0.171977,1.15122,-1.06309,1.32313,-0.0165816
1.08184,-0.870369,0.727363,-0.153597,1.1293,-1.04623,1.30315,0.00167108
1.06046,-0.855745,0.708496,-0.135237,1.10704,-1.02891,1.28314,0.0200151
1.03836,-0.840454,0.689947,-0.116922,1.08403,-1.01079,1.25304,0.0476885
1.01666,-0.82527,0.675337,-0.102317,1.06143,-0.992775,1.22787,0.0708801
0.995755,-0.810492,0.655574,-0.0823227,1.03966,-0.975234,1.20768,0.0895083
0.974245,-0.795134,0.637929,-0.064253,1.01726,-0.95699,1.17981,0.115217
0.952614,-0.779537,0.62058,-0.0463011,0.994725,-0.938452,1.15437,0.138666
0.930745,-0.76362,0.603514,-0.028479,0.971942,-0.919519,1.12882,0.162173
0.908552,-0.747317,0.595083,-0.01962,0.948818,-0.900113,1.10316,0.185721
0.886743,-0.731155,0.570169,0.00673564,0.926092,-0.880862,1.07738,0.209292
0.865165,-0.715029,0.553852,0.0241113,0.903603,-0.86164,1.05148,0.232872
0.842983,-0.698317,0.537744,0.041323,0.880481,-0.841706,1.02546,0.256441
0.820709,-0.681402,0.521819,0.0583669,0.857261,-0.821516,0.999332,0.279982
0.798917,-0.664729,0.506052,0.0752426,0.834541,-0.801601,0.973095,0.303479
0.776745,-0.647642,0.493531,0.0886225,0.811422,-0.781178,0.94676,0.326918
0.754641,-0.630488,0.474869,0.108493,0.78837,-0.760661,0.925632,0.345619
0.732062,-0.612846,0.459387,0.124872,0.764819,-0.739547,0.893855,0.373567
0.709697,-0.595258,0.443928,0.141094,0.741489,-0.718484,0.867316,0.396749
0.687356,-0.57758,0.431551,0.153963,0.718182,-0.697299,0.840746,0.419822
0.664922,-0.559722,0.419143,0.166736,0.694774,-0.675886,0.819481,0.438195
0.642886,-0.542082,0.403558,0.182577,0.671779,-0.65472,0.798223,0.456488
0.620306,-0.523909,0.387852,0.198291,0.648214,-0.632901,0.771679,0.479235
0.598182,-0.506009,0.371989,0.213895,0.625121,-0.611399,0.745192,0.501845
0.574864,-0.487049,0.355931,0.229407,0.600779,-0.588609,0.718787,0.524315
0.552264,-0.468583,0.33965,0.244845,0.577184,-0.566401,0.692491,0.546645
0.530209,-0.450483,0.323124,0.260232,0.554156,-0.54462,0.67155,0.564407
0.507943,-0.43213,0.306337,0.27559,0.530903,-0.522524,0.653308,0.579876
0.485322,-0.41341,0.289275,0.290942,0.507279,-0.499974,0.614519,0.612799
0.461993,-0.394028,0.271934,0.306308,0.482913,-0.476615,0.588918,0.634585
0.439524,-0.37529,0.257859,0.318624,0.459442,-0.454022,0.563552,0.656248
0.417125,-0.356547,0.236406,0.337158,0.436042,-0.431412,0.538442,0.677792
0.392917,-0.336222,0.218213,0.35267,0.41075,-0.406882,0.513607,0.699222
0.371141,-0.317881,0.199731,0.368256,0.387996,-0.384738,0.489062,0.720539
0.347458,-0.297877,0.180966,0.383927,0.363248,-0.360576,0.464821,0.741746
0.325544,-0.279318,0.161922,0.39969,0.340348,-0.338151,0.440899,0.762846
0.302563,-0.259807,0.142605,0.415553,0.31633,-0.314566,0.417305,0.78384
0.279552,-0.240224,0.124986,0.429918,0.292278,-0.290888,0.398673,0.800561
0.256899,-0.220905,0.105155,0.445982,0.2686,-0.267521,0.37341,0.823444
0.23072,-0.198533,0.085063,0.462157,0.241234,-0.240453,0.350806,0.844138
0.210032,-0.180821,0.0647176,0.478441,0.219607,-0.219018,0.328549,0.864726
0.188762,-0.162584,0.0441253,0.494833,0.19737,-0.196943,0.306641,0.885207
0.162025,-0.139627,0.0232912,0.511328,0.169417,-0.169147,0.28508,0.905573
0.142946,-0.123224,0.00222331,0.527924,0.149469,-0.149283,0.263864,0.925819
0.119824,-0.103326,-0.0190688,0.544617,0.125293,-0.125184,0.24299,0.945938
0.0962524,-0.083023,-0.0405782,0.561402,0.100647,-0.10059,0.222454,0.965923
0.0732815,-0.0632227,-0.0622987,0.578272,0.0766276,-0.0766026,0.202248,0.985766
0.0495627,-0.0427663,-0.0842243,0.59522,0.051826,-0.0518183,0.182364,1.00546
0.0279971,-0.0241602,-0.106344,0.612241,0.0292757,-0.0292744,0.16279,1.02499
0.00441036,-0.00380609,-0.128648,0.629328,0.00461179,-0.00461178,0.143518,1.04435
-0.0179065,0.0154529,-0.151126,0.646473,-0.0187243,0.018724,0.124539,1.06353
-0.0406133,0.0350457,-0.173769,0.663667,-0.042468,0.0424637,0.105841,1.08253
-0.0640925,0.0552988,-0.196566,0.6809,-0.0670192,0.0670025,0.0874101,1.10132
-0.0865319,0.0746457,-0.214907,0.694708,-0.0904826,0.0904415,0.069234,1.1199
-0.113149,0.0975781,-0.242579,0.715448,-0.118313,0.118221,0.0548667,1.1346
-0.132778,0.114476,-0.26577,0.732747,-0.138838,0.138689,0.033588,1.15638
-0.160024,0.137907,-0.289069,0.750052,-0.167324,0.167064,0.016091,1.17427
-0.178788,0.154024,-0.312465,0.767351,-0.186942,0.186579,-0.00120907,1.19191
-0.201574,0.173572,-0.335944,0.784635,-0.210765,0.210244,-0.0183289,1.20929
-0.224147,0.192908,-0.359496,0.801895,-0.234362,0.233646,-0.0352839,1.22641
-0.25059,0.215518,-0.38311,0.819121,-0.262005,0.261004,-0.0520901,1.24326
-0.27052,0.232526,-0.406776,0.836301,-0.282837,0.281578,-0.0687657,1.25983
-0.293502,0.252101,-0.430482,0.853427,-0.306859,0.305249,-0.0853281,1.27612
-0.315464,0.270766,-0.451845,0.868785,-0.329813,0.327814,-0.101793,1.29212
-0.338775,0.29053,-0.475604,0.885779,-0.354175,0.351698,-0.116544,1.30627
-0.361426,0.309683,-0.499379,0.902688,-0.377845,0.374836,-0.132875,1.32172
-0.384219,0.328903,-0.523161,0.919503,-0.401662,0.398046,-0.149161,1.33688
-0.406774,0.347865,-0.546942,0.936216,-0.425228,0.420935,-0.165419,1.35174
-0.429516,0.366923,-0.570714,0.952815,-0.448987,0.44393,-0.181664,1.36631
-0.452819,0.386386,-0.594473,0.969292,-0.47333,0.467401,-0.197914,1.38058
-0.474968,0.404817,-0.618212,0.985637,-0.496465,0.48962,-0.214186,1.39458
-0.498079,0.423977,-0.641924,1.00184,-0.520602,0.512704,-0.230494,1.40828
-0.520511,0.442498,-0.665605,1.0179,-0.544028,0.535008,-0.246853,1.42171
-0.544413,0.462149,-0.689249,1.0338,-0.568987,0.558659,-0.263277,1.43487
-0.565472,0.479386,-0.712852,1.04952,-0.590974,0.579394,-0.279782,1.44776
-0.588139,0.497855,-0.736411,1.06506,-0.614637,0.601599,-0.296379,1.46038
-0.610332,0.51585,-0.752874,1.07582,-0.637803,0.623222,-0.313081,1.47275
-0.633357,0.534425,-0.783379,1.09554,-0.661835,0.645528,-0.324842,1.48125
-0.655521,0.552208,-0.806779,1.11047,-0.684964,0.666871,-0.346846,1.49673
-0.679902,0.571658,-0.830119,1.12518,-0.710405,0.6902,-0.363927,1.50837
-0.699963,0.587569,-0.853394,1.13965,-0.731335,0.709271,-0.381151,1.51978
-0.722495,0.605337,-0.876601,1.15389,-0.754841,0.730556,-0.398526,1.53098
-0.744961,0.622939,-0.892803,1.16371,-0.778274,0.751628,-0.416057,1.54197
-0.766865,0.639989,-0.922801,1.18163,-0.801119,0.772027,-0.428425,1.54955
-0.788575,0.656774,-0.945791,1.19511,-0.823757,0.792094,-0.451616,1.56339
-0.811067,0.674041,-0.968705,1.20833,-0.847209,0.812724,-0.469655,1.57383
-0.833625,0.691227,-0.991541,1.22127,-0.870727,0.833245,-0.482388,1.58104
-0.85506,0.707433,-1.0143,1.23392,-0.89307,0.85258,-0.500733,1.59121
-0.876657,0.723634,-1.03697,1.24628,-0.91558,0.871898,-0.524855,1.6042
-0.900573,0.741421,-1.05278,1.25476,-0.940504,0.893091,-0.543623,1.61404
-0.921025,0.756498,-1.08204,1.27011,-0.961815,0.911043,-0.556871,1.62086
-0.943309,0.772783,-1.10443,1.28156,-0.985031,0.93042,-0.581712,1.63336
-0.964441,0.788083,-1.12671,1.29269,-1.00704,0.948612,-0.60103,1.64285
-0.985869,0.803452,-1.1489,1.3035,-1.02937,0.966873,-0.620528,1.65223
-1.00746,0.818785,-1.17097,1.31397,-1.05185,0.985078,-0.640204,1.66152
-1.0293,0.834134,-1.19294,1.32411,-1.0746,1.00329,-0.66006,1.67072
-1.0511,0.849289,-1.20824,1.33101,-1.09729,1.02126,-0.680091,1.67983
-1.07146,0.863286,-1.23651,1.34338,-1.11849,1.03784,-0.694215,1.68617
-1.09624,0.880121,-1.25811,1.35249,-1.14429,1.05778,-0.720669,1.69784
-1.11491,0.892648,-1.27958,1.36126,-1.16372,1.0726,-0.741212,1.70675
-1.13564,0.9064,-1.30091,1.36968,-1.18529,1.08886,-0.761916,1.71559
-1.15666,0.920165,-1.32209,1.37777,-1.20716,1.10512,-0.782777,1.72439
-1.17846,0.934258,-1.34311,1.38552,-1.22986,1.12176,-0.80378,1.73313
-1.19858,0.947076,-1.36398,1.39292,-1.25078,1.13689,-0.82492,1.74183
-1.21956,0.960266,-1.38469,1.39995,-1.27262,1.15244,-0.846202,1.75048
-1.24089,0.973471,-1.40523,1.40662,-1.2948,1.168,-0.867627,1.75907
-1.26242,0.98659,-1.42561,1.41292,-1.3172,1.18344,-0.889198,1.7676
-1.28283,0.998824,-1.43976,1.4171,-1.33843,1.19784,-0.910917,1.77607
-1.30302,1.01073,-1.46582,1.42436,-1.35942,1.21184,-0.926207,1.78195
-1.32358,1.02265,-1.47972,1.42799,-1.3808,1.22585,-0.954796,1.79277
-1.34366,1.03408,-1.5053,1.43422,-1.40168,1.23928,-0.970296,1.79854
-1.36408,1.0455,-1.52475,1.43855,-1.42291,1.25267,-0.999281,1.80912
-1.38445,1.05667,-1.54399,1.44248,-1.44409,1.26578,-1.02175,1.81714
-1.40536,1.0679,-1.56114,1.44567,-1.46583,1.27894,-1.03757,1.82268
-1.42503,1.07824,-1.57999,1.44883,-1.48628,1.29106,-1.06485,1.83204
-1.44495,1.08849,-1.59863,1.45158,-1.50699,1.30306,-1.08776,1.83968
-1.46693,1.09953,-1.61704,1.45393,-1.52983,1.31597,-1.11081,1.84717
-1.48738,1.10955,-1.63522,1.4559,-1.55109,1.32768,-1.134,1.85449
-1.50373,1.11737,-1.65318,1.45747,-1.56808,1.33682,-1.15734,1.86164
-1.52325,1.12649,-1.6709,1.45865,-1.58837,1.34748,-1.18081,1.8686
-1.5436,1.13574,-1.68838,1.45946,-1.60952,1.35827,-1.20442,1.87536
-1.56293,1.14427,-1.70563,1.45988,-1.62961,1.36822,-1.22817,1.8819
-1.58202,1.15245,-1.72262,1.45994,-1.64946,1.37776,-1.25204,1.88822
-1.60339,1.16132,-1.73937,1.45964,-1.67166,1.38809,-1.27604,1.89429
-1.62065,1.16824,-1.75587,1.45897,-1.6896,1.39615,-1.30016,1.9001
-1.64012,1.17579,-1.76888,1.45819,-1.70984,1.40494,-1.32438,1.90563
-1.65844,1.18265,-1.7849,1.4569,-1.72888,1.41292,-1.34383,1.90985
-1.67714,1.18938,-1.80067,1.45526,-1.74832,1.42075,-1.36823,1.91485
-1.69587,1.19586,-1.81616,1.4533,-1.76779,1.42827,-1.39271,1.91952
-1.7154,1.20232,-1.83137,1.45103,-1.78808,1.43577,-1.41724,1.92386
-1.73281,1.20781,-1.8463,1.44849,-1.80618,1.44214,-1.44182,1.92788
-1.75157,1.21346,-1.86094,1.44567,-1.82568,1.44869,-1.4664,1.93156
-1.77033,1.21881,-1.8753,1.44258,-1.84519,1.45489,-1.49099,1.9349
-1.78769,1.22348,-1.88937,1.43922,-1.86323,1.46031,-1.51556,1.93787
-1.80651,1.22825,-1.90316,1.43559,-1.8828,1.46583,-1.5401,1.94048
-1.82346,1.23228,-1.91667,1.43171,-1.90042,1.47048,-1.56459,1.94269
-1.8419,1.23635,-1.92991,1.42757,-1.9196,1.47519,-1.58902,1.9445
-1.85895,1.23983,-1.94288,1.42317,-1.93732,1.4792,-1.61337,1.94589
-1.87641,1.2431,-1.95558,1.41852,-1.95549,1.48297,-1.63762,1.94685
-1.89397,1.24609,-1.96802,1.41362,-1.97375,1.48641,-1.66175,1.94738
-1.91139,1.24874,-1.9802,1.40848,-1.99187,1.48946,-1.68575,1.94746
-1.92847,1.25103,-1.99214,1.40308,-2.00964,1.4921,-1.70958,1.94709
-1.94707,1.25318,-2.00384,1.39744,-2.02899,1.49455,-1.73324,1.94626
-1.9631,1.25472,-2.0153,1.39156,-2.04567,1.49632,-1.75669,1.94495
-1.9792,1.25599,-2.02654,1.38543,-2.06243,1.49775,-1.77991,1.94318
-1.99707,1.25704,-2.03756,1.37907,-2.08103,1.49894,-1.80289,1.94094
-2.01287,1.25766,-2.04838,1.37248,-2.09748,1.49963,-1.8256,1.93823
-2.03125,1.25801,-2.059,1.36564,-2.11662,1.49999,-1.84802,1.93505
-2.04584,1.25799,-2.06942,1.35858,-2.13181,1.49993,-1.87012,1.93141
-2.0615,1.25766,-2.07967,1.35127,-2.14811,1.49952,-1.8919,1.92732
-2.07745,1.25701,-2.0898,1.34365,-2.16473,1.49872,-1.91333,1.92276
-2.09437,1.25595,-2.09992,1.33557,-2.18235,1.49744,-1.9344,1.91768
-2.10914,1.2547,-2.11015,1.32687,-2.19775,1.49596,-1.95515,1.91192
-2.12455,1.25308,-2.12059,1.31741,-2.21381,1.49403,-1.97559,1.90532
-2.1404,1.25105,-2.13137,1.30704,-2.23033,1.49164,-1.99571,1.89778
-2.15563,1.24876,-2.14241,1.29586,-2.24622,1.48894,-2.01554,1.88914
-2.17047,1.24619,-2.15351,1.28416,-2.26169,1.48591,-2.03502,1.87954
-2.18594,1.24315,-2.16463,1.27197,-2.27783,1.48234,-2.05406,1.8693
-2.20058,1.23993,-2.17576,1.25925,-2.2931,1.47855,-2.07265,1.85847
-2.21528,1.23633,-2.18685,1.24607,-2.30844,1.47433,-2.09078,1.84701
-2.22997,1.23238,-2.19781,1.23258,-2.32378,1.4697,-2.10842,1.83504
-2.2443,1.22817,-2.20862,1.21886,-2.33874,1.46476,-2.12555,1.8227
-2.25954,1.2233,-2.21923,1.20498,-2.35465,1.45904,-2.14215,1.81006
-2.27299,1.21864,-2.22965,1.19098,-2.3687,1.45359,-2.15821,1.79719
-2.28693,1.21346,-2.23479,1.18394,-2.38327,1.44751,-2.17372,1.78415
-2.30108,1.20782,-2.24994,1.16269,-2.39806,1.4409,-2.18127,1.77757
-2.31447,1.20211,-2.25885,1.14986,-2.41206,1.43422,-2.20307,1.7576
-2.32881,1.19559,-2.26861,1.13554,-2.42706,1.42658,-2.21556,1.74547
-2.34145,1.18949,-2.27824,1.12116,-2.44027,1.41943,-2.22891,1.73187
-2.35473,1.18271,-2.28775,1.10673,-2.45417,1.41148,-2.2417,1.71815
-2.36799,1.17554,-2.29717,1.09226,-2.46805,1.40308,-2.25394,1.70432
-2.38134,1.16792,-2.3065,1.07775,-2.48203,1.39415,-2.26563,1.69037
-2.39355,1.16057,-2.31579,1.06322,-2.49482,1.38553,-2.27677,1.67631
-2.40647,1.15239,-2.32503,1.04866,-2.50836,1.37595,-2.28736,1.66216
-2.41874,1.14425,-2.33426,1.0341,-2.52121,1.3664,-2.29741,1.64791
-2.43115,1.1356,-2.3435,1.01954,-2.53422,1.35625,-2.30692,1.63356
-2.44318,1.12681,-2.35277,1.005,-2.54684,1.34595,-2.31591,1.61914
-2.45536,1.11751,-2.36209,0.990509,-2.55962,1.33503,-2.32437,1.60463
-2.46712,1.10812,-2.37148,0.976077,-2.57196,1.32401,-2.33231,1.59007
-2.47888,1.09831,-2.38095,0.961736,-2.5843,1.31249,-2.33974,1.57546
-2.49033,1.08834,-2.39055,0.947495,-2.59633,1.30078,-2.34667,1.56083
-2.50178,1.07795,-2.40048,0.933281,-2.60836,1.28857,-2.35311,1.54615
-2.51285,1.06749,-2.41089,0.91903,-2.62,1.27626,-2.35907,1.53131
-2.52396,1.05656,-2.42185,0.904672,-2.63168,1.26341,-2.36459,1.51618
-2.53492,1.04533,-2.4334,0.890103,-2.64321,1.2502,-2.36968,1.50061
-2.54553,1.03404,-2.44534,0.875284,-2.65437,1.23692,-2.37438,1.48438
-2.55594,1.02253,-2.45738,0.860286,-2.66533,1.22335,-2.37872,1.46741
-2.56665,1.01023,-2.46941,0.845114,-2.6766,1.20886,-2.38271,1.44977
-2.57669,0.998236,-2.48143,0.82981,-2.68718,1.19473,-2.38637,1.43144
-2.58671,0.985828,-2.49344,0.814472,-2.69774,1.1801,-2.38974,1.41243
-2.59661,0.973119,-2.50545,0.799149,-2.70817,1.16511,-2.3928,1.3929
-2.60631,0.960193,-2.51751,0.783804,-2.71841,1.14985,-2.39557,1.37295
-2.61581,0.947079,-2.52957,0.76851,-2.72842,1.13437,-2.39808,1.35254
-2.62513,0.93374,-2.5415,0.75339,-2.73826,1.11861,-2.40033,1.33178
-2.63445,0.919911,-2.55326,0.738502,-2.74811,1.10226,-2.4023,1.31085
-2.64343,0.906107,-2.56481,0.723882,-2.75759,1.08593,-2.40351,1.29615
-2.65235,0.891906,-2.57611,0.709554,-2.76701,1.06913,-2.40473,1.27933
-2.66102,0.877594,-2.58717,0.695522,-2.77619,1.05218,-2.40655,1.24782
-2.66948,0.86315,-2.59797,0.681786,-2.78513,1.03507,-2.40745,1.22686
-2.67776,0.848499,-2.60852,0.668332,-2.79389,1.01771,-2.4081,1.20597
-2.68613,0.833151,-2.61883,0.655141,-2.80275,0.999507,-2.40854,1.18512
-2.69397,0.818272,-2.62888,0.642189,-2.81105,0.981853,-2.40877,1.16434
-2.70191,0.802652,-2.6387,0.629448,-2.81947,0.963309,-2.40884,1.14361
-2.70958,0.78703,-2.64827,0.616888,-2.82759,0.944752,-2.40874,1.12292
-2.71706,0.77124,-2.6576,0.604475,-2.83552,0.925984,-2.40852,1.10228
-2.72463,0.754671,-2.66668,0.592172,-2.84355,0.906281,-2.40818,1.08169
-2.73153,0.739024,-2.67551,0.579939,-2.85087,0.887663,-2.40775,1.06114
-2.73844,0.722773,-2.68408,0.567735,-2.85821,0.868314,-2.40726,1.04064
-2.74518,0.706343,-2.69239,0.555519,-2.86537,0.848743,-2.40687,1.02632
-2.75186,0.68946,-2.70042,0.543253,-2.87247,0.828621,-2.40612,0.999797
-2.75834,0.67247,-2.70816,0.530896,-2.87935,0.80836,-2.40551,0.979479
-2.76442,0.655915,-2.71559,0.518411,-2.88581,0.788608,-2.4049,0.95925
-2.77105,0.637137,-2.72271,0.505756,-2.89286,0.766189,-2.40428,0.939126
-2.77655,0.620939,-2.72949,0.492893,-2.89872,0.746841,-2.40367,0.919128
-2.78248,0.602812,-2.73591,0.479782,-2.90503,0.725177,-2.40307,0.899273
-2.78783,0.585769,-2.74197,0.46639,-2.91073,0.704798,-2.40249,0.87958
-2.79306,0.568473,-2.74763,0.452688,-2.91629,0.684106,-2.40191,0.860073
-2.79839,0.550054,-2.75287,0.438649,-2.92198,0.66206,-2.40134,0.840775
-2.80336,0.532167,-2.75766,0.424257,-2.92727,0.640639,-2.40076,0.821713
-2.80833,0.513514,-2.76199,0.409487,-2.93256,0.61829,-2.40016,0.80291
-2.81282,0.495876,-2.76584,0.394325,-2.93735,0.597147,-2.39954,0.784389
-2.81729,0.477517,-2.76918,0.378761,-2.94212,0.57513,-2.39888,0.766166
-2.82164,0.458764,-2.772,0.362793,-2.94677,0.552629,-2.39818,0.748255
-2.82575,0.440217,-2.77429,0.346421,-2.95116,0.530366,-2.39742,0.73067
-2.82971,0.421435,-2.77604,0.329654,-2.95538,0.507812,-2.39662,0.713416
-2.83361,0.401898,-2.77725,0.312506,-2.95955,0.484341,-2.39576,0.696501
-2.83716,0.383159,-2.77791,0.294994,-2.96335,0.461818,-2.39484,0.679926
-2.84052,0.364406,-2.77801,0.277145,-2.96694,0.439272,-2.39416,0.668527
-2.84383,0.344865,-2.77757,0.258983,-2.97047,0.415768,-2.39336,0.655702
-2.8468,0.326181,-2.77659,0.240535,-2.97365,0.393287,-2.39174,0.63223
-2.84969,0.306784,-2.77506,0.221832,-2.97674,0.369941,-2.3906,0.616987
-2.85235,0.287754,-2.77368,0.208604,-2.97958,0.347029,-2.38942,0.602055
-2.85488,0.26825,-2.77043,0.183781,-2.98229,0.32354,-2.38818,0.587426
-2.85722,0.248793,-2.76832,0.170296,-2.9848,0.300101,-2.3869,0.573086
-2.8594,0.229163,-2.76373,0.145073,-2.98713,0.276446,-2.38559,0.559023
-2.86139,0.209515,-2.75963,0.125548,-2.98926,0.252765,-2.38424,0.545227
-2.86323,0.189459,-2.75503,0.105945,-2.99123,0.228584,-2.38286,0.531687
-2.86483,0.170102,-2.75152,0.0921903,-2.99294,0.205243,-2.38145,0.518389
-2.86627,0.150372,-2.74439,0.0666076,-2.99449,0.181448,-2.38001,0.50532
-2.86753,0.130717,-2.73837,0.0469223,-2.99584,0.157739,-2.37929,0.498866
-2.86865,0.110406,-2.7319,0.0272574,-2.99703,0.133235,-2.37707,0.479807
-2.86959,0.089733,-2.72497,0.00763428,-2.99804,0.108292,-2.37557,0.467334
-2.87027,0.0711522,-2.71761,-0.0119256,-2.99877,0.0858705,-2.37403,0.455032
-2.87085,0.0501476,-2.70981,-0.0314027,-2.99939,0.0605225,-2.37248,0.442886
-2.87119,0.0316217,-2.70158,-0.0507772,-2.99976,0.0381643,-2.37088,0.430883
-2.87139,0.0115968,-2.69294,-0.0700309,-2.99997,0.0139963,-2.36926,0.419009
-2.8714,-0.00822851,-2.68389,-0.0891458,-2.99998,-0.00993111,-2.36758,0.407251
-2.87123,-0.0286271,-2.67444,-0.108105,-2.9998,-0.0345501,-2.36586,0.395597
-2.8709,-0.0477928,-2.6646,-0.126896,-2.99945,-0.0576806,-2.36408,0.384035
-2.87038,-0.0678272,-2.65646,-0.141796,-2.99888,-0.0818581,-2.36224,0.372553
-2.86968,-0.0874547,-2.64594,-0.160244,-2.99814,-0.105543,-2.36071,0.363419
-2.86881,-0.107271,-2.63505,-0.178485,-2.9972,-0.129454,-2.35873,0.352057
-2.86772,-0.127533,-2.62381,-0.196507,-2.99604,-0.153899,-2.35666,0.340749
-2.86649,-0.147157,-2.6134,-0.21253,-2.99472,-0.17757,-2.35448,0.329485
-2.86507,-0.166962,-2.6015,-0.230108,-2.9932,-0.201457,-2.35243,0.319381
-2.8635,-0.186357,-2.58928,-0.247441,-2.99151,-0.224844,-2.35004,0.308183
-2.86171,-0.206143,-2.58053,-0.259425,-2.9896,-0.2487,-2.34751,0.297008
-2.85973,-0.226006,-2.5639,-0.281354,-2.98748,-0.272641,-2.34566,0.289193
-2.85761,-0.245372,-2.55077,-0.297926,-2.98522,-0.295978,-2.34203,0.274688
-2.85528,-0.26503,-2.53736,-0.31424,-2.98272,-0.319661,-2.33905,0.263528
-2.8528,-0.284382,-2.52369,-0.330295,-2.98007,-0.342968,-2.33591,0.252355
-2.85016,-0.303503,-2.50978,-0.34609,-2.97725,-0.365992,-2.33259,0.241161
-2.84724,-0.323315,-2.49563,-0.361627,-2.97412,-0.389839,-2.32907,0.229938
-2.84428,-0.342065,-2.48128,-0.376909,-2.97096,-0.4124,-2.32536,0.218677
-2.84106,-0.361305,-2.46675,-0.391938,-2.96751,-0.435542,-2.32263,0.210767
-2.83767,-0.380374,-2.45206,-0.40672,-2.96389,-0.458471,-2.31727,0.196006
-2.83412,-0.399276,-2.43724,-0.421263,-2.9601,-0.48119,-2.31289,0.184578
-2.83041,-0.418004,-2.42231,-0.435577,-2.95613,-0.50369,-2.30826,0.173076
-2.82648,-0.436842,-2.40733,-0.449667,-2.95193,-0.526315,-2.30337,0.16149
-2.82229,-0.45591,-2.39231,-0.463543,-2.94746,-0.549204,-2.29823,0.149814
-2.81809,-0.474131,-2.37729,-0.477211,-2.94298,-0.571068,-2.2928,0.138044
-2.81367,-0.492422,-2.36233,-0.490682,-2.93827,-0.593006,-2.2871,0.126176
-2.80898,-0.510982,-2.34746,-0.503964,-2.93326,-0.615255,-2.2811,0.114209
-2.80424,-0.52893,-2.33272,-0.517065,-2.92821,-0.636761,-2.2748,0.102144
-2.79926,-0.546998,-2.31816,-0.529993,-2.9229,-0.6584,-2.26819,0.0899839
-2.79407,-0.565027,-2.30809,-0.538945,-2.91737,-0.679982,-2.26126,0.0777352
-2.78866,-0.583087,-2.28974,-0.555372,-2.9116,-0.70159,-2.25621,0.0691113
-2.78316,-0.600675,-2.27595,-0.567846,-2.90575,-0.722623,-2.24641,0.0529968
-2.7776,-0.617803,-2.26248,-0.580199,-2.89983,-0.743094,-2.2409,0.0442708
-2.77161,-0.635525,-2.24934,-0.59245,-2.89346,-0.764264,-2.23022,0.0279753
-2.76553,-0.652827,-2.23654,-0.604614,-2.88699,-0.784922,-2.22161,0.0153597
-2.75938,-0.669665,-2.22407,-0.616703,-2.88046,-0.805014,-2.21266,0.00267379
-2.75302,-0.686484,-2.21193,-0.628728,-2.87369,-0.825073,-2.20337,-0.0100827
-2.74648,-0.703122,-2.20008,-0.640696,-2.86675,-0.844905,-2.19373,-0.0229074
-2.73964,-0.719886,-2.18853,-0.652615,-2.85949,-0.864876,-2.18374,-0.0358
-2.73274,-0.736209,-2.18059,-0.660929,-2.85216,-0.884312,-2.1734,-0.048761
-2.72547,-0.752795,-2.16617,-0.676305,-2.84444,-0.904049,-2.16596,-0.0578742
-2.71841,-0.76833,-2.15531,-0.688071,-2.83696,-0.922525,-2.15503,-0.0709481
-2.71095,-0.784171,-2.14461,-0.699774,-2.82905,-0.941355,-2.14032,-0.088038
-2.70332,-0.799822,-2.13406,-0.711405,-2.82096,-0.959948,-2.12861,-0.10125
-2.69555,-0.815208,-2.12361,-0.722948,-2.81273,-0.978216,-2.11656,-0.114511
-2.68737,-0.830831,-2.11325,-0.734393,-2.80407,-0.996756,-2.10418,-0.127814
-2.67946,-0.84543,-2.10293,-0.745727,-2.79569,-1.01407,-2.09148,-0.141153
-2.6711,-0.860322,-2.09264,-0.756933,-2.78684,-1.03172,-2.07845,-0.154521
-2.66243,-0.875228,-2.08235,-0.767998,-2.77767,-1.04938,-2.0651,-0.16791
-2.65376,-0.889607,-2.07204,-0.778903,-2.76851,-1.06641,-2.05145,-0.181312
-2.6448,-0.903959,-2.06167,-0.789634,-2.75904,-1.08339,-2.03749,-0.194716
-2.63591,-0.917707,-2.05124,-0.800174,-2.74964,-1.09965,-2.02324,-0.208112
-2.62686,-0.931208,-2.04388,-0.80743,-2.74009,-1.11561,-2.0087,-0.221489
-2.61648,-0.946139,-2.03007,-0.820615,-2.72913,-1.13326,-1.99835,-0.230835
-2.60806,-0.957815,-2.0193,-0.830483,-2.72025,-1.14704,-1.97878,-0.248138
-2.59839,-0.970783,-2.00838,-0.840096,-2.71005,-1.16235,-1.96342,-0.261386
-2.58848,-0.9836,-1.99729,-0.849438,-2.6996,-1.17747,-1.94779,-0.274567
-2.57847,-0.996068,-1.98602,-0.858493,-2.68905,-1.19218,-1.93191,-0.287668
-2.56817,-1.00844,-1.97456,-0.867247,-2.6782,-1.20676,-1.91579,-0.300676
-2.55794,-1.02026,-1.96524,-0.874024,-2.66744,-1.22069,-1.89943,-0.313577
-2.5474,-1.03201,-1.95338,-0.882199,-2.65633,-1.23452,-1.88617,-0.323813
-2.53663,-1.04354,-1.9413,-0.890033,-2.64501,-1.24809,-1.86939,-0.336488
-2.52553,-1.05498,-1.92896,-0.897512,-2.63333,-1.26155,-1.85238,-0.349018
-2.51471,-1.06569,-1.91636,-0.904623,-2.62195,-1.27415,-1.83514,-0.361392
-2.50374,-1.07613,-1.90349,-0.911352,-2.61042,-1.28642,-1.81768,-0.373594
-2.49246,-1.08644,-1.89035,-0.917683,-2.59857,-1.29855,-1.8,-0.385611
-2.48097,-1.09652,-1.87691,-0.923601,-2.5865,-1.31039,-1.78211,-0.397428
-2.46926,-1.10636,-1.86319,-0.929094,-2.57421,-1.32194,-1.76401,-0.409028
-2.45643,-1.11667,-1.84917,-0.934148,-2.56074,-1.33405,-1.7457,-0.4204
-2.44548,-1.12509,-1.83484,-0.93875,-2.54926,-1.34392,-1.72719,-0.43153
-2.43329,-1.13406,-1.8202,-0.94289,-2.53647,-1.35445,-1.71786,-0.437001
-2.42102,-1.14268,-1.80525,-0.946559,-2.52361,-1.36456,-1.68957,-0.453019
-2.40859,-1.15102,-1.78999,-0.949747,-2.51057,-1.37434,-1.67047,-0.46336
-2.39557,-1.15932,-1.77441,-0.952445,-2.49694,-1.38407,-1.65118,-0.473424
-2.38329,-1.16677,-1.75851,-0.954642,-2.48407,-1.3928,-1.6317,-0.483202
-2.37041,-1.17419,-1.74229,-0.956328,-2.47058,-1.4015,-1.61204,-0.492688
-2.35722,-1.18139,-1.72576,-0.957491,-2.45678,-1.40994,-1.59221,-0.501877
-2.34404,-1.1882,-1.70891,-0.958117,-2.44299,-1.41792,-1.5722,-0.51076
-2.33049,-1.1948,-1.69175,-0.958195,-2.42881,-1.42565,-1.55201,-0.51933
-2.3171,-1.20095,-1.67427,-0.95771,-2.41481,-1.43285,-1.53166,-0.52758
-2.30344,-1.20683,-1.66185,-0.957029,-2.40053,-1.43975,-1.51113,-0.535504
-2.28914,-1.2126,-1.64385,-0.95556,-2.38558,-1.44651,-1.49666,-0.540853
-2.27566,-1.21768,-1.62555,-0.953497,-2.3715,-1.45246,-1.47586,-0.54821
-2.2608,-1.22287,-1.61071,-0.951413,-2.35597,-1.45855,-1.45489,-0.555233
-2.24702,-1.22733,-1.58812,-0.947549,-2.34158,-1.46378,-1.438,-0.560607
-2.23249,-1.23167,-1.57285,-0.944475,-2.32641,-1.46886,-1.41248,-0.568252
-2.21798,-1.23563,-1.55355,-0.940063,-2.31126,-1.47351,-1.39535,-0.573072
-2.2031,-1.23934,-1.53403,-0.935012,-2.29573,-1.47786,-1.3738,-0.578788
-2.1885,-1.24261,-1.5143,-0.929315,-2.2805,-1.48171,-1.35211,-0.584169
-2.17312,-1.2457,-1.49439,-0.92297,-2.26445,-1.48533,-1.33468,-0.588239
-2.15829,-1.24832,-1.47432,-0.915974,-2.24899,-1.48843,-1.30838,-0.593964
-2.14296,-1.25069,-1.45411,-0.908326,-2.233,-1.49122,-1.28635,-0.598393
-2.12723,-1.25276,-1.43379,-0.900032,-2.2166,-1.49366,-1.26423,-0.60252
-2.11185,-1.25444,-1.41337,-0.891099,-2.20057,-1.49565,-1.24202,-0.60635
-2.09581,-1.25584,-1.39289,-0.88154,-2.18386,-1.49731,-1.21973,-0.60989
-2.07951,-1.2569,-1.37236,-0.871371,-2.16688,-1.49859,-1.19738,-0.613145
-2.06448,-1.25757,-1.35181,-0.860609,-2.15122,-1.4994,-1.17498,-0.61612
-2.04815,-1.25796,-1.33127,-0.849279,-2.13422,-1.49989,-1.15253,-0.618814
-2.0316,-1.25801,-1.31076,-0.837406,-2.11698,-1.49999,-1.13007,-0.621226
-2.01548,-1.25774,-1.2903,-0.825024,-2.1002,-1.49971,-1.10758,-0.623353
-1.99846,-1.25711,-1.26993,-0.812172,-2.08247,-1.49901,-1.08509,-0.62519
-1.98193,-1.25617,-1.24966,-0.798892,-2.06526,-1.49796,-1.0626,-0.626732
-1.965,-1.25489,-1.22951,-0.785232,-2.04765,-1.4965,-1.04014,-0.627972
-1.94633,-1.2531,-1.20953,-0.771243,-2.02822,-1.49446,-1.0177,-0.628901
-1.93105,-1.25135,-1.18972,-0.756978,-2.01232,-1.49246,-0.995295,-0.629508
-1.9143,-1.24915,-1.17011,-0.742496,-1.99489,-1.48994,-0.97294,-0.62978
-1.89668,-1.24652,-1.1507,-0.727859,-1.97657,-1.48691,-0.950638,-0.629703
-1.87967,-1.24368,-1.13153,-0.713131,-1.95888,-1.48364,-0.928391,-0.629264
-1.86182,-1.24039,-1.11259,-0.698374,-1.94031,-1.47985,-0.906202,-0.628447
-1.8442,-1.23683,-1.0939,-0.683655,-1.92199,-1.47575,-0.884068,-0.627235
-1.82672,-1.23302,-1.07546,-0.669038,-1.90381,-1.47134,-0.861988,-0.625613
-1.8083,-1.22869,-1.05727,-0.65458,-1.88466,-1.46633,-0.839961,-0.623569
-1.79094,-1.22433,-1.03931,-0.640331,-1.86661,-1.46129,-0.817982,-0.621089
-1.77209,-1.21929,-1.02155,-0.626328,-1.84701,-1.45545,-0.796046,-0.618164
-1.7547,-1.21437,-1.00398,-0.612595,-1.82893,-1.44975,-0.774145,-0.614783
-1.73504,-1.2085,-0.98656,-0.599146,-1.8085,-1.44294,-0.752275,-0.610936
-1.71728,-1.20292,-0.969256,-0.585991,-1.79004,-1.43647,-0.730426,-0.606612
-1.69881,-1.19685,-0.952036,-0.573137,-1.77084,-1.42942,-0.708592,-0.601805
-1.68013,-1.19043,-0.93487,-0.560587,-1.75142,-1.42197,-0.686767,-0.596513
-1.66091,-1.18355,-0.917729,-0.548335,-1.73145,-1.41397,-0.664947,-0.590738
-1.64239,-1.17666,-0.90058,-0.536373,-1.7122,-1.40595,-0.643127,-0.584479
-1.62371,-1.16944,-0.8834,-0.524692,-1.69278,-1.39755,-0.621302,-0.577734
-1.60443,-1.16174,-0.866164,-0.513281,-1.67275,-1.38858,-0.599468,-0.570502
-1.58508,-1.15374,-0.848853,-0.50213,-1.65264,-1.37927,-0.577625,-0.562785
-1.56565,-1.14545,-0.831446,-0.491223,-1.63244,-1.3696,-0.555774,-0.554587
-1.54668,-1.13712,-0.813925,-0.480544,-1.61273,-1.35988,-0.533914,-0.54591
-1.52706,-1.12824,-0.796277,-0.470077,-1.59233,-1.34952,-0.512048,-0.536758
-1.50731,-1.11906,-0.778486,-0.459804,-1.5718,-1.3388,-0.490177,-0.527136
-1.48689,-1.10931,-0.760539,-0.449703,-1.55058,-1.3274,-0.468306,-0.517049
-1.46767,-1.0999,-0.742424,-0.439752,-1.53061,-1.3164,-0.446435,-0.506502
-1.44772,-1.0899,-0.724133,-0.429926,-1.50986,-1.3047,-0.42457,-0.4955
-1.42788,-1.07972,-0.705657,-0.4202,-1.48924,-1.29279,-0.402716,-0.484047
-1.40721,-1.06888,-0.686989,-0.410548,-1.46775,-1.28009,-0.380877,-0.472145
-1.38697,-1.05803,-0.668125,-0.400941,-1.44671,-1.26738,-0.35906,-0.459798
-1.36733,-1.0473,-0.649064,-0.39135,-1.42629,-1.25479,-0.337269,-0.447009
-1.34718,-1.03607,-0.629804,-0.381747,-1.40534,-1.2416,-0.315513,-0.433782
-1.32687,-1.02454,-0.610347,-0.372109,-1.38422,-1.22807,-0.293796,-0.420123
-1.3059,-1.01241,-0.590696,-0.362412,-1.36242,-1.21382,-0.272124,-0.40604
-1.28552,-1.00042,-0.570857,-0.352634,-1.34122,-1.19972,-0.250504,-0.391542
-1.26496,-0.98812,-0.550836,-0.342756,-1.31984,-1.18525,-0.228945,-0.376635
-1.24392,-0.975328,-0.530641,-0.332761,-1.29795,-1.17018,-0.207455,-0.361329
-1.22291,-0.962351,-0.510279,-0.322631,-1.2761,-1.1549,-0.186041,-0.345632
-1.20249,-0.949549,-0.489761,-0.312352,-1.25485,-1.1398,-0.164712,-0.329555
-1.1809,-0.935819,-0.469099,-0.30191,-1.23239,-1.1236,-0.143475,-0.313109
-1.16025,-0.922504,-0.448306,-0.29129,-1.21091,-1.10788,-0.122339,-0.296303
-1.13914,-0.908703,-0.427393,-0.280479,-1.18893,-1.09158,-0.101314,-0.279149
-1.11749,-0.89437,-0.406372,-0.269464,-1.1664,-1.07463,-0.0804028,-0.261655
-1.09631,-0.880168,-0.385254,-0.258236,-1.14436,-1.05783,-0.0596109,-0.243831
-1.07505,-0.865743,-0.36405,-0.246783,-1.12223,-1.04075,-0.0389426,-0.225687
-1.05393,-0.851247,-0.342768,-0.235096,-1.10024,-1.02358,-0.0184001,-0.207231
-1.03255,-0.836404,-0.321421,-0.22317,-1.07798,-1.00598,0.00201639,-0.188473
-1.01021,-0.820727,-0.300019,-0.211,-1.05472,-0.987383,0.0223038,-0.169422
-0.989196,-0.805825,-0.278571,-0.198581,-1.03283,-0.969691,0.0424607,-0.15009
-0.967458,-0.790256,-0.257085,-0.185912,-1.01019,-0.951195,0.0624877,-0.130485
-0.945429,-0.774324,-0.235571,-0.172993,-0.98724,-0.932253,0.0823863,-0.110617
-0.923859,-0.758578,-0.214038,-0.159829,-0.964768,-0.913518,0.102155,-0.0904984
-0.902314,-0.742709,-0.192496,-0.14642,-0.942318,-0.894625,0.121793,-0.0701425
-0.8804,-0.726428,-0.17095,-0.132769,-0.919481,-0.875229,0.141299,-0.0495609
-0.858588,-0.710088,-0.149409,-0.118879,-0.896747,-0.855747,0.160675,-0.0287617
-0.836479,-0.693392,-0.127882,-0.104755,-0.873701,-0.835828,0.17992,-0.00775606
-0.814159,-0.676404,-0.106376,-0.0904024,-0.850433,-0.815547,0.199032,0.0134451
-0.792176,-0.659547,-0.084896,-0.0758269,-0.827512,-0.795408,0.218012,0.0348303
-0.770194,-0.64257,-0.0634454,-0.0610328,-0.80459,-0.775114,0.236859,0.0563892
-0.74769,-0.62507,-0.0420268,-0.0460271,-0.78112,-0.754178,0.255578,0.078113
-0.725119,-0.607398,-0.0206421,-0.0308163,-0.757577,-0.733024,0.274172,0.0999912
-0.703615,-0.590456,0.000707537,-0.0154081,-0.735145,-0.712731,0.292644,0.122014
-0.681216,-0.572703,0.0220215,0.000190252,-0.711776,-0.691452,0.310998,0.144171
-0.658157,-0.554317,0.0432996,0.0159719,-0.687715,-0.669402,0.329238,0.166452
-0.636364,-0.536843,0.0645401,0.0319275,-0.664972,-0.648431,0.347368,0.188849
-0.614182,-0.518963,0.0857406,0.0480482,-0.641822,-0.626961,0.365392,0.211352
-0.591408,-0.500511,0.106902,0.0643255,-0.618049,-0.604791,0.38331,0.233949
-0.568475,-0.481838,0.128026,0.0807548,-0.594109,-0.582343,0.401128,0.256631
-0.54668,-0.464008,0.149114,0.0973315,-0.571353,-0.560896,0.41885,0.279393
-0.522735,-0.444331,0.170169,0.114048,-0.546351,-0.537214,0.436482,0.302229
-0.50155,-0.426847,0.191193,0.130899,-0.524227,-0.516162,0.45403,0.325132
-0.478838,-0.40803,0.212187,0.147875,-0.500507,-0.493492,0.4715,0.348095
-0.456191,-0.389196,0.233151,0.16497,-0.476852,-0.470789,0.488893,0.371109
-0.433599,-0.370338,0.254087,0.18218,-0.453252,-0.448049,0.506216,0.394168
-0.410538,-0.351024,0.274998,0.199496,-0.42916,-0.424747,0.523472,0.417268
-0.387624,-0.331768,0.295885,0.216909,-0.405219,-0.401506,0.540668,0.440399
-0.365137,-0.312816,0.31675,0.234412,-0.381723,-0.37862,0.557807,0.463553
-0.341955,-0.293222,0.337596,0.252,-0.357498,-0.354951,0.574895,0.486723
-0.319536,-0.274222,0.358426,0.269665,-0.334069,-0.331991,0.591937,0.509905
-0.296521,-0.254669,0.379239,0.287399,-0.310014,-0.308355,0.60894,0.53309
-0.273421,-0.235,0.400036,0.305194,-0.28587,-0.28457,0.625906,0.556272
-0.250606,-0.215532,0.420814,0.32304,-0.262022,-0.26102,0.64284,0.579443
-0.227603,-0.195866,0.441574,0.340928,-0.237976,-0.237226,0.659742,0.602591
-0.204868,-0.176396,0.462314,0.358852,-0.214208,-0.213661,0.676615,0.625712
-0.182191,-0.156946,0.483036,0.376804,-0.190501,-0.190116,0.693461,0.648797
-0.159551,-0.1375,0.503742,0.394777,-0.16683,-0.166572,0.710288,0.671841
-0.136538,-0.117712,0.524432,0.412761,-0.142769,-0.142607,0.727099,0.694835
-0.113544,-0.0979188,0.545106,0.430747,-0.118727,-0.118634,0.743899,0.717772
-0.0905937,-0.0781465,0.565768,0.448727,-0.0947297,-0.0946825,0.760691,0.740641
-0.0676643,-0.058379,0.586416,0.466696,-0.070754,-0.0707343,0.777482,0.763438
-0.0447978,-0.0386558,0.607048,0.484649,-0.0468436,-0.0468379,0.794276,0.786156
-0.0218268,-0.0188358,0.627665,0.502575,-0.0228236,-0.0228229,0.811073,0.808791
0.00150371,0.00129768,0.648266,0.52047,0.00157238,0.00157238,0.827879,0.831333
0.0242018,0.0208852,0.668852,0.538325,0.0253071,0.0253062,0.844696,0.853778
0.0470001,0.0405557,0.689427,0.556134,0.0491464,0.0491398,0.861531,0.876118
0.0702799,0.0606345,0.709988,0.573891,0.073489,0.0734669,0.878389,0.898348
0.0929958,0.0802167,0.730536,0.591588,0.0972414,0.0971904,0.895275,0.920462
0.115816,0.0998749,0.75107,0.60922,0.121102,0.121003,0.912192,0.942452
0.139219,0.120018,0.771589,0.626779,0.145572,0.145401,0.929143,0.964314
0.162055,0.139652,0.792091,0.644258,0.169448,0.169178,0.946131,0.986042
0.18468,0.159081,0.812575,0.661647,0.193102,0.192702,0.96316,1.00763
0.207754,0.178869,0.833042,0.678943,0.217226,0.216655,0.980231,1.02906
0.231114,0.19887,0.849401,0.692708,0.241646,0.240861,0.997351,1.05034
0.25331,0.217841,0.873911,0.713225,0.264848,0.263814,1.01108,1.06725
0.277685,0.238634,0.894305,0.730192,0.290327,0.288965,1.03174,1.09241
0.299254,0.256994,0.914668,0.747032,0.312872,0.311165,1.04555,1.10904
0.323071,0.277221,0.934998,0.763736,0.337763,0.335616,1.06634,1.13376
0.34538,0.29612,0.955289,0.780297,0.361077,0.358452,1.08372,1.15414
0.367607,0.3149,0.97554,0.796708,0.384304,0.381138,1.10116,1.17432
0.390369,0.334079,0.995749,0.812964,0.408088,0.404295,1.11866,1.1943
0.413565,0.353563,1.01591,0.829058,0.432323,0.42781,1.13622,1.21405
0.436851,0.373057,1.03,0.840226,0.456649,0.451328,1.15384,1.23358
0.459018,0.391551,1.05009,0.856034,0.479805,0.473629,1.16621,1.24712
0.481613,0.410334,1.07014,0.871669,0.503406,0.496268,1.18395,1.26627
0.503892,0.428784,1.09013,0.88713,0.526673,0.518494,1.20176,1.28518
0.526584,0.4475,1.11009,0.902418,0.55037,0.541029,1.21965,1.30386
0.549382,0.466222,1.13,0.91753,0.574175,0.56356,1.23761,1.3223
0.572038,0.484745,1.14986,0.93246,0.597829,0.585838,1.25566,1.34051
0.594182,0.502764,1.16968,0.947205,0.620945,0.607499,1.27378,1.35848
0.617063,0.521291,1.18945,0.961764,0.644829,0.629757,1.292,1.37621
0.638831,0.538826,1.20917,0.976134,0.667547,0.650811,1.31029,1.39369
0.663956,0.558951,1.22884,0.990313,0.693767,0.674961,1.32867,1.41093
0.68445,0.575273,1.24845,1.00429,0.71515,0.694533,1.34714,1.42791
0.70612,0.592435,1.26801,1.01808,0.737758,0.715102,1.36568,1.44465
0.73002,0.611245,1.28555,1.03031,0.762689,0.73763,1.38431,1.46112
0.750706,0.627422,1.30499,1.0437,0.784266,0.756993,1.40114,1.47573
0.773079,0.644805,1.32437,1.05689,0.807599,0.777786,1.41428,1.48695
0.794871,0.66162,1.34368,1.06987,0.830323,0.797886,1.43878,1.50743
0.81685,0.678459,1.36294,1.08263,0.853238,0.818001,1.45772,1.52289
0.838739,0.695105,1.38214,1.09518,0.876058,0.837873,1.47675,1.53808
0.861149,0.712013,1.39554,1.10383,0.899417,0.858044,1.49586,1.553
0.882868,0.728269,1.42035,1.11961,0.922053,0.877422,1.51505,1.56764
0.90501,0.744702,1.43936,1.13149,0.945127,0.896999,1.52853,1.57773
0.926641,0.760617,1.45831,1.14314,0.967666,0.915945,1.55366,1.5961
0.948628,0.776647,1.4772,1.15455,0.990573,0.935015,1.57309,1.60991
0.970158,0.792198,1.49602,1.16573,1.013,0.953502,1.59259,1.62343
0.991843,0.80771,1.50916,1.17341,1.03559,0.97193,1.61216,1.63666
1.01393,0.823348,1.53348,1.18737,1.05859,0.990494,1.62591,1.64575
1.03481,0.837978,1.55212,1.19781,1.08033,1.00785,1.65154,1.66225
1.05685,0.853258,1.56513,1.20498,1.10328,1.02596,1.67133,1.6746
1.07764,0.867511,1.58921,1.21796,1.12493,1.04285,1.68523,1.68306
1.09936,0.882227,1.60766,1.22766,1.14754,1.06027,1.71112,1.6984
1.12064,0.896465,1.62604,1.23709,1.16968,1.07711,1.73112,1.70984
1.14191,0.910529,1.64436,1.24626,1.19182,1.09374,1.75117,1.72097
1.16322,0.924425,1.66261,1.25516,1.21399,1.11015,1.77128,1.73178
1.18362,0.937558,1.6808,1.26379,1.23522,1.12566,1.79144,1.74227
1.20518,0.951249,1.69348,1.26966,1.25765,1.14181,1.81166,1.75244
1.22632,0.964469,1.71695,1.2802,1.27964,1.15739,1.82583,1.75936
1.2468,0.977093,1.72953,1.28567,1.30095,1.17226,1.85221,1.77178
1.26779,0.989824,1.7528,1.29546,1.32278,1.18725,1.86643,1.77822
1.28821,1.00202,1.7706,1.30265,1.34402,1.2016,1.89289,1.78975
1.30893,1.01418,1.78833,1.30954,1.36557,1.21589,1.91328,1.79821
1.3291,1.02581,1.80597,1.31614,1.38654,1.22956,1.93368,1.80633
1.34965,1.03746,1.82353,1.32245,1.40791,1.24324,1.95409,1.8141
1.36974,1.04863,1.841,1.32846,1.4288,1.25634,1.97452,1.82152
1.38995,1.05965,1.85839,1.33418,1.44981,1.26927,1.99495,1.82859
1.41106,1.07092,1.87569,1.33959,1.47176,1.28248,2.01539,1.83531
1.43093,1.0813,1.88774,1.34319,1.49241,1.29464,2.03581,1.84166
1.45013,1.09112,1.91,1.34948,1.51237,1.30613,2.0501,1.84589
1.47021,1.10115,1.92192,1.35264,1.53324,1.31787,2.0766,1.85326
1.48966,1.11065,1.93885,1.35688,1.55346,1.32897,2.09085,1.85697
1.50968,1.12018,1.95569,1.36081,1.57427,1.3401,2.11119,1.86193
1.52954,1.12938,1.97743,1.36543,1.59492,1.35085,2.13148,1.86652
1.54873,1.13803,1.99404,1.36863,1.61485,1.36094,2.15781,1.87192
1.56808,1.14651,2.01056,1.37151,1.63497,1.37083,2.17195,1.87456
1.58739,1.15471,2.02698,1.37407,1.65503,1.38039,2.19815,1.87899
1.6072,1.16286,2.0433,1.3763,1.67562,1.38989,2.21824,1.88195
1.62823,1.17121,2.05951,1.3782,1.69748,1.39961,2.23827,1.88454
1.64563,1.17788,2.07079,1.37933,1.71556,1.40737,2.25224,1.88611
1.66397,1.18466,2.0916,1.38098,1.73462,1.41526,2.27213,1.88802
1.68254,1.19128,2.10747,1.38185,1.75393,1.42295,2.29786,1.8899
1.70119,1.19765,2.12323,1.38239,1.77332,1.43035,2.31753,1.89088
1.71981,1.20373,2.13887,1.38258,1.79266,1.43741,2.33711,1.89146
1.73827,1.20949,2.15439,1.38243,1.81185,1.44409,2.35657,1.89164
1.75661,1.21493,2.16979,1.38194,1.83092,1.45039,2.37592,1.89143
1.77497,1.22008,2.18507,1.38112,1.85001,1.45637,2.39514,1.89082
1.7933,1.22494,2.20022,1.37996,1.86906,1.46199,2.41424,1.88982
1.81106,1.22936,2.21525,1.37847,1.88753,1.46711,2.43319,1.88843
1.82922,1.23358,2.23015,1.37665,1.90641,1.47199,2.45201,1.88665
1.84756,1.23753,2.24051,1.37517,1.92548,1.47655,2.47068,1.88449
1.86444,1.24089,2.25959,1.37201,1.94304,1.48043,2.48367,1.88275
1.88204,1.24409,2.27411,1.36921,1.96134,1.48412,2.50758,1.87903
1.89956,1.24697,2.28852,1.36609,1.97957,1.48743,2.52579,1.87575
1.91653,1.24946,2.3028,1.36265,1.99722,1.49029,2.54383,1.87209
1.93388,1.2517,2.31695,1.35888,2.01527,1.49286,2.56171,1.86808
1.95146,1.25363,2.33097,1.3548,2.03356,1.49507,2.57942,1.8637
1.96769,1.25511,2.33933,1.35219,2.05044,1.49676,2.59695,1.85897
1.98484,1.25636,2.34764,1.34948,2.0683,1.49817,2.60564,1.85647
2.00151,1.25725,2.36138,1.3447,2.08565,1.49917,2.61774,1.85282
2.01798,1.2578,2.37501,1.33961,2.1028,1.49977,2.63487,1.84732
2.03652,1.25803,2.3885,1.33421,2.1221,1.5,2.65181,1.84148
2.05053,1.25792,2.40187,1.3285,2.13669,1.49984,2.66857,1.8353
2.06646,1.2575,2.41511,1.32248,2.15328,1.49931,2.68512,1.8288
2.08238,1.25674,2.42823,1.31615,2.16987,1.49839,2.69659,1.82404
2.09808,1.25566,2.44122,1.3095,2.18622,1.4971,2.7128,1.81698
2.1143,1.25419,2.45408,1.30255,2.20312,1.49536,2.73356,1.80732
2.13001,1.25242,2.46681,1.29528,2.2195,1.49326,2.74928,1.79952
2.14507,1.25039,2.47942,1.28771,2.2352,1.49086,2.7648,1.79141
2.16013,1.24802,2.49189,1.27983,2.25091,1.48806,2.7801,1.78299
2.17605,1.24514,2.50424,1.27164,2.26751,1.48467,2.79519,1.77427
2.19029,1.24223,2.51281,1.26574,2.28236,1.48126,2.80561,1.76799
2.20502,1.23888,2.52493,1.25704,2.29774,1.47732,2.82032,1.75877
2.22026,1.23503,2.53215,1.25168,2.31364,1.47281,2.83481,1.74927
2.23463,1.23105,2.54643,1.24065,2.32864,1.46814,2.84624,1.74146
2.24896,1.22673,2.55819,1.23113,2.3436,1.46306,2.86033,1.73145
2.26317,1.22207,2.56983,1.22131,2.35844,1.45761,2.87419,1.72117
2.27736,1.21705,2.58133,1.21121,2.37327,1.45173,2.88784,1.71061
2.29134,1.21174,2.59043,1.20291,2.38788,1.4455,2.90125,1.69979
2.30524,1.20608,2.60392,1.19013,2.40241,1.43887,2.91182,1.69095
2.31885,1.20017,2.61502,1.17917,2.41663,1.43194,2.92741,1.67738
2.33211,1.19403,2.62596,1.16793,2.43051,1.42475,2.94014,1.6658
2.34576,1.18733,2.63677,1.15642,2.44478,1.4169,2.95264,1.65397
2.35886,1.18052,2.64743,1.14464,2.4585,1.40892,2.9649,1.64191
2.37205,1.17327,2.65794,1.13259,2.4723,1.40042,2.97694,1.62962
2.38532,1.16556,2.66624,1.12277,2.4862,1.39139,2.98875,1.6171
2.39795,1.15783,2.67649,1.11025,2.49943,1.38233,2.99572,1.60948
2.41065,1.14966,2.68658,1.09748,2.51273,1.37275,3.00943,1.59399
2.42284,1.14143,2.69653,1.08446,2.52551,1.3631,3.0206,1.58085
2.43532,1.1326,2.70534,1.07253,2.5386,1.35273,3.03155,1.56749
2.44781,1.12332,2.71499,1.05905,2.5517,1.34185,3.04121,1.55529
2.45911,1.11456,2.72448,1.04532,2.56356,1.33156,3.05173,1.54154
2.47134,1.10464,2.73382,1.03135,2.5764,1.31992,3.06204,1.52759
2.48268,1.09505,2.743,1.01716,2.5883,1.30865,3.06711,1.52053
2.4942,1.08488,2.75201,1.00274,2.6004,1.29671,3.08199,1.49908
2.50541,1.07456,2.75911,0.991052,2.61218,1.28458,3.09165,1.48453
2.51662,1.06383,2.7687,0.974759,2.62396,1.27196,3.09922,1.47277
2.5276,1.05288,2.77724,0.959733,2.6355,1.25909,3.10758,1.45939
2.53819,1.0419,2.78144,0.952147,2.64664,1.24617,3.11846,1.44134
2.54912,1.03012,2.79381,0.929099,2.65815,1.23229,3.12729,1.4261
2.55948,1.01852,2.80184,0.913503,2.66905,1.21863,3.13593,1.4107
2.5698,1.00651,2.8097,0.89773,2.67992,1.20448,3.14436,1.39514
2.58014,0.994015,2.81738,0.881782,2.69082,1.18976,3.15259,1.37943
2.58997,0.981699,2.8249,0.865659,2.70117,1.17523,3.16063,1.36356
2.59977,0.968956,2.83224,0.849366,2.71151,1.1602,3.16848,1.34753
2.60944,0.955926,2.8394,0.83291,2.72171,1.14481,3.17613,1.33134
2.61902,0.942535,2.84638,0.816296,2.73181,1.129,3.18359,1.31501
2.62815,0.929308,2.85317,0.799531,2.74146,1.11337,3.19087,1.29852
2.63737,0.915477,2.85979,0.782619,2.75119,1.09702,3.19796,1.28188
2.64633,0.901537,2.86621,0.765566,2.76066,1.08053,3.20487,1.26511
2.6551,0.887419,2.87244,0.748377,2.76992,1.06382,3.21159,1.24819
2.66382,0.872874,2.87849,0.731057,2.77914,1.04659,3.21814,1.23113
2.67244,0.857973,2.88434,0.713609,2.78826,1.02894,3.2245,1.21393
2.6806,0.843358,2.89001,0.696044,2.79689,1.01161,3.2307,1.1966
2.68871,0.828311,2.89547,0.678368,2.80548,0.993765,3.23672,1.17913
2.69662,0.813118,2.90075,0.660589,2.81386,0.975735,3.24257,1.16154
2.70422,0.798011,2.90582,0.642714,2.82191,0.957797,3.24826,1.14382
2.71181,0.782381,2.9107,0.624749,2.82996,0.939227,3.25378,1.12598
2.71975,0.765425,2.91538,0.6067,2.83838,0.91907,3.25914,1.10803
2.72688,0.749619,2.91986,0.588573,2.84594,0.90027,3.26434,1.08997
2.73385,0.73364,2.92414,0.570373,2.85333,0.881253,3.26938,1.0718
2.74058,0.717624,2.92822,0.552108,2.86048,0.862182,3.27427,1.05351
2.74761,0.700287,2.9321,0.533783,2.86795,0.841527,3.279,1.03513
2.75379,0.684464,2.93578,0.515405,2.87452,0.822665,3.28359,1.01665
2.76092,0.665507,2.93925,0.496981,2.8821,0.800053,3.28803,0.998068
2.76639,0.650409,2.94253,0.478517,2.88791,0.782035,3.29232,0.979398
2.77243,0.633139,2.9456,0.460018,2.89433,0.761415,3.29648,0.96064
2.77873,0.614356,2.94847,0.441493,2.90104,0.738975,3.30049,0.941798
2.78398,0.598105,2.95114,0.422948,2.90662,0.71955,3.30437,0.922875
2.78946,0.580439,2.95359,0.404389,2.91246,0.698423,3.30811,0.903879
2.7948,0.562556,2.95584,0.385821,2.91814,0.677025,3.31172,0.884809
2.79983,0.544957,2.95788,0.367253,2.92351,0.655957,3.3152,0.865671
2.80498,0.526189,2.9597,0.348689,2.929,0.633478,3.31855,0.846471
2.80954,0.508822,2.96126,0.330102,2.93386,0.612667,3.32176,0.827208
2.81415,0.490472,2.96251,0.31145,2.93878,0.590668,3.32482,0.807851
2.81867,0.471676,2.96331,0.292614,2.94359,0.568122,3.32768,0.788345
2.82285,0.453426,2.96345,0.273427,2.94806,0.546223,3.33022,0.768552
2.82696,0.434559,2.96276,0.253746,2.95245,0.523573,3.33229,0.748271
2.83092,0.415496,2.96115,0.233529,2.95667,0.500679,3.3335,0.73158
2.83459,0.39685,2.9589,0.213021,2.9606,0.478274,3.33453,0.705679
2.83811,0.377955,2.95612,0.192348,2.96436,0.455563,3.33486,0.683588
2.84147,0.358925,2.95276,0.171483,2.96795,0.43268,3.33485,0.661195
2.84463,0.339924,2.94881,0.150458,2.97133,0.409824,3.33443,0.638452
2.84765,0.320624,2.94445,0.12941,2.97455,0.3866,3.33362,0.61538
2.8505,0.301128,2.93976,0.108413,2.97761,0.363132,3.33253,0.592137
2.85315,0.281719,2.93485,0.0875318,2.98044,0.339762,3.33125,0.568815
2.85565,0.262066,2.92978,0.0668323,2.98311,0.316091,3.32982,0.545496
2.85792,0.242671,2.92461,0.0463468,2.98555,0.292723,3.3283,0.522262
2.86003,0.223148,2.91937,0.0260909,2.9878,0.269196,3.32674,0.499153
2.86201,0.202997,2.91405,0.00607269,2.98992,0.244906,3.32513,0.47619
2.86368,0.184225,2.90868,-0.0137031,2.99171,0.222274,3.32348,0.453387
2.8653,0.163971,2.90325,-0.0332356,2.99344,0.197849,3.32179,0.43075
2.86666,0.144706,2.89777,-0.0525264,2.9949,0.174614,3.32006,0.408286
2.86789,0.124576,2.89223,-0.0715805,2.99622,0.150331,3.31829,0.385995
2.86894,0.104591,2.88663,-0.0904017,2.99734,0.12622,3.31645,0.363877
2.86978,0.0850006,2.88098,-0.108994,2.99824,0.102582,3.31455,0.341931
2.87046,0.0650647,2.87527,-0.127365,2.99897,0.0785244,3.31259,0.320156
2.87097,0.0444594,2.86949,-0.145518,2.99952,0.0536577,3.31054,0.298551
2.87127,0.0252886,2.86364,-0.163461,2.99984,0.030521,3.3084,0.277113
2.87141,0.00559511,2.85772,-0.181197,2.99999,0.00675282,3.30615,0.25584
2.87137,-0.0147494,2.85172,-0.198726,2.99995,-0.0178012,3.30381,0.234734
2.87115,-0.0345278,2.84563,-0.216058,2.99971,-0.0416716,3.30134,0.213795
2.87075,-0.0543991,2.83947,-0.233196,2.99928,-0.0656532,3.29875,0.193021
2.87016,-0.0744363,2.83321,-0.250141,2.99865,-0.0898336,3.29602,0.172413
2.86942,-0.0938549,2.82686,-0.266896,2.99786,-0.113266,3.29315,0.151972
2.86848,-0.113664,2.82041,-0.283466,2.99686,-0.137166,3.29012,0.131702
2.86734,-0.134007,2.81386,-0.299855,2.99563,-0.161709,3.28693,0.111601
2.86608,-0.153207,2.80721,-0.316063,2.99428,-0.184867,3.28358,0.0916715
2.86456,-0.173502,2.80045,-0.332099,2.99265,-0.209343,3.28005,0.0719167
2.86295,-0.192686,2.79357,-0.347969,2.99092,-0.232475,3.27634,0.0523349
2.861,-0.213483,2.78659,-0.363683,2.98884,-0.257547,3.27243,0.0329278
2.85905,-0.232385,2.7795,-0.379251,2.98676,-0.280329,3.26833,0.0136943
2.85685,-0.251958,2.77229,-0.394678,2.9844,-0.303914,3.26402,-0.00536536
2.85454,-0.271005,2.76499,-0.40997,2.98192,-0.326858,3.2595,-0.0242473
2.85203,-0.290107,2.7576,-0.425134,2.97924,-0.349862,3.25477,-0.0429444
2.84918,-0.310319,2.75013,-0.440178,2.97619,-0.374197,3.24985,-0.0614493
2.8464,-0.328732,2.7441,-0.452135,2.97322,-0.396358,3.24472,-0.0797593
2.84319,-0.348697,2.73498,-0.469944,2.96979,-0.420377,3.23938,-0.0978705
2.83999,-0.367474,2.72734,-0.484682,2.96636,-0.442961,3.23384,-0.115773
2.83657,-0.386332,2.71966,-0.499337,2.96272,-0.465633,3.2281,-0.133463
2.83293,-0.405391,2.71196,-0.513916,2.95882,-0.488538,3.22216,-0.150937
2.8292,-0.423912,2.70426,-0.528418,2.95484,-0.510787,3.21603,-0.168186
2.82517,-0.442898,2.69659,-0.542852,2.95054,-0.533586,3.20971,-0.185198
2.82103,-0.461456,2.68895,-0.557236,2.94612,-0.55586,3.20322,-0.201967
2.8167,-0.479965,2.68132,-0.571693,2.9415,-0.578066,3.19655,-0.218493
2.8122,-0.498341,2.67362,-0.586373,2.9367,-0.600102,3.18961,-0.234841
2.80752,-0.516604,2.66577,-0.601384,2.9317,-0.621993,3.18225,-0.251108
2.8025,-0.53535,2.65766,-0.616768,2.92635,-0.644451,3.17432,-0.267392
2.79759,-0.552882,2.6492,-0.632467,2.92112,-0.665446,3.16568,-0.283791
2.79245,-0.570498,2.64037,-0.648328,2.91565,-0.686529,3.15625,-0.300351
2.7869,-0.588789,2.63117,-0.664239,2.90973,-0.70841,3.14609,-0.317044
2.78146,-0.605964,2.6217,-0.680068,2.90395,-0.728945,3.13528,-0.333823
2.77563,-0.623694,2.61193,-0.695816,2.89774,-0.750133,3.12399,-0.350566
2.76972,-0.640977,2.6018,-0.711553,2.89145,-0.770775,3.11225,-0.367261
2.76347,-0.658538,2.59134,-0.727261,2.8848,-0.791737,3.10001,-0.383947
2.7573,-0.67524,2.58069,-0.742805,2.87824,-0.811665,3.08733,-0.400591
2.75084,-0.692093,2.56995,-0.758098,2.87138,-0.83176,3.07441,-0.417063
2.74417,-0.708854,2.55918,-0.773085,2.86429,-0.851735,3.06136,-0.433291
2.73736,-0.725352,2.54845,-0.787715,2.85706,-0.871385,3.04827,-0.449223
2.73017,-0.742154,2.5378,-0.801958,2.84943,-0.891388,3.03522,-0.464813
2.72314,-0.757985,2.52724,-0.815798,2.84197,-0.910223,3.02225,-0.480034
2.71587,-0.77379,2.51677,-0.829227,2.83426,-0.929016,3.00939,-0.494874
2.70854,-0.789171,2.50639,-0.842237,2.8265,-0.947295,2.99666,-0.509327
2.70095,-0.804575,2.49607,-0.854826,2.81845,-0.965593,2.98406,-0.52339
2.69305,-0.820033,2.48581,-0.866997,2.81008,-0.983944,2.97158,-0.537066
2.68506,-0.835145,2.47557,-0.878749,2.80162,-1.00187,2.95923,-0.550361
2.67654,-0.850691,2.46533,-0.890081,2.7926,-1.02031,2.947,-0.563284
2.66843,-0.864959,2.45506,-0.900988,2.78402,-1.03722,2.93489,-0.575841
2.65967,-0.879864,2.44474,-0.911463,2.77475,-1.05487,2.92288,-0.588037
2.65128,-0.893631,2.43434,-0.921499,2.76589,-1.07117,2.91098,-0.599879
2.64238,-0.907751,2.42384,-0.931087,2.75648,-1.08788,2.89918,-0.611373
2.63326,-0.921697,2.41322,-0.940215,2.74685,-1.10437,2.88982,-0.620319
2.62404,-0.935325,2.40246,-0.948865,2.73711,-1.12048,2.87588,-0.63333
2.61429,-0.949209,2.39375,-0.955433,2.72682,-1.13688,2.86438,-0.643798
2.60496,-0.962023,2.3827,-0.963189,2.71698,-1.15201,2.85525,-0.65193
2.59524,-0.974908,2.37147,-0.970423,2.70673,-1.16722,2.84392,-0.661794
2.58535,-0.987547,2.36005,-0.977117,2.6963,-1.18213,2.8327,-0.671322
2.5754,-0.999805,2.34842,-0.983257,2.68582,-1.19658,2.82156,-0.680517
2.56505,-1.0121,2.33659,-0.988829,2.67491,-1.21107,2.81052,-0.68938
2.55476,-1.02385,2.32456,-0.993824,2.66409,-1.22492,2.79958,-0.697912
2.54373,-1.03599,2.31232,-0.998233,2.65247,-1.2392,2.78872,-0.706115
2.53349,-1.04682,2.29989,-1.00205,2.64171,-1.25195,2.77796,-0.713991
2.52227,-1.05824,2.28728,-1.00527,2.62991,-1.26539,2.76729,-0.721539
2.51134,-1.06894,2.27448,-1.00788,2.61841,-1.27797,2.75671,-0.728759
2.49992,-1.07967,2.26152,-1.00989,2.60641,-1.29058,2.74621,-0.73565
2.48864,-1.08984,2.2484,-1.01129,2.59456,-1.30253,2.7358,-0.742212
2.47708,-1.09984,2.23514,-1.01208,2.58242,-1.31428,2.72546,-0.748444
2.46567,-1.1093,2.22174,-1.01227,2.57044,-1.32539,2.71521,-0.754348
2.45375,-1.11877,2.20823,-1.01185,2.55793,-1.3365,2.70502,-0.759924
2.44182,-1.12782,2.1946,-1.01084,2.54542,-1.34713,2.6949,-0.765176
2.42921,-1.13697,2.18087,-1.00924,2.53219,-1.35787,2.68483,-0.770104
2.41667,-1.14565,2.16705,-1.00704,2.51905,-1.36804,2.67482,-0.774705
2.40464,-1.15358,2.15315,-1.00426,2.50644,-1.37734,2.66484,-0.778977
2.39191,-1.16158,2.14197,-1.00161,2.4931,-1.38672,2.65489,-0.782915
2.37929,-1.16911,2.12511,-0.996943,2.47989,-1.39555,2.64694,-0.785827
2.36632,-1.17647,2.11098,-0.992436,2.4663,-1.40417,2.63503,-0.789797
2.35274,-1.18375,2.09679,-0.987375,2.4521,-1.4127,2.6251,-0.792743
2.3398,-1.1903,2.08253,-0.981771,2.43856,-1.42039,2.61514,-0.795359
2.32652,-1.19666,2.06821,-0.975635,2.42466,-1.42784,2.60514,-0.797643
2.31246,-1.20299,2.05383,-0.968982,2.40996,-1.43525,2.59509,-0.799593
2.29883,-1.20874,2.03938,-0.96183,2.3957,-1.44198,2.58497,-0.801209
2.28493,-1.21422,2.02487,-0.954199,2.38118,-1.44841,2.57475,-0.80249
2.27029,-1.2196,2.01029,-0.946111,2.36588,-1.45471,2.56442,-0.803432
2.25689,-1.22417,1.99564,-0.937598,2.35189,-1.46007,2.55397,-0.804035
2.24263,-1.22868,1.98093,-0.928686,2.33699,-1.46536,2.54337,-0.804299
2.22791,-1.23296,1.96614,-0.919404,2.32163,-1.47037,2.53261,-0.804221
2.21333,-1.23683,1.95129,-0.909781,2.30641,-1.47492,2.52166,-0.803796
2.19841,-1.24042,1.93935,-0.901856,2.29084,-1.47914,2.51612,-0.803451
2.18373,-1.24361,1.92137,-0.889628,2.27553,-1.48288,2.50147,-0.802137
2.16874,-1.24651,1.9063,-0.879158,2.25988,-1.48629,2.48763,-0.800372
2.15194,-1.24935,1.8942,-0.870627,2.24237,-1.48963,2.47585,-0.798486
2.13815,-1.25136,1.87595,-0.857616,2.22799,-1.49201,2.46625,-0.796699
2.12218,-1.25335,1.86065,-0.846624,2.21134,-1.49436,2.45403,-0.794111
2.10678,-1.25492,1.84525,-0.835539,2.19529,-1.49622,2.44532,-0.792062
2.09127,-1.25617,1.82974,-0.824407,2.17913,-1.49771,2.42621,-0.786996
2.07516,-1.25712,1.81411,-0.813274,2.16235,-1.49886,2.41577,-0.78391
2.05953,-1.25772,1.79836,-0.802187,2.14606,-1.49959,2.40245,-0.779671
2.04296,-1.25801,1.78245,-0.791185,2.1288,-1.49996,2.38885,-0.775006
2.02674,-1.25796,1.76639,-0.780296,2.11192,-1.49994,2.37496,-0.76991
2.01043,-1.25759,1.75017,-0.769528,2.09494,-1.49954,2.36507,-0.766085
1.99355,-1.25686,1.74199,-0.764194,2.07737,-1.49874,2.34343,-0.757164
1.97689,-1.25582,1.72381,-0.752585,2.06002,-1.49756,2.33313,-0.75266
1.96008,-1.25445,1.70707,-0.742174,2.04253,-1.49601,2.31665,-0.745144
1.94346,-1.25279,1.68666,-0.729839,2.02523,-1.49411,2.30137,-0.737844
1.92623,-1.25075,1.67806,-0.724744,2.00731,-1.49177,2.2858,-0.730098
1.90868,-1.24835,1.66067,-0.714622,1.98905,-1.48901,2.26995,-0.721905
1.89188,-1.24575,1.64656,-0.706586,1.97157,-1.48602,2.2538,-0.713269
1.87426,-1.24271,1.62508,-0.694614,1.95325,-1.48253,2.23735,-0.704195
1.8557,-1.23919,1.60687,-0.684683,1.93394,-1.47846,2.22058,-0.694682
1.839,-1.23573,1.58278,-0.671795,1.91658,-1.47447,2.20351,-0.684733
1.82136,-1.23179,1.56392,-0.661872,1.89824,-1.46992,2.18612,-0.674352
1.80319,-1.22743,1.54093,-0.649918,1.87934,-1.46488,2.16842,-0.663545
1.78508,-1.2228,1.52147,-0.639891,1.86052,-1.45951,2.1504,-0.652314
1.767,-1.21788,1.51164,-0.634848,1.84172,-1.45382,2.13207,-0.640665
1.74879,-1.21264,1.49579,-0.626731,1.82279,-1.44774,2.11344,-0.628601
1.72902,-1.20664,1.46565,-0.611325,1.80224,-1.44078,2.09832,-0.618656
1.71173,-1.20112,1.45548,-0.606128,1.78426,-1.43438,2.08494,-0.609743
1.69319,-1.19495,1.44115,-0.598793,1.765,-1.42721,2.05968,-0.592675
1.67436,-1.1884,1.41003,-0.582829,1.74543,-1.4196,2.04587,-0.583214
1.65524,-1.18147,1.38901,-0.571974,1.72555,-1.41154,2.02588,-0.569377
1.63677,-1.17451,1.36777,-0.560931,1.70635,-1.40345,1.99944,-0.550831
1.61747,-1.16698,1.35062,-0.551951,1.6863,-1.39469,1.97876,-0.536144
1.59796,-1.15909,1.32249,-0.537068,1.66602,-1.3855,1.96411,-0.52565
1.57912,-1.15123,1.30065,-0.525361,1.64644,-1.37633,1.94082,-0.50881
1.55952,-1.14279,1.27864,-0.51342,1.62607,-1.36649,1.91935,-0.493139
1.53982,-1.13404,1.25647,-0.501241,1.6056,-1.35629,1.89762,-0.477132
1.52076,-1.12534,1.23416,-0.488818,1.58579,-1.34613,1.87564,-0.460799
1.50106,-1.11611,1.21172,-0.476149,1.56531,-1.33535,1.85341,-0.444149
1.48123,-1.10656,1.18915,-0.463228,1.5447,-1.3242,1.83093,-0.427192
1.46143,-1.0968,1.16647,-0.45005,1.52411,-1.31277,1.80823,-0.409935
1.44129,-1.08663,1.1437,-0.436612,1.50318,-1.30087,1.7853,-0.392384
1.42198,-1.07665,1.12084,-0.422911,1.48311,-1.2892,1.76216,-0.374545
1.40154,-1.06586,1.09791,-0.408946,1.46186,-1.27656,1.73882,-0.356427
1.38047,-1.0545,1.07491,-0.394716,1.43996,-1.26324,1.71529,-0.338034
1.36038,-1.04345,1.05187,-0.38022,1.41907,-1.25027,1.69156,-0.319376
1.3404,-1.03224,1.0288,-0.365457,1.39829,-1.23712,1.66767,-0.300456
1.32053,-1.02089,1.0057,-0.350428,1.37763,-1.22379,1.64361,-0.281283
1.2985,-1.00808,0.982598,-0.335132,1.35472,-1.20873,1.6194,-0.261861
1.279,-0.996542,0.959503,-0.319574,1.33444,-1.19516,1.59505,-0.242193
1.25875,-0.984364,0.936427,-0.30376,1.31338,-1.18082,1.57057,-0.22229
1.23682,-0.970964,0.913385,-0.287694,1.29057,-1.16504,1.54596,-0.202158
1.21638,-0.95828,0.890389,-0.271381,1.26931,-1.1501,1.52124,-0.181804
1.19485,-0.944716,0.867457,-0.254825,1.24691,-1.1341,1.50139,-0.165366
1.17422,-0.931533,0.844604,-0.23803,1.22544,-1.11854,1.4715,-0.140453
1.15378,-0.918294,0.821843,-0.221008,1.20417,-1.10291,1.4465,-0.11946
1.1318,-0.903868,0.799189,-0.203767,1.1813,-1.08586,1.42142,-0.0982637
1.11143,-0.890327,0.776656,-0.186318,1.1601,-1.06985,1.39627,-0.0768677
1.09015,-0.876005,0.754261,-0.168675,1.13795,-1.0529,1.37105,-0.0552761
1.06843,-0.861218,0.732018,-0.150855,1.11534,-1.03539,1.34576,-0.0334936
1.04715,-0.846555,0.709941,-0.132879,1.09318,-1.01802,1.32042,-0.011526
1.0254,-0.831402,0.688045,-0.114771,1.07053,-1.00005,1.29502,0.010619
1.00267,-0.815398,0.666342,-0.0965534,1.04686,-0.981058,1.26957,0.032932
0.982186,-0.800821,0.644845,-0.0782518,1.02553,-0.963748,1.24405,0.0554064
0.960383,-0.785156,0.623565,-0.0598935,1.00282,-0.945133,1.21848,0.0780359
0.938926,-0.769592,0.602511,-0.041508,0.980465,-0.926624,1.19285,0.100813
0.917176,-0.75367,0.58169,-0.0231243,0.957804,-0.907677,1.16716,0.123729
0.895307,-0.737518,0.561105,-0.00477502,0.935016,-0.888443,1.1414,0.146777
0.871441,-0.719733,0.544808,0.00985879,0.910144,-0.867248,1.11557,0.169943
0.850048,-0.703654,0.520647,0.0317019,0.887846,-0.848073,1.08966,0.193216
0.829403,-0.688021,0.50077,0.0497783,0.866325,-0.829417,1.06365,0.216585
0.807225,-0.6711,0.48112,0.0677164,0.843203,-0.809212,1.03755,0.240033
0.785333,-0.654275,0.461692,0.0854985,0.820377,-0.789107,1.01134,0.263546
0.76327,-0.637198,0.442474,0.103109,0.797369,-0.768689,0.985026,0.287109
0.741202,-0.620002,0.423451,0.120536,0.774353,-0.748113,0.958599,0.310706
0.718761,-0.6024,0.404608,0.13777,0.750945,-0.727038,0.932056,0.334319
0.693956,-0.582814,0.385927,0.154808,0.725068,-0.703572,0.905397,0.357932
0.673775,-0.566782,0.367389,0.17165,0.704012,-0.684353,0.878624,0.381531
0.651884,-0.549297,0.348971,0.1883,0.681169,-0.663378,0.851741,0.4051
0.628782,-0.530742,0.334306,0.201485,0.65706,-0.641107,0.824755,0.428626
0.60668,-0.512895,0.32334,0.211296,0.633991,-0.619672,0.803096,0.447407
0.584681,-0.495043,0.305112,0.227511,0.611027,-0.598219,0.786813,0.461465
0.562059,-0.476597,0.286932,0.243569,0.58741,-0.57604,0.759614,0.484835
0.538755,-0.457506,0.268779,0.259487,0.563079,-0.553072,0.732354,0.508122
0.516542,-0.439227,0.250631,0.275283,0.539884,-0.53107,0.70505,0.531317
0.4937,-0.420352,0.23247,0.290971,0.516029,-0.508338,0.67772,0.55441
0.471237,-0.401717,0.214281,0.306571,0.492568,-0.485883,0.650383,0.577392
0.448404,-0.382704,0.196048,0.322102,0.468718,-0.462962,0.623061,0.600256
0.425478,-0.363544,0.177759,0.33758,0.444768,-0.439853,0.595775,0.622996
0.402785,-0.344515,0.159404,0.35302,0.42106,-0.416892,0.568547,0.645607
0.380096,-0.32543,0.14097,0.368438,0.397354,-0.393853,0.5414,0.668083
0.357375,-0.306261,0.122448,0.383847,0.373612,-0.370704,0.514353,0.690418
0.3341,-0.28657,0.103832,0.399265,0.349289,-0.346913,0.487428,0.712609
0.309291,-0.265524,0.0851149,0.414706,0.323362,-0.321478,0.460646,0.73466
0.28897,-0.248244,0.0662882,0.430182,0.302122,-0.300586,0.434027,0.75657
0.266472,-0.229074,0.0473437,0.445701,0.278606,-0.277402,0.407588,0.77834
0.243325,-0.209311,0.0282745,0.461271,0.254411,-0.253495,0.381344,0.799967
0.220712,-0.189968,0.0090754,0.476898,0.230772,-0.230088,0.355309,0.821451
0.195491,-0.168357,-0.00444289,0.487874,0.204405,-0.20393,0.329496,0.842792
0.174291,-0.150163,-0.0297248,0.508342,0.182241,-0.181904,0.311567,0.857644
0.15092,-0.130081,-0.0493388,0.524162,0.157806,-0.157588,0.27859,0.88504
0.128712,-0.110977,-0.0691019,0.540049,0.134586,-0.134451,0.253514,0.905943
0.106146,-0.0915471,-0.0890105,0.556006,0.110992,-0.110916,0.228698,0.926697
0.0830228,-0.0716209,-0.109061,0.572031,0.0868134,-0.086777,0.204153,0.947303
0.0600518,-0.0518139,-0.129251,0.588122,0.062794,-0.0627802,0.179888,0.96776
0.0375062,-0.032365,-0.149579,0.604278,0.039219,-0.0392157,0.155909,0.988068
0.014315,-0.0123536,-0.170046,0.620494,0.0149688,-0.0149686,0.13222,1.00823
-0.00831127,0.0071725,-0.184455,0.631877,-0.00869085,0.00869081,0.108823,1.02823
-0.0326023,0.0281338,-0.211393,0.653078,-0.0340912,0.034089,0.0857176,1.04807
-0.0549864,0.0474448,-0.225995,0.664524,-0.0574973,0.0574867,0.0629033,1.06775
-0.0773885,0.0667637,-0.253285,0.685829,-0.080922,0.0808926,0.0471056,1.08143
-0.100578,0.0867499,-0.274426,0.702254,-0.105169,0.105105,0.018143,1.10661
-0.123111,0.106156,-0.29569,0.718703,-0.12873,0.128611,-0.00380633,1.12578
-0.146167,0.125994,-0.317073,0.73517,-0.152836,0.152638,-0.0190021,1.13909
-0.169294,0.145872,-0.33857,0.751647,-0.177017,0.176708,-0.0468588,1.16358
-0.191794,0.165186,-0.360175,0.768131,-0.20054,0.200092,-0.0679705,1.1822
-0.215312,0.185344,-0.377531,0.781318,-0.225127,0.224492,-0.0888117,1.20063
-0.237483,0.204317,-0.399312,0.797795,-0.248304,0.247452,-0.105293,1.21524
-0.261779,0.22507,-0.42118,0.814255,-0.273701,0.272559,-0.125659,1.23332
-0.283583,0.243658,-0.443131,0.830688,-0.296492,0.29504,-0.14577,1.2512
-0.305968,0.262701,-0.465162,0.847086,-0.319889,0.318065,-0.161682,1.26535
-0.329429,0.282612,-0.487264,0.863439,-0.344407,0.34213,-0.185267,1.28631
-0.351625,0.301401,-0.509431,0.879739,-0.367603,0.364833,-0.204672,1.30353
-0.374887,0.32104,-0.527205,0.892732,-0.391911,0.388552,-0.223859,1.32053
-0.397454,0.340036,-0.553925,0.912131,-0.41549,0.411486,-0.239058,1.33395
-0.420338,0.35924,-0.576241,0.928206,-0.439399,0.43466,-0.261616,1.3538
-0.443275,0.378423,-0.587414,0.93621,-0.463361,0.4578,-0.280209,1.37006
-0.465814,0.397207,-0.620985,0.960073,-0.486903,0.480448,-0.28944,1.3781
-0.48817,0.415771,-0.641157,0.974276,-0.510253,0.502819,-0.316887,1.40184
-0.511116,0.434751,-0.663587,0.989945,-0.534218,0.52568,-0.325959,1.40963
-0.533663,0.453322,-0.686028,1.00549,-0.557762,0.548037,-0.35117,1.43108
-0.556007,0.471648,-0.708474,1.0209,-0.581092,0.570087,-0.36902,1.44609
-0.578871,0.490314,-0.724186,1.0316,-0.604962,0.592535,-0.381444,1.45644
-0.601113,0.508386,-0.753358,1.05127,-0.62818,0.614255,-0.399099,1.471
-0.623526,0.526506,-0.775788,1.06621,-0.651574,0.63602,-0.421907,1.48951
-0.645813,0.544431,-0.798202,1.08097,-0.674834,0.657539,-0.439358,1.50344
-0.668399,0.562497,-0.820591,1.09555,-0.698402,0.679213,-0.451533,1.51303
-0.69042,0.580011,-0.842949,1.10994,-0.721379,0.700213,-0.474063,1.53048
-0.712708,0.597633,-0.86527,1.12412,-0.744631,0.721329,-0.491336,1.54358
-0.735474,0.61552,-0.88755,1.1381,-0.768379,0.742749,-0.50857,1.5564
-0.75732,0.632573,-0.909788,1.15185,-0.791164,0.763156,-0.525777,1.56895
-0.779988,0.650149,-0.931977,1.16538,-0.814803,0.784175,-0.54297,1.58123
-0.801535,0.666739,-0.954114,1.17868,-0.837271,0.804002,-0.56016,1.59324
-0.82361,0.683613,-0.976195,1.19173,-0.860285,0.824155,-0.577356,1.60498
-0.845662,0.700343,-0.998217,1.20454,-0.883274,0.844123,-0.59457,1.61646
-0.867958,0.717124,-1.02017,1.21709,-0.906513,0.864137,-0.611809,1.62768
-0.889612,0.733289,-1.04206,1.22937,-0.929081,0.883404,-0.629083,1.63864
-0.911372,0.749397,-1.06388,1.24139,-0.951757,0.90259,-0.646399,1.64934
-0.933813,0.765862,-1.08562,1.25312,-0.975138,0.922187,-0.663764,1.65979
-0.955177,0.781393,-1.10728,1.26456,-0.997395,0.940658,-0.681187,1.67
-0.977825,0.7977,-1.12885,1.27571,-1.02099,0.96004,-0.698672,1.67995
-0.998818,0.812667,-1.15034,1.28657,-1.04285,0.977815,-0.716227,1.68967
-1.02016,0.827729,-1.16105,1.29188,-1.06508,0.995693,-0.733857,1.69916
-1.04168,0.842759,-1.18027,1.30125,-1.08748,1.01352,-0.742702,1.70382
-1.06353,0.857853,-1.20153,1.31137,-1.11023,1.03141,-0.758673,1.71206
-1.08441,0.872111,-1.22269,1.32116,-1.13197,1.04829,-0.7765,1.721
-1.10575,0.886516,-1.24374,1.33063,-1.15418,1.06534,-0.794418,1.72971
-1.12744,0.900984,-1.26468,1.33979,-1.17676,1.08245,-0.812423,1.73822
-1.14818,0.914633,-1.28551,1.34863,-1.19834,1.09859,-0.83051,1.74653
-1.16999,0.928804,-1.30622,1.35714,-1.22104,1.11532,-0.848686,1.75465
-1.19022,0.941769,-1.32682,1.3653,-1.24208,1.13062,-0.866959,1.76256
-1.21141,0.955164,-1.34731,1.37311,-1.26413,1.14642,-0.885335,1.77027
-1.23196,0.967965,-1.36769,1.38057,-1.28551,1.16151,-0.903822,1.77778
-1.25289,0.980804,-1.38796,1.38765,-1.30728,1.17663,-0.922426,1.7851
-1.27421,0.993681,-1.4081,1.39437,-1.32946,1.19179,-0.941148,1.79221
-1.29436,1.00564,-1.42814,1.40071,-1.35041,1.20586,-0.959993,1.79912
-1.31478,1.01757,-1.44804,1.40666,-1.37165,1.21988,-0.978962,1.80583
-1.33543,1.02942,-1.46782,1.41224,-1.39312,1.2338,-0.998054,1.81234
-1.35619,1.04111,-1.48747,1.41742,-1.4147,1.24753,-1.01727,1.81866
-1.37624,1.05219,-1.50699,1.42222,-1.43555,1.26053,-1.03661,1.82477
-1.3965,1.06317,-1.52636,1.42662,-1.45662,1.2734,-1.05606,1.83069
-1.4168,1.07394,-1.5456,1.43063,-1.47773,1.28602,-1.07564,1.83641
-1.43694,1.0844,-1.56469,1.43424,-1.49866,1.29826,-1.09535,1.84193
-1.4568,1.09448,-1.58362,1.43746,-1.5193,1.31006,-1.11517,1.84724
-1.4766,1.1043,-1.60241,1.44028,-1.53989,1.32155,-1.1351,1.85236
-1.49636,1.11387,-1.61918,1.44249,-1.56043,1.33273,-1.15515,1.85727
-1.51611,1.12318,-1.63767,1.44457,-1.58096,1.34361,-1.1733,1.86151
-1.5356,1.13214,-1.65599,1.44626,-1.60121,1.35407,-1.19356,1.86603
-1.55478,1.1407,-1.67413,1.44757,-1.62114,1.36406,-1.20781,1.86906
-1.5744,1.14922,-1.6921,1.4485,-1.64153,1.37399,-1.2344,1.87443
-1.59356,1.15728,-1.70989,1.44906,-1.66145,1.38339,-1.25497,1.87832
-1.61308,1.16523,-1.72749,1.44924,-1.68174,1.39265,-1.27562,1.88199
-1.63213,1.17273,-1.74489,1.44905,-1.70154,1.40138,-1.29636,1.88544
-1.65127,1.18,-1.7621,1.4485,-1.72143,1.40983,-1.31718,1.88867
-1.66949,1.18666,-1.77911,1.44758,-1.74037,1.41758,-1.33807,1.89166
-1.68836,1.19329,-1.79591,1.44632,-1.75998,1.42529,-1.35904,1.89443
-1.70712,1.19961,-1.8125,1.4447,-1.77948,1.43263,-1.38006,1.89696
-1.7256,1.20557,-1.82887,1.44274,-1.79868,1.43954,-1.39481,1.89858
-1.74416,1.21126,-1.84503,1.44045,-1.81798,1.44615,-1.42226,1.90128
-1.76244,1.21659,-1.86094,1.43785,-1.83699,1.45233,-1.44342,1.90308
-1.78084,1.22167,-1.87661,1.43496,-1.85611,1.45821,-1.46459,1.90463
-1.79876,1.22633,-1.89204,1.43178,-1.87474,1.4636,-1.48575,1.90595
-1.81691,1.23075,-1.90722,1.42831,-1.89361,1.46872,-1.5069,1.90703
-1.83491,1.23484,-1.92214,1.42456,-1.91233,1.47344,-1.52802,1.90786
-1.85295,1.23864,-1.93682,1.42052,-1.93109,1.47782,-1.54912,1.90842
-1.87005,1.24194,-1.95124,1.41619,-1.94887,1.48164,-1.57018,1.90871
-1.88739,1.245,-1.96118,1.41299,-1.96691,1.48517,-1.59119,1.90872
-1.90486,1.24778,-1.97932,1.40668,-1.98508,1.48836,-1.61215,1.90844
-1.92174,1.25017,-1.99298,1.40151,-2.00264,1.4911,-1.63305,1.90785
-1.93934,1.25233,-2.00638,1.39606,-2.02094,1.49358,-1.65387,1.90697
-1.95659,1.25413,-2.01953,1.39033,-2.0389,1.49564,-1.6684,1.90616
-1.97393,1.25561,-2.03243,1.38433,-2.05694,1.49732,-1.69525,1.90423
-1.98972,1.25665,-2.04508,1.37805,-2.07338,1.4985,-1.71579,1.90237
-2.00599,1.25743,-2.05747,1.37149,-2.09032,1.49937,-1.7301,1.90086
-2.02294,1.2579,-2.06962,1.36465,-2.10796,1.49988,-1.7565,1.89761
-2.039,1.25803,-2.08153,1.35755,-2.12468,1.49999,-1.77665,1.89469
-2.05625,1.25781,-2.09318,1.35017,-2.14265,1.49969,-1.79664,1.89142
-2.07153,1.25729,-2.1046,1.34251,-2.15857,1.49906,-1.81647,1.88778
-2.08729,1.25644,-2.11584,1.33445,-2.17498,1.49803,-1.83612,1.88375
-2.10301,1.25525,-2.127,1.32578,-2.19136,1.49662,-1.85563,1.87922
-2.11879,1.25372,-2.1382,1.3163,-2.20781,1.4948,-1.8751,1.87397
-2.13496,1.25179,-2.14953,1.30583,-2.22466,1.49251,-1.89459,1.86779
-2.14948,1.24973,-2.16105,1.29428,-2.2398,1.49008,-1.91416,1.86049
-2.16471,1.24723,-2.1726,1.28196,-2.25568,1.48713,-1.93383,1.85198
-2.18013,1.24434,-2.18407,1.26906,-2.27176,1.48373,-1.95343,1.84257
-2.19526,1.24114,-2.19546,1.25555,-2.28755,1.47997,-1.97288,1.83247
-2.20985,1.2377,-2.20677,1.2414,-2.30278,1.47594,-1.99215,1.82165
-2.22433,1.23394,-2.2179,1.22677,-2.31788,1.47153,-2.01124,1.81009
-2.23911,1.22974,-2.22884,1.21179,-2.33332,1.4666,-2.03007,1.79797
-2.25336,1.22532,-2.23956,1.19657,-2.3482,1.46142,-2.04859,1.78539
-2.26779,1.22048,-2.25002,1.18119,-2.36327,1.45574,-2.06676,1.77245
-2.2816,1.21548,-2.26023,1.1657,-2.3777,1.44989,-2.08454,1.75924
-2.29555,1.21007,-2.26821,1.15325,-2.39228,1.44354,-2.1019,1.74581
-2.3101,1.20401,-2.27796,1.13765,-2.40749,1.43645,-2.11548,1.73492
-2.3228,1.19838,-2.28746,1.12201,-2.42077,1.42984,-2.13206,1.72115
-2.33635,1.192,-2.29675,1.10635,-2.43494,1.42237,-2.14818,1.70721
-2.34957,1.18539,-2.30584,1.09067,-2.44878,1.41463,-2.16384,1.69311
-2.36274,1.17843,-2.31476,1.07499,-2.46255,1.40647,-2.17903,1.67885
-2.37587,1.17109,-2.32352,1.05931,-2.4763,1.39787,-2.19374,1.66446
-2.38881,1.16346,-2.33215,1.04364,-2.48986,1.38893,-2.20798,1.64992
-2.40157,1.15554,-2.34067,1.02799,-2.50323,1.37964,-2.22172,1.63526
-2.41407,1.14739,-2.3491,1.01238,-2.51632,1.37008,-2.23499,1.62047
-2.42631,1.13902,-2.35748,0.996798,-2.52915,1.36027,-2.24775,1.60556
-2.43882,1.13005,-2.36583,0.981273,-2.54227,1.34974,-2.26003,1.59055
-2.45116,1.12076,-2.37417,0.965817,-2.55522,1.33885,-2.27181,1.57545
-2.46253,1.11183,-2.38253,0.950445,-2.56715,1.32836,-2.2831,1.56027
-2.47452,1.10199,-2.39093,0.935175,-2.57973,1.31681,-2.2939,1.54503
-2.48614,1.09203,-2.39685,0.92456,-2.59194,1.30511,-2.3042,1.52974
-2.49743,1.08195,-2.40797,0.905028,-2.60379,1.29326,-2.31113,1.51903
-2.50877,1.07139,-2.41683,0.890121,-2.61571,1.28086,-2.32061,1.50371
-2.52042,1.06009,-2.42615,0.875259,-2.62796,1.26756,-2.32961,1.48831
-2.53094,1.04946,-2.43609,0.860383,-2.63902,1.25506,-2.34064,1.46801
-2.54149,1.03839,-2.44673,0.845405,-2.65012,1.24203,-2.34864,1.452
-2.55207,1.02686,-2.45458,0.834818,-2.66125,1.22845,-2.35625,1.43545
-2.56273,1.01478,-2.46967,0.814978,-2.67248,1.21423,-2.36137,1.42346
-2.57279,1.00294,-2.47798,0.804212,-2.68307,1.20028,-2.37041,1.40034
-2.58296,0.990526,-2.48999,0.788779,-2.69379,1.18564,-2.37504,1.38744
-2.59284,0.978009,-2.50814,0.765706,-2.7042,1.17088,-2.38321,1.36273
-2.60262,0.965171,-2.5142,0.758054,-2.71451,1.15573,-2.39023,1.33935
-2.61236,0.9519,-2.5264,0.742784,-2.72478,1.14006,-2.39301,1.32947
-2.62167,0.938746,-2.54227,0.72311,-2.73461,1.12452,-2.39832,1.30945
-2.63122,0.924764,-2.55072,0.71267,-2.74469,1.108,-2.40233,1.29324
-2.63989,0.911604,-2.56262,0.697984,-2.75385,1.09244,-2.40794,1.26882
-2.64895,0.897383,-2.57426,0.683608,-2.76342,1.07561,-2.41221,1.24846
-2.65781,0.882945,-2.58561,0.669572,-2.77279,1.05852,-2.41613,1.22819
-2.66619,0.868815,-2.59666,0.655887,-2.78166,1.04179,-2.41969,1.20803
-2.67464,0.854076,-2.60738,0.642552,-2.79059,1.02432,-2.4229,1.18803
-2.68324,0.838511,-2.6178,0.629559,-2.79969,1.00586,-2.42495,1.17413
-2.69099,0.823984,-2.62791,0.616891,-2.8079,0.988632,-2.42832,1.14851
-2.69891,0.808616,-2.63771,0.604523,-2.81629,0.970391,-2.43055,1.12898
-2.70659,0.79319,-2.64721,0.592428,-2.82442,0.952071,-2.43249,1.10959
-2.71414,0.77747,-2.65643,0.580571,-2.83243,0.93339,-2.43415,1.09034
-2.72159,0.761395,-2.66537,0.568919,-2.84033,0.914278,-2.43556,1.0712
-2.72907,0.74466,-2.67403,0.557434,-2.84826,0.894369,-2.4364,1.05786
-2.73589,0.728848,-2.68242,0.546074,-2.8555,0.875549,-2.43769,1.03323
-2.74474,0.707447,-2.69053,0.534795,-2.8649,0.850059,-2.43846,1.01438
-2.75028,0.693529,-2.69838,0.523553,-2.87078,0.833472,-2.43906,0.995608
-2.75956,0.669182,-2.70596,0.512304,-2.88065,0.804437,-2.4395,0.976913
-2.76372,0.657837,-2.71109,0.504402,-2.88507,0.790901,-2.43981,0.958294
-2.77107,0.637076,-2.71749,0.494182,-2.89289,0.766116,-2.43996,0.945309
-2.77426,0.627773,-2.72432,0.482706,-2.89627,0.755006,-2.44008,0.928675
-2.78076,0.608132,-2.73084,0.471062,-2.9032,0.731537,-2.44011,0.910277
-2.78563,0.592857,-2.73705,0.459206,-2.90838,0.713275,-2.44007,0.891977
-2.7911,0.57502,-2.74293,0.447096,-2.91421,0.691939,-2.43995,0.873787
-2.79637,0.557126,-2.74845,0.434693,-2.91982,0.670525,-2.43976,0.855717
-2.80142,0.539252,-2.75361,0.421968,-2.9252,0.649125,-2.43951,0.837784
-2.80645,0.520674,-2.75838,0.408886,-2.93056,0.62687,-2.4392,0.820008
-2.81111,0.502664,-2.76273,0.395422,-2.93553,0.605286,-2.43883,0.802405
-2.81568,0.484215,-2.76664,0.381555,-2.94041,0.583164,-2.43838,0.784998
-2.81996,0.466112,-2.77009,0.367265,-2.94498,0.561447,-2.43786,0.767805
-2.82418,0.447396,-2.77305,0.352533,-2.94948,0.538985,-2.43725,0.750845
-2.82833,0.428094,-2.77551,0.337347,-2.95391,0.51581,-2.43656,0.73413
-2.83213,0.409439,-2.77744,0.321706,-2.95797,0.493402,-2.43577,0.717671
-2.83613,0.388695,-2.77883,0.305611,-2.96225,0.468474,-2.43488,0.701476
-2.83919,0.371968,-2.77966,0.289068,-2.96551,0.448364,-2.43389,0.685552
-2.84269,0.351723,-2.77994,0.272089,-2.96925,0.424017,-2.43281,0.669898
-2.84575,0.332889,-2.77964,0.254695,-2.97253,0.40136,-2.43162,0.654513
-2.84881,0.312846,-2.77877,0.23691,-2.9758,0.377238,-2.43033,0.639395
-2.85137,0.294939,-2.77734,0.218763,-2.97853,0.355681,-2.42894,0.624541
-2.85398,0.275354,-2.77533,0.200285,-2.98133,0.332097,-2.42746,0.609942
-2.85635,0.256262,-2.77277,0.181512,-2.98386,0.309099,-2.4259,0.59559
-2.85856,0.236912,-2.76965,0.162483,-2.98623,0.285784,-2.42425,0.581473
-2.86065,0.217017,-2.766,0.143234,-2.98847,0.261807,-2.42252,0.567583
-2.86253,0.197293,-2.76182,0.123797,-2.99048,0.23803,-2.42071,0.55391
-2.86422,0.177713,-2.75711,0.104205,-2.99229,0.214422,-2.41884,0.540439
-2.86572,0.158171,-2.75189,0.0844862,-2.9939,0.190855,-2.41689,0.527158
-2.86708,0.138126,-2.74617,0.0646708,-2.99535,0.166676,-2.41488,0.514049
-2.86822,0.118608,-2.73995,0.0447861,-2.99658,0.143132,-2.41281,0.501099
-2.86921,0.0986172,-2.73326,0.0248592,-2.99763,0.119012,-2.41066,0.488293
-2.87001,0.078934,-2.72609,0.00491462,-2.99849,0.0952611,-2.40845,0.475616
-2.87065,0.0581482,-2.71846,-0.0150236,-2.99918,0.0701777,-2.40618,0.463055
-2.87108,0.0386533,-2.71038,-0.0349318,-2.99964,0.0466506,-2.40384,0.450596
-2.87134,0.019212,-2.70359,-0.050821,-2.99991,0.0231872,-2.40143,0.438226
-2.87142,-0.000278035,-2.69472,-0.070617,-3,-0.000335565,-2.39945,0.428386
-2.87133,-0.0202513,-2.68448,-0.0922894,-2.9999,-0.0244415,-2.3969,0.416147
-2.87105,-0.0403034,-2.67474,-0.111878,-2.99961,-0.048642,-2.394,0.402746
-2.87059,-0.0603348,-2.66459,-0.131339,-2.99912,-0.0728164,-2.39128,0.390608
-2.86996,-0.0800781,-2.65406,-0.150652,-2.99844,-0.0966416,-2.38845,0.378505
-2.86915,-0.100089,-2.64314,-0.1698,-2.99756,-0.120787,-2.38552,0.366431
-2.86817,-0.119556,-2.63185,-0.188766,-2.99652,-0.144275,-2.38248,0.354382
-2.86699,-0.139603,-2.62018,-0.207536,-2.99525,-0.168459,-2.3793,0.342353
-2.86563,-0.159414,-2.60816,-0.226096,-2.9938,-0.192353,-2.37599,0.33034
-2.86408,-0.179441,-2.59578,-0.244439,-2.99214,-0.216505,-2.37252,0.31834
-2.86235,-0.199297,-2.58306,-0.262553,-2.99029,-0.240445,-2.3689,0.306348
-2.86055,-0.217958,-2.57002,-0.280433,-2.98836,-0.262941,-2.36511,0.294358
-2.85847,-0.237704,-2.55665,-0.298068,-2.98614,-0.286738,-2.36114,0.282368
-2.85619,-0.257599,-2.54296,-0.315455,-2.98369,-0.31071,-2.35698,0.270375
-2.85384,-0.276431,-2.52898,-0.332589,-2.98118,-0.333394,-2.35262,0.258376
-2.851,-0.29757,-2.5147,-0.349468,-2.97814,-0.358849,-2.34805,0.246367
-2.84843,-0.315388,-2.50161,-0.364439,-2.97539,-0.380299,-2.34325,0.234343
-2.8455,-0.334495,-2.48681,-0.380832,-2.97226,-0.403292,-2.33874,0.223505
-2.84211,-0.355155,-2.47177,-0.39697,-2.96864,-0.428146,-2.3335,0.211438
-2.83907,-0.372656,-2.4565,-0.412855,-2.96538,-0.449192,-2.32801,0.199341
-2.83551,-0.39199,-2.44102,-0.42849,-2.96158,-0.472434,-2.32227,0.187208
-2.8319,-0.410583,-2.42535,-0.443881,-2.95773,-0.494776,-2.31626,0.175035
-2.82796,-0.429829,-2.40952,-0.459029,-2.95352,-0.517893,-2.30998,0.162814
-2.82398,-0.448306,-2.39355,-0.473939,-2.94927,-0.540077,-2.30342,0.150544
-2.8197,-0.467258,-2.37748,-0.488615,-2.94469,-0.562822,-2.29658,0.13822
-2.81529,-0.485831,-2.36617,-0.498753,-2.93999,-0.585102,-2.28944,0.12584
-2.81065,-0.504487,-2.34998,-0.513047,-2.93504,-0.60747,-2.28426,0.117139
-2.80596,-0.522504,-2.33701,-0.524325,-2.93004,-0.629063,-2.2766,0.104658
-2.80092,-0.541056,-2.31757,-0.540986,-2.92467,-0.651285,-2.26863,0.0921155
-2.79605,-0.558229,-2.30143,-0.554639,-2.91948,-0.671846,-2.26032,0.0795147
-2.79054,-0.576876,-2.28858,-0.565416,-2.91361,-0.694161,-2.25169,0.0668595
-2.78533,-0.593825,-2.27263,-0.578708,-2.90806,-0.714432,-2.24454,0.0566989
-2.77955,-0.611851,-2.25684,-0.591806,-2.90191,-0.735981,-2.2353,0.0439567
-2.77338,-0.630342,-2.24592,-0.600861,-2.89535,-0.758074,-2.22571,0.0311755
-2.76794,-0.64603,-2.22595,-0.617443,-2.88956,-0.776808,-2.21879,0.0222101
-2.76131,-0.664453,-2.2139,-0.627502,-2.88251,-0.798796,-2.20548,0.00552708
-2.7555,-0.679994,-2.19913,-0.639929,-2.87633,-0.817335,-2.19698,-0.00475665
-2.74871,-0.697504,-2.18471,-0.652207,-2.86912,-0.83821,-2.18605,-0.0176263
-2.74217,-0.713773,-2.17064,-0.664353,-2.86216,-0.857596,-2.17475,-0.0305127
-2.73525,-0.730346,-2.15694,-0.676386,-2.85482,-0.877332,-2.1631,-0.0434227
-2.72821,-0.746613,-2.14361,-0.688321,-2.84735,-0.896694,-2.15109,-0.0563672
-2.7211,-0.762478,-2.13063,-0.700171,-2.83981,-0.915567,-2.13872,-0.0693569
-2.71365,-0.778509,-2.11801,-0.711941,-2.83191,-0.934626,-2.126,-0.0824008
-2.7062,-0.793994,-2.1057,-0.723638,-2.82401,-0.953026,-2.11294,-0.0955054
-2.69853,-0.809374,-2.0937,-0.735261,-2.81588,-0.971291,-2.09952,-0.108678
-2.68983,-0.826188,-2.08196,-0.746809,-2.80667,-0.991247,-2.08577,-0.121924
-2.68259,-0.839717,-2.07047,-0.758275,-2.799,-1.0073,-2.07169,-0.135247
-2.67401,-0.855191,-2.06029,-0.768517,-2.78992,-1.02564,-2.05728,-0.14865
-2.66507,-0.870744,-2.04916,-0.779802,-2.78046,-1.04407,-2.04404,-0.16078
-2.65714,-0.884058,-2.03816,-0.790974,-2.77208,-1.05984,-2.02903,-0.174331
-2.6462,-0.901753,-2.02727,-0.802021,-2.76052,-1.08078,-2.01371,-0.187958
-2.639,-0.912971,-2.01647,-0.812928,-2.75292,-1.09405,-1.9981,-0.20166
-2.62866,-0.928552,-2.00571,-0.823681,-2.742,-1.11247,-1.9822,-0.215431
-2.62092,-0.939815,-2.00034,-0.828995,-2.73382,-1.12579,-1.96601,-0.229267
-2.61178,-0.952693,-1.98746,-0.84156,-2.72418,-1.141,-1.95782,-0.236207
-2.60187,-0.96617,-1.97669,-0.851811,-2.71372,-1.15691,-1.93789,-0.252916
-2.59214,-0.978916,-1.96588,-0.861844,-2.70346,-1.17195,-1.921,-0.266886
-2.58226,-0.991401,-1.95499,-0.87164,-2.69305,-1.18667,-1.90386,-0.280887
-2.57201,-1.00388,-1.94399,-0.881183,-2.68225,-1.20139,-1.88647,-0.294906
-2.56214,-1.01547,-1.93287,-0.890455,-2.67185,-1.21504,-1.86885,-0.308932
-2.55131,-1.0277,-1.92161,-0.899441,-2.66045,-1.22945,-1.85101,-0.32295
-2.54052,-1.03942,-1.91019,-0.908124,-2.6491,-1.24325,-1.83839,-0.332753
-2.53008,-1.05035,-1.90209,-0.914014,-2.63811,-1.2561,-1.81469,-0.350916
-2.51923,-1.06126,-1.88681,-0.924521,-2.62671,-1.26895,-1.80178,-0.360665
-2.50818,-1.07196,-1.87483,-0.932204,-2.61508,-1.28152,-1.77757,-0.378691
-2.49672,-1.08259,-1.86262,-0.939522,-2.60305,-1.29402,-1.75874,-0.39247
-2.48527,-1.0928,-1.85019,-0.946459,-2.59102,-1.30601,-1.73974,-0.406157
-2.47375,-1.10264,-1.83752,-0.952995,-2.57892,-1.31757,-1.72056,-0.419733
-2.4618,-1.11242,-1.82849,-0.957324,-2.56638,-1.32905,-1.70123,-0.433179
-2.45,-1.12166,-1.81138,-0.964804,-2.554,-1.3399,-1.68173,-0.446478
-2.43759,-1.13095,-1.80198,-0.968523,-2.54098,-1.3508,-1.66208,-0.459612
-2.42588,-1.13932,-1.78414,-0.974835,-2.5287,-1.36062,-1.64823,-0.4687
-2.41325,-1.14794,-1.77008,-0.979153,-2.51546,-1.37073,-1.62232,-0.485331
-2.40072,-1.15609,-1.75572,-0.982987,-2.50233,-1.38028,-1.60222,-0.49789
-2.388,-1.16395,-1.74105,-0.986323,-2.48901,-1.3895,-1.58197,-0.51023
-2.37526,-1.17144,-1.72606,-0.989144,-2.47567,-1.39828,-1.56159,-0.522337
-2.36232,-1.17865,-1.71538,-0.990803,-2.46212,-1.40673,-1.54106,-0.534193
-2.3492,-1.18558,-1.69512,-0.993178,-2.44838,-1.41485,-1.52661,-0.542337
-2.33553,-1.19239,-1.67916,-0.994364,-2.43409,-1.42283,-1.4996,-0.557106
-2.32232,-1.19859,-1.66288,-0.994979,-2.42027,-1.4301,-1.47867,-0.568139
-2.30816,-1.20484,-1.64626,-0.99501,-2.40546,-1.43742,-1.45761,-0.578879
-2.29487,-1.21034,-1.62932,-0.994444,-2.39157,-1.44386,-1.43642,-0.589319
-2.28065,-1.21584,-1.61727,-0.993686,-2.37671,-1.4503,-1.41511,-0.599448
-2.26665,-1.22088,-1.59447,-0.991477,-2.36208,-1.45621,-1.40012,-0.606351
-2.25223,-1.22569,-1.57657,-0.989052,-2.34702,-1.46185,-1.37213,-0.618757
-2.23795,-1.23008,-1.55837,-0.985987,-2.3321,-1.467,-1.35047,-0.627926
-2.22371,-1.23411,-1.53988,-0.982276,-2.31724,-1.47173,-1.32871,-0.636764
-2.20882,-1.23796,-1.52112,-0.977911,-2.3017,-1.47624,-1.30685,-0.645272
-2.19408,-1.2414,-1.50209,-0.972884,-2.28632,-1.48028,-1.2849,-0.653451
-2.17929,-1.24451,-1.48282,-0.967189,-2.27089,-1.48393,-1.26286,-0.661306
-2.16413,-1.24733,-1.46332,-0.96082,-2.25508,-1.48725,-1.24076,-0.668841
-2.14883,-1.24983,-1.44361,-0.953779,-2.23912,-1.4902,-1.21861,-0.676062
-2.13329,-1.25201,-1.42371,-0.946065,-2.22292,-1.49277,-1.19641,-0.682977
-2.11764,-1.25385,-1.40364,-0.937682,-2.2066,-1.49495,-1.17419,-0.68959
-2.10217,-1.25533,-1.38343,-0.928634,-2.19049,-1.4967,-1.15196,-0.695904
-2.08648,-1.25649,-1.37328,-0.923864,-2.17414,-1.49809,-1.12974,-0.701919
-2.07057,-1.25733,-1.34266,-0.908594,-2.15756,-1.49911,-1.11863,-0.704815
-2.05431,-1.25785,-1.3283,-0.900987,-2.14063,-1.49975,-1.09203,-0.711462
-2.03797,-1.25803,-1.30774,-0.88961,-2.12361,-1.5,-1.06328,-0.718171
-2.02163,-1.25788,-1.28095,-0.873968,-2.10659,-1.49986,-1.04786,-0.721569
-2.00536,-1.25741,-1.26034,-0.861323,-2.08966,-1.49934,-1.01931,-0.727476
-1.98889,-1.2566,-1.23975,-0.848188,-2.07251,-1.49845,-0.997473,-0.731652
-1.97145,-1.25542,-1.2192,-0.834603,-2.05436,-1.4971,-0.975752,-0.735501
-1.95485,-1.25396,-1.19873,-0.820615,-2.03709,-1.49545,-0.954162,-0.739006
-1.93816,-1.2522,-1.17835,-0.806271,-2.01972,-1.49343,-0.932714,-0.742151
-1.92098,-1.25006,-1.15811,-0.791626,-2.00185,-1.49099,-0.911419,-0.744918
-1.90394,-1.24764,-1.13802,-0.776734,-1.98412,-1.4882,-0.890286,-0.747287
-1.88659,-1.24487,-1.11811,-0.761654,-1.96607,-1.48501,-0.869322,-0.749237
-1.86871,-1.2417,-1.0984,-0.746445,-1.94748,-1.48135,-0.848526,-0.750748
-1.85121,-1.23828,-1.0789,-0.731169,-1.92928,-1.47742,-0.827894,-0.751798
-1.83351,-1.23454,-1.05964,-0.715892,-1.91088,-1.47309,-0.807418,-0.752368
-1.81555,-1.23043,-1.04063,-0.700681,-1.89219,-1.46834,-0.787092,-0.752439
-1.79707,-1.2259,-1.02188,-0.685601,-1.87298,-1.4631,-0.766909,-0.751999
-1.77942,-1.22129,-1.0034,-0.670712,-1.85463,-1.45776,-0.752858,-0.751381
-1.76157,-1.21635,-0.985178,-0.656065,-1.83608,-1.45204,-0.726921,-0.749547
-1.74297,-1.21091,-0.967204,-0.641702,-1.81674,-1.44573,-0.707088,-0.747519
-1.72456,-1.20524,-0.949457,-0.627659,-1.79761,-1.43916,-0.687339,-0.744947
-1.70527,-1.199,-0.931914,-0.613963,-1.77756,-1.43192,-0.667659,-0.741831
-1.68728,-1.19292,-0.914547,-0.600628,-1.75886,-1.42486,-0.648032,-0.738171
-1.66837,-1.18625,-0.897321,-0.587661,-1.7392,-1.41711,-0.628443,-0.733971
-1.64978,-1.17944,-0.880204,-0.575061,-1.71988,-1.40918,-0.608876,-0.729236
-1.6312,-1.17237,-0.866567,-0.565239,-1.70056,-1.40096,-0.589319,-0.723971
-1.60942,-1.16376,-0.849565,-0.553275,-1.67793,-1.39093,-0.573673,-0.719379
-1.59253,-1.15685,-0.832586,-0.541643,-1.66037,-1.38289,-0.554107,-0.713172
-1.57268,-1.14848,-0.815603,-0.530331,-1.63975,-1.37313,-0.534525,-0.706452
-1.55369,-1.14022,-0.798592,-0.519322,-1.62001,-1.3635,-0.514922,-0.699225
-1.53414,-1.13147,-0.78153,-0.508599,-1.5997,-1.35329,-0.495296,-0.691498
-1.51503,-1.12268,-0.764394,-0.498137,-1.57983,-1.34302,-0.475645,-0.683277
-1.49497,-1.1132,-0.747166,-0.487916,-1.55898,-1.33195,-0.455966,-0.674566
-1.4755,-1.10376,-0.729828,-0.477912,-1.53874,-1.32092,-0.436262,-0.66537
-1.45436,-1.09325,-0.712364,-0.468097,-1.51677,-1.30863,-0.416534,-0.655693
-1.43582,-1.08382,-0.694756,-0.458445,-1.4975,-1.29759,-0.396784,-0.645537
-1.41536,-1.07319,-0.676994,-0.448926,-1.47623,-1.28513,-0.377014,-0.634903
-1.39503,-1.06238,-0.659068,-0.439515,-1.45509,-1.27247,-0.357228,-0.623791
-1.37501,-1.05152,-0.640974,-0.430184,-1.43428,-1.25974,-0.337435,-0.612206
-1.35495,-1.04042,-0.622706,-0.420903,-1.41342,-1.24672,-0.317644,-0.600151
-1.33336,-1.02825,-0.604259,-0.411643,-1.39097,-1.23242,-0.29786,-0.587628
-1.31404,-1.01714,-0.585631,-0.402375,-1.37088,-1.21938,-0.278091,-0.574642
-1.29244,-1.00451,-0.566821,-0.393075,-1.34842,-1.20453,-0.258342,-0.561195
-1.27283,-0.992851,-0.547831,-0.383718,-1.32802,-1.19081,-0.23862,-0.547294
-1.25197,-0.980246,-0.528668,-0.374279,-1.30633,-1.17598,-0.218933,-0.532941
-1.23092,-0.96732,-0.509336,-0.364739,-1.28443,-1.16075,-0.199293,-0.51814
-1.2104,-0.954531,-0.489843,-0.355081,-1.26308,-1.14568,-0.17971,-0.502896
-1.18919,-0.941114,-0.470199,-0.345286,-1.24101,-1.12985,-0.160194,-0.487219
-1.16824,-0.927676,-0.450414,-0.335336,-1.21922,-1.11399,-0.140756,-0.471114
-1.14716,-0.913966,-0.430495,-0.325215,-1.19728,-1.0978,-0.121405,-0.454587
-1.12616,-0.900131,-0.410452,-0.314908,-1.17543,-1.08145,-0.102148,-0.437647
-1.10405,-0.885375,-0.390292,-0.304401,-1.15241,-1.06399,-0.0829902,-0.420301
-1.0829,-0.871085,-0.370027,-0.29368,-1.1304,-1.04708,-0.0639361,-0.402555
-1.06242,-0.857088,-0.349667,-0.282735,-1.10907,-1.0305,-0.0449896,-0.384419
-1.04057,-0.841988,-0.329221,-0.271558,-1.08633,-1.0126,-0.0261558,-0.365901
-1.01929,-0.827121,-0.3087,-0.26014,-1.06417,-0.994971,-0.00743766,-0.347012
-0.997641,-0.811831,-0.288109,-0.248474,-1.04163,-0.976824,0.0111643,-0.327761
-0.975973,-0.796373,-0.267459,-0.236555,-1.01906,-0.958464,0.0296509,-0.308157
-0.954321,-0.780773,-0.246755,-0.224377,-0.996503,-0.939922,0.0480218,-0.288211
-0.932525,-0.764921,-0.226006,-0.211937,-0.973796,-0.921067,0.0662786,-0.267931
-0.910822,-0.748992,-0.205221,-0.199236,-0.951184,-0.902107,0.0844226,-0.247327
-0.888878,-0.732743,-0.184407,-0.186275,-0.928316,-0.882754,0.102454,-0.226412
-0.866286,-0.715871,-0.163572,-0.173057,-0.904772,-0.862643,0.120374,-0.205198
-0.844867,-0.699742,-0.142725,-0.159585,-0.882445,-0.843406,0.138182,-0.183697
-0.822501,-0.682768,-0.121875,-0.145863,-0.85913,-0.823147,0.155879,-0.161923
-0.799615,-0.665265,-0.101027,-0.131894,-0.835269,-0.802241,0.173464,-0.139888
-0.778951,-0.649347,-0.0801878,-0.117683,-0.813722,-0.783216,0.190939,-0.117603
-0.756342,-0.631812,-0.0593622,-0.103234,-0.790144,-0.762246,0.208307,-0.0950795
-0.73452,-0.614773,-0.0385577,-0.0885532,-0.767384,-0.741854,0.225568,-0.0723298
-0.711974,-0.597054,-0.0177792,-0.0736467,-0.743865,-0.720635,0.242723,-0.0493654
-0.689219,-0.579059,0.00297064,-0.0585209,-0.720126,-0.699071,0.259775,-0.0261975
-0.666827,-0.561243,0.0236908,-0.0431808,-0.696762,-0.677709,0.276726,-0.00283793
-0.644846,-0.543655,0.0443814,-0.0276301,-0.673825,-0.656608,0.293583,0.0207037
-0.622482,-0.525664,0.0650414,-0.0118773,-0.650485,-0.63501,0.31035,0.0444196
-0.599805,-0.507326,0.0856694,0.00406892,-0.626815,-0.612981,0.327034,0.0682974
-0.577678,-0.489342,0.106265,0.0202006,-0.603717,-0.591366,0.343637,0.092325
-0.555213,-0.470998,0.126829,0.0365102,-0.580263,-0.569305,0.360165,0.116491
-0.53258,-0.452432,0.147361,0.0529898,-0.556631,-0.546966,0.376623,0.140787
-0.51019,-0.433986,0.163763,0.066291,-0.53325,-0.524759,0.393016,0.1652
-0.487115,-0.414897,0.188329,0.0864284,-0.509152,-0.501765,0.406085,0.184809
-0.46488,-0.396431,0.208767,0.10337,-0.485928,-0.479512,0.425621,0.214341
-0.44174,-0.377141,0.229177,0.120451,-0.461757,-0.456254,0.441845,0.239048
-0.418688,-0.357857,0.249559,0.137663,-0.437675,-0.432992,0.458022,0.263833
-0.396555,-0.33928,0.269913,0.154998,-0.414551,-0.410574,0.474158,0.288689
-0.372075,-0.318669,0.290237,0.172448,-0.388972,-0.385689,0.490255,0.313604
-0.350792,-0.300697,0.310532,0.190005,-0.366733,-0.363982,0.506318,0.33857
-0.328069,-0.281459,0.330799,0.20766,-0.342986,-0.340737,0.522348,0.363578
-0.305293,-0.262127,0.351039,0.225406,-0.319183,-0.317371,0.538351,0.388617
-0.282689,-0.242897,0.371251,0.243234,-0.295558,-0.29412,0.55433,0.413679
-0.258556,-0.22232,0.391437,0.261138,-0.270332,-0.269232,0.570291,0.438755
-0.236459,-0.203441,0.411597,0.279112,-0.247233,-0.246392,0.586235,0.463837
-0.213664,-0.183932,0.431734,0.297151,-0.223404,-0.222784,0.602168,0.48892
-0.190487,-0.164065,0.45185,0.315246,-0.199174,-0.198735,0.618094,0.513995
-0.168105,-0.14485,0.471946,0.333389,-0.175773,-0.175471,0.63402,0.539056
-0.14365,-0.12383,0.492026,0.351574,-0.150205,-0.150017,0.64995,0.564093
-0.122158,-0.105336,0.512092,0.36979,-0.127734,-0.127618,0.665889,0.589099
-0.0982419,-0.0847373,0.532143,0.388027,-0.102727,-0.102667,0.681844,0.614063
-0.076032,-0.0655941,0.552179,0.406277,-0.0795035,-0.0794756,0.697816,0.638975
-0.0529544,-0.0456921,0.572201,0.424529,-0.0553726,-0.0553632,0.71381,0.663827
-0.0302403,-0.0260958,0.59221,0.442778,-0.0316214,-0.0316196,0.729827,0.688608
-0.00624732,-0.00539136,0.612205,0.461016,-0.00653264,-0.00653263,0.745873,0.713311
0.0158324,0.013663,0.632188,0.479235,0.0165554,0.0165552,0.761951,0.737929
0.0389861,0.0336418,0.65216,0.497425,0.0407665,0.0407627,0.778066,0.762455
0.0611994,0.0528037,0.672119,0.515581,0.063994,0.0639795,0.794221,0.786877
0.0840836,0.0725354,0.692069,0.533697,0.0879226,0.0878849,0.810419,0.811191
0.10719,0.0924463,0.712009,0.551769,0.112083,0.112005,0.826665,0.835391
0.131671,0.113524,0.731943,0.569791,0.13768,0.137535,0.842962,0.859471
0.152994,0.131864,0.75187,0.587757,0.159975,0.159747,0.859317,0.883429
0.175905,0.151549,0.771792,0.605655,0.183929,0.183583,0.875732,0.907255
0.198749,0.17115,0.791708,0.623479,0.207811,0.207312,0.892212,0.930939
0.221442,0.190593,0.811619,0.641219,0.231535,0.230845,0.90876,0.954475
0.244541,0.21035,0.831519,0.658862,0.255682,0.254752,0.925379,0.977852
0.270716,0.232694,0.851411,0.6764,0.283043,0.28178,0.94207,1.00106
0.290547,0.249587,0.871292,0.693825,0.303771,0.30221,0.958839,1.02408
0.31321,0.268852,0.891159,0.711127,0.327457,0.325501,0.975685,1.04692
0.33634,0.288467,0.911011,0.728302,0.35163,0.349206,0.992612,1.06956
0.358928,0.307573,0.930847,0.74534,0.375235,0.372288,1.00962,1.09199
0.38206,0.327085,0.950668,0.762235,0.399406,0.395851,1.02672,1.11421
0.404141,0.345654,0.970471,0.77898,0.422476,0.418266,1.0439,1.13621
0.427572,0.365297,0.990256,0.795573,0.446956,0.441968,1.06118,1.15799
0.450121,0.384135,1.01002,0.812006,0.470511,0.464688,1.07855,1.17953
0.472679,0.402915,1.02976,0.828274,0.494074,0.487328,1.09601,1.20084
0.49569,0.422,1.04948,0.844368,0.518107,0.510322,1.11358,1.22191
0.51777,0.440239,1.06918,0.860282,0.541166,0.532288,1.13124,1.24272
0.540923,0.459285,1.08885,0.876016,0.565343,0.555214,1.149,1.26328
0.563499,0.477774,1.1085,0.891563,0.588914,0.577456,1.16687,1.28359
0.585303,0.495549,1.12812,0.906919,0.611676,0.598827,1.18484,1.30362
0.607885,0.513871,1.14771,0.922079,0.635249,0.620844,1.20292,1.32339
0.630824,0.532386,1.16728,0.93704,0.659191,0.643081,1.22112,1.34289
0.653796,0.550828,1.18682,0.951799,0.683164,0.665215,1.23942,1.36211
0.675075,0.567818,1.20634,0.966353,0.705369,0.685594,1.25784,1.38105
0.697197,0.58538,1.22582,0.980697,0.728449,0.706648,1.27637,1.3997
0.719896,0.603293,1.24527,0.994828,0.752129,0.728108,1.29501,1.41807
0.7418,0.620469,1.26468,1.00874,0.774976,0.748672,1.31377,1.43615
0.764347,0.638035,1.28405,1.02243,0.798492,0.769689,1.33264,1.45392
0.786369,0.655073,1.30339,1.03589,0.821457,0.790062,1.35162,1.4714
0.808355,0.671965,1.32267,1.04912,0.844381,0.810245,1.37071,1.48857
0.830518,0.688867,1.34192,1.06212,0.867487,0.830428,1.38991,1.50542
0.852348,0.70539,1.36111,1.07487,0.890244,0.850143,1.40922,1.52196
0.874625,0.722115,1.38026,1.08738,0.913462,0.870088,1.42863,1.53818
0.896773,0.738605,1.39934,1.09964,0.936544,0.889737,1.44815,1.55407
0.918195,0.754419,1.41838,1.11165,0.958866,0.908569,1.46777,1.56962
0.939997,0.770372,1.43735,1.12342,0.981581,0.927552,1.48749,1.58485
0.961819,0.786192,1.45627,1.13493,1.00431,0.946364,1.50731,1.59974
0.983601,0.801832,1.47512,1.14618,1.027,0.964949,1.52722,1.61429
1.0052,0.81719,1.49391,1.15717,1.0495,0.983185,1.54723,1.6285
1.02665,0.832282,1.51264,1.1679,1.07184,1.00109,1.56732,1.64235
1.04873,0.847648,1.5313,1.17836,1.09482,1.01931,1.58751,1.65586
1.06947,0.861926,1.5499,1.18855,1.11642,1.03623,1.60779,1.669
1.09166,0.877025,1.56844,1.19848,1.13952,1.05411,1.62815,1.68179
1.11203,0.890725,1.58691,1.20813,1.16072,1.07032,1.6486,1.69422
1.13335,0.904888,1.60531,1.21752,1.18291,1.08707,1.66912,1.70628
1.15533,0.919301,1.62365,1.22663,1.20578,1.1041,1.68972,1.71798
1.1756,0.93242,1.64192,1.23547,1.22688,1.11959,1.7104,1.72931
1.19705,0.946111,1.66012,1.24404,1.2492,1.13575,1.73114,1.74028
1.21739,0.958908,1.67824,1.25232,1.27035,1.15084,1.75195,1.75087
1.23898,0.972293,1.6963,1.26033,1.29281,1.16661,1.77282,1.76108
1.25963,0.9849,1.71428,1.26806,1.3143,1.18146,1.79374,1.77092
1.27993,0.997098,1.7322,1.27551,1.33541,1.19581,1.81473,1.78038
1.30103,1.00957,1.75004,1.28267,1.35736,1.21047,1.83576,1.78947
1.32135,1.02137,1.76781,1.28955,1.37849,1.22434,1.85683,1.79817
1.34161,1.03292,1.78551,1.29615,1.39955,1.23792,1.87795,1.80649
1.36193,1.04431,1.80314,1.30246,1.42067,1.25128,1.8991,1.81443
1.38227,1.05548,1.81719,1.3073,1.44182,1.26439,1.92029,1.82198
1.40243,1.06634,1.83817,1.31421,1.46278,1.27711,1.9415,1.82915
1.42237,1.07685,1.85556,1.31965,1.48351,1.28943,1.96273,1.83592
1.44258,1.08728,1.87287,1.32478,1.50452,1.30164,1.98397,1.8423
1.46497,1.09856,1.8901,1.32961,1.5278,1.31484,2.00522,1.84829
1.48307,1.10746,1.90724,1.33414,1.54661,1.32524,2.02221,1.85278
1.50227,1.11668,1.92428,1.33834,1.56657,1.33601,2.0477,1.85904
1.52268,1.12623,1.94123,1.34223,1.58778,1.34717,2.06892,1.86379
1.54155,1.13482,1.95809,1.3458,1.60739,1.35719,2.08588,1.8673
1.5609,1.14339,1.97485,1.34905,1.6275,1.36719,2.11128,1.87205
1.58075,1.15192,1.99152,1.352,1.64814,1.37714,2.13242,1.87557
1.60093,1.16031,2.00809,1.35463,1.66911,1.38692,2.15352,1.87868
1.61872,1.16748,2.02456,1.35695,1.6876,1.39526,2.17457,1.88139
1.63749,1.17479,2.04093,1.35895,1.7071,1.40377,2.19556,1.88368
1.65668,1.182,2.0572,1.36064,1.72706,1.41216,2.21649,1.88557
1.67626,1.18907,2.07336,1.36201,1.7474,1.42038,2.23735,1.88706
1.69415,1.19527,2.08942,1.36306,1.76599,1.42759,2.25814,1.88815
1.71258,1.2014,2.10538,1.36379,1.78516,1.43471,2.27885,1.88883
1.73171,1.20747,2.12122,1.3642,1.80504,1.44175,2.29947,1.88911
1.74945,1.21284,2.13695,1.36429,1.82348,1.44797,2.31999,1.88899
1.76756,1.21803,2.15258,1.36406,1.8423,1.454,2.34041,1.88848
1.78593,1.22302,2.16808,1.36352,1.8614,1.45977,2.36072,1.88757
1.80426,1.2277,2.18807,1.36233,1.88045,1.46519,2.38091,1.88628
1.82169,1.23187,2.19571,1.36173,1.89859,1.47001,2.40697,1.88402
1.83995,1.23593,2.21392,1.35996,1.91757,1.47471,2.41693,1.88298
1.85776,1.23959,2.22897,1.35814,1.93609,1.47893,2.44071,1.8801
1.8749,1.24283,2.2439,1.35601,1.95391,1.48266,2.46037,1.87729
1.89313,1.24595,2.25871,1.35356,1.97288,1.48626,2.47987,1.87412
1.90949,1.24846,2.27339,1.35079,1.98989,1.48915,2.49922,1.87058
1.92676,1.25082,2.28795,1.34772,2.00786,1.49185,2.51841,1.86669
1.94413,1.25286,2.30238,1.34433,2.02593,1.49419,2.53742,1.86245
1.96101,1.25454,2.31668,1.34063,2.0435,1.4961,2.55626,1.85786
1.97795,1.2559,2.33086,1.33661,2.06113,1.49765,2.57491,1.85292
1.99471,1.25692,2.3449,1.33228,2.07857,1.49881,2.59338,1.84765
2.01092,1.2576,2.35881,1.32764,2.09544,1.49956,2.61165,1.84204
2.02786,1.25798,2.37259,1.32268,2.11308,1.49995,2.62972,1.8361
2.04385,1.25801,2.38623,1.31741,2.12974,1.49995,2.64759,1.82983
2.05985,1.25771,2.39973,1.31182,2.14639,1.49958,2.66524,1.82325
2.07672,1.25705,2.4131,1.30592,2.16397,1.49876,2.68268,1.81634
2.09205,1.25611,2.42634,1.29971,2.17994,1.49764,2.69991,1.80912
2.10782,1.25482,2.43944,1.29318,2.19638,1.49611,2.71691,1.8016
2.1273,1.25275,2.4524,1.28634,2.21668,1.49365,2.73369,1.79376
2.14503,1.25039,2.46522,1.27919,2.23516,1.49086,2.75024,1.78563
2.15422,1.24899,2.47791,1.27172,2.24474,1.48921,2.76656,1.77721
2.16978,1.24632,2.49046,1.26394,2.26097,1.48606,2.78265,1.76849
2.18448,1.24345,2.50287,1.25586,2.27631,1.4827,2.79851,1.75948
2.20078,1.23988,2.51514,1.24746,2.29331,1.47849,2.81412,1.7502
2.2144,1.23656,2.52243,1.24228,2.30752,1.4746,2.82949,1.74063
2.22859,1.23277,2.53327,1.2343,2.32234,1.47015,2.83859,1.73477
2.24424,1.22819,2.54518,1.22516,2.33867,1.46478,2.85208,1.72579
2.25765,1.22392,2.55343,1.21859,2.35268,1.45978,2.86683,1.71557
2.27216,1.21894,2.56509,1.20896,2.36783,1.45394,2.87701,1.70827
2.2859,1.21385,2.57661,1.19903,2.38219,1.44798,2.89134,1.69763
2.29981,1.20834,2.58798,1.18882,2.39673,1.44152,2.90263,1.68894
2.31392,1.20235,2.59921,1.17831,2.41148,1.4345,2.91925,1.67562
2.32734,1.19628,2.61029,1.16752,2.42552,1.42739,2.93281,1.66426
2.34035,1.19004,2.62013,1.15757,2.43913,1.42007,2.94612,1.65267
2.35389,1.18315,2.63091,1.14624,2.45329,1.412,2.95788,1.64204
2.36714,1.17601,2.64154,1.13463,2.46716,1.40364,2.97069,1.63003
2.38002,1.16869,2.65201,1.12275,2.48065,1.39505,2.98323,1.61779
2.39274,1.16107,2.66232,1.1106,2.49397,1.38612,2.99551,1.60535
2.40558,1.15297,2.67247,1.09818,2.50743,1.37663,3.00753,1.59269
2.41764,1.14499,2.68246,1.0855,2.52006,1.36727,3.01927,1.57983
2.43128,1.1355,2.69229,1.07256,2.53436,1.35614,3.03076,1.56678
2.44283,1.12707,2.70196,1.05936,2.54648,1.34625,3.04198,1.55352
2.45433,1.11831,2.71146,1.04592,2.55854,1.33597,3.05293,1.54008
2.46606,1.10898,2.72079,1.03223,2.57085,1.32501,3.06363,1.52645
2.47796,1.09909,2.72996,1.01829,2.58334,1.31341,3.07406,1.51263
2.48957,1.08901,2.73895,1.00411,2.59554,1.30156,3.08423,1.49863
2.50088,1.07878,2.74778,0.989694,2.60742,1.28954,3.09219,1.4873
2.51215,1.06816,2.75644,0.975053,2.61927,1.27705,3.10381,1.47008
2.52305,1.05747,2.76492,0.96019,2.63072,1.26449,3.11321,1.45555
2.53398,1.04631,2.77323,0.945114,2.64222,1.25135,3.12236,1.44084
2.54464,1.03501,2.78137,0.92983,2.65343,1.23805,3.13126,1.42598
2.55529,1.02326,2.78933,0.914343,2.66464,1.22422,3.13992,1.41095
2.56563,1.01141,2.79712,0.89866,2.67553,1.21026,3.14833,1.39576
2.57587,0.999232,2.80473,0.882786,2.68632,1.19591,3.15651,1.38042
2.58578,0.987008,2.81217,0.866725,2.69675,1.18149,3.16444,1.36492
2.59574,0.974251,2.818,0.853743,2.70726,1.16644,3.17215,1.34928
2.60571,0.961012,2.82512,0.837356,2.71777,1.15082,3.17814,1.33665
2.61494,0.9483,2.83206,0.820797,2.72751,1.13581,3.18543,1.32073
2.62458,0.934533,2.83882,0.80407,2.73769,1.11954,3.19249,1.30466
2.63376,0.920957,2.8454,0.787183,2.74737,1.1035,3.19933,1.28844
2.64293,0.906885,2.8518,0.770142,2.75707,1.08685,3.20594,1.27208
2.65168,0.89298,2.85802,0.752953,2.76631,1.0704,3.21234,1.25558
2.66081,0.877945,2.86405,0.735623,2.77596,1.0526,3.21853,1.23894
2.66879,0.864341,2.86989,0.718158,2.7844,1.03649,3.2245,1.22217
2.67697,0.849912,2.87555,0.700563,2.79306,1.01938,3.23027,1.20526
2.68542,0.834484,2.88102,0.682847,2.802,1.00109,3.23583,1.18823
2.69332,0.819531,2.88631,0.665014,2.81036,0.983348,3.24118,1.17106
2.70117,0.804126,2.88989,0.652463,2.81869,0.965059,3.24634,1.15376
2.7089,0.788429,2.89486,0.634444,2.82688,0.946414,3.24984,1.14158
2.71624,0.773001,2.90102,0.610868,2.83465,0.928078,3.25467,1.12408
2.72385,0.756416,2.90554,0.592622,2.84272,0.908357,3.26066,1.10114
2.7308,0.740709,2.90987,0.574284,2.8501,0.889667,3.26376,1.0887
2.73777,0.724369,2.91399,0.555865,2.8575,0.870216,3.26927,1.06545
2.7446,0.707803,2.91792,0.537369,2.86475,0.850483,3.2733,1.04743
2.75138,0.690713,2.92165,0.518801,2.87195,0.830114,3.27715,1.0293
2.75763,0.674361,2.92518,0.500167,2.87859,0.810616,3.28083,1.01106
2.76396,0.657177,2.9285,0.481475,2.88533,0.790114,3.28433,0.99271
2.77,0.640166,2.93163,0.46273,2.89175,0.769807,3.28767,0.974257
2.77601,0.622557,2.93455,0.443939,2.89814,0.748774,3.29084,0.955702
2.78167,0.605336,2.93727,0.425108,2.90416,0.728194,3.29385,0.93705
2.78729,0.587538,2.93978,0.406245,2.91014,0.706914,3.29671,0.918302
2.79272,0.569617,2.94209,0.387355,2.91593,0.685476,3.29942,0.899464
2.79777,0.552256,2.94418,0.368444,2.92131,0.664696,3.30197,0.880536
2.80288,0.533961,2.94605,0.349517,2.92675,0.642788,3.30437,0.861522
2.8078,0.515532,2.94771,0.330578,2.932,0.620708,3.30662,0.842424
2.81249,0.4972,2.94908,0.311567,2.937,0.598734,3.30873,0.823241
2.81686,0.47932,2.95008,0.292428,2.94166,0.577293,3.31064,0.803898
2.82117,0.460865,2.95059,0.273054,2.94626,0.555151,3.31229,0.784325
2.8254,0.441825,2.9504,0.253284,2.95078,0.532297,3.31358,0.764388
2.82929,0.423482,2.94934,0.232984,2.95493,0.510271,3.31437,0.743885
2.83321,0.403986,2.94749,0.212237,2.95912,0.486849,3.31451,0.722647
2.83687,0.384748,2.94508,0.19128,2.96303,0.463729,3.31407,0.700764
2.84016,0.366485,2.94213,0.170146,2.96655,0.441772,3.31325,0.678514
2.84343,0.347245,2.93859,0.148808,2.97005,0.418632,3.31207,0.655926
2.84646,0.32835,2.93459,0.127378,2.97329,0.395897,3.31048,0.632954
2.84933,0.309265,2.93024,0.105957,2.97636,0.372928,3.30859,0.609728
2.8522,0.288877,2.92563,0.08461,2.97942,0.348382,3.30649,0.58637
2.85463,0.270286,2.92084,0.0634099,2.98202,0.325992,3.30422,0.562962
2.85699,0.250779,2.91593,0.0424027,2.98455,0.302493,3.30186,0.539595
2.85917,0.231311,2.91094,0.0216073,2.98688,0.279034,3.29945,0.516326
2.86121,0.211295,2.90586,0.00103588,2.98907,0.254909,3.297,0.493181
2.863,0.192125,2.90073,-0.019308,2.99098,0.231799,3.29452,0.470175
2.86468,0.172001,2.89554,-0.0394226,2.99278,0.207534,3.29201,0.447315
2.86611,0.152724,2.8903,-0.0593091,2.99431,0.184285,3.28948,0.424608
2.86742,0.132639,2.88501,-0.0789691,2.99571,0.160058,3.28693,0.402053
2.86856,0.112282,2.87968,-0.0984045,2.99693,0.135499,3.28434,0.379653
2.86948,0.0923377,2.8743,-0.117618,2.99793,0.111435,3.28172,0.357408
2.87022,0.0728157,2.86887,-0.136615,2.99871,0.0878779,3.27906,0.335319
2.87079,0.0528245,2.86339,-0.155402,2.99932,0.063753,3.27635,0.313381
2.87116,0.0336937,2.85787,-0.17398,2.99972,0.040665,3.2736,0.291593
2.87138,0.013461,2.85231,-0.192355,2.99996,0.0162462,3.27079,0.269953
2.87141,-0.00620444,2.84669,-0.210531,2.99999,-0.00748822,3.26791,0.248461
2.87127,-0.0260232,2.84102,-0.228513,2.99984,-0.0314076,3.26497,0.227114
2.87094,-0.0458073,2.8353,-0.246302,2.99949,-0.0552844,3.26196,0.20591
2.87043,-0.0659404,2.82953,-0.263901,2.99894,-0.0795812,3.25887,0.184851
2.86974,-0.0859286,2.82369,-0.281311,2.9982,-0.103701,3.25569,0.163935
2.8689,-0.105331,2.81779,-0.298533,2.9973,-0.127113,3.25242,0.143165
2.86785,-0.125328,2.81182,-0.315569,2.99618,-0.151238,3.24905,0.122543
2.86661,-0.145446,2.80578,-0.332421,2.99484,-0.175506,3.24556,0.102068
2.86519,-0.165341,2.79966,-0.349092,2.99333,-0.199501,3.24196,0.0817417
2.86362,-0.18494,2.79345,-0.365585,2.99164,-0.223136,3.23824,0.0615644
2.86174,-0.205864,2.78716,-0.381905,2.98963,-0.248363,3.23439,0.0415356
2.8599,-0.224355,2.78078,-0.398054,2.98766,-0.270651,3.2304,0.0216552
2.85784,-0.243372,2.77431,-0.414037,2.98546,-0.293568,3.22626,0.00192653
2.8555,-0.263281,2.76908,-0.426707,2.98295,-0.317555,3.22197,-0.0176519
2.85299,-0.282947,2.76246,-0.442403,2.98027,-0.341241,3.21844,-0.0332034
2.85028,-0.302677,2.75577,-0.457951,2.97737,-0.364998,3.21389,-0.0525007
2.84758,-0.321097,2.74901,-0.473357,2.97448,-0.387169,3.20918,-0.0716392
2.84449,-0.340794,2.74219,-0.488626,2.97118,-0.410871,3.20432,-0.0906174
2.84134,-0.359651,2.73532,-0.503769,2.96782,-0.433553,3.19931,-0.109429
2.83799,-0.378635,2.73187,-0.511296,2.96423,-0.45638,3.19415,-0.128071
2.83436,-0.398023,2.72286,-0.530742,2.96035,-0.479685,3.18992,-0.142863
2.8307,-0.416544,2.71591,-0.545578,2.95645,-0.501937,3.18448,-0.161198
2.82681,-0.435296,2.71103,-0.555902,2.95228,-0.524458,3.1789,-0.179352
2.82274,-0.453893,2.70338,-0.572035,2.94794,-0.546784,3.17491,-0.191947
2.81844,-0.472653,2.69638,-0.586707,2.94335,-0.569295,3.16849,-0.211552
2.81386,-0.491651,2.68925,-0.601528,2.93847,-0.592082,3.16242,-0.229243
2.80939,-0.509415,2.68336,-0.613555,2.9337,-0.613377,3.15596,-0.246922
2.8046,-0.527584,2.67568,-0.62882,2.9286,-0.635149,3.15041,-0.261132
2.79969,-0.545476,2.66753,-0.644279,2.92335,-0.656578,3.14288,-0.279061
2.79447,-0.563671,2.65893,-0.659747,2.9178,-0.67836,3.13463,-0.29723
2.789,-0.581947,2.6498,-0.675127,2.91197,-0.700226,3.12571,-0.315581
2.7837,-0.598983,2.64023,-0.69031,2.90632,-0.7206,3.11613,-0.334111
2.77763,-0.617691,2.63231,-0.702278,2.89987,-0.74296,3.10604,-0.352698
2.77202,-0.634317,2.62004,-0.719947,2.8939,-0.762821,3.09769,-0.367541
2.76581,-0.652039,2.60947,-0.734452,2.88729,-0.783982,3.08478,-0.389716
2.75956,-0.669204,2.60298,-0.743057,2.88064,-0.804464,3.07366,-0.4081
2.75337,-0.685562,2.59752,-0.750158,2.87407,-0.823974,3.07028,-0.413594
2.7436,-0.710263,2.58536,-0.765516,2.86369,-0.853414,3.05885,-0.431791
2.73847,-0.722712,2.5809,-0.771004,2.85824,-0.868242,3.04846,-0.447974
2.73205,-0.737813,2.56855,-0.785802,2.85143,-0.886221,3.04383,-0.4551
2.72609,-0.751393,2.55729,-0.798846,2.84511,-0.902381,3.03104,-0.474455
2.71813,-0.768943,2.54603,-0.811475,2.83665,-0.923254,3.01944,-0.491702
2.71119,-0.783674,2.53478,-0.823675,2.8293,-0.940764,3.00791,-0.508584
2.70355,-0.799355,2.52354,-0.835438,2.82121,-0.959393,2.99647,-0.525089
2.69575,-0.814808,2.50893,-0.850067,2.81294,-0.977742,2.98512,-0.541206
2.68768,-0.830246,2.49766,-0.860804,2.80439,-0.996062,2.97051,-0.561579
2.67938,-0.845571,2.48634,-0.871084,2.7956,-1.01424,2.95938,-0.576806
2.67159,-0.859455,2.47496,-0.880896,2.78736,-1.0307,2.94834,-0.591647
2.66304,-0.874186,2.46349,-0.890231,2.77832,-1.04815,2.93739,-0.606101
2.65425,-0.888801,2.45772,-0.894716,2.76903,-1.06545,2.92652,-0.620172
2.64571,-0.902522,2.44259,-0.905798,2.76,-1.08169,2.91788,-0.631156
2.63665,-0.916579,2.4308,-0.913741,2.75043,-1.09832,2.90715,-0.644546
2.62691,-0.931141,2.41889,-0.921161,2.74014,-1.11553,2.89649,-0.657561
2.61814,-0.943778,2.40682,-0.928048,2.73089,-1.13047,2.8859,-0.670204
2.60717,-0.959026,2.39462,-0.934388,2.71931,-1.14847,2.87538,-0.682473
2.59892,-0.97008,2.38226,-0.940176,2.71061,-1.16152,2.86492,-0.694367
2.58787,-0.984372,2.36977,-0.9454,2.69896,-1.17838,2.85451,-0.705887
2.57906,-0.995346,2.35713,-0.950051,2.68968,-1.19133,2.84417,-0.717032
2.5692,-1.00722,2.34436,-0.954123,2.67929,-1.20532,2.83388,-0.727797
2.55479,-1.02382,2.33147,-0.957609,2.66412,-1.22488,2.82364,-0.738181
2.54798,-1.03137,2.31846,-0.960505,2.65694,-1.23377,2.81345,-0.748179
2.53721,-1.04293,2.30534,-0.96281,2.64561,-1.24738,2.8033,-0.757788
2.52606,-1.05444,2.29212,-0.964526,2.63389,-1.26092,2.79319,-0.767008
2.51541,-1.06501,2.2868,-0.965047,2.62269,-1.27335,2.78312,-0.775839
2.50443,-1.07549,2.2748,-0.965873,2.61115,-1.28567,2.7811,-0.777557
2.49347,-1.08553,2.26138,-0.966229,2.59964,-1.29747,2.77006,-0.786727
2.48158,-1.096,2.24788,-0.965996,2.58714,-1.30977,2.76004,-0.794642
2.46996,-1.10579,2.2411,-0.96566,2.57494,-1.32126,2.75003,-0.802156
2.45777,-1.11562,2.22613,-0.964409,2.56215,-1.33281,2.74503,-0.805762
2.44563,-1.12498,2.21245,-0.962665,2.54941,-1.3438,2.73401,-0.813336
2.43402,-1.13354,2.1987,-0.960356,2.53723,-1.35384,2.72699,-0.817897
2.42178,-1.14216,2.18766,-0.958112,2.5244,-1.36396,2.71391,-0.825832
2.40896,-1.15077,2.17379,-0.95482,2.51096,-1.37405,2.70583,-0.830369
2.39688,-1.1585,2.15985,-0.951003,2.4983,-1.38312,2.69567,-0.83567
2.38404,-1.16632,2.14585,-0.946676,2.48485,-1.39228,2.68544,-0.840556
2.37126,-1.17371,2.13177,-0.941863,2.47148,-1.40094,2.67513,-0.845022
2.35825,-1.18084,2.12187,-0.938217,2.45786,-1.4093,2.66471,-0.849066
2.34517,-1.18763,2.1034,-0.930879,2.44417,-1.41725,2.65735,-0.851644
2.33177,-1.1942,2.0891,-0.924763,2.43015,-1.42495,2.6435,-0.855875
2.31806,-1.20052,2.07904,-0.920257,2.41581,-1.43235,2.63595,-0.857851
2.30441,-1.20643,2.06026,-0.911433,2.40155,-1.43928,2.62502,-0.860301
2.29026,-1.21217,2.04572,-0.904279,2.38675,-1.446,2.61057,-0.862824
2.27633,-1.21743,2.0311,-0.896838,2.3722,-1.45217,2.59925,-0.864246
2.25786,-1.22385,2.01638,-0.889147,2.3529,-1.4597,2.58774,-0.865209
2.24395,-1.22828,2.00157,-0.881244,2.33838,-1.46488,2.57602,-0.865704
2.22698,-1.23322,1.98666,-0.873173,2.32066,-1.47068,2.56769,-0.86577
2.21533,-1.23632,1.97163,-0.864973,2.3085,-1.47432,2.55194,-0.865275
2.20424,-1.23907,1.95648,-0.856691,2.29692,-1.47754,2.53956,-0.864341
2.18759,-1.2428,1.94118,-0.848376,2.27955,-1.48193,2.52693,-0.862919
2.1737,-1.24559,1.92574,-0.840073,2.26506,-1.4852,2.51407,-0.861008
2.15937,-1.24814,1.91012,-0.831817,2.25011,-1.48821,2.50492,-0.859378
2.14402,-1.25054,1.89433,-0.823628,2.23411,-1.49103,2.4876,-0.855709
2.12869,-1.25258,1.87833,-0.815519,2.21812,-1.49345,2.47399,-0.852314
2.11305,-1.25432,1.86212,-0.807498,2.20182,-1.49551,2.46014,-0.848417
2.09748,-1.25571,1.84567,-0.799566,2.1856,-1.49716,2.44603,-0.844015
2.08066,-1.25684,1.82897,-0.791716,2.16808,-1.49851,2.43166,-0.839106
2.06533,-1.25754,1.812,-0.783937,2.1521,-1.49936,2.41703,-0.833689
2.04934,-1.25794,1.79478,-0.776209,2.13546,-1.49987,2.40212,-0.827766
2.03347,-1.25802,1.77729,-0.768513,2.11893,-1.5,2.38694,-0.821339
2.01513,-1.25773,1.75953,-0.760828,2.09983,-1.4997,2.37149,-0.81441
2.00055,-1.2572,1.74151,-0.753134,2.08465,-1.49912,2.35578,-0.806986
1.98365,-1.25628,1.72323,-0.745409,2.06706,-1.49809,2.33979,-0.799068
1.96671,-1.25503,1.70467,-0.737633,2.04943,-1.49667,2.32352,-0.79066
1.95027,-1.25351,1.68585,-0.729786,2.03233,-1.49493,2.30696,-0.781767
1.93272,-1.25156,1.66677,-0.721846,2.01407,-1.4927,2.29012,-0.772393
1.91548,-1.24932,1.64743,-0.713794,1.99612,-1.49013,2.27299,-0.762543
1.89874,-1.24684,1.62785,-0.705613,1.97871,-1.48728,2.25556,-0.752225
1.88093,-1.2439,1.60801,-0.697283,1.96018,-1.48389,2.23784,-0.741445
1.86344,-1.2407,1.58793,-0.688789,1.942,-1.4802,2.21982,-0.730212
1.8462,-1.23725,1.56763,-0.680114,1.92406,-1.47623,2.20149,-0.718533
1.82833,-1.23338,1.5471,-0.671242,1.90548,-1.47176,2.18286,-0.706417
1.81049,-1.22922,1.52636,-0.662158,1.88694,-1.46695,2.16394,-0.693871
1.7923,-1.22468,1.50542,-0.652849,1.86802,-1.46169,2.14472,-0.680903
1.7742,-1.21987,1.48429,-0.643304,1.84921,-1.45612,2.1252,-0.667522
1.75578,-1.21469,1.46298,-0.633512,1.83006,-1.45011,2.1054,-0.653737
1.7378,-1.20934,1.44151,-0.623463,1.81136,-1.44392,2.08532,-0.639558
1.71909,-1.2035,1.41988,-0.613147,1.79192,-1.43714,2.06495,-0.624993
1.70061,-1.19745,1.3981,-0.602559,1.77271,-1.43012,2.04432,-0.610052
1.68189,-1.19105,1.37619,-0.591692,1.75325,-1.42268,2.02342,-0.594744
1.66301,-1.18432,1.35415,-0.580538,1.73363,-1.41486,2.00225,-0.579078
1.64445,-1.17744,1.332,-0.569094,1.71434,-1.40685,1.98084,-0.563062
1.62453,-1.16977,1.30974,-0.557354,1.69363,-1.39793,1.95918,-0.546706
1.60587,-1.16233,1.28739,-0.545314,1.67424,-1.38926,1.94387,-0.535057
1.58686,-1.15449,1.26495,-0.532971,1.65449,-1.38014,1.91514,-0.513001
1.56788,-1.14642,1.24244,-0.520321,1.63475,-1.37072,1.89278,-0.49567
1.54836,-1.13786,1.21988,-0.507361,1.61447,-1.36075,1.87021,-0.478029
1.52893,-1.1291,1.19729,-0.49409,1.59428,-1.35052,1.84744,-0.460085
1.50878,-1.11975,1.18145,-0.484614,1.57333,-1.33961,1.83139,-0.447348
1.48955,-1.1106,1.15204,-0.466611,1.55335,-1.32891,1.80831,-0.428907
1.46979,-1.10095,1.12942,-0.452407,1.53281,-1.31763,1.77806,-0.404512
1.45002,-1.09106,1.10682,-0.437893,1.51226,-1.30607,1.76167,-0.391185
1.42882,-1.08021,1.08426,-0.423071,1.49022,-1.29336,1.73814,-0.371919
1.40974,-1.07022,1.06176,-0.407947,1.47038,-1.28166,1.70735,-0.34648
1.38967,-1.05949,1.03932,-0.392527,1.44952,-1.26909,1.69545,-0.33658
1.36931,-1.04839,1.01698,-0.376821,1.42835,-1.25606,1.6668,-0.312569
1.34904,-1.03712,0.994734,-0.360835,1.40728,-1.24284,1.63559,-0.286164
1.32588,-1.02397,0.972616,-0.344582,1.3832,-1.2274,1.61873,-0.271781
1.30801,-1.01364,0.950642,-0.328075,1.36461,-1.21526,1.58732,-0.244773
1.28744,-1.00156,0.928829,-0.311327,1.34321,-1.20105,1.57036,-0.230074
1.26665,-0.989139,0.907197,-0.294355,1.3216,-1.18644,1.54608,-0.20889
1.24605,-0.976631,0.885761,-0.277178,1.30017,-1.17172,1.52662,-0.191791
1.22435,-0.963248,0.864538,-0.259817,1.2776,-1.15595,1.50956,-0.176719
1.20394,-0.950463,0.843541,-0.242298,1.25636,-1.14088,1.46558,-0.13751
1.18346,-0.937459,0.822786,-0.224649,1.23506,-1.12554,1.46068,-0.133115
1.16202,-0.923647,0.802286,-0.206896,1.21274,-1.10923,1.42389,-0.0999132
1.14088,-0.909847,0.782052,-0.18907,1.19074,-1.09293,1.39191,-0.0708132
1.12005,-0.896076,0.762096,-0.171203,1.16907,-1.07665,1.37466,-0.0550256
1.09849,-0.881641,0.742428,-0.153326,1.14663,-1.05957,1.3549,-0.0368864
1.07655,-0.866764,0.723058,-0.135464,1.12379,-1.04196,1.32518,-0.00949541
1.05509,-0.852041,0.709678,-0.122983,1.10144,-1.02452,1.29286,0.0204072
1.03411,-0.837489,0.685226,-0.0998802,1.0796,-1.00727,1.28039,0.0319668
1.01261,-0.82242,0.666765,-0.082202,1.05722,-0.989393,1.25539,0.0551762
0.990603,-0.806827,0.6486,-0.0646283,1.0343,-0.970882,1.22524,0.0831676
0.968862,-0.791266,0.630725,-0.0471741,1.01165,-0.952395,1.19999,0.106591
0.947582,-0.775888,0.613132,-0.02985,0.989483,-0.934113,1.16696,0.137146
0.925198,-0.759559,0.595811,-0.012666,0.966162,-0.914686,1.15419,0.148923
0.903712,-0.743743,0.578749,0.00437016,0.943775,-0.895857,1.12341,0.177227
0.882442,-0.727951,0.561932,0.0212529,0.921609,-0.877043,1.09759,0.200839
0.860045,-0.711184,0.545341,0.0379785,0.898266,-0.857054,1.07161,0.224456
0.836952,-0.693751,0.528954,0.0545462,0.874195,-0.836256,1.05857,0.236261
0.816551,-0.678231,0.512746,0.0709567,0.852927,-0.817729,1.01921,0.271638
0.793638,-0.660672,0.496693,0.087212,0.829037,-0.796753,0.984823,0.302221
0.771622,-0.643677,0.480763,0.103311,0.806079,-0.776436,0.971532,0.313957
0.749785,-0.626704,0.464925,0.119256,0.783306,-0.756134,0.939493,0.342045
0.727679,-0.609408,0.449142,0.135048,0.760248,-0.735431,0.904579,0.372319
0.705606,-0.59203,0.438107,0.146014,0.737223,-0.714616,0.891099,0.383913
0.682877,-0.574023,0.422333,0.161557,0.713509,-0.693035,0.864064,0.407006
0.660083,-0.555857,0.406513,0.176962,0.689725,-0.671249,0.831518,0.434536
0.638185,-0.538307,0.390605,0.192241,0.666873,-0.650188,0.812494,0.450497
0.615801,-0.520271,0.377791,0.204385,0.643511,-0.628532,0.785286,0.473164
0.593461,-0.502178,0.361633,0.21948,0.620193,-0.606795,0.766232,0.488935
0.570281,-0.483311,0.350213,0.229999,0.595994,-0.584115,0.728142,0.520233
0.547816,-0.464939,0.333722,0.244976,0.572539,-0.562016,0.722705,0.524678
0.526033,-0.447046,0.316997,0.259911,0.549794,-0.540483,0.690136,0.551203
0.502891,-0.427956,0.305138,0.270353,0.525628,-0.517497,0.66308,0.573123
0.480161,-0.409129,0.282763,0.289742,0.501889,-0.494816,0.641511,0.590539
0.456068,-0.389094,0.265229,0.304679,0.476724,-0.470666,0.614669,0.612161
0.435034,-0.371538,0.247403,0.319655,0.454751,-0.449496,0.582666,0.637895
0.412063,-0.352303,0.22929,0.334689,0.430754,-0.42629,0.556199,0.65917
0.388082,-0.332154,0.210887,0.349796,0.405698,-0.401972,0.522109,0.686607
0.366936,-0.314334,0.192195,0.364986,0.383603,-0.380454,0.509102,0.697097
0.342754,-0.293898,0.173215,0.380272,0.358333,-0.355768,0.478136,0.722133
0.320635,-0.275154,0.159757,0.391034,0.335217,-0.333118,0.465345,0.732508
0.298153,-0.256058,0.144207,0.403399,0.311721,-0.310034,0.432406,0.759337
0.27357,-0.235127,0.120548,0.422085,0.286026,-0.284723,0.419865,0.7696
0.252766,-0.217376,0.100531,0.437791,0.26428,-0.263252,0.382688,0.80021
0.22903,-0.197087,0.0802415,0.453623,0.239468,-0.238704,0.358289,0.820473
0.206359,-0.177674,0.0638159,0.46638,0.215767,-0.215208,0.329426,0.84464
0.183034,-0.157669,0.0388651,0.485665,0.191382,-0.190992,0.317534,0.854662
0.160131,-0.137999,0.0177928,0.501872,0.167437,-0.167176,0.282337,0.884561
0.138164,-0.11911,-0.00352471,0.518202,0.144469,-0.144301,0.270764,0.894471
0.113804,-0.0981425,-0.0250727,0.534651,0.118999,-0.118905,0.236527,0.92403
0.0915075,-0.0789341,-0.0468375,0.551217,0.0956853,-0.0956366,0.225276,0.933826
0.0661809,-0.0570998,-0.0643992,0.564549,0.0692029,-0.0691844,0.1964,0.959161
0.0456636,-0.0394027,-0.0887555,0.58299,0.0477489,-0.0477429,0.174555,0.978512
0.0235472,-0.0203203,-0.111098,0.599855,0.0246226,-0.0246217,0.155164,0.995822
0.000481627,-0.000415638,-0.129104,0.613411,0.000503623,-0.000503623,0.129697,1.01873
-0.0228252,0.0196974,-0.156318,0.63384,-0.0238676,0.0238669,0.112959,1.0339
-0.0456617,0.0394011,-0.179174,0.650943,-0.0477469,0.0477409,0.0984678,1.04709
-0.0708067,0.0610887,-0.202181,0.668107,-0.0740398,0.0740172,0.0678883,1.07511
-0.0930092,0.0802282,-0.225328,0.685325,-0.0972554,0.0972043,0.0578339,1.08436
-0.114644,0.098866,-0.248603,0.702586,-0.119877,0.119781,0.0379255,1.10276
-0.137707,0.118717,-0.271993,0.719881,-0.143991,0.143825,0.0221852,1.11735
-0.16036,0.138195,-0.295487,0.737201,-0.167676,0.167413,-0.00112725,1.13902
-0.183654,0.158201,-0.319076,0.754535,-0.192029,0.191636,-0.025997,1.1622
-0.205903,0.177283,-0.342748,0.771869,-0.21529,0.214735,-0.044873,1.17981
-0.229271,0.197293,-0.361739,0.785729,-0.23972,0.238953,-0.063543,1.19721
-0.253506,0.218009,-0.385535,0.803033,-0.265054,0.264017,-0.0672535,1.20066
-0.274554,0.235965,-0.409384,0.820303,-0.287054,0.285737,-0.0911935,1.22291
-0.297352,0.255376,-0.433276,0.837527,-0.310883,0.309209,-0.113034,1.24312
-0.320718,0.275225,-0.457201,0.854693,-0.335304,0.333203,-0.136446,1.26463
-0.343886,0.294856,-0.481152,0.87179,-0.359516,0.356925,-0.145388,1.2728
-0.367421,0.314743,-0.505119,0.888805,-0.384109,0.380948,-0.166723,1.29216
-0.388665,0.332645,-0.529093,0.905727,-0.406308,0.402564,-0.184382,1.30803
-0.413062,0.35314,-0.553068,0.922546,-0.431797,0.427301,-0.19844,1.32054
-0.434602,0.371177,-0.577037,0.939249,-0.4543,0.449061,-0.219433,1.33902
-0.459212,0.391712,-0.600994,0.955827,-0.480008,0.473823,-0.236858,1.35415
-0.480299,0.409243,-0.624931,0.972267,-0.502033,0.494953,-0.250764,1.36606
-0.502122,0.427321,-0.64884,0.988558,-0.524825,0.516732,-0.271582,1.38364
-0.524776,0.446011,-0.672712,1.00469,-0.548482,0.539238,-0.280247,1.39086
-0.548498,0.465498,-0.696541,1.02065,-0.573252,0.562689,-0.302764,1.40933
-0.569701,0.482838,-0.720319,1.03642,-0.595389,0.583546,-0.323549,1.42601
-0.592022,0.50101,-0.744039,1.052,-0.618691,0.605391,-0.340887,1.43964
-0.614598,0.519299,-0.767697,1.06737,-0.642256,0.627365,-0.363464,1.45698
-0.637065,0.537407,-0.784217,1.07801,-0.665705,0.649108,-0.375648,1.46615
-0.659812,0.555641,-0.814806,1.09748,-0.689442,0.670989,-0.393094,1.47905
-0.682112,0.573415,-0.831225,1.1078,-0.712711,0.692306,-0.415862,1.49548
-0.704424,0.591096,-0.861616,1.12665,-0.735989,0.713497,-0.42465,1.50169
-0.72697,0.608852,-0.8849,1.14086,-0.759508,0.734765,-0.445819,1.51638
-0.748707,0.625863,-0.908098,1.15482,-0.782181,0.755128,-0.468891,1.53193
-0.771574,0.643639,-0.924284,1.16444,-0.806029,0.776392,-0.472455,1.53429
-0.793134,0.660284,-0.954222,1.18194,-0.828511,0.796289,-0.499307,1.55174
-0.81547,0.677405,-0.977139,1.19509,-0.851799,0.816743,-0.517337,1.56313
-0.837844,0.694427,-0.999954,1.20795,-0.875125,0.837063,-0.535476,1.57432
-0.85956,0.71082,-1.02267,1.22051,-0.897761,0.85662,-0.553727,1.58532
-0.881102,0.726952,-1.04527,1.23278,-0.920212,0.875853,-0.562897,1.59076
-0.903577,0.743643,-1.06777,1.24475,-0.943634,0.895738,-0.586878,1.60468
-0.925722,0.759943,-1.09014,1.25641,-0.966708,0.915143,-0.609199,1.61728
-0.947322,0.775699,-1.1124,1.26777,-0.989212,0.933888,-0.624178,1.62555
-0.971845,0.79341,-1.13454,1.2788,-1.01476,0.954943,-0.646797,1.63778
-0.990514,0.806764,-1.15656,1.28951,-1.0342,0.970807,-0.665783,1.64781
-1.01191,0.821927,-1.17845,1.2999,-1.05649,0.988807,-0.681065,1.65573
-1.03346,0.837038,-1.20022,1.30993,-1.07892,1.00673,-0.704144,1.66745
-1.05555,0.85236,-1.22185,1.31963,-1.10192,1.0249,-0.729377,1.67992
-1.07653,0.866748,-1.24334,1.32901,-1.12376,1.04194,-0.739146,1.68465
-1.09785,0.881208,-1.26467,1.33811,-1.14596,1.05906,-0.762698,1.6959
-1.11885,0.895278,-1.28584,1.3469,-1.16782,1.07571,-0.782423,1.70517
-1.14034,0.909491,-1.30685,1.35537,-1.19018,1.09251,-0.80224,1.71435
-1.1607,0.922795,-1.32771,1.36351,-1.21138,1.10823,-0.818166,1.72163
-1.18256,0.936882,-1.34221,1.36903,-1.23412,1.12486,-0.842189,1.73242
-1.20343,0.950145,-1.36278,1.37663,-1.25583,1.1405,-0.862311,1.74132
-1.22468,0.96345,-1.373,1.38032,-1.27794,1.15619,-0.878475,1.74836
-1.24546,0.976271,-1.40539,1.39161,-1.29956,1.1713,-0.892664,1.75449
-1.26856,0.990287,-1.41542,1.39498,-1.32358,1.1878,-0.919108,1.76576
-1.28839,1.00212,-1.43931,1.40271,-1.34421,1.20172,-0.925228,1.76834
-1.30752,1.01335,-1.45901,1.40879,-1.3641,1.21493,-0.949798,1.77858
-1.32743,1.02486,-1.47853,1.41457,-1.38481,1.22845,-0.976561,1.7895
-1.34851,1.03682,-1.49015,1.41787,-1.40673,1.24249,-0.997234,1.7978
-1.36838,1.04788,-1.50937,1.42309,-1.42738,1.25546,-1.01176,1.80355
-1.38937,1.05933,-1.52842,1.42794,-1.4492,1.2689,-1.02842,1.81005
-1.40875,1.0697,-1.54165,1.4311,-1.46935,1.28105,-1.04934,1.81805
-1.42893,1.08026,-1.56599,1.43646,-1.49033,1.29342,-1.07674,1.82823
-1.4488,1.09045,-1.58451,1.44013,-1.51099,1.30535,-1.08734,1.83207
-1.46841,1.10027,-1.60285,1.44338,-1.53137,1.31683,-1.11291,1.84112
-1.48901,1.11033,-1.62102,1.44623,-1.55278,1.3286,-1.14083,1.85062
-1.50819,1.11948,-1.63362,1.44797,-1.57272,1.33928,-1.15597,1.85559
-1.5279,1.12862,-1.65679,1.45067,-1.5932,1.34997,-1.1777,1.86253
-1.54779,1.13761,-1.66914,1.45184,-1.61388,1.36045,-1.19957,1.86924
-1.56656,1.14585,-1.6918,1.45347,-1.63338,1.37006,-1.22821,1.87762
-1.58656,1.15436,-1.70901,1.45426,-1.65417,1.37999,-1.24372,1.88197
-1.60545,1.16216,-1.72093,1.45459,-1.67381,1.38907,-1.26597,1.88797
-1.62423,1.16965,-1.74279,1.45468,-1.69333,1.39779,-1.28384,1.89258
-1.64364,1.17713,-1.75936,1.45432,-1.7135,1.4065,-1.31079,1.89919
-1.66255,1.18415,-1.77572,1.45357,-1.73316,1.41466,-1.33335,1.9044
-1.68098,1.19073,-1.78705,1.45283,-1.75231,1.42231,-1.35147,1.90835
-1.69941,1.19705,-1.80303,1.45145,-1.77146,1.42965,-1.37874,1.91393
-1.71897,1.20346,-1.82348,1.44913,-1.7918,1.4371,-1.39698,1.91739
-1.73695,1.20908,-1.83895,1.44696,-1.81048,1.44362,-1.42442,1.92222
-1.75596,1.21474,-1.84964,1.44524,-1.83024,1.45017,-1.45422,1.92693
-1.77379,1.21976,-1.86471,1.44251,-1.84878,1.45599,-1.47029,1.92924
-1.79159,1.2245,-1.88396,1.43849,-1.86729,1.46148,-1.49326,1.93224
-1.80982,1.22906,-1.8985,1.43503,-1.88624,1.46676,-1.50475,1.93362
-1.82759,1.23322,-1.91281,1.43125,-1.90472,1.47157,-1.53923,1.9372
-1.84521,1.23705,-1.92688,1.42717,-1.92304,1.47599,-1.56908,1.93963
-1.86313,1.24064,-1.94073,1.42279,-1.94167,1.48014,-1.58514,1.94067
-1.88048,1.24382,-1.95436,1.41811,-1.95972,1.4838,-1.60806,1.94182
-1.89755,1.24666,-1.96777,1.41313,-1.97748,1.48707,-1.63777,1.94271
-1.91532,1.24929,-1.98096,1.40786,-1.99596,1.4901,-1.65373,1.94291
-1.93233,1.25151,-1.99006,1.40401,-2.01366,1.49264,-1.66511,1.94292
-1.94976,1.25346,-2.00923,1.39528,-2.03179,1.49487,-1.69459,1.94246
-1.96631,1.255,-2.01551,1.39223,-2.04902,1.49663,-1.72165,1.94139
-1.98282,1.25623,-2.03159,1.38398,-2.06619,1.49803,-1.74406,1.94002
-1.99969,1.25717,-2.04373,1.37732,-2.08376,1.49908,-1.77299,1.93759
-2.01619,1.25776,-2.05567,1.37039,-2.10093,1.49973,-1.79506,1.9352
-2.03327,1.25802,-2.06741,1.3632,-2.11872,1.5,-1.81695,1.93236
-2.04937,1.25794,-2.07895,1.35574,-2.13549,1.49987,-1.83865,1.92907
-2.065,1.25755,-2.0903,1.348,-2.15176,1.49937,-1.86013,1.92533
-2.08109,1.25681,-2.10152,1.33989,-2.16852,1.49848,-1.88139,1.92113
-2.09696,1.25575,-2.11272,1.33122,-2.18506,1.49721,-1.90244,1.91636
-2.11289,1.25434,-2.12402,1.32178,-2.20166,1.49553,-1.92334,1.91082
-2.12849,1.25261,-2.13554,1.31139,-2.21792,1.49348,-1.94412,1.90428
-2.1435,1.25061,-2.14734,1.29993,-2.23357,1.49112,-1.96484,1.89656
-2.15907,1.24819,-2.15928,1.28767,-2.2498,1.48827,-1.98549,1.88753
-2.17403,1.24552,-2.17121,1.27483,-2.2654,1.48513,-1.99985,1.88059
-2.18894,1.24252,-2.1831,1.26141,-2.28095,1.4816,-2.02616,1.86672
-2.20375,1.23918,-2.19497,1.24735,-2.29641,1.47767,-2.04607,1.85521
-2.21876,1.23543,-2.20321,1.2372,-2.31208,1.47327,-2.06569,1.84291
-2.23326,1.23145,-2.2183,1.21787,-2.32721,1.4686,-2.07921,1.83392
-2.24762,1.22714,-2.22969,1.20269,-2.34221,1.46355,-2.10383,1.81659
-2.26461,1.22158,-2.24087,1.18733,-2.35995,1.45703,-2.12229,1.80281
-2.27614,1.2175,-2.2518,1.17185,-2.372,1.45225,-2.1403,1.78873
-2.28973,1.21237,-2.25932,1.16097,-2.3862,1.44624,-2.15785,1.77442
-2.30361,1.20676,-2.27298,1.14068,-2.40071,1.43967,-2.16985,1.76428
-2.31744,1.2008,-2.28325,1.12502,-2.41516,1.43268,-2.19151,1.74523
-2.33116,1.19449,-2.29333,1.10934,-2.42951,1.42528,-2.20762,1.73039
-2.34487,1.18778,-2.30322,1.09364,-2.44385,1.41743,-2.22323,1.71541
-2.35726,1.18137,-2.31296,1.07793,-2.45683,1.40991,-2.23834,1.70031
-2.37075,1.174,-2.32256,1.06223,-2.47094,1.40128,-2.25295,1.68508
-2.38395,1.16638,-2.33204,1.04655,-2.48476,1.39234,-2.26707,1.66974
-2.39634,1.15884,-2.34143,1.03088,-2.49775,1.3835,-2.28068,1.65431
-2.4089,1.15081,-2.35076,1.01525,-2.5109,1.3741,-2.29378,1.63878
-2.42154,1.14233,-2.36003,0.999663,-2.52416,1.36414,-2.30638,1.62318
-2.43392,1.13361,-2.36928,0.984131,-2.53713,1.35392,-2.31848,1.6075
-2.44579,1.12486,-2.37854,0.96867,-2.54958,1.34365,-2.33007,1.59177
-2.45781,1.11559,-2.38781,0.953299,-2.56219,1.33277,-2.34116,1.576
-2.4697,1.106,-2.39714,0.938033,-2.57468,1.32151,-2.35174,1.5602
-2.48168,1.09591,-2.40371,0.927423,-2.58725,1.30967,-2.36184,1.5444
-2.49306,1.08591,-2.41603,0.907913,-2.5992,1.29791,-2.37144,1.5286
-2.50429,1.07562,-2.42283,0.897489,-2.611,1.28582,-2.38055,1.51282
-2.51536,1.06505,-2.43291,0.882648,-2.62264,1.2734,-2.38919,1.49698
-2.52633,1.05417,-2.44354,0.867822,-2.63417,1.2606,-2.39737,1.48096
-2.53729,1.04285,-2.45254,0.855918,-2.6457,1.24728,-2.40282,1.46956
-2.54787,1.03149,-2.46688,0.837881,-2.65683,1.23391,-2.41238,1.44778
-2.55878,1.01931,-2.47936,0.822689,-2.66832,1.21956,-2.41928,1.43027
-2.56907,1.00737,-2.48954,0.810446,-2.67915,1.2055,-2.42387,1.41763
-2.57881,0.995652,-2.50505,0.791994,-2.68941,1.19169,-2.43011,1.399
-2.58897,0.982972,-2.51545,0.77971,-2.70012,1.17673,-2.43768,1.37388
-2.59852,0.970608,-2.53109,0.761386,-2.71019,1.16215,-2.44309,1.35407
-2.60837,0.957386,-2.5442,0.746168,-2.72058,1.14654,-2.44814,1.3339
-2.61798,0.944017,-2.55471,0.734061,-2.73071,1.13075,-2.45287,1.31334
-2.62735,0.930483,-2.57033,0.716143,-2.74061,1.11476,-2.45599,1.29878
-2.6365,0.916807,-2.58314,0.701501,-2.75027,1.09859,-2.46134,1.2716
-2.64535,0.903095,-2.59569,0.687167,-2.75962,1.08237,-2.46399,1.25693
-2.65425,0.888807,-2.60795,0.673179,-2.76903,1.06546,-2.46847,1.22974
-2.66289,0.874452,-2.61397,0.666321,-2.77816,1.04846,-2.47154,1.20893
-2.67127,0.860017,-2.62923,0.648924,-2.78703,1.03136,-2.47211,1.20478
-2.67965,0.845079,-2.64284,0.633417,-2.79589,1.01365,-2.47671,1.16766
-2.68771,0.830203,-2.65707,0.617183,-2.80442,0.99601,-2.47885,1.14723
-2.6957,0.814909,-2.66766,0.605068,-2.81289,0.977861,-2.4807,1.12693
-2.70351,0.799444,-2.67489,0.596763,-2.82116,0.959499,-2.48228,1.10675
-2.71119,0.78368,-2.68496,0.585124,-2.8293,0.940772,-2.48362,1.08668
-2.71859,0.767938,-2.68989,0.579394,-2.83715,0.922059,-2.48474,1.06671
-2.72608,0.751437,-2.70237,0.564731,-2.84509,0.902433,-2.48566,1.04683
-2.73342,0.734638,-2.71346,0.551431,-2.85288,0.882442,-2.48639,1.02703
-2.74034,0.71821,-2.72062,0.54265,-2.86023,0.862881,-2.48696,1.0073
-2.74728,0.701106,-2.73102,0.529546,-2.8676,0.842503,-2.48728,0.993527
-2.75325,0.685873,-2.73935,0.518638,-2.87394,0.824344,-2.4877,0.968042
-2.75993,0.668203,-2.7458,0.509886,-2.88104,0.80327,-2.48789,0.948523
-2.76629,0.650707,-2.7551,0.496656,-2.8878,0.782392,-2.48798,0.929085
-2.77209,0.634134,-2.76464,0.482095,-2.89397,0.762603,-2.48799,0.909738
-2.77774,0.617356,-2.76816,0.476409,-2.89999,0.74256,-2.48792,0.890493
-2.78353,0.599515,-2.77818,0.458993,-2.90614,0.721236,-2.48778,0.871363
-2.7889,0.582302,-2.78439,0.44703,-2.91186,0.700651,-2.48758,0.852367
-2.79454,0.563416,-2.7902,0.434743,-2.91788,0.678054,-2.48731,0.833524
-2.79983,0.54498,-2.79296,0.428467,-2.9235,0.655985,-2.48698,0.814857
-2.80443,0.528216,-2.79863,0.414326,-2.92841,0.635906,-2.48657,0.796389
-2.8092,0.510134,-2.80332,0.401042,-2.9335,0.614239,-2.48629,0.785413
-2.81379,0.491959,-2.80752,0.387322,-2.93839,0.592451,-2.48576,0.767309
-2.81823,0.47351,-2.81123,0.373145,-2.94313,0.570323,-2.48514,0.74946
-2.82261,0.454457,-2.81352,0.362936,-2.94781,0.54746,-2.48465,0.737129
-2.82662,0.436165,-2.81633,0.347937,-2.95209,0.525501,-2.48402,0.723206
-2.8305,0.417536,-2.81859,0.332451,-2.95623,0.503129,-2.48294,0.702676
-2.83434,0.398137,-2.82068,0.311593,-2.96033,0.479821,-2.48192,0.685904
-2.83779,0.37972,-2.82163,0.295003,-2.96402,0.457684,-2.48078,0.669447
-2.84142,0.359191,-2.82199,0.277959,-2.9679,0.433,-2.47911,0.64853
-2.84446,0.340951,-2.82176,0.26049,-2.97115,0.41106,-2.47769,0.632805
-2.84741,0.322206,-2.82096,0.242628,-2.9743,0.388504,-2.47615,0.617395
-2.85027,0.302769,-2.82006,0.229907,-2.97736,0.365108,-2.47501,0.606792
-2.85291,0.283528,-2.81808,0.209585,-2.98019,0.34194,-2.47329,0.591901
-2.85542,0.263901,-2.81569,0.190795,-2.98287,0.318301,-2.47128,0.575858
-2.85772,0.244421,-2.81275,0.171738,-2.98533,0.294832,-2.46936,0.561566
-2.8599,0.224341,-2.80926,0.152442,-2.98767,0.270635,-2.46734,0.547539
-2.86184,0.204771,-2.80523,0.132936,-2.98974,0.247045,-2.46525,0.533759
-2.86359,0.185261,-2.80068,0.113251,-2.99161,0.223523,-2.46307,0.520209
-2.8652,0.165238,-2.79561,0.0934165,-2.99334,0.199378,-2.46082,0.506875
-2.86657,0.14606,-2.79004,0.0734607,-2.9948,0.176247,-2.4585,0.493741
-2.86779,0.126286,-2.78397,0.0534109,-2.99612,0.152394,-2.45613,0.480793
-2.86889,0.105607,-2.77742,0.0332935,-2.99729,0.127446,-2.4537,0.468013
-2.8697,0.0870643,-2.7704,0.0131352,-2.99816,0.105072,-2.45122,0.455385
-2.87043,0.066138,-2.76292,-0.00703823,-2.99894,0.0798196,-2.44869,0.442892
-2.87092,0.047141,-2.75498,-0.0272008,-2.99946,0.0568939,-2.44611,0.430521
-2.87125,0.0271529,-2.74661,-0.0473277,-2.99982,0.032771,-2.44348,0.418259
-2.87141,0.0073411,-2.7378,-0.0673938,-2.99999,0.00886007,-2.4408,0.406091
-2.87138,-0.0129986,-2.72858,-0.0873778,-2.99996,-0.0156881,-2.43806,0.394008
-2.87117,-0.0332994,-2.71893,-0.107261,-2.99973,-0.0401891,-2.43526,0.381997
-2.8708,-0.0521878,-2.70889,-0.127023,-2.99934,-0.0629846,-2.43239,0.370043
-2.87024,-0.0721116,-2.69845,-0.146643,-2.99874,-0.0870283,-2.42945,0.358139
-2.8695,-0.0920628,-2.68763,-0.166103,-2.99794,-0.111103,-2.42642,0.346275
-2.86857,-0.11207,-2.67644,-0.185387,-2.99694,-0.135243,-2.42331,0.334445
-2.86747,-0.131798,-2.66488,-0.204479,-2.99577,-0.159044,-2.4201,0.322642
-2.86623,-0.15098,-2.65296,-0.223364,-2.99444,-0.182181,-2.41678,0.310859
-2.86476,-0.170981,-2.64069,-0.242028,-2.99286,-0.206303,-2.41334,0.299092
-2.86315,-0.190344,-2.62809,-0.260458,-2.99114,-0.229652,-2.40978,0.28734
-2.86127,-0.210707,-2.61515,-0.278646,-2.98913,-0.254201,-2.40607,0.275597
-2.85931,-0.229993,-2.6019,-0.296581,-2.98703,-0.277446,-2.40222,0.26386
-2.85715,-0.249448,-2.58834,-0.314254,-2.98472,-0.300889,-2.39821,0.252126
-2.85474,-0.269397,-2.57448,-0.331658,-2.98214,-0.324921,-2.39403,0.240394
-2.85224,-0.288552,-2.56034,-0.348793,-2.97947,-0.34799,-2.38968,0.22866
-2.84954,-0.307853,-2.54593,-0.365656,-2.97658,-0.371228,-2.38515,0.216916
-2.84665,-0.327169,-2.53126,-0.382247,-2.97348,-0.394476,-2.38042,0.205156
-2.8436,-0.34626,-2.51635,-0.398568,-2.97022,-0.417447,-2.37549,0.193375
-2.84027,-0.365863,-2.49664,-0.419383,-2.96667,-0.441023,-2.37035,0.181564
-2.83676,-0.385344,-2.48897,-0.427267,-2.96291,-0.464445,-2.36334,0.166157
-2.83329,-0.403532,-2.46881,-0.447452,-2.95921,-0.486304,-2.36054,0.160214
-2.82955,-0.422191,-2.45784,-0.458133,-2.95522,-0.50872,-2.35299,0.144714
-2.82555,-0.441145,-2.44205,-0.473167,-2.95094,-0.53148,-2.34875,0.136336
-2.82142,-0.459768,-2.42616,-0.487942,-2.94653,-0.553835,-2.3425,0.124327
-2.81697,-0.478825,-2.41018,-0.502463,-2.94179,-0.576699,-2.33599,0.112264
-2.81259,-0.496799,-2.39416,-0.51673,-2.93711,-0.598254,-2.32922,0.100144
-2.80782,-0.515453,-2.37811,-0.530749,-2.93203,-0.620614,-2.32219,0.0879695
-2.80313,-0.533019,-2.36208,-0.544524,-2.92703,-0.64166,-2.31487,0.0757418
-2.79815,-0.550934,-2.3461,-0.558063,-2.92171,-0.663113,-2.30728,0.063462
-2.79284,-0.569193,-2.33021,-0.571375,-2.91606,-0.684968,-2.29939,0.0511306
-2.78753,-0.586749,-2.31446,-0.58447,-2.9104,-0.705971,-2.2912,0.0387477
-2.78171,-0.605205,-2.29888,-0.597356,-2.90421,-0.728038,-2.2827,0.026316
-2.77614,-0.622161,-2.28353,-0.610044,-2.89828,-0.748301,-2.2739,0.0138389
-2.77026,-0.639412,-2.26845,-0.622545,-2.89203,-0.768906,-2.26479,0.00132205
-2.76416,-0.656645,-2.25367,-0.634872,-2.88553,-0.789478,-2.25537,-0.0112302
-2.75779,-0.673939,-2.23922,-0.647038,-2.87876,-0.810112,-2.24562,-0.0238124
-2.75109,-0.691456,-2.2279,-0.65667,-2.87164,-0.831001,-2.23555,-0.0364218
-2.74423,-0.7087,-2.21136,-0.67097,-2.86436,-0.851552,-2.22726,-0.0465322
-2.73443,-0.732266,-2.19796,-0.682772,-2.85396,-0.879618,-2.21443,-0.0617422
-2.72948,-0.743726,-2.18492,-0.694485,-2.8487,-0.893258,-2.20339,-0.0744648
-2.72228,-0.759882,-2.17221,-0.706124,-2.84106,-0.912479,-2.19201,-0.0872392
-2.71579,-0.773957,-2.15983,-0.717696,-2.83418,-0.929215,-2.18031,-0.100072
-2.70893,-0.788381,-2.14774,-0.729206,-2.8269,-0.946357,-2.16828,-0.112969
-2.70078,-0.80492,-2.13592,-0.740652,-2.81826,-0.966002,-2.15592,-0.125933
-2.69354,-0.819098,-2.12434,-0.752033,-2.8106,-0.982834,-2.14324,-0.138965
-2.68569,-0.833969,-2.11297,-0.763344,-2.80229,-1.00048,-2.13025,-0.152066
-2.67728,-0.849351,-2.10177,-0.774577,-2.79339,-1.01872,-2.11694,-0.165237
-2.66811,-0.865524,-2.09071,-0.785723,-2.78368,-1.03789,-2.10331,-0.178477
-2.65984,-0.879568,-2.07977,-0.796771,-2.77494,-1.05452,-2.08939,-0.191784
-2.65126,-0.89367,-2.06891,-0.807708,-2.76586,-1.07122,-2.07516,-0.205157
-2.64285,-0.907019,-2.06026,-0.816366,-2.75697,-1.08701,-2.06065,-0.21859
-2.63377,-0.92093,-2.05055,-0.825995,-2.74739,-1.10346,-2.04882,-0.229373
-2.62496,-0.933985,-2.03976,-0.83654,-2.73808,-1.1189,-2.0353,-0.241538
-2.61448,-0.948942,-2.02893,-0.846902,-2.72702,-1.13657,-2.02002,-0.255084
-2.60581,-0.960879,-2.01805,-0.857062,-2.71787,-1.15066,-2.00446,-0.268648
-2.59591,-0.974029,-2.00709,-0.867005,-2.70744,-1.16618,-1.98863,-0.282221
-2.586,-0.98673,-1.99936,-0.873827,-2.69699,-1.18116,-1.97254,-0.295792
-2.57624,-0.998788,-1.98597,-0.885238,-2.6867,-1.19538,-1.96113,-0.305286
-2.56572,-1.01131,-1.97806,-0.891719,-2.67562,-1.21014,-1.94128,-0.321536
-2.55553,-1.02299,-1.96318,-0.903389,-2.66489,-1.22391,-1.92448,-0.33504
-2.54507,-1.03454,-1.95154,-0.912023,-2.65388,-1.2375,-1.90745,-0.348496
-2.53423,-1.04605,-1.9397,-0.92034,-2.64248,-1.25105,-1.89019,-0.361893
-2.52323,-1.05729,-1.92766,-0.928324,-2.63091,-1.26427,-1.87271,-0.375215
-2.51223,-1.06809,-1.9154,-0.935955,-2.61934,-1.27697,-1.85502,-0.388448
-2.50121,-1.07848,-1.9029,-0.943217,-2.60776,-1.28919,-1.83713,-0.401574
-2.48961,-1.08898,-1.89016,-0.950091,-2.59557,-1.30153,-1.81903,-0.414576
-2.47796,-1.09909,-1.87715,-0.956563,-2.58334,-1.3134,-1.80073,-0.427439
-2.4666,-1.10854,-1.86387,-0.962619,-2.57142,-1.3245,-1.78781,-0.436353
-2.45343,-1.11901,-1.85441,-0.966604,-2.55759,-1.33679,-1.76355,-0.452691
-2.44151,-1.12806,-1.83648,-0.97343,-2.54509,-1.34741,-1.75036,-0.461365
-2.42958,-1.13671,-1.81948,-0.97905,-2.53258,-1.35756,-1.72562,-0.477226
-2.41843,-1.14445,-1.79762,-0.985122,-2.52089,-1.36664,-1.70251,-0.491566
-2.40549,-1.15303,-1.79018,-0.986904,-2.50733,-1.3767,-1.67327,-0.509055
-2.39086,-1.16222,-1.77507,-0.9901,-2.492,-1.38747,-1.66344,-0.514772
-2.38024,-1.16856,-1.76739,-0.99151,-2.48088,-1.3949,-1.64762,-0.5238
-2.36591,-1.17669,-1.74706,-0.994576,-2.46588,-1.40443,-1.6337,-0.531577
-2.35396,-1.18311,-1.73106,-0.996328,-2.45337,-1.41196,-1.60762,-0.545703
-2.34099,-1.18972,-1.71475,-0.997538,-2.43979,-1.4197,-1.58738,-0.556271
-2.32747,-1.19622,-1.69811,-0.998191,-2.42566,-1.42731,-1.56698,-0.566572
-2.31363,-1.20248,-1.68116,-0.998273,-2.41118,-1.43465,-1.54643,-0.576599
-2.30029,-1.20814,-1.66389,-0.99777,-2.39723,-1.44128,-1.52573,-0.586344
-2.28621,-1.21373,-1.65162,-0.997064,-2.38252,-1.44784,-1.50488,-0.595803
-2.27273,-1.21873,-1.63383,-0.995541,-2.36843,-1.4537,-1.48388,-0.604974
-2.258,-1.22381,-1.61026,-0.992641,-2.35304,-1.45964,-1.4691,-0.611222
-2.24364,-1.22837,-1.59181,-0.989692,-2.33805,-1.465,-1.44147,-0.622447
-2.22941,-1.23254,-1.57309,-0.986107,-2.32319,-1.46988,-1.42006,-0.630742
-2.21466,-1.23649,-1.55984,-0.983214,-2.3078,-1.47452,-1.39852,-0.63874
-2.20004,-1.24005,-1.53492,-0.976989,-2.29254,-1.4787,-1.38337,-0.644164
-2.18487,-1.24337,-1.5155,-0.97144,-2.27671,-1.4826,-1.35507,-0.653864
-2.16795,-1.24665,-1.5018,-0.967159,-2.25906,-1.48646,-1.33319,-0.661003
-2.14718,-1.25007,-1.47612,-0.958338,-2.2374,-1.49049,-1.31782,-0.665836
-2.12588,-1.25292,-1.46219,-0.953121,-2.2152,-1.49385,-1.28916,-0.674458
-2.11497,-1.25413,-1.43615,-0.942573,-2.20383,-1.49528,-1.27368,-0.678914
-2.10287,-1.25527,-1.416,-0.93371,-2.19122,-1.49663,-1.24486,-0.686849
-2.09198,-1.25612,-1.39577,-0.924209,-2.17987,-1.49765,-1.22263,-0.692655
-2.07683,-1.25704,-1.37549,-0.914088,-2.16408,-1.49876,-1.20037,-0.698204
-2.06055,-1.25769,-1.35517,-0.903371,-2.14712,-1.49955,-1.1781,-0.703496
-2.04354,-1.25801,-1.33484,-0.892083,-2.12941,-1.49996,-1.15582,-0.708529
-2.02726,-1.25797,-1.32063,-0.883858,-2.11246,-1.49995,-1.13355,-0.713298
-2.01123,-1.25761,-1.29427,-0.867922,-2.09577,-1.49957,-1.11797,-0.716475
-1.99537,-1.25696,-1.27407,-0.855125,-2.07926,-1.49884,-1.08909,-0.722012
-1.97843,-1.25593,-1.25999,-0.845914,-2.06162,-1.49769,-1.06692,-0.725936
-1.96185,-1.25461,-1.23396,-0.828312,-2.04437,-1.49619,-1.05143,-0.7285
-1.94474,-1.25293,-1.2141,-0.814395,-2.02657,-1.49427,-1.02276,-0.732837
-1.92745,-1.2509,-1.19439,-0.800213,-2.00857,-1.49195,-1.00078,-0.735781
-1.91042,-1.2486,-1.17486,-0.785827,-1.99086,-1.4893,-0.978881,-0.738364
-1.89284,-1.2459,-1.15552,-0.771296,-1.97257,-1.4862,-0.957069,-0.740568
-1.87536,-1.24291,-1.1364,-0.756687,-1.95439,-1.48276,-0.935343,-0.742373
-1.85774,-1.23959,-1.12315,-0.746449,-1.93607,-1.47893,-0.913704,-0.743758
-1.84037,-1.23602,-1.09886,-0.7275,-1.91801,-1.47481,-0.89861,-0.74447
-1.82181,-1.23189,-1.08046,-0.713049,-1.8987,-1.47004,-0.870688,-0.745204
-1.80392,-1.22761,-1.06231,-0.698768,-1.8801,-1.46509,-0.855713,-0.745273
-1.78657,-1.22319,-1.04438,-0.684707,-1.86207,-1.45997,-0.834384,-0.744964
-1.76828,-1.21824,-1.02667,-0.670907,-1.84305,-1.45423,-0.806758,-0.743828
-1.75018,-1.21305,-1.00916,-0.657404,-1.82423,-1.44822,-0.785575,-0.742379
-1.73167,-1.20746,-0.991824,-0.64422,-1.805,-1.44174,-0.770778,-0.741064
-1.71321,-1.20161,-0.974624,-0.63137,-1.78581,-1.43494,-0.743356,-0.737961
-1.69454,-1.19541,-0.957529,-0.618862,-1.7664,-1.42774,-0.722302,-0.734989
-1.67559,-1.18883,-0.940506,-0.606693,-1.7467,-1.42011,-0.701273,-0.731508
-1.65295,-1.18062,-0.928613,-0.598372,-1.72318,-1.41056,-0.680256,-0.727519
-1.63766,-1.17486,-0.911633,-0.58676,-1.70729,-1.40385,-0.665547,-0.724423
-1.61897,-1.16757,-0.889536,-0.572135,-1.68785,-1.39538,-0.644531,-0.719569
-1.60032,-1.16006,-0.872488,-0.561231,-1.66848,-1.38663,-0.6172,-0.712508
-1.58075,-1.15192,-0.855369,-0.55061,-1.64813,-1.37714,-0.596164,-0.706504
-1.56096,-1.14341,-0.83816,-0.540256,-1.62756,-1.36722,-0.575114,-0.700007
-1.54206,-1.13505,-0.820842,-0.530145,-1.60792,-1.35746,-0.55405,-0.693022
-1.52249,-1.12614,-0.803396,-0.520254,-1.58758,-1.34706,-0.532972,-0.685553
-1.50282,-1.11694,-0.785806,-0.510559,-1.56714,-1.33632,-0.511877,-0.677606
-1.48178,-1.10683,-0.768058,-0.501034,-1.54527,-1.32451,-0.490768,-0.669182
-1.4632,-1.09768,-0.750141,-0.491653,-1.52596,-1.31381,-0.469646,-0.660287
-1.44327,-1.08764,-0.739307,-0.486082,-1.50524,-1.30205,-0.448517,-0.650923
-1.42353,-1.07746,-0.721104,-0.476874,-1.48472,-1.29014,-0.435838,-0.64508
-1.40308,-1.06668,-0.70456,-0.468646,-1.46346,-1.27752,-0.41471,-0.63497
-1.3832,-1.05599,-0.691585,-0.462268,-1.44279,-1.26498,-0.395699,-0.625477
-1.36012,-1.0433,-0.667231,-0.45044,-1.4188,-1.2501,-0.374586,-0.614492
-1.33986,-1.03193,-0.652077,-0.44315,-1.39773,-1.23675,-0.359814,-0.606531
-1.32127,-1.02132,-0.632955,-0.433999,-1.3784,-1.22429,-0.336623,-0.59357
-1.30116,-1.00964,-0.613638,-0.424783,-1.35749,-1.21056,-0.315571,-0.581313
-1.28092,-0.997688,-0.594131,-0.415476,-1.33644,-1.1965,-0.294555,-0.56861
-1.25994,-0.985087,-0.574438,-0.406056,-1.31462,-1.18168,-0.273585,-0.555465
-1.23912,-0.97238,-0.554568,-0.396499,-1.29296,-1.16671,-0.252669,-0.541881
-1.21876,-0.959765,-0.534529,-0.386787,-1.27178,-1.15185,-0.231813,-0.527862
-1.19785,-0.946617,-0.514332,-0.3769,-1.25003,-1.13634,-0.211026,-0.513413
-1.17659,-0.933052,-0.493987,-0.366821,-1.2279,-1.12034,-0.190317,-0.498537
-1.15524,-0.919242,-0.473507,-0.356535,-1.20569,-1.10403,-0.169693,-0.483241
-1.13476,-0.905821,-0.452904,-0.346029,-1.18438,-1.08817,-0.14916,-0.467531
-1.11185,-0.890603,-0.432188,-0.33529,-1.16053,-1.07018,-0.128725,-0.451414
-1.09222,-0.877405,-0.41137,-0.32431,-1.1401,-1.05456,-0.108392,-0.434898
-1.07034,-0.862522,-0.39465,-0.315344,-1.11732,-1.03694,-0.0881635,-0.41799
-1.0475,-0.846796,-0.369472,-0.301583,-1.09354,-1.0183,-0.0720579,-0.404185
-1.02757,-0.832923,-0.348414,-0.289824,-1.07279,-1.00185,-0.0480306,-0.383022
-1.00569,-0.817536,-0.327297,-0.277794,-1.05001,-0.983596,-0.0281313,-0.364977
-0.984506,-0.802479,-0.306131,-0.26549,-1.02795,-0.965717,-0.00834655,-0.346569
-0.96104,-0.785631,-0.284923,-0.252912,-1.0035,-0.945697,0.0113238,-0.327804
-0.940438,-0.770693,-0.26368,-0.24006,-0.98204,-0.927934,0.0308816,-0.308693
-0.919226,-0.755176,-0.242409,-0.226935,-0.959939,-0.90947,0.0503293,-0.289245
-0.897317,-0.739008,-0.221115,-0.21354,-0.93711,-0.890218,0.0696689,-0.269466
-0.875471,-0.722747,-0.199807,-0.199876,-0.914344,-0.870842,0.088901,-0.249366
-0.85362,-0.706348,-0.178492,-0.185945,-0.891569,-0.851287,0.108026,-0.228952
-0.831864,-0.689891,-0.157174,-0.171753,-0.868891,-0.831649,0.127046,-0.20823
-0.809728,-0.673016,-0.135862,-0.157307,-0.845814,-0.811501,0.14596,-0.187211
-0.787571,-0.656,-0.114562,-0.142615,-0.82271,-0.791169,0.164769,-0.165905
-0.764794,-0.638382,-0.0932805,-0.127686,-0.798959,-0.770104,0.183471,-0.144323
-0.742712,-0.621182,-0.0720205,-0.112527,-0.775928,-0.749526,0.202067,-0.122476
-0.720408,-0.603696,-0.0507855,-0.0971502,-0.752664,-0.72859,0.220559,-0.100374
-0.698622,-0.586508,-0.029579,-0.0815647,-0.729936,-0.708,0.238948,-0.0780288
-0.676207,-0.568718,-0.00840369,-0.0657795,-0.70655,-0.686675,0.257237,-0.0554529
-0.65394,-0.550943,0.0127376,-0.0498042,-0.683314,-0.665353,0.275427,-0.032656
-0.629256,-0.531124,0.0338438,-0.0336483,-0.657555,-0.641565,0.293519,-0.00964875
-0.608685,-0.514518,0.0549132,-0.0173237,-0.636084,-0.621621,0.311516,0.0135582
-0.586323,-0.496379,0.0759436,-0.000841694,-0.612742,-0.599825,0.329421,0.036952
-0.563024,-0.477386,0.0969352,0.0157889,-0.588418,-0.576989,0.347234,0.0605202
-0.541244,-0.459549,0.117889,0.03256,-0.565678,-0.55553,0.364958,0.0842529
-0.518679,-0.440989,0.138804,0.0494645,-0.542115,-0.533191,0.382597,0.108141
-0.49609,-0.42233,0.159683,0.0664944,-0.518525,-0.510721,0.400154,0.132176
-0.474004,-0.404016,0.172191,0.0767695,-0.495458,-0.488654,0.417632,0.156348
-0.451158,-0.385,0.193007,0.0939847,-0.471594,-0.465731,0.428081,0.170914
-0.426541,-0.364434,0.213785,0.111306,-0.44588,-0.440927,0.445435,0.195287
-0.40552,-0.346812,0.234531,0.128728,-0.423918,-0.419664,0.462715,0.219774
-0.382951,-0.327835,0.255246,0.146243,-0.400337,-0.396757,0.479927,0.244365
-0.359824,-0.30833,0.275935,0.163848,-0.376171,-0.373202,0.497074,0.269052
-0.337446,-0.289404,0.296597,0.181537,-0.352786,-0.350338,0.514162,0.293829
-0.314938,-0.27032,0.317234,0.1993,-0.329264,-0.327274,0.531193,0.318685
-0.291617,-0.250497,0.337845,0.217131,-0.304889,-0.303311,0.548169,0.343612
-0.269259,-0.231451,0.358429,0.235021,-0.28152,-0.280278,0.565092,0.368598
-0.245786,-0.211414,0.378987,0.252963,-0.256983,-0.256039,0.581961,0.393632
-0.223333,-0.192212,0.399519,0.27095,-0.233512,-0.232803,0.59878,0.418705
-0.20016,-0.17236,0.420028,0.288975,-0.209286,-0.208776,0.610525,0.436275
-0.177312,-0.152757,0.440514,0.30703,-0.185399,-0.185045,0.63228,0.468929
-0.15436,-0.133039,0.46098,0.32511,-0.161403,-0.161169,0.648968,0.49406
-0.131515,-0.11339,0.481427,0.343206,-0.137517,-0.137373,0.665621,0.51919
-0.108629,-0.0936852,0.501854,0.361312,-0.113587,-0.113506,0.682241,0.544311
-0.0852384,-0.0735308,0.516143,0.373988,-0.0891301,-0.0890908,0.698831,0.569411
-0.0621142,-0.0535926,0.542657,0.397525,-0.0649505,-0.0649353,0.71043,0.586965
-0.0392631,-0.0338808,0.563034,0.41562,-0.0410562,-0.0410524,0.73194,0.619514
-0.0170925,-0.0147504,0.583399,0.433701,-0.0178731,-0.0178728,0.748465,0.6445
0.00601698,0.00519258,0.603749,0.451761,0.00629178,0.00629177,0.764977,0.66943
0.0296747,0.0256077,0.624083,0.469792,0.0310299,0.0310282,0.781478,0.694297
0.0541147,0.0466929,0.644399,0.487788,0.0565858,0.0565758,0.797968,0.719089
0.0756344,0.0652514,0.664702,0.505743,0.0790878,0.0790604,0.814452,0.743797
0.0982404,0.084736,0.684993,0.523653,0.102725,0.102665,0.830935,0.768415
0.121491,0.104761,0.705276,0.541515,0.127036,0.126922,0.847424,0.792934
0.144017,0.124145,0.725548,0.55932,0.150588,0.150399,0.863923,0.81735
0.167534,0.14436,0.74581,0.577063,0.175177,0.174878,0.880436,0.841652
0.190443,0.164027,0.764037,0.592973,0.199128,0.198689,0.896965,0.86583
0.212909,0.183285,0.784279,0.610579,0.222614,0.222,0.911859,0.887479
0.235781,0.202862,0.804508,0.628099,0.246525,0.245691,0.928432,0.911401
0.260011,0.223562,0.824723,0.645526,0.271853,0.270735,0.94503,0.93517
0.281879,0.242206,0.838864,0.657666,0.29471,0.293285,0.961658,0.958777
0.304619,0.261554,0.865104,0.680073,0.318479,0.316679,0.973317,0.975201
0.326887,0.280456,0.885265,0.697176,0.341751,0.339526,0.995013,1.00547
0.349838,0.299891,0.905402,0.714153,0.365736,0.363008,1.01174,1.02853
0.372282,0.318844,0.925514,0.730997,0.389189,0.385901,1.02851,1.05139
0.395878,0.338712,0.945602,0.747704,0.413844,0.409887,1.04532,1.07404
0.418113,0.357375,0.965665,0.764265,0.437074,0.43241,1.06217,1.09647
0.440621,0.376207,0.985702,0.780675,0.460588,0.455128,1.07908,1.11868
0.463113,0.39496,1.00571,0.796931,0.484082,0.477738,1.09604,1.14065
0.485788,0.413797,1.0257,0.81303,0.507766,0.50044,1.11305,1.16238
0.510336,0.434106,1.04566,0.828968,0.533403,0.524904,1.13013,1.18386
0.531168,0.451271,1.06559,0.844742,0.555156,0.545568,1.14728,1.2051
0.554136,0.470116,1.0855,0.860349,0.579138,0.568244,1.16449,1.22609
0.577073,0.488849,1.10537,0.87578,0.603085,0.590773,1.18179,1.24682
0.598764,0.506481,1.12522,0.891031,0.625728,0.611966,1.19916,1.26728
0.621436,0.52482,1.14503,0.906098,0.649392,0.633996,1.21661,1.28748
0.644292,0.543211,1.15888,0.916533,0.673246,0.656074,1.23414,1.30739
0.666064,0.560634,1.18455,0.93566,0.695966,0.676979,1.24646,1.32117
0.689136,0.578993,1.20424,0.950144,0.72004,0.698993,1.26944,1.34638
0.710831,0.596153,1.22389,0.964424,0.742673,0.719556,1.28722,1.36544
0.734938,0.6151,1.2435,0.978497,0.76782,0.742246,1.30509,1.3842
0.756697,0.632088,1.25719,0.988221,0.790514,0.762576,1.32303,1.40266
0.777643,0.648336,1.28255,1.006,0.812358,0.782008,1.33565,1.41541
0.800129,0.66566,1.30201,1.01941,0.835805,0.802713,1.35919,1.43866
0.82177,0.682212,1.3214,1.03261,0.858368,0.822482,1.37193,1.45096
0.843806,0.69894,1.34075,1.04558,0.88134,0.842449,1.3957,1.4734
0.865808,0.715512,1.36004,1.05831,0.904273,0.862216,1.41409,1.49029
0.889742,0.733386,1.37927,1.07081,0.929217,0.88352,1.43257,1.50685
0.909818,0.748251,1.3927,1.07942,0.950137,0.901226,1.45114,1.52309
0.931432,0.764122,1.41756,1.09509,0.972657,0.920116,1.4642,1.53425
0.953801,0.780397,1.4309,1.10335,0.995962,0.939475,1.48856,1.55455
0.974695,0.795457,1.4556,1.11838,1.01773,0.957374,1.50175,1.56524
0.997076,0.81143,1.47452,1.12964,1.04104,0.976347,1.52634,1.58465
1.01861,0.826644,1.49338,1.14064,1.06347,0.994406,1.54537,1.59917
1.03987,0.841505,1.51218,1.15139,1.0856,1.01203,1.56449,1.61335
1.06229,0.857005,1.53093,1.16188,1.10895,1.0304,1.58369,1.62717
1.08242,0.870763,1.54961,1.17211,1.1299,1.0467,1.60299,1.64064
1.10367,0.885125,1.56823,1.18207,1.15202,1.0637,1.62239,1.65375
1.12497,0.899344,1.58679,1.19177,1.17419,1.08052,1.64187,1.6665
1.1466,0.913599,1.60528,1.2012,1.1967,1.09736,1.66145,1.67889
1.16844,0.927807,1.62371,1.21036,1.21943,1.11415,1.68111,1.69091
1.18936,0.941226,1.64207,1.21924,1.2412,1.12998,1.70086,1.70257
1.20937,0.953887,1.66037,1.22785,1.26202,1.14492,1.72069,1.71386
1.2304,0.966998,1.67859,1.23617,1.28389,1.16037,1.73462,1.72154
1.25122,0.979792,1.69675,1.24421,1.30555,1.17544,1.76059,1.7353
1.27442,0.993802,1.71483,1.25196,1.32967,1.19193,1.78066,1.74545
1.29274,1.00469,1.72384,1.25573,1.34874,1.20475,1.80079,1.75522
1.31431,1.0173,1.74718,1.26519,1.37116,1.21956,1.81089,1.75996
1.33393,1.02857,1.75969,1.27008,1.39157,1.2328,1.82707,1.76734
1.35392,1.03985,1.7775,1.2768,1.41235,1.24604,1.85142,1.77794
1.37441,1.05119,1.79521,1.28322,1.43365,1.25935,1.87177,1.78634
1.3959,1.06285,1.81285,1.28934,1.45599,1.27302,1.89216,1.79433
1.41458,1.07277,1.82689,1.29402,1.47542,1.28465,1.91261,1.80193
1.43479,1.08329,1.84785,1.30065,1.49643,1.29697,1.92899,1.80772
1.45463,1.09339,1.86522,1.30583,1.51704,1.30878,1.95361,1.8159
1.47687,1.10443,1.88249,1.31069,1.54016,1.3217,1.97416,1.82227
1.49474,1.11309,1.89966,1.31523,1.55874,1.33182,1.99474,1.82821
1.5145,1.12243,1.91674,1.31944,1.57928,1.34274,2.01533,1.83374
1.53364,1.13124,1.93371,1.32332,1.59917,1.35302,2.03593,1.83884
1.55319,1.14,1.95058,1.32687,1.61949,1.36324,2.05654,1.84351
1.57281,1.14854,1.96735,1.3301,1.63988,1.3732,2.07715,1.84775
1.59213,1.15669,1.98401,1.33299,1.65997,1.3827,2.09775,1.85157
1.61124,1.16449,2.00056,1.33556,1.67983,1.39179,2.11834,1.85496
1.63167,1.17255,2.01701,1.33779,1.70106,1.40117,2.13891,1.85793
1.64893,1.17912,2.03335,1.3397,1.719,1.40882,2.15946,1.86047
1.6734,1.18805,2.04958,1.34127,1.74443,1.4192,2.17997,1.86258
1.6872,1.19289,2.0657,1.34251,1.75877,1.42483,2.20045,1.86426
1.71258,1.2014,2.08171,1.34342,1.78516,1.43471,2.22089,1.86552
1.72398,1.20506,2.0976,1.34399,1.797,1.43895,2.24127,1.86636
1.74217,1.21067,2.11339,1.34424,1.81592,1.44546,2.2616,1.86677
1.76053,1.21605,2.12906,1.34415,1.835,1.4517,2.28187,1.86676
1.77862,1.22107,2.14461,1.34373,1.8538,1.45751,2.30207,1.86633
1.79689,1.22585,2.16005,1.34299,1.8728,1.46305,2.32219,1.86548
1.81585,1.2305,2.17536,1.34191,1.89251,1.46843,2.34223,1.86422
1.83275,1.23437,2.18752,1.34081,1.91008,1.47289,2.36217,1.86254
1.85064,1.23817,2.20562,1.33877,1.92869,1.47729,2.37805,1.86091
1.86811,1.24158,2.22056,1.33671,1.94685,1.48122,2.40173,1.85797
1.88558,1.2447,2.23537,1.33433,1.96502,1.48481,2.42135,1.85508
1.90284,1.24748,2.25006,1.33162,1.98298,1.48801,2.44084,1.85179
1.92007,1.24994,2.26461,1.32859,2.00091,1.49085,2.46019,1.8481
1.9372,1.25209,2.27904,1.32524,2.01873,1.4933,2.47942,1.84403
1.95459,1.25394,2.29333,1.32157,2.03681,1.49542,2.49849,1.83957
1.97135,1.25541,2.30749,1.31757,2.05426,1.49709,2.51742,1.83472
1.98823,1.25657,2.32152,1.31326,2.07182,1.4984,2.53619,1.8295
2.00472,1.25738,2.33542,1.30863,2.08899,1.49931,2.5548,1.8239
2.02146,1.25788,2.34919,1.30369,2.10642,1.49985,2.57324,1.81794
2.03936,1.25803,2.36282,1.29844,2.12506,1.49999,2.5915,1.81162
2.05371,1.25786,2.37631,1.29287,2.14,1.49977,2.60959,1.80494
2.06984,1.25736,2.38966,1.287,2.1568,1.49915,2.62748,1.79791
2.08596,1.25652,2.40286,1.28081,2.1736,1.49813,2.64517,1.79054
2.10251,1.2553,2.41593,1.27432,2.19084,1.49667,2.66267,1.78283
2.11726,1.25389,2.42886,1.26753,2.20621,1.49499,2.67996,1.77479
2.13251,1.25211,2.44164,1.26044,2.22211,1.49289,2.69703,1.76642
2.14823,1.24992,2.45429,1.25305,2.2385,1.4903,2.7139,1.75773
2.16322,1.24749,2.46679,1.24536,2.25413,1.48744,2.73054,1.74873
2.17859,1.24464,2.47914,1.23737,2.27015,1.48409,2.74696,1.73943
2.19363,1.2415,2.49135,1.22908,2.28585,1.4804,2.76315,1.72982
2.2084,1.23806,2.50342,1.22051,2.30126,1.47636,2.7791,1.71992
2.22303,1.23429,2.51535,1.21165,2.31654,1.47194,2.79483,1.70973
2.2374,1.23024,2.52712,1.2025,2.33153,1.46719,2.81031,1.69925
2.25219,1.2257,2.53875,1.19306,2.34698,1.46186,2.82555,1.68851
2.2662,1.22103,2.55024,1.18335,2.36161,1.45639,2.84055,1.67749
2.28033,1.21596,2.56157,1.17335,2.37638,1.45044,2.8553,1.66622
2.29437,1.21054,2.57276,1.16308,2.39105,1.44409,2.8698,1.65469
2.30957,1.20424,2.58379,1.15254,2.40693,1.43671,2.88404,1.64291
2.32176,1.19885,2.59468,1.14173,2.41968,1.4304,2.89803,1.63089
2.33508,1.19261,2.60542,1.13064,2.43361,1.42309,2.91176,1.61864
2.34849,1.18594,2.616,1.1193,2.44764,1.41528,2.92524,1.60615
2.36167,1.17901,2.62644,1.10769,2.46144,1.40715,2.93846,1.59344
2.37463,1.1718,2.63673,1.09582,2.47501,1.3987,2.95142,1.58052
2.3877,1.16413,2.64686,1.0837,2.4887,1.38971,2.96412,1.56738
2.40022,1.1564,2.65685,1.07133,2.50181,1.38065,2.97656,1.55403
2.41287,1.14819,2.66668,1.05871,2.51506,1.37103,2.98874,1.54049
2.42517,1.13981,2.67635,1.04585,2.52796,1.3612,3.00066,1.52675
2.43741,1.13108,2.68587,1.03275,2.54079,1.35095,3.01232,1.51283
2.44989,1.12174,2.69524,1.01941,2.55388,1.34,3.02372,1.49872
2.46137,1.11276,2.70445,1.00584,2.56592,1.32946,3.03486,1.48443
2.47314,1.10314,2.7135,0.99204,2.57829,1.31816,3.04574,1.46996
2.48489,1.09313,2.72239,0.978013,2.59062,1.3064,3.05637,1.45532
2.49639,1.0829,2.73111,0.963767,2.6027,1.29438,3.06673,1.44052
2.50773,1.07238,2.73968,0.949307,2.61461,1.28202,3.07683,1.42555
2.51892,1.06157,2.74807,0.934638,2.62638,1.2693,3.08667,1.41043
2.52956,1.05088,2.7563,0.919767,2.63757,1.25673,3.09626,1.39516
2.54024,1.03972,2.76436,0.904698,2.64881,1.2436,3.10559,1.37973
2.55105,1.02799,2.77225,0.889438,2.66018,1.22979,3.11466,1.36417
2.56153,1.01617,2.77996,0.873993,2.67121,1.21586,3.12347,1.34847
2.57201,1.00388,2.78749,0.858368,2.68224,1.20139,3.13203,1.33264
2.58212,0.991575,2.79485,0.84257,2.6929,1.18688,3.14032,1.31668
2.59191,0.979214,2.80202,0.826602,2.70322,1.1723,3.14837,1.30059
2.60147,0.9667,2.80902,0.810467,2.7133,1.15753,3.15616,1.28438
2.61168,0.952833,2.81583,0.79417,2.72407,1.14116,3.1637,1.26805
2.62215,0.938059,2.82247,0.777718,2.73512,1.12371,3.17099,1.2516
2.63037,0.926018,2.82892,0.761116,2.7438,1.10948,3.17803,1.23504
2.63928,0.912545,2.83395,0.747729,2.75321,1.09355,3.18483,1.21836
2.64814,0.898671,2.84008,0.730872,2.76257,1.07714,3.1901,1.20494
2.6568,0.884618,2.84602,0.713883,2.77172,1.0605,3.19646,1.18807
2.66529,0.870367,2.85178,0.696768,2.7807,1.04362,3.20259,1.1711
2.67385,0.855468,2.85737,0.679533,2.78976,1.02597,3.20849,1.15403
2.68218,0.84047,2.86276,0.662184,2.79857,1.00819,3.21415,1.13687
2.69116,0.82366,2.86798,0.644726,2.80808,0.988248,3.21958,1.11961
2.69913,0.808186,2.87301,0.627164,2.81652,0.96988,3.22479,1.10227
2.70579,0.794829,2.87786,0.609505,2.82357,0.954018,3.22977,1.08484
2.71337,0.779101,2.88253,0.591755,2.83161,0.935329,3.23453,1.06733
2.72099,0.762714,2.88702,0.573916,2.83969,0.915846,3.23908,1.04974
2.7279,0.747323,2.89134,0.555994,2.84702,0.897539,3.24341,1.03207
2.73537,0.730065,2.89547,0.537993,2.85495,0.876998,3.24753,1.01432
2.74193,0.714347,2.89943,0.51992,2.86191,0.85828,3.25145,0.996503
2.74848,0.698085,2.9032,0.501783,2.86887,0.838902,3.25517,0.978613
2.75514,0.680933,2.9068,0.483587,2.87595,0.818454,3.25869,0.960658
2.76153,0.663849,2.91022,0.465336,2.88274,0.798075,3.26201,0.942641
2.76799,0.645894,2.91345,0.447035,2.88961,0.776645,3.26514,0.924563
2.77374,0.629294,2.9165,0.428691,2.89573,0.756822,3.26809,0.906426
2.77939,0.612345,2.91937,0.410307,2.90174,0.736572,3.27085,0.888236
2.78524,0.594098,2.92205,0.391885,2.90797,0.714759,3.27342,0.869992
2.79046,0.577169,2.92431,0.375277,2.91352,0.694511,3.27581,0.851693
2.79651,0.556633,2.92664,0.356794,2.91997,0.669936,3.27782,0.83518
2.80081,0.541448,2.92879,0.338282,2.92455,0.651755,3.27929,0.822306
2.8058,0.523107,2.93075,0.319749,2.92987,0.629785,3.28179,0.798328
2.81061,0.504636,2.93252,0.301196,2.935,0.607649,3.28354,0.779825
2.81518,0.486282,2.93405,0.282583,2.93987,0.585643,3.28513,0.761272
2.81974,0.467068,2.93527,0.263841,2.94474,0.562595,3.28652,0.742621
2.82368,0.449681,2.93605,0.244852,2.94895,0.541728,3.28766,0.723792
2.8278,0.430624,2.93621,0.225446,2.95334,0.518848,3.28844,0.704651
2.83162,0.412016,2.93559,0.205481,2.95742,0.496497,3.28872,0.685005
2.83552,0.391932,2.93416,0.184953,2.9616,0.472363,3.28836,0.66469
2.83883,0.373988,2.93216,0.164124,2.96513,0.450793,3.28736,0.64369
2.84209,0.355261,2.92967,0.143092,2.96862,0.428274,3.28593,0.622287
2.84531,0.335661,2.92661,0.12183,2.97206,0.404695,3.28414,0.60058
2.84831,0.316242,2.92304,0.100401,2.97526,0.381326,3.28197,0.578519
2.85105,0.297217,2.91909,0.0789381,2.97819,0.358424,3.27944,0.556162
2.85364,0.278031,2.91484,0.0575085,2.98096,0.335321,3.27753,0.54042
2.85606,0.258676,2.91037,0.0361824,2.98355,0.312008,3.27374,0.511083
2.85832,0.239115,2.90576,0.0150242,2.98597,0.288439,3.27068,0.488523
2.86038,0.219662,2.90105,-0.00593626,2.98818,0.264995,3.26757,0.466053
2.86231,0.199695,2.89625,-0.0266834,2.99025,0.240926,3.26443,0.443708
2.86409,0.179344,2.89138,-0.0472092,2.99214,0.216388,3.26128,0.421508
2.86556,0.160437,2.88793,-0.0614443,2.99372,0.193587,3.25811,0.399463
2.86698,0.13975,2.88143,-0.0875884,2.99524,0.168636,3.25589,0.384126
2.8681,0.12092,2.87636,-0.10744,2.99644,0.14592,3.25174,0.355854
2.86914,0.100242,2.87123,-0.127072,2.99756,0.120972,3.24854,0.334294
2.86992,0.0811797,2.86603,-0.146486,2.9984,0.0979709,3.24532,0.312893
2.87063,0.0590846,2.86076,-0.165689,2.99915,0.0713077,3.24208,0.291649
2.87103,0.0416523,2.85542,-0.184686,2.99958,0.05027,3.2388,0.27056
2.87133,0.0200515,2.85,-0.203483,2.9999,0.0242003,3.2355,0.24962
2.87142,0.00181256,2.84452,-0.222086,3,0.0021876,3.23215,0.228825
2.87134,-0.0190336,2.83895,-0.240501,2.99991,-0.0229719,3.22876,0.208172
2.8711,-0.0377616,2.8333,-0.258736,2.99965,-0.0455744,3.22635,0.193797
2.87066,-0.0579798,2.82758,-0.276798,2.99918,-0.0699745,3.2218,0.167269
2.87005,-0.0776369,2.82177,-0.294691,2.99854,-0.0936958,3.21823,0.147008
2.86923,-0.098241,2.81588,-0.312419,2.99765,-0.118558,3.21458,0.126869
2.86827,-0.117687,2.8099,-0.329986,2.99663,-0.142019,3.21086,0.106851
2.86713,-0.137273,2.80384,-0.347396,2.99541,-0.165647,3.20706,0.0869503
2.86582,-0.156838,2.7977,-0.364654,2.994,-0.189246,3.20317,0.0671647
2.86431,-0.176601,2.79147,-0.381764,2.99238,-0.21308,3.19918,0.0474922
2.86262,-0.196361,2.78515,-0.39873,2.99057,-0.236907,3.1951,0.0279297
2.86055,-0.218039,2.77874,-0.415555,2.98836,-0.263039,3.19091,0.00847575
2.85871,-0.235581,2.77225,-0.432238,2.98639,-0.28418,3.18661,-0.0108697
2.85645,-0.255388,2.76567,-0.448781,2.98397,-0.308046,3.18219,-0.0301039
2.85403,-0.27501,2.75902,-0.465187,2.98138,-0.331682,3.17766,-0.0492255
2.8515,-0.294004,2.7523,-0.481458,2.97867,-0.354555,3.17301,-0.0682312
2.84871,-0.313546,2.74756,-0.49277,2.97569,-0.37808,3.16823,-0.0871187
2.8454,-0.335094,2.73868,-0.513607,2.97215,-0.404013,3.16482,-0.100268
2.84267,-0.351862,2.7318,-0.529484,2.96923,-0.424185,3.15832,-0.124524
2.83931,-0.37132,2.72489,-0.545233,2.96564,-0.447586,3.15318,-0.143028
2.83582,-0.390385,2.71797,-0.560853,2.96191,-0.470505,3.14792,-0.161391
2.83218,-0.409173,2.71105,-0.576346,2.95803,-0.493081,3.14255,-0.179607
2.82824,-0.428519,2.70416,-0.591708,2.95381,-0.516321,3.13706,-0.197668
2.82427,-0.447027,2.6973,-0.606944,2.94957,-0.538542,3.13146,-0.215564
2.8201,-0.465515,2.69051,-0.622071,2.94512,-0.560731,3.12577,-0.233289
2.81583,-0.483576,2.68372,-0.637204,2.94057,-0.582397,3.11996,-0.250849
2.81113,-0.50259,2.67895,-0.647871,2.93555,-0.605196,3.11394,-0.268338
2.80649,-0.520494,2.66989,-0.667945,2.93061,-0.626654,3.10953,-0.280603
2.80137,-0.539437,2.66264,-0.683637,2.92515,-0.649346,3.1007,-0.303577
2.79658,-0.556404,2.65499,-0.699497,2.92004,-0.669662,3.09321,-0.321538
2.79135,-0.5742,2.64692,-0.715365,2.91447,-0.690959,3.08501,-0.339842
2.7858,-0.592312,2.63842,-0.731116,2.90856,-0.712624,3.07615,-0.358436
2.7803,-0.609558,2.62958,-0.746655,2.90271,-0.733241,3.06672,-0.377238
2.77451,-0.627011,2.61567,-0.769586,2.89655,-0.754095,3.0569,-0.396102
2.76839,-0.644754,2.60891,-0.780158,2.89004,-0.775284,3.04152,-0.424448
2.76237,-0.661549,2.59898,-0.79511,2.88364,-0.795331,3.03408,-0.437684
2.75598,-0.678726,2.59088,-0.806894,2.87684,-0.815823,3.02322,-0.456556
2.74967,-0.695081,2.58062,-0.821357,2.87013,-0.835322,3.0144,-0.471559
2.7429,-0.71198,2.57025,-0.835486,2.86294,-0.855459,3.00663,-0.484584
2.73612,-0.728296,2.55984,-0.849244,2.85575,-0.874891,2.99215,-0.508465
2.72902,-0.744783,2.54943,-0.862607,2.84821,-0.894516,2.98103,-0.5265
2.72182,-0.760903,2.54214,-0.871721,2.84057,-0.913693,2.96999,-0.544208
2.71457,-0.776567,2.52864,-0.88811,2.83288,-0.932317,2.95903,-0.561574
2.70706,-0.792215,2.51826,-0.900237,2.82493,-0.950912,2.94818,-0.578588
2.69916,-0.808136,2.50787,-0.91194,2.81655,-0.96982,2.93743,-0.595248
2.69141,-0.823188,2.49744,-0.923213,2.80834,-0.987687,2.9268,-0.611551
2.68337,-0.838278,2.48696,-0.934046,2.79983,-1.00559,2.91626,-0.627495
2.67506,-0.853327,2.4764,-0.944431,2.79103,-1.02343,2.90583,-0.643079
2.66675,-0.867868,2.46575,-0.954355,2.78224,-1.04066,2.89549,-0.658302
2.6581,-0.882471,2.45498,-0.963805,2.7731,-1.05796,2.88525,-0.673164
2.6493,-0.89681,2.44408,-0.97277,2.7638,-1.07493,2.8751,-0.687665
2.64025,-0.911057,2.43303,-0.981234,2.75423,-1.09179,2.86503,-0.701808
2.6285,-0.928794,2.42183,-0.989179,2.74182,-1.11276,2.85804,-0.711495
2.61722,-0.945089,2.41045,-0.996588,2.72991,-1.13202,2.84516,-0.729016
2.60834,-0.95743,2.39889,-1.00344,2.72055,-1.14659,2.83535,-0.742079
2.60061,-0.967844,2.38716,-1.00973,2.71239,-1.15888,2.82561,-0.754781
2.59283,-0.978026,2.37525,-1.01543,2.70419,-1.1709,2.81595,-0.767117
2.58315,-0.990291,2.36317,-1.02054,2.69399,-1.18536,2.80636,-0.779089
2.57316,-1.0025,2.35092,-1.02505,2.68346,-1.19976,2.79683,-0.790696
2.56301,-1.01446,2.3385,-1.02896,2.67277,-1.21385,2.78737,-0.801938
2.55273,-1.02613,2.32972,-1.03132,2.66194,-1.2276,2.77797,-0.812815
2.54152,-1.03836,2.31323,-1.0349,2.65015,-1.242,2.76862,-0.823323
2.53139,-1.049,2.3004,-1.03694,2.63949,-1.25452,2.7621,-0.830459
2.52014,-1.06037,2.29134,-1.038,2.62766,-1.26789,2.75006,-0.84323
2.50918,-1.07101,2.27439,-1.03915,2.61614,-1.2804,2.7436,-0.849846
2.49796,-1.08146,2.26124,-1.03932,2.60435,-1.29269,2.73165,-0.861652
2.48535,-1.09273,2.25198,-1.03906,2.5911,-1.30593,2.72248,-0.870302
2.47481,-1.10175,2.23469,-1.03778,2.58004,-1.31652,2.71607,-0.876133
2.4631,-1.11137,2.22533,-1.03666,2.56775,-1.32782,2.70416,-0.886468
2.45132,-1.12065,2.20789,-1.03378,2.55538,-1.33871,2.69498,-0.893979
2.43923,-1.12974,2.19441,-1.03086,2.5427,-1.34938,2.68578,-0.901101
2.42652,-1.13887,2.1809,-1.02734,2.52938,-1.36009,2.67655,-0.907833
2.41428,-1.14725,2.16736,-1.02324,2.51654,-1.36993,2.66727,-0.914177
2.40187,-1.15536,2.1538,-1.01856,2.50353,-1.37943,2.65792,-0.920129
2.38939,-1.16311,2.14024,-1.01331,2.49046,-1.38852,2.6485,-0.925684
2.37649,-1.17073,2.12667,-1.00752,2.47696,-1.39745,2.63898,-0.930842
2.36332,-1.17811,2.11311,-1.00118,2.46317,-1.40609,2.62936,-0.935598
2.35044,-1.18494,2.09956,-0.994318,2.44968,-1.4141,2.61962,-0.939946
2.33711,-1.19163,2.08603,-0.986951,2.43574,-1.42193,2.60975,-0.94388
2.32344,-1.19809,2.07254,-0.9791,2.42144,-1.4295,2.59972,-0.947394
2.30995,-1.20408,2.05909,-0.970794,2.40733,-1.43652,2.5926,-0.9496
2.29648,-1.20969,2.0457,-0.962063,2.39325,-1.4431,2.57917,-0.953134
2.28196,-1.21535,2.03237,-0.952935,2.37807,-1.44973,2.56863,-0.955346
2.26766,-1.22052,2.01913,-0.943441,2.36314,-1.45579,2.55791,-0.957108
2.25379,-1.22519,2.00597,-0.933611,2.34865,-1.46126,2.54701,-0.95841
2.23946,-1.22963,1.9929,-0.923478,2.33369,-1.46647,2.53592,-0.959241
2.22507,-1.23374,1.97992,-0.913079,2.31866,-1.47129,2.52463,-0.95959
2.20998,-1.23767,1.97088,-0.905659,2.30291,-1.4759,2.51315,-0.959449
2.19563,-1.24105,1.95805,-0.894891,2.28794,-1.47987,2.50148,-0.958809
2.18054,-1.24425,1.9415,-0.880657,2.2722,-1.48364,2.4932,-0.958061
2.16534,-1.24712,1.92884,-0.869581,2.25634,-1.487,2.47757,-0.956008
2.14974,-1.24969,1.91624,-0.85844,2.24007,-1.49003,2.46535,-0.953833
2.135,-1.25178,1.90745,-0.850627,2.2247,-1.4925,2.45295,-0.951136
2.11951,-1.25364,1.89492,-0.839476,2.20856,-1.49471,2.44416,-0.948933
2.10345,-1.25522,1.87862,-0.825072,2.19182,-1.49657,2.43148,-0.945333
2.08814,-1.25638,1.86606,-0.814122,2.17586,-1.49796,2.41475,-0.939851
2.07148,-1.25729,1.85344,-0.803335,2.15851,-1.49906,2.40171,-0.935016
2.05605,-1.25781,1.84073,-0.792761,2.14244,-1.4997,2.38853,-0.929649
2.03985,-1.25803,1.83175,-0.785508,2.12557,-1.49999,2.37521,-0.923752
2.02323,-1.25791,1.81487,-0.772411,2.10826,-1.49989,2.36581,-0.91931
2.00693,-1.25746,1.80167,-0.762701,2.09129,-1.49941,2.34819,-0.910375
1.99035,-1.25669,1.78824,-0.75333,2.07403,-1.49854,2.3345,-0.902899
1.97349,-1.25557,1.77456,-0.7443,2.05649,-1.49728,2.3207,-0.894902
1.9568,-1.25415,1.76059,-0.7356,2.03911,-1.49566,2.30678,-0.886384
1.93943,-1.25234,1.7463,-0.727217,2.02104,-1.4936,2.29273,-0.877348
1.92249,-1.25026,1.73168,-0.719129,2.00342,-1.49122,2.27854,-0.867796
1.9053,-1.24785,1.71671,-0.711306,1.98554,-1.48844,2.26419,-0.85773
1.88817,-1.24513,1.70136,-0.703713,1.96772,-1.48532,2.24967,-0.847155
1.87039,-1.24201,1.6904,-0.698512,1.94922,-1.48171,2.23496,-0.836075
1.8526,-1.23857,1.66954,-0.689052,1.93073,-1.47774,2.22454,-0.828021
1.83552,-1.23498,1.65305,-0.681907,1.91297,-1.4736,2.2049,-0.812419
1.81758,-1.23091,1.63618,-0.674831,1.89431,-1.4689,2.18952,-0.799853
1.79945,-1.2265,1.61892,-0.667786,1.87546,-1.4638,2.17389,-0.7868
1.78134,-1.2218,1.60128,-0.660738,1.85663,-1.45836,2.158,-0.773268
1.76335,-1.21685,1.58328,-0.653652,1.83793,-1.45263,2.14183,-0.759266
1.74448,-1.21136,1.56492,-0.646498,1.81832,-1.44626,2.12538,-0.744809
1.72436,-1.20517,1.54622,-0.639241,1.79739,-1.43908,2.10863,-0.729909
1.70774,-1.19982,1.52719,-0.63185,1.78013,-1.43287,2.09158,-0.714576
1.68852,-1.19335,1.50783,-0.624299,1.76015,-1.42536,2.07422,-0.698821
1.67054,-1.18703,1.48817,-0.61656,1.74145,-1.41802,2.05654,-0.682656
1.65146,-1.18007,1.46821,-0.608612,1.72162,-1.40991,2.03854,-0.666096
1.63246,-1.17286,1.44799,-0.600434,1.70188,-1.40153,2.02023,-0.649155
1.6139,-1.16556,1.42749,-0.59201,1.68259,-1.39303,2.00159,-0.63185
1.59428,-1.15758,1.40675,-0.583322,1.66219,-1.38373,1.98263,-0.614197
1.57502,-1.14948,1.39208,-0.577076,1.64218,-1.3743,1.96335,-0.59621
1.55316,-1.13999,1.36029,-0.563208,1.61946,-1.36323,1.94966,-0.583429
1.53644,-1.13251,1.34313,-0.555533,1.60208,-1.35451,1.9198,-0.555536
1.51616,-1.1232,1.32149,-0.545654,1.581,-1.34364,1.90359,-0.540394
1.49691,-1.11413,1.29965,-0.535452,1.56099,-1.33303,1.88302,-0.521222
1.47674,-1.10437,1.27762,-0.524919,1.54003,-1.32163,1.86214,-0.501792
1.45771,-1.09494,1.25541,-0.514047,1.52025,-1.3106,1.84095,-0.482114
1.43763,-1.08475,1.23304,-0.50283,1.49937,-1.29868,1.81945,-0.462203
1.41786,-1.0745,1.21053,-0.491268,1.47883,-1.28667,1.79767,-0.442068
1.39725,-1.06357,1.18787,-0.479361,1.4574,-1.27387,1.77561,-0.421726
1.37506,-1.05155,1.16509,-0.467106,1.43433,-1.25977,1.75327,-0.401192
1.35716,-1.04166,1.1422,-0.454502,1.41572,-1.24817,1.73067,-0.380474
1.33569,-1.02957,1.1192,-0.441551,1.3934,-1.23398,1.70781,-0.359583
1.31464,-1.01749,1.09611,-0.428252,1.37151,-1.21979,1.68471,-0.338527
1.29543,-1.00628,1.07295,-0.414609,1.35153,-1.2066,1.6684,-0.323695
1.27487,-0.994071,1.04973,-0.40063,1.33014,-1.19225,1.63783,-0.295956
1.25423,-0.981624,1.02646,-0.386322,1.30868,-1.1776,1.61408,-0.274457
1.23308,-0.968657,1.00316,-0.371693,1.28668,-1.16233,1.59014,-0.252827
1.21273,-0.955993,0.986842,-0.361265,1.26551,-1.1474,1.56602,-0.231072
1.19163,-0.942668,0.963525,-0.346108,1.24355,-1.13169,1.54904,-0.215771
1.16956,-0.928529,0.933215,-0.325967,1.22059,-1.115,1.5173,-0.187207
1.14462,-0.912305,0.909912,-0.310156,1.19464,-1.09584,1.49272,-0.165114
1.1278,-0.901217,0.893611,-0.298932,1.17713,-1.08273,1.468,-0.142926
1.10669,-0.887153,0.863379,-0.277766,1.15517,-1.0661,1.44314,-0.12065
1.08565,-0.872954,0.840166,-0.261218,1.13326,-1.04929,1.41816,-0.0982911
1.06424,-0.858344,0.817001,-0.244455,1.11098,-1.03199,1.39306,-0.0758545
1.04269,-0.843462,0.793889,-0.227497,1.08854,-1.01435,1.36783,-0.0533486
1.02124,-0.828492,0.770837,-0.21036,1.06621,-0.996597,1.3425,-0.0307816
0.999307,-0.813014,0.75474,-0.198264,1.04336,-0.978227,1.3247,-0.0149512
0.978259,-0.798011,0.731807,-0.180854,1.02144,-0.960409,1.29917,0.00770918
0.955842,-0.781874,0.708951,-0.163304,0.998088,-0.941231,1.27355,0.03042
0.934141,-0.766101,0.679364,-0.140303,0.97548,-0.922471,1.24783,0.0531758
0.912742,-0.750407,0.656706,-0.122486,0.953184,-0.903792,1.21424,0.0828184
0.890549,-0.733985,0.63414,-0.104576,0.930057,-0.884234,1.1883,0.105659
0.86865,-0.717643,0.611665,-0.0865856,0.907235,-0.864756,1.16226,0.128526
0.84704,-0.701384,0.595988,-0.0739519,0.88471,-0.845364,1.14398,0.144547
0.824631,-0.684391,0.566993,-0.0504204,0.861351,-0.825084,1.10992,0.174319
0.802551,-0.667518,0.551443,-0.0377211,0.83833,-0.804933,1.08362,0.197226
0.780568,-0.650597,0.527089,-0.0177377,0.815408,-0.784711,1.06515,0.213258
0.757891,-0.633017,0.505031,0.000445197,0.791759,-0.763687,1.03604,0.238438
0.736198,-0.616087,0.483044,0.0186326,0.769134,-0.743427,1.00948,0.261303
0.714049,-0.598689,0.461123,0.036817,0.746029,-0.722594,0.982814,0.284132
0.691711,-0.581034,0.439263,0.0549938,0.722725,-0.70144,0.956055,0.306918
0.668905,-0.562901,0.41746,0.0731591,0.698931,-0.679698,0.929203,0.329654
0.646905,-0.545307,0.395709,0.0913091,0.675973,-0.65859,0.90226,0.352334
0.624182,-0.527035,0.374008,0.109441,0.652259,-0.636656,0.875232,0.37495
0.602081,-0.509171,0.35235,0.127554,0.629191,-0.615197,0.853554,0.392992
0.579172,-0.490559,0.335052,0.14203,0.605277,-0.592829,0.820948,0.419964
0.557219,-0.472639,0.309146,0.163723,0.582357,-0.57128,0.799157,0.43788
0.534092,-0.453675,0.28759,0.181782,0.55821,-0.548461,0.766396,0.464651
0.511563,-0.435119,0.266061,0.199822,0.534684,-0.526123,0.739039,0.486859
0.48948,-0.416857,0.244554,0.217844,0.511621,-0.504127,0.711639,0.50897
0.466384,-0.397682,0.227362,0.232248,0.487499,-0.48102,0.684207,0.530977
0.443992,-0.379022,0.205885,0.250238,0.464109,-0.458522,0.662243,0.548505
0.421419,-0.360145,0.180124,0.271808,0.440528,-0.435753,0.634772,0.570314
0.39905,-0.341378,0.158662,0.289772,0.417158,-0.413105,0.601796,0.596333
0.37587,-0.321869,0.137203,0.307729,0.392938,-0.389553,0.574317,0.617888
0.352923,-0.302499,0.115746,0.32568,0.36896,-0.366159,0.546853,0.639326
0.33,-0.283096,0.0942855,0.343626,0.345005,-0.342716,0.519413,0.660646
0.306189,-0.262888,0.0728185,0.361568,0.320119,-0.318292,0.492006,0.681844
0.284318,-0.244284,0.0513396,0.379504,0.29726,-0.295797,0.46464,0.702918
0.261395,-0.224743,0.0298468,0.397435,0.2733,-0.272164,0.437323,0.723866
0.238414,-0.205113,0.0083373,0.415359,0.249277,-0.248415,0.410064,0.744686
0.214323,-0.184497,-0.0131902,0.433272,0.224093,-0.223467,0.382872,0.765375
0.193086,-0.166294,-0.0304265,0.447595,0.201891,-0.201433,0.355756,0.785931
0.166667,-0.143615,-0.0563061,0.469062,0.17427,-0.173976,0.328724,0.806352
0.146693,-0.126446,-0.0778964,0.486933,0.153386,-0.153186,0.301785,0.826636
0.124404,-0.107269,-0.0995061,0.504791,0.130082,-0.12996,0.274947,0.846783
0.101771,-0.0877783,-0.121139,0.52263,0.106417,-0.10635,0.248221,0.866797
0.0763453,-0.0658643,-0.138462,0.536887,0.0798312,-0.0798029,0.22161,0.886676
0.0551775,-0.0476097,-0.164474,0.558241,0.0576972,-0.0576865,0.200411,0.902482
0.0325901,-0.0281233,-0.186175,0.576003,0.0340785,-0.0340763,0.168767,0.926027
0.00933856,-0.00805903,-0.207899,0.593731,0.00976506,-0.00976501,0.142547,0.945496
-0.0132967,0.0114747,-0.229644,0.61142,-0.0139039,0.0139038,0.116472,0.964827
-0.0363079,0.0313311,-0.251413,0.629066,-0.037966,0.037963,0.0905461,0.984019
-0.0588941,0.0508154,-0.273208,0.64666,-0.0615834,0.0615704,0.0647718,1.00307
-0.082263,0.070966,-0.295031,0.664195,-0.086019,0.0859836,0.039151,1.02198
-0.104948,0.0905145,-0.316881,0.681663,-0.109738,0.109665,0.0136865,1.04074
-0.127968,0.110337,-0.338759,0.699061,-0.133808,0.133675,-0.0116191,1.05936
-0.151609,0.130673,-0.349709,0.707731,-0.158526,0.158305,-0.0367642,1.07782
-0.173615,0.149582,-0.382603,0.733624,-0.181534,0.181201,-0.0492761,1.087
-0.197158,0.169786,-0.404568,0.750782,-0.206148,0.205661,-0.086568,1.11431
-0.219426,0.188867,-0.42656,0.767854,-0.229428,0.228756,-0.111225,1.13234
-0.242592,0.208685,-0.448575,0.784834,-0.253645,0.252737,-0.135716,1.15022
-0.265288,0.228064,-0.470611,0.801717,-0.277369,0.276181,-0.160038,1.16795
-0.288401,0.24776,-0.492667,0.818498,-0.301528,0.300001,-0.18419,1.18555
-0.310825,0.266827,-0.514743,0.83517,-0.324964,0.323052,-0.208172,1.203
-0.333706,0.286236,-0.536838,0.851726,-0.348877,0.34651,-0.231986,1.2203
-0.356289,0.305344,-0.558952,0.86816,-0.372477,0.369595,-0.255635,1.23745
-0.380018,0.325364,-0.581084,0.884463,-0.397272,0.393774,-0.27912,1.25446
-0.402854,0.344573,-0.603229,0.900631,-0.421132,0.416962,-0.302444,1.27131
-0.426921,0.364752,-0.625385,0.916661,-0.446276,0.441311,-0.325607,1.28801
-0.447614,0.382045,-0.64755,0.932545,-0.467893,0.462167,-0.34861,1.30456
-0.470331,0.400964,-0.669721,0.94828,-0.491621,0.484975,-0.371456,1.32096
-0.493125,0.419876,-0.691891,0.963861,-0.515428,0.507764,-0.394148,1.33721
-0.515573,0.438428,-0.714056,0.979282,-0.538872,0.530108,-0.416685,1.3533
-0.538176,0.45703,-0.736214,0.994538,-0.562475,0.5525,-0.439068,1.36925
-0.561175,0.475874,-0.758359,1.00962,-0.586488,0.575171,-0.461302,1.38504
-0.586173,0.496256,-0.78049,1.02452,-0.612585,0.599678,-0.483388,1.40067
-0.605952,0.512306,-0.802603,1.03924,-0.633232,0.618964,-0.505331,1.41614
-0.628501,0.530515,-0.824694,1.05376,-0.656766,0.640834,-0.527135,1.43145
-0.65043,0.548132,-0.846761,1.06808,-0.679651,0.66198,-0.548805,1.4466
-0.673202,0.566326,-0.868802,1.0822,-0.703414,0.683805,-0.570344,1.46158
-0.695731,0.58422,-0.888613,1.09472,-0.72692,0.705258,-0.59176,1.47639
-0.71742,0.601344,-0.910594,1.10843,-0.749546,0.725774,-0.610931,1.48958
-0.740045,0.619097,-0.932538,1.12191,-0.773147,0.74703,-0.625777,1.49974
-0.7621,0.636289,-0.954442,1.13516,-0.796148,0.767601,-0.653203,1.51837
-0.784678,0.65377,-0.976301,1.14816,-0.819694,0.788503,-0.674177,1.53249
-0.809304,0.672692,-0.99811,1.16092,-0.845371,0.811113,-0.695049,1.54643
-0.829613,0.68818,-1.01987,1.17342,-0.866544,0.829608,-0.715823,1.56017
-0.850983,0.70436,-1.04156,1.18566,-0.888821,0.848915,-0.736501,1.57372
-0.872288,0.720367,-1.06318,1.19763,-0.911027,0.868004,-0.757086,1.58708
-0.894311,0.736779,-1.08474,1.20932,-0.933978,0.887562,-0.77758,1.60023
-0.916042,0.752836,-1.10621,1.22074,-0.956622,0.906684,-0.797987,1.61317
-0.937954,0.768883,-1.12761,1.23188,-0.979452,0.925781,-0.81831,1.6259
-0.959642,0.784621,-1.14892,1.24273,-1.00205,0.944496,-0.838554,1.63842
-0.981267,0.800164,-1.17015,1.2533,-1.02457,0.962967,-0.858727,1.65073
-1.0031,0.815698,-1.19128,1.26358,-1.04731,0.981414,-0.878827,1.66282
-1.02461,0.830854,-1.21231,1.27357,-1.06971,0.9994,-0.898858,1.6747
-1.04646,0.846077,-1.23325,1.28326,-1.09246,1.01745,-0.918826,1.68636
-1.06801,0.860928,-1.24785,1.28986,-1.1149,1.03505,-0.938737,1.69779
-1.08865,0.874987,-1.27482,1.30173,-1.13638,1.0517,-0.952644,1.70566
-1.11014,0.889463,-1.29545,1.31051,-1.15876,1.06883,-0.978404,1.71997
-1.13153,0.903687,-1.31598,1.31898,-1.18102,1.08565,-0.998165,1.7307
-1.15274,0.917617,-1.33028,1.32471,-1.20309,1.10211,-1.01789,1.7412
-1.17381,0.931269,-1.3567,1.33496,-1.22502,1.11823,-1.03167,1.7484
-1.19513,0.944894,-1.3769,1.34247,-1.2472,1.13431,-1.05723,1.76144
-1.21546,0.9577,-1.39698,1.34965,-1.26834,1.14941,-1.07097,1.76829
-1.23637,0.97069,-1.41697,1.3565,-1.2901,1.16472,-1.09647,1.78067
-1.25773,0.983745,-1.43485,1.36238,-1.31231,1.1801,-1.11607,1.78988
-1.27891,0.996489,-1.45462,1.36859,-1.33435,1.19509,-1.13369,1.79793
-1.29866,1.00817,-1.46839,1.37274,-1.35488,1.20884,-1.15327,1.80662
-1.31909,1.02006,-1.4938,1.38,-1.37613,1.22281,-1.16697,1.81253
-1.34,1.03202,-1.51321,1.38519,-1.39788,1.23685,-1.18653,1.82074
-1.36007,1.04328,-1.52672,1.38863,-1.41875,1.25007,-1.21195,1.83097
-1.38161,1.05512,-1.54591,1.39326,-1.44114,1.26396,-1.22563,1.83629
-1.40109,1.06562,-1.57067,1.39878,-1.46139,1.27627,-1.24517,1.84363
-1.42082,1.07605,-1.58957,1.40264,-1.4819,1.28848,-1.27056,1.85275
-1.44071,1.08633,-1.60833,1.40617,-1.50258,1.30052,-1.29009,1.85942
-1.46072,1.09644,-1.62138,1.40844,-1.52337,1.31236,-1.30961,1.8658
-1.48075,1.10633,-1.64544,1.41224,-1.5442,1.32392,-1.32327,1.87009
-1.50024,1.11572,-1.65462,1.41355,-1.56446,1.33489,-1.34862,1.87766
-1.52002,1.125,-1.68196,1.41699,-1.58502,1.34573,-1.36227,1.88152
-1.53991,1.13408,-1.69999,1.41887,-1.60569,1.35634,-1.38758,1.8883
-1.5595,1.14278,-1.71786,1.42044,-1.62605,1.36648,-1.40703,1.89317
-1.57828,1.15087,-1.73558,1.42168,-1.64557,1.37592,-1.42645,1.89773
-1.59788,1.15906,-1.75313,1.42261,-1.66594,1.38547,-1.44585,1.90198
-1.61668,1.16667,-1.77051,1.4232,-1.68547,1.39432,-1.46521,1.90592
-1.63575,1.17412,-1.78774,1.42347,-1.7053,1.403,-1.48455,1.90953
-1.65427,1.18111,-1.80479,1.42341,-1.72454,1.41113,-1.50385,1.91282
-1.67348,1.18809,-1.82167,1.42302,-1.74451,1.41924,-1.52312,1.91578
-1.69238,1.19467,-1.83839,1.4223,-1.76415,1.42689,-1.54234,1.91841
-1.71106,1.20091,-1.85494,1.42126,-1.78357,1.43413,-1.56153,1.9207
-1.72924,1.20671,-1.85823,1.42102,-1.80247,1.44086,-1.58067,1.92265
-1.74779,1.21234,-1.87782,1.41929,-1.82175,1.4474,-1.58449,1.92301
-1.76621,1.21766,-1.89395,1.41751,-1.8409,1.45356,-1.60738,1.92484
-1.78445,1.22263,-1.90036,1.41672,-1.85987,1.45932,-1.62638,1.92601
-1.80263,1.2273,-1.90673,1.41588,-1.87876,1.46472,-1.63586,1.92647
-1.82022,1.23153,-1.92412,1.41331,-1.89705,1.46961,-1.65287,1.9271
-1.8387,1.23566,-1.94285,1.4101,-1.91626,1.47439,-1.66607,1.92741
-1.85576,1.2392,-1.96285,1.40612,-1.93401,1.47848,-1.69048,1.92754
-1.87451,1.24276,-1.9735,1.40377,-1.95351,1.48258,-1.70917,1.92725
-1.89114,1.24563,-1.98106,1.40199,-1.97081,1.48588,-1.7222,1.92684
-1.9082,1.24828,-2.00347,1.3962,-1.98856,1.48893,-1.74075,1.92596
-1.92573,1.25069,-2.02258,1.39062,-2.00679,1.4917,-1.76473,1.9243
-1.94229,1.25266,-2.02985,1.38833,-2.02402,1.49396,-1.78307,1.92261
-1.9594,1.25439,-2.05141,1.38101,-2.04182,1.49594,-1.79585,1.92122
-1.97653,1.2558,-2.06134,1.37736,-2.05965,1.49754,-1.81945,1.91816
-1.99299,1.25683,-2.07258,1.37301,-2.07678,1.4987,-1.83748,1.91541
-2.00951,1.25756,-2.08923,1.36612,-2.09398,1.49951,-1.85539,1.9123
-2.02595,1.25795,-2.1002,1.36129,-2.1111,1.49993,-1.87319,1.90883
-2.04207,1.25802,-2.11643,1.35368,-2.12788,1.49997,-1.89086,1.905
-2.05916,1.25773,-2.12312,1.35038,-2.14567,1.4996,-1.9084,1.90081
-2.07468,1.25715,-2.14032,1.3414,-2.16184,1.49888,-1.92581,1.89625
-2.09073,1.25621,-2.14426,1.33921,-2.17857,1.49775,-1.93447,1.8938
-2.10635,1.25496,-2.16126,1.32909,-2.19485,1.49627,-1.95004,1.889
-2.12175,1.2534,-2.1704,1.32309,-2.2109,1.49441,-1.96561,1.88356
-2.13707,1.25151,-2.19006,1.30857,-2.22686,1.49218,-1.98295,1.8766
-2.15274,1.24922,-2.19928,1.30098,-2.2432,1.48948,-2.0004,1.8685
-2.16825,1.2466,-2.20585,1.29532,-2.25938,1.48639,-2.01617,1.86025
-2.18298,1.24376,-2.2202,1.28236,-2.27474,1.48306,-2.02493,1.85538
-2.19836,1.24044,-2.23695,1.26612,-2.29078,1.47915,-2.04585,1.84303
-2.21302,1.23691,-2.24332,1.25959,-2.30609,1.47501,-2.06318,1.832
-2.22811,1.2329,-2.25465,1.24752,-2.32183,1.47031,-2.0787,1.82149
-2.2419,1.2289,-2.26943,1.23094,-2.33624,1.46561,-2.09578,1.80936
-2.25664,1.22426,-2.27906,1.21963,-2.35162,1.46017,-2.11266,1.79681
-2.27056,1.21951,-2.28733,1.20958,-2.36616,1.4546,-2.12435,1.78782
-2.28489,1.21424,-2.30453,1.18774,-2.38113,1.44843,-2.14572,1.77075
-2.29862,1.20882,-2.31011,1.18037,-2.39549,1.44208,-2.14897,1.76809
-2.31346,1.20255,-2.32636,1.15805,-2.411,1.43474,-2.17297,1.74788
-2.32587,1.19696,-2.33681,1.14298,-2.42398,1.42819,-2.18083,1.74105
-2.33916,1.19062,-2.34996,1.12317,-2.43788,1.42076,-2.20397,1.72026
-2.35281,1.18371,-2.35975,1.10776,-2.45216,1.41266,-2.22348,1.70188
-2.36585,1.17672,-2.36929,1.09223,-2.46581,1.40447,-2.23378,1.69185
-2.37914,1.1692,-2.38042,1.0734,-2.47973,1.39565,-2.25251,1.67296
-2.39259,1.16116,-2.38766,1.06075,-2.49382,1.38623,-2.26933,1.65523
-2.40448,1.15368,-2.40265,1.0336,-2.50627,1.37746,-2.28028,1.64325
-2.41682,1.14555,-2.40524,1.02878,-2.5192,1.36792,-2.30288,1.61737
-2.42921,1.13698,-2.41548,1.00938,-2.53219,1.35787,-2.30934,1.60965
-2.44144,1.12811,-2.4222,0.996366,-2.54502,1.34747,-2.3195,1.59719
-2.4548,1.11795,-2.43052,0.980033,-2.55903,1.33554,-2.33191,1.58144
-2.47029,1.10551,-2.43629,0.968563,-2.57529,1.32094,-2.34397,1.56552
-2.47772,1.09929,-2.44695,0.947195,-2.58309,1.31364,-2.3522,1.55428
-2.48894,1.08957,-2.45513,0.930709,-2.59488,1.30222,-2.36704,1.53321
-2.49985,1.07974,-2.46345,0.914081,-2.60633,1.29066,-2.37479,1.52176
-2.51142,1.06887,-2.47201,0.897216,-2.61849,1.27789,-2.38872,1.50014
-2.52219,1.05833,-2.48089,0.880029,-2.62982,1.26549,-2.39907,1.48303
-2.53319,1.04714,-2.49008,0.862402,-2.64138,1.25233,-2.40911,1.46536
-2.54706,1.03238,-2.49945,0.844312,-2.65598,1.23495,-2.41887,1.44695
-2.55529,1.02326,-2.50877,0.825865,-2.66465,1.22421,-2.42554,1.43358
-2.56492,1.01225,-2.51798,0.807076,-2.67478,1.21124,-2.43755,1.40787
-2.57494,1.00036,-2.52712,0.788008,-2.68533,1.19724,-2.44646,1.3873
-2.58713,0.985308,-2.53616,0.768812,-2.69818,1.17949,-2.45508,1.3661
-2.59674,0.972948,-2.54335,0.75341,-2.70831,1.16491,-2.46093,1.351
-2.60717,0.95902,-2.54604,0.747617,-2.71932,1.14847,-2.46981,1.327
-2.61525,0.94786,-2.56126,0.714667,-2.72784,1.13529,-2.47756,1.30485
-2.63135,0.924561,-2.57008,0.695372,-2.74483,1.10776,-2.48499,1.28247
-2.6365,0.916802,-2.57874,0.676243,-2.75027,1.09858,-2.49208,1.26006
-2.64422,0.904875,-2.58719,0.657323,-2.75842,1.08448,-2.49884,1.23771
-2.65104,0.894024,-2.59379,0.64236,-2.76563,1.07164,-2.50525,1.21548
-2.66013,0.879082,-2.6034,0.620216,-2.77525,1.05395,-2.51012,1.19782
-2.66812,0.865501,-2.61114,0.602042,-2.78369,1.03786,-2.51702,1.17154
-2.67682,0.850185,-2.61862,0.584115,-2.7929,1.01971,-2.52239,1.14987
-2.68469,0.835837,-2.62586,0.566424,-2.80122,1.00269,-2.52742,1.12839
-2.6929,0.820327,-2.63285,0.548954,-2.80992,0.984292,-2.53212,1.10712
-2.7007,0.80507,-2.6396,0.531686,-2.81818,0.96618,-2.53565,1.09025
-2.70808,0.790122,-2.64609,0.514596,-2.82601,0.948426,-2.54056,1.06517
-2.71576,0.774026,-2.65234,0.497658,-2.83414,0.929297,-2.54432,1.04447
-2.72312,0.758031,-2.65834,0.480844,-2.84195,0.910277,-2.54777,1.02395
-2.73038,0.741662,-2.66408,0.464123,-2.84965,0.890802,-2.55094,1.00359
-2.73712,0.72593,-2.66956,0.447467,-2.85681,0.872074,-2.55382,0.983381
-2.74408,0.709074,-2.67477,0.430847,-2.8642,0.851998,-2.55642,0.963321
-2.75087,0.692002,-2.67874,0.417557,-2.87141,0.831651,-2.55876,0.943403
-2.75706,0.675887,-2.6839,0.399261,-2.87798,0.812436,-2.56044,0.927566
-2.76345,0.658601,-2.68829,0.38258,-2.88478,0.791813,-2.56247,0.905927
-2.7696,0.641311,-2.69236,0.36583,-2.89132,0.771174,-2.56362,0.892238
-2.77541,0.624346,-2.69611,0.348992,-2.8975,0.750912,-2.56504,0.872788
-2.78134,0.606359,-2.69953,0.332049,-2.90381,0.729417,-2.56653,0.847689
-2.78678,0.589164,-2.70261,0.31499,-2.90961,0.708858,-2.56741,0.828526
-2.79215,0.571511,-2.70534,0.297808,-2.91533,0.687742,-2.56806,0.809489
-2.79801,0.551422,-2.7077,0.280499,-2.92156,0.663698,-2.56848,0.790581
-2.80248,0.535409,-2.70914,0.268305,-2.92633,0.644522,-2.56869,0.771804
-2.80735,0.517266,-2.71134,0.245492,-2.93152,0.622786,-2.5687,0.758739
-2.81205,0.498955,-2.71261,0.2278,-2.93653,0.600839,-2.56846,0.734649
-2.81669,0.480024,-2.71327,0.215341,-2.94148,0.578137,-2.56804,0.716275
-2.82088,0.46211,-2.71401,0.192051,-2.94596,0.556644,-2.56763,0.703493
-2.82513,0.443085,-2.71416,0.174018,-2.95049,0.533809,-2.56661,0.679929
-2.82903,0.424714,-2.71392,0.155894,-2.95466,0.51175,-2.5656,0.661964
-2.8328,0.406072,-2.71331,0.137691,-2.95868,0.489356,-2.56441,0.644141
-2.83648,0.386848,-2.71266,0.124907,-2.96261,0.466253,-2.56302,0.626463
-2.83994,0.367729,-2.71097,0.101086,-2.96632,0.443267,-2.56194,0.614173
-2.84324,0.348448,-2.70925,0.0826987,-2.96984,0.420079,-2.5597,0.591531
-2.84627,0.329566,-2.70715,0.0642679,-2.97308,0.397361,-2.55776,0.57427
-2.84918,0.310307,-2.7047,0.0458016,-2.9762,0.374182,-2.55565,0.55714
-2.85201,0.290265,-2.70188,0.0273089,-2.97922,0.350053,-2.55336,0.540139
-2.85444,0.271742,-2.69872,0.00879725,-2.98182,0.327746,-2.55166,0.528312
-2.85681,0.252371,-2.697,-0.000463218,-2.98435,0.304412,-2.54908,0.511518
-2.85898,0.233097,-2.69293,-0.0208403,-2.98667,0.281187,-2.54689,0.498166
-2.86101,0.213427,-2.68886,-0.0393603,-2.98885,0.257479,-2.54371,0.479922
-2.86286,0.193641,-2.68447,-0.0578655,-2.99083,0.233627,-2.54065,0.463448
-2.86455,0.173595,-2.67974,-0.0763485,-2.99264,0.209456,-2.53742,0.447076
-2.86599,0.154417,-2.6747,-0.0948019,-2.99419,0.186327,-2.53403,0.430801
-2.86732,0.134215,-2.66935,-0.113218,-2.99561,0.161959,-2.53048,0.414617
-2.86842,0.114907,-2.6637,-0.131589,-2.99679,0.138666,-2.52678,0.398518
-2.86936,0.0951594,-2.65774,-0.149903,-2.9978,0.11484,-2.52293,0.382499
-2.87014,0.0752174,-2.6515,-0.168155,-2.99863,0.0907761,-2.51891,0.366556
-2.87075,0.0542284,-2.64498,-0.186334,-2.99929,0.0654472,-2.51474,0.350686
-2.87115,0.0343843,-2.63817,-0.20443,-2.99971,0.0414984,-2.51042,0.334884
-2.87136,0.0158943,-2.6311,-0.222435,-2.99994,0.0191831,-2.50593,0.319149
-2.87141,-0.00546752,-2.62378,-0.240342,-2.99999,-0.00659883,-2.50129,0.303476
-2.87129,-0.0241078,-2.6185,-0.252813,-2.99986,-0.0290959,-2.49648,0.287863
-2.87098,-0.0440466,-2.6084,-0.275821,-2.99953,-0.0531596,-2.49151,0.272307
-2.87049,-0.0641784,-2.60037,-0.293372,-2.999,-0.0774548,-2.48638,0.256809
-2.86982,-0.0838759,-2.59212,-0.310786,-2.99829,-0.101224,-2.48109,0.24137
-2.86898,-0.103751,-2.58368,-0.328055,-2.99738,-0.125206,-2.47563,0.225986
-2.86793,-0.12393,-2.57504,-0.345172,-2.99626,-0.149552,-2.46999,0.210657
-2.86673,-0.1435,-2.56623,-0.362126,-2.99498,-0.173159,-2.46419,0.195383
-2.86535,-0.163292,-2.55725,-0.378913,-2.99349,-0.19703,-2.45821,0.180164
-2.86371,-0.183835,-2.54813,-0.395525,-2.99174,-0.221804,-2.45206,0.164999
-2.86203,-0.202728,-2.53889,-0.411955,-2.98995,-0.244583,-2.44572,0.149885
-2.86012,-0.222278,-2.52955,-0.428198,-2.98789,-0.268148,-2.43921,0.134821
-2.85801,-0.241869,-2.52014,-0.44425,-2.98564,-0.291757,-2.43251,0.119807
-2.85577,-0.261088,-2.51066,-0.46011,-2.98324,-0.314912,-2.42564,0.10484
-2.85329,-0.280709,-2.50116,-0.475776,-2.98059,-0.338546,-2.41859,0.0899142
-2.85058,-0.300538,-2.49164,-0.491245,-2.9777,-0.362422,-2.41135,0.0750259
-2.84781,-0.319558,-2.48213,-0.506516,-2.97473,-0.385317,-2.40393,0.0601728
-2.84484,-0.338604,-2.47266,-0.521587,-2.97155,-0.408236,-2.39632,0.0453523
-2.8416,-0.358133,-2.46325,-0.536461,-2.96809,-0.431728,-2.38853,0.0305609
-2.8383,-0.376931,-2.4539,-0.55114,-2.96456,-0.454332,-2.38054,0.0157957
-2.83449,-0.397341,-2.44465,-0.565629,-2.96049,-0.478865,-2.37238,0.00105161
-2.83115,-0.414351,-2.43549,-0.579933,-2.95692,-0.499302,-2.36403,-0.0136753
-2.82722,-0.433358,-2.42645,-0.594054,-2.95272,-0.522131,-2.35549,-0.0283881
-2.82316,-0.452039,-2.41751,-0.607996,-2.94839,-0.544558,-2.34677,-0.0430885
-2.81891,-0.470625,-2.4087,-0.621764,-2.94386,-0.566862,-2.33787,-0.0577785
-2.81435,-0.48967,-2.39999,-0.635361,-2.93899,-0.589706,-2.32878,-0.0724607
-2.80978,-0.507867,-2.39139,-0.64879,-2.93412,-0.611522,-2.31951,-0.0871355
-2.80506,-0.525879,-2.38968,-0.651457,-2.92908,-0.633106,-2.31007,-0.101803
-2.80012,-0.543945,-2.38543,-0.658095,-2.92381,-0.654746,-2.30528,-0.109136
-2.79503,-0.56175,-2.3728,-0.677773,-2.91839,-0.67606,-2.29557,-0.123798
-2.78966,-0.579801,-2.36199,-0.694547,-2.91267,-0.69766,-2.28568,-0.138458
-2.78399,-0.598052,-2.35785,-0.70093,-2.90664,-0.719487,-2.27563,-0.153116
-2.77861,-0.614727,-2.3496,-0.713581,-2.90091,-0.739419,-2.26541,-0.167768
-2.77276,-0.632168,-2.33973,-0.728561,-2.89468,-0.760255,-2.25816,-0.178021
-2.76673,-0.649461,-2.32901,-0.744531,-2.88827,-0.780904,-2.24448,-0.19705
-2.7605,-0.666651,-2.32488,-0.750598,-2.88165,-0.801418,-2.23378,-0.211666
-2.75412,-0.683614,-2.31491,-0.764988,-2.87486,-0.82165,-2.22292,-0.226255
-2.74755,-0.700434,-2.31073,-0.770912,-2.86788,-0.841702,-2.21191,-0.240814
-2.74077,-0.717174,-2.29977,-0.786104,-2.86068,-0.861646,-2.20075,-0.255337
-2.73404,-0.733191,-2.28692,-0.803239,-2.85354,-0.880718,-2.18944,-0.269812
-2.72689,-0.749614,-2.27821,-0.814417,-2.84595,-0.900265,-2.17569,-0.287106
-2.71978,-0.765366,-2.27202,-0.822119,-2.8384,-0.919,-2.16642,-0.298584
-2.71149,-0.783059,-2.26034,-0.836149,-2.82961,-0.940033,-2.1547,-0.312864
-2.70469,-0.797059,-2.25851,-0.838274,-2.82241,-0.956666,-2.14285,-0.327062
-2.69691,-0.812546,-2.24461,-0.853927,-2.81417,-0.975056,-2.13088,-0.341168
-2.68615,-0.83312,-2.23703,-0.862057,-2.80277,-0.999471,-2.11877,-0.355168
-2.68092,-0.842776,-2.22736,-0.871998,-2.79723,-1.01092,-2.11022,-0.364901
-2.67256,-0.857752,-2.21244,-0.886427,-2.78839,-1.02868,-2.0979,-0.378698
-2.66402,-0.872526,-2.21041,-0.888306,-2.77936,-1.04618,-2.08169,-0.396434
-2.65548,-0.8868,-2.19488,-0.902048,-2.77032,-1.06309,-2.06908,-0.409909
-2.64601,-0.902048,-2.18636,-0.90912,-2.76032,-1.08113,-2.05634,-0.423231
-2.63756,-0.915179,-2.17328,-0.919373,-2.75139,-1.09666,-2.04348,-0.436387
-2.62839,-0.928952,-2.16207,-0.927582,-2.74171,-1.11295,-2.0344,-0.445491
-2.61914,-0.94237,-2.15059,-0.935475,-2.73194,-1.1288,-2.01738,-0.462154
-2.60976,-0.955491,-2.13524,-0.945246,-2.72204,-1.1443,-2.00414,-0.474743
-2.5997,-0.969053,-2.12677,-0.950272,-2.71143,-1.16031,-1.99079,-0.487123
-2.59039,-0.981157,-2.11066,-0.959162,-2.70162,-1.17459,-1.97732,-0.499287
-2.58032,-0.993791,-2.10177,-0.963706,-2.69101,-1.18949,-1.96373,-0.51123
-2.56847,-1.00808,-2.08882,-0.969893,-2.67852,-1.20633,-1.95002,-0.522946
-2.55523,-1.02333,-2.07825,-0.97458,-2.66458,-1.2243,-1.93621,-0.534426
-2.54727,-1.03215,-2.06202,-0.981161,-2.6562,-1.23468,-1.92227,-0.545663
-2.53877,-1.04129,-2.04815,-0.986224,-2.64725,-1.24545,-1.90822,-0.556649
-2.52626,-1.05424,-2.03682,-0.989992,-2.6341,-1.26068,-1.89405,-0.567379
-2.51654,-1.06391,-2.01945,-0.995167,-2.62388,-1.27205,-1.87977,-0.577848
-2.50583,-1.07417,-2.00463,-0.999036,-2.61262,-1.28412,-1.86537,-0.588057
-2.49457,-1.08455,-1.99253,-1.00183,-2.60079,-1.29631,-1.85522,-0.595044
-2.48268,-1.09504,-1.974,-1.00553,-2.5883,-1.30865,-1.84062,-0.604798
-2.47145,-1.10455,-1.96139,-1.00765,-2.57651,-1.31981,-1.82148,-0.617074
-2.45928,-1.11443,-1.9421,-1.0103,-2.56373,-1.33141,-1.81109,-0.623494
-2.44746,-1.12359,-1.92567,-1.01203,-2.55134,-1.34216,-1.79616,-0.632431
-2.43471,-1.13304,-1.91229,-1.01307,-2.53796,-1.35325,-1.77658,-0.643634
-2.4231,-1.14125,-1.89185,-1.01408,-2.52579,-1.36288,-1.76139,-0.651934
-2.41073,-1.14961,-1.88321,-1.0143,-2.51282,-1.37269,-1.74609,-0.659959
-2.397,-1.15843,-1.86392,-1.01435,-2.49843,-1.38303,-1.73377,-0.66618
-2.3853,-1.16557,-1.84247,-1.01371,-2.48618,-1.3914,-1.71828,-0.673709
-2.3725,-1.17301,-1.81879,-1.01216,-2.47278,-1.40012,-1.70267,-0.680962
-2.35892,-1.18049,-1.80586,-1.01095,-2.45856,-1.40888,-1.68696,-0.687937
-2.34631,-1.18705,-1.79469,-1.0097,-2.44536,-1.41658,-1.67115,-0.694635
-2.33303,-1.19359,-1.77022,-1.00631,-2.43147,-1.42424,-1.65841,-0.699795
-2.3194,-1.19992,-1.75117,-1.00304,-2.41721,-1.43165,-1.6424,-0.705998
-2.30529,-1.20606,-1.7281,-0.998366,-2.40246,-1.43885,-1.62628,-0.711923
-2.29191,-1.21151,-1.71843,-0.996172,-2.38848,-1.44524,-1.61006,-0.717575
-2.27783,-1.21688,-1.69316,-0.989797,-2.37376,-1.45153,-1.59373,-0.722955
-2.26379,-1.22186,-1.67949,-0.985965,-2.3591,-1.45736,-1.57731,-0.728065
-2.24861,-1.22684,-1.65011,-0.976824,-2.34324,-1.46319,-1.56079,-0.732903
-2.23536,-1.23084,-1.63442,-0.971444,-2.3294,-1.46789,-1.54418,-0.73747
-2.22095,-1.23485,-1.62069,-0.966458,-2.31436,-1.47259,-1.53584,-0.739654
-2.20604,-1.23863,-1.59135,-0.95494,-2.2988,-1.47703,-1.51069,-0.745806
-2.19094,-1.24209,-1.57187,-0.946668,-2.28304,-1.48109,-1.49382,-0.749578
-2.17624,-1.2451,-1.55637,-0.939734,-2.26771,-1.48463,-1.47686,-0.753083
-2.16086,-1.24789,-1.54672,-0.935265,-2.25167,-1.48792,-1.45982,-0.75632
-2.14588,-1.25027,-1.52373,-0.924154,-2.23605,-1.49072,-1.44269,-0.759282
-2.13018,-1.2524,-1.49538,-0.909601,-2.21968,-1.49323,-1.42549,-0.761963
-2.11417,-1.25421,-1.47675,-0.899573,-2.20299,-1.49537,-1.4082,-0.764356
-2.09929,-1.25556,-1.45837,-0.889353,-2.18749,-1.49699,-1.39083,-0.766452
-2.08172,-1.25678,-1.44027,-0.879004,-2.16918,-1.49844,-1.37338,-0.768241
-2.06638,-1.2575,-1.42246,-0.868581,-2.15319,-1.49931,-1.35584,-0.769715
-2.05073,-1.25792,-1.40495,-0.858141,-2.1369,-1.49984,-1.33823,-0.77086
-2.03471,-1.25803,-1.38774,-0.847737,-2.12022,-1.5,-1.32052,-0.771665
-2.01781,-1.2578,-1.37081,-0.837416,-2.10262,-1.49977,-1.30274,-0.772121
-2.00181,-1.25726,-1.35414,-0.827222,-2.08596,-1.49918,-1.28487,-0.77222
-1.98401,-1.25631,-1.3377,-0.817191,-2.06743,-1.49811,-1.26692,-0.771955
-1.96837,-1.25517,-1.32146,-0.80735,-2.05115,-1.49682,-1.24888,-0.771317
-1.95176,-1.25366,-1.30537,-0.797723,-2.03387,-1.4951,-1.23076,-0.770299
-1.9342,-1.25173,-1.2894,-0.788326,-2.0156,-1.4929,-1.21257,-0.768893
-1.91587,-1.24937,-1.27351,-0.779166,-1.99653,-1.49019,-1.19429,-0.767096
-1.89994,-1.24703,-1.25767,-0.770247,-1.97996,-1.4875,-1.17594,-0.764906
-1.88084,-1.24388,-1.24183,-0.761571,-1.96009,-1.48388,-1.1575,-0.762318
-1.86513,-1.24102,-1.22597,-0.753136,-1.94375,-1.48058,-1.13899,-0.75933
-1.84738,-1.2375,-1.21005,-0.744937,-1.92529,-1.47651,-1.12041,-0.75594
-1.82953,-1.23365,-1.19405,-0.736966,-1.90674,-1.47207,-1.10176,-0.752149
-1.81197,-1.22958,-1.17794,-0.729216,-1.88848,-1.46736,-1.08303,-0.747958
-1.79381,-1.22507,-1.16168,-0.721677,-1.8696,-1.46214,-1.06423,-0.743371
-1.77585,-1.22032,-1.14526,-0.714334,-1.85092,-1.45665,-1.04537,-0.738393
-1.75798,-1.21532,-1.12866,-0.707167,-1.83234,-1.45085,-1.02644,-0.733026
-1.73944,-1.20984,-1.11524,-0.701545,-1.81308,-1.4445,-1.00745,-0.727273
-1.72094,-1.20409,-1.09485,-0.693274,-1.79384,-1.43783,-0.992221,-0.722394
-1.70247,-1.19807,-1.07761,-0.6865,-1.77465,-1.43084,-0.969313,-0.714621
-1.68331,-1.19155,-1.06012,-0.679804,-1.75473,-1.42326,-0.95017,-0.707733
-1.66484,-1.18498,-1.04237,-0.673158,-1.73553,-1.41563,-0.930982,-0.700472
-1.64553,-1.17784,-1.02437,-0.666526,-1.71546,-1.40733,-0.911754,-0.692843
-1.62704,-1.17075,-1.0061,-0.659873,-1.69625,-1.39908,-0.892488,-0.684845
-1.6077,-1.16307,-0.987556,-0.653164,-1.67615,-1.39013,-0.873186,-0.67648
-1.58878,-1.15529,-0.968748,-0.646367,-1.65648,-1.38107,-0.85385,-0.667753
-1.56943,-1.14709,-0.949678,-0.639451,-1.63637,-1.37151,-0.834483,-0.658667
-1.5491,-1.13819,-0.930356,-0.632386,-1.61524,-1.36113,-0.815088,-0.64923
-1.53077,-1.12994,-0.910794,-0.625143,-1.59619,-1.3515,-0.795669,-0.639446
-1.50951,-1.1201,-0.894981,-0.619202,-1.5741,-1.34001,-0.776233,-0.629322
-1.49056,-1.11108,-0.871008,-0.61002,-1.5544,-1.32948,-0.756784,-0.618863
-1.47148,-1.10178,-0.850817,-0.602091,-1.53456,-1.3186,-0.737325,-0.608077
-1.45086,-1.09149,-0.830448,-0.593886,-1.51313,-1.30656,-0.717859,-0.596969
-1.43187,-1.08179,-0.809918,-0.585387,-1.49339,-1.29521,-0.698387,-0.585543
-1.41162,-1.07121,-0.789244,-0.576576,-1.47234,-1.28282,-0.678907,-0.573806
-1.39092,-1.06017,-0.768446,-0.567437,-1.45082,-1.26988,-0.659416,-0.561761
-1.37141,-1.04955,-0.747543,-0.557962,-1.43054,-1.25742,-0.639913,-0.549412
-1.35031,-1.03783,-0.726558,-0.548142,-1.40859,-1.24367,-0.6204,-0.536766
-1.33037,-1.02654,-0.70551,-0.537974,-1.38786,-1.23042,-0.600876,-0.523826
-1.30918,-1.01432,-0.684419,-0.527454,-1.36582,-1.21606,-0.581342,-0.510601
-1.28931,-1.00266,-0.663302,-0.516585,-1.34516,-1.20236,-0.561798,-0.497095
-1.26797,-0.989936,-0.642174,-0.50537,-1.32297,-1.18738,-0.542242,-0.483317
-1.2475,-0.97752,-0.621052,-0.493813,-1.30168,-1.17277,-0.522674,-0.469271
-1.22744,-0.965165,-0.599948,-0.481917,-1.28081,-1.15821,-0.503093,-0.454962
-1.20586,-0.951676,-0.578875,-0.46969,-1.25836,-1.14231,-0.483497,-0.440393
-1.18507,-0.938488,-0.557843,-0.457137,-1.23673,-1.12675,-0.463886,-0.42557
-1.16436,-0.92517,-0.536862,-0.444267,-1.21519,-1.11103,-0.444258,-0.410493
-1.14315,-0.91134,-0.515939,-0.431094,-1.19311,-1.09469,-0.424612,-0.395168
-1.122,-0.897374,-0.495082,-0.417631,-1.1711,-1.07819,-0.40495,-0.379601
-1.10035,-0.882888,-0.474292,-0.403889,-1.14856,-1.06105,-0.385271,-0.363799
-1.07942,-0.86872,-0.453571,-0.389881,-1.12678,-1.04428,-0.365571,-0.347767
-1.05806,-0.854095,-0.43292,-0.375618,-1.10454,-1.02695,-0.34585,-0.331507
-1.03593,-0.838761,-0.41234,-0.361112,-1.0815,-1.00878,-0.326106,-0.315026
-1.01514,-0.824202,-0.39183,-0.346371,-1.05985,-0.991508,-0.306339,-0.298324
-0.993283,-0.808735,-0.371389,-0.33141,-1.03709,-0.973147,-0.286547,-0.281405
-0.97135,-0.793055,-0.351014,-0.31624,-1.01424,-0.954521,-0.266731,-0.264274
-0.949661,-0.777397,-0.330704,-0.300872,-0.991648,-0.935907,-0.246891,-0.246935
-0.923887,-0.758598,-0.318547,-0.291561,-0.964796,-0.913543,-0.227025,-0.229392
-0.905982,-0.74542,-0.298331,-0.275899,-0.94614,-0.897854,-0.215095,-0.21877
-0.88448,-0.72947,-0.278165,-0.260065,-0.923733,-0.878854,-0.19519,-0.200909
-0.861248,-0.712088,-0.258044,-0.244069,-0.89952,-0.858133,-0.175259,-0.182853
-0.840319,-0.696301,-0.237965,-0.227919,-0.877704,-0.8393,-0.155304,-0.164607
-0.818599,-0.679793,-0.21792,-0.211623,-0.855062,-0.819595,-0.135326,-0.146176
-0.79504,-0.66175,-0.197905,-0.195188,-0.830498,-0.798041,-0.115326,-0.12756
-0.773954,-0.645482,-0.177915,-0.178623,-0.808511,-0.778595,-0.0953046,-0.108765
-0.751587,-0.628108,-0.157944,-0.161939,-0.785184,-0.757814,-0.0752636,-0.0897956
-0.729938,-0.611181,-0.137985,-0.14514,-0.762605,-0.737554,-0.0552025,-0.0706573
-0.707512,-0.593535,-0.118035,-0.128232,-0.739211,-0.716419,-0.0351219,-0.051354
-0.685413,-0.576038,-0.0980879,-0.111219,-0.716155,-0.69545,-0.0150225,-0.0318874
-0.662318,-0.557643,-0.0781397,-0.0941063,-0.692057,-0.673391,0.00509381,-0.0122597
-0.640394,-0.540082,-0.0581844,-0.0768993,-0.669179,-0.652319,0.0252267,0.00752611
-0.618109,-0.522135,-0.0382187,-0.0596049,-0.64592,-0.630771,0.0453765,0.0274659
-0.595399,-0.503752,-0.0182378,-0.0422273,-0.622216,-0.608686,0.0655415,0.0475544
-0.573243,-0.485728,0.00176112,-0.0247709,-0.599087,-0.58702,0.0857219,0.0677888
-0.550678,-0.467284,0.0217801,-0.00724206,-0.575528,-0.564838,0.105916,0.0881657
-0.527668,-0.448391,0.0418217,0.0103551,-0.551501,-0.542102,0.126122,0.10868
-0.504482,-0.429272,0.0618879,0.0280147,-0.52729,-0.519081,0.146339,0.129328
-0.481812,-0.410499,0.0819803,0.0457294,-0.503613,-0.496466,0.166566,0.150104
-0.459585,-0.392023,0.102101,0.0634929,-0.480397,-0.474198,0.1868,0.171002
-0.436421,-0.372697,0.112172,0.0723915,-0.4562,-0.450894,0.207041,0.192015
-0.414451,-0.354306,0.126286,0.0848668,-0.433249,-0.428707,0.217165,0.202564
-0.391974,-0.335429,0.146475,0.102722,-0.409765,-0.405925,0.23134,0.217378
-0.368325,-0.315506,0.160627,0.115243,-0.385054,-0.381869,0.251595,0.238631
-0.346149,-0.29677,0.174797,0.127779,-0.361881,-0.359238,0.265775,0.253568
-0.32353,-0.27761,0.186958,0.138537,-0.338243,-0.336086,0.275905,0.264267
-0.300148,-0.257754,0.20726,0.156493,-0.313806,-0.312084,0.292115,0.281434
-0.277798,-0.23873,0.227605,0.17448,-0.290445,-0.289081,0.312381,0.302979
-0.25331,-0.217841,0.243916,0.188889,-0.264849,-0.263815,0.332648,0.324614
-0.231637,-0.199317,0.264353,0.206922,-0.242193,-0.241402,0.348862,0.341984
-0.209053,-0.179983,0.284844,0.224974,-0.218584,-0.218003,0.369132,0.363767
-0.186486,-0.160632,0.305395,0.243041,-0.194991,-0.194578,0.389403,0.385624
-0.163283,-0.140707,0.326006,0.261122,-0.170732,-0.170455,0.409676,0.407549
-0.14038,-0.121017,0.346678,0.27921,-0.146786,-0.146611,0.429951,0.429537
-0.117381,-0.101223,0.367411,0.297297,-0.122739,-0.122636,0.446173,0.44717
-0.0942933,-0.0813348,0.388203,0.315378,-0.0985981,-0.0985449,0.470507,0.473677
-0.0715755,-0.0617517,0.409054,0.333446,-0.0748437,-0.0748204,0.490784,0.495812
-0.0485214,-0.041868,0.429962,0.351497,-0.0507372,-0.0507299,0.51106,0.517981
-0.0256217,-0.0221105,0.450924,0.369524,-0.0267919,-0.0267908,0.531336,0.540179
-0.00229226,-0.0019782,0.471938,0.387519,-0.00239695,-0.00239695,0.551609,0.562397
0.0244361,0.0210874,0.482464,0.396501,0.025552,0.0255511,0.571879,0.584628
0.0434513,0.0374941,0.50144,0.412642,0.0454356,0.0454304,0.582013,0.595745
0.0662609,0.0571688,0.516224,0.42517,0.0692865,0.069268,0.60633,0.622425
0.0940462,0.0811219,0.53738,0.443023,0.0983398,0.098287,0.614434,0.631316
0.116422,0.100397,0.554336,0.457265,0.121736,0.121636,0.634691,0.653537
0.140343,0.120985,0.581945,0.480326,0.146748,0.146572,0.650894,0.671302
0.161069,0.138805,0.590455,0.487399,0.168417,0.168152,0.677217,0.700141
0.188896,0.162699,0.613893,0.506794,0.19751,0.197081,0.685316,0.709005
0.208675,0.179658,0.635244,0.524349,0.218188,0.21761,0.707588,0.733352
0.231108,0.198865,0.656637,0.541828,0.24164,0.240855,0.721761,0.748822
0.249908,0.214935,0.678069,0.559225,0.261292,0.260299,0.748086,0.777496
0.272227,0.233982,0.699536,0.576534,0.284622,0.283338,0.768339,0.799495
0.301451,0.258861,0.721036,0.593749,0.315167,0.313423,0.788594,0.821434
0.319268,0.273994,0.742566,0.610867,0.333788,0.331716,0.808852,0.843309
0.34077,0.292219,0.757653,0.622787,0.35626,0.353739,0.829114,0.865112
0.366382,0.313866,0.785702,0.64478,0.383024,0.379889,0.843301,0.880326
0.387021,0.331261,0.807303,0.661562,0.40459,0.400893,0.863572,0.901988
0.409098,0.349815,0.828919,0.67822,0.427656,0.423288,0.889936,0.930006
0.432157,0.369132,0.844056,0.689802,0.451746,0.446595,0.910225,0.951439
0.454497,0.387784,0.870011,0.709502,0.475082,0.469087,0.924431,0.966375
0.477733,0.407113,0.906779,0.737064,0.499353,0.492387,0.948788,0.991843
0.500217,0.425745,0.917592,0.745095,0.522835,0.514834,0.983312,1.02761
0.522727,0.444324,0.928403,0.75309,0.546342,0.537206,0.993471,1.03807
0.551692,0.468115,0.950019,0.768969,0.576587,0.565837,1.00973,1.05472
0.573449,0.485895,0.971624,0.784695,0.599301,0.587221,1.02396,1.06922
0.597028,0.505073,0.993219,0.800278,0.623916,0.610274,1.0443,1.0898
0.613533,0.518438,1.02127,0.820304,0.641144,0.626331,1.06466,1.11025
0.635137,0.535857,1.04282,0.835512,0.663693,0.647247,1.09115,1.13661
0.660138,0.555901,1.06433,0.850535,0.689782,0.671301,1.11155,1.15668
0.681141,0.572644,1.07937,0.860937,0.711698,0.691381,1.12583,1.17063
0.702411,0.589505,1.10082,0.87563,0.733889,0.711591,1.14624,1.19038
0.725267,0.607515,1.12008,0.888682,0.757732,0.733163,1.1728,1.21576
0.747819,0.62517,1.14996,0.90865,0.781255,0.754298,1.18506,1.22735
0.76975,0.642226,1.15848,0.914278,0.804127,0.774702,1.21369,1.25409
0.791123,0.658736,1.17972,0.928192,0.826414,0.794439,1.22188,1.26165
0.815309,0.677282,1.20515,0.9446,0.851631,0.816596,1.24644,1.2841
0.836263,0.693228,1.22626,0.958032,0.873477,0.835633,1.26693,1.30254
0.858423,0.709964,1.24732,0.971237,0.896576,0.8556,1.28744,1.32075
0.879836,0.726008,1.2683,0.984207,0.918894,0.874728,1.30796,1.3387
0.912741,0.750406,1.28921,0.996937,0.953183,0.903791,1.3285,1.35639
0.939609,0.77009,1.31006,1.00942,0.981177,0.927216,1.34906,1.37382
0.951766,0.778923,1.33082,1.02167,0.993842,0.937722,1.36964,1.39097
0.969807,0.791946,1.34531,1.03009,1.01263,0.953202,1.39023,1.40784
0.988456,0.805298,1.36594,1.04192,1.03206,0.969065,1.40466,1.41948
1.01034,0.820815,1.38649,1.05349,1.05485,0.987488,1.42528,1.43587
1.03359,0.83713,1.40696,1.06481,1.07906,1.00684,1.44592,1.45196
1.05315,0.850703,1.42734,1.07587,1.09942,1.02294,1.46658,1.46775
1.07442,0.865313,1.44764,1.08668,1.12157,1.04024,1.48726,1.48325
1.09617,0.880074,1.46785,1.09724,1.14421,1.05772,1.50796,1.49844
1.11749,0.894372,1.48798,1.10752,1.16641,1.07464,1.52867,1.51332
1.13865,0.908385,1.50801,1.11754,1.18843,1.0912,1.5494,1.52788
1.1635,0.924609,1.52796,1.12729,1.21429,1.11037,1.57014,1.54212
1.18555,0.938792,1.54781,1.13676,1.23723,1.12711,1.5909,1.55603
1.20165,0.949021,1.56757,1.14594,1.25398,1.13918,1.61166,1.5696
1.22274,0.962244,1.58724,1.15484,1.27592,1.15477,1.63244,1.58283
1.24313,0.974845,1.60681,1.16345,1.29713,1.16962,1.65323,1.59571
1.26451,0.987849,1.62629,1.17178,1.31937,1.18493,1.67403,1.60823
1.28453,0.999832,1.64566,1.17981,1.34019,1.19903,1.69483,1.62039
1.30556,1.01221,1.66494,1.18755,1.36206,1.21358,1.71564,1.6322
1.3254,1.02369,1.68412,1.19499,1.38269,1.22707,1.73645,1.64363
1.34622,1.03553,1.7032,1.20214,1.40434,1.24097,1.75726,1.65469
1.36715,1.0472,1.72218,1.20899,1.4261,1.25467,1.77807,1.66539
1.38649,1.05777,1.74105,1.21555,1.44621,1.26707,1.79887,1.6757
1.40735,1.06895,1.75982,1.22181,1.4679,1.28018,1.81967,1.68564
1.42789,1.07973,1.77848,1.22777,1.48925,1.2928,1.84046,1.6952
1.44699,1.08953,1.79703,1.23342,1.50911,1.30427,1.86123,1.70436
1.46704,1.09959,1.81546,1.23876,1.52995,1.31604,1.88199,1.71313
1.48638,1.10906,1.83378,1.24377,1.55005,1.32712,1.90273,1.72149
1.50637,1.11862,1.85198,1.24846,1.57083,1.33828,1.92345,1.72943
1.5256,1.12757,1.87005,1.25283,1.59082,1.34874,1.94413,1.73695
1.54526,1.13648,1.888,1.25687,1.61125,1.35914,1.96478,1.74405
1.56497,1.14516,1.90583,1.2606,1.63174,1.36926,1.9854,1.75073
1.58399,1.15328,1.92354,1.264,1.6515,1.37873,2.00598,1.75698
1.60378,1.16147,1.93234,1.26558,1.67207,1.38827,2.02651,1.76281
1.62202,1.16878,1.9516,1.26876,1.69103,1.39678,2.0429,1.76716
1.64129,1.17624,1.97243,1.27178,1.71105,1.40546,2.06335,1.77221
1.66046,1.18339,1.98965,1.27394,1.73098,1.41378,2.08373,1.77682
1.68075,1.19065,2.00332,1.27542,1.75207,1.42222,2.10406,1.78101
1.69795,1.19656,2.02028,1.27698,1.76994,1.42908,2.12431,1.78475
1.71633,1.20262,2.03207,1.27788,1.78905,1.43611,2.14449,1.78805
1.73468,1.20839,2.05379,1.27911,1.80813,1.44281,2.16458,1.79092
1.75383,1.21412,2.07034,1.27968,1.82803,1.44946,2.1846,1.79335
1.77223,1.21933,2.08837,1.27992,1.84716,1.4555,2.20452,1.79534
1.79024,1.22415,2.09651,1.2799,1.86588,1.46108,2.22237,1.79675
1.80763,1.22853,2.1175,1.27945,1.88396,1.46614,2.2421,1.7979
1.82635,1.23294,2.13349,1.27872,1.90343,1.47124,2.26173,1.79862
1.84327,1.23664,2.15248,1.2774,1.92102,1.47552,2.28125,1.79889
1.86073,1.24018,2.16503,1.27626,1.93918,1.4796,2.30066,1.79873
1.87882,1.24353,2.17594,1.27508,1.95799,1.48347,2.31995,1.79813
1.89619,1.24644,2.196,1.27247,1.97606,1.48682,2.33911,1.79709
1.91306,1.24898,2.21128,1.27008,1.99361,1.48974,2.35815,1.79562
1.93025,1.25125,2.22188,1.26821,2.01149,1.49235,2.37706,1.79373
1.94726,1.2532,2.24139,1.26432,2.02919,1.49457,2.39583,1.7914
1.96458,1.25485,2.25623,1.26094,2.04722,1.49646,2.41447,1.78866
1.98116,1.25612,2.27386,1.25647,2.06447,1.4979,2.43295,1.78549
1.99767,1.25707,2.28114,1.25446,2.08166,1.49897,2.4513,1.7819
2.01426,1.2577,2.29561,1.25021,2.09893,1.49967,2.46948,1.77789
2.03094,1.25801,2.30992,1.24564,2.11629,1.49998,2.48752,1.77348
2.04752,1.25797,2.32833,1.23921,2.13355,1.4999,2.50539,1.76865
2.06319,1.25761,2.3451,1.2328,2.14987,1.49945,2.5231,1.76341
2.07964,1.25689,2.35203,1.22999,2.16701,1.49858,2.54064,1.75777
2.0954,1.25587,2.36578,1.22413,2.18343,1.49735,2.55801,1.75173
2.1108,1.25454,2.38343,1.21604,2.19948,1.49577,2.5752,1.7453
2.12648,1.25285,2.39284,1.21147,2.21582,1.49377,2.59222,1.73848
2.14196,1.25083,2.41013,1.20257,2.23196,1.49138,2.60906,1.73127
2.15738,1.24847,2.42587,1.19389,2.24804,1.4886,2.62571,1.72368
2.17253,1.24581,2.43883,1.18632,2.26384,1.48546,2.64218,1.71571
2.1875,1.24282,2.4491,1.18005,2.27945,1.48195,2.65845,1.70738
2.20298,1.23936,2.46179,1.17196,2.2956,1.47789,2.67454,1.69868
2.21708,1.23587,2.47434,1.16356,2.31032,1.47379,2.69043,1.68963
2.23202,1.2318,2.48919,1.15311,2.32591,1.46902,2.70612,1.68023
2.24633,1.22755,2.49532,1.14863,2.34086,1.46403,2.72161,1.67048
2.26044,1.22299,2.51227,1.13571,2.35559,1.45869,2.7369,1.66039
2.27656,1.21735,2.52182,1.12809,2.37243,1.45207,2.75048,1.65103
2.2896,1.21242,2.53009,1.12127,2.38606,1.4463,2.76537,1.64031
2.30269,1.20715,2.54755,1.10622,2.39974,1.44012,2.78005,1.62928
2.3166,1.20117,2.55328,1.10108,2.41428,1.43312,2.79451,1.61793
2.32969,1.19518,2.56463,1.09058,2.42798,1.4261,2.80875,1.60628
2.3441,1.18817,2.57915,1.07656,2.44305,1.41788,2.82277,1.59433
2.35632,1.18187,2.59012,1.06548,2.45583,1.4105,2.83657,1.58209
2.36951,1.17469,2.59769,1.05757,2.46964,1.40209,2.85014,1.56957
2.38226,1.16737,2.61155,1.04257,2.483,1.39351,2.86348,1.55676
2.39521,1.15954,2.62408,1.02835,2.49656,1.38433,2.87399,1.54632
2.40825,1.15124,2.63433,1.01625,2.51022,1.37459,2.88947,1.53033
2.42026,1.1432,2.64441,1.0039,2.52281,1.36517,2.90212,1.51673
2.43255,1.13459,2.64938,0.997644,2.5357,1.35507,2.91453,1.50286
2.44492,1.12551,2.6592,0.98496,2.54866,1.34442,2.92671,1.48875
2.45676,1.11641,2.6717,0.968148,2.56109,1.33374,2.93866,1.4744
2.46868,1.10684,2.68296,0.952315,2.5736,1.3225,2.95036,1.45983
2.4803,1.09709,2.68758,0.94563,2.5858,1.31105,2.96183,1.44504
2.49181,1.08702,2.69938,0.928011,2.59789,1.29923,2.97306,1.43003
2.50307,1.07675,2.70825,0.914232,2.60972,1.28716,2.98405,1.41481
2.51418,1.0662,2.71865,0.897443,2.62139,1.27476,2.9948,1.3994
2.52525,1.05526,2.72291,0.890367,2.63303,1.26188,3.00531,1.38378
2.53618,1.04401,2.73376,0.871751,2.64453,1.24865,3.01559,1.36799
2.54692,1.03252,2.73785,0.864509,2.65584,1.23513,3.02562,1.352
2.5574,1.02088,2.74748,0.846944,2.66686,1.22142,3.03541,1.33584
2.56782,1.00885,2.75376,0.835094,2.67783,1.20724,3.04306,1.32279
2.57802,0.99662,2.76144,0.820124,2.68858,1.19283,3.05426,1.30301
2.58817,0.983986,2.7726,0.797348,2.69928,1.17793,3.06333,1.28635
2.5978,0.971555,2.77767,0.786588,2.70943,1.16326,3.07216,1.26954
2.60823,0.957585,2.78685,0.766393,2.72043,1.14677,3.08074,1.25257
2.61853,0.943236,2.79166,0.755406,2.7313,1.12983,3.08909,1.23546
2.62651,0.931716,2.79838,0.739575,2.73972,1.11621,3.0972,1.2182
2.63555,0.918247,2.80684,0.71876,2.74927,1.10029,3.10507,1.20081
2.64438,0.904611,2.81438,0.699318,2.7586,1.08416,3.11271,1.18328
2.65335,0.890275,2.81926,0.68624,2.76808,1.0672,3.12012,1.16562
2.66206,0.87584,2.82343,0.674723,2.77729,1.05011,3.1273,1.14783
2.67048,0.861406,2.82924,0.658158,2.78619,1.03301,3.13425,1.12993
2.67882,0.846573,2.83761,0.633068,2.79502,1.01543,3.14098,1.11192
2.6873,0.830969,2.84297,0.616186,2.80399,0.996919,3.14747,1.09381
2.69504,0.816201,2.84814,0.599189,2.81218,0.979395,3.15375,1.07559
2.70318,0.800097,2.85313,0.582084,2.82082,0.960275,3.15981,1.05728
2.71118,0.783705,2.85795,0.564878,2.82929,0.9408,3.16565,1.03888
2.7179,0.769427,2.86258,0.54758,2.83642,0.923829,3.17127,1.0204
2.72521,0.753382,2.86703,0.530193,2.84417,0.904747,3.17668,1.00184
2.73245,0.736897,2.8713,0.512723,2.85185,0.88513,3.18188,0.983219
2.73927,0.720797,2.87539,0.495177,2.85909,0.865961,3.18686,0.96453
2.74606,0.704163,2.87929,0.477561,2.8663,0.846146,3.19164,0.94578
2.7525,0.68781,2.88302,0.459884,2.87315,0.826654,3.19622,0.926977
2.7591,0.670421,2.88656,0.442151,2.88016,0.805916,3.20059,0.908127
2.76528,0.653529,2.88993,0.424367,2.88672,0.78576,3.20476,0.889236
2.77134,0.636294,2.89311,0.406537,2.89317,0.765182,3.20874,0.870308
2.77721,0.618979,2.89552,0.392243,2.89941,0.744499,3.21252,0.851346
2.7829,0.601495,2.89891,0.370756,2.90547,0.723603,3.2161,0.832354
2.78829,0.584275,2.90154,0.352811,2.91121,0.703011,3.21949,0.813337
2.79381,0.565909,2.90397,0.33483,2.9171,0.681038,3.22269,0.794294
2.79898,0.547992,2.90622,0.316816,2.9226,0.659591,3.22511,0.779041
2.80386,0.530356,2.90827,0.298773,2.9278,0.63847,3.22851,0.756131
2.80882,0.511615,2.91012,0.280707,2.93309,0.616014,3.23114,0.737018
2.81341,0.493467,2.91177,0.262614,2.93799,0.594259,3.23311,0.721714
2.81893,0.470548,2.91318,0.244455,2.94388,0.566769,3.23584,0.698734
2.82223,0.456171,2.9143,0.226172,2.9474,0.549517,3.23787,0.679519
2.82628,0.437759,2.91501,0.207647,2.95172,0.527415,3.23963,0.660182
2.83033,0.41839,2.91517,0.188706,2.95605,0.504154,3.24103,0.640602
2.83405,0.399636,2.91464,0.169198,2.96002,0.481622,3.24194,0.6206
2.83748,0.38142,2.91337,0.149106,2.96369,0.459729,3.24222,0.600021
2.84088,0.362336,2.91159,0.128697,2.96732,0.436782,3.24187,0.578839
2.84408,0.343319,2.90937,0.108086,2.97074,0.413909,3.24108,0.55732
2.84709,0.324284,2.90664,0.0872419,2.97396,0.391005,3.23992,0.535568
2.84995,0.304981,2.90343,0.0662299,2.97702,0.367771,3.23836,0.513537
2.85269,0.285205,2.89988,0.045192,2.97995,0.34396,3.23643,0.491282
2.85516,0.265998,2.89605,0.0241998,2.98259,0.320828,3.23425,0.468948
2.85748,0.246578,2.89201,0.00332638,2.98507,0.297432,3.23186,0.44661
2.85962,0.227091,2.88781,-0.0173696,2.98736,0.273949,3.22934,0.424346
2.86171,0.206151,2.88349,-0.0378654,2.9896,0.248708,3.22672,0.402221
2.8634,0.187477,2.87995,-0.0541102,2.99141,0.226195,3.22403,0.380258
2.865,0.167799,2.87452,-0.0782195,2.99313,0.202467,3.22183,0.362814
2.86645,0.147758,2.86988,-0.0980708,2.99468,0.178295,3.21847,0.336865
2.86768,0.128234,2.86515,-0.117701,2.996,0.154744,3.2156,0.315446
2.86878,0.107867,2.86031,-0.137115,2.99717,0.130172,3.21268,0.294218
2.86964,0.0886715,2.85538,-0.15632,2.99809,0.107011,3.20971,0.273178
2.87035,0.0688078,2.85034,-0.175323,2.99885,0.0830415,3.20667,0.252322
2.87087,0.0493679,2.8452,-0.194129,2.99941,0.0595815,3.20355,0.231645
2.87122,0.0293172,2.84101,-0.20904,2.99979,0.0353831,3.20037,0.211143
2.8714,0.00944454,2.83458,-0.231194,2.99998,0.0113987,3.19709,0.19081
2.87139,-0.0104136,2.82911,-0.249471,2.99997,-0.0125683,3.19373,0.170638
2.87121,-0.0303342,2.82351,-0.267591,2.99978,-0.0366105,3.19097,0.154613
2.87085,-0.0503098,2.81781,-0.285561,2.99939,-0.0607181,3.18671,0.130756
2.87027,-0.0710601,2.81199,-0.30339,2.99877,-0.0857594,3.18304,0.111034
2.86955,-0.0907496,2.80665,-0.319317,2.998,-0.109519,3.17925,0.0914534
2.86865,-0.1104,2.80062,-0.336888,2.99703,-0.133228,3.17731,0.0817153
2.86758,-0.129941,2.79448,-0.354331,2.99589,-0.156804,3.17172,0.0546312
2.86632,-0.149705,2.78824,-0.371649,2.99454,-0.180644,3.16757,0.0354467
2.86486,-0.169704,2.7819,-0.388843,2.99297,-0.204763,3.16329,0.0163966
2.86319,-0.189943,2.77546,-0.405914,2.99118,-0.229168,3.15887,-0.0025185
2.86147,-0.208681,2.76893,-0.42286,2.98934,-0.251759,3.1543,-0.0212969
2.85949,-0.228331,2.76232,-0.439682,2.98722,-0.275443,3.14959,-0.0399338
2.85734,-0.247757,2.75563,-0.456382,2.98493,-0.298851,3.14474,-0.0584267
2.855,-0.267335,2.74887,-0.472959,2.98242,-0.322438,3.13973,-0.0767746
2.85251,-0.286556,2.74206,-0.489417,2.97976,-0.345586,3.13458,-0.0949753
2.84936,-0.309051,2.73519,-0.505758,2.97639,-0.37267,3.12927,-0.113027
2.84701,-0.324795,2.72828,-0.521987,2.97387,-0.39162,3.12381,-0.13093
2.84385,-0.344706,2.72133,-0.538106,2.9705,-0.415577,3.1182,-0.148684
2.84068,-0.363477,2.71438,-0.554113,2.96711,-0.438154,3.11359,-0.162779
2.83729,-0.382482,2.70743,-0.570011,2.96348,-0.461005,3.10651,-0.183733
2.83368,-0.401564,2.70051,-0.5858,2.95962,-0.483939,3.10046,-0.201018
2.82977,-0.42115,2.69364,-0.601481,2.95544,-0.507469,3.09426,-0.218137
2.82596,-0.439229,2.68684,-0.617048,2.95138,-0.52918,3.08793,-0.235087
2.82188,-0.457719,2.68147,-0.62942,2.94703,-0.551376,3.08148,-0.251858
2.8174,-0.477027,2.67357,-0.647848,2.94225,-0.574542,3.07624,-0.26514
2.81311,-0.4947,2.66713,-0.663186,2.93766,-0.595737,3.06825,-0.284841
2.80845,-0.513043,2.66081,-0.678641,2.93269,-0.617726,3.06139,-0.301129
2.80339,-0.53206,2.6546,-0.694306,2.92731,-0.640511,3.05421,-0.317418
2.79867,-0.549072,2.64907,-0.708623,2.92227,-0.660884,3.04661,-0.333821
2.7934,-0.5673,2.64292,-0.724793,2.91666,-0.682703,3.03931,-0.348764
2.78784,-0.585757,2.63675,-0.741146,2.91073,-0.704784,3.03328,-0.360557
2.78246,-0.602852,2.63241,-0.752616,2.90501,-0.725226,3.02126,-0.382855
2.77684,-0.620082,2.6262,-0.768936,2.89902,-0.745817,3.01445,-0.394999
2.77088,-0.637617,2.61991,-0.785216,2.89269,-0.766762,3.00443,-0.412383
2.76483,-0.654768,2.61345,-0.80157,2.88625,-0.787238,2.99407,-0.429832
2.75862,-0.671729,2.60678,-0.817985,2.87964,-0.807476,2.98329,-0.447436
2.75232,-0.688285,2.60002,-0.834306,2.87295,-0.827221,2.97212,-0.465156
2.74554,-0.705454,2.59321,-0.850439,2.86575,-0.847684,2.96076,-0.482829
2.73889,-0.721696,2.58641,-0.866312,2.85869,-0.867032,2.94929,-0.500362
2.73174,-0.738525,2.57969,-0.881856,2.8511,-0.887068,2.93782,-0.517678
2.72481,-0.754275,2.57305,-0.897039,2.84374,-0.905809,2.92641,-0.534708
2.71744,-0.770426,2.56652,-0.911844,2.83593,-0.925016,2.91509,-0.551415
2.7097,-0.786777,2.56009,-0.926265,2.82772,-0.944451,2.9039,-0.567781
2.70235,-0.801765,2.55374,-0.94031,2.81994,-0.962255,2.89284,-0.5838
2.69436,-0.817516,2.54746,-0.953985,2.81147,-0.980956,2.88193,-0.599475
2.68642,-0.832611,2.5412,-0.967302,2.80306,-0.998867,2.87115,-0.614811
2.67787,-0.848288,2.53493,-0.980272,2.79401,-1.01746,2.8605,-0.629819
2.66993,-0.862362,2.52861,-0.992906,2.78561,-1.03414,2.84999,-0.644507
2.66146,-0.876851,2.52218,-1.00521,2.77665,-1.0513,2.83959,-0.658887
2.65252,-0.891625,2.51562,-1.0172,2.7672,-1.0688,2.82931,-0.672966
2.64389,-0.905382,2.50886,-1.02886,2.75808,-1.08508,2.81914,-0.686753
2.635,-0.919073,2.50187,-1.04021,2.74869,-1.10127,2.80908,-0.700255
2.62591,-0.932605,2.4946,-1.05123,2.73908,-1.11727,2.79913,-0.713477
2.61646,-0.946161,2.487,-1.06192,2.72911,-1.13328,2.78928,-0.726421
2.60632,-0.960175,2.47904,-1.07226,2.71842,-1.14983,2.77954,-0.739091
2.59719,-0.972355,2.47069,-1.08223,2.70879,-1.16421,2.76991,-0.75149
2.58696,-0.985519,2.46192,-1.09183,2.698,-1.17974,2.76037,-0.763618
2.5773,-0.997497,2.45271,-1.10101,2.68782,-1.19386,2.75095,-0.775475
2.56701,-1.0098,2.44305,-1.10976,2.67698,-1.20836,2.74162,-0.787066
2.55669,-1.02169,2.43291,-1.11806,2.66611,-1.22236,2.7324,-0.798392
2.546,-1.03353,2.42229,-1.12588,2.65486,-1.23631,2.72328,-0.809455
2.53563,-1.04459,2.41119,-1.13318,2.64396,-1.24933,2.71425,-0.820254
2.52374,-1.05678,2.39961,-1.13993,2.63145,-1.26367,2.70531,-0.83079
2.5135,-1.06686,2.38755,-1.14611,2.62068,-1.27553,2.69823,-0.839028
2.50211,-1.07764,2.37503,-1.15168,2.60871,-1.2882,2.68771,-0.851068
2.49097,-1.08777,2.36204,-1.15662,2.59701,-1.3001,2.67903,-0.860814
2.47961,-1.09769,2.3486,-1.16091,2.58507,-1.31175,2.67042,-0.870299
2.46774,-1.10761,2.33474,-1.16454,2.57262,-1.3234,2.66186,-0.879527
2.45622,-1.11684,2.32046,-1.16748,2.56052,-1.33424,2.65335,-0.888503
2.44406,-1.12616,2.3058,-1.16972,2.54776,-1.34518,2.64488,-0.89723
2.432,-1.13499,2.29078,-1.17126,2.53512,-1.35554,2.63812,-0.904033
2.41963,-1.14364,2.27542,-1.1721,2.52215,-1.36568,2.62799,-0.913944
2.4071,-1.15198,2.25976,-1.17221,2.50902,-1.37547,2.61953,-0.921938
2.39419,-1.16017,2.24382,-1.17161,2.49549,-1.38507,2.61106,-0.929689
2.38173,-1.16769,2.22763,-1.1703,2.48244,-1.39388,2.60256,-0.937202
2.36889,-1.17504,2.21122,-1.16827,2.469,-1.40249,2.594,-0.944475
2.35531,-1.1824,2.19462,-1.16553,2.45478,-1.41113,2.58538,-0.951508
2.34241,-1.18901,2.17785,-1.16208,2.44129,-1.41887,2.57666,-0.958299
2.32916,-1.19543,2.16093,-1.15793,2.42742,-1.42639,2.56785,-0.964848
2.31536,-1.20172,2.1439,-1.15308,2.41299,-1.43376,2.5589,-0.971151
2.30169,-1.20756,2.12677,-1.14754,2.3987,-1.4406,2.54981,-0.977202
2.28788,-1.21309,2.10957,-1.14132,2.38427,-1.44708,2.54056,-0.982996
2.27381,-1.21834,2.09232,-1.13443,2.36956,-1.45324,2.53111,-0.988527
2.25978,-1.22321,2.07504,-1.1269,2.35491,-1.45895,2.52146,-0.993784
2.24517,-1.22791,2.05776,-1.11873,2.33965,-1.46445,2.51158,-0.998758
2.2309,-1.23212,2.04049,-1.10997,2.32474,-1.46939,2.50145,-1.00344
2.21634,-1.23606,2.02324,-1.10062,2.30955,-1.47401,2.49105,-1.00782
2.20148,-1.23972,2.00604,-1.09073,2.29404,-1.4783,2.48036,-1.01189
2.18628,-1.24308,1.98891,-1.08031,2.27818,-1.48226,2.46936,-1.01564
2.17127,-1.24604,1.97186,-1.06943,2.26252,-1.48574,2.45804,-1.01904
2.15602,-1.2487,1.95491,-1.05811,2.24662,-1.48886,2.44638,-1.02209
2.14078,-1.251,1.93808,-1.04639,2.23073,-1.49158,2.43438,-1.02476
2.12536,-1.25298,1.92138,-1.03433,2.21466,-1.49392,2.42203,-1.02704
2.11001,-1.25462,1.90483,-1.02196,2.19866,-1.49586,2.40933,-1.02892
2.0942,-1.25596,1.88845,-1.00932,2.18218,-1.49746,2.39629,-1.03037
2.07825,-1.25697,1.87223,-0.996465,2.16556,-1.49867,2.3829,-1.03137
2.06228,-1.25764,1.85618,-0.983433,2.14893,-1.49949,2.36917,-1.03191
2.04624,-1.25798,1.84029,-0.970273,2.13222,-1.49992,2.35512,-1.03197
2.03002,-1.258,1.82456,-0.957032,2.11534,-1.49998,2.34075,-1.03154
2.01385,-1.25769,1.80899,-0.943751,2.09849,-1.49966,2.32607,-1.03062
1.9969,-1.25703,1.79354,-0.930472,2.08085,-1.49893,2.31111,-1.02919
1.98018,-1.25605,1.77821,-0.917238,2.06344,-1.49783,2.29588,-1.02723
1.96366,-1.25477,1.76601,-0.906709,2.04625,-1.49637,2.28038,-1.02476
1.94653,-1.25312,1.75233,-0.894951,2.02843,-1.49449,2.26782,-1.02239
1.92955,-1.25117,1.73716,-0.882028,2.01076,-1.49225,2.2535,-1.01932
1.91211,-1.24884,1.722,-0.869282,1.99262,-1.48958,2.23739,-1.01539
1.89466,-1.2462,1.7068,-0.856739,1.97447,-1.48654,2.22107,-1.01091
1.87395,-1.24266,1.69152,-0.844424,1.95293,-1.48246,2.20456,-1.00588
1.86019,-1.24007,1.67612,-0.832364,1.93862,-1.47948,2.18788,-1.0003
1.84167,-1.2363,1.66054,-0.820582,1.91936,-1.47513,2.17103,-0.994174
1.82399,-1.2324,1.64476,-0.809091,1.90097,-1.47062,2.15402,-0.987494
1.80644,-1.22824,1.62872,-0.797897,1.88273,-1.46581,2.13685,-0.980265
1.78856,-1.22371,1.61241,-0.786997,1.86414,-1.46057,2.11954,-0.972486
1.77067,-1.2189,1.59579,-0.776383,1.84554,-1.455,2.10209,-0.964161
1.75222,-1.21365,1.57883,-0.766033,1.82636,-1.44891,2.08448,-0.95529
1.73354,-1.20804,1.56152,-0.755922,1.80694,-1.44241,2.06673,-0.945877
1.71551,-1.20235,1.54386,-0.746015,1.7882,-1.43581,2.04882,-0.935923
1.69643,-1.19605,1.52582,-0.736275,1.76836,-1.42849,2.03074,-0.925426
1.67812,-1.18973,1.50182,-0.723795,1.74934,-1.42115,2.0125,-0.914388
1.65889,-1.18281,1.47909,-0.712389,1.72934,-1.41311,1.98851,-0.899231
1.64044,-1.17591,1.46363,-0.704813,1.71017,-1.40508,1.96608,-0.884432
1.62113,-1.16843,1.43999,-0.693449,1.6901,-1.39637,1.95095,-0.874137
1.60199,-1.16075,1.41377,-0.681073,1.67021,-1.38743,1.93186,-0.860794
1.58268,-1.15273,1.39527,-0.672433,1.65014,-1.37809,1.90279,-0.839808
1.56371,-1.14461,1.37439,-0.662733,1.63043,-1.36862,1.8851,-0.826666
1.54379,-1.13582,1.33814,-0.645923,1.60972,-1.35837,1.86521,-0.811587
1.52453,-1.12708,1.3164,-0.635803,1.58971,-1.34816,1.83083,-0.784824
1.50482,-1.11789,1.29436,-0.625482,1.56922,-1.33743,1.81026,-0.768433
1.48553,-1.10865,1.27204,-0.614936,1.54917,-1.32664,1.78943,-0.751572
1.46506,-1.09861,1.24945,-0.604145,1.52789,-1.31489,1.76833,-0.734251
1.44523,-1.08863,1.22662,-0.593091,1.50728,-1.30322,1.74695,-0.716478
1.42543,-1.07845,1.20819,-0.584049,1.4867,-1.2913,1.72531,-0.698265
1.40455,-1.06747,1.19195,-0.575985,1.46499,-1.27844,1.71439,-0.688997
1.38517,-1.05706,1.16859,-0.56421,1.44484,-1.26624,1.69234,-0.670145
1.36465,-1.04582,1.14507,-0.552126,1.42351,-1.25305,1.67004,-0.650883
1.34445,-1.03453,1.12613,-0.542233,1.4025,-1.2398,1.64747,-0.631223
1.32231,-1.02192,1.10235,-0.529576,1.37948,-1.22499,1.62924,-0.61522
1.297,-1.0072,1.07844,-0.516592,1.35316,-1.20769,1.60622,-0.59488
1.27504,-0.994175,1.05443,-0.50328,1.33032,-1.19237,1.58295,-0.57418
1.24819,-0.977939,1.03034,-0.489641,1.30239,-1.17326,1.55943,-0.553134
1.2355,-0.970153,1.01344,-0.4799,1.2892,-1.16409,1.53568,-0.531755
1.21202,-0.955547,0.982002,-0.461392,1.26477,-1.14688,1.51891,-0.516598
1.17796,-0.933931,0.95779,-0.446791,1.22933,-1.12138,1.48749,-0.488048
1.15527,-0.919266,0.933569,-0.431879,1.20573,-1.10406,1.46307,-0.465744
1.1334,-0.904923,0.909354,-0.416664,1.18296,-1.08711,1.44585,-0.449961
1.09304,-0.877958,0.88516,-0.401156,1.14095,-1.05522,1.4136,-0.420292
1.0731,-0.864408,0.860998,-0.385363,1.1202,-1.03917,1.38856,-0.397164
1.05245,-0.850224,0.83688,-0.369296,1.0987,-1.02237,1.36333,-0.373783
1.03288,-0.836633,0.812816,-0.352968,1.07832,-1.00625,1.33792,-0.350157
1.01194,-0.821949,0.788814,-0.336396,1.05652,-0.988834,1.31231,-0.326298
0.986237,-0.803715,0.764883,-0.319592,1.02975,-0.967185,1.28653,-0.302219
0.971586,-0.793225,0.74103,-0.302567,1.01449,-0.954722,1.26058,-0.277932
0.955349,-0.781517,0.71726,-0.285337,0.997574,-0.940806,1.23445,-0.253442
0.932504,-0.764906,0.69358,-0.267916,0.973775,-0.921049,1.20816,-0.228764
0.9088,-0.7475,0.669997,-0.250315,0.949076,-0.900331,1.18966,-0.211382
0.893541,-0.736207,0.646512,-0.232548,0.933175,-0.886881,1.15511,-0.178879
0.874658,-0.72214,0.623129,-0.214629,0.913497,-0.870118,1.1364,-0.161263
0.855752,-0.707954,0.599848,-0.196568,0.893792,-0.853203,1.10146,-0.128355
0.833462,-0.691104,0.576669,-0.178377,0.870557,-0.833097,1.07442,-0.10288
0.811517,-0.674384,0.553591,-0.160065,0.847678,-0.813135,1.04725,-0.0772755
0.789465,-0.65746,0.530611,-0.141643,0.824686,-0.792914,1.01993,-0.0515505
0.767508,-0.640488,0.507731,-0.123117,0.801789,-0.772623,1.00073,-0.0334766
0.745113,-0.623057,0.484948,-0.104494,0.778432,-0.75177,0.964909,0.00022337
0.722908,-0.605661,0.462261,-0.0857818,0.755271,-0.730944,0.937208,0.0262565
0.700572,-0.588051,0.439667,-0.06699,0.73197,-0.709848,0.909387,0.0523751
0.678515,-0.570555,0.423904,-0.0537936,0.708958,-0.688877,0.88145,0.0785671
0.656547,-0.55303,0.394743,-0.0292031,0.686035,-0.667857,0.861828,0.0969383
0.633591,-0.534613,0.3791,-0.0159199,0.662078,-0.645754,0.825251,0.131123
0.611462,-0.516764,0.350158,0.00882038,0.638982,-0.62432,0.805488,0.14956
0.588979,-0.498537,0.327987,0.027907,0.615514,-0.602419,0.768673,0.183844
0.565737,-0.479602,0.305894,0.0470375,0.59125,-0.579654,0.740264,0.210242
0.543812,-0.461656,0.290472,0.0604533,0.568359,-0.558066,0.720338,0.228728
0.521134,-0.443012,0.261922,0.0854162,0.544679,-0.535626,0.683255,0.263065
0.49851,-0.424334,0.240035,0.104655,0.521053,-0.513134,0.65467,0.289471
0.475409,-0.405184,0.218206,0.123923,0.496926,-0.490061,0.626044,0.315861
0.450605,-0.384539,0.196432,0.143214,0.471017,-0.465175,0.605986,0.334319
0.430086,-0.3674,0.174704,0.162525,0.449582,-0.444505,0.568707,0.368554
0.407444,-0.348427,0.159518,0.176052,0.425928,-0.421613,0.548622,0.386958
0.384578,-0.329205,0.137853,0.195384,0.402037,-0.398411,0.519922,0.413203
0.361173,-0.309469,0.109729,0.220528,0.377581,-0.374578,0.491222,0.439386
0.3395,-0.291144,0.0881159,0.239873,0.354933,-0.35244,0.453925,0.473317
0.316678,-0.271796,0.0729953,0.253415,0.331082,-0.329059,0.425258,0.499326
0.294044,-0.252562,0.0449248,0.278562,0.307426,-0.305808,0.405209,0.517479
0.270712,-0.23269,0.0233368,0.2979,0.283038,-0.281776,0.368027,0.55107
0.247716,-0.213063,0.00822644,0.311431,0.259001,-0.258034,0.339484,0.576794
0.225278,-0.193877,-0.00904343,0.326888,0.235546,-0.234818,0.319542,0.594736
0.201713,-0.173692,-0.0306341,0.346192,0.21091,-0.210388,0.296796,0.615173
0.178935,-0.15415,-0.0522352,0.365474,0.187096,-0.186732,0.268437,0.640611
0.156225,-0.134642,-0.0695276,0.380881,0.163352,-0.16311,0.240168,0.665919
0.133695,-0.115265,-0.0954908,0.403957,0.139796,-0.139644,0.217625,0.68607
0.110771,-0.0955307,-0.117153,0.42315,0.115828,-0.115741,0.18394,0.71613
0.0875041,-0.0754837,-0.134502,0.438479,0.0914992,-0.0914567,0.156002,0.74102
0.0641248,-0.0553266,-0.160565,0.461425,0.0670529,-0.0670362,0.133743,0.760826
0.0417446,-0.0360217,-0.182326,0.4805,0.043651,-0.0436464,0.100518,0.790351
0.0182284,-0.0157306,-0.204129,0.499529,0.0190609,-0.0190605,0.0729864,0.814784
-0.0042454,0.00366372,-0.225973,0.518507,-0.00443929,0.00443928,0.045604,0.839057
-0.0268771,0.0231937,-0.247863,0.537432,-0.0281045,0.0281033,0.0183791,0.863167
-0.0520347,0.0448987,-0.269798,0.556298,-0.0544108,0.0544019,-0.00868151,0.887111
-0.0732538,0.0631988,-0.29178,0.5751,-0.0765986,0.0765736,-0.0355705,0.910885
-0.095579,0.0824427,-0.313813,0.593831,-0.0999425,0.099887,-0.0622829,0.934485
-0.118885,0.102518,-0.335899,0.612485,-0.124312,0.124205,-0.0888152,0.957905
-0.141614,0.122078,-0.358039,0.631053,-0.148076,0.147896,-0.115164,0.98114
-0.164398,0.141666,-0.375792,0.645841,-0.171898,0.171616,-0.141328,1.00418
-0.187767,0.161731,-0.402487,0.667905,-0.19633,0.195909,-0.167304,1.02703
-0.210945,0.181603,-0.424795,0.686173,-0.220561,0.219964,-0.193089,1.04968
-0.233674,0.20106,-0.447157,0.704323,-0.244322,0.24351,-0.218681,1.07212
-0.256171,0.220284,-0.469571,0.72235,-0.267839,0.266769,-0.244078,1.09434
-0.278703,0.239501,-0.492033,0.740248,-0.291391,0.290014,-0.269278,1.11635
-0.302443,0.259705,-0.51454,0.758013,-0.316204,0.314443,-0.294277,1.13813
-0.324891,0.278764,-0.53709,0.77564,-0.339665,0.337481,-0.319075,1.15968
-0.347358,0.297793,-0.559681,0.793126,-0.363144,0.360474,-0.343672,1.18101
-0.370602,0.317427,-0.582307,0.810465,-0.387433,0.384189,-0.368067,1.20211
-0.392965,0.336262,-0.604962,0.827653,-0.4108,0.406931,-0.392259,1.22297
-0.415655,0.355315,-0.627645,0.844683,-0.434506,0.429925,-0.416246,1.24359
-0.439129,0.374961,-0.650353,0.86155,-0.45903,0.453624,-0.440031,1.26397
-0.460861,0.393085,-0.673079,0.878249,-0.48173,0.475479,-0.463616,1.2841
-0.48409,0.412388,-0.69582,0.894773,-0.505992,0.498743,-0.487002,1.30398
-0.507605,0.431851,-0.716293,0.90949,-0.53055,0.522188,-0.510188,1.3236
-0.529171,0.449629,-0.739045,0.925668,-0.553072,0.543591,-0.530887,1.34103
-0.551991,0.46836,-0.761793,0.941658,-0.576899,0.566132,-0.553699,1.36015
-0.574154,0.48647,-0.784531,0.957457,-0.600037,0.587913,-0.576316,1.379
-0.598137,0.505973,-0.807253,0.97306,-0.625073,0.611355,-0.598738,1.39758
-0.61949,0.52325,-0.823144,0.983863,-0.647362,0.63211,-0.620967,1.41589
-0.646345,0.544857,-0.852622,1.00366,-0.675389,0.65805,-0.636411,1.42854
-0.664598,0.559464,-0.875259,1.01865,-0.694436,0.675575,-0.664849,1.45167
-0.686785,0.577127,-0.897858,1.03342,-0.717587,0.696756,-0.686509,1.46913
-0.708947,0.594666,-0.920413,1.04798,-0.740707,0.717775,-0.707987,1.4863
-0.733269,0.613793,-0.942917,1.06232,-0.766079,0.74068,-0.729286,1.50318
-0.753704,0.629758,-0.965366,1.07643,-0.787393,0.759788,-0.750407,1.51978
-0.77559,0.646748,-0.987754,1.09032,-0.810217,0.780109,-0.771355,1.53607
-0.798101,0.664102,-1.01007,1.10399,-0.83369,0.800852,-0.792135,1.55208
-0.820227,0.681035,-1.03233,1.11742,-0.856759,0.821077,-0.812748,1.56779
-0.842116,0.697661,-1.05451,1.1306,-0.879577,0.840923,-0.833203,1.5832
-0.86445,0.714492,-1.07662,1.14353,-0.902857,0.861,-0.853505,1.59829
-0.88606,0.730647,-1.09865,1.15621,-0.92538,0.880256,-0.873657,1.61308
-0.907762,0.746735,-1.1206,1.16862,-0.947995,0.89942,-0.893666,1.62754
-0.92939,0.762629,-1.14247,1.18076,-0.97053,0.918339,-0.907591,1.63747
-0.95164,0.778831,-1.16426,1.19261,-0.99371,0.937613,-0.933283,1.65547
-0.973157,0.794353,-1.17946,1.20074,-1.01612,0.956063,-0.952903,1.66893
-0.994946,0.809917,-1.20326,1.21321,-1.03882,0.974551,-0.966566,1.67815
-1.01621,0.824955,-1.21835,1.22096,-1.06097,0.992401,-0.987924,1.69228
-1.03762,0.839934,-1.23983,1.23177,-1.08325,1.01017,-1.00145,1.70105
-1.05954,0.855107,-1.26121,1.24226,-1.10608,1.02815,-1.02068,1.71327
-1.08036,0.869359,-1.27825,1.25043,-1.12775,1.04504,-1.03982,1.72513
-1.10418,0.885468,-1.29311,1.25741,-1.15255,1.0641,-1.05125,1.73208
-1.12304,0.89806,-1.32057,1.26996,-1.17218,1.079,-1.06835,1.74225
-1.14455,0.912257,-1.34157,1.27923,-1.19456,1.09578,-1.09291,1.75642
-1.16562,0.925983,-1.36247,1.28818,-1.21649,1.11199,-1.11172,1.76689
-1.18882,0.940877,-1.38325,1.29681,-1.24063,1.12957,-1.13044,1.777
-1.20812,0.953099,-1.40391,1.30511,-1.26071,1.14399,-1.1435,1.78387
-1.22776,0.965367,-1.42445,1.31308,-1.28115,1.15845,-1.16765,1.79615
-1.24935,0.978648,-1.44486,1.32073,-1.3036,1.17409,-1.18614,1.80519
-1.2702,0.991272,-1.46513,1.32806,-1.32528,1.18896,-1.19904,1.81131
-1.2909,1.00361,-1.48528,1.33506,-1.34682,1.20347,-1.2229,1.82221
-1.31245,1.01622,-1.50528,1.34173,-1.36923,1.2183,-1.24117,1.83019
-1.33265,1.02784,-1.52515,1.34807,-1.39023,1.23194,-1.25938,1.83782
-1.35361,1.03967,-1.53897,1.35232,-1.41202,1.24584,-1.27752,1.84511
-1.37284,1.05033,-1.56054,1.35866,-1.43202,1.25834,-1.29559,1.85205
-1.39241,1.06097,-1.57998,1.36408,-1.45236,1.27082,-1.31,1.85736
-1.41315,1.07202,-1.59927,1.36916,-1.47392,1.28377,-1.32796,1.86368
-1.43537,1.08359,-1.61841,1.3739,-1.49703,1.29732,-1.34585,1.86965
-1.45322,1.09268,-1.63739,1.37831,-1.51559,1.30796,-1.35834,1.87362
-1.47346,1.10276,-1.65622,1.38237,-1.53662,1.31975,-1.38147,1.88055
-1.49546,1.11343,-1.67489,1.3861,-1.55949,1.33222,-1.3992,1.88549
-1.51674,1.12348,-1.69341,1.38948,-1.58161,1.34396,-1.41688,1.89008
-1.53411,1.13146,-1.71176,1.39252,-1.59966,1.35327,-1.43451,1.89434
-1.5514,1.13921,-1.72996,1.39522,-1.61763,1.36232,-1.4521,1.89825
-1.57057,1.14758,-1.748,1.39759,-1.63756,1.37208,-1.46964,1.90182
-1.59018,1.15588,-1.76588,1.3996,-1.65794,1.38175,-1.48714,1.90506
-1.60951,1.16379,-1.78183,1.40113,-1.67802,1.39098,-1.5046,1.90796
-1.62874,1.17141,-1.7994,1.4025,-1.69801,1.39985,-1.52028,1.91028
-1.64738,1.17854,-1.8168,1.40354,-1.71739,1.40814,-1.53765,1.91255
-1.66588,1.18536,-1.83403,1.40426,-1.73661,1.41607,-1.55499,1.91449
-1.68452,1.19196,-1.85109,1.40465,-1.75598,1.42375,-1.57227,1.91612
-1.70358,1.19844,-1.86797,1.40473,-1.77579,1.43127,-1.5895,1.91743
-1.72193,1.20441,-1.88467,1.40448,-1.79488,1.43819,-1.60668,1.91844
-1.74084,1.21027,-1.90119,1.40392,-1.81453,1.44499,-1.6238,1.91913
-1.75898,1.21561,-1.91754,1.40303,-1.83339,1.45118,-1.64087,1.91952
-1.77739,1.22074,-1.9337,1.40182,-1.85252,1.45713,-1.65788,1.9196
-1.79558,1.22552,-1.94968,1.40029,-1.87143,1.46267,-1.67483,1.91937
-1.81392,1.23004,-1.96547,1.39845,-1.8905,1.4679,-1.69173,1.91883
-1.83154,1.2341,-1.98108,1.39628,-1.90883,1.47259,-1.70855,1.91798
-1.84898,1.23783,-1.99649,1.3938,-1.92696,1.47689,-1.72532,1.91683
-1.86784,1.24153,-2.01172,1.391,-1.94657,1.48117,-1.74201,1.91537
-1.88391,1.24441,-2.02675,1.38788,-1.96329,1.48449,-1.75863,1.91361
-1.90204,1.24735,-2.0416,1.38444,-1.98215,1.48787,-1.77518,1.91154
-1.92096,1.25006,-2.05625,1.38069,-2.00183,1.49098,-1.79166,1.90916
-1.93845,1.25223,-2.07071,1.37662,-2.02002,1.49347,-1.80806,1.90648
-1.95263,1.25375,-2.08498,1.37224,-2.03478,1.4952,-1.82438,1.90349
-1.96963,1.25527,-2.09906,1.36755,-2.05246,1.49694,-1.84063,1.9002
-1.98632,1.25645,-2.11294,1.36256,-2.06984,1.49827,-1.85679,1.89661
-2.0034,1.25733,-2.12662,1.35725,-2.08762,1.49925,-1.87286,1.89272
-2.01983,1.25784,-2.14009,1.35164,-2.10472,1.49982,-1.88883,1.88852
-2.03588,1.25803,-2.156,1.34451,-2.12143,1.5,-1.90471,1.88403
-2.05223,1.25789,-2.16644,1.33951,-2.13846,1.4998,-1.92363,1.87824
-2.06801,1.25744,-2.18189,1.33152,-2.1549,1.49924,-1.93616,1.87414
-2.08372,1.25666,-2.19209,1.32573,-2.17126,1.4983,-1.95177,1.86866
-2.09995,1.25551,-2.20476,1.31778,-2.18817,1.49692,-1.96736,1.86263
-2.11569,1.25405,-2.2174,1.30886,-2.20457,1.49519,-1.98304,1.85583
-2.13134,1.25225,-2.22625,1.30196,-2.22089,1.49306,-1.99886,1.84808
-2.14657,1.25017,-2.24262,1.2879,-2.23676,1.4906,-2.01005,1.842
-2.16229,1.24765,-2.25506,1.27634,-2.25316,1.48763,-2.03098,1.82948
-2.17708,1.24494,-2.26732,1.26418,-2.26859,1.48444,-2.04225,1.82229
-2.1921,1.24184,-2.27939,1.2514,-2.28425,1.48079,-2.06313,1.80816
-2.20695,1.23841,-2.29122,1.23817,-2.29975,1.47677,-2.07915,1.79659
-2.22148,1.23471,-2.30277,1.22459,-2.31491,1.47243,-2.09506,1.78457
-2.23625,1.23058,-2.31403,1.21074,-2.33033,1.46758,-2.11082,1.77222
-2.25024,1.22632,-2.32498,1.19668,-2.34494,1.46259,-2.1264,1.75958
-2.26536,1.22132,-2.33561,1.18247,-2.36073,1.45673,-2.14177,1.74674
-2.27861,1.2166,-2.34591,1.16812,-2.37457,1.45119,-2.15239,1.73766
-2.29371,1.2108,-2.35293,1.158,-2.39035,1.4444,-2.16736,1.72456
-2.30833,1.20477,-2.36555,1.13903,-2.40564,1.43733,-2.18208,1.71133
-2.32165,1.1989,-2.37491,1.12427,-2.41957,1.43046,-2.20083,1.6939
-2.33755,1.19141,-2.38396,1.10938,-2.4362,1.42168,-2.21495,1.68033
-2.34732,1.18654,-2.39101,1.09736,-2.44642,1.41598,-2.22881,1.6666
-2.36269,1.17845,-2.39958,1.08222,-2.46251,1.4065,-2.23971,1.65551
-2.37402,1.17215,-2.4079,1.06693,-2.47437,1.39911,-2.25309,1.64149
-2.38619,1.16504,-2.416,1.05151,-2.48711,1.39078,-2.2662,1.6273
-2.39911,1.1571,-2.42389,1.03594,-2.50065,1.38147,-2.27904,1.61293
-2.41288,1.14819,-2.43161,1.02023,-2.51507,1.37102,-2.2916,1.59837
-2.42477,1.14009,-2.43916,1.00438,-2.52754,1.36153,-2.30387,1.58361
-2.43827,1.13045,-2.4466,0.988418,-2.54169,1.35021,-2.31586,1.56867
-2.44945,1.12208,-2.45393,0.972339,-2.55342,1.34039,-2.32756,1.55353
-2.46145,1.1127,-2.4612,0.95616,-2.56601,1.32938,-2.33896,1.5382
-2.47418,1.10228,-2.46843,0.939895,-2.57938,1.31714,-2.35006,1.5227
-2.48434,1.09361,-2.47565,0.923554,-2.59004,1.30697,-2.36085,1.50701
-2.49551,1.0837,-2.48301,0.90704,-2.60177,1.29532,-2.37134,1.49115
-2.507,1.07307,-2.49062,0.890242,-2.61385,1.28282,-2.38153,1.47498
-2.51936,1.06114,-2.49855,0.873084,-2.62684,1.2688,-2.39147,1.45835
-2.52998,1.05045,-2.5068,0.855443,-2.63801,1.25623,-2.40116,1.44115
-2.54042,1.03953,-2.51525,0.837269,-2.649,1.24337,-2.41064,1.42319
-2.55012,1.02901,-2.51947,0.828015,-2.6592,1.23099,-2.41991,1.4044
-2.56095,1.01683,-2.53199,0.799654,-2.6706,1.21664,-2.42897,1.38489
-2.57099,1.0051,-2.54021,0.780311,-2.68117,1.20282,-2.43779,1.36467
-2.58117,0.992747,-2.54834,0.760791,-2.6919,1.18826,-2.44638,1.34381
-2.59139,0.979877,-2.55638,0.741172,-2.70267,1.17308,-2.45471,1.32253
-2.60097,0.967364,-2.56441,0.721423,-2.71277,1.15832,-2.46275,1.30097
-2.61159,0.952967,-2.57238,0.70163,-2.72397,1.14132,-2.4705,1.27911
-2.62001,0.941119,-2.58022,0.681918,-2.73286,1.12733,-2.47796,1.25708
-2.62929,0.92763,-2.58788,0.662351,-2.74265,1.11139,-2.48508,1.23502
-2.64066,0.910415,-2.59534,0.642964,-2.75467,1.09103,-2.49187,1.21305
-2.64773,0.899325,-2.60256,0.623775,-2.76213,1.07791,-2.49831,1.1912
-2.65658,0.884983,-2.60956,0.604787,-2.77149,1.06093,-2.50441,1.16951
-2.66498,0.870889,-2.61631,0.585996,-2.78037,1.04424,-2.51016,1.14799
-2.67359,0.855943,-2.62282,0.567393,-2.78947,1.02653,-2.51558,1.12665
-2.68135,0.841977,-2.62908,0.548961,-2.79769,1.00998,-2.52065,1.10549
-2.6894,0.827007,-2.6351,0.530683,-2.80621,0.992219,-2.52541,1.0845
-2.69762,0.811168,-2.64087,0.512536,-2.81492,0.97342,-2.52984,1.06368
-2.70536,0.795704,-2.64639,0.494493,-2.82312,0.955057,-2.53396,1.04303
-2.71287,0.780164,-2.65166,0.476529,-2.83108,0.936592,-2.53777,1.02252
-2.72011,0.764629,-2.65668,0.458621,-2.83876,0.918124,-2.54129,1.00215
-2.7276,0.747992,-2.66145,0.440748,-2.84671,0.898335,-2.54451,0.981916
-2.73445,0.732233,-2.66594,0.422892,-2.85397,0.879578,-2.54746,0.961806
-2.74147,0.715458,-2.67016,0.405037,-2.86143,0.859602,-2.55013,0.941817
-2.74831,0.698526,-2.6741,0.387165,-2.86869,0.839428,-2.55252,0.921946
-2.75457,0.682439,-2.67775,0.369264,-2.87534,0.820249,-2.55465,0.902187
-2.76101,0.66528,-2.68111,0.351323,-2.88218,0.799783,-2.55652,0.882537
-2.76719,0.648153,-2.68417,0.333338,-2.88876,0.779343,-2.55813,0.862993
-2.77309,0.631201,-2.68692,0.315306,-2.89503,0.7591,-2.55949,0.843557
-2.779,0.613541,-2.68936,0.297228,-2.90132,0.738001,-2.56061,0.82423
-2.78478,0.595554,-2.69148,0.279105,-2.90748,0.7165,-2.56149,0.805013
-2.79013,0.578241,-2.69328,0.26094,-2.91317,0.695793,-2.56213,0.78591
-2.7957,0.559451,-2.69476,0.242736,-2.91911,0.673309,-2.56254,0.766923
-2.80058,0.542264,-2.69591,0.224498,-2.92431,0.652732,-2.56271,0.748051
-2.80541,0.524562,-2.69672,0.206235,-2.92946,0.631529,-2.56266,0.729298
-2.81033,0.505728,-2.6972,0.187951,-2.9347,0.608958,-2.56239,0.710665
-2.8149,0.487405,-2.69736,0.169655,-2.93958,0.586989,-2.56189,0.692154
-2.81932,0.468868,-2.69717,0.151348,-2.94429,0.564754,-2.56118,0.673766
-2.8234,0.45094,-2.69665,0.133035,-2.94865,0.543239,-2.56024,0.655498
-2.82754,0.431823,-2.69579,0.114719,-2.95307,0.520288,-2.55909,0.63735
-2.83156,0.412314,-2.6946,0.0964073,-2.95736,0.496855,-2.55772,0.619318
-2.83561,0.391454,-2.69307,0.0781021,-2.96169,0.471789,-2.55613,0.601401
-2.83871,0.374658,-2.69162,0.0634646,-2.965,0.451599,-2.55434,0.583597
-2.84196,0.356048,-2.6895,0.0451767,-2.96847,0.42922,-2.55276,0.569431
-2.8451,0.336963,-2.68707,0.0268995,-2.97184,0.406261,-2.5506,0.551816
-2.84813,0.317382,-2.68433,0.00863809,-2.97508,0.382698,-2.54824,0.534297
-2.85097,0.297832,-2.68127,-0.0096037,-2.9781,0.359164,-2.54568,0.516871
-2.85359,0.278362,-2.6779,-0.0278236,-2.98091,0.335719,-2.54293,0.499534
-2.8565,0.254991,-2.67423,-0.0460174,-2.98402,0.307568,-2.53998,0.482279
-2.85816,0.240566,-2.67026,-0.0641828,-2.9858,0.290187,-2.53684,0.465104
-2.86033,0.220192,-2.666,-0.0823166,-2.98812,0.265633,-2.53351,0.448001
-2.86218,0.201148,-2.66146,-0.100416,-2.9901,0.242678,-2.52998,0.430965
-2.86396,0.180922,-2.65663,-0.118479,-2.992,0.218292,-2.52626,0.413991
-2.86542,0.162327,-2.65155,-0.136502,-2.99357,0.195867,-2.52235,0.397071
-2.86683,0.142103,-2.6462,-0.15448,-2.99508,0.171474,-2.51826,0.380201
-2.86819,0.119189,-2.6406,-0.172405,-2.99654,0.143832,-2.51398,0.363378
-2.86908,0.101606,-2.63476,-0.190273,-2.99749,0.122618,-2.50952,0.346599
-2.86987,0.0825205,-2.62869,-0.208078,-2.99834,0.0995889,-2.50487,0.329862
-2.87053,0.0625218,-2.62239,-0.225814,-2.99905,0.0754558,-2.50004,0.313163
-2.871,0.0430106,-2.61589,-0.243475,-2.99955,0.0519092,-2.49503,0.296501
-2.8713,0.0229516,-2.60918,-0.261056,-2.99987,0.0277005,-2.48984,0.279875
-2.87142,0.00229493,-2.60228,-0.278553,-3,0.00276979,-2.48446,0.26328
-2.87136,-0.0164997,-2.59521,-0.29596,-2.99993,-0.0199136,-2.4789,0.246714
-2.87111,-0.0367061,-2.58797,-0.31327,-2.99967,-0.0443005,-2.47317,0.230176
-2.87069,-0.0566184,-2.58057,-0.330474,-2.99922,-0.0683315,-2.46725,0.213664
-2.87007,-0.0771122,-2.57304,-0.34757,-2.99855,-0.0930626,-2.46115,0.197181
-2.8693,-0.0966061,-2.56538,-0.364553,-2.99773,-0.116585,-2.45487,0.180724
-2.86836,-0.116043,-2.55762,-0.381419,-2.99672,-0.140037,-2.44841,0.16429
-2.86721,-0.136076,-2.55134,-0.394824,-2.99549,-0.164204,-2.44177,0.147876
-2.8659,-0.155761,-2.54182,-0.414781,-2.99408,-0.187948,-2.43632,0.134759
-2.86439,-0.175599,-2.53382,-0.43127,-2.99247,-0.211873,-2.42795,0.115103
-2.8627,-0.19543,-2.52577,-0.447624,-2.99066,-0.235784,-2.42078,0.0987403
-2.86089,-0.21459,-2.51768,-0.463839,-2.98872,-0.258881,-2.41343,0.0823935
-2.85888,-0.234015,-2.50956,-0.479914,-2.98657,-0.282293,-2.40591,0.0660617
-2.85663,-0.253902,-2.50143,-0.495845,-2.98416,-0.306256,-2.39821,0.0497419
-2.8542,-0.273621,-2.49329,-0.511631,-2.98157,-0.330009,-2.39033,0.0334325
-2.85114,-0.296559,-2.48516,-0.527266,-2.97829,-0.357631,-2.38228,0.0171334
-2.84894,-0.311937,-2.47704,-0.542745,-2.97594,-0.376145,-2.37406,0.00084507
-2.84605,-0.331023,-2.46894,-0.558065,-2.97284,-0.399114,-2.36568,-0.015429
-2.84297,-0.350066,-2.46086,-0.573224,-2.96955,-0.422025,-2.35712,-0.0316882
-2.83959,-0.369729,-2.4528,-0.588219,-2.96594,-0.445672,-2.34839,-0.047932
-2.8359,-0.389934,-2.44477,-0.603048,-2.962,-0.469962,-2.3395,-0.0641584
-2.8325,-0.407583,-2.43675,-0.61771,-2.95836,-0.491172,-2.33045,-0.0803664
-2.82867,-0.426431,-2.42875,-0.632201,-2.95428,-0.513812,-2.32123,-0.0965542
-2.82476,-0.444783,-2.42076,-0.646521,-2.9501,-0.535848,-2.31186,-0.112719
-2.82051,-0.463714,-2.41277,-0.660666,-2.94557,-0.55857,-2.30232,-0.128858
-2.81596,-0.48305,-2.40478,-0.674633,-2.94071,-0.581766,-2.29262,-0.144966
-2.81168,-0.500415,-2.39678,-0.688423,-2.93614,-0.602589,-2.28277,-0.161039
-2.80696,-0.518721,-2.38875,-0.702032,-2.93111,-0.62453,-2.27278,-0.177075
-2.80202,-0.537077,-2.38069,-0.715461,-2.92584,-0.64652,-2.26263,-0.193071
-2.7971,-0.554608,-2.37259,-0.728708,-2.92059,-0.667512,-2.25235,-0.209023
-2.79179,-0.572716,-2.36444,-0.741771,-2.91494,-0.689183,-2.24192,-0.224929
-2.78645,-0.590222,-2.35622,-0.754646,-2.90926,-0.710124,-2.23137,-0.240787
-2.78054,-0.608832,-2.34793,-0.767329,-2.90296,-0.732373,-2.22068,-0.256591
-2.77506,-0.62539,-2.33955,-0.779819,-2.89713,-0.752159,-2.20986,-0.272336
-2.7687,-0.643875,-2.33108,-0.792111,-2.89037,-0.774235,-2.19893,-0.288019
-2.76294,-0.659997,-2.32423,-0.801799,-2.88424,-0.793479,-2.18787,-0.303634
-2.75676,-0.676673,-2.3138,-0.816079,-2.87767,-0.813374,-2.17894,-0.316073
-2.7502,-0.693722,-2.30496,-0.827742,-2.8707,-0.833702,-2.16541,-0.33463
-2.74364,-0.710151,-2.29598,-0.839183,-2.86373,-0.853281,-2.154,-0.349991
-2.73665,-0.72704,-2.28683,-0.850397,-2.85631,-0.873396,-2.14249,-0.365251
-2.72929,-0.744161,-2.27752,-0.86138,-2.8485,-0.893775,-2.13086,-0.380401
-2.72256,-0.759259,-2.26803,-0.872126,-2.84136,-0.911737,-2.11912,-0.395436
-2.71489,-0.775874,-2.25835,-0.882629,-2.83322,-0.931494,-2.10727,-0.410347
-2.70763,-0.791046,-2.24847,-0.892888,-2.82553,-0.949524,-2.09532,-0.425128
-2.7,-0.806471,-2.23838,-0.902894,-2.81744,-0.967843,-2.08326,-0.439772
-2.69212,-0.821832,-2.22807,-0.912642,-2.80909,-0.986078,-2.07109,-0.454272
-2.68417,-0.836797,-2.21753,-0.922126,-2.80068,-1.00383,-2.05882,-0.468619
-2.67532,-0.852869,-2.20676,-0.93134,-2.79131,-1.02289,-2.04644,-0.482805
-2.66758,-0.866437,-2.19575,-0.940275,-2.78312,-1.03897,-2.03396,-0.496822
-2.65897,-0.881032,-2.18449,-0.948923,-2.77401,-1.05626,-2.02138,-0.510661
-2.64971,-0.896152,-2.17298,-0.957279,-2.76423,-1.07415,-2.0087,-0.524312
-2.64123,-0.909528,-2.1612,-0.965335,-2.75527,-1.08998,-1.99591,-0.537769
-2.63189,-0.923752,-2.15521,-0.969249,-2.74541,-1.1068,-1.98303,-0.551022
-2.623,-0.936823,-2.14303,-0.976843,-2.73602,-1.12225,-1.97655,-0.557571
-2.61329,-0.950597,-2.13184,-0.98341,-2.72577,-1.13852,-1.96351,-0.570506
-2.60366,-0.963769,-2.11914,-0.990402,-2.71561,-1.15407,-1.9517,-0.581962
-2.59416,-0.97631,-2.10616,-0.997066,-2.70559,-1.16887,-1.93848,-0.594478
-2.5842,-0.988986,-2.09288,-1.00339,-2.69509,-1.18383,-1.92517,-0.606761
-2.57388,-1.00164,-2.07932,-1.00937,-2.68422,-1.19874,-1.91176,-0.618803
-2.564,-1.01331,-2.06546,-1.015,-2.67381,-1.2125,-1.89825,-0.630598
-2.55329,-1.0255,-2.0513,-1.02027,-2.66254,-1.22685,-1.88464,-0.642139
-2.54278,-1.037,-2.03683,-1.02517,-2.65148,-1.2404,-1.87094,-0.653423
-2.53218,-1.04818,-2.02205,-1.02971,-2.64032,-1.25355,-1.85714,-0.664445
-2.52136,-1.05916,-2.00697,-1.03386,-2.62894,-1.26647,-1.84325,-0.675205
-2.50987,-1.07035,-1.99622,-1.03654,-2.61686,-1.27963,-1.82925,-0.685697
-2.49878,-1.08072,-1.98218,-1.03971,-2.60521,-1.29182,-1.8194,-0.692881
-2.48754,-1.09081,-1.96468,-1.04315,-2.5934,-1.30367,-1.80666,-0.701922
-2.47598,-1.10077,-1.95007,-1.04559,-2.58126,-1.31537,-1.79099,-0.712671
-2.46432,-1.11039,-1.93354,-1.04791,-2.56902,-1.32667,-1.77807,-0.721217
-2.45231,-1.11988,-1.92008,-1.04946,-2.55643,-1.33781,-1.76363,-0.730448
-2.44021,-1.12902,-1.90642,-1.05073,-2.54373,-1.34854,-1.75201,-0.737633
-2.42812,-1.13775,-1.88907,-1.05191,-2.53105,-1.35877,-1.74032,-0.744641
-2.41479,-1.14691,-1.8714,-1.05264,-2.51707,-1.36952,-1.72562,-0.753153
-2.40296,-1.15465,-1.85344,-1.05288,-2.50468,-1.3786,-1.71082,-0.761387
-2.39036,-1.16252,-1.83519,-1.05264,-2.49148,-1.38783,-1.69593,-0.769342
-2.37768,-1.17004,-1.81669,-1.05187,-2.4782,-1.39664,-1.68095,-0.777021
-2.36435,-1.17755,-1.79794,-1.05058,-2.46424,-1.40544,-1.66587,-0.78442
-2.35134,-1.18448,-1.77898,-1.04873,-2.45063,-1.41356,-1.6507,-0.791532
-2.33805,-1.19117,-1.75983,-1.04631,-2.43672,-1.4214,-1.63544,-0.798356
-2.32326,-1.19817,-1.74051,-1.04331,-2.42125,-1.4296,-1.62009,-0.804893
-2.31127,-1.20351,-1.72105,-1.03973,-2.40871,-1.43585,-1.60464,-0.81114
-2.29736,-1.20934,-1.70148,-1.03557,-2.39417,-1.44268,-1.58911,-0.817097
-2.28339,-1.21481,-1.68184,-1.03082,-2.37957,-1.4491,-1.57662,-0.821653
-2.26911,-1.22002,-1.66215,-1.02549,-2.36465,-1.4552,-1.55779,-0.828141
-2.25497,-1.2248,-1.64245,-1.0196,-2.34988,-1.46081,-1.54201,-0.833226
-2.24061,-1.22929,-1.62277,-1.01315,-2.33489,-1.46607,-1.52614,-0.838016
-2.2264,-1.23338,-1.60314,-1.00618,-2.32005,-1.47086,-1.51019,-0.842509
-2.21135,-1.23733,-1.5836,-0.998705,-2.30434,-1.4755,-1.49416,-0.846699
-2.19674,-1.2408,-1.56419,-0.990756,-2.2891,-1.47958,-1.47805,-0.850582
-2.18147,-1.24407,-1.54494,-0.982376,-2.27316,-1.48342,-1.46186,-0.854151
-2.16697,-1.24683,-1.52589,-0.973611,-2.25804,-1.48666,-1.44558,-0.857399
-2.15177,-1.24937,-1.50707,-0.964515,-2.24219,-1.48966,-1.42923,-0.860318
-2.13628,-1.25161,-1.48852,-0.955144,-2.22604,-1.4923,-1.41279,-0.862902
-2.12103,-1.25348,-1.47028,-0.945553,-2.21014,-1.49451,-1.39627,-0.865143
-2.10512,-1.25507,-1.45236,-0.935801,-2.19356,-1.4964,-1.37967,-0.867033
-2.08912,-1.25632,-1.43478,-0.925941,-2.17689,-1.49789,-1.36298,-0.868561
-2.07357,-1.2572,-1.41755,-0.916027,-2.16068,-1.49895,-1.3462,-0.86972
-2.05732,-1.25778,-1.40066,-0.906107,-2.14376,-1.49966,-1.32933,-0.870501
-2.0411,-1.25802,-1.3841,-0.896228,-2.12687,-1.49998,-1.31238,-0.870897
-2.02495,-1.25794,-1.36783,-0.886434,-2.11005,-1.49992,-1.29533,-0.870901
-2.00814,-1.25751,-1.35182,-0.876762,-2.09255,-1.49946,-1.2782,-0.87051
-1.99182,-1.25677,-1.33605,-0.867243,-2.07556,-1.49863,-1.26097,-0.869717
-1.97507,-1.25569,-1.32046,-0.857905,-2.05813,-1.49741,-1.24366,-0.868516
-1.95863,-1.25432,-1.30501,-0.848773,-2.04103,-1.49586,-1.22625,-0.866904
-1.94126,-1.25255,-1.28967,-0.839866,-2.02295,-1.49383,-1.20875,-0.864881
-1.92181,-1.25017,-1.27439,-0.831196,-2.00271,-1.49111,-1.19116,-0.862443
-1.90705,-1.24811,-1.25914,-0.822775,-1.98736,-1.48874,-1.17348,-0.859592
-1.88983,-1.24541,-1.24387,-0.814607,-1.96944,-1.48563,-1.15571,-0.856331
-1.87238,-1.24237,-1.22855,-0.806686,-1.95129,-1.48213,-1.13785,-0.852659
-1.85488,-1.23902,-1.21314,-0.799006,-1.93309,-1.47827,-1.11991,-0.848575
-1.83718,-1.23534,-1.19762,-0.79156,-1.91469,-1.47401,-1.10188,-0.844078
-1.81921,-1.23129,-1.18194,-0.784337,-1.896,-1.46934,-1.08376,-0.839171
-1.79995,-1.22663,-1.16609,-0.777324,-1.87598,-1.46395,-1.06557,-0.833858
-1.78239,-1.22208,-1.15004,-0.770504,-1.85772,-1.45869,-1.0473,-0.828143
-1.76488,-1.21728,-1.13376,-0.763856,-1.83952,-1.45313,-1.02895,-0.822031
-1.74634,-1.21191,-1.11724,-0.757357,-1.82024,-1.4469,-1.01053,-0.815525
-1.72779,-1.20625,-1.10045,-0.750981,-1.80097,-1.44034,-0.992044,-0.80863
-1.70962,-1.20044,-1.08339,-0.744698,-1.78208,-1.43358,-0.973495,-0.801347
-1.69131,-1.1943,-1.06604,-0.738479,-1.76304,-1.42646,-0.954887,-0.793681
-1.67232,-1.18767,-1.04838,-0.73229,-1.74331,-1.41876,-0.936223,-0.785634
-1.65322,-1.18072,-1.03042,-0.726099,-1.72345,-1.41067,-0.917506,-0.777212
-1.63434,-1.17358,-1.01213,-0.719869,-1.70383,-1.40237,-0.898742,-0.76842
-1.61524,-1.16609,-0.993534,-0.713566,-1.68398,-1.39365,-0.879934,-0.759265
-1.59628,-1.1584,-0.974618,-0.707148,-1.66428,-1.3847,-0.861086,-0.749755
-1.57701,-1.15033,-0.955392,-0.700575,-1.64425,-1.37529,-0.842202,-0.739894
-1.55786,-1.14206,-0.935864,-0.69381,-1.62435,-1.36564,-0.823284,-0.729687
-1.53765,-1.13306,-0.916045,-0.686814,-1.60334,-1.35515,-0.804336,-0.719141
-1.51823,-1.12417,-0.895951,-0.679553,-1.58315,-1.34476,-0.785362,-0.708257
-1.49908,-1.11516,-0.875598,-0.671996,-1.56325,-1.33424,-0.766363,-0.697041
-1.47928,-1.10561,-0.855006,-0.664111,-1.54267,-1.32308,-0.747342,-0.685499
-1.45923,-1.0957,-0.834198,-0.655874,-1.52183,-1.31149,-0.728298,-0.673635
-1.43943,-1.08568,-0.813202,-0.64726,-1.50125,-1.29976,-0.709234,-0.661455
-1.41913,-1.07516,-0.792046,-0.63825,-1.48015,-1.28745,-0.69015,-0.648965
-1.39944,-1.06475,-0.770758,-0.628828,-1.45968,-1.27525,-0.671047,-0.636175
-1.37912,-1.05377,-0.753652,-0.620983,-1.43855,-1.26237,-0.651924,-0.623088
-1.35882,-1.04258,-0.727903,-0.608696,-1.41744,-1.24925,-0.636609,-0.612409
-1.33685,-1.03023,-0.712849,-0.601239,-1.3946,-1.23475,-0.613607,-0.596048
-1.31831,-1.01961,-0.691323,-0.590216,-1.37532,-1.22228,-0.600171,-0.586318
-1.29793,-1.00775,-0.669799,-0.578759,-1.35413,-1.20833,-0.580953,-0.572187
-1.27704,-0.995371,-0.648298,-0.566874,-1.3324,-1.19378,-0.561706,-0.557785
-1.25645,-0.982968,-0.626843,-0.554568,-1.31098,-1.17918,-0.542428,-0.543116
-1.23501,-0.969849,-0.605454,-0.541855,-1.28868,-1.16373,-0.523115,-0.528186
-1.21465,-0.957193,-0.584146,-0.528749,-1.2675,-1.14882,-0.503767,-0.512999
-1.19382,-0.944062,-0.562935,-0.51527,-1.24584,-1.13333,-0.48438,-0.497563
-1.17287,-0.93066,-0.54183,-0.501436,-1.22403,-1.11751,-0.464954,-0.481884
-1.15173,-0.916955,-0.520841,-0.487265,-1.20204,-1.10133,-0.445484,-0.465967
-1.13028,-0.902863,-0.499974,-0.472775,-1.17972,-1.08468,-0.42597,-0.449817
-1.10838,-0.888282,-0.479232,-0.457985,-1.15692,-1.06743,-0.40641,-0.433435
-1.08787,-0.874465,-0.458616,-0.442914,-1.13558,-1.05108,-0.386803,-0.416826
-1.0637,-0.857973,-0.438126,-0.427582,-1.11042,-1.03155,-0.367149,-0.399991
-1.0444,-0.84465,-0.417757,-0.41201,-1.09032,-1.01576,-0.347445,-0.382935
-1.02101,-0.828329,-0.397506,-0.396216,-1.06597,-0.996405,-0.327691,-0.365663
-1.00021,-0.813654,-0.377371,-0.380219,-1.0443,-0.978988,-0.307887,-0.348179
-0.979887,-0.799177,-0.357346,-0.364037,-1.02313,-0.961794,-0.288036,-0.330489
-0.956479,-0.782335,-0.337423,-0.347682,-0.998751,-0.941778,-0.268137,-0.312596
-0.935234,-0.7669,-0.317596,-0.331169,-0.976619,-0.923421,-0.248192,-0.294501
-0.914836,-0.751948,-0.297856,-0.314515,-0.955365,-0.905627,-0.228201,-0.276209
-0.893063,-0.735853,-0.278195,-0.297734,-0.932677,-0.886459,-0.208166,-0.257725
-0.870788,-0.719244,-0.258601,-0.280838,-0.909463,-0.866665,-0.188087,-0.239054
-0.848183,-0.702247,-0.239064,-0.263839,-0.885902,-0.846394,-0.167963,-0.2202
-0.827159,-0.686314,-0.219573,-0.246746,-0.863986,-0.82738,-0.147795,-0.201168
-0.804732,-0.66919,-0.200119,-0.229566,-0.840604,-0.80693,-0.127584,-0.181961
-0.782588,-0.652157,-0.180691,-0.212305,-0.817515,-0.786576,-0.107329,-0.162581
-0.760208,-0.634819,-0.161282,-0.19497,-0.794175,-0.765842,-0.0870342,-0.143031
-0.7372,-0.616871,-0.141882,-0.177565,-0.770179,-0.744366,-0.0666997,-0.123313
-0.716324,-0.600481,-0.122481,-0.160093,-0.748403,-0.724741,-0.0463273,-0.10343
-0.694236,-0.583036,-0.103073,-0.142561,-0.72536,-0.703838,-0.0259182,-0.0833849
-0.671817,-0.565222,-0.0836495,-0.124972,-0.701969,-0.682482,-0.00547456,-0.0631819
-0.648824,-0.546845,-0.0642041,-0.107334,-0.677976,-0.660436,0.0150022,-0.0428262
-0.626915,-0.529238,-0.0447305,-0.0896481,-0.655112,-0.639301,0.0355113,-0.0223236
-0.604518,-0.511145,-0.0252232,-0.0719176,-0.631735,-0.617569,0.0560506,-0.00167748
-0.581631,-0.492561,-0.00567613,-0.0541446,-0.607843,-0.595236,0.0766184,0.0191081
-0.559347,-0.47438,0.0139155,-0.0363309,-0.584579,-0.573374,0.0972141,0.0400292
-0.535995,-0.455239,0.0335562,-0.018479,-0.560197,-0.550344,0.117836,0.0610822
-0.514644,-0.437661,0.0532513,-0.000589839,-0.537901,-0.529184,0.138483,0.0822625
-0.491988,-0.418935,0.0730047,0.0173359,-0.514242,-0.50663,0.159156,0.103566
-0.468967,-0.39983,0.0928195,0.0352962,-0.490197,-0.483608,0.179855,0.124991
-0.446343,-0.380984,0.112697,0.05329,-0.466565,-0.460889,0.200578,0.146532
-0.423535,-0.361918,0.132637,0.0713147,-0.442739,-0.437891,0.221325,0.168185
-0.400511,-0.342606,0.148633,0.0857559,-0.418685,-0.414587,0.242092,0.189946
-0.378112,-0.323759,0.172703,0.107452,-0.395281,-0.391835,0.262878,0.21181
-0.355565,-0.304732,0.192829,0.125561,-0.371721,-0.368856,0.28368,0.233774
-0.328855,-0.282125,0.213018,0.143696,-0.343808,-0.341543,0.304499,0.255833
-0.30887,-0.265167,0.233267,0.161853,-0.322922,-0.321046,0.325332,0.277984
-0.287156,-0.2467,0.253576,0.180028,-0.300226,-0.298719,0.346179,0.30022
-0.264292,-0.227215,0.273944,0.198218,-0.276328,-0.275154,0.367038,0.322535
-0.241483,-0.207737,0.294369,0.216421,-0.252485,-0.25159,0.387909,0.344925
-0.217905,-0.187565,0.31485,0.234633,-0.227838,-0.22718,0.408792,0.367386
-0.194582,-0.167577,0.335384,0.252851,-0.203455,-0.202987,0.429684,0.389913
-0.172734,-0.148826,0.355967,0.271071,-0.180613,-0.180285,0.450584,0.4125
-0.147312,-0.126979,0.3766,0.289289,-0.154033,-0.15383,0.471491,0.435142
-0.124974,-0.10776,0.397279,0.3075,-0.130678,-0.130554,0.492404,0.457833
-0.104048,-0.0897395,0.418002,0.325696,-0.108798,-0.108726,0.513324,0.480568
-0.0812633,-0.0701042,0.438765,0.343873,-0.0849737,-0.0849396,0.534249,0.503337
-0.057778,-0.0498527,0.459564,0.362021,-0.0604163,-0.0604041,0.555175,0.526134
-0.035173,-0.0303518,0.480397,0.380135,-0.0367792,-0.0367765,0.576102,0.54895
-0.0120247,-0.0103771,0.50126,0.398207,-0.0125739,-0.0125738,0.597029,0.571777
0.0109973,0.00949046,0.52215,0.416233,0.0114995,0.0114994,0.617954,0.594606
0.0335448,0.028947,0.543064,0.43421,0.0350768,0.0350744,0.638876,0.617432
0.0570376,0.0492141,0.563996,0.452132,0.0596422,0.0596304,0.659792,0.640251
0.0797404,0.0687913,0.584945,0.469996,0.0833812,0.083349,0.680701,0.663056
0.102873,0.0887271,0.605909,0.487799,0.107569,0.1075,0.701602,0.685842
0.125587,0.108287,0.626886,0.505534,0.131318,0.131193,0.722495,0.708603
0.148482,0.127985,0.647873,0.523196,0.155257,0.155049,0.743379,0.731333
0.171492,0.14776,0.668869,0.540777,0.179315,0.178994,0.764255,0.754024
0.194151,0.167207,0.689871,0.558274,0.203004,0.202539,0.785122,0.776667
0.217586,0.187291,0.710875,0.575683,0.227504,0.226849,0.805978,0.799257
0.239789,0.206288,0.73188,0.592997,0.250714,0.249837,0.826823,0.821789
0.263141,0.226233,0.752882,0.610211,0.275125,0.273965,0.847654,0.844253
0.28572,0.245478,0.773881,0.627319,0.298726,0.297241,0.868472,0.866643
0.309981,0.26611,0.794875,0.644315,0.324082,0.322186,0.889277,0.88895
0.333854,0.286361,0.815861,0.661191,0.349032,0.346662,0.910068,0.911167
0.354147,0.303533,0.836836,0.677941,0.370239,0.367408,0.930844,0.933283
0.377164,0.32296,0.857796,0.694561,0.394291,0.39087,0.951603,0.95529
0.399687,0.341913,0.878741,0.711047,0.417823,0.413751,0.972345,0.97718
0.422271,0.360859,0.899669,0.727401,0.441418,0.436614,0.993068,0.998949
0.445212,0.38004,0.920577,0.743614,0.465384,0.45975,1.01377,1.02059
0.468024,0.399046,0.941461,0.75968,0.489212,0.482664,1.03446,1.0421
0.490927,0.418056,0.962321,0.775594,0.513134,0.505572,1.05099,1.05921
0.513342,0.436587,0.983153,0.79135,0.536542,0.527891,1.07576,1.08469
0.535874,0.455139,1.00396,0.806938,0.56007,0.550224,1.09638,1.10574
0.558312,0.473533,1.02472,0.82235,0.583498,0.572355,1.11697,1.12662
0.581044,0.492083,1.04546,0.837579,0.60723,0.594661,1.13753,1.14732
0.603576,0.510382,1.06615,0.852619,0.630751,0.616652,1.15807,1.16782
0.626342,0.528776,1.0868,0.867463,0.654513,0.638746,1.17857,1.18811
0.648312,0.546435,1.10741,0.882106,0.677442,0.659944,1.19904,1.20819
0.671737,0.565158,1.12798,0.89654,0.701886,0.682405,1.21948,1.22805
0.693024,0.582075,1.1485,0.910761,0.724095,0.702687,1.23989,1.24767
0.715845,0.600105,1.16898,0.924768,0.747904,0.724289,1.26027,1.26705
0.73757,0.617161,1.1894,0.938554,0.770565,0.744712,1.28061,1.28619
0.759869,0.634555,1.20978,0.952116,0.793822,0.765527,1.30092,1.30506
0.782088,0.651771,1.23011,0.965452,0.816993,0.786114,1.3212,1.32367
0.804668,0.669141,1.25039,0.97856,0.840537,0.806872,1.34145,1.34201
0.827458,0.686542,1.27062,0.991436,0.864298,0.827652,1.35762,1.35648
0.848268,0.702312,1.2908,1.00408,0.885991,0.846472,1.38185,1.37786
0.87058,0.719088,1.31092,1.01649,0.909246,0.866479,1.402,1.39535
0.892629,0.735531,1.33099,1.02866,0.932226,0.886075,1.42212,1.41255
0.913909,0.751266,1.351,1.0406,0.9544,0.904815,1.4382,1.42609
0.936495,0.767819,1.37095,1.05229,0.977932,0.924515,1.46228,1.44605
0.95857,0.783847,1.38687,1.06147,1.00093,0.943576,1.48231,1.46234
0.97952,0.798914,1.41068,1.07496,1.02275,0.961482,1.50232,1.47832
1.00493,0.816997,1.43046,1.08592,1.04922,0.982956,1.52229,1.49398
1.0228,0.829586,1.45017,1.09664,1.06783,0.997895,1.54224,1.50932
1.04464,0.844818,1.46981,1.10712,1.09057,1.01596,1.56215,1.52434
1.06575,0.859374,1.48939,1.11734,1.11254,1.03321,1.58204,1.53904
1.08679,0.873731,1.5089,1.12731,1.13445,1.05021,1.60189,1.55339
1.10834,0.888255,1.52833,1.13703,1.15688,1.0674,1.62171,1.56742
1.12957,0.902393,1.54769,1.14649,1.17898,1.08412,1.6415,1.58111
1.15021,0.915962,1.56697,1.1557,1.20046,1.10016,1.66126,1.59445
1.17319,0.930867,1.58617,1.16465,1.22437,1.11776,1.68098,1.60746
1.19262,0.943298,1.60529,1.17334,1.24458,1.13243,1.70067,1.62011
1.21369,0.956597,1.62433,1.18176,1.26651,1.14811,1.72032,1.63241
1.23423,0.969368,1.64328,1.18991,1.28787,1.16316,1.73993,1.64435
1.2555,0.982392,1.65837,1.19624,1.31,1.1785,1.75951,1.65593
1.27611,0.994814,1.6809,1.20541,1.33143,1.19312,1.77514,1.66494
1.29693,1.00716,1.69958,1.21274,1.35309,1.20764,1.79853,1.67801
1.31711,1.01892,1.71816,1.2198,1.37407,1.22147,1.81798,1.68849
1.33837,1.03109,1.73665,1.22658,1.39618,1.23577,1.83739,1.6986
1.35906,1.04271,1.75504,1.23308,1.41769,1.24941,1.85676,1.70834
1.37853,1.05345,1.77334,1.2393,1.43794,1.262,1.87609,1.7177
1.39845,1.06421,1.79154,1.24523,1.45864,1.27462,1.89538,1.72669
1.41862,1.07489,1.80965,1.25087,1.47961,1.28714,1.91462,1.73529
1.43907,1.08549,1.82764,1.25621,1.50087,1.29954,1.93381,1.74351
1.45882,1.09549,1.84197,1.26027,1.52141,1.31125,1.95296,1.75133
1.47864,1.1053,1.86332,1.26599,1.54201,1.32272,1.96824,1.75729
1.4985,1.11489,1.881,1.27041,1.56265,1.33392,1.99109,1.76576
1.51781,1.12397,1.89857,1.27452,1.58272,1.34454,2.01008,1.77236
1.53967,1.13397,1.91602,1.27831,1.60544,1.35621,2.02901,1.77855
1.55733,1.14183,1.93337,1.28179,1.6238,1.36537,2.04788,1.78433
1.5763,1.15003,1.9506,1.28495,1.64351,1.37494,2.0667,1.78969
1.5953,1.158,1.96772,1.2878,1.66325,1.38422,2.08545,1.79465
1.61455,1.16582,1.97623,1.2891,1.68326,1.39333,2.10041,1.79831
1.63392,1.17342,2.0016,1.29253,1.70339,1.40218,2.12277,1.80331
1.65249,1.18045,2.01837,1.29441,1.7227,1.41036,2.14133,1.80701
1.67158,1.18741,2.03501,1.29597,1.74254,1.41845,2.15983,1.8103
1.69036,1.19398,2.05153,1.2972,1.76206,1.42609,2.17825,1.81316
1.7092,1.2003,2.06793,1.29811,1.78164,1.43343,2.1966,1.81561
1.72819,1.20638,2.0842,1.29869,1.80137,1.44048,2.21487,1.81764
1.74589,1.21178,2.10034,1.29894,1.81978,1.44675,2.23306,1.81924
1.76452,1.21718,2.11635,1.29887,1.83914,1.45301,2.25116,1.82043
1.78273,1.22217,2.13222,1.29848,1.85807,1.45879,2.26918,1.82119
1.80055,1.22678,2.14797,1.29776,1.87661,1.46412,2.28711,1.82154
1.81844,1.23111,2.16357,1.29672,1.8952,1.46913,2.30495,1.82148
1.83736,1.23538,2.17905,1.29535,1.91488,1.47406,2.3227,1.821
1.85461,1.23897,2.19438,1.29366,1.93282,1.47821,2.34035,1.82011
1.87157,1.24222,2.20958,1.29165,1.95045,1.48196,2.3579,1.8188
1.88933,1.24533,2.22464,1.28931,1.96892,1.48554,2.37535,1.81708
1.90659,1.24804,2.23956,1.28665,1.98687,1.48866,2.38924,1.81541
1.92377,1.25043,2.25434,1.28367,2.00475,1.49141,2.40994,1.81241
1.94057,1.25247,2.26751,1.28072,2.02223,1.49374,2.42707,1.80947
1.95841,1.2543,2.28202,1.27714,2.04079,1.49583,2.44239,1.80648
1.97514,1.2557,2.29638,1.27326,2.0582,1.49742,2.4593,1.80278
1.9914,1.25675,2.31059,1.26906,2.07513,1.49861,2.47609,1.7987
2.00774,1.25749,2.32466,1.26456,2.09214,1.49944,2.49276,1.79422
2.02423,1.25793,2.33858,1.25975,2.1093,1.4999,2.50931,1.78936
2.04065,1.25802,2.34823,1.2562,2.1264,1.49998,2.52572,1.78412
2.05786,1.25777,2.36597,1.24922,2.14432,1.49964,2.53713,1.78023
2.07275,1.25724,2.37943,1.2435,2.15984,1.49899,2.55815,1.77251
2.08861,1.25635,2.38877,1.23932,2.17636,1.49793,2.57416,1.76615
2.10452,1.25512,2.40592,1.23117,2.19293,1.49646,2.58528,1.76148
2.12119,1.25346,2.41894,1.22455,2.21031,1.49449,2.60105,1.7545
2.136,1.25165,2.4318,1.21762,2.22575,1.49235,2.62133,1.74487
2.15145,1.24942,2.44451,1.2104,2.24185,1.48972,2.63675,1.73705
2.1667,1.24688,2.45706,1.20288,2.25776,1.48672,2.65202,1.72888
2.18148,1.24407,2.46945,1.19507,2.27317,1.48342,2.66713,1.72036
2.19676,1.2408,2.4817,1.18696,2.28912,1.47958,2.68208,1.71148
2.2116,1.23727,2.49378,1.17857,2.3046,1.47543,2.69687,1.70227
2.22631,1.2334,2.50215,1.17252,2.31996,1.47089,2.70712,1.69562
2.24041,1.22935,2.51748,1.16093,2.33468,1.46614,2.72163,1.68584
2.25566,1.22458,2.5291,1.1517,2.3506,1.46055,2.74023,1.67264
2.26908,1.22003,2.54055,1.14218,2.36462,1.45521,2.75434,1.66211
2.28312,1.21491,2.55185,1.1324,2.37929,1.44922,2.76828,1.65127
2.29707,1.20945,2.55966,1.12538,2.39387,1.44282,2.78204,1.64012
2.31078,1.20372,2.57068,1.11513,2.4082,1.4361,2.79157,1.63214
2.32432,1.19768,2.58154,1.10462,2.42236,1.42902,2.80502,1.62047
2.33874,1.19083,2.59224,1.09385,2.43745,1.421,2.81828,1.60851
2.3511,1.1846,2.60278,1.08282,2.45038,1.4137,2.83136,1.59627
2.36417,1.17765,2.61315,1.07154,2.46405,1.40555,2.8404,1.58753
2.37768,1.17004,2.62337,1.06,2.4782,1.39664,2.85694,1.57093
2.39005,1.16271,2.63342,1.0482,2.49115,1.38805,2.86945,1.55785
2.40261,1.15488,2.64331,1.03616,2.50431,1.37887,2.88177,1.5445
2.41526,1.14659,2.65304,1.02387,2.51757,1.36915,2.89389,1.53088
2.42771,1.13804,2.66261,1.01134,2.53062,1.35911,2.90582,1.51701
2.4398,1.12932,2.67201,0.998576,2.5433,1.34889,2.91755,1.50289
2.45184,1.12024,2.68124,0.985582,2.55593,1.33824,2.92907,1.48852
2.464,1.11065,2.6903,0.972361,2.56869,1.32697,2.9404,1.47392
2.47548,1.10119,2.6992,0.958918,2.58073,1.31587,2.95152,1.45909
2.4874,1.09093,2.70792,0.945254,2.59326,1.30382,2.96244,1.44404
2.49846,1.08101,2.71647,0.931376,2.60487,1.29216,2.97315,1.42876
2.50976,1.07045,2.72485,0.91729,2.61675,1.27975,2.98366,1.41327
2.52104,1.05947,2.73305,0.903003,2.62861,1.26684,2.99396,1.39758
2.5317,1.04868,2.74109,0.888521,2.63982,1.25414,3.00405,1.38169
2.54264,1.03716,2.74894,0.873851,2.65133,1.24058,3.01393,1.36562
2.55319,1.02561,2.75663,0.858995,2.66244,1.22698,3.0236,1.34936
2.5642,1.01308,2.76414,0.843959,2.67402,1.21223,3.03307,1.33293
2.57379,1.00175,2.77147,0.828748,2.68412,1.19887,3.04233,1.31632
2.58398,0.989257,2.77863,0.813364,2.69486,1.18414,3.05138,1.29956
2.59423,0.976218,2.78561,0.79781,2.70566,1.16876,3.06022,1.28263
2.60367,0.963754,2.79242,0.782093,2.71562,1.15406,3.06886,1.26555
2.61334,0.950533,2.79905,0.766218,2.72582,1.13845,3.07728,1.24832
2.62267,0.937302,2.80551,0.750193,2.73567,1.12282,3.08551,1.23095
2.63198,0.923622,2.81179,0.734021,2.7455,1.10665,3.09352,1.21344
2.64134,0.909356,2.8179,0.717709,2.75539,1.08978,3.10134,1.1958
2.6498,0.896014,2.82384,0.701262,2.76432,1.07399,3.10895,1.17805
2.65858,0.881679,2.8296,0.684688,2.7736,1.05702,3.11636,1.16017
2.66715,0.867174,2.83519,0.667993,2.78267,1.03984,3.12357,1.14219
2.67554,0.852469,2.84059,0.651182,2.79154,1.02242,3.13058,1.12411
2.68406,0.837006,2.84582,0.634257,2.80056,1.00408,3.13738,1.10592
2.69183,0.822391,2.85088,0.617224,2.80878,0.986741,3.14399,1.08765
2.69991,0.806632,2.85575,0.600087,2.81735,0.968035,3.15039,1.06928
2.70737,0.791596,2.86044,0.582849,2.82525,0.950176,3.1566,1.05084
2.71503,0.775573,2.86496,0.565514,2.83337,0.931135,3.1626,1.0323
2.72224,0.759971,2.86929,0.548087,2.84102,0.912585,3.16841,1.0137
2.72961,0.743433,2.87345,0.530568,2.84883,0.892909,3.17401,0.995017
2.73685,0.726561,2.87743,0.512965,2.85652,0.872825,3.17943,0.976265
2.74332,0.710956,2.88123,0.495281,2.86339,0.854239,3.18465,0.957447
2.75026,0.693559,2.88485,0.477521,2.87077,0.833508,3.18967,0.938568
2.75648,0.67741,2.88829,0.459689,2.87737,0.814252,3.19451,0.919631
2.76311,0.659529,2.89155,0.441794,2.88442,0.792921,3.19916,0.900641
2.76885,0.643441,2.89463,0.42384,2.89053,0.773717,3.20361,0.881604
2.77481,0.626119,2.89753,0.405835,2.89687,0.75303,3.20788,0.862525
2.78059,0.608679,2.90024,0.387787,2.90301,0.73219,3.21196,0.843411
2.78625,0.590875,2.90277,0.369704,2.90904,0.710905,3.21585,0.824268
2.79168,0.573079,2.9051,0.351594,2.91483,0.689618,3.21955,0.805104
2.79686,0.55542,2.90724,0.333459,2.92035,0.668484,3.22306,0.785925
2.80188,0.537572,2.90919,0.315306,2.9257,0.647113,3.22638,0.766733
2.80679,0.519362,2.91094,0.29714,2.93093,0.625299,3.22951,0.747533
2.81164,0.500577,2.91249,0.278965,2.9361,0.602783,3.23246,0.728328
2.81606,0.482633,2.91383,0.260785,2.94081,0.581266,3.23521,0.709121
2.82046,0.463948,2.91495,0.242569,2.94551,0.55885,3.23777,0.689916
2.82455,0.445742,2.91572,0.224181,2.94987,0.537,3.24012,0.670679
2.82881,0.425768,2.91598,0.205439,2.95443,0.513016,3.24216,0.651272
2.83288,0.405649,2.91579,0.192025,2.95877,0.488848,3.24373,0.631514
2.83613,0.388709,2.9145,0.166343,2.96224,0.46849,3.24448,0.617386
2.83966,0.369344,2.91285,0.14614,2.96601,0.44521,3.24503,0.590371
2.84297,0.350036,2.91077,0.12575,2.96955,0.421989,3.24487,0.569128
2.84599,0.331355,2.90821,0.105165,2.97279,0.399514,3.24434,0.547674
2.84904,0.311285,2.90516,0.084401,2.97604,0.37536,3.24342,0.525985
2.85158,0.293376,2.90172,0.0635938,2.97876,0.353799,3.24211,0.504058
2.85426,0.273139,2.89798,0.0428251,2.98163,0.329429,3.24051,0.482031
2.85652,0.254765,2.89399,0.0221443,2.98405,0.307295,3.2387,0.45999
2.85875,0.235223,2.88983,0.00161518,2.98643,0.283749,3.2367,0.437991
2.86081,0.215438,2.88552,-0.0187312,2.98863,0.259904,3.23459,0.416105
2.86265,0.19594,2.88109,-0.0388808,2.99061,0.236399,3.23237,0.394366
2.86435,0.176123,2.87653,-0.0588253,2.99243,0.212504,3.23007,0.372791
2.86583,0.156618,2.87186,-0.0785645,2.99402,0.188982,3.2277,0.351391
2.86731,0.134455,2.86709,-0.0980991,2.9956,0.162249,3.22525,0.33017
2.86833,0.116596,2.8622,-0.117435,2.99669,0.140704,3.22272,0.309129
2.86928,0.0970996,2.8572,-0.136578,2.99771,0.117181,3.22011,0.288264
2.87006,0.0773145,2.8526,-0.153646,2.99855,0.0933068,3.21741,0.267574
2.87068,0.0572456,2.84738,-0.172436,2.9992,0.0690885,3.2149,0.249101
2.8711,0.037543,2.84205,-0.19105,2.99966,0.0453106,3.21202,0.228737
2.87135,0.0173639,2.8366,-0.209497,2.99993,0.0209567,3.20904,0.20854
2.87142,-0.00395886,2.83103,-0.227787,3,-0.00477801,3.20594,0.188504
2.87131,-0.0220918,2.82535,-0.245928,2.99988,-0.0266628,3.20273,0.168623
2.87101,-0.0422628,2.81955,-0.263931,2.99957,-0.0510068,3.1994,0.148893
2.87055,-0.0618304,2.81363,-0.281805,2.99907,-0.0746213,3.19593,0.129306
2.8699,-0.081933,2.8076,-0.299554,2.99837,-0.0988799,3.19233,0.109856
2.86906,-0.101948,2.80145,-0.317183,2.99747,-0.12303,3.18859,0.0905426
2.86806,-0.121518,2.79519,-0.334702,2.99641,-0.146641,3.1847,0.0713621
2.86679,-0.142644,2.78883,-0.352117,2.99504,-0.172126,3.18066,0.0523083
2.86551,-0.161109,2.78236,-0.369432,2.99367,-0.194398,3.17646,0.0333773
2.86396,-0.180911,2.77578,-0.386649,2.99201,-0.218278,3.17209,0.014568
2.86224,-0.200515,2.76911,-0.40377,2.99017,-0.241914,3.16756,-0.00412119
2.86036,-0.219906,2.76235,-0.420794,2.98815,-0.265289,3.16286,-0.0226894
2.85828,-0.239494,2.75551,-0.43772,2.98593,-0.288895,3.15798,-0.0411327
2.856,-0.259184,2.74859,-0.454546,2.98349,-0.312619,3.15294,-0.0594481
2.85353,-0.278873,2.74161,-0.471276,2.98084,-0.336335,3.14772,-0.0776328
2.85097,-0.297777,2.73457,-0.487907,2.97811,-0.359098,3.14232,-0.0956868
2.8481,-0.31761,2.72748,-0.504444,2.97504,-0.382973,3.13676,-0.113606
2.84518,-0.336519,2.72036,-0.520885,2.97191,-0.405727,3.13101,-0.131389
2.84202,-0.355692,2.71322,-0.537229,2.96854,-0.428792,3.1251,-0.149035
2.83848,-0.375935,2.70608,-0.553466,2.96475,-0.453135,3.11902,-0.166536
2.83513,-0.393997,2.69897,-0.569598,2.96118,-0.474846,3.11278,-0.183883
2.83147,-0.412736,2.69191,-0.585624,2.95727,-0.497362,3.1064,-0.201067
2.82732,-0.432855,2.68491,-0.601545,2.95284,-0.521527,3.09986,-0.218086
2.82341,-0.450915,2.678,-0.617352,2.94865,-0.543209,3.09319,-0.234938
2.81909,-0.46985,2.67123,-0.633046,2.94405,-0.565932,3.0864,-0.251608
2.81497,-0.487133,2.66657,-0.643967,2.93965,-0.586664,3.0795,-0.268092
2.81027,-0.505962,2.65815,-0.664227,2.93464,-0.609238,3.0746,-0.279521
2.80557,-0.523961,2.65185,-0.679932,2.92963,-0.630808,3.06527,-0.300599
2.80041,-0.542893,2.64569,-0.69583,2.92413,-0.653485,3.05773,-0.316813
2.79555,-0.559983,2.63961,-0.71196,2.91894,-0.673946,3.04976,-0.333142
2.79027,-0.577767,2.63355,-0.728337,2.91333,-0.695226,3.04125,-0.349689
2.78478,-0.595575,2.62745,-0.744863,2.90747,-0.716525,3.03209,-0.366559
2.77913,-0.613143,2.62133,-0.761367,2.90146,-0.737525,3.0253,-0.378558
2.77334,-0.630475,2.61518,-0.777775,2.8953,-0.758233,3.01208,-0.401062
2.76724,-0.648022,2.60891,-0.794167,2.88881,-0.779186,3.00153,-0.418435
2.76094,-0.66546,2.60246,-0.810617,2.88211,-0.799998,2.9906,-0.43592
2.75479,-0.681874,2.59586,-0.827035,2.87557,-0.819576,2.97925,-0.453559
2.74812,-0.698997,2.58922,-0.84329,2.86849,-0.839989,2.9676,-0.471241
2.74139,-0.715664,2.58257,-0.859316,2.86134,-0.859848,2.9558,-0.488829
2.73476,-0.731509,2.57794,-0.870356,2.8543,-0.878716,2.94394,-0.506251
2.72753,-0.748161,2.56946,-0.890401,2.84663,-0.898536,2.9321,-0.52343
2.72034,-0.764145,2.56306,-0.905384,2.839,-0.917548,2.92034,-0.540307
2.71294,-0.780001,2.55677,-0.919976,2.83116,-0.936399,2.9087,-0.556854
2.70537,-0.79568,2.55058,-0.934178,2.82313,-0.955028,2.89718,-0.573062
2.69758,-0.811244,2.54448,-0.947994,2.81488,-0.97351,2.8858,-0.588925
2.68974,-0.826365,2.53841,-0.961435,2.80657,-0.991457,2.87791,-0.599826
2.68122,-0.842221,2.53237,-0.974513,2.79755,-1.01027,2.86345,-0.619636
2.6735,-0.856093,2.52629,-0.987235,2.78939,-1.02671,2.85248,-0.634499
2.66498,-0.870889,2.52015,-0.99961,2.78037,-1.04424,2.84164,-0.649045
2.6563,-0.885448,2.5139,-1.01164,2.77119,-1.06148,2.83092,-0.663279
2.64756,-0.899597,2.50749,-1.02334,2.76195,-1.07823,2.82034,-0.677208
2.63868,-0.91347,2.50088,-1.03471,2.75257,-1.09464,2.80988,-0.69084
2.62952,-0.927287,2.49401,-1.04574,2.7429,-1.11098,2.79955,-0.704179
2.62027,-0.940745,2.48685,-1.05642,2.73314,-1.12688,2.78934,-0.717231
2.61078,-0.954084,2.47935,-1.06676,2.72312,-1.14264,2.77925,-0.73
2.60111,-0.967185,2.47147,-1.07672,2.71292,-1.15811,2.76929,-0.742485
2.59131,-0.979977,2.4632,-1.0863,2.70259,-1.1732,2.75945,-0.75469
2.58129,-0.992604,2.4545,-1.09548,2.69202,-1.18809,2.74974,-0.766617
2.57118,-1.00487,2.44535,-1.10422,2.68138,-1.20255,2.74014,-0.778267
2.55982,-1.01812,2.43575,-1.1125,2.66941,-1.21817,2.73068,-0.789638
2.55045,-1.02866,2.42567,-1.1203,2.65954,-1.23057,2.72134,-0.800729
2.53981,-1.04018,2.41513,-1.12757,2.64835,-1.24414,2.71212,-0.811537
2.52912,-1.05133,2.4041,-1.1343,2.6371,-1.25726,2.70304,-0.822061
2.51814,-1.06234,2.39261,-1.14045,2.62556,-1.27021,2.69407,-0.8323
2.50651,-1.07353,2.38064,-1.146,2.61333,-1.28337,2.68522,-0.842258
2.49559,-1.08363,2.36821,-1.15091,2.60185,-1.29524,2.67649,-0.851937
2.48406,-1.09385,2.35533,-1.15518,2.58975,-1.30725,2.66786,-0.86134
2.47265,-1.10355,2.34201,-1.15877,2.57777,-1.31864,2.65933,-0.870469
2.46095,-1.1131,2.32828,-1.16168,2.56548,-1.32985,2.65089,-0.879325
2.44861,-1.12272,2.31416,-1.16387,2.55254,-1.34114,2.64252,-0.887904
2.43639,-1.13182,2.29968,-1.16535,2.53972,-1.35182,2.63423,-0.896206
2.42408,-1.14058,2.28485,-1.1661,2.52681,-1.36209,2.626,-0.904232
2.41219,-1.14864,2.26971,-1.16612,2.51435,-1.37156,2.6178,-0.911982
2.39949,-1.15686,2.25428,-1.16541,2.50104,-1.38119,2.60964,-0.919457
2.38684,-1.16465,2.23858,-1.16396,2.4878,-1.39032,2.60148,-0.926659
2.3725,-1.17301,2.22264,-1.16178,2.47277,-1.40012,2.59331,-0.933587
2.36079,-1.17948,2.20649,-1.15886,2.46052,-1.4077,2.58758,-0.938273
2.34765,-1.18637,2.19015,-1.15521,2.44676,-1.41578,2.57687,-0.946616
2.33434,-1.19297,2.17365,-1.15083,2.43284,-1.42351,2.56857,-0.95271
2.32058,-1.19939,2.15701,-1.14573,2.41845,-1.43102,2.5627,-0.956804
2.30731,-1.2052,2.14026,-1.13991,2.40458,-1.43784,2.55168,-0.964031
2.29351,-1.21088,2.12341,-1.13338,2.39015,-1.4445,2.54305,-0.969251
2.27953,-1.21626,2.10649,-1.12616,2.37553,-1.45079,2.53427,-0.974165
2.26535,-1.22132,2.08951,-1.11825,2.36072,-1.45673,2.52531,-0.978766
2.25089,-1.22611,2.07251,-1.10967,2.34562,-1.46235,2.51615,-0.983042
2.23662,-1.23047,2.05549,-1.10045,2.33072,-1.46746,2.50676,-0.986983
2.22211,-1.23454,2.03849,-1.0906,2.31557,-1.47223,2.49713,-0.990578
2.20761,-1.23825,2.02151,-1.08015,2.30044,-1.47658,2.48724,-0.993815
2.19279,-1.24169,2.00458,-1.06914,2.28497,-1.48062,2.47706,-0.996679
2.1778,-1.2448,1.98772,-1.05761,2.26934,-1.48427,2.46658,-0.999154
2.16244,-1.24762,1.97094,-1.0456,2.25332,-1.4876,2.45578,-1.00123
2.14737,-1.25005,1.95427,-1.03315,2.2376,-1.49046,2.44467,-1.00288
2.13118,-1.25227,1.93773,-1.0203,2.22072,-1.49309,2.43322,-1.00409
2.11623,-1.254,1.92295,-1.00843,2.20514,-1.49512,2.42145,-1.00486
2.10033,-1.25548,1.90668,-0.994955,2.18857,-1.49689,2.41057,-1.00515
2.0846,-1.25661,1.89056,-0.981212,2.17218,-1.49823,2.39816,-1.00502
2.06896,-1.2574,1.8746,-0.96725,2.15589,-1.49919,2.38542,-1.00439
2.05275,-1.25788,1.8588,-0.953113,2.139,-1.49979,2.37235,-1.00325
2.03642,-1.25803,1.84316,-0.938848,2.12199,-1.5,2.35898,-1.00159
2.02026,-1.25785,1.82766,-0.924503,2.10517,-1.49983,2.34531,-0.999396
2.00368,-1.25734,1.8123,-0.910123,2.08791,-1.49927,2.33135,-0.996657
1.98681,-1.25648,1.80162,-0.90006,2.07035,-1.49831,2.31712,-0.993366
1.97027,-1.25532,1.78646,-0.885722,2.05313,-1.497,2.30701,-0.990731
1.95319,-1.2538,1.77138,-0.871467,2.03536,-1.49526,2.29236,-0.986485
1.93641,-1.25199,1.75635,-0.857338,2.0179,-1.4932,2.27748,-0.98167
1.91901,-1.2498,1.74135,-0.843376,1.9998,-1.49068,2.26238,-0.976284
1.90168,-1.2473,1.73084,-0.833724,1.98177,-1.48781,2.24709,-0.970326
1.8843,-1.24448,1.71126,-0.816113,1.96369,-1.48456,2.23627,-0.965816
1.86711,-1.24139,1.69611,-0.80288,1.94581,-1.48101,2.21594,-0.956699
1.84938,-1.23791,1.68083,-0.789947,1.92737,-1.47699,2.20012,-0.94903
1.83128,-1.23404,1.66538,-0.777337,1.90855,-1.47252,2.18415,-0.940793
1.81345,-1.22993,1.64972,-0.765069,1.89001,-1.46777,2.16804,-0.931991
1.79587,-1.22559,1.63382,-0.753153,1.87173,-1.46275,2.1518,-0.922624
1.77706,-1.22065,1.61764,-0.741584,1.85218,-1.45703,2.13542,-0.912692
1.75847,-1.21546,1.60114,-0.730349,1.83285,-1.45101,2.11891,-0.902198
1.74129,-1.2104,1.58432,-0.719427,1.815,-1.44515,2.10226,-0.891143
1.7216,-1.2043,1.56714,-0.708788,1.79453,-1.43807,2.08545,-0.879528
1.70431,-1.19869,1.5496,-0.698401,1.77656,-1.43155,2.06848,-0.867355
1.68528,-1.19223,1.53168,-0.688223,1.75678,-1.42405,2.05133,-0.854627
1.66505,-1.18506,1.51892,-0.681201,1.73575,-1.41572,2.03398,-0.841343
1.64703,-1.17841,1.49474,-0.668332,1.71702,-1.40799,2.02172,-0.831718
1.6279,-1.17108,1.47571,-0.658542,1.69713,-1.39946,1.99868,-0.813137
1.6096,-1.16383,1.4563,-0.648807,1.67812,-1.39102,1.98068,-0.798228
1.58983,-1.15573,1.43653,-0.63909,1.65757,-1.38158,1.96244,-0.782792
1.5715,-1.14798,1.4164,-0.629357,1.63852,-1.37254,1.94394,-0.766839
1.55189,-1.13943,1.39593,-0.619581,1.61814,-1.36257,1.92516,-0.750377
1.52961,-1.12941,1.37512,-0.609729,1.59498,-1.35088,1.90609,-0.73342
1.51291,-1.12169,1.35398,-0.59977,1.57763,-1.34187,1.88673,-0.715978
1.49336,-1.11243,1.33253,-0.589677,1.55731,-1.33105,1.873,-0.703483
1.47141,-1.10175,1.31734,-0.582517,1.53449,-1.31856,1.84708,-0.679672
1.45324,-1.09269,1.28876,-0.568985,1.5156,-1.30797,1.8329,-0.666533
1.43335,-1.08255,1.26645,-0.55834,1.49493,-1.2961,1.80614,-0.64156
1.413,-1.07194,1.24388,-0.547469,1.47377,-1.28368,1.78516,-0.621859
1.39331,-1.06145,1.22107,-0.536355,1.4533,-1.27139,1.76385,-0.60175
1.37253,-1.05016,1.19802,-0.524983,1.4317,-1.25814,1.74219,-0.581248
1.35178,-1.03865,1.17476,-0.51334,1.41012,-1.24463,1.72019,-0.560372
1.33104,-1.02692,1.15836,-0.505023,1.38856,-1.23087,1.69785,-0.539138
1.31197,-1.01594,1.12766,-0.489198,1.36873,-1.21797,1.68201,-0.524072
1.29011,-1.00314,1.10385,-0.476677,1.34599,-1.20291,1.65215,-0.495671
1.2673,-0.989529,1.07988,-0.463842,1.32227,-1.1869,1.6288,-0.473469
1.25012,-0.979121,1.05578,-0.450685,1.30441,-1.17465,1.60512,-0.450974
1.22904,-0.96616,1.02671,-0.434465,1.28248,-1.15938,1.58112,-0.428198
1.20829,-0.953206,1.00726,-0.423387,1.26089,-1.14411,1.55191,-0.400517
1.18742,-0.93999,0.982872,-0.409245,1.23918,-1.12853,1.53221,-0.381861
1.16653,-0.92657,0.965764,-0.399152,1.21744,-1.11268,1.50732,-0.358328
1.14504,-0.912579,0.933934,-0.37999,1.19508,-1.09616,1.48215,-0.334574
1.12414,-0.898795,0.916772,-0.36945,1.17333,-1.07987,1.45672,-0.310609
1.10271,-0.884478,0.884883,-0.349471,1.15102,-1.06293,1.43876,-0.293715
1.08131,-0.870004,0.867712,-0.338499,1.12874,-1.0458,1.40509,-0.262097
1.06013,-0.855515,0.835846,-0.317733,1.10669,-1.02864,1.3868,-0.244946
1.03853,-0.840574,0.811368,-0.301427,1.08421,-1.01093,1.35252,-0.212872
1.01725,-0.825687,0.786935,-0.284847,1.06205,-0.993269,1.32591,-0.188016
0.995635,-0.810407,0.762559,-0.268004,1.03954,-0.975132,1.29909,-0.163012
0.973677,-0.794726,0.745535,-0.256067,1.01667,-0.956506,1.27208,-0.137868
0.951793,-0.778943,0.714019,-0.233599,0.99387,-0.937745,1.25305,-0.120192
0.930026,-0.763094,0.689872,-0.21607,0.971193,-0.918893,1.21749,-0.0872161
0.907376,-0.74645,0.673022,-0.203682,0.947593,-0.89908,1.18992,-0.061731
0.886971,-0.731325,0.641855,-0.180442,0.926329,-0.881064,1.17053,-0.0438371
0.864226,-0.714324,0.617997,-0.162374,0.902624,-0.8608,1.13429,-0.0105019
0.841864,-0.697471,0.594248,-0.144155,0.879315,-0.840696,1.10623,0.0152208
0.819519,-0.680495,0.570617,-0.125798,0.856021,-0.820433,1.07802,0.0410038
0.79469,-0.661481,0.547107,-0.107316,0.830134,-0.79772,1.04967,0.0668378
0.775486,-0.646668,0.523719,-0.0887215,0.810108,-0.780013,1.02118,0.0927132
0.754396,-0.630297,0.500458,-0.0700257,0.788114,-0.760432,0.992565,0.11862
0.731377,-0.61231,0.477323,-0.0512402,0.764106,-0.738905,0.963828,0.144548
0.710019,-0.595513,0.454312,-0.0323773,0.741826,-0.718789,0.934974,0.170488
0.686623,-0.576998,0.438276,-0.0191342,0.717417,-0.696602,0.906006,0.196425
0.664144,-0.559102,0.408649,0.00552917,0.693963,-0.675141,0.885663,0.214573
0.640521,-0.540184,0.38599,0.0245497,0.669311,-0.652441,0.847745,0.248241
0.620077,-0.523724,0.363439,0.0436014,0.647975,-0.632679,0.818461,0.274092
0.597821,-0.505717,0.340992,0.0626762,0.624744,-0.611047,0.797906,0.292155
0.574937,-0.487108,0.325339,0.0760395,0.600855,-0.58868,0.759613,0.325617
0.552212,-0.468541,0.296392,0.100876,0.577129,-0.566349,0.738937,0.343583
0.529534,-0.449927,0.280866,0.114255,0.55345,-0.54395,0.700441,0.376839
0.507505,-0.431769,0.252134,0.13911,0.530446,-0.522089,0.679664,0.394682
0.484029,-0.412338,0.230115,0.158231,0.505928,-0.498682,0.640999,0.427683
0.460858,-0.393083,0.208159,0.177347,0.481727,-0.475476,0.611199,0.452941
0.439169,-0.374994,0.186259,0.196458,0.459071,-0.453664,0.581357,0.478075
0.416426,-0.355961,0.170959,0.209829,0.435311,-0.430704,0.551485,0.50308
0.394111,-0.337226,0.1426,0.234644,0.411997,-0.408094,0.530561,0.5205
0.371571,-0.318244,0.120829,0.253715,0.388446,-0.385176,0.491689,0.552662
0.348636,-0.298874,0.0990915,0.272772,0.36448,-0.36178,0.46179,0.577226
0.325827,-0.279558,0.0773827,0.291812,0.340644,-0.338441,0.431912,0.601632
0.302592,-0.259831,0.0621999,0.305128,0.31636,-0.314596,0.402067,0.625876
0.280003,-0.240609,0.0340269,0.32983,0.29275,-0.291353,0.381201,0.642745
0.257229,-0.221187,0.0123702,0.348805,0.268945,-0.267862,0.342526,0.673849
0.234298,-0.201593,-0.00927944,0.367758,0.244974,-0.244156,0.312857,0.697571
0.210967,-0.181622,-0.0309304,0.386684,0.220585,-0.219987,0.283273,0.721115
0.188407,-0.16228,-0.0460913,0.399913,0.197,-0.196574,0.253783,0.744475
0.164848,-0.142052,-0.0742692,0.42444,0.172368,-0.172084,0.233202,0.760715
0.14264,-0.122961,-0.0959705,0.443264,0.149149,-0.148964,0.195122,0.790627
0.117718,-0.101513,-0.117698,0.46205,0.123091,-0.122987,0.165971,0.813414
0.0967479,-0.08345,-0.139455,0.480794,0.101165,-0.101107,0.136954,0.836008
0.0724451,-0.0625015,-0.161245,0.499496,0.075753,-0.0757289,0.108083,0.858407
0.0508046,-0.0438376,-0.18307,0.518154,0.0531246,-0.0531163,0.0793674,0.880612
0.0275621,-0.0237848,-0.204933,0.536762,0.0288209,-0.0288195,0.0508188,0.902624
0.00295849,-0.00255314,-0.226838,0.555316,0.00309361,-0.00309361,0.0224465,0.924441
-0.0179761,0.0155129,-0.248787,0.57381,-0.018797,0.0187967,-0.00574173,0.946061
-0.0413449,0.0356768,-0.270784,0.59224,-0.043233,0.0432285,-0.0337403,0.967482
-0.0643249,0.0554992,-0.292828,0.610599,-0.0672622,0.0672453,-0.0615406,0.988705
-0.0871796,0.075204,-0.314923,0.628881,-0.0911599,0.0911178,-0.0891364,1.00973
-0.111,0.0957274,-0.337071,0.647079,-0.116066,0.11598,-0.116523,1.03055
-0.132893,0.114575,-0.359273,0.665186,-0.138958,0.138809,-0.143696,1.05116
-0.155689,0.134181,-0.381527,0.683198,-0.162792,0.162552,-0.170651,1.07156
-0.178325,0.153627,-0.403831,0.701109,-0.186459,0.186098,-0.197381,1.09176
-0.2013,0.173337,-0.426184,0.718914,-0.210478,0.20996,-0.223881,1.11175
-0.225504,0.19407,-0.44186,0.731311,-0.235781,0.235052,-0.250147,1.13154
-0.24747,0.212853,-0.471034,0.754183,-0.258744,0.257779,-0.268393,1.14526
-0.270065,0.232138,-0.493526,0.771639,-0.282362,0.281109,-0.301966,1.17047
-0.29458,0.253018,-0.51606,0.788971,-0.307985,0.306358,-0.327513,1.18962
-0.315757,0.271014,-0.534118,0.802743,-0.330119,0.328114,-0.352816,1.20856
-0.339842,0.291433,-0.556727,0.819833,-0.35529,0.35279,-0.372884,1.22357
-0.36116,0.309458,-0.579373,0.836781,-0.377567,0.374565,-0.397752,1.24212
-0.385248,0.329768,-0.602052,0.853583,-0.402737,0.399091,-0.422375,1.26047
-0.406861,0.347937,-0.62476,0.870233,-0.425318,0.421022,-0.446752,1.27859
-0.430666,0.367885,-0.647492,0.886724,-0.450188,0.44509,-0.470882,1.2965
-0.452051,0.385745,-0.670246,0.903054,-0.472528,0.46663,-0.494766,1.31419
-0.474538,0.40446,-0.693017,0.919217,-0.496016,0.489189,-0.518404,1.33165
-0.497639,0.423612,-0.715801,0.935207,-0.520143,0.512265,-0.541799,1.34889
-0.520063,0.442129,-0.736314,0.949446,-0.54356,0.534564,-0.56495,1.3659
-0.542982,0.460975,-0.759113,0.965091,-0.567492,0.557246,-0.585581,1.38102
-0.565837,0.479683,-0.781916,0.980542,-0.591355,0.579752,-0.608281,1.39759
-0.587631,0.497442,-0.80472,0.995795,-0.614107,0.601103,-0.63075,1.41392
-0.610536,0.516015,-0.82752,1.01085,-0.638016,0.623421,-0.652992,1.43001
-0.63279,0.533969,-0.850312,1.02569,-0.661243,0.644981,-0.675011,1.44586
-0.655017,0.551805,-0.873092,1.04031,-0.684438,0.666388,-0.69681,1.46146
-0.677485,0.569736,-0.895853,1.05472,-0.707883,0.687895,-0.718397,1.47681
-0.699717,0.587374,-0.918588,1.06891,-0.731078,0.709038,-0.739773,1.49191
-0.722372,0.60524,-0.941293,1.08287,-0.754712,0.73044,-0.760941,1.50675
-0.744676,0.622716,-0.963961,1.0966,-0.777976,0.751362,-0.781907,1.52133
-0.766544,0.63974,-0.986587,1.1101,-0.800783,0.771728,-0.802675,1.53566
-0.78903,0.657125,-1.00916,1.12336,-0.824232,0.792514,-0.823249,1.54973
-0.811583,0.674435,-1.03169,1.13638,-0.847747,0.813195,-0.843636,1.56354
-0.832874,0.690657,-1.05415,1.14915,-0.869943,0.832564,-0.863843,1.57708
-0.855177,0.707521,-1.07654,1.16169,-0.893192,0.852686,-0.883872,1.59036
-0.877803,0.72449,-1.09885,1.17398,-0.916775,0.872919,-0.903725,1.60339
-0.899089,0.740322,-1.12109,1.18602,-0.938957,0.891782,-0.923411,1.61615
-0.920724,0.756277,-1.14325,1.19778,-0.961501,0.91078,-0.942937,1.62865
-0.942324,0.772066,-1.16532,1.20928,-0.984005,0.929567,-0.962312,1.64086
-0.96415,0.787873,-1.18731,1.2205,-1.00674,0.948362,-0.981541,1.6528
-0.985758,0.803373,-1.20921,1.23143,-1.02925,0.966779,-1.00063,1.66445
-1.00709,0.818527,-1.23102,1.24207,-1.05147,0.984773,-1.01959,1.67581
-1.02862,0.833661,-1.25273,1.25242,-1.07389,1.00273,-1.03843,1.68689
-1.04999,0.848523,-1.27434,1.26246,-1.09614,1.02035,-1.05715,1.69766
-1.07154,0.863342,-1.29585,1.2722,-1.11857,1.03791,-1.07576,1.70813
-1.09343,0.878226,-1.31726,1.28163,-1.14136,1.05553,-1.09428,1.71831
-1.11476,0.892552,-1.33856,1.29074,-1.16357,1.07248,-1.11269,1.72818
-1.1355,0.906307,-1.35975,1.29953,-1.18515,1.08875,-1.13103,1.73774
-1.15677,0.920238,-1.38083,1.308,-1.20728,1.10521,-1.14929,1.747
-1.17816,0.934063,-1.4018,1.31615,-1.22954,1.12153,-1.16747,1.75594
-1.19843,0.946986,-1.42266,1.32396,-1.25063,1.13678,-1.18559,1.76458
-1.21948,0.960216,-1.44339,1.33145,-1.27253,1.15238,-1.20366,1.77291
-1.24009,0.972978,-1.464,1.3386,-1.29397,1.16742,-1.22167,1.78092
-1.26112,0.9858,-1.48447,1.34543,-1.31584,1.18252,-1.23962,1.78863
-1.28186,0.998247,-1.50482,1.35193,-1.33742,1.19716,-1.25754,1.79604
-1.30246,1.0104,-1.52503,1.35811,-1.35884,1.21146,-1.27541,1.80315
-1.32314,1.02239,-1.5451,1.36396,-1.38034,1.22555,-1.29324,1.80996
-1.34335,1.03391,-1.56502,1.36949,-1.40135,1.23907,-1.31103,1.81648
-1.36387,1.04538,-1.58479,1.3747,-1.42269,1.25254,-1.32878,1.82271
-1.3844,1.05664,-1.6044,1.37958,-1.44404,1.26574,-1.34651,1.82865
-1.40464,1.06751,-1.62386,1.38415,-1.46508,1.27849,-1.36419,1.83431
-1.42488,1.07816,-1.64316,1.38839,-1.48612,1.29096,-1.38185,1.83968
-1.44442,1.08822,-1.66229,1.39231,-1.50644,1.30274,-1.39948,1.84477
-1.46505,1.0986,-1.68126,1.39592,-1.52788,1.31488,-1.41708,1.84958
-1.48451,1.10816,-1.70007,1.39921,-1.54811,1.32606,-1.43466,1.85411
-1.50396,1.11748,-1.7187,1.40218,-1.56832,1.33695,-1.45222,1.85837
-1.52495,1.12727,-1.73716,1.40484,-1.59014,1.34839,-1.46976,1.86237
-1.5434,1.13565,-1.75544,1.40718,-1.60931,1.35816,-1.48727,1.86609
-1.56255,1.14411,-1.77356,1.40919,-1.62922,1.36803,-1.50477,1.86954
-1.58201,1.15245,-1.7915,1.41088,-1.64945,1.37776,-1.52225,1.87271
-1.6022,1.16083,-1.80926,1.41224,-1.67043,1.38752,-1.53972,1.8756
-1.62028,1.16809,-1.82684,1.41327,-1.68922,1.39598,-1.55717,1.87822
-1.6394,1.17552,-1.84425,1.41397,-1.70909,1.40463,-1.57462,1.88056
-1.65861,1.18271,-1.86148,1.41434,-1.72906,1.41299,-1.59205,1.88261
-1.67703,1.18934,-1.87852,1.41438,-1.7482,1.4207,-1.60947,1.88438
-1.69584,1.19585,-1.89539,1.41412,-1.76775,1.42826,-1.62688,1.88588
-1.71533,1.20229,-1.91207,1.41354,-1.78801,1.43574,-1.64426,1.88712
-1.73319,1.20793,-1.92856,1.41264,-1.80657,1.44228,-1.66163,1.88808
-1.75118,1.21334,-1.94488,1.41143,-1.82528,1.44856,-1.67899,1.88878
-1.77001,1.21872,-1.96101,1.4099,-1.84485,1.45479,-1.69632,1.88921
-1.79106,1.22436,-1.97696,1.40805,-1.86673,1.46132,-1.71364,1.88936
-1.80636,1.22822,-1.99274,1.40588,-1.88264,1.46578,-1.73094,1.88923
-1.82382,1.23236,-2.00834,1.40339,-1.90079,1.47057,-1.74823,1.88882
-1.84164,1.23629,-2.02376,1.40058,-1.91932,1.47512,-1.7655,1.88813
-1.85962,1.23996,-2.039,1.39746,-1.93802,1.47935,-1.78275,1.88716
-1.87695,1.2432,-2.05407,1.39402,-1.95604,1.48308,-1.79999,1.8859
-1.89511,1.24627,-2.06895,1.39026,-1.97493,1.48662,-1.81719,1.88436
-1.91422,1.24914,-2.08365,1.38619,-1.99481,1.48992,-1.83438,1.88252
-1.92909,1.25111,-2.09817,1.38181,-2.01029,1.49219,-1.85153,1.8804
-1.94611,1.25308,-2.1125,1.37713,-2.028,1.49444,-1.86865,1.87799
-1.96271,1.25469,-2.12664,1.37214,-2.04527,1.49628,-1.88572,1.87529
-1.97979,1.25603,-2.13782,1.36793,-2.06304,1.4978,-1.90276,1.8723
-1.99658,1.25702,-2.15437,1.36126,-2.08052,1.49891,-1.91974,1.86902
-2.01318,1.25767,-2.16796,1.35537,-2.0978,1.49964,-1.93668,1.86545
-2.02927,1.25799,-2.18136,1.34919,-2.11456,1.49997,-1.95356,1.86158
-2.04552,1.25799,-2.19457,1.34271,-2.13147,1.49993,-1.97039,1.85742
-2.06184,1.25765,-2.20759,1.33593,-2.14847,1.4995,-1.98716,1.85295
-2.07798,1.25698,-2.22044,1.32877,-2.16528,1.49868,-2.00386,1.84819
-2.09394,1.25598,-2.23315,1.32106,-2.18191,1.49748,-2.02053,1.84304
-2.10955,1.25466,-2.24577,1.3126,-2.19817,1.49591,-2.03721,1.83733
-2.12468,1.25306,-2.25832,1.30323,-2.21394,1.49402,-2.05399,1.83087
-2.14154,1.25089,-2.27083,1.29283,-2.23152,1.49145,-2.0709,1.82347
-2.15663,1.2486,-2.28324,1.28164,-2.24725,1.48875,-2.08798,1.81504
-2.1714,1.24602,-2.29427,1.27111,-2.26266,1.48571,-2.10512,1.80579
-2.18609,1.24312,-2.30635,1.25888,-2.27798,1.4823,-2.12053,1.79698
-2.20097,1.23983,-2.31823,1.2461,-2.29351,1.47844,-2.13762,1.78664
-2.21615,1.23611,-2.32986,1.23292,-2.30935,1.47407,-2.15467,1.7757
-2.23101,1.23209,-2.34122,1.21944,-2.32486,1.46936,-2.17161,1.76434
-2.24485,1.228,-2.35228,1.2057,-2.33932,1.46456,-2.18842,1.75264
-2.25899,1.22348,-2.36304,1.19179,-2.35408,1.45926,-2.20505,1.74066
-2.27313,1.21859,-2.37347,1.17775,-2.36885,1.45353,-2.22149,1.72846
-2.28806,1.21302,-2.38356,1.1636,-2.38445,1.447,-2.23772,1.71611
-2.30106,1.20782,-2.39333,1.14933,-2.39804,1.44091,-2.25372,1.70361
-2.31578,1.20153,-2.40275,1.13495,-2.41343,1.43354,-2.26635,1.6935
-2.32856,1.19571,-2.41184,1.12045,-2.42679,1.42672,-2.28193,1.68075
-2.34209,1.18917,-2.42059,1.10581,-2.44095,1.41906,-2.30031,1.66524
-2.3557,1.1822,-2.42903,1.09102,-2.45518,1.41089,-2.31535,1.65214
-2.36819,1.17543,-2.43716,1.07605,-2.46826,1.40295,-2.33013,1.63886
-2.38106,1.16808,-2.445,1.06091,-2.48174,1.39434,-2.34466,1.62538
-2.39384,1.16039,-2.45259,1.04559,-2.49512,1.38533,-2.35894,1.61171
-2.40637,1.15246,-2.45994,1.03008,-2.50826,1.37603,-2.37295,1.59782
-2.4212,1.14256,-2.46709,1.01439,-2.5238,1.36442,-2.38668,1.58371
-2.43136,1.13544,-2.47407,0.998523,-2.53445,1.35607,-2.40014,1.56938
-2.44362,1.12649,-2.48091,0.982476,-2.5473,1.34556,-2.41331,1.55483
-2.45589,1.11709,-2.48765,0.966262,-2.56018,1.33454,-2.42619,1.54005
-2.46748,1.10782,-2.49431,0.94989,-2.57234,1.32366,-2.43878,1.52504
-2.47919,1.09804,-2.50094,0.93336,-2.58463,1.31217,-2.45106,1.50982
-2.49068,1.08803,-2.50769,0.916492,-2.5967,1.30041,-2.46302,1.49437
-2.50195,1.0778,-2.51467,0.899134,-2.60854,1.28839,-2.47469,1.4785
-2.51332,1.06704,-2.52192,0.881235,-2.62049,1.27574,-2.48605,1.46202
-2.52485,1.05566,-2.52949,0.862698,-2.63262,1.26235,-2.49711,1.44485
-2.53498,1.04527,-2.53731,0.843451,-2.64327,1.25013,-2.50786,1.42684
-2.546,1.03353,-2.54526,0.823566,-2.65486,1.23631,-2.5183,1.40785
-2.55644,1.02196,-2.55322,0.803183,-2.66586,1.22269,-2.52843,1.38794
-2.56698,1.00984,-2.56115,0.782473,-2.67695,1.2084,-2.53824,1.36723
-2.5769,0.997985,-2.56826,0.763662,-2.6874,1.19444,-2.54771,1.34595
-2.58709,0.985349,-2.57616,0.742557,-2.69814,1.17954,-2.55595,1.32649
-2.59692,0.972709,-2.58411,0.721202,-2.7085,1.16462,-2.56479,1.30453
-2.60659,0.959821,-2.59204,0.699726,-2.7187,1.14941,-2.57329,1.28222
-2.61629,0.946399,-2.59986,0.67826,-2.72894,1.13356,-2.58146,1.25971
-2.62548,0.933227,-2.60601,0.661137,-2.73863,1.118,-2.58929,1.23717
-2.63467,0.919574,-2.615,0.635589,-2.74834,1.10186,-2.59679,1.21467
-2.64371,0.905668,-2.62224,0.614463,-2.75789,1.08541,-2.60396,1.19227
-2.65251,0.891644,-2.62925,0.593504,-2.76719,1.06882,-2.61079,1.17001
-2.66136,0.877027,-2.63601,0.57272,-2.77654,1.05151,-2.6173,1.14793
-2.66966,0.862832,-2.6425,0.55211,-2.78532,1.0347,-2.62348,1.12602
-2.67824,0.84762,-2.64872,0.53167,-2.7944,1.01667,-2.62933,1.1043
-2.68608,0.833253,-2.65466,0.511393,-2.80269,0.999629,-2.63487,1.08277
-2.69438,0.817485,-2.66032,0.49127,-2.81148,0.980919,-2.6401,1.06141
-2.70214,0.802199,-2.66568,0.47129,-2.81971,0.962771,-2.64501,1.04024
-2.71002,0.786114,-2.67074,0.451451,-2.82806,0.943664,-2.64963,1.01923
-2.71832,0.768514,-2.6755,0.431744,-2.83686,0.922743,-2.65394,0.99838
-2.72442,0.755143,-2.67995,0.412166,-2.84333,0.906842,-2.65796,0.977695
-2.73158,0.738899,-2.68408,0.39271,-2.85093,0.887514,-2.66169,0.957164
-2.73861,0.72236,-2.68789,0.373372,-2.85839,0.867823,-2.66514,0.936784
-2.74543,0.705738,-2.69136,0.354149,-2.86563,0.848023,-2.6683,0.916547
-2.7522,0.688582,-2.6945,0.33504,-2.87283,0.827574,-2.67117,0.896451
-2.75862,0.671717,-2.6973,0.316044,-2.87965,0.807463,-2.67377,0.876493
-2.76461,0.655372,-2.69976,0.297163,-2.88602,0.78796,-2.67609,0.85667
-2.77078,0.637918,-2.70187,0.278394,-2.89258,0.767122,-2.67813,0.836979
-2.77677,0.620284,-2.70363,0.259739,-2.89895,0.746058,-2.67991,0.817416
-2.78243,0.602954,-2.70506,0.241203,-2.90498,0.725347,-2.68142,0.79798
-2.78788,0.585598,-2.70613,0.222784,-2.91078,0.704594,-2.68266,0.778669
-2.79323,0.567879,-2.70686,0.204482,-2.91648,0.683395,-2.68364,0.759479
-2.79855,0.549518,-2.70725,0.186296,-2.92214,0.661418,-2.68436,0.740405
-2.80343,0.531929,-2.7073,0.168227,-2.92734,0.640353,-2.68483,0.721442
-2.80835,0.51341,-2.70702,0.150279,-2.93259,0.618166,-2.68503,0.702586
-2.8129,0.495537,-2.70642,0.132458,-2.93744,0.596741,-2.68499,0.683835
-2.81749,0.476651,-2.70549,0.114771,-2.94234,0.57409,-2.68469,0.665192
-2.82173,0.45838,-2.70424,0.0972201,-2.94687,0.552169,-2.68415,0.646656
-2.82581,0.439952,-2.7027,0.0798062,-2.95122,0.530049,-2.68336,0.628226
-2.83,0.419991,-2.70086,0.0625317,-2.9557,0.506078,-2.68232,0.609896
-2.83351,0.402403,-2.69875,0.0453995,-2.95945,0.484947,-2.68105,0.591663
-2.83715,0.383243,-2.69636,0.0284124,-2.96333,0.46192,-2.67954,0.573523
-2.84053,0.364342,-2.69372,0.0115739,-2.96695,0.439194,-2.67779,0.555474
-2.84377,0.345183,-2.69084,-0.00511517,-2.97041,0.416151,-2.67581,0.537512
-2.84702,0.324732,-2.68774,-0.021651,-2.97388,0.391544,-2.67359,0.519632
-2.84974,0.306477,-2.68443,-0.0380303,-2.97679,0.369572,-2.67115,0.501831
-2.85243,0.287145,-2.68095,-0.0542537,-2.97967,0.346297,-2.66848,0.484105
-2.85494,0.267749,-2.67731,-0.0703213,-2.98236,0.322936,-2.66559,0.466447
-2.85724,0.248601,-2.67353,-0.0862301,-2.98482,0.299869,-2.66247,0.448851
-2.85946,0.228583,-2.66965,-0.10198,-2.98719,0.275747,-2.65913,0.431314
-2.86139,0.209485,-2.66569,-0.117575,-2.98926,0.252728,-2.65556,0.413833
-2.86323,0.189427,-2.66169,-0.133024,-2.99123,0.228546,-2.65178,0.396398
-2.86483,0.169997,-2.65766,-0.148335,-2.99295,0.205117,-2.64778,0.379
-2.86629,0.150186,-2.65364,-0.163517,-2.9945,0.181224,-2.64357,0.361628
-2.86759,0.129862,-2.64966,-0.178581,-2.99589,0.156707,-2.63914,0.344275
-2.86867,0.110036,-2.64573,-0.193538,-2.99705,0.132789,-2.63451,0.326936
-2.86957,0.0902434,-2.64187,-0.208398,-2.99802,0.108908,-2.62967,0.309607
-2.87027,0.0710553,-2.63809,-0.223175,-2.99877,0.0857537,-2.62463,0.292282
-2.87083,0.0508247,-2.6344,-0.237886,-2.99937,0.0613395,-2.61939,0.274958
-2.8712,0.0310402,-2.63079,-0.252544,-2.99977,0.0374625,-2.61395,0.257629
-2.87139,0.0109297,-2.62727,-0.26716,-2.99997,0.0131912,-2.60833,0.240293
-2.8714,-0.00848734,-2.62383,-0.281745,-2.99998,-0.0102435,-2.60251,0.222948
-2.87123,-0.028745,-2.62044,-0.296313,-2.9998,-0.0346925,-2.59772,0.209066
-2.87089,-0.0482895,-2.61711,-0.310873,-2.99943,-0.05828,-2.59033,0.188231
-2.87033,-0.0692053,-2.61381,-0.325429,-2.99884,-0.0835212,-2.58397,0.170855
-2.86965,-0.088257,-2.61053,-0.339984,-2.99811,-0.106511,-2.57744,0.153469
-2.86878,-0.107748,-2.60723,-0.354536,-2.99718,-0.130029,-2.57074,0.136078
-2.86767,-0.128409,-2.6039,-0.369078,-2.99598,-0.154955,-2.56389,0.118689
-2.86643,-0.148089,-2.60053,-0.383608,-2.99465,-0.178694,-2.55688,0.101313
-2.86502,-0.167563,-2.59708,-0.398122,-2.99315,-0.202182,-2.54972,0.0839573
-2.86339,-0.187608,-2.59354,-0.412618,-2.9914,-0.226353,-2.54242,0.0666269
-2.86168,-0.206472,-2.58989,-0.427089,-2.98957,-0.249095,-2.53498,0.0493309
-2.85969,-0.226426,-2.58612,-0.441534,-2.98743,-0.273147,-2.5274,0.0320758
-2.85748,-0.246561,-2.5822,-0.455949,-2.98507,-0.29741,-2.51968,0.0148676
-2.85527,-0.265165,-2.57812,-0.470328,-2.9827,-0.319823,-2.51184,-0.00228726
-2.85269,-0.285231,-2.57387,-0.484666,-2.97994,-0.343991,-2.50387,-0.0193821
-2.85011,-0.303859,-2.56944,-0.498957,-2.97719,-0.366421,-2.49579,-0.0364092
-2.84726,-0.323163,-2.56481,-0.513196,-2.97414,-0.389656,-2.4876,-0.0533613
-2.84416,-0.342847,-2.55998,-0.527378,-2.97082,-0.413341,-2.4793,-0.0702322
-2.84101,-0.361608,-2.55493,-0.541496,-2.96746,-0.435907,-2.47089,-0.0870161
-2.83761,-0.380736,-2.54966,-0.555543,-2.96382,-0.458906,-2.4624,-0.103705
-2.83398,-0.39999,-2.54416,-0.569515,-2.95995,-0.482047,-2.45381,-0.12029
-2.83023,-0.418888,-2.53841,-0.583404,-2.95594,-0.504753,-2.44512,-0.136769
-2.82643,-0.437054,-2.53241,-0.597204,-2.95188,-0.526569,-2.43636,-0.153134
-2.8221,-0.456763,-2.52616,-0.610908,-2.94726,-0.550228,-2.4275,-0.169378
-2.81805,-0.474273,-2.51964,-0.624511,-2.94294,-0.571239,-2.41856,-0.185497
-2.81355,-0.492905,-2.51285,-0.638007,-2.93814,-0.593585,-2.40954,-0.201485
-2.80877,-0.511801,-2.50579,-0.651388,-2.93304,-0.616237,-2.40044,-0.217338
-2.80373,-0.530821,-2.49845,-0.664645,-2.92766,-0.639027,-2.39127,-0.233051
-2.79909,-0.547607,-2.49082,-0.677771,-2.92272,-0.65913,-2.38201,-0.248615
-2.79391,-0.565574,-2.48292,-0.690757,-2.9172,-0.680637,-2.37268,-0.264028
-2.78856,-0.58341,-2.47473,-0.703595,-2.9115,-0.701977,-2.36327,-0.279283
-2.78289,-0.601534,-2.45928,-0.726321,-2.90546,-0.72365,-2.3538,-0.294378
-2.77728,-0.618765,-2.45303,-0.735019,-2.89949,-0.744244,-2.33658,-0.321144
-2.77151,-0.635816,-2.44571,-0.744856,-2.89335,-0.764611,-2.32982,-0.331411
-2.76544,-0.653079,-2.43916,-0.753367,-2.8869,-0.785223,-2.32207,-0.343041
-2.75862,-0.671716,-2.42957,-0.765367,-2.87965,-0.807461,-2.31525,-0.353125
-2.75281,-0.687025,-2.4197,-0.777173,-2.87347,-0.825718,-2.30545,-0.36738
-2.74631,-0.703531,-2.40956,-0.788779,-2.86657,-0.845392,-2.29559,-0.381457
-2.73855,-0.72252,-2.39915,-0.800181,-2.85832,-0.868014,-2.28568,-0.395354
-2.73262,-0.73649,-2.38847,-0.811373,-2.85203,-0.884646,-2.2757,-0.409074
-2.72555,-0.752622,-2.37753,-0.822346,-2.84453,-0.903842,-2.26567,-0.422615
-2.71792,-0.769382,-2.36632,-0.833095,-2.83644,-0.923776,-2.25557,-0.435977
-2.70978,-0.78662,-2.35485,-0.843609,-2.8278,-0.944265,-2.24542,-0.449158
-2.70124,-0.803989,-2.34314,-0.85388,-2.81876,-0.964897,-2.23521,-0.462155
-2.69538,-0.815529,-2.33117,-0.8639,-2.81255,-0.978597,-2.22493,-0.474965
-2.68726,-0.83103,-2.31895,-0.873659,-2.80395,-0.996991,-2.21459,-0.487585
-2.67923,-0.845847,-2.30649,-0.883152,-2.79544,-1.01456,-2.20419,-0.500013
-2.67089,-0.860681,-2.29379,-0.892375,-2.78662,-1.03215,-2.19372,-0.51225
-2.66227,-0.875499,-2.28087,-0.901319,-2.7775,-1.0497,-2.18318,-0.524297
-2.6537,-0.889706,-2.26772,-0.909977,-2.76845,-1.06652,-2.17258,-0.536152
-2.64331,-0.906292,-2.25436,-0.918343,-2.75747,-1.08615,-2.16191,-0.547813
-2.6278,-0.92982,-2.24079,-0.926414,-2.74109,-1.11397,-2.15117,-0.559281
-2.62183,-0.938518,-2.22702,-0.934188,-2.73478,-1.12425,-2.14036,-0.570555
-2.61384,-0.949828,-2.21307,-0.941656,-2.72635,-1.13761,-2.12947,-0.581639
-2.60712,-0.959095,-2.19893,-0.948813,-2.71926,-1.14856,-2.11851,-0.59253
-2.59806,-0.971219,-2.18462,-0.955653,-2.7097,-1.16287,-2.10748,-0.603225
-2.58765,-0.984646,-2.17016,-0.962173,-2.69873,-1.17871,-2.09637,-0.613721
-2.57619,-0.99885,-2.15554,-0.96837,-2.68665,-1.19546,-2.08742,-0.621975
-2.56648,-1.01042,-2.14375,-0.973095,-2.67642,-1.2091,-2.0739,-0.634115
-2.55712,-1.02119,-2.12591,-0.979794,-2.66657,-1.22178,-2.06482,-0.642048
-2.54703,-1.03241,-2.11092,-0.985022,-2.65595,-1.23499,-2.05109,-0.653707
-2.53648,-1.04371,-2.09584,-0.989931,-2.64484,-1.24829,-2.03956,-0.663202
-2.52559,-1.05492,-2.08067,-0.994522,-2.63339,-1.26148,-2.02794,-0.672498
-2.51461,-1.06579,-2.06544,-0.9988,-2.62185,-1.27426,-2.01622,-0.681591
-2.50358,-1.07628,-2.05016,-1.00277,-2.61025,-1.28661,-2.00441,-0.690481
-2.49222,-1.08666,-2.03484,-1.00644,-2.59832,-1.2988,-1.9925,-0.699168
-2.48076,-1.0967,-2.01951,-1.00982,-2.58628,-1.3106,-1.98049,-0.70765
-2.46904,-1.10654,-2.00418,-1.01292,-2.57398,-1.32215,-1.96839,-0.715926
-2.45704,-1.11619,-1.98885,-1.01575,-2.56139,-1.33348,-1.95618,-0.723994
-2.44533,-1.1252,-1.97354,-1.01833,-2.5491,-1.34406,-1.94388,-0.731855
-2.43302,-1.13425,-1.95825,-1.02068,-2.53619,-1.35468,-1.93146,-0.739509
-2.42083,-1.14282,-1.94299,-1.0228,-2.5234,-1.36472,-1.91893,-0.746956
-2.40807,-1.15135,-1.92776,-1.02473,-2.51004,-1.37473,-1.9063,-0.754199
-2.39485,-1.15977,-1.91257,-1.02648,-2.49618,-1.3846,-1.89355,-0.761237
-2.3826,-1.16717,-1.89741,-1.02805,-2.48335,-1.39328,-1.88069,-0.768068
-2.36841,-1.17531,-1.88226,-1.02947,-2.46849,-1.40281,-1.86773,-0.774687
-2.35706,-1.18147,-1.86711,-1.03072,-2.45662,-1.41004,-1.85465,-0.781087
-2.34388,-1.18828,-1.85195,-1.03183,-2.44282,-1.41801,-1.84145,-0.787258
-2.33036,-1.19486,-1.83676,-1.03279,-2.42868,-1.42573,-1.82814,-0.793196
-2.31667,-1.20114,-1.82153,-1.03361,-2.41436,-1.43308,-1.81471,-0.798894
-2.30295,-1.20704,-1.80624,-1.03429,-2.40002,-1.43999,-1.80115,-0.804347
-2.28936,-1.21252,-1.79087,-1.03484,-2.38581,-1.44641,-1.78748,-0.809552
-2.27539,-1.21777,-1.7754,-1.03526,-2.37122,-1.45257,-1.77369,-0.814506
-2.26115,-1.22276,-1.75982,-1.03554,-2.35633,-1.45841,-1.75978,-0.819205
-2.24658,-1.22747,-1.74411,-1.03569,-2.34112,-1.46394,-1.74574,-0.823645
-2.23215,-1.23177,-1.72824,-1.03569,-2.32605,-1.46898,-1.73159,-0.827826
-2.21752,-1.23575,-1.71544,-1.03559,-2.31078,-1.47365,-1.7173,-0.831741
-2.20322,-1.23931,-1.696,-1.03524,-2.29586,-1.47782,-1.7029,-0.835388
-2.18816,-1.24268,-1.67959,-1.03476,-2.28014,-1.48179,-1.68836,-0.838764
-2.17331,-1.24566,-1.66296,-1.03409,-2.26465,-1.48529,-1.6737,-0.841865
-2.15775,-1.24841,-1.6461,-1.03323,-2.24842,-1.48853,-1.65891,-0.844687
-2.14273,-1.25072,-1.62899,-1.03215,-2.23276,-1.49125,-1.644,-0.847232
-2.12742,-1.25274,-1.61162,-1.03084,-2.2168,-1.49363,-1.62895,-0.8495
-2.11143,-1.25448,-1.59399,-1.02929,-2.20013,-1.4957,-1.61377,-0.851488
-2.09598,-1.25583,-1.57609,-1.02746,-2.18403,-1.4973,-1.59847,-0.853197
-2.08006,-1.25687,-1.5579,-1.02534,-2.16745,-1.49855,-1.58302,-0.854622
-2.0641,-1.25758,-1.53944,-1.02292,-2.15082,-1.49941,-1.56745,-0.855765
-2.04783,-1.25796,-1.52069,-1.02016,-2.13387,-1.49989,-1.55173,-0.85663
-2.02996,-1.258,-1.50166,-1.01705,-2.11527,-1.49998,-1.53588,-0.857217
-2.0153,-1.25773,-1.48235,-1.01356,-2.1,-1.4997,-1.51989,-0.857525
-1.9981,-1.25709,-1.46278,-1.00968,-2.0821,-1.49899,-1.50375,-0.857553
-1.98169,-1.25616,-1.44294,-1.00537,-2.06502,-1.49794,-1.48747,-0.857299
-1.96536,-1.25492,-1.42286,-1.00062,-2.04802,-1.49654,-1.47103,-0.856765
-1.94829,-1.25331,-1.40254,-0.995398,-2.03026,-1.4947,-1.45445,-0.85595
-1.93103,-1.25135,-1.38202,-0.989694,-2.0123,-1.49246,-1.43772,-0.854856
-1.91358,-1.24905,-1.36546,-0.984767,-1.99415,-1.48982,-1.42082,-0.853481
-1.89546,-1.24632,-1.34044,-0.976749,-1.9753,-1.48669,-1.4072,-0.85218
-1.8793,-1.24361,-1.31944,-0.969479,-1.95849,-1.48356,-1.38656,-0.849891
-1.86172,-1.24037,-1.29834,-0.961658,-1.94021,-1.47982,-1.36918,-0.847675
-1.84419,-1.23683,-1.27719,-0.953283,-1.92197,-1.47574,-1.35163,-0.845177
-1.82601,-1.23286,-1.25601,-0.944356,-1.90308,-1.47115,-1.33391,-0.842393
-1.80581,-1.22808,-1.23485,-0.934881,-1.88207,-1.46563,-1.31601,-0.839323
-1.79073,-1.22427,-1.21376,-0.924872,-1.86639,-1.46122,-1.29793,-0.835966
-1.77212,-1.2193,-1.19276,-0.914345,-1.84704,-1.45546,-1.27967,-0.83232
-1.7542,-1.21423,-1.17191,-0.903321,-1.82842,-1.44958,-1.26122,-0.828381
-1.73549,-1.20864,-1.15122,-0.891823,-1.80897,-1.4431,-1.24259,-0.824147
-1.71704,-1.20284,-1.13074,-0.879881,-1.78979,-1.43638,-1.22377,-0.819613
-1.69772,-1.19648,-1.11049,-0.867531,-1.76971,-1.42899,-1.20476,-0.814773
-1.67877,-1.18996,-1.09048,-0.85481,-1.75001,-1.42141,-1.18557,-0.809625
-1.66111,-1.18362,-1.0727,-0.84308,-1.73165,-1.41405,-1.16618,-0.804164
-1.63987,-1.1757,-1.0532,-0.829773,-1.70958,-1.40483,-1.14858,-0.798976
-1.62313,-1.16922,-1.03398,-0.81622,-1.69218,-1.39729,-1.12885,-0.792903
-1.60351,-1.16137,-1.01503,-0.802465,-1.67179,-1.38815,-1.10893,-0.786502
-1.58429,-1.15341,-0.996351,-0.788549,-1.65181,-1.37888,-1.08883,-0.779766
-1.56571,-1.14548,-0.977927,-0.774512,-1.63251,-1.36963,-1.06855,-0.772692
-1.54617,-1.13689,-0.959744,-0.760396,-1.61219,-1.35961,-1.04811,-0.765274
-1.52656,-1.12801,-0.941783,-0.746235,-1.59181,-1.34925,-1.02749,-0.757511
-1.50713,-1.11898,-0.924022,-0.732062,-1.57162,-1.3387,-1.00671,-0.749399
-1.48671,-1.10922,-0.906433,-0.717905,-1.55039,-1.3273,-0.985774,-0.740936
-1.46752,-1.09982,-0.888988,-0.703788,-1.53044,-1.31631,-0.964685,-0.732117
-1.44752,-1.0898,-0.871655,-0.689729,-1.50966,-1.30459,-0.94345,-0.722944
-1.42761,-1.07958,-0.854401,-0.675743,-1.48896,-1.29263,-0.922074,-0.713416
-1.40762,-1.0691,-0.837192,-0.661836,-1.46818,-1.28035,-0.900564,-0.703531
-1.3874,-1.05827,-0.819997,-0.648014,-1.44716,-1.26765,-0.878924,-0.693289
-1.3671,-1.04717,-0.802784,-0.634279,-1.42605,-1.25464,-0.857161,-0.682689
-1.34643,-1.03565,-0.785522,-0.620627,-1.40457,-1.24111,-0.835281,-0.671732
-1.32618,-1.02414,-0.768182,-0.607056,-1.3835,-1.2276,-0.813288,-0.660416
-1.30591,-1.01242,-0.75074,-0.593558,-1.36243,-1.21383,-0.791189,-0.648745
-1.28532,-1.0003,-0.733171,-0.580128,-1.34101,-1.19958,-0.76899,-0.636721
-1.26456,-0.987881,-0.715455,-0.566754,-1.31943,-1.18496,-0.746698,-0.624345
-1.2438,-0.975251,-0.697573,-0.553422,-1.29782,-1.17009,-0.72432,-0.611619
-1.22304,-0.962431,-0.679509,-0.54012,-1.27623,-1.15499,-0.70186,-0.598546
-1.20221,-0.949372,-0.66125,-0.526829,-1.25456,-1.13959,-0.679324,-0.58513
-1.18094,-0.935844,-0.642787,-0.513532,-1.23243,-1.12363,-0.656719,-0.571372
-1.16031,-0.922542,-0.624115,-0.500208,-1.21097,-1.10793,-0.634048,-0.557275
-1.13873,-0.908433,-0.60523,-0.486838,-1.18851,-1.09126,-0.61132,-0.542843
-1.11787,-0.89462,-0.586131,-0.473405,-1.1668,-1.07493,-0.588538,-0.528077
-1.09637,-0.880211,-0.566817,-0.459891,-1.14443,-1.05788,-0.565708,-0.512981
-1.07437,-0.865278,-0.547288,-0.446281,-1.12152,-1.0402,-0.542833,-0.497559
-1.05323,-0.850763,-0.527551,-0.432563,-1.09952,-1.02301,-0.519916,-0.481816
-1.03249,-0.836361,-0.507608,-0.418722,-1.07792,-1.00593,-0.496963,-0.465756
-1.01067,-0.821051,-0.481383,-0.400526,-1.05519,-0.987768,-0.473977,-0.449383
-0.989212,-0.805837,-0.467127,-0.390627,-1.03285,-0.969705,-0.444051,-0.427639
-0.96755,-0.790323,-0.44041,-0.372039,-1.01028,-0.951273,-0.427918,-0.415719
-0.944507,-0.773654,-0.409218,-0.350248,-0.98628,-0.931456,-0.40485,-0.398437
-0.922615,-0.757665,-0.394536,-0.339947,-0.963472,-0.912432,-0.363276,-0.366599
-0.901664,-0.742228,-0.377666,-0.32807,-0.941641,-0.894053,-0.347095,-0.35397
-0.880195,-0.726276,-0.36283,-0.317585,-0.919267,-0.875047,-0.328595,-0.339371
-0.858063,-0.709693,-0.341522,-0.302453,-0.8962,-0.855277,-0.312402,-0.326454
-0.835948,-0.692989,-0.320091,-0.287143,-0.873148,-0.835348,-0.289264,-0.307775
-0.814284,-0.6765,-0.29855,-0.271655,-0.850563,-0.815661,-0.266121,-0.288835
-0.79178,-0.659242,-0.276909,-0.255993,-0.827099,-0.795044,-0.242977,-0.269643
-0.76959,-0.642102,-0.259532,-0.243339,-0.80396,-0.774553,-0.219835,-0.250206
-0.747504,-0.624924,-0.233374,-0.224156,-0.780926,-0.754004,-0.201325,-0.234484
-0.725553,-0.607739,-0.2115,-0.207988,-0.75803,-0.733432,-0.173568,-0.210626
-0.700308,-0.587842,-0.189569,-0.191659,-0.731695,-0.709599,-0.150448,-0.190499
-0.680339,-0.572006,-0.171986,-0.178483,-0.710861,-0.690616,-0.127338,-0.170157
-0.658435,-0.55454,-0.149969,-0.161878,-0.688006,-0.669669,-0.10424,-0.149608
-0.634355,-0.535227,-0.123501,-0.141757,-0.662876,-0.646492,-0.0857721,-0.133026
-0.611126,-0.516492,-0.10141,-0.124829,-0.638632,-0.623994,-0.0580867,-0.10792
-0.591244,-0.500378,-0.0792943,-0.10776,-0.617879,-0.604632,-0.035032,-0.0867888
-0.557456,-0.472833,-0.0571599,-0.090555,-0.582605,-0.571513,-0.0119933,-0.0654741
-0.542638,-0.460692,-0.0350121,-0.0732214,-0.567133,-0.556907,0.0110284,-0.0439823
-0.515498,-0.438366,-0.0128547,-0.0557646,-0.538794,-0.530033,0.0340321,-0.0223211
-0.480933,-0.409769,0.00930775,-0.0381902,-0.502695,-0.495587,0.0570177,-0.000496376
-0.462902,-0.394785,0.0314706,-0.0205066,-0.483862,-0.477527,0.079984,0.0214859
-0.446252,-0.380908,nan,nan,-0.46647,-0.460797,0.102929,0.0436172
-0.431317,-0.36843,nan,nan,-0.450869,-0.445748,nan,nan
-0.409345,-0.350023,nan,nan,-0.427914,-0.423539,nan,nan
-0.387847,-0.331957,nan,nan,-0.405453,-0.401733,nan,nan
-0.363612,-0.311529,nan,nan,-0.38013,-0.377066,nan,nan
-0.342275,-0.293492,nan,nan,-0.357832,-0.355278,nan,nan
-0.319123,-0.273871,nan,nan,-0.333637,-0.331567,nan,nan
-0.296498,-0.25465,nan,nan,-0.30999,-0.308331,nan,nan
-0.273662,-0.235205,nan,nan,-0.286122,-0.284817,nan,nan
-0.250769,-0.215671,nan,nan,-0.262193,-0.261189,nan,nan
-0.227622,-0.195882,nan,nan,-0.237995,-0.237245,nan,nan
-0.204775,-0.176316,nan,nan,-0.214111,-0.213565,nan,nan
-0.181964,-0.156751,nan,nan,-0.190263,-0.18988,nan,nan
-0.15945,-0.137413,nan,nan,-0.166724,-0.166467,nan,nan
-0.136267,-0.117479,nan,nan,-0.142486,-0.142325,nan,nan
-0.113289,-0.0976989,nan,nan,-0.11846,-0.118368,nan,nan
-0.0898595,-0.0775137,nan,nan,-0.093962,-0.0939159,nan,nan
-0.0672745,-0.0580429,nan,nan,-0.0703464,-0.0703271,nan,nan
-0.0447279,-0.0385954,nan,nan,-0.0467704,-0.0467648,nan,nan
-0.0208795,-0.0180183,nan,nan,-0.021833,-0.0218324,nan,nan
