time_sec,quad_ref_x,quad_ref_y,quad_ref_z,quad_actual_x,quad_actual_y,quad_actual_z,payload_ref_x,payload_ref_y,payload_ref_z,payload_actual_x,payload_actual_y,payload_actual_z,quad_ref_vx,quad_ref_vy,quad_ref_vz,quad_actual_vx,quad_actual_vy,quad_actual_vz,payload_ref_vx,payload_ref_vy,payload_ref_vz,payload_actual_vx,payload_actual_vy,payload_actual_vz
0,2.87142,0,2.65596,2.53119,0.532758,2.62404,3,0,2,2.53119,0.532758,1.95559,0,2.29714,0,1.30179,1.30267,-0.0545818,-0,2.4,0,1.30179,1.30267,-0.0545818
0.00998538,2.87133,0.0228588,2.65596,2.54427,0.545853,2.6235,2.9999,0.0238824,2,2.54427,0.545853,1.95505,-0.018287,2.29706,0,1.31535,1.31622,-0.0520063,-0.0191059,2.39992,0,1.31535,1.31622,-0.0520063
0.0202001,2.87105,0.0463115,2.65596,2.55749,0.559082,2.62306,2.99961,0.0483853,2,2.55749,0.559082,1.95461,-0.0370492,2.29684,0,1.32875,1.32961,-0.0325842,-0.0387083,2.39969,0,1.32875,1.32961,-0.0325842
0.030062,2.87059,0.0690149,2.65596,2.57085,0.572444,2.62293,2.99913,0.0721054,2,2.57085,0.572444,1.95448,-0.0552119,2.29647,0,1.3419,1.34276,0.00958709,-0.0576843,2.39931,0,1.3419,1.34276,0.00958709
0.0400505,2.86994,0.0921614,2.65596,2.58433,0.585937,2.62327,2.99845,0.0962883,2,2.58433,0.585937,1.95483,-0.0737291,2.29595,0,1.35457,1.35582,0.0585058,-0.0770307,2.39876,0,1.35498,1.35581,0.0585058
0.0500084,2.86912,0.115009,2.65596,2.59793,0.599561,2.62399,2.99759,0.120159,2,2.59795,0.59956,1.95555,-0.092007,2.29529,9.13725e-20,1.36414,1.36918,0.0808702,-0.096127,2.39807,0,1.36794,1.36868,0.0808703
0.0600364,2.8681,0.138045,2.65596,2.61159,0.613327,2.62487,2.99653,0.144227,2,2.61169,0.61331,1.95643,-0.110436,2.29448,0,1.3677,1.3845,0.096509,-0.115381,2.39722,0,1.38083,1.38141,0.096511
0.0700798,2.8669,0.16101,2.65596,2.62526,0.627263,2.62595,2.99528,0.16822,2,2.62556,0.627188,1.9575,-0.128808,2.29352,1.82745e-19,1.36332,1.40326,0.118824,-0.134576,2.39622,0,1.39365,1.3941,0.118839
0.0800628,2.86551,0.184058,2.65596,2.63884,0.641399,2.62723,2.99383,0.1923,2,2.63956,0.641192,1.95879,-0.147246,2.29241,-1.82745e-19,1.35404,1.42389,0.13558,-0.15384,2.39506,0,1.40635,1.40679,0.135641
0.0900762,2.86392,0.207448,2.65596,2.65233,0.655742,2.62861,2.99216,0.216737,2,2.65369,0.655324,1.96017,-0.165958,2.29113,1.82745e-19,1.34351,1.44472,0.13988,-0.17339,2.39373,0,1.41897,1.41958,0.140049
0.100014,2.86221,0.229793,2.65596,2.6657,0.670295,2.63002,2.99038,0.240083,2,2.66794,0.669583,1.96158,-0.183834,2.28977,1.82745e-19,1.32969,1.46605,0.142199,-0.192066,2.3923,0,1.43134,1.43229,0.142575
0.109961,2.86027,0.252794,2.65596,2.67891,0.685064,2.63146,2.98835,0.264114,2,2.68232,0.68397,1.96302,-0.202235,2.28822,3.6549e-19,1.31185,1.4877,0.144281,-0.211291,2.39068,0,1.44351,1.44495,0.145021
0.119979,2.8581,0.276211,2.65596,2.69193,0.70005,2.63291,2.98609,0.28858,2,2.69681,0.698483,1.96449,-0.220969,2.28648,0,1.28981,1.50966,0.146903,-0.230864,2.38887,0,1.45549,1.45774,0.148235
0.130206,2.8558,0.299107,2.65596,2.70469,0.715257,2.6344,2.98368,0.312501,2,2.71143,0.713125,1.96599,-0.239286,2.28464,3.6549e-19,1.26325,1.53177,0.150468,-0.250001,2.38694,0,1.46713,1.47061,0.152716
0.13998,2.85335,0.321644,2.65596,2.71718,0.730686,2.63592,2.98112,0.336047,2,2.72615,0.727896,1.96755,-0.257315,2.28268,0,1.2323,1.5539,0.15474,-0.268837,2.3849,0,1.47854,1.48363,0.158341
0.150061,2.85064,0.344803,2.65596,2.72933,0.746335,2.6375,2.97829,0.360244,2,2.74099,0.742798,1.96916,-0.275843,2.28051,3.6549e-19,1.19686,1.57591,0.159581,-0.288195,2.38263,0,1.48961,1.49682,0.16511
0.160106,2.84781,0.36746,2.65596,2.7411,0.762203,2.63912,2.97533,0.383915,2,2.75594,0.757833,1.97085,-0.293968,2.27825,0,1.15689,1.5976,0.164752,-0.307132,2.38027,0,1.50022,1.51015,0.172951
0.170038,2.84475,0.390462,2.65596,2.75245,0.778285,2.64079,2.97213,0.407946,2,2.771,0.773001,1.97262,-0.312369,2.2758,3.6549e-19,1.11236,1.61872,0.169946,-0.326357,2.37771,0,1.51025,1.52354,0.181745
0.180232,2.84146,0.413716,2.65596,2.76333,0.794575,2.64252,2.9687,0.432242,2,2.78615,0.788304,1.97449,-0.330973,2.27317,3.6549e-19,1.06337,1.63925,0.174864,-0.345793,2.37496,0,1.51961,1.53711,0.191406
0.190003,2.83812,0.436053,2.65596,2.7737,0.811067,2.64429,2.96521,0.455579,2,2.80139,0.803743,1.97645,-0.348842,2.27049,3.6549e-19,1.01002,1.6589,0.179173,-0.364463,2.37216,0,1.52819,1.55074,0.20184
0.200029,2.83464,0.45811,2.65596,2.78352,0.82775,2.6461,2.96157,0.478624,2,2.81671,0.81932,1.97853,-0.366488,2.26771,-3.6549e-19,0.952461,1.67772,0.182554,-0.3829,2.36926,0,1.5359,1.56468,0.21299
0.209989,2.83093,0.480481,2.65596,2.79274,0.844617,2.64793,2.9577,0.501997,2,2.8321,0.835037,1.98072,-0.384385,2.26475,0,0.890857,1.69544,0.184735,-0.401597,2.36616,0,1.54264,1.57883,0.224864
0.219995,2.82692,0.503557,2.65596,2.80132,0.861655,2.64979,2.95351,0.526106,2,2.84756,0.850897,1.98303,-0.402845,2.26154,0,0.825335,1.71188,0.185413,-0.420884,2.36281,0,1.54821,1.59322,0.237455
0.23008,2.82276,0.526361,2.65596,2.80923,0.878849,2.65163,2.94917,0.549931,2,2.86306,0.866902,1.98547,-0.421089,2.25821,0,0.756312,1.7267,0.184006,-0.439945,2.35933,0,1.55244,1.60772,0.250472
0.240009,2.81854,0.548525,2.65596,2.81644,0.896183,2.65346,2.94475,0.573087,2,2.8786,0.883052,1.98804,-0.43882,2.25483,-7.3098e-19,0.684167,1.73962,0.180263,-0.45847,2.3558,0,1.5553,1.62234,0.263961
0.250328,2.81389,0.571902,2.65596,2.82291,0.913635,2.65523,2.93989,0.597512,2,2.89416,0.89935,1.99075,-0.457522,2.25111,0,0.60933,1.75051,0.173929,-0.478009,2.35192,0,1.55676,1.63719,0.277966
0.26004,2.80938,0.593678,2.65596,2.82861,0.931185,2.65693,2.93518,0.620263,2,2.90973,0.915797,1.9936,-0.474942,2.2475,-7.3098e-19,0.531867,1.75907,0.165126,-0.49621,2.34814,0,1.55656,1.65221,0.292913
0.270152,2.80454,0.616139,2.65596,2.83354,0.948809,2.65853,2.93012,0.64373,2,2.92529,0.932395,1.99661,-0.492912,2.24363,7.3098e-19,0.452399,1.76529,0.153877,-0.514984,2.3441,0,1.55452,1.66743,0.309074
0.280022,2.79943,0.638942,2.65596,2.83766,0.966483,2.66,2.92479,0.667554,2,2.94081,0.949146,1.99979,-0.511154,2.23954,0,0.371877,1.7692,0.140371,-0.534043,2.33983,0,1.55044,1.6829,0.326785
0.290187,2.79429,0.661054,2.65596,2.84097,0.984185,2.66133,2.91942,0.690655,2,2.95629,0.966053,2.00315,-0.528843,2.23543,0,0.290649,1.77071,0.125073,-0.552524,2.33553,0,1.54396,1.69855,0.346653
0.300153,2.78893,0.683296,2.65596,2.84347,1.00189,2.6625,2.91382,0.713894,2,2.97168,0.983117,2.00673,-0.546637,2.23115,0,0.209249,1.76985,0.108254,-0.571115,2.33106,0,1.53483,1.71433,0.369019
0.310033,2.78339,0.70553,2.65596,2.84516,1.01957,2.66349,2.90803,0.737123,2,2.98698,1.00034,2.01054,-0.564424,2.22671,-7.3098e-19,0.128184,1.76671,0.0900812,-0.589699,2.32643,0,1.52266,1.73025,0.394032
0.320244,2.77751,0.728349,2.65596,2.84604,1.03722,2.66429,2.90188,0.760964,2,3.00213,1.01772,2.01462,-0.582679,2.22201,7.3098e-19,0.0479215,1.76139,0.0707234,-0.608771,2.32151,0,1.50707,1.74627,0.421752
0.330336,2.77156,0.750659,2.65596,2.84612,1.0548,2.6649,2.89567,0.784273,2,3.0171,1.03527,2.01899,-0.600527,2.21725,7.3098e-19,-0.0310217,1.75405,0.050393,-0.627418,2.31654,0,1.48783,1.76237,0.452209
0.340385,2.76532,0.773341,2.65596,2.84542,1.07229,2.6653,2.88915,0.807971,2,3.03187,1.05297,2.02367,-0.618673,2.21226,-7.3098e-19,-0.108301,1.74479,0.0292586,-0.646377,2.31132,0,1.46457,1.77845,0.485301
0.350049,2.75939,0.794238,2.65596,2.84396,1.08969,2.66548,2.88295,0.829804,2,3.04638,1.07083,2.0287,-0.635391,2.20751,0,-0.183347,1.73383,0.00749183,-0.663843,2.30636,0,1.43716,1.7945,0.520827
0.360314,2.75249,0.817839,2.65596,2.84176,1.10696,2.66545,2.87574,0.854462,2,3.0606,1.08886,2.0341,-0.654271,2.20199,7.3098e-19,-0.25574,1.72151,-0.0147824,-0.683569,2.30059,0,1.40541,1.81055,0.558443
0.370016,2.74616,0.83884,2.65596,2.83886,1.12411,2.66519,2.86913,0.876403,2,3.07447,1.10705,2.03988,-0.671072,2.19693,0,-0.325269,1.70795,-0.0372626,-0.701122,2.29531,0,1.36905,1.82645,0.59793
0.380005,2.7395,0.860333,2.65596,2.83527,1.14112,2.6647,2.86218,0.898858,2,3.08796,1.12539,2.04606,-0.688267,2.1916,0,-0.391679,1.69341,-0.0597809,-0.719087,2.28974,0,1.32801,1.84223,0.638875
0.390032,2.73238,0.882707,2.65596,2.83103,1.15798,2.66399,2.85473,0.922234,2,3.10102,1.14389,2.05266,-0.706166,2.1859,7.3098e-19,-0.454859,1.67808,-0.082059,-0.737787,2.28378,0,1.28216,1.85779,0.68093
0.400004,2.7254,0.904018,2.65596,2.82618,1.17468,2.66306,2.84744,0.944499,2,3.11359,1.16254,2.05968,-0.723214,2.18032,7.3098e-19,-0.514914,1.66204,-0.103626,-0.755599,2.27795,0,1.23132,1.873,0.72392
0.410008,2.71798,0.926098,2.65596,2.82074,1.19122,2.66192,2.83969,0.967568,2,3.12563,1.18135,2.06714,-0.740878,2.17438,0,-0.57184,1.64542,-0.124175,-0.774054,2.27175,0,1.17546,1.88779,0.767462
0.420061,2.71036,0.948141,2.65596,2.81475,1.20758,2.66058,2.83173,0.990599,2,3.13708,1.2003,2.07503,-0.758513,2.16829,7.3098e-19,-0.625636,1.62847,-0.143562,-0.792479,2.26539,0,1.11458,1.9021,0.81097
0.429974,2.70289,0.969236,2.65596,2.80824,1.22378,2.65906,2.82393,1.01264,2,3.1479,1.21939,2.08336,-0.775389,2.16231,7.3098e-19,-0.676277,1.61136,-0.161611,-0.810111,2.25914,0,1.04883,1.91586,0.853873
0.439974,2.69502,0.990908,2.65596,2.80124,1.23981,2.65736,2.81571,1.03528,2,3.15804,1.23861,2.09211,-0.792726,2.15602,7.3098e-19,-0.72384,1.59427,-0.17819,-0.828224,2.25256,0,0.978338,1.92898,0.895569
0.449948,2.68698,1.01251,2.65596,2.79378,1.25567,2.6555,2.8073,1.05785,2,3.16746,1.25797,2.10126,-0.810008,2.14959,0,-0.768321,1.57736,-0.193162,-0.846279,2.24584,0,0.903418,1.94138,0.935476
0.460212,2.67866,1.03433,2.65596,2.78588,1.27136,2.6535,2.79861,1.08064,2,3.1761,1.27744,2.11081,-0.82746,2.14293,-7.3098e-19,-0.80993,1.5607,-0.206433,-0.864514,2.23889,0,0.82426,1.9529,0.973003
0.470034,2.6704,1.05548,2.65596,2.77759,1.28689,2.65138,2.78998,1.10274,2,3.18393,1.29702,2.12071,-0.844382,2.13632,1.46196e-18,-0.848826,1.54441,-0.217943,-0.882192,2.23198,0,0.741201,1.96345,1.00758
0.480036,2.66184,1.07686,2.65596,2.76891,1.30225,2.64915,2.78104,1.12508,2,3.19091,1.3167,2.13095,-0.86149,2.12948,0,-0.885148,1.52855,-0.227594,-0.900067,2.22483,0,0.654663,1.97293,1.03875
0.489972,2.6531,1.09824,2.65596,2.75989,1.31746,2.64683,2.7719,1.14742,2,3.19701,1.33648,2.14148,-0.87859,2.12248,1.46196e-18,-0.918969,1.51331,-0.235291,-0.917933,2.21752,0,0.56519,1.98138,1.06608
0.499984,2.64434,1.11917,2.65596,2.75054,1.33252,2.64445,2.76275,1.16928,2,3.20221,1.35633,2.15226,-0.895334,2.11547,-1.46196e-18,-0.950399,1.49895,-0.241018,-0.935427,2.2102,0,0.47334,1.98894,1.08919
0.510052,2.63521,1.14048,2.65596,2.74089,1.34744,2.64202,2.75322,1.19155,2,3.20647,1.37625,2.16324,-0.912387,2.10817,-1.46196e-18,-0.979743,1.4855,-0.244818,-0.953244,2.20257,0,0.379517,1.99554,1.10768
0.520029,2.62609,1.16133,2.65596,2.73095,1.36223,2.63956,2.74369,1.21333,2,3.20979,1.39623,2.17439,-0.929062,2.10088,0,-1.00721,1.47287,-0.246698,-0.970664,2.19495,0,0.284236,2.00105,1.12132
0.530039,2.61652,1.18273,2.65596,2.72075,1.3769,2.63709,2.73369,1.23569,2,3.21215,1.41627,2.18565,-0.946185,2.09322,1.46196e-18,-1.03299,1.46112,-0.246703,-0.988554,2.18695,0,0.188022,2.00553,1.12988
0.540018,2.60721,1.20312,2.65596,2.7103,1.39146,2.63463,2.72396,1.25699,2,3.21355,1.43634,2.19697,-0.962493,2.08577,0,-1.05733,1.45013,-0.24492,-1.00559,2.17917,0,0.0913373,2.00884,1.1332
0.550018,2.59748,1.22399,2.65596,2.69961,1.40591,2.6322,2.71379,1.2788,2,3.21398,1.45644,2.2083,-0.979193,2.07798,0,-1.08039,1.44002,-0.241413,-1.02304,2.17103,0,-0.00529155,2.01112,1.13123
0.559984,2.58789,1.24413,2.65596,2.68869,1.42026,2.62981,2.70378,1.29984,2,3.21345,1.47656,2.21958,-0.995301,2.07032,0,-1.10227,1.43084,-0.236163,-1.03987,2.16302,0,-0.101314,2.01249,1.12406
0.569968,2.57774,1.26503,2.65596,2.67757,1.43453,2.62748,2.69317,1.32168,2,3.21196,1.49669,2.23076,-1.01202,2.06219,0,-1.12306,1.42266,-0.229272,-1.05734,2.15454,0,-0.196223,2.01308,1.11173
0.579966,2.56745,1.2858,2.65596,2.66624,1.44872,2.62523,2.68241,1.34337,2,3.20953,1.51682,2.2418,-1.02864,2.05396,-1.46196e-18,-1.14301,1.41536,-0.220849,-1.0747,2.14593,0,-0.289695,2.01284,1.09436
0.589966,2.55723,1.30599,2.65596,2.65471,1.46284,2.62307,2.67175,1.36447,2,3.20617,1.53694,2.25264,-1.04479,2.04579,0,-1.16228,1.40879,-0.211046,-1.09158,2.1374,0,-0.381408,2.01174,1.07206
0.60005,2.54622,1.32734,2.65596,2.64299,1.47689,2.62101,2.66023,1.38678,2,3.2019,1.55705,2.26323,-1.06187,2.03697,0,-1.18099,1.403,-0.199914,-1.10942,2.12819,0,-0.471057,2.00994,1.04508
0.610179,2.53538,1.34793,2.65596,2.63109,1.4909,2.61907,2.64891,1.40829,2,3.19676,1.57714,2.27352,-1.07835,2.0283,1.46196e-18,-1.19929,1.39793,-0.187593,-1.12663,2.11913,0,-0.558421,2.00747,1.01364
0.619984,2.52505,1.36719,2.65596,2.61901,1.50486,2.61726,2.63812,1.42841,2,3.19074,1.5972,2.28348,-1.09375,2.02004,0,-1.21732,1.39354,-0.174236,-1.14273,2.11049,0,-0.64335,2.00442,0.977926
0.62997,2.5138,1.38775,2.65596,2.60675,1.51877,2.61559,2.62637,1.44989,2,3.1839,1.61723,2.29307,-1.1102,2.01104,0,-1.23505,1.38973,-0.159853,-1.15991,2.1011,0,-0.725599,2.00078,0.938337
0.640058,2.50264,1.40778,2.65596,2.59431,1.53265,2.61407,2.61471,1.47081,2,3.17624,1.63721,2.30224,-1.12622,2.00211,0,-1.25257,1.38646,-0.14469,-1.17665,2.09177,0,-0.80507,1.99662,0.89503
0.650026,2.49122,1.4279,2.65596,2.58169,1.5465,2.6127,2.60277,1.49184,2,3.1678,1.65716,2.31096,-1.14232,1.99297,0,-1.26999,1.38376,-0.128906,-1.19347,2.08222,0,-0.881777,1.99211,0.848258
0.659988,2.48007,1.44716,2.65596,2.56891,1.56033,2.61149,2.59113,1.51197,2,3.15862,1.67705,2.31919,-1.15773,1.98406,-1.46196e-18,-1.28733,1.38166,-0.112553,-1.20957,2.0729,0,-0.955695,1.98733,0.798368
0.670024,2.46832,1.46712,2.65596,2.55595,1.57414,2.61045,2.57885,1.53282,2,3.1487,1.6969,2.32692,-1.1737,1.97466,0,-1.30454,1.3801,-0.0956894,-1.22626,2.06308,0,-1.02681,1.98234,0.745699
0.679993,2.45648,1.48685,2.65596,2.54282,1.58793,2.60958,2.56648,1.55343,2,3.13809,1.7167,2.3341,-1.18948,1.96519,1.46196e-18,-1.3218,1.37898,-0.0784819,-1.24275,2.05319,0,-1.09532,1.97711,0.69049
0.689978,2.44462,1.50628,2.65596,2.52951,1.60172,2.60888,2.55409,1.57373,2,3.1268,1.73644,2.34072,-1.20502,1.9557,0,-1.33905,1.37822,-0.0608831,-1.25898,2.04327,0,-1.1613,1.97164,0.633153
0.700149,2.43203,1.52653,2.65596,2.51604,1.6155,2.60836,2.54093,1.59488,2,3.11487,1.75613,2.34676,-1.22122,1.94562,0,-1.35631,1.37773,-0.0430037,-1.27591,2.03275,0,-1.22493,1.9659,0.573931
0.710138,2.42003,1.54548,2.65596,2.50239,1.62927,2.60802,2.5284,1.61468,2,3.10231,1.77576,2.35219,-1.23638,1.93602,0,-1.37348,1.37747,-0.0249064,-1.29175,2.02272,0,-1.28626,1.95988,0.513112
0.720111,2.40762,1.56474,2.65596,2.48857,1.64305,2.60787,2.51543,1.63481,2,3.08915,1.79533,2.35701,-1.2518,1.92609,-1.46196e-18,-1.39054,1.37737,-0.00670597,-1.30785,2.01234,0,-1.34549,1.95355,0.450924
0.730085,2.39463,1.58455,2.65596,2.47458,1.65682,2.60789,2.50186,1.65551,2,3.07541,1.81483,2.36121,-1.26764,1.9157,-1.46196e-18,-1.40754,1.37732,0.0114497,-1.32441,2.00149,0,-1.40289,1.94682,0.38755
0.740022,2.38226,1.60309,2.65596,2.46042,1.6706,2.60809,2.48893,1.67488,2,3.0611,1.83426,2.36476,-1.28247,1.9058,0,-1.42444,1.37741,0.0295431,-1.3399,1.99115,0,-1.45868,1.93976,0.323264
0.750026,2.36946,1.62195,2.65596,2.44609,1.68437,2.60848,2.47556,1.69458,2,3.04624,1.85362,2.36767,-1.29756,1.89557,0,-1.44122,1.37747,0.0475676,-1.35566,1.98045,0,-1.51309,1.93221,0.258356
0.760004,2.35656,1.64063,2.65596,2.43159,1.69815,2.60905,2.46209,1.71409,2,3.03084,1.87291,2.36993,-1.3125,1.88525,1.46196e-18,-1.45783,1.37769,0.0654928,-1.37127,1.96967,0,-1.56633,1.92431,0.193083
0.770012,2.34325,1.65958,2.65596,2.41693,1.71192,2.60979,2.44818,1.7339,2,3.01492,1.89211,2.37153,-1.32767,1.8746,0,-1.47411,1.37801,0.08329,-1.38712,1.95855,0,-1.61852,1.916,0.127691
0.779991,2.32991,1.67826,2.65596,2.40211,1.72571,2.61071,2.43425,1.75341,2,2.99847,1.91123,2.37248,-1.34261,1.86393,0,-1.49005,1.37847,0.100947,-1.40273,1.9474,0,-1.66993,1.90726,0.0624445
0.790214,2.31592,1.69751,2.65596,2.38713,1.73949,2.61181,2.41963,1.77353,2,2.98152,1.93025,2.37278,-1.35801,1.85274,0,-1.50559,1.3789,0.118377,-1.41882,1.9357,0,-1.72075,1.89789,-0.00248559
0.800003,2.30283,1.71523,2.65596,2.372,1.75328,2.61308,2.40595,1.79204,2,2.96406,1.94918,2.37243,-1.37219,1.84226,0,-1.5207,1.37943,0.135538,-1.43363,1.92476,0,-1.77124,1.88796,-0.0668911
0.809992,2.28899,1.73366,2.65596,2.35672,1.76708,2.61452,2.39149,1.8113,2,2.9461,1.96801,2.37144,-1.38693,1.83119,-1.46196e-18,-1.53531,1.38002,0.152376,-1.44904,1.91319,0,-1.82155,1.87734,-0.130573
0.820176,2.27491,1.7521,2.65596,2.3413,1.78088,2.61612,2.37677,1.83056,2,2.92763,1.98673,2.36982,-1.40168,1.81992,-1.46196e-18,-1.54932,1.38056,0.168882,-1.46445,1.90142,0,-1.87183,1.86586,-0.193286
0.830028,2.26082,1.77023,2.65596,2.32574,1.79469,2.61789,2.36206,1.8495,2,2.90866,2.00532,2.36758,-1.41619,1.80866,0,-1.56275,1.3809,0.184939,-1.4796,1.88965,0,-1.92232,1.85332,-0.254894
0.840066,2.24637,1.78854,2.65596,2.31004,1.8085,2.61982,2.34696,1.86863,2,2.88918,2.02379,2.36473,-1.43083,1.7971,1.46196e-18,-1.57548,1.38119,0.200619,-1.4949,1.87757,0,-1.9731,1.83977,-0.315076
0.8502,2.23214,1.80626,2.65596,2.29423,1.82232,2.6219,2.3321,1.88715,2,2.86919,2.04211,2.36129,-1.44501,1.78571,0,-1.58751,1.3814,0.215848,-1.50972,1.86568,0,-2.02433,1.8251,-0.373651
0.860158,2.21759,1.8241,2.65596,2.2783,1.83613,2.62414,2.3169,1.90578,2,2.84869,2.06029,2.35726,-1.45928,1.77407,-1.46196e-18,-1.59887,1.38162,0.230524,-1.52462,1.85352,0,-2.0762,1.80931,-0.43046
0.87003,2.20321,1.84144,2.65596,2.26225,1.84995,2.62651,2.30187,1.9239,2,2.82767,2.0783,2.35268,-1.47315,1.76257,-1.46196e-18,-1.60937,1.38177,0.244677,-1.53912,1.8415,0,-2.12862,1.79223,-0.485212
0.880005,2.18835,1.85908,2.65596,2.24611,1.86377,2.62903,2.28634,1.94233,2,2.80612,2.09613,2.34757,-1.48726,1.75068,0,-1.61919,1.38177,0.258089,-1.55386,1.82907,0,-2.18188,1.77375,-0.537857
0.890185,2.17317,1.8768,2.65596,2.22987,1.87758,2.63167,2.27049,1.96084,2,2.78403,2.11377,2.34194,-1.50144,1.73854,-1.46196e-18,-1.62826,1.38191,0.270777,-1.56867,1.81639,0,-2.23594,1.75406,-0.588113
0.899987,2.15834,1.89383,2.65596,2.21355,1.8914,2.63444,2.25499,1.97864,2,2.7614,2.1312,2.33581,-1.51507,1.72667,0,-1.6365,1.38215,0.282666,-1.58291,1.80399,0,-2.29075,1.73308,-0.635796
0.910033,2.14311,1.91106,2.65596,2.19715,1.90523,2.63732,2.23908,1.99663,2,2.73821,2.14842,2.32923,-1.52885,1.71449,0,-1.64383,1.38247,0.293851,-1.59731,1.79126,0,-2.34623,1.71074,-0.680559
0.920199,2.12742,1.92851,2.65596,2.18067,1.91905,2.64031,2.22268,2.01487,2,2.71447,2.16541,2.32221,-1.54281,1.70193,-1.46196e-18,-1.65038,1.38289,0.304144,-1.61189,1.77814,0,-2.40244,1.68701,-0.722328
0.929981,2.11235,1.945,2.65596,2.16414,1.93288,2.6434,2.20694,2.0321,2,2.69016,2.18216,2.31479,-1.556,1.68988,-1.46196e-18,-1.65607,1.38335,0.313598,-1.62568,1.76555,0,-2.45923,1.66186,-0.760796
0.939987,2.09656,1.96201,2.65596,2.14756,1.94672,2.64658,2.19044,2.04987,2,2.66528,2.19865,2.30701,-1.56961,1.67725,-1.46196e-18,-1.66084,1.38387,0.322199,-1.6399,1.75235,0,-2.51643,1.63526,-0.795743
0.949962,2.08073,1.97879,2.65596,2.13093,1.96056,2.64984,2.17391,2.06739,2,2.63983,2.21486,2.29889,-1.58303,1.66459,0,-1.66474,1.38457,0.329857,-1.65392,1.73913,0,-2.57389,1.60737,-0.827025
0.96018,2.06482,1.99539,2.65596,2.11426,1.97441,2.65318,2.15728,2.08474,2,2.6138,2.23079,2.29048,-1.59631,1.65186,0,-1.6678,1.38552,0.336532,-1.66779,1.72583,0,-2.63147,1.57828,-0.854463
0.970186,2.04876,2.01188,2.65596,2.09757,1.98827,2.65657,2.1405,2.10197,2,2.5872,2.24642,2.28182,-1.6095,1.63901,0,-1.67003,1.38664,0.342178,-1.68157,1.7124,0,-2.68893,1.54797,-0.877908
0.98,2.03261,2.02819,2.65596,2.08087,2.00215,2.66002,2.12363,2.11901,2,2.56003,2.26175,2.27294,-1.62255,1.62609,-1.46196e-18,-1.67147,1.38792,0.346787,-1.6952,1.69891,0,-2.74605,1.5165,-0.897194
0.990029,2.0163,2.0444,2.65596,2.06415,2.01603,2.6635,2.10659,2.13595,2,2.53228,2.27675,2.26389,-1.63552,1.61304,1.46196e-18,-1.67229,1.38956,0.350207,-1.70876,1.68527,0,-2.80272,1.48416,-0.912327
0.999997,1.99986,2.06049,2.65596,2.04742,2.02994,2.66702,2.08941,2.15276,2,2.50397,2.29143,2.2547,-1.64839,1.59989,-1.46196e-18,-1.67253,1.39133,0.352387,-1.72221,1.67153,0,-2.85864,1.45084,-0.923242
1.01022,1.98296,2.07675,2.65596,2.0307,2.04386,2.67055,2.07176,2.16975,2,2.47511,2.30576,2.24543,-1.6614,1.58637,-1.46196e-18,-1.6721,1.39308,0.353337,-1.7358,1.65741,0,-2.91337,1.41652,-0.929851
1.01999,1.96679,2.09208,2.65596,2.01398,2.0578,2.67408,2.05486,2.18576,2,2.44571,2.31975,2.23612,-1.67366,1.57343,2.92392e-18,-1.67116,1.39486,0.352974,-1.74861,1.64389,0,-2.96671,1.38141,-0.932188
1.02999,1.94955,2.10815,2.65596,1.99728,2.07176,2.6776,2.03685,2.20255,2,2.41578,2.33339,2.2268,-1.68652,1.55964,0,-1.6698,1.39648,0.351209,-1.76204,1.62948,0,-3.01835,1.34549,-0.930341
1.04003,1.93267,2.12364,2.65596,1.98059,2.08573,2.6811,2.01921,2.21873,2,2.38535,2.34666,2.21753,-1.69891,1.54614,1.46196e-18,-1.66812,1.3981,0.34808,-1.77499,1.61537,0,-3.068,1.30911,-0.92431
1.05005,1.91534,2.13928,2.65596,1.96391,2.09972,2.68456,2.00111,2.23508,2,2.35443,2.35957,2.20833,-1.71142,1.53227,0,-1.66623,1.3997,0.343569,-1.78806,1.60089,0,-3.11536,1.27243,-0.914199
1.06002,1.89864,2.15411,2.65596,1.94726,2.11372,2.68797,1.98367,2.25057,2,2.32305,2.37211,2.19926,-1.72329,1.51892,-1.46196e-18,-1.66407,1.40129,0.337758,-1.80046,1.58693,0,-3.15996,1.23569,-0.900056
1.07004,1.88151,2.16909,2.65596,1.93063,2.12774,2.69131,1.96576,2.26623,2,2.29124,2.38428,2.19034,-1.73528,1.50521,0,-1.66184,1.40281,0.330592,-1.81298,1.57261,0,-3.2016,1.19905,-0.882114
1.08009,1.86337,2.1847,2.65596,1.91403,2.14178,2.69457,1.94681,2.28253,2,2.25903,2.39609,2.18163,-1.74776,1.49069,1.46196e-18,-1.65962,1.40411,0.322026,-1.82602,1.55745,0,-3.23996,1.16261,-0.860637
1.09006,1.84626,2.19917,2.65596,1.89744,2.15583,2.69775,1.92894,2.29765,2,2.22646,2.40754,2.17314,-1.75934,1.47701,-1.46196e-18,-1.65759,1.40522,0.312076,-1.83812,1.54315,0,-3.27485,1.12665,-0.835877
1.10004,1.8286,2.21388,2.65596,1.88087,2.16988,2.70081,1.91048,2.31302,2,2.19355,2.41863,2.16492,-1.77111,1.46288,-1.46196e-18,-1.65605,1.4061,0.300702,-1.85041,1.52839,0,-3.30619,1.09138,-0.808182
1.11012,1.81055,2.22867,2.65596,1.86432,2.18395,2.70376,1.89162,2.32847,2,2.16034,2.42937,2.15699,-1.78294,1.44844,0,-1.65508,1.40668,0.287993,-1.86277,1.5133,0,-3.33373,1.05698,-0.777816
1.12,1.79281,2.24296,2.65596,1.84777,2.19801,2.70657,1.87309,2.3434,2,2.12689,2.43977,2.14937,-1.79437,1.43425,1.46196e-18,-1.65458,1.40695,0.27412,-1.87472,1.49847,0,-3.35707,1.02366,-0.745009
1.13003,1.77487,2.25718,2.65596,1.83122,2.21209,2.70923,1.85435,2.35826,2,2.09322,2.44985,2.14209,-1.80575,1.4199,0,-1.65473,1.407,0.259117,-1.88661,1.48348,0,-3.37612,0.991798,-0.710152
1.13997,1.75576,2.27208,2.65596,1.81467,2.22615,2.71175,1.83438,2.37383,2,2.05938,2.45961,2.13517,-1.81767,1.40461,0,-1.65583,1.40664,0.242934,-1.89906,1.4675,0,-3.39094,0.961415,-0.673749
1.15,1.73841,2.28538,2.65596,1.7981,2.24022,2.71409,1.81626,2.38772,2,2.02541,2.46908,2.12862,-1.82831,1.39073,0,-1.65801,1.40559,0.225614,-1.91018,1.453,0,-3.40149,0.932489,-0.636237
1.16005,1.72005,2.29923,2.65596,1.78151,2.25426,2.71625,1.79708,2.40219,2,1.99136,2.47827,2.12245,-1.83939,1.37604,-1.46196e-18,-1.66134,1.40363,0.20726,-1.92175,1.43766,0,-3.40766,0.904993,-0.598008
1.17005,1.70155,2.31296,2.65596,1.76487,2.26829,2.71823,1.77775,2.41653,2,1.95727,2.48719,2.11666,-1.85036,1.36124,0,-1.66585,1.40086,0.188038,-1.93322,1.4222,0,-3.40939,0.879226,-0.559415
1.18006,1.68301,2.32648,2.65596,1.74819,2.28228,2.72001,1.75838,2.43066,2,1.92319,2.49586,2.11126,-1.86119,1.34641,0,-1.67146,1.39737,0.168059,-1.94453,1.4067,0,-3.40655,0.855471,-0.52087
1.19002,1.66441,2.33983,2.65596,1.73144,2.29623,2.72159,1.73894,2.4446,2,1.88916,2.5043,2.10624,-1.87186,1.33153,-1.46196e-18,-1.67848,1.39297,0.147336,-1.95568,1.39115,0,-3.39944,0.833677,-0.482878
1.20001,1.64571,2.35302,2.65596,1.71461,2.31013,2.72296,1.7194,2.45838,2,1.85522,2.51254,2.1016,-1.88241,1.31657,1.46196e-18,-1.68696,1.38762,0.126077,-1.96671,1.37552,0,-3.38814,0.81394,-0.445747
1.21002,1.6271,2.36592,2.65596,1.69769,2.32398,2.72411,1.69996,2.47187,2,1.82141,2.52059,2.09733,-1.89274,1.30168,-1.46196e-18,-1.69706,1.38107,0.104363,-1.9775,1.35997,0,-3.37291,0.796143,-0.40989
1.22029,1.60769,2.37916,2.65596,1.68067,2.33775,2.72504,1.67968,2.4857,2,1.78777,2.52847,2.0934,-1.90333,1.28615,0,-1.70881,1.37332,0.0823089,-1.98856,1.34374,0,-3.35386,0.780347,-0.375673
1.23008,1.58879,2.39182,2.65596,1.66351,2.35144,2.72576,1.65993,2.49892,2,1.75434,2.5362,2.08981,-1.91346,1.27103,0,-1.72229,1.36427,0.0600273,-1.99914,1.32795,0,-3.33129,0.766528,-0.343438
1.24007,1.56942,2.40457,2.65596,1.64621,2.36503,2.72624,1.6397,2.51225,2,1.72116,2.5438,2.08652,-1.92366,1.25554,0,-1.73748,1.35387,0.0376337,-2.0098,1.31176,0,-3.30537,0.754649,-0.313492
1.25008,1.55021,2.417,2.65596,1.62876,2.37851,2.72651,1.61963,2.52523,2,1.68825,2.5513,2.08353,-1.9336,1.24017,1.46196e-18,-1.75418,1.34225,0.0152807,-2.02019,1.2957,0,-3.27614,0.744865,-0.286064
1.26002,1.53103,2.4292,2.65596,1.61113,2.39187,2.72655,1.59959,2.53798,2,1.65564,2.55871,2.08079,-1.94336,1.22482,0,-1.77215,1.32941,-0.0068797,-2.03038,1.27967,0,-3.24364,0.737126,-0.26134
1.27025,1.5114,2.44146,2.65596,1.59331,2.4051,2.72637,1.57907,2.55079,2,1.62338,2.56605,2.07829,-1.95317,1.20912,0,-1.79154,1.31523,-0.0287284,-2.04063,1.26326,0,-3.2083,0.731295,-0.239491
1.28005,1.49194,2.4534,2.65596,1.57529,2.41817,2.72598,1.55875,2.56326,2,1.59149,2.57334,2.07599,-1.96272,1.19356,1.46196e-18,-1.81257,1.29947,-0.0502131,-2.05061,1.247,0,-3.17062,0.727055,-0.220701
1.29002,1.47223,2.46527,2.65596,1.55705,2.43108,2.72537,1.53816,2.57567,2,1.55998,2.58059,2.07387,-1.97222,1.17779,1.46196e-18,-1.83505,1.28219,-0.0712214,-2.06053,1.23053,0,-3.13077,0.724389,-0.205046
1.30032,1.45201,2.47724,2.65596,1.53858,2.44381,2.72455,1.51703,2.58817,2,1.52888,2.58783,2.07188,-1.98179,1.1616,0,-1.85902,1.26352,-0.0916699,-2.07054,1.21362,0,-3.0891,0.723309,-0.192578
1.31024,1.43241,2.48862,2.65596,1.51987,2.45635,2.72354,1.49655,2.60006,2,1.4982,2.59507,2.07,-1.9909,1.14593,1.46196e-18,-1.88437,1.24352,-0.111438,-2.08005,1.19724,0,-3.04585,0.723729,-0.183259
1.32029,1.4126,2.49992,2.65596,1.50089,2.46868,2.72233,1.47586,2.61187,2,1.46796,2.60231,2.06821,-1.99994,1.13008,0,-1.91106,1.22226,-0.130436,-2.08949,1.18068,0,-3.0013,0.725571,-0.177023
1.32997,1.39338,2.51068,2.65596,1.48164,2.48079,2.72093,1.45578,2.62311,2,1.43818,2.60958,2.06645,-2.00855,1.11471,1.46196e-18,-1.93884,1.19975,-0.148584,-2.09849,1.16462,0,-2.95556,0.728686,-0.173761
1.34001,1.37294,2.52192,2.65596,1.46211,2.49267,2.71936,1.43442,2.63485,2,1.40886,2.61689,2.06472,-2.01754,1.09835,0,-1.96756,1.176,-0.165808,-2.10788,1.14753,0,-2.90878,0.732909,-0.173316
1.35025,1.3523,2.53305,2.65596,1.44229,2.5043,2.71762,1.41285,2.64648,2,1.38001,2.62424,2.06298,-2.02644,1.08184,1.46196e-18,-1.99724,1.15101,-0.182053,-2.11718,1.13028,0,-2.86126,0.73808,-0.175502
1.36001,1.33263,2.54345,2.65596,1.42216,2.51568,2.71572,1.3923,2.65735,2,1.35163,2.63165,2.0612,-2.03476,1.0661,0,-2.02781,1.12478,-0.197234,-2.12588,1.11384,0,-2.81324,0.744013,-0.18006
1.37,1.31179,2.55426,2.65596,1.40173,2.52679,2.71368,1.37053,2.66864,2,1.32374,2.63912,2.05937,-2.04341,1.04943,0,-2.05911,1.09724,-0.211356,-2.13491,1.09643,0,-2.76483,0.750441,-0.186778
1.38007,1.29124,2.56471,2.65596,1.38098,2.53762,2.7115,1.34906,2.67956,2,1.29634,2.64666,2.05746,-2.05177,1.03299,0,-2.09102,1.06861,-0.224424,-2.14365,1.07925,0,-2.71618,0.757365,-0.195408
1.38999,1.27106,2.57478,2.65596,1.35991,2.54816,2.70919,1.32797,2.69007,2,1.26942,2.65427,2.05546,-2.05982,1.01684,-1.46196e-18,-2.12323,1.03914,-0.236409,-2.15206,1.06238,0,-2.66723,0.764825,-0.205634
1.40001,1.25019,2.58497,2.65596,1.33851,2.55841,2.70677,1.30618,2.70072,2,1.24299,2.66196,2.05334,-2.06797,1.00016,-1.46196e-18,-2.15564,1.00891,-0.247289,-2.16058,1.04494,0,-2.61809,0.772689,-0.217122
1.41011,1.22917,2.59503,2.65596,1.3168,2.56834,2.70425,1.28421,2.71124,2,1.21706,2.66973,2.05111,-2.07603,0.983332,-1.46196e-18,-2.18823,0.977883,-0.256983,-2.16899,1.02737,0,-2.56894,0.780721,-0.229453
1.42001,1.20905,2.60447,2.65596,1.29475,2.57796,2.70164,1.26319,2.72109,2,1.19161,2.67758,2.04875,-2.08357,0.967243,1.46196e-18,-2.2208,0.946277,-0.265517,-2.17687,1.01056,0,-2.51976,0.788952,-0.242295
1.43003,1.18814,2.61407,2.65596,1.27238,2.58726,2.69895,1.24135,2.73113,2,1.16666,2.68551,2.04627,-2.09126,0.950513,0,-2.25308,0.914316,-0.272956,-2.1849,0.993077,0,-2.47049,0.797373,-0.255345
1.44022,1.16681,2.62366,2.65596,1.24969,2.59625,2.69618,1.21906,2.74115,2,1.1422,2.69352,2.04365,-2.09893,0.933451,0,-2.28483,0.882117,-0.279332,-2.19292,0.97525,0,-2.42106,0.805888,-0.268256
1.45008,1.1461,2.63278,2.65596,1.22669,2.60491,2.69336,1.19742,2.75067,2,1.11824,2.70163,2.0409,-2.10622,0.916877,-1.46196e-18,-2.31611,0.849731,-0.284608,-2.20054,0.957934,0,-2.37169,0.814361,-0.280613
1.46,1.12512,2.64181,2.65596,1.20337,2.61324,2.69049,1.1755,2.76011,2,1.09477,2.70981,2.03804,-2.11345,0.900092,0,-2.3469,0.817195,-0.288856,-2.20809,0.940398,0,-2.32252,0.822628,-0.292109
1.47032,1.10305,2.6511,2.65596,1.17975,2.62125,2.68759,1.15244,2.76982,2,1.07179,2.71808,2.03506,-2.12088,0.882438,1.46196e-18,-2.3769,0.784675,-0.292177,-2.21585,0.921953,0,-2.27343,0.830641,-0.302475
1.48007,1.08255,2.65954,2.65596,1.15583,2.62893,2.68465,1.13103,2.77863,2,1.0493,2.72642,2.03199,-2.12763,0.86604,-1.46196e-18,-2.40601,0.752175,-0.294631,-2.2229,0.904821,0,-2.22447,0.838199,-0.311414
1.49004,1.06114,2.66815,2.65596,1.13163,2.63629,2.6817,1.10866,2.78763,2,1.0273,2.73484,2.02884,-2.13452,0.848911,0,-2.43419,0.719832,-0.296245,-2.2301,0.886924,0,-2.17578,0.845241,-0.318612
1.50009,1.03971,2.67657,2.65596,1.10715,2.64333,2.67873,1.08627,2.79643,2,1.00578,2.74332,2.02563,-2.14126,0.83177,0,-2.46137,0.687685,-0.297042,-2.23714,0.869016,0,-2.12745,0.851596,-0.323775
1.51001,1.0187,2.68464,2.65596,1.08241,2.65005,2.67576,1.06432,2.80486,2,0.984749,2.75187,2.02237,-2.14771,0.81496,0,-2.48756,0.655933,-0.297048,-2.24389,0.851454,0,-2.07966,0.857262,-0.326641
1.51998,0.997145,2.69272,2.65596,1.05741,2.65645,2.67279,1.0418,2.8133,2,0.964189,2.76047,2.0191,-2.15418,0.797716,7.3098e-19,-2.5126,0.624629,-0.296367,-2.25064,0.833438,0,-2.03245,0.862099,-0.327051
1.53004,0.975622,2.70059,2.65596,1.03216,2.66254,2.66984,1.01931,2.82153,2,0.944098,2.76911,2.01584,-2.16048,0.780498,7.3098e-19,-2.53642,0.593892,-0.29508,-2.25722,0.815448,0,-1.98595,0.866029,-0.324859
1.54003,0.953902,2.70834,2.65596,1.00668,2.66833,2.66689,0.996618,2.82962,2,0.924467,2.77778,2.01262,-2.16667,0.763122,1.46196e-18,-2.559,0.56381,-0.293202,-2.2637,0.797294,0,-1.94035,0.868959,-0.319894
1.55012,0.932065,2.71594,2.65596,0.980986,2.67382,2.66397,0.973803,2.83755,2,0.905289,2.78648,2.00945,-2.17275,0.745652,7.3098e-19,-2.57997,0.534585,-0.290772,-2.27004,0.779042,0,-1.89545,0.870923,-0.312045
1.56016,0.910166,2.72335,2.65596,0.955088,2.67903,2.66108,0.950923,2.8453,2,0.886554,2.7952,2.00638,-2.17868,0.728133,0,-2.59939,0.50622,-0.28788,-2.27624,0.760739,0,-1.85156,0.871758,-0.3013
1.57033,0.887246,2.73091,2.65596,0.929004,2.68395,2.65822,0.926977,2.85319,2,0.868254,2.80392,2.00344,-2.18472,0.709797,-7.3098e-19,-2.61715,0.47888,-0.284578,-2.28255,0.741581,0,-1.80874,0.871485,-0.287651
1.58027,0.866212,2.73765,2.65596,0.90275,2.68861,2.65539,0.905,2.86024,2,0.850375,2.81262,2.00064,-2.19012,0.692969,0,-2.63338,0.452557,-0.280893,-2.28819,0.724,0,-1.76733,0.869973,-0.271107
1.59001,0.844853,2.74432,2.65596,0.876342,2.69301,2.6526,0.882685,2.86721,2,0.832902,2.82131,1.99802,-2.19545,0.675882,0,-2.64796,0.427328,-0.276817,-2.29376,0.706148,0,-1.72739,0.867183,-0.251692
1.6,0.822664,2.75105,2.65596,0.849797,2.69716,2.64985,0.859503,2.87424,2,0.815822,2.82996,1.99562,-2.20084,0.658132,0,-2.66082,0.403171,-0.272446,-2.29939,0.687602,0,-1.68903,0.86299,-0.229571
1.61002,0.80074,2.75751,2.65596,0.823131,2.70107,2.64715,0.836597,2.88099,2,0.799115,2.83857,1.99344,-2.20601,0.640592,0,-2.67209,0.380174,-0.267793,-2.30479,0.669278,0,-1.6526,0.857404,-0.204871
1.62001,0.778712,2.76381,2.65596,0.79636,2.70476,2.6445,0.813583,2.88757,2,0.782763,2.84711,1.99153,-2.21105,0.62297,7.3098e-19,-2.68172,0.358429,-0.262851,-2.31006,0.650866,0,-1.61821,0.850474,-0.177736
1.63001,0.756765,2.7699,2.65596,0.769502,2.70824,2.6419,0.790653,2.89394,2,0.766745,2.85557,1.98989,-2.21592,0.605412,7.3098e-19,-2.68958,0.337823,-0.257675,-2.31515,0.632522,0,-1.58584,0.842045,-0.14841
1.63997,0.734026,2.77601,2.65596,0.742574,2.71152,2.63935,0.766895,2.90032,2,0.751038,2.86394,1.98857,-2.22081,0.587221,0,-2.69587,0.318431,-0.252218,-2.32026,0.613516,0,-1.55585,0.832181,-0.117067
1.65009,0.711585,2.78185,2.65596,0.715591,2.71462,2.63685,0.743449,2.90642,2,0.73562,2.87221,1.98756,-2.22548,0.569268,0,-2.70043,0.300336,-0.246501,-2.32514,0.594759,0,-1.52817,0.820979,-0.0839733
1.65999,0.68984,2.78732,2.65596,0.68857,2.71754,2.63442,0.720731,2.91214,2,0.720466,2.88036,1.98689,-2.22986,0.551872,-7.3098e-19,-2.70345,0.283248,-0.240553,-2.32971,0.576585,0,-1.50306,0.808177,-0.0494303
1.67007,0.666957,2.79289,2.65596,0.661527,2.72029,2.63204,0.696823,2.91795,2,0.70555,2.88837,1.98657,-2.23431,0.533566,0,-2.70507,0.267012,-0.234441,-2.33436,0.557459,0,-1.48071,0.793685,-0.0137886
1.6802,0.643942,2.79828,2.65596,0.634473,2.72288,2.62973,0.672777,2.92359,2,0.690843,2.89623,1.98662,-2.23863,0.515154,0,-2.70528,0.251816,-0.228116,-2.33887,0.538222,0,-1.46113,0.777767,0.0227007
1.69001,0.622655,2.8031,2.65596,0.607426,2.72533,2.62748,0.650537,2.92862,2,0.676318,2.90392,1.98703,-2.24248,0.498124,0,-2.70397,0.237626,-0.221518,-2.34289,0.52043,0,-1.4442,0.760468,0.0597895
1.70002,0.600106,2.80801,2.65596,0.580398,2.72763,2.6253,0.626978,2.93375,2,0.661949,2.91143,1.98781,-2.24641,0.480084,0,-2.70138,0.224264,-0.214663,-2.347,0.501582,0,-1.43013,0.741706,0.0971483
1.71001,0.577806,2.81268,2.65596,0.553402,2.72981,2.62319,0.60368,2.93863,2,0.647706,2.91875,1.98897,-2.25015,0.462245,7.3098e-19,-2.69767,0.211813,-0.207551,-2.35091,0.482944,0,-1.41901,0.7217,0.134473
1.71997,0.55514,2.81725,2.65596,0.526448,2.73187,2.62115,0.579999,2.9434,2,0.633559,2.92586,1.9905,-2.2538,0.444112,0,-2.69294,0.200035,-0.20022,-2.35472,0.463999,0,-1.41087,0.700356,0.171428
1.73002,0.532531,2.82161,2.65596,0.499546,2.73382,2.61918,0.556377,2.94796,2,0.619478,2.93275,1.9924,-2.25728,0.426025,0,-2.68723,0.18896,-0.192662,-2.35836,0.445102,0,-1.40563,0.677849,0.207732
1.74017,0.509884,2.82579,2.65596,0.472707,2.73565,2.6173,0.532716,2.95232,2,0.605437,2.93941,1.99465,-2.26063,0.407907,-7.3098e-19,-2.68049,0.178722,-0.184799,-2.36186,0.426173,0,-1.40313,0.654466,0.243185
1.75008,0.487138,2.8298,2.65596,0.44594,2.73739,2.61549,0.508952,2.95651,2,0.591407,2.94584,1.99726,-2.26384,0.389711,-3.6549e-19,-2.6728,0.169175,-0.176592,-2.36521,0.407162,0,-1.40328,0.630229,0.27757
1.76006,0.464522,2.8336,2.65596,0.419254,2.73904,2.61377,0.485323,2.96048,2,0.577362,2.95202,2.0002,-2.26688,0.371618,0,-2.66432,0.160105,-0.16811,-2.36839,0.388258,0,-1.40609,0.605104,0.310586
1.77004,0.442038,2.83719,2.65596,0.392656,2.7406,2.61213,0.461832,2.96424,2,0.563277,2.95794,2.00347,-2.26975,0.35363,3.6549e-19,-2.65504,0.151558,-0.159276,-2.37139,0.369466,0,-1.41135,0.579328,0.342104
1.78004,0.419267,2.84065,2.65596,0.366155,2.74207,2.61058,0.438041,2.96785,2,0.549127,2.9636,2.00704,-2.27252,0.335413,0,-2.64507,0.143473,-0.150105,-2.37428,0.350433,0,-1.41897,0.553018,0.371925
1.79005,0.396434,2.84392,2.65596,0.339757,2.74347,2.60913,0.414186,2.97127,2,0.53489,2.969,2.0109,-2.27514,0.317147,0,-2.63448,0.135865,-0.140593,-2.37702,0.331349,0,-1.42882,0.52636,0.399891
1.80002,0.37339,2.84704,2.65596,0.313467,2.74479,2.60777,0.39011,2.97453,2,0.520544,2.97413,2.01503,-2.27763,0.298712,0,-2.62339,0.128625,-0.13074,-2.37962,0.312088,0,-1.44079,0.499431,0.425873
1.81009,0.350484,2.84995,2.65596,0.28729,2.74604,2.60651,0.366179,2.97757,2,0.506067,2.97898,2.01941,-2.27996,0.280387,0,-2.61203,0.12151,-0.120619,-2.38205,0.292943,0,-1.45491,0.472167,0.449694
1.82003,0.327989,2.85263,2.65596,0.261228,2.74722,2.60536,0.342676,2.98036,2,0.49144,2.98357,2.02402,-2.2821,0.262391,0,-2.60029,0.11451,-0.110211,-2.38429,0.274141,0,-1.47086,0.444725,0.471295
1.82999,0.305018,2.85517,2.65596,0.235285,2.74833,2.60431,0.318677,2.98303,2,0.476644,2.98788,2.02883,-2.28414,0.244015,0,-2.58835,0.107582,-0.0995655,-2.38642,0.254941,0,-1.48857,0.417216,0.490569
1.84003,0.2825,2.85749,2.65596,0.209461,2.74937,2.60337,0.29515,2.98545,2,0.461663,2.99191,2.03382,-2.28599,0.226,3.6549e-19,-2.57629,0.100511,-0.0887678,-2.38836,0.23612,0,-1.50794,0.38958,0.507401
1.85006,0.259299,2.85969,2.65596,0.183759,2.75034,2.60254,0.27091,2.98774,2,0.44648,2.99567,2.03897,-2.28775,0.207439,0,-2.56413,0.0934018,-0.0777741,-2.39019,0.216728,0,-1.52879,0.362063,0.521828
1.86,0.236768,2.86164,2.65596,0.158178,2.75124,2.60181,0.247371,2.98978,2,0.431081,2.99915,2.04425,-2.28931,0.189415,0,-2.55218,0.0861579,-0.0667,-2.39183,0.197897,0,-1.5512,0.334692,0.533743
1.87007,0.213459,2.86347,2.65596,0.132715,2.75206,2.6012,0.223017,2.9917,2,0.415452,3.00237,2.04963,-2.29078,0.170767,0,-2.54039,0.0787836,-0.0554934,-2.39336,0.178414,0,-1.57495,0.307592,0.543227
1.87998,0.19066,2.86508,2.65596,0.10737,2.75282,2.60071,0.199198,2.99338,2,0.399579,3.00531,2.0551,-2.29207,0.152528,1.82745e-19,-2.52856,0.0713654,-0.0440952,-2.3947,0.159358,0,-1.59968,0.280963,0.550385
1.89003,0.168013,2.8665,2.65596,0.082144,2.75349,2.60032,0.175537,2.99486,2,0.383455,3.00799,2.06063,-2.2932,0.13441,0,-2.51667,0.0638397,-0.0325628,-2.39589,0.140429,0,-1.6252,0.254841,0.555222
1.89998,0.144966,2.86776,2.65596,0.0570359,2.75409,2.60005,0.151458,2.99617,2,0.367072,3.01041,2.0662,-2.29421,0.115973,1.82745e-19,-2.50496,0.0559569,-0.0210583,-2.39694,0.121166,0,-1.65158,0.229074,0.557659
1.91005,0.121963,2.86883,2.65596,0.0320444,2.75461,2.5999,0.127425,2.99729,2,0.350422,3.01257,2.07178,-2.29506,0.0975707,-1.82745e-19,-2.49334,0.0477004,-0.0095763,-2.39783,0.10194,0,-1.67861,0.203733,0.557796
1.92002,0.0991863,2.86971,2.65596,0.0071688,2.75504,2.59986,0.103628,2.99821,2,0.333498,3.01448,2.07735,-2.29576,0.079349,9.13725e-20,-2.48183,0.0391229,0.00187496,-2.39857,0.0829023,0,-1.70617,0.178931,0.555723
1.93005,0.0759665,2.87041,2.65596,-0.0175927,2.75539,2.59994,0.0793683,2.99895,2,0.316297,3.01615,2.08289,-2.29633,0.0607732,0,-2.47051,0.0301342,0.0132639,-2.39916,0.0634946,0,-1.73422,0.154629,0.551514
1.93998,0.053412,2.87092,2.65596,-0.0422425,2.75564,2.60013,0.0558038,2.99948,2,0.298812,3.01758,2.08837,-2.29674,0.0427296,4.56862e-20,-2.45951,0.0205807,0.0244374,-2.39958,0.044643,0,-1.76279,0.130719,0.545136
1.95002,0.0300726,2.87126,2.65596,-0.0667839,2.7558,2.60043,0.0314192,2.99984,2,0.28104,3.01877,2.09378,-2.29701,0.0240581,0,-2.44886,0.0105084,0.0354407,-2.39987,0.0251354,0,-1.79181,0.10729,0.536759
1.95996,0.0072396,2.87141,2.65596,-0.091221,2.75585,2.60083,0.00756378,2.99999,2,0.262975,3.01972,2.0991,-2.29713,0.00579168,-5.71078e-21,-2.4386,-0.00019538,0.0462165,-2.39999,0.00605102,0,-1.82124,0.0842487,0.526447
1.96996,-0.0153495,2.87138,2.65596,-0.115557,2.7558,2.60135,-0.0160368,2.99996,2,0.244614,3.02045,2.10431,-2.2971,-0.0122796,0,-2.42864,-0.0114294,0.0567431,-2.39997,-0.0128295,0,-1.85094,0.0617088,0.514302
1.98,-0.0384519,2.87116,2.65596,-0.139795,2.75562,2.60197,-0.0401738,2.99973,2,0.225955,3.02096,2.10938,-2.29693,-0.0307616,0,-2.41907,-0.0232465,0.0669493,-2.39978,-0.032139,0,-1.88094,0.0396208,0.500379
1.99013,-0.0620274,2.87075,2.65596,-0.163939,2.75533,2.60269,-0.0648049,2.9993,2,0.206995,3.02125,2.11431,-2.2966,-0.0496219,-9.13725e-20,-2.40971,-0.0355769,0.0768986,-2.39944,-0.0518439,0,-1.91102,0.01805,0.484865
2.00005,-0.0846454,2.87017,2.65596,-0.18799,2.75491,2.60351,-0.0884358,2.9987,2,0.187735,3.02132,2.11907,-2.29614,-0.0677163,-9.13725e-20,-2.40043,-0.0482724,0.0865955,-2.39896,-0.0707486,0,-1.94101,-0.00286293,0.467892
2.01001,-0.107647,2.8694,2.65596,-0.211948,2.75436,2.60442,-0.112467,2.99789,2,0.168175,3.02119,2.12366,-2.29552,-0.0861173,9.13725e-20,-2.39117,-0.0614243,0.0960563,-2.39831,-0.0899736,0,-1.97083,-0.0232222,0.449607
2.02003,-0.130303,2.86846,2.65596,-0.235813,2.75368,2.60543,-0.136138,2.99691,2,0.148319,3.02086,2.12806,-2.29477,-0.104242,0,-2.38188,-0.0750862,0.105255,-2.39753,-0.10891,0,-2.00043,-0.0430978,0.430112
2.03005,-0.153338,2.86732,2.65596,-0.259585,2.75286,2.60652,-0.160204,2.99572,2,0.128168,3.02033,2.13226,-2.29386,-0.12267,0,-2.37251,-0.0892185,0.11424,-2.39658,-0.128164,0,-2.02971,-0.0624694,0.40959
2.04027,-0.176856,2.86597,2.65596,-0.283263,2.75189,2.60771,-0.184776,2.9943,2,0.107725,3.01961,2.13625,-2.29277,-0.141485,1.82745e-19,-2.3632,-0.10379,0.122899,-2.39544,-0.147821,0,-2.05884,-0.0813381,0.388058
2.05007,-0.199557,2.86448,2.65596,-0.306849,2.75078,2.60898,-0.208493,2.99275,2,0.0869917,3.01871,2.14002,-2.29158,-0.159645,0,-2.35394,-0.118773,0.131242,-2.3942,-0.166794,0,-2.08777,-0.0997133,0.365657
2.06004,-0.222568,2.86278,2.65596,-0.330342,2.74952,2.61033,-0.232535,2.99097,2,0.0659698,3.01762,2.14356,-2.29022,-0.178055,0,-2.34475,-0.134261,0.139236,-2.39278,-0.186028,0,-2.11656,-0.117724,0.342487
2.07005,-0.245454,2.86091,2.65596,-0.353744,2.74809,2.61176,-0.256445,2.98902,2,0.0446615,3.01635,2.14687,-2.28873,-0.196363,3.6549e-19,-2.3355,-0.150058,0.146982,-2.39122,-0.205156,0,-2.14504,-0.13522,0.318765
2.08003,-0.268395,2.85885,2.65596,-0.377052,2.74651,2.61327,-0.280414,2.98687,2,0.0230703,3.01492,2.14993,-2.28708,-0.214716,3.6549e-19,-2.32605,-0.166094,0.154495,-2.38949,-0.224331,0,-2.17311,-0.152184,0.294626
2.09,-0.291049,2.85663,2.65596,-0.400264,2.74477,2.61485,-0.304082,2.98455,2,0.00120057,3.01331,2.15276,-2.2853,-0.232839,3.6549e-19,-2.31638,-0.182464,0.161789,-2.38764,-0.243265,0,-2.20077,-0.168752,0.270199
2.10001,-0.31373,2.85423,2.65596,-0.423379,2.74286,2.61651,-0.327779,2.98204,2,-0.0209437,3.01154,2.15534,-2.28338,-0.250984,0,-2.30649,-0.199257,0.168827,-2.38563,-0.262223,0,-2.22803,-0.185055,0.24557
2.11009,-0.336689,2.85161,2.65596,-0.446394,2.74078,2.61823,-0.351765,2.97931,2,-0.0433592,3.00961,2.15767,-2.28129,-0.269351,0,-2.29651,-0.216491,0.175454,-2.38344,-0.281412,0,-2.25502,-0.201161,0.220709
2.12026,-0.359892,2.84878,2.65596,-0.469309,2.73853,2.62001,-0.376008,2.97634,2,-0.0660435,3.00752,2.15975,-2.27902,-0.287913,0,-2.28649,-0.234095,0.181701,-2.38107,-0.300806,0,-2.2818,-0.217055,0.195766
2.13018,-0.382665,2.84581,2.65596,-0.492123,2.7361,2.62186,-0.3998,2.97324,2,-0.088994,3.00527,2.16158,-2.27665,-0.306132,0,-2.27631,-0.251979,0.187542,-2.37859,-0.31984,0,-2.30827,-0.232716,0.170821
2.13998,-0.405213,2.84268,2.65596,-0.514835,2.73349,2.62376,-0.423358,2.96998,2,-0.112208,3.00286,2.16317,-2.27415,-0.32417,-3.6549e-19,-2.26607,-0.27027,0.192976,-2.37598,-0.338686,0,-2.33451,-0.248329,0.145976
2.15003,-0.427535,2.83941,2.65596,-0.537444,2.7307,2.62572,-0.44668,2.96656,2,-0.135684,3.0003,2.1645,-2.27153,-0.342028,-3.6549e-19,-2.25574,-0.288877,0.197969,-2.37325,-0.357344,0,-2.36054,-0.263862,0.121302
2.16005,-0.450204,2.83591,2.65596,-0.55995,2.72771,2.62772,-0.470363,2.9629,2,-0.159419,2.99759,2.1656,-2.26873,-0.360163,0,-2.24542,-0.307859,0.202434,-2.37032,-0.376291,0,-2.38644,-0.279438,0.0968134
2.17024,-0.473295,2.83214,2.65596,-0.582352,2.72454,2.62977,-0.494489,2.95897,2,-0.183411,2.99471,2.16644,-2.26572,-0.378636,0,-2.23492,-0.327103,0.206483,-2.36717,-0.395591,0,-2.41201,-0.29501,0.072716
2.18004,-0.49554,2.82834,2.65596,-0.604647,2.72117,2.63185,-0.51773,2.95499,2,-0.207657,2.99169,2.16705,-2.26267,-0.396432,0,-2.22411,-0.346528,0.210157,-2.36399,-0.414184,0,-2.43714,-0.310565,0.0491341
2.18999,-0.517863,2.82433,2.65596,-0.626834,2.71761,2.63397,-0.541053,2.95081,2,-0.232153,2.9885,2.16743,-2.25947,-0.414291,0,-2.21313,-0.366156,0.213398,-2.36065,-0.432842,0,-2.46196,-0.326187,0.0260965
2.2,-0.540276,2.82013,2.65596,-0.648909,2.71385,2.63612,-0.56447,2.94642,2,-0.256896,2.98516,2.16758,-2.25611,-0.432221,0,-2.20202,-0.38593,0.216176,-2.35713,-0.451576,0,-2.4865,-0.341876,0.00366471
2.20996,-0.56286,2.81571,2.65596,-0.670873,2.70989,2.63829,-0.588065,2.9418,2,-0.281882,2.98167,2.1675,-2.25257,-0.450288,0,-2.19068,-0.405857,0.218492,-2.35344,-0.470452,0,-2.51065,-0.357698,-0.0180788
2.21999,-0.585485,2.8111,2.65596,-0.692722,2.70573,2.64049,-0.611703,2.93697,2,-0.307107,2.97801,2.16722,-2.24888,-0.468388,7.3098e-19,-2.17907,-0.425793,0.220414,-2.34958,-0.489362,0,-2.53431,-0.373567,-0.0389879
2.23006,-0.608138,2.80628,2.65596,-0.714454,2.70137,2.6427,-0.63537,2.93195,2,-0.332567,2.97419,2.16673,-2.24503,-0.48651,7.3098e-19,-2.16723,-0.445805,0.221868,-2.34556,-0.508296,0,-2.55752,-0.389607,-0.0590654
2.24011,-0.630553,2.80133,2.65596,-0.736066,2.69681,2.64492,-0.658789,2.92677,2,-0.358256,2.97022,2.16604,-2.24106,-0.504442,0,-2.15516,-0.465801,0.22284,-2.34142,-0.527031,0,-2.58024,-0.405773,-0.0782516
2.24999,-0.652827,2.79622,2.65596,-0.757556,2.69205,2.64715,-0.68206,2.92144,2,-0.38417,2.96608,2.16516,-2.23698,-0.522261,0,-2.14289,-0.485861,0.223307,-2.33715,-0.545648,0,-2.60244,-0.422193,-0.0965004
2.26,-0.675056,2.79094,2.65596,-0.778923,2.6871,2.64939,-0.705284,2.91592,2,-0.410303,2.96177,2.16411,-2.23275,-0.540044,0,-2.1303,-0.505761,0.223393,-2.33273,-0.564227,0,-2.62395,-0.438687,-0.113629
2.27012,-0.697822,2.78534,2.65596,-0.800162,2.68194,2.65162,-0.72907,2.91006,2,-0.436647,2.9573,2.16289,-2.22827,-0.558257,7.3098e-19,-2.11751,-0.525768,0.222983,-2.32805,-0.583256,0,-2.64485,-0.455567,-0.129699
2.28004,-0.719727,2.77976,2.65596,-0.821273,2.67658,2.65384,-0.751956,2.90423,2,-0.463198,2.95266,2.16152,-2.2238,-0.575781,-7.3098e-19,-2.10465,-0.545764,0.222071,-2.32339,-0.601565,0,-2.66518,-0.472743,-0.144668
2.28999,-0.742092,2.77387,2.65596,-0.842255,2.67102,2.65606,-0.775323,2.89808,2,-0.489949,2.94785,2.16,-2.21909,-0.593674,0,-2.09177,-0.565677,0.220681,-2.31846,-0.620258,0,-2.68493,-0.490174,-0.158461
2.3,-0.764308,2.76783,2.65596,-0.863108,2.66527,2.65826,-0.798533,2.89177,2,-0.516894,2.94286,2.15836,-2.21426,-0.611446,-7.3098e-19,-2.07875,-0.5855,0.218846,-2.31342,-0.638826,0,-2.7039,-0.507892,-0.171014
2.31001,-0.786659,2.76156,2.65596,-0.873485,2.66232,2.65935,-0.821885,2.88522,2,-0.538584,2.93873,2.15695,-2.20925,-0.629327,-1.46196e-18,-2.07219,-0.595431,0.217736,-2.30818,-0.657508,0,-2.7185,-0.522386,-0.180215
2.32005,-0.809541,2.75494,2.65596,-0.894142,2.65626,2.66151,-0.845792,2.8783,2,-0.565857,2.93342,2.1551,-2.20395,-0.647633,0,-2.05915,-0.615216,0.215106,-2.30264,-0.676633,0,-2.73602,-0.540714,-0.190694
2.33156,-0.834195,2.74757,2.65596,-0.914667,2.65001,2.66365,-0.87155,2.87061,2,-0.598809,2.9268,2.15274,-2.19806,-0.667356,-7.3098e-19,-2.04603,-0.634735,0.21173,-2.29649,-0.69724,0,-2.75568,-0.56306,-0.201783
2.33999,-0.852957,2.74181,2.65596,-0.937094,2.64291,2.66595,-0.891152,2.86459,2,-0.615371,2.92338,2.15151,-2.19345,-0.682366,-7.3098e-19,-2.03153,-0.656269,0.207455,-2.29167,-0.712922,0,-2.76495,-0.574449,-0.206606
2.35007,-0.874633,2.73497,2.65596,-0.947235,2.63961,2.66698,-0.913799,2.85744,2,-0.637538,2.91873,2.14984,-2.18798,-0.699707,0,-2.02503,-0.666015,0.205322,-2.28595,-0.731039,0,-2.77683,-0.589799,-0.212313
2.36007,-0.896952,2.72773,2.65596,-0.967421,2.63285,2.66902,-0.937117,2.84988,2,-0.670961,2.91151,2.14724,-2.18219,-0.717561,7.3098e-19,-2.01212,-0.685551,0.200637,-2.2799,-0.749693,0,-2.79324,-0.613289,-0.219483
2.36999,-0.918997,2.72038,2.65596,-0.987477,2.6259,2.671,-0.960149,2.8422,2,-0.693347,2.90654,2.14547,-2.17631,-0.735198,-1.46196e-18,-1.99909,-0.70489,0.195394,-2.27376,-0.768119,0,-2.80302,-0.629069,-0.223248
2.38157,-0.94343,2.71201,2.65596,-1.00343,2.6202,2.67254,-0.985676,2.83345,2,-0.727064,2.89885,2.14277,-2.16961,-0.754744,7.3098e-19,-1.98871,-0.720154,0.190899,-2.26676,-0.788541,0,-2.81623,-0.652896,-0.227345
2.38998,-0.961869,2.70552,2.65596,-1.0272,2.61142,2.67479,-1.00494,2.82668,2,-0.758101,2.89155,2.14025,-2.16442,-0.769495,7.3098e-19,-1.97347,-0.742942,0.183659,-2.26134,-0.803952,0,-2.82666,-0.675031,-0.229487
2.40183,-0.987806,2.69616,2.65596,-1.04883,2.60313,2.67677,-1.03204,2.81689,2,-0.772245,2.88815,2.13911,-2.15693,-0.790245,-7.3098e-19,-1.95972,-0.763661,0.176537,-2.25352,-0.825632,0,-2.83078,-0.685159,-0.229949
2.40999,-1.00494,2.68982,2.65596,-1.06837,2.5954,2.6785,-1.04994,2.81027,2,-0.809105,2.87907,2.13611,-2.15186,-0.803951,7.3098e-19,-1.94732,-0.782213,0.169415,-2.24822,-0.839952,0,-2.83957,-0.711507,-0.230107
2.41996,-1.02659,2.68164,2.65596,-1.08391,2.58908,2.67983,-1.07256,2.80172,2,-0.843217,2.87038,2.13336,-2.14531,-0.82127,0,-1.93767,-0.796928,0.163469,-2.24137,-0.858046,0,-2.8455,-0.736039,-0.228646
2.43025,-1.04943,2.67278,2.65596,-1.11284,2.57692,2.6822,-1.09643,2.79246,2,-0.87169,2.86292,2.13108,-2.13822,-0.839548,0,-1.92016,-0.824369,0.151609,-2.23397,-0.877142,0,-2.84874,-0.756786,-0.226435
2.44011,-1.06962,2.66476,2.65596,-1.1358,2.5669,2.68396,-1.11751,2.78409,2,-0.900186,2.85525,2.12883,-2.13181,-0.855693,-1.46196e-18,-1.90663,-0.846351,0.141322,-2.22727,-0.894011,0,-2.85023,-0.777728,-0.223535
2.45004,-1.0905,2.65629,2.65596,-1.15481,2.55835,2.68532,-1.13933,2.77523,2,-0.928689,2.84736,2.12661,-2.12503,-0.8724,-1.46196e-18,-1.8956,-0.864524,0.132038,-2.22019,-0.911466,0,-2.84992,-0.798794,-0.220197
2.46005,-1.11175,2.64746,2.65596,-1.17371,2.54961,2.6866,-1.16153,2.76601,2,-0.95718,2.83927,2.12443,-2.11797,-0.889401,-1.46196e-18,-1.88496,-0.882593,0.12246,-2.21281,-0.929228,0,-2.84799,-0.820019,-0.216238
2.47008,-1.13331,2.63831,2.65596,-1.19251,2.54069,2.68777,-1.18406,2.75645,2,-0.985643,2.83096,2.12229,-2.11065,-0.906648,0,-1.87478,-0.900424,0.112701,-2.20516,-0.947247,0,-2.84446,-0.841225,-0.211649
2.48001,-1.15432,2.62918,2.65596,-1.21121,2.5316,2.68885,-1.20601,2.74691,2,-1.01406,2.82244,2.1202,-2.10334,-0.923457,-1.46196e-18,-1.86503,-0.918082,0.102729,-2.19753,-0.964809,0,-2.83923,-0.862422,-0.206555
2.49003,-1.17504,2.61999,2.65596,-1.22982,2.52233,2.68983,-1.22766,2.73731,2,-1.04242,2.81371,2.11816,-2.09599,-0.940031,0,-1.85575,-0.935728,0.0925719,-2.18985,-0.982125,0,-2.83229,-0.883735,-0.201038
2.50003,-1.19583,2.61056,2.65596,-1.24833,2.51289,2.6907,-1.24938,2.72746,2,-1.0707,2.80477,2.11618,-2.08845,-0.956665,0,-1.84688,-0.953192,0.0822998,-2.18197,-0.999504,0,-2.82353,-0.904953,-0.195146
2.51002,-1.21663,2.60093,2.65596,-1.26676,2.50327,2.69147,-1.27112,2.7174,2,-1.09889,2.79562,2.11426,-2.08075,-0.973308,0,-1.83861,-0.970506,0.0719095,-2.17392,-1.01689,0,-2.81313,-0.926069,-0.189
2.52005,-1.23796,2.59085,2.65596,-1.2851,2.49348,2.69214,-1.2934,2.70687,2,-1.12696,2.78625,2.1124,-2.07268,-0.99037,-1.46196e-18,-1.83079,-0.987468,0.0614764,-2.16549,-1.03472,0,-2.80092,-0.946843,-0.182641
2.53003,-1.25807,2.58114,2.65596,-1.30337,2.48352,2.6927,-1.31441,2.69672,2,-1.1549,2.77668,2.11061,-2.06491,-1.00646,1.46196e-18,-1.82365,-1.00428,0.0509805,-2.15738,-1.05153,0,-2.7871,-0.967439,-0.176208
2.54009,-1.2789,2.57089,2.65596,-1.32158,2.47339,2.69316,-1.33617,2.68601,2,-1.1827,2.7669,2.10888,-2.05671,-1.02312,0,-1.817,-1.02096,0.0404839,-2.14881,-1.06894,0,-2.7715,-0.987813,-0.169746
2.55038,-1.30032,2.56012,2.65596,-1.33972,2.4631,2.69351,-1.35855,2.67476,2,-1.21032,2.75692,2.10721,-2.0481,-1.04026,-1.46196e-18,-1.81082,-1.03745,0.0299721,-2.13981,-1.08684,0,-2.75412,-1.00787,-0.163382
2.56006,-1.32006,2.55,2.65596,-1.35779,2.45265,2.69376,-1.37917,2.66419,2,-1.23777,2.74675,2.10561,-2.04,-1.05605,0,-1.80514,-1.05374,0.019503,-2.13135,-1.10334,0,-2.73499,-1.02758,-0.157168
2.57002,-1.34035,2.53939,2.65596,-1.37582,2.44203,2.6939,-1.40037,2.65311,2,-1.26502,2.73637,2.10407,-2.03151,-1.07228,0,-1.79989,-1.06991,0.00915446,-2.12248,-1.12029,0,-2.7141,-1.04695,-0.151123
2.58011,-1.36062,2.52859,2.65596,-1.3902,2.43342,2.69394,-1.42155,2.64182,2,-1.29205,2.72581,2.10259,-2.02287,-1.0885,0,-1.79602,-1.08271,0.000970555,-2.11345,-1.13724,0,-2.69149,-1.06591,-0.145333
2.59006,-1.38106,2.51748,2.65596,-1.41172,2.42031,2.69388,-1.44291,2.63021,2,-1.31884,2.71506,2.10116,-2.01399,-1.10485,0,-1.79098,-1.10191,-0.0112594,-2.10417,-1.15432,0,-2.66743,-1.0846,-0.139995
2.60027,-1.40106,2.50641,2.65596,-1.42067,2.41478,2.69381,-1.4638,2.61864,2,-1.32683,2.71179,2.10074,-2.00513,-1.12085,1.46196e-18,-1.7891,-1.10985,-0.0163055,-2.09491,-1.17104,0,-2.6599,-1.09011,-0.138465
2.61004,-1.42077,2.49529,2.65596,-1.44747,2.39795,2.69345,-1.48439,2.60702,2,-1.37168,2.693,2.09845,-1.99623,-1.13662,0,-1.78454,-1.1338,-0.0314782,-2.08562,-1.18751,0,-2.61497,-1.12088,-0.130862
2.62006,-1.441,2.48366,2.65596,-1.46531,2.38653,2.69309,-1.50553,2.59488,2,-1.39769,2.6817,2.09716,-1.98693,-1.1528,0,-1.7822,-1.14959,-0.0418376,-2.0759,-1.20442,0,-2.58682,-1.13834,-0.127566
2.63004,-1.46025,2.47239,2.65596,-1.47422,2.38077,2.69286,-1.52564,2.5831,2,-1.39769,2.6817,2.09716,-1.97791,-1.1682,0,-1.78115,-1.15744,-0.0471451,-2.06648,-1.22051,0,-2.58682,-1.13834,-0.127566
2.63999,-1.48016,2.46053,2.65596,-1.4849,2.37379,2.69256,-1.54644,2.57071,2,-1.42596,2.66908,2.09578,-1.96842,-1.18412,0,-1.78006,-1.16685,-0.0534096,-2.05657,-1.23715,0,-2.55428,-1.15698,-0.124985
2.65004,-1.49992,2.44853,2.65596,-1.50091,2.36323,2.69204,-1.56708,2.55817,2,-1.44883,2.6586,2.09466,-1.95882,-1.19993,-1.46196e-18,-1.77888,-1.18107,-0.0626432,-2.04654,-1.25367,0,-2.52667,-1.17202,-0.123364
2.66001,-1.51916,2.43663,2.65596,-1.5187,2.35134,2.69136,-1.58719,2.54575,2,-1.47394,2.64679,2.09343,-1.94931,-1.21533,1.46196e-18,-1.77839,-1.19728,-0.0724047,-2.0366,-1.26975,0,-2.49503,-1.18862,-0.121773
2.67006,-1.5394,2.4239,2.65596,-1.53648,2.33928,2.69059,-1.60833,2.53244,2,-1.49873,2.63482,2.09222,-1.93912,-1.23152,-2.92392e-18,-1.7787,-1.21398,-0.0816644,-2.02595,-1.28667,0,-2.46235,-1.20516,-0.120447
2.68006,-1.55865,2.41157,2.65596,-1.55428,2.32706,2.68973,-1.62844,2.51956,2,-1.52318,2.62269,2.09102,-1.92926,-1.24692,0,-1.77973,-1.23087,-0.0904174,-2.01565,-1.30275,0,-2.42873,-1.22139,-0.119445
2.69005,-1.57722,2.39947,2.65596,-1.56852,2.31716,2.68898,-1.64784,2.50691,2,-1.5425,2.61287,2.09007,-1.91957,-1.26177,0,-1.78098,-1.24447,-0.0970299,-2.00553,-1.31828,0,-2.40117,-1.23415,-0.118875
2.70001,-1.59641,2.38674,2.65596,-1.56852,2.31716,2.68898,-1.6679,2.49361,2,-1.5425,2.61287,2.09007,-1.90939,-1.27713,1.46196e-18,-1.78098,-1.24447,-0.0970299,-1.99489,-1.33432,0,-2.40117,-1.23415,-0.118875
2.71005,-1.61532,2.37398,2.65596,-1.60775,2.28937,2.68666,-1.68765,2.48029,2,-1.59446,2.58534,2.08746,-1.89919,-1.29226,0,-1.78548,-1.28195,-0.113811,-1.98423,-1.35012,0,-2.3221,-1.26789,-0.11876
2.71999,-1.63411,2.36109,2.65596,-1.62561,2.27646,2.68548,-1.70729,2.46681,2,-1.6175,2.57259,2.08627,-1.88887,-1.30729,1.46196e-18,-1.78797,-1.29882,-0.121872,-1.97345,-1.36583,0,-2.28512,-1.28238,-0.120477
2.73,-1.65306,2.34786,2.65596,-1.64351,2.26339,2.68422,-1.72708,2.453,2,-1.64017,2.5597,2.08505,-1.87829,-1.32245,-1.46196e-18,-1.79097,-1.31594,-0.129528,-1.9624,-1.38167,0,-2.24762,-1.2967,-0.122564
2.73999,-1.67145,2.3348,2.65596,-1.66143,2.25014,2.68289,-1.7463,2.43935,2,-1.66245,2.54666,2.08381,-1.86784,-1.33716,0,-1.79445,-1.33342,-0.136523,-1.95148,-1.39704,0,-2.20978,-1.31121,-0.124822
2.75001,-1.69059,2.32098,2.65596,-1.6794,2.23672,2.6815,-1.7663,2.42491,2,-1.68436,2.53347,2.08255,-1.85678,-1.35248,1.46196e-18,-1.79822,-1.35105,-0.142735,-1.93993,-1.41304,0,-2.17153,-1.32569,-0.127075
2.75995,-1.70857,2.30777,2.65596,-1.6974,2.22312,2.68004,-1.78508,2.41111,2,-1.70588,2.52014,2.08127,-1.84622,-1.36686,0,-1.80226,-1.3689,-0.148252,-1.92889,-1.42807,0,-2.13293,-1.34025,-0.129356
2.76999,-1.7271,2.29394,2.65596,-1.71544,2.20934,2.67853,-1.80444,2.39667,2,-1.72702,2.50667,2.07996,-1.83515,-1.38168,0,-1.80617,-1.3865,-0.153888,-1.91733,-1.44355,0,-2.09411,-1.35454,-0.132441
2.78008,-1.74561,2.27989,2.65596,-1.73352,2.19539,2.67697,-1.82378,2.38198,2,-1.74776,2.49305,2.07863,-1.82391,-1.39649,0,-1.81071,-1.40464,-0.157905,-1.90558,-1.45903,0,-2.05504,-1.3693,-0.134511
2.79001,-1.76343,2.26613,2.65596,-1.75164,2.18127,2.67534,-1.8424,2.36761,2,-1.76812,2.4793,2.07724,-1.8129,-1.41075,0,-1.81195,-1.41898,-0.167805,-1.89409,-1.47392,0,-2.01579,-1.38061,-0.14307
2.80003,-1.78165,2.25184,2.65596,-1.76975,2.16702,2.6736,-1.86143,2.35267,2,-1.78808,2.46545,2.07575,-1.80147,-1.42532,-1.46196e-18,-1.81142,-1.4314,-0.180535,-1.88214,-1.48915,0,-1.97643,-1.39026,-0.154939
2.80996,-1.79946,2.23763,2.65596,-1.78789,2.15262,2.67177,-1.88004,2.33783,2,-1.80765,2.45148,2.07418,-1.7901,-1.43957,0,-1.81556,-1.44944,-0.182428,-1.87026,-1.50403,0,-1.93668,-1.40531,-0.156356
2.81998,-1.81747,2.22303,2.65596,-1.80607,2.13802,2.66997,-1.89886,2.32257,2,-1.82681,2.43733,2.07264,-1.77842,-1.45398,0,-1.82195,-1.47043,-0.177829,-1.85806,-1.51909,0,-1.89647,-1.42337,-0.151661
2.83005,-1.83527,2.20835,2.65596,-1.8243,2.12324,2.66817,-1.91745,2.30724,2,-1.84558,2.42303,2.0711,-1.76668,-1.46822,0,-1.82241,-1.48476,-0.18485,-1.84579,-1.53396,0,-1.85658,-1.43542,-0.158859
2.84005,-1.85296,2.19353,2.65596,-1.84251,2.10833,2.66626,-1.93594,2.29176,2,-1.86394,2.40863,2.06945,-1.75483,-1.48237,0,-1.82047,-1.49648,-0.195871,-1.83341,-1.54875,0,-1.81685,-1.44529,-0.170248
2.85001,-1.87027,2.17879,2.65596,-1.86073,2.09328,2.6643,-1.95402,2.27636,2,-1.88191,2.3941,2.06775,-1.74304,-1.49621,1.46196e-18,-1.82484,-1.51574,-0.191569,-1.82109,-1.56321,0,-1.77696,-1.46277,-0.16656
2.86005,-1.8879,2.16353,2.65596,-1.87904,2.07799,2.66249,-1.97244,2.26042,2,-1.89948,2.37934,2.06618,-1.73083,-1.51032,1.46196e-18,-1.83652,-1.54414,-0.16835,-1.80833,-1.57795,0,-1.73661,-1.48957,-0.144196
2.86997,-1.90527,2.14825,2.65596,-1.89744,2.06242,2.66089,-1.99059,2.24445,2,-1.91665,2.36433,2.06482,-1.7186,-1.52422,1.46196e-18,-1.84335,-1.56659,-0.155465,-1.79556,-1.59247,0,-1.69721,-1.51111,-0.132073
2.88001,-1.92217,2.13315,2.65596,-1.91589,2.04667,2.65935,-2.00824,2.22867,2,-1.93343,2.34914,2.06351,-1.70652,-1.53773,1.46196e-18,-1.84496,-1.58269,-0.154181,-1.78294,-1.60659,0,-1.65888,-1.52699,-0.131385
2.88998,-1.93894,2.11791,2.65596,-1.93434,2.03077,2.6578,-2.02577,2.21275,2,-1.94983,2.33379,2.06219,-1.69433,-1.55115,0,-1.84511,-1.59735,-0.155068,-1.7702,-1.62061,0,-1.6212,-1.54203,-0.132746
2.90002,-1.956,2.10217,2.65596,-1.95278,2.01474,2.65623,-2.04359,2.1963,2,-1.96585,2.31831,2.06083,-1.68173,-1.5648,-1.46196e-18,-1.84276,-1.60917,-0.160856,-1.75704,-1.63487,0,-1.58426,-1.55482,-0.138819
2.90997,-1.97255,2.08665,2.65596,-1.95278,2.01474,2.65623,-2.06088,2.18009,2,-1.96585,2.31831,2.06083,-1.66932,-1.57804,0,-1.84276,-1.60917,-0.160856,-1.74407,-1.6487,0,-1.58426,-1.55482,-0.138819
2.91999,-1.98932,2.07067,2.65596,-1.95278,2.01474,2.65623,-2.0784,2.16339,2,-1.96585,2.31831,2.06083,-1.65653,-1.59146,0,-1.84276,-1.60917,-0.160856,-1.73071,-1.66272,0,-1.58426,-1.55482,-0.138819
2.93006,-2.0058,2.05471,2.65596,-1.95278,2.01474,2.65623,-2.09561,2.14672,2,-1.96585,2.31831,2.06083,-1.64377,-1.60464,0,-1.84276,-1.60917,-0.160856,-1.71738,-1.67649,0,-1.58426,-1.55482,-0.138819
2.93998,-2.02206,2.0387,2.65596,-2.01711,1.9577,2.65033,-2.11261,2.13,2,-2.01911,2.26305,2.05571,-1.63096,-1.61765,-1.46196e-18,-1.83269,-1.65056,-0.173044,-1.704,-1.69009,0,-1.4605,-1.60455,-0.150676
2.95005,-2.03849,2.02228,2.65596,-2.01711,1.9577,2.65033,-2.12977,2.11284,2,-2.01911,2.26305,2.05571,-1.61782,-1.63079,-1.46196e-18,-1.83269,-1.65056,-0.173044,-1.69027,-1.70382,0,-1.4605,-1.60455,-0.150676
2.96004,-2.05463,2.00588,2.65596,-2.01711,1.9577,2.65033,-2.14663,2.0957,2,-2.01911,2.26305,2.05571,-1.60471,-1.6437,0,-1.83269,-1.65056,-0.173044,-1.67656,-1.7173,0,-1.4605,-1.60455,-0.150676
2.97007,-2.07063,1.98935,2.65596,-2.01711,1.9577,2.65033,-2.16335,2.07844,2,-2.01911,2.26305,2.05571,-1.59148,-1.65651,-1.46196e-18,-1.83269,-1.65056,-0.173044,-1.66275,-1.73068,0,-1.4605,-1.60455,-0.150676
2.98003,-2.08673,1.97246,2.65596,-2.09008,1.89072,2.6434,-2.18017,2.06079,2,-2.07487,2.19757,2.04974,-1.57797,-1.66938,-1.46196e-18,-1.81485,-1.69887,-0.17182,-1.64863,-1.74414,0,-1.32961,-1.6705,-0.144724
2.98995,-2.10198,1.95621,2.65596,-2.11724,1.86509,2.64084,-2.1961,2.04381,2,-2.09447,2.17232,2.04762,-1.56497,-1.68158,0,-1.80643,-1.71855,-0.169013,-1.63504,-1.75688,0,-1.28454,-1.69748,-0.138069
3.00005,-2.11772,1.93915,2.65596,-2.13528,1.84784,2.63916,-2.21255,2.02599,2,-2.10718,2.15525,2.04626,-1.55132,-1.69418,-2.92392e-18,-1.8,-1.73172,-0.166283,-1.62079,-1.77004,0,-1.25582,-1.71605,-0.132369
3.00998,-2.13325,1.92205,2.65596,-2.15324,1.83046,2.63752,-2.22878,2.00812,2,-2.11959,2.13799,2.04497,-1.53764,-1.7066,0,-1.79273,-1.74437,-0.163011,-1.60649,-1.78302,0,-1.22821,-1.73489,-0.126033
3.02003,-2.14846,1.90504,2.65596,-2.17113,1.81295,2.63591,-2.24467,1.99034,2,-2.13174,2.12055,2.04375,-1.52403,-1.71877,1.46196e-18,-1.78489,-1.75658,-0.158998,-1.59228,-1.79573,0,-1.2019,-1.75415,-0.118962
3.03,-2.16359,1.88784,2.65596,-2.18893,1.79533,2.63434,-2.26047,1.97238,2,-2.14364,2.10291,2.04259,-1.51027,-1.73087,1.46196e-18,-1.77625,-1.76842,-0.154374,-1.5779,-1.80838,0,-1.17667,-1.77377,-0.111258
3.03997,-2.17851,1.87059,2.65596,-2.20665,1.77759,2.63282,-2.27607,1.95436,2,-2.15528,2.08507,2.04152,-1.49648,-1.74281,0,-1.76684,-1.77981,-0.149136,-1.56349,-1.82085,0,-1.15261,-1.79359,-0.102946
3.05002,-2.19351,1.85299,2.65596,-2.22427,1.75973,2.63136,-2.29173,1.93596,2,-2.16669,2.06704,2.04054,-1.48239,-1.75481,-1.46196e-18,-1.75682,-1.79091,-0.143414,-1.54877,-1.83339,0,-1.12993,-1.81375,-0.0942036
3.05997,-2.20825,1.8354,2.65596,-2.24179,1.74177,2.62995,-2.30713,1.91759,2,-2.17788,2.0488,2.03964,-1.46832,-1.7666,1.46196e-18,-1.74617,-1.80161,-0.137272,-1.53407,-1.8457,0,-1.10862,-1.83405,-0.0851306
3.07,-2.22293,1.81759,2.65596,-2.25919,1.7237,2.62861,-2.32247,1.89898,2,-2.18887,2.03035,2.03883,-1.45407,-1.77834,1.46196e-18,-1.73486,-1.81196,-0.130772,-1.51918,-1.85798,0,-1.08871,-1.85445,-0.0758255
3.08005,-2.23749,1.79963,2.65596,-2.27303,1.70918,2.62759,-2.33769,1.88022,2,-2.19752,2.01545,2.03826,-1.4397,-1.79,0,-1.72525,-1.81981,-0.125296,-1.50417,-1.87015,0,-1.0737,-1.87065,-0.0682328
3.09003,-2.25166,1.78188,2.65596,-2.27303,1.70918,2.62759,-2.35249,1.86167,2,-2.19752,2.01545,2.03826,-1.4255,-1.80133,0,-1.72525,-1.81981,-0.125296,-1.48933,-1.88199,0,-1.0737,-1.87065,-0.0682328
3.10003,-2.26592,1.76371,2.65596,-2.31068,1.66891,2.62501,-2.36738,1.84269,2,-2.22072,1.97381,2.03699,-1.41097,-1.81273,0,-1.69636,-1.84067,-0.109344,-1.47415,-1.89391,0,-1.03677,-1.91559,-0.0472879
3.10996,-2.27996,1.74551,2.65596,-2.32757,1.65046,2.62395,-2.38206,1.82368,2,-2.23102,1.95455,2.03656,-1.39641,-1.82397,0,-1.6818,-1.84941,-0.102328,-1.45894,-1.90565,0,-1.02186,-1.93561,-0.0384752
3.12005,-2.29418,1.72679,2.65596,-2.34431,1.63192,2.62296,-2.39691,1.80411,2,-2.24116,1.9351,2.03622,-1.38143,-1.83534,1.46196e-18,-1.66622,-1.8578,-0.0955156,-1.44329,-1.91753,0,-1.00805,-1.95532,-0.0302084
3.13,-2.30775,1.7086,2.65596,-2.36089,1.6133,2.62204,-2.41109,1.78511,2,-2.25118,1.91544,2.03596,-1.36688,-1.8462,1.46196e-18,-1.64992,-1.86577,-0.0883207,-1.42809,-1.92887,0,-0.995536,-1.97476,-0.0220168
3.14004,-2.32146,1.68993,2.65596,-2.37731,1.59461,2.62119,-2.42541,1.76561,2,-2.26108,1.8956,2.03578,-1.35195,-1.85717,0,-1.63304,-1.87342,-0.0806181,-1.41248,-1.94033,0,-0.98437,-1.994,-0.0138281
3.15008,-2.33502,1.67115,2.65596,-2.39355,1.57584,2.62043,-2.43958,1.74599,2,-2.27087,1.87557,2.03568,-1.33692,-1.86801,0,-1.61545,-1.88072,-0.0724757,-1.39679,-1.95166,0,-0.974436,-2.01288,-0.00574222
3.15993,-2.34803,1.65282,2.65596,-2.40961,1.55699,2.61975,-2.45317,1.72683,2,-2.28057,1.85535,2.03566,-1.32225,-1.87842,1.46196e-18,-1.59706,-1.88746,-0.0638801,-1.38146,-1.96254,0,-0.965632,-2.0312,0.00219688
3.17004,-2.36113,1.63404,2.65596,-2.42549,1.53809,2.61915,-2.46686,1.70721,2,-2.29019,1.83494,2.03572,-1.30723,-1.88891,0,-1.57792,-1.89359,-0.0548096,-1.36577,-1.97349,0,-0.957973,-2.04889,0.00994263
3.18007,-2.37448,1.61459,2.65596,-2.44117,1.51912,2.61865,-2.48081,1.68689,2,-2.29973,1.81437,2.03586,-1.29167,-1.89958,0,-1.55805,-1.89932,-0.0454312,-1.34951,-1.98465,0,-0.951449,-2.0661,0.0172852
3.19002,-2.38687,1.59621,2.65596,-2.45664,1.5001,2.61824,-2.49375,1.66769,2,-2.30922,1.79362,2.03607,-1.27697,-1.9095,-1.46196e-18,-1.53726,-1.90438,-0.0356959,-1.33415,-1.995,0,-0.945869,-2.08258,0.0242186
3.2,-2.39983,1.57666,2.65596,-2.47191,1.48104,2.61794,-2.50729,1.64726,2,-2.31866,1.77272,2.03634,-1.26133,-1.91986,0,-1.51568,-1.90892,-0.0255873,-1.31781,-2.00584,0,-0.941351,-2.09849,0.0306797
3.21,-2.41213,1.55778,2.65596,-2.48696,1.46193,2.61773,-2.52014,1.62754,2,-2.32805,1.75166,2.03668,-1.24623,-1.9297,0,-1.49325,-1.91305,-0.015087,-1.30203,-2.01611,0,-0.937821,-2.11395,0.0366335
3.21998,-2.42454,1.5384,2.65596,-2.50177,1.44278,2.61764,-2.53311,1.60729,2,-2.33742,1.73044,2.03707,-1.23072,-1.93963,1.46196e-18,-1.47002,-1.91645,-0.00481655,-1.28583,-2.02649,0,-0.935214,-2.12856,0.0414874
3.23,-2.43665,1.51913,2.65596,-2.51635,1.4236,2.61764,-2.54577,1.58716,2,-2.34676,1.70909,2.03751,-1.21531,-1.94932,-1.46196e-18,-1.44578,-1.91919,0.00532922,-1.26973,-2.03661,0,-0.933442,-2.14246,0.0452296
3.24001,-2.44874,1.49958,2.65596,-2.53068,1.4044,2.61774,-2.55839,1.56673,2,-2.35609,1.6876,2.03797,-1.19967,-1.95899,1.46196e-18,-1.42028,-1.92099,0.01608,-1.25339,-2.04671,0,-0.932407,-2.1555,0.0484529
3.25004,-2.46075,1.47979,2.65596,-2.54475,1.38518,2.61796,-2.57094,1.54605,2,-2.36541,1.66598,2.03847,-1.18383,-1.9686,-1.46196e-18,-1.39351,-1.92171,0.0276369,-1.23684,-2.05675,0,-0.932127,-2.16753,0.0513169
3.25999,-2.47263,1.45985,2.65596,-2.55855,1.36597,2.6183,-2.58335,1.52523,2,-2.37473,1.64425,2.039,-1.16788,-1.9781,1.46196e-18,-1.36538,-1.92171,0.0400136,-1.22018,-2.06668,0,-0.932622,-2.17889,0.0537933
3.26999,-2.48435,1.43981,2.65596,-2.57206,1.34675,2.61876,-2.5956,1.50429,2,-2.38406,1.62241,2.03955,-1.15185,-1.98748,1.46196e-18,-1.3355,-1.92075,0.0528449,-1.20343,-2.07648,0,-0.933587,-2.18924,0.0555144
3.28003,-2.4956,1.42022,2.65596,-2.58525,1.32755,2.61936,-2.60735,1.48382,2,-2.3934,1.60047,2.04011,-1.13618,-1.99648,0,-1.30361,-1.91896,0.0656525,-1.18706,-2.08588,0,-0.934894,-2.19854,0.0560503
3.28998,-2.50671,1.40052,2.65596,-2.59812,1.30838,2.62008,-2.61896,1.46323,2,-2.40276,1.57844,2.04067,-1.12042,-2.00537,0,-1.26942,-1.91647,0.0785464,-1.17059,-2.09517,0,-0.936358,-2.2066,0.0556141
3.29998,-2.51824,1.37968,2.65596,-2.61063,1.28922,2.62093,-2.63101,1.44146,2,-2.41214,1.55634,2.04122,-1.10374,-2.01459,0,-1.2327,-1.91469,0.0942623,-1.15317,-2.1048,0,-0.938886,-2.21473,0.0566155
3.31003,-2.52898,1.35989,2.65596,-2.62276,1.27005,2.62205,-2.64223,1.42079,2,-2.42157,1.53411,2.04187,-1.08791,-2.02319,0,-1.19282,-1.9205,0.130784,-1.13663,-2.11378,0,-0.947745,-2.23014,0.0748423
3.32001,-2.53986,1.33947,2.65596,-2.6345,1.25081,2.62351,-2.65359,1.39945,2,-2.43108,1.51175,2.04269,-1.07158,-2.03188,-1.46196e-18,-1.15603,-1.928,0.160404,-1.11956,-2.12287,0,-0.955576,-2.24291,0.0891325
3.33001,-2.55053,1.31904,2.65596,-2.64589,1.23146,2.6253,-2.66474,1.3781,2,-2.44069,1.48924,2.04369,-1.05523,-2.04042,-1.46196e-18,-1.12076,-1.9449,0.200771,-1.10248,-2.13179,0,-0.967663,-2.26018,0.115045
3.34001,-2.56091,1.29877,2.65596,-2.65692,1.21187,2.62758,-2.67558,1.35693,2,-2.45045,1.46652,2.04505,-1.03902,-2.04873,0,-1.08562,-1.97517,0.257697,-1.08554,-2.14047,0,-0.98582,-2.28403,0.158053
3.35002,-2.57123,1.27821,2.65596,-2.6676,1.1919,2.63051,-2.68637,1.33545,2,-2.46043,1.44354,2.04691,-1.02257,-2.05698,-1.46196e-18,-1.04953,-2.02078,0.329997,-1.06836,-2.14909,0,-1.00989,-2.31415,0.217573
3.35995,-2.58116,1.25805,2.65596,-2.6779,1.1714,2.63422,-2.69674,1.31438,2,-2.47067,1.42022,2.04944,-1.00644,-2.06493,0,-1.01123,-2.0816,0.413223,-1.0515,-2.15739,0,-1.03835,-2.34874,0.289943
3.36999,-2.59126,1.23711,2.65596,-2.68782,1.15028,2.6387,-2.70729,1.2925,2,-2.48117,1.39659,2.05265,-0.989685,-2.07301,-1.46196e-18,-0.973082,-2.13841,0.474141,-1.034,-2.16583,0,-1.06018,-2.37465,0.344142
3.37997,-2.60124,1.21598,2.65596,-2.69738,1.1287,2.64356,-2.71772,1.27043,2,-2.49183,1.37278,2.0562,-0.972786,-2.08099,-1.46196e-18,-0.939943,-2.17562,0.496517,-1.01635,-2.17418,0,-1.06957,-2.38555,0.363919
3.39,-2.61097,1.19494,2.65596,-2.70663,1.10678,2.64862,-2.72789,1.24845,2,-2.50256,1.34888,2.05992,-0.95595,-2.08878,1.46196e-18,-0.911891,-2.20896,0.515505,-0.998757,-2.18231,0,-1.07784,-2.39497,0.381479
3.40007,-2.62043,1.17406,2.65596,-2.71564,1.08454,2.65388,-2.73777,1.22664,2,-2.51339,1.32488,2.06384,-0.939249,-2.09634,0,-0.889037,-2.23847,0.537951,-0.981308,-2.19021,0,-1.08681,-2.40525,0.402227
3.41002,-2.62968,1.15319,2.65596,-2.72443,1.06202,2.65938,-2.74743,1.20483,2,-2.5243,1.30078,2.06798,-0.922551,-2.10374,0,-0.86916,-2.26359,0.560467,-0.963862,-2.19795,0,-1.09521,-2.41499,0.422851
3.41997,-2.63862,1.13259,2.65596,-2.73301,1.0393,2.66503,-2.75677,1.18331,2,-2.53527,1.27661,2.07224,-0.906071,-2.11089,0,-0.848081,-2.27891,0.565658,-0.946645,-2.20542,0,-1.0974,-2.41759,0.42697
3.43001,-2.64758,1.11147,2.65596,-2.74138,1.01646,2.67066,-2.76614,1.16124,2,-2.54623,1.25244,2.07648,-0.889176,-2.11806,0,-0.825455,-2.28847,0.559346,-0.928993,-2.21291,0,-1.09538,-2.41542,0.420274
3.44002,-2.65649,1.09001,2.65596,-2.74952,0.993546,2.6762,-2.77544,1.13882,2,-2.55717,1.22831,2.08063,-0.872006,-2.12519,0,-0.802368,-2.29467,0.546753,-0.911054,-2.22036,0,-1.09087,-2.41055,0.407896
3.44996,-2.66501,1.069,2.65596,-2.75743,0.970581,2.68158,-2.78435,1.11687,2,-2.56804,1.20424,2.08462,-0.855197,-2.13201,1.46196e-18,-0.779223,-2.29792,0.528979,-0.893492,-2.22748,0,-1.08436,-2.40363,0.390795
3.46,-2.67349,1.04761,2.65596,-2.76511,0.947591,2.68677,-2.79321,1.09452,2,-2.57885,1.18024,2.08844,-0.838085,-2.1388,1.46196e-18,-0.756194,-2.30001,0.509328,-0.875614,-2.23457,0,-1.07696,-2.39595,0.372173
3.46998,-2.68181,1.02612,2.65596,-2.77255,0.924582,2.69176,-2.8019,1.07207,2,-2.58958,1.15632,2.09206,-0.820899,-2.14545,7.3098e-19,-0.733316,-2.30168,0.488803,-0.857658,-2.24152,0,-1.06893,-2.388,0.35305
3.47997,-2.69,1.00448,2.65596,-2.77977,0.901559,2.69654,-2.81045,1.04946,2,-2.60023,1.13248,2.0955,-0.80358,-2.152,1.46196e-18,-0.710586,-2.30303,0.467759,-0.839564,-2.24836,0,-1.06032,-2.37982,0.333784
3.48995,-2.69786,0.983154,2.65596,-2.78677,0.878523,2.70112,-2.81867,1.02718,2,-2.61079,1.10872,2.09874,-0.786523,-2.15829,0,-0.687974,-2.30413,0.446536,-0.821743,-2.25494,0,-1.05116,-2.37146,0.314703
3.49999,-2.70564,0.961534,2.65596,-2.79353,0.855476,2.70548,-2.8268,1.00459,2,-2.62125,1.08505,2.10179,-0.769227,-2.16451,0,-0.665606,-2.30515,0.42526,-0.803673,-2.26144,0,-1.04158,-2.36307,0.295934
3.50995,-2.71322,0.939942,2.65596,-2.80008,0.832419,2.70962,-2.83472,0.982032,2,-2.63162,1.06146,2.10466,-0.751953,-2.17058,-7.3098e-19,-0.643593,-2.3062,0.403949,-0.785626,-2.26777,0,-1.03169,-2.35475,0.277492
3.52003,-2.72072,0.918012,2.65596,-2.80641,0.809352,2.71355,-2.84255,0.959121,2,-2.64188,1.03795,2.10734,-0.73441,-2.17657,0,-0.621988,-2.3073,0.382689,-0.767296,-2.27404,0,-1.02155,-2.34651,0.259459
3.52997,-2.72813,0.895759,2.65596,-2.81252,0.786273,2.71728,-2.85029,0.93587,2,-2.65205,1.01453,2.10985,-0.716607,-2.1825,0,-0.600741,-2.30842,0.361569,-0.748696,-2.28023,0,-1.0111,-2.33833,0.241916
3.53998,-2.73503,0.874451,2.65596,-2.81842,0.763183,2.72079,-2.8575,0.913608,2,-2.6621,0.991188,2.11218,-0.699561,-2.18802,7.3098e-19,-0.579772,-2.30961,0.340585,-0.730887,-2.286,0,-1.00027,-2.33025,0.224847
3.54998,-2.74196,0.852482,2.65596,-2.82412,0.740081,2.72409,-2.86474,0.890656,2,-2.67205,0.967926,2.11435,-0.681986,-2.19356,1.46196e-18,-0.55903,-2.31075,0.319835,-0.712524,-2.29179,0,-0.988989,-2.32216,0.208339
3.5601,-2.74874,0.830352,2.65596,-2.8296,0.716968,2.72718,-2.87183,0.867535,2,-2.68188,0.944744,2.11635,-0.664282,-2.19899,0,-0.538451,-2.31194,0.299384,-0.694028,-2.29746,0,-0.977199,-2.31417,0.192447
3.57004,-2.75543,0.80786,2.65596,-2.83489,0.693842,2.73008,-2.87882,0.844036,2,-2.69159,0.921642,2.1182,-0.646288,-2.20435,0,-0.518063,-2.31335,0.279235,-0.675229,-2.30306,0,-0.964917,-2.30644,0.177159
3.57999,-2.76178,0.785879,2.65596,-2.83997,0.670701,2.73277,-2.88545,0.82107,2,-2.70118,0.898616,2.1199,-0.628703,-2.20943,0,-0.497948,-2.31477,0.259416,-0.656856,-2.30836,0,-0.952212,-2.29879,0.162491
3.59014,-2.76798,0.763751,2.65596,-2.84485,0.647546,2.73527,-2.89193,0.797951,2,-2.71064,0.875665,2.12145,-0.611001,-2.21439,0,-0.478221,-2.31639,0.239922,-0.638361,-2.31355,0,-0.939189,-2.29139,0.148422
3.60002,-2.77387,0.742081,2.65596,-2.84953,0.624373,2.73757,-2.89808,0.775311,2,-2.71996,0.852787,2.12287,-0.593664,-2.2191,7.3098e-19,-0.458728,-2.31809,0.220758,-0.620248,-2.31847,0,-0.925683,-2.28416,0.134937
3.60996,-2.77966,0.720114,2.65596,-2.85402,0.601184,2.73968,-2.90413,0.75236,2,-2.72915,0.829981,2.12415,-0.576091,-2.22372,0,-0.439553,-2.31988,0.201929,-0.601888,-2.3233,0,-0.911773,-2.27714,0.122014
3.61998,-2.78535,0.697773,2.65596,-2.85832,0.577976,2.74161,-2.91007,0.729019,2,-2.73819,0.807244,2.12531,-0.558218,-2.22828,7.3098e-19,-0.420513,-2.32166,0.183508,-0.583215,-2.32806,0,-0.897272,-2.27025,0.109703
3.62997,-2.7909,0.67524,2.65596,-2.86243,0.55475,2.74335,-2.91587,0.705477,2,-2.74709,0.784575,2.12635,-0.540192,-2.23272,0,-0.401677,-2.32361,0.165503,-0.564382,-2.3327,0,-0.882249,-2.26369,0.0979852
3.64006,-2.79619,0.652968,2.65596,-2.86636,0.531503,2.74492,-2.9214,0.682208,2,-2.75584,0.761969,2.12727,-0.522375,-2.23695,0,-0.382955,-2.32581,0.147923,-0.545766,-2.33712,0,-0.86661,-2.25756,0.0868467
3.64997,-2.80132,0.630601,2.65596,-2.87009,0.508233,2.74631,-2.92676,0.658839,2,-2.76442,0.739423,2.12809,-0.504481,-2.24106,-7.3098e-19,-0.36434,-2.32814,0.130843,-0.527071,-2.34141,0,-0.850342,-2.25175,0.0763368
3.65996,-2.80624,0.608322,2.65596,-2.87364,0.48494,2.74754,-2.9319,0.635563,2,-2.77284,0.716933,2.1288,-0.486658,-2.24499,0,-0.345978,-2.33055,0.11425,-0.50845,-2.34552,0,-0.833581,-2.24627,0.0664137
3.66994,-2.81097,0.586098,2.65596,-2.87701,0.461623,2.7486,-2.93684,0.612344,2,-2.78109,0.694497,2.12942,-0.468879,-2.24877,7.3098e-19,-0.327727,-2.33285,0.0981633,-0.489875,-2.34947,0,-0.816178,-2.24093,0.0570669
3.67998,-2.81561,0.56338,2.65596,-2.8802,0.438283,2.7495,-2.94169,0.588608,2,-2.78916,0.672113,2.12994,-0.450704,-2.25249,0,-0.309615,-2.33516,0.0825537,-0.470886,-2.35335,0,-0.79816,-2.23589,0.0482348
3.68997,-2.82002,0.540853,2.65596,-2.88321,0.41492,2.75025,-2.9463,0.565073,2,-2.79705,0.649778,2.13038,-0.432683,-2.25602,7.3098e-19,-0.291672,-2.33744,0.0674964,-0.452058,-2.35704,0,-0.779556,-2.23113,0.0399651
3.70001,-2.82428,0.518189,2.65596,-2.88603,0.391534,2.75086,-2.95074,0.541394,2,-2.80475,0.627489,2.13074,-0.414552,-2.25942,0,-0.274046,-2.33977,0.0529877,-0.433115,-2.3606,0,-0.760509,-2.22676,0.0322261
3.71,-2.82831,0.495666,2.65596,-2.88869,0.368125,2.75132,-2.95497,0.517862,2,-2.81226,0.605242,2.13103,-0.396533,-2.26265,-7.3098e-19,-0.256692,-2.34209,0.0389732,-0.41429,-2.36397,0,-0.740967,-2.22273,0.0249332
3.72002,-2.8322,0.472983,2.65596,-2.89117,0.344692,2.75164,-2.95902,0.494162,2,-2.81957,0.583033,2.13124,-0.378386,-2.26576,-3.6549e-19,-0.239468,-2.34444,0.0254469,-0.39533,-2.36722,0,-0.720789,-2.21911,0.0180481
3.72997,-2.83586,0.450519,2.65596,-2.89348,0.321236,2.75183,-2.96284,0.470693,2,-2.82668,0.560858,2.13139,-0.360415,-2.26869,3.6549e-19,-0.222483,-2.34682,0.0124338,-0.376555,-2.37028,0,-0.700088,-2.21592,0.011564
3.74002,-2.83941,0.427579,2.65596,-2.89562,0.297755,2.75189,-2.96655,0.446726,2,-2.83357,0.538713,2.13148,-0.342063,-2.27152,3.6549e-19,-0.205855,-2.34936,-0.000141636,-0.35738,-2.37324,0,-0.678984,-2.21332,0.00537442
3.75016,-2.84285,0.404011,2.65596,-2.8976,0.274249,2.75182,-2.97016,0.422103,2,-2.84025,0.516591,2.1315,-0.323209,-2.27428,-3.6549e-19,-0.189404,-2.35186,-0.0122254,-0.337682,-2.37613,0,-0.657296,-2.21114,-0.000498768
3.75998,-2.84589,0.382045,2.65596,-2.89941,0.250718,2.75164,-2.97333,0.399153,2,-2.84672,0.494488,2.13147,-0.305636,-2.27671,-7.3098e-19,-0.173192,-2.35438,-0.0238435,-0.319322,-2.37866,0,-0.635099,-2.20943,-0.00611448
3.77005,-2.84888,0.359072,2.65596,-2.90106,0.22716,2.75135,-2.97645,0.375151,2,-2.85295,0.4724,2.13138,-0.287258,-2.2791,0,-0.157196,-2.35704,-0.0350609,-0.300121,-2.38116,0,-0.612378,-2.20836,-0.0115663
3.78003,-2.85168,0.336128,2.65596,-2.90255,0.203577,2.75094,-2.97937,0.351179,2,-2.85896,0.45032,2.13124,-0.268902,-2.28134,-3.6549e-19,-0.14127,-2.35961,-0.0458078,-0.280944,-2.3835,0,-0.588999,-2.20769,-0.0168139
3.78999,-2.85426,0.31342,2.65596,-2.90389,0.179969,2.75043,-2.98208,0.327455,2,-2.86473,0.428245,2.13104,-0.250736,-2.28341,0,-0.125614,-2.36203,-0.0560228,-0.261964,-2.38566,0,-0.565164,-2.2074,-0.0218277
3.80001,-2.85666,0.290735,2.65596,-2.90507,0.156336,2.74983,-2.98458,0.303754,2,-2.87026,0.40617,2.1308,-0.232588,-2.28533,3.6549e-19,-0.110324,-2.36444,-0.0657964,-0.243003,-2.38767,0,-0.540986,-2.20764,-0.0267254
3.80997,-2.85888,0.26807,2.65596,-2.90609,0.132681,2.74912,-2.9869,0.280074,2,-2.87555,0.384091,2.13051,-0.214456,-2.2871,-3.6549e-19,-0.0953384,-2.36674,-0.0751148,-0.224059,-2.38952,0,-0.516421,-2.20832,-0.0315191
3.81997,-2.86094,0.245079,2.65596,-2.90697,0.109003,2.74832,-2.98905,0.256054,2,-2.88059,0.362003,2.13017,-0.196064,-2.28875,-3.6549e-19,-0.080534,-2.36871,-0.0839259,-0.204843,-2.39124,0,-0.491366,-2.20923,-0.0361851
3.83001,-2.86284,0.221744,2.65596,-2.9077,0.0853072,2.74744,-2.99104,0.231674,2,-2.88538,0.339905,2.12979,-0.177395,-2.29028,3.6549e-19,-0.0657376,-2.3704,-0.0922606,-0.185339,-2.39283,0,-0.465672,-2.21043,-0.0407785
3.84002,-2.8645,0.199236,2.65596,-2.90829,0.0615959,2.74648,-2.99277,0.208157,2,-2.8899,0.317794,2.12936,-0.159389,-2.2916,-1.82745e-19,-0.051091,-2.37181,-0.100106,-0.166526,-2.39422,0,-0.43951,-2.21193,-0.0453046
3.85004,-2.86602,0.176061,2.65596,-2.90873,0.0378722,2.74544,-2.99436,0.183944,2,-2.89416,0.295666,2.12888,-0.140848,-2.29281,0,-0.0365961,-2.37288,-0.10744,-0.147156,-2.39548,0,-0.412903,-2.21366,-0.0497551
3.85996,-2.86732,0.153347,2.65596,-2.90902,0.0141392,2.74433,-2.99572,0.160214,2,-2.89816,0.27352,2.12836,-0.122678,-2.29386,0,-0.0222169,-2.37368,-0.114299,-0.128171,-2.39657,0,-0.385832,-2.21568,-0.0541798
3.86996,-2.86845,0.130518,2.65596,-2.90917,-0.00960029,2.74316,-2.9969,0.136363,2,-2.90188,0.251352,2.1278,-0.104414,-2.29476,1.82745e-19,-0.00800513,-2.37419,-0.120741,-0.10909,-2.39752,0,-0.358376,-2.21798,-0.0586504
3.88004,-2.86942,0.107248,2.65596,-2.90918,-0.0333433,2.74192,-2.99791,0.11205,2,-2.90532,0.229159,2.12719,-0.0857981,-2.29553,-9.13725e-20,0.00607169,-2.37431,-0.126672,-0.0896401,-2.39833,0,-0.330531,-2.22045,-0.0630822
3.88999,-2.87017,0.0845782,2.65596,-2.90905,-0.0570853,2.74063,-2.9987,0.0883656,2,-2.90849,0.206942,2.12653,-0.0676626,-2.29614,9.13725e-20,0.0200139,-2.37407,-0.132148,-0.0706925,-2.39896,0,-0.302325,-2.22312,-0.0675407
3.90004,-2.87076,0.0614018,2.65596,-2.90878,-0.0808244,2.73928,-2.99931,0.0641514,2,-2.91137,0.184695,2.12584,-0.0491215,-2.29661,0,0.0336878,-2.37365,-0.137265,-0.0513211,-2.39945,0,-0.273923,-2.22615,-0.0721266
3.91,-2.87117,0.0382235,2.65596,-2.90838,-0.104557,2.73788,-2.99973,0.0399351,2,-2.91397,0.162418,2.12509,-0.0305788,-2.29693,4.56862e-20,0.0471324,-2.37289,-0.141977,-0.0319481,-2.39979,0,-0.245323,-2.2294,-0.076792
3.92001,-2.87138,0.0151801,2.65596,-2.90784,-0.128282,2.73644,-2.99996,0.0158598,2,-2.91628,0.140106,2.1243,-0.0121441,-2.2971,0,0.060329,-2.37195,-0.146244,-0.0126879,-2.39997,0,-0.216571,-2.23298,-0.0814977
3.93002,-2.87141,-0.00753589,2.65596,-2.90717,-0.151995,2.73496,-2.99999,-0.00787334,2,-2.9183,0.117758,2.12346,0.00602871,-2.29713,5.71078e-21,0.0734423,-2.37064,-0.150029,0.00629867,-2.39999,0,-0.187544,-2.23672,-0.0862045
3.93996,-2.87126,-0.0301088,2.65596,-2.90637,-0.175693,2.73344,-2.99984,-0.031457,2,-2.92003,0.0953715,2.12258,0.024087,-2.29701,-2.28431e-20,0.0864801,-2.36896,-0.153396,0.0251656,-2.39987,0,-0.15828,-2.2406,-0.0909686
3.95006,-2.87091,-0.0538251,2.65596,-2.90544,-0.199374,2.73189,-2.99947,-0.0562353,2,-2.92146,0.0729446,2.12164,0.0430601,-2.29673,0,0.099498,-2.36708,-0.15639,0.0449883,-2.39958,0,-0.128759,-2.24479,-0.0958261
3.95998,-2.87041,-0.0760848,2.65596,-2.90438,-0.223034,2.73032,-2.99895,-0.0794919,2,-2.9226,0.0504749,2.12066,0.0608679,-2.29633,-9.13725e-20,0.112481,-2.36492,-0.15898,0.0635935,-2.39916,0,-0.0990335,-2.24917,-0.100733
3.97,-2.86971,-0.0991859,2.65596,-2.90319,-0.246671,2.72871,-2.99821,-0.103627,2,-2.92344,0.027961,2.11963,0.0793487,-2.29576,0,0.125472,-2.36238,-0.161149,0.0829019,-2.39857,0,-0.0690972,-2.25365,-0.105657
3.97999,-2.86882,-0.122034,2.65596,-2.90187,-0.270281,2.72709,-2.99729,-0.127499,2,-2.92398,0.00540096,2.11855,0.0976276,-2.29506,-1.82745e-19,0.138445,-2.35966,-0.16292,0.101999,-2.39783,0,-0.0390151,-2.25841,-0.110603
3.99004,-2.86773,-0.145562,2.65596,-2.90042,-0.293863,2.72546,-2.99614,-0.15208,2,-2.92422,-0.0172075,2.11742,0.11645,-2.29418,-1.82745e-19,0.151424,-2.35665,-0.164295,0.121664,-2.39691,0,-0.00880267,-2.26331,-0.115554
4,-2.86648,-0.168371,2.65596,-2.89884,-0.317413,2.72381,-2.99484,-0.175911,2,-2.92416,-0.0398656,2.11624,0.134697,-2.29318,0,0.164477,-2.35332,-0.165281,0.140729,-2.39587,0,0.0215692,-2.26831,-0.120495
4.00997,-2.86507,-0.190856,2.65596,-2.89713,-0.340928,2.72215,-2.99337,-0.199402,2,-2.92379,-0.0625738,2.11501,0.152685,-2.29206,0,0.177612,-2.3496,-0.165848,0.159522,-2.39469,0,0.0520646,-2.27334,-0.125371
4.02001,-2.86344,-0.213929,2.65596,-2.89529,-0.364404,2.72049,-2.99166,-0.223509,2,-2.92312,-0.0853329,2.11373,0.171143,-2.29075,1.82745e-19,0.190789,-2.34569,-0.166121,0.178807,-2.39333,0,0.0826054,-2.27855,-0.13028
4.03006,-2.86163,-0.236935,2.65596,-2.89332,-0.387841,2.71883,-2.98977,-0.247544,2,-2.92214,-0.108145,2.1124,0.189548,-2.2893,0,0.203949,-2.34159,-0.16612,0.198036,-2.39182,0,0.113099,-2.28394,-0.135211
4.03998,-2.85965,-0.259687,2.65596,-2.89121,-0.411236,2.71717,-2.98771,-0.271316,2,-2.92086,-0.131013,2.11102,0.20775,-2.28772,3.6549e-19,0.217044,-2.33746,-0.165895,0.217053,-2.39016,0,0.143461,-2.28963,-0.140188
4.05015,-2.85728,-0.284558,2.65596,-2.88898,-0.43459,2.71551,-2.98523,-0.2973,2,-2.91927,-0.153939,2.1096,0.227646,-2.28583,0,0.230209,-2.33318,-0.165418,0.23784,-2.38819,0,0.173788,-2.29551,-0.145152
4.05996,-2.85515,-0.305259,2.65596,-2.88661,-0.4579,2.71386,-2.983,-0.318928,2,-2.91738,-0.176924,2.10812,0.244207,-2.28412,3.6549e-19,0.243445,-2.32889,-0.164722,0.255142,-2.3864,0,0.204042,-2.3017,-0.150109
4.07005,-2.85259,-0.32832,2.65596,-2.88411,-0.481167,2.71222,-2.98032,-0.343022,2,-2.91519,-0.199973,2.10659,0.262656,-2.28207,0,0.256724,-2.32459,-0.163799,0.274418,-2.38426,0,0.23415,-2.30816,-0.155012
4.08011,-2.84979,-0.351799,2.65596,-2.88147,-0.504391,2.71059,-2.9774,-0.367552,2,-2.9127,-0.223087,2.10502,0.281439,-2.27983,0,0.270252,-2.32,-0.162588,0.294042,-2.38192,0,0.26429,-2.3146,-0.159775
4.09006,-2.84695,-0.374054,2.65596,-2.8787,-0.527567,2.70897,-2.97444,-0.390804,2,-2.9099,-0.246266,2.1034,0.299243,-2.27756,0,0.283889,-2.31522,-0.161164,0.312643,-2.37955,0,0.294294,-2.32113,-0.164445
4.09999,-2.84391,-0.396518,2.65596,-2.87579,-0.550694,2.70737,-2.97126,-0.414274,2,-2.90681,-0.26951,2.10173,0.317215,-2.27513,3.6549e-19,0.297705,-2.31019,-0.159529,0.331419,-2.37701,0,0.324186,-2.32765,-0.168991
4.11004,-2.84057,-0.41975,2.65596,-2.87275,-0.57377,2.70578,-2.96777,-0.438546,2,-2.90342,-0.292819,2.10002,0.3358,-2.27246,0,0.31167,-2.30503,-0.157677,0.350837,-2.37422,0,0.353906,-2.33426,-0.173371
4.1201,-2.83711,-0.442558,2.65596,-2.86956,-0.596794,2.70421,-2.96415,-0.462375,2,-2.89973,-0.316195,2.09827,0.354046,-2.26969,0,0.325755,-2.29961,-0.1556,0.3699,-2.37132,0,0.383401,-2.3408,-0.177545
4.13,-2.83355,-0.464786,2.65596,-2.86623,-0.619762,2.70267,-2.96044,-0.485599,2,-2.89575,-0.339635,2.09647,0.371829,-2.26684,0,0.340004,-2.29398,-0.153382,0.388479,-2.36835,0,0.412683,-2.34731,-0.181566
4.14007,-2.82972,-0.48756,2.65596,-2.86276,-0.642673,2.70115,-2.95644,-0.509392,2,-2.89148,-0.363142,2.09463,0.390048,-2.26378,3.6549e-19,0.354302,-2.28838,-0.151093,0.407514,-2.36515,0,0.441603,-2.354,-0.185472
4.15002,-2.82571,-0.5103,2.65596,-2.85915,-0.665529,2.69965,-2.95224,-0.533151,2,-2.88692,-0.386715,2.09276,0.40824,-2.26057,7.3098e-19,0.368741,-2.28268,-0.148696,0.426521,-2.3618,0,0.470228,-2.36072,-0.189197
4.15998,-2.82164,-0.532334,2.65596,-2.85539,-0.688326,2.69817,-2.94799,-0.556171,2,-2.88208,-0.410356,2.09085,0.425867,-2.25731,0,0.383246,-2.27677,-0.146176,0.444937,-2.3584,0,0.498456,-2.36735,-0.192698
4.17004,-2.8172,-0.555354,2.65596,-2.85148,-0.711064,2.69672,-2.94336,-0.580222,2,-2.87695,-0.434062,2.08891,0.444283,-2.25376,-7.3098e-19,0.397871,-2.2707,-0.14354,0.464178,-2.35468,0,0.526314,-2.37391,-0.195956
4.18004,-2.81272,-0.577647,2.65596,-2.84743,-0.73374,2.6953,-2.93867,-0.603514,2,-2.87155,-0.457834,2.08693,0.462118,-2.25017,0,0.412585,-2.2645,-0.14083,0.482811,-2.35093,0,0.553741,-2.3804,-0.198989
4.19003,-2.80801,-0.600097,2.65596,-2.84323,-0.756354,2.69391,-2.93375,-0.626969,2,-2.86588,-0.48167,2.08493,0.480078,-2.24641,0,0.427514,-2.25822,-0.138051,0.501575,-2.347,0,0.580835,-2.38686,-0.201778
4.19996,-2.80308,-0.622737,2.65596,-2.83888,-0.778904,2.69254,-2.9286,-0.650623,2,-2.85994,-0.505571,2.0829,0.49819,-2.24246,0,0.442599,-2.25196,-0.135241,0.520499,-2.34288,0,0.607512,-2.39336,-0.204337
4.21001,-2.79801,-0.645141,2.65596,-2.83437,-0.801392,2.6912,-2.9233,-0.674031,2,-2.85373,-0.529537,2.08084,0.516113,-2.23841,0,0.457925,-2.24563,-0.132407,0.539224,-2.33864,0,0.633837,-2.39979,-0.206651
4.22002,-2.79281,-0.667275,2.65596,-2.82972,-0.823817,2.68989,-2.91787,-0.697156,2,-2.84726,-0.553567,2.07877,0.53382,-2.23425,7.3098e-19,0.473467,-2.23931,-0.129556,0.557725,-2.3343,0,0.659767,-2.40621,-0.208712
4.23003,-2.78733,-0.689806,2.65596,-2.8249,-0.846179,2.68861,-2.91215,-0.720695,2,-2.84054,-0.577661,2.07667,0.551845,-2.22987,0,0.489281,-2.23293,-0.126647,0.576556,-2.32972,0,0.685341,-2.41253,-0.210463
4.24002,-2.78176,-0.711949,2.65596,-2.81993,-0.868475,2.68736,-2.90632,-0.743829,2,-2.83356,-0.601817,2.07456,0.569559,-2.22541,-7.3098e-19,0.505307,-2.22641,-0.123703,0.595063,-2.32506,0,0.710483,-2.41864,-0.211914
4.25013,-2.77591,-0.734421,2.65596,-2.8148,-0.890706,2.68614,-2.90021,-0.767308,2,-2.82633,-0.626033,2.07243,0.587537,-2.22073,0,0.521524,-2.21977,-0.1207,0.613847,-2.32017,0,0.73516,-2.42455,-0.21303
4.26003,-2.77003,-0.756278,2.65596,-2.8095,-0.91287,2.68495,-2.89408,-0.790144,2,-2.81886,-0.650307,2.0703,0.605022,-2.21603,1.46196e-18,0.537942,-2.2129,-0.117635,0.632115,-2.31526,0,0.759368,-2.43013,-0.213797
4.27008,-2.76384,-0.778598,2.65596,-2.80404,-0.934963,2.68379,-2.88761,-0.813463,2,-2.81114,-0.674634,2.06816,0.622878,-2.21108,0,0.554694,-2.20573,-0.114516,0.65077,-2.31009,0,0.783225,-2.43526,-0.214215
4.28031,-2.75722,-0.801753,2.65596,-2.79841,-0.956984,2.68266,-2.88068,-0.837655,2,-2.80319,-0.699011,2.06601,0.641402,-2.20577,-7.3098e-19,0.571649,-2.19839,-0.111442,0.670124,-2.30455,0,0.806589,-2.44007,-0.214376
4.28999,-2.75108,-0.822562,2.65596,-2.7926,-0.97893,2.68156,-2.87427,-0.859396,2,-2.79501,-0.723434,2.06387,0.658049,-2.20086,1.46196e-18,0.588818,-2.19076,-0.10838,0.687517,-2.29942,0,0.82946,-2.44441,-0.214238
4.29997,-2.74438,-0.844647,2.65596,-2.78663,-1.0008,2.68049,-2.86727,-0.88247,2,-2.7866,-0.747897,2.06173,0.675718,-2.1955,0,0.606382,-2.18263,-0.105201,0.705976,-2.29382,0,0.852013,-2.44803,-0.213666
4.30997,-2.73761,-0.866351,2.65596,-2.78048,-1.02258,2.67945,-2.86019,-0.905146,2,-2.77797,-0.772393,2.0596,0.693081,-2.19008,7.3098e-19,0.624283,-2.17423,-0.102032,0.724117,-2.28816,0,0.87419,-2.45112,-0.212785
4.32001,-2.73049,-0.888529,2.65596,-2.77414,-1.04428,2.67845,-2.85276,-0.928317,2,-2.76912,-0.796918,2.05748,0.710824,-2.18439,-7.3098e-19,0.642414,-2.16565,-0.0988893,0.742654,-2.28221,0,0.895887,-2.45376,-0.211612
4.33012,-2.72306,-0.911042,2.65596,-2.76763,-1.06589,2.67747,-2.845,-0.951837,2,-2.76006,-0.821467,2.05537,0.728833,-2.17845,7.3098e-19,0.66079,-2.15702,-0.0958683,0.76147,-2.276,0,0.917121,-2.45604,-0.210237
4.33998,-2.71597,-0.931966,2.65596,-2.76093,-1.08742,2.67653,-2.83759,-0.973699,2,-2.75078,-0.846038,2.05327,0.745573,-2.17278,7.3098e-19,0.679258,-2.14853,-0.0929629,0.778959,-2.27007,0,0.937749,-2.45812,-0.208658
4.35006,-2.70839,-0.953771,2.65596,-2.75404,-1.10887,2.67561,-2.82967,-0.996481,2,-2.7413,-0.870628,2.0512,0.763017,-2.16671,0,0.697935,-2.13996,-0.0901095,0.797184,-2.26374,0,0.957893,-2.45974,-0.206813
4.35999,-2.7007,-0.975337,2.65596,-2.74697,-1.13022,2.67473,-2.82163,-1.01901,2,-2.73163,-0.895232,2.04914,0.780269,-2.16056,-7.3098e-19,0.716765,-2.1314,-0.0873626,0.815209,-2.25731,0,0.97751,-2.46098,-0.204769
4.37,-2.69278,-0.997,2.65596,-2.7397,-1.15149,2.67387,-2.81336,-1.04165,2,-2.72175,-0.919847,2.0471,0.7976,-2.15422,-7.3098e-19,0.735703,-2.1229,-0.084715,0.833316,-2.25069,0,0.996565,-2.46189,-0.202531
4.38001,-2.68465,-1.01868,2.65596,-2.73225,-1.17268,2.67303,-2.80487,-1.06429,2,-2.7117,-0.944468,2.04509,0.814943,-2.14772,7.3098e-19,0.754765,-2.11443,-0.0821689,0.851435,-2.24389,0,1.01508,-2.4624,-0.200108
4.38996,-2.67661,-1.03961,2.65596,-2.72461,-1.19378,2.67222,-2.79647,-1.08616,2,-2.70146,-0.969093,2.0431,0.831689,-2.14129,7.3098e-19,0.773921,-2.10589,-0.0797115,0.868932,-2.23718,0,1.03303,-2.46239,-0.197499
4.39992,-2.66817,-1.0611,2.65596,-2.71677,-1.2148,2.67144,-2.78765,-1.10861,2,-2.69104,-0.993715,2.04114,0.848879,-2.13453,0,0.793175,-2.09739,-0.0773453,0.886891,-2.23012,0,1.05045,-2.46197,-0.194718
4.41001,-2.65939,-1.08291,2.65596,-2.70874,-1.23573,2.67068,-2.77848,-1.1314,2,-2.68045,-1.01833,2.03921,0.866324,-2.12751,0,0.812534,-2.08881,-0.0750388,0.905118,-2.22278,0,1.06735,-2.46098,-0.191747
4.42001,-2.65076,-1.10387,2.65596,-2.70052,-1.25657,2.66994,-2.76946,-1.1533,2,-2.66969,-1.04293,2.0373,0.883092,-2.12061,1.46196e-18,0.831951,-2.0803,-0.072832,0.922637,-2.21557,0,1.0837,-2.45955,-0.188638
4.42995,-2.64187,-1.12497,2.65596,-2.69211,-1.27734,2.66922,-2.76017,-1.17535,2,-2.65878,-1.06752,2.03543,0.89998,-2.1135,0,0.851517,-2.07184,-0.0707209,0.94028,-2.20814,0,1.09961,-2.45766,-0.185401
4.43999,-2.63286,-1.14591,2.65596,-2.68349,-1.29801,2.66852,-2.75076,-1.19722,2,-2.6477,-1.09208,2.0336,0.916724,-2.10629,0,0.871192,-2.06339,-0.0686889,0.957775,-2.20061,0,1.11505,-2.45525,-0.182033
4.45003,-2.62358,-1.167,2.65596,-2.67468,-1.3186,2.66785,-2.74106,-1.21926,2,-2.63648,-1.11662,2.03179,0.933604,-2.09886,0,0.891051,-2.05488,-0.0667197,0.97541,-2.19285,0,1.13013,-2.45222,-0.178536
4.45996,-2.61417,-1.18792,2.65596,-2.66567,-1.33911,2.66719,-2.73123,-1.24112,2,-2.6251,-1.14113,2.03003,0.950338,-2.09134,-1.46196e-18,0.911012,-2.04645,-0.0648739,0.992894,-2.18499,0,1.14478,-2.44872,-0.174984
4.46997,-2.60457,-1.20883,2.65596,-2.65646,-1.35953,2.66655,-2.7212,-1.26296,2,-2.61358,-1.1656,2.02829,0.967063,-2.08366,0,0.93092,-2.03829,-0.063193,1.01037,-2.17696,0,1.15889,-2.44491,-0.171433
4.48007,-2.59469,-1.2299,2.65596,-2.64705,-1.37988,2.66592,-2.71088,-1.28497,2,-2.60192,-1.19002,2.0266,0.983916,-2.07575,1.46196e-18,0.950763,-2.03027,-0.0616415,1.02798,-2.1687,0,1.17245,-2.44067,-0.167863
4.48995,-2.58497,-1.2502,2.65596,-2.63745,-1.40014,2.66531,-2.70072,-1.30619,2,-2.59013,-1.21441,2.02494,1.00016,-2.06797,0,0.970619,-2.02244,-0.0602148,1.04495,-2.16057,0,1.18558,-2.43602,-0.164287
4.49998,-2.5747,-1.27121,2.65596,-2.62764,-1.42032,2.66472,-2.68999,-1.32813,2,-2.57821,-1.23874,2.02331,1.01697,-2.05976,-1.46196e-18,0.990555,-2.01454,-0.0588983,1.0625,-2.152,0,1.19838,-2.43074,-0.160709
4.50998,-2.56454,-1.29157,2.65596,-2.61763,-1.44043,2.66414,-2.67938,-1.34941,2,-2.56617,-1.26302,2.02172,1.03326,-2.05163,0,1.01051,-2.00651,-0.0576594,1.07953,-2.14351,0,1.21079,-2.42475,-0.157115
4.51999,-2.55417,-1.31197,2.65596,-2.60743,-1.46045,2.66357,-2.66854,-1.37072,2,-2.554,-1.28724,2.02017,1.04958,-2.04334,0,1.03025,-1.99859,-0.0565033,1.09657,-2.13484,0,1.22261,-2.41829,-0.153523
4.52997,-2.54362,-1.3323,2.65596,-2.59703,-1.4804,2.66301,-2.65753,-1.39196,2,-2.54172,-1.31139,2.01865,1.06584,-2.0349,1.46196e-18,1.04974,-1.99096,-0.0554726,1.11357,-2.12602,0,1.23383,-2.41153,-0.149988
4.54001,-2.53283,-1.35271,2.65596,-2.58644,-1.50027,2.66246,-2.64625,-1.41329,2,-2.52932,-1.33546,2.01717,1.08217,-2.02626,0,1.06914,-1.98328,-0.0545243,1.13063,-2.117,0,1.24465,-2.40414,-0.146481
4.55003,-2.5219,-1.37298,2.65596,-2.57565,-1.52007,2.66191,-2.63483,-1.43446,2,-2.51683,-1.35947,2.01572,1.09838,-2.01752,0,1.08844,-1.97556,-0.053661,1.14757,-2.10786,0,1.25506,-2.39615,-0.143024
4.55997,-2.51092,-1.39296,2.65596,-2.56467,-1.53978,2.66138,-2.62335,-1.45534,2,-2.50422,-1.38338,2.01431,1.11437,-2.00873,0,1.10775,-1.96771,-0.0528326,1.16427,-2.09868,0,1.2652,-2.38747,-0.139582
4.56996,-2.49966,-1.41306,2.65596,-2.55349,-1.55942,2.66086,-2.61159,-1.47634,2,-2.49152,-1.40721,2.01293,1.13045,-1.99973,0,1.12712,-1.95963,-0.0520078,1.18107,-2.08927,0,1.27513,-2.37801,-0.136135
4.57997,-2.48826,-1.43305,2.65596,-2.54212,-1.57898,2.66034,-2.59968,-1.49722,2,-2.47872,-1.43094,2.01159,1.14644,-1.99061,0,1.14646,-1.95153,-0.0511954,1.19777,-2.07975,0,1.28479,-2.36798,-0.132702
4.59003,-2.47675,-1.45285,2.65596,-2.53056,-1.59845,2.65983,-2.58766,-1.51791,2,-2.46583,-1.45457,2.01028,1.16228,-1.9814,0,1.16579,-1.94332,-0.0504265,1.21432,-2.07012,0,1.29424,-2.3573,-0.129323
4.6,-2.46481,-1.47301,2.65596,-2.51881,-1.61784,2.65933,-2.57518,-1.53897,2,-2.45284,-1.47809,2.009,1.17841,-1.97185,1.46196e-18,1.18509,-1.93492,-0.0496441,1.23118,-2.06015,0,1.30347,-2.3459,-0.125954
4.60999,-2.45321,-1.49225,2.65596,-2.50686,-1.63715,2.65884,-2.56306,-1.55908,2,-2.43976,-1.50149,2.00776,1.1938,-1.96257,0,1.20429,-1.92653,-0.0489033,1.24726,-2.05045,0,1.31244,-2.33399,-0.122657
4.61999,-2.44117,-1.51187,2.65596,-2.49472,-1.65637,2.65836,-2.55048,-1.57957,2,-2.42659,-1.52476,2.00655,1.20949,-1.95294,-1.46196e-18,1.22343,-1.91807,-0.0481604,1.26365,-2.04039,0,1.32121,-2.3215,-0.119397
4.62998,-2.42895,-1.53142,2.65596,-2.48239,-1.67551,2.65788,-2.53772,-1.6,2,-2.41334,-1.54791,2.00537,1.22514,-1.94316,0,1.24239,-1.90962,-0.0474367,1.28,-2.03017,0,1.32968,-2.30853,-0.116203
4.64001,-2.41647,-1.55105,2.65596,-2.46988,-1.69456,2.65741,-2.52467,-1.6205,2,-2.4,-1.57093,2.00422,1.24084,-1.93317,0,1.26119,-1.90108,-0.0467392,1.2964,-2.01974,0,1.33792,-2.29499,-0.113088
4.64999,-2.40393,-1.57041,2.65596,-2.45717,-1.71353,2.65694,-2.51157,-1.64073,2,-2.38658,-1.59381,2.00311,1.25633,-1.92314,0,1.27981,-1.89253,-0.0460664,1.31258,-2.00926,0,1.3459,-2.281,-0.110059
4.66,-2.39146,-1.58932,2.65596,-2.44428,-1.73242,2.65649,-2.49855,-1.66049,2,-2.37308,-1.61655,2.00202,1.27146,-1.91317,0,1.29831,-1.88402,-0.0453975,1.32839,-1.99884,0,1.35373,-2.2666,-0.1071
4.67003,-2.37852,-1.60863,2.65596,-2.4312,-1.75121,2.65603,-2.48503,-1.68066,2,-2.3595,-1.63914,2.00096,1.2869,-1.90282,0,1.31675,-1.87535,-0.044722,1.34453,-1.98802,0,1.36146,-2.25164,-0.104204
4.68004,-2.36558,-1.6276,2.65596,-2.41795,-1.76992,2.65559,-2.47151,-1.70048,2,-2.34585,-1.66158,1.99994,1.30208,-1.89246,0,1.33497,-1.86659,-0.0440656,1.36039,-1.97721,0,1.36898,-2.2362,-0.101401
4.69,-2.35271,-1.64615,2.65596,-2.40451,-1.78854,2.65515,-2.45806,-1.71986,2,-2.33213,-1.68387,1.99894,1.31692,-1.88217,0,1.35295,-1.85773,-0.0434505,1.37589,-1.96645,0,1.37628,-2.2203,-0.0987144
4.70003,-2.33933,-1.66511,2.65596,-2.39089,-1.80708,2.65472,-2.44408,-1.73968,2,-2.31833,-1.70599,1.99796,1.33209,-1.87146,0,1.37079,-1.84867,-0.0428238,1.39174,-1.95526,0,1.38348,-2.20385,-0.0960919
4.71003,-2.32582,-1.68393,2.65596,-2.37709,-1.82552,2.6543,-2.42997,-1.75934,2,-2.30446,-1.72794,1.99701,1.34714,-1.86065,1.46196e-18,1.38844,-1.83953,-0.0421636,1.40747,-1.94397,0,1.39056,-2.187,-0.0935124
4.72006,-2.31209,-1.70273,2.65596,-2.36312,-1.84387,2.65388,-2.41562,-1.77898,2,-2.29052,-1.74973,1.99609,1.36218,-1.84967,0,1.40603,-1.83024,-0.0414543,1.42318,-1.9325,0,1.39766,-2.16969,-0.0909598
4.73001,-2.29875,-1.72069,2.65596,-2.34897,-1.86212,2.65347,-2.40169,-1.79774,2,-2.2765,-1.77133,1.99519,1.37655,-1.839,1.46196e-18,1.42342,-1.82097,-0.0407382,1.4382,-1.92135,0,1.40467,-2.15212,-0.0884747
4.74001,-2.28502,-1.73889,2.65596,-2.33465,-1.88029,2.65306,-2.38734,-1.81676,2,-2.26242,-1.79277,1.99432,1.39111,-1.82801,0,1.44056,-1.81167,-0.0400546,1.45341,-1.90987,0,1.41153,-2.13424,-0.0860935
4.74996,-2.27095,-1.75722,2.65596,-2.32016,-1.89836,2.65267,-2.37264,-1.83591,2,-2.24827,-1.81402,1.99347,1.40578,-1.81676,0,1.45749,-1.80235,-0.0394218,1.46873,-1.89811,0,1.41834,-2.1161,-0.0838314
4.76011,-2.25668,-1.77552,2.65596,-2.3055,-1.91633,2.65228,-2.35773,-1.85502,2,-2.23406,-1.83509,1.99264,1.42041,-1.80534,-1.46196e-18,1.47429,-1.79288,-0.0387875,1.48402,-1.88618,0,1.42521,-2.09759,-0.0816337
4.76997,-2.24255,-1.79333,2.65596,-2.29068,-1.93421,2.65189,-2.34297,-1.87363,2,-2.21977,-1.85597,1.99184,1.43466,-1.79404,1.46196e-18,1.49095,-1.78333,-0.0381457,1.4989,-1.87438,0,1.43211,-2.0788,-0.0794921
4.78,-2.22794,-1.81144,2.65596,-2.27568,-1.952,2.65151,-2.32771,-1.89256,2,-2.20541,-1.87666,1.99105,1.44915,-1.78235,1.46196e-18,1.50755,-1.77365,-0.037521,1.51405,-1.86217,0,1.43916,-2.0597,-0.0774265
4.79003,-2.21364,-1.8289,2.65596,-2.26052,-1.96969,2.65114,-2.31276,-1.91079,2,-2.19099,-1.89716,1.99029,1.46312,-1.77091,-1.46196e-18,1.52406,-1.76383,-0.0368988,1.52864,-1.85021,0,1.44635,-2.0403,-0.075418
4.79998,-2.19893,-1.84655,2.65596,-2.2452,-1.98727,2.65077,-2.2974,-1.92924,2,-2.17649,-1.91747,1.98955,1.47724,-1.75914,0,1.54049,-1.75385,-0.0362393,1.54339,-1.83792,0,1.45369,-2.02061,-0.0734214
4.81005,-2.18401,-1.86417,2.65596,-2.22972,-2.00476,2.65042,-2.28181,-1.94765,2,-2.16191,-1.93757,1.98882,1.49134,-1.74721,-1.46196e-18,1.55672,-1.74399,-0.0355855,1.55812,-1.82545,0,1.46113,-2.00091,-0.0714743
4.82001,-2.16885,-1.88179,2.65596,-2.21407,-2.02215,2.65006,-2.26597,-1.96605,2,-2.14726,-1.95748,1.98812,1.50543,-1.73508,1.46196e-18,1.57269,-1.73406,-0.0349344,1.57284,-1.81278,0,1.4686,-1.98103,-0.0695683
4.83022,-2.15356,-1.89927,2.65596,-2.19826,-2.03944,2.64972,-2.24999,-1.98432,2,-2.13254,-1.97719,1.98743,1.51942,-1.72285,-1.46196e-18,1.58845,-1.72379,-0.0342586,1.58746,-1.79999,0,1.47617,-1.96074,-0.0676722
4.84002,-2.13867,-1.91602,2.65596,-2.1823,-2.05663,2.64938,-2.23444,-2.00182,2,-2.11774,-1.9967,1.98676,1.53282,-1.71094,1.46196e-18,1.60395,-1.71337,-0.0335909,1.60146,-1.78755,0,1.48382,-1.94024,-0.065815
4.85005,-2.12317,-1.93318,2.65596,-2.16618,-2.07371,2.64904,-2.21825,-2.01974,2,-2.10286,-2.016,1.98611,1.54654,-1.69854,1.46196e-18,1.61913,-1.70293,-0.0329536,1.6158,-1.7746,0,1.49149,-1.91968,-0.0640152
4.85998,-2.10784,-1.94989,2.65596,-2.14992,-2.09069,2.64872,-2.20223,-2.0372,2,-2.08791,-2.03509,1.98548,1.55991,-1.68627,0,1.6342,-1.69227,-0.0323116,1.62976,-1.76178,0,1.4994,-1.89887,-0.0622326
4.87002,-2.09201,-1.96686,2.65596,-2.1335,-2.10755,2.6484,-2.18569,-2.05493,2,-2.07287,-2.05397,1.98487,1.57349,-1.67361,0,1.64906,-1.68125,-0.0316639,1.64395,-1.74855,0,1.50749,-1.87769,-0.0604629
4.88002,-2.07589,-1.98387,2.65596,-2.11694,-2.12431,2.64809,-2.16884,-2.07271,2,-2.05776,-2.07264,1.98427,1.5871,-1.66071,0,1.66361,-1.67002,-0.0309946,1.65817,-1.73507,0,1.51565,-1.85634,-0.0586871
4.88996,-2.06047,-1.99987,2.65596,-2.10023,-2.14095,2.64778,-2.15274,-2.08943,2,-2.04256,-2.0911,1.98369,1.5999,-1.64838,0,1.67789,-1.65867,-0.0302907,1.67154,-1.72219,0,1.52394,-1.83488,-0.0568884
4.9,-2.04414,-2.01657,2.65596,-2.08338,-2.15748,2.64748,-2.13568,-2.10687,2,-2.02728,-2.10934,1.98314,1.61325,-1.63531,1.46196e-18,1.69208,-1.64713,-0.0295658,1.68549,-1.70854,0,1.53255,-1.81327,-0.055078
4.90995,-2.02825,-2.03255,2.65596,-2.06639,-2.1739,2.64719,-2.11907,-2.12356,2,-2.01191,-2.12737,1.98259,1.62604,-1.6226,1.46196e-18,1.70603,-1.63563,-0.0288523,1.69885,-1.69526,0,1.54133,-1.79178,-0.0532861
4.92003,-2.01173,-2.0489,2.65596,-2.04926,-2.1902,2.6469,-2.10182,-2.14064,2,-1.99645,-2.14518,1.98207,1.63912,-1.60939,-1.46196e-18,1.71967,-1.6241,-0.028174,1.71252,-1.68145,0,1.55023,-1.77033,-0.0515346
4.92997,-1.99512,-2.06508,2.65596,-2.032,-2.20638,2.64662,-2.08446,-2.15755,2,-1.9809,-2.16277,1.98156,1.65206,-1.5961,1.46196e-18,1.73294,-1.61256,-0.0275241,1.72604,-1.66757,0,1.55922,-1.74897,-0.0498144
4.93998,-1.97887,-2.08065,2.65596,-2.0146,-2.22245,2.64635,-2.06748,-2.17382,2,-1.96527,-2.18016,1.98107,1.66452,-1.5831,0,1.74601,-1.6007,-0.0268626,1.73906,-1.65399,0,1.56845,-1.72742,-0.0480854
4.95003,-1.96179,-2.09676,2.65596,-1.99708,-2.23839,2.64609,-2.04964,-2.19066,2,-1.94953,-2.19732,1.9806,1.67741,-1.56943,0,1.75873,-1.58881,-0.0262244,1.75253,-1.63971,0,1.57779,-1.70599,-0.0463827
4.96006,-1.94499,-2.11236,2.65596,-1.97943,-2.25422,2.64583,-2.03209,-2.20695,2,-1.93371,-2.21428,1.98015,1.68989,-1.55599,-1.46196e-18,1.77108,-1.57681,-0.0256239,1.76556,-1.62567,0,1.58722,-1.68462,-0.0447205
4.96997,-1.92832,-2.12759,2.65596,-1.96166,-2.26993,2.64557,-2.01466,-2.22286,2,-1.91779,-2.23101,1.97971,1.70207,-1.54265,0,1.78316,-1.56448,-0.0250697,1.77829,-1.61173,0,1.59685,-1.66311,-0.0431078
4.98003,-1.91104,-2.14312,2.65596,-1.94377,-2.28551,2.64533,-1.99662,-2.23909,2,-1.90177,-2.24754,1.97928,1.7145,-1.52883,0,1.79497,-1.55186,-0.0245417,1.79127,-1.59729,0,1.60666,-1.64151,-0.0415253
4.98996,-1.89404,-2.15816,2.65596,-1.92576,-2.30097,2.64508,-1.97886,-2.2548,2,-1.88566,-2.26385,1.97888,1.72653,-1.51523,1.46196e-18,1.80643,-1.53918,-0.0240113,1.80384,-1.58308,0,1.6166,-1.62007,-0.0399456
4.99997,-1.87665,-2.1733,2.65596,-1.90764,-2.31629,2.64485,-1.96068,-2.27062,2,-1.86944,-2.27994,1.97848,1.73864,-1.50132,1.46196e-18,1.81759,-1.52638,-0.0234633,1.8165,-1.56854,0,1.62668,-1.59874,-0.0383547
5.01003,-1.85891,-2.1885,2.65596,-1.88941,-2.33149,2.64461,-1.94215,-2.2865,2,-1.85312,-2.29582,1.97811,1.7508,-1.48713,-1.46196e-18,1.82844,-1.51347,-0.022923,1.8292,-1.55372,0,1.63692,-1.57755,-0.0367792
5.01999,-1.84129,-2.20334,2.65596,-1.87107,-2.34656,2.64439,-1.92374,-2.302,2,-1.8367,-2.31149,1.97775,1.76267,-1.47303,1.46196e-18,1.83905,-1.50028,-0.0223592,1.8416,-1.53899,0,1.64739,-1.55635,-0.0351905
5.02996,-1.824,-2.21767,2.65596,-1.85263,-2.3615,2.64417,-1.90568,-2.31698,2,-1.82017,-2.32695,1.9774,1.77414,-1.4592,0,1.84949,-1.48692,-0.0217952,1.85358,-1.52454,0,1.65813,-1.53525,-0.0336142
5.04007,-1.80604,-2.23233,2.65596,-1.83408,-2.3763,2.64395,-1.88691,-2.33229,2,-1.80354,-2.3422,1.97708,1.78586,-1.44483,0,1.8597,-1.47359,-0.0212341,1.86583,-1.50953,0,1.66909,-1.51448,-0.0320558
5.04996,-1.78822,-2.24662,2.65596,-1.81543,-2.39097,2.64374,-1.86829,-2.34723,2,-1.78679,-2.35724,1.97676,1.7973,-1.43058,-1.46196e-18,1.86965,-1.4601,-0.0206914,1.87778,-1.49464,0,1.68023,-1.49385,-0.030533
5.06008,-1.76999,-2.26101,2.65596,-1.79669,-2.4055,2.64354,-1.84925,-2.36226,2,-1.76993,-2.37207,1.97647,1.80881,-1.41599,0,1.87938,-1.44628,-0.0201076,1.88981,-1.4794,0,1.69159,-1.4732,-0.0289893
5.07006,-1.75185,-2.27509,2.65596,-1.77785,-2.41989,2.64334,-1.8303,-2.37697,2,-1.75296,-2.3867,1.97618,1.82008,-1.40148,-1.46196e-18,1.88893,-1.43208,-0.0195162,1.90158,-1.46424,0,1.70322,-1.45252,-0.0274614
5.08007,-1.73342,-2.28917,2.65596,-1.75891,-2.43414,2.64315,-1.81104,-2.39168,2,-1.73587,-2.40112,1.97592,1.83134,-1.38674,0,1.89825,-1.4175,-0.0188937,1.91334,-1.44883,0,1.71503,-1.43179,-0.0259289
5.09003,-1.71495,-2.30304,2.65596,-1.73988,-2.44824,2.64296,-1.79174,-2.40617,2,-1.71866,-2.41534,1.97566,1.84243,-1.37196,1.46196e-18,1.90727,-1.4027,-0.0182691,1.92494,-1.43339,0,1.72695,-1.41119,-0.0244235
5.1,-1.69668,-2.31653,2.65596,-1.72077,-2.46219,2.64278,-1.77266,-2.42027,2,-1.70133,-2.42935,1.97543,1.85323,-1.35734,0,1.91605,-1.3878,-0.0176581,1.93621,-1.41813,0,1.73903,-1.39082,-0.0229632
5.11,-1.67834,-2.32985,2.65596,-1.70156,-2.476,2.64261,-1.7535,-2.43418,2,-1.68388,-2.44316,1.97521,1.86388,-1.34267,0,1.92468,-1.37267,-0.0170577,1.94735,-1.4028,0,1.75134,-1.37056,-0.021548
5.12007,-1.6594,-2.34338,2.65596,-1.68227,-2.48965,2.64244,-1.7337,-2.44832,2,-1.6663,-2.45676,1.975,1.87471,-1.32752,0,1.93317,-1.35729,-0.0164381,1.95866,-1.38696,0,1.76388,-1.35041,-0.0201511
5.13001,-1.6402,-2.35686,2.65596,-1.6629,-2.50314,2.64228,-1.71365,-2.4624,2,-1.6486,-2.47016,1.9748,1.88549,-1.31216,-1.46196e-18,1.94152,-1.34164,-0.0158076,1.96992,-1.37092,0,1.77665,-1.33036,-0.018783
5.14002,-1.62191,-2.36949,2.65596,-1.64344,-2.51648,2.64213,-1.69454,-2.47559,2,-1.63077,-2.48337,1.97462,1.89559,-1.29753,0,1.94958,-1.32609,-0.0151791,1.98047,-1.35563,0,1.78947,-1.31075,-0.0174589
5.15038,-1.60182,-2.38311,2.65596,-1.62391,-2.52966,2.64198,-1.67355,-2.48983,2,-1.61281,-2.49638,1.97445,1.90649,-1.28146,1.46196e-18,1.95747,-1.31034,-0.0145219,1.99186,-1.33884,0,1.80245,-1.2913,-0.0161504
5.16004,-1.58329,-2.39547,2.65596,-1.6043,-2.54269,2.64183,-1.65419,-2.50273,2,-1.59472,-2.5092,1.9743,1.91637,-1.26663,0,1.96515,-1.29452,-0.0138242,2.00219,-1.32335,0,1.81556,-1.27214,-0.014848
5.17004,-1.56431,-2.4079,2.65596,-1.58461,-2.55555,2.6417,-1.63436,-2.51572,2,-1.5765,-2.52182,1.97416,1.92632,-1.25145,-1.46196e-18,1.97271,-1.27849,-0.0131097,2.01258,-1.30749,0,1.82883,-1.25315,-0.0135771
5.18001,-1.54495,-2.42036,2.65596,-1.56484,-2.56826,2.64157,-1.61414,-2.52875,2,-1.55814,-2.53426,1.97403,1.93629,-1.23596,-1.46196e-18,1.98005,-1.26228,-0.0123772,2.023,-1.29131,0,1.84217,-1.23434,-0.0123384
5.19,-1.52562,-2.4326,2.65596,-1.54501,-2.5808,2.64145,-1.59394,-2.54153,2,-1.53965,-2.54651,1.97391,1.94608,-1.2205,1.46196e-18,1.98725,-1.2458,-0.011603,2.03322,-1.27515,0,1.85565,-1.21563,-0.0111091
5.19996,-1.50622,-2.44466,2.65596,-1.5251,-2.59317,2.64134,-1.57366,-2.55413,2,-1.52103,-2.55857,1.9738,1.95573,-1.20497,0,1.99429,-1.2292,-0.0108041,2.0433,-1.25893,0,1.86922,-1.19718,-0.00990735
5.21002,-1.4865,-2.4567,2.65596,-1.50512,-2.60538,2.64124,-1.55307,-2.56671,2,-1.50227,-2.57045,1.97371,1.96536,-1.1892,1.46196e-18,2.00125,-1.21248,-0.00997143,2.05337,-1.24245,0,1.88296,-1.17898,-0.00872433
5.22008,-1.46665,-2.4686,2.65596,-1.48507,-2.61742,2.64114,-1.53233,-2.57914,2,-1.48337,-2.58215,1.97363,1.97488,-1.17332,0,2.00813,-1.19541,-0.00910982,2.06331,-1.22586,0,1.89683,-1.16079,-0.00756505
5.23005,-1.44698,-2.48018,2.65596,-1.46496,-2.62929,2.64105,-1.51177,-2.59124,2,-1.46433,-2.59367,1.97356,1.98415,-1.15758,-1.46196e-18,2.0148,-1.17819,-0.00826431,2.07299,-1.20942,0,1.91069,-1.14281,-0.00647452
5.24006,-1.42701,-2.49172,2.65596,-1.44478,-2.64098,2.64098,-1.49091,-2.6033,2,-1.44515,-2.60501,1.9735,1.99338,-1.14161,-1.46196e-18,2.02129,-1.16077,-0.00745295,2.08264,-1.19273,0,1.92456,-1.12499,-0.00546998
5.25007,-1.40688,-2.50315,2.65596,-1.42656,-2.65136,2.64091,-1.46988,-2.61524,2,-1.42778,-2.61506,1.97345,2.00252,-1.1255,0,2.02706,-1.14495,-0.00675428,2.09219,-1.1759,0,1.93713,-1.1091,-0.00464085
5.26024,-1.3867,-2.51438,2.65596,-1.40626,-2.66272,2.64085,-1.44879,-2.62697,2,-1.40834,-2.62607,1.97341,2.01151,-1.10936,-1.46196e-18,2.03334,-1.12723,-0.00598742,2.10158,-1.15904,0,1.95109,-1.09163,-0.00377621
5.27008,-1.36672,-2.5253,2.65596,-1.38589,-2.6739,2.64079,-1.42792,-2.63838,2,-1.38875,-2.6369,1.97338,2.02024,-1.09338,0,2.03948,-1.10937,-0.00521921,2.1107,-1.14234,0,1.96502,-1.07435,-0.0029582
5.28002,-1.34659,-2.53609,2.65596,-1.36547,-2.68491,2.64074,-1.40689,-2.64965,2,-1.36903,-2.64755,1.97335,2.02887,-1.07727,0,2.04566,-1.09117,-0.0044316,2.11972,-1.12551,0,1.97909,-1.05706,-0.00216639
5.29008,-1.32575,-2.54705,2.65596,-1.34498,-2.69573,2.6407,-1.38511,-2.6611,2,-1.34917,-2.65804,1.97334,2.03764,-1.0606,0,2.05177,-1.07289,-0.00360811,2.12888,-1.10809,0,1.99317,-1.03999,-0.00138203
5.3,-1.30592,-2.55727,2.65596,-1.32443,-2.70636,2.64067,-1.3644,-2.67178,2,-1.32917,-2.66835,1.97333,2.04581,-1.04474,0,2.05777,-1.05459,-0.00275866,2.13742,-1.09152,0,2.0072,-1.02321,-0.000612355
5.31004,-1.2852,-2.56774,2.65596,-1.30383,-2.71682,2.64065,-1.34275,-2.68273,2,-1.30903,-2.6785,1.97332,2.05419,-1.02816,0,2.06377,-1.03609,-0.00190223,2.14618,-1.0742,0,2.02127,-1.00652,0.000126754
5.32009,-1.26465,-2.57793,2.65596,-1.28316,-2.72709,2.64063,-1.32128,-2.69336,2,-1.28875,-2.68848,1.97333,2.06234,-1.01172,0,2.06972,-1.01755,-0.00104679,2.15469,-1.05703,0,2.03535,-0.990075,0.000830215
5.33002,-1.2441,-2.58791,2.65596,-1.26243,-2.73717,2.64063,-1.29981,-2.70379,2,-1.26832,-2.6983,1.97334,2.07032,-0.995283,0,2.07566,-0.998813,-0.00019018,2.16303,-1.03985,0,2.04945,-0.973711,0.00150328
5.34009,-1.22301,-2.59794,2.65596,-1.24165,-2.74706,2.64063,-1.27778,-2.71427,2,-1.24776,-2.70796,1.97336,2.07835,-0.978412,-1.46196e-18,2.08148,-0.979951,0.000662451,2.17142,-1.02222,0,2.06344,-0.957482,0.00214436
5.35001,-1.20169,-2.60787,2.65596,-1.2208,-2.75677,2.64064,-1.2555,-2.72465,2,-1.22705,-2.71745,1.97338,2.0863,-0.961351,0,2.08728,-0.961217,0.00150596,2.17972,-1.0044,0,2.07742,-0.941634,0.00275211
5.35999,-1.18178,-2.61695,2.65596,-1.1999,-2.76629,2.64066,-1.2347,-2.73414,2,-1.20621,-2.72679,1.97341,2.09356,-0.945422,0,2.09302,-0.942466,0.00235117,2.18731,-0.987758,0,2.09132,-0.926004,0.00334149
5.36996,-1.16106,-2.62621,2.65596,-1.17894,-2.77562,2.64069,-1.21306,-2.74381,2,-1.18523,-2.73597,1.97345,2.10097,-0.928852,0,2.09869,-0.923535,0.00318667,2.19505,-0.970445,0,2.10514,-0.910426,0.00390469
5.37996,-1.13998,-2.63543,2.65596,-1.15793,-2.78476,2.64072,-1.19102,-2.75345,2,-1.16411,-2.745,1.97349,2.10835,-0.911981,0,2.10434,-0.904512,0.00401872,2.20276,-0.952819,0,2.11891,-0.894984,0.00445146
5.39002,-1.11862,-2.64457,2.65596,-1.13686,-2.79371,2.64077,-1.16871,-2.76299,2,-1.14285,-2.75388,1.97354,2.11565,-0.894896,0,2.10998,-0.885397,0.00482873,2.21039,-0.934969,0,2.13263,-0.879662,0.00496756
5.40004,-1.09766,-2.65334,2.65596,-1.11573,-2.80246,2.64082,-1.14681,-2.77215,2,-1.12145,-2.7626,1.97359,2.12267,-0.878128,0,2.11567,-0.866131,0.00563306,2.21772,-0.91745,0,2.14637,-0.864385,0.0054739
5.41002,-1.07634,-2.66206,2.65596,-1.09454,-2.81103,2.64088,-1.12454,-2.78126,2,-1.09992,-2.77116,1.97365,2.12964,-0.861073,0,2.12128,-0.846914,0.0064222,2.22501,-0.899632,0,2.15996,-0.849341,0.00596528
5.42,-1.05512,-2.67054,2.65596,-1.0733,-2.8194,2.64095,-1.10237,-2.79012,2,-1.07825,-2.77958,1.97371,2.13643,-0.844099,1.46196e-18,2.12681,-0.827691,0.00722057,2.2321,-0.881897,0,2.1734,-0.834459,0.00647078
5.43002,-1.03356,-2.67895,2.65596,-1.05201,-2.82758,2.64103,-1.07985,-2.79892,2,-1.05645,-2.78785,1.97378,2.14316,-0.82685,7.3098e-19,2.13216,-0.808449,0.00802283,2.23913,-0.863876,0,2.18659,-0.819711,0.00698938
5.44002,-1.01191,-2.68721,2.65596,-1.03066,-2.83557,2.64111,-1.05722,-2.80754,2,-1.03452,-2.79598,1.97385,2.14977,-0.809529,0,2.13739,-0.789057,0.00883447,2.24603,-0.845779,0,2.19957,-0.804961,0.00753057
5.44998,-0.990617,-2.69513,2.65596,-1.00926,-2.84336,2.6412,-1.03498,-2.81582,2,-1.01246,-2.80395,1.97393,2.1561,-0.792493,7.3098e-19,2.14257,-0.769499,0.00963738,2.25265,-0.827981,0,2.2124,-0.790182,0.00808034
5.46004,-0.968645,-2.7031,2.65596,-0.987807,-2.85096,2.6413,-1.01202,-2.82415,2,-0.990276,-2.81178,1.97401,2.16248,-0.774916,-1.46196e-18,2.14777,-0.749725,0.0104261,2.25932,-0.809617,0,2.22514,-0.77531,0.00863761
5.47006,-0.94708,-2.71074,2.65596,-0.966304,-2.85836,2.64141,-0.989489,-2.83212,2,-0.967962,-2.81946,1.9741,2.16859,-0.757664,0,2.1529,-0.730004,0.0111992,2.2657,-0.791591,0,2.23766,-0.760594,0.00920538
5.48001,-0.92526,-2.71826,2.65596,-0.94475,-2.86556,2.64153,-0.966692,-2.83998,2,-0.945524,-2.82699,1.9742,2.17461,-0.740208,0,2.1579,-0.710368,0.0119831,2.27199,-0.773354,0,2.24992,-0.746048,0.00981422
5.49005,-0.903684,-2.72551,2.65596,-0.923146,-2.87257,2.64165,-0.94415,-2.84756,2,-0.922964,-2.83438,1.9743,2.18041,-0.722947,0,2.16286,-0.690816,0.0127671,2.27805,-0.75532,0,2.26198,-0.731653,0.0104574
5.49997,-0.882189,-2.73254,2.65596,-0.901493,-2.87938,2.64178,-0.921692,-2.85491,2,-0.900285,-2.84163,1.9744,2.18603,-0.705751,-7.3098e-19,2.16765,-0.671427,0.0135273,2.28392,-0.737354,0,2.27372,-0.717484,0.0111139
5.51007,-0.860144,-2.73956,2.65596,-0.879793,-2.88599,2.64192,-0.898661,-2.86224,2,-0.877491,-2.84873,1.97452,2.19165,-0.688115,0,2.17231,-0.652108,0.0142511,2.28979,-0.718929,0,2.28515,-0.703438,0.0117744
5.51996,-0.83846,-2.74628,2.65596,-0.858047,-2.89242,2.64207,-0.876006,-2.86925,2,-0.854583,-2.8557,1.97464,2.19702,-0.670768,-7.3098e-19,2.17694,-0.632813,0.0149516,2.2954,-0.700805,0,2.29639,-0.689459,0.0124547
5.53002,-0.81588,-2.75307,2.65596,-0.836255,-2.89865,2.64222,-0.852415,-2.87635,2,-0.831564,-2.86252,1.97477,2.20246,-0.652704,7.3098e-19,2.18154,-0.613531,0.0156325,2.30108,-0.681932,0,2.30741,-0.675535,0.0131607
5.54,-0.79398,-2.75946,2.65596,-0.814416,-2.90469,2.64238,-0.829534,-2.88303,2,-0.808435,-2.86921,1.9749,2.20757,-0.635184,0,2.18616,-0.594225,0.0162689,2.30643,-0.663627,0,2.31827,-0.661614,0.0138702
5.55,-0.771905,-2.76572,2.65596,-0.792531,-2.91054,2.64254,-0.806471,-2.88957,2,-0.785199,-2.87575,1.97505,2.21258,-0.617524,0,2.19079,-0.574976,0.0168531,2.31165,-0.645177,0,2.32893,-0.647765,0.0145775
5.56019,-0.748891,-2.77204,2.65596,-0.770601,-2.91619,2.64272,-0.782426,-2.89617,2,-0.761858,-2.88216,1.97519,2.21763,-0.599113,7.3098e-19,2.19531,-0.555809,0.0174099,2.31694,-0.62594,0,2.33928,-0.634004,0.0153095
5.57003,-0.726888,-2.77789,2.65596,-0.748625,-2.92165,2.64289,-0.759438,-2.90228,2,-0.738414,-2.88843,1.97535,2.22231,-0.58151,-7.3098e-19,2.19981,-0.536542,0.0179746,2.32183,-0.60755,0,2.3494,-0.620128,0.0161033
5.58006,-0.704892,-2.78355,2.65596,-0.726605,-2.92692,2.64308,-0.736456,-2.9082,2,-0.71487,-2.89456,1.97552,2.22684,-0.563913,0,2.20431,-0.517147,0.0185228,2.32656,-0.589165,0,2.35931,-0.60611,0.0169352
5.59,-0.683282,-2.78894,2.65596,-0.704539,-2.93199,2.64326,-0.713879,-2.91383,2,-0.691229,-2.90055,1.97569,2.23115,-0.546626,0,2.20881,-0.497741,0.019052,2.33106,-0.571103,0,2.36897,-0.592056,0.0178035
5.60009,-0.660628,-2.79439,2.65596,-0.682428,-2.93687,2.64346,-0.69021,-2.91952,2,-0.667492,-2.9064,1.97587,2.23551,-0.528502,0,2.21328,-0.478339,0.0195759,2.33562,-0.552168,0,2.37839,-0.577961,0.0187231
5.60995,-0.638364,-2.79956,2.65596,-0.660273,-2.94156,2.64365,-0.66695,-2.92492,2,-0.643662,-2.91211,1.97607,2.23965,-0.510691,7.3098e-19,2.21772,-0.459009,0.0200909,2.33994,-0.53356,0,2.38755,-0.563875,0.019691
5.61997,-0.616036,-2.80456,2.65596,-0.638074,-2.94606,2.64386,-0.643622,-2.93015,2,-0.619742,-2.91768,1.97627,2.24365,-0.492829,7.3098e-19,2.22213,-0.439815,0.0205845,2.34412,-0.514897,0,2.39645,-0.549858,0.0206946
5.63004,-0.593528,-2.80941,2.65596,-0.615831,-2.95036,2.64407,-0.620106,-2.93521,2,-0.595734,-2.92311,1.97648,2.24753,-0.474822,7.3098e-19,2.22654,-0.420558,0.0210056,2.34817,-0.496085,0,2.40513,-0.535701,0.0216822
5.64001,-0.57119,-2.81403,2.65596,-0.593543,-2.95447,2.64428,-0.596767,-2.94005,2,-0.57164,-2.9284,1.9767,2.25123,-0.456952,0,2.23095,-0.401174,0.0213767,2.35204,-0.477414,0,2.41357,-0.521332,0.022676
5.64996,-0.548666,-2.81851,2.65596,-0.571212,-2.95838,2.64449,-0.573235,-2.94472,2,-0.547463,-2.93354,1.97693,2.25481,-0.438933,0,2.23524,-0.381802,0.0217148,2.35578,-0.458588,0,2.42166,-0.506881,0.0236919
5.65998,-0.526122,-2.82281,2.65596,-0.548839,-2.9621,2.64471,-0.549681,-2.94921,2,-0.523207,-2.93853,1.97717,2.25825,-0.420898,0,2.23947,-0.362369,0.0220059,2.35937,-0.439745,0,2.42948,-0.492258,0.0247151
5.66995,-0.503829,-2.82687,2.65596,-0.526423,-2.96563,2.64493,-0.526391,-2.95346,2,-0.498875,-2.94338,1.97743,2.2615,-0.403063,0,2.24365,-0.342927,0.0222646,2.36277,-0.421112,0,2.43699,-0.477506,0.0257587
5.67996,-0.480587,-2.83092,2.65596,-0.503966,-2.96896,2.64516,-0.502107,-2.95768,2,-0.474469,-2.94808,1.97769,2.26473,-0.38447,0,2.24775,-0.323483,0.0224803,2.36615,-0.401686,0,2.44421,-0.462624,0.02681
5.68996,-0.458346,-2.8346,2.65596,-0.481468,-2.9721,2.64538,-0.47887,-2.96153,2,-0.449992,-2.95263,1.97796,2.26768,-0.366676,0,2.25181,-0.304046,0.0226593,2.36923,-0.383096,0,2.45114,-0.447604,0.0278736
5.69996,-0.435618,-2.83818,2.65596,-0.45893,-2.97504,2.64561,-0.455125,-2.96528,2,-0.425447,-2.95703,1.97825,2.27055,-0.348495,7.3098e-19,2.25579,-0.28454,0.0227993,2.37222,-0.3641,0,2.45778,-0.432364,0.0289447
5.70998,-0.412706,-2.84161,2.65596,-0.436353,-2.97779,2.64584,-0.431187,-2.96885,2,-0.400837,-2.96128,1.97854,2.27328,-0.330165,3.6549e-19,2.25969,-0.265028,0.0229173,2.37508,-0.344949,0,2.4641,-0.416958,0.0300377
5.71996,-0.390176,-2.84479,2.65596,-0.413737,-2.98034,2.64607,-0.407648,-2.97217,2,-0.376166,-2.96537,1.97885,2.27583,-0.312141,0,2.26348,-0.245592,0.0230071,2.37774,-0.326118,0,2.47008,-0.401454,0.0311437
5.73,-0.367108,-2.84786,2.65596,-0.391084,-2.9827,2.6463,-0.383546,-2.97538,2,-0.351437,-2.96931,1.97917,2.27828,-0.293686,-3.6549e-19,2.26713,-0.226346,0.0230733,2.3803,-0.306837,0,2.4757,-0.385951,0.0322641
5.73998,-0.344485,-2.85068,2.65596,-0.368395,-2.98487,2.64653,-0.35991,-2.97833,2,-0.326654,-2.97309,1.97949,2.28054,-0.275588,3.6549e-19,2.27058,-0.207199,0.0231023,2.38267,-0.287928,0,2.48089,-0.370354,0.0333821
5.75005,-0.321549,-2.85336,2.65596,-0.345673,-2.98685,2.64676,-0.335948,-2.98113,2,-0.30182,-2.97672,1.97983,2.28269,-0.257239,0,2.27385,-0.188089,0.0231054,2.3849,-0.268758,0,2.48569,-0.3546,0.0345053
5.76003,-0.298727,-2.85584,2.65596,-0.322919,-2.98863,2.64699,-0.312104,-2.98372,2,-0.276941,-2.98018,1.98018,2.28467,-0.238982,0,2.27687,-0.169127,0.0230613,2.38698,-0.249683,0,2.49002,-0.338796,0.0356085
5.76999,-0.276063,-2.85812,2.65596,-0.300136,-2.99023,2.64722,-0.288425,-2.9861,2,-0.252021,-2.98349,1.98055,2.28649,-0.22085,0,2.27964,-0.15023,0.0229941,2.38888,-0.23074,0,2.49389,-0.322852,0.0367119
5.78005,-0.252914,-2.86026,2.65596,-0.277327,-2.99164,2.64745,-0.264239,-2.98834,2,-0.227065,-2.98664,1.98092,2.28821,-0.202331,0,2.28219,-0.131402,0.0229055,2.39067,-0.211391,0,2.49732,-0.306769,0.0378128
5.78995,-0.230242,-2.86217,2.65596,-0.254493,-2.99286,2.64768,-0.240552,-2.99034,2,-0.202076,-2.98963,1.9813,2.28974,-0.184193,-1.82745e-19,2.28458,-0.112516,0.022803,2.39227,-0.192441,0,2.50037,-0.290418,0.0389146
5.79997,-0.20731,-2.86393,2.65596,-0.231636,-2.99389,2.64791,-0.216593,-2.99217,2,-0.177059,-2.99245,1.9817,2.29114,-0.165848,0,2.28679,-0.0936898,0.0226676,2.39374,-0.173274,0,2.50304,-0.273913,0.0399933
5.81,-0.184257,-2.8655,2.65596,-0.208757,-2.99473,2.64813,-0.192508,-2.99382,2,-0.152017,-2.9951,1.9821,2.2924,-0.147406,0,2.28885,-0.0749742,0.0225186,2.39505,-0.154007,0,2.50534,-0.257293,0.0410637
5.82005,-0.160967,-2.8669,2.65596,-0.185859,-2.99539,2.64836,-0.168175,-2.99528,2,-0.126953,-2.99759,1.98252,2.29352,-0.128773,1.82745e-19,2.29083,-0.0562896,0.0223562,2.39623,-0.13454,0,2.50735,-0.24047,0.0421214
5.82998,-0.138537,-2.86808,2.65596,-0.162941,-2.99586,2.64858,-0.144741,-2.99651,2,-0.101871,-2.99991,1.98294,2.29446,-0.11083,0,2.29265,-0.0377565,0.0221803,2.39721,-0.115793,0,2.509,-0.223564,0.0431614
5.84002,-0.115586,-2.86909,2.65596,-0.140006,-2.99614,2.6488,-0.120762,-2.99757,2,-0.0767738,-3.00206,1.98338,2.29527,-0.0924688,9.13725e-20,2.29442,-0.0191588,0.0220165,2.39805,-0.0966095,0,2.51038,-0.206354,0.0442043
5.84997,-0.0926698,-2.86992,2.65596,-0.117053,-2.99624,2.64902,-0.0968195,-2.99844,2,-0.0516644,-3.00404,1.98383,2.29594,-0.0741359,0,2.29603,-0.00050427,0.0218313,2.39875,-0.0774556,0,2.51142,-0.188844,0.0452125
5.86004,-0.0694918,-2.87058,2.65596,-0.0940859,-2.99615,2.64924,-0.0726036,-2.99912,2,-0.0265468,-3.00584,1.98428,2.29646,-0.0555935,9.13725e-20,2.2974,0.0180216,0.0216158,2.3993,-0.0580829,0,2.51203,-0.171212,0.0461724
5.86995,-0.0469918,-2.87103,2.65596,-0.0711058,-2.99588,2.64945,-0.0490961,-2.9996,2,-0.00142502,-3.00746,1.98475,2.29683,-0.0375934,0,2.29861,0.0363725,0.0213887,2.39968,-0.0392769,0,2.51229,-0.153495,0.0470977
5.87998,-0.0236772,-2.87132,2.65596,-0.0481145,-2.99542,2.64967,-0.0247374,-2.9999,2,0.0236976,-3.00891,1.98523,2.29706,-0.0189417,0,2.29961,0.0547498,0.0211656,2.39992,-0.01979,0,2.51216,-0.135491,0.0479985
5.88996,-0.000945736,-2.87142,2.65596,-0.0251141,-2.99479,2.64988,-0.000988086,-3,2,0.0488171,-3.01017,1.98571,2.29714,-0.000756589,0,2.30043,0.0730647,0.0209309,2.4,-0.000790469,0,2.51167,-0.117295,0.0488551
5.89996,0.0218947,-2.87134,2.65596,-0.00210631,-2.99396,2.65008,0.0228751,-2.99991,2,0.07393,-3.01125,1.9862,2.29707,0.0175157,0,2.30108,0.0912052,0.0206848,2.39993,0.0183001,0,2.51083,-0.0990144,0.0496626
5.90996,0.0451282,-2.87106,2.65596,0.0209068,-2.99296,2.65029,0.047149,-2.99963,2,0.0990325,-3.01215,1.9867,2.29685,0.0361026,0,2.30153,0.109162,0.0204288,2.3997,0.0377192,0,2.50962,-0.0806552,0.050417
5.92001,0.0685905,-2.8706,2.65596,0.0439236,-2.99178,2.65049,0.0716619,-2.99914,2,0.124121,-3.01287,1.98721,2.29648,0.0548724,0,2.30179,0.126951,0.0201935,2.39932,0.0573296,0,2.50804,-0.0622017,0.0511449
5.92997,0.0910505,-2.86998,2.65596,0.0669425,-2.99042,2.65069,0.0951277,-2.99849,2,0.149193,-3.0134,1.98773,2.29598,0.0728404,0,2.30196,0.144727,0.0199754,2.39879,0.0761022,0,2.50622,-0.0435118,0.0518385
5.93998,0.114023,-2.86915,2.65596,0.0899621,-2.98889,2.65089,0.119129,-2.99763,2,0.174244,-3.01374,1.98825,2.29532,0.0912185,0,2.30191,0.162382,0.0197465,2.39811,0.0953032,0,2.50399,-0.0247006,0.0524648
5.95,0.137082,-2.86815,2.65596,0.11298,-2.98718,2.65109,0.14322,-2.99658,2,0.199271,-3.01389,1.98878,2.29452,0.109665,0,2.30166,0.179909,0.0195135,2.39726,0.114576,0,2.5014,-0.00577426,0.0530265
5.95999,0.159949,-2.86696,2.65596,0.135995,-2.98529,2.65128,0.167111,-2.99534,2,0.224271,-3.01385,1.98931,2.29357,0.127959,1.82745e-19,2.30126,0.197512,0.0192901,2.39627,0.133689,0,2.4985,0.0134695,0.0535338
5.96997,0.182786,-2.8656,2.65596,0.159005,-2.98322,2.65147,0.190971,-2.99392,2,0.249241,-3.01362,1.98985,2.29248,0.146229,-1.82745e-19,2.30082,0.215241,0.019066,2.39513,0.152777,0,2.4954,0.0330701,0.0539728
5.98003,0.20602,-2.86402,2.65596,0.182011,-2.98098,2.65166,0.215246,-2.99227,2,0.274178,-3.01319,1.99039,2.29122,0.164816,0,2.30028,0.232893,0.0188609,2.39381,0.172197,0,2.49205,0.0528216,0.0543593
5.98997,0.228547,-2.86231,2.65596,0.20501,-2.97857,2.65185,0.238781,-2.99048,2,0.299081,-3.01256,1.99093,2.28985,0.182837,1.82745e-19,2.2996,0.25061,0.0186617,2.39239,0.191025,0,2.4884,0.0728687,0.0546764
5.99997,0.251549,-2.86038,2.65596,0.228002,-2.97597,2.65204,0.262813,-2.98847,2,0.323945,-3.01173,1.99148,2.2883,0.201239,0,2.29874,0.268181,0.0184362,2.39077,0.21025,0,2.48442,0.0929979,0.0548894
6.00997,0.274473,-2.85827,2.65596,0.250985,-2.9732,2.65222,0.286764,-2.98626,2,0.348768,-3.0107,1.99203,2.28662,0.219578,3.6549e-19,2.29774,0.285666,0.0182051,2.38901,0.229411,0,2.48016,0.113264,0.0550165
6.01995,0.297185,-2.856,2.65596,0.273956,-2.97026,2.6524,0.310493,-2.98389,2,0.373547,-3.00947,1.99258,2.2848,0.237748,3.6549e-19,2.29658,0.303198,0.0179797,2.38711,0.248394,0,2.4756,0.133794,0.0550667
6.02998,0.320158,-2.85352,2.65596,0.296916,-2.96714,2.65258,0.334494,-2.98129,2,0.39828,-3.00802,1.99313,2.28281,0.256126,0,2.29534,0.32088,0.0177769,2.38504,0.267595,0,2.47083,0.154684,0.0550552
6.03999,0.343244,-2.85083,2.65596,0.319863,-2.96384,2.65276,0.358614,-2.97849,2,0.422963,-3.00637,1.99368,2.28066,0.274595,0,2.29398,0.338385,0.0175923,2.38279,0.286891,0,2.46581,0.175598,0.0549763
6.04998,0.365747,-2.84803,2.65596,0.342795,-2.96037,2.65293,0.382125,-2.97556,2,0.447595,-3.00451,1.99423,2.27842,0.292598,0,2.29247,0.355849,0.0174079,2.38045,0.3057,0,2.46051,0.196676,0.0548099
6.05997,0.388472,-2.84502,2.65596,0.365712,-2.95673,2.65311,0.405867,-2.97242,2,0.472172,-3.00244,1.99478,2.27602,0.310777,0,2.29076,0.373251,0.0172264,2.37793,0.324694,0,2.4549,0.217886,0.0545583
6.06996,0.411198,-2.84182,2.65596,0.38861,-2.95291,2.65328,0.429611,-2.96908,2,0.496692,-3.00015,1.99532,2.27346,0.328958,-3.6549e-19,2.28881,0.390535,0.0170624,2.37526,0.343689,0,2.44894,0.239163,0.0542368
6.08,0.434427,-2.83837,2.65596,0.411488,-2.94891,2.65345,0.45388,-2.96547,2,0.521151,-2.99765,1.99586,2.27069,0.347541,3.6549e-19,2.28684,0.40803,0.0169018,2.37237,0.363104,0,2.44287,0.260827,0.0538318
6.09,0.456658,-2.83487,2.65596,0.434346,-2.94475,2.65361,0.477107,-2.96182,2,0.545549,-2.99494,1.9964,2.2679,0.365327,0,2.28482,0.425648,0.0167568,2.36945,0.381686,0,2.43664,0.282781,0.0533557
6.10006,0.479902,-2.83103,2.65596,0.457184,-2.9404,2.65378,0.501392,-2.9578,2,0.569883,-2.992,1.99693,2.26483,0.383921,0,2.28268,0.443259,0.0166166,2.36624,0.401113,0,2.43022,0.304889,0.0527983
6.11001,0.50224,-2.82715,2.65596,0.479999,-2.93588,2.65395,0.52473,-2.95375,2,0.594152,-2.98884,1.99745,2.26172,0.401792,0,2.28039,0.460627,0.0164976,2.363,0.419784,0,2.42355,0.326922,0.0521765
6.11997,0.524639,-2.82308,2.65596,0.502791,-2.93119,2.65411,0.548132,-2.9495,2,0.618353,-2.98546,1.99797,2.25847,0.419712,0,2.27792,0.477842,0.0164093,2.3596,0.438506,0,2.41664,0.348967,0.0515014
6.12997,0.547592,-2.81872,2.65596,0.525557,-2.92632,2.65428,0.572113,-2.94494,2,0.642484,-2.98186,1.99848,2.25498,0.438074,0,2.27532,0.494982,0.0163439,2.35595,0.45769,0,2.40955,0.371087,0.0507687
6.13998,0.569982,-2.81428,2.65596,0.548297,-2.92129,2.65444,0.595506,-2.9403,2,0.666544,-2.97804,1.99899,2.25142,0.455986,0,2.27261,0.512137,0.0163259,2.35224,0.476405,0,2.40231,0.393359,0.0500072
6.14997,0.592328,-2.80966,2.65596,0.571009,-2.91608,2.6546,0.618852,-2.93548,2,0.69053,-2.97399,1.99948,2.24773,0.473863,0,2.26982,0.52928,0.0163338,2.34838,0.495082,0,2.39495,0.415749,0.0491981
6.15997,0.6147,-2.80485,2.65596,0.593693,-2.9107,2.65477,0.642226,-2.93045,2,0.714442,-2.96972,1.99997,2.24388,0.49176,-7.3098e-19,2.26695,0.546456,0.016353,2.34436,0.513781,0,2.38748,0.438292,0.0483302
6.16997,0.637069,-2.79986,2.65596,0.616348,-2.90515,2.65493,0.665596,-2.92523,2,0.73828,-2.96522,2.00045,2.23988,0.509655,0,2.26405,0.56381,0.0163829,2.34019,0.532477,0,2.37999,0.461133,0.0474069
6.18002,0.659512,-2.79465,2.65596,0.638974,-2.89943,2.65509,0.689045,-2.9198,2,0.762042,-2.9605,2.00092,2.23572,0.52761,-7.3098e-19,2.26111,0.58122,0.0164236,2.33584,0.551236,0,2.37246,0.484147,0.046433
6.18995,0.681631,-2.78934,2.65596,0.66157,-2.89353,2.65526,0.712154,-2.91425,2,0.785729,-2.95554,2.00138,2.23147,0.545304,0,2.25814,0.598746,0.0164787,2.3314,0.569723,0,2.36491,0.507388,0.0454161
6.20003,0.70462,-2.78362,2.65596,0.684136,-2.88745,2.65542,0.736172,-2.90827,2,0.80934,-2.95035,2.00183,2.2269,0.563696,7.3098e-19,2.25496,0.616169,0.0165323,2.32662,0.588938,0,2.35718,0.530642,0.0443442
6.21003,0.726367,-2.77803,2.65596,0.706668,-2.8812,2.65559,0.758894,-2.90243,2,0.832872,-2.94493,2.00227,2.22242,0.581094,0,2.25143,0.633434,0.0165633,2.32194,0.607115,0,2.34915,0.553857,0.043201
6.21995,0.748376,-2.77218,2.65596,0.729164,-2.87478,2.65575,0.781888,-2.89632,2,0.856322,-2.93927,2.00269,2.21774,0.598701,-7.3098e-19,2.24767,0.650669,0.0165885,2.31705,0.625511,0,2.34094,0.577152,0.0420083
6.22995,0.770682,-2.76606,2.65596,0.751621,-2.86819,2.65592,0.805193,-2.88992,2,0.87969,-2.93338,2.00311,2.21285,0.616546,-7.3098e-19,2.24376,0.667859,0.0166072,2.31194,0.644154,0,2.33264,0.600494,0.0407709
6.23999,0.792927,-2.75977,2.65596,0.774039,-2.86143,2.65609,0.828434,-2.88335,2,0.902975,-2.92726,2.00351,2.20781,0.634342,7.3098e-19,2.23967,0.684966,0.0164388,2.30668,0.662747,0,2.32425,0.623829,0.0393168
6.24997,0.814937,-2.75335,2.65596,0.796414,-2.85449,2.65625,0.85143,-2.87664,2,0.926175,-2.92091,2.00389,2.20268,0.65195,0,2.23546,0.701994,0.0157489,2.30131,0.681144,0,2.31583,0.647133,0.0373212
6.26002,0.837496,-2.74657,2.65596,0.818747,-2.84739,2.6564,0.874999,-2.86956,2,0.949291,-2.91432,2.00425,2.19726,0.669997,0,2.23117,0.719026,0.0143103,2.29565,0.699999,0,2.30746,0.670466,0.0345655
6.27029,0.859662,-2.73971,2.65596,0.841038,-2.84011,2.65653,0.898157,-2.8624,2,0.972324,-2.9075,2.00458,2.19177,0.68773,-7.3098e-19,2.22686,0.735984,0.0120301,2.28992,0.718526,0,2.29919,0.693734,0.0309639
6.27995,0.8806,-2.73306,2.65596,0.863284,-2.83267,2.65664,0.920033,-2.85544,2,0.995275,-2.90045,2.00487,2.18644,0.70448,0,2.22243,0.752738,0.00900361,2.28435,0.736026,0,2.29095,0.716804,0.0266157
6.28995,0.902503,-2.7259,2.65596,0.885486,-2.82506,2.65671,0.942916,-2.84797,2,1.01814,-2.89316,2.00511,2.18072,0.722002,0,2.21791,0.769282,0.00563155,2.27837,0.754333,0,2.28272,0.739688,0.0219201
6.29999,0.924428,-2.71854,2.65596,0.907641,-2.81728,2.65675,0.965823,-2.84028,2,1.04093,-2.88565,2.00531,2.17484,0.739542,7.3098e-19,2.21322,0.785738,0.00206115,2.27222,0.772658,0,2.27445,0.762516,0.0170268
6.30995,0.945877,-2.71116,2.65596,0.92975,-2.80934,2.65675,0.988233,-2.83256,2,1.06363,-2.87791,2.00545,2.16892,0.756701,7.3098e-19,2.20849,0.802175,-0.00176013,2.26605,0.790586,0,2.26628,0.785344,0.0118912
6.31996,0.967685,-2.70345,2.65596,0.95181,-2.80124,2.65672,1.01102,-2.82451,2,1.08625,-2.86995,2.00555,2.16276,0.774148,0,2.20354,0.81848,-0.00577603,2.25961,0.808814,0,2.25803,0.808049,0.00657514
6.32995,0.989288,-2.69562,2.65596,0.97382,-2.79297,2.65664,1.03359,-2.81633,2,1.10879,-2.86175,2.00558,2.15649,0.791431,1.46196e-18,2.19833,0.834784,-0.0097833,2.25306,0.82687,0,2.24966,0.830772,0.00128306
6.33998,1.01073,-2.68765,2.65596,0.995776,-2.78454,2.65652,1.05599,-2.808,2,1.13125,-2.85333,2.00557,2.15012,0.808582,-7.3098e-19,2.19287,0.851018,-0.0135953,2.2464,0.84479,0,2.24119,0.853449,-0.00379645
6.35001,1.03249,-2.67937,2.65596,1.01768,-2.77595,2.65637,1.07872,-2.79935,2,1.15362,-2.84468,2.00551,2.1435,0.82599,0,2.18719,0.867228,-0.017125,2.23948,0.862977,0,2.23263,0.87612,-0.0085736
6.36003,1.05378,-2.67107,2.65596,1.03952,-2.7672,2.65618,1.10096,-2.79068,2,1.1759,-2.83581,2.0054,2.13685,0.84302,0,2.18121,0.8833,-0.0202288,2.23254,0.880771,0,2.22391,0.898675,-0.0129019
6.36999,1.07501,-2.6626,2.65596,1.0613,-2.75829,2.65597,1.12314,-2.78182,2,1.19809,-2.82671,2.00525,2.13008,0.860004,-1.46196e-18,2.17499,0.899336,-0.0228787,2.22546,0.898515,0,2.21509,0.921208,-0.0167485
6.38,1.09621,-2.65393,2.65596,1.08302,-2.74921,2.65573,1.1453,-2.77278,2,1.2202,-2.81738,2.00507,2.12315,0.876971,-1.46196e-18,2.16854,0.915309,-0.025107,2.21822,0.916241,0,2.20619,0.943675,-0.0201396
6.38996,1.11725,-2.64515,2.65596,1.10467,-2.73998,2.65547,1.16728,-2.76359,2,1.24222,-2.80784,2.00485,2.11612,0.893802,0,2.16177,0.931192,-0.0268951,2.21088,0.933826,0,2.19714,0.966044,-0.0230519
6.40002,1.13869,-2.63599,2.65596,1.12625,-2.73059,2.65519,1.18968,-2.75403,2,1.26414,-2.79806,2.00461,2.10879,0.910953,0,2.15464,0.947039,-0.0283407,2.20322,0.951745,0,2.1879,0.988354,-0.025578
6.41002,1.15966,-2.62683,2.65596,1.14776,-2.72104,2.6549,1.21158,-2.74446,2,1.28597,-2.78807,2.00434,2.10147,0.927725,0,2.14713,0.962775,-0.0293281,2.19557,0.969268,0,2.17842,1.01053,-0.0275993
6.42004,1.18097,-2.61732,2.65596,1.16919,-2.71133,2.6546,1.23385,-2.73452,2,1.30771,-2.77785,2.00406,2.09386,0.944774,0,2.13932,0.978427,-0.0299494,2.18762,0.987081,0,2.16882,1.03257,-0.0292033
6.43002,1.20158,-2.60792,2.65596,1.19055,-2.70147,2.6543,1.25539,-2.7247,2,1.32935,-2.76742,2.00376,2.08634,0.961266,0,2.13122,0.993984,-0.0302384,2.17976,1.00431,0,2.1591,1.05444,-0.0304203
6.44002,1.22227,-2.59829,2.65596,1.21182,-2.69146,2.654,1.277,-2.71464,2,1.35089,-2.75676,2.00345,2.07863,0.977816,0,2.12284,1.00946,-0.0302539,2.17171,1.0216,0,2.14924,1.07616,-0.0313048
6.45001,1.2431,-2.58839,2.65596,1.233,-2.68128,2.6537,1.29876,-2.7043,2,1.37233,-2.7459,2.00314,2.07071,0.994478,0,2.11421,1.02495,-0.0300337,2.16344,1.03901,0,2.13931,1.09778,-0.0318908
6.46003,1.26372,-2.57838,2.65596,1.2541,-2.67096,2.6534,1.32031,-2.69384,2,1.39368,-2.73481,2.00282,2.06271,1.01098,1.46196e-18,2.10532,1.0404,-0.0295773,2.15507,1.05625,0,2.12929,1.11925,-0.0321744
6.46995,1.28415,-2.56827,2.65596,1.27511,-2.66048,2.65311,1.34165,-2.68327,2,1.41492,-2.72351,2.00249,2.05462,1.02732,-1.46196e-18,2.09627,1.05588,-0.0289529,2.14662,1.07332,0,2.11927,1.14063,-0.0322222
6.47998,1.30474,-2.55787,2.65596,1.29602,-2.64984,2.65282,1.36316,-2.67241,2,1.43606,-2.712,2.00217,2.0463,1.04379,0,2.08708,1.07138,-0.0281377,2.13793,1.09053,0,2.10926,1.16189,-0.03201
6.48996,1.32525,-2.5473,2.65596,1.31685,-2.63905,2.65255,1.3846,-2.66137,2,1.45711,-2.70027,2.00186,2.03784,1.0602,0,2.07767,1.08678,-0.0271947,2.1291,1.10768,0,2.0992,1.1829,-0.0315983
6.49997,1.34559,-2.53662,2.65596,1.33758,-2.6281,2.65228,1.40585,-2.65021,2,1.47805,-2.68834,2.00154,2.02929,1.07647,-1.46196e-18,2.06806,1.10211,-0.0261393,2.12016,1.12468,0,2.08909,1.20368,-0.0310012
6.51002,1.36595,-2.52571,2.65596,1.35821,-2.61701,2.65202,1.42711,-2.63881,2,1.49889,-2.6762,2.00124,2.02057,1.09276,-1.46196e-18,2.05839,1.11737,-0.0249846,2.11105,1.14169,0,2.07908,1.22422,-0.0302305
6.52008,1.38643,-2.51453,2.65596,1.37874,-2.60576,2.65178,1.44851,-2.62713,2,1.51963,-2.66386,2.00094,2.01162,1.10914,0,2.04855,1.13263,-0.0237528,2.1017,1.15881,0,2.06905,1.24456,-0.0293077
6.52997,1.40616,-2.50355,2.65596,1.39918,-2.59435,2.65155,1.46913,-2.61566,2,1.54027,-2.65131,2.00065,2.00284,1.12493,0,2.03857,1.148,-0.0224478,2.09253,1.1753,0,2.05903,1.26482,-0.0282355
6.53995,1.42621,-2.49218,2.65596,1.41952,-2.5828,2.65133,1.49007,-2.60378,2,1.56081,-2.63856,2.00037,1.99375,1.14097,-1.46196e-18,2.02843,1.16332,-0.0211043,2.08303,1.19206,0,2.049,1.28483,-0.0270482
6.55005,1.44615,-2.48067,2.65596,1.43975,-2.57109,2.65113,1.51091,-2.59175,2,1.58125,-2.62561,2.00011,1.98453,1.15692,0,2.01813,1.17864,-0.0197273,2.0734,1.20873,0,2.03896,1.30462,-0.0257515
6.56,1.46592,-2.46903,2.65596,1.45988,-2.55922,2.65094,1.53156,-2.5796,2,1.60159,-2.61247,1.99986,1.97523,1.17274,1.46196e-18,2.00761,1.19398,-0.0183386,2.06368,1.22525,0,2.02884,1.32421,-0.0243682
6.57001,1.48546,-2.45733,2.65596,1.4799,-2.54721,2.65076,1.55198,-2.56736,2,1.62183,-2.59913,1.99962,1.96586,1.18837,0,1.99695,1.20924,-0.0169319,2.05389,1.24158,0,2.01872,1.3435,-0.0228927
6.57993,1.5053,-2.44523,2.65596,1.49982,-2.53504,2.6506,1.5727,-2.55472,2,1.64196,-2.5856,1.9994,1.95618,1.20424,0,1.9861,1.2245,-0.0155461,2.04378,1.25816,0,2.00855,1.36255,-0.0213656
6.59001,1.52494,-2.43303,2.65596,1.51962,-2.52272,2.65045,1.59322,-2.54198,2,1.662,-2.57188,1.9992,1.94642,1.21995,-1.46196e-18,1.97517,1.23983,-0.0141706,2.03358,1.27458,0,1.99842,1.38143,-0.0197775
6.59998,1.54435,-2.42075,2.65596,1.53932,-2.51024,2.65032,1.61351,-2.52915,2,1.68193,-2.55797,1.99901,1.9366,1.23548,-1.46196e-18,1.96407,1.25515,-0.012835,2.02332,1.2908,0,1.98825,1.40005,-0.0181599
6.61001,1.56333,-2.40854,2.65596,1.5589,-2.49761,2.65019,1.63333,-2.51639,2,1.70176,-2.54388,1.99883,1.92683,1.25066,0,1.95284,1.27039,-0.011548,2.01311,1.30667,0,1.97807,1.41834,-0.0165238
6.61996,1.58253,-2.39597,2.65596,1.57837,-2.48483,2.65008,1.65339,-2.50326,2,1.72149,-2.52961,1.99868,1.91677,1.26602,1.46196e-18,1.94148,1.28561,-0.0102877,2.0026,1.32271,0,1.96787,1.43636,-0.0148498
6.63011,1.60201,-2.38299,2.65596,1.59773,-2.4719,2.64999,1.67374,-2.48969,2,1.74112,-2.51515,1.99854,1.90639,1.28161,1.46196e-18,1.92998,1.30082,-0.00905068,1.99176,1.339,0,1.95766,1.45411,-0.0131364
6.63998,1.6209,-2.37017,2.65596,1.61697,-2.45882,2.6499,1.69349,-2.47631,2,1.76064,-2.50053,1.99841,1.89614,1.29672,-1.46196e-18,1.91838,1.31593,-0.00782985,1.98105,1.35479,0,1.94745,1.47151,-0.0113788
6.64999,1.63976,-2.35716,2.65596,1.6361,-2.44558,2.64983,1.71319,-2.46272,2,1.78007,-2.48572,1.99831,1.88573,1.31181,0,1.90657,1.33093,-0.00664139,1.97017,1.37055,0,1.93714,1.48853,-0.00959617
6.66,1.65847,-2.34404,2.65596,1.6551,-2.4322,2.64977,1.73273,-2.44901,2,1.79939,-2.47076,1.99822,1.87523,1.32677,0,1.89456,1.34581,-0.0055085,1.95921,1.38619,0,1.92673,1.50517,-0.00781488
6.67007,1.67736,-2.33056,2.65596,1.67399,-2.41867,2.64972,1.75247,-2.43492,2,1.8186,-2.45562,1.99815,1.86445,1.34189,-1.46196e-18,1.8824,1.36063,-0.00442804,1.94794,1.40198,0,1.91627,1.52149,-0.00603417
6.67994,1.6964,-2.31674,2.65596,1.69275,-2.40499,2.64968,1.77236,-2.42048,2,1.83771,-2.44033,1.9981,1.85339,1.35712,0,1.87009,1.37536,-0.00337471,1.93639,1.41789,0,1.90575,1.53745,-0.00423173
6.69001,1.71434,-2.30349,2.65596,1.71139,-2.39116,2.64965,1.79111,-2.40664,2,1.85672,-2.42487,1.99807,1.84279,1.37147,-1.46196e-18,1.85757,1.39002,-0.00236781,1.92531,1.43289,0,1.89511,1.55306,-0.00243077
6.70003,1.73275,-2.28968,2.65596,1.7299,-2.37719,2.64963,1.81034,-2.39221,2,1.87561,-2.40927,1.99805,1.83174,1.3862,0,1.84488,1.40461,-0.00145495,1.91377,1.44827,0,1.88437,1.56834,-0.000682888
6.71,1.75094,-2.2758,2.65596,1.74829,-2.36307,2.64962,1.82935,-2.37771,2,1.8944,-2.39351,1.99805,1.82064,1.40075,1.46196e-18,1.83217,1.41936,-0.000591675,1.90217,1.46348,0,1.8737,1.58349,0.00105309
6.72005,1.76943,-2.26145,2.65596,1.76655,-2.3488,2.64962,1.84866,-2.36272,2,1.91309,-2.3776,1.99807,1.80916,1.41554,0,1.81946,1.43427,0.000230449,1.89017,1.47893,0,1.86308,1.59853,0.00278182
6.73005,1.78741,-2.24727,2.65596,1.78468,-2.33438,2.64963,1.86745,-2.3479,2,1.93167,-2.36154,1.99811,1.79781,1.42993,0,1.80661,1.44918,0.00100909,1.87832,1.49396,0,1.8524,1.61333,0.0044968
6.74,1.80519,-2.23301,2.65596,1.80268,-2.31982,2.64964,1.88603,-2.333,2,1.95013,-2.34533,1.99816,1.78641,1.44415,1.46196e-18,1.79354,1.46393,0.0017413,1.8664,1.50882,0,1.84154,1.62771,0.00619096
6.74998,1.82312,-2.2184,2.65596,1.82055,-2.3051,2.64966,1.90476,-2.31774,2,1.9685,-2.32899,1.99823,1.77472,1.45849,0,1.78044,1.47861,0.00244418,1.85419,1.5238,0,1.8307,1.64177,0.00787742
6.76,1.84109,-2.2035,2.65596,1.83829,-2.29025,2.64969,1.92354,-2.30218,2,1.98675,-2.3125,1.99832,1.7628,1.47287,-1.46196e-18,1.76729,1.49319,0.0031271,1.84174,1.53883,0,1.81986,1.65551,0.00956199
6.76998,1.85807,-2.18921,2.65596,1.85589,-2.27524,2.64973,1.94127,-2.28724,2,2.00489,-2.29588,1.99843,1.75137,1.48646,0,1.75409,1.50764,0.00378991,1.82979,1.55302,0,1.80899,1.66886,0.0112415
6.78005,1.87573,-2.17409,2.65596,1.87337,-2.26009,2.64977,1.95972,-2.27145,2,2.02293,-2.27912,1.99855,1.73928,1.50058,0,1.74081,1.52205,0.00439041,1.81716,1.56778,0,1.79808,1.68195,0.0128707
6.79003,1.89321,-2.15889,2.65596,1.89071,-2.2448,2.64981,1.97798,-2.25557,2,2.04085,-2.26224,1.99868,1.72711,1.51457,0,1.72739,1.53639,0.00494381,1.80445,1.58239,0,1.78706,1.69475,0.0144629
6.79999,1.91043,-2.14367,2.65596,1.90792,-2.22936,2.64987,1.99598,-2.23966,2,2.05867,-2.24523,1.99883,1.71493,1.52834,0,1.71394,1.55081,0.00547436,1.79173,1.59678,0,1.77604,1.70742,0.0160394
6.80997,1.92714,-2.12865,2.65596,1.92499,-2.21378,2.64992,2.01344,-2.22397,2,2.07638,-2.22809,1.999,1.70292,1.54171,1.46196e-18,1.70052,1.56526,0.00600352,1.77918,1.61075,0,1.76507,1.7199,0.0176174
6.81996,1.944,-2.11327,2.65596,1.94193,-2.19806,2.64999,2.03105,-2.2079,2,2.09397,-2.21083,1.99919,1.69061,1.5552,-1.46196e-18,1.68709,1.57971,0.006537,1.76632,1.62484,0,1.7541,1.73218,0.019199
6.83003,1.96107,-2.09744,2.65596,1.95873,-2.18219,2.65005,2.04888,-2.19137,2,2.11146,-2.19345,1.99939,1.67796,1.56885,1.46196e-18,1.67365,1.59415,0.00702207,1.75309,1.6391,0,1.74311,1.74427,0.0207293
6.83996,1.9778,-2.08168,2.65596,1.9754,-2.16618,2.65013,2.06636,-2.17489,2,2.12883,-2.17595,1.9996,1.66534,1.58224,0,1.66018,1.60852,0.00747938,1.73991,1.65309,0,1.73211,1.75611,0.0222273
6.84997,1.99423,-2.06594,2.65596,1.99193,-2.15002,2.6502,2.08353,-2.15845,2,2.1461,-2.15833,1.99983,1.65275,1.59539,-1.46196e-18,1.64663,1.62279,0.00791866,1.72676,1.66683,0,1.72101,1.76771,0.0237004
6.86001,2.01074,-2.04987,2.65596,2.00833,-2.13372,2.65028,2.10078,-2.14166,2,2.16325,-2.14059,2.00008,1.6399,1.60859,1.46196e-18,1.63297,1.63688,0.00837456,1.71333,1.68063,0,1.7098,1.77897,0.0251811
6.86997,2.02698,-2.03381,2.65596,2.02459,-2.11728,2.65037,2.11775,-2.12488,2,2.18029,-2.12275,2.00033,1.62705,1.62159,0,1.61909,1.6507,0.00880073,1.69991,1.6942,0,1.69837,1.78983,0.0266213
6.88,2.04334,-2.01738,2.65596,2.04071,-2.10071,2.65046,2.13484,-2.10771,2,2.19722,-2.1048,2.00061,1.6139,1.63467,1.46196e-18,1.60503,1.66431,0.00918535,1.68617,1.70787,0,1.68674,1.80034,0.0280074
6.89008,2.0597,-2.00067,2.65596,2.05669,-2.084,2.65055,2.15193,-2.09026,2,2.21403,-2.08674,2.0009,1.60054,1.64776,0,1.59086,1.67775,0.0095334,1.67221,1.72154,0,1.67497,1.81055,0.0293423
6.90005,2.07551,-1.98426,2.65596,2.07253,-2.06715,2.65065,2.16845,-2.07312,2,2.23072,-2.06859,2.00119,1.58741,1.66041,0,1.57664,1.69118,0.00986847,1.6585,1.73476,0,1.66312,1.82061,0.0306468
6.90995,2.09124,-1.96768,2.65596,2.08822,-2.05017,2.65075,2.18488,-2.0558,2,2.24729,-2.05033,2.00151,1.57415,1.67299,0,1.56245,1.70457,0.0101902,1.64464,1.7479,0,1.65126,1.83051,0.0319182
6.91996,2.1067,-1.95111,2.65596,2.10378,-2.03306,2.65085,2.20104,-2.03848,2,2.26374,-2.03198,2.00183,1.56089,1.68536,0,1.5483,1.71788,0.0105082,1.63079,1.76083,0,1.63939,1.84021,0.0331641
6.93003,2.12242,-1.93401,2.65596,2.11919,-2.01582,2.65096,2.21746,-2.02061,2,2.28008,-2.01353,2.00217,1.5472,1.69794,0,1.53412,1.73119,0.0108156,1.61649,1.77397,0,1.62744,1.8498,0.0343768
6.94002,2.13783,-1.91696,2.65596,2.13446,-1.99844,2.65107,2.23356,-2.0028,2,2.29629,-1.99498,2.00252,1.53357,1.71026,-1.46196e-18,1.51977,1.74439,0.0110894,1.60224,1.78685,0,1.61528,1.8592,0.0355333
6.95004,2.153,-1.8999,2.65596,2.14958,-1.98093,2.65118,2.24941,-1.98498,2,2.31238,-1.97634,2.00288,1.51992,1.7224,1.46196e-18,1.5052,1.75743,0.011331,1.58798,1.79953,0,1.60284,1.86836,0.0366346
6.95998,2.168,-1.88277,2.65596,2.16456,-1.96329,2.6513,2.26509,-1.96707,2,2.32835,-1.95762,2.00325,1.50621,1.7344,0,1.4906,1.77034,0.0115703,1.57366,1.81207,0,1.59031,1.87734,0.0377083
6.97001,2.18312,-1.86522,2.65596,2.1794,-1.94552,2.65141,2.28088,-1.94874,2,2.34419,-1.9388,2.00364,1.49217,1.7465,1.46196e-18,1.47596,1.78317,0.0118038,1.55899,1.8247,0,1.57768,1.88616,0.0387493
6.98005,2.19824,-1.84738,2.65596,2.19408,-1.92763,2.65153,2.29667,-1.9301,2,2.3599,-1.91989,2.00403,1.4779,1.75859,0,1.46136,1.79588,0.0120536,1.54408,1.83734,0,1.56501,1.89484,0.0397791
6.98996,2.21262,-1.83013,2.65596,2.20862,-1.90961,2.65165,2.3117,-1.91208,2,2.37549,-1.9009,2.00443,1.4641,1.7701,1.46196e-18,1.44665,1.80837,0.012284,1.52966,1.84936,0,1.55216,1.90325,0.0407611
7.00002,2.22732,-1.81221,2.65596,2.22302,-1.89146,2.65178,2.32705,-1.89336,2,2.39095,-1.88183,2.00484,1.44977,1.78185,0,1.43191,1.82067,0.0124906,1.51469,1.86164,0,1.53919,1.91144,0.0416905
7.00999,2.24164,-1.79446,2.65596,2.23726,-1.87319,2.6519,2.34202,-1.87481,2,2.40627,-1.86267,2.00526,1.43557,1.79332,0,1.41713,1.83282,0.0126975,1.49985,1.87362,0,1.52612,1.91948,0.0425921
7.02002,2.25596,-1.77643,2.65596,2.25136,-1.8548,2.65203,2.35698,-1.85598,2,2.42147,-1.84344,2.00569,1.42114,1.80477,0,1.40242,1.84495,0.0129025,1.48478,1.88558,0,1.51303,1.92749,0.0434637
7.02999,2.27023,-1.75815,2.65596,2.26531,-1.83629,2.65216,2.37189,-1.83688,2,2.43653,-1.82412,2.00613,1.40652,1.81619,0,1.38781,1.85698,0.0131304,1.4695,1.89752,0,1.49995,1.9354,0.0443301
7.04003,2.28411,-1.74009,2.65596,2.27911,-1.81767,2.6523,2.38639,-1.81801,2,2.45147,-1.80473,2.00658,1.39207,1.82729,0,1.37305,1.8688,0.0133403,1.45441,1.90911,0,1.48666,1.94311,0.0451507
7.05002,2.29795,-1.72177,2.65596,2.29277,-1.79892,2.65243,2.40085,-1.79887,2,2.46626,-1.78526,2.00704,1.37742,1.83836,0,1.35823,1.88044,0.0135396,1.4391,1.92068,0,1.47321,1.95068,0.0459338
7.05997,2.31178,-1.70315,2.65596,2.30628,-1.78006,2.65257,2.4153,-1.77942,2,2.48093,-1.76572,2.0075,1.36252,1.84942,0,1.34342,1.89201,0.0137563,1.42354,1.93224,0,1.45969,1.95821,0.046708
7.06996,2.32504,-1.68501,2.65596,2.31964,-1.76108,2.6527,2.42915,-1.76046,2,2.49546,-1.7461,2.00797,1.34801,1.86003,0,1.3285,1.90333,0.0139827,1.40837,1.94332,0,1.44599,1.96553,0.0474653
7.07999,2.33875,-1.66592,2.65596,2.33285,-1.74199,2.65285,2.44348,-1.74052,2,2.50985,-1.72641,2.00845,1.33274,1.871,0,1.31352,1.91444,0.014191,1.39242,1.95478,0,1.43212,1.9727,0.048178
7.09001,2.35183,-1.6474,2.65596,2.34591,-1.72279,2.65299,2.45715,-1.72117,2,2.5241,-1.70665,2.00893,1.31792,1.88147,0,1.29841,1.92534,0.0143608,1.37694,1.96572,0,1.41806,1.97972,0.0488265
7.10006,2.36521,-1.62813,2.65596,2.35882,-1.70348,2.65313,2.47113,-1.70104,2,2.53821,-1.68681,2.00943,1.30251,1.89217,-1.46196e-18,1.28327,1.936,0.014547,1.36083,1.9769,0,1.40386,1.98658,0.0494658
7.11001,2.37787,-1.6096,2.65596,2.37157,-1.68407,2.65328,2.48434,-1.68168,2,2.55218,-1.66691,2.00992,1.28768,1.90229,2.92392e-18,1.26809,1.94655,0.0147209,1.34534,1.98748,0,1.38955,1.99339,0.0500666
7.11992,2.39067,-1.59052,2.65596,2.38418,-1.66455,2.65343,2.49772,-1.66174,2,2.566,-1.64695,2.01043,1.27242,1.91254,0,1.25281,1.95689,0.0148883,1.32939,1.99818,0,1.37504,2.00006,0.0506347
7.13005,2.40358,-1.57094,2.65596,2.39663,-1.64494,2.65358,2.51121,-1.64128,2,2.57968,-1.62691,2.01094,1.25675,1.92287,0,1.23732,1.96697,0.0150353,1.31303,2.00897,0,1.36024,2.00656,0.0511563
7.14002,2.41585,-1.55201,2.65596,2.40893,-1.62522,2.65373,2.52403,-1.62151,2,2.5932,-1.60682,2.01145,1.24161,1.93268,-1.46196e-18,1.22182,1.97693,0.015179,1.29721,2.01922,0,1.34532,2.01303,0.0516487
7.15003,2.42827,-1.5325,2.65596,2.42107,-1.6054,2.65388,2.537,-1.60113,2,2.60658,-1.58665,2.01197,1.226,1.94261,-1.46196e-18,1.20618,1.98665,0.015288,1.2809,2.0296,0,1.33018,2.01934,0.052079
7.16011,2.44066,-1.51269,2.65596,2.43305,-1.58548,2.65403,2.54995,-1.58043,2,2.61981,-1.56643,2.01249,1.21015,1.95253,0,1.19041,1.99629,0.0153717,1.26434,2.03996,0,1.3148,2.02567,0.0524558
7.17,2.45235,-1.49367,2.65596,2.44487,-1.56547,2.65419,2.56216,-1.56055,2,2.63288,-1.54614,2.01302,1.19494,1.96188,0,1.1745,2.00569,0.015451,1.24844,2.04973,0,1.29918,2.03185,0.0527999
7.17997,2.46428,-1.4739,2.65596,2.45654,-1.54537,2.65434,2.57463,-1.5399,2,2.64579,-1.52579,2.01355,1.17912,1.97142,0,1.15855,2.01493,0.0155089,1.23192,2.0597,0,1.28342,2.03798,0.0530931
7.18998,2.47597,-1.45417,2.65596,2.46804,-1.52517,2.6545,2.58685,-1.51929,2,2.65855,-1.50538,2.01408,1.16333,1.98078,0,1.14267,2.02411,0.0155786,1.21543,2.06948,0,1.26762,2.04414,0.0533667
7.20005,2.48787,-1.43373,2.65596,2.47939,-1.50489,2.65465,2.59927,-1.49793,2,2.67114,-1.48491,2.01461,1.14698,1.99029,0,1.12677,2.03318,0.0156491,1.19834,2.07942,0,1.25169,2.05031,0.0536099
7.21,2.49888,-1.41445,2.65596,2.49058,-1.48451,2.65481,2.61077,-1.47779,2,2.68358,-1.46438,2.01515,1.13156,1.9991,1.46196e-18,1.11066,2.04204,0.0156834,1.18223,2.08862,0,1.23545,2.05639,0.0537857
7.21998,2.51006,-1.3945,2.65596,2.5016,-1.46405,2.65497,2.62246,-1.45695,2,2.69585,-1.44378,2.01569,1.1156,2.00805,0,1.09454,2.05073,0.0157197,1.16556,2.09797,0,1.21908,2.06241,0.0539327
7.23007,2.52145,-1.37381,2.65596,2.51247,-1.4435,2.65513,2.63436,-1.43533,2,2.70796,-1.42313,2.01623,1.09905,2.01716,0,1.07842,2.05933,0.0157561,1.14826,2.10748,0,1.20261,2.06848,0.0540476
7.23998,2.53212,-1.35405,2.65596,2.52317,-1.42286,2.65528,2.6455,-1.41468,2,2.7199,-1.40241,2.01677,1.08324,2.02569,-1.46196e-18,1.06224,2.06781,0.0157944,1.13174,2.1164,0,1.18596,2.07456,0.054131
7.24998,2.54285,-1.33377,2.65596,2.53371,-1.40214,2.65544,2.65672,-1.39349,2,2.73168,-1.38164,2.01731,1.06701,2.03428,1.46196e-18,1.04606,2.07621,0.0158439,1.1148,2.12538,0,1.16921,2.08068,0.0541926
7.26,2.55349,-1.31329,2.65596,2.54409,-1.38134,2.6556,2.66784,-1.3721,2,2.74329,-1.3608,2.01785,1.05063,2.04279,0,1.02987,2.08449,0.0159095,1.09768,2.13427,0,1.15233,2.08683,0.0542366
7.26996,2.56388,-1.29289,2.65596,2.55431,-1.36045,2.65576,2.67869,-1.35079,2,2.75473,-1.3399,2.0184,1.03431,2.0511,-1.46196e-18,1.01375,2.09271,0.0160045,1.08063,2.14295,0,1.13543,2.09306,0.0542765
7.28008,2.57447,-1.27168,2.65596,2.56437,-1.33948,2.65592,2.68975,-1.32862,2,2.766,-1.31894,2.01894,1.01734,2.05957,0,0.997813,2.10076,0.0161678,1.0629,2.1518,0,1.11859,2.09929,0.0543512
7.29001,2.58431,-1.25156,2.65596,2.57427,-1.31844,2.65608,2.70003,-1.30761,2,2.7771,-1.29791,2.01948,1.00125,2.06744,0,0.981929,2.10869,0.0163404,1.04609,2.16002,0,1.10171,2.10554,0.0544018
7.30003,2.59436,-1.23059,2.65596,2.58401,-1.29731,2.65625,2.71053,-1.28569,2,2.78803,-1.27683,2.02003,0.98447,2.07549,-1.46196e-18,0.96603,2.11639,0.0165063,1.02855,2.16843,0,1.08471,2.11174,0.0544148
7.30999,2.60404,-1.20997,2.65596,2.59359,-1.27611,2.65641,2.72065,-1.26415,2,2.79879,-1.25568,2.02057,0.967973,2.08323,0,0.950059,2.12389,0.0166537,1.01132,2.17652,0,1.06756,2.1179,0.0543806
7.31999,2.61358,-1.18923,2.65596,2.60301,-1.25483,2.65658,2.73061,-1.24248,2,2.80938,-1.23447,2.02112,0.951385,2.09086,1.46196e-18,0.934102,2.13125,0.0168242,0.993988,2.18449,0,1.05033,2.12409,0.054342
7.33,2.62309,-1.16809,2.65596,2.61227,-1.23348,2.65675,2.74055,-1.2204,2,2.8198,-1.2132,2.02166,0.934476,2.09847,-1.46196e-18,0.918063,2.1384,0.0169814,0.976321,2.19244,0,1.03295,2.13024,0.0542625
7.33996,2.63443,-1.1423,2.65596,2.61593,-1.22493,2.65682,2.75239,-1.19345,2,2.82391,-1.20467,2.02188,0.913841,2.10754,0,0.911625,2.14121,0.0170457,0.954762,2.20192,0,1.02595,2.1327,0.0542245
7.34999,2.64142,-1.12604,2.65596,2.62227,-1.20992,2.65694,2.7597,-1.17646,2,2.83105,-1.18973,2.02226,0.900829,2.11313,0,0.900353,2.14612,0.0170686,0.941168,2.20776,0,1.01368,2.13706,0.0540586
7.36016,2.65065,-1.10414,2.65596,2.62586,-1.20133,2.65701,2.76934,-1.15358,2,2.8361,-1.17903,2.02252,0.883313,2.12052,-1.46196e-18,0.893957,2.14892,0.0169056,0.922867,2.21547,0,1.00494,2.14021,0.0537134
7.37158,2.66051,-1.08016,2.65596,2.63472,-1.17981,2.65717,2.77964,-1.12853,2,2.84507,-1.15975,2.02301,0.864127,2.12841,0,0.877934,2.15594,0.0165077,0.902822,2.22372,0,0.989134,2.14589,0.053075
7.38004,2.6682,-1.06102,2.65596,2.6356,-1.17765,2.65719,2.78768,-1.10853,2,2.84606,-1.1576,2.02306,0.848815,2.13456,1.46196e-18,0.87633,2.15664,0.0164596,0.886824,2.23014,0,0.987373,2.14652,0.0529941
7.39012,2.67619,-1.0407,2.65596,2.6356,-1.17765,2.65719,2.79603,-1.0873,2,2.84705,-1.15545,2.02311,0.832562,2.14095,0,0.87633,2.15664,0.0164596,0.869844,2.23682,0,0.985618,2.14715,0.0528737
7.40008,2.6881,-1.00954,2.65596,2.63996,-1.16686,2.65727,2.80847,-1.05474,2,2.85098,-1.14686,2.02332,0.807629,2.15048,-1.46196e-18,0.868376,2.16021,0.0158503,0.843794,2.24678,0,0.978631,2.1497,0.0522186
7.41027,2.69269,-0.997224,2.65596,2.646,-1.15172,2.65738,2.81327,-1.04188,2,2.85778,-1.1318,2.02368,0.797779,2.15415,7.3098e-19,0.857126,2.16537,0.0149945,0.833503,2.25062,0,0.966252,2.1542,0.051114
7.42005,2.70042,-0.976117,2.65596,2.65365,-1.1322,2.65751,2.82134,-1.01983,2,2.86641,-1.11238,2.02414,0.780894,2.16033,-1.46196e-18,0.842641,2.17234,0.0133461,0.815862,2.25707,0,0.950267,2.15989,0.0491101
7.43023,2.70838,-0.953807,2.65596,2.66199,-1.11043,2.65762,2.82966,-0.996518,2,2.87582,-1.09075,2.02461,0.763046,2.1667,0,0.826987,2.18086,0.0100216,0.797214,2.26372,0,0.932965,2.16626,0.0453664
7.44013,2.71573,-0.932658,2.65596,2.67019,-1.08858,2.65771,2.83734,-0.974422,2,2.88507,-1.06906,2.02504,0.746126,2.17259,7.3098e-19,0.811239,2.19012,0.00674962,0.779537,2.26987,0,0.915626,2.17269,0.0416662
7.45025,2.72311,-0.9109,2.65596,2.67822,-1.06663,2.65776,2.84505,-0.95169,2,2.89414,-1.0473,2.02544,0.72872,2.17849,7.3098e-19,0.7954,2.20001,0.00365242,0.761352,2.27604,0,0.89823,2.17921,0.0381295
7.46014,2.73035,-0.88895,2.65596,2.68609,-1.04458,2.65778,2.85261,-0.928757,2,2.90303,-1.02547,2.02581,0.71116,2.18428,0,0.77927,2.21029,0.000826522,0.743006,2.28209,0,0.880574,2.18567,0.0348569
7.47012,2.73726,-0.867445,2.65596,2.6938,-1.02242,2.65778,2.85983,-0.906288,2,2.91175,-1.00358,2.02614,0.693956,2.18981,-7.3098e-19,0.762784,2.22091,-0.00145475,0.725031,2.28787,0,0.862592,2.19214,0.0321257
7.48053,2.74449,-0.844288,2.65596,2.70135,-1.00016,2.65775,2.86739,-0.882095,2,2.92028,-0.98163,2.02645,0.675431,2.19559,0,0.74609,2.23171,-0.00337631,0.705676,2.29391,0,0.844437,2.19854,0.0297564
7.49011,2.75076,-0.823625,2.65596,2.70872,-0.977787,2.65771,2.87394,-0.860507,2,2.92863,-0.959613,2.02674,0.6589,2.20061,7.3098e-19,0.72921,2.24274,-0.0047614,0.688405,2.29915,0,0.826127,2.20501,0.0279298
7.50013,2.75736,-0.801271,2.65596,2.71593,-0.955304,2.65766,2.88083,-0.837152,2,2.9368,-0.93753,2.02701,0.641017,2.20589,7.3098e-19,0.712042,2.25385,-0.0059935,0.669721,2.30466,0,0.807565,2.21147,0.0262672
7.51024,2.76364,-0.779315,2.65596,2.72296,-0.932709,2.65759,2.8874,-0.814212,2,2.94478,-0.915383,2.02727,0.623452,2.21091,7.3098e-19,0.694624,2.265,-0.00690987,0.65137,2.30992,0,0.788796,2.21799,0.0249382
7.52009,2.7697,-0.757495,2.65596,2.72982,-0.910004,2.65752,2.89373,-0.791415,2,2.95258,-0.89317,2.02751,0.605996,2.21576,7.3098e-19,0.677026,2.27615,-0.00741015,0.633132,2.31498,0,0.769882,2.22458,0.0240434
7.53036,2.77589,-0.734497,2.65596,2.7365,-0.887186,2.65745,2.90019,-0.767388,2,2.96018,-0.870891,2.02775,0.587598,2.22071,7.3098e-19,0.659356,2.28736,-0.00764544,0.61391,2.32015,0,0.750928,2.23135,0.0234327
7.54015,2.78154,-0.712793,2.65596,2.74301,-0.864257,2.65737,2.9061,-0.744712,2,2.9676,-0.848543,2.02798,0.570234,2.22523,-7.3098e-19,0.641592,2.29855,-0.00756577,0.595769,2.32488,0,0.73191,2.23832,0.0231591
7.5502,2.7872,-0.690354,2.65596,2.74934,-0.841215,2.6573,2.912,-0.721268,2,2.97482,-0.826124,2.02821,0.552283,2.22976,-7.3098e-19,0.623827,2.30968,-0.00729297,0.577014,2.3296,0,0.712927,2.2455,0.0231036
7.56018,2.79263,-0.668017,2.65596,2.75549,-0.818063,2.65723,2.91769,-0.697931,2,2.98185,-0.803632,2.02844,0.534414,2.23411,-7.3098e-19,0.60594,2.32067,-0.00687362,0.558344,2.33415,0,0.693858,2.25287,0.0232219
7.57006,2.79783,-0.645902,2.65596,2.76145,-0.794803,2.65716,2.92312,-0.674825,2,2.9887,-0.781066,2.02868,0.516722,2.23827,0,0.587861,2.33134,-0.00630714,0.53986,2.33849,0,0.674634,2.26032,0.0235155
7.58012,2.80296,-0.623291,2.65596,2.76724,-0.771438,2.6571,2.92847,-0.651201,2,2.99535,-0.758425,2.02891,0.498633,2.24236,0,0.569605,2.34166,-0.00559926,0.520961,2.34278,0,0.65527,2.26787,0.0239785
7.59028,2.80793,-0.600482,2.65596,2.77285,-0.747971,2.65705,2.93367,-0.627372,2,3.0018,-0.735708,2.02916,0.480386,2.24634,0,0.551264,2.35174,-0.00475704,0.501897,2.34693,0,0.635857,2.27563,0.0246029
7.60024,2.81263,-0.578091,2.65596,2.77827,-0.724405,2.65701,2.93857,-0.603977,2,3.00806,-0.712913,2.02941,0.462473,2.2501,0,0.532872,2.36139,-0.00380719,0.483182,2.35086,0,0.616428,2.28349,0.0253604
7.61014,2.81711,-0.555802,2.65596,2.7835,-0.700744,2.65697,2.94326,-0.58069,2,3.01413,-0.690038,2.02966,0.444641,2.25369,0,0.514541,2.37071,-0.00278155,0.464552,2.35461,0,0.597094,2.29154,0.0262177
7.62036,2.82154,-0.532872,2.65596,2.78856,-0.676992,2.65695,2.94789,-0.556733,2,3.02001,-0.667081,2.02993,0.426297,2.25723,7.3098e-19,0.496196,2.37959,-0.00172004,0.445387,2.35831,0,0.577782,2.29973,0.0271332
7.6301,2.82561,-0.510834,2.65596,2.79343,-0.653154,2.65694,2.95214,-0.533708,2,3.02569,-0.644043,2.03021,0.408667,2.26049,0,0.477796,2.38799,-0.00061432,0.426967,2.36172,0,0.558455,2.30805,0.0281151
7.64009,2.82958,-0.488381,2.65596,2.79811,-0.629234,2.65694,2.95629,-0.510251,2,3.03118,-0.62092,2.03049,0.390705,2.26367,3.6549e-19,0.459406,2.39591,0.000519008,0.408201,2.36503,0,0.539185,2.3165,0.029146
7.65009,2.83343,-0.465538,2.65596,2.80262,-0.605237,2.65695,2.96031,-0.486385,2,3.03647,-0.597712,2.03079,0.372431,2.26674,3.6549e-19,0.441056,2.40334,0.00165311,0.389108,2.36825,0,0.520002,2.32508,0.0301972
7.6601,2.83702,-0.443131,2.65596,2.80693,-0.581169,2.65697,2.96406,-0.462974,2,3.04157,-0.574418,2.0311,0.354504,2.26962,0,0.422568,2.41024,0.00279091,0.370379,2.37125,0,0.50073,2.33379,0.0312694
7.67014,2.84049,-0.420295,2.65596,2.81107,-0.557034,2.657,2.96769,-0.439115,2,3.04649,-0.551036,2.03142,0.336236,2.27239,3.6549e-19,0.403949,2.4166,0.00393184,0.351292,2.37415,0,0.481382,2.34261,0.0323616
7.68012,2.84387,-0.396809,2.65596,2.81501,-0.532839,2.65705,2.97122,-0.414578,2,3.0512,-0.527565,2.03175,0.317447,2.2751,-3.6549e-19,0.385296,2.42247,0.00507346,0.331662,2.37697,0,0.462059,2.35159,0.0334706
7.69024,2.8469,-0.374413,2.65596,2.81877,-0.508587,2.65711,2.97439,-0.391179,2,3.05573,-0.504004,2.03209,0.299531,2.27752,0,0.366487,2.42778,0.00616941,0.312943,2.37951,0,0.442637,2.36068,0.0345471
7.70031,2.84997,-0.350307,2.65596,2.82234,-0.484285,2.65717,2.97759,-0.365993,2,3.06006,-0.480352,2.03244,0.280246,2.27998,-3.6549e-19,0.347558,2.43253,0.00720643,0.292795,2.38207,0,0.423156,2.36983,0.0355766
7.71025,2.85254,-0.32871,2.65596,2.82572,-0.459938,2.65725,2.98028,-0.34343,2,3.06419,-0.456607,2.0328,0.262968,2.28203,0,0.328593,2.43679,0.00819973,0.274744,2.38422,0,0.4037,2.37912,0.036574
7.72016,2.85507,-0.305989,2.65596,2.82891,-0.435551,2.65734,2.98292,-0.319691,2,3.06813,-0.432769,2.03317,0.244791,2.28406,3.6549e-19,0.309544,2.44048,0.00911144,0.255753,2.38633,0,0.384225,2.38846,0.0375013
7.73033,2.85746,-0.2828,2.65596,2.83191,-0.41113,2.65743,2.98541,-0.295464,2,3.07187,-0.408838,2.03355,0.22624,2.28597,0,0.290323,2.44362,0.00995319,0.236371,2.38833,0,0.364643,2.39785,0.0383701
7.74027,2.85964,-0.259821,2.65596,2.83472,-0.38668,2.65754,2.98769,-0.271455,2,3.07542,-0.384812,2.03393,0.207856,2.28771,3.6549e-19,0.270956,2.44616,0.0107503,0.217164,2.39015,0,0.344979,2.40725,0.0392058
7.7502,2.86159,-0.237421,2.65596,2.83733,-0.362208,2.65765,2.98973,-0.248052,2,3.07877,-0.360692,2.03433,0.189937,2.28927,1.82745e-19,0.251475,2.44817,0.0114969,0.198442,2.39178,0,0.325266,2.41669,0.0400032
7.76012,2.86336,-0.215038,2.65596,2.83975,-0.337719,2.65777,2.99158,-0.224667,2,3.08193,-0.336478,2.03473,0.17203,2.29068,1.82745e-19,0.231866,2.44967,0.0121852,0.179734,2.39326,0,0.305488,2.42617,0.0407557
7.77031,2.86502,-0.191564,2.65596,2.84197,-0.313217,2.65789,2.99332,-0.200143,2,3.08488,-0.312169,2.03515,0.153251,2.29202,1.82745e-19,0.21216,2.45069,0.0128139,0.160114,2.39465,0,0.285672,2.43569,0.0414634
7.78014,2.86644,-0.169001,2.65596,2.84399,-0.288707,2.65802,2.9948,-0.176569,2,3.08764,-0.287764,2.03556,0.135201,2.29315,0,0.1923,2.45119,0.0133864,0.141255,2.39584,0,0.265757,2.44521,0.0421307
7.79017,2.8677,-0.14602,2.65596,2.84582,-0.264194,2.65816,2.99612,-0.152559,2,3.0902,-0.263265,2.03599,0.116816,2.29416,-1.82745e-19,0.1724,2.45122,0.0139177,0.122047,2.39689,0,0.245856,2.45473,0.0427756
7.80025,2.86878,-0.123128,2.65596,2.84744,-0.239684,2.6583,2.99724,-0.128642,2,3.09256,-0.23867,2.03642,0.0985027,2.29502,0,0.152437,2.45068,0.0144096,0.102914,2.39779,0,0.225939,2.46414,0.0434028
7.8101,2.86966,-0.100451,2.65596,2.84886,-0.215182,2.65845,2.99816,-0.104949,2,3.09472,-0.213982,2.03686,0.0803609,2.29573,-9.13725e-20,0.132473,2.44973,0.0148373,0.0839594,2.39853,0,0.206065,2.47355,0.0439906
7.82006,2.87038,-0.0774007,2.65596,2.85009,-0.190691,2.6586,2.99891,-0.0808667,2,3.09668,-0.189199,2.0373,0.0619206,2.2963,0,0.112467,2.44846,0.0152332,0.0646933,2.39913,0,0.186187,2.48304,0.0445754
7.83012,2.87091,-0.0541408,2.65596,2.85111,-0.166214,2.65875,2.99947,-0.0565652,2,3.09844,-0.164321,2.03775,0.0433126,2.29673,4.56862e-20,0.0923925,2.44682,0.0155702,0.0452522,2.39957,0,0.166276,2.49251,0.0451349
7.84022,2.87125,-0.0310638,2.65596,2.85194,-0.141755,2.65891,2.99982,-0.0324548,2,3.1,-0.139349,2.0382,0.024851,2.297,0,0.0722789,2.44481,0.0158522,0.0259638,2.39986,0,0.146353,2.50194,0.0456778
7.85015,2.87141,-0.0079514,2.65596,2.85256,-0.117319,2.65907,2.99999,-0.00830746,2,3.10137,-0.114282,2.03866,0.00636112,2.29713,1.14216e-20,0.0522387,2.4425,0.0161122,0.00664597,2.39999,0,0.126525,2.51137,0.0462411
7.86021,2.87138,0.0147246,2.65596,2.85298,-0.0929064,2.65923,2.99996,0.015384,2,3.10253,-0.0891213,2.03913,-0.0117797,2.29711,1.14216e-20,0.0322364,2.43988,0.0163413,-0.0123072,2.39997,0,0.106749,2.52075,0.0468215
7.87016,2.87117,0.0377453,2.65596,2.8532,-0.0685222,2.65939,2.99974,0.0394356,2,3.1035,-0.0638675,2.0396,-0.0301963,2.29694,0,0.0121889,2.43688,0.0165307,-0.0315484,2.39979,0,0.0869336,2.52997,0.0474149
7.88012,2.87078,0.0606799,2.65596,2.85322,-0.0441698,2.65956,2.99933,0.0633971,2,3.10427,-0.0385222,2.04007,-0.0485439,2.29662,0,-0.00791567,2.43356,0.0166593,-0.0507177,2.39946,0,0.0670606,2.53908,0.0480055
7.89012,2.8702,0.0836016,2.65596,2.85304,-0.019852,2.65973,2.99873,0.0873452,2,3.10484,-0.0130865,2.04056,-0.0668813,2.29616,0,-0.0280366,2.42995,0.016729,-0.0698762,2.39898,0,0.047163,2.54804,0.0486009
7.90012,2.86944,0.106635,2.65596,2.85266,0.0044284,2.65989,2.99793,0.11141,2,3.10522,0.0124381,2.04105,-0.0853077,2.29555,0,-0.0481274,2.42608,0.0167622,-0.0891278,2.39834,0,0.0272771,2.55685,0.0492274
7.91032,2.86848,0.129888,2.65596,2.85208,0.0286687,2.66006,2.99693,0.135704,2,3.10539,0.0380499,2.04154,-0.10391,2.29478,0,-0.0681438,2.42193,0.0167578,-0.108563,2.39754,0,0.00743696,2.56547,0.0498882
7.92033,2.86734,0.152951,2.65596,2.8513,0.0528659,2.66023,2.99574,0.1598,2,3.10536,0.0637467,2.04204,-0.122361,2.29387,0,-0.0881556,2.41748,0.0167116,-0.12784,2.39659,0,-0.0124368,2.57385,0.0505829
7.93013,2.86606,0.175322,2.65596,2.85032,0.0770175,2.6604,2.9944,0.183173,2,3.10514,0.0895261,2.04255,-0.140258,2.29285,0,-0.108181,2.4128,0.0165901,-0.146539,2.39552,0,-0.0323661,2.58199,0.0512842
7.9401,2.86457,0.198228,2.65596,2.84914,0.101121,2.66056,2.99284,0.207105,2,3.10472,0.115386,2.04307,-0.158583,2.29166,-1.82745e-19,-0.128105,2.40795,0.0164267,-0.165684,2.39427,0,-0.0522427,2.58993,0.0520299
7.95009,2.8629,0.221026,2.65596,2.84776,0.125176,2.66072,2.9911,0.230924,2,3.1041,0.141324,2.04359,-0.176821,2.29032,-1.82745e-19,-0.148012,2.4029,0.0162324,-0.184739,2.39288,0,-0.0721643,2.5976,0.0528322
7.96012,2.861,0.244361,2.65596,2.84618,0.149178,2.66089,2.98912,0.255304,2,3.10327,0.167337,2.04413,-0.195489,2.2888,0,-0.16795,2.39756,0.0159978,-0.204243,2.39129,0,-0.092187,2.60489,0.0536837
7.9702,2.85897,0.267058,2.65596,2.8444,0.173127,2.66104,2.987,0.279017,2,3.10225,0.193421,2.04467,-0.213647,2.28718,-3.6549e-19,-0.187749,2.39208,0.0157606,-0.223214,2.3896,0,-0.112146,2.61191,0.0546259
7.98009,2.85675,0.289895,2.65596,2.84242,0.197019,2.6612,2.98467,0.302876,2,3.10103,0.219574,2.04522,-0.231916,2.2854,0,-0.207505,2.38641,0.0154858,-0.242301,2.38774,0,-0.132143,2.61857,0.0556256
7.99008,2.85438,0.312366,2.65596,2.84025,0.220854,2.66135,2.9822,0.326354,2,3.09961,0.245791,2.04578,-0.249893,2.2835,-3.6549e-19,-0.227269,2.38049,0.0151656,-0.261083,2.38576,0,-0.152234,2.62477,0.056676
8.00013,2.85175,0.335494,2.65596,2.84025,0.220854,2.66135,2.97945,0.350517,2,3.09961,0.245791,2.04578,-0.268395,2.2814,0,-0.227269,2.38049,0.0151656,-0.280414,2.38356,0,-0.152234,2.62477,0.056676
8.01038,2.84889,0.358969,2.65596,2.84025,0.220854,2.66135,2.97646,0.375043,2,3.09961,0.245791,2.04578,-0.287175,2.27911,0,-0.227269,2.38049,0.0151656,-0.300035,2.38117,0,-0.152234,2.62477,0.056676
8.02027,2.84578,0.3829,2.65596,2.83255,0.291996,2.66179,2.97321,0.400046,2,3.09414,0.324789,2.04753,-0.30632,2.27662,3.6549e-19,-0.2858,2.36239,0.0133984,-0.320037,2.37857,0,-0.21224,2.64131,0.0596153
8.03014,2.84267,0.405279,2.65596,2.82959,0.315591,2.66192,2.96997,0.423427,2,3.09192,0.351226,2.04813,-0.324223,2.27414,0,-0.305228,2.35674,0.0122108,-0.338741,2.37597,0,-0.232132,2.64613,0.0602525
8.04011,2.83956,0.426535,2.65596,2.82645,0.339133,2.66203,2.96672,0.445635,2,3.0895,0.377711,2.04873,-0.341228,2.27165,0,-0.323989,2.35168,0.00928333,-0.356508,2.37337,0,-0.25127,2.65071,0.0592832
8.05011,2.83605,0.449285,2.65596,2.82312,0.362624,2.6621,2.96305,0.469404,2,3.08689,0.404239,2.04931,-0.359428,2.26884,-7.3098e-19,-0.342456,2.34645,0.00585151,-0.375523,2.37044,0,-0.270241,2.6548,0.0578773
8.06016,2.8323,0.472378,2.65596,2.8196,0.386061,2.66214,2.95913,0.493531,2,3.0841,0.430805,2.04988,-0.377902,2.26584,0,-0.360785,2.34096,0.00217361,-0.394825,2.3673,0,-0.28925,2.65841,0.056276
8.07016,2.82837,0.495349,2.65596,2.8159,0.409442,2.66215,2.95502,0.517531,2,3.08111,0.457405,2.05044,-0.396279,2.2627,7.3098e-19,-0.379356,2.33521,-0.000778993,-0.414024,2.36402,0,-0.308641,2.66149,0.055463
8.08049,2.82424,0.518376,2.65596,2.81201,0.432765,2.66213,2.95071,0.541589,2,3.07792,0.484033,2.051,-0.414701,2.25939,0,-0.397976,2.32929,-0.00314077,-0.433271,2.36057,0,-0.328213,2.66406,0.0552979
8.0901,2.8203,0.539403,2.65596,2.80918,0.449055,2.6621,2.94659,0.563558,2,3.07558,0.502687,2.05138,-0.431523,2.25624,7.3098e-19,-0.411081,2.32503,-0.00445875,-0.450846,2.35727,0,-0.342067,2.66554,0.0555474
8.10009,2.81583,0.56225,2.65596,2.80368,0.479228,2.66203,2.94193,0.587427,2,3.07096,0.537353,2.05211,-0.4498,2.25267,0,-0.435484,2.31695,-0.00653945,-0.469942,2.35354,0,-0.368035,2.66759,0.0564345
8.11021,2.81116,0.585172,2.65596,2.79923,0.502366,2.66195,2.93704,0.611375,2,3.06718,0.564035,2.05268,-0.468137,2.24893,7.3098e-19,-0.454053,2.31072,-0.00851707,-0.4891,2.34963,0,-0.387908,2.6686,0.0567954
8.12019,2.80638,0.607702,2.65596,2.7946,0.525441,2.66186,2.93204,0.634915,2,3.0632,0.590723,2.05325,-0.486162,2.2451,7.3098e-19,-0.472577,2.3043,-0.0102471,-0.507932,2.34564,0,-0.407833,2.66899,0.0574442
8.13029,2.80089,0.632488,2.65596,2.78978,0.548451,2.66175,2.92632,0.66081,2,3.05902,0.617412,2.05383,-0.50599,2.24072,0,-0.491158,2.29767,-0.0114764,-0.528648,2.34105,0,-0.427955,2.66874,0.0586085
8.1403,2.79625,0.65271,2.65596,2.78477,0.571395,2.66163,2.92147,0.681938,2,3.05374,0.649431,2.05454,-0.522168,2.237,0,-0.509754,2.29089,-0.0123638,-0.545551,2.33717,0,-0.452288,2.66759,0.0604508
8.15011,2.79085,0.675416,2.65596,2.77958,0.594269,2.6615,2.91583,0.705661,2,3.05006,0.670767,2.05503,-0.540333,2.23268,7.3098e-19,-0.528467,2.2839,-0.0130296,-0.564529,2.33266,0,-0.468668,2.66625,0.0618682
8.16011,2.7854,0.697553,2.65596,2.7742,0.617072,2.66137,2.91013,0.72879,2,3.04527,0.697419,2.05566,-0.558043,2.22832,0,-0.547214,2.27678,-0.0134503,-0.583032,2.32811,0,-0.489245,2.66399,0.0638542
8.17024,2.77976,0.719724,2.65596,2.76864,0.639804,2.66124,2.90423,0.751953,2,3.04027,0.724045,2.05631,-0.575779,2.22381,7.3098e-19,-0.565939,2.26961,-0.0136614,-0.601562,2.32339,0,-0.509889,2.66114,0.0660313
8.18011,2.77391,0.741923,2.65596,2.76289,0.662464,2.6611,2.89813,0.775146,2,3.03507,0.750639,2.05698,-0.593538,2.21913,0,-0.58463,2.26239,-0.0137058,-0.620117,2.3185,0,-0.53057,2.65768,0.0683461
8.19011,2.76806,0.763475,2.65596,2.75695,0.685052,2.66096,2.89201,0.797664,2,3.02966,0.777197,2.05768,-0.61078,2.21445,-7.3098e-19,-0.60328,2.25518,-0.0136447,-0.638131,2.31361,0,-0.551277,2.65365,0.0707251
8.20038,2.76164,0.78639,2.65596,2.75082,0.707568,2.66083,2.8853,0.821604,2,3.02405,0.80371,2.0584,-0.629112,2.20931,0,-0.62184,2.24795,-0.0134678,-0.657283,2.30824,0,-0.571951,2.64903,0.0731667
8.21015,2.75546,0.807761,2.65596,2.74451,0.730011,2.66069,2.87885,0.843932,2,3.01822,0.830175,2.05914,-0.646209,2.20437,0,-0.640307,2.24068,-0.0132293,-0.675146,2.30308,0,-0.592581,2.64377,0.0756053
8.22014,2.74878,0.8302,2.65596,2.73801,0.752381,2.66056,2.87187,0.867376,2,3.01219,0.856583,2.05991,-0.66416,2.19903,7.3098e-19,-0.658784,2.23325,-0.0129855,-0.693901,2.2975,0,-0.61326,2.63778,0.0779731
8.23035,2.74208,0.85208,2.65596,2.73133,0.774676,2.66043,2.86487,0.890235,2,3.00469,0.888189,2.06086,-0.681664,2.19367,7.3098e-19,-0.677185,2.22575,-0.0127025,-0.712188,2.2919,0,-0.637995,2.62975,0.0807528
8.24044,2.73508,0.874294,2.65596,2.72447,0.796896,2.66031,2.85755,0.913444,2,2.99952,0.909204,2.06151,-0.699435,2.18806,0,-0.695412,2.21837,-0.0123659,-0.730756,2.28604,0,-0.65436,2.62399,0.0825683
8.25008,2.72824,0.895411,2.65596,2.71743,0.819043,2.66019,2.85041,0.935507,2,2.99287,0.935406,2.06235,-0.716329,2.18259,7.3098e-19,-0.713598,2.21097,-0.0119842,-0.748406,2.28033,0,-0.6748,2.61624,0.0847737
8.2601,2.721,0.917174,2.65596,2.7102,0.841115,2.66007,2.84284,0.958244,2,2.98602,0.961527,2.06321,-0.733739,2.1768,0,-0.731834,2.2035,-0.011628,-0.766596,2.27428,0,-0.695287,2.60783,0.0868302
8.27029,2.7134,0.939422,2.65596,2.70279,0.863112,2.65995,2.8349,0.981489,2,2.97897,0.98756,2.06409,-0.751538,2.17072,7.3098e-19,-0.750057,2.19586,-0.0113181,-0.785191,2.26792,0,-0.715749,2.59866,0.0887084
8.28014,2.70586,0.96093,2.65596,2.6952,0.885032,2.65984,2.82702,1.00396,2,2.97171,1.0135,2.06498,-0.768744,2.16469,0,-0.768345,2.18812,-0.0110414,-0.803168,2.26162,0,-0.736258,2.58882,0.0904082
8.29041,2.69781,0.98329,2.65596,2.68742,0.906875,2.65973,2.81862,1.02732,2,2.96424,1.03933,2.06589,-0.786632,2.15825,0,-0.786721,2.18033,-0.0108151,-0.821857,2.25489,0,-0.756827,2.57834,0.0919004
8.30036,2.69001,1.00445,2.65596,2.67946,0.928639,2.65963,2.81046,1.04943,2,2.95657,1.06506,2.06682,-0.803557,2.15201,0,-0.804979,2.17253,-0.0105681,-0.83954,2.24837,0,-0.77724,2.56729,0.093245
8.31028,2.68208,1.02542,2.65596,2.67132,0.950326,2.65952,2.80218,1.07134,2,2.9487,1.09068,2.06776,-0.820335,2.14567,-1.46196e-18,-0.823192,2.1648,-0.0103049,-0.857069,2.24175,0,-0.79757,2.55572,0.0944231
8.32009,2.67383,1.04676,2.65596,2.663,0.971935,2.65942,2.79356,1.09363,2,2.94062,1.11618,2.06871,-0.837406,2.13906,0,-0.841388,2.15708,-0.0100469,-0.874905,2.23485,0,-0.817837,2.54359,0.0954012
8.33024,2.6653,1.06827,2.65596,2.6545,0.993467,2.65932,2.78466,1.11611,2,2.93234,1.14155,2.06967,-0.854616,2.13224,0,-0.859611,2.14934,-0.00981675,-0.892885,2.22772,0,-0.838087,2.53091,0.0961501
8.34007,2.65681,1.08923,2.65596,2.64581,1.01492,2.65922,2.77578,1.13801,2,2.92386,1.16679,2.07063,-0.871385,2.12545,-1.46196e-18,-0.877826,2.14155,-0.00961296,-0.910405,2.22062,0,-0.858277,2.51765,0.096664
8.35016,2.64794,1.11061,2.65596,2.63694,1.0363,2.65913,2.76652,1.16034,2,2.91517,1.1919,2.0716,-0.888486,2.11835,0,-0.895941,2.13372,-0.0093931,-0.928272,2.21321,0,-0.878314,2.50383,0.0969756
8.36015,2.63894,1.13184,2.65596,2.62789,1.0576,2.65904,2.75711,1.18252,2,2.90629,1.21687,2.07257,-0.905473,2.11115,0,-0.91403,2.12583,-0.00914341,-0.946019,2.20569,0,-0.89827,2.48946,0.0970916
8.37035,2.62961,1.15334,2.65596,2.61866,1.07881,2.65895,2.74737,1.20498,2,2.89721,1.24169,2.07354,-0.922669,2.10369,0,-0.931991,2.11797,-0.00884092,-0.963986,2.19789,0,-0.918037,2.47463,0.0970299
8.38034,2.62032,1.1743,2.65596,2.60925,1.09995,2.65886,2.73766,1.22688,2,2.88793,1.26636,2.07451,-0.939438,2.09626,0,-0.950046,2.10995,-0.00858284,-0.981505,2.19012,0,-0.937833,2.45917,0.0966887
8.39042,2.61053,1.19591,2.65596,2.59966,1.12101,2.65877,2.72743,1.24946,2,2.87845,1.29087,2.07547,-0.956726,2.08842,0,-0.968045,2.1018,-0.00834543,-0.999568,2.18194,0,-0.957503,2.44314,0.0960904
8.4002,2.60146,1.2155,2.65596,2.58989,1.14199,2.65869,2.71796,1.26993,2,2.86878,1.31522,2.07643,-0.972398,2.08117,1.46196e-18,-0.985849,2.09372,-0.00808511,-1.01594,2.17436,0,-0.976907,2.42674,0.0952741
8.41019,2.59149,1.23662,2.65596,2.57994,1.16289,2.65861,2.70754,1.29199,2,2.85892,1.3394,2.07738,-0.989293,2.07319,0,-1.00354,2.08568,-0.00781837,-1.03359,2.16603,0,-0.996121,2.40995,0.09422
8.42016,2.58151,1.25733,2.65596,2.56982,1.1837,2.65854,2.69711,1.31363,2,2.84886,1.36342,2.07831,-1.00586,2.06521,0,-1.0212,2.07767,-0.00753899,-1.0509,2.15768,0,-1.01524,2.3928,0.0929339
8.43011,2.57141,1.27784,2.65596,2.55952,1.20444,2.65846,2.68656,1.33507,2,2.83861,1.38726,2.07924,-1.02228,2.05713,-1.46196e-18,-1.0388,2.06962,-0.00724041,-1.06805,2.14925,0,-1.03422,2.37525,0.0914249
8.44012,2.56109,1.29841,2.65596,2.54904,1.2251,2.65839,2.67578,1.35655,2,2.82818,1.41092,2.08014,-1.03873,2.04887,0,-1.05631,2.06155,-0.00689078,-1.08524,2.14062,0,-1.05305,2.35732,0.0897273
8.45016,2.55075,1.3186,2.65596,2.53839,1.24567,2.65832,2.66498,1.37764,2,2.81755,1.4344,2.08103,-1.05488,2.0406,0,-1.07384,2.05339,-0.00651317,-1.10211,2.13198,0,-1.07183,2.33897,0.0878198
8.46023,2.53994,1.33931,2.65596,2.52757,1.26616,2.65826,2.65368,1.39928,2,2.80674,1.4577,2.0819,-1.07144,2.03195,1.46196e-18,-1.09126,2.04517,-0.00607088,-1.11942,2.12294,0,-1.09044,2.32027,0.0857444
8.47021,2.52929,1.35931,2.65596,2.51657,1.28658,2.6582,2.64255,1.42018,2,2.79574,1.48081,2.08274,-1.08745,2.02344,0,-1.10864,2.03694,-0.00558289,-1.13614,2.11404,0,-1.10895,2.30128,0.0834869
8.48037,2.51798,1.38015,2.65596,2.50539,1.3069,2.65815,2.63074,1.44195,2,2.78456,1.50372,2.08357,-1.10412,2.01439,-1.46196e-18,-1.12608,2.02867,-0.00512036,-1.15356,2.10459,0,-1.12746,2.282,0.0809834
8.49033,2.50712,1.39979,2.65596,2.49405,1.32715,2.6581,2.61939,1.46247,2,2.77319,1.52645,2.08436,-1.11983,2.0057,1.46196e-18,-1.14345,2.02033,-0.00464659,-1.16997,2.09551,0,-1.14585,2.26242,0.0782778
8.50011,2.49602,1.41948,2.65596,2.48252,1.34731,2.65806,2.60779,1.48304,2,2.76164,1.54897,2.08513,-1.13558,1.99682,-1.46196e-18,-1.16072,2.01192,-0.00408946,-1.18644,2.08623,0,-1.16411,2.24257,0.0754473
8.51014,2.48453,1.43949,2.65596,2.47083,1.36739,2.65802,2.59579,1.50395,2,2.74991,1.5713,2.08587,-1.15159,1.98763,0,-1.17791,2.0034,-0.00348856,-1.20316,2.07663,0,-1.18223,2.22242,0.0724601
8.52021,2.4728,1.45955,2.65596,2.45897,1.38738,2.65799,2.58353,1.52491,2,2.738,1.59342,2.08658,-1.16764,1.97824,0,-1.19484,1.99464,-0.00286505,-1.21993,2.06683,0,-1.20008,2.20188,0.0693059
8.53046,2.46046,1.48027,2.65596,2.44693,1.40728,2.65796,2.57063,1.54656,2,2.72591,1.61533,2.08726,-1.18422,1.96837,0,-1.21157,1.98568,-0.00218969,-1.23724,2.05651,0,-1.21769,2.18101,0.0660273
8.54019,2.44917,1.49887,2.65596,2.43474,1.42709,2.65794,2.55885,1.56598,2,2.71365,1.63704,2.0879,-1.19909,1.95934,1.46196e-18,-1.22801,1.97678,-0.00142058,-1.25279,2.04708,0,-1.23499,2.16009,0.0626785
8.55023,2.43703,1.51852,2.65596,2.41988,1.45075,2.65793,2.54616,1.58652,2,2.70121,1.65853,2.08851,-1.21482,1.94963,1.46196e-18,-1.24746,1.966,-0.000396491,-1.26922,2.03693,0,-1.25204,2.139,0.0592624
8.56017,2.42425,1.53885,2.65596,2.40985,1.46645,2.65793,2.5328,1.60776,2,2.68861,1.67982,2.08908,-1.23108,1.9394,-1.46196e-18,-1.26022,1.95879,0.000149336,-1.28621,2.02624,0,-1.26881,2.11783,0.0555948
8.57009,2.41262,1.55703,2.65596,2.39717,1.48599,2.65794,2.52065,1.62675,2,2.67584,1.70089,2.08962,-1.24562,1.93009,1.46196e-18,-1.27573,1.94983,0.000428582,-1.3014,2.01652,0,-1.28513,2.09679,0.0513943
8.58015,2.39998,1.57643,2.65596,2.38434,1.50544,2.65794,2.50745,1.64702,2,2.6629,1.72175,2.09011,-1.26115,1.91999,0,-1.29108,1.9407,0.000541133,-1.31762,2.00596,0,-1.30124,2.07561,0.0469505
8.5902,2.38725,1.59564,2.65596,2.37135,1.5248,2.65795,2.49415,1.6671,2,2.64981,1.7424,2.09056,-1.27652,1.9098,0,-1.30621,1.9316,0.000951793,-1.33368,1.99532,0,-1.31709,2.05444,0.0427203
8.6004,2.3741,1.61514,2.65596,2.35822,1.54407,2.65796,2.48042,1.68746,2,2.63656,1.76284,2.09097,-1.29211,1.89928,1.46196e-18,-1.32102,1.92253,0.00167589,-1.34997,1.98433,0,-1.33261,2.0333,0.038723
8.61041,2.36058,1.63484,2.65596,2.34493,1.56325,2.65798,2.46629,1.70804,2,2.62316,1.78307,2.09134,-1.30787,1.88847,0,-1.33573,1.91333,0.00255647,-1.36643,1.97303,0,-1.34802,2.01206,0.0348263
8.62005,2.34855,1.65207,2.65596,2.3315,1.58234,2.65801,2.45372,1.72605,2,2.6096,1.80308,2.09166,-1.32166,1.87884,-1.46196e-18,-1.35043,1.90396,0.00350192,-1.38084,1.96298,0,-1.36337,1.99074,0.0309687
8.63013,2.33474,1.67154,2.65596,2.31792,1.60133,2.65805,2.43929,1.74639,2,2.59589,1.82288,2.09195,-1.33723,1.86779,-1.46196e-18,-1.36497,1.89444,0.00454259,-1.39711,1.95143,0,-1.37853,1.96936,0.0272058
8.64009,2.32167,1.68965,2.65596,2.3042,1.62023,2.6581,2.42563,1.76531,2,2.58203,1.84247,2.09221,-1.35172,1.85733,0,-1.37935,1.88463,0.00558871,-1.41225,1.9405,0,-1.3935,1.94784,0.0234627
8.65006,2.30821,1.70799,2.65596,2.29034,1.63902,2.65816,2.41157,1.78447,2,2.56802,1.86184,2.09242,-1.36639,1.84657,-1.46196e-18,-1.39366,1.87463,0.00664456,-1.42758,1.92926,0,-1.40838,1.92627,0.0197598
8.66025,2.29418,1.72678,2.65596,2.27633,1.65772,2.65824,2.39691,1.80411,2,2.55387,1.88099,2.0926,-1.38143,1.83535,0,-1.40783,1.86447,0.00776828,-1.44328,1.91753,0,-1.42307,1.90472,0.0161755
8.67024,2.2804,1.74495,2.65596,2.26218,1.67631,2.65832,2.38251,1.82309,2,2.53956,1.89993,2.09275,-1.39596,1.82432,-1.46196e-18,-1.42189,1.85423,0.00889995,-1.45847,1.90601,0,-1.43763,1.88328,0.0126657
8.68041,2.26569,1.76399,2.65596,2.24789,1.6948,2.65841,2.36715,1.84299,2,2.52511,1.91866,2.09286,-1.4112,1.81256,1.46196e-18,-1.43592,1.84383,0.0100296,-1.47439,1.89372,0,-1.45211,1.86189,0.00923828
8.69029,2.2521,1.78132,2.65596,2.23346,1.71319,2.65852,2.35294,1.86109,2,2.51052,1.93717,2.09293,-1.42506,1.80168,0,-1.45,1.83317,0.0110636,-1.48887,1.88236,0,-1.46661,1.84047,0.00581957
8.70008,2.23804,1.79896,2.65596,2.21889,1.73147,2.65864,2.33825,1.87951,2,2.49578,1.95547,2.09297,-1.43917,1.79043,0,-1.46396,1.82236,0.012097,-1.50361,1.8706,0,-1.48094,1.81916,0.0025219
8.7101,2.22324,1.81721,2.65596,2.20418,1.74964,2.65876,2.32279,1.89859,2,2.4809,1.97356,2.09298,-1.45377,1.77859,-1.46196e-18,-1.47777,1.81141,0.0131367,-1.51887,1.85824,0,-1.49507,1.79799,-0.00063611
8.7202,2.20879,1.83474,2.65596,2.18934,1.76769,2.6589,2.3077,1.9169,2,2.46588,1.99143,2.09296,-1.46779,1.76704,0,-1.49146,1.8002,0.0141325,-1.53352,1.84616,0,-1.50905,1.77685,-0.00369236
8.7301,2.194,1.85241,2.65596,2.17435,1.78564,2.65904,2.29224,1.93536,2,2.45072,2.00909,2.09291,-1.48193,1.7552,-1.46196e-18,-1.50495,1.78883,0.015128,-1.54829,1.83379,0,-1.52277,1.75586,-0.00658668
8.74023,2.17912,1.86989,2.65596,2.15924,1.80347,2.6592,2.2767,1.95363,2,2.43543,2.02655,2.09283,-1.49591,1.74329,0,-1.51835,1.77716,0.0160456,-1.5629,1.82136,0,-1.53636,1.7349,-0.00938254
8.75041,2.16392,1.88746,2.65596,2.14399,1.82118,2.65936,2.26082,1.97198,2,2.42,2.04379,2.09272,-1.50997,1.73113,1.46196e-18,-1.53166,1.76512,0.0168628,-1.57758,1.80865,0,-1.5498,1.71391,-0.01209
8.76017,2.14889,1.90455,2.65596,2.1286,1.83877,2.65954,2.24512,1.98984,2,2.40443,2.06083,2.09259,-1.52364,1.71911,0,-1.54494,1.75298,0.0176008,-1.59187,1.79609,0,-1.56314,1.69318,-0.0146752
8.77012,2.13359,1.92168,2.65596,2.11309,1.85624,2.65972,2.22913,2.00773,2,2.38873,2.07765,2.09243,-1.53734,1.70687,0,-1.55833,1.74059,0.018155,-1.60618,1.78331,0,-1.57652,1.67257,-0.0172338
8.78015,2.11792,1.93893,2.65596,2.09744,1.87358,2.6599,2.21276,2.02576,2,2.3729,2.09428,2.09224,-1.55115,1.69434,-1.46196e-18,-1.57166,1.72807,0.0186387,-1.62061,1.77021,0,-1.58976,1.65219,-0.0196458
8.79025,2.10248,1.95567,2.65596,2.07848,1.89423,2.66013,2.19662,2.04324,2,2.35694,2.1107,2.09204,-1.56454,1.68198,1.46196e-18,-1.58757,1.71276,0.0190728,-1.63459,1.7573,0,-1.60286,1.63199,-0.0219456
8.80024,2.08591,1.97333,2.65596,2.06574,1.90789,2.66028,2.17931,2.0617,2,2.34085,2.12692,2.09181,-1.57867,1.66873,1.46196e-18,-1.59808,1.70246,0.0190727,-1.64936,1.74345,0,-1.61581,1.61207,-0.0243298
8.81028,2.07087,1.98911,2.65596,2.0497,1.92485,2.66047,2.1636,2.07818,2,2.32462,2.14294,2.09155,-1.59128,1.6567,2.92392e-18,-1.61085,1.68963,0.0186109,-1.66254,1.73088,0,-1.62832,1.59267,-0.027001
8.82008,2.05508,2.00542,2.65596,2.03352,1.94168,2.66065,2.14711,2.09522,2,2.30828,2.15877,2.09127,-1.60433,1.64406,0,-1.62338,1.67672,0.0179482,-1.67617,1.71768,0,-1.64052,1.57364,-0.0296266
8.83019,2.03887,2.0219,2.65596,2.01723,1.95838,2.66083,2.13017,2.11244,2,2.29181,2.17442,2.09096,-1.61752,1.63109,1.46196e-18,-1.63598,1.66361,0.0173451,-1.68995,1.70413,0,-1.6527,1.55482,-0.0319516
8.84017,2.02271,2.03806,2.65596,2.0008,1.97495,2.661,2.11329,2.12932,2,2.27522,2.18987,2.09063,-1.63045,1.61817,0,-1.64879,1.65038,0.0168464,-1.70346,1.69063,0,-1.66501,1.5363,-0.0339399
8.85037,2.006,2.05451,2.65596,1.98425,1.99139,2.66117,2.09582,2.14651,2,2.25851,2.20514,2.09028,-1.64361,1.6048,0,-1.66159,1.63706,0.0164857,-1.71721,1.67666,0,-1.67723,1.51815,-0.0355524
8.86033,1.98967,2.07033,2.65596,1.96757,2.00769,2.66133,2.07876,2.16304,2,2.24168,2.22023,2.08992,-1.65627,1.59173,2.92392e-18,-1.67449,1.62353,0.0161875,-1.73043,1.66301,0,-1.68948,1.50023,-0.0368646
8.87022,1.97316,2.08607,2.65596,1.95076,2.02386,2.66149,2.06152,2.17948,2,2.22472,2.23515,2.08954,-1.66885,1.57853,1.46196e-18,-1.6875,1.60986,0.0158776,-1.74358,1.64922,0,-1.70177,1.48265,-0.0379528
8.88019,1.95648,2.10173,2.65596,1.93382,2.03989,2.66165,2.04409,2.19584,2,2.20764,2.24989,2.08916,-1.68138,1.56518,1.46196e-18,-1.70059,1.59606,0.0155664,-1.75667,1.63527,0,-1.71408,1.46542,-0.038808
8.89028,1.93958,2.11732,2.65596,1.91675,2.05578,2.6618,2.02644,2.21214,2,2.19044,2.26446,2.08877,-1.69386,1.55167,0,-1.71371,1.58206,0.0152159,-1.76971,1.62115,0,-1.72637,1.44848,-0.039477
8.90039,1.9221,2.13321,2.65596,1.89955,2.07153,2.66195,2.00817,2.22874,2,2.17312,2.27886,2.08837,-1.70657,1.53768,0,-1.72688,1.56791,0.0148138,-1.78299,1.60653,0,-1.73867,1.43187,-0.0399798
8.91011,1.90565,2.14791,2.65596,1.88221,2.08714,2.6621,1.99099,2.2441,2,2.15567,2.2931,2.08797,-1.71833,1.52452,-2.92392e-18,-1.74015,1.55361,0.0143072,-1.79528,1.59279,0,-1.75103,1.41562,-0.0403749
8.92017,1.88782,2.1636,2.65596,1.86474,2.1026,2.66224,1.97236,2.26049,2,2.1381,2.30717,2.08756,-1.73088,1.51026,0,-1.7535,1.53901,0.013686,-1.80839,1.57789,0,-1.76344,1.39957,-0.0406799
8.93033,1.8706,2.17851,2.65596,1.84714,2.11792,2.66237,1.95437,2.27606,2,2.1204,2.32109,2.08716,-1.74281,1.49648,-1.46196e-18,-1.7667,1.52431,0.0130382,-1.82085,1.56349,0,-1.77568,1.38392,-0.0408183
8.94022,1.8534,2.19316,2.65596,1.82941,2.13309,2.6625,1.9364,2.29137,2,2.10258,2.33485,2.08675,-1.75453,1.48272,0,-1.77969,1.50933,0.0123848,-1.8331,1.54912,0,-1.78772,1.36849,-0.04078
8.95018,1.83589,2.20784,2.65596,1.81155,2.14811,2.66262,1.9181,2.30671,2,2.08465,2.34846,2.08634,-1.76627,1.46871,0,-1.79252,1.49408,0.0116749,-1.84537,1.53448,0,-1.79958,1.35328,-0.0406251
8.96006,1.81838,2.22229,2.65596,1.79356,2.16297,2.66273,1.8998,2.3218,2,2.06659,2.36192,2.08594,-1.77783,1.4547,0,-1.80517,1.47859,0.0109198,-1.85744,1.51984,0,-1.81128,1.33834,-0.0403487
8.97015,1.80028,2.23697,2.65596,1.77545,2.17768,2.66284,1.88089,2.33714,2,2.04842,2.37523,2.08553,-1.78958,1.44022,0,-1.81774,1.46291,0.0101304,-1.86971,1.50472,0,-1.82291,1.32371,-0.0399479
8.98014,1.78215,2.25144,2.65596,1.75721,2.19223,2.66293,1.86195,2.35226,2,2.03013,2.38839,2.08514,-1.80115,1.42572,0,-1.83033,1.44716,0.00932415,-1.88181,1.48956,0,-1.83457,1.3095,-0.0394144
8.99013,1.76355,2.26604,2.65596,1.73884,2.20662,2.66302,1.84252,2.36752,2,2.01173,2.40142,2.08475,-1.81283,1.41084,1.46196e-18,-1.8429,1.43123,0.00848865,-1.89401,1.47401,0,-1.84623,1.2956,-0.0387689
9.00024,1.74586,2.2797,2.65596,1.71663,2.22368,2.66312,1.82404,2.38178,2,1.99321,2.41431,2.08436,-1.82376,1.39669,1.46196e-18,-1.85796,1.41172,0.00740507,-1.90543,1.45923,0,-1.85788,1.28187,-0.0380496
9.0101,1.72787,2.29336,2.65596,1.70173,2.23492,2.66317,1.80524,2.39606,2,1.97457,2.42706,2.08398,-1.83469,1.3823,1.46196e-18,-1.86782,1.39873,0.00628838,-1.91685,1.44419,0,-1.86941,1.26858,-0.0376347
9.0201,1.70924,2.30728,2.65596,1.68299,2.24882,2.66323,1.78577,2.4106,2,1.95582,2.43968,2.08361,-1.84583,1.36739,-1.46196e-18,-1.8798,1.38239,0.00464138,-1.92848,1.42862,0,-1.88064,1.25569,-0.0374745
9.03034,1.69058,2.32099,2.65596,1.66413,2.26257,2.66327,1.76628,2.42492,2,1.93696,2.45217,2.08324,-1.85679,1.35247,1.46196e-18,-1.89166,1.36573,0.0030903,-1.93994,1.41303,0,-1.89184,1.24295,-0.0371311
9.04037,1.67196,2.33444,2.65596,1.64516,2.27614,2.66329,1.74682,2.43898,2,1.91798,2.46454,2.08287,-1.86755,1.33756,0,-1.90366,1.34883,0.00165495,-1.95118,1.39746,0,-1.90323,1.23041,-0.0365805
9.05018,1.65351,2.34754,2.65596,1.62606,2.28954,2.6633,1.72755,2.45266,2,1.8989,2.47678,2.08251,-1.87803,1.32281,1.46196e-18,-1.91559,1.33177,0.000366722,-1.96213,1.38204,0,-1.9146,1.21814,-0.0358038
9.06025,1.63453,2.3608,2.65596,1.60685,2.30277,2.6633,1.70772,2.46651,2,1.87969,2.4889,2.08215,-1.88864,1.30762,0,-1.92742,1.31446,-0.000876587,-1.97321,1.36618,0,-1.92595,1.20603,-0.0349184
9.07024,1.61551,2.37385,2.65596,1.58751,2.31583,2.66328,1.68785,2.48015,2,1.86038,2.5009,2.08181,-1.89908,1.29241,0,-1.93906,1.29695,-0.00206307,-1.98412,1.35028,0,-1.93721,1.19411,-0.0339246
9.08011,1.59674,2.38652,2.65596,1.56807,2.32871,2.66326,1.66824,2.49339,2,1.84095,2.51279,2.08147,-1.90922,1.27739,-1.46196e-18,-1.95047,1.27949,-0.00311932,-1.99471,1.33459,0,-1.94833,1.18265,-0.0327571
9.09009,1.57732,2.3994,2.65596,1.54851,2.34142,2.66322,1.64795,2.50684,2,1.82141,2.52456,2.08115,-1.91952,1.26185,-1.46196e-18,-1.96163,1.26198,-0.00406245,-2.00547,1.31836,0,-1.9593,1.1715,-0.03144
9.10015,1.55792,2.41204,2.65596,1.52883,2.35395,2.66318,1.62768,2.52005,2,1.80176,2.53622,2.08085,-1.92963,1.24634,1.46196e-18,-1.97262,1.24432,-0.00490602,-2.01604,1.30215,0,-1.97022,1.16056,-0.0299954
9.11018,1.53902,2.42414,2.65596,1.50905,2.36631,2.66312,1.60793,2.5327,2,1.78201,2.54777,2.08055,-1.93932,1.23121,0,-1.98331,1.22659,-0.00563146,-2.02616,1.28635,0,-1.98093,1.1499,-0.0284071
9.12028,1.51946,2.43645,2.65596,1.48917,2.37848,2.66306,1.58751,2.54555,2,1.76214,2.55922,2.08028,-1.94916,1.21557,-1.46196e-18,-1.99385,1.20875,-0.0063664,-2.03644,1.27,0,-1.99161,1.13946,-0.0268063
9.13006,1.50038,2.44824,2.65596,1.46918,2.39048,2.663,1.56757,2.55787,2,1.74218,2.57056,2.08002,-1.95859,1.20031,1.46196e-18,-2.004,1.1908,-0.00701713,-2.0463,1.25406,0,-2.00203,1.12925,-0.0251073
9.14027,1.48019,2.46051,2.65596,1.44909,2.4023,2.66292,1.54647,2.57069,2,1.7221,2.5818,2.07977,-1.96841,1.18415,-1.46196e-18,-2.014,1.17269,-0.00764291,-2.05655,1.23718,0,-2.01241,1.11916,-0.023374
9.15014,1.46048,2.47226,2.65596,1.4289,2.41393,2.66284,1.52588,2.58296,2,1.70193,2.59294,2.07955,-1.97781,1.16838,1.46196e-18,-2.02386,1.15444,-0.00824475,-2.06637,1.2207,0,-2.02277,1.10922,-0.0216115
9.16038,1.4403,2.48407,2.65596,1.40861,2.42539,2.66276,1.50479,2.5953,2,1.68165,2.60399,2.07934,-1.98725,1.15224,1.46196e-18,-2.03359,1.13607,-0.00884908,-2.07624,1.20384,0,-2.03312,1.09942,-0.0198483
9.17032,1.42073,2.49531,2.65596,1.38823,2.43665,2.66267,1.48435,2.60705,2,1.66126,2.61493,2.07915,-1.99625,1.13658,-1.46196e-18,-2.04322,1.11766,-0.0094149,-2.08564,1.18748,0,-2.04349,1.08981,-0.0180485
9.18008,1.40108,2.5064,2.65596,1.36775,2.44774,2.66257,1.46382,2.61863,2,1.64078,2.62578,2.07898,-2.00512,1.12086,0,-2.05259,1.09917,-0.00987759,-2.09491,1.17105,0,-2.05371,1.08033,-0.0161518
9.1902,1.38088,2.51758,2.65596,1.34718,2.45864,2.66247,1.44272,2.63032,2,1.62019,2.63654,2.07883,-2.01407,1.10471,0,-2.06175,1.0806,-0.0102931,-2.10425,1.15417,0,-2.06386,1.07095,-0.0142195
9.20019,1.36034,2.52874,2.65596,1.32651,2.46935,2.66236,1.42126,2.64197,2,1.5995,2.6472,2.0787,-2.02299,1.08827,0,-2.07089,1.06192,-0.010729,-2.11358,1.13701,0,-2.0741,1.06161,-0.012325
9.21046,1.33962,2.53977,2.65596,1.30576,2.47988,2.66225,1.39961,2.6535,2,1.57871,2.65777,2.07858,-2.03182,1.0717,0,-2.0799,1.04327,-0.0111631,-2.1228,1.11969,0,-2.08435,1.05245,-0.0104447
9.22042,1.31955,2.55026,2.65596,1.28492,2.49022,2.66214,1.37863,2.66446,2,1.55781,2.66825,2.07849,-2.04021,1.05564,0,-2.08864,1.02469,-0.0115413,-2.13157,1.10291,0,-2.09444,1.04348,-0.0085254
9.23014,1.29902,2.56078,2.65596,1.26399,2.50037,2.66202,1.35719,2.67545,2,1.53682,2.67864,2.07841,-2.04862,1.03922,0,-2.09712,1.00606,-0.0118958,-2.14036,1.08575,0,-2.10441,1.03453,-0.00660378
9.24018,1.27894,2.57087,2.65596,1.24297,2.51034,2.6619,1.33621,2.68599,2,1.51573,2.68894,2.07836,-2.0567,1.02315,1.46196e-18,-2.10546,0.987241,-0.0122673,-2.14879,1.06897,0,-2.11435,1.02547,-0.00472077
9.25009,1.25847,2.58095,2.65596,1.22188,2.52011,2.66178,1.31483,2.69652,2,1.49453,2.69915,2.07832,-2.06476,1.00678,0,-2.11358,0.968431,-0.0126383,-2.15722,1.05186,0,-2.12418,1.01646,-0.00285649
9.2605,1.23697,2.59132,2.65596,1.2007,2.52971,2.66165,1.29236,2.70736,2,1.47324,2.70927,2.0783,-2.07306,0.989573,0,-2.12141,0.949757,-0.0129675,-2.16589,1.03389,0,-2.13385,1.0076,-0.000971328
9.27013,1.21689,2.60081,2.65596,1.17945,2.53911,2.66152,1.27138,2.71728,2,1.45186,2.7193,2.0783,-2.08065,0.973512,0,-2.12913,0.930961,-0.0133129,-2.17382,1.01711,0,-2.14352,0.998618,0.000872481
9.28015,1.19599,2.61049,2.65596,1.15812,2.54832,2.66138,1.24954,2.72739,2,1.43037,2.72924,2.07832,-2.08839,0.95679,0,-2.13667,0.912087,-0.0136592,-2.18191,0.999634,0,-2.15311,0.989531,0.0026962
9.2902,1.17506,2.61998,2.65596,1.13672,2.55735,2.66125,1.22768,2.7373,2,1.40879,2.73909,2.07835,-2.09598,0.94005,-1.46196e-18,-2.14402,0.893186,-0.0139692,-2.18984,0.982145,0,-2.16261,0.980375,0.00453835
9.30038,1.15357,2.62951,2.65596,1.11524,2.56619,2.6611,1.20522,2.74726,2,1.38712,2.74885,2.07841,-2.10361,0.922855,0,-2.15131,0.874029,-0.0143174,-2.19781,0.96418,0,-2.17216,0.970892,0.00632075
9.31013,1.13301,2.63844,2.65596,1.09369,2.57483,2.66096,1.18374,2.75658,2,1.36535,2.75851,2.07848,-2.11075,0.906405,0,-2.15842,0.854867,-0.0146174,-2.20527,0.946993,0,-2.18162,0.96131,0.00813027
9.32016,1.11189,2.6474,2.65596,1.07207,2.58328,2.66081,1.16168,2.76595,2,1.34349,2.76807,2.07857,-2.11792,0.889512,1.46196e-18,-2.16519,0.835778,-0.0148498,-2.21276,0.929344,0,-2.19082,0.951683,0.00998812
9.33013,1.09076,2.65618,2.65596,1.05039,2.59155,2.66066,1.1396,2.77512,2,1.32154,2.77754,2.07868,-2.12494,0.872609,1.46196e-18,-2.17172,0.816653,-0.0150433,-2.2201,0.911684,0,-2.19987,0.941871,0.0118614
9.34022,1.06924,2.66492,2.65596,1.02864,2.59962,2.66051,1.11712,2.78425,2,1.29949,2.78691,2.07881,-2.13193,0.855393,-1.46196e-18,-2.17806,0.797464,-0.015197,-2.2274,0.893697,0,-2.2088,0.93183,0.013751
9.35032,1.04769,2.67346,2.65596,1.00683,2.6075,2.66036,1.0946,2.79318,2,1.27736,2.79618,2.07895,-2.13877,0.83815,0,-2.18416,0.778289,-0.0153165,-2.23454,0.875682,0,-2.21757,0.921624,0.0156556
9.36008,1.02674,2.68158,2.65596,0.984958,2.61518,2.6602,1.07272,2.80166,2,1.25514,2.80534,2.07912,-2.14526,0.821394,0,-2.19004,0.759237,-0.0153847,-2.24132,0.858176,0,-2.22617,0.911338,0.0175928
9.37032,1.00479,2.68988,2.65596,0.963029,2.62268,2.66005,1.04978,2.81033,2,1.23284,2.8144,2.07931,-2.1519,0.803829,-1.46196e-18,-2.1956,0.740322,-0.0153961,-2.24827,0.839824,0,-2.2345,0.900963,0.0195674
9.38011,0.982827,2.69798,2.65596,0.941046,2.62999,2.6599,1.02684,2.81879,2,1.21045,2.82336,2.07951,-2.15838,0.786261,0,-2.20105,0.721393,-0.0154179,-2.25504,0.82147,0,-2.24275,0.890331,0.0215107
9.39024,0.961807,2.70555,2.65596,0.919008,2.63711,2.65974,1.00488,2.8267,2,1.18798,2.83221,2.07974,-2.16444,0.769446,-7.3098e-19,-2.20654,0.702423,-0.0155013,-2.26136,0.803901,0,-2.25108,0.879406,0.0233747
9.40023,0.939972,2.71321,2.65596,0.896916,2.64404,2.65959,0.982063,2.83471,2,1.16543,2.84095,2.07998,-2.17057,0.751977,-7.3098e-19,-2.21179,0.683436,-0.0155699,-2.26776,0.78565,0,-2.25919,0.8682,0.0252392
9.41023,0.918698,2.72049,2.65596,0.874773,2.65078,2.65943,0.959836,2.84231,2,1.1428,2.84957,2.08024,-2.17639,0.734958,0,-2.21678,0.664446,-0.0156178,-2.27385,0.767869,0,-2.26706,0.856697,0.0271
9.42015,0.896696,2.72782,2.65596,0.85258,2.65733,2.65927,0.936849,2.84997,2,1.12009,2.85808,2.08052,-2.18225,0.717357,0,-2.22174,0.645283,-0.0157368,-2.27997,0.749479,0,-2.27491,0.84471,0.0288594
9.43023,0.874402,2.73504,2.65596,0.830338,2.66368,2.65912,0.913557,2.85752,2,1.0973,2.86647,2.08082,-2.18804,0.699521,1.46196e-18,-2.22667,0.626036,-0.0158913,-2.28602,0.730846,0,-2.28275,0.832314,0.030553
9.44018,0.853033,2.74178,2.65596,0.808048,2.66985,2.65896,0.891232,2.86456,2,1.07444,2.87473,2.08113,-2.19343,0.682427,-7.3098e-19,-2.23148,0.606882,-0.0160288,-2.29165,0.712986,0,-2.29046,0.819668,0.0322292
9.4503,0.830482,2.7487,2.65596,0.785709,2.67582,2.6588,0.86767,2.87178,2,1.05149,2.88286,2.08146,-2.19896,0.664385,0,-2.23618,0.587765,-0.0161853,-2.29743,0.694136,0,-2.29804,0.806686,0.0338446
9.46021,0.80902,2.75509,2.65596,0.763324,2.6816,2.65863,0.845247,2.87846,2,1.02848,2.89086,2.08181,-2.20407,0.647216,0,-2.24073,0.568639,-0.0163613,-2.30277,0.676198,0,-2.30546,0.793309,0.0353887
9.47039,0.786509,2.7616,2.65596,0.740895,2.68719,2.65847,0.821728,2.88527,2,1.00076,2.90028,2.08224,-2.20928,0.629207,0,-2.24516,0.549508,-0.0165494,-2.30821,0.657382,0,-2.31417,0.776746,0.0371558
9.48054,0.763706,2.768,2.65596,0.718421,2.69259,2.6583,0.797904,2.89195,2,0.982221,2.90645,2.08255,-2.2144,0.610965,7.3098e-19,-2.24955,0.530487,-0.0167513,-2.31356,0.638323,0,-2.31995,0.765446,0.0382619
9.49036,0.74214,2.77386,2.65596,0.695904,2.6978,2.65813,0.775372,2.89807,2,0.958985,2.91403,2.08293,-2.21908,0.593712,0,-2.25389,0.511389,-0.017007,-2.31845,0.620298,0,-2.32709,0.750859,0.039536
9.50011,0.720403,2.77958,2.65596,0.673343,2.70282,2.65796,0.752662,2.90405,2,0.935679,2.92146,2.08334,-2.22366,0.576322,0,-2.25819,0.492312,-0.0172784,-2.32324,0.60213,0,-2.33413,0.735856,0.0407213
9.51027,0.697998,2.78529,2.65596,0.650741,2.70765,2.65779,0.729254,2.91002,2,0.912303,2.92875,2.08375,-2.22823,0.558399,0,-2.26236,0.473324,-0.0175296,-2.32801,0.583403,0,-2.34099,0.720495,0.0418433
9.5202,0.675466,2.79084,2.65596,0.628097,2.71229,2.65761,0.705713,2.91581,2,0.88886,2.93587,2.08417,-2.23267,0.540373,0,-2.26638,0.454439,-0.0177984,-2.33265,0.564571,0,-2.34765,0.704772,0.0428487
9.53031,0.652867,2.79621,2.65596,0.605413,2.71674,2.65743,0.682102,2.92143,2,0.86535,2.94284,2.08461,-2.23697,0.522294,0,-2.27046,0.435711,-0.0180787,-2.33714,0.545682,0,-2.35433,0.688735,0.0437354
9.54025,0.630112,2.80143,2.65596,0.582688,2.721,2.65725,0.658328,2.92688,2,0.841774,2.94965,2.08505,-2.24114,0.504089,0,-2.27444,0.417182,-0.0183023,-2.3415,0.526662,0,-2.36084,0.67242,0.0445661
9.55008,0.608692,2.80616,2.65596,0.559924,2.72508,2.65707,0.635949,2.93182,2,0.818134,2.95629,2.0855,-2.24493,0.486953,-7.3098e-19,-2.2782,0.398742,-0.0184903,-2.34546,0.508759,0,-2.36706,0.655714,0.0453118
9.56031,0.585737,2.81104,2.65596,0.537124,2.72898,2.65688,0.611965,2.93692,2,0.794433,2.96276,2.08595,-2.24883,0.468589,7.3098e-19,-2.28188,0.380466,-0.0186493,-2.34954,0.489572,0,-2.37314,0.638693,0.0459577
9.57014,0.56376,2.81553,2.65596,0.514286,2.73269,2.65669,0.589004,2.94161,2,0.770671,2.96906,2.08642,-2.25243,0.451008,0,-2.28565,0.36225,-0.0188051,-2.35329,0.471204,0,-2.37924,0.621253,0.0464687
9.58014,0.540112,2.82016,2.65596,0.491412,2.73622,2.6565,0.564298,2.94645,2,0.746849,2.97518,2.08688,-2.25613,0.43209,7.3098e-19,-2.28914,0.34424,-0.0188801,-2.35716,0.451439,0,-2.385,0.603544,0.0469168
9.59015,0.518607,2.8242,2.65596,0.468504,2.73958,2.65631,0.54183,2.95066,2,0.722972,2.98113,2.08735,-2.25936,0.414885,0,-2.29249,0.32642,-0.0188862,-2.36053,0.433464,0,-2.39053,0.585547,0.0472789
9.60013,0.494996,2.82843,2.65596,0.445563,2.74275,2.65613,0.517162,2.95509,2,0.699039,2.98689,2.08783,-2.26275,0.395997,0,-2.29571,0.308727,-0.0188562,-2.36407,0.413729,0,-2.39586,0.567205,0.0475169
9.61015,0.473519,2.83211,2.65596,0.42259,2.74575,2.65594,0.494723,2.95893,2,0.675055,2.99247,2.0883,-2.26569,0.378815,-3.6549e-19,-2.29877,0.291132,-0.0188002,-2.36714,0.395778,0,-2.40095,0.5485,0.0476183
9.6201,0.450063,2.83593,2.65596,0.399588,2.74858,2.65575,0.470217,2.96292,2,0.651021,2.99786,2.08878,-2.26874,0.360051,0,-2.30162,0.27365,-0.0187089,-2.37034,0.376174,0,-2.40574,0.529455,0.0475888
9.63042,0.427156,2.83947,2.65596,0.376559,2.75123,2.65556,0.446284,2.96662,2,0.626942,3.00306,2.08925,-2.27158,0.341725,-3.6549e-19,-2.30415,0.256374,-0.0184911,-2.3733,0.357027,0,-2.41014,0.51017,0.0475114
9.64024,0.404705,2.84276,2.65596,0.353505,2.7537,2.65538,0.422827,2.97005,2,0.602819,3.00806,2.08973,-2.2742,0.323764,0,-2.30659,0.239248,-0.0181789,-2.37604,0.338262,0,-2.41435,0.490592,0.04735
9.65014,0.382073,2.84589,2.65596,0.330427,2.75601,2.6552,0.399182,2.97332,2,0.578655,3.01287,2.0902,-2.27671,0.305658,-3.6549e-19,-2.30899,0.222194,-0.0178242,-2.37866,0.319345,0,-2.41841,0.470665,0.0470596
9.66016,0.359475,2.84883,2.65596,0.307326,2.75815,2.65502,0.375572,2.9764,2,0.554452,3.01748,2.09067,-2.27906,0.28758,-3.6549e-19,-2.31114,0.205313,-0.0173944,-2.38112,0.300458,0,-2.42214,0.450503,0.0466703
9.67018,0.337023,2.85157,2.65596,0.284205,2.76012,2.65485,0.352114,2.97926,2,0.530214,3.02188,2.09113,-2.28126,0.269618,-3.6549e-19,-2.31305,0.188413,-0.0169267,-2.38341,0.281692,0,-2.42552,0.429923,0.0461363
9.68027,0.313073,2.8543,2.65596,0.261066,2.76192,2.65469,0.327093,2.98212,2,0.505943,3.02607,2.09159,-2.28344,0.250459,0,-2.31474,0.171542,-0.0164412,-2.38569,0.261674,0,-2.42859,0.408985,0.0454372
9.69011,0.291457,2.85659,2.65596,0.237911,2.76355,2.65452,0.304509,2.98451,2,0.481643,3.03006,2.09204,-2.28527,0.233166,3.6549e-19,-2.31613,0.154731,-0.0159107,-2.3876,0.243607,0,-2.43126,0.387738,0.0446047
9.70012,0.268345,2.85885,2.65596,0.214744,2.76501,2.65437,0.280361,2.98687,2,0.457319,3.03383,2.09248,-2.28708,0.214676,0,-2.31735,0.137982,-0.0153926,-2.3895,0.224289,0,-2.43364,0.366195,0.0435847
9.71027,0.24533,2.86092,2.65596,0.191565,2.76631,2.65422,0.256315,2.98903,2,0.432971,3.03738,2.09291,-2.28874,0.196264,0,-2.31839,0.12128,-0.0148562,-2.39122,0.205052,0,-2.43573,0.344355,0.04241
9.72017,0.222508,2.86279,2.65596,0.168377,2.76744,2.65407,0.232471,2.99098,2,0.408605,3.04072,2.09333,-2.29023,0.178006,1.82745e-19,-2.31926,0.104754,-0.0142198,-2.39278,0.185977,0,-2.43753,0.322362,0.0411639
9.73015,0.199667,2.86447,2.65596,0.14518,2.7684,2.65393,0.208608,2.99274,2,0.384222,3.04383,2.09374,-2.29158,0.159734,0,-2.32,0.0882497,-0.0135478,-2.39419,0.166886,0,-2.43908,0.300073,0.0397837
9.74007,0.176725,2.86598,2.65596,0.121978,2.7692,2.6538,0.184638,2.99431,2,0.359825,3.04672,2.09413,-2.29278,0.14138,0,-2.32051,0.0718219,-0.012858,-2.39545,0.147711,0,-2.44028,0.277561,0.0382573
9.75013,0.154187,2.86728,2.65596,0.0987708,2.76984,2.65368,0.161091,2.99567,2,0.335417,3.04938,2.0945,-2.29382,0.123349,1.82745e-19,-2.32082,0.0555804,-0.0120657,-2.39654,0.128873,0,-2.44116,0.25496,0.0366774
9.76014,0.130252,2.86846,2.65596,0.0755618,2.77032,2.65356,0.136085,2.99691,2,0.311002,3.05182,2.09486,-2.29477,0.104202,0,-2.32098,0.0394705,-0.0111913,-2.39753,0.108868,0,-2.44176,0.23223,0.0350306
9.77019,0.10816,2.86938,2.65596,0.0523517,2.77063,2.65345,0.113003,2.99787,2,0.286583,3.05402,2.0952,-2.29551,0.0865278,0,-2.32099,0.0234382,-0.010285,-2.3983,0.0904024,0,-2.44209,0.209339,0.0332748
9.78009,0.0843794,2.87018,2.65596,0.029143,2.77078,2.65335,0.0881579,2.9987,2,0.262162,3.056,2.09553,-2.29614,0.0675035,-9.13725e-20,-2.32069,0.00753669,-0.00929079,-2.39896,0.0705263,0,-2.44198,0.186364,0.0314794
9.79017,0.0620162,2.87075,2.65596,0.00593937,2.77078,2.65327,0.0647932,2.9993,2,0.237745,3.05775,2.09583,-2.2966,0.0496129,-9.13725e-20,-2.31998,-0.00814108,-0.00818825,-2.39944,0.0518346,0,-2.44133,0.163418,0.0296714
9.80009,0.0389149,2.87116,2.65596,-0.0172566,2.77062,2.65319,0.0406575,2.99972,2,0.213336,3.05927,2.09612,-2.29692,0.031132,0,-2.31921,-0.0240246,-0.00715676,-2.39978,0.032526,0,-2.44047,0.140093,0.0276859
9.81021,0.016076,2.87137,2.65596,-0.0404443,2.7703,2.65312,0.0167959,2.99995,2,0.188937,3.06055,2.09638,-2.2971,0.0128608,0,-2.31831,-0.0400415,-0.00615884,-2.39996,0.0134367,0,-2.43935,0.116491,0.0255797
9.82008,-0.00687576,2.87141,2.65596,-0.0636226,2.76982,2.65307,-0.00718365,2.99999,2,0.16455,3.0616,2.09663,-2.29713,-0.0055006,0,-2.3173,-0.0561352,-0.00518994,-2.39999,-0.00574692,0,-2.43796,0.0926836,0.023368
9.83015,-0.0295559,2.87127,2.65596,-0.08679,2.76918,2.65302,-0.0308794,2.99984,2,0.140178,3.0624,2.09685,-2.29701,-0.0236447,0,-2.3162,-0.0722886,-0.00421812,-2.39987,-0.0247035,0,-2.43633,0.0686984,0.0210896
9.8401,-0.0529889,2.87093,2.65596,-0.109947,2.76837,2.65298,-0.0553617,2.99949,2,0.115824,3.06297,2.09705,-2.29674,-0.0423911,0,-2.31513,-0.0884852,-0.00327269,-2.39959,-0.0442894,0,-2.43458,0.0445661,0.0187246
9.8503,-0.0764894,2.8704,2.65596,-0.133092,2.76741,2.65295,-0.0799145,2.99894,2,0.0914882,3.0633,2.09723,-2.29632,-0.0611915,0,-2.31386,-0.10448,-0.00224145,-2.39915,-0.0639316,0,-2.43247,0.0205488,0.0163964
9.86011,-0.0991352,2.86971,2.65596,-0.156224,2.76628,2.65294,-0.103574,2.99821,2,0.0671751,3.06338,2.09738,-2.29577,-0.0793081,0,-2.31249,-0.120433,-0.00121307,-2.39857,-0.0828595,0,-2.4301,-0.00350406,0.0140238
9.87007,-0.121621,2.86884,2.65596,-0.179341,2.765,2.65293,-0.127068,2.99731,2,0.042887,3.06323,2.09751,-2.29507,-0.0972972,-9.13725e-20,-2.31106,-0.136201,-0.000159875,-2.39785,-0.101654,0,-2.42752,-0.0274229,0.011651
9.88019,-0.145661,2.86772,2.65596,-0.202445,2.76356,2.65293,-0.152184,2.99614,2,0.0186249,3.06283,2.09761,-2.29418,-0.116529,0,-2.30974,-0.152104,0.000762835,-2.39691,-0.121747,0,-2.42489,-0.0515001,0.00913958
9.89022,-0.167575,2.86653,2.65596,-0.225536,2.76196,2.65295,-0.175079,2.99489,2,-0.00561026,3.0622,2.09769,-2.29322,-0.13406,0,-2.30842,-0.168036,0.00160238,-2.39591,-0.140063,0,-2.42211,-0.0756123,0.00654684
9.9001,-0.190433,2.8651,2.65596,-0.248613,2.7602,2.65297,-0.198961,2.9934,2,-0.0298166,3.06132,2.09774,-2.29208,-0.152347,1.82745e-19,-2.30696,-0.183956,0.00235453,-2.39472,-0.159169,0,-2.41905,-0.0997033,0.00387901
9.91028,-0.21378,2.86345,2.65596,-0.271675,2.75828,2.65299,-0.223353,2.99167,2,-0.05399,3.0602,2.09777,-2.29076,-0.171024,0,-2.30528,-0.199954,0.00305526,-2.39334,-0.178682,0,-2.41562,-0.123855,0.00117625
9.92012,-0.236424,2.86167,2.65596,-0.294719,2.7562,2.65303,-0.247011,2.98981,2,-0.0781285,3.05884,2.09777,-2.28934,-0.189139,0,-2.30356,-0.216014,0.0037217,-2.39185,-0.197608,0,-2.41202,-0.148037,-0.00153718
9.93052,-0.260203,2.85961,2.65596,-0.317746,2.75396,2.65307,-0.271855,2.98766,2,-0.10223,3.05724,2.09774,-2.28768,-0.208162,0,-2.30181,-0.232022,0.0043527,-2.39013,-0.217484,0,-2.40827,-0.172115,-0.00424406
9.94012,-0.281832,2.85755,2.65596,-0.340755,2.75156,2.65311,-0.294452,2.98551,2,-0.126293,3.0554,2.09768,-2.28604,-0.225465,3.6549e-19,-2.29998,-0.248036,0.00497523,-2.38841,-0.235561,0,-2.40429,-0.196132,-0.00690691
9.95009,-0.304582,2.85522,2.65596,-0.363746,2.749,2.65317,-0.318221,2.98307,2,-0.150316,3.05332,2.0976,-2.28418,-0.243665,0,-2.29822,-0.264025,0.00554057,-2.38646,-0.254577,0,-2.40025,-0.220041,-0.00956426
9.96018,-0.327821,2.85264,2.65596,-0.386719,2.74628,2.65322,-0.342501,2.98038,2,-0.174297,3.051,2.09749,-2.28212,-0.262257,-3.6549e-19,-2.29641,-0.280072,0.00605447,-2.38431,-0.274,0,-2.39605,-0.243911,-0.0122032
9.97014,-0.350392,2.84996,2.65596,-0.409673,2.7434,2.65329,-0.366082,2.97758,2,-0.198236,3.04844,2.09735,-2.27997,-0.280313,0,-2.29446,-0.296043,0.00655261,-2.38206,-0.292866,0,-2.39161,-0.267594,-0.0147849
9.98016,-0.373529,2.84702,2.65596,-0.432608,2.74036,2.65335,-0.390256,2.97451,2,-0.222129,3.04565,2.09719,-2.27762,-0.298823,0,-2.29245,-0.312058,0.00694144,-2.37961,-0.312205,0,-2.38701,-0.291196,-0.0173935
9.99017,-0.396094,2.84397,2.65596,-0.455522,2.73716,2.65343,-0.41383,2.97132,2,-0.245976,3.04262,2.09701,-2.27518,-0.316875,0,-2.29038,-0.327962,0.00732429,-2.37706,-0.331064,0,-2.38227,-0.314544,-0.0199145
10.0001,-0.418691,2.84073,2.65596,-0.478415,2.7338,2.6535,-0.43744,2.96794,2,-0.269774,3.03936,2.0968,-2.27258,-0.334953,0,-2.2882,-0.343746,0.00766792,-2.37435,-0.349952,0,-2.37733,-0.337614,-0.0223712
10.0101,-0.441618,2.83726,2.65596,-0.501286,2.73028,2.65358,-0.461393,2.96431,2,-0.293522,3.03587,2.09656,-2.2698,-0.353294,3.6549e-19,-2.28597,-0.359575,0.00794386,-2.37145,-0.369115,0,-2.37228,-0.360553,-0.0247859
10.0201,-0.463896,2.8337,2.65596,-0.524134,2.72661,2.65366,-0.484669,2.96059,2,-0.317219,3.03215,2.0963,-2.26696,-0.371116,-3.6549e-19,-2.28367,-0.375404,0.00818126,-2.36847,-0.387735,0,-2.36711,-0.383301,-0.027122
10.0301,-0.487292,2.82977,2.65596,-0.54696,2.72277,2.65374,-0.509113,2.95649,2,-0.340864,3.0282,2.09602,-2.26382,-0.389834,7.3098e-19,-2.28143,-0.391439,0.00826899,-2.36519,-0.407291,0,-2.36194,-0.406044,-0.0294819
10.0403,-0.510616,2.82565,2.65596,-0.569762,2.71878,2.65382,-0.533481,2.95219,2,-0.364457,3.02403,2.09571,-2.26052,-0.408493,7.3098e-19,-2.2791,-0.407561,0.0082926,-2.36175,-0.426785,0,-2.35667,-0.428652,-0.0317765
10.0501,-0.532151,2.82168,2.65596,-0.592541,2.71462,2.65391,-0.555981,2.94803,2,-0.387997,3.01963,2.09538,-2.25734,-0.425721,0,-2.27657,-0.423468,0.00839744,-2.35842,-0.444784,0,-2.35117,-0.450812,-0.0338554
10.0602,-0.554676,2.81734,2.65596,-0.615294,2.71031,2.65399,-0.579514,2.9435,2,-0.411481,3.01501,2.09503,-2.25387,-0.44374,0,-2.27394,-0.439237,0.00854872,-2.3548,-0.463611,0,-2.34556,-0.47259,-0.0357486
10.0701,-0.577159,2.81282,2.65596,-0.638019,2.70584,2.65408,-0.603004,2.93877,2,-0.434907,3.01018,2.09467,-2.25025,-0.461727,0,-2.27115,-0.455009,0.00867247,-2.35102,-0.482403,0,-2.3398,-0.494115,-0.0375294
10.0801,-0.599729,2.80809,2.65596,-0.660716,2.70121,2.65417,-0.626585,2.93384,2,-0.458276,3.00513,2.09428,-2.24647,-0.479783,0,-2.26824,-0.470877,0.00873651,-2.34707,-0.501268,0,-2.33396,-0.515454,-0.0392228
10.0901,-0.62231,2.80317,2.65596,-0.683383,2.69642,2.65425,-0.650177,2.9287,2,-0.481586,2.99987,2.09388,-2.24254,-0.497848,0,-2.26506,-0.486935,0.00878627,-2.34296,-0.520142,0,-2.32788,-0.536682,-0.0407748
10.1005,-0.645185,2.798,2.65596,-0.706016,2.69147,2.65434,-0.674076,2.92329,2,-0.504833,2.9944,2.09347,-2.2384,-0.516148,-7.3098e-19,-2.26163,-0.503076,0.00879321,-2.33863,-0.539261,0,-2.3216,-0.557686,-0.0422139
10.1102,-0.666918,2.7929,2.65596,-0.728615,2.68636,2.65443,-0.696782,2.91796,2,-0.528017,2.98872,2.09304,-2.23432,-0.533534,0,-2.25796,-0.519457,0.00871785,-2.33437,-0.557426,0,-2.31515,-0.578618,-0.0435776
10.1204,-0.689874,2.78731,2.65596,-0.751175,2.68108,2.65452,-0.720766,2.91213,2,-0.551136,2.98283,2.0926,-2.22985,-0.551899,-7.3098e-19,-2.25414,-0.536019,0.00858954,-2.3297,-0.576613,0,-2.30859,-0.599403,-0.044832
10.1302,-0.711346,2.78191,2.65596,-0.773697,2.67564,2.6546,-0.7432,2.90648,2,-0.574188,2.97673,2.09214,-2.22553,-0.569077,7.3098e-19,-2.25008,-0.552683,0.00846748,-2.32519,-0.59456,0,-2.30187,-0.61996,-0.0459194
10.1403,-0.734078,2.776,2.65596,-0.796176,2.67003,2.65469,-0.76695,2.90031,2,-0.597173,2.97043,2.09168,-2.2208,-0.587262,7.3098e-19,-2.24579,-0.569512,0.00830508,-2.32025,-0.61356,0,-2.295,-0.640349,-0.0468858
10.1502,-0.755631,2.77021,2.65596,-0.818612,2.66424,2.65477,-0.789467,2.89426,2,-0.620089,2.96392,2.09121,-2.21617,-0.604505,7.3098e-19,-2.24143,-0.586575,0.00799549,-2.31541,-0.631574,0,-2.28814,-0.660636,-0.0478431
10.1601,-0.777805,2.76407,2.65596,-0.841005,2.65829,2.65484,-0.812635,2.88784,2,-0.642936,2.95722,2.09072,-2.21125,-0.622244,-7.3098e-19,-2.23705,-0.603831,0.00758649,-2.31027,-0.650108,0,-2.28136,-0.680773,-0.0487425
10.1701,-0.800178,2.75767,2.65596,-0.863353,2.65217,2.65492,-0.836009,2.88116,2,-0.665716,2.95031,2.09023,-2.20614,-0.640142,-7.3098e-19,-2.23255,-0.621251,0.00710995,-2.30493,-0.668808,0,-2.27455,-0.700733,-0.0495566
10.1801,-0.821938,2.75127,2.65596,-0.885656,2.64587,2.65499,-0.858744,2.87447,2,-0.688428,2.9432,2.08973,-2.20101,-0.657551,0,-2.22804,-0.63879,0.00661162,-2.29957,-0.686995,0,-2.26786,-0.720476,-0.0502492
10.1901,-0.843879,2.74462,2.65596,-0.907913,2.63939,2.65505,-0.881668,2.86752,2,-0.711072,2.9359,2.08923,-2.19569,-0.675104,0,-2.22324,-0.656097,0.00622107,-2.29401,-0.705334,0,-2.26098,-0.739651,-0.0506936
10.2005,-0.86665,2.73751,2.65596,-0.934555,2.6314,2.65512,-0.905458,2.8601,2,-0.733647,2.92841,2.08872,-2.19001,-0.69332,0,-2.21713,-0.676844,0.0057928,-2.28808,-0.724366,0,-2.25397,-0.758483,-0.0509826
10.2101,-0.887769,2.73074,2.65596,-0.952275,2.62593,2.65517,-0.927522,2.85302,2,-0.756151,2.92073,2.08821,-2.18459,-0.710215,7.3098e-19,-2.21282,-0.690604,0.00541669,-2.28241,-0.742018,0,-2.24683,-0.776886,-0.0512121
10.2207,-0.910853,2.72312,2.65596,-0.97879,2.61751,2.65523,-0.951641,2.84506,2,-0.783062,2.91128,2.08759,-2.1785,-0.728682,0,-2.20622,-0.711265,0.00469691,-2.27605,-0.761312,0,-2.2383,-0.798529,-0.0515262
10.2302,-0.931369,2.71617,2.65596,-0.996421,2.61177,2.65526,-0.973076,2.8378,2,-0.800946,2.90483,2.08718,-2.17294,-0.745095,-7.3098e-19,-2.20177,-0.725315,0.00398494,-2.27024,-0.77846,0,-2.2327,-0.81295,-0.0518652
10.2402,-0.95366,2.70843,2.65596,-1.01841,2.60443,2.6553,-0.996364,2.82971,2,-0.823238,2.89661,2.08666,-2.16674,-0.762928,-7.3098e-19,-2.19611,-0.743147,0.0029985,-2.26377,-0.797091,0,-2.22573,-0.830932,-0.0522776
10.2503,-0.975652,2.70058,2.65596,-1.04034,2.5969,2.65532,-1.01934,2.82151,2,-0.845461,2.88821,2.08613,-2.16047,-0.780522,-7.3098e-19,-2.19036,-0.761264,0.00204285,-2.25721,-0.815473,0,-2.21884,-0.84886,-0.0525428
10.2601,-0.996415,2.69299,2.65596,-1.06222,2.5892,2.65534,-1.04103,2.81358,2,-0.867615,2.87964,2.08561,-2.15439,-0.797132,-7.3098e-19,-2.18448,-0.779545,0.00116685,-2.25087,-0.832827,0,-2.21197,-0.866617,-0.0526104
10.2704,-1.01877,2.68462,2.65596,-1.08403,2.58131,2.65535,-1.06439,2.80483,2,-0.8897,2.87088,2.08508,-2.14769,-0.815016,7.3098e-19,-2.17836,-0.79786,0.000431197,-2.24386,-0.851512,0,-2.205,-0.884086,-0.052431
10.2801,-1.03933,2.67672,2.65596,-1.10579,2.57324,2.65535,-1.08588,2.79658,2,-0.911715,2.86195,2.08456,-2.14138,-0.831468,0,-2.17218,-0.81658,-0.000412029,-2.23727,-0.868701,0,-2.19812,-0.901657,-0.0522664
10.2901,-1.0608,2.66829,2.65596,-1.12748,2.56498,2.65534,-1.10831,2.78777,2,-0.933662,2.85285,2.08404,-2.13463,-0.848643,0,-2.16582,-0.835444,-0.00126973,-2.23022,-0.886645,0,-2.19123,-0.919073,-0.0520282
10.3001,-1.08196,2.65978,2.65596,-1.1491,2.55653,2.65532,-1.13041,2.77888,2,-0.95554,2.84357,2.08352,-2.12782,-0.865571,0,-2.15942,-0.854423,-0.00216622,-2.2231,-0.904331,0,-2.18445,-0.936321,-0.0517502
10.3102,-1.10357,2.65088,2.65596,-1.17066,2.54789,2.6553,-1.15298,2.76959,2,-0.977351,2.83413,2.083,-2.12071,-0.882854,0,-2.1529,-0.873553,-0.0031236,-2.21567,-0.922387,0,-2.1777,-0.953457,-0.0514651
10.3201,-1.1245,2.64207,2.65596,-1.19216,2.53906,2.65526,-1.17485,2.76038,2,-0.999093,2.82451,2.08249,-2.11366,-0.8996,-1.46196e-18,-2.14598,-0.892573,-0.00395693,-2.20831,-0.939884,0,-2.17072,-0.970232,-0.0509968
10.3301,-1.14566,2.63297,2.65596,-1.21358,2.53004,2.65522,-1.19696,2.75087,2,-1.02076,2.81472,2.08198,-2.10637,-0.916524,0,-2.13872,-0.911512,-0.00466452,-2.2007,-0.957566,0,-2.16356,-0.986698,-0.0503568
10.3401,-1.16638,2.62386,2.65596,-1.23493,2.52083,2.65517,-1.21861,2.74135,2,-1.04236,2.80477,2.08148,-2.09908,-0.9331,-1.46196e-18,-2.13133,-0.930491,-0.00541144,-2.19308,-0.974884,0,-2.15642,-1.00299,-0.0497161
10.3502,-1.18777,2.61424,2.65596,-1.25621,2.51143,2.65511,-1.24096,2.7313,2,-1.06389,2.79466,2.08099,-2.09139,-0.950215,1.46196e-18,-2.12381,-0.949379,-0.00618469,-2.18504,-0.992765,0,-2.14931,-1.01897,-0.0490611
10.3602,-1.20864,2.60466,2.65596,-1.27741,2.50184,2.65504,-1.26276,2.72129,2,-1.08535,2.78439,2.0805,-2.08372,-0.966914,-1.46196e-18,-2.11603,-0.967978,-0.0075713,-2.17703,-1.01021,0,-2.1421,-1.03449,-0.0489956
10.3701,-1.23012,2.59458,2.65596,-1.29853,2.49207,2.65496,-1.28521,2.71076,2,-1.10673,2.77397,2.08001,-2.07566,-0.984098,0,-2.10797,-0.986616,-0.00938574,-2.16861,-1.02817,0,-2.13475,-1.04988,-0.0493358
10.3804,-1.25052,2.58481,2.65596,-1.31957,2.48211,2.65485,-1.30651,2.70056,2,-1.12805,2.7634,2.07951,-2.06785,-1.00041,-1.46196e-18,-2.09966,-1.00528,-0.0109818,-2.16045,-1.04521,0,-2.1273,-1.06511,-0.049438
10.3903,-1.27129,2.57466,2.65596,-1.34052,2.47197,2.65474,-1.32821,2.68995,2,-1.14928,2.75267,2.07902,-2.05973,-1.01703,0,-2.09106,-1.02398,-0.0123595,-2.15196,-1.06257,0,-2.11973,-1.08024,-0.0493126
10.4003,-1.29138,2.56464,2.65596,-1.36139,2.46163,2.65461,-1.3492,2.67949,2,-1.17044,2.74179,2.07853,-2.05172,-1.0331,0,-2.08207,-1.0424,-0.014059,-2.14359,-1.07936,0,-2.11189,-1.09498,-0.0495147
10.4101,-1.3113,2.55451,2.65596,-1.38216,2.45112,2.65446,-1.37002,2.6689,2,-1.19152,2.73077,2.07803,-2.04361,-1.04904,0,-2.07275,-1.06069,-0.015984,-2.13512,-1.09602,0,-2.10385,-1.10949,-0.0499483
10.4202,-1.33234,2.5436,2.65596,-1.40284,2.44042,2.65429,-1.392,2.6575,2,-1.21252,2.7196,2.07753,-2.03488,-1.06587,-1.46196e-18,-2.06339,-1.07903,-0.0177963,-2.126,-1.1136,0,-2.09592,-1.12396,-0.0502759
10.4303,-1.35278,2.53279,2.65596,-1.42343,2.42954,2.6541,-1.41335,2.64621,2,-1.23344,2.70829,2.07702,-2.02624,-1.08222,-1.46196e-18,-2.05402,-1.09743,-0.0193917,-2.11697,-1.13068,0,-2.08811,-1.13839,-0.0504005
10.4401,-1.37282,2.52199,2.65596,-1.44392,2.41847,2.6539,-1.4343,2.63492,2,-1.25428,2.69684,2.07652,-2.01759,-1.09826,0,-2.04433,-1.11566,-0.0210026,-2.10793,-1.14744,0,-2.08011,-1.1526,-0.0505642
10.4501,-1.39256,2.51114,2.65596,-1.46431,2.40723,2.65368,-1.45492,2.62359,2,-1.27504,2.68524,2.07601,-2.00891,-1.11405,0,-2.03412,-1.13354,-0.0230431,-2.09887,-1.16394,0,-2.07169,-1.16645,-0.0511916
10.4602,-1.41338,2.49948,2.65596,-1.4846,2.3958,2.65344,-1.47667,2.61141,2,-1.29571,2.67351,2.0755,-1.99958,-1.1307,0,-2.0234,-1.15112,-0.0252465,-2.08912,-1.18134,0,-2.06288,-1.17999,-0.0520213
10.4703,-1.43337,2.48807,2.65596,-1.50478,2.3842,2.65318,-1.49756,2.59948,2,-1.3163,2.66164,2.07497,-1.99046,-1.1467,1.46196e-18,-2.01256,-1.16877,-0.027137,-2.07959,-1.19805,0,-2.05407,-1.19358,-0.0525739
10.4803,-1.45281,2.47677,2.65596,-1.52485,2.37243,2.6529,-1.51787,2.58768,2,-1.33679,2.64964,2.07445,-1.98141,-1.16225,0,-2.00184,-1.18664,-0.0286514,-2.07014,-1.2143,0,-2.04548,-1.20738,-0.0527759
10.4904,-1.47291,2.46487,2.65596,-1.54482,2.36047,2.6526,-1.53886,2.57525,2,-1.3572,2.63749,2.07392,-1.9719,-1.17832,0,-1.99112,-1.20463,-0.0299178,-2.0602,-1.23109,0,-2.03697,-1.22128,-0.0527565
10.5002,-1.49203,2.45334,2.65596,-1.56467,2.34833,2.6523,-1.55885,2.5632,2,-1.37753,2.62521,2.07339,-1.96267,-1.19363,0,-1.98005,-1.22223,-0.0315529,-2.05056,-1.24708,0,-2.02818,-1.23485,-0.053149
10.5101,-1.51168,2.44129,2.65596,-1.58442,2.33603,2.65197,-1.57937,2.55061,2,-1.39777,2.6128,2.07285,-1.95303,-1.20934,0,-1.96861,-1.23912,-0.0342086,-2.04049,-1.26349,0,-2.01905,-1.24782,-0.0546242
10.5201,-1.53201,2.42858,2.65596,-1.60405,2.32355,2.65162,-1.60061,2.53733,2,-1.41791,2.60026,2.0723,-1.94287,-1.2256,0,-1.95717,-1.25601,-0.0363105,-2.02987,-1.28049,0,-2.01,-1.26084,-0.0555948
10.5302,-1.55065,2.41672,2.65596,-1.62356,2.31091,2.65125,-1.62009,2.52494,2,-1.43797,2.58758,2.07174,-1.93337,-1.24052,0,-1.94609,-1.27342,-0.0371661,-2.01995,-1.29607,0,-2.0014,-1.27442,-0.0553597
10.5404,-1.57033,2.40398,2.65596,-1.64297,2.29808,2.65088,-1.64065,2.51163,2,-1.45794,2.57477,2.07119,-1.92318,-1.25626,0,-1.93509,-1.29102,-0.0373364,-2.0093,-1.31252,0,-1.99296,-1.28825,-0.0544863
10.5502,-1.58924,2.39152,2.65596,-1.66611,2.28247,2.65042,-1.66041,2.49861,2,-1.47783,2.56182,2.07065,-1.91321,-1.27139,0,-1.92109,-1.31083,-0.0393791,-1.99889,-1.32833,0,-1.98392,-1.30126,-0.0551017
10.5604,-1.60939,2.378,2.65596,-1.68144,2.27193,2.65009,-1.68146,2.48449,2,-1.49762,2.54874,2.07009,-1.9024,-1.28751,0,-1.91127,-1.3236,-0.0412267,-1.98759,-1.34517,0,-1.97425,-1.3138,-0.0565101
10.5702,-1.62701,2.36599,2.65596,-1.70049,2.25862,2.64967,-1.69986,2.47194,2,-1.51731,2.53554,2.06952,-1.89279,-1.3016,-1.46196e-18,-1.89899,-1.33933,-0.043475,-1.97755,-1.35989,0,-1.9646,-1.32627,-0.0579537
10.5801,-1.64569,2.35303,2.65596,-1.71941,2.24515,2.64922,-1.71938,2.4584,2,-1.53691,2.52222,2.06893,-1.88243,-1.31655,0,-1.88646,-1.35443,-0.0464233,-1.96672,-1.3755,0,-1.95469,-1.33831,-0.0601867
10.5902,-1.66487,2.3395,2.65596,-1.73822,2.23153,2.64874,-1.73942,2.44426,2,-1.55641,2.50878,2.06832,-1.8716,-1.33189,0,-1.874,-1.36946,-0.0492025,-1.95541,-1.39153,0,-1.94486,-1.3504,-0.0622929
10.6001,-1.68318,2.32636,2.65596,-1.75689,2.21777,2.64822,-1.75855,2.43053,2,-1.5758,2.49522,2.06767,-1.86109,-1.34655,0,-1.86079,-1.38264,-0.055464,-1.94443,-1.40684,0,-1.93414,-1.36089,-0.0679501
10.6101,-1.70186,2.31273,2.65596,-1.77543,2.20387,2.64764,-1.77807,2.41629,2,-1.59509,2.48156,2.06696,-1.85018,-1.36149,1.46196e-18,-1.84765,-1.39585,-0.0610242,-1.93303,-1.42246,0,-1.92351,-1.37154,-0.0729565
10.6201,-1.7203,2.29905,2.65596,-1.79384,2.18985,2.647,-1.79734,2.402,2,-1.61427,2.46779,2.06621,-1.83924,-1.37624,-1.46196e-18,-1.83484,-1.40944,-0.0655592,-1.9216,-1.43787,0,-1.91322,-1.38269,-0.0769902
10.6301,-1.73894,2.28498,2.65596,-1.81213,2.17569,2.64633,-1.81681,2.3873,2,-1.63335,2.4539,2.06542,-1.82799,-1.39115,0,-1.82214,-1.42308,-0.0695655,-1.90984,-1.45345,0,-1.90303,-1.39404,-0.0805515
10.6401,-1.75694,2.27117,2.65596,-1.83028,2.1614,2.64558,-1.83562,2.37287,2,-1.65232,2.43992,2.06457,-1.81694,-1.40555,0,-1.80739,-1.43259,-0.0809181,-1.8983,-1.46849,0,-1.89055,-1.40163,-0.091543
10.6502,-1.77508,2.25702,2.65596,-1.84828,2.14703,2.64471,-1.85457,2.35809,2,-1.67116,2.42587,2.06359,-1.80561,-1.42007,0,-1.79267,-1.44216,-0.0918951,-1.88647,-1.48366,0,-1.87806,-1.40942,-0.102211
10.6601,-1.79301,2.2428,2.65596,-1.86614,2.13254,2.64378,-1.8733,2.34323,2,-1.6899,2.41171,2.06256,-1.79424,-1.43441,-1.46196e-18,-1.78114,-1.45752,-0.0908212,-1.87459,-1.49864,0,-1.86909,-1.42289,-0.100857
10.6701,-1.81098,2.22831,2.65596,-1.88391,2.11787,2.64293,-1.89208,2.3281,2,-1.70856,2.3974,2.06161,-1.78265,-1.44879,1.46196e-18,-1.77224,-1.47744,-0.0799949,-1.86248,-1.51366,0,-1.86299,-1.44089,-0.0897971
10.6801,-1.82863,2.21386,2.65596,-1.90157,2.10302,2.64213,-1.91051,2.31299,2,-1.72714,2.38292,2.06071,-1.77109,-1.4629,1.46196e-18,-1.75994,-1.49086,-0.0819383,-1.8504,-1.52841,0,-1.85309,-1.45283,-0.0915773
10.6901,-1.84619,2.19923,2.65596,-1.91911,2.08805,2.64128,-1.92887,2.29771,2,-1.74562,2.36834,2.05977,-1.75938,-1.47696,-1.46196e-18,-1.7471,-1.50314,-0.0858284,-1.83817,-1.54309,0,-1.84254,-1.46384,-0.0953577
10.7003,-1.86429,2.18391,2.65596,-1.93653,2.07293,2.64047,-1.94777,2.28171,2,-1.76401,2.35362,2.05886,-1.74713,-1.49143,1.46196e-18,-1.73777,-1.52203,-0.0760531,-1.82537,-1.55822,0,-1.83579,-1.48143,-0.0855345
10.7101,-1.88166,2.16897,2.65596,-1.95386,2.05762,2.63975,-1.96592,2.26609,2,-1.78233,2.33872,2.05804,-1.73517,-1.50533,-1.46196e-18,-1.72693,-1.53828,-0.0710613,-1.81287,-1.57273,0,-1.82733,-1.49663,-0.0805409
10.7203,-1.89899,2.15381,2.65596,-1.97106,2.04218,2.63901,-1.98403,2.25025,2,-1.80054,2.3237,2.05721,-1.72305,-1.51919,-2.92392e-18,-1.7129,-1.54907,-0.0768242,-1.8002,-1.58722,0,-1.81534,-1.50667,-0.0863313
10.7303,-1.91571,2.13895,2.65596,-1.98811,2.02665,2.6382,-2.0015,2.23473,2,-1.81863,2.30859,2.05631,-1.71116,-1.53257,-1.46196e-18,-1.69823,-1.55878,-0.0842528,-1.78778,-1.6012,0,-1.8026,-1.5158,-0.0938296
10.7401,-1.93249,2.1238,2.65596,-2.00502,2.01101,2.63732,-2.01903,2.2189,2,-1.83659,2.29339,2.05533,-1.69904,-1.546,0,-1.68332,-1.56821,-0.0918638,-1.77512,-1.61522,0,-1.78954,-1.52481,-0.101548
10.7501,-1.94962,2.10809,2.65596,-2.02178,1.99528,2.63637,-2.03692,2.20249,2,-1.85442,2.27809,2.05428,-1.68647,-1.55969,0,-1.66869,-1.5781,-0.0988204,-1.76199,-1.62954,0,-1.77671,-1.53442,-0.10865
10.7601,-1.96671,2.09215,2.65596,-2.0384,1.97944,2.63536,-2.05478,2.18583,2,-1.87213,2.2627,2.05317,-1.67372,-1.57337,0,-1.65464,-1.58907,-0.103304,-1.74867,-1.64383,0,-1.76441,-1.54524,-0.113327
10.7703,-1.9838,2.07595,2.65596,-2.05487,1.9635,2.63431,-2.07263,2.16891,2,-1.88971,2.24719,2.05202,-1.66076,-1.58704,-1.46196e-18,-1.64086,-1.60055,-0.105905,-1.73513,-1.65811,0,-1.75234,-1.55672,-0.11617
10.7801,-2.00011,2.06024,2.65596,-2.07122,1.94743,2.63324,-2.08967,2.1525,2,-1.90718,2.23156,2.05085,-1.6482,-1.60009,1.46196e-18,-1.62771,-1.6128,-0.106891,-1.722,-1.67174,0,-1.74084,-1.56911,-0.117445
10.7903,-2.01617,2.04453,2.65596,-2.08743,1.93124,2.63217,-2.10646,2.13608,2,-1.92453,2.2158,2.04968,-1.63562,-1.61294,0,-1.61502,-1.6257,-0.106637,-1.70887,-1.68516,0,-1.72972,-1.58231,-0.117517
10.8001,-2.03231,2.02849,2.65596,-2.10352,1.91492,2.63111,-2.12332,2.11932,2,-1.94177,2.19991,2.0485,-1.62279,-1.62585,1.46196e-18,-1.60262,-1.6391,-0.10539,-1.69546,-1.69866,0,-1.71883,-1.59615,-0.11664
10.8101,-2.04895,2.01168,2.65596,-2.11948,1.89846,2.63007,-2.1407,2.10176,2,-1.9589,2.18388,2.04734,-1.60934,-1.63916,0,-1.59026,-1.65278,-0.103347,-1.68141,-1.71256,0,-1.70791,-1.61042,-0.115019
10.8202,-2.06488,1.99533,2.65596,-2.13532,1.88186,2.62905,-2.15734,2.08468,2,-1.97593,2.1677,2.04621,-1.59626,-1.6519,-2.92392e-18,-1.57803,-1.66651,-0.100757,-1.66774,-1.72587,0,-1.69703,-1.62492,-0.112903
10.8301,-2.08018,1.97937,2.65596,-2.15104,1.86513,2.62806,-2.17332,2.06801,2,-1.99285,2.15138,2.04509,-1.5835,-1.66414,0,-1.56584,-1.68024,-0.0977526,-1.65441,-1.73866,0,-1.68611,-1.63958,-0.110423
10.8403,-2.09667,1.96189,2.65596,-2.16664,1.84826,2.62709,-2.19056,2.04975,2,-2.00965,2.13491,2.044,-1.56951,-1.67734,1.46196e-18,-1.55345,-1.69375,-0.0944104,-1.6398,-1.75245,0,-1.6749,-1.65418,-0.107654
10.8501,-2.11168,1.94573,2.65596,-2.18211,1.83125,2.62617,-2.20624,2.03286,2,-2.02634,2.11829,2.04294,-1.55659,-1.68934,0,-1.54098,-1.7071,-0.0909133,-1.62629,-1.76499,0,-1.66353,-1.66878,-0.104783
10.8601,-2.12753,1.92838,2.65596,-2.19746,1.81411,2.62528,-2.2228,2.01473,2,-2.04292,2.10153,2.0419,-1.54271,-1.70203,0,-1.52864,-1.72041,-0.0873177,-1.61179,-1.77824,0,-1.6522,-1.68348,-0.101854
10.8702,-2.14342,1.9107,2.65596,-2.21268,1.79684,2.62442,-2.2394,1.99626,2,-2.05939,2.08463,2.0409,-1.52856,-1.71474,0,-1.51618,-1.73353,-0.083642,-1.59701,-1.79152,0,-1.64066,-1.69811,-0.0988777
10.8803,-2.1589,1.8932,2.65596,-2.22778,1.77944,2.62361,-2.25557,1.97798,2,-2.07573,2.06757,2.03993,-1.51456,-1.72712,0,-1.50345,-1.74618,-0.0797798,-1.58238,-1.80446,0,-1.62876,-1.71241,-0.095754
10.8903,-2.17347,1.87646,2.65596,-2.24275,1.76192,2.62283,-2.27079,1.96048,2,-2.09196,2.05038,2.03898,-1.50117,-1.73877,0,-1.49064,-1.75864,-0.0759295,-1.56839,-1.81663,0,-1.61671,-1.72663,-0.0926766
10.9001,-2.18808,1.8594,2.65596,-2.25759,1.74427,2.62209,-2.28606,1.94266,2,-2.10807,2.03304,2.03807,-1.48752,-1.75046,0,-1.47776,-1.771,-0.0721447,-1.55413,-1.82884,0,-1.6045,-1.74085,-0.089682
10.9103,-2.20325,1.8414,2.65596,-2.27231,1.7265,2.62138,-2.30191,1.92386,2,-2.12405,2.01556,2.03719,-1.47312,-1.7626,1.46196e-18,-1.46468,-1.78325,-0.0684493,-1.53909,-1.84153,0,-1.592,-1.75502,-0.0867893
10.9205,-2.21828,1.82327,2.65596,-2.28689,1.70861,2.62072,-2.31761,1.90491,2,-2.13991,1.99794,2.03634,-1.45861,-1.77462,1.46196e-18,-1.4514,-1.79529,-0.06477,-1.52393,-1.85409,0,-1.57922,-1.76906,-0.0839324
10.9302,-2.23234,1.80602,2.65596,-2.30133,1.6906,2.62009,-2.3323,1.8869,2,-2.15563,1.98018,2.03551,-1.44482,-1.78587,1.46196e-18,-1.43799,-1.80712,-0.0611551,-1.50952,-1.86584,0,-1.56622,-1.78297,-0.0811555
10.9403,-2.24656,1.7883,2.65596,-2.31565,1.67247,2.61949,-2.34716,1.86838,2,-2.17123,1.96228,2.03471,-1.43064,-1.79725,0,-1.4245,-1.81886,-0.0576428,-1.4947,-1.87773,0,-1.55305,-1.79684,-0.0784785
10.95,-2.26059,1.77054,2.65596,-2.32982,1.65422,2.61893,-2.36181,1.84982,2,-2.18669,1.94424,2.03394,-1.41643,-1.80847,1.46196e-18,-1.41082,-1.8305,-0.0542407,-1.47986,-1.88945,0,-1.53958,-1.81065,-0.0759041
10.9601,-2.27503,1.75194,2.65596,-2.34386,1.63586,2.61841,-2.3769,1.83039,2,-2.20202,1.92607,2.03319,-1.40155,-1.82002,1.46196e-18,-1.39699,-1.84211,-0.0509493,-1.46431,-1.90152,0,-1.52586,-1.82447,-0.0734363
10.9701,-2.28873,1.734,2.65596,-2.35776,1.61738,2.61791,-2.39122,1.81165,2,-2.21721,1.90775,2.03247,-1.3872,-1.83098,0,-1.38311,-1.85354,-0.0477934,-1.44932,-1.91297,0,-1.51197,-1.83814,-0.071095
10.9802,-2.303,1.71501,2.65596,-2.37153,1.59878,2.61745,-2.40613,1.7918,2,-2.23226,1.8893,2.03177,-1.372,-1.8424,-1.46196e-18,-1.36937,-1.86492,-0.0447724,-1.43344,-1.9249,0,-1.4981,-1.85178,-0.0688653
10.9903,-2.31649,1.69674,2.65596,-2.38515,1.58008,2.61702,-2.42022,1.77272,2,-2.24717,1.87072,2.03109,-1.3574,-1.85319,1.46196e-18,-1.35565,-1.87622,-0.0418644,-1.41818,-1.93617,0,-1.48411,-1.86534,-0.0667189
11.0001,-2.32974,1.6785,2.65596,-2.39864,1.56126,2.61661,-2.43406,1.75366,2,-2.26194,1.852,2.03044,-1.3428,-1.86379,-1.46196e-18,-1.34195,-1.88747,-0.0390908,-1.40293,-1.94725,0,-1.47,-1.87884,-0.064675
11.0101,-2.34318,1.65968,2.65596,-2.41199,1.54233,2.61624,-2.44811,1.734,2,-2.27657,1.83314,2.0298,-1.32774,-1.87455,0,-1.32826,-1.89862,-0.0364065,-1.3872,-1.95849,0,-1.45576,-1.89225,-0.0626901
11.0202,-2.35654,1.64066,2.65596,-2.4252,1.52329,2.61589,-2.46206,1.71413,2,-2.29106,1.81415,2.02918,-1.31253,-1.88523,-1.46196e-18,-1.31451,-1.90964,-0.033802,-1.3713,-1.96965,0,-1.44131,-1.90553,-0.0607549
11.0301,-2.36901,1.6226,2.65596,-2.43828,1.50414,2.61556,-2.4751,1.69526,2,-2.3054,1.79503,2.02858,-1.29808,-1.89521,0,-1.30067,-1.92063,-0.0312818,-1.35621,-1.98008,0,-1.42659,-1.91877,-0.0588671
11.0401,-2.38211,1.60331,2.65596,-2.45122,1.48488,2.61526,-2.48878,1.6751,2,-2.31959,1.77578,2.028,-1.28265,-1.90569,0,-1.28693,-1.93167,-0.0288738,-1.34008,-1.99102,0,-1.41179,-1.93206,-0.0570502
11.0503,-2.39508,1.58387,2.65596,-2.46402,1.4655,2.61498,-2.50233,1.6548,2,-2.33363,1.75639,2.02744,-1.2671,-1.91606,0,-1.27331,-1.94267,-0.0265915,-1.32384,-2.00186,0,-1.39691,-1.9453,-0.0553213
11.0604,-2.40808,1.56403,2.65596,-2.47668,1.44602,2.61473,-2.51592,1.63407,2,-2.34753,1.73687,2.0269,-1.25122,-1.92647,-1.46196e-18,-1.25978,-1.95358,-0.024437,-1.30725,-2.01273,0,-1.38191,-1.95847,-0.0536912
11.0701,-2.42039,1.54492,2.65596,-2.48921,1.42643,2.61449,-2.52877,1.6141,2,-2.36127,1.71722,2.02637,-1.23593,-1.93631,1.46196e-18,-1.24631,-1.96425,-0.0223769,-1.29128,-2.02302,0,-1.36675,-1.97143,-0.0521299
11.0805,-2.4327,1.52545,2.65596,-2.50161,1.40674,2.61428,-2.54164,1.59376,2,-2.37486,1.69744,2.02586,-1.22036,-1.94616,0,-1.23289,-1.97472,-0.0203767,-1.27501,-2.03331,0,-1.35137,-1.98424,-0.0506019
11.0901,-2.44448,1.50652,2.65596,-2.51387,1.38694,2.61409,-2.55394,1.57398,2,-2.3883,1.67754,2.02536,-1.20521,-1.95558,0,-1.21953,-1.98501,-0.0184526,-1.25918,-2.04315,0,-1.33578,-1.99692,-0.0491279
11.1001,-2.45636,1.48707,2.65596,-2.526,1.36704,2.61391,-2.56635,1.55366,2,-2.40158,1.65751,2.02487,-1.18965,-1.96509,0,-1.20619,-1.99487,-0.0165389,-1.24292,-2.05308,0,-1.31997,-2.00926,-0.0476715
11.1102,-2.46831,1.46715,2.65596,-2.538,1.34704,2.61375,-2.57884,1.53284,2,-2.4147,1.63735,2.0244,-1.17372,-1.97464,1.46196e-18,-1.19312,-2.00458,-0.0147183,-1.22627,-2.06307,0,-1.30414,-2.02161,-0.0463359
11.1201,-2.48034,1.4467,2.65596,-2.54986,1.32695,2.61362,-2.59141,1.51149,2,-2.42766,1.61708,2.02395,-1.15736,-1.98427,-1.46196e-18,-1.18041,-2.01389,-0.0129242,-1.20919,-2.07313,0,-1.28837,-2.03372,-0.0450565
11.1301,-2.49126,1.42781,2.65596,-2.56161,1.30677,2.6135,-2.60282,1.49175,2,-2.44046,1.59668,2.0235,-1.14225,-1.99301,0,-1.16786,-2.02273,-0.011478,-1.1934,-2.08226,0,-1.27248,-2.04553,-0.0441644
11.1401,-2.50258,1.40788,2.65596,-2.57322,1.2865,2.61339,-2.61465,1.47092,2,-2.45311,1.57617,2.02306,-1.1263,-2.00207,-1.46196e-18,-1.15543,-2.03096,-0.010157,-1.17674,-2.09172,0,-1.25645,-2.05704,-0.0435106
11.1502,-2.51383,1.3877,2.65596,-2.58471,1.26615,2.61329,-2.6264,1.44984,2,-2.46559,1.55554,2.02263,-1.11016,-2.01106,0,-1.14297,-2.03873,-0.00861379,-1.15987,-2.10112,0,-1.24015,-2.06849,-0.0427936
11.1603,-2.52546,1.36642,2.65596,-2.59608,1.24572,2.61322,-2.63855,1.42761,2,-2.47791,1.5348,2.02221,-1.09313,-2.02037,0,-1.13061,-2.046,-0.0068305,-1.14208,-2.11084,0,-1.2237,-2.07982,-0.0419875
11.1703,-2.536,1.34677,2.65596,-2.60733,1.22523,2.61316,-2.64956,1.40707,2,-2.49007,1.51394,2.0218,-1.07741,-2.0288,-1.46196e-18,-1.11897,-2.05395,-0.00219053,-1.12566,-2.11964,0,-1.20765,-2.09234,-0.0385162
11.1803,-2.54651,1.32678,2.65596,-2.61848,1.2046,2.61327,-2.66054,1.38619,2,-2.50208,1.4929,2.02154,-1.06143,-2.03721,0,-1.11232,-2.07407,0.0280694,-1.10896,-2.12843,0,-1.19661,-2.11739,-0.00961404
11.1901,-2.55691,1.30663,2.65596,-2.62956,1.18372,2.61375,-2.6714,1.36514,2,-2.514,1.47158,2.02164,-1.0453,-2.04552,0,-1.10247,-2.10417,0.0695296,-1.09211,-2.13712,0,-1.18764,-2.14811,0.0315399
11.2002,-2.56724,1.2862,2.65596,-2.6405,1.16246,2.61471,-2.6822,1.3438,2,-2.52584,1.44991,2.02222,-1.02896,-2.05379,1.46196e-18,-1.08373,-2.14929,0.123398,-1.07504,-2.14576,0,-1.18108,-2.18541,0.0870325
11.2102,-2.57755,1.26542,2.65596,-2.65118,1.14067,2.61625,-2.69297,1.32209,2,-2.53763,1.42785,2.02342,-1.01234,-2.06204,0,-1.04962,-2.21142,0.185774,-1.05767,-2.15438,0,-1.1764,-2.22789,0.153513
11.2201,-2.58762,1.2447,2.65596,-2.66144,1.11823,2.61836,-2.70349,1.30044,2,-2.54936,1.40539,2.02523,-0.995761,-2.07009,0,-0.998403,-2.27614,0.232197,-1.04035,-2.16279,0,-1.16862,-2.26343,0.206187
11.2301,-2.5974,1.22415,2.65596,-2.67111,1.0951,2.62089,-2.71371,1.27897,2,-2.561,1.38258,2.02755,-0.979319,-2.07792,0,-0.936275,-2.35182,0.275167,-1.02317,-2.17097,0,-1.16044,-2.29907,0.259124
11.2401,-2.6072,1.20315,2.65596,-2.68018,1.07121,2.62382,-2.72395,1.25703,2,-2.57256,1.35942,2.03038,-0.962519,-2.08576,0,-0.877423,-2.42486,0.306311,-1.00562,-2.17916,0,-1.15004,-2.33021,0.302843
11.2501,-2.61657,1.18264,2.65596,-2.6887,1.04669,2.62694,-2.73373,1.2356,2,-2.58399,1.33601,2.03352,-0.94611,-2.09325,0,-0.828135,-2.47467,0.315262,-0.988477,-2.18699,0,-1.13471,-2.34956,0.322162
11.2602,-2.62616,1.16117,2.65596,-2.69676,1.02179,2.63006,-2.74376,1.21316,2,-2.59524,1.31246,2.03675,-0.928934,-2.10093,-1.46196e-18,-0.786101,-2.50284,0.308548,-0.970531,-2.19501,0,-1.1156,-2.35989,0.322195
11.2701,-2.63525,1.14039,2.65596,-2.70443,0.996638,2.63314,-2.75326,1.19146,2,-2.6063,1.2888,2.03999,-0.912311,-2.1082,0,-0.747554,-2.52747,0.306523,-0.953164,-2.20261,0,-1.09669,-2.372,0.325344
11.2801,-2.64428,1.11931,2.65596,-2.71172,0.971276,2.63616,-2.76269,1.16943,2,-2.61717,1.26504,2.04322,-0.895447,-2.11542,1.46196e-18,-0.71121,-2.54302,0.296588,-0.935544,-2.21015,0,-1.07584,-2.37974,0.319337
11.2901,-2.65332,1.09769,2.65596,-2.71866,0.945811,2.63904,-2.77214,1.14684,2,-2.62781,1.24123,2.04633,-0.87815,-2.12266,0,-0.675764,-2.549,0.276829,-0.917473,-2.21771,0,-1.0527,-2.38202,0.302285
11.3002,-2.66184,1.07687,2.65596,-2.72524,0.920307,2.6417,-2.78104,1.1251,2,-2.63822,1.2174,2.04926,-0.861499,-2.12947,-1.46196e-18,-0.641399,-2.55133,0.256258,-0.900077,-2.22483,0,-1.02904,-2.38362,0.283418
11.3101,-2.67047,1.05528,2.65596,-2.73149,0.894793,2.64416,-2.79006,1.10254,2,-2.64839,1.19356,2.052,-0.844228,-2.13638,-1.46196e-18,-0.608366,-2.55106,0.236006,-0.882032,-2.23204,0,-1.00496,-2.38536,0.263952
11.3202,-2.67893,1.03362,2.65596,-2.73741,0.869293,2.64643,-2.79889,1.0799,2,-2.65832,1.16969,2.05455,-0.826893,-2.14315,0,-0.57655,-2.54869,0.217477,-0.863921,-2.23912,0,-0.980421,-2.38769,0.24522
11.3303,-2.687,1.01246,2.65596,-2.74303,0.843826,2.64852,-2.80732,1.0578,2,-2.668,1.1458,2.05691,-0.809969,-2.1496,-7.3098e-19,-0.546296,-2.54424,0.200968,-0.846239,-2.24586,0,-0.955657,-2.39064,0.227459
11.3401,-2.69503,0.990894,2.65596,-2.74834,0.818414,2.65045,-2.81571,1.03527,2,-2.67743,1.12188,2.0591,-0.792715,-2.15602,-1.46196e-18,-0.51771,-2.53786,0.186242,-0.828213,-2.25257,0,-0.930625,-2.39421,0.210445
11.3503,-2.70286,0.969321,2.65596,-2.75338,0.793075,2.65225,-2.8239,1.01273,2,-2.68661,1.09791,2.06112,-0.775457,-2.16229,0,-0.490817,-2.52969,0.173103,-0.810181,-2.25912,0,-0.905228,-2.39831,0.194043
11.3601,-2.71059,0.947488,2.65596,-2.75817,0.767825,2.65392,-2.83197,0.989915,2,-2.69553,1.07391,2.06298,-0.75799,-2.16847,0,-0.46596,-2.52003,0.161338,-0.791932,-2.26558,0,-0.879722,-2.40305,0.178075
11.3704,-2.71812,0.925669,2.65596,-2.76359,0.737664,2.65578,-2.83984,0.96712,2,-2.7059,1.04503,2.065,-0.740535,-2.1745,7.3098e-19,-0.438451,-2.50658,0.148955,-0.773696,-2.27187,0,-0.848509,-2.4094,0.159479
11.3803,-2.72539,0.904059,2.65596,-2.76703,0.717651,2.65694,-2.84743,0.944543,2,-2.71261,1.02574,2.06623,-0.723248,-2.18031,-7.3098e-19,-0.421564,-2.49657,0.141707,-0.755634,-2.27794,0,-0.827345,-2.41394,0.147422
11.3903,-2.73256,0.882123,2.65596,-2.77115,0.692752,2.65832,-2.85493,0.921624,2,-2.72075,1.00157,2.06763,-0.705699,-2.18605,1.46196e-18,-0.402016,-2.48283,0.133691,-0.7373,-2.28394,0,-0.800422,-2.41969,0.132709
11.4004,-2.73973,0.859623,2.65596,-2.77508,0.667997,2.65962,-2.86241,0.898116,2,-2.72862,0.977347,2.06889,-0.687698,-2.19178,-7.3098e-19,-0.384355,-2.46804,0.126539,-0.718493,-2.28993,0,-0.773133,-2.42562,0.11818
11.4103,-2.74638,0.838123,2.65596,-2.77884,0.643394,2.66085,-2.86936,0.875654,2,-2.73621,0.95306,2.07,-0.670499,-2.1971,7.3098e-19,-0.368589,-2.45254,0.120128,-0.700523,-2.29549,0,-0.745508,-2.43181,0.103798
11.4201,-2.75283,0.81667,2.65596,-2.78245,0.618948,2.66202,-2.87611,0.85324,2,-2.74352,0.92871,2.07096,-0.653336,-2.20227,7.3098e-19,-0.354719,-2.43647,0.114257,-0.682592,-2.30088,0,-0.717622,-2.43819,0.0894562
11.4303,-2.7594,0.794208,2.65596,-2.78594,0.594666,2.66314,-2.88296,0.829773,2,-2.75056,0.904296,2.07179,-0.635367,-2.20752,7.3098e-19,-0.342613,-2.41987,0.108794,-0.663818,-2.30637,0,-0.689451,-2.44452,0.0751358
11.4403,-2.7656,0.772343,2.65596,-2.78931,0.570552,2.6642,-2.88944,0.806928,2,-2.75731,0.87982,2.07247,-0.617874,-2.21248,-7.3098e-19,-0.332177,-2.40283,0.103683,-0.645543,-2.31155,0,-0.661009,-2.45069,0.0608837
11.4501,-2.7716,0.750524,2.65596,-2.79259,0.54661,2.66521,-2.89571,0.784132,2,-2.76378,0.855282,2.073,-0.600419,-2.21728,-7.3098e-19,-0.323308,-2.38557,0.0988022,-0.627305,-2.31657,0,-0.632297,-2.45678,0.0466586
11.4602,-2.77755,0.72821,2.65596,-2.79578,0.522842,2.66618,-2.90192,0.760818,2,-2.76996,0.830685,2.0734,-0.582568,-2.22204,0,-0.315756,-2.3681,0.0940645,-0.608655,-2.32154,0,-0.603215,-2.46258,0.0324792
11.4703,-2.78339,0.705548,2.65596,-2.79891,0.499248,2.66709,-2.90803,0.737143,2,-2.77584,0.806031,2.07365,-0.564439,-2.22671,-7.3098e-19,-0.309565,-2.35075,0.089314,-0.589714,-2.32642,0,-0.573959,-2.46824,0.0182987
11.4801,-2.7889,0.683431,2.65596,-2.80198,0.475826,2.66796,-2.91379,0.714034,2,-2.78144,0.78132,2.07377,-0.546744,-2.23112,0,-0.304688,-2.33367,0.0845033,-0.571227,-2.33103,0,-0.544608,-2.47382,0.0041573
11.4901,-2.7942,0.661415,2.65596,-2.80501,0.452573,2.66878,-2.91933,0.691033,2,-2.78674,0.756556,2.07374,-0.529132,-2.23536,7.3098e-19,-0.300944,-2.31681,0.0795035,-0.552826,-2.33546,0,-0.515175,-2.47906,-0.00996353
11.5001,-2.79939,0.639092,2.65596,-2.808,0.429488,2.66955,-2.92475,0.667711,2,-2.79174,0.731739,2.07357,-0.511274,-2.23952,0,-0.298045,-2.30036,0.0743753,-0.534168,-2.3398,0,-0.485511,-2.48411,-0.0239269
11.5101,-2.80449,0.616345,2.65596,-2.81097,0.406564,2.67027,-2.93007,0.643945,2,-2.79644,0.706874,2.07326,-0.493076,-2.24359,-7.3098e-19,-0.29586,-2.28437,0.0691436,-0.515156,-2.34406,0,-0.455621,-2.48892,-0.0376346
11.5202,-2.80936,0.593769,2.65596,-2.81392,0.383798,2.67094,-2.93516,0.620358,2,-2.80085,0.681961,2.07282,-0.475015,-2.24749,0,-0.294522,-2.26902,0.0639125,-0.496286,-2.34813,0,-0.425765,-2.49362,-0.050919
11.5302,-2.81398,0.571472,2.65596,-2.81686,0.361181,2.67155,-2.93999,0.597063,2,-2.80496,0.657002,2.07224,-0.457178,-2.25118,-7.3098e-19,-0.29399,-2.25444,0.0586774,-0.47765,-2.35199,0,-0.396038,-2.49828,-0.0637067
11.5402,-2.81846,0.548963,2.65596,-2.8198,0.338708,2.67211,-2.94466,0.573545,2,-2.80877,0.631997,2.07155,-0.43917,-2.25476,7.3098e-19,-0.294018,-2.24041,0.0536953,-0.458836,-2.35573,0,-0.366298,-2.50263,-0.0756868
11.5501,-2.82274,0.526471,2.65596,-2.82274,0.316371,2.67262,-2.94914,0.550046,2,-2.81229,0.60695,2.07073,-0.421177,-2.25819,0,-0.29434,-2.22703,0.0488747,-0.440037,-2.35932,0,-0.336463,-2.50672,-0.0868842
11.5603,-2.82694,0.503452,2.65596,-2.82569,0.294163,2.67309,-2.95353,0.525996,2,-2.8155,0.581862,2.06981,-0.402761,-2.26155,0,-0.295014,-2.21468,0.044127,-0.420797,-2.36282,0,-0.306739,-2.51088,-0.0973261
11.5702,-2.83078,0.481403,2.65596,-2.82865,0.272073,2.67351,-2.95754,0.50296,2,-2.81842,0.556731,2.06879,-0.385122,-2.26462,3.6549e-19,-0.29605,-2.20355,0.0394233,-0.402368,-2.36603,0,-0.277292,-2.51524,-0.10698
11.5801,-2.83453,0.458784,2.65596,-2.83161,0.25009,2.67388,-2.96146,0.479328,2,-2.82105,0.531558,2.06767,-0.367027,-2.26762,3.6549e-19,-0.297029,-2.19325,0.0348501,-0.383463,-2.36917,0,-0.247872,-2.51935,-0.115709
11.5901,-2.83812,0.436041,2.65596,-2.83459,0.228206,2.6742,-2.96521,0.455566,2,-2.82338,0.506345,2.06648,-0.348833,-2.27049,0,-0.297842,-2.18368,0.0304102,-0.364453,-2.37217,0,-0.218542,-2.52312,-0.123479
11.6002,-2.84157,0.412971,2.65596,-2.83757,0.206412,2.67449,-2.96881,0.431464,2,-2.82542,0.481096,2.06521,-0.330377,-2.27325,-3.6549e-19,-0.298472,-2.17514,0.0260085,-0.345171,-2.37505,0,-0.189445,-2.5268,-0.130357
11.6101,-2.84479,0.390181,2.65596,-2.84056,0.184699,2.67472,-2.97217,0.407653,2,-2.82717,0.455809,2.06387,-0.312145,-2.27583,0,-0.298871,-2.16773,0.0216427,-0.326123,-2.37774,0,-0.160679,-2.53046,-0.136319
11.6202,-2.84779,0.36759,2.65596,-2.84354,0.163055,2.67492,-2.97532,0.38405,2,-2.82863,0.430487,2.06248,-0.294072,-2.27823,0,-0.298915,-2.16128,0.0172693,-0.30724,-2.38025,0,-0.132271,-2.53392,-0.141393
11.6303,-2.85068,0.344454,2.65596,-2.84653,0.14147,2.67507,-2.97834,0.359879,2,-2.82982,0.405132,2.06105,-0.275564,-2.28055,3.6549e-19,-0.298426,-2.15572,0.012877,-0.287903,-2.38267,0,-0.104182,-2.53709,-0.145595
11.6404,-2.85344,0.32081,2.65596,-2.84951,0.119938,2.67518,-2.98122,0.335176,2,-2.83072,0.379747,2.05958,-0.256648,-2.28275,-3.6549e-19,-0.297324,-2.15097,0.00847646,-0.268141,-2.38497,0,-0.0764625,-2.5399,-0.148926
11.6501,-2.85583,0.298801,2.65596,-2.85248,0.0984477,2.67524,-2.98371,0.312181,2,-2.83135,0.354335,2.05807,-0.239041,-2.28466,3.6549e-19,-0.295742,-2.14721,0.00402336,-0.249745,-2.38697,0,-0.0493645,-2.54252,-0.151445
11.6601,-2.85808,0.276484,2.65596,-2.85542,0.0769908,2.67526,-2.98606,0.288865,2,-2.83171,0.328898,2.05655,-0.221187,-2.28646,0,-0.29361,-2.14429,-0.000468862,-0.231092,-2.38885,0,-0.0229376,-2.5448,-0.153161
11.6702,-2.8602,0.253549,2.65596,-2.85835,0.0555597,2.67523,-2.98828,0.264903,2,-2.83181,0.30344,2.05501,-0.202839,-2.28816,0,-0.290655,-2.14206,-0.00498017,-0.211922,-2.39063,0,0.0029822,-2.5466,-0.154098
11.6804,-2.86222,0.229725,2.65596,-2.86123,0.034147,2.67516,-2.99038,0.240012,2,-2.83165,0.277967,2.05347,-0.18378,-2.28977,-1.82745e-19,-0.286816,-2.14058,-0.00947036,-0.19201,-2.39231,0,0.0283634,-2.54803,-0.154268
11.6902,-2.86388,0.207968,2.65596,-2.86408,0.0127451,2.67504,-2.99212,0.21728,2,-2.83124,0.252481,2.05193,-0.166374,-2.2911,-1.82745e-19,-0.282286,-2.13995,-0.0139768,-0.173824,-2.3937,0,0.0529287,-2.54917,-0.153758
11.7001,-2.86547,0.18481,2.65596,-2.86688,-0.00865412,2.67488,-2.99378,0.193086,2,-2.83059,0.226985,2.0504,-0.147848,-2.29237,0,-0.276921,-2.13996,-0.0184722,-0.154468,-2.39502,0,0.0767433,-2.54985,-0.152591
11.7101,-2.86687,0.161569,2.65596,-2.86962,-0.0300562,2.67467,-2.99525,0.168804,2,-2.82971,0.201485,2.04888,-0.129255,-2.2935,0,-0.270483,-2.14053,-0.0228878,-0.135043,-2.3962,0,0.0999853,-2.55001,-0.15077
11.7201,-2.86807,0.138726,2.65596,-2.87228,-0.0514664,2.67442,-2.9965,0.144938,2,-2.8286,0.175986,2.04738,-0.110981,-2.29445,0,-0.263002,-2.14159,-0.027178,-0.115951,-2.3972,0,0.122573,-2.54962,-0.148323
11.7301,-2.86908,0.115828,2.65596,-2.87487,-0.0728901,2.67413,-2.99756,0.121015,2,-2.82726,0.150494,2.04592,-0.0926625,-2.29527,0,-0.254548,-2.14325,-0.031363,-0.0968119,-2.39805,0,0.144385,-2.54881,-0.145338
11.7401,-2.86991,0.0930651,2.65596,-2.87737,-0.0943333,2.67379,-2.99842,0.0972325,2,-2.82571,0.125012,2.04448,-0.0744521,-2.29593,0,-0.245008,-2.14543,-0.0354271,-0.077786,-2.39874,0,0.165505,-2.54751,-0.141871
11.7504,-2.87057,0.0696968,2.65596,-2.87977,-0.1158,2.67342,-2.99912,0.0728178,2,-2.82395,0.0995461,2.04308,-0.0557574,-2.29646,-9.13725e-20,-0.234238,-2.14789,-0.0393535,-0.0582542,-2.39929,0,0.186058,-2.54553,-0.137986
11.7602,-2.87103,0.0470294,2.65596,-2.88205,-0.137293,2.67301,-2.9996,0.0491353,2,-2.82199,0.0741023,2.04172,-0.0376235,-2.29683,-4.56862e-20,-0.222544,-2.15087,-0.0431809,-0.0393082,-2.39968,0,0.205731,-2.54317,-0.133802
11.7703,-2.87132,0.0233926,2.65596,-2.88422,-0.158818,2.67256,-2.9999,0.0244401,2,-2.81984,0.0486845,2.0404,-0.0187141,-2.29706,0,-0.209871,-2.15423,-0.0468434,-0.0195521,-2.39992,0,0.224579,-2.5403,-0.129328
11.7803,-2.87142,0.00106358,2.65596,-2.88625,-0.180378,2.67207,-3,0.00111121,2,-2.8175,0.0232986,2.03913,-0.000850864,-2.29714,0,-0.196134,-2.1578,-0.0502555,-0.000888966,-2.4,0,0.242702,-2.5368,-0.124555
11.7902,-2.87134,-0.0215462,2.65596,-2.8885,-0.206299,2.67145,-2.99992,-0.022511,2,-2.81499,-0.00204975,2.03791,0.017237,-2.29707,0,-0.178472,-2.16253,-0.0540597,0.0180088,-2.39993,0,0.259942,-2.53282,-0.119584
11.8005,-2.87105,-0.0459181,2.65596,-2.88987,-0.223613,2.671,-2.99962,-0.0479743,2,-2.81231,-0.0273568,2.03674,0.0367345,-2.29684,4.56862e-20,-0.165898,-2.16591,-0.056621,0.0383795,-2.39969,0,0.276412,-2.52846,-0.114715
11.8101,-2.87061,-0.0683019,2.65596,-2.89145,-0.245294,2.67042,-2.99915,-0.0713604,2,-2.80947,-0.0526171,2.03562,0.0546415,-2.29649,0,-0.149474,-2.17018,-0.0596065,0.0570883,-2.39932,0,0.292019,-2.52351,-0.109832
11.8202,-2.86999,-0.0907431,2.65596,-2.89286,-0.267018,2.66981,-2.9985,-0.0948066,2,-2.80647,-0.0778261,2.03455,0.0725945,-2.29599,0,-0.13232,-2.17476,-0.0623459,0.0758453,-2.3988,0,0.306675,-2.51823,-0.10494
11.8301,-2.86915,-0.114226,2.65596,-2.89409,-0.288789,2.66918,-2.99763,-0.119341,2,-2.80333,-0.10298,2.03352,0.0913808,-2.29532,9.13725e-20,-0.114292,-2.17941,-0.0647622,0.0954728,-2.3981,0,0.320547,-2.51241,-0.100014
11.8402,-2.86816,-0.13682,2.65596,-2.89514,-0.310607,2.66852,-2.99659,-0.142947,2,-2.80006,-0.128073,2.03255,0.109456,-2.29453,-1.82745e-19,-0.0955024,-2.18418,-0.066872,0.114358,-2.39727,0,0.333597,-2.50615,-0.0951303
11.8504,-2.86694,-0.160274,2.65596,-2.896,-0.332473,2.66784,-2.99532,-0.167451,2,-2.79667,-0.153101,2.03162,0.128219,-2.29355,0,-0.0759766,-2.18903,-0.068688,0.133961,-2.39626,0,0.345847,-2.49948,-0.0903525
11.8603,-2.8656,-0.182702,2.65596,-2.89666,-0.354387,2.66714,-2.99392,-0.190883,2,-2.79243,-0.183044,2.03057,0.146162,-2.29248,0,-0.0555793,-2.19386,-0.0701398,0.152707,-2.39514,0,0.359732,-2.49085,-0.0847285
11.8702,-2.864,-0.20623,2.65596,-2.89711,-0.376349,2.66644,-2.99225,-0.215465,2,-2.78952,-0.202946,2.0299,0.164984,-2.2912,0,-0.0344425,-2.19855,-0.0712521,0.172372,-2.3938,0,0.368437,-2.48468,-0.0811009
11.8801,-2.86235,-0.228016,2.65596,-2.89735,-0.398357,2.66572,-2.99053,-0.238227,2,-2.78578,-0.227752,2.02912,0.182413,-2.28988,0,-0.0125963,-2.20292,-0.0719762,0.190581,-2.39242,0,0.378758,-2.47637,-0.0766722
11.8902,-2.86042,-0.251039,2.65596,-2.89736,-0.420407,2.665,-2.98851,-0.26228,2,-2.78194,-0.252472,2.02837,0.200831,-2.28834,0,0.00992715,-2.20712,-0.0723614,0.209824,-2.39081,0,0.388479,-2.46759,-0.0724419
11.9002,-2.85831,-0.274034,2.65596,-2.89715,-0.442498,2.66427,-2.98631,-0.286305,2,-2.77801,-0.277102,2.02767,0.219227,-2.28665,-3.6549e-19,0.033131,-2.21092,-0.0724367,0.229044,-2.38905,0,0.39768,-2.45818,-0.0684561
11.9103,-2.85602,-0.29702,2.65596,-2.8967,-0.464625,2.66355,-2.98391,-0.310321,2,-2.77399,-0.301635,2.027,0.237616,-2.28481,3.6549e-19,0.056838,-2.2146,-0.0722295,0.248257,-2.38713,0,0.406258,-2.44846,-0.0647538
11.9203,-2.85344,-0.320834,2.65596,-2.89584,-0.491227,2.66269,-2.98121,-0.335201,2,-2.76989,-0.32607,2.02637,0.256667,-2.28275,0,0.0859297,-2.21892,-0.0716075,0.26816,-2.38497,0,0.414274,-2.43851,-0.0613386
11.9303,-2.8509,-0.342685,2.65596,-2.89507,-0.508989,2.66212,-2.97856,-0.358031,2,-2.76571,-0.350404,2.02577,0.274148,-2.28072,0,0.105601,-2.22152,-0.0710555,0.286425,-2.38285,0,0.421697,-2.42817,-0.0582948
11.9403,-2.84809,-0.365267,2.65596,-2.89389,-0.531219,2.66141,-2.97563,-0.381623,2,-2.76146,-0.374632,2.0252,0.292213,-2.27847,-3.6549e-19,0.130455,-2.22443,-0.0701272,0.305298,-2.3805,0,0.428551,-2.4174,-0.0555684
11.9504,-2.84498,-0.388755,2.65596,-2.89246,-0.553476,2.66072,-2.97238,-0.406163,2,-2.75714,-0.398751,2.02466,0.311004,-2.27599,-3.6549e-19,0.155779,-2.227,-0.0688753,0.32493,-2.3779,0,0.435058,-2.40628,-0.0530698
11.9602,-2.84185,-0.410999,2.65596,-2.89078,-0.575759,2.66003,-2.96911,-0.429403,2,-2.75276,-0.422758,2.02414,0.328799,-2.27348,0,0.181403,-2.2295,-0.0673973,0.343522,-2.37529,0,0.441097,-2.39512,-0.050881
11.9701,-2.83852,-0.433426,2.65596,-2.88883,-0.598065,2.65937,-2.96563,-0.452834,2,-2.74832,-0.446652,2.02364,0.346741,-2.27082,-3.6549e-19,0.207356,-2.23171,-0.0656757,0.362267,-2.3725,0,0.446781,-2.38372,-0.0489594
11.9802,-2.83495,-0.456167,2.65596,-2.88663,-0.620392,2.65872,-2.9619,-0.476594,2,-2.74382,-0.470431,2.02316,0.364934,-2.26796,0,0.233546,-2.23359,-0.0637379,0.381275,-2.36952,0,0.452108,-2.37208,-0.0473054
11.9901,-2.83118,-0.479002,2.65596,-2.88416,-0.642736,2.65809,-2.95796,-0.500451,2,-2.73928,-0.494093,2.0227,0.383201,-2.26495,3.6549e-19,0.260097,-2.23513,-0.0615377,0.400361,-2.36637,0,0.457278,-2.36025,-0.0458464
12.0001,-2.82723,-0.50182,2.65596,-2.88143,-0.665093,2.65749,-2.95383,-0.524291,2,-2.73468,-0.517636,2.02224,0.401456,-2.26178,0,0.286847,-2.2363,-0.0591075,0.419433,-2.36307,0,0.462201,-2.34823,-0.0445821
12.0101,-2.82315,-0.5243,2.65596,-2.87842,-0.687461,2.65691,-2.94957,-0.547777,2,-2.73003,-0.541058,2.0218,0.41944,-2.25852,-7.3098e-19,0.313721,-2.23716,-0.0565404,0.438222,-2.35965,0,0.466871,-2.33611,-0.0435686
12.0204,-2.81879,-0.547243,2.65596,-2.87515,-0.709835,2.65636,-2.94501,-0.571748,2,-2.72534,-0.564357,2.02137,0.437794,-2.25503,0,0.340733,-2.23762,-0.05386,0.457398,-2.35601,0,0.471377,-2.32384,-0.0427902
12.0301,-2.81441,-0.56935,2.65596,-2.87161,-0.732213,2.65584,-2.94044,-0.594845,2,-2.72061,-0.587535,2.02095,0.45548,-2.25153,7.3098e-19,0.367871,-2.23794,-0.0511,0.475876,-2.35235,0,0.475779,-2.31169,-0.0422399
12.0403,-2.80976,-0.591861,2.65596,-2.8678,-0.754592,2.65534,-2.93558,-0.618364,2,-2.71583,-0.610591,2.02053,0.473489,-2.24781,0,0.39502,-2.23789,-0.0482566,0.494691,-2.34846,0,0.480027,-2.29946,-0.041873
12.0501,-2.80495,-0.614265,2.65596,-2.86371,-0.776969,2.65487,-2.93055,-0.641772,2,-2.71101,-0.633523,2.02011,0.491412,-2.24396,0,0.422251,-2.23729,-0.0453233,0.513417,-2.34444,0,0.484265,-2.28701,-0.0416409
12.0603,-2.79979,-0.637372,2.65596,-2.85935,-0.799336,2.65443,-2.92516,-0.665913,2,-2.70614,-0.65633,2.01969,0.509898,-2.23983,7.3098e-19,0.449538,-2.23619,-0.0423061,0.532731,-2.34013,0,0.48853,-2.27443,-0.0415096
12.0703,-2.79472,-0.659215,2.65596,-2.85472,-0.821691,2.65403,-2.91987,-0.688734,2,-2.70124,-0.679012,2.01928,0.527372,-2.23578,0,0.476743,-2.23476,-0.0392512,0.550987,-2.3359,0,0.492738,-2.2619,-0.0414828
12.0804,-2.7893,-0.681802,2.65596,-2.84982,-0.844031,2.65365,-2.9142,-0.712333,2,-2.69629,-0.701569,2.01886,0.545442,-2.23144,0,0.503871,-2.23316,-0.036233,0.569866,-2.33136,0,0.496956,-2.24958,-0.0415903
12.0902,-2.78377,-0.704027,2.65596,-2.84464,-0.866353,2.6533,-2.90843,-0.735553,2,-2.6913,-0.724003,2.01845,0.563222,-2.22702,0,0.530957,-2.23113,-0.0332172,0.588442,-2.32674,0,0.501283,-2.23724,-0.0417553
12.1002,-2.77801,-0.726429,2.65596,-2.8392,-0.888652,2.65298,-2.90241,-0.758958,2,-2.68626,-0.746314,2.01803,0.581143,-2.22241,0,0.55794,-2.22857,-0.0301609,0.607166,-2.32193,0,0.505721,-2.22481,-0.0418961
12.1103,-2.77221,-0.74827,2.65596,-2.83348,-0.910923,2.6527,-2.89635,-0.781777,2,-2.68118,-0.7685,2.01761,0.598616,-2.21777,0,0.584857,-2.22556,-0.0271145,0.625422,-2.31708,0,0.51036,-2.21238,-0.0420254
12.1203,-2.76611,-0.770526,2.65596,-2.8275,-0.933162,2.65244,-2.88997,-0.805029,2,-2.67605,-0.790562,2.01719,0.616421,-2.21288,0,0.611455,-2.22231,-0.0242149,0.644024,-2.31198,0,0.514998,-2.20018,-0.0422423
12.1304,-2.75976,-0.792956,2.65596,-2.82125,-0.955368,2.65221,-2.88334,-0.828464,2,-2.67088,-0.812504,2.01676,0.634365,-2.20781,0,0.637618,-2.21885,-0.0214841,0.662771,-2.30667,0,0.519577,-2.18823,-0.0425321
12.1403,-2.75327,-0.815202,2.65596,-2.81475,-0.977539,2.65201,-2.87656,-0.851706,2,-2.66566,-0.834328,2.01634,0.652162,-2.20262,0,0.663409,-2.21531,-0.0189062,0.681365,-2.30125,0,0.524214,-2.17668,-0.0428482
12.1503,-2.7468,-0.836732,2.65596,-2.80799,-0.999674,2.65183,-2.8698,-0.874201,2,-2.6604,-0.856038,2.01591,0.669386,-2.19744,0,0.688901,-2.21148,-0.0164626,0.69936,-2.29584,0,0.529023,-2.16534,-0.0431462
12.1603,-2.73963,-0.859931,2.65596,-2.80097,-1.02177,2.65168,-2.86231,-0.898438,2,-2.65508,-0.877635,2.01547,0.687945,-2.1917,7.3098e-19,0.714161,-2.20715,-0.014117,0.718751,-2.28985,0,0.534114,-2.15401,-0.0433654
12.1706,-2.73281,-0.881366,2.65596,-2.79371,-1.04382,2.65155,-2.85518,-0.920834,2,-2.64863,-0.903405,2.01495,0.705093,-2.18625,0,0.738933,-2.20279,-0.0119963,0.736667,-2.28415,0,0.540336,-2.14104,-0.0436504
12.1802,-2.72596,-0.902331,2.65596,-2.78619,-1.06582,2.65144,-2.84803,-0.942737,2,-2.64429,-0.920499,2.0146,0.721865,-2.18077,-7.3098e-19,0.76337,-2.19805,-0.00999389,0.75419,-2.27842,0,0.544714,-2.1325,-0.0437553
12.1902,-2.7185,-0.924548,2.65596,-2.77844,-1.08778,2.65135,-2.84024,-0.965949,2,-2.63882,-0.94177,2.01416,0.739639,-2.1748,-7.3098e-19,0.787524,-2.19271,-0.0081024,0.772759,-2.27219,0,0.550502,-2.12174,-0.0437762
12.2004,-2.71099,-0.946365,2.65596,-2.77045,-1.10967,2.65128,-2.83238,-0.988742,2,-2.63328,-0.962934,2.01373,0.757092,-2.16879,7.3098e-19,0.811402,-2.1868,-0.00635972,0.790994,-2.26591,0,0.556702,-2.11096,-0.0437002
12.2101,-2.70368,-0.967044,2.65596,-2.76221,-1.13151,2.65122,-2.82475,-1.01035,2,-2.62768,-0.983991,2.01329,0.773636,-2.16294,-7.3098e-19,0.835007,-2.18064,-0.00482503,0.808279,-2.2598,0,0.563343,-2.10047,-0.0435766
12.2201,-2.69587,-0.9886,2.65596,-2.75375,-1.15329,2.65118,-2.81659,-1.03287,2,-2.62202,-1.00494,2.01286,0.79088,-2.1567,7.3098e-19,0.858044,-2.17429,-0.003526,0.826295,-2.25327,0,0.570163,-2.09033,-0.0434229
12.2302,-2.6878,-1.01034,2.65596,-2.74505,-1.175,2.65115,-2.80816,-1.05558,2,-2.61628,-1.0258,2.01242,0.808272,-2.15024,0,0.880549,-2.16749,-0.00241428,0.844466,-2.24653,0,0.577245,-2.08025,-0.0431843
12.2402,-2.6797,-1.03162,2.65596,-2.73614,-1.19664,2.65113,-2.7997,-1.07782,2,-2.61047,-1.04655,2.01199,0.825299,-2.14376,0,0.90259,-2.16044,-0.00151912,0.862256,-2.23976,0,0.584693,-2.07045,-0.0428918
12.2501,-2.67129,-1.05321,2.65596,-2.727,-1.2182,2.65112,-2.79091,-1.10037,2,-2.60458,-1.06721,2.01156,0.842569,-2.13703,-1.46196e-18,0.924399,-2.15283,-0.000708286,0.880299,-2.23273,0,0.592753,-2.06061,-0.0424185
12.2602,-2.6628,-1.0745,2.65596,-2.71765,-1.23969,2.65112,-2.78204,-1.12261,2,-2.59861,-1.08776,2.01114,0.859597,-2.13024,0,0.945751,-2.14503,-0.000102628,0.89809,-2.22563,0,0.60122,-2.05111,-0.0418903
12.2702,-2.65395,-1.09617,2.65596,-2.70809,-1.2611,2.65112,-2.77279,-1.14526,2,-2.59256,-1.10823,2.01073,0.876937,-2.12316,0,0.966607,-2.13715,0.000274887,0.916206,-2.21824,0,0.610082,-2.04202,-0.0413357
12.2801,-2.64515,-1.11725,2.65596,-2.69832,-1.28243,2.65112,-2.76359,-1.16728,2,-2.58641,-1.12861,2.01032,0.893802,-2.11612,0,0.987031,-2.12914,0.00047866,0.933826,-2.21088,0,0.619427,-2.03329,-0.04071
12.2904,-2.63595,-1.13878,2.65596,-2.68835,-1.30369,2.65113,-2.75399,-1.18977,2,-2.58017,-1.1489,2.00991,0.911022,-2.10876,0,1.00708,-2.12104,0.000514449,0.951817,-2.20319,0,0.629327,-2.02495,-0.0400218
12.3003,-2.62678,-1.15977,2.65596,-2.67818,-1.32485,2.65113,-2.74441,-1.2117,2,-2.57382,-1.16911,2.00952,0.927816,-2.10143,0,1.02658,-2.1128,0.000346741,0.969363,-2.19553,0,0.639635,-2.01696,-0.0393233
12.3102,-2.61765,-1.18024,2.65596,-2.66782,-1.34594,2.65113,-2.73486,-1.2331,2,-2.56737,-1.18924,2.00913,0.944196,-2.09412,0,1.04579,-2.10432,2.65094e-05,0.986476,-2.18789,0,0.650607,-2.00918,-0.038581
12.3202,-2.60803,-1.20135,2.65596,-2.65727,-1.36694,2.65113,-2.72481,-1.25515,2,-2.56081,-1.20929,2.00874,0.961082,-2.08642,1.46196e-18,1.06452,-2.09565,-0.000460859,1.00412,-2.17985,0,0.662075,-2.00169,-0.0378294
12.3303,-2.59817,-1.22252,2.65596,-2.64653,-1.38785,2.65112,-2.71451,-1.27727,2,-2.55413,-1.22927,2.00837,0.97802,-2.07854,0,1.08274,-2.08661,-0.00107773,1.02181,-2.17161,0,0.674017,-1.99427,-0.0370514
12.3405,-2.58822,-1.24344,2.65596,-2.63561,-1.40867,2.65111,-2.70412,-1.29912,2,-2.54733,-1.24918,2.008,0.994753,-2.07058,0,1.10051,-2.07728,-0.00182549,1.0393,-2.1633,0,0.686504,-1.987,-0.0362703
12.3501,-2.5785,-1.26348,2.65596,-2.62452,-1.4294,2.65109,-2.69396,-1.32006,2,-2.5404,-1.26901,2.00764,1.01078,-2.0628,0,1.11792,-2.06767,-0.00267291,1.05605,-2.15517,0,0.699605,-1.97987,-0.035478
12.3602,-2.5682,-1.28428,2.65596,-2.61326,-1.45002,2.65106,-2.6832,-1.34179,2,-2.53333,-1.28877,2.00729,1.02743,-2.05456,1.46196e-18,1.13498,-2.05777,-0.0036263,1.07344,-2.14656,0,0.713336,-1.97285,-0.0347022
12.3702,-2.558,-1.30448,2.65596,-2.60182,-1.47055,2.65101,-2.67255,-1.3629,2,-2.52613,-1.30847,2.00695,1.04359,-2.0464,0,1.1517,-2.0477,-0.00465999,1.09032,-2.13804,0,0.72771,-1.96604,-0.0339394
12.3801,-2.54737,-1.32512,2.65596,-2.59022,-1.49098,2.65096,-2.66144,-1.38445,2,-2.51878,-1.32809,2.00662,1.06009,-2.0379,0,1.16797,-2.03736,-0.00575189,1.10756,-2.12916,0,0.742618,-1.95933,-0.03319
12.3902,-2.5368,-1.34525,2.65596,-2.57846,-1.5113,2.6509,-2.6504,-1.40549,2,-2.51127,-1.34766,2.00629,1.0762,-2.02944,0,1.18388,-2.0269,-0.00693547,1.12439,-2.12032,0,0.758127,-1.95283,-0.0325107
12.4006,-2.52534,-1.36665,2.65596,-2.56655,-1.53152,2.65082,-2.63842,-1.42784,2,-2.50361,-1.36715,2.00596,1.09332,-2.02027,0,1.19926,-2.01647,-0.00822493,1.14228,-2.11074,0,0.774076,-1.9467,-0.0319381
12.4101,-2.51503,-1.38553,2.65596,-2.55448,-1.55163,2.65073,-2.62765,-1.44757,2,-2.49579,-1.38659,2.00565,1.10842,-2.01202,0,1.21421,-2.00582,-0.0095709,1.15806,-2.10212,0,0.790536,-1.94065,-0.0314451
12.4203,-2.50378,-1.40574,2.65596,-2.54227,-1.57163,2.65063,-2.6159,-1.46869,2,-2.4878,-1.40597,2.00534,1.12459,-2.00303,0,1.22865,-1.99522,-0.0110219,1.17495,-2.09272,0,0.807418,-1.93496,-0.0311036
12.4303,-2.49226,-1.42608,2.65596,-2.52991,-1.59153,2.65051,-2.60386,-1.48993,2,-2.47964,-1.42529,2.00503,1.14086,-1.99381,0,1.24264,-1.98448,-0.0125158,1.19195,-2.08309,0,0.824757,-1.9294,-0.030874
12.4402,-2.48097,-1.44562,2.65596,-2.51741,-1.61132,2.65038,-2.59207,-1.51035,2,-2.4713,-1.44456,2.00472,1.1565,-1.98478,0,1.25626,-1.97367,-0.0140103,1.20828,-2.07366,0,0.842624,-1.92405,-0.0307342
12.4501,-2.46955,-1.46506,2.65596,-2.50478,-1.631,2.65023,-2.58013,-1.53066,2,-2.46279,-1.46377,2.00441,1.17205,-1.97564,1.46196e-18,1.26956,-1.96288,-0.0155358,1.22453,-2.0641,0,0.861044,-1.91898,-0.030734
12.4602,-2.45736,-1.48541,2.65596,-2.49202,-1.65058,2.65007,-2.5674,-1.55192,2,-2.45408,-1.48294,2.0041,1.18833,-1.96589,-1.46196e-18,1.28253,-1.95217,-0.0171066,1.24154,-2.05392,0,0.879965,-1.91423,-0.0309054
12.4702,-2.44549,-1.50486,2.65596,-2.47914,-1.67005,2.64989,-2.555,-1.57225,2,-2.44518,-1.50206,2.00379,1.20389,-1.95639,0,1.29524,-1.94126,-0.0186532,1.2578,-2.044,0,0.89945,-1.90951,-0.0311948
12.4802,-2.43329,-1.52451,2.65596,-2.46612,-1.6894,2.6497,-2.54225,-1.59278,2,-2.43609,-1.52113,2.00348,1.21961,-1.94663,1.46196e-18,1.30754,-1.93018,-0.0201416,1.27422,-2.0338,0,0.919328,-1.90484,-0.0315828
12.4903,-2.42113,-1.54376,2.65596,-2.45299,-1.70865,2.64949,-2.52955,-1.61289,2,-2.4268,-1.54015,2.00316,1.23501,-1.9369,0,1.3195,-1.91896,-0.0215614,1.29031,-2.02364,0,0.939618,-1.90023,-0.0320714
12.5001,-2.40879,-1.56294,2.65596,-2.43973,-1.72778,2.64927,-2.51665,-1.63293,2,-2.4173,-1.55913,2.00284,1.25035,-1.92703,-1.46196e-18,1.33111,-1.90761,-0.0229493,1.30634,-2.01332,0,0.960297,-1.89568,-0.032707
12.5105,-2.39576,-1.58284,2.65596,-2.42636,-1.7468,2.64903,-2.50304,-1.65372,2,-2.40759,-1.57807,2.00251,1.26628,-1.91661,0,1.34233,-1.89625,-0.0242929,1.32298,-2.00243,0,0.981287,-1.8913,-0.0334851
12.5203,-2.38328,-1.60157,2.65596,-2.41288,-1.76571,2.64878,-2.49,-1.67329,2,-2.39767,-1.59696,2.00217,1.28126,-1.90662,0,1.35351,-1.88472,-0.0255588,1.33863,-1.992,0,1.0029,-1.8869,-0.034378
12.5301,-2.37032,-1.62069,2.65596,-2.39929,-1.7845,2.64852,-2.47646,-1.69327,2,-2.38753,-1.61581,2.00182,1.29655,-1.89625,-1.46196e-18,1.36448,-1.87311,-0.0267713,1.35461,-1.98117,0,1.02492,-1.88257,-0.0354151
12.5402,-2.35735,-1.6395,2.65596,-2.3856,-1.80317,2.64825,-2.46291,-1.71291,2,-2.37717,-1.63461,2.00146,1.3116,-1.88588,0,1.37514,-1.86137,-0.0279112,1.37033,-1.97033,0,1.04723,-1.87824,-0.0365794
12.5502,-2.34417,-1.65828,2.65596,-2.37179,-1.82172,2.64796,-2.44914,-1.73254,2,-2.36658,-1.65337,2.00109,1.32663,-1.87534,0,1.38564,-1.8494,-0.0289228,1.38603,-1.95931,0,1.06994,-1.87379,-0.0378142
12.5602,-2.33091,-1.67687,2.65596,-2.35788,-1.84016,2.64767,-2.43529,-1.75196,2,-2.35577,-1.67209,2.0007,1.3415,-1.86473,0,1.39598,-1.83738,-0.0298539,1.40157,-1.94823,0,1.09303,-1.86942,-0.0391666
12.5703,-2.31743,-1.69546,2.65596,-2.34387,-1.85847,2.64736,-2.4212,-1.77138,2,-2.34472,-1.69076,2.0003,1.35637,-1.85394,0,1.4062,-1.82518,-0.0306792,1.41711,-1.93696,0,1.11647,-1.86495,-0.0406077
12.5802,-2.30387,-1.71384,2.65596,-2.32976,-1.87666,2.64705,-2.40703,-1.79058,2,-2.33344,-1.70938,1.99989,1.37107,-1.84309,0,1.41629,-1.81295,-0.0314203,1.43247,-1.92563,0,1.14023,-1.86054,-0.0421525
12.5901,-2.29008,-1.73222,2.65596,-2.31555,-1.89473,2.64674,-2.39263,-1.80978,2,-2.32192,-1.72797,1.99946,1.38577,-1.83207,-1.46196e-18,1.4263,-1.80049,-0.0320475,1.44783,-1.9141,0,1.16434,-1.85597,-0.0437638
12.6001,-2.27619,-1.75043,2.65596,-2.30124,-1.91267,2.64641,-2.37812,-1.82882,2,-2.31015,-1.7465,1.99901,1.40035,-1.82095,0,1.4362,-1.78798,-0.0325811,1.46305,-1.90249,0,1.18871,-1.85141,-0.0454531
12.6101,-2.26227,-1.76839,2.65596,-2.28682,-1.93049,2.64609,-2.36357,-1.84757,2,-2.29814,-1.76499,1.99855,1.41471,-1.80982,-1.46196e-18,1.44605,-1.77526,-0.0329954,1.47806,-1.89086,0,1.21338,-1.84669,-0.0471834
12.6204,-2.24759,-1.78701,2.65596,-2.27231,-1.94818,2.64575,-2.34824,-1.86703,2,-2.28588,-1.78344,1.99807,1.4296,-1.79807,0,1.45568,-1.76266,-0.0333731,1.49362,-1.87859,0,1.23814,-1.84212,-0.0490255
12.6301,-2.23345,-1.80465,2.65596,-2.25771,-1.96574,2.64542,-2.33346,-1.88546,2,-2.27338,-1.80184,1.99757,1.44372,-1.78676,1.46196e-18,1.46523,-1.75011,-0.0337106,1.50837,-1.86677,0,1.26309,-1.83761,-0.0509613
12.6401,-2.21884,-1.82258,2.65596,-2.24301,-1.98318,2.64508,-2.3182,-1.9042,2,-2.26062,-1.82019,1.99705,1.45807,-1.77507,0,1.47483,-1.73731,-0.0339939,1.52336,-1.85456,0,1.28832,-1.83288,-0.0529628
12.6503,-2.20418,-1.84029,2.65596,-2.22821,-2.00049,2.64474,-2.30288,-1.92269,2,-2.24761,-1.83849,1.99651,1.47223,-1.76334,0,1.48423,-1.72437,-0.0341966,1.53816,-1.8423,0,1.31356,-1.82802,-0.0549914
12.6604,-2.18932,-1.85793,2.65596,-2.21333,-2.01766,2.6444,-2.28736,-1.94113,2,-2.23435,-1.85675,1.99595,1.48634,-1.75146,1.46196e-18,1.49364,-1.71129,-0.034324,1.5529,-1.82989,0,1.33896,-1.82301,-0.0570348
12.6702,-2.17457,-1.87517,2.65596,-2.19834,-2.03471,2.64405,-2.27195,-1.95914,2,-2.22083,-1.87496,1.99537,1.50014,-1.73966,1.46196e-18,1.50296,-1.69816,-0.0343697,1.56732,-1.81756,0,1.36441,-1.81794,-0.0590669
12.6803,-2.15932,-1.89272,2.65596,-2.18327,-2.05163,2.64371,-2.25601,-1.97747,2,-2.20706,-1.89311,1.99477,1.51418,-1.72746,1.46196e-18,1.51234,-1.68479,-0.0343029,1.58198,-1.80481,0,1.39001,-1.81261,-0.0610396
12.6901,-2.14452,-1.90947,2.65596,-2.1681,-2.06841,2.64337,-2.24055,-1.99498,2,-2.19303,-1.91121,1.99415,1.52758,-1.71562,0,1.52171,-1.67132,-0.0341051,1.59598,-1.79244,0,1.41565,-1.80713,-0.0629172
12.7001,-2.12905,-1.92671,2.65596,-2.15283,-2.08505,2.64303,-2.22439,-2.01298,2,-2.17875,-1.92925,1.99351,1.54136,-1.70324,-1.46196e-18,1.53102,-1.65799,-0.0338411,1.61039,-1.77951,0,1.44126,-1.80175,-0.0647442
12.7101,-2.11358,-1.94366,2.65596,-2.13747,-2.10157,2.64269,-2.20823,-2.0307,2,-2.16421,-1.94724,1.99285,1.55493,-1.69087,0,1.54035,-1.64462,-0.0334996,1.62456,-1.76658,0,1.46688,-1.79626,-0.0664895
12.7201,-2.09806,-1.96041,2.65596,-2.12202,-2.11795,2.64236,-2.19201,-2.04819,2,-2.14941,-1.96518,1.99218,1.56833,-1.67845,0,1.54963,-1.63114,-0.0330697,1.63855,-1.75361,0,1.49242,-1.7906,-0.0681259
12.7302,-2.08193,-1.97753,2.65596,-2.10648,-2.13419,2.64203,-2.17516,-2.06608,2,-2.13436,-1.98305,1.99149,1.58202,-1.66554,1.46196e-18,1.55892,-1.6176,-0.0326117,1.65286,-1.74013,0,1.5179,-1.78479,-0.0696961
12.7403,-2.06604,-1.99413,2.65596,-2.09085,-2.1503,2.64171,-2.15855,-2.08342,2,-2.11905,-2.00087,1.99079,1.5953,-1.65283,0,1.56825,-1.60412,-0.0321396,1.66674,-1.72684,0,1.54331,-1.77896,-0.071195
12.7503,-2.05014,-2.01047,2.65596,-2.07512,-2.16627,2.64139,-2.14194,-2.1005,2,-2.10349,-2.01863,1.99007,1.60837,-1.64011,0,1.57761,-1.59051,-0.0316017,1.6804,-1.71355,0,1.56863,-1.7729,-0.0725531
12.7601,-2.03388,-2.02692,2.65596,-2.05929,-2.18211,2.64107,-2.12495,-2.11768,2,-2.08768,-2.03633,1.98934,1.62153,-1.6271,0,1.58692,-1.57694,-0.0310337,1.69414,-1.69996,0,1.59373,-1.76676,-0.0737887
12.7703,-2.01732,-2.0434,2.65596,-2.04338,-2.19781,2.64077,-2.10765,-2.1349,2,-2.07162,-2.05397,1.98859,1.63472,-1.61385,0,1.59618,-1.56337,-0.030453,1.70792,-1.68612,0,1.61858,-1.76051,-0.0749037
12.7802,-2.00115,-2.05923,2.65596,-2.02737,-2.21338,2.64046,-2.09076,-2.15145,2,-2.05531,-2.07154,1.98784,1.64739,-1.60092,1.46196e-18,1.60544,-1.54971,-0.0298262,1.72116,-1.67261,0,1.64322,-1.75403,-0.0758488
12.7901,-1.98498,-2.07482,2.65596,-2.01127,-2.2288,2.64017,-2.07387,-2.16773,2,-2.03875,-2.08905,1.98708,1.65986,-1.58799,1.46196e-18,1.61484,-1.53589,-0.0291384,1.73419,-1.6591,0,1.66775,-1.74725,-0.0765953
12.8001,-1.96837,-2.09059,2.65596,-1.99507,-2.24409,2.63988,-2.05651,-2.18421,2,-2.02196,-2.10648,1.98631,1.67247,-1.5747,-1.46196e-18,1.62432,-1.52196,-0.0283782,1.74737,-1.64521,0,1.69208,-1.74022,-0.0771191
12.8101,-1.95154,-2.10631,2.65596,-1.97878,-2.25924,2.6396,-2.03893,-2.20062,2,-2.00491,-2.12385,1.98553,1.68504,-1.56124,0,1.63385,-1.50808,-0.0276092,1.7605,-1.63115,0,1.71616,-1.73307,-0.0774716
12.8201,-1.93466,-2.12183,2.65596,-1.9624,-2.27425,2.63933,-2.02129,-2.21684,2,-1.98763,-2.14114,1.98476,1.69746,-1.54773,0,1.64331,-1.49424,-0.0268101,1.77347,-1.61703,0,1.73985,-1.72579,-0.0776196
12.8302,-1.91706,-2.13774,2.65596,-1.94592,-2.28913,2.63907,-2.0029,-2.23347,2,-1.97012,-2.15836,1.98398,1.71019,-1.53364,-1.46196e-18,1.65282,-1.4802,-0.0259901,1.78678,-1.60232,0,1.76325,-1.71813,-0.0775623
12.8402,-1.90021,-2.15273,2.65596,-1.92934,-2.30386,2.63881,-1.9853,-2.24913,2,-1.95237,-2.17551,1.98321,1.72219,-1.52017,1.46196e-18,1.66232,-1.46618,-0.0251872,1.79931,-1.58824,0,1.78626,-1.71028,-0.0773304
12.8501,-1.88324,-2.16759,2.65596,-1.91267,-2.31845,2.63856,-1.96757,-2.26465,2,-1.93439,-2.19257,1.98244,1.73407,-1.50659,0,1.67193,-1.45195,-0.0243426,1.81172,-1.57406,0,1.80899,-1.70202,-0.076858
12.8601,-1.8658,-2.18262,2.65596,-1.8959,-2.3329,2.63832,-1.94935,-2.28036,2,-1.91619,-2.20955,1.98167,1.7461,-1.49264,-1.46196e-18,1.68141,-1.43779,-0.0235224,1.82428,-1.55948,0,1.83115,-1.69361,-0.0762058
12.8704,-1.84777,-2.19791,2.65596,-1.87904,-2.34721,2.63809,-1.93051,-2.29633,2,-1.89777,-2.22644,1.98091,1.75832,-1.47822,0,1.69088,-1.4237,-0.0227128,1.83706,-1.54441,0,1.85287,-1.68505,-0.0753561
12.8802,-1.83049,-2.21232,2.65596,-1.86208,-2.36137,2.63787,-1.91246,-2.31138,2,-1.87914,-2.24325,1.98016,1.76985,-1.46439,-1.46196e-18,1.70041,-1.40966,-0.0218812,1.84911,-1.52997,0,1.87418,-1.6763,-0.074275
12.8901,-1.81279,-2.22685,2.65596,-1.84503,-2.3754,2.63765,-1.89396,-2.32656,2,-1.86029,-2.25996,1.97943,1.78148,-1.45023,0,1.7101,-1.39552,-0.0210093,1.86125,-1.51517,0,1.89516,-1.6672,-0.0729442
12.9001,-1.79475,-2.24141,2.65596,-1.82788,-2.38928,2.63745,-1.87512,-2.34178,2,-1.84123,-2.27659,1.97871,1.79313,-1.4358,1.46196e-18,1.71998,-1.38131,-0.020155,1.87342,-1.5001,0,1.91581,-1.6578,-0.0714235
12.9101,-1.77707,-2.25546,2.65596,-1.81063,-2.40302,2.63725,-1.85664,-2.35645,2,-1.82197,-2.29312,1.978,1.80436,-1.42165,0,1.72995,-1.36704,-0.0193074,1.88516,-1.48531,0,1.93603,-1.64807,-0.0697045
12.9204,-1.75849,-2.26997,2.65596,-1.79328,-2.41662,2.63706,-1.83724,-2.37161,2,-1.80251,-2.30955,1.97731,1.81597,-1.4068,1.46196e-18,1.73995,-1.35276,-0.0184696,1.89729,-1.46979,0,1.95574,-1.63807,-0.0677933
12.9301,-1.74045,-2.28383,2.65596,-1.77583,-2.43008,2.63688,-1.81839,-2.3861,2,-1.78286,-2.32588,1.97665,1.82706,-1.39236,-1.46196e-18,1.75007,-1.33848,-0.0176237,1.90888,-1.45471,0,1.97501,-1.62779,-0.0656779
12.9404,-1.72188,-2.29787,2.65596,-1.75828,-2.44339,2.63671,-1.79898,-2.40076,2,-1.76302,-2.3421,1.976,1.83829,-1.3775,1.46196e-18,1.76035,-1.32422,-0.0167823,1.92061,-1.43918,0,1.99387,-1.61725,-0.0633781
12.9501,-1.7039,-2.31122,2.65596,-1.74063,-2.45656,2.63655,-1.7802,-2.41472,2,-1.74298,-2.35822,1.97538,1.84898,-1.36312,-1.46196e-18,1.77076,-1.3099,-0.015945,1.93178,-1.42416,0,2.01228,-1.60636,-0.0609021
12.9601,-1.6852,-2.3249,2.65596,-1.72287,-2.46959,2.63639,-1.76066,-2.429,2,-1.72277,-2.37423,1.97478,1.85992,-1.34816,-1.46196e-18,1.78135,-1.29547,-0.0150817,1.9432,-1.40853,0,2.03027,-1.59507,-0.0582294
12.9704,-1.66611,-2.33862,2.65596,-1.705,-2.48247,2.63624,-1.74071,-2.44334,2,-1.70238,-2.39012,1.97421,1.8709,-1.33288,0,1.79223,-1.28087,-0.0142218,1.95467,-1.39257,0,2.04795,-1.58332,-0.0554
12.9801,-1.64789,-2.35149,2.65596,-1.68702,-2.49521,2.63611,-1.72168,-2.45679,2,-1.68181,-2.4059,1.97368,1.88119,-1.31831,-1.46196e-18,1.80333,-1.2662,-0.0133707,1.96543,-1.37734,0,2.06524,-1.57117,-0.0524308
12.9903,-1.62824,-2.36514,2.65596,-1.66893,-2.5078,2.63598,-1.70115,-2.47105,2,-1.66108,-2.42155,1.97317,1.89211,-1.30259,-1.46196e-18,1.81443,-1.25163,-0.0125566,1.97684,-1.36092,0,2.08194,-1.55882,-0.0493619
13.0002,-1.61007,-2.37754,2.65596,-1.65073,-2.52024,2.63586,-1.68217,-2.48401,2,-1.64018,-2.43707,1.97269,1.90203,-1.28806,-1.46196e-18,1.82577,-1.23671,-0.0117462,1.98721,-1.34574,0,2.09825,-1.5458,-0.0461727
13.0104,-1.59012,-2.39094,2.65596,-1.63241,-2.53253,2.63574,-1.66132,-2.498,2,-1.61911,-2.45246,1.97224,1.91275,-1.27209,1.46196e-18,1.83738,-1.22164,-0.0109706,1.9984,-1.32906,0,2.11422,-1.53229,-0.0429094
13.0203,-1.57135,-2.40331,2.65596,-1.61398,-2.54467,2.63564,-1.64171,-2.51093,2,-1.59789,-2.46772,1.97183,1.92265,-1.25708,-1.46196e-18,1.84906,-1.20664,-0.0102445,2.00875,-1.31337,0,2.12967,-1.51853,-0.0396017
13.0302,-1.55246,-2.41556,2.65596,-1.59543,-2.55666,2.63554,-1.62198,-2.52372,2,-1.57652,-2.48283,1.97145,1.93244,-1.24197,0,1.86076,-1.19171,-0.00954368,2.01898,-1.29758,0,2.14452,-1.5045,-0.0362391
13.0404,-1.53262,-2.42819,2.65596,-1.57677,-2.56851,2.63544,-1.60125,-2.53693,2,-1.55501,-2.4978,1.97111,1.94256,-1.2261,0,1.87241,-1.17686,-0.00885889,2.02954,-1.281,0,2.15872,-1.4902,-0.0328275
13.0502,-1.51321,-2.44034,2.65596,-1.55799,-2.5802,2.63536,-1.58097,-2.54961,2,-1.53335,-2.51263,1.97079,1.95227,-1.21057,0,1.88412,-1.16201,-0.00816093,2.03969,-1.26478,0,2.1724,-1.47557,-0.0293543
13.0603,-1.49385,-2.45224,2.65596,-1.53909,-2.59175,2.63528,-1.56074,-2.56205,2,-1.51156,-2.52731,1.97052,1.96179,-1.19508,0,1.89583,-1.14711,-0.00747828,2.04964,-1.24859,0,2.18549,-1.46056,-0.0258647
13.0702,-1.47413,-2.46414,2.65596,-1.52007,-2.60314,2.63521,-1.54014,-2.57448,2,-1.48964,-2.54184,1.97028,1.97131,-1.17931,1.46196e-18,1.90759,-1.13229,-0.00680295,2.05959,-1.23212,0,2.19807,-1.4453,-0.0223665
13.0803,-1.45437,-2.47585,2.65596,-1.50093,-2.61439,2.63515,-1.5195,-2.58672,2,-1.4676,-2.55622,1.97007,1.98068,-1.1635,0,1.91946,-1.11753,-0.00612179,2.06938,-1.2156,0,2.21019,-1.42977,-0.0188614
13.0903,-1.43436,-2.4875,2.65596,-1.48168,-2.62549,2.63509,-1.49859,-2.59889,2,-1.44544,-2.57044,1.9699,1.99,-1.14749,0,1.93141,-1.10263,-0.00541954,2.07911,-1.19887,0,2.22184,-1.41377,-0.0153493
13.1002,-1.41486,-2.49864,2.65596,-1.46231,-2.63645,2.63504,-1.47822,-2.61053,2,-1.42317,-2.58449,1.96976,1.99891,-1.13189,1.46196e-18,1.94327,-1.08764,-0.00474315,2.08842,-1.18257,0,2.23287,-1.39737,-0.0118919
13.1102,-1.39468,-2.50996,2.65596,-1.44281,-2.64725,2.63499,-1.45713,-2.62236,2,-1.40078,-2.59838,1.96966,2.00797,-1.11574,-1.46196e-18,1.95514,-1.07264,-0.0040728,2.09789,-1.16571,0,2.24339,-1.38064,-0.00848334
13.1201,-1.37477,-2.52093,2.65596,-1.4232,-2.6579,2.63496,-1.43633,-2.63381,2,-1.3783,-2.61211,1.96959,2.01674,-1.09981,-1.46196e-18,1.967,-1.05764,-0.00342566,2.10705,-1.14906,0,2.2534,-1.36359,-0.00515393
13.1301,-1.35489,-2.53166,2.65596,-1.40347,-2.6684,2.63492,-1.41556,-2.64503,2,-1.35572,-2.62565,1.96956,2.02533,-1.08391,0,1.97877,-1.04259,-0.00279415,2.11602,-1.13245,0,2.26284,-1.34619,-0.00190898
13.1402,-1.33393,-2.54277,2.65596,-1.38363,-2.67875,2.6349,-1.39366,-2.65663,2,-1.33304,-2.63903,1.96956,2.03422,-1.06714,0,1.99051,-1.02745,-0.002148,2.12531,-1.11493,0,2.27179,-1.3284,0.00126996
13.1501,-1.31399,-2.55313,2.65596,-1.36366,-2.68895,2.63488,-1.37283,-2.66746,2,-1.31028,-2.65222,1.96958,2.04251,-1.05119,-1.46196e-18,2.00207,-1.01219,-0.00150296,2.13397,-1.09826,0,2.28012,-1.31019,0.00435606
13.1603,-1.29264,-2.56401,2.65596,-1.34359,-2.69899,2.63487,-1.35052,-2.67882,2,-1.28744,-2.66523,1.96964,2.05121,-1.03411,-1.46196e-18,2.01357,-0.996786,-0.000828007,2.14306,-1.08042,0,2.28797,-1.29155,0.00736961
13.1701,-1.27304,-2.5738,2.65596,-1.32339,-2.70888,2.63486,-1.33004,-2.68905,2,-1.26453,-2.67805,1.96973,2.05904,-1.01843,0,2.02498,-0.981348,-0.000124601,2.15124,-1.06403,0,2.29531,-1.27259,0.0102995
13.1802,-1.25188,-2.58415,2.65596,-1.30309,-2.71862,2.63487,-1.30793,-2.69987,2,-1.24154,-2.69068,1.96985,2.06732,-1.0015,0,2.03627,-0.966,0.000576855,2.1599,-1.04635,0,2.30212,-1.25344,0.0131059
13.1901,-1.23148,-2.59394,2.65596,-1.28267,-2.7282,2.63488,-1.28663,-2.71009,2,-1.21849,-2.70312,1.96999,2.07515,-0.985186,1.46196e-18,2.0475,-0.950549,0.00127002,2.16807,-1.0293,0,2.30851,-1.23392,0.0157754
13.2001,-1.21064,-2.60373,2.65596,-1.26214,-2.73763,2.63489,-1.26485,-2.72032,2,-1.19537,-2.71536,1.97016,2.08298,-0.968509,0,2.0586,-0.935113,0.00195831,2.17626,-1.01188,0,2.31443,-1.21415,0.0183048
13.2101,-1.18987,-2.61329,2.65596,-1.2415,-2.7469,2.63492,-1.24315,-2.73031,2,-1.1722,-2.7274,1.97036,2.09063,-0.951894,0,2.06967,-0.919503,0.0026825,2.18425,-0.994519,0,2.31999,-1.19396,0.020729
13.2201,-1.1691,-2.62264,2.65596,-1.22074,-2.75602,2.63495,-1.22145,-2.74008,2,-1.14897,-2.73924,1.97058,2.09811,-0.93528,0,2.0806,-0.903769,0.00343872,2.19207,-0.977162,0,2.32509,-1.1734,0.0230396
13.2302,-1.14761,-2.63212,2.65596,-1.19988,-2.76498,2.63498,-1.199,-2.74998,2,-1.1257,-2.75087,1.97082,2.10569,-0.918086,0,2.09144,-0.887842,0.004232,2.19999,-0.959197,0,2.32982,-1.15242,0.025238
13.2401,-1.12639,-2.64127,2.65596,-1.17892,-2.77378,2.63503,-1.17683,-2.75954,2,-1.10238,-2.76228,1.97108,2.11301,-0.901112,0,2.10213,-0.871868,0.00506029,2.20763,-0.941463,0,2.33416,-1.13116,0.0273196
13.2504,-1.10531,-2.65016,2.65596,-1.15784,-2.78242,2.63509,-1.1548,-2.76883,2,-1.07901,-2.77349,1.97137,2.12013,-0.884245,0,2.11273,-0.855752,0.00594658,2.21507,-0.923841,0,2.33815,-1.10954,0.0293047
13.2603,-1.08411,-2.6589,2.65596,-1.13666,-2.79089,2.63515,-1.13266,-2.77796,2,-1.05562,-2.78447,1.97167,2.12712,-0.867292,0,2.12316,-0.839608,0.00684744,2.22237,-0.906128,0,2.34174,-1.08767,0.0311485
13.2704,-1.06272,-2.66752,2.65596,-1.11111,-2.80085,2.63524,-1.11031,-2.78697,2,-1.03218,-2.79524,1.97199,2.13402,-0.850179,-1.46196e-18,2.13543,-0.820219,0.0079514,2.22958,-0.88825,0,2.34496,-1.06558,0.0328563
13.2804,-1.04104,-2.67606,2.65596,-1.09399,-2.80736,2.63531,-1.08766,-2.79589,2,-1.00872,-2.80579,1.97232,2.14085,-0.832831,-7.3098e-19,2.14347,-0.807189,0.00865513,2.23671,-0.870124,0,2.3478,-1.0432,0.0343764
13.2901,-1.02027,-2.68404,2.65596,-1.07251,-2.81535,2.6354,-1.06596,-2.80423,2,-0.985227,-2.8161,1.97267,2.14724,-0.816218,-7.3098e-19,2.15329,-0.790918,0.00948402,2.24339,-0.852767,0,2.35029,-1.02063,0.0356907
13.3003,-0.998513,-2.69221,2.65596,-1.05093,-2.82318,2.63549,-1.04323,-2.81277,2,-0.961712,-2.8262,1.97304,2.15377,-0.79881,7.3098e-19,2.163,-0.774619,0.0103125,2.25022,-0.834581,0,2.35254,-0.997865,0.0368556
13.3105,-0.976516,-2.70027,2.65596,-1.02925,-2.83084,2.6356,-1.02024,-2.82119,2,-0.938177,-2.83606,1.97341,2.16022,-0.781213,1.46196e-18,2.17254,-0.75827,0.0111759,2.25695,-0.816195,0,2.35447,-0.974894,0.0379046
13.3201,-0.955217,-2.70788,2.65596,-1.00748,-2.83834,2.63572,-0.997991,-2.82914,2,-0.914624,-2.84569,1.9738,2.1663,-0.764174,7.3098e-19,2.18182,-0.741812,0.0120489,2.26331,-0.798393,0,2.35604,-0.951663,0.0388183
13.3302,-0.933764,-2.71535,2.65596,-0.985615,-2.84568,2.63584,-0.975577,-2.83694,2,-0.891057,-2.85509,1.97419,2.17228,-0.747011,-7.3098e-19,2.19099,-0.725219,0.0129328,2.26955,-0.780462,0,2.3574,-0.928161,0.0396025
13.3401,-0.912283,-2.72264,2.65596,-0.96366,-2.85285,2.63598,-0.953135,-2.84456,2,-0.867477,-2.86426,1.97459,2.17812,-0.729826,0,2.19999,-0.708578,0.0138395,2.27565,-0.762508,0,2.35852,-0.904483,0.0402736
13.3502,-0.890331,-2.7299,2.65596,-0.941616,-2.85985,2.63612,-0.930199,-2.85214,2,-0.843888,-2.87318,1.97499,2.18392,-0.712265,-7.3098e-19,2.20873,-0.691841,0.0147532,2.28172,-0.744159,0,2.35934,-0.880592,0.040822
13.3601,-0.868497,-2.73693,2.65596,-0.919486,-2.86669,2.63627,-0.907388,-2.85948,2,-0.820291,-2.88187,1.9754,2.18954,-0.694798,7.3098e-19,2.21719,-0.675035,0.015685,2.28759,-0.72591,0,2.35984,-0.856522,0.0412656
13.3702,-0.846173,-2.74391,2.65596,-0.897273,-2.87335,2.63643,-0.884065,-2.86678,2,-0.796691,-2.89031,1.97582,2.19513,-0.676939,-7.3098e-19,2.22547,-0.65816,0.0166094,2.29342,-0.707252,0,2.36015,-0.832284,0.0415848
13.3804,-0.823851,-2.75069,2.65596,-0.874977,-2.87985,2.6366,-0.860742,-2.87387,2,-0.773089,-2.89851,1.97623,2.20056,-0.659081,7.3098e-19,2.2336,-0.641132,0.0175617,2.2991,-0.688594,0,2.36031,-0.807805,0.0418217
13.3903,-0.802148,-2.7571,2.65596,-0.852601,-2.88617,2.63679,-0.838068,-2.88056,2,-0.749485,-2.90647,1.97665,2.20568,-0.641718,-7.3098e-19,2.24165,-0.623872,0.0185178,2.30445,-0.670454,0,2.36039,-0.783021,0.0419589
13.4004,-0.779841,-2.76349,2.65596,-0.830145,-2.89233,2.63698,-0.814762,-2.88724,2,-0.725882,-2.91417,1.97707,2.21079,-0.623873,0,2.24947,-0.6066,0.0194908,2.30979,-0.651809,0,2.36028,-0.758155,0.0420165
13.4102,-0.758186,-2.76951,2.65596,-0.807613,-2.89831,2.63717,-0.792137,-2.89353,2,-0.702281,-2.92163,1.97749,2.21561,-0.606548,-7.3098e-19,2.25698,-0.589558,0.0204639,2.31482,-0.633709,0,2.35991,-0.733451,0.0419857
13.4203,-0.73585,-2.77553,2.65596,-0.785006,-2.90412,2.63738,-0.768801,-2.89982,2,-0.678684,-2.92884,1.97791,2.22043,-0.58868,0,2.2643,-0.5725,0.0213896,2.31985,-0.615041,0,2.3594,-0.708672,0.0418281
13.4301,-0.712866,-2.78152,2.65596,-0.762328,-2.90976,2.6376,-0.744788,-2.90608,2,-0.655093,-2.93581,1.97833,2.22522,-0.570293,0,2.27134,-0.555597,0.022259,2.32486,-0.595831,0,2.35871,-0.684011,0.0415444
13.4405,-0.690779,-2.78709,2.65596,-0.73958,-2.91523,2.63783,-0.721711,-2.9119,2,-0.63151,-2.94252,1.97874,2.22967,-0.552623,-7.3098e-19,2.27818,-0.538615,0.0230997,2.32952,-0.577369,0,2.35792,-0.659251,0.0411709
13.4501,-0.669246,-2.79234,2.65596,-0.716765,-2.92053,2.63806,-0.699215,-2.91738,2,-0.607935,-2.94899,1.97915,2.23387,-0.535397,0,2.28472,-0.521785,0.0239303,2.3339,-0.559372,0,2.35695,-0.634633,0.0407342
13.4602,-0.646817,-2.79762,2.65596,-0.693886,-2.92566,2.63831,-0.675781,-2.9229,2,-0.584371,-2.95521,1.97956,2.2381,-0.517454,0,2.29095,-0.504912,0.0247194,2.33832,-0.540625,0,2.35579,-0.609979,0.0402121
13.4702,-0.624339,-2.80272,2.65596,-0.670948,-2.93063,2.63856,-0.652297,-2.92823,2,-0.560821,-2.96119,1.97996,2.24218,-0.499472,0,2.29676,-0.488074,0.0254637,2.34258,-0.521838,0,2.35437,-0.585382,0.0396124
13.4802,-0.601583,-2.80769,2.65596,-0.647952,-2.93543,2.63882,-0.628521,-2.93342,2,-0.537285,-2.96692,1.98035,2.24616,-0.481266,-7.3098e-19,2.30224,-0.471346,0.026207,2.34674,-0.502817,0,2.35278,-0.560932,0.0389875
13.4902,-0.579472,-2.81234,2.65596,-0.624904,-2.94006,2.63908,-0.60542,-2.93828,2,-0.513765,-2.97241,1.98074,2.24987,-0.463578,7.3098e-19,2.30743,-0.454567,0.0269225,2.35062,-0.484336,0,2.35108,-0.536485,0.0383178
13.5004,-0.556553,-2.81697,2.65596,-0.601804,-2.94452,2.63936,-0.581475,-2.94311,2,-0.490263,-2.97765,1.98112,2.25357,-0.445243,0,2.31247,-0.437738,0.0275932,2.35449,-0.46518,0,2.34941,-0.512059,0.0375946
13.5101,-0.534527,-2.82123,2.65596,-0.578655,-2.94881,2.63963,-0.558463,-2.94756,2,-0.466777,-2.98265,1.98149,2.25698,-0.427622,0,2.31731,-0.420812,0.0282038,2.35805,-0.44677,0,2.34773,-0.487624,0.0368106
13.5204,-0.511631,-2.82547,2.65596,-0.555459,-2.95293,2.63992,-0.534542,-2.95199,2,-0.443308,-2.98741,1.98185,2.26038,-0.409305,0,2.32189,-0.403804,0.0287504,2.36159,-0.427634,0,2.34599,-0.463203,0.0359699
13.5301,-0.489237,-2.82943,2.65596,-0.532219,-2.95689,2.64021,-0.511145,-2.95613,2,-0.419858,-2.99192,1.98221,2.26355,-0.39139,0,2.32614,-0.386802,0.0292503,2.36491,-0.408916,0,2.34415,-0.438894,0.035098
13.5403,-0.466528,-2.83327,2.65596,-0.504276,-2.96141,2.64056,-0.487419,-2.96014,2,-0.396426,-2.99618,1.98255,2.26661,-0.373222,-3.6549e-19,2.33083,-0.366348,0.029799,2.36811,-0.389935,0,2.3422,-0.414676,0.0342044
13.5501,-0.443931,-2.8369,2.65596,-0.485618,-2.96428,2.6408,-0.46381,-2.96393,2,-0.373014,-3.00021,1.98289,2.26952,-0.355145,0,2.33363,-0.352735,0.0301332,2.37114,-0.371048,0,2.34013,-0.390583,0.0333122
13.5604,-0.420692,-2.84043,2.65596,-0.462266,-2.96772,2.64111,-0.439531,-2.96763,2,-0.349624,-3.004,1.98322,2.27235,-0.336554,0,2.33675,-0.335823,0.0304715,2.3741,-0.351624,0,2.3379,-0.366755,0.032373
13.5702,-0.398004,-2.8437,2.65596,-0.438885,-2.971,2.64141,-0.415826,-2.97104,2,-0.326257,-3.00755,1.98354,2.27496,-0.318403,0,2.33947,-0.319138,0.0307661,2.37683,-0.332661,0,2.33552,-0.343312,0.0314332
13.5801,-0.375924,-2.84671,2.65596,-0.415477,-2.97411,2.64172,-0.392757,-2.97418,2,-0.302913,-3.01086,1.98385,2.27736,-0.300739,0,2.34211,-0.302264,0.0304842,2.37934,-0.314206,0,2.33332,-0.319909,0.0299659
13.5904,-0.352458,-2.84971,2.65596,-0.392043,-2.97704,2.64202,-0.36824,-2.97731,2,-0.27959,-3.01394,1.98414,2.27976,-0.281966,0,2.34465,-0.285152,0.0293911,2.38185,-0.294592,0,2.33129,-0.296526,0.027745
13.6002,-0.32955,-2.85245,2.65596,-0.368584,-2.97981,2.64231,-0.344307,-2.98018,2,-0.256286,-3.01679,1.9844,2.28196,-0.26364,0,2.34711,-0.267873,0.0274708,2.38414,-0.275445,0,2.32946,-0.273243,0.0247607
13.6106,-0.306338,-2.85503,2.65596,-0.345102,-2.9824,2.64257,-0.320056,-2.98288,2,-0.233,-3.01941,1.98463,2.28403,-0.245071,0,2.34938,-0.250429,0.0246633,2.3863,-0.256045,0,2.32774,-0.250069,0.0209557
13.6201,-0.284289,-2.85731,2.65596,-0.321597,-2.98482,2.6428,-0.297019,-2.98526,2,-0.209731,-3.02179,1.98482,2.28585,-0.227431,0,2.35157,-0.232738,0.0213083,2.38821,-0.237615,0,2.3262,-0.226909,0.0166674
13.6301,-0.261069,-2.85953,2.65596,-0.298071,-2.98705,2.64299,-0.272759,-2.98757,2,-0.186476,-3.02395,1.98496,2.28762,-0.208855,3.6549e-19,2.35361,-0.214864,0.0176674,2.39006,-0.218207,0,2.32477,-0.203812,0.0121558
13.6402,-0.238365,-2.86151,2.65596,-0.274526,-2.98911,2.64315,-0.249039,-2.98965,2,-0.163236,-3.02587,1.98506,2.28921,-0.190692,0,2.35539,-0.1968,0.0138541,2.39172,-0.199231,0,2.32331,-0.18077,0.00753487
13.6501,-0.21565,-2.86331,2.65596,-0.250963,-2.99099,2.64327,-0.225307,-2.99153,2,-0.140009,-3.02756,1.98511,2.29065,-0.17252,0,2.35704,-0.178508,0.00989417,2.39322,-0.180246,0,2.32199,-0.157744,0.00283157
13.6601,-0.192799,-2.86494,2.65596,-0.227386,-2.99268,2.64335,-0.201432,-2.99323,2,-0.116797,-3.02903,1.98512,2.29195,-0.154239,1.82745e-19,2.35839,-0.16028,0.00586952,2.39458,-0.161146,0,2.32061,-0.135025,-0.00187294
13.6702,-0.169693,-2.8664,2.65596,-0.203796,-2.9942,2.64339,-0.177291,-2.99476,2,-0.0935973,-3.03026,1.98508,2.29312,-0.135754,1.82745e-19,2.35953,-0.142003,0.00191125,2.39581,-0.141833,0,2.31924,-0.112495,-0.00644865
13.6801,-0.146868,-2.86766,2.65596,-0.180196,-2.99552,2.64339,-0.153445,-2.99607,2,-0.0704119,-3.03128,1.98499,2.29413,-0.117495,0,2.36039,-0.123661,-0.00177584,2.39686,-0.122756,0,2.31784,-0.090135,-0.010692
13.6903,-0.123821,-2.86875,2.65596,-0.15659,-2.99667,2.64336,-0.129365,-2.99721,2,-0.0472412,-3.03207,1.98487,2.295,-0.0990564,0,2.36086,-0.105257,-0.00516111,2.39777,-0.103492,0,2.31627,-0.0679607,-0.014571
13.7004,-0.100815,-2.86965,2.65596,-0.132981,-2.99763,2.64329,-0.10533,-2.99815,2,-0.024087,-3.03264,1.9847,2.29572,-0.0806521,-9.13725e-20,2.36097,-0.0868539,-0.00807765,2.39852,-0.0842637,0,2.31457,-0.0460369,-0.0179185
13.7101,-0.0773606,-2.87038,2.65596,-0.109371,-2.9984,2.6432,-0.0808248,-2.99891,2,-0.00094978,-3.03299,1.98451,2.2963,-0.0618885,0,2.36084,-0.0682954,-0.0105551,2.39913,-0.0646598,0,2.31287,-0.0242186,-0.0207648
13.7204,-0.0544085,-2.8709,2.65596,-0.0857652,-2.99899,2.64308,-0.0568449,-2.99946,2,0.0221697,-3.03312,1.98429,2.29672,-0.0435268,0,2.36032,-0.0496904,-0.0125872,2.39957,-0.0454759,0,2.31101,-0.00262564,-0.0231042
13.7302,-0.0323059,-2.87124,2.65596,-0.0621659,-2.9994,2.64295,-0.0337525,-2.99981,2,0.0452702,-3.03304,1.98405,2.29699,-0.0258447,4.56862e-20,2.3595,-0.0309882,-0.0142158,2.39985,-0.027002,0,2.30908,0.0187845,-0.0249793
13.7407,-0.00828268,-2.87141,2.65596,-0.0338595,-2.99963,2.64277,-0.00865357,-2.99999,2,0.0729649,-3.03266,1.98374,2.29713,-0.00662614,0,2.35821,-0.00830559,-0.0158862,2.39999,-0.00692286,0,2.30675,0.0443358,-0.026866
13.7501,0.0135216,-2.87139,2.65596,-0.0149976,-2.99964,2.64263,0.0141271,-2.99997,2,0.091413,-3.03224,1.98352,2.29711,0.0108173,0,2.35724,0.00697203,-0.0171832,2.39997,0.0113016,0,2.30528,0.0612879,-0.0282583
13.7603,0.0371328,-2.87118,2.65596,0.00856737,-2.99947,2.64246,0.0387955,-2.99975,2,0.114456,-3.03152,1.98323,2.29694,0.0297062,0,2.35572,0.026099,-0.0184407,2.3998,0.0310364,0,2.30337,0.0822674,-0.0295808
13.7701,0.0602991,-2.87079,2.65596,0.0321161,-2.99912,2.64227,0.0629993,-2.99934,2,0.13748,-3.03059,1.98293,2.29663,0.0482393,4.56862e-20,2.35397,0.0454299,-0.0191315,2.39947,0.0503994,0,2.30145,0.103182,-0.0302812
13.7806,0.0837593,-2.8702,2.65596,0.0556453,-2.99857,2.64207,0.0875099,-2.99872,2,0.160485,-3.02946,1.98262,2.29616,0.0670074,0,2.35185,0.0646976,-0.0194573,2.39898,0.070008,0,2.29938,0.123749,-0.0305653
13.7901,0.10551,-2.86948,2.65596,0.0791529,-2.99782,2.64188,0.110234,-2.99797,2,0.183469,-3.02812,1.98232,2.29558,0.0844078,9.13725e-20,2.34965,0.0841747,-0.0195247,2.39838,0.0881875,0,2.29744,0.144242,-0.0305418
13.8001,0.128686,-2.86853,2.65596,0.102638,-2.99688,2.64168,0.134448,-2.99699,2,0.206433,-3.02658,1.98201,2.29483,0.102949,0,2.34725,0.103799,-0.0195014,2.39759,0.107559,0,2.2955,0.164599,-0.0303806
13.8101,0.151779,-2.86741,2.65596,0.126097,-2.99575,2.64149,0.158575,-2.99581,2,0.229379,-3.02483,1.98171,2.29392,0.121423,0,2.34464,0.123551,-0.019336,2.39664,0.12686,0,2.29357,0.184807,-0.0300306
13.8205,0.175035,-2.86608,2.65596,0.14953,-2.99441,2.6413,0.182873,-2.99442,2,0.252305,-3.02288,1.98142,2.29286,0.140028,0,2.34186,0.143493,-0.0189635,2.39554,0.146299,0,2.29168,0.204948,-0.0294297
13.8301,0.197271,-2.86463,2.65596,0.172934,-2.99288,2.64111,0.206105,-2.99291,2,0.275212,-3.02073,1.98112,2.29171,0.157817,1.82745e-19,2.33891,0.163507,-0.0184162,2.39433,0.164884,0,2.28983,0.224908,-0.0286145
13.8401,0.220861,-2.86291,2.65596,0.196307,-2.99114,2.64093,0.230751,-2.99111,2,0.298101,-3.01838,1.98084,2.29033,0.176689,-1.82745e-19,2.33586,0.183634,-0.0178066,2.39289,0.184601,0,2.28805,0.244735,-0.0277002
13.8505,0.243779,-2.86105,2.65596,0.21965,-2.9892,2.64076,0.254695,-2.98917,2,0.320973,-3.01584,1.98057,2.28884,0.195023,1.82745e-19,2.33267,0.20379,-0.0170492,2.39134,0.203756,0,2.28634,0.26436,-0.0266028
13.8604,0.266739,-2.859,2.65596,0.24296,-2.98706,2.64059,0.278683,-2.98703,2,0.343828,-3.0131,1.98031,2.2872,0.213391,0,2.32926,0.223967,-0.0161832,2.38962,0.222946,0,2.2846,0.283787,-0.0253643
13.8701,0.28865,-2.85687,2.65596,0.266235,-2.98472,2.64043,0.301576,-2.9848,2,0.366665,-3.01016,1.98006,2.2855,0.23092,-3.6549e-19,2.32566,0.244235,-0.015243,2.38784,0.241261,0,2.28285,0.303096,-0.0240222
13.8801,0.311803,-2.85444,2.65596,0.289473,-2.98218,2.64028,0.325765,-2.98226,2,0.389485,-3.00703,1.97983,2.28355,0.249442,0,2.32189,0.264384,-0.0142918,2.38581,0.260612,0,2.28109,0.32209,-0.0226416
13.8901,0.33473,-2.85184,2.65596,0.312672,-2.97944,2.64015,0.349719,-2.97955,2,0.412287,-3.00372,1.97961,2.28147,0.267784,0,2.31793,0.284433,-0.0132642,2.38364,0.279775,0,2.27932,0.340804,-0.0211585
13.9001,0.357452,-2.84908,2.65596,0.33583,-2.97649,2.64002,0.373459,-2.97666,2,0.435071,-3.00022,1.97941,2.27927,0.285962,0,2.31373,0.304377,-0.0121752,2.38133,0.298767,0,2.27749,0.359244,-0.0195897
13.9101,0.380006,-2.84616,2.65596,0.358946,-2.97335,2.6399,0.397022,-2.97361,2,0.457837,-2.99654,1.97922,2.27693,0.304005,0,2.30934,0.324304,-0.0110715,2.37889,0.317618,0,2.27563,0.377496,-0.0179842
13.9201,0.403076,-2.84299,2.65596,0.382016,-2.97001,2.6398,0.421126,-2.9703,2,0.480583,-2.99267,1.97905,2.27439,0.322461,0,2.30472,0.344202,-0.00998382,2.37624,0.336901,0,2.27368,0.395555,-0.0163747
13.9303,0.425966,-2.83965,2.65596,0.40504,-2.96646,2.6397,0.445041,-2.96681,2,0.50331,-2.98863,1.97889,2.27172,0.340773,3.6549e-19,2.29995,0.364036,-0.00886107,2.37345,0.356033,0,2.27174,0.413395,-0.0147114
13.9405,0.449378,-2.83604,2.65596,0.428015,-2.96273,2.63962,0.469501,-2.96303,2,0.526018,-2.9844,1.97876,2.26883,0.359503,-3.6549e-19,2.29505,0.383827,-0.00769041,2.37043,0.375601,0,2.2698,0.431043,-0.0129838
13.9504,0.471583,-2.83243,2.65596,0.45094,-2.95879,2.63955,0.4927,-2.95926,2,0.548706,-2.98,1.97863,2.26594,0.377266,-3.6549e-19,2.29003,0.403674,-0.00649878,2.36741,0.39416,0,2.26786,0.448608,-0.0112214
13.9606,0.494636,-2.8285,2.65596,0.473815,-2.95465,2.63949,0.516785,-2.95515,2,0.571375,-2.97543,1.97853,2.2628,0.395708,0,2.28491,0.423474,-0.00533104,2.36412,0.413428,0,2.26592,0.46599,-0.00947057
13.9705,0.517111,-2.82447,2.65596,0.496638,-2.95032,2.63944,0.540267,-2.95095,2,0.594025,-2.97069,1.97844,2.25958,0.413688,0,2.27967,0.443157,-0.00418214,2.36076,0.432213,0,2.26396,0.483132,-0.00772736
13.9804,0.539506,-2.82028,2.65596,0.519408,-2.94579,2.63941,0.563665,-2.94657,2,0.616654,-2.96577,1.97838,2.25622,0.431605,0,2.27424,0.462716,-0.0030635,2.35726,0.450932,0,2.26192,0.500041,-0.00600442
13.9902,0.561762,-2.81593,2.65596,0.542123,-2.94106,2.63938,0.586917,-2.94203,2,0.639263,-2.96069,1.97832,2.25275,0.449409,7.3098e-19,2.26868,0.482208,-0.0019771,2.35362,0.469534,0,2.25983,0.516783,-0.00430453
14.0002,0.583825,-2.81144,2.65596,0.564782,-2.93615,2.63937,0.609968,-2.93734,2,0.661851,-2.95543,1.97829,2.24915,0.46706,0,2.26313,0.501725,-0.000902461,2.34987,0.487975,0,2.25782,0.533451,-0.00260764
14.0105,0.607399,-2.80644,2.65596,0.587385,-2.93103,2.63936,0.634598,-2.93211,2,0.684419,-2.95002,1.97827,2.24515,0.485919,7.3098e-19,2.25744,0.52121,0.000137142,2.34569,0.507678,0,2.25575,0.55,-0.000937635
14.0205,0.629598,-2.80155,2.65596,0.60993,-2.92572,2.63937,0.657791,-2.927,2,0.706966,-2.94443,1.97827,2.24124,0.503678,7.3098e-19,2.25171,0.540708,0.00117509,2.3416,0.526233,0,2.25371,0.566486,0.00073904
14.0302,0.651649,-2.7965,2.65596,0.632419,-2.92022,2.63939,0.68083,-2.92172,2,0.729494,-2.93869,1.97829,2.2372,0.521319,0,2.24601,0.560273,0.00220502,2.33738,0.544664,0,2.25176,0.582973,0.00241433
14.0402,0.673451,-2.79133,2.65596,0.65485,-2.91452,2.63942,0.703608,-2.91632,2,0.752001,-2.93278,1.97832,2.23306,0.538761,0,2.24027,0.579788,0.00321691,2.33306,0.562886,0,2.2498,0.599355,0.00407712
14.0505,0.696827,-2.78558,2.65596,0.677224,-2.90862,2.63945,0.728031,-2.91032,2,0.77449,-2.9267,1.97837,2.22847,0.557462,0,2.23447,0.599213,0.00418798,2.32826,0.582425,0,2.24783,0.615609,0.00570557
14.0603,0.718414,-2.7801,2.65596,0.69954,-2.90253,2.6395,0.750584,-2.90459,2,0.796958,-2.92046,1.97843,2.22408,0.574731,0,2.22864,0.618571,0.00515133,2.32367,0.600467,0,2.24587,0.631773,0.00733353
14.0703,0.740784,-2.77422,2.65596,0.721797,-2.89625,2.63955,0.773956,-2.89845,2,0.819407,-2.91407,1.97852,2.21937,0.592627,0,2.22278,0.637989,0.00609322,2.31876,0.619165,0,2.24393,0.647974,0.00894624
14.0801,0.763128,-2.76816,2.65596,0.743995,-2.88977,2.63962,0.797301,-2.89211,2,0.841837,-2.9075,1.97861,2.21452,0.610503,7.3098e-19,2.2169,0.657539,0.00701382,2.31369,0.637841,0,2.24198,0.664293,0.0105443
14.0901,0.784957,-2.76205,2.65596,0.766134,-2.8831,2.6397,0.820106,-2.88573,2,0.864246,-2.90078,1.97873,2.20964,0.627965,0,2.21082,0.676902,0.007899,2.30858,0.656085,0,2.23986,0.680426,0.0121143
14.1001,0.806771,-2.75575,2.65596,0.788212,-2.87623,2.63978,0.842898,-2.87915,2,0.886634,-2.8939,1.97886,2.2046,0.645417,0,2.20474,0.696175,0.00875648,2.30332,0.674318,0,2.23775,0.696486,0.0136631
14.1103,0.829238,-2.74907,2.65596,0.810229,-2.86918,2.63987,0.866371,-2.87218,2,0.909001,-2.88685,1.979,2.19926,0.663391,7.3098e-19,2.19861,0.715304,0.00957326,2.29774,0.693097,0,2.23559,0.712429,0.0151775
14.1201,0.851833,-2.74216,2.65596,0.832184,-2.86193,2.63997,0.889978,-2.86495,2,0.931345,-2.87965,1.97916,2.19373,0.681466,-7.3098e-19,2.19235,0.734224,0.0103841,2.29196,0.711982,0,2.23332,0.728196,0.0166933
14.1302,0.872689,-2.73559,2.65596,0.854075,-2.85449,2.64008,0.911767,-2.85809,2,0.953666,-2.87229,1.97933,2.18847,0.698151,-7.3098e-19,2.18591,0.752991,0.0112085,2.28647,0.729414,0,2.23087,0.743849,0.0182303
14.1402,0.894499,-2.72854,2.65596,0.875902,-2.84687,2.64019,0.934554,-2.85072,2,0.975963,-2.86477,1.97952,2.18283,0.715599,0,2.17944,0.771617,0.0120117,2.28058,0.747644,0,2.22836,0.759396,0.0197531
14.1504,0.916655,-2.72118,2.65596,0.897663,-2.83906,2.64032,0.957702,-2.84303,2,0.998233,-2.8571,1.97973,2.17694,0.733324,-1.46196e-18,2.17291,0.790201,0.0127565,2.27442,0.766161,0,2.2258,0.774944,0.0212257
14.1601,0.937731,-2.71398,2.65596,0.919359,-2.83106,2.64045,0.979722,-2.83552,2,1.02048,-2.84927,1.97995,2.17119,0.750184,0,2.16626,0.808734,0.0134548,2.26841,0.783777,0,2.22311,0.790494,0.0226609
14.1703,0.960178,-2.70612,2.65596,0.940988,-2.82288,2.64059,1.00317,-2.8273,2,1.0427,-2.84129,1.98018,2.1649,0.768142,-7.3098e-19,2.15952,0.827257,0.014085,2.26184,0.802539,0,2.22031,0.806092,0.0240367
14.1802,0.981294,-2.69854,2.65596,0.96255,-2.81452,2.64073,1.02524,-2.81938,2,1.06488,-2.83315,1.98043,2.15883,0.785035,7.3098e-19,2.15268,0.845627,0.0146834,2.2555,0.820188,0,2.21739,0.821606,0.0253895
14.1901,1.00278,-2.69063,2.65596,0.984041,-2.80597,2.64088,1.04768,-2.81111,2,1.08704,-2.82486,1.98069,2.1525,0.802223,7.3098e-19,2.14568,0.863913,0.0152593,2.24889,0.838146,0,2.21427,0.837114,0.026728
14.2002,1.02486,-2.6823,2.65596,1.00546,-2.79724,2.64104,1.07075,-2.80241,2,1.10917,-2.81641,1.98096,2.14584,0.819886,7.3098e-19,2.13866,0.882046,0.0158218,2.24193,0.8566,0,2.21111,0.852553,0.0280612
14.2102,1.04588,-2.67417,2.65596,1.02681,-2.78833,2.6412,1.09271,-2.79392,2,1.13126,-2.80781,1.98125,2.13934,0.836704,1.46196e-18,2.13162,0.900122,0.0163756,2.23513,0.874171,0,2.20789,0.868024,0.0293941
14.2202,1.06791,-2.66545,2.65596,1.04809,-2.77924,2.64136,1.11573,-2.78481,2,1.15333,-2.79905,1.98155,2.13236,0.854329,0,2.12448,0.918002,0.0169147,2.22784,0.892585,0,2.20452,0.883391,0.0307197
14.2302,1.08873,-2.65701,2.65596,1.0693,-2.76997,2.64154,1.13748,-2.77599,2,1.17535,-2.79014,1.98186,2.12561,0.870982,0,2.11722,0.935801,0.0174046,2.22079,0.909984,0,2.20099,0.898781,0.032004
14.2401,1.1096,-2.64836,2.65596,1.09044,-2.76052,2.64171,1.15929,-2.76696,2,1.19735,-2.78107,1.98219,2.11869,0.887681,1.46196e-18,2.10988,0.953497,0.0178795,2.21357,0.927431,0,2.19733,0.914177,0.0332808
14.2504,1.13145,-2.63911,2.65596,1.1115,-2.7509,2.64189,1.18211,-2.75728,2,1.2193,-2.77185,1.98253,2.11128,0.905158,1.46196e-18,2.10234,0.970935,0.0183074,2.20583,0.94569,0,2.19343,0.929426,0.0345183
14.2601,1.15181,-2.63028,2.65596,1.13249,-2.74111,2.64208,1.20339,-2.74806,2,1.24121,-2.76248,1.98288,2.10423,0.921448,0,2.0947,0.988173,0.018721,2.19845,0.96271,0,2.18937,0.944599,0.035749
14.2702,1.17316,-2.62083,2.65596,1.15339,-2.73114,2.64227,1.2257,-2.73819,2,1.26309,-2.75296,1.98324,2.09666,0.93853,0,2.087,1.00522,0.019101,2.19055,0.980557,0,2.18519,0.959705,0.0369522
14.2803,1.19411,-2.61135,2.65596,1.17422,-2.721,2.64246,1.24758,-2.72829,2,1.28492,-2.74329,1.98362,2.08908,0.955287,0,2.07913,1.02205,0.0194469,2.18263,0.998065,0,2.18078,0.974708,0.0381276
14.2902,1.21456,-2.6019,2.65596,1.19498,-2.7107,2.64266,1.26894,-2.71842,2,1.3067,-2.73347,1.98401,2.08152,0.971645,0,2.07117,1.03876,0.0197811,2.17473,1.01516,0,2.17623,0.989718,0.0392974
14.3003,1.23588,-2.59184,2.65596,1.21565,-2.70023,2.64286,1.29122,-2.7079,2,1.32844,-2.7235,1.98441,2.07347,0.988705,0,2.06306,1.05525,0.0201107,2.16632,1.03298,0,2.17145,1.00464,0.040468
14.3102,1.25578,-2.58226,2.65596,1.23624,-2.68959,2.64306,1.31201,-2.69789,2,1.35013,-2.71338,1.98482,2.06581,1.00462,0,2.0548,1.07167,0.0204208,2.15831,1.04961,0,2.16648,1.01961,0.041624
14.3201,1.27632,-2.57217,2.65596,1.25674,-2.6788,2.64326,1.33347,-2.68735,2,1.37177,-2.7031,1.98524,2.05774,1.02106,-1.46196e-18,2.04642,1.08788,0.0206977,2.14988,1.06678,0,2.1613,1.03451,0.0427501
14.3302,1.29713,-2.56174,2.65596,1.27717,-2.66784,2.64347,1.35522,-2.67645,2,1.39336,-2.69269,1.98567,2.04939,1.03771,1.46196e-18,2.03803,1.10402,0.0209748,2.14116,1.08417,0,2.15603,1.04947,0.0438788
14.3401,1.31754,-2.5513,2.65596,1.2975,-2.65672,2.64368,1.37654,-2.66555,2,1.41489,-2.68212,1.98612,2.04104,1.05403,-1.46196e-18,2.02949,1.12001,0.0212441,2.13244,1.10123,0,2.15055,1.06442,0.0450014
14.3502,1.33799,-2.54064,2.65596,1.31776,-2.64544,2.6439,1.3979,-2.65441,2,1.43637,-2.6714,1.98657,2.03251,1.07039,1.46196e-18,2.02088,1.13595,0.0214993,2.12353,1.11832,0,2.1449,1.07944,0.0461099
14.3603,1.35914,-2.52938,2.65596,1.33792,-2.634,2.64411,1.42,-2.64265,2,1.45779,-2.66053,1.98704,2.02351,1.08731,0,2.01209,1.15168,0.0217417,2.11412,1.136,0,2.13899,1.09439,0.0472043
14.3706,1.37964,-2.51826,2.65596,1.358,-2.6224,2.64433,1.44142,-2.63103,2,1.47915,-2.64951,1.98752,2.01461,1.10371,0,2.0032,1.16724,0.021968,2.10482,1.15314,0,2.13289,1.1093,0.0482793
14.3802,1.39861,-2.50778,2.65596,1.37798,-2.61065,2.64455,1.46124,-2.62007,2,1.50044,-2.63834,1.988,2.00622,1.11889,0,1.99416,1.18279,0.0221368,2.09606,1.16899,0,2.12652,1.12432,0.0492911
14.3901,1.41868,-2.49648,2.65596,1.39788,-2.59875,2.64477,1.4822,-2.60827,2,1.52168,-2.62702,1.9885,1.99718,1.13494,-1.46196e-18,1.98492,1.19814,0.0222537,2.08662,1.18576,0,2.11985,1.13927,0.0502437
14.4004,1.43903,-2.4848,2.65596,1.41768,-2.58669,2.645,1.50347,-2.59607,2,1.54284,-2.61555,1.98901,1.98784,1.15123,-1.46196e-18,1.97557,1.21347,0.0223305,2.07686,1.20278,0,2.11297,1.15431,0.0511479
14.4101,1.45809,-2.47367,2.65596,1.43739,-2.57448,2.64522,1.52338,-2.58444,2,1.56393,-2.60394,1.98952,1.97893,1.16647,1.46196e-18,1.96611,1.22864,0.0224086,2.06755,1.2187,0,2.10586,1.16933,0.052043
14.4203,1.47858,-2.46148,2.65596,1.457,-2.56212,2.64545,1.54479,-2.5717,2,1.58496,-2.59217,1.99005,1.96918,1.18286,0,1.95653,1.24376,0.0224798,2.05736,1.23583,0,2.0985,1.18441,0.0529179
14.4301,1.49793,-2.44975,2.65596,1.47652,-2.54961,2.64567,1.565,-2.55945,2,1.6059,-2.58025,1.99058,1.9598,1.19834,0,1.94672,1.25865,0.022549,2.04756,1.252,0,2.09079,1.19937,0.0537759
14.4403,1.5177,-2.43754,2.65596,1.49594,-2.53694,2.6459,1.58567,-2.5467,2,1.62677,-2.56818,1.99112,1.95004,1.21416,-1.46196e-18,1.93688,1.27352,0.0226213,2.03736,1.26853,0,2.08291,1.21443,0.0546198
14.4502,1.53676,-2.42557,2.65596,1.51526,-2.52413,2.64612,1.60558,-2.53419,2,1.64756,-2.55596,1.99167,1.94046,1.22941,0,1.92701,1.28846,0.0226846,2.02735,1.28446,0,2.07487,1.22966,0.0554349
14.4602,1.55625,-2.41312,2.65596,1.53448,-2.51118,2.64635,1.62594,-2.52118,2,1.66827,-2.54359,1.99223,1.93049,1.245,1.46196e-18,1.91704,1.30341,0.0227611,2.01694,1.30075,0,2.06658,1.24501,0.0562414
14.4704,1.5762,-2.40014,2.65596,1.5536,-2.49807,2.64658,1.64678,-2.50761,2,1.68889,-2.53106,1.9928,1.92011,1.26096,-1.46196e-18,1.90697,1.31831,0.0228151,2.00609,1.31742,0,2.05804,1.26041,0.0570015
14.4802,1.59486,-2.38778,2.65596,1.57262,-2.48481,2.64681,1.66627,-2.4947,2,1.70943,-2.51838,1.99337,1.91022,1.27589,1.46196e-18,1.89675,1.33312,0.0228362,1.99576,1.33302,0,2.04922,1.27583,0.0577018
14.4901,1.6132,-2.37542,2.65596,1.59153,-2.4714,2.64703,1.68544,-2.48179,2,1.72988,-2.50554,1.99395,1.90034,1.29056,0,1.8865,1.34786,0.0228643,1.98544,1.34835,0,2.0402,1.2913,0.0583795
14.5002,1.63279,-2.362,2.65596,1.61035,-2.45785,2.64726,1.70591,-2.46777,2,1.75023,-2.49255,1.99454,1.8896,1.30623,0,1.87616,1.36252,0.0229007,1.97421,1.36473,0,2.03094,1.30677,0.0590339
14.5102,1.65142,-2.34901,2.65596,1.62906,-2.44415,2.64749,1.72537,-2.4542,2,1.77049,-2.47941,1.99513,1.87921,1.32114,0,1.86581,1.37709,0.0229474,1.96336,1.3803,0,2.02151,1.32229,0.0596656
14.5202,1.67038,-2.33557,2.65596,1.64766,-2.43031,2.64772,1.74518,-2.44016,2,1.79066,-2.46611,1.99573,1.86846,1.3363,1.46196e-18,1.85543,1.39176,0.022981,1.95212,1.39614,0,2.01189,1.33799,0.0602488
14.5301,1.68892,-2.32219,2.65596,1.66617,-2.41632,2.64795,1.76455,-2.42618,2,1.81073,-2.45265,1.99634,1.85775,1.35114,0,1.84503,1.40637,0.0230322,1.94094,1.41164,0,2.00209,1.35374,0.0608124
14.5404,1.70791,-2.30827,2.65596,1.68456,-2.40218,2.64818,1.78439,-2.41163,2,1.8307,-2.43903,1.99695,1.84662,1.36633,0,1.83457,1.42083,0.023105,1.92931,1.42751,0,1.99208,1.36945,0.0613586
14.5502,1.7259,-2.29484,2.65596,1.70286,-2.3879,2.64841,1.80319,-2.39761,2,1.85057,-2.42526,1.99757,1.83587,1.38072,0,1.82402,1.43521,0.0231964,1.91808,1.44255,0,1.98182,1.38518,0.0618823
14.5604,1.74461,-2.28065,2.65596,1.72104,-2.37348,2.64865,1.82273,-2.38278,2,1.87034,-2.41133,1.99819,1.82452,1.39569,-1.46196e-18,1.81336,1.44952,0.0232704,1.90622,1.45819,0,1.9713,1.40096,0.062346
14.5703,1.76229,-2.26702,2.65596,1.73912,-2.35891,2.64888,1.8412,-2.36854,2,1.89,-2.39724,1.99881,1.81362,1.40983,1.46196e-18,1.80263,1.46373,0.0233036,1.89483,1.47296,0,1.96055,1.41673,0.062726
14.5802,1.78032,-2.25289,2.65596,1.7571,-2.34421,2.64911,1.86004,-2.35377,2,1.90955,-2.38299,1.99944,1.80231,1.42426,0,1.79186,1.47789,0.0233074,1.88302,1.48804,0,1.94961,1.43257,0.0630318
14.5903,1.79865,-2.23828,2.65596,1.77496,-2.32936,2.64935,1.87919,-2.33851,2,1.92899,-2.36859,2.00007,1.79063,1.43892,0,1.78106,1.49208,0.0232983,1.87081,1.50335,0,1.9385,1.44853,0.0632785
14.6004,1.81648,-2.22384,2.65596,1.78917,-2.31737,2.64953,1.89782,-2.32342,2,1.94446,-2.35695,2.00058,1.77907,1.45318,-1.46196e-18,1.77239,1.50343,0.0232906,1.85874,1.51825,0,1.92946,1.46137,0.0634418
14.6101,1.83398,-2.20943,2.65596,1.80684,-2.30227,2.64976,1.9161,-2.30837,2,1.9637,-2.34225,2.00121,1.76754,1.46718,0,1.76144,1.51749,0.0231335,1.84669,1.53288,0,1.91794,1.4774,0.0634557
14.6201,1.85138,-2.19487,2.65596,1.8244,-2.28702,2.64999,1.93428,-2.29316,2,1.98282,-2.3274,2.00185,1.7559,1.4811,-1.46196e-18,1.75037,1.53137,0.0228841,1.83452,1.54742,0,1.90614,1.49332,0.0633282
14.6301,1.86893,-2.17994,2.65596,1.84185,-2.27164,2.65022,1.95262,-2.27756,2,2.00182,-2.31239,2.00248,1.74395,1.49514,-2.92392e-18,1.7392,1.54529,0.0226505,1.82205,1.5621,0,1.89408,1.50932,0.063164
14.6403,1.88682,-2.16447,2.65596,1.85919,-2.25612,2.65045,1.97132,-2.2614,2,2.0207,-2.29721,2.00311,1.73158,1.50946,-1.46196e-18,1.72801,1.55928,0.0224844,1.80912,1.57705,0,1.88186,1.52549,0.0630143
14.6501,1.90389,-2.14948,2.65596,1.87641,-2.24046,2.65067,1.98914,-2.24573,2,2.03946,-2.28188,2.00374,1.71958,1.52311,1.46196e-18,1.71677,1.57315,0.0223725,1.79659,1.59131,0,1.86943,1.54161,0.0628662
14.6601,1.92072,-2.13445,2.65596,1.89352,-2.22466,2.6509,2.00673,-2.23003,2,2.05809,-2.26638,2.00437,1.70756,1.53658,0,1.70541,1.58687,0.0222617,1.78402,1.60538,0,1.85674,1.55768,0.0626657
14.6701,1.93779,-2.11897,2.65596,1.91052,-2.20872,2.65112,2.02456,-2.21385,2,2.07659,-2.25072,2.005,1.69517,1.55023,1.46196e-18,1.69403,1.6005,0.0221709,1.77108,1.61965,0,1.84391,1.57374,0.0624324
14.6801,1.9545,-2.10356,2.65596,1.9274,-2.19265,2.65134,2.04202,-2.19776,2,2.09496,-2.23491,2.00562,1.68285,1.5636,0,1.68257,1.61403,0.0221078,1.75821,1.63362,0,1.83087,1.58981,0.0621754
14.6901,1.9712,-2.08793,2.65596,1.94417,-2.17644,2.65156,2.05947,-2.18142,2,2.11321,-2.21893,2.00624,1.67034,1.57696,0,1.67092,1.62737,0.0220414,1.74514,1.64757,0,1.81753,1.60579,0.0618647
14.7001,1.98816,-2.07178,2.65596,1.96082,-2.1601,2.65178,2.07719,-2.16455,2,2.13131,-2.20279,2.00686,1.65742,1.59053,-1.46196e-18,1.65921,1.64064,0.0220005,1.73164,1.66175,0,1.80403,1.6218,0.0615304
14.7101,2.00456,-2.05591,2.65596,1.97735,-2.14363,2.652,2.09432,-2.14798,2,2.14929,-2.18649,2.00747,1.64473,1.60365,0,1.64743,1.65384,0.0219766,1.71838,1.67546,0,1.79035,1.63786,0.0611653
14.7201,2.02101,-2.03975,2.65596,1.99377,-2.12702,2.65222,2.11151,-2.13109,2,2.16712,-2.17003,2.00808,1.6318,1.61681,1.46196e-18,1.63557,1.66695,0.0219628,1.70487,1.68921,0,1.77651,1.65393,0.0607634
14.7301,2.03714,-2.02364,2.65596,2.01006,-2.11029,2.65244,2.12836,-2.11426,2,2.18482,-2.15341,2.00868,1.61891,1.62971,0,1.6236,1.67991,0.0219568,1.69141,1.70269,0,1.76248,1.66996,0.0603234
14.7404,2.05356,-2.00697,2.65596,2.02624,-2.09342,2.65266,2.14552,-2.09684,2,2.20761,-2.13157,2.00946,1.60558,1.64285,-1.46196e-18,1.61146,1.69268,0.0219383,1.67747,1.71642,0,1.74386,1.69066,0.0596695
14.7501,2.0692,-1.99085,2.65596,2.04229,-2.07643,2.65288,2.16185,-2.08,2,2.21978,-2.1197,2.00988,1.59268,1.65536,0,1.59919,1.70525,0.0219336,1.664,1.72948,0,1.73373,1.70177,0.0593037
14.7601,2.08528,-1.97399,2.65596,2.05822,-2.05932,2.6531,2.17866,-2.06238,2,2.23704,-2.1026,2.01047,1.57919,1.66823,0,1.58686,1.71769,0.0219426,1.64991,1.74293,0,1.71913,1.71761,0.0587539
14.7701,2.10099,-1.95727,2.65596,2.07403,-2.04208,2.65332,2.19507,-2.04491,2,2.25416,-2.08534,2.01106,1.56582,1.68079,0,1.57438,1.72991,0.0219363,1.63593,1.75605,0,1.70433,1.73333,0.0581514
14.7801,2.11642,-1.94057,2.65596,2.08971,-2.02472,2.65354,2.21119,-2.02747,2,2.27113,-2.06793,2.01163,1.55245,1.69314,1.46196e-18,1.56167,1.74183,0.0219006,1.62197,1.76896,0,1.68925,1.74886,0.0574847
14.7901,2.13171,-1.92376,2.65596,2.10526,-2.00725,2.65375,2.22717,-2.00991,2,2.28795,-2.05037,2.0122,1.53901,1.70537,-1.46196e-18,1.54882,1.75353,0.0218464,1.60793,1.78173,0,1.67398,1.76425,0.0567674
14.8001,2.14734,-1.90631,2.65596,2.12069,-1.98965,2.65397,2.24349,-1.99167,2,2.30461,-2.03265,2.01277,1.52504,1.71787,0,1.53586,1.76505,0.0217901,1.59333,1.79479,0,1.65858,1.77954,0.0560189
14.8106,2.1631,-1.8884,2.65596,2.13598,-1.97195,2.65419,2.25996,-1.97296,2,2.32112,-2.01478,2.01333,1.51072,1.73048,-2.92392e-18,1.52279,1.77643,0.0217245,1.57837,1.80797,0,1.64303,1.79478,0.0552346
14.8201,2.17758,-1.87168,2.65596,2.15114,-1.95412,2.65441,2.2751,-1.95549,2,2.33747,-1.99675,2.01387,1.49734,1.74207,1.46196e-18,1.50966,1.78771,0.0216683,1.56439,1.82008,0,1.6274,1.80997,0.0544359
14.8306,2.19335,-1.85318,2.65596,2.16617,-1.93619,2.65462,2.29157,-1.93616,2,2.35366,-1.97858,2.01441,1.48254,1.75468,1.46196e-18,1.49647,1.79889,0.0216035,1.54893,1.83325,0,1.61168,1.82512,0.0536078
14.84,2.20697,-1.83694,2.65596,2.18107,-1.91815,2.65484,2.3058,-1.91919,2,2.3697,-1.96025,2.01495,1.46955,1.76558,0,1.48314,1.81001,0.021513,1.53535,1.84464,0,1.59581,1.84026,0.0527361
14.8501,2.22157,-1.81925,2.65596,2.19583,-1.89999,2.65505,2.32105,-1.90072,2,2.38558,-1.94177,2.01547,1.4554,1.77726,0,1.46962,1.82109,0.0214025,1.52057,1.85684,0,1.57974,1.8554,0.0518297
14.8601,2.23625,-1.80117,2.65596,2.21046,-1.88173,2.65527,2.33639,-1.88183,2,2.4013,-1.92314,2.01598,1.44094,1.789,1.46196e-18,1.45598,1.83208,0.0212814,1.50546,1.86911,0,1.56354,1.8705,0.0509001
14.8701,2.25057,-1.78325,2.65596,2.22495,-1.86335,2.65548,2.35135,-1.86311,2,2.41685,-1.90436,2.01649,1.4266,1.80046,1.46196e-18,1.44226,1.84297,0.0211867,1.49048,1.88108,0,1.54726,1.88555,0.0499854
14.8801,2.26493,-1.76497,2.65596,2.23931,-1.84487,2.65569,2.36635,-1.84401,2,2.43224,-1.88543,2.01698,1.41198,1.81195,0,1.42853,1.85379,0.0210817,1.47521,1.89308,0,1.53096,1.90058,0.049051
14.8901,2.27868,-1.74718,2.65596,2.25352,-1.82627,2.6559,2.38072,-1.82542,2,2.44747,-1.86635,2.01747,1.39775,1.82295,2.92392e-18,1.41475,1.86453,0.0209666,1.46034,1.90458,0,1.51461,1.91555,0.0481004
14.9002,2.29283,-1.72858,2.65596,2.2676,-1.80758,2.65611,2.3955,-1.80598,2,2.46253,-1.84712,2.01794,1.38286,1.83426,0,1.40093,1.87514,0.0208719,1.44479,1.9164,0,1.49823,1.93041,0.0471674
14.9101,2.30655,-1.71023,2.65596,2.28154,-1.78877,2.65632,2.40983,-1.78681,2,2.47743,-1.82774,2.01841,1.36818,1.84524,0,1.38694,1.88556,0.0207617,1.42945,1.92787,0,1.48169,1.94511,0.0462196
14.9201,2.32034,-1.69147,2.65596,2.29534,-1.76987,2.65653,2.42424,-1.76722,2,2.49217,-1.80822,2.01887,1.35318,1.85627,1.46196e-18,1.37278,1.89581,0.020662,1.41377,1.93939,0,1.465,1.95967,0.0452865
14.9303,2.33414,-1.67238,2.65596,2.309,-1.75086,2.65673,2.43866,-1.74726,2,2.50673,-1.78855,2.01932,1.3379,1.86731,0,1.35852,1.90587,0.0205862,1.39781,1.95093,0,1.44823,1.97402,0.0443856
14.9403,2.34712,-1.65411,2.65596,2.32251,-1.73175,2.65694,2.45222,-1.72818,2,2.52113,-1.76874,2.01976,1.32329,1.87769,0,1.34405,1.91576,0.0205262,1.38255,1.96178,0,1.43128,1.9882,0.043511
14.9501,2.36022,-1.63537,2.65596,2.33588,-1.71254,2.65714,2.46591,-1.7086,2,2.53536,-1.74879,2.02019,1.30829,1.88817,0,1.32945,1.92552,0.0204466,1.36688,1.97273,0,1.41422,2.00223,0.0426303
14.9601,2.37334,-1.61626,2.65596,2.3491,-1.69324,2.65735,2.47962,-1.68864,2,2.54942,-1.72869,2.02061,1.29301,1.89867,0,1.31471,1.93516,0.0203391,1.35091,1.98369,0,1.39706,2.0161,0.0417381
14.9701,2.38684,-1.59625,2.65596,2.36217,-1.67384,2.65755,2.49373,-1.66773,2,2.5633,-1.70846,2.02102,1.277,1.90948,0,1.29982,1.94472,0.0202494,1.33419,1.99498,0,1.37977,2.02984,0.0408824
14.9801,2.39863,-1.57849,2.65596,2.3751,-1.65434,2.65775,2.50604,-1.64917,2,2.57701,-1.6881,2.02143,1.26279,1.9189,1.46196e-18,1.28487,1.9542,0.020165,1.31934,2.00483,0,1.36247,2.04347,0.040053
14.9903,2.41132,-1.55904,2.65596,2.38787,-1.63476,2.65795,2.51929,-1.62885,2,2.59055,-1.6676,2.02182,1.24723,1.92905,1.46196e-18,1.2698,1.96358,0.020035,1.30308,2.01543,0,1.34509,2.05693,0.0392013
15.0001,2.42343,-1.54014,2.65596,2.40049,-1.61507,2.65815,2.53195,-1.60911,2,2.60391,-1.64696,2.02221,1.23212,1.93874,1.46196e-18,1.25468,1.97293,0.0199014,1.28729,2.02556,0,1.32769,2.0703,0.0383716
15.0101,2.43598,-1.52021,2.65596,2.41296,-1.5953,2.65835,2.54506,-1.58829,2,2.6171,-1.62619,2.02259,1.21617,1.94879,0,1.2395,1.98216,0.0197742,1.27063,2.03605,0,1.31027,2.08349,0.037576
15.0201,2.44835,-1.50021,2.65596,2.42528,-1.57543,2.65855,2.55798,-1.56739,2,2.63012,-1.60529,2.02296,1.20017,1.95868,0,1.22418,1.99134,0.019647,1.25391,2.04639,0,1.29278,2.09657,0.0368104
15.0304,2.46024,-1.48063,2.65596,2.43745,-1.55547,2.65874,2.57041,-1.54693,2,2.64296,-1.58426,2.02333,1.1845,1.96819,1.46196e-18,1.20883,2.00058,0.0195299,1.23755,2.05633,0,1.2753,2.10963,0.0360871
15.0401,2.47173,-1.46137,2.65596,2.44946,-1.53542,2.65894,2.58241,-1.52681,2,2.65562,-1.5631,2.02368,1.1691,1.97738,0,1.19341,2.00972,0.0194254,1.22145,2.06593,0,1.25781,2.12252,0.0354106
15.0501,2.48336,-1.44152,2.65596,2.46131,-1.51528,2.65913,2.59456,-1.50607,2,2.66811,-1.54181,2.02403,1.15322,1.98669,-1.46196e-18,1.17795,2.0187,0.0193533,1.20486,2.07565,0,1.24033,2.13517,0.0348018
15.0601,2.49471,-1.42178,2.65596,2.47302,-1.49504,2.65933,2.60642,-1.48545,2,2.68043,-1.5204,2.02438,1.13743,1.99577,-1.46196e-18,1.16228,2.02749,0.0192555,1.18836,2.08514,0,1.22272,2.14755,0.0342044
15.0701,2.50637,-1.40112,2.65596,2.48456,-1.47473,2.65952,2.61861,-1.46386,2,2.69257,-1.49886,2.02472,1.1209,2.0051,0,1.14652,2.03617,0.0191365,1.17109,2.09489,0,1.20508,2.15974,0.0336261
15.0801,2.51741,-1.38119,2.65596,2.49595,-1.45432,2.65971,2.63014,-1.44304,2,2.70453,-1.4772,2.02505,1.10495,2.01393,1.46196e-18,1.13063,2.04474,0.0190276,1.15443,2.10411,0,1.18738,2.17173,0.0331004
15.0901,2.52808,-1.36156,2.65596,2.50717,-1.43383,2.6599,2.64129,-1.42253,2,2.71632,-1.45543,2.02538,1.08925,2.02247,0,1.11459,2.05321,0.01892,1.13802,2.11303,0,1.16961,2.18353,0.0326192
15.1001,2.53885,-1.34138,2.65596,2.51824,-1.41326,2.66009,2.65254,-1.40144,2,2.72792,-1.43353,2.02571,1.0731,2.03108,0,1.09844,2.06147,0.0187787,1.12116,2.12203,0,1.15181,2.19503,0.0321485
15.1101,2.5496,-1.32083,2.65596,2.52914,-1.3926,2.66027,2.66377,-1.37997,2,2.73935,-1.41152,2.02602,1.05666,2.03968,0,1.08223,2.06967,0.0186194,1.10398,2.13102,0,1.13402,2.20636,0.0317043
15.1203,2.56037,-1.29983,2.65596,2.53988,-1.37187,2.66046,2.67502,-1.35804,2,2.7506,-1.38941,2.02634,1.03986,2.0483,0,1.06587,2.07773,0.0184352,1.08643,2.14002,0,1.11616,2.21747,0.0312812
15.1301,2.57037,-1.27994,2.65596,2.55046,-1.35105,2.66064,2.68547,-1.33725,2,2.76168,-1.36718,2.02665,1.02395,2.0563,0,1.04943,2.08575,0.0182499,1.0698,2.14838,0,1.09831,2.22843,0.0309037
15.1401,2.58049,-1.25941,2.65596,2.56087,-1.33015,2.66082,2.69605,-1.3158,2,2.77257,-1.34484,2.02696,1.00753,2.06439,0,1.03285,2.09367,0.0180318,1.05264,2.15684,0,1.0804,2.23918,0.0305407
15.1501,2.5905,-1.2387,2.65596,2.57111,-1.30918,2.661,2.7065,-1.29417,2,2.78328,-1.32239,2.02726,0.99096,2.0724,0,1.01612,2.10141,0.0177753,1.03533,2.1652,0,1.06242,2.24964,0.0301867
15.1601,2.60032,-1.21795,2.65596,2.58019,-1.29023,2.66116,2.71676,-1.27249,2,2.79277,-1.30211,2.02753,0.974359,2.08025,0,1.00094,2.10825,0.0175131,1.01799,2.17341,0,1.0462,2.25884,0.0298765
15.1701,2.60995,-1.19717,2.65596,2.59012,-1.26911,2.66133,2.72682,-1.25078,2,2.80314,-1.27947,2.02783,0.957737,2.08796,0,0.984005,2.11581,0.0171744,1.00062,2.18146,0,1.02819,2.26893,0.0295286
15.1801,2.61956,-1.17598,2.65596,2.59987,-1.24792,2.6615,2.73687,-1.22864,2,2.81334,-1.25673,2.02812,0.940786,2.09565,0,0.966907,2.12321,0.0167673,0.982914,2.18949,0,1.0101,2.27872,0.0291596
15.1901,2.62903,-1.15465,2.65596,2.60945,-1.22665,2.66167,2.74676,-1.20636,2,2.82335,-1.23389,2.02841,0.923724,2.10323,0,0.94966,2.1304,0.0163422,0.965088,2.19741,0,0.991941,2.28815,0.0288187
15.2001,2.63795,-1.13414,2.65596,2.61886,-1.20531,2.66183,2.75607,-1.18493,2,2.83317,-1.21097,2.0287,0.907315,2.11036,1.46196e-18,0.932329,2.13743,0.0159242,0.947944,2.20486,0,0.973784,2.29729,0.0285282
15.2101,2.6469,-1.1131,2.65596,2.6281,-1.1839,2.66199,2.76542,-1.16294,2,2.84282,-1.18795,2.02898,0.89048,2.11752,0,0.915013,2.14434,0.0155133,0.930355,2.21234,0,0.955723,2.30617,0.0282876
15.2202,2.65575,-1.0918,2.65596,2.63716,-1.16242,2.66214,2.77467,-1.14069,2,2.85229,-1.16484,2.02926,0.873443,2.1246,0,0.897634,2.15114,0.0151255,0.912555,2.21974,0,0.937681,2.31478,0.0281119
15.2301,2.6646,-1.07002,2.65596,2.64605,-1.14088,2.66229,2.78392,-1.11793,2,2.86158,-1.14165,2.02954,0.856013,2.13168,0,0.880291,2.15785,0.0147896,0.894345,2.22714,0,0.919757,2.32318,0.0280295
15.2401,2.67316,-1.04845,2.65596,2.65477,-1.11927,2.66244,2.79287,-1.0954,2,2.87068,-1.11838,2.02982,0.838757,2.13853,0,0.862745,2.1644,0.0144097,0.876316,2.23429,0,0.901716,2.33128,0.0279441
15.2501,2.68116,-1.02782,2.65596,2.66331,-1.09759,2.66258,2.80122,-1.07384,2,2.87961,-1.09503,2.0301,0.822255,2.14493,-7.3098e-19,0.844973,2.17078,0.0139704,0.859076,2.24098,0,0.883535,2.33907,0.0278398
15.2601,2.68928,-1.0064,2.65596,2.67167,-1.07585,2.66272,2.8097,-1.05147,2,2.88835,-1.0716,2.03038,0.805123,2.15142,0,0.827017,2.17713,0.0135163,0.841176,2.24776,0,0.865256,2.34667,0.0277593
15.2701,2.6974,-0.984431,2.65596,2.67985,-1.05405,2.66285,2.81818,-1.02851,2,2.89691,-1.0481,2.03066,0.787545,2.15792,0,0.808882,2.1834,0.013016,0.822811,2.25455,0,0.846875,2.35406,0.0276676
15.2801,2.70508,-0.963122,2.65596,2.68784,-1.03218,2.66298,2.82621,-1.00625,2,2.90529,-1.02452,2.03094,0.770498,2.16406,0,0.790595,2.18951,0.0125064,0.805,2.26097,0,0.828409,2.36116,0.027597
15.2901,2.71283,-0.941069,2.65596,2.69566,-1.01026,2.6631,2.83431,-0.983209,2,2.91348,-1.00087,2.03121,0.752855,2.17026,-7.3098e-19,0.772288,2.19549,0.0120067,0.786567,2.26745,0,0.809984,2.36799,0.0275632
15.3001,2.72017,-0.919636,2.65596,2.70329,-0.988273,2.66322,2.84198,-0.960817,2,2.92149,-0.97716,2.03149,0.735709,2.17614,0,0.753917,2.20138,0.0115052,0.768653,2.27358,0,0.791551,2.37459,0.0275512
15.3101,2.7275,-0.897671,2.65596,2.71074,-0.96623,2.66333,2.84963,-0.937868,2,2.92931,-0.953382,2.03176,0.718137,2.182,0,0.735503,2.2073,0.0110037,0.750295,2.27971,0,0.773129,2.38108,0.0275605
15.3201,2.73464,-0.875661,2.65596,2.718,-0.944127,2.66344,2.8571,-0.914873,2,2.93695,-0.929539,2.03204,0.700529,2.18771,1.46196e-18,0.71702,2.21317,0.0104863,0.731898,2.28568,0,0.754687,2.38738,0.0275732
15.3302,2.7416,-0.853623,2.65596,2.72508,-0.921967,2.66354,2.86437,-0.891847,2,2.94441,-0.905635,2.03231,0.682898,2.19328,0,0.698445,2.21887,0.00997782,0.713478,2.2915,0,0.736198,2.39338,0.0276108
15.3401,2.74834,-0.831686,2.65596,2.73197,-0.89975,2.66364,2.8714,-0.868928,2,2.95168,-0.881673,2.03259,0.665349,2.19867,7.3098e-19,0.679814,2.22445,0.00948656,0.695143,2.29712,0,0.717691,2.39912,0.027678
15.3501,2.75476,-0.810168,2.65596,2.73867,-0.877479,2.66373,2.87811,-0.846447,2,2.95876,-0.857654,2.03287,0.648134,2.2038,7.3098e-19,0.661135,2.22984,0.0090192,0.677158,2.30249,0,0.69917,2.40456,0.0277788
15.3602,2.76124,-0.7878,2.65596,2.74519,-0.855154,2.66382,2.88488,-0.823077,2,2.96566,-0.833582,2.03315,0.63024,2.20899,-7.3098e-19,0.642419,2.23512,0.00856967,0.658462,2.30791,0,0.68064,2.40975,0.0279043
15.3701,2.76729,-0.76625,2.65596,2.75152,-0.832777,2.6639,2.89121,-0.800562,2,2.97237,-0.80946,2.03343,0.613,2.21383,7.3098e-19,0.623745,2.2402,0.00811917,0.640449,2.31297,0,0.662178,2.41463,0.0280331
15.3801,2.77345,-0.743654,2.65596,2.75767,-0.81035,2.66398,2.89764,-0.776954,2,2.9789,-0.785291,2.03371,0.594923,2.21876,0,0.605079,2.2451,0.00768963,0.621563,2.31812,0,0.643745,2.4192,0.0281844
15.3901,2.77923,-0.721771,2.65596,2.76362,-0.787875,2.66405,2.90368,-0.754092,2,2.98525,-0.761077,2.03399,0.577417,2.22338,0,0.586442,2.24985,0.00729388,0.603273,2.32294,0,0.625358,2.42352,0.0283694
15.4001,2.78495,-0.699355,2.65596,2.76939,-0.765354,2.66413,2.90966,-0.730672,2,2.99141,-0.736821,2.03427,0.559484,2.22796,-7.3098e-19,0.567772,2.25445,0.0069,0.584538,2.32773,0,0.606958,2.42757,0.0285551
15.4101,2.79056,-0.676633,2.65596,2.77498,-0.742787,2.66419,2.91552,-0.706933,2,2.99739,-0.712526,2.03456,0.541307,2.23245,0,0.54924,2.25886,0.00656823,0.565546,2.33241,0,0.588712,2.43132,0.0287996
15.4201,2.7958,-0.654625,2.65596,2.78038,-0.720178,2.66426,2.921,-0.683939,2,3.00318,-0.688196,2.03485,0.5237,2.23664,0,0.530702,2.26298,0.00624297,0.547151,2.3368,0,0.570471,2.43467,0.0290451
15.4301,2.80101,-0.631966,2.65596,2.78559,-0.697528,2.66432,2.92644,-0.660266,2,3.0088,-0.663833,2.03514,0.505573,2.24081,0,0.512284,2.26703,0.00593866,0.528212,2.34115,0,0.552365,2.43784,0.029305
15.4401,2.80589,-0.609947,2.65596,2.79062,-0.674838,2.66438,2.93154,-0.63726,2,3.01423,-0.63944,2.03544,0.487958,2.24471,-7.3098e-19,0.493933,2.27092,0.00568349,0.509808,2.34523,0,0.534341,2.44073,0.0296073
15.4501,2.81067,-0.587541,2.65596,2.79547,-0.65211,2.66443,2.93653,-0.613851,2,3.01949,-0.61502,2.03573,0.470033,2.24853,0,0.475526,2.27457,0.00542292,0.491081,2.34922,0,0.516277,2.44329,0.0298966
15.4601,2.81531,-0.564848,2.65596,2.80014,-0.629347,2.66448,2.94138,-0.590141,2,3.02456,-0.590576,2.03603,0.451878,2.25225,-7.3098e-19,0.457055,2.27803,0.00512484,0.472113,2.35311,0,0.498166,2.44555,0.0301407
15.4701,2.81963,-0.542881,2.65596,2.80461,-0.60655,2.66453,2.94589,-0.56719,2,3.02945,-0.56611,2.03634,0.434304,2.25571,7.3098e-19,0.438618,2.2813,0.0048209,0.453752,2.35672,0,0.480106,2.44753,0.0303706
15.4801,2.82393,-0.520055,2.65596,2.80891,-0.583722,2.66458,2.95039,-0.543343,2,3.03416,-0.541626,2.03664,0.416044,2.25915,0,0.420194,2.28435,0.00453074,0.434675,2.36031,0,0.462072,2.44919,0.0306033
15.4901,2.82806,-0.497144,2.65596,2.81302,-0.560864,2.66462,2.95469,-0.519405,2,3.03869,-0.517127,2.03695,0.397715,2.26244,0,0.401662,2.28722,0.00423788,0.415524,2.36376,0,0.443941,2.45056,0.0308208
15.5001,2.83191,-0.474666,2.65596,2.81694,-0.537978,2.66467,2.95873,-0.495921,2,3.04304,-0.492616,2.03726,0.379733,2.26553,3.6549e-19,0.383069,2.2899,0.00391975,0.396737,2.36698,0,0.425763,2.45166,0.0310007
15.5101,2.83559,-0.452186,2.65596,2.82068,-0.515067,2.6647,2.96257,-0.472435,2,3.0472,-0.468095,2.03757,0.361749,2.26847,-3.6549e-19,0.364352,2.29236,0.0035539,0.377948,2.37005,0,0.407472,2.45244,0.0311192
15.5202,2.83919,-0.429033,2.65596,2.82423,-0.492132,2.66474,2.96632,-0.448245,2,3.05119,-0.443568,2.03788,0.343227,2.27135,0,0.345561,2.29465,0.00317888,0.358596,2.37306,0,0.389116,2.45295,0.0312121
15.53,2.8425,-0.406484,2.65596,2.82759,-0.469174,2.66477,2.96979,-0.424686,2,3.05499,-0.419037,2.03819,0.325187,2.274,0,0.326832,2.2969,0.00286112,0.339749,2.37583,0,0.370826,2.45332,0.0313435
15.5404,2.84574,-0.383159,2.65596,2.83076,-0.446194,2.66479,2.97317,-0.400317,2,3.0586,-0.394503,2.03851,0.306527,2.27659,0,0.308072,2.29899,0.00253809,0.320253,2.37854,0,0.352504,2.45343,0.0314492
15.5501,2.84864,-0.360998,2.65596,2.83375,-0.423194,2.66482,2.9762,-0.377163,2,3.06204,-0.369969,2.03882,0.288799,2.27891,0,0.289317,2.30092,0.00221734,0.301731,2.38096,0,0.33419,2.45328,0.0315361
15.5601,2.85144,-0.338153,2.65596,2.83655,-0.400176,2.66484,2.97912,-0.353295,2,3.06529,-0.345438,2.03914,0.270522,2.28115,0,0.270601,2.30275,0.00191142,0.282636,2.3833,0,0.315914,2.45294,0.0316161
15.5701,2.85409,-0.31497,2.65596,2.83916,-0.37714,2.66486,2.9819,-0.329075,2,3.06836,-0.320911,2.03945,0.251976,2.28327,0,0.251907,2.30445,0.00162215,0.26326,2.38552,0,0.297661,2.45239,0.0316906
15.5801,2.85646,-0.292759,2.65596,2.84159,-0.354088,2.66487,2.98437,-0.305868,2,3.07124,-0.296391,2.03977,0.234207,2.28516,0,0.233237,2.30596,0.00133701,0.244695,2.38749,0,0.279432,2.45155,0.0317469
15.5901,2.85875,-0.269426,2.65596,2.84383,-0.331021,2.66488,2.98676,-0.281491,2,3.07394,-0.271881,2.04009,0.215541,2.287,0,0.214621,2.30734,0.00105662,0.225193,2.38941,0,0.26126,2.45051,0.031786
15.6001,2.86084,-0.246269,2.65596,2.84588,-0.307941,2.66489,2.98895,-0.257297,2,3.07647,-0.247381,2.04041,0.197015,2.28867,0,0.195992,2.30862,0.000786671,0.205838,2.39116,0,0.243075,2.4493,0.0318135
15.6101,2.86266,-0.224145,2.65596,2.84775,-0.284849,2.6649,2.99085,-0.234182,2,3.07881,-0.222895,2.04072,0.179316,2.29013,1.82745e-19,0.177272,2.30978,0.000488382,0.187346,2.39268,0,0.224801,2.44788,0.0317903
15.6201,2.86444,-0.200137,2.65596,2.84943,-0.261746,2.6649,2.9927,-0.209099,2,3.08096,-0.198424,2.04104,0.16011,2.29155,-1.82745e-19,0.158586,2.31084,0.000209997,0.167279,2.39416,0,0.206566,2.44629,0.0317653
15.6301,2.86587,-0.178426,2.65596,2.85092,-0.238633,2.6649,2.9942,-0.186416,2,3.08294,-0.17397,2.04136,0.142741,2.2927,0,0.139968,2.31181,-1.99894e-05,0.149133,2.39536,0,0.188399,2.44454,0.0317661
15.6401,2.86723,-0.15507,2.65596,2.85223,-0.21551,2.6649,2.99562,-0.162014,2,3.08473,-0.149534,2.04168,0.124056,2.29378,0,0.12132,2.31264,-0.000237721,0.129611,2.3965,0,0.170202,2.44259,0.031756
15.6501,2.86838,-0.132182,2.65596,2.85335,-0.19238,2.6649,2.99682,-0.138101,2,3.08634,-0.125118,2.042,0.105746,2.2947,0,0.102702,2.31342,-0.00043591,0.110481,2.39746,0,0.152036,2.44054,0.0317437
15.6601,2.86934,-0.109229,2.65596,2.85428,-0.169242,2.66489,2.99783,-0.114121,2,3.08777,-0.100724,2.04231,0.0873836,2.29547,0,0.0841001,2.31411,-0.000608257,0.0912966,2.39826,0,0.133884,2.43834,0.031735
15.6701,2.87012,-0.0863867,2.65596,2.85503,-0.146098,2.66489,2.99864,-0.0902551,2,3.08902,-0.0763522,2.04263,0.0691094,2.2961,0,0.0655762,2.31462,-0.000749288,0.0722041,2.39891,0,0.115807,2.43592,0.0317354
15.68,2.87072,-0.0635981,2.65596,2.85559,-0.12295,2.66488,2.99926,-0.066446,2,3.09009,-0.0520058,2.04295,0.0508785,2.29657,9.13725e-20,0.0471021,2.31498,-0.000839645,0.0531568,2.39941,0,0.097777,2.43331,0.0317648
15.6901,2.87115,-0.0396148,2.65596,2.85597,-0.0997992,2.66487,2.99971,-0.0413887,2,3.09098,-0.0276866,2.04327,0.0316918,2.29692,0,0.0287861,2.31519,-0.000852145,0.033111,2.39977,0,0.0799043,2.43051,0.0318523
15.7001,2.87137,-0.0175146,2.65596,2.85617,-0.0766465,2.66486,2.99994,-0.0182989,2,3.09169,-0.00339583,2.04358,0.0140117,2.29709,0,0.0106058,2.31533,-0.000814511,0.0146391,2.39996,0,0.0621667,2.42762,0.0319712
15.7101,2.87141,0.00532642,2.65596,2.85618,-0.0534928,2.66485,2.99999,0.00556493,2,3.09222,0.0208655,2.0439,-0.00426113,2.29713,0,-0.00761158,2.31537,-0.000790974,-0.00445194,2.4,0,0.044399,2.42461,0.03206
15.7201,2.87128,0.028664,2.65596,2.85602,-0.0303393,2.66484,2.99985,0.0299475,2,3.09257,0.0450959,2.04423,-0.0229312,2.29702,0,-0.0257878,2.31533,-0.000782291,-0.023958,2.39988,0,0.026682,2.42149,0.0321207
15.7301,2.87096,0.0513514,2.65596,2.85567,-0.00718632,2.66484,2.99952,0.0536509,2,3.09275,0.0692951,2.04455,-0.0410812,2.29677,0,-0.043835,2.31528,-0.0007388,-0.0429207,2.39962,0,0.0090989,2.41836,0.0322034
15.7401,2.87046,0.074349,2.65596,2.85514,0.0159662,2.66483,2.99899,0.0776783,2,3.09276,0.0934631,2.04487,-0.0594792,2.29637,0,-0.061828,2.31521,-0.000659607,-0.0621426,2.3992,0,-0.00842488,2.41521,0.0323098
15.75,2.86978,0.0971119,2.65596,2.85443,0.039117,2.66482,2.99828,0.101461,2,3.09258,0.117599,2.04519,-0.0776895,2.29582,0,-0.0798928,2.31492,-0.000598927,-0.0811684,2.39863,0,-0.0260132,2.41186,0.0323882
15.7601,2.86889,0.120521,2.65596,2.85354,0.0622639,2.66482,2.99736,0.125918,2,3.09224,0.1417,2.04552,-0.0964167,2.29511,0,-0.0979436,2.31442,-0.000530482,-0.100734,2.39789,0,-0.0435782,2.40833,0.0324689
15.7701,2.86784,0.143386,2.65596,2.85247,0.085405,2.66481,2.99626,0.149806,2,3.09171,0.165765,2.04584,-0.114709,2.29427,-1.82745e-19,-0.116045,2.31378,-0.000464412,-0.119845,2.39701,0,-0.061186,2.40469,0.0325426
15.7801,2.8666,0.166283,2.65596,2.85122,0.108539,2.66481,2.99497,0.173729,2,3.09101,0.189793,2.04617,-0.133027,2.29328,1.82745e-19,-0.13413,2.31303,-0.000378858,-0.138983,2.39597,0,-0.0787685,2.40098,0.0326321
15.7901,2.86517,0.189333,2.65596,2.84979,0.131665,2.66481,2.99347,0.197811,2,3.09014,0.213785,2.0465,-0.151466,2.29214,0,-0.15212,2.31226,-0.000253449,-0.158249,2.39478,0,-0.0962441,2.39729,0.0327602
15.8003,2.86353,0.212762,2.65596,2.84818,0.154784,2.6648,2.99175,0.22229,2,3.08909,0.237739,2.04682,-0.17021,2.29082,-3.6549e-19,-0.170054,2.31136,-0.000132721,-0.177832,2.3934,0,-0.113655,2.39353,0.0328835
15.8101,2.8618,0.234817,2.65596,2.84639,0.177892,2.6648,2.98995,0.245332,2,3.08786,0.261655,2.04715,-0.187854,2.28944,1.82745e-19,-0.187929,2.31036,1.90967e-05,-0.196266,2.39196,0,-0.130997,2.38973,0.0330408
15.8201,2.85982,0.25787,2.65596,2.84442,0.20099,2.6648,2.98788,0.269417,2,3.08647,0.285533,2.04748,-0.206296,2.28785,0,-0.205785,2.3092,0.000179047,-0.215533,2.3903,0,-0.148304,2.38584,0.0332129
15.83,2.85769,0.280439,2.65596,2.84227,0.224076,2.66481,2.98566,0.292997,2,3.0849,0.309372,2.04782,-0.224351,2.28615,0,-0.223675,2.30781,0.000368681,-0.234397,2.38853,0,-0.165632,2.38181,0.0334241
15.8401,2.85527,0.304149,2.65596,2.83995,0.247146,2.66481,2.98312,0.317769,2,3.08316,0.333169,2.04815,-0.243319,2.28421,-3.6549e-19,-0.241514,2.30618,0.000606386,-0.254215,2.3865,0,-0.182891,2.37765,0.0336962
15.8503,2.85276,0.326809,2.65596,2.83744,0.270199,2.66482,2.98051,0.341444,2,3.08124,0.356924,2.04849,-0.261448,2.28221,3.6549e-19,-0.259415,2.30434,0.000833534,-0.273155,2.3844,0,-0.200196,2.37337,0.0339726
15.8602,2.85011,0.349146,2.65596,2.83476,0.293231,2.66483,2.97774,0.364781,2,3.07915,0.380636,2.04883,-0.279317,2.28009,0,-0.277419,2.30221,0.00101033,-0.291825,2.38219,0,-0.21758,2.36892,0.0342166
15.8701,2.84721,0.372097,2.65596,2.83189,0.316242,2.66484,2.9747,0.38876,2,3.07689,0.404302,2.04918,-0.297678,2.27777,-3.6549e-19,-0.295477,2.29988,0.00116421,-0.311008,2.37976,0,-0.234993,2.36438,0.0344581
15.8801,2.8441,0.39516,2.65596,2.82885,0.339229,2.66485,2.97146,0.412855,2,3.07445,0.427923,2.04952,-0.316128,2.27528,-3.6549e-19,-0.313651,2.29738,0.00130597,-0.330284,2.37716,0,-0.252499,2.35978,0.0347075
15.8901,2.8409,0.41754,2.65596,2.82562,0.362189,2.66487,2.96811,0.436237,2,3.07184,0.451498,2.04987,-0.334032,2.27272,0,-0.331657,2.29478,0.00149815,-0.348989,2.37449,0,-0.269818,2.35519,0.0350285
15.9001,2.83748,0.440152,2.65596,2.82221,0.385124,2.66488,2.96455,0.459862,2,3.06906,0.475027,2.05022,-0.352122,2.26999,0,-0.349612,2.29213,0.00168387,-0.36789,2.37164,0,-0.287067,2.35068,0.0353649
15.9101,2.83391,0.462604,2.65596,2.81863,0.408031,2.6649,2.96081,0.483319,2,3.0661,0.498511,2.05058,-0.370083,2.26713,3.6549e-19,-0.367568,2.28924,0.00189156,-0.386655,2.36865,0,-0.304298,2.34606,0.0357477
15.9201,2.8301,0.485372,2.65596,2.81486,0.430908,2.66492,2.95683,0.507107,2,3.06297,0.521948,2.05094,-0.388298,2.26408,0,-0.385517,2.28616,0.00212419,-0.405685,2.36546,0,-0.321499,2.34139,0.0361841
15.9301,2.82614,0.507937,2.65596,2.81092,0.453754,2.66494,2.95269,0.530683,2,3.05967,0.545339,2.0513,-0.40635,2.26091,0,-0.403576,2.28291,0.00233117,-0.424546,2.36215,0,-0.338791,2.33673,0.0366245
15.9401,2.82187,0.531144,2.65596,2.80679,0.476566,2.66497,2.94823,0.554929,2,3.05619,0.568682,2.05167,-0.424915,2.25749,0,-0.421765,2.2794,0.00251919,-0.443943,2.35858,0,-0.356191,2.33194,0.0370766
15.9502,2.81752,0.553728,2.65596,2.80248,0.499341,2.66499,2.94369,0.578524,2,3.05254,0.591978,2.05204,-0.442982,2.25402,7.3098e-19,-0.440028,2.2757,0.00268399,-0.462819,2.35495,0,-0.373648,2.32713,0.0375364
15.9601,2.81315,0.575546,2.65596,2.79799,0.522079,2.66502,2.93912,0.601318,2,3.04872,0.615225,2.05242,-0.460437,2.25052,0,-0.458355,2.27182,0.00281462,-0.481055,2.35129,0,-0.391154,2.32228,0.037992
15.9701,2.80832,0.598644,2.65596,2.79332,0.544777,2.66505,2.93408,0.625451,2,3.04472,0.638424,2.0528,-0.478915,2.24666,-7.3098e-19,-0.47673,2.26778,0.00290468,-0.500361,2.34726,0,-0.408695,2.31743,0.038436
15.9801,2.80351,0.620808,2.65596,2.78846,0.567435,2.66508,2.92905,0.648608,2,3.04055,0.661574,2.05319,-0.496647,2.24281,-7.3098e-19,-0.495129,2.26366,0.00297614,-0.518886,2.34324,0,-0.426256,2.31266,0.0388888
15.9901,2.79842,0.64333,2.65596,2.78341,0.59005,2.66511,2.92374,0.672138,2,3.0362,0.684677,2.05358,-0.514664,2.23874,7.3098e-19,-0.513447,2.25944,0.00308437,-0.53771,2.33899,0,-0.443736,2.30794,0.0394048
16,2.79312,0.665999,2.65596,2.77819,0.612623,2.66514,2.91819,0.695822,2,3.03167,0.707733,2.05398,-0.532799,2.23449,0,-0.531872,2.25503,0.00318457,-0.556658,2.33455,0,-0.461327,2.30319,0.0399385
16.0101,2.78783,0.687806,2.65596,2.77278,0.63515,2.66517,2.91266,0.718605,2,3.02697,0.73074,2.05438,-0.550244,2.23026,7.3098e-19,-0.550348,2.25038,0.00327218,-0.574884,2.33013,0,-0.478978,2.29838,0.0404853
16.0201,2.78231,0.709795,2.65596,2.76718,0.65763,2.66521,2.9069,0.741579,2,3.02209,0.7537,2.05479,-0.567836,2.22585,-7.3098e-19,-0.568908,2.24557,0.00336358,-0.593264,2.32552,0,-0.496725,2.29356,0.0410605
16.0301,2.77629,0.732969,2.65596,2.7614,0.68006,2.66524,2.90061,0.765791,2,3.01703,0.776611,2.0552,-0.586375,2.22103,7.3098e-19,-0.587668,2.24042,0.00340174,-0.612633,2.32049,0,-0.514694,2.28857,0.0416036
16.0401,2.77052,0.754491,2.65596,2.75543,0.702438,2.66527,2.89458,0.788277,2,3.0118,0.799472,2.05562,-0.603593,2.21642,7.3098e-19,-0.606246,2.23514,0.00348086,-0.630621,2.31567,0,-0.532511,2.28363,0.0422053
16.0501,2.76435,0.776807,2.65596,2.74927,0.724763,2.66531,2.88813,0.811592,2,3.00638,0.822284,2.05605,-0.621445,2.21148,0,-0.624754,2.22975,0.00356605,-0.649273,2.31051,0,-0.550296,2.27873,0.0428274
16.0602,2.75806,0.798833,2.65596,2.74293,0.747032,2.66534,2.88157,0.834604,2,3.00079,0.845046,2.05648,-0.639066,2.20645,-7.3098e-19,-0.643332,2.22409,0.00358901,-0.667683,2.30525,0,-0.568192,2.27371,0.0433989
16.0702,2.75137,0.821588,2.65596,2.73641,0.769244,2.66538,2.87458,0.858378,2,2.99502,0.867758,2.05691,-0.65727,2.2011,-7.3098e-19,-0.6619,2.21818,0.00361809,-0.686702,2.29966,0,-0.586126,2.26861,0.0439885
16.0801,2.7448,0.84328,2.65596,2.72969,0.791395,2.66542,2.86771,0.881042,2,2.98907,0.890418,2.05736,-0.674624,2.19584,0,-0.68039,2.21202,0.00363669,-0.704833,2.29417,0,-0.60403,2.26341,0.044577
16.0903,2.73805,0.864931,2.65596,2.7228,0.813483,2.66545,2.86066,0.903662,2,2.98294,0.913025,2.0578,-0.691945,2.19044,0,-0.698832,2.20559,0.0036246,-0.72293,2.28853,0,-0.621941,2.25807,0.0451406
16.1001,2.73115,0.886502,2.65596,2.71572,0.835506,2.66549,2.85345,0.926199,2,2.97663,0.935579,2.05826,-0.709202,2.18492,0,-0.717295,2.19892,0.00357164,-0.740959,2.28276,0,-0.639928,2.25264,0.0456669
16.1101,2.72385,0.908667,2.65596,2.70845,0.857461,2.66552,2.84583,0.949357,2,2.97014,0.958078,2.05872,-0.726934,2.17908,7.3098e-19,-0.735684,2.19207,0.00352664,-0.759486,2.27666,0,-0.657908,2.24716,0.0462018
16.1203,2.7164,0.930722,2.65596,2.701,0.879347,2.66556,2.83803,0.972399,2,2.96347,0.980522,2.05918,-0.744577,2.17312,0,-0.753791,2.18516,0.00352001,-0.777919,2.27043,0,-0.675679,2.24174,0.0467711
16.1302,2.70859,0.95321,2.65596,2.69415,0.898985,2.66559,2.82988,0.995894,2,2.95732,1.00068,2.05961,-0.762568,2.16687,1.46196e-18,-0.770074,2.17878,0.00347908,-0.796715,2.2639,0,-0.691725,2.2368,0.0472426
16.1401,2.7013,0.973655,2.65596,2.68636,0.920737,2.66563,2.82227,1.01726,2,2.95031,1.02302,2.06008,-0.778924,2.16104,0,-0.788147,2.17151,0.0033559,-0.813804,2.25781,0,-0.709603,2.23125,0.047684
16.1501,2.69351,0.995004,2.65596,2.67838,0.942414,2.66566,2.81413,1.03956,2,2.94313,1.0453,2.06056,-0.796004,2.15481,0,-0.806244,2.16396,0.00314048,-0.831648,2.2513,0,-0.727559,2.22552,0.0480332
16.1601,2.68536,1.0168,2.65596,2.67023,0.964015,2.66569,2.80561,1.06234,2,2.93576,1.06753,2.06104,-0.813444,2.14829,0,-0.824343,2.15627,0.00292579,-0.849869,2.24449,0,-0.745577,2.21973,0.0483787
16.1701,2.67704,1.03851,2.65596,2.6619,0.985539,2.66572,2.79692,1.08502,2,2.92822,1.08969,2.06153,-0.83081,2.14163,-7.3098e-19,-0.84236,2.14849,0.00269218,-0.868013,2.23753,0,-0.763594,2.21393,0.0486921
16.1802,2.66866,1.05987,2.65596,2.65338,1.00699,2.66574,2.78816,1.10733,2,2.92049,1.11181,2.06202,-0.847896,2.13492,0,-0.860302,2.14067,0.00247304,-0.885864,2.23053,0,-0.781622,2.20817,0.0490033
16.1901,2.66035,1.08054,2.65596,2.64469,1.02835,2.66577,2.77948,1.12893,2,2.91258,1.13386,2.06251,-0.864433,2.12828,0,-0.878272,2.13263,0.00225585,-0.903141,2.22359,0,-0.799762,2.20226,0.0492984
16.2001,2.65135,1.10245,2.65596,2.63582,1.04964,2.66579,2.77007,1.15182,2,2.9045,1.15585,2.063,-0.881964,2.12108,0,-0.896028,2.12438,0.00212215,-0.921458,2.21606,0,-0.81778,2.19622,0.0496573
16.2101,2.6427,1.12302,2.65596,2.62677,1.07084,2.66581,2.76104,1.17331,2,2.89623,1.17778,2.0635,-0.898416,2.11416,0,-0.913683,2.11604,0.00200313,-0.938646,2.20883,0,-0.835799,2.19016,0.0500054
16.2201,2.63347,1.14451,2.65596,2.61755,1.09196,2.66583,2.75139,1.19576,2,2.88778,1.19965,2.064,-0.915607,2.10677,0,-0.93121,2.10746,0.00190079,-0.956607,2.20111,0,-0.853792,2.1839,0.050343
16.2301,2.62427,1.16544,2.65596,2.60815,1.11299,2.66585,2.74178,1.21763,2,2.87915,1.22146,2.06451,-0.932356,2.09942,-1.46196e-18,-0.948665,2.09866,0.00179388,-0.974106,2.19343,0,-0.871813,2.17749,0.0506492
16.2401,2.61497,1.18616,2.65596,2.59857,1.13393,2.66586,2.73207,1.23928,2,2.87034,1.2432,2.06501,-0.948931,2.09198,-1.46196e-18,-0.966035,2.08969,0.00173129,-0.991423,2.18565,0,-0.88985,2.17096,0.0509709
16.2501,2.60524,1.20738,2.65596,2.58883,1.15478,2.66588,2.7219,1.26144,2,2.86135,1.26488,2.06553,-0.965903,2.08419,0,-0.983222,2.08063,0.00175155,-1.00916,2.17752,0,-0.907804,2.16437,0.0513443
16.2601,2.59563,1.22791,2.65596,2.57891,1.17554,2.6659,2.71186,1.28289,2,2.85219,1.28649,2.06604,-0.982325,2.0765,0,-1.00033,2.07152,0.0017995,-1.02631,2.16949,0,-0.925779,2.15776,0.0517124
16.2701,2.58559,1.24891,2.65596,2.56882,1.19621,2.66592,2.70137,1.30483,2,2.84284,1.30803,2.06656,-0.999125,2.06847,-1.46196e-18,-1.01744,2.06226,0.00177868,-1.04387,2.1611,0,-0.943861,2.15102,0.0519787
16.2801,2.57568,1.26922,2.65596,2.55856,1.21679,2.66593,2.69102,1.32605,2,2.83331,1.32951,2.06708,-1.01537,2.06055,0,-1.03458,2.05291,0.00171514,-1.06084,2.15282,0,-0.962068,2.1442,0.0521692
16.2901,2.56536,1.28996,2.65596,2.54813,1.23727,2.66595,2.68023,1.34772,2,2.8236,1.35092,2.0676,-1.03197,2.05229,0,-1.05169,2.04353,0.00164505,-1.07818,2.14419,0,-0.980344,2.13737,0.0523172
16.3001,2.55498,1.31039,2.65596,2.53753,1.25766,2.66597,2.66939,1.36907,2,2.8137,1.37226,2.06813,-1.04831,2.04398,0,-1.06883,2.03405,0.00154252,-1.09526,2.13551,0,-0.998752,2.13044,0.0523924
16.3101,2.54443,1.33076,2.65596,2.52675,1.27795,2.66598,2.65837,1.39036,2,2.80362,1.39353,2.06865,-1.06461,2.03554,1.46196e-18,-1.08596,2.02453,0.00139265,-1.11228,2.12669,0,-1.01726,2.12346,0.0523771
16.3201,2.5336,1.35127,2.65596,2.51581,1.29815,2.666,2.64705,1.41178,2,2.79336,1.41473,2.06917,-1.08101,2.02688,0,-1.10294,2.0149,0.00122872,-1.12942,2.11764,0,-1.03572,2.11635,0.0523019
16.3301,2.52264,1.37162,2.65596,2.50469,1.31825,2.66601,2.6356,1.43304,2,2.78291,1.43585,2.0697,-1.0973,2.01811,0,-1.11972,2.00518,0.00108222,-1.14643,2.10848,0,-1.0541,2.10913,0.052196
16.3401,2.51161,1.39171,2.65596,2.49341,1.33825,2.66602,2.62408,1.45403,2,2.77227,1.45691,2.07022,-1.11336,2.00929,1.46196e-18,-1.13642,1.99527,0.000946587,-1.16322,2.09927,0,-1.07252,2.1017,0.0520522
16.3501,2.50054,1.4115,2.65596,2.48197,1.35815,2.66603,2.61252,1.47471,2,2.76146,1.47789,2.07074,-1.1292,2.00044,0,-1.15287,1.98532,0.000913464,-1.17976,2.09001,0,-1.09078,2.09419,0.0519646
16.3601,2.48911,1.43156,2.65596,2.47036,1.37796,2.66604,2.60057,1.49567,2,2.75046,1.49879,2.07126,-1.14525,1.99129,1.46196e-18,-1.16925,1.97532,0.000919729,-1.19654,2.08046,0,-1.10906,2.08659,0.0518712
16.3701,2.47763,1.45135,2.65596,2.45858,1.39766,2.66604,2.58858,1.51634,2,2.73928,1.51962,2.07178,-1.16108,1.9821,0,-1.1855,1.96526,0.000935365,-1.21307,2.07086,0,-1.12731,2.07888,0.0517415
16.3801,2.46595,1.4711,2.65596,2.44665,1.41726,2.66605,2.57638,1.53697,2,2.72791,1.54037,2.07229,-1.17688,1.97276,0,-1.20154,1.95512,0.000964451,-1.22958,2.0611,0,-1.14544,2.07107,0.0515809
16.3901,2.45415,1.4907,2.65596,2.43455,1.43676,2.66606,2.56405,1.55746,2,2.71637,1.56104,2.07281,-1.19256,1.96332,0,-1.21734,1.94492,0.00103443,-1.24596,2.05124,0,-1.1634,2.06313,0.0514169
16.4001,2.44213,1.51032,2.65596,2.4223,1.45616,2.66607,2.55148,1.57795,2,2.70464,1.58163,2.07332,-1.20826,1.9537,0,-1.233,1.93475,0.00110411,-1.26236,2.04119,0,-1.18133,2.05517,0.0512101
16.4101,2.42975,1.53015,2.65596,2.40989,1.47546,2.66609,2.53856,1.59867,2,2.69274,1.60214,2.07383,-1.22412,1.9438,1.46196e-18,-1.24855,1.92442,0.00118956,-1.27893,2.03084,0,-1.19919,2.047,0.050981
16.4201,2.41762,1.54924,2.65596,2.39733,1.49465,2.6661,2.52588,1.61862,2,2.68066,1.62257,2.07434,-1.23939,1.9341,0,-1.26397,1.91401,0.0013331,-1.29489,2.02071,0,-1.21701,2.03871,0.0507742
16.4301,2.40505,1.56869,2.65596,2.38461,1.51374,2.66611,2.51275,1.63893,2,2.6684,1.64291,2.07485,-1.25495,1.92404,0,-1.27925,1.90348,0.00153272,-1.31115,2.0102,0,-1.23474,2.03023,0.0505901
16.4401,2.39209,1.58837,2.65596,2.37175,1.53272,2.66613,2.49921,1.6595,2,2.65597,1.66317,2.07535,-1.2707,1.91368,0,-1.29436,1.8929,0.00176814,-1.3276,1.99937,0,-1.25236,2.02166,0.0504105
16.45,2.37965,1.60696,2.65596,2.35873,1.55159,2.66615,2.48621,1.67892,2,2.64336,1.68335,2.07585,-1.28557,1.90372,0,-1.30943,1.88221,0.00195166,-1.34314,1.98897,0,-1.26997,2.0129,0.050148
16.4602,2.36629,1.62657,2.65596,2.34556,1.57036,2.66617,2.47225,1.6994,2,2.63057,1.70343,2.07635,-1.30125,1.89303,0,-1.3245,1.87131,0.00207396,-1.35952,1.9778,0,-1.28763,2.00388,0.0497985
16.4701,2.35349,1.64504,2.65596,2.33224,1.58902,2.66619,2.45888,1.7187,2,2.6176,1.72342,2.07685,-1.31603,1.88279,0,-1.33943,1.86023,0.00217386,-1.37496,1.9671,0,-1.30518,1.9946,0.0494031
16.4802,2.34028,1.66377,2.65596,2.31877,1.60756,2.66621,2.44508,1.73828,2,2.60446,1.74332,2.07734,-1.33102,1.87222,-1.46196e-18,-1.35433,1.84896,0.00223079,-1.39062,1.95606,0,-1.32273,1.98506,0.048939
16.4901,2.32705,1.68222,2.65596,2.30515,1.626,2.66623,2.43126,1.75755,2,2.59115,1.76312,2.07783,-1.34578,1.86164,0,-1.36918,1.83753,0.0022752,-1.40604,1.94501,0,-1.34025,1.97529,0.0484379
16.5001,2.31316,1.70128,2.65596,2.29139,1.64432,2.66626,2.41674,1.77746,2,2.57766,1.78283,2.07831,-1.36102,1.85053,-1.46196e-18,-1.3838,1.82606,0.00235935,-1.42197,1.93339,0,-1.35757,1.96538,0.0479542
16.5102,2.29975,1.71937,2.65596,2.27747,1.66252,2.66628,2.40273,1.79636,2,2.564,1.80243,2.07879,-1.37549,1.8398,0,-1.3982,1.81449,0.00246889,-1.43709,1.92218,0,-1.37468,1.95529,0.0474727
16.5201,2.28595,1.73767,2.65596,2.26342,1.68061,2.66631,2.38831,1.81548,2,2.55017,1.82193,2.07926,-1.39014,1.82876,1.46196e-18,-1.41243,1.80291,0.00258868,-1.45239,1.91065,0,-1.39162,1.94509,0.046981
16.5301,2.27172,1.75622,2.65596,2.24923,1.69858,2.66633,2.37345,1.83487,2,2.53616,1.84133,2.07973,-1.40498,1.81738,1.46196e-18,-1.42673,1.79121,0.00269379,-1.46789,1.89876,0,-1.40864,1.93468,0.0464608
16.5401,2.25741,1.77458,2.65596,2.23489,1.71643,2.66636,2.3585,1.85404,2,2.52199,1.86063,2.08019,-1.41966,1.80593,0,-1.441,1.77935,0.00276548,-1.48324,1.8868,0,-1.42561,1.92403,0.0458962
16.5501,2.24345,1.7922,2.65596,2.22041,1.73416,2.66639,2.34391,1.87245,2,2.50765,1.87981,2.08065,-1.43376,1.79476,0,-1.45533,1.76743,0.00275011,-1.49796,1.87513,0,-1.44263,1.91323,0.045234
16.5601,2.22916,1.80994,2.65596,2.20578,1.75178,2.66642,2.32898,1.89099,2,2.49314,1.89889,2.08109,-1.44795,1.78333,0,-1.46972,1.75548,0.00271893,-1.51279,1.86319,0,-1.45969,1.9023,0.0445455
16.5701,2.21459,1.82774,2.65596,2.19101,1.76927,2.66644,2.31376,1.90959,2,2.47846,1.91786,2.08154,-1.46219,1.77167,1.46196e-18,-1.48405,1.74344,0.00267967,-1.52767,1.85101,0,-1.47667,1.89118,0.0438365
16.5801,2.20017,1.84508,2.65596,2.1761,1.78665,2.66647,2.29869,1.9277,2,2.46361,1.93671,2.08197,-1.47606,1.76014,1.46196e-18,-1.49832,1.73118,0.00256236,-1.54216,1.83895,0,-1.49358,1.87973,0.0430345
16.5901,2.18519,1.86279,2.65596,2.16105,1.8039,2.66649,2.28304,1.94621,2,2.44859,1.95545,2.0824,-1.49023,1.74815,0,-1.51246,1.71874,0.0024508,-1.55697,1.82643,0,-1.51035,1.86802,0.0422229
16.6001,2.17016,1.88028,2.65596,2.14585,1.82102,2.66652,2.26733,1.96448,2,2.4334,1.97407,2.08282,-1.50423,1.73613,1.46196e-18,-1.52648,1.7062,0.00233168,-1.57159,1.81387,0,-1.52697,1.85609,0.0413884
16.6101,2.15506,1.89757,2.65596,2.13052,1.83802,2.66654,2.25156,1.98254,2,2.41805,1.99257,2.08322,-1.51805,1.72405,-1.46196e-18,-1.5403,1.69355,0.00218977,-1.58603,1.80125,0,-1.54338,1.84394,0.0405176
16.6201,2.13996,1.91458,2.65596,2.11505,1.85489,2.66656,2.23579,2.00031,2,2.40253,2.01095,2.08363,-1.53166,1.71197,-2.92392e-18,-1.55395,1.68082,0.00208048,-1.60025,1.78863,0,-1.55959,1.83161,0.0396683
16.6301,2.12454,1.93168,2.65596,2.09944,1.87164,2.66658,2.21968,2.01818,2,2.38686,2.0292,2.08402,-1.54534,1.69963,-1.46196e-18,-1.56749,1.66798,0.00202986,-1.61454,1.77574,0,-1.57564,1.81905,0.0388685
16.6402,2.10863,1.94903,2.65596,2.0837,1.88825,2.6666,2.20305,2.03631,2,2.37102,2.04733,2.0844,-1.55922,1.68691,0,-1.58096,1.6552,0.00201855,-1.62905,1.76244,0,-1.59157,1.80643,0.0381009
16.6501,2.09294,1.96587,2.65596,2.06782,1.90474,2.66662,2.18666,2.0539,2,2.35503,2.06533,2.08478,-1.5727,1.67435,-1.46196e-18,-1.59431,1.64237,0.00201107,-1.64312,1.74933,0,-1.60734,1.79364,0.0373317
16.6601,2.07681,1.98291,2.65596,2.05181,1.9211,2.66664,2.1698,2.0717,2,2.33888,2.0832,2.08515,-1.58633,1.66144,1.46196e-18,-1.60756,1.6294,0.00198091,-1.65736,1.73584,0,-1.62295,1.78061,0.0365365
16.6701,2.06151,1.99881,2.65596,2.03567,1.93733,2.66666,2.15382,2.08832,2,2.32257,2.10094,2.08551,-1.59905,1.6492,1.46196e-18,-1.62073,1.61639,0.00193951,-1.67065,1.72305,0,-1.63841,1.76741,0.0357287
16.6801,2.04543,2.01526,2.65596,2.0194,1.95343,2.66668,2.13702,2.1055,2,2.30611,2.11855,2.08586,-1.61221,1.63634,0,-1.6339,1.60331,0.00186743,-1.6844,1.70962,0,-1.6538,1.75402,0.0348903
16.6901,2.02939,2.03141,2.65596,2.00299,1.96939,2.6667,2.12026,2.12238,2,2.28949,2.13602,2.08621,-1.62513,1.62351,1.46196e-18,-1.64686,1.59013,0.00183413,-1.6979,1.69621,0,-1.66892,1.74043,0.0340889
16.7002,2.01253,2.04811,2.65596,1.98646,1.98523,2.66672,2.10265,2.13982,2,2.27273,2.15336,2.08655,-1.63849,1.61003,1.46196e-18,-1.65987,1.57704,0.00180361,-1.71186,1.68212,0,-1.68402,1.7268,0.033286
16.7101,1.99658,2.06367,2.65596,1.96979,2.00093,2.66674,2.08599,2.15608,2,2.25581,2.17056,2.08687,-1.65093,1.59726,0,-1.67286,1.56394,0.00176044,-1.72486,1.66879,0,-1.69903,1.71304,0.0324678
16.7201,1.97957,2.07999,2.65596,1.953,2.01651,2.66675,2.06821,2.17313,2,2.23875,2.18762,2.0872,-1.66399,1.58365,-1.46196e-18,-1.68576,1.55082,0.00169031,-1.73851,1.65457,0,-1.71387,1.69916,0.0316227
16.7301,1.96314,2.0955,2.65596,1.93608,2.03195,2.66677,2.05105,2.18934,2,2.22154,2.20454,2.08751,-1.6764,1.57051,-1.46196e-18,-1.69862,1.53765,0.00159441,-1.75147,1.64084,0,-1.72861,1.68511,0.0307479
16.7401,1.94652,2.11095,2.65596,1.91903,2.04726,2.66679,2.03368,2.20548,2,2.20418,2.22132,2.08781,-1.68876,1.55721,0,-1.71145,1.52447,0.00151097,-1.76438,1.62694,0,-1.74326,1.67095,0.0298806
16.7501,1.92947,2.12655,2.65596,1.90185,2.06244,2.6668,2.01587,2.22177,2,2.18667,2.23796,2.0881,-1.70124,1.54357,0,-1.72426,1.51128,0.0013893,-1.77742,1.61269,0,-1.75782,1.65666,0.0289703
16.7601,1.91257,2.14176,2.65596,1.88454,2.07749,2.66681,1.99821,2.23767,2,2.16902,2.25445,2.08839,-1.71341,1.53005,-2.92392e-18,-1.73697,1.49798,0.00130891,-1.79014,1.59857,0,-1.77221,1.64217,0.0280938
16.7703,1.89481,2.15748,2.65596,1.86711,2.0924,2.66683,1.97966,2.2541,2,2.15123,2.2708,2.08867,-1.72599,1.51585,0,-1.74967,1.48458,0.00123201,-1.80328,1.58373,0,-1.78654,1.62749,0.0272134
16.7801,1.87801,2.17213,2.65596,1.84955,2.10718,2.66684,1.96211,2.26939,2,2.13329,2.287,2.08893,-1.7377,1.50241,-1.46196e-18,-1.76238,1.47113,0.00109271,-1.81551,1.56969,0,-1.80081,1.61266,0.0262637
16.7901,1.86021,2.18739,2.65596,1.83186,2.12182,2.66685,1.94351,2.28534,2,2.11521,2.30306,2.08919,-1.74991,1.48817,-1.46196e-18,-1.77487,1.45771,0.00098866,-1.82827,1.5548,0,-1.8148,1.59778,0.0253431
16.8001,1.84285,2.20203,2.65596,1.81405,2.13633,2.66686,1.92537,2.30064,2,2.097,2.31896,2.08944,-1.76163,1.47428,0,-1.78706,1.4444,0.000974287,-1.84051,1.5403,0,-1.82844,1.58291,0.0245033
16.8101,1.82512,2.21675,2.65596,1.79612,2.15071,2.66687,1.90685,2.31602,2,2.07864,2.33471,2.08968,-1.7734,1.4601,-1.46196e-18,-1.79917,1.43103,0.000982767,-1.85281,1.52548,0,-1.84195,1.56789,0.0236784
16.8201,1.80731,2.2313,2.65596,1.77807,2.16495,2.66688,1.88824,2.33121,2,2.06016,2.35032,2.08991,-1.78504,1.44585,1.46196e-18,-1.81106,1.41757,0.00100894,-1.86497,1.51059,0,-1.85517,1.55274,0.0228714
16.8304,1.78905,2.24596,2.65596,1.76172,2.17766,2.66689,1.86917,2.34653,2,2.04341,2.36423,2.09012,-1.79677,1.43124,0,-1.82173,1.40549,0.00101622,-1.87723,1.49533,0,-1.86698,1.53909,0.0221308
16.8401,1.77149,2.25984,2.65596,1.74528,2.19025,2.6669,1.85082,2.36103,2,2.02655,2.37802,2.09031,-1.80787,1.41719,0,-1.8323,1.39337,0.000981942,-1.88883,1.48065,0,-1.87865,1.52536,0.0213519
16.8501,1.75282,2.27435,2.65596,1.7269,2.20412,2.6669,1.83131,2.37619,2,2.0077,2.3932,2.09052,-1.81948,1.40226,-1.46196e-18,-1.84402,1.37984,0.0008808,-1.90096,1.46505,0,-1.89151,1.50998,0.0204379
16.8601,1.73465,2.28824,2.65596,1.7084,2.21785,2.66691,1.81233,2.3907,2,1.98872,2.40822,2.09072,-1.83059,1.38772,0,-1.85581,1.36627,0.000760669,-1.91256,1.44986,0,-1.90434,1.49453,0.0195297
16.8701,1.71643,2.30194,2.65596,1.68978,2.23144,2.66692,1.79329,2.40502,2,1.96961,2.42309,2.09091,-1.84155,1.37315,0,-1.86772,1.35251,0.00061604,-1.92401,1.43463,0,-1.91717,1.47883,0.0186222
16.8801,1.69863,2.31511,2.65596,1.67105,2.2449,2.66693,1.77469,2.41878,2,1.95038,2.4378,2.09109,-1.85209,1.3589,-1.46196e-18,-1.87963,1.33864,0.000434126,-1.93502,1.41975,0,-1.92992,1.463,0.017698
16.8901,1.67965,2.32891,2.65596,1.65219,2.25821,2.66693,1.75487,2.4332,2,1.93102,2.45235,2.09127,-1.86313,1.34372,-1.46196e-18,-1.89147,1.32466,0.000227154,-1.94656,1.40389,0,-1.94252,1.44702,0.0167642
16.9001,1.66112,2.34216,2.65596,1.63322,2.27139,2.66693,1.7355,2.44704,2,1.91153,2.46674,2.09143,-1.87373,1.3289,0,-1.90322,1.31044,-2.12842e-05,-1.95764,1.3884,0,-1.95497,1.43079,0.0157992
16.9101,1.64196,2.35563,2.65596,1.61413,2.28442,2.66693,1.71549,2.46112,2,1.89192,2.48096,2.09158,-1.88451,1.31357,0,-1.91463,1.29616,-0.000216614,-1.9689,1.37239,0,-1.96704,1.41448,0.0148989
16.9202,1.62273,2.36892,2.65596,1.59492,2.29731,2.66692,1.69539,2.475,2,1.87219,2.49502,2.09173,-1.89514,1.29818,0,-1.92608,1.28169,-0.00049915,-1.98,1.35632,0,-1.97908,1.39798,0.0139254
16.9301,1.60426,2.38147,2.65596,1.57561,2.31006,2.66692,1.6761,2.48811,2,1.85234,2.50892,2.09186,-1.90517,1.28341,0,-1.93756,1.26697,-0.000860598,-1.99049,1.34088,0,-1.9911,1.38123,0.0128892
16.9401,1.58478,2.39447,2.65596,1.55617,2.32265,2.66691,1.65575,2.5017,2,1.83237,2.52265,2.09198,-1.91558,1.26783,1.46196e-18,-1.94883,1.25209,-0.00121045,-2.00136,1.3246,0,-2.00286,1.36433,0.0118819
16.9501,1.56593,2.40685,2.65596,1.53663,2.3351,2.66689,1.63605,2.51462,2,1.81228,2.53621,2.0921,-1.92548,1.25274,1.46196e-18,-1.96002,1.23709,-0.00162919,-2.0117,1.30884,0,-2.01448,1.34731,0.0108159
16.9601,1.54661,2.41931,2.65596,1.51697,2.34739,2.66687,1.61587,2.52764,2,1.79208,2.54959,2.0922,-1.93545,1.23729,-1.46196e-18,-1.97123,1.22207,-0.00212877,-2.02211,1.29269,0,-2.02611,1.33029,0.00967823
16.9701,1.52724,2.43158,2.65596,1.49721,2.35954,2.66685,1.59563,2.54047,2,1.77176,2.56281,2.09229,-1.94527,1.22179,-1.46196e-18,-1.98229,1.20702,-0.0026653,-2.03237,1.2765,0,-2.03755,1.31326,0.00851392
16.9801,1.50786,2.44364,2.65596,1.47733,2.37153,2.66682,1.57538,2.55307,2,1.75133,2.57586,2.09237,-1.95492,1.20629,0,-1.99329,1.19181,-0.00323141,-2.04246,1.26031,0,-2.04892,1.29609,0.00732395
16.9901,1.48834,2.45559,2.65596,1.45734,2.38337,2.66679,1.55499,2.56555,2,1.73078,2.58873,2.09244,-1.96447,1.19067,0,-2.00418,1.17643,-0.0037908,-2.05244,1.24399,0,-2.06018,1.27878,0.00614406
17.0001,1.46813,2.46772,2.65596,1.43724,2.39506,2.66675,1.53387,2.57822,2,1.71012,2.60143,2.09249,-1.97417,1.17451,0,-2.01491,1.16099,-0.00430699,-2.06258,1.2271,0,-2.07127,1.26144,0.00500974
17.0101,1.44871,2.47917,2.65596,1.41704,2.40659,2.6667,1.51358,2.59019,2,1.68936,2.61396,2.09254,-1.98334,1.15897,-1.46196e-18,-2.0254,1.14555,-0.00475064,-2.07215,1.21086,0,-2.08214,1.24415,0.00394564
17.0201,1.42874,2.49073,2.65596,1.39674,2.41797,2.66665,1.49272,2.60227,2,1.66848,2.62632,2.09257,-1.99259,1.14299,0,-2.03578,1.13001,-0.00520086,-2.08181,1.19418,0,-2.09291,1.22678,0.00287325
17.03,1.40901,2.50195,2.65596,1.37633,2.42919,2.6666,1.47211,2.61398,2,1.6475,2.6385,2.0926,-2.00156,1.12721,0,-2.04603,1.11432,-0.00569122,-2.09119,1.17769,0,-2.10358,1.20931,0.0017611
17.0402,1.38877,2.51324,2.65596,1.35582,2.44026,2.66654,1.45096,2.62578,2,1.62641,2.6505,2.09261,-2.01059,1.11102,0,-2.05616,1.09852,-0.00618567,-2.10062,1.16077,0,-2.11414,1.19179,0.000644686
17.0501,1.36884,2.52415,2.65596,1.33521,2.45116,2.66647,1.43014,2.63718,2,1.60522,2.66233,2.09261,-2.01932,1.09507,0,-2.06607,1.08257,-0.00668366,-2.10974,1.14411,0,-2.12452,1.17417,-0.000479169
17.0601,1.3486,2.53502,2.65596,1.3145,2.46191,2.6664,1.40899,2.64854,2,1.58392,2.67399,2.0926,-2.02802,1.07888,-1.46196e-18,-2.07555,1.06658,-0.00709524,-2.11883,1.12719,0,-2.13451,1.15656,-0.00152335
17.0701,1.32828,2.54573,2.65596,1.2937,2.4725,2.66633,1.38776,2.65972,2,1.56253,2.68547,2.09258,-2.03658,1.06262,0,-2.08469,1.05066,-0.00737824,-2.12778,1.11021,0,-2.1442,1.13907,-0.00244652
17.0801,1.3078,2.55631,2.65596,1.2749,2.48189,2.66626,1.36636,2.67078,2,1.54319,2.69565,2.09255,-2.04505,1.04624,0,-2.09275,1.03628,-0.00761891,-2.13662,1.09309,0,-2.1528,1.12333,-0.00326791
17.0902,1.28721,2.56674,2.65596,1.25393,2.49217,2.66619,1.34485,2.68168,2,1.52162,2.70679,2.09252,-2.05339,1.02976,1.46196e-18,-2.10145,1.02022,-0.00791632,-2.14534,1.07588,0,-2.16213,1.10581,-0.00420997
17.1001,1.26691,2.57682,2.65596,1.23287,2.50229,2.66611,1.32364,2.6922,2,1.49995,2.71776,2.09247,-2.06145,1.01353,0,-2.10995,1.00403,-0.00822289,-2.15376,1.05891,0,-2.17129,1.08824,-0.00515099
17.1101,1.2463,2.58685,2.65596,1.21173,2.51225,2.66602,1.30211,2.70269,2,1.47819,2.72856,2.09241,-2.06948,0.997039,-1.46196e-18,-2.11821,0.987689,-0.00849939,-2.16215,1.04169,0,-2.18022,1.07057,-0.00604806
17.1201,1.22553,2.59675,2.65596,1.1905,2.52204,2.66594,1.28041,2.71303,2,1.45634,2.73917,2.09235,-2.0774,0.980424,0,-2.12636,0.971069,-0.00881733,-2.17043,1.02433,0,-2.18906,1.0527,-0.00697632
17.1301,1.20454,2.60655,2.65596,1.1692,2.53167,2.66585,1.25848,2.72327,2,1.43441,2.74961,2.09227,-2.08524,0.963635,0,-2.13418,0.954354,-0.00908915,-2.17862,1.00679,0,-2.19759,1.03478,-0.00784989
17.1401,1.18341,2.61622,2.65596,1.14782,2.54113,2.66575,1.2364,2.73337,2,1.41239,2.75987,2.09219,-2.09297,0.946729,1.46196e-18,-2.14182,0.937721,-0.00931166,-2.1867,0.989123,0,-2.20597,1.01701,-0.00866758
17.1501,1.16267,2.6255,2.65596,1.12637,2.55042,2.66566,1.21473,2.74307,2,1.39029,2.76995,2.0921,-2.1004,0.930135,0,-2.14927,0.921095,-0.00950801,-2.19445,0.971786,0,-2.21419,0.999284,-0.00945165
17.1601,1.14158,2.63474,2.65596,1.10484,2.55955,2.66556,1.1927,2.75272,2,1.36811,2.77985,2.092,-2.10779,0.913264,0,-2.15647,0.904314,-0.00968996,-2.20218,0.954159,0,-2.22216,0.981464,-0.0102092
17.1701,1.12075,2.64366,2.65596,1.08324,2.56851,2.66547,1.17094,2.76205,2,1.34585,2.78958,2.0919,-2.11493,0.896603,0,-2.16346,0.887378,-0.00987179,-2.20964,0.936752,0,-2.22994,0.963551,-0.0109534
17.1801,1.09964,2.65251,2.65596,1.06157,2.5773,2.66537,1.14889,2.77129,2,1.32351,2.79913,2.09178,-2.12201,0.879716,0,-2.17021,0.87036,-0.010056,-2.21703,0.919109,0,-2.23751,0.945616,-0.0116856
17.19,1.07843,2.66121,2.65596,1.03983,2.58592,2.66526,1.12672,2.78038,2,1.3011,2.80849,2.09166,-2.12897,0.862743,0,-2.17674,0.853416,-0.0101856,-2.2243,0.901376,0,-2.24486,0.927812,-0.0123486
17.2001,1.05672,2.66991,2.65596,1.01803,2.59437,2.66516,1.10403,2.78946,2,1.27862,2.81768,2.09154,-2.13593,0.845373,0,-2.18316,0.836342,-0.0103699,-2.23157,0.883228,0,-2.25213,0.909928,-0.0130522
17.2101,1.03499,2.6784,2.65596,0.996171,2.60264,2.66506,1.08134,2.79834,2,1.25606,2.82669,2.0914,-2.14272,0.827993,0,-2.18941,0.819105,-0.0105542,-2.23867,0.86507,0,-2.25923,0.891941,-0.0137366
17.2201,1.01424,2.68633,2.65596,0.974246,2.61075,2.66495,1.05966,2.80662,2,1.23343,2.83552,2.09126,-2.14906,0.811393,-7.3098e-19,-2.19548,0.80176,-0.0107267,-2.2453,0.847727,0,-2.26615,0.873905,-0.0143868
17.2301,0.992286,2.69452,2.65596,0.952262,2.61868,2.66484,1.03672,2.81518,2,1.21074,2.84417,2.09111,-2.15561,0.793829,7.3098e-19,-2.20129,0.784387,-0.0108648,-2.25214,0.829376,0,-2.2728,0.855892,-0.0149796
17.2401,0.970888,2.7023,2.65596,0.930221,2.62644,2.66473,1.01436,2.82331,2,1.18798,2.85264,2.09096,-2.16184,0.776711,-1.46196e-18,-2.20682,0.76694,-0.0109349,-2.25865,0.811491,0,-2.27918,0.837855,-0.0154823
17.2501,0.94924,2.70998,2.65596,0.908127,2.63402,2.66462,0.991746,2.83133,2,1.16515,2.86093,2.09081,-2.16798,0.759392,0,-2.21205,0.749319,-0.0109706,-2.26507,0.793397,0,-2.28524,0.819699,-0.0159245
17.2601,0.927746,2.71741,2.65596,0.885981,2.64142,2.66451,0.96929,2.8391,2,1.14227,2.86903,2.09064,-2.17393,0.742197,7.3098e-19,-2.21702,0.731757,-0.0109643,-2.27128,0.775432,0,-2.29103,0.801654,-0.0162938
17.2701,0.905954,2.72476,2.65596,0.863787,2.64865,2.66441,0.946522,2.84677,2,1.11933,2.87696,2.09048,-2.17981,0.724763,0,-2.22176,0.714168,-0.0109399,-2.27742,0.757218,0,-2.29656,0.783634,-0.0166104
17.2801,0.883692,2.73206,2.65596,0.841547,2.65571,2.6643,0.923263,2.8544,2,1.09634,2.8847,2.09031,-2.18565,0.706954,0,-2.22617,0.696476,-0.0109138,-2.28352,0.738611,0,-2.30172,0.765563,-0.016886
17.2901,0.862233,2.73891,2.65596,0.819264,2.66258,2.66419,0.900844,2.86155,2,1.0733,2.89227,2.09014,-2.19112,0.689787,0,-2.23053,0.67866,-0.0109247,-2.28924,0.720675,0,-2.30679,0.747425,-0.0171555
17.3001,0.839794,2.74587,2.65596,0.796937,2.66928,2.66408,0.8774,2.86883,2,1.05021,2.89965,2.08997,-2.1967,0.671835,7.3098e-19,-2.23469,0.660885,-0.0109025,-2.29506,0.70192,0,-2.31159,0.729386,-0.0173406
17.3101,0.817932,2.75246,2.65596,0.77457,2.6758,2.66397,0.854559,2.87571,2,1.02707,2.90686,2.0898,-2.20197,0.654346,0,-2.23863,0.642988,-0.0108975,-2.30057,0.683647,0,-2.31611,0.711275,-0.0174911
17.3201,0.795939,2.7589,2.65596,0.752165,2.68214,2.66386,0.831581,2.88244,2,1.00389,2.91388,2.08962,-2.20712,0.636751,0,-2.24241,0.624919,-0.0108852,-2.30595,0.665265,0,-2.3204,0.69304,-0.0175833
17.3301,0.773973,2.76514,2.65596,0.729722,2.6883,2.66375,0.808631,2.88896,2,0.980661,2.92072,2.08944,-2.21211,0.619179,0,-2.2462,0.606746,-0.0108773,-2.31117,0.646905,0,-2.32463,0.674753,-0.0176233
17.3401,0.751919,2.77122,2.65596,0.707241,2.69427,2.66364,0.78559,2.89531,2,0.957394,2.92737,2.08927,-2.21698,0.601536,0,-2.25012,0.588545,-0.0109346,-2.31625,0.628472,0,-2.32889,0.656484,-0.0176685
17.3501,0.729509,2.7772,2.65596,0.68472,2.70007,2.66353,0.762176,2.90157,2,0.934084,2.93385,2.08909,-2.22176,0.583607,0,-2.25402,0.570253,-0.0110846,-2.32125,0.609741,0,-2.33304,0.638164,-0.0177491
17.3601,0.707594,2.78287,2.65596,0.662161,2.70568,2.66342,0.739279,2.90748,2,0.910733,2.94014,2.08891,-2.2263,0.566075,-7.3098e-19,-2.25777,0.551886,-0.0112483,-2.32599,0.591423,0,-2.33695,0.619801,-0.0177923
17.3701,0.685007,2.78851,2.65596,0.639565,2.71111,2.66331,0.715682,2.91338,2,0.887345,2.94624,2.08873,-2.23081,0.548006,0,-2.26139,0.533664,-0.01135,-2.33071,0.572545,0,-2.34065,0.601612,-0.017724
17.3805,0.661532,2.79418,2.65596,0.619198,2.71583,2.6632,0.691155,2.9193,2,0.866265,2.95158,2.08858,-2.23534,0.529226,-7.3098e-19,-2.26455,0.517281,-0.0114343,-2.33544,0.552924,0,-2.34381,0.585279,-0.0176131
17.3903,0.639955,2.7992,2.65596,0.591998,2.72191,2.66307,0.668611,2.92454,2,0.84281,2.95735,2.0884,-2.23936,0.511964,0,-2.26876,0.495427,-0.0116602,-2.33964,0.534889,0,-2.34724,0.567159,-0.017535
17.4006,0.616637,2.80443,2.65596,0.569295,2.72678,2.66295,0.644249,2.93001,2,0.814621,2.96402,2.08819,-2.24354,0.493309,-7.3098e-19,-2.27187,0.477348,-0.012312,-2.34401,0.5154,0,-2.35076,0.545574,-0.0178218
17.4101,0.59563,2.80896,2.65596,0.55111,2.73054,2.66285,0.622302,2.93475,2,0.795807,2.96833,2.08805,-2.24717,0.476504,0,-2.27421,0.462812,-0.0128091,-2.3478,0.497842,0,-2.35287,0.531163,-0.0180193
17.4201,0.572348,2.8138,2.65596,0.528354,2.73507,2.66272,0.597978,2.9398,2,0.772266,2.97355,2.08786,-2.25104,0.457879,0,-2.277,0.444705,-0.0133401,-2.35184,0.478382,0,-2.35532,0.513234,-0.0181404
17.4302,0.549965,2.81826,2.65596,0.50557,2.73943,2.66258,0.574592,2.94446,2,0.748701,2.97859,2.08768,-2.25461,0.439972,0,-2.27986,0.426486,-0.0138039,-2.35557,0.459674,0,-2.3577,0.495218,-0.0181312
17.4403,0.527408,2.82257,2.65596,0.482757,2.7436,2.66244,0.551025,2.94896,2,0.725112,2.98346,2.0875,-2.25805,0.421926,7.3098e-19,-2.28275,0.408222,-0.0142376,-2.35917,0.44082,0,-2.35998,0.477189,-0.0180217
17.4501,0.50507,2.82665,2.65596,0.459915,2.74759,2.6623,0.527686,2.95323,2,0.701502,2.98814,2.08732,-2.26132,0.404056,0,-2.2856,0.389784,-0.0145938,-2.36258,0.422149,0,-2.3621,0.45901,-0.0177732
17.4602,0.482619,2.83057,2.65596,0.437046,2.7514,2.66215,0.50423,2.95732,2,0.677871,2.99264,2.08715,-2.26446,0.386095,0,-2.28833,0.371299,-0.0148757,-2.36586,0.403384,0,-2.36398,0.440801,-0.0173976
17.4704,0.459004,2.8345,2.65596,0.414149,2.75502,2.662,0.479558,2.96142,2,0.654222,2.99695,2.08698,-2.2676,0.367204,0,-2.29105,0.352749,-0.0151263,-2.36914,0.383647,0,-2.36573,0.422544,-0.0169404
17.4802,0.436736,2.83801,2.65596,0.391225,2.75845,2.66185,0.456292,2.9651,2,0.630557,3.00109,2.08681,-2.27041,0.349389,0,-2.29369,0.334117,-0.0153334,-2.37208,0.365034,0,-2.3673,0.404218,-0.016392
17.4901,0.414565,2.84134,2.65596,0.368276,2.7617,2.66169,0.433129,2.96857,2,0.606877,3.00504,2.08665,-2.27307,0.331652,-3.6549e-19,-2.29621,0.315412,-0.0155508,-2.37485,0.346503,0,-2.36864,0.385832,-0.0158059
17.5003,0.391504,2.8446,2.65596,0.345301,2.76476,2.66153,0.409035,2.97198,2,0.583185,3.0088,2.08649,-2.27568,0.313203,0,-2.29864,0.296613,-0.0157728,-2.37759,0.327228,0,-2.36978,0.367361,-0.0151806
17.5103,0.368616,2.84766,2.65596,0.322303,2.76763,2.66138,0.385123,2.97518,2,0.559482,3.01238,2.08634,-2.27813,0.294893,-3.6549e-19,-2.30106,0.27776,-0.0159483,-2.38014,0.308098,0,-2.37083,0.348842,-0.0144724
17.5202,0.345906,2.85051,2.65596,0.29928,2.77032,2.66122,0.361396,2.97815,2,0.535769,3.01578,2.0862,-2.28041,0.276725,-3.6549e-19,-2.30354,0.258751,-0.0161803,-2.38252,0.289117,0,-2.37185,0.330171,-0.0137863
17.5302,0.323212,2.85317,2.65596,0.276232,2.77281,2.66105,0.337685,2.98093,2,0.512045,3.01899,2.08607,-2.28254,0.258569,-3.6549e-19,-2.3061,0.239604,-0.0164638,-2.38475,0.270148,0,-2.37285,0.311363,-0.0131193
17.5401,0.299497,2.85576,2.65596,0.253159,2.77511,2.66089,0.312908,2.98364,2,0.488312,3.02201,2.08594,-2.28461,0.239598,0,-2.30849,0.220424,-0.0167344,-2.38691,0.250327,0,-2.37363,0.292513,-0.0124168
17.5501,0.277403,2.85799,2.65596,0.230062,2.77722,2.66072,0.289824,2.98597,2,0.464573,3.02484,2.08582,-2.28639,0.221922,3.6549e-19,-2.31082,0.201161,-0.0170542,-2.38877,0.23186,0,-2.37427,0.273562,-0.0117513
17.5602,0.254521,2.86012,2.65596,0.206942,2.77913,2.66054,0.265918,2.98819,2,0.440827,3.02748,2.08571,-2.28809,0.203617,3.6549e-19,-2.31321,0.181773,-0.0174941,-2.39055,0.212734,0,-2.37492,0.254463,-0.0111967
17.5701,0.231978,2.86203,2.65596,0.183798,2.78085,2.66037,0.242366,2.99019,2,0.417075,3.02993,2.0856,-2.28963,0.185583,0,-2.31552,0.162254,-0.0180275,-2.39215,0.193893,0,-2.37543,0.235206,-0.0107314
17.5801,0.208539,2.86384,2.65596,0.160632,2.78238,2.66018,0.217877,2.99208,2,0.393319,3.03218,2.08549,-2.29107,0.166831,0,-2.31767,0.142676,-0.0185523,-2.39366,0.174302,0,-2.37577,0.215853,-0.0102651
17.5901,0.185573,2.86542,2.65596,0.137446,2.7837,2.66,0.193883,2.99373,2,0.369561,3.03424,2.08539,-2.29233,0.148458,0,-2.31946,0.123169,-0.0189906,-2.39498,0.155106,0,-2.3757,0.196522,-0.00972896
17.6001,0.163265,2.86677,2.65596,0.114244,2.78484,2.6598,0.170576,2.99515,2,0.345806,3.03611,2.0853,-2.29342,0.130612,0,-2.32087,0.103764,-0.0193269,-2.39612,0.136461,0,-2.37526,0.177242,-0.0091105
17.6101,0.140383,2.86799,2.65596,0.0956734,2.78561,2.65965,0.146669,2.99641,2,0.326806,3.03747,2.08523,-2.29439,0.112306,0,-2.32181,0.0883015,-0.0195201,-2.39713,0.117335,0,-2.37469,0.161842,-0.00855478
17.6201,0.117522,2.86901,2.65596,0.0724498,2.78639,2.65945,0.122784,2.99749,2,0.303063,3.03899,2.08514,-2.29521,0.0940175,0,-2.32284,0.0689116,-0.0198505,-2.39799,0.0982276,0,-2.37383,0.142489,-0.00796686
17.6301,0.0943431,2.86987,2.65596,0.0492174,2.78699,2.65925,0.0985678,2.99838,2,0.27933,3.04032,2.08507,-2.2959,0.0754745,9.13725e-20,-2.32362,0.0495833,-0.0201505,-2.3987,0.0788542,0,-2.37269,0.12317,-0.00734985
17.6401,0.0715077,2.87053,2.65596,0.0259777,2.78738,2.65905,0.0747098,2.99907,2,0.25561,3.04145,2.085,-2.29642,0.0572062,0,-2.32432,0.0301621,-0.0204507,-2.39926,0.0597678,0,-2.37141,0.103722,-0.00673279
17.6501,0.0475137,2.87103,2.65596,0.00273116,2.78759,2.65884,0.0496413,2.99959,2,0.231902,3.04239,2.08493,-2.29682,0.0380109,0,-2.32496,0.0107434,-0.020714,-2.39967,0.0397131,0,-2.37004,0.084226,-0.00609219
17.6601,0.0252558,2.87131,2.65596,-0.0205217,2.7876,2.65864,0.0263868,2.99988,2,0.208209,3.04314,2.08487,-2.29705,0.0202047,0,-2.32563,-0.00865477,-0.0209528,-2.39991,0.0211094,0,-2.36868,0.0647005,-0.00544402
17.6701,0.00271385,2.87142,2.65596,-0.0437812,2.78742,2.65842,0.00283538,3,2,0.184529,3.04369,2.08482,-2.29713,0.00217108,2.85539e-21,-2.32625,-0.0279077,-0.021152,-2.4,0.0022683,0,-2.36724,0.0452654,-0.00477649
17.6801,-0.0204428,2.87135,2.65596,-0.0670462,2.78704,2.65821,-0.0213582,2.99992,2,0.160864,3.04404,2.08478,-2.29708,-0.0163542,0,-2.3267,-0.0470873,-0.0213148,-2.39994,-0.0170865,0,-2.36563,0.0258421,-0.00410203
17.69,-0.0431973,2.87109,2.65596,-0.0903144,2.78647,2.658,-0.0451317,2.99966,2,0.137217,3.0442,2.08474,-2.29688,-0.0345579,0,-2.32693,-0.0662514,-0.0214368,-2.39973,-0.0361053,0,-2.36381,0.00637077,-0.00342585
17.7001,-0.0668662,2.87064,2.65596,-0.10893,2.78588,2.65783,-0.0698604,2.99919,2,0.118313,3.04419,2.08472,-2.29651,-0.0534929,0,-2.32705,-0.0816299,-0.0215372,-2.39935,-0.0558883,0,-2.36231,-0.00929997,-0.00291854
17.7101,-0.0894851,2.87002,2.65596,-0.132201,2.78497,2.65761,-0.0934922,2.99854,2,0.0946992,3.044,2.08469,-2.29602,-0.0715881,-9.13725e-20,-2.32713,-0.100821,-0.0217641,-2.39883,-0.0747937,0,-2.36039,-0.0289133,-0.00242451
17.7201,-0.112016,2.86923,2.65596,-0.155473,2.78387,2.65739,-0.117032,2.99772,2,0.071105,3.04361,2.08467,-2.29539,-0.0896124,0,-2.3272,-0.120039,-0.022027,-2.39817,-0.0936252,0,-2.35845,-0.0486059,-0.00199288
17.7301,-0.135124,2.86824,2.65596,-0.178746,2.78257,2.65717,-0.141175,2.99668,2,0.0475298,3.04303,2.08465,-2.29459,-0.1081,1.82745e-19,-2.32739,-0.139382,-0.0222951,-2.39734,-0.11294,0,-2.35662,-0.0684805,-0.00159204
17.7401,-0.158018,2.86707,2.65596,-0.202021,2.78108,2.65695,-0.165094,2.99545,2,0.0239724,3.04224,2.08464,-2.29365,-0.126414,1.82745e-19,-2.32764,-0.158775,-0.0225391,-2.39636,-0.132075,0,-2.35486,-0.0884812,-0.00121261
17.7501,-0.180867,2.86572,2.65596,-0.225298,2.77939,2.65672,-0.188966,2.99404,2,0.000432484,3.04126,2.08463,-2.29257,-0.144693,0,-2.32788,-0.178253,-0.022798,-2.39523,-0.151173,0,-2.35313,-0.108652,-0.000905412
17.7601,-0.203852,2.86417,2.65596,-0.248578,2.77751,2.65649,-0.212981,2.99243,2,-0.0230902,3.04007,2.08462,-2.29134,-0.163082,-1.82745e-19,-2.32808,-0.197894,-0.023116,-2.39394,-0.170385,0,-2.35141,-0.129075,-0.000722142
17.7701,-0.226672,2.86246,2.65596,-0.271859,2.77544,2.65626,-0.236822,2.99064,2,-0.0465953,3.03868,2.08461,-2.28997,-0.181338,0,-2.32813,-0.217549,-0.0233573,-2.39251,-0.189458,0,-2.34961,-0.149611,-0.0005359
17.7801,-0.249648,2.86055,2.65596,-0.29514,2.77316,2.65602,-0.260827,2.98864,2,-0.0700823,3.03708,2.08461,-2.28844,-0.199719,0,-2.32804,-0.23716,-0.0235357,-2.39091,-0.208662,0,-2.34774,-0.170208,-0.000368814
17.7902,-0.272859,2.85843,2.65596,-0.316091,2.77095,2.65581,-0.285077,2.98642,2,-0.0912035,3.03546,2.0846,-2.28674,-0.218287,0,-2.32772,-0.254638,-0.0235938,-2.38914,-0.228062,0,-2.34587,-0.188669,-0.000192208
17.8001,-0.295836,2.85614,2.65596,-0.339366,2.76831,2.65557,-0.309083,2.98404,2,-0.114651,3.03347,2.0846,-2.28491,-0.236669,-3.6549e-19,-2.32704,-0.273888,-0.0235518,-2.38723,-0.247267,0,-2.34357,-0.209123,2.17524e-05
17.8101,-0.318929,2.85365,2.65596,-0.362632,2.76547,2.65534,-0.333211,2.98144,2,-0.138075,3.03128,2.0846,-2.28292,-0.255143,-3.6549e-19,-2.32619,-0.293009,-0.0234163,-2.38515,-0.266569,0,-2.34117,-0.229545,0.00024796
17.8201,-0.34151,2.85104,2.65596,-0.385889,2.76245,2.65511,-0.356803,2.97871,2,-0.161474,3.02888,2.08461,-2.28083,-0.273208,-3.6549e-19,-2.32525,-0.311982,-0.0232852,-2.38297,-0.285442,0,-2.33875,-0.249908,0.000393777
17.8301,-0.364055,2.84825,2.65596,-0.409136,2.75923,2.65487,-0.380357,2.97579,2,-0.184849,3.02628,2.08461,-2.2786,-0.291244,3.6549e-19,-2.32405,-0.330856,-0.0231018,-2.38063,-0.304286,0,-2.33616,-0.270261,0.000511141
17.8402,-0.38727,2.84518,2.65596,-0.432369,2.75583,2.65464,-0.404611,2.97259,2,-0.208197,3.02348,2.08462,-2.27615,-0.309816,0,-2.32265,-0.349688,-0.0228208,-2.37807,-0.323689,0,-2.33346,-0.29066,0.000641401
17.8501,-0.409599,2.84206,2.65596,-0.455588,2.75224,2.65442,-0.42794,2.96932,2,-0.231518,3.02047,2.08462,-2.27364,-0.327679,0,-2.321,-0.368363,-0.0224612,-2.37546,-0.342352,0,-2.33063,-0.310991,0.000759219
17.8603,-0.432722,2.83863,2.65596,-0.478789,2.74846,2.6542,-0.452099,2.96574,2,-0.25481,3.01726,2.08463,-2.2709,-0.346177,0,-2.3192,-0.386926,-0.0220733,-2.37259,-0.361679,0,-2.32776,-0.331293,0.000817735
17.8702,-0.455394,2.83508,2.65596,-0.501972,2.7445,2.65398,-0.475787,2.96203,2,-0.278073,3.01384,2.08464,-2.26806,-0.364316,0,-2.31729,-0.405443,-0.0216936,-2.36962,-0.380629,0,-2.32488,-0.351623,0.000781598
17.8801,-0.477963,2.83136,2.65596,-0.525135,2.74035,2.65376,-0.499366,2.95815,2,-0.301308,3.01022,2.08465,-2.26509,-0.382371,7.3098e-19,-2.31535,-0.424025,-0.0213837,-2.36652,-0.399493,0,-2.3221,-0.372087,0.000589219
17.8901,-0.500284,2.8275,2.65596,-0.548278,2.73602,2.65355,-0.522687,2.95412,2,-0.324515,3.0064,2.08465,-2.262,-0.400227,0,-2.31325,-0.442586,-0.0211088,-2.36329,-0.418149,0,-2.31928,-0.392596,0.000275336
17.9001,-0.523158,2.82336,2.65596,-0.571399,2.7315,2.65334,-0.546585,2.94979,2,-0.347693,3.00237,2.08465,-2.25869,-0.418527,7.3098e-19,-2.3109,-0.461053,-0.0208101,-2.35983,-0.437268,0,-2.31636,-0.413083,-0.000107452
17.9104,-0.546335,2.81897,2.65596,-0.594496,2.7268,2.65313,-0.5708,2.9452,2,-0.370843,2.99814,2.08465,-2.25517,-0.437068,0,-2.30863,-0.479482,-0.0205006,-2.35616,-0.45664,0,-2.31365,-0.433611,-0.000581358
17.9201,-0.568338,2.81461,2.65596,-0.617571,2.72191,2.65293,-0.593788,2.94065,2,-0.393966,2.9937,2.08464,-2.25169,-0.45467,0,-2.30634,-0.497861,-0.02019,-2.35252,-0.47503,0,-2.31108,-0.45416,-0.00115148
17.9301,-0.59067,2.81001,2.65596,-0.640622,2.71684,2.65273,-0.61712,2.93584,2,-0.417064,2.98906,2.08463,-2.24801,-0.472536,7.3098e-19,-2.30388,-0.516291,-0.0199239,-2.34867,-0.493696,0,-2.30847,-0.474819,-0.00185944
17.9401,-0.613279,2.80516,2.65596,-0.663648,2.71159,2.65253,-0.640741,2.93078,2,-0.440135,2.9842,2.0846,-2.24413,-0.490623,-7.3098e-19,-2.3011,-0.534549,-0.0195856,-2.34462,-0.512593,0,-2.30572,-0.495375,-0.00260155
17.9505,-0.636487,2.79999,2.65596,-0.686643,2.70615,2.65234,-0.664989,2.92537,2,-0.463178,2.97915,2.08457,-2.23999,-0.50919,0,-2.29797,-0.552611,-0.0191526,-2.3403,-0.531991,0,-2.3028,-0.515805,-0.00335798
17.9601,-0.658151,2.79498,2.65596,-0.709606,2.70054,2.65215,-0.687622,2.92013,2,-0.486191,2.97389,2.08454,-2.23598,-0.52652,-7.3098e-19,-2.29465,-0.570589,-0.0187076,-2.33611,-0.550098,0,-2.29986,-0.53621,-0.00420446
17.9701,-0.681225,2.78944,2.65596,-0.732535,2.69474,2.65196,-0.71173,2.91435,2,-0.509175,2.96842,2.08449,-2.23155,-0.54498,7.3098e-19,-2.29108,-0.58839,-0.0181944,-2.33148,-0.569384,0,-2.29685,-0.556484,-0.00507691
17.9804,-0.702956,2.78404,2.65596,-0.755428,2.68877,2.65178,-0.734434,2.90871,2,-0.532128,2.96276,2.08443,-2.22724,-0.562365,0,-2.2874,-0.605997,-0.0176146,-2.32697,-0.587547,0,-2.29389,-0.576601,-0.00597535
17.9901,-0.72473,2.77846,2.65596,-0.778283,2.68262,2.65161,-0.757183,2.90287,2,-0.555053,2.95689,2.08437,-2.22276,-0.579784,0,-2.28362,-0.623571,-0.0170195,-2.3223,-0.605746,0,-2.29102,-0.596719,-0.0069491
18.0001,-0.747194,2.7725,2.65596,-0.801099,2.6763,2.65144,-0.780653,2.89665,2,-0.577949,2.95082,2.0843,-2.218,-0.597755,0,-2.27969,-0.641039,-0.0163636,-2.31732,-0.624523,0,-2.28818,-0.616756,-0.00795059
18.0101,-0.76927,2.76646,2.65596,-0.823877,2.6698,2.65128,-0.803717,2.89034,2,-0.600817,2.94456,2.08421,-2.21316,-0.615416,0,-2.27579,-0.658482,-0.0157383,-2.31227,-0.642974,0,-2.28556,-0.63679,-0.00907345
18.0203,-0.792244,2.75996,2.65596,-0.846614,2.66313,2.65113,-0.82772,2.88355,2,-0.623659,2.93809,2.08411,-2.20797,-0.633795,0,-2.27153,-0.67583,-0.0150512,-2.30684,-0.662176,0,-2.28278,-0.656744,-0.0102213
18.0301,-0.813364,2.75381,2.65596,-0.869306,2.65628,2.65098,-0.849786,2.87713,2,-0.646472,2.93142,2.08401,-2.20305,-0.650691,7.3098e-19,-2.26688,-0.692956,-0.0142204,-2.3017,-0.679829,0,-2.27981,-0.676487,-0.0113123
18.0401,-0.835558,2.74716,2.65596,-0.89195,2.64927,2.65085,-0.872974,2.87018,2,-0.669255,2.92456,2.08389,-2.19773,-0.668447,-7.3098e-19,-2.26184,-0.710029,-0.0132924,-2.29614,-0.698379,0,-2.27666,-0.696185,-0.0123879
18.0502,-0.857764,2.74031,2.65596,-0.914541,2.64208,2.65072,-0.896174,2.86302,2,-0.692005,2.9175,2.08376,-2.19225,-0.686211,-7.3098e-19,-2.25638,-0.727019,-0.0123209,-2.29041,-0.716939,0,-2.27326,-0.715787,-0.0134905
18.0601,-0.879367,2.73345,2.65596,-0.937077,2.63473,2.6506,-0.918744,2.85586,2,-0.71472,2.91024,2.08362,-2.18676,-0.703493,-7.3098e-19,-2.25071,-0.743924,-0.0113157,-2.28468,-0.734995,0,-2.26984,-0.735283,-0.014621
18.0701,-0.901143,2.72635,2.65596,-0.959554,2.62721,2.65049,-0.941495,2.84844,2,-0.737401,2.90279,2.08347,-2.18108,-0.720914,-7.3098e-19,-2.24474,-0.760714,-0.0102519,-2.27875,-0.753196,0,-2.2663,-0.754631,-0.015743
18.0802,-0.923106,2.71899,2.65596,-0.981971,2.61952,2.65039,-0.964442,2.84075,2,-0.760046,2.89515,2.0833,-2.17519,-0.738485,0,-2.23852,-0.777409,-0.0091601,-2.2726,-0.771554,0,-2.26268,-0.773846,-0.016882
18.0901,-0.944421,2.71166,2.65596,-1.00432,2.61166,2.65031,-0.986712,2.83309,2,-0.782654,2.88732,2.08313,-2.16933,-0.755537,0,-2.23208,-0.794108,-0.00811283,-2.26647,-0.78937,0,-2.25899,-0.793023,-0.0181048
18.1001,-0.966159,2.70399,2.65596,-1.02661,2.60363,2.65023,-1.00942,2.82508,2,-0.805225,2.87929,2.08294,-2.1632,-0.772927,7.3098e-19,-2.22544,-0.810883,-0.00709245,-2.26006,-0.807539,0,-2.25527,-0.812221,-0.0193829
18.1107,-0.989002,2.69572,2.65596,-1.04883,2.59544,2.65017,-1.03329,2.81644,2,-0.82776,2.87107,2.08274,-2.15658,-0.791202,7.3098e-19,-2.21868,-0.82757,-0.00609756,-2.25315,-0.826631,0,-2.25157,-0.831272,-0.0207104
18.1203,-1.01036,2.68779,2.65596,-1.07098,2.58708,2.65011,-1.0556,2.80815,2,-0.850257,2.86267,2.08253,-2.15023,-0.808286,0,-2.21178,-0.844249,-0.00512582,-2.24652,-0.84448,0,-2.24787,-0.85026,-0.0220814
18.1301,-1.03085,2.68,2.65596,-1.09307,2.57856,2.65006,-1.07701,2.80001,2,-0.872717,2.85407,2.0823,-2.144,-0.824677,7.3098e-19,-2.20476,-0.860944,-0.00417237,-2.24001,-0.861606,0,-2.24419,-0.8692,-0.0234822
18.1401,-1.05209,2.67173,2.65596,-1.11508,2.56986,2.65003,-1.0992,2.79137,2,-0.895139,2.84528,2.08206,-2.13739,-0.841673,-1.46196e-18,-2.19721,-0.877436,-0.00312757,-2.2331,-0.879363,0,-2.24011,-0.887865,-0.0247956
18.1501,-1.07328,2.66329,2.65596,-1.13263,2.56279,2.65001,-1.12134,2.78255,2,-0.913046,2.83812,2.08186,-2.13063,-0.85862,0,-2.19101,-0.890661,-0.00232544,-2.22604,-0.897069,0,-2.23677,-0.90278,-0.0258841
18.1601,-1.09454,2.65463,2.65596,-1.1545,2.5538,2.64999,-1.14355,2.7735,2,-0.935393,2.829,2.08159,-2.1237,-0.875628,0,-2.18318,-0.907204,-0.00137697,-2.2188,-0.914838,0,-2.23262,-0.921368,-0.0272953
18.1701,-1.11597,2.64569,2.65596,-1.17629,2.54465,2.64998,-1.16595,2.76416,2,-0.957698,2.81969,2.08131,-2.11655,-0.892778,0,-2.17517,-0.923542,-0.00044858,-2.21133,-0.932757,0,-2.22839,-0.939642,-0.0286933
18.1801,-1.13692,2.63675,2.65596,-1.198,2.53533,2.64998,-1.18783,2.75482,2,-0.979961,2.81021,2.08102,-2.1094,-0.909537,0,-2.16701,-0.93962,0.000520496,-2.20386,-0.950265,0,-2.22407,-0.957545,-0.0300071
18.1902,-1.15861,2.62729,2.65596,-1.21963,2.52586,2.64999,-1.21049,2.74494,2,-1.00218,2.80054,2.08071,-2.10183,-0.92689,-1.46196e-18,-2.15873,-0.955567,0.00150044,-2.19595,-0.968395,0,-2.2197,-0.97521,-0.0312702
18.2001,-1.17875,2.61832,2.65596,-1.24118,2.51622,2.65001,-1.23153,2.73557,2,-1.02435,2.7907,2.08039,-2.09466,-0.942998,0,-2.15029,-0.971607,0.00243522,-2.18845,-0.985225,0,-2.21526,-0.992852,-0.0325327
18.2101,-1.20009,2.60861,2.65596,-1.2605,2.50741,2.65003,-1.25383,2.72542,2,-1.04427,2.7817,2.08009,-2.08689,-0.960069,0,-2.14241,-0.986071,0.00326445,-2.18034,-1.00306,0,-2.21103,-1.00865,-0.0336338
18.2201,-1.22118,2.5988,2.65596,-1.27761,2.49947,2.65006,-1.27587,2.71517,2,-1.06195,2.77357,2.07982,-2.07904,-0.976945,0,-2.13522,-0.998915,0.00378728,-2.17214,-1.02069,0,-2.20711,-1.02259,-0.0347829
18.2303,-1.24208,2.58888,2.65596,-1.29891,2.4894,2.6501,-1.2977,2.7048,2,-1.08399,2.76326,2.07946,-2.0711,-0.993666,0,-2.12594,-1.01497,0.00417361,-2.16384,-1.03816,0,-2.20195,-1.03988,-0.0364117
18.2402,-1.26245,2.57901,2.65596,-1.32012,2.47917,2.65015,-1.31898,2.69449,2,-1.10598,2.75278,2.07909,-2.06321,-1.00996,0,-2.11647,-1.03112,0.00456179,-2.15559,-1.05518,0,-2.1966,-1.0571,-0.0379302
18.2503,-1.28334,2.56867,2.65596,-1.34545,2.46668,2.6502,-1.34081,2.6837,2,-1.12792,2.74212,2.07871,-2.05494,-1.02667,0,-2.10492,-1.0506,0.00516408,-2.14696,-1.07264,0,-2.19107,-1.07421,-0.03923
18.2601,-1.30334,2.55858,2.65596,-1.36226,2.45822,2.65025,-1.3617,2.67316,2,-1.1498,2.73129,2.07831,-2.04687,-1.04267,-1.46196e-18,-2.09697,-1.06336,0.00531022,-2.13852,-1.08936,0,-2.18526,-1.09096,-0.0406629
18.2701,-1.32393,2.54799,2.65596,-1.38318,2.44751,2.6503,-1.38322,2.66209,2,-1.17163,2.7203,2.07789,-2.03839,-1.05915,0,-2.08681,-1.07916,0.00538749,-2.12967,-1.10657,0,-2.17914,-1.10736,-0.0421737
18.2802,-1.34434,2.53728,2.65596,-1.404,2.43664,2.65035,-1.40454,2.6509,2,-1.19339,2.70915,2.07746,-2.02983,-1.07547,1.46196e-18,-2.07653,-1.09508,0.00541818,-2.12072,-1.12363,0,-2.17287,-1.12373,-0.0436285
18.2902,-1.3647,2.52639,2.65596,-1.42471,2.42561,2.65041,-1.42581,2.63952,2,-1.21508,2.69783,2.07702,-2.02111,-1.09176,0,-2.06617,-1.11114,0.00549219,-2.11162,-1.14065,0,-2.16649,-1.14009,-0.0449259
18.3002,-1.38462,2.51553,2.65596,-1.44532,2.41442,2.65046,-1.44663,2.62817,2,-1.23672,2.68634,2.07656,-2.01242,-1.1077,0,-2.0556,-1.1269,0.00534936,-2.10254,-1.1573,0,-2.15983,-1.15599,-0.0463212
18.31,-1.40496,2.50423,2.65596,-1.46173,2.40535,2.6505,-1.46787,2.61636,2,-1.25397,2.67705,2.07619,-2.00338,-1.12396,0,-2.04681,-1.13914,0.00480912,-2.09309,-1.17429,0,-2.15411,-1.16824,-0.0477753
18.3201,-1.42484,2.49297,2.65596,-1.48214,2.39389,2.65055,-1.48864,2.6046,2,-1.27548,2.66529,2.0757,-1.99437,-1.13987,0,-2.03557,-1.15423,0.0036292,-2.08368,-1.19091,0,-2.14662,-1.18323,-0.0499891
18.3301,-1.44494,2.48137,2.65596,-1.50244,2.38227,2.65058,-1.50964,2.59249,2,-1.2969,2.65338,2.07519,-1.9851,-1.15595,0,-2.02431,-1.16946,0.00260305,-2.07399,-1.20771,0,-2.13903,-1.19819,-0.0519151
18.3401,-1.46432,2.46998,2.65596,-1.52263,2.3705,2.6506,-1.52989,2.58059,2,-1.31826,2.64133,2.07466,-1.97599,-1.17146,0,-2.01312,-1.1849,0.00186353,-2.06447,-1.22391,0,-2.13143,-1.21317,-0.0534116
18.35,-1.48395,2.45824,2.65596,-1.5427,2.35857,2.65062,-1.5504,2.56832,2,-1.33953,2.62912,2.07412,-1.96659,-1.18716,-1.46196e-18,-2.00191,-1.20054,0.00121793,-2.05465,-1.24032,0,-2.12369,-1.22819,-0.0546781
18.3601,-1.50365,2.44624,2.65596,-1.56266,2.34649,2.65062,-1.57098,2.55578,2,-1.36073,2.61676,2.07357,-1.95699,-1.20292,-1.46196e-18,-1.99033,-1.21603,9.78095e-05,-2.04463,-1.25679,0,-2.11547,-1.2429,-0.0562812
18.37,-1.52338,2.434,2.65596,-1.58251,2.33425,2.65061,-1.5916,2.54299,2,-1.38184,2.60426,2.07299,-1.9472,-1.21871,0,-1.97834,-1.23104,-0.00204635,-2.03439,-1.27328,0,-2.10666,-1.25702,-0.0587729
18.3801,-1.54302,2.4216,2.65596,-1.60223,2.32187,2.65058,-1.61212,2.53004,2,-1.40286,2.59162,2.07239,-1.93728,-1.23442,0,-1.96631,-1.24608,-0.00442704,-2.02403,-1.28969,0,-2.0977,-1.27103,-0.0613763
18.3903,-1.56237,2.40916,2.65596,-1.62184,2.30933,2.65053,-1.63233,2.51704,2,-1.42379,2.57884,2.07177,-1.92733,-1.2499,0,-1.95443,-1.26146,-0.00611236,-2.01363,-1.30587,0,-2.08877,-1.28527,-0.0631653
18.4001,-1.58125,2.39681,2.65596,-1.64132,2.29664,2.65046,-1.65206,2.50414,2,-1.44464,2.56592,2.07113,-1.91745,-1.265,0,-1.94263,-1.27708,-0.00705996,-2.00331,-1.32165,0,-2.0798,-1.2996,-0.0640982
18.4101,-1.60045,2.38403,2.65596,-1.66069,2.28379,2.65039,-1.67212,2.49078,2,-1.46539,2.55285,2.07049,-1.90722,-1.28036,1.46196e-18,-1.93098,-1.29289,-0.00763816,-1.99263,-1.3377,0,-2.07084,-1.31403,-0.0645451
18.42,-1.61923,2.37132,2.65596,-1.67994,2.27078,2.6503,-1.69173,2.47751,2,-1.48605,2.53964,2.06984,-1.89706,-1.29538,0,-1.91904,-1.3081,-0.00962556,-1.98201,-1.35339,0,-2.0614,-1.32777,-0.0662865
18.4301,-1.63872,2.35789,2.65596,-1.69907,2.25763,2.65019,-1.7121,2.46348,2,-1.50662,2.5263,2.06916,-1.88631,-1.31097,0,-1.9068,-1.32263,-0.0126741,-1.97078,-1.36968,0,-2.05146,-1.34078,-0.0689851
18.4401,-1.65695,2.34512,2.65596,-1.71807,2.24433,2.65005,-1.73114,2.45013,2,-1.52708,2.51283,2.06845,-1.87609,-1.32556,0,-1.89437,-1.3367,-0.0163476,-1.96011,-1.38491,0,-2.04118,-1.35327,-0.0722106
18.4502,-1.6763,2.33133,2.65596,-1.73696,2.23089,2.64987,-1.75136,2.43572,2,-1.54744,2.49923,2.06772,-1.86506,-1.34104,0,-1.88231,-1.35141,-0.0186463,-1.94858,-1.40109,0,-2.03114,-1.36631,-0.0739615
18.4601,-1.69451,2.31812,2.65596,-1.75572,2.21731,2.64966,-1.77039,2.42193,2,-1.5677,2.4855,2.06696,-1.8545,-1.35561,0,-1.8695,-1.36509,-0.0232795,-1.93754,-1.41631,0,-2.02012,-1.3783,-0.0779604
18.47,-1.71257,2.30481,2.65596,-1.77435,2.20359,2.6494,-1.78926,2.40802,2,-1.58784,2.47166,2.06616,-1.84385,-1.37005,0,-1.85626,-1.37865,-0.0283097,-1.92642,-1.4314,0,-2.00851,-1.39013,-0.082271
18.4801,-1.73103,2.29098,2.65596,-1.79284,2.18973,2.6491,-1.80855,2.39356,2,-1.60787,2.4577,2.06532,-1.83278,-1.38483,0,-1.84331,-1.39278,-0.0323076,-1.91485,-1.44684,0,-1.99704,-1.40245,-0.0854593
18.4904,-1.74975,2.27671,2.65596,-1.81121,2.17573,2.64876,-1.82811,2.37866,2,-1.62778,2.44361,2.06446,-1.82137,-1.3998,0,-1.8307,-1.4076,-0.0348371,-1.90293,-1.46248,0,-1.98577,-1.41538,-0.0870883
18.5002,-1.76795,2.26261,2.65596,-1.82945,2.1616,2.64837,-1.84712,2.36393,2,-1.64757,2.42941,2.06355,-1.81009,-1.41436,1.46196e-18,-1.81573,-1.41826,-0.0452765,-1.89114,-1.4777,0,-1.97185,-1.42434,-0.0966114
18.5101,-1.78592,2.24845,2.65596,-1.84752,2.14737,2.64785,-1.86589,2.34914,2,-1.66722,2.41513,2.06251,-1.79876,-1.42873,0,-1.80011,-1.42775,-0.0583134,-1.87931,-1.49271,0,-1.95707,-1.43217,-0.108687
18.5201,-1.80384,2.2341,2.65596,-1.86546,2.13302,2.64724,-1.88461,2.33414,2,-1.68673,2.40075,2.06141,-1.78728,-1.44307,1.46196e-18,-1.78808,-1.44285,-0.0598335,-1.86732,-1.50769,0,-1.9458,-1.4453,-0.109075
18.5303,-1.82181,2.21947,2.65596,-1.8833,2.1185,2.64668,-1.90339,2.31886,2,-1.70614,2.38621,2.06037,-1.77558,-1.45745,-1.46196e-18,-1.779,-1.46272,-0.0515843,-1.85509,-1.52271,0,-1.93733,-1.46294,-0.0995257
18.5402,-1.83955,2.20479,2.65596,-1.90103,2.10379,2.64616,-1.92193,2.30352,2,-1.72546,2.37151,2.05937,-1.76383,-1.47164,0,-1.76627,-1.47674,-0.0551654,-1.84281,-1.53754,0,-1.92496,-1.47502,-0.101865
18.5501,-1.85677,2.19031,2.65596,-1.91862,2.08897,2.64557,-1.93992,2.28839,2,-1.74464,2.35671,2.05832,-1.75224,-1.48542,-1.46196e-18,-1.75238,-1.48867,-0.0631683,-1.83071,-1.55194,0,-1.91123,-1.48515,-0.108628
18.5601,-1.87388,2.17569,2.65596,-1.93609,2.074,2.64494,-1.95779,2.27311,2,-1.76369,2.34179,2.05725,-1.74055,-1.4991,-1.46196e-18,-1.74227,-1.50673,-0.0585988,-1.81849,-1.56623,0,-1.90109,-1.50114,-0.102639
18.57,-1.8917,2.16022,2.65596,-1.95173,2.06035,2.64446,-1.97641,2.25695,2,-1.78077,2.3282,2.05637,-1.72817,-1.51336,0,-1.7344,-1.52497,-0.0498331,-1.80556,-1.58112,0,-1.89299,-1.51746,-0.092518
18.5801,-1.90871,2.1452,2.65596,-1.96902,2.04503,2.64395,-1.99418,2.24126,2,-1.79964,2.31297,2.05544,-1.71616,-1.52697,1.46196e-18,-1.72152,-1.53853,-0.0536884,-1.79301,-1.59535,0,-1.87974,-1.52928,-0.0950131
18.5901,-1.92594,2.12974,2.65596,-1.98616,2.02959,2.64337,-2.01218,2.22511,2,-1.81836,2.29762,2.05446,-1.70379,-1.54075,-1.46196e-18,-1.70715,-1.5497,-0.0622681,-1.78009,-1.60975,0,-1.86484,-1.53888,-0.102272
18.6001,-1.94258,2.11458,2.65596,-2.00316,2.01404,2.64271,-2.02957,2.20926,2,-1.83693,2.28219,2.0534,-1.69166,-1.55406,0,-1.69261,-1.5606,-0.0705659,-1.76741,-1.62366,0,-1.84957,-1.54825,-0.109222
18.6101,-1.95983,2.0986,2.65596,-2.02001,1.99838,2.64196,-2.04759,2.19257,2,-1.85535,2.26666,2.05227,-1.67888,-1.56786,0,-1.67771,-1.57081,-0.0798657,-1.75406,-1.63807,0,-1.83377,-1.55701,-0.117166
18.6201,-1.97613,2.08326,2.65596,-2.03672,1.98262,2.64112,-2.06462,2.17655,2,-1.87361,2.25104,2.05107,-1.66661,-1.5809,1.46196e-18,-1.66352,-1.58202,-0.0870034,-1.74124,-1.65169,0,-1.81849,-1.56676,-0.122902
18.6301,-1.99273,2.06738,2.65596,-2.05328,1.96674,2.64022,-2.08197,2.15996,2,-1.89172,2.23532,2.04982,-1.6539,-1.59419,0,-1.64996,-1.59409,-0.0921491,-1.72796,-1.66557,0,-1.80364,-1.57739,-0.126605
18.6401,-2.00903,2.05155,2.65596,-2.06972,1.95073,2.63928,-2.09899,2.14342,2,-1.90968,2.21949,2.04854,-1.64124,-1.60722,-1.46196e-18,-1.63683,-1.60689,-0.095543,-1.71473,-1.67919,0,-1.78901,-1.58877,-0.128525
18.6501,-2.02561,2.03518,2.65596,-2.08602,1.9346,2.63832,-2.11631,2.12632,2,-1.9275,2.20355,2.04725,-1.62815,-1.62049,0,-1.62415,-1.62029,-0.0974002,-1.70105,-1.69305,0,-1.77463,-1.6008,-0.128889
18.6601,-2.04166,2.01908,2.65596,-2.1022,1.91833,2.63734,-2.13308,2.10949,2,-1.94518,2.18748,2.04597,-1.61526,-1.63333,0,-1.61178,-1.6341,-0.0981143,-1.6876,-1.70646,0,-1.76038,-1.6133,-0.128106
18.6701,-2.05817,2.00225,2.65596,-2.11826,1.90191,2.63636,-2.15033,2.09191,2,-1.96271,2.17128,2.04469,-1.6018,-1.64653,0,-1.59976,-1.64833,-0.0979716,-1.67353,-1.72026,0,-1.7463,-1.62632,-0.126472
18.68,-2.07383,1.98602,2.65596,-2.1342,1.88536,2.63538,-2.16669,2.07496,2,-1.9801,2.15495,2.04344,-1.58882,-1.65906,1.46196e-18,-1.5879,-1.66288,-0.0972032,-1.65996,-1.73335,0,-1.7322,-1.63973,-0.124224
18.6901,-2.08985,1.96916,2.65596,-2.14844,1.87033,2.63451,-2.18343,2.05733,2,-1.99563,2.14014,2.04233,-1.57533,-1.67188,-1.46196e-18,-1.57731,-1.67592,-0.0960305,-1.64587,-1.74675,0,-1.71946,-1.65183,-0.121737
18.7002,-2.10557,1.95233,2.65596,-2.16415,1.8535,2.63356,-2.19986,2.03976,2,-2.01276,2.12355,2.04113,-1.56187,-1.68446,0,-1.56549,-1.69022,-0.0942531,-1.63181,-1.75989,0,-1.70511,-1.66521,-0.118531
18.7103,-2.12125,1.93529,2.65596,-2.17975,1.83653,2.63263,-2.21624,2.02195,2,-2.02974,2.10683,2.03996,-1.54823,-1.697,0,-1.55381,-1.7044,-0.0921626,-1.61756,-1.77299,0,-1.69075,-1.67857,-0.115044
18.7201,-2.13638,1.91857,2.65596,-2.19523,1.81941,2.63172,-2.23205,2.00448,2,-2.04657,2.08998,2.03883,-1.53486,-1.70911,-1.46196e-18,-1.54222,-1.71865,-0.0898457,-1.60359,-1.78564,0,-1.67633,-1.69209,-0.111355
18.7302,-2.1518,1.90126,2.65596,-2.20906,1.80389,2.63092,-2.24816,1.9864,2,-2.0616,2.07469,2.03784,-1.52101,-1.72144,-1.46196e-18,-1.53172,-1.73137,-0.0876525,-1.58912,-1.79853,0,-1.6632,-1.70424,-0.107955
18.7401,-2.16692,1.88401,2.65596,-2.22432,1.78651,2.63005,-2.26395,1.96838,2,-2.07816,2.05759,2.03678,-1.50721,-1.73354,-1.46196e-18,-1.52016,-1.74539,-0.0851908,-1.5747,-1.81116,0,-1.64862,-1.71771,-0.104194
18.7504,-2.18251,1.86593,2.65596,-2.23947,1.76898,2.62922,-2.28024,1.94948,2,-2.09457,2.04034,2.03576,-1.49274,-1.74601,1.46196e-18,-1.50848,-1.75913,-0.0826292,-1.55959,-1.82419,0,-1.63383,-1.73102,-0.100378
18.7601,-2.19699,1.84886,2.65596,-2.25449,1.75132,2.6284,-2.29537,1.93165,2,-2.11084,2.02296,2.03478,-1.47909,-1.75759,-1.46196e-18,-1.49684,-1.77292,-0.0800621,-1.54532,-1.8363,0,-1.61898,-1.74445,-0.0965934
18.7702,-2.21181,1.83111,2.65596,-2.2694,1.73352,2.62761,-2.31085,1.91311,2,-2.12695,2.00545,2.03383,-1.46489,-1.76944,0,-1.48524,-1.78663,-0.077483,-1.53049,-1.84868,0,-1.60409,-1.75789,-0.092837
18.7801,-2.22602,1.8138,2.65596,-2.28125,1.71919,2.627,-2.3257,1.89502,2,-2.13974,1.99135,2.0331,-1.45104,-1.78082,-1.46196e-18,-1.47583,-1.79752,-0.0754493,-1.51602,-1.86056,0,-1.59202,-1.76863,-0.0898976
18.7901,-2.24046,1.79594,2.65596,-2.29595,1.70115,2.62626,-2.34078,1.87636,2,-2.15558,1.97359,2.03222,-1.43675,-1.79237,1.46196e-18,-1.46401,-1.81101,-0.0729764,-1.50109,-1.87263,0,-1.57682,-1.78204,-0.0863457
18.8001,-2.25475,1.77796,2.65596,-2.31053,1.68297,2.62554,-2.35572,1.85757,2,-2.17127,1.95571,2.03137,-1.42237,-1.8038,0,-1.45198,-1.82438,-0.0705069,-1.48606,-1.88458,0,-1.56136,-1.79541,-0.0828451
18.8101,-2.26879,1.76001,2.65596,-2.32499,1.66466,2.62485,-2.37039,1.83882,2,-2.18681,1.93769,2.03056,-1.40801,-1.81503,-1.46196e-18,-1.43974,-1.83743,-0.0679791,-1.47106,-1.89631,0,-1.54564,-1.80853,-0.0793235
18.8201,-2.28306,1.74146,2.65596,-2.33932,1.64622,2.62418,-2.38529,1.81945,2,-2.20218,1.91954,2.02978,-1.39317,-1.82645,-1.46196e-18,-1.42741,-1.85021,-0.0654409,-1.45556,-1.90823,0,-1.52981,-1.82144,-0.0758364
18.8301,-2.29672,1.72341,2.65596,-2.35353,1.62765,2.62354,-2.39956,1.80058,2,-2.2174,1.90126,2.02904,-1.37873,-1.83737,-1.46196e-18,-1.41507,-1.863,-0.0629814,-1.44047,-1.91965,0,-1.51393,-1.83444,-0.0724742
18.8401,-2.31052,1.70487,2.65596,-2.36762,1.60896,2.62292,-2.41398,1.78121,2,-2.23246,1.88285,2.02833,-1.36389,-1.84841,1.46196e-18,-1.40264,-1.87575,-0.0605647,-1.42497,-1.93118,0,-1.49794,-1.84747,-0.0692002
18.8501,-2.32409,1.68631,2.65596,-2.38159,1.59014,2.62233,-2.42816,1.76182,2,-2.24736,1.86431,2.02766,-1.34905,-1.85927,-1.46196e-18,-1.38995,-1.88827,-0.0581391,-1.40946,-1.94253,0,-1.48168,-1.86034,-0.0659649
18.8601,-2.3375,1.66768,2.65596,-2.39542,1.57119,2.62176,-2.44217,1.74235,2,-2.2621,1.84564,2.02701,-1.33414,-1.87,0,-1.37717,-1.90075,-0.0557865,-1.39388,-1.95374,0,-1.46531,-1.87325,-0.0628528
18.8701,-2.35096,1.64865,2.65596,-2.40913,1.55213,2.62121,-2.45623,1.72248,2,-2.27667,1.82684,2.0264,-1.31892,-1.88077,0,-1.36418,-1.91306,-0.0534588,-1.37798,-1.96499,0,-1.4487,-1.88606,-0.0598121
18.8801,-2.36388,1.63006,2.65596,-2.4227,1.53293,2.62069,-2.46974,1.70306,2,-2.29107,1.80792,2.02582,-1.30405,-1.89111,0,-1.35095,-1.92533,-0.0511833,-1.36245,-1.97579,0,-1.43182,-1.89891,-0.0568684
18.8901,-2.3769,1.61102,2.65596,-2.43615,1.51362,2.62019,-2.48334,1.68316,2,-2.3053,1.78886,2.02526,-1.28882,-1.90152,1.46196e-18,-1.3376,-1.93737,-0.0489624,-1.34653,-1.98667,0,-1.41478,-1.91162,-0.0540219
18.9004,-2.39017,1.59127,2.65596,-2.44946,1.49419,2.61971,-2.4972,1.66253,2,-2.31936,1.76969,2.02474,-1.27302,-1.91213,1.46196e-18,-1.32413,-1.94925,-0.046799,-1.33002,-1.99776,0,-1.39758,-1.92424,-0.0512764
18.9101,-2.40294,1.57192,2.65596,-2.46263,1.47464,2.61925,-2.51054,1.6423,2,-2.33325,1.75038,2.02424,-1.25753,-1.92235,1.46196e-18,-1.31065,-1.96094,-0.0447275,-1.31384,-2.00844,0,-1.38029,-1.93676,-0.0486646
18.9204,-2.41519,1.55304,2.65596,-2.47567,1.45497,2.61882,-2.52334,1.62258,2,-2.34697,1.73095,2.02376,-1.24243,-1.93215,0,-1.29729,-1.97245,-0.0427133,-1.29807,-2.01867,0,-1.36304,-1.9492,-0.046149
18.9301,-2.42738,1.53391,2.65596,-2.48858,1.43519,2.6184,-2.53608,1.60259,2,-2.36051,1.7114,2.02331,-1.22712,-1.94191,1.46196e-18,-1.28402,-1.98389,-0.0407518,-1.28207,-2.02886,0,-1.34581,-1.96165,-0.0437314
18.9401,-2.43936,1.51478,2.65596,-2.50135,1.41529,2.618,-2.54859,1.58261,2,-2.37389,1.69172,2.02289,-1.21183,-1.95149,1.46196e-18,-1.27064,-1.99491,-0.0387494,-1.26609,-2.03888,0,-1.32839,-1.97383,-0.0413304
18.9501,-2.45137,1.49527,2.65596,-2.51399,1.39529,2.61763,-2.56114,1.56222,2,-2.38708,1.67192,2.02249,-1.19621,-1.9611,0,-1.25701,-2.00541,-0.0366312,-1.24978,-2.04891,0,-1.3106,-1.98567,-0.038881
18.9601,-2.46333,1.47549,2.65596,-2.52649,1.37518,2.61727,-2.57364,1.54156,2,-2.4001,1.65201,2.02211,-1.18039,-1.97066,0,-1.24341,-2.01568,-0.0345757,-1.23325,-2.05891,0,-1.29272,-1.99744,-0.0365653
18.9701,-2.47515,1.45557,2.65596,-2.53886,1.35498,2.61693,-2.58598,1.52075,2,-2.41294,1.63197,2.02176,-1.16446,-1.98012,0,-1.23,-2.02558,-0.032521,-1.2166,-2.06879,0,-1.27491,-2.00907,-0.0343395
18.9804,-2.48699,1.43524,2.65596,-2.55109,1.33467,2.61662,-2.59836,1.49951,2,-2.4256,1.61182,2.02142,-1.1482,-1.98959,1.46196e-18,-1.21662,-2.03529,-0.0304537,-1.19961,-2.07869,0,-1.25699,-2.02078,-0.0322071
18.9904,-2.49838,1.41532,2.65596,-2.56319,1.31427,2.61632,-2.61026,1.47869,2,-2.43807,1.59156,2.02111,-1.13225,-1.99871,0,-1.2032,-2.04457,-0.0285646,-1.18296,-2.08821,0,-1.23889,-2.03233,-0.0303694
19.0003,-2.50955,1.39542,2.65596,-2.57515,1.29378,2.61605,-2.62193,1.4579,2,-2.45037,1.57118,2.02082,-1.11633,-2.00764,0,-1.18998,-2.05326,-0.0268233,-1.16632,-2.09754,0,-1.2209,-2.04372,-0.0288577
19.0101,-2.52039,1.37574,2.65596,-2.58699,1.27321,2.61579,-2.63326,1.43734,2,-2.46249,1.55068,2.02053,-1.10059,-2.01632,-1.46196e-18,-1.177,-2.06143,-0.024847,-1.14988,-2.10661,0,-1.20305,-2.05507,-0.0273321
19.0201,-2.53126,1.35565,2.65596,-2.59869,1.25256,2.61555,-2.64461,1.41636,2,-2.47443,1.53008,2.02027,-1.08452,-2.02501,-1.46196e-18,-1.16419,-2.06902,-0.0226599,-1.13308,-2.11568,0,-1.18527,-2.06634,-0.0258117
19.0301,-2.54217,1.33508,2.65596,-2.61027,1.23183,2.61534,-2.656,1.39487,2,-2.4862,1.50936,2.02002,-1.06807,-2.03373,0,-1.15139,-2.0759,-0.0202394,-1.11589,-2.1248,0,-1.16741,-2.07743,-0.0242899
19.0401,-2.55261,1.31499,2.65596,-2.62172,1.21104,2.61515,-2.66692,1.37388,2,-2.49778,1.48853,2.01979,-1.052,-2.04209,0,-1.13948,-2.08346,-0.0146822,-1.0991,-2.13354,0,-1.15025,-2.08988,-0.0199172
19.0503,-2.56323,1.29417,2.65596,-2.63309,1.19012,2.61516,-2.67801,1.35212,2,-2.50923,1.46751,2.01973,-1.03534,-2.05059,0,-1.13385,-2.10364,0.0198482,-1.0817,-2.14241,0,-1.13917,-2.11569,0.0131268
19.0601,-2.57316,1.27432,2.65596,-2.64439,1.16894,2.61558,-2.68839,1.33138,2,-2.52057,1.4462,2.02008,-1.01945,-2.05853,0,-1.12555,-2.13384,0.0656515,-1.06511,-2.15071,0,-1.13059,-2.14702,0.0584701
19.0701,-2.58367,1.25288,2.65596,-2.65557,1.14739,2.61651,-2.69936,1.30899,2,-2.53185,1.42455,2.02094,-1.00231,-2.06693,1.46196e-18,-1.10903,-2.17882,0.122165,-1.04719,-2.15949,0,-1.12455,-2.18405,0.116506
19.0801,-2.59349,1.23242,2.65596,-2.66652,1.1253,2.61805,-2.70962,1.28761,2,-2.54307,1.4025,2.02245,-0.985938,-2.07479,0,-1.07837,-2.24208,0.187696,-1.03009,-2.1677,0,-1.12095,-2.22648,0.186136
19.0901,-2.60334,1.21147,2.65596,-2.67708,1.10253,2.62021,-2.71992,1.26572,2,-2.55426,1.38004,2.02462,-0.969177,-2.08267,0,-1.03049,-2.3115,0.239989,-1.01258,-2.17593,0,-1.11502,-2.26384,0.244761
19.1002,-2.6129,1.19071,2.65596,-2.68709,1.07903,2.62283,-2.72991,1.24403,2,-2.56537,1.35722,2.02734,-0.952567,-2.09032,0,-0.971464,-2.39035,0.284842,-0.995223,-2.18393,0,-1.10811,-2.29955,0.299328
19.1101,-2.62239,1.16968,2.65596,-2.69652,1.05474,2.62585,-2.73981,1.22205,2,-2.57641,1.33407,2.03057,-0.935741,-2.09791,-1.46196e-18,-0.914756,-2.46634,0.316325,-0.977643,-2.19185,0,-1.09856,-2.33032,0.343068
19.1202,-2.63155,1.14891,2.65596,-2.70542,1.02978,2.62909,-2.74939,1.20036,2,-2.58733,1.31065,2.03412,-0.919129,-2.10524,0,-0.866399,-2.52081,0.326761,-0.960287,-2.19951,0,-1.08414,-2.35067,0.363862
19.1301,-2.64074,1.12762,2.65596,-2.71387,1.0044,2.63233,-2.75899,1.17811,2,-2.59808,1.28709,2.03777,-0.902095,-2.11259,0,-0.824887,-2.55223,0.320314,-0.94249,-2.2072,0,-1.06552,-2.36178,0.363996
19.1401,-2.64965,1.10653,2.65596,-2.72193,0.978742,2.63552,-2.7683,1.15608,2,-2.60864,1.26341,2.04142,-0.885222,-2.11972,0,-0.786853,-2.57959,0.318543,-0.924861,-2.21464,0,-1.04729,-2.37466,0.367075
19.1501,-2.65836,1.08544,2.65596,-2.72961,0.952844,2.63867,-2.7774,1.13404,2,-2.61901,1.23961,2.04508,-0.868349,-2.12669,-1.46196e-18,-0.750524,-2.59812,0.309474,-0.907234,-2.22192,0,-1.02705,-2.38375,0.361515
19.1601,-2.66711,1.06375,2.65596,-2.73694,0.926815,2.64167,-2.78655,1.11138,2,-2.62917,1.21575,2.04861,-0.850996,-2.13369,1.46196e-18,-0.714658,-2.60652,0.289773,-0.889103,-2.22924,0,-1.0043,-2.38718,0.344003
19.1701,-2.67542,1.04267,2.65596,-2.74391,0.900726,2.64446,-2.79523,1.08936,2,-2.6391,1.19187,2.05195,-0.834137,-2.14034,7.3098e-19,-0.679432,-2.61079,0.268837,-0.87149,-2.23618,0,-0.980899,-2.38967,0.324162
19.1801,-2.68374,1.02107,2.65596,-2.75053,0.87461,2.64705,-2.80392,1.06679,2,-2.64879,1.16796,2.05509,-0.816856,-2.14699,-7.3098e-19,-0.645117,-2.61206,0.248259,-0.853435,-2.24313,0,-0.957026,-2.39202,0.303695
19.1901,-2.69182,0.999588,2.65596,-2.75681,0.848492,2.64943,-2.81235,1.04435,2,-2.65824,1.14403,2.05803,-0.79967,-2.15345,-7.3098e-19,-0.612003,-2.61111,0.229314,-0.835479,-2.24988,0,-0.933043,-2.39496,0.283817
19.2004,-2.70005,0.977141,2.65596,-2.76277,0.822394,2.65164,-2.82095,1.0209,2,-2.66745,1.12006,2.06077,-0.781712,-2.16004,0,-0.580105,-2.6081,0.211931,-0.816717,-2.25676,0,-0.908825,-2.39866,0.264407
19.2101,-2.70749,0.956309,2.65596,-2.76842,0.796337,2.65368,-2.82873,0.999132,2,-2.67641,1.09605,2.06332,-0.765047,-2.166,-1.46196e-18,-0.549609,-2.60305,0.196142,-0.799305,-2.26299,0,-0.884397,-2.40308,0.245484
19.2203,-2.71507,0.934576,2.65596,-2.77377,0.77034,2.65557,-2.83665,0.976425,2,-2.68514,1.07199,2.06568,-0.747661,-2.17206,-7.3098e-19,-0.520661,-2.59595,0.182021,-0.78114,-2.26932,0,-0.859786,-2.40809,0.227131
19.2305,-2.7226,0.9124,2.65596,-2.77884,0.744424,2.65732,-2.84452,0.953257,2,-2.69361,1.04789,2.06786,-0.72992,-2.17808,0,-0.493479,-2.5869,0.169413,-0.762606,-2.27562,0,-0.835091,-2.41357,0.20925
19.2402,-2.72969,0.89097,2.65596,-2.78365,0.718608,2.65896,-2.85193,0.930868,2,-2.70184,1.02372,2.06987,-0.712776,-2.18375,0,-0.468103,-2.57611,0.158399,-0.744694,-2.28154,0,-0.810262,-2.41955,0.191967
19.2501,-2.73671,0.869192,2.65596,-2.78821,0.692907,2.6605,-2.85925,0.908113,2,-2.70981,0.999493,2.0717,-0.695353,-2.18936,0,-0.444507,-2.56389,0.148813,-0.726491,-2.2874,0,-0.785202,-2.42617,0.175165
19.2601,-2.74353,0.847401,2.65596,-2.79254,0.667334,2.66194,-2.86638,0.885348,2,-2.71754,0.975196,2.07337,-0.677921,-2.19482,7.3098e-19,-0.422773,-2.55046,0.140431,-0.708278,-2.29311,0,-0.759948,-2.43338,0.158707
19.2703,-2.75032,0.825111,2.65596,-2.79667,0.641902,2.66331,-2.87347,0.862059,2,-2.72501,0.950825,2.07488,-0.660089,-2.20025,0,-0.402676,-2.53571,0.133162,-0.689648,-2.29878,0,-0.734259,-2.44082,0.142599
19.2801,-2.75668,0.803585,2.65596,-2.8006,0.616623,2.66461,-2.88013,0.839569,2,-2.73222,0.926378,2.07622,-0.642868,-2.20535,0,-0.384314,-2.51996,0.126801,-0.671656,-2.3041,0,-0.708237,-2.4486,0.126726
19.2901,-2.76321,0.780831,2.65596,-2.80436,0.591505,2.66585,-2.88695,0.815796,2,-2.73918,0.901852,2.07741,-0.624665,-2.21057,7.3098e-19,-0.367702,-2.50338,0.121198,-0.652637,-2.30956,0,-0.681927,-2.45664,0.11104
19.3001,-2.76918,0.759384,2.65596,-2.80796,0.566558,2.66703,-2.89319,0.793389,2,-2.74586,0.877245,2.07845,-0.607508,-2.21535,7.3098e-19,-0.352757,-2.486,0.116196,-0.634711,-2.31455,0,-0.655299,-2.46476,0.0954901
19.3101,-2.77531,0.736698,2.65596,-2.81142,0.541786,2.66817,-2.89958,0.769687,2,-2.75228,0.852556,2.07932,-0.589359,-2.22025,-1.46196e-18,-0.3396,-2.46817,0.11156,-0.61575,-2.31967,0,-0.628552,-2.47305,0.0799609
19.3201,-2.78103,0.7148,2.65596,-2.81476,0.517197,2.66927,-2.90556,0.746809,2,-2.75843,0.827784,2.08005,-0.57184,-2.22482,0,-0.327833,-2.44971,0.107181,-0.597447,-2.32445,0,-0.601402,-2.48112,0.0644715
19.3301,-2.78669,0.692388,2.65596,-2.81798,0.492794,2.67032,-2.91148,0.723393,2,-2.76431,0.802934,2.08061,-0.553911,-2.22935,0,-0.31751,-2.43088,0.102979,-0.578715,-2.32918,0,-0.574019,-2.489,0.0490595
19.3401,-2.79226,0.669562,2.65596,-2.82111,0.468579,2.67133,-2.9173,0.699545,2,-2.76991,0.778004,2.08103,-0.53565,-2.23381,0,-0.308676,-2.41203,0.0988851,-0.559636,-2.33384,0,-0.546552,-2.49692,0.0337534
19.3502,-2.79738,0.647863,2.65596,-2.82416,0.444553,2.6723,-2.92264,0.676874,2,-2.77524,0.752996,2.08129,-0.518291,-2.2379,0,-0.301225,-2.3931,0.0948149,-0.541499,-2.33811,0,-0.519029,-2.50462,0.0185854
19.3601,-2.80249,0.625395,2.65596,-2.82714,0.420717,2.67322,-2.92798,0.653399,2,-2.78029,0.727912,2.0814,-0.500316,-2.24199,-7.3098e-19,-0.29486,-2.3742,0.0906011,-0.52272,-2.34238,0,-0.491316,-2.51203,0.00350765
19.3701,-2.80747,0.602616,2.65596,-2.83006,0.397069,2.67411,-2.93319,0.629601,2,-2.78507,0.702756,2.08136,-0.482093,-2.24598,0,-0.289498,-2.3554,0.0862736,-0.503681,-2.34655,0,-0.463483,-2.5191,-0.0113556
19.3801,-2.81223,0.580009,2.65596,-2.83294,0.373607,2.67495,-2.93816,0.605982,2,-2.78956,0.677531,2.08117,-0.464007,-2.24978,7.3098e-19,-0.28497,-2.33699,0.0817609,-0.484785,-2.35053,0,-0.435499,-2.52602,-0.0259892
19.3901,-2.81681,0.557368,2.65596,-2.83577,0.350328,2.67574,-2.94294,0.582326,2,-2.79378,0.652237,2.08084,-0.445894,-2.25344,7.3098e-19,-0.281223,-2.31902,0.0771492,-0.465861,-2.35435,0,-0.407439,-2.53274,-0.0402253
19.4001,-2.82114,0.534969,2.65596,-2.83856,0.327225,2.67649,-2.94747,0.558925,2,-2.79771,0.626876,2.08037,-0.427975,-2.25692,0,-0.278366,-2.30169,0.072427,-0.44714,-2.35798,0,-0.379552,-2.53939,-0.0539942
19.4101,-2.82524,0.512885,2.65596,-2.84134,0.304292,2.67719,-2.95176,0.535852,2,-2.80137,0.601449,2.07977,-0.410308,-2.26019,0,-0.276244,-2.28502,0.0676732,-0.428682,-2.3614,0,-0.35181,-2.54591,-0.0671466
19.4201,-2.82935,0.489735,2.65596,-2.84409,0.281521,2.67785,-2.95604,0.511665,2,-2.80475,0.575957,2.07903,-0.391788,-2.26348,0,-0.274733,-2.26919,0.0629844,-0.409332,-2.36484,0,-0.324219,-2.55242,-0.07953
19.4301,-2.83307,0.467694,2.65596,-2.84683,0.258904,2.67845,-2.95994,0.488638,2,-2.80785,0.5504,2.07818,-0.374156,-2.26646,-3.6549e-19,-0.273809,-2.25438,0.0582711,-0.39091,-2.36795,0,-0.296919,-2.55905,-0.0911774
19.4401,-2.83675,0.444888,2.65596,-2.84957,0.236431,2.67901,-2.96377,0.464809,2,-2.81069,0.524777,2.07721,-0.35591,-2.2694,0,-0.273088,-2.24044,0.053578,-0.371848,-2.37102,0,-0.269678,-2.56557,-0.101984
19.4501,-2.84022,0.422151,2.65596,-2.8523,0.214092,2.67952,-2.9674,0.441055,2,-2.81325,0.499088,2.07614,-0.337721,-2.27217,0,-0.272652,-2.22751,0.0489039,-0.352844,-2.37392,0,-0.242727,-2.57207,-0.111905
19.4601,-2.84349,0.399547,2.65596,-2.85502,0.191878,2.67999,-2.97082,0.417439,2,-2.81554,0.473336,2.07498,-0.319638,-2.27479,0,-0.27228,-2.21546,0.0442674,-0.333951,-2.37665,0,-0.21601,-2.57837,-0.120886
19.4701,-2.84665,0.376316,2.65596,-2.85774,0.169779,2.68041,-2.97412,0.393167,2,-2.81757,0.447521,2.07373,-0.301053,-2.27732,0,-0.271831,-2.2044,0.0396306,-0.314534,-2.3793,0,-0.189542,-2.58452,-0.128937
19.4809,-2.8497,0.352511,2.65596,-2.86046,0.147786,2.68078,-2.97731,0.368297,2,-2.81981,0.413871,2.07199,-0.282009,-2.27976,0,-0.27128,-2.19443,0.0349585,-0.294637,-2.38185,0,-0.155676,-2.59236,-0.138024
19.4905,-2.85236,0.330308,2.65596,-2.86317,0.125887,2.68111,-2.98009,0.345099,2,-2.82084,0.395711,2.07101,-0.264246,-2.28189,-3.6549e-19,-0.270447,-2.18542,0.0302815,-0.276079,-2.38407,0,-0.13769,-2.59637,-0.142253
19.5001,-2.85479,0.308576,2.65596,-2.86586,0.104074,2.68139,-2.98263,0.322394,2,-2.82209,0.369719,2.06956,-0.246861,-2.28383,3.6549e-19,-0.269343,-2.17737,0.0255941,-0.257915,-2.3861,0,-0.112407,-2.60186,-0.147482
19.5101,-2.85717,0.285694,2.65596,-2.86855,0.0823365,2.68162,-2.98511,0.298487,2,-2.82309,0.343674,2.06806,-0.228555,-2.28574,-3.6549e-19,-0.267958,-2.17032,0.0208568,-0.238789,-2.38809,0,-0.0877344,-2.60707,-0.151815
19.5201,-2.85936,0.262897,2.65596,-2.87122,0.0606647,2.68181,-2.9874,0.274669,2,-2.82384,0.317579,2.06653,-0.210317,-2.28749,0,-0.265957,-2.16419,0.0160884,-0.219735,-2.38992,0,-0.0634699,-2.61189,-0.155263
19.5301,-2.86137,0.240041,2.65596,-2.87387,0.03905,2.68194,-2.9895,0.25079,2,-2.82436,0.291438,2.06496,-0.192033,-2.28909,1.82745e-19,-0.263181,-2.15885,0.0113258,-0.200632,-2.3916,0,-0.039566,-2.61622,-0.157826
19.5402,-2.86323,0.216705,2.65596,-2.87648,0.0174853,2.68203,-2.99144,0.226409,2,-2.82464,0.265257,2.06337,-0.173364,-2.29058,-1.82745e-19,-0.259588,-2.15424,0.00665589,-0.181127,-2.39316,0,-0.0160786,-2.61996,-0.159456
19.5501,-2.86484,0.19424,2.65596,-2.87906,-0.00403726,2.68208,-2.99313,0.202938,2,-2.82468,0.239041,2.06177,-0.155392,-2.29187,0,-0.255197,-2.15039,0.00203088,-0.16235,-2.3945,0,0.00688129,-2.62314,-0.160252
19.5601,-2.86634,0.170781,2.65596,-2.88158,-0.0255248,2.68207,-2.99469,0.178429,2,-2.8245,0.212796,2.06017,-0.136625,-2.29307,0,-0.24999,-2.14725,-0.00258848,-0.142743,-2.39575,0,0.02925,-2.6257,-0.160306
19.5701,-2.86761,0.147846,2.65596,-2.88405,-0.0469849,2.68202,-2.99602,0.154466,2,-2.8241,0.186529,2.05857,-0.118277,-2.29409,-1.82745e-19,-0.243821,-2.14489,-0.0071975,-0.123573,-2.39682,0,0.0511018,-2.62772,-0.159678
19.5801,-2.8687,0.125014,2.65596,-2.88646,-0.0684247,2.68193,-2.99716,0.130612,2,-2.82348,0.160244,2.05698,-0.100011,-2.29496,-1.82745e-19,-0.236568,-2.14313,-0.0117578,-0.10449,-2.39772,0,0.0724965,-2.62902,-0.1584
19.5903,-2.86963,0.101242,2.65596,-2.88878,-0.0898496,2.68179,-2.99813,0.105776,2,-2.82265,0.133951,2.0554,-0.0809937,-2.29571,-9.13725e-20,-0.228201,-2.14192,-0.0162015,-0.0846206,-2.39851,0,0.0934137,-2.62956,-0.156476
19.6001,-2.87032,0.0793142,2.65596,-2.89102,-0.111264,2.68161,-2.99886,0.0828659,2,-2.82161,0.107656,2.05385,-0.0634514,-2.29626,0,-0.218813,-2.14113,-0.0204975,-0.0662927,-2.39908,0,0.113726,-2.62924,-0.153955
19.6101,-2.87088,0.0555581,2.65596,-2.89315,-0.132674,2.68138,-2.99944,0.0580459,2,-2.82038,0.081368,2.05233,-0.0444465,-2.29671,0,-0.208303,-2.14088,-0.0246545,-0.0464367,-2.39955,0,0.133508,-2.62818,-0.150921
19.6201,-2.87123,0.0333361,2.65596,-2.89518,-0.154083,2.68111,-2.9998,0.0348288,2,-2.81895,0.0550948,2.05083,-0.0266688,-2.29698,0,-0.19678,-2.14109,-0.0286326,-0.0278631,-2.39984,0,0.152635,-2.62634,-0.147416
19.6301,-2.8714,0.0103953,2.65596,-2.89709,-0.175497,2.68081,-2.99998,0.0108608,2,-2.81733,0.0288437,2.04938,-0.00831625,-2.29712,1.14216e-20,-0.184267,-2.14181,-0.032485,-0.00868865,-2.39998,0,0.171079,-2.62378,-0.143573
19.6402,-2.87139,-0.0128675,2.65596,-2.89886,-0.196921,2.68046,-2.99997,-0.0134437,2,-2.81553,0.00262199,2.04796,0.010294,-2.29711,1.14216e-20,-0.170818,-2.14292,-0.0361722,0.010755,-2.39998,0,0.188788,-2.62042,-0.139434
19.6503,-2.87119,-0.0360429,2.65596,-2.9005,-0.218357,2.68008,-2.99976,-0.0376569,2,-2.81355,-0.0235622,2.04659,0.0288343,-2.29695,-4.56862e-20,-0.156389,-2.1444,-0.0396688,0.0301255,-2.39981,0,0.205822,-2.61628,-0.135055
19.6602,-2.87082,-0.0585821,2.65596,-2.90199,-0.23981,2.67967,-2.99938,-0.0612053,2,-2.81141,-0.0497012,2.04526,0.0468657,-2.29666,-4.56862e-20,-0.14107,-2.14629,-0.0429831,0.0489643,-2.3995,0,0.222103,-2.61144,-0.130522
19.6701,-2.87026,-0.0816073,2.65596,-2.90332,-0.261284,2.67923,-2.99879,-0.0852616,2,-2.80911,-0.0757885,2.04398,0.0652858,-2.29621,0,-0.124983,-2.14856,-0.046137,0.0682093,-2.39903,0,0.237535,-2.60592,-0.125931
19.6801,-2.86952,-0.104551,2.65596,-2.90448,-0.282783,2.67875,-2.99801,-0.109232,2,-2.80666,-0.101817,2.04274,0.0836405,-2.29561,0,-0.107906,-2.15116,-0.0490445,0.0873859,-2.39841,0,0.252378,-2.59972,-0.121262
19.6901,-2.86858,-0.127725,2.65596,-2.90547,-0.304308,2.67825,-2.99703,-0.133445,2,-2.80407,-0.12778,2.04156,0.10218,-2.29486,0,-0.089929,-2.15392,-0.0516561,0.106756,-2.39762,0,0.266584,-2.59271,-0.116534
19.7002,-2.86747,-0.150514,2.65596,-2.90628,-0.325861,2.67772,-2.99588,-0.157254,2,-2.80134,-0.153669,2.04041,0.120411,-2.29398,1.82745e-19,-0.0712599,-2.15682,-0.0540061,0.125803,-2.3967,0,0.279984,-2.58494,-0.11184
19.7101,-2.86616,-0.173735,2.65596,-2.9069,-0.347445,2.67717,-2.9945,-0.181515,2,-2.79847,-0.179477,2.03932,0.138988,-2.29293,0,-0.0519198,-2.15991,-0.0561015,0.145212,-2.3956,0,0.292611,-2.57649,-0.107238
19.7203,-2.86468,-0.196599,2.65596,-2.90732,-0.36906,2.6766,-2.99296,-0.205403,2,-2.79549,-0.205197,2.03827,0.157279,-2.29174,0,-0.0319011,-2.16312,-0.0579325,0.164322,-2.39437,0,0.304534,-2.56737,-0.102766
19.7301,-2.86306,-0.21894,2.65596,-2.90753,-0.390706,2.67601,-2.99127,-0.228744,2,-2.79238,-0.230821,2.03726,0.175152,-2.29045,-1.82745e-19,-0.0111011,-2.16615,-0.0594395,0.182995,-2.39301,0,0.315912,-2.55731,-0.0984018
19.7401,-2.86119,-0.242182,2.65596,-2.90754,-0.412384,2.67541,-2.98931,-0.253027,2,-2.78917,-0.256341,2.0363,0.193746,-2.28895,0,0.0103101,-2.16934,-0.0606797,0.202421,-2.39145,0,0.32664,-2.54673,-0.0942378
19.7501,-2.85911,-0.265639,2.65596,-2.90732,-0.434093,2.6748,-2.98713,-0.277534,2,-2.78585,-0.281754,2.03538,0.212511,-2.28728,0,0.0324524,-2.1726,-0.0616174,0.222027,-2.38971,0,0.336902,-2.53559,-0.0902619
19.7601,-2.85698,-0.287616,2.65596,-2.90688,-0.455836,2.67418,-2.98491,-0.300496,2,-2.78243,-0.307051,2.03449,0.230093,-2.28558,0,0.0551993,-2.17583,-0.0622594,0.240396,-2.38793,0,0.346645,-2.52382,-0.0864979
19.7701,-2.85452,-0.311068,2.65596,-2.90622,-0.47761,2.67355,-2.98234,-0.324997,2,-2.77892,-0.332228,2.03365,0.248854,-2.28362,0,0.0785531,-2.17911,-0.0626422,0.259998,-2.38588,0,0.355952,-2.51158,-0.0829933
19.7801,-2.85193,-0.333957,2.65596,-2.90531,-0.499418,2.67292,-2.97964,-0.348912,2,-2.77532,-0.357281,2.03283,0.267166,-2.28155,0,0.10236,-2.1824,-0.0627746,0.279129,-2.38371,0,0.364748,-2.49888,-0.079762
19.7901,-2.84921,-0.356415,2.65596,-2.90417,-0.521258,2.6723,-2.9768,-0.372375,2,-2.77163,-0.382204,2.03205,0.285132,-2.27937,0,0.126549,-2.1855,-0.062609,0.2979,-2.38144,0,0.373033,-2.48557,-0.0767542
19.8003,-2.84625,-0.379329,2.65596,-2.90278,-0.543128,2.67167,-2.97371,-0.396315,2,-2.76786,-0.406992,2.0313,0.303463,-2.277,0,0.151045,-2.18867,-0.0622421,0.317052,-2.37897,0,0.38081,-2.47197,-0.074059
19.8101,-2.84309,-0.402341,2.65596,-2.90115,-0.565031,2.67105,-2.9704,-0.420357,2,-2.76401,-0.431642,2.03057,0.321873,-2.27447,0,0.175794,-2.19186,-0.0616788,0.336286,-2.37632,0,0.388101,-2.4581,-0.071668
19.8201,-2.83983,-0.42476,2.65596,-2.89926,-0.586965,2.67044,-2.96699,-0.443781,2,-2.7601,-0.456153,2.02986,0.339808,-2.27186,0,0.200821,-2.19498,-0.0609528,0.355025,-2.3736,0,0.395003,-2.4439,-0.0695979
19.8301,-2.83632,-0.447597,2.65596,-2.89713,-0.60893,2.66983,-2.96333,-0.46764,2,-2.75611,-0.480519,2.02918,0.358077,-2.26906,0,0.226054,-2.19804,-0.0600813,0.374112,-2.37066,0,0.401511,-2.42946,-0.0678447
19.8401,-2.83272,-0.469831,2.65596,-2.89474,-0.630926,2.66924,-2.95957,-0.490869,2,-2.75207,-0.504741,2.0285,0.375865,-2.26618,-3.6549e-19,0.251532,-2.20114,-0.059076,0.392696,-2.36766,0,0.407739,-2.41491,-0.0663921
19.85,-2.8289,-0.492331,2.65596,-2.8921,-0.652953,2.66865,-2.95557,-0.514377,2,-2.74796,-0.528817,2.02785,0.393865,-2.26312,-3.6549e-19,0.27717,-2.20407,-0.0579843,0.411502,-2.36446,0,0.41367,-2.40011,-0.0652581
19.8601,-2.82481,-0.515257,2.65596,-2.8892,-0.675007,2.66808,-2.9513,-0.53833,2,-2.74379,-0.552743,2.0272,0.412206,-2.25985,0,0.302904,-2.20682,-0.0568178,0.430664,-2.36104,0,0.419314,-2.38512,-0.0644217
19.8701,-2.82063,-0.537682,2.65596,-2.88604,-0.697088,2.66752,-2.94694,-0.561759,2,-2.73957,-0.576518,2.02656,0.430146,-2.2565,-7.3098e-19,0.328833,-2.20929,-0.055524,0.449408,-2.35755,0,0.424833,-2.36988,-0.0637949
19.8801,-2.81611,-0.560849,2.65596,-2.88262,-0.719191,2.66697,-2.94222,-0.585964,2,-2.7353,-0.600139,2.02592,0.448679,-2.25289,-7.3098e-19,0.354913,-2.21134,-0.0540698,0.468771,-2.35377,0,0.43024,-2.3543,-0.0633076
19.8901,-2.81169,-0.582606,2.65596,-2.87894,-0.741314,2.66644,-2.9376,-0.608695,2,-2.73097,-0.623603,2.02529,0.466085,-2.24935,0,0.381069,-2.21305,-0.0524953,0.486956,-2.35008,0,0.435521,-2.3385,-0.0629603
19.9001,-2.80692,-0.60517,2.65596,-2.875,-0.763453,2.66592,-2.93262,-0.632269,2,-2.72659,-0.64691,2.02466,0.484136,-2.24554,0,0.407164,-2.21469,-0.0508387,0.505815,-2.34609,0,0.440591,-2.32279,-0.0627495
19.9101,-2.80196,-0.627764,2.65596,-2.8708,-0.785606,2.66542,-2.92743,-0.655875,2,-2.72216,-0.670059,2.02404,0.502211,-2.24157,0,0.433208,-2.21604,-0.0491047,0.5247,-2.34194,0,0.445526,-2.30699,-0.0626365
19.9201,-2.79693,-0.649812,2.65596,-2.86634,-0.807772,2.66494,-2.92217,-0.67891,2,-2.71768,-0.69305,2.02341,0.519849,-2.23754,-7.3098e-19,0.459099,-2.21717,-0.0473383,0.543128,-2.33774,0,0.450285,-2.29124,-0.0626266
19.9302,-2.79159,-0.672384,2.65596,-2.86162,-0.829949,2.66447,-2.91659,-0.702492,2,-2.71315,-0.715884,2.02278,0.537907,-2.23327,7.3098e-19,0.484916,-2.21808,-0.0455754,0.561994,-2.33327,0,0.454989,-2.27557,-0.0627178
19.9402,-2.78606,-0.694926,2.65596,-2.85664,-0.852133,2.66403,-2.91082,-0.726044,2,-2.70858,-0.738561,2.02216,0.555941,-2.22885,0,0.510622,-2.21869,-0.0438203,0.580835,-2.32865,0,0.459652,-2.25993,-0.0628748
19.9501,-2.78049,-0.716878,2.65596,-2.8514,-0.874321,2.6636,-2.905,-0.74898,2,-2.70396,-0.761082,2.02153,0.573502,-2.22439,7.3098e-19,0.536358,-2.21876,-0.041996,0.599184,-2.324,0,0.464464,-2.24414,-0.0629826
19.9604,-2.7745,-0.739724,2.65596,-2.84591,-0.896507,2.66319,-2.89874,-0.772848,2,-2.69929,-0.783444,2.0209,0.591779,-2.2196,0,0.562007,-2.21846,-0.040131,0.618279,-2.31899,0,0.469353,-2.22842,-0.0630343
19.9701,-2.76867,-0.761267,2.65596,-2.84016,-0.918688,2.6628,-2.89265,-0.795356,2,-2.69457,-0.805649,2.02027,0.609013,-2.21493,7.3098e-19,0.587827,-2.21757,-0.0381769,0.636285,-2.31412,0,0.474621,-2.21254,-0.0629452
19.9801,-2.76252,-0.783289,2.65596,-2.83415,-0.940857,2.66242,-2.88622,-0.818364,2,-2.6898,-0.827696,2.01964,0.626631,-2.21001,0,0.613623,-2.21632,-0.0362204,0.654692,-2.30898,0,0.48012,-2.1968,-0.0627677
19.9901,-2.75615,-0.805422,2.65596,-2.82789,-0.963013,2.66207,-2.87957,-0.841488,2,-2.68497,-0.849586,2.01901,0.644337,-2.20492,7.3098e-19,0.639294,-2.21465,-0.0343358,0.67319,-2.30365,0,0.485799,-2.18115,-0.0625425
20.0002,-2.74949,-0.827846,2.65596,-2.82137,-0.985148,2.66174,-2.87262,-0.864916,2,-2.68008,-0.871319,2.01839,0.662276,-2.1996,0,0.664837,-2.21239,-0.0325245,0.691933,-2.29809,0,0.491715,-2.16546,-0.0622401
20.0101,-2.74289,-0.849476,2.65596,-2.81459,-1.00726,2.66142,-2.86571,-0.887515,2,-2.67513,-0.892895,2.01777,0.679581,-2.19431,-7.3098e-19,0.690198,-2.20974,-0.0307974,0.710012,-2.29257,0,0.497856,-2.14994,-0.0618459
20.0201,-2.73608,-0.871165,2.65596,-2.80757,-1.02934,2.66112,-2.8586,-0.910175,2,-2.67012,-0.914319,2.01715,0.696932,-2.18886,-7.3098e-19,0.715346,-2.20685,-0.0291939,0.72814,-2.28688,0,0.504229,-2.13476,-0.061376
20.0301,-2.72899,-0.893112,2.65596,-2.80029,-1.05139,2.66084,-2.8512,-0.933105,2,-2.66505,-0.935591,2.01654,0.71449,-2.18319,0,0.740453,-2.2035,-0.0276737,0.746484,-2.28096,0,0.511055,-2.11973,-0.0607685
20.0401,-2.72177,-0.91489,2.65596,-2.79276,-1.07341,2.66057,-2.84365,-0.955858,2,-2.6599,-0.956714,2.01593,0.731912,-2.17742,-7.3098e-19,0.765268,-2.19982,-0.0262778,0.764686,-2.27492,0,0.518132,-2.10501,-0.0600479
20.0501,-2.71436,-0.936632,2.65596,-2.78498,-1.09539,2.66031,-2.83591,-0.978573,2,-2.65468,-0.977692,2.01534,0.749305,-2.17149,0,0.789775,-2.19568,-0.0249994,0.782859,-2.26873,0,0.525488,-2.09048,-0.0591941
20.06,-2.70681,-0.958229,2.65596,-2.77696,-1.11732,2.66007,-2.82802,-1.00114,2,-2.64939,-0.998525,2.01475,0.766583,-2.16545,7.3098e-19,0.814006,-2.1911,-0.0238313,0.800911,-2.26242,0,0.533198,-2.07617,-0.0581885
20.0702,-2.69865,-0.980985,2.65596,-2.7687,-1.13921,2.65983,-2.8195,-1.02491,2,-2.64402,-1.01922,2.01418,0.784788,-2.15892,0,0.837869,-2.18614,-0.0227674,0.819931,-2.2556,0,0.54121,-2.06218,-0.0570196
20.0801,-2.69109,-1.00154,2.65596,-2.76021,-1.16104,2.65961,-2.8116,-1.04638,2,-2.63856,-1.03977,2.01361,0.801228,-2.15287,1.46196e-18,0.861333,-2.1808,-0.021823,0.837107,-2.24928,0,0.549531,-2.0485,-0.0556994
20.0901,-2.68306,-1.02286,2.65596,-2.75148,-1.18283,2.6594,-2.8032,-1.06867,2,-2.63303,-1.06019,2.01306,0.81829,-2.14645,-7.3098e-19,0.88434,-2.17529,-0.0210041,0.854933,-2.24256,0,0.558134,-2.03535,-0.0542341
20.1001,-2.6747,-1.04453,2.65596,-2.74252,-1.20455,2.65919,-2.79447,-1.0913,2,-2.6274,-1.08048,2.01253,0.835624,-2.13976,-1.46196e-18,0.907005,-2.16933,-0.0202811,0.873043,-2.23558,0,0.567174,-2.02245,-0.0525979
20.11,-2.66632,-1.06573,2.65596,-2.73334,-1.22621,2.65899,-2.78572,-1.11345,2,-2.62168,-1.10064,2.01201,0.852581,-2.13306,0,0.929298,-2.1627,-0.0195966,0.890759,-2.22858,0,0.576661,-2.0096,-0.0507416
20.1201,-2.65742,-1.08773,2.65596,-2.72394,-1.2478,2.6588,-2.77642,-1.13643,2,-2.61587,-1.12067,2.01151,0.870181,-2.12594,1.46196e-18,0.951244,-2.15562,-0.0190132,0.909148,-2.22114,0,0.586648,-1.99703,-0.0487394
20.1304,-2.64856,-1.10912,2.65596,-2.71139,-1.27576,2.65855,-2.76717,-1.15879,2,-2.60815,-1.14653,2.0109,0.887299,-2.11885,-1.46196e-18,0.979376,-2.14565,-0.0183696,0.927031,-2.21373,0,0.600537,-1.981,-0.0459017
20.1401,-2.63973,-1.12998,2.65596,-2.70448,-1.29076,2.65843,-2.75794,-1.18058,2,-2.60392,-1.16036,2.01058,0.903987,-2.11179,1.46196e-18,0.99423,-2.13997,-0.0181511,0.944468,-2.20635,0,0.608356,-1.97254,-0.0443473
20.1501,-2.63069,-1.15087,2.65596,-2.69443,-1.31212,2.65825,-2.74849,-1.20241,2,-2.59778,-1.18003,2.01015,0.920699,-2.10455,0,1.01496,-2.13152,-0.0180742,0.961928,-2.19879,0,0.619877,-1.96072,-0.0421868
20.1601,-2.62147,-1.17173,2.65596,-2.68418,-1.33339,2.65806,-2.73886,-1.2242,2,-2.59152,-1.19958,2.00974,0.937382,-2.09718,0,1.03512,-2.12292,-0.0181509,0.979358,-2.19109,0,0.631791,-1.94946,-0.0399953
20.1701,-2.61198,-1.19273,2.65596,-2.67373,-1.35458,2.65788,-2.72894,-1.24614,2,-2.58514,-1.21902,2.00935,0.954186,-2.08958,-1.46196e-18,1.05497,-2.11397,-0.0182544,0.996914,-2.18315,0,0.644346,-1.93849,-0.037668
20.1801,-2.60225,-1.21381,2.65596,-2.66308,-1.37567,2.6577,-2.71878,-1.26816,2,-2.57863,-1.23835,2.00899,0.971047,-2.0818,-1.46196e-18,1.07449,-2.10459,-0.0183574,1.01453,-2.17502,0,0.65755,-1.92774,-0.0352
20.1901,-2.59248,-1.23454,2.65596,-2.65224,-1.39667,2.65752,-2.70857,-1.28982,2,-2.57199,-1.25758,2.00865,0.987631,-2.07399,0,1.09373,-2.09478,-0.018518,1.03186,-2.16686,0,0.671482,-1.91719,-0.0326755
20.2003,-2.58234,-1.25561,2.65596,-2.64121,-1.41756,2.65733,-2.69798,-1.31184,2,-2.5652,-1.2767,2.00833,1.00449,-2.06587,1.46196e-18,1.11247,-2.08482,-0.0187458,1.04947,-2.15838,0,0.685933,-1.9071,-0.0301288
20.2101,-2.57254,-1.27556,2.65596,-2.62999,-1.43836,2.65714,-2.68774,-1.33268,2,-2.55827,-1.29572,2.00804,1.02045,-2.05804,1.46196e-18,1.1308,-2.07475,-0.019044,1.06615,-2.15019,0,0.700987,-1.89749,-0.027586
20.2201,-2.56215,-1.29632,2.65596,-2.6186,-1.45906,2.65695,-2.67688,-1.35437,2,-2.55118,-1.31465,2.00778,1.03706,-2.04972,0,1.14869,-2.06453,-0.0193983,1.08349,-2.1415,0,0.716634,-1.88828,-0.0250603
20.2301,-2.55179,-1.3166,2.65596,-2.60702,-1.47965,2.65675,-2.66605,-1.37556,2,-2.54393,-1.33349,2.00754,1.05328,-2.04143,0,1.16615,-2.05398,-0.0197879,1.10045,-2.13284,0,0.732906,-1.87929,-0.0225617
20.2401,-2.54092,-1.33746,2.65596,-2.59528,-1.50014,2.65655,-2.6547,-1.39735,2,-2.53652,-1.35224,2.00733,1.06996,-2.03273,0,1.1831,-2.04329,-0.0202226,1.11788,-2.12376,0,0.749711,-1.8707,-0.0201283
20.2502,-2.53018,-1.35765,2.65596,-2.58336,-1.52052,2.65635,-2.64348,-1.41845,2,-2.52893,-1.3709,2.00714,1.08612,-2.02415,-1.46196e-18,1.19967,-2.03253,-0.0206964,1.13476,-2.11479,0,0.767178,-1.86255,-0.0177816
20.2601,-2.5193,-1.37773,2.65596,-2.57128,-1.54079,2.65614,-2.63212,-1.43943,2,-2.52117,-1.38949,2.00697,1.10219,-2.01544,-1.46196e-18,1.21581,-2.02158,-0.0212263,1.15154,-2.10569,0,0.785241,-1.85469,-0.015566
20.2701,-2.50823,-1.39779,2.65596,-2.55905,-1.56095,2.65592,-2.62055,-1.46038,2,-2.51323,-1.408,2.00683,1.11823,-2.00659,0,1.2314,-2.01061,-0.0218081,1.1683,-2.09644,0,0.803782,-1.84727,-0.0135047
20.2801,-2.49707,-1.41764,2.65596,-2.54666,-1.581,2.6557,-2.60889,-1.48112,2,-2.50509,-1.42643,2.0067,1.13411,-1.99766,1.46196e-18,1.24653,-1.99943,-0.0224029,1.18489,-2.08711,0,0.822861,-1.84008,-0.0115847
20.2901,-2.48557,-1.4377,2.65596,-2.53412,-1.60094,2.65548,-2.59688,-1.50208,2,-2.49677,-1.4448,2.0066,1.15016,-1.98846,0,1.26114,-1.98804,-0.0229533,1.20166,-2.0775,0,0.842421,-1.83311,-0.00977475
20.3001,-2.47413,-1.45731,2.65596,-2.52144,-1.62076,2.65524,-2.58492,-1.52257,2,-2.48825,-1.4631,2.00651,1.16585,-1.9793,0,1.27519,-1.97663,-0.0235566,1.21805,-2.06793,0,0.862387,-1.82652,-0.00819529
20.3104,-2.46179,-1.47805,2.65596,-2.50862,-1.64047,2.655,-2.57203,-1.54423,2,-2.47952,-1.48133,2.00643,1.18244,-1.96943,1.46196e-18,1.28884,-1.96507,-0.0241758,1.23539,-2.05762,0,0.882893,-1.82016,-0.00683061
20.3201,-2.45043,-1.49681,2.65596,-2.49566,-1.66006,2.65476,-2.56016,-1.56383,2,-2.47059,-1.4995,2.00637,1.19744,-1.96035,0,1.30212,-1.95356,-0.0248086,1.25107,-2.04813,0,0.903946,-1.8142,-0.00569817
20.3302,-2.43829,-1.51651,2.65596,-2.48257,-1.67954,2.65451,-2.54747,-1.58442,2,-2.46144,-1.51761,2.00632,1.21321,-1.95063,-1.46196e-18,1.31502,-1.94203,-0.0254421,1.26754,-2.03798,0,0.925483,-1.80856,-0.00480206
20.3401,-2.42597,-1.53613,2.65596,-2.46936,-1.6989,2.65425,-2.53461,-1.60492,2,-2.45207,-1.53567,2.00627,1.22891,-1.94078,0,1.32758,-1.93039,-0.0260574,1.28394,-2.02769,0,0.947531,-1.80313,-0.00413894
20.3501,-2.4136,-1.55549,2.65596,-2.45602,-1.71815,2.65399,-2.52168,-1.62515,2,-2.44249,-1.55368,2.00623,1.2444,-1.93088,0,1.33992,-1.9186,-0.0266395,1.30012,-2.01735,0,0.970185,-1.79785,-0.00370889
20.3601,-2.40108,-1.57476,2.65596,-2.44256,-1.73727,2.65372,-2.5086,-1.64528,2,-2.43267,-1.57163,2.0062,1.25981,-1.92086,0,1.35206,-1.90671,-0.0271705,1.31622,-2.00688,0,0.993412,-1.79277,-0.00350472
20.3701,-2.38869,-1.59349,2.65596,-2.43035,-1.75439,2.65347,-2.49565,-1.66484,2,-2.42363,-1.58775,2.00617,1.27479,-1.91095,-1.46196e-18,1.36276,-1.89588,-0.0275737,1.33188,-1.99652,0,1.01472,-1.78829,-0.00348788
20.3801,-2.37584,-1.61258,2.65596,-2.41666,-1.77328,2.65319,-2.48223,-1.68479,2,-2.41336,-1.6056,2.00613,1.29007,-1.90067,1.46196e-18,1.3743,-1.88392,-0.0279943,1.34783,-1.98579,0,1.03873,-1.78362,-0.00371311
20.3904,-2.36241,-1.6322,2.65596,-2.40286,-1.79206,2.65291,-2.4682,-1.70529,2,-2.40286,-1.62342,2.00609,1.30576,-1.88993,0,1.38557,-1.87189,-0.028394,1.36423,-1.97456,0,1.06311,-1.7791,-0.00420434
20.4004,-2.34931,-1.651,2.65596,-2.38895,-1.81072,2.65263,-2.45451,-1.72493,2,-2.3921,-1.64119,2.00605,1.3208,-1.87945,0,1.39659,-1.85964,-0.028689,1.37995,-1.96361,0,1.08785,-1.77456,-0.00487806
20.4101,-2.33649,-1.6691,2.65596,-2.37493,-1.82926,2.65234,-2.44111,-1.74384,2,-2.3811,-1.65891,2.00599,1.33528,-1.86919,0,1.40744,-1.84721,-0.0289019,1.39507,-1.95289,0,1.113,-1.77005,-0.00575546
20.4202,-2.32285,-1.68803,2.65596,-2.3608,-1.84766,2.65205,-2.42686,-1.76362,2,-2.36984,-1.67659,2.00593,1.35042,-1.85828,0,1.41811,-1.83468,-0.0290527,1.41089,-1.94149,0,1.1385,-1.76561,-0.00685196
20.4302,-2.30922,-1.70662,2.65596,-2.34657,-1.86595,2.65176,-2.41263,-1.78304,2,-2.35833,-1.69422,2.00585,1.3653,-1.84738,0,1.42854,-1.82209,-0.029172,1.42643,-1.9301,0,1.16425,-1.76127,-0.00819104
20.4403,-2.29541,-1.72515,2.65596,-2.32935,-1.88772,2.65141,-2.3982,-1.8024,2,-2.34655,-1.71181,2.00576,1.38012,-1.83633,-1.46196e-18,1.44059,-1.80706,-0.0292579,1.44192,-1.91856,0,1.19011,-1.75711,-0.00974762
20.4502,-2.28187,-1.74302,2.65596,-2.3178,-1.90214,2.65117,-2.38405,-1.82107,2,-2.33452,-1.72937,2.00566,1.39441,-1.8255,0,1.44834,-1.7971,-0.0292689,1.45685,-1.90724,0,1.21601,-1.75323,-0.0115078
20.4601,-2.26774,-1.76136,2.65596,-2.30327,-1.92005,2.65088,-2.36929,-1.84024,2,-2.32223,-1.74688,2.00553,1.40909,-1.81419,0,1.45792,-1.78442,-0.0292455,1.47219,-1.89543,0,1.24216,-1.74924,-0.0134653
20.4702,-2.2536,-1.77942,2.65596,-2.2857,-1.94137,2.65053,-2.35451,-1.8591,2,-2.30714,-1.76784,2.00536,1.42354,-1.80288,0,1.46921,-1.76896,-0.0291296,1.48728,-1.88361,0,1.27377,-1.74441,-0.0160335
20.4802,-2.23916,-1.79756,2.65596,-2.27392,-1.95548,2.6503,-2.33942,-1.87806,2,-2.29686,-1.78178,2.00522,1.43805,-1.79132,-1.46196e-18,1.47668,-1.75856,-0.0290046,1.50244,-1.87154,0,1.29498,-1.74119,-0.0178656
20.4902,-2.22477,-1.81534,2.65596,-2.25911,-1.973,2.65001,-2.32439,-1.89663,2,-2.28378,-1.79917,2.00503,1.45227,-1.77981,0,1.48577,-1.74564,-0.0288638,1.5173,-1.85951,0,1.32149,-1.73735,-0.0203461
20.5002,-2.21021,-1.83304,2.65596,-2.2442,-1.99039,2.64972,-2.30918,-1.91512,2,-2.27043,-1.81653,2.00481,1.46643,-1.76817,1.46196e-18,1.49474,-1.73251,-0.0286206,1.5321,-1.84735,0,1.34809,-1.73341,-0.0228991
20.5102,-2.19545,-1.85069,2.65596,-2.22921,-2.00765,2.64944,-2.29376,-1.93356,2,-2.25682,-1.83384,2.00457,1.48055,-1.75636,0,1.50362,-1.71934,-0.0282373,1.54685,-1.83501,0,1.37472,-1.72952,-0.0254626
20.5201,-2.18065,-1.86811,2.65596,-2.21111,-2.02819,2.6491,-2.2783,-1.95176,2,-2.24294,-1.85112,2.00431,1.49448,-1.74452,0,1.51426,-1.70334,-0.0276281,1.56141,-1.82264,0,1.40144,-1.72557,-0.0280437
20.5301,-2.16565,-1.88547,2.65596,-2.19592,-2.04515,2.64883,-2.26263,-1.9699,2,-2.22593,-1.8718,2.00395,1.50838,-1.73252,1.46196e-18,1.52319,-1.68979,-0.0270281,1.57592,-1.8101,0,1.43368,-1.72065,-0.0311601
20.5402,-2.15043,-1.90281,2.65596,-2.1837,-2.05863,2.64861,-2.24673,-1.98802,2,-2.21437,-1.88555,2.00369,1.52225,-1.72035,-2.92392e-18,1.53039,-1.67883,-0.0264766,1.59041,-1.79738,0,1.45528,-1.71731,-0.0332315
20.5502,-2.13504,-1.92007,2.65596,-2.16835,-2.07535,2.64835,-2.23065,-2.00604,2,-2.19968,-1.9027,2.00335,1.53605,-1.70803,1.46196e-18,1.53938,-1.66509,-0.0257484,1.60484,-1.78452,0,1.48229,-1.71313,-0.0358362
20.5601,-2.12001,-1.93665,2.65596,-2.14982,-2.09523,2.64805,-2.21494,-2.02337,2,-2.1817,-1.92323,2.0029,1.54932,-1.69601,1.46196e-18,1.55014,-1.64849,-0.0248153,1.6187,-1.77195,0,1.51459,-1.70806,-0.0389397
20.57,-2.10441,-1.95359,2.65596,-2.13427,-2.11164,2.6478,-2.19865,-2.04107,2,-2.16642,-1.94029,2.0025,1.56287,-1.68353,1.46196e-18,1.55905,-1.63472,-0.0240461,1.63285,-1.75892,0,1.54133,-1.7039,-0.0415325
20.5804,-2.0879,-1.97122,2.65596,-2.12177,-2.12468,2.64761,-2.1814,-2.05949,2,-2.15401,-1.95391,2.00216,1.57698,-1.67032,0,1.56612,-1.62376,-0.0234079,1.64759,-1.74512,0,1.5626,-1.70063,-0.0435713
20.5901,-2.07288,-1.98702,2.65596,-2.10291,-2.14406,2.64734,-2.1657,-2.07599,2,-2.13825,-1.97089,2.00171,1.58961,-1.6583,-1.46196e-18,1.5767,-1.60726,-0.0224881,1.6608,-1.73256,0,1.58908,-1.69652,-0.0461106
20.6001,-2.05664,-2.00382,2.65596,-2.0871,-2.16007,2.64712,-2.14873,-2.09355,2,-2.11899,-1.99122,2.00114,1.60305,-1.64531,-1.46196e-18,1.58557,-1.59352,-0.0217671,1.67484,-1.71899,0,1.62061,-1.69156,-0.0491239
20.6101,-2.04043,-2.02032,2.65596,-2.0712,-2.17593,2.6469,-2.1318,-2.11079,2,-2.10594,-2.00474,2.00074,1.61626,-1.63234,1.46196e-18,1.59457,-1.57978,-0.020983,1.68863,-1.70544,0,1.64156,-1.68827,-0.0510217
20.6201,-2.02457,-2.03622,2.65596,-2.05521,-2.19166,2.6467,-2.11523,-2.1274,2,-2.08605,-2.02497,2.00011,1.62897,-1.61965,1.46196e-18,1.60369,-1.56588,-0.0201247,1.70192,-1.69218,0,1.67289,-1.68311,-0.0536482
20.6302,-2.00767,-2.05288,2.65596,-2.04235,-2.20414,2.64654,-2.09757,-2.14481,2,-2.07259,-2.03842,1.99967,1.64231,-1.60613,-1.46196e-18,1.6109,-1.55485,-0.0194212,1.71585,-1.67805,0,1.69349,-1.67973,-0.0552757
20.6401,-1.9915,-2.06856,2.65596,-2.0262,-2.21962,2.64635,-2.08068,-2.16119,2,-2.05553,-2.05519,1.99911,1.65485,-1.5932,0,1.6199,-1.54096,-0.018533,1.72896,-1.66455,0,1.71895,-1.67535,-0.057164
20.6504,-1.9746,-2.0847,2.65596,-2.00995,-2.23496,2.64617,-2.06302,-2.17806,2,-2.03821,-2.07193,1.99853,1.66776,-1.57968,0,1.62903,-1.52701,-0.0176349,1.74244,-1.65042,0,1.74417,-1.67085,-0.0588682
20.6601,-1.95842,-2.09991,2.65596,-1.99362,-2.25016,2.646,-2.04612,-2.19395,2,-2.0171,-2.09194,1.99781,1.67993,-1.56674,-1.46196e-18,1.63838,-1.51317,-0.0167184,1.75516,-1.6369,0,1.77416,-1.66547,-0.0606367
20.6703,-1.94117,-2.11587,2.65596,-1.97719,-2.26523,2.64584,-2.02809,-2.21062,2,-2.00283,-2.10525,1.99732,1.6927,-1.55293,-1.46196e-18,1.64779,-1.49948,-0.0157842,1.7685,-1.62247,0,1.79387,-1.66192,-0.0616316
20.6801,-1.92413,-2.13138,2.65596,-1.96066,-2.28015,2.64568,-2.01029,-2.22682,2,-1.98477,-2.12185,1.9967,1.70511,-1.5393,1.46196e-18,1.65732,-1.48565,-0.014798,1.78146,-1.60823,0,1.8182,-1.65724,-0.0626281
20.6901,-1.90746,-2.14631,2.65596,-1.9407,-2.29788,2.64551,-1.99287,-2.24242,2,-1.96646,-2.1384,1.99607,1.71705,-1.52597,1.46196e-18,1.66903,-1.46883,-0.0135773,1.79394,-1.5943,0,1.8423,-1.65224,-0.0633642
20.7001,-1.89009,-2.16162,2.65596,-1.92732,-2.30959,2.64541,-1.97472,-2.25842,2,-1.94792,-2.15489,1.99543,1.7293,-1.51207,1.46196e-18,1.67694,-1.45741,-0.0127849,1.80674,-1.57978,0,1.86602,-1.6469,-0.0638774
20.7101,-1.87297,-2.17648,2.65596,-1.90712,-2.32697,2.64526,-1.95684,-2.27394,2,-1.92914,-2.17133,1.99479,1.74118,-1.49837,1.46196e-18,1.68907,-1.4401,-0.0116365,1.81915,-1.56547,0,1.88947,-1.64123,-0.064179
20.7201,-1.85493,-2.19186,2.65596,-1.89358,-2.33845,2.64517,-1.938,-2.29001,2,-1.91013,-2.18772,1.99415,1.75349,-1.48395,0,1.69734,-1.42849,-0.01093,1.83201,-1.5504,0,1.91263,-1.6353,-0.0642877
20.7301,-1.83743,-2.20656,2.65596,-1.87313,-2.35548,2.64505,-1.91971,-2.30536,2,-1.88702,-2.2073,1.99338,1.76524,-1.46995,0,1.7099,-1.41098,-0.00989017,1.84429,-1.53577,0,1.93991,-1.62785,-0.064105
20.7401,-1.8201,-2.22087,2.65596,-1.85942,-2.36672,2.64497,-1.90161,-2.32032,2,-1.87143,-2.2203,1.99287,1.7767,-1.45608,0,1.71836,-1.39923,-0.00922509,1.85626,-1.52129,0,1.95772,-1.62264,-0.0637954
20.7502,-1.80168,-2.23584,2.65596,-1.84219,-2.38064,2.64488,-1.88236,-2.33596,2,-1.85174,-2.23649,1.99223,1.78867,-1.44135,0,1.72894,-1.38459,-0.00839953,1.86877,-1.50589,0,1.97949,-1.61596,-0.0631717
20.7601,-1.78421,-2.24981,2.65596,-1.82484,-2.39442,2.6448,-1.86411,-2.35055,2,-1.82783,-2.25583,1.99148,1.79985,-1.42737,-1.46196e-18,1.73954,-1.37002,-0.00759416,1.88044,-1.49129,0,2.00487,-1.60775,-0.0620957
20.7702,-1.76577,-2.26431,2.65596,-1.80739,-2.40804,2.64473,-1.84484,-2.3657,2,-1.81173,-2.26867,1.99099,1.81145,-1.41262,1.46196e-18,1.75027,-1.35548,-0.00682596,1.89256,-1.47587,0,2.02139,-1.6021,-0.0611999
20.7801,-1.74798,-2.27807,2.65596,-1.78984,-2.42153,2.64466,-1.82625,-2.38008,2,-1.78733,-2.28785,1.99026,1.82246,-1.39838,0,1.76099,-1.34114,-0.00611887,1.90407,-1.461,0,2.04539,-1.59359,-0.0596157
20.7902,-1.72961,-2.29205,2.65596,-1.77217,-2.43487,2.64461,-1.80706,-2.39469,2,-1.7709,-2.30057,1.98979,1.83364,-1.38368,-1.46196e-18,1.77168,-1.32699,-0.00548431,1.91575,-1.44564,0,2.06089,-1.58784,-0.0584185
20.8001,-1.71084,-2.30609,2.65596,-1.7544,-2.44807,2.64455,-1.78745,-2.40936,2,-1.7502,-2.31641,1.98922,1.84488,-1.36867,0,1.78253,-1.31267,-0.00486276,1.92749,-1.42996,0,2.07983,-1.58024,-0.0567061
20.8101,-1.69291,-2.31929,2.65596,-1.73652,-2.46112,2.64451,-1.76872,-2.42314,2,-1.72931,-2.33218,1.98866,1.85543,-1.35433,1.46196e-18,1.79344,-1.29835,-0.00424356,1.93851,-1.41498,0,2.09818,-1.57237,-0.0547633
20.8202,-1.67383,-2.3331,2.65596,-1.71853,-2.47403,2.64447,-1.74878,-2.43757,2,-1.70824,-2.34786,1.98812,1.86648,-1.33907,0,1.80436,-1.2841,-0.00364031,1.95006,-1.39903,0,2.11588,-1.56429,-0.0526142
20.8301,-1.6553,-2.34628,2.65596,-1.6968,-2.48934,2.64443,-1.72942,-2.45134,2,-1.68699,-2.36346,1.98761,1.87702,-1.32424,0,1.81761,-1.26682,-0.00293014,1.96108,-1.38354,0,2.13303,-1.55577,-0.0502634
20.8402,-1.63623,-2.35962,2.65596,-1.68223,-2.49943,2.64441,-1.7095,-2.46528,2,-1.66558,-2.37897,1.98712,1.88769,-1.30898,1.46196e-18,1.82657,-1.25526,-0.00250267,1.97222,-1.3676,0,2.14967,-1.54691,-0.0477635
20.8501,-1.61757,-2.37245,2.65596,-1.6639,-2.51191,2.64439,-1.69,-2.47869,2,-1.644,-2.3944,1.98665,1.89796,-1.29405,-1.46196e-18,1.83786,-1.24082,-0.00203757,1.98295,-1.352,0,2.1658,-1.53773,-0.0451591
20.8601,-1.5987,-2.38521,2.65596,-1.64547,-2.52424,2.64437,-1.67028,-2.49202,2,-1.62226,-2.40973,1.98621,1.90817,-1.27896,0,1.84921,-1.22627,-0.00159326,1.99361,-1.33623,0,2.18132,-1.52814,-0.0424069
20.8702,-1.57914,-2.3982,2.65596,-1.62692,-2.53643,2.64435,-1.64986,-2.50559,2,-1.60037,-2.42496,1.9858,1.91856,-1.26331,0,1.86069,-1.21149,-0.0011451,2.00447,-1.31988,0,2.19632,-1.51799,-0.039498
20.8801,-1.56013,-2.41061,2.65596,-1.60826,-2.54847,2.64434,-1.62999,-2.51856,2,-1.57834,-2.44009,1.98542,1.92849,-1.2481,1.46196e-18,1.87223,-1.19673,-0.000723538,2.01485,-1.30399,0,2.21072,-1.50753,-0.0364786
20.8903,-1.54039,-2.42327,2.65596,-1.5857,-2.56273,2.64434,-1.60937,-2.53178,2,-1.55616,-2.45511,1.98507,1.93862,-1.23231,1.46196e-18,1.88617,-1.17886,-0.000209301,2.02543,-1.28749,0,2.22455,-1.49658,-0.0333295
20.9001,-1.52132,-2.43529,2.65596,-1.57058,-2.57211,2.64434,-1.58945,-2.54434,2,-1.53385,-2.47002,1.98476,1.94823,-1.21706,-1.46196e-18,1.89543,-1.16696,7.60207e-05,2.03547,-1.27156,0,2.23771,-1.48528,-0.0301359
20.9103,-1.5012,-2.44774,2.65596,-1.55157,-2.5837,2.64434,-1.56842,-2.55735,2,-1.51141,-2.48481,1.98447,1.9582,-1.20096,0,1.90693,-1.15207,0.000374291,2.04588,-1.25474,0,2.25019,-1.47362,-0.0269255
20.9203,-1.48192,-2.45946,2.65596,-1.53436,-2.59401,2.64434,-1.54828,-2.5696,2,-1.49111,-2.49803,1.98424,1.96757,-1.18554,0,1.91723,-1.13877,0.000594465,2.05568,-1.23863,0,2.26086,-1.4629,-0.0240247
20.9302,-1.46226,-2.4712,2.65596,-1.51513,-2.60533,2.64435,-1.52774,-2.58186,2,-1.46844,-2.5126,1.98402,1.97696,-1.16981,0,1.92878,-1.124,0.000838776,2.06549,-1.22219,0,2.27221,-1.45065,-0.0207548
20.9403,-1.44236,-2.48287,2.65596,-1.49578,-2.61649,2.64436,-1.50695,-2.59405,2,-1.44567,-2.52704,1.98383,1.9863,-1.15389,0,1.94042,-1.10912,0.00108544,2.07524,-1.20556,0,2.28301,-1.43792,-0.017451
20.9502,-1.42261,-2.49424,2.65596,-1.47632,-2.62751,2.64437,-1.48631,-2.60593,2,-1.42279,-2.54135,1.98367,1.99539,-1.13809,-1.46196e-18,1.95195,-1.09432,0.00132626,2.08474,-1.18905,0,2.29308,-1.42488,-0.0141401
20.9602,-1.40259,-2.50555,2.65596,-1.45674,-2.63838,2.64439,-1.46539,-2.61775,2,-1.3952,-2.55835,1.98352,2.00444,-1.12207,-1.46196e-18,1.96344,-1.07933,0.00157276,2.0942,-1.17231,0,2.30433,-1.40852,-0.0101726
20.9702,-1.38285,-2.5165,2.65596,-1.43705,-2.6491,2.64441,-1.44478,-2.62919,2,-1.37674,-2.56958,1.98345,2.0132,-1.10628,1.46196e-18,1.97488,-1.06426,0.00181828,2.10335,-1.15582,0,2.31133,-1.39722,-0.00753812
20.9803,-1.36202,-2.52783,2.65596,-1.41724,-2.65966,2.64442,-1.42301,-2.64103,2,-1.35358,-2.58348,1.98339,2.02227,-1.08962,0,1.98646,-1.04907,0.00209786,2.11282,-1.13841,0,2.31972,-1.38266,-0.00425346
20.9903,-1.34184,-2.5386,2.65596,-1.39732,-2.67008,2.64445,-1.40193,-2.65228,2,-1.33035,-2.59723,1.98337,2.03088,-1.07347,1.46196e-18,1.99812,-1.03378,0.00240782,2.12183,-1.12154,0,2.32765,-1.36761,-0.000993654
21.0003,-1.32156,-2.54922,2.65596,-1.37728,-2.68034,2.64447,-1.38074,-2.66337,2,-1.30703,-2.61083,1.98337,2.03938,-1.05725,0,2.00989,-1.01827,0.00273401,2.1307,-1.10459,0,2.33515,-1.35196,0.00221175
21.0102,-1.30109,-2.55973,2.65596,-1.35712,-2.69044,2.6445,-1.35935,-2.67435,2,-1.28364,-2.62427,1.98341,2.04778,-1.04087,1.46196e-18,2.0216,-1.00276,0.00308487,2.13948,-1.08748,0,2.34209,-1.33592,0.00535697
21.0201,-1.28089,-2.5699,2.65596,-1.33685,-2.70039,2.64453,-1.33825,-2.68497,2,-1.26019,-2.63754,1.98348,2.05592,-1.02471,-1.46196e-18,2.03321,-0.987281,0.00345395,2.14798,-1.0706,0,2.34845,-1.31952,0.00842273
21.0301,-1.25892,-2.58073,2.65596,-1.31646,-2.71019,2.64457,-1.3153,-2.69629,2,-1.23668,-2.65066,1.98358,2.06458,-1.00714,-1.46196e-18,2.04477,-0.971625,0.00382379,2.15703,-1.05224,0,2.3543,-1.30255,0.0113791
21.0402,-1.23959,-2.59007,2.65596,-1.29596,-2.71983,2.64461,-1.2951,-2.70605,2,-1.21311,-2.66359,1.98371,2.07206,-0.991674,0,2.05622,-0.955867,0.0042102,2.16484,-1.03608,0,2.35961,-1.2851,0.0142296
21.0505,-1.2177,-2.60044,2.65596,-1.27534,-2.7293,2.64466,-1.27222,-2.71688,2,-1.18949,-2.67636,1.98386,2.08035,-0.974157,0,2.06771,-0.939951,0.00462236,2.17351,-1.01778,0,2.36454,-1.26711,0.016971
21.0604,-1.19746,-2.60982,2.65596,-1.25044,-2.74047,2.64471,-1.25108,-2.72668,2,-1.16108,-2.69143,1.98409,2.08785,-0.957967,0,2.08136,-0.920788,0.00515338,2.18135,-1.00086,0,2.36981,-1.24496,0.0201064
21.0704,-1.17689,-2.61915,2.65596,-1.23375,-2.74778,2.64476,-1.22959,-2.73644,2,-1.13736,-2.70378,1.9843,2.09532,-0.941515,0,2.09038,-0.90799,0.00546603,2.18915,-0.983676,0,2.3737,-1.22605,0.0224997
21.0804,-1.15562,-2.62861,2.65596,-1.21279,-2.75678,2.64481,-1.20736,-2.74632,2,-1.11836,-2.71353,1.98449,2.10289,-0.924493,0,2.1016,-0.892008,0.00585212,2.19706,-0.965892,0,2.37657,-1.21067,0.0243015
21.0901,-1.13503,-2.63757,2.65596,-1.19172,-2.76562,2.64487,-1.18585,-2.75568,2,-1.09458,-2.72554,1.98474,2.11005,-0.908022,1.46196e-18,2.11284,-0.875945,0.0062776,2.20454,-0.948683,0,2.37991,-1.19103,0.0264472
21.1002,-1.11382,-2.64659,2.65596,-1.17054,-2.7743,2.64494,-1.1637,-2.7651,2,-1.07076,-2.73735,1.98502,2.11727,-0.891059,0,2.12399,-0.859929,0.00672974,2.21208,-0.93096,0,2.38287,-1.17108,0.0284467
21.1102,-1.09236,-2.65552,2.65596,-1.14924,-2.78282,2.64501,-1.14128,-2.77444,2,-1.04692,-2.74896,1.98531,2.12442,-0.873888,-1.46196e-18,2.13498,-0.843982,0.00721346,2.21955,-0.91302,0,2.3854,-1.15083,0.030304
21.1203,-1.07117,-2.66414,2.65596,-1.12355,-2.79284,2.6451,-1.11913,-2.78344,2,-1.01828,-2.76262,1.98569,2.13131,-0.856935,0,2.14792,-0.824867,0.00785024,2.22675,-0.895308,0,2.38791,-1.12608,0.0323589
21.1303,-1.04992,-2.67259,2.65596,-1.10633,-2.79938,2.64516,-1.09693,-2.79226,2,-0.999173,-2.77156,1.98595,2.13807,-0.839935,-1.46196e-18,2.15636,-0.812164,0.00826156,2.23381,-0.877547,0,2.38924,-1.10935,0.0335749
21.1401,-1.02857,-2.68088,2.65596,-1.08471,-2.80743,2.64525,-1.07463,-2.80092,2,-0.975274,-2.78255,1.98629,2.1447,-0.822857,-7.3098e-19,2.16659,-0.796407,0.00871835,2.24074,-0.859704,0,2.39048,-1.08827,0.0348849
21.1503,-1.00677,-2.68914,2.65596,-1.063,-2.81531,2.64534,-1.05185,-2.80956,2,-0.951365,-2.79333,1.98665,2.15131,-0.805414,0,2.17658,-0.78068,0.00919133,2.24765,-0.84148,0,2.39135,-1.0669,0.0360376
21.1601,-0.985699,-2.69693,2.65596,-1.04118,-2.82304,2.64543,-1.02984,-2.8177,2,-0.927447,-2.80389,1.98701,2.15755,-0.788559,0,2.1865,-0.764739,0.00970361,2.25416,-0.82387,0,2.39201,-1.04502,0.0370505
21.1701,-0.963972,-2.70477,2.65596,-1.01927,-2.83061,2.64553,-1.00714,-2.82589,2,-0.903526,-2.81423,1.98739,2.16382,-0.771178,7.3098e-19,2.19616,-0.748686,0.0102362,2.26071,-0.805711,0,2.3923,-1.02274,0.0379084
21.1803,-0.941936,-2.71253,2.65596,-0.997259,-2.83801,2.64564,-0.984116,-2.83399,2,-0.879602,-2.82434,1.98777,2.17002,-0.753549,0,2.20567,-0.73259,0.0108025,2.26719,-0.787293,0,2.39235,-1.00015,0.0386302
21.1902,-0.920492,-2.71988,2.65596,-0.975156,-2.84526,2.64575,-0.961711,-2.84167,2,-0.85568,-2.83423,1.98816,2.1759,-0.736394,-7.3098e-19,2.21486,-0.716532,0.011381,2.27334,-0.769369,0,2.39203,-0.977307,0.0391984
21.2003,-0.898138,-2.72734,2.65596,-0.952962,-2.85234,2.64586,-0.938356,-2.84947,2,-0.831762,-2.84389,1.98855,2.18187,-0.71851,-7.3098e-19,2.22375,-0.700562,0.0119949,2.27958,-0.750685,0,2.39138,-0.954295,0.0396404
21.2101,-0.877203,-2.73415,2.65596,-0.930682,-2.85927,2.64599,-0.916484,-2.85658,2,-0.807854,-2.85332,1.98895,2.18732,-0.701763,7.3098e-19,2.23227,-0.684759,0.0126329,2.28526,-0.733187,0,2.39035,-0.931201,0.0399513
21.2201,-0.855021,-2.74117,2.65596,-0.903836,-2.86737,2.64614,-0.893308,-2.86391,2,-0.783957,-2.86251,1.98935,2.19293,-0.684017,0,2.24204,-0.665888,0.0133729,2.29113,-0.714647,0,2.38899,-0.907953,0.040094
21.2301,-0.832868,-2.74798,2.65596,-0.885874,-2.87265,2.64625,-0.870163,-2.87103,2,-0.760075,-2.87147,1.98975,2.19838,-0.666294,0,2.24825,-0.653313,0.0138243,2.29682,-0.696131,0,2.38728,-0.884508,0.0400497
21.2401,-0.811438,-2.75438,2.65596,-0.863355,-2.87911,2.64639,-0.847773,-2.87772,2,-0.736212,-2.8802,1.99015,2.20351,-0.64915,0,2.25566,-0.637507,0.0143294,2.30218,-0.678219,0,2.38527,-0.860787,0.0398135
21.2502,-0.789248,-2.76082,2.65596,-0.840762,-2.8854,2.64654,-0.82459,-2.88445,2,-0.71237,-2.88869,1.99055,2.20866,-0.631398,0,2.26279,-0.621747,0.0148154,2.30756,-0.659672,0,2.38307,-0.836947,0.0394354
21.2601,-0.766964,-2.7671,2.65596,-0.813559,-2.89275,2.64672,-0.801308,-2.891,2,-0.688551,-2.89694,1.99094,2.21368,-0.613571,0,2.27101,-0.602747,0.0154446,2.3128,-0.641046,0,2.38067,-0.812888,0.03897
21.2703,-0.744519,-2.77322,2.65596,-0.79537,-2.89752,2.64685,-0.777858,-2.8974,2,-0.664757,-2.90495,1.99133,2.21857,-0.595615,0,2.27628,-0.590037,0.0158695,2.31792,-0.622287,0,2.3781,-0.788644,0.038408
21.2806,-0.721701,-2.77924,2.65596,-0.774858,-2.90277,2.64699,-0.754019,-2.9037,2,-0.643366,-2.91195,1.99167,2.2234,-0.577361,0,2.28185,-0.575805,0.0162867,2.32296,-0.603215,0,2.37554,-0.766777,0.0377604
21.2903,-0.70028,-2.78472,2.65596,-0.75201,-2.90844,2.64716,-0.731638,-2.90942,2,-0.619626,-2.91949,1.99204,2.22777,-0.560224,-7.3098e-19,2.28766,-0.560026,0.0166859,2.32753,-0.58531,0,2.37244,-0.742421,0.0368933
21.3002,-0.677898,-2.79025,2.65596,-0.729106,-2.91397,2.64732,-0.708254,-2.9152,2,-0.595918,-2.92679,1.99241,2.2322,-0.542319,0,2.29315,-0.544346,0.0170987,2.33216,-0.566604,0,2.3691,-0.718097,0.0359471
21.3101,-0.655889,-2.79551,2.65596,-0.706148,-2.91933,2.6475,-0.685259,-2.92069,2,-0.572244,-2.93385,1.99276,2.23641,-0.524711,0,2.29834,-0.528654,0.0175385,2.33655,-0.548208,0,2.36556,-0.693708,0.0349459
21.3205,-0.63273,-2.80084,2.65596,-0.68314,-2.92454,2.64768,-0.661063,-2.92626,2,-0.548608,-2.94067,1.99311,2.24067,-0.506184,0,2.30314,-0.512937,0.0179551,2.34101,-0.528851,0,2.36175,-0.669261,0.0338533
21.3304,-0.61052,-2.80576,2.65596,-0.660086,-2.92959,2.64786,-0.637858,-2.93141,2,-0.52501,-2.94724,1.99344,2.24461,-0.488416,0,2.3077,-0.497018,0.0183533,2.34512,-0.510287,0,2.35784,-0.644608,0.0326845
21.3401,-0.588572,-2.81045,2.65596,-0.636987,-2.93448,2.64804,-0.614928,-2.9363,2,-0.501451,-2.95356,1.99376,2.24836,-0.470858,7.3098e-19,2.31206,-0.480863,0.018754,2.34904,-0.491943,0,2.35389,-0.619734,0.031468
21.3504,-0.565064,-2.81527,2.65596,-0.613845,-2.93921,2.64823,-0.590367,-2.94134,2,-0.477932,-2.95963,1.99407,2.25222,-0.452051,0,2.3163,-0.464498,0.0191719,2.35307,-0.472294,0,2.34995,-0.594687,0.0302279
21.3601,-0.543648,-2.81949,2.65596,-0.590662,-2.94377,2.64843,-0.567992,-2.94574,2,-0.454453,-2.96545,1.99436,2.25559,-0.434918,0,2.32026,-0.448089,0.0195684,2.35659,-0.454393,0,2.34589,-0.569644,0.028936
21.3701,-0.520056,-2.82393,2.65596,-0.567441,-2.94817,2.64862,-0.543344,-2.95039,2,-0.431015,-2.97102,1.99465,2.25915,-0.416045,0,2.32392,-0.431604,0.0199395,2.36031,-0.434675,0,2.3417,-0.54458,0.0275969
21.3801,-0.498544,-2.82781,2.65596,-0.544184,-2.9524,2.64882,-0.520869,-2.95444,2,-0.407619,-2.97634,1.99492,2.26225,-0.398835,0,2.32739,-0.414783,0.0203138,2.36355,-0.416695,0,2.3375,-0.519253,0.0262498
21.3901,-0.475091,-2.83184,2.65596,-0.520894,-2.95646,2.64903,-0.496365,-2.95865,2,-0.384265,-2.98141,1.99517,2.26547,-0.380073,0,2.33063,-0.397786,0.0206791,2.36692,-0.397092,0,2.33325,-0.493847,0.0248912
21.4001,-0.452924,-2.83547,2.65596,-0.497572,-2.96035,2.64924,-0.473205,-2.96244,2,-0.360953,-2.98622,1.99541,2.26838,-0.362339,0,2.3338,-0.380513,0.0210279,2.36996,-0.378564,0,2.32912,-0.468272,0.0235215
21.4105,-0.429494,-2.83912,2.65596,-0.474218,-2.96407,2.64945,-0.448726,-2.96625,2,-0.337682,-2.99077,1.99564,2.27129,-0.343595,3.6549e-19,2.33683,-0.363012,0.0213675,2.373,-0.358981,0,2.32504,-0.442581,0.0221551
21.4201,-0.407175,-2.8424,2.65596,-0.450836,-2.96761,2.64967,-0.425408,-2.96968,2,-0.314452,-2.99507,1.99586,2.27392,-0.32574,3.6549e-19,2.33967,-0.34515,0.0216922,2.37575,-0.340326,0,2.32097,-0.416653,0.0207948
21.4301,-0.385096,-2.84548,2.65596,-0.427426,-2.97098,2.64988,-0.40234,-2.9729,2,-0.291263,-2.99911,1.99606,2.27638,-0.308076,0,2.34221,-0.327125,0.0219644,2.37832,-0.321872,0,2.31681,-0.390696,0.0194107
21.4401,-0.36147,-2.84858,2.65596,-0.403992,-2.97416,2.6501,-0.377657,-2.97613,2,-0.268116,-3.00289,1.99625,2.27886,-0.289176,0,2.34458,-0.309038,0.0222251,2.38091,-0.302125,0,2.31269,-0.364812,0.0180497
21.4501,-0.338689,-2.85138,2.65596,-0.380536,-2.97716,2.65033,-0.353855,-2.97906,2,-0.24501,-3.0064,1.99642,2.2811,-0.270951,-3.6549e-19,2.34667,-0.290897,0.0224485,2.38325,-0.283084,0,2.30851,-0.339014,0.0166929
21.4601,-0.316577,-2.85391,2.65596,-0.357059,-2.97997,2.65055,-0.330753,-2.98171,2,-0.221945,-3.00967,1.99658,2.28313,-0.253261,3.6549e-19,2.3486,-0.2725,0.0226553,2.38537,-0.264602,0,2.3044,-0.313117,0.0153669
21.4705,-0.292542,-2.85648,2.65596,-0.333565,-2.98261,2.65078,-0.305642,-2.98439,2,-0.198922,-3.01267,1.99673,2.28518,-0.234033,0,2.35027,-0.254102,0.022834,2.38751,-0.244513,0,2.30025,-0.28739,0.0140658
21.4801,-0.270693,-2.85863,2.65596,-0.310054,-2.98505,2.65101,-0.282815,-2.98664,2,-0.17594,-3.01541,1.99686,2.28691,-0.216554,0,2.35177,-0.23555,0.0229893,2.38931,-0.226252,0,2.29616,-0.261683,0.0128006
21.4901,-0.248135,-2.86068,2.65596,-0.28653,-2.98732,2.65124,-0.259247,-2.98878,2,-0.152998,-3.0179,1.99698,2.28854,-0.198508,-3.6549e-19,2.35315,-0.216937,0.0231428,2.39102,-0.207397,0,2.29219,-0.236094,0.0115962
21.5004,-0.223637,-2.8627,2.65596,-0.262991,-2.98939,2.65147,-0.233651,-2.99089,2,-0.130096,-3.02013,1.99709,2.29016,-0.17891,0,2.35442,-0.198179,0.0232937,2.39271,-0.186921,0,2.28835,-0.210546,0.0104567
21.5101,-0.202256,-2.86429,2.65596,-0.239442,-2.99128,2.65171,-0.211313,-2.99255,2,-0.107231,-3.02211,1.99719,2.29143,-0.161805,0,2.35552,-0.179389,0.0234328,2.39404,-0.16905,0,2.2846,-0.185154,0.00937875
21.5204,-0.178466,-2.86587,2.65596,-0.215881,-2.99298,2.65194,-0.186458,-2.9942,2,-0.0844028,-3.02384,1.99728,2.29269,-0.142773,0,2.3566,-0.160483,0.0227825,2.39536,-0.149166,0,2.28112,-0.159894,0.00759602
21.5303,-0.155589,-2.8672,2.65596,-0.19231,-2.99449,2.65216,-0.162556,-2.99559,2,-0.0616084,-3.02531,1.99734,2.29376,-0.124471,1.82745e-19,2.35755,-0.141427,0.0213361,2.39647,-0.130045,0,2.27781,-0.134732,0.00510396
21.5401,-0.133406,-2.86832,2.65596,-0.16873,-2.99581,2.65236,-0.13938,-2.99676,2,-0.0388457,-3.02653,1.99738,2.29466,-0.106725,0,2.3585,-0.12208,0.0191133,2.39741,-0.111504,0,2.2748,-0.10952,0.00192586
21.5501,-0.110376,-2.8693,2.65596,-0.145141,-2.99693,2.65254,-0.115319,-2.99778,2,-0.016112,-3.0275,1.99738,2.29544,-0.0883009,-9.13725e-20,2.35934,-0.102739,0.0161675,2.39823,-0.092255,0,2.27198,-0.0845564,-0.00188505
21.5603,-0.0870915,-2.8701,2.65596,-0.121544,-2.99786,2.65269,-0.0909914,-2.99862,2,0.00659437,-3.02822,1.99734,2.29608,-0.0696732,0,2.36005,-0.0834171,0.0127104,2.3989,-0.0727931,0,2.26934,-0.0598323,-0.00611929
21.5704,-0.0634624,-2.87072,2.65596,-0.0979404,-2.9986,2.65279,-0.0663042,-2.99927,2,0.0292752,-3.0287,1.99726,2.29657,-0.0507699,-9.13725e-20,2.36064,-0.0641088,0.00889126,2.39941,-0.0530434,0,2.26686,-0.035327,-0.0106284
21.5803,-0.0412017,-2.87112,2.65596,-0.0743321,-2.99914,2.65287,-0.0430467,-2.99969,2,0.0519316,-3.02893,1.99713,2.2969,-0.0329613,-4.56862e-20,2.36102,-0.0448071,0.00505064,2.39975,-0.0344373,0,2.26448,-0.0110187,-0.0150749
21.5901,-0.0185444,-2.87136,2.65596,-0.05072,-2.9995,2.6529,-0.0193748,-2.99994,2,0.0745656,-3.02892,1.99696,2.29709,-0.0148355,0,2.36137,-0.0253932,0.00105214,2.39995,-0.0154998,0,2.26233,0.0132005,-0.0195962
21.6003,0.00477542,-2.87142,2.65596,-0.0271056,-2.99965,2.65289,0.00498926,-3,2,0.0971782,-3.02867,1.99674,2.29713,0.00382033,0,2.36149,-0.00611248,-0.00305742,2.4,0.00399141,0,2.26025,0.0370888,-0.024145
21.6102,0.02784,-2.87128,2.65596,-0.00349101,-2.99962,2.65284,0.0290867,-2.99986,2,0.119771,-3.02818,1.99648,2.29703,0.022272,2.28431e-20,2.36137,0.013092,-0.00693672,2.39989,0.0232693,0,2.25822,0.0607263,-0.0283799
21.6202,0.0504349,-2.87098,2.65596,0.0201209,-2.99939,2.65275,0.0526934,-2.99954,2,0.142343,-3.02745,1.99617,2.29678,0.040348,-4.56862e-20,2.361,0.0322817,-0.0104221,2.39963,0.0421547,0,2.25626,0.084179,-0.0321387
21.6301,0.0731082,-2.87049,2.65596,0.0437287,-2.99897,2.65263,0.076382,-2.99903,2,0.164896,-3.0265,1.99583,2.29639,0.0584866,0,2.36053,0.0515142,-0.0136733,2.39922,0.0611056,0,2.2545,0.10749,-0.0355807
21.6404,0.0971412,-2.86978,2.65596,0.0673302,-2.99836,2.65248,0.101491,-2.99828,2,0.187433,-3.02531,1.99546,2.29582,0.0777129,9.13725e-20,2.35972,0.0707247,-0.0166568,2.39863,0.0811929,0,2.25272,0.130597,-0.0386718
21.6502,0.119589,-2.86893,2.65596,0.0909215,-2.99756,2.6523,0.124944,-2.9974,2,0.20995,-3.02389,1.99506,2.29514,0.0956711,-9.13725e-20,2.35848,0.0899083,-0.0190872,2.39792,0.0999551,0,2.25085,0.153508,-0.0411275
21.6603,0.143027,-2.86786,2.65596,0.114499,-2.99656,2.6521,0.149432,-2.99628,2,0.23245,-3.02224,1.99464,2.29428,0.114422,0,2.35697,0.109036,-0.0211786,2.39702,0.119546,0,2.24903,0.176179,-0.0431653
21.6701,0.165226,-2.86666,2.65596,0.13806,-2.99538,2.65188,0.172625,-2.99503,2,0.254931,-3.02036,1.9942,2.29333,0.132181,1.82745e-19,2.35524,0.128187,-0.0228404,2.39602,0.1381,0,2.24731,0.198683,-0.0446971
21.6802,0.188254,-2.86524,2.65596,0.161603,-2.994,2.65164,0.196684,-2.99355,2,0.277396,-3.01826,1.99375,2.29219,0.150603,0,2.35335,0.147458,-0.0242855,2.39484,0.157347,0,2.24576,0.221105,-0.045937
21.6901,0.211509,-2.86362,2.65596,0.185126,-2.99243,2.65139,0.22098,-2.99185,2,0.299847,-3.01594,1.99329,2.2909,0.169207,0,2.35122,0.166723,-0.0254229,2.39348,0.176784,0,2.24432,0.243325,-0.0467945
21.7003,0.234383,-2.86184,2.65596,0.213324,-2.99029,2.65108,0.244878,-2.98999,2,0.322283,-3.0134,1.99282,2.28947,0.187506,-1.82745e-19,2.34834,0.189761,-0.0262571,2.39199,0.195902,0,2.24298,0.265302,-0.0471785
21.7101,0.256422,-2.85995,2.65596,0.232102,-2.98871,2.65087,0.267904,-2.98801,2,0.344706,-3.01064,1.99234,2.28796,0.205137,-3.6549e-19,2.34621,0.204963,-0.0269604,2.39041,0.214323,0,2.24168,0.286886,-0.0475615
21.7201,0.279631,-2.85777,2.65596,0.25555,-2.98657,2.6506,0.292153,-2.98574,2,0.367117,-3.00766,1.99187,2.28622,0.223705,0,2.34321,0.223864,-0.027571,2.38859,0.233722,0,2.24038,0.308152,-0.0476869
21.7301,0.302557,-2.85543,2.65596,0.278965,-2.98423,2.65032,0.316105,-2.9833,2,0.389514,-3.00447,1.99139,2.28435,0.242046,0,2.3399,0.242827,-0.0277914,2.38664,0.252884,0,2.23911,0.329278,-0.047357
21.7405,0.326023,-2.85285,2.65596,0.307018,-2.98118,2.64999,0.340622,-2.9806,2,0.411899,-3.00108,1.99092,2.28228,0.260818,0,2.33546,0.26558,-0.0276666,2.38448,0.272497,0,2.23781,0.350172,-0.0466699
21.7501,0.348519,-2.85019,2.65596,0.325689,-2.979,2.64976,0.364125,-2.97782,2,0.434271,-2.99747,1.99046,2.28015,0.278815,0,2.33233,0.280701,-0.0279607,2.38226,0.2913,0,2.23659,0.370788,-0.0462532
21.7601,0.371086,-2.84734,2.65596,0.348992,-2.9761,2.64948,0.387703,-2.97484,2,0.456631,-2.99366,1.99,2.27787,0.296869,-3.6549e-19,2.3282,0.299585,-0.0282714,2.37987,0.310163,0,2.23545,0.391152,-0.045848
21.7701,0.393595,-2.84432,2.65596,0.372252,-2.973,2.6492,0.41122,-2.97168,2,0.478979,-2.98965,1.98954,2.27545,0.314876,-3.6549e-19,2.32374,0.318539,-0.0282765,2.37735,0.328976,0,2.2343,0.411353,-0.0450885
21.7801,0.416625,-2.84103,2.65596,0.395466,-2.96972,2.64892,0.435281,-2.96825,2,0.501317,-2.98543,1.98909,2.27283,0.3333,3.6549e-19,2.31905,0.337537,-0.0280392,2.3746,0.348225,0,2.23321,0.43135,-0.0440439
21.7901,0.439151,-2.83764,2.65596,0.418633,-2.96625,2.64864,0.458816,-2.96471,2,0.523644,-2.98102,1.98866,2.27011,0.351321,0,2.3142,0.356582,-0.0275693,2.37177,0.367052,0,2.23224,0.451149,-0.0427266
21.8001,0.461771,-2.83405,2.65596,0.44175,-2.96259,2.64837,0.482449,-2.96095,2,0.545962,-2.97641,1.98824,2.26724,0.369417,0,2.30912,0.375686,-0.0269409,2.36876,0.385959,0,2.23131,0.470763,-0.0412152
21.8101,0.484551,-2.83024,2.65596,0.464814,-2.95874,2.6481,0.506249,-2.95698,2,0.56827,-2.97161,1.98784,2.26419,0.387641,-3.6549e-19,2.30376,0.394644,-0.0262098,2.36558,0.404999,0,2.23036,0.489987,-0.0395688
21.8201,0.507281,-2.82625,2.65596,0.487824,-2.9547,2.64784,0.529997,-2.95281,2,0.590569,-2.96661,1.98745,2.261,0.405825,0,2.29824,0.413579,-0.0253401,2.36225,0.423998,0,2.2295,0.508945,-0.037755
21.8301,0.530508,-2.82199,2.65596,0.510778,-2.95047,2.6476,0.554264,-2.94835,2,0.61286,-2.96143,1.98708,2.25759,0.424407,-7.3098e-19,2.29249,0.432579,-0.0243527,2.35868,0.443411,0,2.22864,0.527721,-0.0357982
21.8405,0.553596,-2.81755,2.65596,0.533673,-2.94605,2.64736,0.578386,-2.94372,2,0.635142,-2.95606,1.98673,2.25404,0.442877,-7.3098e-19,2.28655,0.45166,-0.0232706,2.35497,0.462709,0,2.22783,0.546326,-0.0337248
21.8501,0.575569,-2.81314,2.65596,0.556509,-2.94144,2.64713,0.601343,-2.93911,2,0.657417,-2.9505,1.98641,2.25051,0.460456,0,2.28048,0.470823,-0.0221292,2.35129,0.481074,0,2.22708,0.56476,-0.0315744
21.8601,0.597717,-2.80852,2.65596,0.579282,-2.93663,2.64691,0.624482,-2.93428,2,0.679684,-2.94477,1.9861,2.24682,0.478173,0,2.27421,0.490026,-0.0210268,2.34743,0.499586,0,2.2263,0.582986,-0.0294497
21.8701,0.619834,-2.80372,2.65596,0.601992,-2.93163,2.64671,0.64759,-2.92927,2,0.701943,-2.93884,1.98582,2.24298,0.495867,0,2.26784,0.509304,-0.0199557,2.34342,0.518072,0,2.2256,0.601049,-0.027345
21.8801,0.642181,-2.79869,2.65596,0.624639,-2.92645,2.64652,0.670938,-2.92401,2,0.724196,-2.93274,1.98556,2.23895,0.513745,0,2.2614,0.528594,-0.0188826,2.33921,0.53675,0,2.22499,0.618894,-0.0252286
21.8901,0.664808,-2.7934,2.65596,0.64722,-2.92106,2.64633,0.694577,-2.91849,2,0.746443,-2.92647,1.98531,2.23472,0.531846,-7.3098e-19,2.25487,0.547896,-0.0178079,2.33479,0.555662,0,2.22442,0.63653,-0.0231032
21.9001,0.686863,-2.78806,2.65596,0.669736,-2.91549,2.64616,0.717621,-2.91291,2,0.768685,-2.92001,1.98509,2.23045,0.549491,0,2.24824,0.567331,-0.0166956,2.33032,0.574097,0,2.22389,0.654089,-0.0209342
21.9103,0.709593,-2.78236,2.65596,0.692184,-2.90972,2.646,0.741368,-2.90695,2,0.790921,-2.91339,1.9849,2.22589,0.567674,0,2.24143,0.586812,-0.0156001,2.32556,0.593095,0,2.2233,0.671487,-0.0187778
21.9201,0.731336,-2.77672,2.65596,0.714564,-2.90375,2.64585,0.764085,-2.90106,2,0.81315,-2.90659,1.98472,2.22138,0.585069,-7.3098e-19,2.23447,0.606221,-0.0144989,2.32085,0.611268,0,2.22266,0.68862,-0.0166126
21.9301,0.754013,-2.77065,2.65596,0.736873,-2.89759,2.64571,0.787778,-2.89472,2,0.835374,-2.89961,1.98456,2.21652,0.603211,-7.3098e-19,2.22744,0.625749,-0.0133871,2.31578,0.630222,0,2.22204,0.705692,-0.0144361
21.9404,0.776452,-2.76445,2.65596,0.759113,-2.89124,2.64558,0.811221,-2.88824,2,0.857592,-2.89247,1.98443,2.21156,0.621162,-7.3098e-19,2.22046,0.645252,-0.0122483,2.31059,0.648977,0,2.22154,0.722564,-0.0122327
21.9501,0.798031,-2.7583,2.65596,0.781282,-2.88469,2.64546,0.833767,-2.88181,2,0.879805,-2.88516,1.98432,2.20664,0.638425,0,2.21344,0.66459,-0.0110692,2.30545,0.667013,0,2.22105,0.739106,-0.00998998
21.9603,0.820174,-2.75179,2.65596,0.803382,-2.87794,2.64536,0.856901,-2.87502,2,0.902013,-2.87769,1.98423,2.20143,0.656139,7.3098e-19,2.20646,0.68384,-0.00990597,2.30001,0.68552,0,2.22063,0.75541,-0.00776523
21.9703,0.842137,-2.74515,2.65596,0.825411,-2.87101,2.64527,0.879848,-2.86808,2,0.924217,-2.87006,1.98416,2.19612,0.67371,-7.3098e-19,2.19946,0.703004,-0.0087607,2.29446,0.703878,0,2.22022,0.771489,-0.00555925
21.9802,0.865377,-2.73791,2.65596,0.847371,-2.86388,2.64518,0.904128,-2.86052,2,0.946418,-2.86226,1.98412,2.19033,0.692302,-1.46196e-18,2.19247,0.722152,-0.00761711,2.28841,0.723302,0,2.21985,0.787424,-0.00335456
21.9901,0.885487,-2.73148,2.65596,0.864888,-2.85805,2.64513,0.925139,-2.85379,2,0.964175,-2.85591,1.9841,2.18518,0.70839,7.3098e-19,2.18679,0.737374,-0.00671077,2.28303,0.740111,0,2.21948,0.799989,-0.00159867
22.0002,0.907758,-2.72416,2.65596,0.88672,-2.85058,2.64506,0.948407,-2.84614,2,0.986367,-2.84783,1.98409,2.17932,0.726207,-7.3098e-19,2.1796,0.756405,-0.00557602,2.27691,0.758726,0,2.21892,0.815593,0.000597813
22.0101,0.928863,-2.71703,2.65596,0.90848,-2.84292,2.64501,0.970457,-2.8387,2,1.00855,-2.8396,1.98411,2.17363,0.74309,0,2.17237,0.775428,-0.00446295,2.27096,0.776365,0,2.21829,0.831055,0.00276922
22.0201,0.950705,-2.70947,2.65596,0.930168,-2.83507,2.64498,0.993277,-2.83079,2,1.03073,-2.83121,1.98415,2.16757,0.760564,0,2.16516,0.794507,-0.00339436,2.26464,0.794622,0,2.21761,0.846447,0.0048913
22.0301,0.972252,-2.70181,2.65596,0.951783,-2.82703,2.64495,1.01579,-2.8228,2,1.0529,-2.82267,1.98421,2.16145,0.777802,7.3098e-19,2.15791,0.813581,-0.00236421,2.25824,0.812631,0,2.21685,0.861734,0.00697293
22.0401,0.99391,-2.69392,2.65596,0.973326,-2.8188,2.64493,1.03842,-2.81455,2,1.07507,-2.81398,1.98429,2.15513,0.795128,-7.3098e-19,2.15078,0.832717,-0.00135256,2.25164,0.830734,0,2.21614,0.877003,0.0090361
22.0501,1.01641,-2.68551,2.65596,0.994799,-2.81037,2.64492,1.06192,-2.80577,2,1.09723,-2.80513,1.98439,2.14841,0.813125,7.3098e-19,2.14376,0.851933,-0.000366561,2.24461,0.849537,0,2.21547,0.89229,0.0110745
22.0601,1.03702,-2.67762,2.65596,1.0162,-2.80176,2.64492,1.08345,-2.79752,2,1.11938,-2.79613,1.98451,2.1421,0.829614,1.46196e-18,2.13667,0.871161,0.000607916,2.23802,0.866764,0,2.21467,0.907543,0.0131042
22.0701,1.05823,-2.66931,2.65596,1.03753,-2.79295,2.64493,1.10562,-2.78884,2,1.14152,-2.78698,1.98465,2.13545,0.846583,0,2.12939,0.890235,0.00153672,2.23107,0.884493,0,2.2136,0.922615,0.0150918
22.0801,1.07974,-2.66068,2.65596,1.05879,-2.78395,2.64495,1.12809,-2.77982,2,1.16365,-2.77768,1.98481,2.12854,0.863794,0,2.12202,0.909157,0.00240955,2.22386,0.902474,0,2.21237,0.937528,0.0170295
22.0901,1.10109,-2.65191,2.65596,1.07574,-2.77662,2.64497,1.1504,-2.77067,2,1.18134,-2.77013,1.98495,2.12153,0.880872,-1.46196e-18,2.11614,0.924286,0.00309477,2.21653,0.920317,0,2.21132,0.949457,0.0185723
22.1001,1.12261,-2.64288,2.65596,1.09687,-2.76728,2.64501,1.17288,-2.76122,2,1.20345,-2.76056,1.98515,2.1143,0.898087,0,2.10882,0.943161,0.00385893,2.20898,0.938302,0,2.20998,0.964348,0.0204151
22.1101,1.14339,-2.63395,2.65596,1.11792,-2.75776,2.64505,1.19459,-2.7519,2,1.22554,-2.75085,1.98536,2.10716,0.914711,0,2.10153,0.961958,0.00456809,2.20152,0.955672,0,2.20855,0.979152,0.0222075
22.1201,1.16465,-2.62462,2.65596,1.1389,-2.74804,2.6451,1.2168,-2.74215,2,1.24762,-2.74098,1.98559,2.0997,0.931721,-1.46196e-18,2.09408,0.980506,0.00524434,2.19372,0.973443,0,2.20681,0.993704,0.0239708
22.1301,1.18521,-2.6154,2.65596,1.1598,-2.73815,2.64516,1.23828,-2.73252,2,1.26968,-2.73097,1.98584,2.09232,0.948168,1.46196e-18,2.08652,0.998749,0.0059203,2.18601,0.990626,0,2.20485,1.00799,0.025742
22.1401,1.20616,-2.60581,2.65596,1.18063,-2.72807,2.64522,1.26017,-2.72249,2,1.29172,-2.72082,1.98611,2.08465,0.964927,0,2.07891,1.01677,0.00658282,2.17799,1.00814,0,2.20272,1.02209,0.0275098
22.1502,1.22759,-2.59578,2.65596,1.20138,-2.71781,2.64529,1.28256,-2.71202,2,1.31373,-2.71053,1.98639,2.07663,0.982069,0,2.07116,1.03471,0.00723836,2.16962,1.02605,0,2.20034,1.03615,0.029282
22.1601,1.24846,-2.58581,2.65596,1.22205,-2.70738,2.64536,1.30436,-2.7016,2,1.33572,-2.7001,1.98669,2.06865,0.998765,0,2.06334,1.05257,0.00791668,2.16128,1.04349,0,2.19777,1.0502,0.0310902
22.1702,1.26878,-2.5759,2.65596,1.24264,-2.69676,2.64545,1.32559,-2.69125,2,1.35769,-2.68953,1.98701,2.06072,1.01502,0,2.05539,1.07037,0.00860247,2.153,1.06047,0,2.19495,1.06424,0.0329192
22.1801,1.28879,-2.56594,2.65596,1.26316,-2.68597,2.64553,1.34651,-2.68084,2,1.37962,-2.67882,1.98735,2.05275,1.03104,-1.46196e-18,2.04732,1.08803,0.00926776,2.14467,1.0772,0,2.19188,1.07821,0.0347409
22.1901,1.3096,-2.55539,2.65596,1.28359,-2.675,2.64563,1.36824,-2.66981,2,1.40152,-2.66796,1.98771,2.04431,1.04768,0,2.03895,1.10541,0.00991426,2.13585,1.0946,0,2.18838,1.09199,0.0365577
22.2001,1.33009,-2.54478,2.65596,1.30394,-2.66386,2.64573,1.38966,-2.65873,2,1.42339,-2.65698,1.98808,2.03582,1.06408,0,2.03046,1.12275,0.0105716,2.12699,1.11172,0,2.18465,1.10584,0.0384009
22.2101,1.35033,-2.5341,2.65596,1.3242,-2.65255,2.64584,1.4108,-2.64757,2,1.44522,-2.64585,1.98848,2.02728,1.08027,0,2.02191,1.14007,0.0112238,2.11806,1.12864,0,2.18072,1.11977,0.0402539
22.2201,1.37049,-2.52325,2.65596,1.34437,-2.64106,2.64596,1.43186,-2.63624,2,1.467,-2.63458,1.98889,2.0186,1.0964,0,2.01325,1.15717,0.0118672,2.10899,1.14549,0,2.17655,1.1336,0.0421108
22.2301,1.39076,-2.51214,2.65596,1.36446,-2.6294,2.64608,1.45303,-2.62463,2,1.48875,-2.62318,1.98932,2.00971,1.1126,1.46196e-18,2.00449,1.17413,0.0124963,2.09971,1.16243,0,2.17212,1.14741,0.043966
22.2401,1.41103,-2.50081,2.65596,1.38446,-2.61758,2.64621,1.47421,-2.61279,2,1.51044,-2.61163,1.98977,2.00065,1.12882,0,1.99563,1.1909,0.013095,2.09024,1.17937,0,2.16746,1.16118,0.0458032
22.2503,1.43151,-2.48914,2.65596,1.40437,-2.60559,2.64634,1.49562,-2.6006,2,1.53209,-2.59995,1.99024,1.99131,1.14521,0,1.98662,1.20757,0.0136544,2.08048,1.19649,0,2.1625,1.17498,0.0476122
22.2601,1.45098,-2.47784,2.65596,1.42419,-2.59343,2.64648,1.51595,-2.5888,2,1.55369,-2.58813,1.99072,1.98227,1.16078,-1.46196e-18,1.97743,1.22407,0.0141806,2.07104,1.21276,0,2.1572,1.18875,0.0493975
22.2701,1.47016,-2.46651,2.65596,1.44195,-2.58235,2.64661,1.53599,-2.57696,2,1.57309,-2.57738,1.99117,1.97321,1.17613,-1.46196e-18,1.96908,1.23876,0.014657,2.06157,1.22879,0,2.15223,1.20112,0.0510128
22.2801,1.49001,-2.45457,2.65596,1.4616,-2.56988,2.64676,1.55673,-2.56449,2,1.59458,-2.5653,1.99169,1.96366,1.19201,0,1.95971,1.25499,0.0151718,2.05159,1.24539,0,2.14643,1.21491,0.0527977
22.2901,1.5112,-2.44158,2.65596,1.48115,-2.55725,2.64691,1.57888,-2.55091,2,1.61601,-2.55308,1.99223,1.95326,1.20896,0,1.95012,1.27098,0.0156638,2.04073,1.2631,0,2.14025,1.22861,0.0545611
22.3001,1.52903,-2.43046,2.65596,1.5006,-2.54446,2.64707,1.5975,-2.53929,2,1.63738,-2.54073,1.99278,1.94437,1.22322,1.46196e-18,1.9404,1.28695,0.0161299,2.03143,1.278,0,2.13375,1.24243,0.0562969
22.3102,1.54862,-2.41802,2.65596,1.51995,-2.53151,2.64724,1.61796,-2.5263,2,1.65869,-2.52823,1.99335,1.93442,1.23889,0,1.93057,1.30279,0.0164945,2.02104,1.29437,0,2.12694,1.25626,0.0579245
22.3201,1.56779,-2.40564,2.65596,1.53921,-2.5184,2.6474,1.63799,-2.51336,2,1.67992,-2.5156,1.99394,1.92451,1.25423,-1.46196e-18,1.92065,1.31854,0.0168081,2.01069,1.31039,0,2.11984,1.27016,0.0594924
22.3301,1.58683,-2.39312,2.65596,1.55837,-2.50514,2.64757,1.65788,-2.50028,2,1.70108,-2.50283,1.99454,1.9145,1.26946,1.46196e-18,1.91068,1.33407,0.017133,2.00023,1.32631,0,2.11249,1.28401,0.061061
22.3401,1.60607,-2.38025,2.65596,1.57742,-2.49172,2.64774,1.67799,-2.48683,2,1.72217,-2.48992,1.99516,1.9042,1.28486,0,1.90067,1.34947,0.0174503,1.98947,1.34239,0,2.1049,1.29789,0.0626069
22.3501,1.62505,-2.36733,2.65596,1.59638,-2.47815,2.64792,1.69782,-2.47334,2,1.74318,-2.47687,1.9958,1.89387,1.30004,0,1.89065,1.3647,0.0177768,1.97867,1.35825,0,2.09709,1.31177,0.0641445
22.3601,1.64423,-2.35405,2.65596,1.61524,-2.46443,2.6481,1.71786,-2.45946,2,1.76411,-2.46368,1.99645,1.88324,1.31539,0,1.88058,1.37981,0.0181141,1.96757,1.37429,0,2.08902,1.32571,0.0656723
22.3701,1.66294,-2.34087,2.65596,1.63399,-2.45055,2.64828,1.73741,-2.44569,2,1.78496,-2.45036,1.99711,1.87269,1.33036,0,1.87035,1.39484,0.0184679,1.95655,1.38993,0,2.08059,1.33974,0.0671925
22.3801,1.68168,-2.32744,2.65596,1.65264,-2.43653,2.64847,1.75699,-2.43166,2,1.80572,-2.43689,1.99779,1.86195,1.34535,0,1.85996,1.40973,0.0188258,1.94533,1.40559,0,2.07179,1.35382,0.0686893
22.3901,1.7003,-2.31388,2.65596,1.67119,-2.42236,2.64866,1.77644,-2.41749,2,1.82639,-2.42328,1.99848,1.8511,1.36024,0,1.84946,1.42458,0.0192023,1.93399,1.42115,0,2.06265,1.36802,0.0701728
22.4001,1.71862,-2.3003,2.65596,1.68963,-2.40804,2.64885,1.79558,-2.40331,2,1.84697,-2.40953,1.99919,1.84024,1.3749,-1.46196e-18,1.83884,1.43933,0.0195615,1.92265,1.43646,0,2.05318,1.3823,0.0716025
22.4101,1.73678,-2.28662,2.65596,1.70797,-2.39357,2.64905,1.81455,-2.38902,2,1.86746,-2.39563,1.99992,1.8293,1.38942,0,1.82809,1.45386,0.0198924,1.91121,1.45164,0,2.04335,1.39655,0.0729628
22.4202,1.75621,-2.27173,2.65596,1.72619,-2.37896,2.64925,1.83485,-2.37346,2,1.88784,-2.3816,2.00065,1.81739,1.40497,-1.46196e-18,1.81728,1.46824,0.0202088,1.89877,1.46788,0,2.03324,1.41082,0.0742635
22.4301,1.77293,-2.25871,2.65596,1.74431,-2.36421,2.64946,1.85232,-2.35985,2,1.90812,-2.36742,2.0014,1.80697,1.41834,1.46196e-18,1.80643,1.4825,0.0204963,1.88788,1.48186,0,2.02285,1.42516,0.0754862
22.4401,1.79109,-2.24434,2.65596,1.76232,-2.34931,2.64966,1.87129,-2.34484,2,1.9283,-2.35309,2.00216,1.79547,1.43287,-1.46196e-18,1.79554,1.49674,0.0207234,1.87587,1.49703,0,2.01221,1.43964,0.0765953
22.4501,1.80878,-2.2301,2.65596,1.78022,-2.33427,2.64987,1.88978,-2.32996,2,1.94836,-2.33862,2.00293,1.78408,1.44703,1.46196e-18,1.78451,1.51079,0.0208937,1.86397,1.51182,0,2.0012,1.45412,0.0775922
22.4601,1.82675,-2.21541,2.65596,1.79801,-2.3191,2.65008,1.90855,-2.31461,2,1.96832,-2.32401,2.00371,1.77232,1.4614,0,1.77338,1.52475,0.0210765,1.85169,1.52684,0,1.98987,1.4687,0.0785434
22.4702,1.84457,-2.2006,2.65596,1.81393,-2.30532,2.65027,1.92716,-2.29914,2,1.99014,-2.30777,2.00458,1.76048,1.47565,-1.46196e-18,1.76331,1.53727,0.0212413,1.83931,1.54173,0,1.97707,1.48487,0.0795137
22.4801,1.86233,-2.18559,2.65596,1.83501,-2.28677,2.65053,1.94572,-2.28346,2,2.00985,-2.29284,2.00538,1.74847,1.48986,0,1.74979,1.55375,0.0213865,1.82677,1.55658,0,1.96515,1.49961,0.0802608
22.4902,1.87993,-2.17046,2.65596,1.84723,-2.27586,2.65068,1.96411,-2.26765,2,2.02358,-2.28231,2.00594,1.73637,1.50394,0,1.74198,1.56332,0.0212607,1.81412,1.57129,0,1.95675,1.50998,0.0805369
22.5002,1.89701,-2.15555,2.65596,1.86805,-2.257,2.65093,1.98196,-2.25207,2,2.04308,-2.26714,2.00675,1.72444,1.51761,-1.46196e-18,1.72872,1.57964,0.0204,1.80166,1.58557,0,1.94469,1.5249,0.0803759
22.5102,1.91422,-2.14028,2.65596,1.88185,-2.24432,2.65109,1.99994,-2.23612,2,2.06633,-2.24873,2.00771,1.71223,1.53138,0,1.71993,1.59044,0.0194083,1.7889,1.59995,0,1.93003,1.54284,0.0794879
22.5203,1.93145,-2.12475,2.65596,1.89899,-2.22835,2.65127,2.01794,-2.21989,2,2.08173,-2.23634,2.00834,1.6998,1.54516,2.92392e-18,1.70879,1.60382,0.0181936,1.77592,1.61435,0,1.91998,1.55484,0.0788276
22.5301,1.94801,-2.10958,2.65596,1.91602,-2.21225,2.65145,2.03524,-2.20404,2,2.10087,-2.22072,2.00913,1.68766,1.55841,0,1.69741,1.61701,0.0172609,1.76323,1.62819,0,1.90702,1.56981,0.0782018
22.5402,1.96525,-2.09352,2.65596,1.93631,-2.19275,2.65165,2.05325,-2.18727,2,2.11987,-2.20494,2.00991,1.67482,1.5722,1.46196e-18,1.68365,1.63282,0.0165436,1.74982,1.6426,0,1.89375,1.58492,0.0777993
22.5503,1.98185,-2.07782,2.65596,1.95309,-2.17636,2.65182,2.07059,-2.17086,2,2.1425,-2.18581,2.01084,1.66225,1.58548,0,1.67209,1.64578,0.0159123,1.73669,1.65647,0,1.87745,1.60299,0.0772294
22.5601,1.99839,-2.06192,2.65596,1.96643,-2.16315,2.65194,2.08787,-2.15425,2,2.15747,-2.17294,2.01145,1.64953,1.59871,0,1.66267,1.656,0.0154874,1.7234,1.6703,0,1.86627,1.61503,0.0768463
22.5702,2.01487,-2.04581,2.65596,1.98299,-2.14653,2.65209,2.10509,-2.13742,2,2.17606,-2.15672,2.01222,1.63665,1.6119,-1.46196e-18,1.65072,1.66859,0.0149851,1.70994,1.68408,0,1.85198,1.63007,0.0763265
22.5802,2.03087,-2.02993,2.65596,1.99944,-2.12978,2.65224,2.12181,-2.12083,2,2.19451,-2.14034,2.01298,1.62395,1.62469,0,1.63877,1.68125,0.0146005,1.69667,1.69745,0,1.83751,1.64533,0.0758421
22.5902,2.04751,-2.01314,2.65596,2.01577,-2.1129,2.65239,2.1392,-2.10329,2,2.21281,-2.12381,2.01374,1.61051,1.63801,0,1.62677,1.69398,0.0143837,1.68263,1.71136,0,1.82281,1.66077,0.0754381
22.6001,2.06291,-1.99737,2.65596,2.02874,-2.09931,2.6525,2.15528,-2.08681,2,2.22735,-2.11047,2.01434,1.59789,1.65032,0,1.61709,1.70409,0.0143491,1.66945,1.72422,0,1.81085,1.67315,0.0751914
22.6101,2.07859,-1.98104,2.65596,2.04485,-2.0822,2.65264,2.17166,-2.06975,2,2.24538,-2.09366,2.01509,1.58483,1.66287,0,1.60493,1.71671,0.014384,1.6558,1.73733,0,1.79569,1.68875,0.074885
22.6201,2.09477,-1.96392,2.65596,2.06084,-2.06497,2.65279,2.18857,-2.05187,2,2.26326,-2.0767,2.01584,1.57114,1.67581,-1.46196e-18,1.5926,1.72905,0.0144957,1.64149,1.75086,0,1.78019,1.70418,0.07457
22.6301,2.11033,-1.94719,2.65596,2.07512,-2.04936,2.65292,2.20483,-2.03439,2,2.27922,-2.0613,2.01651,1.55775,1.68826,0,1.58138,1.74005,0.0146941,1.62751,1.76386,0,1.76599,1.71806,0.0743116
22.6402,2.12595,-1.93013,2.65596,2.08931,-2.03365,2.65305,2.22115,-2.01656,2,2.29505,-2.04577,2.01718,1.5441,1.70076,0,1.57013,1.75096,0.0149733,1.61325,1.77692,0,1.75164,1.73194,0.074067
22.6501,2.14113,-1.91327,2.65596,2.10494,-2.01608,2.65321,2.23701,-1.99895,2,2.31248,-2.02838,2.01791,1.53062,1.7129,0,1.55754,1.763,0.0153498,1.59916,1.78961,0,1.73549,1.74737,0.0737849
22.6601,2.15656,-1.89586,2.65596,2.12046,-1.99839,2.65336,2.25313,-1.98076,2,2.32976,-2.01083,2.01865,1.51669,1.72525,1.46196e-18,1.54486,1.77507,0.0157756,1.5846,1.80251,0,1.71911,1.76288,0.0734732
22.6701,2.17151,-1.87873,2.65596,2.13584,-1.98058,2.65352,2.26875,-1.96285,2,2.34687,-1.99312,2.01938,1.50298,1.73721,0,1.53207,1.78706,0.0162783,1.57028,1.815,0,1.7025,1.77839,0.0731629
22.6801,2.18654,-1.86121,2.65596,2.1511,-1.96265,2.65369,2.28445,-1.94455,2,2.36381,-1.97526,2.02011,1.48896,1.74923,0,1.51914,1.79883,0.0168147,1.55564,1.82756,0,1.68563,1.79377,0.0728143
22.6901,2.20159,-1.84339,2.65596,2.16622,-1.94461,2.65386,2.30017,-1.92593,2,2.38058,-1.95725,2.02084,1.47471,1.76127,1.46196e-18,1.50612,1.81049,0.0173813,1.54074,1.84014,0,1.6686,1.80911,0.072428
22.7001,2.21646,-1.82547,2.65596,2.17973,-1.92827,2.65402,2.31571,-1.90722,2,2.39553,-1.9409,2.02149,1.46038,1.77317,1.46196e-18,1.49436,1.82094,0.0179049,1.52577,1.85257,0,1.65315,1.82297,0.0720397
22.7101,2.23028,-1.80857,2.65596,2.19312,-1.91183,2.65418,2.33015,-1.88955,2,2.41033,-1.92443,2.02214,1.44685,1.78422,0,1.48247,1.83133,0.0183599,1.51164,1.86412,0,1.63752,1.83682,0.0715354
22.7201,2.24469,-1.79065,2.65596,2.20788,-1.89346,2.65437,2.34521,-1.87083,2,2.42662,-1.90599,2.02285,1.43252,1.79575,-1.46196e-18,1.46913,1.84279,0.0188546,1.49666,1.87617,0,1.61996,1.85219,0.0709119
22.7301,2.25915,-1.77237,2.65596,2.2225,-1.87497,2.65456,2.36031,-1.85174,2,2.44273,-1.88739,2.02355,1.4179,1.80732,1.46196e-18,1.4556,1.85416,0.0193513,1.48139,1.88825,0,1.60215,1.86752,0.0702389
22.7401,2.27327,-1.75422,2.65596,2.23699,-1.85638,2.65475,2.37507,-1.83277,2,2.45866,-1.86864,2.02425,1.40337,1.81862,0,1.44191,1.8653,0.0198589,1.46622,1.90005,0,1.58415,1.88268,0.0695292
22.7501,2.2876,-1.7355,2.65596,2.25134,-1.83767,2.65495,2.39004,-1.81321,2,2.47442,-1.84974,2.02495,1.3884,1.83008,0,1.42816,1.87635,0.0203811,1.45057,1.91203,0,1.56605,1.89781,0.068791
22.7601,2.30093,-1.71778,2.65596,2.26555,-1.81885,2.65516,2.40396,-1.7947,2,2.48998,-1.83068,2.02563,1.37423,1.84074,-1.46196e-18,1.41429,1.88737,0.020892,1.43576,1.92317,0,1.54779,1.91296,0.0680037
22.7701,2.31448,-1.69948,2.65596,2.27963,-1.79992,2.65537,2.41812,-1.77559,2,2.50537,-1.81148,2.0263,1.35959,1.85158,1.46196e-18,1.40029,1.89825,0.0213748,1.42047,1.93449,0,1.52939,1.92802,0.0671558
22.7801,2.32814,-1.68072,2.65596,2.29356,-1.78089,2.65559,2.43239,-1.75598,2,2.52057,-1.79212,2.02697,1.34457,1.86251,0,1.38617,1.90898,0.02187,1.40478,1.94591,0,1.51087,1.943,0.0662936
22.7901,2.34154,-1.66199,2.65596,2.30598,-1.76366,2.65579,2.4464,-1.73642,2,2.53409,-1.77457,2.02757,1.3296,1.87323,-1.46196e-18,1.37335,1.91855,0.0223183,1.38913,1.95712,0,1.49409,1.95645,0.065502
22.8002,2.35481,-1.64314,2.65596,2.31964,-1.74442,2.65601,2.46026,-1.71672,2,2.54894,-1.75494,2.02822,1.31451,1.88385,2.92392e-18,1.35886,1.92894,0.0227228,1.37338,1.96821,0,1.47522,1.97122,0.0645139
22.8102,2.36792,-1.6242,2.65596,2.33315,-1.72508,2.65624,2.47395,-1.69693,2,2.5636,-1.73515,2.02886,1.29936,1.89433,0,1.34421,1.93924,0.0230919,1.35754,1.97916,0,1.45621,1.98593,0.0634792
22.8201,2.38079,-1.60528,2.65596,2.34386,-1.70954,2.65643,2.4874,-1.67716,2,2.57519,-1.71921,2.02936,1.28422,1.90463,1.46196e-18,1.33243,1.94743,0.0233915,1.34173,1.98992,0,1.44095,1.99768,0.0626501
22.8301,2.39368,-1.58599,2.65596,2.35711,-1.69001,2.65666,2.50086,-1.65701,2,2.5895,-1.69917,2.02998,1.26879,1.91494,-1.46196e-18,1.31753,1.95746,0.0236258,1.32561,2.00069,0,1.42175,2.01217,0.0614709
22.8401,2.40607,-1.56713,2.65596,2.37021,-1.67039,2.6569,2.51381,-1.6373,2,2.60362,-1.67897,2.03059,1.2537,1.92485,-1.46196e-18,1.30262,1.96742,0.0238152,1.30984,2.01105,0,1.40256,2.02658,0.0602484
22.8501,2.41852,-1.54784,2.65596,2.38316,-1.65066,2.65714,2.52682,-1.61715,2,2.61755,-1.65863,2.03119,1.23827,1.93482,0,1.28754,1.97731,0.0239996,1.29372,2.02146,0,1.38324,2.04087,0.0590238
22.8601,2.43106,-1.52808,2.65596,2.39596,-1.63084,2.65738,2.53992,-1.5965,2,2.63129,-1.63815,2.03177,1.22246,1.94484,0,1.27227,1.98707,0.0241518,1.2772,2.03193,0,1.36377,2.05503,0.0577745
22.8701,2.44295,-1.50899,2.65596,2.40861,-1.61092,2.65762,2.55234,-1.57656,2,2.64483,-1.61753,2.03234,1.20719,1.95436,1.46196e-18,1.25679,1.99664,0.0243038,1.26125,2.04187,0,1.34414,2.069,0.0565377
22.8801,2.45531,-1.48879,2.65596,2.4211,-1.59091,2.65787,2.56526,-1.55546,2,2.65817,-1.59678,2.0329,1.19103,1.96425,0,1.24096,2.00595,0.0244263,1.24436,2.05221,0,1.32422,2.08269,0.0552885
22.8901,2.46677,-1.46973,2.65596,2.43342,-1.5708,2.65811,2.57723,-1.53555,2,2.67131,-1.57588,2.03345,1.17579,1.97341,0,1.22479,2.01505,0.0244935,1.22844,2.06178,0,1.30401,2.09616,0.0540048
22.9002,2.47868,-1.44954,2.65596,2.44559,-1.55061,2.65836,2.58968,-1.51445,2,2.68425,-1.55485,2.03398,1.15964,1.98295,0,1.20855,2.02411,0.0245519,1.21156,2.07174,0,1.28381,2.10956,0.0527362
22.9101,2.49013,-1.4298,2.65596,2.4576,-1.53032,2.6586,2.60163,-1.49382,2,2.69698,-1.53369,2.0345,1.14384,1.9921,0,1.19222,2.03313,0.0245941,1.19506,2.08131,0,1.26356,2.12288,0.0514762
22.9201,2.50151,-1.40979,2.65596,2.46944,-1.50995,2.65885,2.61352,-1.47292,2,2.70952,-1.5124,2.03501,1.12784,2.0012,1.46196e-18,1.17576,2.04195,0.0246076,1.17834,2.09082,0,1.24326,2.13597,0.0502147
22.9301,2.51254,-1.39003,2.65596,2.48111,-1.48948,2.65909,2.62505,-1.45227,2,2.72185,-1.49097,2.03551,1.11202,2.01004,1.46196e-18,1.15927,2.05065,0.0246217,1.16182,2.10004,0,1.22298,2.14891,0.0489839
22.9401,2.52359,-1.36988,2.65596,2.49262,-1.46893,2.65934,2.63659,-1.43122,2,2.73398,-1.46942,2.03599,1.0959,2.01887,1.46196e-18,1.14274,2.05926,0.0246131,1.14497,2.10927,0,1.20274,2.16172,0.047764
22.9501,2.53453,-1.34952,2.65596,2.50396,-1.4483,2.65959,2.64803,-1.40995,2,2.7459,-1.44774,2.03646,1.07961,2.02763,0,1.12596,2.06773,0.0245269,1.12796,2.11842,0,1.18231,2.17435,0.0465031
22.9601,2.5453,-1.3291,2.65596,2.51514,-1.42758,2.65983,2.65927,-1.38862,2,2.75763,-1.42593,2.03692,1.06328,2.03624,-1.46196e-18,1.10913,2.07604,0.0244329,1.1109,2.12742,0,1.16192,2.18679,0.0452749
22.9701,2.55588,-1.30863,2.65596,2.52615,-1.40678,2.66007,2.67033,-1.36723,2,2.76914,-1.404,2.03737,1.0469,2.04471,1.46196e-18,1.09232,2.08426,0.024346,1.09378,2.13627,0,1.14162,2.19909,0.0440953
22.9801,2.56612,-1.28843,2.65596,2.53699,-1.3859,2.66032,2.68103,-1.34613,2,2.78046,-1.38195,2.0378,1.03075,2.0529,0,1.07538,2.0924,0.0242297,1.0769,2.14483,0,1.12126,2.21126,0.042929
22.9901,2.57629,-1.26799,2.65596,2.54765,-1.36493,2.66056,2.69165,-1.32477,2,2.79157,-1.35978,2.03823,1.01439,2.06103,0,1.05837,2.10056,0.0240756,1.05982,2.15332,0,1.10093,2.22338,0.0417714
23.0001,2.58637,-1.24729,2.65596,2.55815,-1.34388,2.6608,2.70219,-1.30314,2,2.80248,-1.33748,2.03864,0.997829,2.0691,0,1.04128,2.10862,0.0238839,1.04251,2.16175,0,1.08059,2.23535,0.0406243
23.0101,2.59642,-1.22623,2.65596,2.56848,-1.32276,2.66104,2.71269,-1.28114,2,2.81318,-1.31507,2.03904,0.980987,2.07714,0,1.02407,2.11641,0.0236989,1.02492,2.17015,0,1.06022,2.247,0.0395321
23.0201,2.60613,-1.20545,2.65596,2.57863,-1.30156,2.66127,2.72284,-1.25943,2,2.82368,-1.29254,2.03943,0.964362,2.08491,0,1.00668,2.12393,0.0235075,1.00755,2.17827,0,1.03974,2.25832,0.0384831
23.0301,2.61564,-1.18468,2.65596,2.58861,-1.28028,2.66151,2.73277,-1.23773,2,2.83397,-1.26991,2.03981,0.947746,2.09251,1.46196e-18,0.989163,2.13123,0.0233003,0.990185,2.18621,0,1.01923,2.26936,0.0374702
23.0401,2.62504,-1.1637,2.65596,2.59744,-1.26107,2.66172,2.74259,-1.21581,2,2.84306,-1.24944,2.04014,0.930962,2.10003,-1.46196e-18,0.973312,2.13765,0.0231013,0.97265,2.19407,0,1.00075,2.27907,0.0365905
23.0501,2.63439,-1.14238,2.65596,2.60709,-1.23966,2.66194,2.75236,-1.19354,2,2.85297,-1.22659,2.0405,0.913906,2.10751,0,0.955618,2.14461,0.0228086,0.95483,2.20189,0,0.980221,2.28959,0.0355913
23.0602,2.64342,-1.12134,2.65596,2.61656,-1.21818,2.66217,2.76179,-1.17155,2,2.86267,-1.20365,2.04085,0.897073,2.11473,0,0.937882,2.15143,0.0224722,0.937243,2.20943,0,0.959738,2.29986,0.0346014
23.0701,2.65225,-1.10027,2.65596,2.62585,-1.19663,2.66239,2.77102,-1.14954,2,2.87216,-1.1806,2.04119,0.880219,2.1218,1.46196e-18,0.920112,2.15821,0.0221064,0.919635,2.21682,0,0.93931,2.30994,0.0336355
23.0802,2.66109,-1.07872,2.65596,2.63496,-1.17502,2.66261,2.78025,-1.12703,2,2.88145,-1.15745,2.04153,0.862978,2.12887,1.46196e-18,0.902162,2.16479,0.0216913,0.901621,2.2242,0,0.918791,2.31971,0.0326725
23.0901,2.66955,-1.05761,2.65596,2.64389,-1.15334,2.66283,2.78909,-1.10497,2,2.89054,-1.1342,2.04185,0.846089,2.13564,1.46196e-18,0.884057,2.17112,0.0212355,0.883976,2.23127,0,0.898205,2.32908,0.0317216
23.1001,2.67793,-1.03622,2.65596,2.65264,-1.13159,2.66304,2.79785,-1.08262,2,2.89942,-1.11087,2.04216,0.828973,2.14234,1.46196e-18,0.865921,2.17729,0.0207685,0.866094,2.23828,0,0.877678,2.33815,0.0308114
23.1101,2.68623,-1.01452,2.65596,2.65951,-1.11416,2.6632,2.80651,-1.05995,2,2.90637,-1.09214,2.0424,0.811613,2.14898,7.3098e-19,0.851324,2.18205,0.0203549,0.847956,2.24521,0,0.861231,2.34514,0.0300796
23.1201,2.69418,-0.993189,2.65596,2.66793,-1.09231,2.6634,2.81483,-1.03766,2,2.91488,-1.06864,2.0427,0.794552,2.15535,0,0.833096,2.18777,0.0196647,0.830131,2.25186,0,0.840775,2.35349,0.0290381
23.1301,2.70199,-0.971747,2.65596,2.67617,-1.0704,2.6636,2.82299,-1.01526,2,2.92319,-1.04507,2.04298,0.777397,2.16159,7.3098e-19,0.814813,2.19337,0.0188818,0.812209,2.25839,0,0.820368,2.36151,0.0279568
23.1401,2.7097,-0.950027,2.65596,2.68423,-1.04844,2.66378,2.83104,-0.992569,2,2.93129,-1.02141,2.04326,0.760022,2.16776,-7.3098e-19,0.796417,2.19892,0.018123,0.794055,2.26483,0,0.799948,2.36926,0.0269484
23.1501,2.71725,-0.928226,2.65596,2.6921,-1.02642,2.66396,2.83893,-0.969792,2,2.93919,-0.997682,2.04352,0.742581,2.1738,0,0.777919,2.20439,0.0173881,0.775833,2.27114,0,0.77952,2.37672,0.0260089
23.16,2.72478,-0.905895,2.65596,2.69978,-1.00435,2.66413,2.84679,-0.946461,2,2.94688,-0.973879,2.04378,0.724716,2.17982,0,0.759344,2.20987,0.0166678,0.757169,2.27743,0,0.759109,2.38399,0.0251275
23.1701,2.73178,-0.884562,2.65596,2.70728,-0.982226,2.66429,2.8541,-0.924172,2,2.95437,-0.950003,2.04403,0.70765,2.18542,0,0.740672,2.21534,0.0159844,0.739338,2.28328,0,0.738696,2.39104,0.0243245
23.1801,2.73875,-0.862714,2.65596,2.7146,-0.960046,2.66445,2.86139,-0.901345,2,2.96166,-0.926059,2.04427,0.690171,2.191,0,0.721937,2.2207,0.0153246,0.721076,2.28912,0,0.718313,2.39777,0.0235844
23.1903,2.74561,-0.840632,2.65596,2.72172,-0.937813,2.6646,2.86856,-0.878275,2,2.96874,-0.902049,2.0445,0.672505,2.19649,-1.46196e-18,0.703101,2.22589,0.0146528,0.70262,2.29485,0,0.69792,2.40413,0.0228687
23.2002,2.75241,-0.818103,2.65596,2.72866,-0.915528,2.66474,2.87566,-0.854738,2,2.97562,-0.877977,2.04472,0.654483,2.20193,7.3098e-19,0.684332,2.23113,0.0140166,0.68379,2.30053,0,0.677684,2.41035,0.0222228
23.2101,2.75863,-0.796891,2.65596,2.73541,-0.893191,2.66488,2.88216,-0.832575,2,2.98229,-0.853843,2.04494,0.637513,2.2069,7.3098e-19,0.665447,2.23621,0.0133609,0.66606,2.30572,0,0.657424,2.41621,0.0215904
23.2201,2.76499,-0.774515,2.65596,2.74197,-0.870804,2.66501,2.88881,-0.809197,2,2.98876,-0.829653,2.04516,0.619612,2.21199,7.3098e-19,0.646417,2.24117,0.0126917,0.647358,2.31104,0,0.63711,2.42176,0.0209751
23.2304,2.77118,-0.752061,2.65596,2.74771,-0.850614,2.66512,2.89527,-0.785738,2,2.99565,-0.802982,2.04538,0.601649,2.21695,0,0.629266,2.24553,0.0121078,0.62859,2.31622,0,0.614853,2.4275,0.0203585
23.2402,2.77692,-0.730581,2.65596,2.75391,-0.828135,2.66524,2.90127,-0.763296,2,3.0005,-0.783546,2.04554,0.584465,2.22154,0,0.610313,2.25021,0.0114639,0.610637,2.32102,0,0.598815,2.4314,0.0199255
23.2501,2.7827,-0.708269,2.65596,2.76109,-0.8011,2.66537,2.90731,-0.739985,2,3.00639,-0.759209,2.04574,0.566615,2.22616,-7.3098e-19,0.587523,2.25564,0.0106875,0.591988,2.32584,0,0.5788,2.43595,0.0194012
23.2601,2.78822,-0.686225,2.65596,2.76573,-0.78304,2.66545,2.91307,-0.716954,2,3.01208,-0.734828,2.04593,0.54898,2.23057,-7.3098e-19,0.572398,2.25924,0.0100052,0.573563,2.33046,0,0.558952,2.44028,0.0187471
23.2702,2.79368,-0.66363,2.65596,2.77136,-0.760426,2.66555,2.91878,-0.693346,2,3.01757,-0.710404,2.04612,0.530904,2.23494,7.3098e-19,0.553636,2.26368,0.00895974,0.554677,2.33502,0,0.539355,2.44439,0.0178767
23.2801,2.79901,-0.64079,2.65596,2.77681,-0.737767,2.66563,2.92434,-0.669484,2,3.02287,-0.685941,2.04629,0.512632,2.23921,-7.3098e-19,0.534833,2.26793,0.00790635,0.535587,2.33948,0,0.519816,2.44815,0.0170202
23.2901,2.80396,-0.618733,2.65596,2.78206,-0.715067,2.66571,2.92952,-0.646439,2,3.02797,-0.661442,2.04646,0.494986,2.24317,7.3098e-19,0.516088,2.2722,0.00702551,0.517151,2.34362,0,0.500429,2.45171,0.0163522
23.3001,2.80876,-0.596577,2.65596,2.78713,-0.692323,2.66577,2.93454,-0.623292,2,3.03288,-0.636908,2.04662,0.477262,2.24701,0,0.497378,2.27646,0.00625971,0.498633,2.34763,0,0.481168,2.45507,0.0158114
23.3101,2.81348,-0.573903,2.65596,2.79201,-0.669538,2.66583,2.93947,-0.599602,2,3.03759,-0.612341,2.04677,0.459122,2.25079,0,0.478685,2.28071,0.00561237,0.479681,2.35158,0,0.462015,2.45824,0.0154014
23.3201,2.81797,-0.551439,2.65596,2.7967,-0.646709,2.66589,2.94416,-0.576132,2,3.043,-0.58282,2.04696,0.441151,2.25438,7.3098e-19,0.46013,2.28502,0.00513032,0.460906,2.35533,0,0.439324,2.46189,0.0151428
23.3301,2.82231,-0.528801,2.65596,2.80121,-0.623837,2.66594,2.94869,-0.55248,2,3.04645,-0.563116,2.04708,0.423041,2.25785,0,0.44162,2.28926,0.00477985,0.441984,2.35895,0,0.424309,2.46413,0.0150784
23.3403,2.8266,-0.505346,2.65596,2.80553,-0.600924,2.66598,2.95318,-0.527975,2,3.0506,-0.538462,2.04723,0.404277,2.26128,0,0.423113,2.29332,0.00449938,0.42238,2.36254,0,0.405623,2.46665,0.0150693
23.3502,2.83048,-0.483177,2.65596,2.80967,-0.577971,2.66603,2.95722,-0.504814,2,3.05457,-0.513784,2.04738,0.386542,2.26438,3.6549e-19,0.404646,2.29727,0.00426225,0.403851,2.36578,0,0.387074,2.46893,0.0151159
23.3602,2.83417,-0.461006,2.65596,2.81363,-0.554979,2.66607,2.96108,-0.48165,2,3.05835,-0.489084,2.04753,0.368805,2.26734,3.6549e-19,0.386383,2.30117,0.00409465,0.38532,2.36887,0,0.368834,2.47101,0.0152451
23.3703,2.83784,-0.437827,2.65596,2.8174,-0.531949,2.66611,2.96492,-0.457433,2,3.06194,-0.464365,2.04768,0.350262,2.27027,0,0.368193,2.30485,0.00397518,0.365946,2.37194,0,0.350772,2.47275,0.0154359
23.3801,2.8412,-0.415523,2.65596,2.82099,-0.508883,2.66615,2.96842,-0.43413,2,3.06536,-0.43963,2.04784,0.332419,2.27296,0,0.35002,2.30837,0.0038633,0.347304,2.37474,0,0.332837,2.47423,0.0156499
23.3902,2.84443,-0.392784,2.65596,2.8244,-0.485782,2.66619,2.9718,-0.410373,2,3.0686,-0.414881,2.048,0.314227,2.27554,-3.6549e-19,0.331852,2.31176,0.00377408,0.328298,2.37744,0,0.315023,2.47549,0.0159052
23.4001,2.84754,-0.369535,2.65596,2.82763,-0.462648,2.66622,2.97505,-0.386083,2,3.07166,-0.390121,2.04816,0.295628,2.27803,0,0.313838,2.31498,0.00374869,0.308866,2.38004,0,0.297488,2.47649,0.0162455
23.4101,2.85033,-0.347411,2.65596,2.83068,-0.439483,2.66626,2.97796,-0.362968,2,3.07455,-0.365352,2.04832,0.277929,2.28026,-3.6549e-19,0.295889,2.31809,0.00376345,0.290375,2.38237,0,0.280141,2.4773,0.0166472
23.4201,2.85304,-0.32436,2.65596,2.83355,-0.416287,2.6663,2.9808,-0.338885,2,3.07727,-0.340576,2.04849,0.259488,2.28243,0,0.277911,2.32104,0.0037904,0.271108,2.38464,0,0.262895,2.47787,0.0170853
23.4304,2.8556,-0.30097,2.65596,2.83675,-0.388414,2.66634,2.98347,-0.314447,2,3.07981,-0.315795,2.04866,0.240776,2.28448,3.6549e-19,0.256476,2.32429,0.00386742,0.251557,2.38678,0,0.245912,2.47817,0.017592
23.4401,2.85786,-0.278765,2.65596,2.83875,-0.369812,2.66638,2.98583,-0.291248,2,3.08219,-0.291013,2.04884,0.223012,2.28628,0,0.242161,2.3263,0.00380311,0.232998,2.38866,0,0.229025,2.47822,0.018009
23.4502,2.85999,-0.255976,2.65596,2.84108,-0.346537,2.66641,2.98806,-0.267438,2,3.08439,-0.266231,2.04902,0.204781,2.28799,3.6549e-19,0.224303,2.32867,0.00358401,0.21395,2.39044,0,0.212308,2.47811,0.0182945
23.4604,2.86199,-0.232573,2.65596,2.84323,-0.323239,2.66645,2.99014,-0.242988,2,3.08643,-0.241452,2.04921,0.186059,2.28959,0,0.206431,2.33083,0.00333569,0.19439,2.39211,0,0.195731,2.47777,0.0185913
23.4701,2.8637,-0.21041,2.65596,2.84521,-0.299921,2.66648,2.99193,-0.219832,2,3.08831,-0.216677,2.0494,0.168328,2.29096,0,0.188448,2.33282,0.00314932,0.175866,2.39355,0,0.179205,2.47723,0.0189888
23.4802,2.86531,-0.18715,2.65596,2.84683,-0.278918,2.66651,2.99362,-0.19553,2,3.08985,-0.194385,2.04957,0.14972,2.29225,0,0.172201,2.33441,0.00303267,0.156424,2.3949,0,0.164401,2.47651,0.0194305
23.4901,2.86671,-0.164426,2.65596,2.84846,-0.255566,2.66654,2.99508,-0.171789,2,3.09141,-0.169624,2.04977,0.131541,2.29337,-1.82745e-19,0.153964,2.33597,0.00287833,0.137431,2.39606,0,0.147915,2.47549,0.0199361
23.5001,2.86793,-0.141534,2.65596,2.84991,-0.2322,2.66656,2.99635,-0.147872,2,3.09281,-0.144876,2.04997,0.113227,2.29434,0,0.135426,2.33721,0.00267276,0.118297,2.39708,0,0.131297,2.47411,0.0204356
23.5101,2.86898,-0.118267,2.65596,2.85117,-0.208822,2.66659,2.99745,-0.123563,2,3.09404,-0.120143,2.05017,0.0946135,2.29519,1.82745e-19,0.116637,2.33823,0.00245891,0.0988502,2.39796,0,0.1146,2.4725,0.0209717
23.5201,2.86984,-0.0952365,2.65596,2.85224,-0.185436,2.66661,2.99835,-0.0995011,2,3.0951,-0.0954271,2.05039,0.0761892,2.29587,9.13725e-20,0.0977971,2.339,0.00228734,0.0796009,2.39868,0,0.098009,2.4706,0.0215918
23.5301,2.87051,-0.0723752,2.65596,2.85312,-0.162043,2.66664,2.99905,-0.0756161,2,3.096,-0.0707313,2.05061,0.0579002,2.29641,-9.13725e-20,0.078825,2.33961,0.00213897,0.0604929,2.39924,0,0.0814369,2.46851,0.022275
23.5402,2.871,-0.0492124,2.65596,2.85382,-0.138645,2.66666,2.99956,-0.0514161,2,3.09673,-0.0460582,2.05083,0.0393699,2.2968,0,0.0597188,2.33987,0.00194106,0.0411329,2.39965,0,0.0648797,2.46606,0.0229489
23.5501,2.8713,-0.0262183,2.65596,2.85432,-0.115246,2.66667,2.99987,-0.0273923,2,3.0973,-0.0214109,2.05107,0.0209746,2.29704,0,0.0405591,2.3399,0.00170293,0.0219138,2.3999,0,0.0484143,2.46337,0.0236232
23.5602,2.87142,-0.00284675,2.65596,2.85463,-0.0918476,2.66669,3,-0.00297423,2,3.0977,0.0032086,2.05131,0.0022774,2.29713,0,0.021284,2.33977,0.00145191,0.00237938,2.4,0,0.0319759,2.46051,0.0243257
23.5701,2.87135,0.0193057,2.65596,2.85475,-0.0684509,2.6667,2.99993,0.0201702,2,3.09794,0.027799,2.05155,-0.0154446,2.29708,2.28431e-20,0.00203026,2.33951,0.00120476,-0.0161362,2.39995,0,0.0156973,2.45751,0.0250722
23.5801,2.8711,0.042656,2.65596,2.85467,-0.0450581,2.66671,2.99967,0.0445661,2,3.09801,0.0523583,2.05181,-0.0341248,2.29688,4.56862e-20,-0.0173408,2.33902,0.000930644,-0.0356529,2.39974,0,-0.000568523,2.45429,0.02583
23.5901,2.87067,0.0655346,2.65596,2.8544,-0.0216714,2.66672,2.99922,0.0684692,2,3.09793,0.076884,2.05207,-0.0524277,2.29654,9.13725e-20,-0.0369165,2.33827,0.000588679,-0.0547754,2.39937,0,-0.0169194,2.45082,0.0265582
23.6002,2.87005,0.0885681,2.65596,2.85393,0.0017065,2.66673,2.99857,0.0925341,2,3.09768,0.101374,2.05234,-0.0708545,2.29604,-9.13725e-20,-0.0565471,2.33727,0.000235315,-0.0740273,2.39886,0,-0.0332113,2.44711,0.027313
23.6101,2.86927,0.111194,2.65596,2.85327,0.0250731,2.66673,2.99775,0.116173,2,3.09726,0.125826,2.05261,-0.0889552,2.29541,-9.13725e-20,-0.0761731,2.33605,-9.4095e-05,-0.0929386,2.3982,0,-0.0493975,2.44321,0.0281246
23.6204,2.86825,0.134887,2.65596,2.85241,0.0484277,2.66672,2.99669,0.140927,2,3.09669,0.150238,2.0529,-0.10791,2.2946,1.82745e-19,-0.095701,2.33483,-0.000384312,-0.112742,2.39735,0,-0.0653976,2.43931,0.0290045
23.6302,2.86708,0.157731,2.65596,2.85135,0.071769,2.66672,2.99547,0.164795,2,3.09595,0.174611,2.05319,-0.126185,2.29367,0,-0.115377,2.33338,-0.000726512,-0.131836,2.39638,0,-0.0814647,2.4352,0.029861
23.6402,2.86575,0.180282,2.65596,2.8501,0.0950943,2.66671,2.99408,0.188355,2,3.09506,0.198941,2.0535,-0.144225,2.2926,1.82745e-19,-0.135117,2.33166,-0.00112176,-0.150684,2.39527,0,-0.0975233,2.43084,0.0306925
23.6506,2.86415,0.204202,2.65596,2.84865,0.118401,2.6667,2.9924,0.213346,2,3.094,0.223227,2.05381,-0.163362,2.29132,-1.82745e-19,-0.154928,2.32967,-0.00155776,-0.170677,2.39392,0,-0.113592,2.42624,0.0315073
23.6603,2.8625,0.22609,2.65596,2.847,0.141687,2.66668,2.99069,0.236215,2,3.09279,0.247466,2.05413,-0.180872,2.29,-3.6549e-19,-0.174731,2.32748,-0.00203028,-0.188972,2.39255,0,-0.129612,2.42147,0.0323041
23.6704,2.86052,0.249955,2.65596,2.84515,0.16495,2.66666,2.98861,0.261148,2,3.09141,0.271656,2.05445,-0.199964,2.28842,3.6549e-19,-0.194563,2.32519,-0.00249541,-0.208918,2.39089,0,-0.145628,2.4166,0.0331226
23.6803,2.85853,0.271753,2.65596,2.84311,0.18819,2.66663,2.98653,0.283922,2,3.08987,0.295797,2.05479,-0.217403,2.28682,0,-0.214551,2.32275,-0.00301472,-0.227138,2.38923,0,-0.161784,2.41161,0.0338965
23.6903,2.85623,0.294969,2.65596,2.84086,0.211404,2.6666,2.98413,0.308177,2,3.08818,0.319887,2.05513,-0.235975,2.28498,0,-0.23462,2.32008,-0.00358404,-0.246542,2.3873,0,-0.178016,2.40641,0.0346273
23.7001,2.85383,0.317349,2.65596,2.83842,0.234591,2.66656,2.98162,0.33156,2,3.08631,0.343925,2.05548,-0.253879,2.28306,0,-0.254714,2.31727,-0.0041656,-0.265248,2.3853,0,-0.194292,2.4011,0.0353449
23.7101,2.85116,0.340486,2.65596,2.83577,0.257749,2.66651,2.97883,0.355732,2,3.08429,0.367909,2.05584,-0.272388,2.28093,0,-0.274877,2.31434,-0.00475386,-0.284586,2.38307,0,-0.210674,2.39568,0.0360482
23.7201,2.84837,0.363124,2.65596,2.83292,0.280879,2.66646,2.97591,0.379385,2,3.0821,0.391839,2.0562,-0.2905,2.27869,3.6549e-19,-0.294885,2.31144,-0.00527037,-0.303508,2.38073,0,-0.226953,2.39032,0.0368105
23.7305,2.8453,0.386423,2.65596,2.82987,0.303977,2.66641,2.97271,0.403727,2,3.07975,0.415715,2.05658,-0.309138,2.27624,0,-0.31492,2.30831,-0.00581818,-0.322981,2.37817,0,-0.243333,2.38475,0.0375212
23.7404,2.84201,0.409942,2.65596,2.82662,0.327044,2.66635,2.96927,0.428299,2,3.07724,0.439534,2.05695,-0.327954,2.2736,0,-0.334855,2.30507,-0.00636753,-0.342639,2.37542,0,-0.259699,2.3791,0.0382059
23.7501,2.83887,0.431131,2.65596,2.82317,0.350079,2.66628,2.96599,0.450437,2,3.07456,0.463297,2.05734,-0.344905,2.2711,7.3098e-19,-0.354531,2.30176,-0.0068295,-0.360349,2.37279,0,-0.275903,2.37341,0.038951
23.7602,2.83528,0.454122,2.65596,2.81953,0.373079,2.66621,2.96224,0.474457,2,3.07172,0.487002,2.05773,-0.363298,2.26823,0,-0.374116,2.29832,-0.0072653,-0.379566,2.3698,0,-0.292119,2.36761,0.039691
23.7701,2.83158,0.476673,2.65596,2.81569,0.396044,2.66613,2.95837,0.498018,2,3.06871,0.510648,2.05813,-0.381338,2.26526,0,-0.393554,2.29469,-0.00765841,-0.398414,2.3667,0,-0.30831,2.36165,0.0404383
23.7801,2.82765,0.499417,2.65596,2.81166,0.418972,2.66606,2.95428,0.52178,2,3.06555,0.534234,2.05854,-0.399534,2.26212,0,-0.413075,2.29091,-0.00804097,-0.417424,2.36342,0,-0.324716,2.35559,0.0411579
23.7903,2.82353,0.522233,2.65596,2.80743,0.441862,2.66597,2.94997,0.545618,2,3.06222,0.55776,2.05896,-0.417786,2.25882,0,-0.432506,2.28705,-0.00838354,-0.436495,2.35997,0,-0.341168,2.3495,0.0418776
23.8002,2.8192,0.545149,2.65596,2.80301,0.464713,2.66589,2.94544,0.56956,2,3.05873,0.581224,2.05938,-0.436119,2.25536,0,-0.451823,2.28313,-0.00869634,-0.455648,2.35635,0,-0.357654,2.34338,0.0425821
23.8101,2.81481,0.567362,2.65596,2.7984,0.487524,2.6658,2.94085,0.592768,2,3.05507,0.604627,2.05981,-0.45389,2.25185,0,-0.470982,2.2791,-0.0089529,-0.474215,2.35268,0,-0.374142,2.3372,0.0432926
23.8201,2.81022,0.589689,2.65596,2.79359,0.510296,2.66571,2.93606,0.616094,2,3.05124,0.627969,2.06025,-0.471751,2.24817,7.3098e-19,-0.49003,2.27516,-0.00913963,-0.492876,2.34885,0,-0.390683,2.33117,0.044022
23.8305,2.80514,0.613384,2.65596,2.7886,0.533028,2.66562,2.93075,0.640851,2,3.04725,0.651251,2.06069,-0.490708,2.24411,0,-0.508958,2.27127,-0.00927712,-0.512681,2.3446,0,-0.407272,2.32523,0.044748
23.8401,2.80017,0.635705,2.65596,2.78341,0.55572,2.66552,2.92556,0.664171,2,3.0431,0.674473,2.06114,-0.508564,2.24013,7.3098e-19,-0.52779,2.26722,-0.00939078,-0.531337,2.34044,0,-0.423942,2.31921,0.0454437
23.8505,2.79509,0.657672,2.65596,2.77804,0.578372,2.66543,2.92025,0.687122,2,3.03877,0.697635,2.0616,-0.526137,2.23607,0,-0.546581,2.26303,-0.00949231,-0.549698,2.3362,0,-0.440749,2.31312,0.0460978
23.8601,2.78994,0.679193,2.65596,2.77248,0.60098,2.66533,2.91487,0.709607,2,3.03428,0.720735,2.06206,-0.543355,2.23195,0,-0.565524,2.25857,-0.00962081,-0.567686,2.33189,0,-0.457885,2.30683,0.0466708
23.8701,2.78432,0.70188,2.65596,2.76673,0.623543,2.66524,2.909,0.733309,2,3.02962,0.743771,2.06253,-0.561504,2.22745,0,-0.58454,2.25395,-0.00974367,-0.586647,2.3272,0,-0.475283,2.30048,0.0471921
23.8804,2.77855,0.724377,2.65596,2.76079,0.646058,2.66514,2.90297,0.756814,2,3.02379,0.77133,2.0631,-0.579502,2.22284,0,-0.603496,2.24911,-0.00984668,-0.605451,2.32238,0,-0.496355,2.29268,0.0477527
23.8903,2.77274,0.746313,2.65596,2.75466,0.668524,2.66504,2.8969,0.779732,2,3.01976,0.789651,2.06348,-0.59705,2.21819,0,-0.622456,2.24403,-0.00997903,-0.623786,2.31752,0,-0.510576,2.28736,0.04805
23.9001,2.76675,0.768214,2.65596,2.74834,0.690939,2.66494,2.89064,0.802614,2,3.01456,0.812491,2.06397,-0.614571,2.2134,0,-0.641273,2.23889,-0.0100525,-0.642091,2.31251,0,-0.528397,2.28076,0.0484179
23.9101,2.7605,0.790376,2.65596,2.74183,0.713301,2.66484,2.88411,0.825768,2,3.00919,0.835266,2.06445,-0.632301,2.2084,-7.3098e-19,-0.660081,2.23361,-0.0101428,-0.660615,2.30729,0,-0.546423,2.27412,0.0486975
23.9201,2.75405,0.81258,2.65596,2.73514,0.735611,2.66474,2.87737,0.848967,2,3.00363,0.857974,2.06494,-0.650064,2.20324,-7.3098e-19,-0.678792,2.22825,-0.0102084,-0.679173,2.3019,0,-0.564568,2.26749,0.0489288
23.9302,2.74749,0.834491,2.65596,2.72826,0.757865,2.66463,2.87052,0.871859,2,2.9979,0.880615,2.06543,-0.667593,2.19799,0,-0.697395,2.22265,-0.010278,-0.697487,2.29641,0,-0.582825,2.26074,0.0490812
23.9404,2.74043,0.857391,2.65596,2.72119,0.780064,2.66453,2.86314,0.895785,2,2.99198,0.903189,2.06592,-0.685913,2.19234,0,-0.715797,2.217,-0.0102727,-0.716628,2.29051,0,-0.601103,2.25405,0.049232
23.9502,2.73378,0.878343,2.65596,2.71394,0.802205,2.66443,2.8562,0.917675,2,2.98588,0.925696,2.06642,-0.702675,2.18703,7.3098e-19,-0.734158,2.2113,-0.0102092,-0.73414,2.28496,0,-0.61956,2.24743,0.0493638
23.9603,2.72651,0.900656,2.65596,2.70651,0.824289,2.66433,2.8486,0.940987,2,2.97959,0.948138,2.06691,-0.720525,2.18121,7.3098e-19,-0.752403,2.20552,-0.0101007,-0.75279,2.27888,0,-0.638115,2.24086,0.0494658
23.9702,2.71938,0.921959,2.65596,2.69889,0.846315,2.66423,2.84115,0.963244,2,2.97311,0.970513,2.0674,-0.737568,2.17551,7.3098e-19,-0.770514,2.19957,-0.00996837,-0.770595,2.27292,0,-0.656751,2.23424,0.0495168
23.9801,2.71202,0.9434,2.65596,2.6911,0.868281,2.66413,2.83346,0.985645,2,2.96645,0.992823,2.0679,-0.75472,2.16962,7.3098e-19,-0.788336,2.19356,-0.00972289,-0.788516,2.26677,0,-0.675322,2.22772,0.049604
23.9903,2.70419,0.965603,2.65596,2.68313,0.890185,2.66403,2.82529,1.00884,2,2.95961,1.01507,2.0684,-0.772483,2.16335,0,-0.805983,2.18736,-0.00943918,-0.807074,2.26023,0,-0.693939,2.22114,0.049652
24.0003,2.69628,0.987485,2.65596,2.67498,0.912027,2.66394,2.81702,1.0317,2,2.95257,1.03725,2.06889,-0.789988,2.15702,-7.3098e-19,-0.823624,2.18092,-0.00915936,-0.825363,2.25361,0,-0.712766,2.21449,0.0496213
24.0103,2.68846,1.00859,2.65596,2.66497,0.93815,2.66383,2.80884,1.05376,2,2.94535,1.05936,2.06939,-0.806873,2.15076,0,-0.844694,2.1729,-0.00880635,-0.843004,2.24707,0,-0.731719,2.20778,0.049536
24.0202,2.68016,1.03042,2.65596,2.65816,0.955511,2.66376,2.80018,1.07657,2,2.93794,1.0814,2.06988,-0.824339,2.14413,0,-0.858682,2.16736,-0.00881143,-0.861252,2.24014,0,-0.750803,2.201,0.0491423
24.0301,2.67196,1.05151,2.65596,2.64948,0.977149,2.66367,2.79161,1.09859,2,2.93033,1.10338,2.07037,-0.841206,2.13757,0,-0.875851,2.16029,-0.00919448,-0.878875,2.23329,0,-0.76978,2.19425,0.0482401
24.0404,2.66323,1.07342,2.65596,2.64064,0.998717,2.66358,2.78249,1.12149,2,2.92254,1.12529,2.07085,-0.858738,2.13059,0,-0.89283,2.1531,-0.00963369,-0.897192,2.22599,0,-0.788764,2.18755,0.0472161
24.0504,2.6547,1.09436,2.65596,2.63163,1.02021,2.66348,2.77357,1.14337,2,2.91456,1.14713,2.07131,-0.875491,2.12376,0,-0.909755,2.14584,-0.00983116,-0.914695,2.21886,0,-0.807877,2.18091,0.0463637
24.0601,2.64615,1.11488,2.65596,2.62245,1.04163,2.66338,2.76464,1.1648,2,2.90638,1.1689,2.07177,-0.891905,2.11692,0,-0.926548,2.13849,-0.00979964,-0.931844,2.21171,0,-0.827053,2.17434,0.0456637
24.0704,2.63657,1.13734,2.65596,2.6131,1.06298,2.66329,2.75463,1.18827,2,2.89802,1.19061,2.07223,-0.909875,2.10926,0,-0.94322,2.13097,-0.00957364,-0.950619,2.20371,0,-0.846301,2.16774,0.0450865
24.0801,2.62762,1.15787,2.65596,2.60358,1.08425,2.66319,2.74528,1.20972,2,2.88946,1.21226,2.07268,-0.926299,2.10209,1.46196e-18,-0.959853,2.12329,-0.00924827,-0.967779,2.19623,0,-0.865701,2.16115,0.0445389
24.0901,2.6183,1.1788,2.65596,2.5939,1.10545,2.6631,2.73554,1.23159,2,2.8807,1.23384,2.07312,-0.943041,2.09464,0,-0.976463,2.11553,-0.00882387,-0.98527,2.18843,0,-0.885254,2.15463,0.0440259
24.1004,2.60871,1.19986,2.65596,2.58206,1.13078,2.663,2.72553,1.25359,2,2.86994,1.25965,2.07364,-0.959886,2.08697,1.46196e-18,-0.996176,2.10608,-0.00817795,-1.00287,2.18042,0,-0.908718,2.14689,0.0434666
24.1102,2.59929,1.22013,2.65596,2.57404,1.1476,2.66294,2.71569,1.27477,2,2.86261,1.2768,2.07399,-0.976104,2.07944,0,-1.009,2.09971,-0.00785503,-1.01981,2.17255,0,-0.924172,2.14179,0.0429382
24.1203,2.58948,1.24082,2.65596,2.56387,1.16856,2.66286,2.70544,1.29639,2,2.85327,1.29819,2.07442,-0.992658,2.07158,1.46196e-18,-1.02478,2.09166,-0.00760496,-1.03711,2.16435,0,-0.943415,2.13551,0.0420671
24.1302,2.57907,1.26231,2.65596,2.55355,1.18943,2.66278,2.69456,1.31884,2,2.84374,1.31951,2.07483,-1.00985,2.06326,-1.46196e-18,-1.04052,2.08346,-0.00734833,-1.05507,2.15565,0,-0.96279,2.12926,0.0411491
24.1405,2.56905,1.28259,2.65596,2.54306,1.21022,2.66271,2.68409,1.34002,2,2.83401,1.34077,2.07524,-1.02607,2.05524,0,-1.05637,2.07492,-0.00700166,-1.07202,2.14727,0,-0.9824,2.12283,0.0402778
24.1501,2.55908,1.30237,2.65596,2.53456,1.2268,2.66266,2.67367,1.36069,2,2.82609,1.35773,2.07556,-1.0419,2.04726,-1.46196e-18,-1.06898,2.06786,-0.00665421,-1.08855,2.13894,0,-0.998115,2.11756,0.0396198
24.1601,2.54855,1.32285,2.65596,2.52379,1.24743,2.66259,2.66267,1.38209,2,2.81601,1.37888,2.07595,-1.05828,2.03884,0,-1.08459,2.05876,-0.00617142,-1.10567,2.13014,0,-1.01772,2.11084,0.0388086
24.1701,2.53783,1.3433,2.65596,2.51287,1.26797,2.66253,2.65147,1.40346,2,2.80574,1.39995,2.07633,-1.07464,2.03026,0,-1.10022,2.04943,-0.00567709,-1.12276,2.12118,0,-1.03743,2.10401,0.0379791
24.1801,2.52714,1.3633,2.65596,2.50179,1.28842,2.66248,2.64031,1.42435,2,2.79526,1.42096,2.07671,-1.09064,2.02171,1.46196e-18,-1.11589,2.03988,-0.00512245,-1.13948,2.11225,0,-1.05726,2.09706,0.0371879
24.1901,2.51616,1.38348,2.65596,2.49055,1.30877,2.66243,2.62883,1.44543,2,2.78459,1.44189,2.07708,-1.10678,2.01292,-1.46196e-18,-1.13151,2.03023,-0.0044589,-1.15634,2.10306,0,-1.07712,2.0901,0.0364822
24.2001,2.5051,1.40339,2.65596,2.47916,1.32902,2.66239,2.61728,1.46623,2,2.77372,1.46276,2.07744,-1.12271,2.00408,0,-1.14701,2.0205,-0.00372701,-1.17299,2.09382,0,-1.09692,2.08316,0.0358228
24.2101,2.49364,1.42366,2.65596,2.46761,1.34918,2.66236,2.60531,1.48741,2,2.76265,1.48355,2.07779,-1.13893,1.99491,-1.46196e-18,-1.16253,2.01073,-0.00299385,-1.18993,2.08424,0,-1.11681,2.07627,0.0351474
24.2201,2.48221,1.4435,2.65596,2.45709,1.36723,2.66233,2.59336,1.50814,2,2.75252,1.50221,2.07811,-1.1548,1.98577,-1.46196e-18,-1.17648,2.00184,-0.00234052,-1.20651,2.07469,0,-1.13475,2.07005,0.0345237
24.2304,2.47013,1.46408,2.65596,2.44286,1.39118,2.66231,2.58074,1.52964,2,2.73876,1.527,2.07852,-1.17126,1.9761,0,-1.19479,1.98976,-0.00144553,-1.22371,2.06459,0,-1.15842,2.06165,0.0337109
24.2402,2.45873,1.48314,2.65596,2.43325,1.40707,2.6623,2.56883,1.54955,2,2.72943,1.54347,2.07878,-1.18651,1.96698,0,-1.20682,1.98154,-0.000970485,-1.23964,2.05506,0,-1.17405,2.05593,0.0330523
24.2501,2.44674,1.50283,2.65596,2.42111,1.42683,2.66229,2.5563,1.57013,2,2.71759,1.564,2.07911,-1.20227,1.95739,1.46196e-18,-1.22168,1.9711,-0.00051126,-1.2561,2.04504,0,-1.19344,2.04871,0.0320986
24.2603,2.43461,1.5224,2.65596,2.40882,1.44649,2.66229,2.54364,1.59057,2,2.70313,1.58853,2.07949,-1.21792,1.94769,0,-1.23669,1.96038,-0.000183827,-1.27246,2.03491,0,-1.21691,2.03978,0.0308209
24.2702,2.42244,1.5417,2.65596,2.39637,1.46604,2.66229,2.53091,1.61074,2,2.69333,1.60482,2.07973,-1.23336,1.93795,-1.46196e-18,-1.25185,1.9495,0.000135269,-1.28859,2.02473,0,-1.23266,2.03374,0.0299817
24.2802,2.40988,1.56126,2.65596,2.38378,1.48548,2.66229,2.51779,1.63117,2,2.68091,1.62512,2.08003,-1.24901,1.9279,-1.46196e-18,-1.26698,1.93846,0.00049271,-1.30494,2.01423,0,-1.25232,2.02609,0.028992
24.2902,2.39739,1.58037,2.65596,2.37103,1.50481,2.6623,2.50475,1.65114,2,2.66829,1.64534,2.08031,-1.26429,1.91791,0,-1.28216,1.92719,0.00085041,-1.32091,2.0038,0,-1.27202,2.01824,0.0280213
24.3004,2.3845,1.59976,2.65596,2.35814,1.52402,2.66231,2.49127,1.67139,2,2.65547,1.66549,2.08059,-1.27981,1.9076,0,-1.29721,1.9158,0.00126076,-1.33712,1.99302,0,-1.29156,2.01031,0.0271276
24.3103,2.37173,1.61862,2.65596,2.3464,1.54122,2.66232,2.47794,1.6911,2,2.64376,1.68355,2.08083,-1.2949,1.89739,-1.46196e-18,-1.31062,1.90547,0.00164438,-1.35288,1.98235,0,-1.30901,2.00309,0.0263605
24.3203,2.35878,1.63743,2.65596,2.33322,1.56021,2.66234,2.46441,1.71076,2,2.63058,1.70354,2.08109,-1.30995,1.88703,0,-1.32529,1.89376,0.00209391,-1.36861,1.97153,0,-1.32815,1.99486,0.0255602
24.3302,2.34543,1.6565,2.65596,2.3199,1.57909,2.66236,2.45046,1.73068,2,2.6172,1.72344,2.08134,-1.3252,1.87634,-1.46196e-18,-1.33989,1.88198,0.00252865,-1.38454,1.96037,0,-1.34716,1.98655,0.0247864
24.3403,2.33195,1.67543,2.65596,2.30642,1.59785,2.66239,2.43637,1.75046,2,2.60364,1.74327,2.08158,-1.34035,1.86556,-1.46196e-18,-1.35448,1.87016,0.00294301,-1.40037,1.9491,0,-1.3661,1.97818,0.024043
24.3501,2.31875,1.69365,2.65596,2.29281,1.6165,2.66242,2.42258,1.76949,2,2.58988,1.76301,2.08182,-1.35492,1.855,0,-1.36907,1.85816,0.00327666,-1.41559,1.93807,0,-1.38496,1.96961,0.0232694
24.3601,2.30529,1.71193,2.65596,2.27904,1.63502,2.66246,2.40852,1.78859,2,2.57594,1.78266,2.08205,-1.36954,1.84423,1.46196e-18,-1.3836,1.846,0.00355591,-1.43087,1.92681,0,-1.40369,1.96085,0.0224917
24.3701,2.29136,1.73053,2.65596,2.26513,1.65342,2.66249,2.39396,1.80802,2,2.56181,1.80222,2.08227,-1.38442,1.83308,1.46196e-18,-1.3981,1.83376,0.00378796,-1.44642,1.91517,0,-1.42233,1.95199,0.0217182
24.3803,2.27719,1.74913,2.65596,2.25108,1.67169,2.66253,2.37916,1.82746,2,2.54749,1.8217,2.08248,-1.39931,1.82175,0,-1.41259,1.82138,0.0039349,-1.46197,1.90333,0,-1.44089,1.94293,0.0209113
24.3903,2.26329,1.76707,2.65596,2.23688,1.68984,2.66257,2.36464,1.8462,2,2.53299,1.84108,2.08269,-1.41366,1.81064,0,-1.42706,1.80882,0.00396449,-1.47696,1.89171,0,-1.45934,1.93365,0.0200395
24.4001,2.24911,1.78509,2.65596,2.22254,1.70787,2.66261,2.34983,1.86502,2,2.5183,1.86037,2.08288,-1.42807,1.79929,0,-1.44141,1.79607,0.00397654,-1.49202,1.87986,0,-1.47759,1.92412,0.0192027
24.4101,2.23509,1.80261,2.65596,2.20806,1.72576,2.66265,2.33518,1.88333,2,2.50344,1.87956,2.08307,-1.44209,1.78807,0,-1.45554,1.7834,0.00407939,-1.50667,1.86814,0,-1.49553,1.91459,0.0185068
24.4202,2.22025,1.82086,2.65596,2.19343,1.74353,2.66269,2.31968,1.90239,2,2.48839,1.89866,2.08325,-1.45669,1.7762,1.46196e-18,-1.46957,1.77065,0.00413942,-1.52191,1.85574,0,-1.5133,1.90489,0.0178165
24.4304,2.20524,1.83901,2.65596,2.17866,1.76118,2.66274,2.30399,1.92136,2,2.47317,1.91766,2.08343,-1.47121,1.76419,0,-1.48347,1.75793,0.00418594,-1.53709,1.84319,0,-1.53085,1.89513,0.0171636
24.4403,2.19086,1.85612,2.65596,2.16376,1.77869,2.66278,2.28896,1.93924,2,2.45778,1.93656,2.0836,-1.4849,1.75269,-1.46196e-18,-1.4972,1.7451,0.00418804,-1.55139,1.83117,0,-1.54813,1.88519,0.0165212
24.4503,2.17591,1.87362,2.65596,2.14872,1.79608,2.66282,2.27335,1.95752,2,2.44221,1.95536,2.08376,-1.4989,1.74073,-1.46196e-18,-1.51085,1.7321,0.00410197,-1.56602,1.81868,0,-1.56521,1.87496,0.0158473
24.4605,2.1606,1.89126,2.65596,2.13354,1.81333,2.66286,2.25735,1.97595,2,2.42648,1.97406,2.08391,-1.51301,1.72848,-1.46196e-18,-1.52422,1.71913,0.00402766,-1.58076,1.80588,0,-1.58191,1.86467,0.0152407
24.4704,2.14564,1.90822,2.65596,2.11824,1.83046,2.6629,2.24172,1.99367,2,2.41057,1.99266,2.08406,-1.52658,1.71651,0,-1.53746,1.70615,0.00393444,-1.59493,1.79337,0,-1.59837,1.85425,0.0146698
24.4804,2.13001,1.92565,2.65596,2.1028,1.84746,2.66294,2.22539,2.01188,2,2.39451,2.01115,2.08421,-1.54052,1.70401,-1.46196e-18,-1.55068,1.69318,0.00382897,-1.6095,1.78031,0,-1.61469,1.84373,0.0141442
24.4902,2.11507,1.94204,2.65596,2.08722,1.86432,2.66298,2.20979,2.029,2,2.37828,2.02953,2.08435,-1.55363,1.69206,1.46196e-18,-1.56375,1.68021,0.00374478,-1.6232,1.76783,0,-1.63073,1.83308,0.0137003
24.5001,2.09916,1.95923,2.65596,2.07152,1.88106,2.66301,2.19316,2.04696,2,2.36189,2.04781,2.08448,-1.56738,1.67933,0,-1.57673,1.66711,0.00362183,-1.63757,1.75453,0,-1.64654,1.82218,0.0132779
24.5102,2.08331,1.97608,2.65596,2.05569,1.89767,2.66305,2.1766,2.06457,2,2.34535,2.06597,2.08461,-1.58086,1.66664,1.46196e-18,-1.58956,1.65381,0.00343927,-1.65165,1.74128,0,-1.66207,1.81095,0.0128539
24.5202,2.06758,1.99253,2.65596,2.03973,1.91414,2.66308,2.16017,2.08175,2,2.32865,2.08403,2.08474,-1.59402,1.65407,1.46196e-18,-1.60238,1.64027,0.00316466,-1.6654,1.72813,0,-1.67744,1.79935,0.0123962
24.5303,2.0514,2.00918,2.65596,2.02364,1.93047,2.66311,2.14326,2.09915,2,2.3118,2.10196,2.08486,-1.60734,1.64112,1.46196e-18,-1.61507,1.62675,0.00285316,-1.67932,1.71461,0,-1.69254,1.78763,0.0119615
24.5401,2.03564,2.02514,2.65596,2.00743,1.94667,2.66314,2.1268,2.11583,2,2.2948,2.11978,2.08498,-1.62012,1.62851,1.46196e-18,-1.62765,1.61333,0.00254047,-1.69266,1.70144,0,-1.70735,1.77586,0.0115825
24.5501,2.01938,2.04136,2.65596,1.99109,1.96274,2.66316,2.10981,2.13277,2,2.27766,2.13748,2.08509,-1.63309,1.61551,-1.46196e-18,-1.6402,1.59975,0.00214693,-1.70622,1.68785,0,-1.72199,1.76376,0.0111776
24.5601,2.00334,2.05711,2.65596,1.97793,1.97549,2.66318,2.09304,2.14922,2,2.26383,2.15155,2.08518,-1.64569,1.60267,0,-1.65009,1.58889,0.00184979,-1.71938,1.67444,0,-1.73342,1.75398,0.010912
24.5701,1.9868,2.07308,2.65596,1.96137,1.99131,2.66319,2.07577,2.16591,2,2.24643,2.16903,2.08529,-1.65847,1.58944,-1.46196e-18,-1.66219,1.57542,0.00137408,-1.73273,1.66062,0,-1.7473,1.74172,0.0105267
24.58,1.9703,2.08877,2.65596,1.94468,2.007,2.66321,2.05853,2.18231,2,2.22889,2.18638,2.08539,-1.67102,1.57624,1.46196e-18,-1.67413,1.56197,0.000882493,-1.74584,1.64682,0,-1.76082,1.72931,0.0101953
24.5901,1.95331,2.10467,2.65596,1.92788,2.02255,2.66321,2.04078,2.19891,2,2.21121,2.20361,2.08549,-1.68373,1.56265,0,-1.68616,1.54847,0.000459229,-1.75913,1.63263,0,-1.77418,1.71668,0.0100064
24.6001,1.93656,2.12009,2.65596,1.91096,2.03797,2.66321,2.02328,2.21503,2,2.19341,2.22071,2.08559,-1.69607,1.54925,0,-1.69822,1.53491,7.14853e-05,-1.77202,1.61862,0,-1.78736,1.70382,0.00992111
24.6101,1.91938,2.13566,2.65596,1.89392,2.05325,2.66321,2.00533,2.23129,2,2.17547,2.23769,2.08569,-1.70853,1.5355,1.46196e-18,-1.71034,1.52131,-0.000335619,-1.78503,1.60426,0,-1.80038,1.69077,0.00988331
24.6201,1.90204,2.15111,2.65596,1.87675,2.0684,2.66321,1.98721,2.24744,2,2.1574,2.25453,2.08579,-1.72089,1.52163,0,-1.72233,1.5077,-0.0007212,-1.79795,1.58977,0,-1.81305,1.67753,0.00993057
24.6301,1.88515,2.16593,2.65596,1.85947,2.0834,2.6632,1.96956,2.26292,2,2.13921,2.27124,2.08589,-1.73275,1.50812,0,-1.73427,1.49401,-0.00107889,-1.81034,1.57565,0,-1.82546,1.66406,0.0100644
24.6401,1.8676,2.18108,2.65596,1.84207,2.09828,2.66319,1.95124,2.27875,2,2.12089,2.28781,2.08599,-1.74486,1.49408,1.46196e-18,-1.74632,1.48029,-0.00141061,-1.823,1.56099,0,-1.83775,1.6504,0.0102834
24.6501,1.84948,2.19647,2.65596,1.82455,2.11301,2.66317,1.9323,2.29482,2,2.10245,2.30424,2.0861,-1.75717,1.47959,1.46196e-18,-1.75823,1.46663,-0.001666,-1.83586,1.54584,0,-1.84968,1.63666,0.0106375
24.6601,1.83234,2.21078,2.65596,1.8069,2.12761,2.66315,1.91439,2.30978,2,2.0839,2.32054,2.0862,-1.76863,1.46587,0,-1.77001,1.45308,-0.00187416,-1.84783,1.53152,0,-1.86126,1.62287,0.011093
24.6701,1.81465,2.22533,2.65596,1.78915,2.14207,2.66313,1.89591,2.32498,2,2.06523,2.3367,2.08632,-1.78027,1.45172,0,-1.78178,1.43947,-0.00210878,-1.85999,1.51672,0,-1.87261,1.60888,0.0115763
24.6801,1.79667,2.23987,2.65596,1.77127,2.1564,2.66311,1.87712,2.34017,2,2.04645,2.35272,2.08644,-1.7919,1.43734,-1.46196e-18,-1.79365,1.42577,-0.00242045,-1.87214,1.5017,0,-1.88385,1.59468,0.0120378
24.6902,1.77844,2.25438,2.65596,1.75327,2.17059,2.66308,1.85807,2.35533,2,2.02755,2.36859,2.08656,-1.8035,1.42275,1.46196e-18,-1.80546,1.41195,-0.0027671,-1.88426,1.48646,0,-1.89482,1.58025,0.0125186
24.7,1.76047,2.26843,2.65596,1.73516,2.18464,2.66306,1.8393,2.37001,2,2.00855,2.38432,2.08669,-1.81475,1.40838,0,-1.81741,1.39791,-0.003185,-1.89601,1.47144,0,-1.90572,1.56548,0.0129784
24.7102,1.74207,2.28259,2.65596,1.71693,2.19854,2.66302,1.82008,2.38481,2,1.98944,2.3999,2.08682,-1.82608,1.39366,-1.46196e-18,-1.82931,1.38376,-0.00359939,-1.90785,1.45606,0,-1.91637,1.55047,0.0134891
24.7201,1.72406,2.29623,2.65596,1.69857,2.21231,2.66298,1.80126,2.39905,2,1.97022,2.41533,2.08696,-1.83698,1.37925,0,-1.84121,1.36959,-0.00398938,-1.91924,1.44101,0,-1.92681,1.53535,0.0140663
24.7301,1.70556,2.31,2.65596,1.6801,2.22594,2.66294,1.78194,2.41344,2,1.9509,2.43061,2.0871,-1.848,1.36445,0,-1.85329,1.35513,-0.0044771,-1.93075,1.42555,0,-1.93724,1.51982,0.0145822
24.7401,1.68741,2.32329,2.65596,1.66151,2.23941,2.66289,1.76297,2.42733,2,1.93148,2.44573,2.08725,-1.85864,1.34993,0,-1.86531,1.34059,-0.00496164,-1.94186,1.41038,0,-1.94741,1.50411,0.015136
24.7501,1.66875,2.33673,2.65596,1.64279,2.25275,2.66284,1.74348,2.44137,2,1.91196,2.46069,2.0874,-1.86939,1.335,1.46196e-18,-1.8772,1.3259,-0.00542127,-1.9531,1.39478,0,-1.95729,1.48814,0.0157399
24.7601,1.64996,2.35004,2.65596,1.62396,2.26593,2.66279,1.72384,2.45527,2,1.89234,2.47549,2.08756,-1.88003,1.31997,-1.46196e-18,-1.88891,1.3111,-0.00589537,-1.96422,1.37907,0,-1.96685,1.47196,0.0163464
24.7701,1.63097,2.36326,2.65596,1.60502,2.27897,2.66272,1.70401,2.46908,2,1.87262,2.49013,2.08773,-1.8906,1.30478,0,-1.90045,1.29627,-0.00635072,-1.97526,1.36321,0,-1.97607,1.45566,0.0169879
24.7801,1.61222,2.37609,2.65596,1.58596,2.29186,2.66266,1.68441,2.48249,2,1.85281,2.5046,2.0879,-1.90087,1.28978,0,-1.91192,1.28146,-0.00677404,-1.98599,1.34753,0,-1.98507,1.43927,0.0176758
24.7901,1.59305,2.38898,2.65596,1.56678,2.3046,2.66259,1.66439,2.49596,2,1.83292,2.51891,2.08808,-1.91119,1.27444,-1.46196e-18,-1.92334,1.26665,-0.00719944,-1.99677,1.33151,0,-1.99389,1.42281,0.0183755
24.8001,1.57387,2.40166,2.65596,1.54749,2.31719,2.66251,1.64435,2.50921,2,1.81294,2.53306,2.08827,-1.92133,1.2591,1.46196e-18,-1.93465,1.25169,-0.00761733,-2.00737,1.31548,0,-2.00245,1.40613,0.0190946
24.8101,1.55426,2.4144,2.65596,1.52809,2.32963,2.66244,1.62386,2.52252,2,1.79287,2.54704,2.08846,-1.93152,1.24341,0,-1.94598,1.2367,-0.00802904,-2.01801,1.29909,0,-2.01092,1.38934,0.0198288
24.8201,1.53543,2.42642,2.65596,1.50857,2.34192,2.66235,1.60419,2.53507,2,1.77272,2.56084,2.08867,-1.94113,1.22835,0,-1.95733,1.22168,-0.00842387,-2.02806,1.28335,0,-2.01929,1.37246,0.0205857
24.8301,1.51589,2.43867,2.65596,1.48894,2.35406,2.66227,1.58377,2.54788,2,1.75249,2.57448,2.08888,-1.95094,1.21271,0,-1.96861,1.20645,-0.00884389,-2.0383,1.26701,0,-2.02749,1.35531,0.0213188
24.8401,1.4964,2.45068,2.65596,1.4692,2.36605,2.66218,1.56341,2.56042,2,1.73217,2.58795,2.08909,-1.96055,1.19712,-1.46196e-18,-1.97984,1.19123,-0.00923264,-2.04834,1.25073,0,-2.03555,1.33812,0.0220777
24.8501,1.47676,2.46256,2.65596,1.44934,2.37789,2.66208,1.54289,2.57284,2,1.71178,2.60125,2.08932,-1.97005,1.18141,1.46196e-18,-1.99088,1.17586,-0.00960256,-2.05827,1.23431,0,-2.04336,1.32073,0.0228454
24.8601,1.45689,2.47437,2.65596,1.42938,2.38957,2.66199,1.52213,2.58517,2,1.6913,2.61437,2.08955,-1.9795,1.16552,0,-2.00183,1.16032,-0.00999569,-2.06814,1.21771,0,-2.05102,1.30313,0.0235757
24.8701,1.43716,2.48589,2.65596,1.40931,2.40109,2.66188,1.50151,2.5972,2,1.67076,2.62731,2.08979,-1.98871,1.14973,1.46196e-18,-2.01275,1.14454,-0.0104403,-2.07776,1.20121,0,-2.05861,1.28525,0.0242374
24.8801,1.41708,2.49739,2.65596,1.38912,2.41246,2.66178,1.48054,2.60922,2,1.65013,2.64007,2.09003,-1.99791,1.13366,1.46196e-18,-2.02371,1.12848,-0.0109507,-2.08737,1.18443,0,-2.0662,1.26704,0.0248129
24.8901,1.39712,2.50861,2.65596,1.36883,2.42366,2.66166,1.45968,2.62094,2,1.62943,2.65265,2.09029,-2.00688,1.1177,1.46196e-18,-2.03453,1.11224,-0.0114953,-2.09675,1.16775,0,-2.07363,1.24862,0.0253279
24.9001,1.37676,2.51984,2.65596,1.34843,2.4347,2.66155,1.43841,2.63267,2,1.60866,2.66504,2.09054,-2.01587,1.10141,1.46196e-18,-2.04518,1.09594,-0.012022,-2.10614,1.15073,0,-2.08088,1.23009,0.0258269
24.9101,1.35651,2.5308,2.65596,1.32793,2.44558,2.66142,1.41725,2.64413,2,1.58781,2.67725,2.0908,-2.02464,1.08521,0,-2.05576,1.07947,-0.0125483,-2.1153,1.1338,0,-2.08805,1.21135,0.0262845
24.9201,1.33555,2.54192,2.65596,1.30732,2.45629,2.6613,1.39535,2.65575,2,1.5669,2.68927,2.09107,-2.03354,1.06844,1.46196e-18,-2.0662,1.06282,-0.0130781,-2.1246,1.11628,0,-2.09511,1.19237,0.0266942
24.9301,1.31602,2.55209,2.65596,1.28661,2.46684,2.66116,1.37495,2.66637,2,1.54591,2.70109,2.09134,-2.04167,1.05281,-1.46196e-18,-2.07641,1.04595,-0.0136107,-2.1331,1.09996,0,-2.10196,1.17314,0.0270532
24.9401,1.29554,2.56254,2.65596,1.26579,2.47721,2.66102,1.35355,2.67729,2,1.52486,2.71273,2.09161,-2.05004,1.03643,-1.46196e-18,-2.08648,1.02891,-0.0141958,-2.14183,1.08284,0,-2.10871,1.15369,0.0273069
24.9501,1.27513,2.57276,2.65596,1.24488,2.48741,2.66088,1.33223,2.68797,2,1.50374,2.72417,2.09188,-2.05821,1.0201,-1.46196e-18,-2.09647,1.0117,-0.0148676,-2.15037,1.06578,0,-2.11541,1.13403,0.0274144
24.9601,1.25423,2.58301,2.65596,1.22386,2.49745,2.66073,1.3104,2.69868,2,1.48255,2.73541,2.09216,-2.06641,1.00339,0,-2.10621,0.994491,-0.0154467,-2.15894,1.04832,0,-2.12193,1.11431,0.0275484
24.9701,1.23325,2.5931,2.65596,1.20275,2.5073,2.66057,1.28847,2.70921,2,1.4613,2.74645,2.09243,-2.07448,0.986599,0,-2.11576,0.977287,-0.0159478,-2.16737,1.03078,0,-2.12833,1.09454,0.0276878
24.9803,1.21252,2.60286,2.65596,1.18155,2.51699,2.66041,1.26681,2.71941,2,1.43999,2.7573,2.09271,-2.08228,0.970013,0,-2.12502,0.959996,-0.0163898,-2.17553,1.01345,0,-2.13453,1.07464,0.0278102
24.9903,1.19118,2.61269,2.65596,1.16025,2.5265,2.66024,1.24452,2.72968,2,1.41861,2.76795,2.09299,-2.09015,0.952942,0,-2.13391,0.94258,-0.0167441,-2.18375,0.995615,0,-2.14044,1.05456,0.0279453
25.0001,1.17106,2.62177,2.65596,1.14101,2.53492,2.66009,1.2235,2.73917,2,1.39932,2.77736,2.09324,-2.09741,0.936852,-1.46196e-18,-2.14165,0.926814,-0.0169822,-2.19133,0.978804,0,-2.14557,1.03636,0.0280809
25.0101,1.15005,2.63105,2.65596,1.11956,2.5441,2.65992,1.20155,2.74887,2,1.37784,2.78762,2.09352,-2.10484,0.920043,1.46196e-18,-2.15007,0.909375,-0.0171667,-2.19909,0.961242,0,-2.15119,1.01617,0.0282375
25.0201,1.12894,2.64018,2.65596,1.09801,2.5531,2.65975,1.17949,2.75841,2,1.3563,2.79768,2.0938,-2.11214,0.903149,1.46196e-18,-2.15846,0.891953,-0.0173512,-2.20672,0.943591,0,-2.15686,0.995947,0.0283238
25.0301,1.10751,2.64924,2.65596,1.07639,2.56194,2.65957,1.15711,2.76787,2,1.3347,2.80754,2.09409,-2.11939,0.88601,2.92392e-18,-2.16677,0.874448,-0.0175509,-2.2143,0.925685,0,-2.16252,0.975605,0.0283254
25.0401,1.08669,2.65785,2.65596,1.05468,2.57059,2.6594,1.13535,2.77686,2,1.31305,2.81719,2.09437,-2.12628,0.869352,0,-2.17496,0.856873,-0.0177294,-2.22149,0.908281,0,-2.16817,0.955156,0.0282713
25.0501,1.06487,2.66666,2.65596,1.03289,2.57907,2.65922,1.11255,2.78608,2,1.29134,2.82664,2.09465,-2.13333,0.851896,1.46196e-18,-2.18296,0.839207,-0.017845,-2.22886,0.890044,0,-2.17373,0.934579,0.0281985
25.0601,1.04421,2.67482,2.65596,1.01102,2.58738,2.65904,1.09097,2.7946,2,1.26958,2.83588,2.09493,-2.13986,0.835371,0,-2.19089,0.821452,-0.0179807,-2.23568,0.872779,0,-2.17936,0.913878,0.0280207
25.0701,1.02231,2.68327,2.65596,0.989071,2.5955,2.65886,1.06809,2.80342,2,1.24775,2.84492,2.09521,-2.14661,0.817849,7.3098e-19,-2.19869,0.8035,-0.0181585,-2.24274,0.854472,0,-2.18498,0.892945,0.0277137
25.0801,1.00057,2.69145,2.65596,0.967045,2.60345,2.65867,1.04537,2.81197,2,1.22588,2.85374,2.09549,-2.15316,0.800453,1.46196e-18,-2.2064,0.785418,-0.0183324,-2.24958,0.836297,0,-2.19065,0.871847,0.0273182
25.0901,0.979388,2.69923,2.65596,0.944943,2.61121,2.65849,1.02324,2.8201,2,1.20394,2.86235,2.09576,-2.15938,0.783511,-7.3098e-19,-2.21397,0.767272,-0.0185123,-2.25608,0.818596,0,-2.19633,0.850641,0.0268164
25.1002,0.957625,2.70703,2.65596,0.922766,2.61879,2.6583,1.00051,2.82825,2,1.18195,2.87075,2.09602,-2.16562,0.7661,7.3098e-19,-2.22136,0.749094,-0.0186918,-2.2626,0.800405,0,-2.20197,0.829356,0.0262118
25.1101,0.935926,2.71461,2.65596,0.900517,2.62619,2.65812,0.977836,2.83617,2,1.1599,2.87894,2.09628,-2.17169,0.74874,7.3098e-19,-2.22844,0.731038,-0.018768,-2.26893,0.782269,0,-2.20747,0.808145,0.0256041
25.1201,0.914393,2.72194,2.65596,0.878198,2.63341,2.65793,0.955339,2.84382,2,1.1378,2.88692,2.09654,-2.17755,0.731515,0,-2.23533,0.71308,-0.0187935,-2.27506,0.764271,0,-2.21294,0.786988,0.0249377
25.1301,0.8925,2.72919,2.65596,0.855811,2.64045,2.65774,0.932466,2.8514,2,1.11564,2.89468,2.09678,-2.18335,0.714,0,-2.24213,0.695058,-0.0187999,-2.28112,0.745973,0,-2.21848,0.76573,0.0241826
25.1401,0.870553,2.73627,2.65596,0.833357,2.64731,2.65755,0.909535,2.8588,2,1.09343,2.90223,2.09702,-2.18902,0.696442,0,-2.24858,0.677157,-0.0186977,-2.28704,0.727628,0,-2.22385,0.744565,0.0234311
25.1502,0.848528,2.74318,2.65596,0.813094,2.65334,2.65739,0.886524,2.86602,2,1.07339,2.90885,2.09723,-2.19455,0.678822,-7.3098e-19,-2.25421,0.660981,-0.0185942,-2.29282,0.709219,0,-2.22866,0.72543,0.0226748
25.1602,0.826308,2.74996,2.65596,0.790522,2.65985,2.6572,0.863309,2.8731,2,1.05108,2.91599,2.09745,-2.19997,0.661046,-7.3098e-19,-2.26025,0.642868,-0.0185365,-2.29848,0.690648,0,-2.23397,0.704013,0.0216782
25.1701,0.80469,2.75636,2.65596,0.76789,2.66619,2.65702,0.840724,2.87979,2,1.02424,2.92429,2.0977,-2.20509,0.643752,-7.3098e-19,-2.26615,0.624764,-0.0184605,-2.30383,0.672579,0,-2.24038,0.67831,0.0203899
25.1802,0.782397,2.76277,2.65596,0.745199,2.67235,2.65683,0.817432,2.88649,2,1.0063,2.92965,2.09786,-2.21022,0.625917,0,-2.27207,0.606685,-0.018363,-2.30919,0.653946,0,-2.24477,0.661187,0.0194758
25.1902,0.759966,2.76903,2.65596,0.722449,2.67833,2.65665,0.793997,2.89302,2,0.98382,2.93615,2.09805,-2.21522,0.607973,0,-2.27783,0.58846,-0.0182402,-2.31442,0.635198,0,-2.25026,0.639621,0.0182745
25.2002,0.737844,2.775,2.65596,0.699643,2.68412,2.65647,0.770885,2.89926,2,0.96129,2.94244,2.09823,-2.22,0.590276,0,-2.28344,0.570277,-0.0180478,-2.31941,0.616708,0,-2.25577,0.618088,0.017045
25.2102,0.715592,2.78082,2.65596,0.676781,2.68973,2.65629,0.747636,2.90535,2,0.938705,2.94851,2.09839,-2.22466,0.572473,0,-2.28877,0.552168,-0.0177161,-2.32428,0.598109,0,-2.26117,0.59662,0.0158583
25.2203,0.6933,2.78646,2.65596,0.656161,2.69463,2.65613,0.724345,2.91124,2,0.918332,2.95379,2.09853,-2.22917,0.55464,0,-2.29351,0.535761,-0.0174114,-2.32899,0.579476,0,-2.26613,0.577187,0.0147166
25.2302,0.671177,2.79188,2.65596,0.6332,2.69989,2.65596,0.701232,2.91689,2,0.895643,2.95946,2.09867,-2.2335,0.536942,0,-2.29882,0.517462,-0.0170826,-2.33352,0.560986,0,-2.27185,0.55554,0.0133555
25.2401,0.648962,2.79712,2.65596,0.610185,2.70498,2.65579,0.678022,2.92238,2,0.872895,2.9649,2.0988,-2.2377,0.519169,0,-2.30394,0.499226,-0.0166699,-2.3379,0.542417,0,-2.27753,0.533976,0.0120024
25.2501,0.626559,2.80223,2.65596,0.587121,2.70988,2.65562,0.654616,2.92771,2,0.850091,2.97014,2.09891,-2.24178,0.501247,7.3098e-19,-2.30898,0.48107,-0.0161841,-2.34217,0.523692,0,-2.2833,0.512512,0.0106453
25.2604,0.603837,2.80721,2.65596,0.564006,2.7146,2.65547,0.630877,2.93292,2,0.827229,2.97516,2.09901,-2.24577,0.48307,0,-2.3139,0.463035,-0.0156991,-2.34633,0.504702,0,-2.28913,0.491188,0.00920248
25.2701,0.581655,2.81189,2.65596,0.540844,2.71914,2.65531,0.607702,2.93781,2,0.799718,2.9809,2.09911,-2.24951,0.465324,-7.3098e-19,-2.3185,0.445133,-0.0151025,-2.35024,0.486161,0,-2.29598,0.465813,0.007505
25.2801,0.559204,2.81644,2.65596,0.517636,2.7235,2.65516,0.584245,2.94256,2,0.781332,2.98456,2.09916,-2.25315,0.447363,0,-2.32295,0.427267,-0.0144646,-2.35405,0.467396,0,-2.30056,0.448967,0.0063442
25.2901,0.536707,2.82081,2.65596,0.494385,2.72768,2.65502,0.56074,2.94713,2,0.758298,2.98894,2.09922,-2.25665,0.429366,0,-2.32728,0.409337,-0.0138037,-2.3577,0.448592,0,-2.30637,0.427895,0.0048459
25.3001,0.514271,2.82499,2.65596,0.475753,2.7309,2.65491,0.5373,2.95149,2,0.739828,2.9923,2.09925,-2.25999,0.411417,0,-2.33072,0.394934,-0.0133196,-2.36119,0.42984,0,-2.31115,0.411031,0.00355265
25.3101,0.491615,2.82902,2.65596,0.452425,2.73476,2.65478,0.513629,2.9557,2,0.716686,2.9963,2.09928,-2.26322,0.393292,3.6549e-19,-2.33486,0.376781,-0.0128101,-2.36456,0.410903,0,-2.31715,0.389878,0.00178512
25.3205,0.46784,2.83305,2.65596,0.429056,2.73844,2.65466,0.48879,2.95991,2,0.693485,3.00009,2.09929,-2.26644,0.374272,3.6549e-19,-2.33883,0.358484,-0.0123392,-2.36793,0.391032,0,-2.32314,0.368672,-6.78612e-05
25.3301,0.446238,2.83653,2.65596,0.405648,2.74193,2.65454,0.46622,2.96355,2,0.670223,3.00367,2.09928,-2.26923,0.35699,-3.6549e-19,-2.34276,0.340158,-0.0118252,-2.37084,0.372976,0,-2.32926,0.347522,-0.00191985
25.3401,0.423266,2.84005,2.65596,0.382202,2.74524,2.65442,0.442219,2.96723,2,0.6469,3.00704,2.09925,-2.27204,0.338612,0,-2.34649,0.321897,-0.01127,-2.37378,0.353775,0,-2.33534,0.326522,-0.00377521
25.3501,0.400389,2.84337,2.65596,0.35872,2.74837,2.65431,0.418318,2.97069,2,0.623516,3.01021,2.0992,-2.27469,0.320311,3.6549e-19,-2.34989,0.303683,-0.0106338,-2.37655,0.334654,0,-2.34129,0.305655,-0.00559944
25.3603,0.377583,2.84649,2.65596,0.335205,2.75131,2.65421,0.394491,2.97395,2,0.600075,3.01316,2.09914,-2.27719,0.302066,3.6549e-19,-2.35287,0.285659,-0.00986338,-2.37916,0.315593,0,-2.347,0.285077,-0.00733823
25.3702,0.354757,2.84942,2.65596,0.311663,2.75408,2.65411,0.370643,2.97702,2,0.576577,3.01591,2.09906,-2.27954,0.283805,-3.6549e-19,-2.35553,0.267721,-0.00902293,-2.38161,0.296514,0,-2.35259,0.264694,-0.00904682
25.3801,0.332576,2.85209,2.65596,0.290454,2.75642,2.65404,0.347468,2.97981,2,0.555381,3.01821,2.09897,-2.28168,0.266061,0,-2.35764,0.251625,-0.0081979,-2.38385,0.277975,0,-2.35749,0.246504,-0.0105422
25.3902,0.309529,2.85469,2.65596,0.266867,2.75885,2.65396,0.32339,2.98252,2,0.53178,3.02057,2.09886,-2.28375,0.247624,0,-2.35973,0.233785,-0.00722619,-2.38602,0.258712,0,-2.36286,0.226469,-0.0121684
25.4001,0.286282,2.85711,2.65596,0.24326,2.76109,2.65389,0.299102,2.98505,2,0.508125,3.02274,2.09873,-2.28569,0.229026,0,-2.36154,0.216095,-0.00617009,-2.38804,0.239281,0,-2.36811,0.206738,-0.0137165
25.4102,0.263628,2.85929,2.65596,0.219637,2.76317,2.65384,0.275433,2.98733,2,0.484418,3.02471,2.09858,-2.28743,0.210902,0,-2.36295,0.198727,-0.00494861,-2.38986,0.220346,0,-2.37312,0.18749,-0.0150954
25.4201,0.240777,2.86131,2.65596,0.196002,2.76507,2.65379,0.251559,2.98943,2,0.460663,3.02649,2.09843,-2.28905,0.192622,0,-2.36396,0.18137,-0.00364748,-2.39155,0.201247,0,-2.3779,0.168425,-0.016384
25.4302,0.217818,2.86315,2.65596,0.172359,2.7668,2.65376,0.227571,2.99136,2,0.436861,3.02808,2.09825,-2.29052,0.174254,1.82745e-19,-2.36464,0.163775,-0.0023821,-2.39308,0.182057,0,-2.3825,0.149314,-0.0176881
25.4401,0.194951,2.86479,2.65596,0.14871,2.76834,2.65375,0.203681,2.99308,2,0.413013,3.02948,2.09807,-2.29184,0.155961,1.82745e-19,-2.3651,0.146165,-0.0011021,-2.39446,0.162944,0,-2.38703,0.130393,-0.0189464
25.4501,0.17208,2.86626,2.65596,0.125058,2.76972,2.65374,0.179786,2.99461,2,0.38912,3.03068,2.09788,-2.29301,0.137664,-1.82745e-19,-2.36543,0.128473,8.81588e-05,-2.39569,0.143829,0,-2.39157,0.111598,-0.020253
25.4601,0.148793,2.86756,2.65596,0.101403,2.77091,2.65375,0.155456,2.99597,2,0.365182,3.03171,2.09767,-2.29405,0.119034,-1.82745e-19,-2.36555,0.110782,0.00127666,-2.39678,0.124364,0,-2.39603,0.0930096,-0.0215147
25.4701,0.126449,2.86863,2.65596,0.0801125,2.77184,2.65376,0.132111,2.99709,2,0.3436,3.03247,2.09747,-2.29491,0.101159,0,-2.36556,0.0946392,0.00226749,-2.39767,0.105689,0,-2.40004,0.0762337,-0.0226885
25.4802,0.10351,2.86955,2.65596,0.0564582,2.7727,2.65379,0.108145,2.99805,2,0.319578,3.03314,2.09724,-2.29564,0.0828082,0,-2.36519,0.0766887,0.00343073,-2.39844,0.0865163,0,-2.40424,0.0577801,-0.0238782
25.4901,0.0807531,2.87028,2.65596,0.0328097,2.77337,2.65383,0.0843691,2.99881,2,0.295516,3.03363,2.09699,-2.29623,0.0646025,-9.13725e-20,-2.36449,0.058579,0.00453169,-2.39905,0.0674953,0,-2.4082,0.0393827,-0.0250617
25.5001,0.0569213,2.87086,2.65596,0.00916946,2.77387,2.65388,0.0594702,2.99941,2,0.271415,3.03393,2.09673,-2.29668,0.045537,-4.56862e-20,-2.36352,0.0403878,0.00554064,-2.39953,0.0475761,0,-2.41198,0.0211177,-0.026261
25.5101,0.0341623,2.87122,2.65596,-0.0120975,2.77416,2.65394,0.0356921,2.99979,2,0.249692,3.03404,2.09649,-2.29697,0.0273299,4.56862e-20,-2.36242,0.0240892,0.00643524,-2.39983,0.0285537,0,-2.41521,0.00493735,-0.0272823
25.5201,0.0115061,2.8714,2.65596,-0.0357151,2.77431,2.65401,0.0120213,2.99998,2,0.225522,3.034,2.09621,-2.29712,0.00920486,0,-2.36108,0.00592312,0.00732871,-2.39998,0.00961705,0,-2.41873,-0.0128928,-0.0284278
25.5303,-0.0115003,2.8714,2.65596,-0.0640381,2.77425,2.6541,-0.0120153,2.99998,2,0.201318,3.03379,2.09592,-2.29712,-0.00920027,1.14216e-20,-2.35943,-0.0159979,0.00827195,-2.39998,-0.00961225,0,-2.42222,-0.0305845,-0.0295515
25.5401,-0.0342543,2.87122,2.65596,-0.0829085,2.77406,2.65417,-0.0357882,2.99979,2,0.177079,3.03339,2.09562,-2.29697,-0.0274034,-4.56862e-20,-2.35812,-0.0304818,0.008408,-2.39983,-0.0286305,0,-2.42552,-0.0479651,-0.0310804
25.5501,-0.0575317,2.87084,2.65596,-0.106481,2.77367,2.65425,-0.0601079,2.9994,2,0.152808,3.03283,2.0953,-2.29667,-0.0460253,-4.56862e-20,-2.35627,-0.0486181,0.00834819,-2.39952,-0.0480863,0,-2.42859,-0.065119,-0.032851
25.5601,-0.080567,2.87029,2.65596,-0.130033,2.77309,2.65433,-0.0841748,2.99882,2,0.128507,3.03209,2.09497,-2.29623,-0.0644536,0,-2.35428,-0.0669613,0.00826192,-2.39906,-0.0673398,0,-2.43155,-0.082271,-0.0345435
25.5703,-0.103357,2.86956,2.65596,-0.153566,2.77233,2.65442,-0.107985,2.99806,2,0.104177,3.03118,2.09461,-2.29565,-0.0826852,1.82745e-19,-2.35225,-0.0855073,0.0081993,-2.39844,-0.0863878,0,-2.43446,-0.0994142,-0.0360846
25.5801,-0.12654,2.86863,2.65596,-0.177077,2.77138,2.6545,-0.132206,2.99709,2,0.0798188,3.0301,2.09424,-2.2949,-0.101232,0,-2.34996,-0.10417,0.00821555,-2.39767,-0.105765,0,-2.43709,-0.116472,-0.0374204
25.5902,-0.149481,2.86753,2.65596,-0.200564,2.77024,2.65458,-0.156175,2.99593,2,0.0554359,3.02885,2.09386,-2.29402,-0.119585,-1.82745e-19,-2.34738,-0.122895,0.00826044,-2.39675,-0.12494,0,-2.43941,-0.1334,-0.0386037
25.6001,-0.172113,2.86626,2.65596,-0.224024,2.76892,2.65466,-0.17982,2.99461,2,0.0310317,3.02744,2.09347,-2.29301,-0.13769,0,-2.34446,-0.141624,0.00836661,-2.39568,-0.143856,0,-2.44136,-0.150148,-0.0395973
25.6103,-0.195419,2.86476,2.65596,-0.247453,2.76741,2.65475,-0.20417,2.99304,2,0.00660963,3.02585,2.09307,-2.29181,-0.156335,-1.82745e-19,-2.34133,-0.160519,0.00846986,-2.39444,-0.163336,0,-2.44302,-0.166879,-0.0404567
25.6202,-0.218039,2.86313,2.65596,-0.275525,2.76535,2.65485,-0.227803,2.99134,2,-0.017828,3.0241,2.09266,-2.2905,-0.174431,-1.82745e-19,-2.33734,-0.183447,0.0085494,-2.39307,-0.182242,0,-2.44446,-0.183639,-0.041207
25.6304,-0.241598,2.86124,2.65596,-0.294212,2.76382,2.65492,-0.252416,2.98936,2,-0.0422776,3.02218,2.09225,-2.28899,-0.193278,1.82745e-19,-2.33432,-0.198508,0.00822231,-2.39149,-0.201933,0,-2.44537,-0.200004,-0.0421846
25.6405,-0.26495,2.85917,2.65596,-0.322195,2.7613,2.65501,-0.276814,2.9872,2,-0.0667338,3.0201,2.09182,-2.28734,-0.21196,-3.6549e-19,-2.32932,-0.220839,0.00748784,-2.38976,-0.221451,0,-2.44577,-0.215976,-0.0433249
25.6504,-0.287681,2.85697,2.65596,-0.340815,2.75947,2.65507,-0.300563,2.98491,2,-0.0911919,3.01786,2.09138,-2.28558,-0.230145,-3.6549e-19,-2.32576,-0.23567,0.0068403,-2.38792,-0.240451,0,-2.44577,-0.231724,-0.0444963
25.6602,-0.309648,2.85467,2.65596,-0.36405,2.75703,2.65513,-0.323513,2.98251,2,-0.115648,3.01547,2.09093,-2.28374,-0.247718,0,-2.32113,-0.25427,0.00604996,-2.386,-0.258811,0,-2.44543,-0.247379,-0.0455229
25.6701,-0.332362,2.85212,2.65596,-0.387238,2.75439,2.65519,-0.347245,2.97984,2,-0.1401,3.01291,2.09047,-2.2817,-0.26589,3.6549e-19,-2.31651,-0.273074,0.00536555,-2.38387,-0.277796,0,-2.44497,-0.26309,-0.0462832
25.6801,-0.354973,2.84939,2.65596,-0.41038,2.75156,2.65524,-0.370869,2.97699,2,-0.164547,3.0102,2.09001,-2.27951,-0.283978,0,-2.31194,-0.292109,0.00479175,-2.38159,-0.296695,0,-2.44439,-0.278888,-0.0467623
25.6902,-0.378094,2.84642,2.65596,-0.433477,2.74855,2.65529,-0.395025,2.97388,2,-0.188988,3.00733,2.08954,-2.27713,-0.302475,-3.6549e-19,-2.30738,-0.311332,0.00431448,-2.3791,-0.31602,0,-2.44364,-0.29475,-0.0469824
25.7002,-0.400951,2.84329,2.65596,-0.456528,2.74534,2.65533,-0.418906,2.97061,2,-0.213419,3.00431,2.08907,-2.27463,-0.320761,0,-2.30281,-0.330536,0.00397011,-2.37649,-0.335124,0,-2.44269,-0.310488,-0.046913
25.7106,-0.424581,2.83986,2.65596,-0.479533,2.74193,2.65537,-0.443594,2.96702,2,-0.237841,3.00113,2.0886,-2.27188,-0.339665,0,-2.2983,-0.349762,0.00365686,-2.37362,-0.354875,0,-2.4416,-0.326162,-0.04666
25.7201,-0.445833,2.8366,2.65596,-0.502494,2.73834,2.6554,-0.465797,2.96362,2,-0.262251,2.99779,2.08814,-2.26928,-0.356666,0,-2.29376,-0.369049,0.00334943,-2.37089,-0.372638,0,-2.44028,-0.341821,-0.0462493
25.7303,-0.468898,2.83288,2.65596,-0.525408,2.73455,2.65543,-0.489895,2.95973,2,-0.286646,2.99429,2.08768,-2.2663,-0.375119,-3.6549e-19,-2.28918,-0.388304,0.00304656,-2.36778,-0.391916,0,-2.43869,-0.357379,-0.0456834
25.7402,-0.49132,2.82907,2.65596,-0.548277,2.73057,2.65546,-0.513321,2.95576,2,-0.311024,2.99064,2.08722,-2.26326,-0.393056,3.6549e-19,-2.28458,-0.407694,0.00264934,-2.36461,-0.410657,0,-2.43689,-0.373025,-0.0450756
25.7501,-0.514004,2.82504,2.65596,-0.5711,2.7264,2.65549,-0.53702,2.95154,2,-0.335382,2.98683,2.08677,-2.26003,-0.411203,0,-2.27989,-0.427188,0.00220884,-2.36123,-0.429616,0,-2.43477,-0.388742,-0.0443797
25.7601,-0.536476,2.82086,2.65596,-0.5916,2.72248,2.6555,-0.560499,2.94718,2,-0.357286,2.98327,2.08638,-2.25669,-0.429181,0,-2.27571,-0.444848,0.00173606,-2.35774,-0.448399,0,-2.43271,-0.402988,-0.0437217
25.7702,-0.559425,2.8164,2.65596,-0.614333,2.71793,2.65552,-0.584476,2.94251,2,-0.381601,2.97916,2.08594,-2.25312,-0.44754,-7.3098e-19,-2.27096,-0.464632,0.00114984,-2.35401,-0.467581,0,-2.4301,-0.418981,-0.0429378
25.7801,-0.581413,2.81194,2.65596,-0.632486,2.71415,2.65553,-0.607448,2.93786,2,-0.401033,2.97575,2.0856,-2.24955,-0.46513,0,-2.26729,-0.480587,0.000636535,-2.35029,-0.485959,0,-2.42796,-0.431906,-0.042266
25.7901,-0.604224,2.80713,2.65596,-0.655137,2.70924,2.65553,-0.631281,2.93283,2,-0.425299,2.97135,2.08519,-2.2457,-0.483379,-7.3098e-19,-2.26284,-0.500638,-0.000146977,-2.34626,-0.505025,0,-2.42517,-0.448188,-0.0414598
25.8001,-0.626535,2.80223,2.65596,-0.677743,2.70414,2.65552,-0.654591,2.92771,2,-0.449535,2.96679,2.08477,-2.24179,-0.501228,7.3098e-19,-2.25837,-0.520639,-0.00101372,-2.34217,-0.523673,0,-2.42208,-0.464451,-0.0406145
25.8101,-0.648688,2.79719,2.65596,-0.700304,2.69883,2.65551,-0.677736,2.92244,2,-0.473739,2.96206,2.08437,-2.23775,-0.518951,0,-2.25383,-0.540518,-0.00189595,-2.33795,-0.542189,0,-2.41862,-0.480637,-0.0396699
25.8201,-0.671163,2.79188,2.65596,-0.722819,2.69333,2.65548,-0.701217,2.9169,2,-0.497906,2.95718,2.08398,-2.2335,-0.53693,0,-2.2492,-0.560339,-0.00275891,-2.33352,-0.560973,0,-2.4148,-0.496835,-0.0386113
25.8301,-0.693478,2.78642,2.65596,-0.745288,2.68762,2.65545,-0.724531,2.91119,2,-0.522034,2.95213,2.0836,-2.22914,-0.554782,0,-2.24455,-0.580198,-0.00367282,-2.32896,-0.579625,0,-2.41068,-0.513152,-0.037519
25.8401,-0.715608,2.78082,2.65596,-0.76771,2.68172,2.65541,-0.747653,2.90534,2,-0.546119,2.94691,2.08323,-2.22466,-0.572487,0,-2.23983,-0.600063,-0.00461713,-2.32427,-0.598122,0,-2.40622,-0.529563,-0.0363794
25.8502,-0.738419,2.77485,2.65596,-0.790084,2.67562,2.65536,-0.771485,2.89911,2,-0.570157,2.94154,2.08287,-2.21988,-0.590735,0,-2.23491,-0.619747,-0.00553105,-2.31928,-0.617188,0,-2.40129,-0.545897,-0.0351429
25.8602,-0.76074,2.76881,2.65596,-0.812408,2.66933,2.6553,-0.794806,2.8928,2,-0.594143,2.936,2.08253,-2.21505,-0.608592,0,-2.22989,-0.639314,-0.00645267,-2.31424,-0.635845,0,-2.39598,-0.562238,-0.033861
25.8701,-0.782344,2.76279,2.65596,-0.834682,2.66284,2.65523,-0.817377,2.8865,2,-0.618075,2.93029,2.0822,-2.21023,-0.625875,7.3098e-19,-2.22492,-0.658821,-0.00739454,-2.3092,-0.653901,0,-2.39047,-0.578649,-0.0325528
25.8801,-0.804947,2.75629,2.65596,-0.856906,2.65615,2.65515,-0.840992,2.87971,2,-0.641951,2.92442,2.08188,-2.20503,-0.643958,0,-2.21994,-0.67819,-0.00837395,-2.30377,-0.672794,0,-2.38468,-0.595055,-0.0312409
25.8901,-0.826729,2.74983,2.65596,-0.879081,2.64927,2.65506,-0.86375,2.87297,2,-0.665768,2.91839,2.08157,-2.19986,-0.661383,7.3098e-19,-2.21495,-0.697339,-0.00938338,-2.29837,-0.691,0,-2.37862,-0.611392,-0.0299321
25.9001,-0.848592,2.74316,2.65596,-0.901204,2.6422,2.65496,-0.886592,2.866,2,-0.689522,2.91219,2.08128,-2.19453,-0.678874,-7.3098e-19,-2.20971,-0.716429,-0.010335,-2.2928,-0.709273,0,-2.37208,-0.627833,-0.0285507
25.9101,-0.870712,2.73622,2.65596,-0.923275,2.63494,2.65486,-0.909702,2.85875,2,-0.713209,2.90583,2.081,-2.18898,-0.69657,0,-2.2044,-0.735367,-0.0112459,-2.287,-0.727762,0,-2.36523,-0.644288,-0.0271239
25.9201,-0.89277,2.7291,2.65596,-0.945292,2.6275,2.65474,-0.932747,2.85131,2,-0.736826,2.89931,2.08074,-2.18328,-0.714216,0,-2.19903,-0.754243,-0.0121768,-2.28105,-0.746198,0,-2.35808,-0.660856,-0.0257208
25.9301,-0.914189,2.722,2.65596,-0.967255,2.61986,2.65461,-0.955126,2.84389,2,-0.76037,2.89262,2.08049,-2.1776,-0.731351,7.3098e-19,-2.19355,-0.773045,-0.0131255,-2.27512,-0.764101,0,-2.35061,-0.677531,-0.0243456
25.9401,-0.93606,2.71456,2.65596,-0.989163,2.61204,2.65448,-0.977976,2.83612,2,-0.783837,2.88576,2.08025,-2.17165,-0.748848,7.3098e-19,-2.18804,-0.791723,-0.0140945,-2.26889,-0.782381,0,-2.34289,-0.694268,-0.0230108
25.9501,-0.957523,2.70706,2.65596,-1.01102,2.60403,2.65433,-1.0004,2.82829,2,-0.807226,2.87873,2.08003,-2.16565,-0.766019,0,-2.1825,-0.810353,-0.0150873,-2.26263,-0.800321,0,-2.33494,-0.71116,-0.0217347
25.9601,-0.979348,2.69925,2.65596,-1.03281,2.59583,2.65418,-1.0232,2.82012,2,-0.830535,2.87153,2.07982,-2.1594,-0.783478,0,-2.17691,-0.828866,-0.0160859,-2.25609,-0.818562,0,-2.32675,-0.728144,-0.020508
25.9701,-1.00078,2.69137,2.65596,-1.05455,2.58745,2.65401,-1.04559,2.81189,2,-0.85376,2.86417,2.07962,-2.1531,-0.800624,0,-2.17114,-0.847231,-0.0170612,-2.24951,-0.836475,0,-2.3182,-0.745198,-0.0193123
25.98,-1.02217,2.68332,2.65596,-1.07623,2.57889,2.65383,-1.06795,2.80348,2,-0.876898,2.85663,2.07943,-2.14666,-0.817738,0,-2.16525,-0.865539,-0.0180394,-2.24278,-0.854356,0,-2.30935,-0.76242,-0.0181842
25.99,-1.04344,2.67512,2.65596,-1.09786,2.57014,2.65365,-1.09016,2.79491,2,-0.899947,2.84892,2.07925,-2.1401,-0.83475,7.3098e-19,-2.15931,-0.88366,-0.0190209,-2.23593,-0.87213,0,-2.30029,-0.779682,-0.0171312
26.0001,-1.06477,2.66671,2.65596,-1.11942,2.56121,2.65345,-1.11245,2.78612,2,-0.922904,2.84104,2.07909,-2.13336,-0.851815,0,-2.1534,-0.901557,-0.0199747,-2.22889,-0.889959,0,-2.29111,-0.796953,-0.0161295
26.0102,-1.08614,2.65807,2.65596,-1.14093,2.55211,2.65325,-1.13478,2.7771,2,-0.945768,2.83298,2.07893,-2.12646,-0.868915,0,-2.14751,-0.919174,-0.0208629,-2.22168,-0.907825,0,-2.28181,-0.814186,-0.0151521
26.0201,-1.10762,2.64919,2.65596,-1.16237,2.54283,2.65304,-1.15722,2.76782,2,-0.96854,2.82475,2.07878,-2.11935,-0.886098,0,-2.14178,-0.936784,-0.021786,-2.21426,-0.925777,0,-2.27253,-0.831656,-0.0143087
26.0301,-1.129,2.64015,2.65596,-1.18376,2.53337,2.65281,-1.17956,2.75838,2,-0.991219,2.81635,2.07864,-2.11212,-0.903203,-1.46196e-18,-2.13623,-0.954451,-0.0228089,-2.2067,-0.943648,0,-2.26333,-0.849421,-0.0136695
26.0401,-1.14969,2.63121,2.65596,-1.2051,2.52374,2.65258,-1.20117,2.74903,2,-1.01381,2.80776,2.07851,-2.10497,-0.919751,0,-2.13052,-0.972032,-0.0237576,-2.19923,-0.960937,0,-2.25388,-0.86734,-0.0130674
26.0501,-1.17063,2.62196,2.65596,-1.22637,2.51393,2.65234,-1.22305,2.73937,2,-1.0363,2.799,2.07838,-2.09757,-0.936503,0,-2.12467,-0.989432,-0.0246283,-2.1915,-0.978439,0,-2.24421,-0.885326,-0.0125111
26.0601,-1.19194,2.61234,2.65596,-1.24759,2.50395,2.65209,-1.24532,2.72932,2,-1.05869,2.79005,2.07826,-2.08987,-0.953555,1.46196e-18,-2.11865,-1.00669,-0.0254496,-2.18346,-0.996254,0,-2.23431,-0.903427,-0.0120401
26.0701,-1.21251,2.60286,2.65596,-1.26874,2.4938,2.65183,-1.26681,2.71941,2,-1.08098,2.78093,2.07814,-2.08229,-0.97001,0,-2.11247,-1.02377,-0.0261983,-2.17553,-1.01345,0,-2.2242,-0.921612,-0.0116349
26.0801,-1.2336,2.59293,2.65596,-1.28984,2.48348,2.65156,-1.28884,2.70904,2,-1.10317,2.77162,2.07802,-2.07434,-0.986878,0,-2.10591,-1.04035,-0.0274601,-2.16723,-1.03107,0,-2.2137,-0.939527,-0.0118856
26.0901,-1.25399,2.58313,2.65596,-1.31086,2.47299,2.65128,-1.31014,2.6988,2,-1.12525,2.76214,2.0779,-2.0665,-1.00319,-1.46196e-18,-2.09914,-1.05667,-0.0289666,-2.15904,-1.04811,0,-2.20296,-0.95741,-0.0125211
26.1001,-1.27494,2.57285,2.65596,-1.33182,2.46235,2.65099,-1.33203,2.68807,2,-1.14723,2.75248,2.07777,-2.05828,-1.01995,0,-2.09219,-1.07275,-0.0301272,-2.15045,-1.06562,0,-2.19203,-0.975295,-0.0129499
26.1101,-1.29521,2.56271,2.65596,-1.35271,2.45154,2.65068,-1.35321,2.67747,2,-1.1691,2.74263,2.07764,-2.05017,-1.03617,-1.46196e-18,-2.08518,-1.08864,-0.0309729,-2.14197,-1.08257,0,-2.18101,-0.993225,-0.0132078
26.1201,-1.31556,2.55233,2.65596,-1.37352,2.44057,2.65037,-1.37446,2.66662,2,-1.19085,2.73261,2.07751,-2.04186,-1.05244,1.46196e-18,-2.07824,-1.10438,-0.0320871,-2.13329,-1.09957,0,-2.17009,-1.01121,-0.0138783
26.1301,-1.33609,2.54163,2.65596,-1.39427,2.42945,2.65004,-1.39592,2.65545,2,-1.2125,2.72241,2.07736,-2.03331,-1.06887,1.46196e-18,-2.07096,-1.11991,-0.0335126,-2.12436,-1.11674,0,-2.15885,-1.02918,-0.0149998
26.1401,-1.35623,2.53095,2.65596,-1.41494,2.41818,2.6497,-1.41696,2.64428,2,-1.23403,2.71203,2.07721,-2.02476,-1.08498,0,-2.06345,-1.13535,-0.0346747,-2.11542,-1.13357,0,-2.14743,-1.04727,-0.0160034
26.1501,-1.37643,2.52002,2.65596,-1.43554,2.40675,2.64934,-1.43806,2.63286,2,-1.25544,2.70146,2.07705,-2.01602,-1.10114,0,-2.05582,-1.15065,-0.0354763,-2.10629,-1.15045,0,-2.13593,-1.06543,-0.0167966
26.1601,-1.39694,2.50871,2.65596,-1.45606,2.39516,2.64899,-1.45949,2.62104,2,-1.27675,2.69072,2.07687,-2.00696,-1.11755,0,-2.04812,-1.1658,-0.0363054,-2.09684,-1.1676,0,-2.12441,-1.08362,-0.0177625
26.1701,-1.41677,2.49756,2.65596,-1.4765,2.38343,2.64862,-1.48021,2.6094,2,-1.29793,2.67979,2.07669,-1.99805,-1.13342,0,-2.03983,-1.18036,-0.0373251,-2.08752,-1.18417,0,-2.1124,-1.10139,-0.0190581
26.1801,-1.4369,2.48604,2.65596,-1.49685,2.37156,2.64824,-1.50124,2.59736,2,-1.31899,2.66869,2.07649,-1.98883,-1.14952,1.46196e-18,-2.03128,-1.19461,-0.0384364,-2.07789,-1.20099,0,-2.1002,-1.119,-0.0205856
26.1901,-1.45627,2.47474,2.65596,-1.51712,2.35954,2.64785,-1.52148,2.58556,2,-1.33994,2.65741,2.07628,-1.97979,-1.16502,0,-2.02272,-1.20897,-0.0393288,-2.06844,-1.21718,0,-2.08808,-1.13689,-0.0220278
26.2001,-1.47608,2.46297,2.65596,-1.53731,2.34738,2.64746,-1.54218,2.57326,2,-1.36076,2.64595,2.07605,-1.97038,-1.18087,0,-2.0141,-1.22343,-0.0397663,-2.05861,-1.23374,0,-2.07598,-1.15501,-0.0231397
26.2101,-1.49584,2.45102,2.65596,-1.55741,2.33507,2.64706,-1.56282,2.56078,2,-1.38145,2.63431,2.07582,-1.96082,-1.19667,1.46196e-18,-2.00531,-1.2376,-0.0398976,-2.04862,-1.25026,0,-2.0638,-1.17299,-0.0240685
26.2201,-1.51506,2.43919,2.65596,-1.57741,2.32262,2.64666,-1.5829,2.54841,2,-1.40203,2.62249,2.07557,-1.95135,-1.21205,0,-1.99623,-1.25146,-0.0404538,-2.03873,-1.26632,0,-2.05147,-1.19075,-0.025541
26.2301,-1.53502,2.42668,2.65596,-1.59733,2.31004,2.64625,-1.60376,2.53534,2,-1.42248,2.6105,2.0753,-1.94134,-1.22801,0,-1.98686,-1.26489,-0.0418724,-2.02827,-1.283,0,-2.039,-1.20815,-0.0279826
26.2402,-1.55442,2.41429,2.65596,-1.61715,2.29733,2.64582,-1.62403,2.5224,2,-1.44281,2.59833,2.07501,-1.93144,-1.24354,-1.46196e-18,-1.97754,-1.2783,-0.0428735,-2.01792,-1.29922,0,-2.02671,-1.22564,-0.0301213
26.2501,-1.57348,2.40192,2.65596,-1.63688,2.28448,2.64539,-1.64394,2.50947,2,-1.46302,2.58598,2.0747,-1.92153,-1.25879,1.46196e-18,-1.96866,-1.29223,-0.0426433,-2.00758,-1.31516,0,-2.01495,-1.24379,-0.0311549
26.2601,-1.59249,2.38935,2.65596,-1.65652,2.27148,2.64497,-1.6638,2.49635,2,-1.48311,2.57345,2.07439,-1.91148,-1.27399,-1.46196e-18,-1.95978,-1.30627,-0.0419037,-1.99708,-1.33104,0,-2.00333,-1.26216,-0.0317919
26.2702,-1.61185,2.37634,2.65596,-1.67607,2.25835,2.64455,-1.68402,2.48275,2,-1.50308,2.56074,2.07406,-1.90107,-1.28948,0,-1.95025,-1.31945,-0.0425178,-1.9862,-1.34722,0,-1.99127,-1.27965,-0.0338591
26.2801,-1.63056,2.36354,2.65596,-1.69553,2.24509,2.64412,-1.70358,2.46938,2,-1.52294,2.54786,2.07371,-1.89083,-1.30445,0,-1.93998,-1.33198,-0.0442528,-1.9755,-1.36286,0,-1.97869,-1.29648,-0.0371243
26.2901,-1.6493,2.3505,2.65596,-1.71487,2.23171,2.64366,-1.72316,2.45575,2,-1.54266,2.53481,2.07332,-1.8804,-1.31944,-1.46196e-18,-1.92926,-1.34425,-0.0462382,-1.9646,-1.37853,0,-1.96584,-1.31309,-0.0407272
26.3001,-1.66821,2.33712,2.65596,-1.73411,2.21821,2.64319,-1.74291,2.44178,2,-1.56225,2.5216,2.0729,-1.8697,-1.33457,0,-1.91848,-1.35683,-0.0472202,-1.95342,-1.39433,0,-1.95311,-1.33009,-0.0434284
26.3101,-1.68673,2.32379,2.65596,-1.75324,2.20458,2.64271,-1.76226,2.42784,2,-1.58172,2.50822,2.07244,-1.85903,-1.34939,1.46196e-18,-1.90682,-1.36845,-0.050402,-1.94228,-1.40981,0,-1.93972,-1.34602,-0.0483559
26.3201,-1.70539,2.31013,2.65596,-1.77225,2.19084,2.64219,-1.78176,2.41357,2,-1.60105,2.49468,2.07193,-1.8481,-1.36431,-1.46196e-18,-1.89482,-1.37995,-0.05392,-1.93086,-1.42541,0,-1.92618,-1.36181,-0.0536692
26.3301,-1.72373,2.29648,2.65596,-1.79113,2.17698,2.64163,-1.80092,2.39931,2,-1.62024,2.48098,2.07137,-1.83718,-1.37898,0,-1.88276,-1.39163,-0.057115,-1.91945,-1.44073,0,-1.91274,-1.37778,-0.0587165
26.3401,-1.74216,2.28253,2.65596,-1.8099,2.16301,2.64105,-1.82017,2.38474,2,-1.6393,2.46712,2.07076,-1.82602,-1.39373,0,-1.871,-1.40374,-0.059209,-1.90779,-1.45614,0,-1.89976,-1.39423,-0.0627415
26.3501,-1.76083,2.26815,2.65596,-1.82854,2.14892,2.64041,-1.83968,2.36972,2,-1.65823,2.45311,2.07008,-1.81452,-1.40867,0,-1.8567,-1.41201,-0.0687855,-1.89577,-1.47175,0,-1.88453,-1.40643,-0.0741175
26.3601,-1.77829,2.25449,2.65596,-1.84704,2.13477,2.63967,-1.85792,2.35545,2,-1.67699,2.43899,2.06927,-1.80359,-1.42263,0,-1.84212,-1.4198,-0.0792486,-1.88436,-1.48634,0,-1.86918,-1.41808,-0.0864
26.3701,-1.79641,2.24008,2.65596,-1.8654,2.12051,2.63887,-1.87686,2.34039,2,-1.69562,2.42473,2.06839,-1.79206,-1.43713,0,-1.83087,-1.4329,-0.0778705,-1.87231,-1.50148,0,-1.85723,-1.43562,-0.087171
26.3801,-1.81454,2.22542,2.65596,-1.88366,2.1061,2.63814,-1.8958,2.32507,2,-1.71415,2.41026,2.06756,-1.78033,-1.45163,0,-1.82204,-1.45019,-0.0671758,-1.86006,-1.51664,0,-1.84785,-1.45779,-0.0788921
26.3901,-1.83241,2.21073,2.65596,-1.90182,2.09153,2.63748,-1.91447,2.30972,2,-1.73256,2.3956,2.06676,-1.76858,-1.46593,1.46196e-18,-1.80944,-1.46165,-0.0686066,-1.84778,-1.53157,0,-1.83495,-1.47343,-0.0824511
26.4001,-1.8499,2.19611,2.65596,-1.91985,2.07687,2.63676,-1.93274,2.29445,2,-1.75084,2.3808,2.0659,-1.75689,-1.47992,0,-1.79582,-1.47153,-0.0733412,-1.83556,-1.54619,0,-1.82122,-1.48726,-0.0892414
26.4101,-1.8671,2.18151,2.65596,-1.93775,2.06208,2.63606,-1.95071,2.2792,2,-1.769,2.36583,2.06503,-1.74521,-1.49368,1.46196e-18,-1.78597,-1.4876,-0.0645946,-1.82336,-1.56057,0,-1.81145,-1.50787,-0.0829037
26.4201,-1.88448,2.16651,2.65596,-1.95557,2.04712,2.63547,-1.96887,2.26353,2,-1.78707,2.35065,2.06424,-1.73321,-1.50759,-1.46196e-18,-1.77569,-1.50324,-0.0562719,-1.81082,-1.5751,0,-1.80141,-1.52791,-0.0769721
26.4301,-1.90263,2.15059,2.65596,-1.97325,2.03203,2.63489,-1.98783,2.2469,2,-1.80502,2.3353,2.06345,-1.72048,-1.5221,1.46196e-18,-1.76164,-1.51281,-0.0604366,-1.79752,-1.59026,0,-1.78775,-1.54121,-0.0831923
26.4401,-1.91913,2.13588,2.65596,-1.99079,2.01687,2.63425,-2.00507,2.23153,2,-1.82282,2.31983,2.06257,-1.70871,-1.5353,1.46196e-18,-1.74651,-1.52106,-0.067208,-1.78522,-1.60405,0,-1.77318,-1.55294,-0.0919362
26.4501,-1.93611,2.12051,2.65596,-2.00818,2.00161,2.63354,-2.0228,2.21546,2,-1.84048,2.30424,2.06161,-1.6964,-1.54888,0,-1.73121,-1.52949,-0.0737671,-1.77237,-1.61824,0,-1.7586,-1.56475,-0.100452
26.4601,-1.95299,2.10496,2.65596,-2.02542,1.98628,2.63277,-2.04045,2.19922,2,-1.85799,2.28853,2.06056,-1.68397,-1.56239,-1.46196e-18,-1.71586,-1.53789,-0.08023,-1.75938,-1.63236,0,-1.74413,-1.5764,-0.108842
26.4701,-1.96953,2.0895,2.65596,-2.0425,1.97085,2.63195,-2.05772,2.18307,2,-1.87537,2.27271,2.05944,-1.6716,-1.57562,0,-1.70114,-1.54746,-0.0842066,-1.74645,-1.64618,0,-1.73047,-1.58918,-0.11477
26.4801,-1.98621,2.07364,2.65596,-2.05944,1.95532,2.63109,-2.07516,2.1665,2,-1.89261,2.25675,2.05827,-1.65892,-1.58897,-1.46196e-18,-1.68675,-1.55783,-0.0862637,-1.7332,-1.66013,0,-1.71731,-1.60271,-0.118779
26.4901,-2.00289,2.05755,2.65596,-2.07624,1.93969,2.63023,-2.09257,2.14968,2,-1.90972,2.24065,2.05707,-1.64604,-1.60231,1.46196e-18,-1.67267,-1.56902,-0.0865681,-1.71975,-1.67406,0,-1.70466,-1.61695,-0.121031
26.5001,-2.01913,2.0416,2.65596,-2.0929,1.92394,2.62937,-2.10955,2.13303,2,-1.9267,2.22441,2.05585,-1.63328,-1.61531,0,-1.65885,-1.58101,-0.0855639,-1.70642,-1.68764,0,-1.69244,-1.63189,-0.121957
26.5101,-2.03532,2.02547,2.65596,-2.10942,1.90807,2.62852,-2.12646,2.11617,2,-1.94356,2.20801,2.05463,-1.62037,-1.62826,0,-1.6451,-1.59363,-0.0835478,-1.69293,-1.70117,0,-1.68047,-1.64733,-0.121835
26.5201,-2.05174,2.00884,2.65596,-2.1258,1.89207,2.6277,-2.14361,2.09879,2,-1.96031,2.19146,2.05342,-1.60707,-1.64139,0,-1.63135,-1.60669,-0.0807608,-1.67903,-1.71489,0,-1.66866,-1.66306,-0.120897
26.5301,-2.06782,1.99227,2.65596,-2.14204,1.87593,2.62691,-2.16042,2.08149,2,-1.97694,2.17475,2.05222,-1.59382,-1.65426,1.46196e-18,-1.61755,-1.62,-0.0774009,-1.66519,-1.72834,0,-1.65693,-1.67888,-0.119332
26.5401,-2.08364,1.97573,2.65596,-2.15654,1.8613,2.62623,-2.17694,2.0642,2,-1.9918,2.15958,2.05115,-1.58058,-1.66691,-1.46196e-18,-1.60512,-1.63206,-0.0740234,-1.65136,-1.74155,0,-1.6465,-1.69306,-0.117518
26.5501,-2.09911,1.95928,2.65596,-2.17253,1.84491,2.62551,-2.1931,2.04702,2,-2.00821,2.14257,2.04999,-1.56743,-1.67929,0,-1.59146,-1.64585,-0.0701686,-1.63762,-1.75448,0,-1.63518,-1.70904,-0.115334
26.5601,-2.11476,1.94238,2.65596,-2.18837,1.82838,2.62482,-2.20946,2.02936,2,-2.02451,2.1254,2.04885,-1.55391,-1.69181,0,-1.57758,-1.6598,-0.0661472,-1.62349,-1.76757,0,-1.62375,-1.72498,-0.112897
26.5701,-2.13037,1.92524,2.65596,-2.20408,1.81171,2.62418,-2.22577,2.01146,2,-2.04069,2.10807,2.04773,-1.5402,-1.7043,-2.92392e-18,-1.56348,-1.67377,-0.0619412,-1.60916,-1.78062,0,-1.61222,-1.74074,-0.110186
26.5801,-2.14597,1.90784,2.65596,-2.21964,1.79491,2.62359,-2.24206,1.99328,2,-2.05675,2.09058,2.04664,-1.52628,-1.71677,1.46196e-18,-1.54915,-1.68758,-0.0575986,-1.59462,-1.79365,0,-1.60057,-1.75614,-0.107254
26.5901,-2.16108,1.89071,2.65596,-2.23506,1.77796,2.62303,-2.25785,1.97538,2,-2.0727,2.07294,2.04559,-1.51257,-1.72886,-1.46196e-18,-1.53464,-1.70119,-0.053193,-1.5803,-1.80628,0,-1.58882,-1.77115,-0.104165
26.6001,-2.176,1.87351,2.65596,-2.25034,1.76088,2.62252,-2.27344,1.95741,2,-2.08853,2.05516,2.04456,-1.49881,-1.7408,0,-1.52019,-1.71486,-0.0489243,-1.56593,-1.81876,0,-1.57721,-1.78601,-0.10111
26.6102,-2.19129,1.85561,2.65596,-2.26546,1.74367,2.62205,-2.28942,1.9387,2,-2.10424,2.03723,2.04356,-1.48449,-1.75303,0,-1.50557,-1.72856,-0.0447808,-1.55096,-1.83153,0,-1.56551,-1.80065,-0.0980675
26.6201,-2.20603,1.83807,2.65596,-2.27895,1.72805,2.62167,-2.30481,1.92038,2,-2.11828,2.02096,2.04269,-1.47046,-1.76482,0,-1.49225,-1.74099,-0.0411854,-1.5363,-1.84385,0,-1.55488,-1.81374,-0.0953721
26.6301,-2.22106,1.81987,2.65596,-2.29232,1.71233,2.62131,-2.32052,1.90136,2,-2.13223,2.00458,2.04185,-1.4559,-1.77685,0,-1.47872,-1.75352,-0.0377094,-1.52109,-1.85642,0,-1.54411,-1.82675,-0.0927111
26.6401,-2.23474,1.80304,2.65596,-2.30704,1.69472,2.62095,-2.33482,1.88378,2,-2.14761,1.98624,2.04094,-1.44243,-1.7878,0,-1.46353,-1.76738,-0.0339489,-1.50703,-1.86785,0,-1.53202,-1.84093,-0.0897426
26.6506,-2.25015,1.78379,2.65596,-2.32304,1.6752,2.6206,-2.35091,1.86366,2,-2.16439,1.9659,2.03997,-1.42703,-1.80012,1.46196e-18,-1.4467,-1.78264,-0.0300211,-1.49093,-1.88072,0,-1.51864,-1.85624,-0.086527
26.6601,-2.26342,1.76692,2.65596,-2.33457,1.66089,2.62037,-2.36477,1.84604,2,-2.1765,1.95101,2.03928,-1.41353,-1.81073,-1.46196e-18,-1.43426,-1.79365,-0.0273033,-1.47683,-1.89182,0,-1.50875,-1.86708,-0.0842242
26.6704,-2.27781,1.74832,2.65596,-2.34883,1.64289,2.62012,-2.37981,1.82661,2,-2.19152,1.93227,2.03846,-1.39866,-1.82225,0,-1.41857,-1.80727,-0.0240278,-1.46129,-1.90385,0,-1.49626,-1.88026,-0.0813563
26.6803,-2.29163,1.73016,2.65596,-2.36294,1.62475,2.61989,-2.39425,1.80764,2,-2.20642,1.91341,2.03766,-1.38413,-1.83331,0,-1.40279,-1.82099,-0.0209525,-1.44611,-1.9154,0,-1.48369,-1.8933,-0.0785473
26.6901,-2.30528,1.71194,2.65596,-2.37411,1.61014,2.61973,-2.40851,1.7886,2,-2.21825,1.89822,2.03704,-1.36955,-1.84422,-1.46196e-18,-1.39007,-1.83195,-0.0185963,-1.43088,-1.92681,0,-1.47353,-1.9035,-0.0762921
26.7001,-2.31852,1.69396,2.65596,-2.38655,1.59359,2.61958,-2.42235,1.76981,2,-2.23146,1.88104,2.03636,-1.35517,-1.85482,-1.46196e-18,-1.37567,-1.84432,-0.016154,-1.41585,-1.93788,0,-1.46203,-1.91479,-0.0738499
26.7101,-2.33212,1.67519,2.65596,-2.40023,1.57508,2.61943,-2.43655,1.75021,2,-2.24602,1.86183,2.03564,-1.34015,-1.86569,0,-1.35963,-1.85816,-0.0135939,-1.40017,-1.94924,0,-1.4492,-1.92714,-0.0711366
26.7201,-2.34551,1.65639,2.65596,-2.41375,1.55643,2.6193,-2.45054,1.73056,2,-2.26045,1.84249,2.03494,-1.32511,-1.87641,-1.46196e-18,-1.34351,-1.87209,-0.011188,-1.38445,-1.96043,0,-1.43624,-1.93927,-0.0684032
26.7301,-2.35888,1.6373,2.65596,-2.4271,1.53764,2.6192,-2.46451,1.71061,2,-2.27474,1.82304,2.03427,-1.30984,-1.8871,0,-1.32732,-1.88622,-0.00898914,-1.36849,-1.97161,0,-1.42321,-1.95129,-0.065712
26.7401,-2.37214,1.61803,2.65596,-2.44029,1.5187,2.61912,-2.47836,1.69048,2,-2.28891,1.80347,2.03362,-1.29442,-1.89771,0,-1.31125,-1.9006,-0.00702883,-1.35239,-1.98269,0,-1.41025,-1.96326,-0.0631033
26.75,-2.38459,1.59962,2.65596,-2.45333,1.49963,2.61906,-2.49137,1.67125,2,-2.30295,1.78378,2.03301,-1.2797,-1.90767,0,-1.2952,-1.91504,-0.00523354,-1.337,-1.9931,0,-1.39724,-1.97503,-0.0605049
26.7602,-2.39805,1.57937,2.65596,-2.4662,1.4804,2.61902,-2.50543,1.6501,2,-2.31686,1.76397,2.03241,-1.2635,-1.91844,-1.46196e-18,-1.27933,-1.9297,-0.00371294,-1.32008,-2.00434,0,-1.38431,-1.98678,-0.0580326
26.7701,-2.40989,1.56124,2.65596,-2.47891,1.46103,2.61899,-2.51781,1.63115,2,-2.33063,1.74404,2.03185,-1.24899,-1.92791,-1.46196e-18,-1.26339,-1.94419,-0.00229505,-1.30492,-2.01425,0,-1.3712,-1.99814,-0.0555253
26.7802,-2.42238,1.54179,2.65596,-2.49147,1.44152,2.61897,-2.53085,1.61083,2,-2.34428,1.72401,2.0313,-1.23344,-1.9379,0,-1.24729,-1.95858,-0.00106234,-1.28867,-2.02468,0,-1.35778,-2.00921,-0.0530706
26.7901,-2.43462,1.52239,2.65596,-2.50386,1.42186,2.61897,-2.54364,1.59056,2,-2.35779,1.70386,2.03078,-1.21791,-1.9477,1.46196e-18,-1.23126,-1.97282,-3.55767e-05,-1.27245,-2.03491,0,-1.34425,-2.01996,-0.0506935
26.8001,-2.44696,1.50248,2.65596,-2.51609,1.40206,2.61897,-2.55653,1.56976,2,-2.37116,1.68361,2.03029,-1.20198,-1.95757,0,-1.21515,-1.98674,0.000854859,-1.25581,-2.04523,0,-1.33044,-2.03022,-0.0483227
26.8101,-2.45863,1.4833,2.65596,-2.52816,1.38213,2.61898,-2.56873,1.54972,2,-2.3844,1.66326,2.02982,-1.18664,-1.96691,-1.46196e-18,-1.19896,-2.00061,0.00155464,-1.23977,-2.05498,0,-1.31632,-2.0403,-0.0460255
26.8201,-2.47058,1.46332,2.65596,-2.54007,1.36205,2.619,-2.58121,1.52885,2,-2.39749,1.6428,2.02937,-1.17066,-1.97646,0,-1.18249,-2.01432,0.00210833,-1.22308,-2.06496,0,-1.30168,-2.05013,-0.043765
26.8301,-2.48287,1.44236,2.65596,-2.55181,1.34184,2.61902,-2.59405,1.50695,2,-2.41043,1.62225,2.02894,-1.15389,-1.9863,1.46196e-18,-1.16611,-2.02793,0.00247061,-1.20556,-2.07524,0,-1.28685,-2.05977,-0.0415865
26.8402,-2.49355,1.42382,2.65596,-2.56339,1.32149,2.61905,-2.60521,1.48758,2,-2.42322,1.60161,2.02854,-1.13905,-1.99484,0,-1.14998,-2.04148,0.00259988,-1.19006,-2.08417,0,-1.27195,-2.06927,-0.039532
26.8501,-2.50464,1.40421,2.65596,-2.57481,1.30101,2.61908,-2.6168,1.46709,2,-2.43587,1.58087,2.02815,-1.12337,-2.00371,0,-1.13383,-2.05475,0.00260102,-1.17367,-2.09344,0,-1.25673,-2.07846,-0.0375214
26.8601,-2.5162,1.38339,2.65596,-2.58607,1.2804,2.6191,-2.62888,1.44534,2,-2.44836,1.56004,2.02779,-1.10671,-2.01296,0,-1.11775,-2.06787,0.00244717,-1.15627,-2.1031,0,-1.24126,-2.08753,-0.0356121
26.8701,-2.52695,1.36366,2.65596,-2.59717,1.25965,2.61912,-2.64011,1.42472,2,-2.46069,1.53912,2.02744,-1.09092,-2.02156,0,-1.1018,-2.08083,0.00216562,-1.13978,-2.11209,0,-1.22557,-2.09647,-0.0337733
26.8801,-2.53831,1.34239,2.65596,-2.60811,1.23878,2.61915,-2.65198,1.4025,2,-2.47287,1.51811,2.02712,-1.07391,-2.03065,0,-1.0869,-2.09564,0.00564886,-1.122,-2.12158,0,-1.21056,-2.1071,-0.0280013
26.8901,-2.54871,1.32254,2.65596,-2.61893,1.21767,2.61936,-2.66284,1.38176,2,-2.48493,1.49692,2.02701,-1.05803,-2.03897,0,-1.07884,-2.12961,0.0419425,-1.10541,-2.13027,0,-1.20312,-2.13377,0.0118696
26.9003,-2.55956,1.30142,2.65596,-2.62967,1.19615,2.62001,-2.67418,1.3597,2,-2.49694,1.47542,2.02738,-1.04114,-2.04765,0,-1.06864,-2.1752,0.0882889,-1.08776,-2.13934,0,-1.19799,-2.16595,0.0636751
26.9101,-2.56943,1.28182,2.65596,-2.64028,1.17412,2.62115,-2.68449,1.33922,2,-2.5089,1.45358,2.02831,-1.02546,-2.05555,-1.46196e-18,-1.05135,-2.23547,0.141534,-1.07138,-2.14759,0,-1.19472,-2.20274,0.125186
26.9201,-2.57954,1.26136,2.65596,-2.65066,1.15138,2.62287,-2.69505,1.31784,2,-2.52084,1.43135,2.02992,-1.00909,-2.06363,0,-1.02218,-2.3146,0.202339,-1.05427,-2.15604,0,-1.19339,-2.24469,0.197866
26.9301,-2.58955,1.24068,2.65596,-2.66067,1.12778,2.62519,-2.70551,1.29623,2,-2.53276,1.40869,2.03227,-0.992541,-2.07164,0,-0.977146,-2.40566,0.25853,-1.03699,-2.16441,0,-1.1912,-2.286,0.269047
26.9401,-2.59943,1.21984,2.65596,-2.67017,1.10326,2.62799,-2.71583,1.27447,2,-2.54465,1.38564,2.03527,-0.975875,-2.07954,0,-0.920943,-2.50026,0.301838,-1.01957,-2.17266,0,-1.18649,-2.32288,0.330113
26.9501,-2.60919,1.19882,2.65596,-2.6791,1.07781,2.63116,-2.72603,1.2525,2,-2.55648,1.36226,2.03881,-0.959053,-2.08735,-1.46196e-18,-0.866495,-2.58538,0.328498,-1.002,-2.18083,0,-1.17787,-2.35277,0.375742
26.9601,-2.61882,1.17763,2.65596,-2.68752,1.05165,2.63449,-2.73609,1.23037,2,-2.56819,1.33863,2.04269,-0.942106,-2.09506,0,-0.819795,-2.64184,0.332382,-0.984293,-2.18887,0,-1.16296,-2.37019,0.394913
26.9701,-2.62794,1.15715,2.65596,-2.69551,1.02505,2.63777,-2.74562,1.20896,2,-2.57972,1.31488,2.04666,-0.925717,-2.10235,0,-0.77913,-2.67713,0.324356,-0.96717,-2.19649,0,-1.14423,-2.38049,0.398289
26.9801,-2.63768,1.13476,2.65596,-2.70312,0.998108,2.641,-2.7558,1.18557,2,-2.59108,1.29101,2.05068,-0.907807,-2.11015,1.46196e-18,-0.741811,-2.7102,0.322203,-0.948458,-2.20464,0,-1.12573,-2.39357,0.40644
26.9901,-2.64599,1.11524,2.65596,-2.71035,0.970888,2.64417,-2.76448,1.16518,2,-2.60223,1.26703,2.05474,-0.892192,-2.1168,0,-0.705931,-2.73124,0.309701,-0.932144,-2.21158,0,-1.10434,-2.40119,0.40244
27.0001,-2.65494,1.09377,2.65596,-2.71724,0.94352,2.64716,-2.77383,1.14275,2,-2.61315,1.243,2.05869,-0.875015,-2.12395,1.46196e-18,-0.670248,-2.7414,0.287195,-0.914198,-2.21906,0,-1.08032,-2.40349,0.386634
27.0101,-2.66365,1.07238,2.65596,-2.72376,0.916074,2.64991,-2.78293,1.1204,2,-2.62383,1.21896,2.06247,-0.857906,-2.13092,0,-0.635182,-2.74714,0.263162,-0.896323,-2.22634,0,-1.0555,-2.40494,0.368101
27.0201,-2.67207,1.05123,2.65596,-2.72994,0.888588,2.65242,-2.79172,1.09831,2,-2.63426,1.1949,2.06605,-0.840987,-2.13766,-1.46196e-18,-0.601062,-2.74967,0.238749,-0.878645,-2.23338,0,-1.03011,-2.40626,0.348136
27.0301,-2.68053,1.02947,2.65596,-2.73579,0.861088,2.65469,-2.80056,1.07557,2,-2.64443,1.17083,2.06943,-0.823573,-2.14443,7.3098e-19,-0.567941,-2.74994,0.215674,-0.860452,-2.24045,0,-1.00435,-2.40822,0.328412
27.0401,-2.68863,1.00814,2.65596,-2.7413,0.833596,2.65674,-2.80902,1.05328,2,-2.65435,1.14674,2.07262,-0.80651,-2.1509,0,-0.53569,-2.74807,0.194419,-0.842625,-2.24722,0,-0.978055,-2.41091,0.309314
27.05,-2.69639,0.98719,2.65596,-2.7465,0.806133,2.65859,-2.81713,1.0314,2,-2.66399,1.12261,2.07562,-0.789752,-2.15711,7.3098e-19,-0.504538,-2.74414,0.175006,-0.825117,-2.2537,0,-0.951311,-2.41442,0.290769
27.0601,-2.70437,0.965096,2.65596,-2.7514,0.77872,2.66025,-2.82547,1.00831,2,-2.67337,1.09845,2.07843,-0.772077,-2.1635,7.3098e-19,-0.474769,-2.73817,0.157248,-0.80665,-2.26038,0,-0.924248,-2.41873,0.272511
27.0702,-2.71197,0.943551,2.65596,-2.756,0.751378,2.66174,-2.83341,0.985803,2,-2.68248,1.07424,2.08107,-0.754841,-2.16957,-7.3098e-19,-0.446348,-2.72982,0.141319,-0.788642,-2.26673,0,-0.896665,-2.42348,0.254628
27.0801,-2.71946,0.921719,2.65596,-2.76033,0.724131,2.66308,-2.84124,0.962993,2,-2.6913,1.04997,2.08353,-0.737375,-2.17557,0,-0.419388,-2.7192,0.127308,-0.770394,-2.27299,0,-0.868519,-2.42876,0.237109
27.0901,-2.7267,0.900077,2.65596,-2.7644,0.697001,2.66429,-2.8488,0.940382,2,-2.69985,1.02566,2.08581,-0.720062,-2.18136,-7.3098e-19,-0.394071,-2.70638,0.114834,-0.752306,-2.27904,0,-0.839862,-2.43455,0.219528
27.1001,-2.73376,0.878412,2.65596,-2.76785,0.672702,2.66528,-2.85618,0.917747,2,-2.70729,1.00372,2.08772,-0.70273,-2.18701,1.46196e-18,-0.372788,-2.69309,0.104998,-0.734198,-2.28494,0,-0.813616,-2.44023,0.203698
27.1102,-2.74095,0.855715,2.65596,-2.77111,0.64853,2.66618,-2.86369,0.894033,2,-2.71449,0.981733,2.08948,-0.684572,-2.19276,0,-0.353208,-2.67826,0.0965232,-0.715227,-2.29095,0,-0.787146,-2.44633,0.187919
27.1201,-2.7476,0.834109,2.65596,-2.77454,0.621837,2.66711,-2.87064,0.87146,2,-2.72221,0.957234,2.09127,-0.667287,-2.19808,-7.3098e-19,-0.333375,-2.6601,0.0886087,-0.697168,-2.29651,0,-0.757351,-2.45346,0.170438
27.1301,-2.75422,0.81198,2.65596,-2.77779,0.595333,2.66796,-2.87755,0.84834,2,-2.72964,0.932663,2.09289,-0.649584,-2.20338,0,-0.31566,-2.64035,0.08225,-0.678672,-2.30204,0,-0.727209,-2.46091,0.15305
27.1401,-2.76081,0.789286,2.65596,-2.78086,0.569035,2.66876,-2.88444,0.82463,2,-2.73676,0.908015,2.09433,-0.631429,-2.20865,0,-0.299951,-2.61917,0.0772695,-0.659704,-2.30755,0,-0.696611,-2.46857,0.135681
27.1501,-2.76668,0.768447,2.65596,-2.78379,0.542953,2.66951,-2.89057,0.802857,2,-2.74357,0.88329,2.0956,-0.614757,-2.21335,0,-0.286454,-2.59692,0.0734131,-0.642286,-2.31246,0,-0.665812,-2.47653,0.118215
27.16,-2.77285,0.74588,2.65596,-2.7866,0.5171,2.67023,-2.89702,0.77928,2,-2.75007,0.858485,2.0967,-0.596704,-2.21828,7.3098e-19,-0.275059,-2.57366,0.0704098,-0.623424,-2.31762,0,-0.634786,-2.48452,0.100557
27.1701,-2.77889,0.723052,2.65596,-2.7893,0.491483,2.67092,-2.90333,0.75543,2,-2.75626,0.8336,2.09761,-0.578442,-2.22311,0,-0.26554,-2.54953,0.0681445,-0.604344,-2.32266,0,-0.603406,-2.49241,0.0827586
27.1801,-2.78441,0.701504,2.65596,-2.79192,0.466111,2.67159,-2.90909,0.732917,2,-2.76214,0.808636,2.09835,-0.561203,-2.22753,0,-0.257858,-2.52489,0.06645,-0.586334,-2.32728,0,-0.571738,-2.50036,0.064804
27.1902,-2.78994,0.679195,2.65596,-2.79446,0.440986,2.67225,-2.91487,0.709609,2,-2.7677,0.783593,2.09891,-0.543356,-2.23195,0,-0.251945,-2.49991,0.0651282,-0.567687,-2.33189,0,-0.539874,-2.50826,0.0466953
27.2001,-2.79544,0.656185,2.65596,-2.79696,0.416114,2.6729,-2.92062,0.685569,2,-2.77294,0.758472,2.09928,-0.524948,-2.23635,0,-0.247626,-2.47459,0.0640886,-0.548455,-2.33649,0,-0.507802,-2.51589,0.0285433
27.2102,-2.80063,0.633642,2.65596,-2.79942,0.391495,2.67353,-2.92604,0.662016,2,-2.77785,0.733276,2.09948,-0.506914,-2.24051,0,-0.244738,-2.4491,0.0632183,-0.529613,-2.34084,0,-0.475513,-2.52324,0.0104064
27.2201,-2.80548,0.611835,2.65596,-2.80186,0.367131,2.67416,-2.93111,0.639233,2,-2.78245,0.708007,2.09949,-0.489468,-2.24438,7.3098e-19,-0.243156,-2.42378,0.0623582,-0.511386,-2.34488,0,-0.443058,-2.53049,-0.00769287
27.2301,-2.8103,0.5893,2.65596,-2.80405,0.345419,2.67472,-2.93614,0.615689,2,-2.7863,0.685204,2.09935,-0.47144,-2.24824,0,-0.242882,-2.4012,0.0615081,-0.492551,-2.34891,0,-0.413905,-2.53684,-0.0238717
27.2402,-2.81494,0.566735,2.65596,-2.80623,0.323909,2.67527,-2.94099,0.592113,2,-2.7899,0.662345,2.09906,-0.453388,-2.25195,7.3098e-19,-0.243414,-2.37877,0.0605123,-0.473691,-2.35279,0,-0.384702,-2.54284,-0.039861
27.2502,-2.81936,0.54432,2.65596,-2.80868,0.300244,2.67587,-2.9456,0.568694,2,-2.79358,0.636884,2.09858,-0.435456,-2.25548,0,-0.244925,-2.35436,0.0592671,-0.454955,-2.35648,0,-0.352284,-2.54936,-0.0572505
27.2601,-2.8235,0.522407,2.65596,-2.81114,0.276819,2.67645,-2.94993,0.5458,2,-2.79694,0.611358,2.09792,-0.417926,-2.2588,0,-0.247227,-2.33065,0.0576414,-0.43664,-2.35995,0,-0.319931,-2.55575,-0.0743052
27.2701,-2.82767,0.499341,2.65596,-2.81362,0.253628,2.67702,-2.95429,0.521702,2,-2.79998,0.585769,2.09709,-0.399473,-2.26213,0,-0.250231,-2.30769,0.0556182,-0.417361,-2.36343,0,-0.287766,-2.56194,-0.0908838
27.2802,-2.83155,0.476864,2.65596,-2.81614,0.230664,2.67757,-2.95834,0.498217,2,-2.8027,0.56012,2.09611,-0.381491,-2.26524,3.6549e-19,-0.253674,-2.28535,0.0533155,-0.398574,-2.36667,0,-0.255701,-2.56776,-0.106745
27.2901,-2.83521,0.454575,2.65596,-2.8187,0.207918,2.67809,-2.96217,0.474931,2,-2.80509,0.534414,2.09496,-0.36366,-2.26817,0,-0.257497,-2.2639,0.0506989,-0.379945,-2.36973,0,-0.223851,-2.57341,-0.121815
27.3002,-2.83885,0.431281,2.65596,-2.82129,0.185381,2.67858,-2.96597,0.450594,2,-2.80717,0.508651,2.09367,-0.345025,-2.27108,3.6549e-19,-0.261607,-2.24368,0.0478135,-0.360475,-2.37277,0,-0.192224,-2.57924,-0.135972
27.3101,-2.84217,0.40882,2.65596,-2.82393,0.163041,2.67904,-2.96944,0.427127,2,-2.80894,0.482829,2.09225,-0.327056,-2.27373,-3.6549e-19,-0.265887,-2.22467,0.0448261,-0.341702,-2.37555,0,-0.160814,-2.58522,-0.148978
27.3201,-2.84538,0.385852,2.65596,-2.82661,0.140884,2.67948,-2.97279,0.40313,2,-2.81039,0.456947,2.0907,-0.308681,-2.2763,3.6549e-19,-0.270247,-2.20678,0.0417491,-0.322504,-2.37823,0,-0.129718,-2.59119,-0.160735
27.3302,-2.84836,0.363152,2.65596,-2.82934,0.118901,2.67988,-2.97591,0.379414,2,-2.81154,0.431005,2.08904,-0.290522,-2.27869,0,-0.274545,-2.1901,0.0385146,-0.303531,-2.38073,0,-0.0989931,-2.59719,-0.171239
27.3401,-2.85116,0.340509,2.65596,-2.8321,0.0970786,2.68025,-2.97883,0.355756,2,-2.81237,0.405003,2.08728,-0.272407,-2.28093,0,-0.278475,-2.1745,0.035219,-0.284605,-2.38307,0,-0.0685229,-2.60304,-0.180334
27.3501,-2.85383,0.317309,2.65596,-2.8349,0.0754065,2.68058,-2.98163,0.331517,2,-2.81291,0.378944,2.08543,-0.253847,-2.28307,3.6549e-19,-0.282145,-2.16015,0.0317587,-0.265214,-2.3853,0,-0.0385931,-2.60885,-0.188085
27.3601,-2.85626,0.294662,2.65596,-2.83774,0.0538709,2.68088,-2.98416,0.307857,2,-2.81315,0.352826,2.08352,-0.235729,-2.28501,0,-0.285503,-2.14718,0.0280868,-0.246285,-2.38733,0,-0.00932861,-2.61469,-0.194511
27.3701,-2.8585,0.272097,2.65596,-2.84061,0.032458,2.68114,-2.9865,0.284281,2,-2.8131,0.32665,2.08155,-0.217677,-2.2868,0,-0.288483,-2.1356,0.0241495,-0.227425,-2.3892,0,0.0191569,-2.62052,-0.199658
27.3801,-2.86061,0.248949,2.65596,-2.84351,0.0111549,2.68136,-2.9887,0.260096,2,-2.81277,0.300416,2.07953,-0.199159,-2.28849,3.6549e-19,-0.290838,-2.12525,0.0199676,-0.208077,-2.39096,0,0.0469399,-2.62613,-0.203521
27.3901,-2.86252,0.225838,2.65596,-2.84643,-0.0100507,2.68154,-2.99071,0.235951,2,-2.81216,0.274128,2.07748,-0.180671,-2.29002,1.82745e-19,-0.292392,-2.11605,0.015578,-0.188761,-2.39257,0,0.074042,-2.63145,-0.206103
27.4,-2.86421,0.203394,2.65596,-2.84936,-0.0311705,2.68167,-2.99246,0.212502,2,-2.81129,0.247788,2.07541,-0.162715,-2.29137,0,-0.293185,-2.10809,0.010969,-0.170001,-2.39397,0,0.100284,-2.63651,-0.207465
27.4102,-2.86575,0.180424,2.65596,-2.85229,-0.052217,2.68176,-2.99407,0.188504,2,-2.81016,0.221399,2.07334,-0.144339,-2.2926,0,-0.293072,-2.1014,0.00617475,-0.150803,-2.39526,0,0.125678,-2.64131,-0.207632
27.4201,-2.86709,0.157594,2.65596,-2.85521,-0.0732018,2.6818,-2.99548,0.164651,2,-2.80878,0.194964,2.07126,-0.126075,-2.29367,0,-0.292035,-2.09574,0.00125723,-0.131721,-2.39638,0,0.150126,-2.64559,-0.206626
27.4301,-2.86826,0.134612,2.65596,-2.85812,-0.0941347,2.68178,-2.9967,0.14064,2,-2.80716,0.168489,2.06921,-0.10769,-2.29461,0,-0.289858,-2.09096,-0.00376586,-0.112512,-2.39736,0,0.17374,-2.6492,-0.204523
27.4401,-2.86927,0.11112,2.65596,-2.86101,-0.115024,2.68172,-2.99775,0.116096,2,-2.80531,0.141982,2.06718,-0.0888962,-2.29541,9.13725e-20,-0.286514,-2.08706,-0.00885123,-0.092877,-2.3982,0,0.196452,-2.65212,-0.201386
27.4501,-2.87006,0.0883396,2.65596,-2.86385,-0.135879,2.68161,-2.99858,0.0922954,2,-2.80323,0.115449,2.06518,-0.0706716,-2.29605,-9.13725e-20,-0.28199,-2.08399,-0.013961,-0.0738363,-2.39886,0,0.2182,-2.65427,-0.197288
27.4601,-2.87067,0.0655853,2.65596,-2.86664,-0.156706,2.68144,-2.99922,0.0685221,2,-2.80095,0.0888997,2.06323,-0.0524682,-2.29654,9.13725e-20,-0.276265,-2.08166,-0.0190752,-0.0548177,-2.39937,0,0.238942,-2.65557,-0.19233
27.4703,-2.87112,0.0417062,2.65596,-2.8691,-0.175435,2.68125,-2.99968,0.0435738,2,-2.79871,0.0649959,2.06153,-0.033365,-2.29689,0,-0.270171,-2.08054,-0.0237069,-0.034859,-2.39975,0,0.256621,-2.65633,-0.187263
27.4802,-2.87135,0.0192715,2.65596,-2.8715,-0.194158,2.68102,-2.99993,0.0201345,2,-2.79633,0.0410872,2.05987,-0.0154172,-2.29708,0,-0.263235,-2.08019,-0.0282664,-0.0161076,-2.39995,0,0.27329,-2.65658,-0.181627
27.4903,-2.87142,-0.00404727,2.65596,-2.87409,-0.214961,2.68071,-3,-0.0042285,2,-2.79351,0.0145235,2.05808,0.00323781,-2.29713,0,-0.254359,-2.08047,-0.0331546,0.0033828,-2.4,0,0.290772,-2.65599,-0.174725
27.5001,-2.8713,-0.0266165,2.65596,-2.87659,-0.23577,2.68035,-2.99987,-0.0278083,2,-2.79052,-0.0120296,2.05637,0.0212932,-2.29704,2.28431e-20,-0.244266,-2.08145,-0.0379081,0.0222467,-2.3999,0,0.307115,-2.6545,-0.167332
27.5101,-2.87099,-0.0496809,2.65596,-2.87897,-0.256593,2.67995,-2.99955,-0.0519056,2,-2.78737,-0.0385645,2.05474,0.0397447,-2.29679,4.56862e-20,-0.232914,-2.08333,-0.0425607,0.0415245,-2.39964,0,0.322364,-2.65233,-0.159626
27.5201,-2.87048,-0.0735069,2.65596,-2.88124,-0.277438,2.6795,-2.99902,-0.0767985,2,-2.78407,-0.0650727,2.05318,0.0588055,-2.29638,0,-0.220246,-2.08578,-0.0470142,0.0614388,-2.39921,0,0.336595,-2.64917,-0.151655
27.5303,-2.86982,-0.0959427,2.65596,-2.88338,-0.298311,2.67901,-2.99832,-0.100239,2,-2.78064,-0.0915455,2.0517,0.0767542,-2.29585,0,-0.206417,-2.08892,-0.0513064,0.0801912,-2.39866,0,0.349688,-2.64522,-0.143595
27.5401,-2.86896,-0.118857,2.65596,-2.88536,-0.319218,2.67848,-2.99743,-0.124179,2,-2.77708,-0.117974,2.05031,0.0950852,-2.29517,0,-0.191221,-2.09259,-0.0553801,0.0993431,-2.39794,0,0.361885,-2.64035,-0.135521
27.5501,-2.86793,-0.141423,2.65596,-2.8872,-0.340164,2.6779,-2.99636,-0.147756,2,-2.77341,-0.144349,2.04899,0.113138,-2.29435,0,-0.174703,-2.0966,-0.0591972,0.118204,-2.39709,0,0.373194,-2.63443,-0.127523
27.5601,-2.86672,-0.164252,2.65596,-2.88885,-0.361151,2.67729,-2.99509,-0.171607,2,-2.76962,-0.170659,2.04776,0.131402,-2.29337,0,-0.156916,-2.10092,-0.0627109,0.137286,-2.39607,0,0.38363,-2.6275,-0.119671
27.5701,-2.8653,-0.187341,2.65596,-2.89019,-0.380079,2.67672,-2.99361,-0.19573,2,-2.76613,-0.194277,2.04671,0.149873,-2.29224,1.82745e-19,-0.139867,-2.10535,-0.0656346,0.156584,-2.39489,0,0.392295,-2.62073,-0.112838
27.5801,-2.86371,-0.210262,2.65596,-2.89149,-0.401159,2.67605,-2.99195,-0.219677,2,-2.76216,-0.220443,2.04562,0.16821,-2.29097,0,-0.119911,-2.11068,-0.0685768,0.175742,-2.39356,0,0.401045,-2.61247,-0.105549
27.5901,-2.86188,-0.233805,2.65596,-2.89259,-0.422295,2.67535,-2.99004,-0.244275,2,-2.75811,-0.246524,2.0446,0.187044,-2.28951,0,-0.098955,-2.1165,-0.0712338,0.19542,-2.39203,0,0.408882,-2.60358,-0.0986974
27.6001,-2.85993,-0.256561,2.65596,-2.89347,-0.44349,2.67462,-2.988,-0.26805,2,-2.75399,-0.272512,2.04365,0.205249,-2.28795,3.6549e-19,-0.0768993,-2.12257,-0.0735374,0.21444,-2.3904,0,0.415994,-2.59386,-0.0922905
27.6101,-2.85784,-0.278911,2.65596,-2.89412,-0.464747,2.67388,-2.98581,-0.291401,2,-2.7519,-0.285469,2.04319,0.223129,-2.28627,3.6549e-19,-0.0537936,-2.12878,-0.0754662,0.233121,-2.38865,0,0.419295,-2.5887,-0.089251
27.6203,-2.85537,-0.303203,2.65596,-2.89454,-0.486067,2.67311,-2.98323,-0.31678,2,-2.74554,-0.324177,2.04192,0.242563,-2.28429,0,-0.0298538,-2.13524,-0.0770811,0.253424,-2.38658,0,0.428089,-2.57216,-0.0810416
27.6301,-2.85302,-0.324522,2.65596,-2.89471,-0.507452,2.67234,-2.98078,-0.339054,2,-2.74123,-0.34984,2.04113,0.259618,-2.28242,3.6549e-19,-0.0049974,-2.14177,-0.0782888,0.271243,-2.38462,0,0.433144,-2.56026,-0.0762504
27.6401,-2.85031,-0.347551,2.65596,-2.89466,-0.526755,2.67163,-2.97794,-0.363114,2,-2.73732,-0.372832,2.04046,0.278041,-2.28025,0,0.0180716,-2.1478,-0.0790745,0.290491,-2.38235,0,0.437179,-2.5491,-0.0724626
27.6501,-2.84749,-0.369951,2.65596,-2.89434,-0.548266,2.67083,-2.975,-0.386517,2,-2.73293,-0.398258,2.03976,0.295961,-2.27799,3.6549e-19,0.0444519,-2.1544,-0.0795555,0.309214,-2.38,0,0.441172,-2.536,-0.0687882
27.6601,-2.84446,-0.392521,2.65596,-2.89376,-0.569843,2.67004,-2.97184,-0.410098,2,-2.7285,-0.423551,2.03908,0.314017,-2.27557,0,0.0714228,-2.16107,-0.079682,0.328079,-2.37747,0,0.444547,-2.52244,-0.0657339
27.6704,-2.84114,-0.415899,2.65596,-2.89291,-0.591486,2.66924,-2.96836,-0.434522,2,-2.72404,-0.448705,2.03844,0.332719,-2.27291,0,0.0989629,-2.1676,-0.0794574,0.347618,-2.37469,0,0.447384,-2.50827,-0.0632906
27.6801,-2.83779,-0.438193,2.65596,-2.89178,-0.613195,2.66845,-2.96486,-0.457815,2,-2.71955,-0.473715,2.03782,0.350555,-2.27023,0,0.126971,-2.174,-0.0788986,0.366252,-2.37189,0,0.449688,-2.49362,-0.0614522
27.6901,-2.83422,-0.460675,2.65596,-2.89037,-0.634965,2.66767,-2.96114,-0.481304,2,-2.71504,-0.498575,2.03721,0.36854,-2.26738,3.6549e-19,0.155435,-2.18014,-0.0780029,0.385043,-2.36891,0,0.451547,-2.47842,-0.0601844
27.7001,-2.83041,-0.483534,2.65596,-2.88867,-0.656797,2.66689,-2.95716,-0.505187,2,-2.71052,-0.523282,2.03661,0.386828,-2.26433,0,0.184302,-2.18624,-0.0767847,0.404149,-2.36573,0,0.453011,-2.463,-0.0594592
27.7101,-2.82648,-0.506014,2.65596,-2.88669,-0.678689,2.66613,-2.95305,-0.528673,2,-2.70599,-0.547834,2.03602,0.404812,-2.26119,-7.3098e-19,0.213415,-2.19206,-0.0752977,0.422939,-2.36244,0,0.454019,-2.44718,-0.0592799
27.7201,-2.82233,-0.528669,2.65596,-2.8844,-0.700636,2.66539,-2.94871,-0.552343,2,-2.70144,-0.572224,2.03542,0.422935,-2.25787,-7.3098e-19,0.242812,-2.19728,-0.0735373,0.441874,-2.35897,0,0.454709,-2.43075,-0.0595844
27.7303,-2.81795,-0.55155,2.65596,-2.88183,-0.722633,2.66466,-2.94414,-0.576248,2,-2.69689,-0.596447,2.03482,0.44124,-2.25436,0,0.272414,-2.20203,-0.0715463,0.460998,-2.35531,0,0.455089,-2.41389,-0.0603537
27.7401,-2.81327,-0.574968,2.65596,-2.87896,-0.744676,2.66396,-2.93924,-0.600714,2,-2.69234,-0.620501,2.03421,0.459974,-2.25061,0,0.302179,-2.20645,-0.0693656,0.480571,-2.35139,0,0.455194,-2.39682,-0.0615608
27.7501,-2.80883,-0.596279,2.65596,-2.87578,-0.76676,2.66327,-2.9346,-0.62298,2,-2.68779,-0.644382,2.03359,0.477023,-2.24706,0,0.33213,-2.2103,-0.0669729,0.498384,-2.34768,0,0.455123,-2.37937,-0.0631107
27.7601,-2.80392,-0.618918,2.65596,-2.87231,-0.78888,2.66262,-2.92948,-0.646633,2,-2.68324,-0.668087,2.03295,0.495134,-2.24314,0,0.362287,-2.21345,-0.0643577,0.517306,-2.34359,0,0.454989,-2.36145,-0.0649139
27.7701,-2.79886,-0.641418,2.65596,-2.86854,-0.811027,2.66199,-2.92419,-0.67014,2,-2.67869,-0.69161,2.03229,0.513134,-2.23909,0,0.39252,-2.21594,-0.0615623,0.536112,-2.33936,0,0.454747,-2.34318,-0.0669327
27.7801,-2.79356,-0.664121,2.65596,-2.86446,-0.833197,2.66139,-2.91866,-0.69386,2,-2.67414,-0.714951,2.03161,0.531297,-2.23485,0,0.422733,-2.21807,-0.0586882,0.555088,-2.33493,0,0.454372,-2.32492,-0.0691892
27.7905,-2.78794,-0.687356,2.65596,-2.86008,-0.855387,2.66081,-2.91278,-0.718135,2,-2.6696,-0.738109,2.03091,0.549885,-2.23035,-7.3098e-19,0.45289,-2.21984,-0.0557575,0.574508,-2.33022,0,0.4539,-2.30669,-0.0716229
27.8001,-2.78272,-0.708198,2.65596,-2.85541,-0.877592,2.66027,-2.90732,-0.73991,2,-2.66507,-0.761084,2.03018,0.566558,-2.22617,7.3098e-19,0.482855,-2.22113,-0.0527821,0.591928,-2.32586,0,0.453269,-2.28844,-0.0741652
27.8101,-2.77686,-0.730819,2.65596,-2.85043,-0.899808,2.65976,-2.90121,-0.763545,2,-2.66054,-0.783877,2.02942,0.584655,-2.22149,0,0.512736,-2.22195,-0.0497707,0.610836,-2.32097,0,0.452662,-2.27021,-0.0767443
27.8201,-2.771,-0.752752,2.65596,-2.84515,-0.92203,2.65928,-2.89508,-0.78646,2,-2.65601,-0.806489,2.02864,0.602201,-2.2168,-7.3098e-19,0.542567,-2.22229,-0.0467479,0.629168,-2.31606,0,0.452192,-2.25207,-0.0793087
27.8301,-2.76486,-0.774994,2.65596,-2.83958,-0.944253,2.65882,-2.88867,-0.809698,2,-2.65149,-0.82892,2.02784,0.619996,-2.21189,0,0.572327,-2.22227,-0.0437263,0.647759,-2.31093,0,0.451896,-2.23417,-0.0817989
27.8401,-2.75845,-0.797491,2.65596,-2.83371,-0.966474,2.6584,-2.88197,-0.833202,2,-2.64698,-0.851173,2.02701,0.637993,-2.20676,0,0.601738,-2.2219,-0.040765,0.666561,-2.30558,0,0.451565,-2.21656,-0.0842028
27.8503,-2.75207,-0.819231,2.65596,-2.82754,-0.98869,2.65801,-2.87531,-0.855916,2,-2.64246,-0.873252,2.02616,0.655385,-2.20166,0,0.630931,-2.2212,-0.0379107,0.684733,-2.30025,0,0.451399,-2.1993,-0.0864975
27.8601,-2.7456,-0.840668,2.65596,-2.82109,-1.0109,2.65764,-2.86855,-0.878313,2,-2.63795,-0.895159,2.02528,0.672535,-2.19648,-1.46196e-18,0.660087,-2.21987,-0.0351185,0.70265,-2.29484,0,0.45165,-2.18213,-0.0885763
27.8701,-2.73871,-0.862851,2.65596,-2.81434,-1.03308,2.65731,-2.86135,-0.901489,2,-2.63343,-0.916895,2.02438,0.690281,-2.19097,7.3098e-19,0.688923,-2.21781,-0.0323695,0.721191,-2.28908,0,0.452098,-2.16497,-0.0903647
27.8801,-2.73168,-0.88485,2.65596,-2.80731,-1.05525,2.657,-2.85401,-0.924473,2,-2.6289,-0.938459,2.02347,0.70788,-2.18535,0,0.717573,-2.215,-0.0296499,0.739578,-2.2832,0,0.452942,-2.14786,-0.0917952
27.8905,-2.72422,-0.907565,2.65596,-2.79999,-1.07738,2.65671,-2.84621,-0.948205,2,-2.62437,-0.959853,2.02255,0.726052,-2.17938,7.3098e-19,0.74592,-2.21162,-0.0270778,0.758564,-2.27697,0,0.454122,-2.13096,-0.0929384
27.9001,-2.71731,-0.928058,2.65596,-2.7947,-1.09286,2.65653,-2.83899,-0.969616,2,-2.62027,-0.978964,2.02171,0.742446,-2.17385,7.3098e-19,0.76554,-2.20898,-0.025387,0.775693,-2.27119,0,0.455445,-2.11601,-0.0937181
27.9101,-2.70979,-0.949791,2.65596,-2.78611,-1.11713,2.65626,-2.83113,-0.992322,2,-2.61617,-0.997941,2.02086,0.759833,-2.16783,-7.3098e-19,0.795873,-2.20419,-0.0229309,0.793857,-2.2649,0,0.456971,-2.10121,-0.094257
27.9202,-2.70205,-0.971578,2.65596,-2.77719,-1.14134,2.65602,-2.82305,-1.01508,2,-2.61113,-1.02096,2.01982,0.777263,-2.16164,0,0.825726,-2.19855,-0.0206865,0.812068,-2.25844,0,0.459254,-2.08319,-0.0945151
27.9301,-2.69408,-0.993476,2.65596,-2.7705,-1.15891,2.65586,-2.81472,-1.03796,2,-2.60745,-1.03757,2.01907,0.794781,-2.15526,0,0.847188,-2.194,-0.0191582,0.83037,-2.25177,0,0.461289,-2.07023,-0.0943839
27.9401,-2.68624,-1.01449,2.65596,-2.76014,-1.1852,2.65565,-2.80652,-1.05991,2,-2.60282,-1.05819,2.01813,0.811589,-2.14899,-7.3098e-19,0.878933,-2.18662,-0.0171394,0.847931,-2.24522,0,0.464336,-2.05434,-0.0939015
27.9501,-2.6778,-1.03655,2.65596,-2.75303,-1.20267,2.65551,-2.79771,-1.08297,2,-2.59816,-1.07866,2.01719,0.82924,-2.14224,0,0.899806,-2.18125,-0.0159785,0.866373,-2.23817,0,0.467942,-2.03873,-0.0930672
27.9603,-2.66939,-1.05801,2.65596,-2.7439,-1.22445,2.65536,-2.78893,-1.10539,2,-2.59346,-1.09897,2.01627,0.846411,-2.13551,0,0.925501,-2.17412,-0.0147089,0.884313,-2.23114,0,0.472127,-2.02341,-0.091843
27.9701,-2.66123,-1.07838,2.65596,-2.73261,-1.25048,2.65519,-2.7804,-1.12666,2,-2.58776,-1.12314,2.01518,0.8627,-2.12899,0,0.955956,-2.16515,-0.0134373,0.901331,-2.22432,0,0.478139,-2.00567,-0.0898484
27.9803,-2.65211,-1.10061,2.65596,-2.72683,-1.26346,2.65511,-2.77087,-1.1499,2,-2.58488,-1.13515,2.01464,0.880491,-2.12169,1.46196e-18,0.970986,-2.1604,-0.0129391,0.919919,-2.2167,0,0.48153,-1.99694,-0.0886732
27.9901,-2.64352,-1.1211,2.65596,-2.715,-1.28932,2.65496,-2.76189,-1.1713,2,-2.57906,-1.15901,2.01359,0.896881,-2.11481,0,1.00084,-2.15007,-0.0123442,0.937043,-2.20951,0,0.489423,-1.97953,-0.0860936
28.0001,-2.63425,-1.14272,2.65596,-2.70692,-1.3065,2.65486,-2.75221,-1.19389,2,-2.57512,-1.1748,2.01291,0.914173,-2.1074,0,1.02044,-2.14283,-0.012196,0.95511,-2.20176,0,0.495317,-1.96818,-0.0841763
28.0103,-2.6251,-1.16356,2.65596,-2.69659,-1.32788,2.65474,-2.74265,-1.21567,2,-2.57012,-1.19441,2.01208,0.93085,-2.10008,-1.46196e-18,1.04442,-2.13363,-0.0121378,0.972533,-2.19412,0,0.503249,-1.95447,-0.081423
28.0201,-2.61568,-1.18459,2.65596,-2.68603,-1.34917,2.65462,-2.73281,-1.23764,2,-2.56505,-1.21389,2.01128,0.947674,-2.09255,-1.46196e-18,1.06796,-2.12416,-0.0122038,0.990111,-2.18625,0,0.511985,-1.94118,-0.0782785
28.0301,-2.60615,-1.20542,2.65596,-2.67305,-1.37459,2.65447,-2.72285,-1.2594,2,-2.55884,-1.23709,2.01037,0.964339,-2.08492,0,1.09562,-2.11241,-0.0123848,1.00752,-2.17828,0,0.523548,-1.92574,-0.0739719
28.0401,-2.59652,-1.22603,2.65596,-2.66198,-1.39566,2.65435,-2.71279,-1.28093,2,-2.55355,-1.25629,2.00965,0.980823,-2.07721,1.46196e-18,1.11804,-2.10239,-0.0127051,1.02474,-2.17023,0,0.534033,-1.91338,-0.0700634
28.0501,-2.58664,-1.24673,2.65596,-2.65296,-1.41245,2.65425,-2.70247,-1.30256,2,-2.54815,-1.27536,2.00897,0.997388,-2.06931,0,1.13554,-2.09418,-0.0130718,1.04205,-2.16197,0,0.545344,-1.90145,-0.0659044
28.0601,-2.5764,-1.26775,2.65596,-2.6415,-1.43334,2.65411,-2.69177,-1.32452,2,-2.54264,-1.29432,2.00833,1.0142,-2.06112,-1.46196e-18,1.15682,-2.08378,-0.0136868,1.05961,-2.15342,0,0.55745,-1.89003,-0.0615693
28.0701,-2.56638,-1.28792,2.65596,-2.62747,-1.45827,2.65394,-2.6813,-1.34559,2,-2.537,-1.31316,2.00774,1.03033,-2.05311,1.46196e-18,1.18165,-2.07094,-0.0146139,1.07647,-2.14504,0,0.570476,-1.87895,-0.0570663
28.0801,-2.556,-1.3084,2.65596,-2.61795,-1.4748,2.65382,-2.67046,-1.36699,2,-2.53239,-1.32816,2.0073,1.04672,-2.0448,-1.46196e-18,1.19779,-2.06218,-0.0153312,1.09359,-2.13637,0,0.581565,-1.87034,-0.0533657
28.09,-2.54543,-1.32884,2.65596,-2.60344,-1.49947,2.65363,-2.65942,-1.38835,2,-2.52531,-1.35053,2.00669,1.06307,-2.03635,0,1.2212,-2.04893,-0.0166523,1.11068,-2.12753,0,0.599237,-1.85803,-0.0478127
28.1001,-2.5347,-1.34921,2.65596,-2.59484,-1.51378,2.65351,-2.6482,-1.40963,2,-2.52108,-1.36351,2.00637,1.07937,-2.02776,0,1.23444,-2.04117,-0.0175424,1.1277,-2.11856,0,0.610143,-1.8512,-0.0445906
28.1102,-2.52371,-1.36966,2.65596,-2.5824,-1.53414,2.65333,-2.63672,-1.43099,2,-2.51489,-1.38197,2.00594,1.09573,-2.01896,0,1.25298,-2.02998,-0.0189705,1.14479,-2.10937,0,0.626638,-1.84182,-0.0400585
28.1201,-2.51242,-1.39024,2.65596,-2.56978,-1.55438,2.65313,-2.62493,-1.4525,2,-2.50854,-1.40035,2.00557,1.11219,-2.00994,0,1.27084,-2.01869,-0.0205346,1.162,-2.09994,0,0.643951,-1.83284,-0.0356128
28.1302,-2.50136,-1.41005,2.65596,-2.55699,-1.57451,2.65292,-2.61337,-1.47319,2,-2.50201,-1.41863,2.00523,1.12804,-2.00109,0,1.28797,-2.00743,-0.0221708,1.17855,-2.0907,0,0.662021,-1.82437,-0.0312436
28.1401,-2.49004,-1.42995,2.65596,-2.54403,-1.59453,2.65269,-2.60154,-1.49398,2,-2.49393,-1.44047,2.00489,1.14396,-1.99203,0,1.30445,-1.99625,-0.0238277,1.19518,-2.08124,0,0.684824,-1.8149,-0.0261158
28.1502,-2.47825,-1.45028,2.65596,-2.5309,-1.61444,2.65244,-2.58923,-1.51522,2,-2.48839,-1.45496,2.00469,1.16022,-1.9826,0,1.32027,-1.98527,-0.0255889,1.21218,-2.07138,0,0.700688,-1.80911,-0.0228789
28.1602,-2.46682,-1.46963,2.65596,-2.51762,-1.63424,2.65218,-2.57729,-1.53544,2,-2.48128,-1.47302,2.00448,1.17571,-1.97346,-1.46196e-18,1.33557,-1.97424,-0.0273652,1.22836,-2.06183,0,0.721389,-1.80215,-0.018991
28.1702,-2.4547,-1.48979,2.65596,-2.50689,-1.64999,2.65195,-2.56462,-1.55651,2,-2.47544,-1.48741,2.00434,1.19184,-1.96376,0,1.34741,-1.96526,-0.0287846,1.24521,-2.0517,0,0.738607,-1.79672,-0.0160384
28.1801,-2.44278,-1.50927,2.65596,-2.49334,-1.66959,2.65165,-2.55216,-1.57685,2,-2.46795,-1.50535,2.0042,1.20741,-1.95422,0,1.36173,-1.95391,-0.0305922,1.26148,-2.04173,0,0.760921,-1.79016,-0.0126223
28.1901,-2.43115,-1.52793,2.65596,-2.47966,-1.68907,2.65134,-2.54001,-1.59635,2,-2.46022,-1.52322,2.00409,1.22235,-1.94492,1.46196e-18,1.3754,-1.94252,-0.0324469,1.27708,-2.03201,0,0.783954,-1.78389,-0.00956075
28.2002,-2.41858,-1.54775,2.65596,-2.46584,-1.70844,2.65101,-2.52688,-1.61705,2,-2.45226,-1.54103,2.00401,1.2382,-1.93486,0,1.38844,-1.93114,-0.0342828,1.29364,-2.02151,0,0.807676,-1.77794,-0.00682639
28.2101,-2.40613,-1.56702,2.65596,-2.45469,-1.72385,2.65073,-2.51388,-1.63719,2,-2.44573,-1.55523,2.00396,1.25362,-1.92491,0,1.39843,-1.92197,-0.0357462,1.30976,-2.0111,0,0.827164,-1.77333,-0.004911
28.2201,-2.3935,-1.58625,2.65596,-2.44487,-1.73728,2.65047,-2.50068,-1.65729,2,-2.43987,-1.56763,2.00393,1.269,-1.9148,0,1.40686,-1.91387,-0.0370412,1.32583,-2.00054,0,0.844577,-1.76935,-0.00346954
28.23,-2.38061,-1.60554,2.65596,-2.43075,-1.75636,2.65009,-2.48721,-1.67744,2,-2.42956,-1.58882,2.0039,1.28443,-1.90449,-1.46196e-18,1.41842,-1.90223,-0.0389251,1.34195,-1.98977,0,0.875141,-1.76278,-0.00156631
28.2401,-2.3679,-1.62422,2.65596,-2.41793,-1.77343,2.64973,-2.47394,-1.69695,2,-2.42068,-1.60643,2.00389,1.29938,-1.89432,1.46196e-18,1.42841,-1.89174,-0.0406728,1.35756,-1.97915,0,0.901306,-1.75751,-0.000503277
28.25,-2.3548,-1.64315,2.65596,-2.39927,-1.79793,2.64919,-2.46025,-1.71673,2,-2.41153,-1.62398,2.00389,1.31452,-1.88384,-1.46196e-18,1.44234,-1.87655,-0.043021,1.37339,-1.9682,0,0.928165,-1.75237,0.000218602
28.2601,-2.34134,-1.66228,2.65596,-2.3848,-1.81663,2.64875,-2.44618,-1.73672,2,-2.40211,-1.64147,2.00389,1.32983,-1.87307,-1.46196e-18,1.45272,-1.86482,-0.0447134,1.38937,-1.95695,0,0.955734,-1.74737,0.000531762
28.2701,-2.32835,-1.68043,2.65596,-2.37022,-1.83522,2.64829,-2.43261,-1.75568,2,-2.39241,-1.65892,2.0039,1.34435,-1.86268,1.46196e-18,1.46258,-1.85317,-0.0463264,1.40455,-1.94609,0,0.983782,-1.74264,0.000402179
28.2803,-2.31427,-1.69977,2.65596,-2.35555,-1.85369,2.64782,-2.4179,-1.77588,2,-2.38243,-1.67633,2.0039,1.35982,-1.85141,1.46196e-18,1.4721,-1.84128,-0.0477519,1.42071,-1.93432,0,1.01245,-1.73787,-8.00042e-05
28.2904,-2.30015,-1.71883,2.65596,-2.34078,-1.87205,2.64734,-2.40314,-1.7958,2,-2.37216,-1.69368,2.0039,1.37506,-1.84012,0,1.48126,-1.82925,-0.0490176,1.43664,-1.92252,0,1.04166,-1.73318,-0.000947977
28.3001,-2.28708,-1.73618,2.65596,-2.32592,-1.89028,2.64684,-2.3895,-1.81392,2,-2.3616,-1.71099,2.00388,1.38894,-1.82967,0,1.49019,-1.81682,-0.0500645,1.45114,-1.9116,0,1.07146,-1.72828,-0.00214279
28.3101,-2.27309,-1.75445,2.65596,-2.31098,-1.90838,2.64634,-2.37488,-1.83302,2,-2.35073,-1.72825,2.00385,1.40356,-1.81847,1.46196e-18,1.49888,-1.80421,-0.0509198,1.46641,-1.8999,0,1.10178,-1.72337,-0.00368495
28.3203,-2.259,-1.77256,2.65596,-2.29595,-1.92636,2.64583,-2.36016,-1.85194,2,-2.33956,-1.74546,2.00381,1.41805,-1.8072,0,1.50726,-1.79157,-0.0516078,1.48155,-1.88812,0,1.1325,-1.7186,-0.00558828
28.3302,-2.24483,-1.79047,2.65596,-2.28083,-1.94421,2.64531,-2.34535,-1.87065,2,-2.32808,-1.76262,2.00374,1.43238,-1.79586,0,1.51534,-1.77888,-0.052124,1.49652,-1.87628,0,1.16357,-1.71393,-0.00783497
28.3402,-2.23044,-1.80837,2.65596,-2.26564,-1.96194,2.64479,-2.33031,-1.88935,2,-2.31629,-1.77974,2.00365,1.4467,-1.78435,-1.46196e-18,1.52317,-1.76609,-0.0524574,1.51148,-1.86425,0,1.19497,-1.70931,-0.0103971
28.3501,-2.21574,-1.82635,2.65596,-2.25037,-1.97954,2.64426,-2.31496,-1.90813,2,-2.30418,-1.79681,2.00353,1.46108,-1.77259,0,1.5306,-1.75327,-0.0525895,1.5265,-1.85197,0,1.2265,-1.70482,-0.0132355
28.3603,-2.20104,-1.84403,2.65596,-2.23503,-1.997,2.64373,-2.2996,-1.92661,2,-2.29176,-1.81383,2.00338,1.47523,-1.76083,0,1.53767,-1.74054,-0.0525551,1.54129,-1.83968,0,1.25815,-1.70056,-0.0163586
28.3702,-2.18614,-1.86168,2.65596,-2.22425,-2.00916,2.64337,-2.28403,-1.94504,2,-2.27902,-1.83082,2.0032,1.48934,-1.74891,1.46196e-18,1.54249,-1.73161,-0.0524141,1.55603,-1.82723,0,1.29001,-1.6964,-0.0197104
28.3802,-2.17145,-1.87879,2.65596,-2.20414,-2.03156,2.64269,-2.26868,-1.96293,2,-2.26596,-1.84776,2.00299,1.50304,-1.73716,0,1.55143,-1.7148,-0.0520296,1.57034,-1.81495,0,1.32213,-1.6922,-0.0233776
28.3903,-2.15609,-1.8964,2.65596,-2.18859,-2.04864,2.64217,-2.25264,-1.98132,2,-2.25257,-1.86466,2.00273,1.51712,-1.72487,0,1.55824,-1.70172,-0.0516953,1.58506,-1.80211,0,1.3544,-1.68799,-0.0273481
28.4003,-2.14122,-1.91317,2.65596,-2.17297,-2.06559,2.64165,-2.2371,-1.99885,2,-2.23887,-1.88152,2.00244,1.53054,-1.71297,-1.46196e-18,1.56505,-1.6885,-0.0511719,1.59908,-1.78968,0,1.38687,-1.68377,-0.0314416
28.4102,-2.12557,-1.93054,2.65596,-2.15729,-2.08241,2.64115,-2.22076,-2.01699,2,-2.22483,-1.89834,2.00211,1.54443,-1.70046,1.46196e-18,1.57195,-1.67508,-0.0504226,1.61359,-1.7766,0,1.41962,-1.67948,-0.0355897
28.4201,-2.11039,-1.94712,2.65596,-2.14154,-2.09909,2.64065,-2.2049,-2.03431,2,-2.21047,-1.91511,2.00173,1.5577,-1.68832,-1.46196e-18,1.57879,-1.66142,-0.049427,1.62745,-1.76392,0,1.45243,-1.67509,-0.0397286
28.4303,-2.09422,-1.96451,2.65596,-2.12571,-2.11564,2.64016,-2.188,-2.05248,2,-2.19579,-1.93184,2.00131,1.57161,-1.67537,0,1.58565,-1.64768,-0.0482586,1.64198,-1.7504,0,1.4853,-1.67074,-0.0438856
28.44,-2.07885,-1.98077,2.65596,-2.10982,-2.13205,2.63968,-2.17194,-2.06947,2,-2.18077,-1.94852,2.00085,1.58462,-1.66308,0,1.59245,-1.63393,-0.0469362,1.65557,-1.73755,0,1.51812,-1.66647,-0.0480316
28.4503,-2.06264,-1.99764,2.65596,-2.09386,-2.14832,2.63922,-2.155,-2.0871,2,-2.16542,-1.96517,2.00035,1.59811,-1.65011,0,1.59919,-1.6203,-0.045545,1.66968,-1.724,0,1.55083,-1.66243,-0.0522048
28.4601,-2.04631,-2.01436,2.65596,-2.07784,-2.16445,2.63877,-2.13795,-2.10456,2,-2.14975,-1.98177,1.99981,1.61149,-1.63705,0,1.60592,-1.60668,-0.0440827,1.68365,-1.71036,0,1.58341,-1.65847,-0.0563574
28.4702,-2.03079,-2.03001,2.65596,-2.06175,-2.18045,2.63834,-2.12172,-2.12092,2,-2.13376,-1.99834,1.99922,1.62401,-1.62463,0,1.61271,-1.59285,-0.0424745,1.69673,-1.69738,0,1.6159,-1.6544,-0.0603712
28.4802,-2.01436,-2.04632,2.65596,-2.04558,-2.19631,2.63792,-2.10456,-2.13795,2,-2.11743,-2.01486,1.9986,1.63705,-1.61149,0,1.61962,-1.57899,-0.0407884,1.71036,-1.68365,0,1.6483,-1.65037,-0.0642694
28.4902,-1.99752,-2.06275,2.65596,-2.02935,-2.21203,2.63752,-2.08697,-2.15512,2,-2.10079,-2.03135,1.99794,1.6502,-1.59802,0,1.62651,-1.56517,-0.0390185,1.7241,-1.66958,0,1.6804,-1.64645,-0.068001
28.5009,-1.97987,-2.07971,2.65596,-2.01305,-2.22761,2.63714,-2.06852,-2.17283,2,-2.08383,-2.04779,1.99724,1.66377,-1.58389,2.92392e-18,1.63339,-1.5512,-0.0371535,1.73827,-1.65482,0,1.71221,-1.64244,-0.0715111
28.5106,-1.96263,-2.09598,2.65596,-1.99833,-2.24152,2.63682,-2.05051,-2.18984,2,-2.07176,-2.05928,1.99673,1.67679,-1.5701,1.46196e-18,1.63958,-1.53863,-0.0354369,1.75187,-1.64041,0,1.73425,-1.63966,-0.0738425
28.5201,-1.94808,-2.10951,2.65596,-1.98683,-2.25225,2.63657,-2.03532,-2.20397,2,-2.05073,-2.07892,1.99582,1.68761,-1.55847,1.46196e-18,1.64444,-1.52878,-0.0340772,1.76318,-1.62825,0,1.77169,-1.6348,-0.0775601
28.5301,-1.93018,-2.1259,2.65596,-1.96539,-2.27201,2.63615,-2.01661,-2.2211,2,-2.03286,-2.09525,1.99503,1.70072,-1.54414,-1.46196e-18,1.6538,-1.51013,-0.0314699,1.77688,-1.61329,0,1.80258,-1.63046,-0.0803016
28.5403,-1.91377,-2.14068,2.65596,-1.94882,-2.28704,2.63584,-1.99947,-2.23654,2,-2.01468,-2.11153,1.99422,1.71255,-1.53102,0,1.66119,-1.49576,-0.0294529,1.78923,-1.59957,0,1.83305,-1.62613,-0.082753
28.55,-1.8968,-2.15573,2.65596,-1.93217,-2.30192,2.63556,-1.98174,-2.25226,2,-1.9962,-2.12777,1.99338,1.72459,-1.51744,1.46196e-18,1.66881,-1.48139,-0.0274694,1.80181,-1.58539,0,1.86318,-1.62177,-0.0849183
28.5601,-1.87875,-2.17149,2.65596,-1.91544,-2.31667,2.63529,-1.96288,-2.26872,2,-1.97742,-2.14397,1.99252,1.73719,-1.503,0,1.6766,-1.46718,-0.0255261,1.81498,-1.5703,0,1.89291,-1.61755,-0.0867845
28.5701,-1.8618,-2.18604,2.65596,-1.89864,-2.33127,2.63505,-1.94517,-2.28393,2,-1.95834,-2.16012,1.99165,1.74883,-1.48944,-1.46196e-18,1.68454,-1.45285,-0.0235622,1.82714,-1.55613,0,1.92218,-1.61319,-0.0882658
28.5801,-1.84403,-2.20105,2.65596,-1.88175,-2.34572,2.63482,-1.9266,-2.29961,2,-1.93897,-2.17623,1.99076,1.76084,-1.47522,1.46196e-18,1.69264,-1.43854,-0.0216113,1.83969,-1.54128,0,1.95096,-1.60882,-0.0893718
28.5902,-1.82619,-2.21587,2.65596,-1.86478,-2.36004,2.63461,-1.90797,-2.31509,2,-1.91932,-2.1923,1.98986,1.77269,-1.46095,0,1.70088,-1.42438,-0.0196918,1.85207,-1.52638,0,1.97919,-1.60454,-0.0901028
28.6001,-1.8085,-2.23033,2.65596,-1.85115,-2.37139,2.63446,-1.88949,-2.3302,2,-1.9034,-2.20512,1.98914,1.78426,-1.4468,0,1.70757,-1.41314,-0.0181948,1.86416,-1.51159,0,2.00135,-1.60116,-0.0904217
28.6101,-1.7912,-2.24425,2.65596,-1.83403,-2.38545,2.63429,-1.87141,-2.34474,2,-1.88325,-2.22111,1.98823,1.7954,-1.43296,-1.46196e-18,1.716,-1.39909,-0.0163949,1.87579,-1.49713,0,2.02843,-1.59685,-0.0904993
28.6201,-1.77325,-2.25846,2.65596,-1.81683,-2.39937,2.63413,-1.85265,-2.35959,2,-1.86283,-2.23706,1.98733,1.80677,-1.4186,0,1.72454,-1.38506,-0.0147122,1.88768,-1.48212,0,2.05479,-1.59246,-0.0902482
28.6304,-1.75474,-2.27287,2.65596,-1.79954,-2.41315,2.634,-1.83331,-2.37465,2,-1.84216,-2.25296,1.98643,1.8183,-1.40379,-1.46196e-18,1.73345,-1.37091,-0.0130632,1.89972,-1.46665,0,2.08066,-1.58786,-0.0895802
28.6401,-1.73658,-2.28678,2.65596,-1.78216,-2.42679,2.63387,-1.81434,-2.38918,2,-1.82122,-2.26882,1.98554,1.82942,-1.38926,1.46196e-18,1.74258,-1.35675,-0.0114735,1.91134,-1.45147,0,2.10586,-1.58314,-0.0885231
28.6501,-1.71795,-2.3008,2.65596,-1.76469,-2.44028,2.63377,-1.79488,-2.40383,2,-1.80004,-2.28462,1.98466,1.84064,-1.37436,-2.92392e-18,1.75206,-1.3425,-0.00993495,1.92306,-1.4359,0,2.13051,-1.5782,-0.0870703
28.6601,-1.69945,-2.3145,2.65596,-1.74712,-2.45364,2.63367,-1.77555,-2.41814,2,-1.77862,-2.30038,1.9838,1.8516,-1.35956,0,1.76187,-1.32818,-0.008422,1.93451,-1.42044,0,2.15456,-1.57305,-0.0852009
28.6701,-1.68133,-2.3277,2.65596,-1.72945,-2.46685,2.6336,-1.75662,-2.43193,2,-1.75695,-2.31609,1.98296,1.86216,-1.34506,0,1.77194,-1.31384,-0.0069767,1.94555,-1.40529,0,2.17793,-1.56772,-0.0829655
28.6801,-1.66215,-2.34143,2.65596,-1.71168,-2.47991,2.63353,-1.73658,-2.44628,2,-1.73506,-2.33173,1.98214,1.87314,-1.32972,0,1.78225,-1.29943,-0.00560132,1.95702,-1.38927,0,2.20058,-1.56214,-0.0803779
28.6901,-1.64362,-2.35448,2.65596,-1.6938,-2.49284,2.63348,-1.71722,-2.45991,2,-1.71294,-2.34733,1.98135,1.88358,-1.3149,0,1.79268,-1.28507,-0.00429796,1.96793,-1.37378,0,2.22239,-1.55642,-0.0774554
28.7,-1.6253,-2.36716,2.65596,-1.67582,-2.50561,2.63345,-1.69808,-2.47316,2,-1.69061,-2.36286,1.98059,1.89373,-1.30024,0,1.80331,-1.27069,-0.00303394,1.97853,-1.35846,0,2.24341,-1.55048,-0.0741829
28.7101,-1.60611,-2.38022,2.65596,-1.65774,-2.51825,2.63342,-1.67803,-2.48681,2,-1.66808,-2.37834,1.97987,1.90418,-1.28489,-1.46196e-18,1.81424,-1.25605,-0.00178898,1.98944,-1.34243,0,2.26376,-1.54406,-0.0705597
28.7203,-1.58677,-2.39316,2.65596,-1.63954,-2.53074,2.63341,-1.65783,-2.50032,2,-1.64534,-2.39374,1.97918,1.91453,-1.26942,0,1.82513,-1.24155,-0.000620408,2.00026,-1.32626,0,2.28309,-1.53756,-0.0666664
28.7301,-1.5679,-2.40556,2.65596,-1.62123,-2.54308,2.63341,-1.63811,-2.51328,2,-1.62242,-2.40909,1.97854,1.92445,-1.25432,0,1.83615,-1.22692,0.000512199,2.01063,-1.31049,0,2.30154,-1.53069,-0.0624847
28.7401,-1.54873,-2.41795,2.65596,-1.60282,-2.55527,2.63342,-1.61808,-2.52623,2,-1.59931,-2.42436,1.97793,1.93436,-1.23898,-1.46196e-18,1.84743,-1.21212,0.00163281,2.02098,-1.29446,0,2.31927,-1.52339,-0.0580165
28.7501,-1.52945,-2.43019,2.65596,-1.58428,-2.56732,2.63344,-1.59794,-2.53901,2,-1.57604,-2.43955,1.97738,1.94415,-1.22356,0,1.85901,-1.19709,0.00273856,2.03121,-1.27835,0,2.33629,-1.51561,-0.0532932
28.7601,-1.50983,-2.44243,2.65596,-1.56563,-2.57922,2.63348,-1.57744,-2.5518,2,-1.55259,-2.45467,1.97687,1.95394,-1.20787,-1.46196e-18,1.8708,-1.18185,0.00382045,2.04144,-1.26195,0,2.35252,-1.50733,-0.0483503
28.7701,-1.49026,-2.45442,2.65596,-1.54687,-2.59096,2.63352,-1.55699,-2.56433,2,-1.52899,-2.4697,1.97641,1.96354,-1.19221,0,1.88273,-1.16656,0.00486705,2.05146,-1.24559,0,2.36791,-1.49871,-0.0432258
28.7801,-1.47043,-2.46635,2.65596,-1.52798,-2.60255,2.63357,-1.53628,-2.57679,2,-1.50524,-2.48464,1.976,1.97308,-1.17635,1.46196e-18,1.89473,-1.1513,0.00584947,2.06143,-1.22902,0,2.38239,-1.48979,-0.0379772
28.7901,-1.45066,-2.47803,2.65596,-1.50897,-2.61398,2.63364,-1.51562,-2.589,2,-1.48134,-2.49949,1.97565,1.98242,-1.16053,0,1.90683,-1.13589,0.00677474,2.0712,-1.2125,0,2.39599,-1.48038,-0.0326279
28.8001,-1.43079,-2.48956,2.65596,-1.48984,-2.62526,2.63371,-1.49486,-2.60104,2,-1.45732,-2.51425,1.97535,1.99164,-1.14463,1.46196e-18,1.91894,-1.12049,0.00765611,2.08083,-1.19589,0,2.40866,-1.47064,-0.0271966
28.8101,-1.41087,-2.5009,2.65596,-1.47059,-2.63639,2.63379,-1.47405,-2.61288,2,-1.43317,-2.5289,1.97511,2.00072,-1.1287,0,1.93111,-1.10528,0.00847665,2.09031,-1.17924,0,2.42044,-1.46073,-0.0217309
28.8201,-1.39115,-2.51192,2.65596,-1.45316,-2.64628,2.63387,-1.45344,-2.6244,2,-1.41134,-2.54201,1.97493,2.00954,-1.11292,0,1.9421,-1.09161,0.00918765,2.09952,-1.16276,0,2.4303,-1.45152,-0.0167828
28.8302,-1.36971,-2.52368,2.65596,-1.43368,-2.65712,2.63397,-1.43104,-2.63669,2,-1.38699,-2.55647,1.97479,2.01894,-1.09577,0,1.95431,-1.07628,0.00994527,2.10935,-1.14484,0,2.44039,-1.4408,-0.011284
28.8401,-1.35057,-2.53397,2.65596,-1.41014,-2.66992,2.63409,-1.41104,-2.64744,2,-1.36254,-2.57082,1.97471,2.02718,-1.08045,1.46196e-18,1.96921,-1.0577,0.0107778,2.11795,-1.12884,0,2.44975,-1.42958,-0.00583869
28.8501,-1.33015,-2.54475,2.65596,-1.39435,-2.67833,2.63418,-1.38971,-2.6587,2,-1.338,-2.58506,1.97468,2.0358,-1.06412,0,1.97917,-1.04525,0.0112003,2.12696,-1.11177,0,2.45829,-1.41789,-0.000566226
28.8601,-1.30963,-2.55537,2.65596,-1.37648,-2.68768,2.63428,-1.36828,-2.6698,2,-1.31584,-2.59777,1.97469,2.0443,-1.04771,-1.46196e-18,1.99026,-1.03132,0.0116053,2.13584,-1.09462,0,2.46515,-1.40711,0.00404408
28.8701,-1.28915,-2.56576,2.65596,-1.35652,-2.69792,2.6344,-1.34687,-2.68066,2,-1.29116,-2.61178,1.97476,2.05261,-1.03132,0,2.00246,-1.01603,0.0120236,2.14453,-1.0775,0,2.47188,-1.39494,0.00906348
28.8801,-1.26882,-2.57588,2.65596,-1.33643,-2.708,2.63452,-1.32564,-2.69122,2,-1.26641,-2.62567,1.97487,2.0607,-1.01506,0,2.01477,-1.00059,0.012458,2.15298,-1.06051,0,2.47788,-1.38223,0.0139906
28.8902,-1.24792,-2.58607,2.65596,-1.31623,-2.71793,2.63465,-1.3038,-2.70187,2,-1.2416,-2.63943,1.97504,2.06885,-0.998336,0,2.0271,-0.98485,0.0129514,2.1615,-1.04304,0,2.48309,-1.36884,0.0188415
28.9001,-1.22726,-2.59594,2.65596,-1.29589,-2.7277,2.63478,-1.28221,-2.71218,2,-1.21675,-2.65304,1.97525,2.07675,-0.981804,0,2.0394,-0.968913,0.0135089,2.16975,-1.02577,0,2.48752,-1.35485,0.0236008
28.9103,-1.20599,-2.60589,2.65596,-1.27544,-2.73731,2.63492,-1.25999,-2.72258,2,-1.19185,-2.66652,1.97551,2.08471,-0.964791,-1.46196e-18,2.0516,-0.953184,0.0141076,2.17806,-1.00799,0,2.49111,-1.34067,0.0282246
28.9201,-1.18553,-2.61526,2.65596,-1.25486,-2.74676,2.63506,-1.23862,-2.73237,2,-1.16693,-2.67986,1.97581,2.0922,-0.948427,0,2.0638,-0.937301,0.0147685,2.18589,-0.990897,0,2.49401,-1.32592,0.0327136
28.9303,-1.16415,-2.62484,2.65596,-1.23416,-2.75605,2.63521,-1.21628,-2.74238,2,-1.14198,-2.69304,1.97616,2.09988,-0.931319,0,2.07583,-0.921208,0.0154247,2.19391,-0.973023,0,2.49608,-1.31055,0.0369822
28.94,-1.14374,-2.6338,2.65596,-1.21334,-2.76518,2.63537,-1.19496,-2.75174,2,-1.11701,-2.70607,1.97655,2.10704,-0.914993,0,2.08773,-0.90502,0.0160964,2.20139,-0.955966,0,2.49739,-1.29469,0.0410351
28.9503,-1.12154,-2.64333,2.65596,-1.19241,-2.77415,2.63554,-1.17176,-2.7617,2,-1.09203,-2.71893,1.97698,2.11466,-0.897231,0,2.09958,-0.888662,0.0167683,2.20936,-0.937409,0,2.49808,-1.27824,0.0448425
28.9603,-1.10074,-2.65206,2.65596,-1.17135,-2.78296,2.63571,-1.15003,-2.77082,2,-1.06705,-2.73163,1.97745,2.12165,-0.880589,0,2.11145,-0.872232,0.0174402,2.21666,-0.920021,0,2.49824,-1.26131,0.0483917
28.9703,-1.07969,-2.6607,2.65596,-1.15018,-2.79159,2.63588,-1.12804,-2.77984,2,-1.04207,-2.74415,1.97795,2.12856,-0.863751,0,2.12335,-0.855613,0.018157,2.22388,-0.902429,0,2.49791,-1.24378,0.0517158
28.9802,-1.05857,-2.66917,2.65596,-1.12889,-2.80007,2.63607,-1.10598,-2.78869,2,-1.01709,-2.7565,1.97848,2.13534,-0.846859,0,2.13522,-0.838893,0.0189367,2.23096,-0.884781,0,2.49706,-1.22574,0.054825
28.9901,-1.0375,-2.67743,2.65596,-1.10747,-2.80837,2.63626,-1.08396,-2.79732,2,-0.992127,-2.76867,1.97904,2.14194,-0.830003,0,2.14702,-0.822107,0.0197588,2.23786,-0.86717,0,2.49573,-1.20722,0.0576948
29.0002,-1.01581,-2.68574,2.65596,-1.08595,-2.81651,2.63647,-1.0613,-2.806,2,-0.967179,-2.78065,1.97963,2.14859,-0.81265,0,2.15863,-0.805361,0.0205673,2.2448,-0.84904,0,2.49382,-1.18833,0.0602655
29.0102,-0.994159,-2.69383,2.65596,-1.0643,-2.82448,2.63667,-1.03868,-2.81445,2,-0.942253,-2.79243,1.98025,2.15506,-0.795327,0,2.17004,-0.788683,0.0213902,2.25156,-0.830941,0,2.49137,-1.16909,0.0625632
29.0202,-0.972352,-2.70177,2.65596,-1.04255,-2.83228,2.63689,-1.01589,-2.82276,2,-0.917354,-2.80403,1.98088,2.16142,-0.777882,0,2.18114,-0.772144,0.0221911,2.25821,-0.812715,0,2.4883,-1.14959,0.0645508
29.0301,-0.950875,-2.70941,2.65596,-1.02068,-2.83992,2.63712,-0.993455,-2.83073,2,-0.892488,-2.81542,1.98154,2.16753,-0.7607,0,2.19201,-0.755441,0.0229972,2.26459,-0.794764,0,2.48472,-1.12953,0.0662553
29.0401,-0.929236,-2.7169,2.65596,-0.998707,-2.84739,2.63735,-0.970847,-2.83857,2,-0.867661,-2.82662,1.98221,2.17352,-0.743389,0,2.2027,-0.738665,0.0238117,2.27085,-0.776677,0,2.48074,-1.10903,0.0676822
29.0502,-0.907332,-2.7243,2.65596,-0.972199,-2.85614,2.63764,-0.947962,-2.84629,2,-0.842875,-2.8376,1.98289,2.17944,-0.725865,-7.3098e-19,2.21527,-0.718399,0.0247992,2.27703,-0.758369,0,2.47634,-1.08808,0.0688306
29.0602,-0.885633,-2.73143,2.65596,-0.954444,-2.86183,2.63785,-0.925291,-2.85374,2,-0.818135,-2.84838,1.98358,2.18514,-0.708506,0,2.22348,-0.704713,0.0254289,2.28299,-0.740233,0,2.4716,-1.06652,0.0696825
29.0701,-0.863912,-2.73838,2.65596,-0.932159,-2.86879,2.6381,-0.902597,-2.861,2,-0.793444,-2.85893,1.98428,2.1907,-0.691129,7.3098e-19,2.23352,-0.687513,0.0261503,2.2888,-0.722078,0,2.4665,-1.0445,0.0701986
29.0801,-0.841943,-2.74521,2.65596,-0.909774,-2.87558,2.63837,-0.879645,-2.86814,2,-0.768806,-2.86926,1.98499,2.19617,-0.673555,-7.3098e-19,2.2433,-0.670306,0.0268574,2.29451,-0.703716,0,2.46106,-1.02212,0.0704409
29.0904,-0.819068,-2.75212,2.65596,-0.887294,-2.8822,2.63864,-0.855746,-2.87536,2,-0.744224,-2.87937,1.98569,2.2017,-0.655255,0,2.25279,-0.653244,0.027599,2.30029,-0.684597,0,2.45524,-0.999547,0.07046
29.1001,-0.798126,-2.75827,2.65596,-0.864719,-2.88864,2.63892,-0.833866,-2.88178,2,-0.719702,-2.88925,1.9864,2.20661,-0.638501,7.3098e-19,2.26205,-0.636113,0.0283196,2.30543,-0.667093,0,2.44912,-0.976563,0.0702142
29.1101,-0.776234,-2.76451,2.65596,-0.842054,-2.89492,2.63921,-0.810993,-2.8883,2,-0.695243,-2.8989,1.9871,2.21161,-0.620987,-7.3098e-19,2.27102,-0.618938,0.0290306,2.31064,-0.648795,0,2.4427,-0.953212,0.0697259
29.1201,-0.753981,-2.77066,2.65596,-0.8193,-2.90102,2.6395,-0.787743,-2.89473,2,-0.670849,-2.90832,1.98779,2.21653,-0.603184,0,2.27966,-0.601703,0.0297547,2.31578,-0.630195,0,2.43597,-0.929496,0.069031
29.1302,-0.731587,-2.77666,2.65596,-0.796461,-2.90695,2.6398,-0.764347,-2.901,2,-0.646524,-2.91749,1.98848,2.22133,-0.58527,-7.3098e-19,2.28805,-0.584561,0.0305096,2.3208,-0.611478,0,2.42905,-0.90557,0.0681622
29.1402,-0.708114,-2.78274,2.65596,-0.77354,-2.91271,2.64011,-0.739823,-2.90735,2,-0.622269,-2.92643,1.98915,2.22619,-0.566491,0,2.29616,-0.567314,0.0312896,2.32588,-0.591858,0,2.42192,-0.881249,0.0671265
29.1503,-0.686826,-2.78807,2.65596,-0.750539,-2.9183,2.64043,-0.717582,-2.91292,2,-0.598087,-2.93512,1.98982,2.23045,-0.549461,7.3098e-19,2.30389,-0.5501,0.0320456,2.33033,-0.574066,0,2.4145,-0.856686,0.0658885
29.1601,-0.663741,-2.79365,2.65596,-0.727463,-2.92371,2.64075,-0.693462,-2.91875,2,-0.573979,-2.94356,1.99047,2.23492,-0.530992,0,2.31134,-0.532825,0.0327926,2.335,-0.55477,0,2.40692,-0.831798,0.0644767
29.1703,-0.641558,-2.79883,2.65596,-0.704313,-2.92896,2.64108,-0.670286,-2.92416,2,-0.545152,-2.95336,1.99123,2.23906,-0.513246,0,2.31849,-0.51552,0.0335343,2.33933,-0.536229,0,2.39762,-0.801572,0.062575
29.1803,-0.619684,-2.80376,2.65596,-0.681094,-2.93402,2.64142,-0.647433,-2.92931,2,-0.525996,-2.95969,1.99173,2.243,-0.495747,0,2.32528,-0.498191,0.0342283,2.34344,-0.517946,0,2.39128,-0.781207,0.0611652
29.1901,-0.597628,-2.80854,2.65596,-0.657809,-2.93892,2.64177,-0.62439,-2.9343,2,-0.502123,-2.96738,1.99233,2.24683,-0.478103,-7.3098e-19,2.33183,-0.480822,0.0348845,2.34744,-0.499512,0,2.38332,-0.755517,0.0592639
29.2003,-0.574408,-2.81338,2.65596,-0.634459,-2.94364,2.64212,-0.60013,-2.93936,2,-0.47833,-2.9748,1.99291,2.2507,-0.459526,0,2.33806,-0.463381,0.0354942,2.35149,-0.480104,0,2.37527,-0.729541,0.0572166
29.2102,-0.552486,-2.81777,2.65596,-0.611048,-2.94819,2.64248,-0.577226,-2.94394,2,-0.454618,-2.98197,1.99347,2.25421,-0.441989,0,2.34408,-0.445753,0.0360826,2.35516,-0.461781,0,2.36725,-0.703183,0.0550657
29.2201,-0.530026,-2.82208,2.65596,-0.587578,-2.95256,2.64284,-0.55376,-2.94845,2,-0.430985,-2.98886,1.99401,2.25766,-0.424021,0,2.34985,-0.428018,0.0366381,2.35876,-0.443008,0,2.35926,-0.67653,0.0528141
29.2301,-0.507256,-2.82626,2.65596,-0.564052,-2.95675,2.64321,-0.529971,-2.95282,2,-0.407432,-2.99549,1.99453,2.26101,-0.405805,0,2.35539,-0.41021,0.0371562,2.36225,-0.423977,0,2.35131,-0.649626,0.0504729
29.2401,-0.483659,-2.83039,2.65596,-0.540472,-2.96076,2.64358,-0.505317,-2.95714,2,-0.383959,-3.00186,1.99502,2.26431,-0.386928,3.6549e-19,2.36057,-0.392354,0.0376117,2.36571,-0.404254,0,2.34332,-0.6225,0.0480338
29.25,-0.462174,-2.83398,2.65596,-0.516842,-2.96459,2.64396,-0.48287,-2.96088,2,-0.360566,-3.00794,1.99549,2.26718,-0.369739,-3.6549e-19,2.36533,-0.374492,0.0379818,2.36871,-0.386296,0,2.33525,-0.59521,0.0454887
29.2603,-0.43792,-2.83783,2.65596,-0.493166,-2.96825,2.64434,-0.45753,-2.96491,2,-0.337254,-3.01376,1.99593,2.27026,-0.350336,-3.6549e-19,2.36979,-0.35649,0.0382972,2.37192,-0.366024,0,2.32722,-0.567636,0.0428809
29.2701,-0.41678,-2.84101,2.65596,-0.469447,-2.97172,2.64473,-0.435443,-2.96823,2,-0.314021,-3.0193,1.99635,2.27281,-0.333424,0,2.37397,-0.338464,0.0380404,2.37458,-0.348355,0,2.31934,-0.539957,0.039727
29.2801,-0.393728,-2.8443,2.65596,-0.445687,-2.97502,2.6451,-0.411359,-2.97166,2,-0.290867,-3.02456,1.99672,2.27544,-0.314983,0,2.37793,-0.320349,0.0369923,2.37733,-0.329088,0,2.31168,-0.512146,0.0358267
29.2901,-0.370959,-2.84736,2.65596,-0.421889,-2.97813,2.64547,-0.387571,-2.97486,2,-0.267787,-3.02954,1.99706,2.27789,-0.296767,0,2.38168,-0.302198,0.0352498,2.37989,-0.310057,0,2.30427,-0.484265,0.0312871
29.3002,-0.347826,-2.85027,2.65596,-0.398054,-2.98106,2.64581,-0.363402,-2.97791,2,-0.24478,-3.03424,1.99735,2.28022,-0.278261,-3.6549e-19,2.38534,-0.283993,0.0326195,2.38233,-0.290721,0,2.29727,-0.456324,0.0259365
29.3104,-0.324701,-2.853,2.65596,-0.374183,-2.98381,2.64612,-0.339241,-2.98076,2,-0.221841,-3.03867,1.99758,2.2824,-0.259761,3.6549e-19,2.38884,-0.265742,0.0293572,2.38461,-0.271393,0,2.2906,-0.428324,0.0200317
29.3204,-0.302055,-2.85549,2.65596,-0.350278,-2.98638,2.64639,-0.315581,-2.98336,2,-0.198968,-3.04281,1.99775,2.28439,-0.241644,3.6549e-19,2.39206,-0.247208,0.0257162,2.38668,-0.252465,0,2.2841,-0.400013,0.0138264
29.3303,-0.27945,-2.85779,2.65596,-0.326343,-2.98875,2.64663,-0.291964,-2.98576,2,-0.176159,-3.04667,1.99786,2.28623,-0.22356,-3.6549e-19,2.39497,-0.228564,0.0218288,2.38861,-0.233571,0,2.27774,-0.371564,0.00745666
29.3404,-0.256449,-2.85994,2.65596,-0.30238,-2.99095,2.64683,-0.267932,-2.98801,2,-0.148871,-3.05092,1.9979,2.28796,-0.205159,0,2.39753,-0.209932,0.0178449,2.39041,-0.214346,0,2.27023,-0.337394,-0.00015368
29.3504,-0.23382,-2.86188,2.65596,-0.280793,-2.99276,2.64697,-0.244291,-2.99004,2,-0.132995,-3.05321,1.99788,2.28951,-0.187056,0,2.39957,-0.193227,0.0143042,2.39203,-0.195432,0,2.26595,-0.317477,-0.00454951
29.3603,-0.210788,-2.86367,2.65596,-0.256787,-2.9946,2.6471,-0.220227,-2.99191,2,-0.110365,-3.05624,1.99781,2.29094,-0.16863,-1.82745e-19,2.40165,-0.174653,0.0107776,2.39352,-0.176181,0,2.25999,-0.288931,-0.0103182
29.3702,-0.18819,-2.86525,2.65596,-0.232762,-2.99625,2.64719,-0.196617,-2.99355,2,-0.0877949,-3.05899,1.99768,2.2922,-0.150552,-1.82745e-19,2.40334,-0.156092,0.00772378,2.39484,-0.157294,0,2.25403,-0.26033,-0.0155333
29.3801,-0.16545,-2.86665,2.65596,-0.208721,-2.99772,2.64725,-0.172858,-2.99502,2,-0.0652839,-3.06145,1.9975,2.29332,-0.13236,-1.82745e-19,2.40473,-0.137642,0.00464422,2.39601,-0.138287,0,2.24821,-0.231849,-0.0206681
29.3901,-0.14258,-2.86788,2.65596,-0.184668,-2.99901,2.64729,-0.148965,-2.9963,2,-0.0428304,-3.06363,1.99727,2.2943,-0.114064,-1.82745e-19,2.40581,-0.119265,0.0017743,2.39704,-0.119172,0,2.24254,-0.203433,-0.0254857
29.4001,-0.119744,-2.86892,2.65596,-0.163012,-3.00001,2.64729,-0.125106,-2.99739,2,-0.0226697,-3.06534,1.99702,2.29514,-0.0957953,0,2.40658,-0.102694,-0.000547545,2.39791,-0.100085,0,2.23762,-0.177823,-0.0294645
29.4105,-0.0955483,-2.86983,2.65596,-0.138944,-3.00094,2.64728,-0.0998269,-2.99834,2,-0.000320767,-3.06698,1.99671,2.29586,-0.0764386,9.13725e-20,2.40707,-0.0841872,-0.00250064,2.39867,-0.0798615,0,2.23222,-0.14925,-0.033154
29.4201,-0.0737287,-2.87047,2.65596,-0.114872,-3.00169,2.64724,-0.0770302,-2.99901,2,0.0219753,-3.06833,1.99636,2.29638,-0.058983,-9.13725e-20,2.40733,-0.0656118,-0.0038875,2.39921,-0.0616242,0,2.22704,-0.120617,-0.0361624
29.4301,-0.0506997,-2.87097,2.65596,-0.090798,-3.00225,2.6472,-0.05297,-2.99953,2,0.0442209,-3.06939,1.99598,2.29678,-0.0405598,0,2.40739,-0.0469107,-0.00534634,2.39963,-0.042376,0,2.22214,-0.0919496,-0.0391124
29.4401,-0.0279964,-2.87128,2.65596,-0.0715393,-3.00257,2.64715,-0.0292501,-2.99986,2,0.0619828,-3.07003,1.99566,2.29703,-0.0223971,2.28431e-20,2.40723,-0.031898,-0.00647809,2.39989,-0.0234001,0,2.21837,-0.0690213,-0.0413398
29.4501,-0.00461447,-2.87142,2.65596,-0.0474693,-3.00279,2.64708,-0.0048211,-3,2,0.0841436,-3.07058,1.99524,2.29713,-0.00369157,0,2.40672,-0.0131189,-0.00752461,2.4,-0.00385688,0,2.21381,-0.04039,-0.0436387
29.4601,0.0182092,-2.87136,2.65596,-0.0234062,-3.00283,2.647,0.0190246,-2.99994,2,0.106259,-3.07084,1.99479,2.29709,0.0145674,2.28431e-20,2.40584,0.00565818,-0.00819666,2.39995,0.0152197,0,2.20934,-0.0118431,-0.0454372
29.4701,0.0409371,-2.87113,2.65596,0.000646369,-3.00268,2.64692,0.0427702,-2.9997,2,0.128331,-3.07082,1.99433,2.2969,0.0327497,-4.56862e-20,2.40467,0.0244429,-0.00874674,2.39976,0.0342162,0,2.20505,0.0165827,-0.0469836
29.4801,0.0640804,-2.8707,2.65596,0.0246864,-3.00234,2.64683,0.0669499,-2.99925,2,0.150361,-3.07051,1.99385,2.29656,0.0512643,9.13725e-20,2.4033,0.0434435,-0.00923717,2.3994,0.0535599,0,2.20105,0.0450851,-0.0483348
29.4901,0.0870714,-2.8701,2.65596,0.048711,-3.00181,2.64673,0.0909704,-2.99862,2,0.172352,-3.06992,1.99336,2.29608,0.0696571,0,2.40157,0.0624495,-0.00962113,2.3989,0.0727763,0,2.1972,0.0734492,-0.0494426
29.5001,0.109892,-2.86932,2.65596,0.0727168,-3.00109,2.64664,0.114813,-2.9978,2,0.194306,-3.06904,1.99286,2.29545,0.0879135,-9.13725e-20,2.39953,0.0814561,-0.00984631,2.39824,0.0918502,0,2.19354,0.101664,-0.0502567
29.51,0.132788,-2.86835,2.65596,0.0967005,-3.00018,2.64654,0.138735,-2.99679,2,0.216224,-3.06788,1.99236,2.29468,0.106231,0,2.39716,0.100426,-0.00993353,2.39743,0.110988,0,2.19006,0.129681,-0.0507991
29.52,0.15573,-2.86719,2.65596,0.120659,-2.99908,2.64644,0.162703,-2.99558,2,0.238108,-3.06645,1.99185,2.29375,0.124584,-1.82745e-19,2.39447,0.119498,-0.00995736,2.39647,0.130163,0,2.18678,0.157627,-0.0511446
29.5301,0.178668,-2.86586,2.65596,0.144589,-2.99779,2.64634,0.186669,-2.99419,2,0.25996,-3.06473,1.99134,2.29268,0.142935,0,2.39152,0.138568,-0.00992421,2.39535,0.149335,0,2.18377,0.185383,-0.0513009
29.5401,0.201725,-2.86432,2.65596,0.168489,-2.99631,2.64624,0.210759,-2.99259,2,0.281784,-3.06274,1.99082,2.29146,0.16138,0,2.38839,0.157695,-0.00980139,2.39407,0.168607,0,2.1811,0.212997,-0.051239
29.55,0.224447,-2.86263,2.65596,0.192356,-2.99464,2.64614,0.234497,-2.99082,2,0.303583,-3.06047,1.99031,2.29011,0.179557,0,2.38499,0.176888,-0.00957571,2.39266,0.187598,0,2.17867,0.24047,-0.0509496
29.56,0.247411,-2.86074,2.65596,0.216188,-2.99277,2.64605,0.25849,-2.98884,2,0.325359,-3.05793,1.98981,2.28859,0.197929,0,2.38139,0.196241,-0.00928056,2.39107,0.206792,0,2.17656,0.267886,-0.050469
29.57,0.270616,-2.85864,2.65596,0.239983,-2.99071,2.64596,0.282734,-2.98665,2,0.347115,-3.05512,1.9893,2.28691,0.216492,0,2.3776,0.21564,-0.00895075,2.38932,0.226187,0,2.17478,0.295119,-0.0498361
29.5801,0.293622,-2.85637,2.65596,0.263739,-2.98846,2.64587,0.30677,-2.98427,2,0.368855,-3.05203,1.98881,2.28509,0.234898,0,2.3735,0.234991,-0.00856306,2.38742,0.245416,0,2.1732,0.322075,-0.0490332
29.5901,0.316286,-2.85395,2.65596,0.287452,-2.98601,2.64579,0.330449,-2.98175,2,0.39058,-3.04868,1.98832,2.28316,0.253029,-3.6549e-19,2.36914,0.254393,-0.00811825,2.3854,0.264359,0,2.17185,0.348848,-0.0480663
29.6,0.338981,-2.85134,2.65596,0.31112,-2.98337,2.64571,0.35416,-2.97902,2,0.412293,-3.04505,1.98785,2.28107,0.271185,0,2.36452,0.273855,-0.00765267,2.38322,0.283328,0,2.17075,0.375433,-0.0469768
29.6101,0.361543,-2.84857,2.65596,0.334742,-2.98054,2.64563,0.377733,-2.97612,2,0.433996,-3.04117,1.98738,2.27885,0.289234,-3.6549e-19,2.3597,0.293319,-0.00716306,2.3809,0.302186,0,2.16993,0.401761,-0.0457665
29.62,0.384284,-2.84559,2.65596,0.358314,-2.9775,2.64556,0.401492,-2.97301,2,0.455693,-3.03702,1.98693,2.27647,0.307427,3.6549e-19,2.3548,0.312843,-0.00665023,2.37841,0.321194,0,2.1695,0.427882,-0.0444414
29.6301,0.407451,-2.84236,2.65596,0.381837,-2.97428,2.6455,0.425697,-2.96964,2,0.477387,-3.03261,1.9865,2.27389,0.325961,0,2.34974,0.33233,-0.00610248,2.37571,0.340557,0,2.16938,0.453696,-0.0429955
29.6401,0.430054,-2.83903,2.65596,0.405308,-2.97086,2.64544,0.449311,-2.96616,2,0.499081,-3.02795,1.98607,2.27123,0.344043,0,2.34447,0.351789,-0.0054779,2.37293,0.359449,0,2.16951,0.479212,-0.0413919
29.6501,0.452801,-2.83549,2.65596,0.428725,-2.96724,2.64539,0.473077,-2.96246,2,0.520777,-3.02303,1.98567,2.26839,0.362241,3.6549e-19,2.33887,0.371121,-0.00483672,2.36997,0.378462,0,2.16976,0.50432,-0.0396962
29.6601,0.475416,-2.83179,2.65596,0.452085,-2.96344,2.64535,0.496705,-2.9586,2,0.542477,-3.01786,1.98528,2.26543,0.380333,-3.6549e-19,2.33302,0.39051,-0.0042068,2.36688,0.397364,0,2.17019,0.529199,-0.0379416
29.6702,0.498377,-2.82784,2.65596,0.475385,-2.95943,2.64531,0.520694,-2.95447,2,0.564182,-3.01244,1.98491,2.26227,0.398702,7.3098e-19,2.32695,0.409968,-0.00359265,2.36357,0.416555,0,2.17081,0.55385,-0.0361375
29.6801,0.521295,-2.8237,2.65596,0.498623,-2.95524,2.64527,0.544639,-2.95015,2,0.585894,-3.00678,1.98456,2.25896,0.417036,0,2.32076,0.429441,-0.00300645,2.36012,0.435711,0,2.1717,0.578213,-0.0343013
29.6902,0.54377,-2.81946,2.65596,0.521799,-2.95084,2.64525,0.56812,-2.94572,2,0.607616,-3.00088,1.98422,2.25557,0.435016,0,2.31441,0.448922,-0.00241165,2.35657,0.454496,0,2.17281,0.602276,-0.0324021
29.7001,0.565622,-2.81516,2.65596,0.544911,-2.94626,2.64523,0.59095,-2.94122,2,0.62935,-2.99474,1.98391,2.25213,0.452498,0,2.30783,0.468362,-0.00182598,2.35298,0.47276,0,2.17406,0.62599,-0.0304629
29.7101,0.588663,-2.81043,2.65596,0.565654,-2.94196,2.64521,0.615022,-2.93628,2,0.648923,-2.98901,1.98364,2.24835,0.47093,0,2.30175,0.485779,-0.00134512,2.34903,0.492018,0,2.1753,0.64699,-0.0287255
29.7201,0.610902,-2.80568,2.65596,0.586342,-2.93751,2.6452,0.638258,-2.93132,2,0.668506,-2.9831,1.98339,2.24455,0.488722,0,2.29548,0.50311,-0.000874639,2.34505,0.510606,0,2.17662,0.667656,-0.0269647
29.7301,0.633307,-2.80071,2.65596,0.609261,-2.93239,2.6452,0.661667,-2.92612,2,0.69028,-2.9763,1.98313,2.24057,0.506646,0,2.28845,0.522476,-0.000318841,2.3409,0.529333,0,2.17829,0.690421,-0.0249397
29.7401,0.655608,-2.79557,2.65596,0.63211,-2.92706,2.6452,0.684965,-2.92076,2,0.712072,-2.96929,1.98289,2.23646,0.524486,-7.3098e-19,2.28132,0.541946,0.000226999,2.33661,0.547972,0,2.18012,0.712936,-0.0228924
29.7501,0.678343,-2.79014,2.65596,0.654887,-2.92155,2.6452,0.708719,-2.91508,2,0.733883,-2.96205,1.98268,2.23211,0.542674,0,2.27409,0.561399,0.000757792,2.33207,0.566975,0,2.18207,0.735083,-0.0208315
29.7601,0.700039,-2.78478,2.65596,0.675325,-2.91642,2.64521,0.731386,-2.90948,2,0.75353,-2.95534,1.9825,2.22782,0.560031,7.3098e-19,2.26749,0.578926,0.00122937,2.32758,0.585109,0,2.18392,0.754751,-0.0189608
29.7701,0.722563,-2.77902,2.65596,0.691179,-2.91232,2.64522,0.754919,-2.90346,2,0.768822,-2.95001,1.98237,2.22322,0.578051,7.3098e-19,2.26222,0.59246,0.00160793,2.32277,0.603935,0,2.18533,0.769767,-0.0174807
29.78,0.745305,-2.77301,2.65596,0.709252,-2.90751,2.64523,0.778679,-2.89718,2,0.790686,-2.9422,1.9822,2.21841,0.596244,0,2.25615,0.607894,0.00194169,2.31774,0.622944,0,2.18744,0.790864,-0.015589
29.7901,0.766902,-2.76711,2.65596,0.736272,-2.90008,2.64526,0.801243,-2.89102,2,0.812571,-2.93419,1.98206,2.21369,0.613521,0,2.24713,0.630994,0.0017967,2.31282,0.640995,0,2.18965,0.811539,-0.0141014
29.8001,0.788827,-2.76094,2.65596,0.758706,-2.89367,2.64527,0.82415,-2.88458,2,0.834479,-2.92597,1.98192,2.20875,0.631061,7.3098e-19,2.23965,0.650497,0.00142687,2.30766,0.65932,0,2.19194,0.832003,-0.0128606
29.8101,0.810956,-2.75452,2.65596,0.781064,-2.88707,2.64528,0.84727,-2.87787,2,0.85641,-2.91755,1.9818,2.20362,0.648765,-7.3098e-19,2.23211,0.670053,0.00100061,2.3023,0.677816,0,2.19422,0.852132,-0.0116667
29.8201,0.833238,-2.74787,2.65596,0.803348,-2.88027,2.64529,0.870549,-2.87091,2,0.878364,-2.90893,1.98169,2.19829,0.66659,0,2.22455,0.68967,0.000735638,2.29673,0.69644,0,2.19658,0.871988,-0.0102993
29.8301,0.855755,-2.74094,2.65596,0.825555,-2.87328,2.6453,0.894075,-2.86367,2,0.900342,-2.90011,1.98159,2.19275,0.684604,0,2.21693,0.709201,0.000651205,2.29094,0.71526,0,2.19896,0.891422,-0.008741
29.8401,0.877482,-2.73406,2.65596,0.847686,-2.86609,2.64531,0.916775,-2.85649,2,0.922343,-2.8911,1.98152,2.18725,0.701986,0,2.20931,0.728768,0.00076913,2.28519,0.73342,0,2.2014,0.91056,-0.00697148
29.8501,0.898653,-2.72717,2.65596,0.869741,-2.8587,2.64532,0.938894,-2.84929,2,0.94437,-2.8819,1.98146,2.18174,0.718922,-7.3098e-19,2.20169,0.748304,0.00100524,2.27944,0.751115,0,2.20388,0.929343,-0.00507604
29.8601,0.92105,-2.71969,2.65596,0.89172,-2.85112,2.64533,0.962294,-2.84148,2,0.966421,-2.87252,1.98141,2.17575,0.73684,0,2.19401,0.767875,0.00132846,2.27318,0.769836,0,2.20632,0.947853,-0.0030862
29.8701,0.943007,-2.71216,2.65596,0.913621,-2.84335,2.64534,0.985234,-2.8336,2,0.988496,-2.86295,1.98139,2.16972,0.754406,7.3098e-19,2.18628,0.787508,0.00173848,2.26688,0.788188,0,2.20875,0.966133,-0.00100151
29.8801,0.964344,-2.70464,2.65596,0.935445,-2.83537,2.64536,1.00753,-2.82575,2,1.0106,-2.8532,1.98139,2.16371,0.771475,0,2.17848,0.80713,0.00223251,2.2606,0.806021,0,2.21111,0.984122,0.00117502
29.8901,0.986357,-2.69669,2.65596,0.957191,-2.8272,2.64539,1.03053,-2.81745,2,1.03272,-2.84327,1.98142,2.15735,0.789085,1.46196e-18,2.1707,0.826853,0.00279023,2.25396,0.82442,0,2.21349,1.00194,0.00342196
29.9001,1.00712,-2.68901,2.65596,0.978859,-2.81884,2.64542,1.05222,-2.80942,2,1.05487,-2.83316,1.98146,2.1512,0.805698,7.3098e-19,2.16289,0.846579,0.00342591,2.24753,0.841777,0,2.21581,1.0195,0.00575419
29.9101,1.02929,-2.6806,2.65596,1.00045,-2.81027,2.64546,1.07538,-2.80064,2,1.07703,-2.82288,1.98153,2.14448,0.823431,1.46196e-18,2.15501,0.866353,0.00404697,2.24051,0.860304,0,2.21803,1.03688,0.00807924
29.9201,1.04987,-2.67261,2.65596,1.02196,-2.80151,2.6455,1.09688,-2.79229,2,1.09923,-2.81242,1.98163,2.13809,0.839893,0,2.14707,0.886087,0.00468639,2.23383,0.877503,0,2.22015,1.054,0.0104313
29.9302,1.0715,-2.66401,2.65596,1.04339,-2.79255,2.64555,1.11948,-2.7833,2,1.12144,-2.8018,1.98174,2.13121,0.857201,0,2.13908,0.905711,0.00534669,2.22664,0.895586,0,2.22215,1.0708,0.0128131
29.9401,1.09294,-2.65528,2.65596,1.06474,-2.78339,2.64561,1.14188,-2.77419,2,1.14367,-2.79101,1.98188,2.12423,0.874351,0,2.13103,0.925252,0.00600095,2.21935,0.913504,0,2.22401,1.08733,0.0151989
29.9501,1.11505,-2.64607,2.65596,1.08601,-2.77404,2.64567,1.16498,-2.76456,2,1.16592,-2.78005,1.98205,2.11686,0.892042,-1.46196e-18,2.12296,0.944665,0.00666243,2.21165,0.931987,0,2.22578,1.10356,0.0176036
29.9601,1.13498,-2.63759,2.65596,1.1072,-2.7645,2.64574,1.18581,-2.7557,2,1.18818,-2.76894,1.98223,2.11007,0.907986,0,2.11473,0.963789,0.00733613,2.20456,0.948646,0,2.22727,1.11934,0.0200328
29.9701,1.15654,-2.6282,2.65596,1.1283,-2.75477,2.64582,1.20833,-2.74589,2,1.21046,-2.75767,1.98245,2.10256,0.925234,0,2.10632,0.98273,0.0079527,2.19672,0.966665,0,2.22847,1.13477,0.0224171
29.9802,1.1783,-2.61852,2.65596,1.14933,-2.74485,2.6459,1.23106,-2.73578,2,1.23275,-2.74624,1.98268,2.09482,0.94264,-1.46196e-18,2.09784,1.00162,0.00854338,2.18862,0.984851,0,2.22947,1.15002,0.0247899
29.9901,1.19821,-2.60947,2.65596,1.16608,-2.73677,2.64597,1.25187,-2.72632,2,1.25505,-2.73467,1.98294,2.08758,0.958569,-1.46196e-18,2.09093,1.01666,0.00901357,2.18106,1.00149,0,2.23017,1.16501,0.0271801
30.0001,1.21886,-2.59989,2.65596,1.19111,-2.72444,2.64608,1.27344,-2.71631,2,1.27735,-2.72294,1.98323,2.07991,0.975089,1.46196e-18,2.08048,1.03904,0.00970124,2.17305,1.01875,0,2.23065,1.17973,0.0295574
30.0101,1.23967,-2.59003,2.65596,1.21187,-2.71396,2.64618,1.29518,-2.70601,2,1.29966,-2.71107,1.98353,2.07203,0.991735,1.46196e-18,2.07184,1.05763,0.00991249,2.16481,1.03614,0,2.23096,1.19427,0.0315883
30.0201,1.26028,-2.58007,2.65596,1.23255,-2.70329,2.64628,1.31671,-2.6956,2,1.32197,-2.69906,1.98386,2.06405,1.00822,0,2.06317,1.07622,0.00993897,2.15648,1.05337,0,2.23106,1.20871,0.0334494
30.0301,1.2816,-2.56954,2.65596,1.25313,-2.69243,2.64638,1.33899,-2.68461,2,1.34428,-2.6869,1.9842,2.05563,1.02528,0,2.0544,1.09475,0.0100745,2.14768,1.07119,0,2.23089,1.22301,0.0354396
30.0401,1.3012,-2.55967,2.65596,1.27363,-2.68139,2.64648,1.35947,-2.67429,2,1.36659,-2.6746,1.98457,2.04774,1.04096,1.46196e-18,2.04559,1.11297,0.0103485,2.13944,1.08757,0,2.23048,1.23694,0.0375858
30.0501,1.32188,-2.54906,2.65596,1.29404,-2.67017,2.64659,1.38107,-2.6632,2,1.38889,-2.66216,1.98495,2.03924,1.0575,1.46196e-18,2.03665,1.13088,0.0107094,2.13056,1.10486,0,2.22972,1.25049,0.0398347
30.06,1.34244,-2.53829,2.65596,1.31234,-2.65992,2.64669,1.40256,-2.65195,2,1.40895,-2.65085,1.98532,2.03063,1.07395,0,2.02847,1.14689,0.0110895,2.12156,1.12205,0,2.22871,1.26255,0.0419288
30.0701,1.36249,-2.52758,2.65596,1.33258,-2.64837,2.6468,1.4235,-2.64077,2,1.43123,-2.63816,1.98575,2.02207,1.08999,1.46196e-18,2.01929,1.16457,0.0115382,2.11261,1.1388,0,2.22728,1.27579,0.044298
30.0802,1.38269,-2.51659,2.65596,1.35272,-2.63663,2.64692,1.44461,-2.62928,2,1.4535,-2.62534,1.98621,2.01327,1.10616,0,2.00995,1.18208,0.012005,2.10342,1.15569,0,2.22544,1.28881,0.0466983
30.0901,1.40263,-2.50553,2.65596,1.37278,-2.62473,2.64704,1.46544,-2.61773,2,1.47574,-2.61239,1.98669,2.00442,1.1221,-1.46196e-18,2.00047,1.19943,0.0125092,2.09418,1.17235,0,2.22319,1.30163,0.049146
30.1002,1.42302,-2.49401,2.65596,1.39273,-2.61265,2.64717,1.48674,-2.60569,2,1.49796,-2.59931,1.98719,1.99521,1.13841,-1.46196e-18,1.99093,1.21663,0.0130285,2.08455,1.18939,0,2.22058,1.31427,0.0516181
30.1102,1.44336,-2.48229,2.65596,1.41259,-2.60039,2.6473,1.50799,-2.59345,2,1.52015,-2.5861,1.98772,1.98583,1.15469,0,1.98129,1.23358,0.013557,2.07476,1.20639,0,2.21758,1.32665,0.0541064
30.1201,1.46291,-2.47082,2.65596,1.42644,-2.59172,2.6474,1.52842,-2.58146,2,1.54231,-2.57277,1.98827,1.97665,1.17033,0,1.97448,1.24529,0.0139276,2.06517,1.22274,0,2.21418,1.33876,0.0565993
30.1301,1.48217,-2.45931,2.65596,1.4481,-2.57792,2.64755,1.54855,-2.56944,2,1.56001,-2.56203,1.98873,1.96745,1.18574,0,1.96371,1.26342,0.0142526,2.05555,1.23884,0,2.21117,1.34825,0.0583349
30.1401,1.50197,-2.44727,2.65596,1.46769,-2.5652,2.64769,1.56923,-2.55686,2,1.5821,-2.54848,1.98933,1.95782,1.20158,-1.46196e-18,1.95393,1.27976,0.0139918,2.04549,1.25538,0,2.2071,1.35999,0.0600263
30.15,1.52127,-2.43532,2.65596,1.48718,-2.55233,2.64783,1.58939,-2.54437,2,1.60415,-2.53483,1.98993,1.94826,1.21701,1.46196e-18,1.94404,1.29594,0.0138018,2.0355,1.27151,0,2.20257,1.37151,0.061779
30.1603,1.54105,-2.42285,2.65596,1.50657,-2.53929,2.64797,1.61006,-2.53134,2,1.62615,-2.52105,1.99056,1.93828,1.23284,0,1.93401,1.31202,0.0137939,2.02508,1.28805,0,2.19756,1.38292,0.0637014
30.1701,1.56011,-2.41062,2.65596,1.52586,-2.52609,2.64811,1.62997,-2.51857,2,1.6481,-2.50717,1.99121,1.9285,1.24809,-1.46196e-18,1.92387,1.32796,0.0138946,2.01485,1.30398,0,2.19209,1.39419,0.0657151
30.1801,1.57928,-2.39811,2.65596,1.54504,-2.51273,2.64825,1.65,-2.50549,2,1.66999,-2.49317,1.99188,1.91849,1.26342,0,1.91365,1.34367,0.0140851,2.0044,1.32,0,2.18616,1.40524,0.0677962
30.1901,1.59882,-2.38512,2.65596,1.56223,-2.50057,2.64838,1.67042,-2.49193,2,1.68964,-2.48048,1.99249,1.9081,1.27906,2.92392e-18,1.90433,1.35762,0.0143113,1.99354,1.33634,0,2.18039,1.41499,0.0697004
30.2001,1.61742,-2.37255,2.65596,1.58122,-2.48692,2.64852,1.68985,-2.47879,2,1.71141,-2.46628,1.9932,1.89804,1.29393,1.46196e-18,1.89385,1.37293,0.0145668,1.98304,1.35188,0,2.17351,1.42567,0.0717895
30.2101,1.63621,-2.35963,2.65596,1.6001,-2.47311,2.64867,1.70948,-2.4653,2,1.73311,-2.45197,1.99393,1.88771,1.30897,-1.46196e-18,1.88329,1.38808,0.0148333,1.97224,1.36758,0,2.16614,1.43619,0.0738496
30.2201,1.6549,-2.34657,2.65596,1.61888,-2.45916,2.64882,1.729,-2.45164,2,1.75474,-2.43755,1.99468,1.87725,1.32392,-1.46196e-18,1.87273,1.40302,0.0151407,1.96131,1.3832,0,2.15839,1.44652,0.0759033
30.2301,1.67401,-2.33297,2.65596,1.63756,-2.44505,2.64897,1.74897,-2.43744,2,1.77628,-2.42304,1.99545,1.86637,1.33921,-1.46196e-18,1.86206,1.41772,0.015452,1.94995,1.39918,0,2.15012,1.45663,0.0779084
30.2401,1.69243,-2.31964,2.65596,1.65612,-2.4308,2.64913,1.76821,-2.42351,2,1.79774,-2.40842,1.99624,1.85571,1.35394,1.46196e-18,1.85139,1.43232,0.0158107,1.93881,1.41457,0,2.14146,1.46667,0.0799035
30.2501,1.71073,-2.30618,2.65596,1.67458,-2.41641,2.64929,1.78734,-2.40944,2,1.81911,-2.3937,1.99705,1.84494,1.36859,0,1.8407,1.44679,0.0161994,1.92756,1.42987,0,2.13237,1.47661,0.0818649
30.2601,1.72942,-2.29219,2.65596,1.69294,-2.40187,2.64945,1.80687,-2.39483,2,1.84038,-2.37889,1.99787,1.83375,1.38354,0,1.83005,1.46122,0.0166059,1.91587,1.44549,0,2.12292,1.48656,0.0837743
30.2701,1.74763,-2.27834,2.65596,1.71118,-2.38718,2.64962,1.82589,-2.38037,2,1.86156,-2.36397,1.99872,1.82267,1.3981,0,1.81928,1.47544,0.016983,1.90429,1.46071,0,2.11297,1.49633,0.0855796
30.2801,1.76578,-2.2643,2.65596,1.72932,-2.37236,2.64979,1.84485,-2.3657,2,1.88264,-2.34896,1.99959,1.81144,1.41262,1.46196e-18,1.80845,1.48951,0.0173486,1.89256,1.47588,0,2.10255,1.50604,0.0872932
30.2901,1.78396,-2.25,2.65596,1.74735,-2.35739,2.64996,1.86385,-2.35076,2,1.90361,-2.33385,2.00047,1.8,1.42717,-1.46196e-18,1.79766,1.50351,0.0177379,1.88061,1.49108,0,2.09179,1.51573,0.0889438
30.3001,1.80173,-2.23581,2.65596,1.76528,-2.34229,2.65014,1.88241,-2.33592,2,1.92448,-2.31865,2.00136,1.78864,1.44138,0,1.78688,1.51751,0.0181142,1.86874,1.50593,0,2.08065,1.52549,0.0904889
30.3101,1.82014,-2.22084,2.65596,1.78309,-2.32704,2.65033,1.90164,-2.32029,2,1.94522,-2.30334,2.00228,1.77667,1.45611,1.46196e-18,1.77598,1.53144,0.0184846,1.85623,1.52131,0,2.06899,1.53525,0.0919308
30.3201,1.83715,-2.20679,2.65596,1.8008,-2.31166,2.65051,1.91942,-2.30561,2,1.96585,-2.28794,2.0032,1.76543,1.46972,0,1.76494,1.5452,0.0188338,1.84449,1.53553,0,2.05682,1.54494,0.0932496
30.3301,1.85502,-2.19179,2.65596,1.81839,-2.29614,2.6507,1.93809,-2.28994,2,1.98636,-2.27244,2.00414,1.75343,1.48402,0,1.75382,1.55877,0.0191728,1.83195,1.55047,0,2.04418,1.55452,0.0944501
30.3403,1.87306,-2.17639,2.65596,1.83587,-2.28049,2.6509,1.95694,-2.27385,2,2.00674,-2.25685,2.00509,1.74111,1.49845,0,1.74264,1.57217,0.019492,1.81908,1.56555,0,2.03111,1.56402,0.0955174
30.3501,1.89037,-2.16137,2.65596,1.85324,-2.2647,2.65109,1.97502,-2.25816,2,2.02698,-2.24116,2.00605,1.7291,1.5123,1.46196e-18,1.73145,1.5855,0.0198038,1.80653,1.58002,0,2.01767,1.57356,0.0964598
30.3601,1.90697,-2.14675,2.65596,1.8705,-2.24878,2.65129,1.99236,-2.24288,2,2.04709,-2.22538,2.00702,1.7174,1.52557,1.46196e-18,1.72025,1.59869,0.0201456,1.7943,1.59389,0,2.00385,1.58305,0.0973093
30.3701,1.924,-2.13149,2.65596,1.88765,-2.23272,2.6515,2.01016,-2.22694,2,2.06706,-2.2095,2.008,1.70519,1.5392,-1.46196e-18,1.70902,1.61176,0.0205083,1.78155,1.60813,0,1.98965,1.5925,0.0980528
30.3801,1.94111,-2.11592,2.65596,1.90468,-2.21654,2.6517,2.02803,-2.21067,2,2.08688,-2.19353,2.00898,1.69274,1.55289,0,1.69777,1.62469,0.0208452,1.76854,1.62243,0,1.97508,1.60194,0.0986426
30.3901,1.95804,-2.10027,2.65596,1.9216,-2.20023,2.65191,2.04572,-2.19432,2,2.10656,-2.17746,2.00997,1.68022,1.56643,0,1.68648,1.63748,0.0211929,1.75546,1.63657,0,1.96014,1.61136,0.0991137
30.4001,1.97488,-2.08444,2.65596,1.93841,-2.18379,2.65213,2.06331,-2.17778,2,2.12608,-2.1613,2.01096,1.66756,1.5799,-1.46196e-18,1.67518,1.65013,0.0215576,1.74223,1.65065,0,1.94488,1.62075,0.0994699
30.4101,1.9912,-2.06886,2.65596,1.95511,-2.16723,2.65234,2.08037,-2.1615,2,2.14545,-2.14505,2.01196,1.65508,1.59296,1.46196e-18,1.66392,1.66263,0.0219648,1.7292,1.66429,0,1.92935,1.63011,0.0997348
30.4201,2.00782,-2.05273,2.65596,1.97169,-2.15054,2.65257,2.09773,-2.14465,2,2.16467,-2.1287,2.01296,1.64219,1.60625,-1.46196e-18,1.65273,1.67516,0.022388,1.71572,1.67818,0,1.9136,1.63964,0.0998819
30.4301,2.0243,-2.03648,2.65596,1.98816,-2.13373,2.65279,2.11495,-2.12767,2,2.18372,-2.11226,2.01396,1.62918,1.61944,-1.46196e-18,1.6415,1.68751,0.0228332,1.70214,1.69196,0,1.89752,1.64912,0.0999188
30.44,2.04029,-2.02046,2.65596,2.00289,-2.11849,2.653,2.13166,-2.11093,2,2.20074,-2.09738,2.01485,1.61637,1.63223,1.46196e-18,1.63128,1.69843,0.0232285,1.68875,1.70533,0,1.88273,1.65758,0.0998346
30.4501,2.05674,-2.00372,2.65596,2.01914,-2.10144,2.65323,2.14884,-2.09344,2,2.21948,-2.08075,2.01585,1.60297,1.64539,1.46196e-18,1.61993,1.71051,0.0236427,1.67475,1.71907,0,1.86606,1.66707,0.099593
30.4601,2.07241,-1.9875,2.65596,2.03529,-2.08428,2.65347,2.16521,-2.0765,2,2.23805,-2.06404,2.01685,1.59,1.65793,-1.46196e-18,1.60847,1.72241,0.024036,1.6612,1.73217,0,1.84904,1.67649,0.0992008
30.4702,2.08885,-1.97022,2.65596,2.05131,-2.067,2.65372,2.18239,-2.05844,2,2.25646,-2.04722,2.01784,1.57618,1.67108,1.46196e-18,1.59695,1.73424,0.0244314,1.64676,1.74591,0,1.83175,1.68596,0.0986814
30.4801,2.10384,-1.9542,2.65596,2.06722,-2.04959,2.65396,2.19805,-2.04171,2,2.27469,-2.03032,2.01882,1.56336,1.68307,-1.46196e-18,1.5853,1.7459,0.0248196,1.63337,1.75844,0,1.81412,1.6954,0.0980295
30.4901,2.11935,-1.93737,2.65596,2.08302,-2.03208,2.65421,2.21425,-2.02412,2,2.29274,-2.01332,2.0198,1.5499,1.69548,0,1.57349,1.75745,0.0252036,1.6193,1.7714,0,1.79615,1.70487,0.0972523
30.5001,2.1349,-1.92023,2.65596,2.09869,-2.01445,2.65447,2.2305,-2.00621,2,2.31061,-1.99622,2.02076,1.53618,1.70792,0,1.56167,1.76903,0.025587,1.60497,1.7844,0,1.77799,1.71451,0.0963579
30.5101,2.15014,-1.90314,2.65596,2.11425,-1.9967,2.65472,2.24642,-1.98836,2,2.3283,-1.97903,2.02172,1.52251,1.72011,-1.46196e-18,1.54977,1.78057,0.0259708,1.59069,1.79714,0,1.7596,1.72426,0.0953521
30.5201,2.16549,-1.88566,2.65596,2.12969,-1.97883,2.65498,2.26246,-1.9701,2,2.3458,-1.96173,2.02267,1.50853,1.73239,1.46196e-18,1.5378,1.7921,0.0263475,1.57608,1.80997,0,1.74101,1.73416,0.0942315
30.5301,2.1805,-1.86828,2.65596,2.14348,-1.96266,2.65522,2.27814,-1.95194,2,2.3614,-1.94608,2.02351,1.49463,1.7444,0,1.52694,1.80252,0.0266676,1.56155,1.82251,0,1.72408,1.74325,0.0931164
30.5401,2.19576,-1.85033,2.65596,2.15717,-1.94639,2.65546,2.29408,-1.93318,2,2.37684,-1.93035,2.02435,1.48026,1.7566,0,1.51604,1.81308,0.0269812,1.54655,1.83526,0,1.70702,1.75263,0.0919168
30.5501,2.21022,-1.83303,2.65596,2.16926,-1.93185,2.65568,2.30919,-1.91511,2,2.39381,-1.91277,2.02526,1.46642,1.76817,-1.46196e-18,1.50633,1.82246,0.0272487,1.53209,1.84735,0,1.68796,1.76318,0.0904776
30.5601,2.2251,-1.81493,2.65596,2.18725,-1.90989,2.65601,2.32474,-1.8962,2,2.41059,-1.89509,2.02616,1.45195,1.78008,0,1.49166,1.83633,0.0275642,1.51696,1.85979,0,1.66871,1.77369,0.0888728
30.5701,2.2393,-1.79739,2.65596,2.20211,-1.89147,2.65629,2.33957,-1.87788,2,2.42718,-1.8773,2.02703,1.43791,1.79144,0,1.47932,1.84766,0.0274776,1.5023,1.87166,0,1.64931,1.78412,0.0868504
30.5804,2.25416,-1.77871,2.65596,2.21537,-1.8748,2.65653,2.3551,-1.85836,2,2.44195,-1.8612,2.02781,1.42297,1.80333,0,1.46802,1.85777,0.0272493,1.48669,1.88408,0,1.63163,1.79357,0.0848225
30.5904,2.26824,-1.76072,2.65596,2.22999,-1.85617,2.6568,2.36981,-1.83957,2,2.45817,-1.84321,2.02864,1.40858,1.81459,0,1.45514,1.86884,0.0269941,1.47165,1.89585,0,1.61164,1.80408,0.0825065
30.6002,2.28173,-1.74321,2.65596,2.24447,-1.83742,2.65707,2.3839,-1.82127,2,2.47418,-1.82512,2.02946,1.39457,1.82538,0,1.44207,1.87982,0.0268075,1.45701,1.90712,0,1.59143,1.81467,0.0801947
30.6101,2.29565,-1.72483,2.65596,2.25883,-1.81857,2.65734,2.39845,-1.80206,2,2.48999,-1.80692,2.03025,1.37986,1.83652,0,1.42891,1.89078,0.0267154,1.44165,1.91876,0,1.5711,1.82537,0.0779165
30.6203,2.3095,-1.70625,2.65596,2.27305,-1.79961,2.65761,2.41291,-1.78265,2,2.5056,-1.78861,2.03102,1.365,1.8476,-1.46196e-18,1.41565,1.90177,0.0267114,1.42612,1.93033,0,1.55067,1.83627,0.0756738
30.6302,2.32305,-1.68774,2.65596,2.28714,-1.78053,2.65788,2.42708,-1.76332,2,2.52101,-1.77019,2.03176,1.35019,1.85844,0,1.40227,1.91272,0.0267964,1.41066,1.94166,0,1.53013,1.84733,0.0734771
30.6401,2.33626,-1.66941,2.65596,2.3011,-1.76135,2.65814,2.44088,-1.74416,2,2.53621,-1.75166,2.03249,1.33553,1.86901,-1.46196e-18,1.38879,1.92369,0.0269396,1.39533,1.9527,0,1.50953,1.85859,0.0713041
30.6503,2.34979,-1.65031,2.65596,2.31492,-1.74206,2.65841,2.45502,-1.72421,2,2.5512,-1.73302,2.03319,1.32025,1.87984,0,1.37516,1.93457,0.0271109,1.37937,1.96401,0,1.48883,1.86998,0.0691325
30.6602,2.36291,-1.63148,2.65596,2.32724,-1.72461,2.65866,2.46872,-1.70453,2,2.56451,-1.71615,2.0338,1.30518,1.89033,0,1.36265,1.94419,0.027246,1.36363,1.97497,0,1.47,1.88026,0.0671433
30.6701,2.37568,-1.61282,2.65596,2.34214,-1.70316,2.65896,2.48206,-1.68504,2,2.57766,-1.69918,2.0344,1.29025,1.90055,0,1.34712,1.95566,0.0273835,1.34803,1.98565,0,1.45106,1.89051,0.0651272
30.6801,2.38849,-1.59379,2.65596,2.35287,-1.68748,2.65918,2.49544,-1.66516,2,2.59492,-1.67641,2.03516,1.27503,1.91079,0,1.33563,1.96394,0.0274116,1.33213,1.99636,0,1.42562,1.90432,0.0623332
30.6901,2.40109,-1.57475,2.65596,2.36879,-1.66384,2.65951,2.50861,-1.64526,2,2.60907,-1.65731,2.03577,1.2598,1.92087,1.46196e-18,1.31831,1.97634,0.0273326,1.31621,2.00689,0,1.40445,1.91607,0.0598846
30.7001,2.4137,-1.55534,2.65596,2.38191,-1.64402,2.65978,2.52179,-1.62499,2,2.62301,-1.63809,2.03636,1.24428,1.93096,0,1.30389,1.98661,0.0267622,1.29999,2.01743,0,1.38345,1.92797,0.0569715
30.7102,2.42626,-1.53569,2.65596,2.39487,-1.6241,2.66004,2.5349,-1.60445,2,2.63401,-1.62262,2.0368,1.22855,1.941,0,1.28933,1.99677,0.0262012,1.28356,2.02792,0,1.36665,1.9376,0.0546524
30.7202,2.4384,-1.51633,2.65596,2.40769,-1.60409,2.6603,2.54759,-1.58423,2,2.64757,-1.60319,2.03734,1.21306,1.95072,0,1.27459,2.00677,0.025793,1.26738,2.03807,0,1.34557,1.94975,0.0519026
30.7304,2.4509,-1.49605,2.65596,2.42036,-1.58397,2.66056,2.56065,-1.56304,2,2.66356,-1.5797,2.03794,1.19684,1.96072,0,1.25959,2.01652,0.0254955,1.25043,2.04852,0,1.32014,1.96438,0.0487908
30.74,2.46203,-1.47766,2.65596,2.43288,-1.56376,2.66081,2.57227,-1.54383,2,2.67406,-1.56395,2.03832,1.18213,1.96962,0,1.24433,2.02596,0.0252797,1.23506,2.05782,0,1.30308,1.9741,0.0468061
30.7502,2.47413,-1.4573,2.65596,2.44279,-1.54752,2.66101,2.58492,-1.52256,2,2.68698,-1.54415,2.03878,1.16584,1.97931,1.46196e-18,1.2319,2.03325,0.0251099,1.21804,2.06794,0,1.28162,1.98617,0.0443694
30.7601,2.48542,-1.43797,2.65596,2.45503,-1.52714,2.66126,2.59671,-1.50236,2,2.7022,-1.52023,2.03929,1.15038,1.98833,-1.46196e-18,1.21618,2.04223,0.0247427,1.20189,2.07737,0,1.25582,2.00074,0.0412921
30.77,2.49692,-1.41789,2.65596,2.46711,-1.50668,2.66151,2.60873,-1.48139,2,2.71218,-1.50418,2.03961,1.13432,1.99754,0,1.20026,2.05097,0.0243034,1.18511,2.08699,0,1.23859,2.01044,0.0392431
30.7801,2.50826,-1.39774,2.65596,2.47903,-1.48612,2.66175,2.62058,-1.46034,2,2.72689,-1.47997,2.04007,1.1182,2.00661,1.46196e-18,1.1842,2.05962,0.0239326,1.16827,2.09646,0,1.21276,2.02512,0.0363036
30.7902,2.51948,-1.37742,2.65596,2.49079,-1.46549,2.66199,2.6323,-1.4391,2,2.73652,-1.46373,2.04035,1.10194,2.01558,0,1.16797,2.06804,0.0236295,1.15128,2.10584,0,1.19555,2.03492,0.034438
30.8002,2.53118,-1.35579,2.65596,2.49893,-1.45099,2.66215,2.64453,-1.4165,2,2.74837,-1.44332,2.04068,1.08463,2.02495,0,1.15648,2.07383,0.023458,1.1332,2.11562,0,1.17399,2.04717,0.0322151
30.8102,2.54126,-1.33681,2.65596,2.51269,-1.42604,2.66243,2.65506,-1.39667,2,2.75885,-1.42484,2.04096,1.06944,2.03301,0,1.13672,2.08362,0.0229412,1.11733,2.12404,0,1.15473,2.0583,0.0300276
30.8201,2.5517,-1.31677,2.65596,2.52397,-1.40517,2.66266,2.66596,-1.37573,2,2.77029,-1.4042,2.04125,1.05342,2.04136,-1.46196e-18,1.12027,2.09173,0.021712,1.10059,2.13277,0,1.13358,2.07073,0.0269519
30.8301,2.56214,-1.29633,2.65596,2.53288,-1.38841,2.66283,2.67688,-1.35438,2,2.77929,-1.38759,2.04146,1.03706,2.04972,0,1.107,2.09805,0.02068,1.0835,2.1415,0,1.11669,2.08061,0.0244965
30.8401,2.57236,-1.27593,2.65596,2.54387,-1.36739,2.66303,2.68755,-1.33307,2,2.79035,-1.36672,2.04169,1.02075,2.05789,1.46196e-18,1.09029,2.1057,0.0195306,1.06646,2.15004,0,1.09561,2.09291,0.0216258
30.8501,2.58271,-1.25486,2.65596,2.55469,-1.34629,2.66322,2.69836,-1.31105,2,2.8012,-1.34573,2.04189,1.00389,2.06617,-1.46196e-18,1.07352,2.1133,0.018567,1.04884,2.15869,0,1.07465,2.1053,0.0190072
30.8601,2.59263,-1.23422,2.65596,2.56534,-1.32512,2.6634,2.70873,-1.28949,2,2.81185,-1.32462,2.04207,0.987378,2.07411,1.46196e-18,1.05658,2.12073,0.0178094,1.03159,2.16698,0,1.0537,2.11767,0.0166646
30.8701,2.60224,-1.21383,2.65596,2.57582,-1.30388,2.66357,2.71877,-1.26818,2,2.82228,-1.30338,2.04222,0.971064,2.08179,0,1.03943,2.12798,0.0172116,1.01455,2.17502,0,1.03273,2.12999,0.0145553
30.8802,2.61194,-1.19281,2.65596,2.58408,-1.28683,2.66371,2.72891,-1.24622,2,2.83047,-1.2863,2.04233,0.954248,2.08956,1.46196e-18,1.02567,2.13381,0.0168475,0.996979,2.18312,0,1.01605,2.13998,0.0130384
30.8901,2.6212,-1.17233,2.65596,2.59324,-1.2676,2.66386,2.73858,-1.22482,2,2.84152,-1.26268,2.04247,0.937862,2.09696,0,1.01019,2.14029,0.016419,0.979858,2.19086,0,0.993309,2.15373,0.0110201
30.9002,2.63078,-1.15068,2.65596,2.60326,-1.24616,2.66402,2.74858,-1.20221,2,2.84941,-1.24542,2.04255,0.920546,2.10462,0,0.992822,2.14734,0.0159739,0.961768,2.19886,0,0.976797,2.1637,0.00964666
30.9102,2.63988,-1.12963,2.65596,2.61504,-1.22034,2.66421,2.7581,-1.18022,2,2.85907,-1.22372,2.04264,0.903705,2.11191,0,0.971729,2.15565,0.0155355,0.944172,2.20648,0,0.956165,2.1761,0.00807862
30.9201,2.64864,-1.10894,2.65596,2.62276,-1.20308,2.66433,2.76724,-1.1586,2,2.86853,-1.20189,2.04271,0.887155,2.11891,0,0.957673,2.16108,0.0149265,0.926881,2.2138,0,0.93573,2.18844,0.00630299
30.9302,2.65759,-1.08733,2.65596,2.63225,-1.18143,2.66448,2.77659,-1.13602,2,2.87778,-1.17995,2.04276,0.869865,2.12607,-1.46196e-18,0.939961,2.16755,0.0139563,0.908817,2.22127,0,0.915398,2.20054,0.00433456
30.9401,2.66603,-1.06645,2.65596,2.64156,-1.15973,2.66461,2.78542,-1.11421,2,2.88684,-1.15788,2.0428,0.853161,2.13283,0,0.922001,2.17371,0.0130257,0.891365,2.22833,0,0.895037,2.21244,0.00250451
30.9501,2.67469,-1.04456,2.65596,2.65069,-1.13796,2.66474,2.79446,-1.09133,2,2.89569,-1.1357,2.04281,0.835647,2.13975,0,0.90387,2.17985,0.0122601,0.873067,2.23557,0,0.874715,2.22437,0.000936662
30.96,2.68276,-1.02363,2.65596,2.65964,-1.11613,2.66486,2.8029,-1.06947,2,2.90433,-1.1134,2.04282,0.818907,2.14621,0,0.885516,2.18585,0.0115878,0.855577,2.24232,0,0.854378,2.2362,-0.000440056
30.9701,2.69098,-1.00183,2.65596,2.6684,-1.09424,2.66497,2.81148,-1.04669,2,2.91277,-1.09098,2.04281,0.801464,2.15279,0,0.867115,2.19178,0.0110399,0.837354,2.24919,0,0.834202,2.24801,-0.00159253
30.9801,2.69897,-0.980116,2.65596,2.67698,-1.07229,2.66508,2.81982,-1.02401,2,2.92102,-1.06844,2.04279,0.784093,2.15917,0,0.848644,2.19759,0.0105989,0.819204,2.25586,0,0.814163,2.25976,-0.00253785
30.9902,2.70666,-0.958655,2.65596,2.68454,-1.05249,2.66517,2.82787,-1.00158,2,2.92826,-1.04805,2.04276,0.766924,2.16533,0,0.832008,2.20281,0.0102525,0.801266,2.26229,0,0.79629,2.27034,-0.00325166
31.0002,2.71424,-0.936991,2.65596,2.69195,-1.03264,2.66526,2.83578,-0.978949,2,2.93535,-1.02757,2.04273,0.749593,2.17139,0,0.815418,2.20798,0.00995217,0.783159,2.26863,0,0.778634,2.2809,-0.00383538
31.0101,2.72156,-0.915515,2.65596,2.70002,-1.01054,2.66536,2.84343,-0.956512,2,2.94304,-1.0047,2.04269,0.732412,2.17725,0,0.796914,2.21365,0.0096512,0.765209,2.27474,0,0.759145,2.29257,-0.00435017
31.0201,2.72901,-0.893073,2.65596,2.70633,-0.992808,2.66544,2.85121,-0.933064,2,2.94905,-0.986325,2.04265,0.714458,2.1832,-7.3098e-19,0.782058,2.21808,0.00940594,0.746451,2.28097,0,0.743659,2.30177,-0.00468779
31.0301,2.73583,-0.871929,2.65596,2.71406,-0.970601,2.66553,2.85834,-0.910974,2,2.95639,-0.963251,2.0426,0.697543,2.18867,0,0.763452,2.22342,0.0089572,0.728779,2.28667,0,0.724465,2.31307,-0.00515196
31.0401,2.74293,-0.849327,2.65596,2.72086,-0.950569,2.66561,2.86576,-0.88736,2,2.96283,-0.942388,2.04255,0.679462,2.19435,-7.3098e-19,0.746603,2.2281,0.00848744,0.709888,2.29261,0,0.707283,2.32304,-0.00553674
31.0503,2.74963,-0.827405,2.65596,2.72823,-0.928262,2.66569,2.87275,-0.864456,2,2.96981,-0.919103,2.0425,0.661924,2.1997,-7.3098e-19,0.727698,2.23321,0.00798039,0.691565,2.2982,0,0.688227,2.33394,-0.00584019
31.0601,2.75608,-0.805644,2.65596,2.73541,-0.905905,2.66577,2.8795,-0.84172,2,2.9766,-0.89571,2.04244,0.644515,2.20487,0,0.708574,2.23826,0.0074675,0.673376,2.3036,0,0.669176,2.34469,-0.00603627
31.0703,2.76258,-0.783056,2.65596,2.7424,-0.883497,2.66584,2.88629,-0.818121,2,2.98319,-0.87221,2.04238,0.626445,2.21007,0,0.689389,2.24322,0.00700316,0.654496,2.30903,0,0.650284,2.35525,-0.0060721
31.0801,2.76868,-0.761217,2.65596,2.7492,-0.861041,2.66591,2.89266,-0.795304,2,2.9896,-0.848606,2.04232,0.608973,2.21495,0,0.670073,2.24802,0.00656988,0.636243,2.31413,0,0.63147,2.36555,-0.00596855
31.0902,2.77466,-0.739121,2.65596,2.7558,-0.838537,2.66597,2.89891,-0.772219,2,2.99582,-0.8249,2.04226,0.591297,2.21973,0,0.650619,2.25268,0.00615356,0.617775,2.31913,0,0.612728,2.37561,-0.00574034
31.1002,2.78058,-0.716555,2.65596,2.76221,-0.815988,2.66603,2.90509,-0.748641,2,3.00186,-0.801094,2.0422,0.573244,2.22446,7.3098e-19,0.631049,2.25728,0.00572046,0.598913,2.32407,0,0.594076,2.38551,-0.00542167
31.1101,2.78603,-0.69506,2.65596,2.76842,-0.793393,2.66609,2.91078,-0.726184,2,3.00771,-0.777191,2.04215,0.556048,2.22882,0,0.611363,2.26169,0.00526305,0.580947,2.32863,0,0.57551,2.39513,-0.00502217
31.1201,2.7915,-0.672753,2.65596,2.77443,-0.770754,2.66614,2.9165,-0.702878,2,3.01337,-0.753193,2.0421,0.538202,2.2332,-7.3098e-19,0.591531,2.26593,0.00477014,0.562302,2.3332,0,0.556993,2.40446,-0.00455573
31.1302,2.79685,-0.650144,2.65596,2.78025,-0.748074,2.66618,2.92209,-0.679257,2,3.01885,-0.729102,2.04206,0.520115,2.23748,-7.3098e-19,0.571549,2.27,0.00427057,0.543406,2.33767,0,0.53851,2.41353,-0.00399674
31.1402,2.80206,-0.627311,2.65596,2.78586,-0.725355,2.66622,2.92753,-0.655402,2,3.02414,-0.704923,2.04202,0.501849,2.24165,7.3098e-19,0.551404,2.27385,0.00373511,0.524321,2.34203,0,0.520044,2.42229,-0.00337698
31.1503,2.80696,-0.604988,2.65596,2.79128,-0.702598,2.66626,2.93266,-0.632079,2,3.02925,-0.680657,2.04199,0.483991,2.24557,-7.3098e-19,0.531295,2.2776,0.00319985,0.505664,2.34613,0,0.501786,2.43083,-0.00266336
31.1602,2.81162,-0.582973,2.65596,2.79649,-0.679803,2.66629,2.93752,-0.609079,2,3.03417,-0.656307,2.04197,0.466379,2.24929,7.3098e-19,0.511243,2.28136,0.0026947,0.487263,2.35002,0,0.483749,2.43926,-0.00183005
31.1702,2.81626,-0.560105,2.65596,2.8015,-0.656971,2.66631,2.94237,-0.585186,2,3.03892,-0.631873,2.04195,0.448084,2.25301,0,0.490962,2.2849,0.00215102,0.468149,2.3539,0,0.465636,2.44735,-0.000949366
31.1801,2.82058,-0.537953,2.65596,2.80631,-0.634106,2.66633,2.94688,-0.562043,2,3.04349,-0.607361,2.04195,0.430363,2.25646,-7.3098e-19,0.470596,2.28822,0.00159777,0.449634,2.3575,0,0.447584,2.4551,4.60605e-06
31.1904,2.82493,-0.514587,2.65596,2.81091,-0.611208,2.66634,2.95143,-0.53763,2,3.04787,-0.582773,2.04195,0.41167,2.25995,0,0.450191,2.29126,0.00105968,0.430104,2.36115,0,0.42963,2.46245,0.00105258
31.2002,2.82894,-0.492068,2.65596,2.81401,-0.595162,2.66635,2.95562,-0.514103,2,3.05208,-0.558114,2.04197,0.393654,2.26315,0,0.435865,2.29318,0.000659942,0.411282,2.3645,0,0.411705,2.4693,0.00213342
31.2102,2.83272,-0.469811,2.65596,2.81951,-0.56533,2.66635,2.95957,-0.490849,2,3.05611,-0.533388,2.042,0.375849,2.26618,3.6549e-19,0.409178,2.29641,-0.000535746,0.392679,2.36766,0,0.39387,2.47579,0.00284043
31.2201,2.8364,-0.447073,2.65596,2.8235,-0.542353,2.66634,2.96341,-0.467093,2,3.05996,-0.508598,2.04203,0.357658,2.26912,0,0.388878,2.29895,-0.00216781,0.373674,2.37073,0,0.376378,2.48211,0.0030006
31.2303,2.83991,-0.42425,2.65596,2.82728,-0.519351,2.66631,2.96707,-0.443248,2,3.06435,-0.478768,2.04206,0.3394,2.27192,0,0.368517,2.30149,-0.00375596,0.354598,2.37366,0,0.35544,2.48945,0.00335878
31.2402,2.84321,-0.401489,2.65596,2.83087,-0.496324,2.66626,2.97053,-0.419468,2,3.06714,-0.458835,2.04209,0.321192,2.27457,0,0.348059,2.30375,-0.00512748,0.335574,2.37642,0,0.341478,2.494,0.00380853
31.2501,2.84627,-0.379192,2.65596,2.83425,-0.473276,2.66621,2.97373,-0.396172,2,3.07047,-0.433867,2.04213,0.303353,2.27702,0,0.327687,2.30586,-0.00625289,0.316937,2.37898,0,0.324166,2.49942,0.0046376
31.2601,2.8493,-0.355684,2.65596,2.83742,-0.450208,2.66614,2.9769,-0.371611,2,3.07362,-0.408847,2.04219,0.284547,2.27944,-3.6549e-19,0.307326,2.3078,-0.00719048,0.297289,2.38152,0,0.306924,2.5045,0.00569663
31.2704,2.8521,-0.332524,2.65596,2.84039,-0.427121,2.66606,2.97982,-0.347415,2,3.0766,-0.383778,2.04225,0.266019,2.28168,0,0.286851,2.30959,-0.00801872,0.277932,2.38385,0,0.289618,2.50927,0.00690238
31.2802,2.8546,-0.310294,2.65596,2.84316,-0.404017,2.66598,2.98243,-0.324189,2,3.07941,-0.358663,2.04232,0.248235,2.28368,0,0.266288,2.31118,-0.00877984,0.259351,2.38595,0,0.272269,2.51364,0.00820906
31.2902,2.85697,-0.287669,2.65596,2.84572,-0.380898,2.66589,2.98491,-0.300551,2,3.08205,-0.333506,2.04241,0.230135,2.28558,0,0.245574,2.31261,-0.00950309,0.240441,2.38793,0,0.254805,2.51765,0.00958144
31.3001,2.85927,-0.263895,2.65596,2.84807,-0.357765,2.66579,2.9873,-0.275712,2,3.08379,-0.315874,2.04248,0.211116,2.28741,0,0.224832,2.31393,-0.0101699,0.22057,2.38984,0,0.242569,2.52027,0.0105845
31.3103,2.86128,-0.24111,2.65596,2.85021,-0.334619,2.66568,2.98941,-0.251906,2,3.0868,-0.28308,2.04263,0.192888,2.28902,-1.82745e-19,0.204095,2.31518,-0.0107954,0.201525,2.39152,0,0.219865,2.52477,0.0125305
31.3201,2.86304,-0.21923,2.65596,2.85197,-0.313778,2.66558,2.99124,-0.229047,2,3.0887,-0.260345,2.04275,0.175384,2.29043,0,0.185406,2.3162,-0.0113354,0.183237,2.39299,0,0.204114,2.52756,0.0139077
31.3304,2.86473,-0.195951,2.65596,2.85372,-0.29061,2.66547,2.99301,-0.204726,2,3.09066,-0.235054,2.0429,0.156761,2.29178,-1.82745e-19,0.164754,2.3174,-0.0118789,0.163781,2.39441,0,0.18671,2.53049,0.015492
31.3402,2.86621,-0.172856,2.65596,2.85526,-0.26743,2.66535,2.99456,-0.180596,2,3.09244,-0.209736,2.04306,0.138285,2.29297,0,0.144165,2.31858,-0.012362,0.144477,2.39565,0,0.169342,2.53315,0.0171273
31.3502,2.8675,-0.149921,2.65596,2.8566,-0.244239,2.66522,2.99591,-0.156635,2,3.09404,-0.184393,2.04324,0.119937,2.294,1.82745e-19,0.123402,2.31954,-0.0128709,0.125308,2.39673,0,0.151765,2.53535,0.018722
31.3604,2.86866,-0.125834,2.65596,2.85773,-0.221039,2.66509,2.99712,-0.131469,2,3.09547,-0.15903,2.04344,0.100667,2.29493,1.82745e-19,0.102555,2.32039,-0.0133863,0.105175,2.39769,0,0.13406,2.5372,0.0202896
31.3701,2.86953,-0.104206,2.65596,2.85848,-0.202474,2.66498,2.99802,-0.108872,2,3.09649,-0.138727,2.0436,0.0833647,2.29562,0,0.085833,2.32095,-0.0138249,0.0870977,2.39842,0,0.119811,2.53839,0.0214964
31.3804,2.87028,-0.0807624,2.65596,2.85903,-0.186226,2.66488,2.99881,-0.0843789,2,3.0976,-0.113337,2.04383,0.0646099,2.29623,0,0.0712274,2.32136,-0.0142484,0.0675031,2.39905,0,0.102004,2.53954,0.022905
31.3901,2.87083,-0.0583641,2.65596,2.85978,-0.156043,2.66469,2.99938,-0.0609777,2,3.09869,-0.0828567,2.04411,0.0466913,2.29666,-4.56862e-20,0.044317,2.32211,-0.0153968,0.0487821,2.3995,0,0.0807697,2.54048,0.0240542
31.4002,2.8712,-0.0355124,2.65596,2.86012,-0.132819,2.66453,2.99977,-0.0371027,2,3.09928,-0.062531,2.0443,0.0284099,2.29696,0,0.0239434,2.32281,-0.016875,0.0296821,2.39982,0,0.0668115,2.54095,0.0243757
31.4103,2.8714,-0.0114203,2.65596,2.86026,-0.109587,2.66435,2.99998,-0.0119317,2,3.09986,-0.0371195,2.04455,0.00913623,2.29712,0,0.00361573,2.32354,-0.018235,0.00954535,2.39998,0,0.0493294,2.54128,0.0248949
31.4201,2.8714,0.0109606,2.65596,2.86024,-0.0933206,2.66422,2.99998,0.0114515,2,3.10033,-0.00662473,2.04485,-0.00876851,2.29712,-1.14216e-20,-0.0105798,2.32392,-0.0190011,-0.00916116,2.39998,0,0.0282904,2.54109,0.0258098
31.43,2.87123,0.0328543,2.65596,2.85985,-0.0584569,2.66393,2.9998,0.0343255,2,3.1005,0.0137024,2.04506,-0.0262834,2.29699,4.56862e-20,-0.0406412,2.32456,-0.0208044,-0.0274604,2.39984,0,0.0144083,2.54069,0.0261544
31.44,2.87087,0.0560541,2.65596,2.85946,-0.039859,2.66376,2.99943,0.0585641,2,3.10056,0.0391056,2.04532,-0.0448432,2.2967,0,-0.0564702,2.32492,-0.0219121,-0.0468513,2.39954,0,-0.00284714,2.53993,0.0264455
31.45,2.87034,0.0788795,2.65596,2.8588,-0.0166072,2.66353,2.99887,0.0824116,2,3.10044,0.0645004,2.04559,-0.0631036,2.29627,0,-0.0761109,2.32543,-0.0231863,-0.0659293,2.39909,0,-0.0200522,2.539,0.0267675
31.4603,2.86958,0.102841,2.65596,2.85775,0.0113015,2.66324,2.99808,0.107446,2,3.10016,0.089885,2.04586,-0.0822726,2.29566,0,-0.0995885,2.32604,-0.0243462,-0.0859567,2.39846,0,-0.0373281,2.53789,0.0272728
31.4701,2.86868,0.125365,2.65596,2.85689,0.0299115,2.66305,2.99714,0.130979,2,3.0997,0.115258,2.04614,-0.100292,2.29495,0,-0.11512,2.32644,-0.0249269,-0.104783,2.39771,0,-0.0545932,2.53658,0.027967
31.4801,2.86757,0.148626,2.65596,2.85577,0.0508509,2.66282,2.99598,0.155281,2,3.09914,0.13808,2.04639,-0.118901,2.29406,0,-0.132611,2.32674,-0.0255241,-0.124225,2.39678,0,-0.0702581,2.53511,0.0285781
31.49,2.86631,0.171262,2.65596,2.85435,0.074119,2.66256,2.99466,0.178931,2,3.09834,0.163422,2.04668,-0.137009,2.29305,0,-0.152154,2.32685,-0.0260934,-0.143145,2.39573,0,-0.0879068,2.53311,0.0292667
31.5003,2.86482,0.194618,2.65596,2.85273,0.0973878,2.6623,2.9931,0.203333,2,3.09738,0.188742,2.04698,-0.155694,2.29185,0,-0.171625,2.32686,-0.0263834,-0.162666,2.39448,0,-0.105596,2.5308,0.030147
31.5101,2.86321,0.216921,2.65596,2.85129,0.116002,2.66209,2.99143,0.226635,2,3.09648,0.208979,2.04722,-0.173537,2.29057,0,-0.187343,2.32665,-0.0264649,-0.181308,2.39314,0,-0.119982,2.52859,0.0309322
31.5201,2.86141,0.23957,2.65596,2.84932,0.139266,2.66182,2.98954,0.250298,2,3.09519,0.23425,2.04754,-0.191656,2.28913,0,-0.206946,2.3262,-0.026493,-0.200239,2.39163,0,-0.138052,2.52549,0.0318953
31.5301,2.8594,0.26241,2.65596,2.84716,0.162526,2.66156,2.98745,0.27416,2,3.09371,0.259488,2.04786,-0.209928,2.28752,0,-0.226563,2.32565,-0.0264202,-0.219328,2.38996,0,-0.156259,2.52208,0.0328598
31.5401,2.85715,0.2859,2.65596,2.84528,0.181129,2.66135,2.98509,0.298703,2,3.09206,0.284691,2.04819,-0.22872,2.28572,0,-0.242145,2.32522,-0.0262017,-0.238962,2.38807,0,-0.174433,2.51847,0.0339402
31.5501,2.85483,0.308213,2.65596,2.84224,0.209027,2.66104,2.98267,0.322014,2,3.09022,0.309856,2.04854,-0.24657,2.28386,0,-0.265313,2.32451,-0.0258386,-0.257612,2.38613,0,-0.192577,2.51463,0.0349088
31.5601,2.85226,0.331148,2.65596,2.83949,0.23227,2.66078,2.97998,0.345976,2,3.08821,0.334983,2.04889,-0.264918,2.28181,-3.6549e-19,-0.284375,2.32394,-0.0257875,-0.276781,2.38399,0,-0.21061,2.51065,0.0355385
31.5701,2.84954,0.353801,2.65596,2.83655,0.255506,2.66052,2.97714,0.369644,2,3.08601,0.360069,2.04925,-0.283041,2.27963,0,-0.303272,2.32327,-0.0257056,-0.295715,2.38171,0,-0.228606,2.50644,0.036099
31.5801,2.84659,0.376771,2.65596,2.83342,0.278734,2.66027,2.97406,0.393643,2,3.08364,0.385111,2.04961,-0.301417,2.27727,3.6549e-19,-0.322107,2.32245,-0.0253453,-0.314914,2.37925,0,-0.246695,2.50199,0.0368306
31.5901,2.84337,0.400398,2.65596,2.83011,0.301954,2.66002,2.97069,0.418327,2,3.08108,0.410108,2.04999,-0.320318,2.27469,0,-0.340893,2.32148,-0.0247521,-0.334662,2.37655,0,-0.264883,2.49729,0.0376896
31.6001,2.84024,0.42197,2.65596,2.8266,0.325164,2.65977,2.96743,0.440865,2,3.07834,0.435056,2.05037,-0.337576,2.2722,0,-0.35953,2.3204,-0.0239398,-0.352692,2.37394,0,-0.283063,2.4924,0.0386653
31.6101,2.83668,0.445335,2.65596,2.82292,0.348361,2.65954,2.9637,0.465276,2,3.07542,0.459955,2.05076,-0.356268,2.26934,3.6549e-19,-0.378148,2.31908,-0.0229943,-0.372221,2.37096,0,-0.301365,2.48722,0.0396741
31.6201,2.83304,0.467894,2.65596,2.81904,0.371545,2.65931,2.9599,0.488846,2,3.07231,0.4848,2.05116,-0.374315,2.26643,3.6549e-19,-0.39665,2.31754,-0.0219391,-0.391077,2.36792,0,-0.319693,2.48178,0.0406959
31.6301,2.82927,0.4902,2.65596,2.81498,0.394712,2.6591,2.95596,0.512151,2,3.06902,0.50959,2.05157,-0.39216,2.26341,0,-0.415088,2.31584,-0.0208068,-0.409721,2.36477,0,-0.338099,2.47616,0.0417011
31.6401,2.82523,0.512951,2.65596,2.81074,0.417861,2.6589,2.95174,0.535921,2,3.06555,0.534322,2.052,-0.410361,2.26019,0,-0.433409,2.31398,-0.0195863,-0.428736,2.36139,0,-0.356523,2.47036,0.0427037
31.65,2.82112,0.535081,2.65596,2.80632,0.440991,2.65871,2.94745,0.559042,2,3.06189,0.558996,2.05243,-0.428065,2.2569,0,-0.45153,2.31197,-0.0182605,-0.447233,2.35796,0,-0.37488,2.46443,0.0437258
31.6601,2.81676,0.557612,2.65596,2.80171,0.4641,2.65853,2.94289,0.582581,2,3.05805,0.58361,2.05287,-0.446089,2.25341,0,-0.469643,2.30977,-0.0169341,-0.466065,2.35431,0,-0.39336,2.45833,0.0446672
31.6701,2.81221,0.58012,2.65596,2.79692,0.487185,2.65837,2.93814,0.606097,2,3.05403,0.608162,2.05332,-0.464096,2.24977,0,-0.487531,2.30733,-0.015558,-0.484878,2.35051,0,-0.411742,2.45205,0.0455823
31.6801,2.80744,0.602763,2.65596,2.79196,0.510246,2.65822,2.93316,0.629754,2,3.04982,0.632651,2.05378,-0.48221,2.24595,0,-0.505261,2.30482,-0.0141249,-0.503803,2.34653,0,-0.430089,2.44574,0.046483
31.6901,2.80246,0.625513,2.65596,2.78682,0.533281,2.65809,2.92795,0.653524,2,3.04542,0.657077,2.05425,-0.500411,2.24197,0,-0.522965,2.30202,-0.0126951,-0.522819,2.34236,0,-0.448525,2.43923,0.0473144
31.7001,2.7974,0.647758,2.65596,2.7815,0.556286,2.65797,2.92267,0.676764,2,3.04085,0.681435,2.05473,-0.518206,2.23792,7.3098e-19,-0.540696,2.29891,-0.01131,-0.541411,2.33813,0,-0.467094,2.43247,0.048043
31.7101,2.79223,0.669703,2.65596,2.776,0.579258,2.65786,2.91726,0.699692,2,3.03608,0.705725,2.05521,-0.535763,2.23378,7.3098e-19,-0.558367,2.29549,-0.00995722,-0.559754,2.33381,0,-0.4857,2.4255,0.0486878
31.72,2.78677,0.692055,2.65596,2.77033,0.602194,2.65777,2.91156,0.723045,2,3.03113,0.729944,2.0557,-0.553644,2.22942,0,-0.575936,2.2917,-0.00862837,-0.578436,2.32925,0,-0.504298,2.41827,0.0492596
31.73,2.78115,0.714325,2.65596,2.76449,0.62509,2.65769,2.90569,0.746312,2,3.026,0.75409,2.0562,-0.57146,2.22492,-7.3098e-19,-0.593429,2.28754,-0.00733298,-0.59705,2.32455,0,-0.522913,2.41076,0.0497522
31.74,2.77533,0.736625,2.65596,2.75846,0.647944,2.65762,2.8996,0.769611,2,3.02067,0.778159,2.0567,-0.5893,2.22026,-7.3098e-19,-0.610823,2.28306,-0.00607802,-0.615689,2.31968,0,-0.541515,2.40305,0.0501645
31.7502,2.76922,0.759243,2.65596,2.7529,0.668472,2.65757,2.89323,0.793241,2,3.01572,0.799755,2.05715,-0.607394,2.21538,0,-0.626366,2.27879,-0.00498423,-0.634593,2.31458,0,-0.558207,2.39596,0.0504698
31.7602,2.76295,0.781749,2.65596,2.74847,0.684412,2.65754,2.88668,0.816756,2,3.01005,0.823674,2.05765,-0.6254,2.21036,7.3098e-19,-0.638473,2.27527,-0.00418108,-0.653405,2.30934,0,-0.576831,2.38787,0.050692
31.7702,2.75673,0.803413,2.65596,2.74003,0.713947,2.65749,2.88018,0.83939,2,3.00419,0.847512,2.05816,-0.642731,2.20539,-7.3098e-19,-0.660624,2.26861,-0.0031842,-0.671512,2.30414,0,-0.595178,2.37982,0.0504465
31.7801,2.75021,0.825475,2.65596,2.73333,0.736606,2.65746,2.87336,0.86244,2,2.99815,0.87127,2.05866,-0.66038,2.20017,0,-0.677642,2.26327,-0.00312737,-0.689952,2.29869,0,-0.613534,2.37163,0.0495918
31.7902,2.74343,0.847738,2.65596,2.72647,0.759211,2.65743,2.86628,0.885699,2,2.99192,0.894944,2.05915,-0.67819,2.19474,0,-0.694792,2.2576,-0.00318663,-0.708559,2.29302,0,-0.632034,2.3632,0.0486145
31.8002,2.73655,0.86968,2.65596,2.71944,0.781757,2.6574,2.85909,0.908623,2,2.9855,0.918533,2.05963,-0.695744,2.18924,-7.3098e-19,-0.712016,2.25165,-0.00306432,-0.726899,2.28727,0,-0.650676,2.3546,0.0477938
31.8102,2.72964,0.891126,2.65596,2.71369,0.799751,2.65737,2.85187,0.93103,2,2.98024,0.937342,2.06001,-0.712901,2.18371,0,-0.725804,2.24668,-0.00286347,-0.744824,2.2815,0,-0.665633,2.34757,0.0472251
31.8201,2.72235,0.913148,2.65596,2.70634,0.822186,2.65735,2.84426,0.954038,2,2.97349,0.960773,2.06048,-0.730518,2.17788,0,-0.743024,2.24029,-0.00258301,-0.76323,2.27541,0,-0.684343,2.33869,0.0465306
31.8302,2.71499,0.934823,2.65596,2.69883,0.844556,2.65732,2.83656,0.976684,2,2.96655,0.984115,2.06095,-0.747858,2.17199,7.3098e-19,-0.760244,2.2337,-0.00225436,-0.781347,2.26925,0,-0.703057,2.32968,0.0458782
31.84,2.70746,0.956391,2.65596,2.69114,0.866859,2.6573,2.8287,0.999218,2,2.95943,1.00737,2.0614,-0.765113,2.16597,0,-0.77761,2.22686,-0.00189305,-0.799374,2.26296,0,-0.721916,2.32047,0.0452539
31.8501,2.69965,0.978231,2.65596,2.68327,0.889092,2.65728,2.82054,1.02204,2,2.95211,1.03052,2.06185,-0.782584,2.15972,-1.46196e-18,-0.795153,2.21972,-0.00153338,-0.817628,2.25643,0,-0.740964,2.31103,0.0446218
31.8601,2.69133,1.00089,2.65596,2.67523,0.911253,2.65727,2.81185,1.04571,2,2.94461,1.05359,2.06229,-0.800712,2.15307,-7.3098e-19,-0.812745,2.21233,-0.00113758,-0.836567,2.24948,0,-0.760075,2.30142,0.0440211
31.8702,2.68348,1.02175,2.65596,2.66702,0.933338,2.65726,2.80365,1.0675,2,2.93691,1.07655,2.06273,-0.817397,2.14679,0,-0.830263,2.20464,-0.000700022,-0.853999,2.24292,0,-0.779125,2.29158,0.0434565
31.8804,2.67519,1.04326,2.65596,2.65863,0.955345,2.65726,2.79499,1.08997,2,2.92903,1.09942,2.06316,-0.834605,2.14016,-2.19294e-18,-0.847675,2.19674,-0.000227924,-0.871978,2.23599,0,-0.798082,2.28159,0.0429204
31.8901,2.66708,1.06383,2.65596,2.65007,0.977272,2.65726,2.78651,1.11147,2,2.92095,1.12218,2.06359,-0.851064,2.13366,-1.46196e-18,-0.865137,2.18856,0.000209979,-0.889174,2.22921,0,-0.817103,2.27139,0.0423439
31.9001,2.65843,1.08526,2.65596,2.64133,0.999115,2.65726,2.77748,1.13386,2,2.91101,1.14936,2.06409,-0.868207,2.12675,0,-0.88273,2.18003,0.000551322,-0.907084,2.22198,0,-0.840118,2.25878,0.0415225
31.9103,2.6495,1.10689,2.65596,2.63241,1.02087,2.65727,2.76814,1.15645,2,2.90422,1.1674,2.06442,-0.88551,2.1196,0,-0.900316,2.17132,0.000865263,-0.925163,2.21451,0,-0.855451,2.25029,0.0409557
31.9201,2.64065,1.12784,2.65596,2.62332,1.04254,2.65728,2.7589,1.17834,2,2.89557,1.18985,2.06483,-0.902272,2.11252,1.46196e-18,-0.917679,2.16248,0.00125108,-0.942676,2.20712,0,-0.874437,2.23963,0.0403067
31.9301,2.63171,1.14855,2.65596,2.61406,1.06412,2.65729,2.74956,1.19998,2,2.88674,1.21219,2.06523,-0.918836,2.10537,0,-0.934803,2.15352,0.00171265,-0.959982,2.19964,0,-0.89321,2.2289,0.0397206
31.9401,2.62233,1.16981,2.65596,2.60462,1.08561,2.65731,2.73975,1.2222,2,2.87771,1.23443,2.06562,-0.935849,2.09786,0,-0.951898,2.14454,0.00220168,-0.977756,2.1918,0,-0.91198,2.2182,0.0391514
31.9501,2.61269,1.19118,2.65596,2.59502,1.10701,2.65734,2.72968,1.24452,2,2.8685,1.25656,2.06601,-0.952945,2.09015,0,-0.969095,2.1354,0.00259525,-0.995618,2.18375,0,-0.930875,2.2074,0.03848
31.9602,2.60317,1.21185,2.65596,2.58524,1.12832,2.65736,2.71973,1.26611,2,2.85909,1.27857,2.06639,-0.969478,2.08253,0,-0.986352,2.12595,0.00287739,-1.01289,2.17579,0,-0.949855,2.19636,0.037691
31.9702,2.59339,1.23262,2.65596,2.57529,1.14953,2.65739,2.70953,1.28782,2,2.8495,1.30048,2.06677,-0.986097,2.07472,0,-1.00352,2.11639,0.00311512,-1.03025,2.16762,0,-0.968767,2.18525,0.036847
31.9801,2.58364,1.25293,2.65596,2.56823,1.16432,2.65742,2.69934,1.30904,2,2.83972,1.32228,2.06713,-1.00234,2.06692,-1.46196e-18,-1.01543,2.10965,0.00330025,-1.04723,2.15947,0,-0.987542,2.17412,0.0360184
31.9903,2.57316,1.27431,2.65596,2.55488,1.19167,2.65746,2.68839,1.33138,2,2.82975,1.34397,2.06748,-1.01945,2.05853,-1.46196e-18,-1.03709,2.09718,0.00320364,-1.0651,2.15071,0,-1.00593,2.16308,0.0347327
32.0002,2.56323,1.29419,2.65596,2.54443,1.21259,2.65749,2.67801,1.35214,2,2.8196,1.36554,2.06782,-1.03535,2.05058,0,-1.0535,2.08758,0.00252251,-1.08171,2.14241,0,-1.02411,2.15204,0.0329571
32.01,2.55274,1.31475,2.65596,2.53381,1.23342,2.65751,2.66705,1.37362,2,2.80927,1.38701,2.06814,-1.0518,2.04219,-1.46196e-18,-1.0699,2.07775,0.00174545,-1.0989,2.13364,0,-1.0423,2.14081,0.0310804
32.0202,2.54207,1.33526,2.65596,2.52303,1.25414,2.65753,2.6559,1.39505,2,2.79875,1.40836,2.06845,-1.06821,2.03366,1.46196e-18,-1.0863,2.06777,0.0011918,-1.11604,2.12472,0,-1.06056,2.1295,0.0294008
32.0303,2.53127,1.35563,2.65596,2.51209,1.27477,2.65754,2.64462,1.41633,2,2.78806,1.4296,2.06873,-1.0845,2.02502,0,-1.10255,2.05784,0.000890674,-1.13306,2.1157,0,-1.07871,2.11825,0.0279491
32.0401,2.52047,1.3756,2.65596,2.50098,1.2953,2.65754,2.63334,1.4372,2,2.77718,1.45072,2.06901,-1.10048,2.01638,1.46196e-18,-1.11875,2.04781,0.000769624,-1.14976,2.10667,0,-1.09686,2.10692,0.0266551
32.0503,2.50909,1.39625,2.65596,2.48971,1.31573,2.65755,2.62144,1.45878,2,2.76612,1.47173,2.06927,-1.117,2.00727,0,-1.13487,2.03762,0.00080562,-1.16702,2.09716,0,-1.11496,2.09547,0.0254988
32.0601,2.49808,1.41585,2.65596,2.47829,1.33605,2.65756,2.60995,1.47925,2,2.75261,1.4968,2.06956,-1.13268,1.99847,-1.46196e-18,-1.1509,2.02741,0.00094815,-1.1834,2.08796,0,-1.13664,2.08171,0.024216
32.0702,2.48663,1.43586,2.65596,2.46786,1.35426,2.65757,2.59798,1.50016,2,2.74461,1.51134,2.06973,-1.14869,1.98931,-1.46196e-18,-1.16532,2.01802,0.00107878,-1.20013,2.07839,0,-1.14929,2.07356,0.0234626
32.0801,2.47473,1.45628,2.65596,2.45613,1.37438,2.65758,2.58555,1.52149,2,2.73303,1.53202,2.06996,-1.16502,1.97979,1.46196e-18,-1.18125,2.00749,0.00121459,-1.21719,2.06844,0,-1.16732,2.06186,0.022367
32.0902,2.46337,1.47542,2.65596,2.44424,1.39441,2.65759,2.57368,1.54148,2,2.72126,1.55258,2.07018,-1.18033,1.9707,0,-1.19704,1.99688,0.00137389,-1.23319,2.05894,0,-1.1852,2.05011,0.0212896
32.1001,2.45154,1.495,2.65596,2.43219,1.41432,2.65761,2.56132,1.56194,2,2.70932,1.57302,2.07039,-1.196,1.96123,-1.46196e-18,-1.21279,1.98628,0.00153681,-1.24955,2.04905,0,-1.20305,2.03838,0.0202128
32.1102,2.43957,1.51444,2.65596,2.41998,1.43413,2.65763,2.54882,1.58225,2,2.69476,1.5974,2.07062,-1.21155,1.95166,0,-1.22857,1.97556,0.00171017,-1.2658,2.03905,0,-1.2245,2.02413,0.0189332
32.1201,2.4261,1.53593,2.65596,2.40762,1.45383,2.65764,2.53474,1.60471,2,2.6849,1.61355,2.07077,-1.22874,1.94088,1.46196e-18,-1.24434,1.9646,0.00188964,-1.28377,2.02779,0,-1.23881,2.01449,0.0180827
32.1302,2.41485,1.55355,2.65596,2.39509,1.47342,2.65766,2.52299,1.62312,2,2.67243,1.63363,2.07094,-1.24284,1.93188,-1.46196e-18,-1.26004,1.95353,0.0020315,-1.2985,2.01839,0,-1.25661,2.00236,0.016985
32.1403,2.40231,1.57288,2.65596,2.38242,1.4929,2.65768,2.50989,1.64331,2,2.65977,1.6536,2.07111,-1.2583,1.92185,1.46196e-18,-1.27554,1.94253,0.00219174,-1.31465,2.00791,0,-1.2742,1.99031,0.0159137
32.1501,2.38983,1.59178,2.65596,2.36958,1.51227,2.65771,2.49684,1.66306,2,2.64694,1.67344,2.07126,-1.27343,1.91186,-1.46196e-18,-1.29092,1.93141,0.00242247,-1.33045,1.99747,0,-1.29167,1.97817,0.0149186
32.1603,2.37695,1.61095,2.65596,2.3566,1.53153,2.65773,2.48339,1.68308,2,2.63394,1.69316,2.07141,-1.28876,1.90156,0,-1.30614,1.92027,0.00269635,-1.34647,1.98671,0,-1.30897,1.96603,0.0139735
32.1702,2.36391,1.63003,2.65596,2.3461,1.54686,2.65776,2.46976,1.70302,2,2.62341,1.70885,2.07152,-1.30402,1.89113,0,-1.31817,1.91142,0.00298614,-1.36241,1.97581,0,-1.32266,1.95641,0.0132968
32.1801,2.35102,1.64856,2.65596,2.33285,1.56592,2.65779,2.4563,1.72238,2,2.6101,1.72835,2.07164,-1.31885,1.88082,1.46196e-18,-1.333,1.90034,0.00316032,-1.37791,1.96504,0,-1.33954,1.94441,0.0122819
32.1902,2.33764,1.66748,2.65596,2.31944,1.58486,2.65782,2.44231,1.74215,2,2.59662,1.74774,2.07176,-1.33399,1.87011,0,-1.34792,1.88914,0.00324472,-1.39372,1.95385,0,-1.35644,1.93232,0.0112174
32.2003,2.32379,1.68673,2.65596,2.30589,1.6037,2.65785,2.42785,1.76226,2,2.58297,1.767,2.07187,-1.34938,1.85903,1.46196e-18,-1.36284,1.87777,0.00336514,-1.40981,1.94228,0,-1.37326,1.9201,0.0102328
32.2101,2.31057,1.70479,2.65596,2.29218,1.62242,2.65789,2.41404,1.78113,2,2.56916,1.78614,2.07197,-1.36383,1.84846,0,-1.37789,1.86629,0.00349815,-1.4249,1.93123,0,-1.39016,1.90781,0.00929672
32.2204,2.29662,1.72354,2.65596,2.27833,1.64103,2.65792,2.39946,1.80072,2,2.55517,1.80516,2.07206,-1.37883,1.8373,0,-1.39286,1.85484,0.00370939,-1.44057,1.91957,0,-1.40692,1.89557,0.00847706
32.2301,2.28309,1.74143,2.65596,2.26433,1.65952,2.65796,2.38532,1.81941,2,2.54102,1.82405,2.07214,-1.39314,1.82647,0,-1.40782,1.84332,0.00396951,-1.45553,1.90826,0,-1.42361,1.88331,0.00774626
32.2401,2.26897,1.75978,2.65596,2.25017,1.67789,2.658,2.37057,1.83858,2,2.5267,1.84282,2.07221,-1.40783,1.81517,0,-1.42267,1.83173,0.00425831,-1.47087,1.89646,0,-1.44013,1.87104,0.00708426
32.2503,2.25488,1.7778,2.65596,2.23587,1.69615,2.65804,2.35585,1.85741,2,2.51222,1.86147,2.07228,-1.42224,1.8039,1.46196e-18,-1.43752,1.82004,0.00449556,-1.48593,1.88468,0,-1.4566,1.85872,0.00641238
32.2603,2.24052,1.79586,2.65596,2.22142,1.71429,2.65809,2.34085,1.87628,2,2.49462,1.88369,2.07235,-1.43669,1.79242,1.46196e-18,-1.45236,1.80826,0.00473182,-1.50102,1.87268,0,-1.47626,1.84392,0.00566887
32.2702,2.22615,1.81365,2.65596,2.20683,1.73231,2.65814,2.32584,1.89486,2,2.48276,1.8984,2.07239,-1.45092,1.78092,-1.46196e-18,-1.46714,1.7963,0.00495169,-1.51589,1.86067,0,-1.4893,1.83397,0.0051884
32.2801,2.21146,1.83152,2.65596,2.19208,1.75022,2.65819,2.31049,1.91354,2,2.46778,1.91668,2.07244,-1.46522,1.76917,2.92392e-18,-1.4818,1.78423,0.00513537,-1.53083,1.84839,0,-1.50544,1.82151,0.00460229
32.2901,2.19691,1.84895,2.65596,2.17719,1.768,2.65824,2.29529,1.93175,2,2.45265,1.93483,2.07249,-1.47916,1.75753,-1.46196e-18,-1.4964,1.772,0.00526698,-1.5454,1.83623,0,-1.52147,1.80897,0.00401268
32.3002,2.18201,1.86652,2.65596,2.16215,1.78566,2.65829,2.27971,1.9501,2,2.43735,1.95286,2.07252,-1.49322,1.7456,1.46196e-18,-1.51096,1.75966,0.00535528,-1.56008,1.82377,0,-1.53739,1.79642,0.00343138
32.3101,2.16725,1.88364,2.65596,2.14697,1.80319,2.65835,2.2643,1.96798,2,2.4219,1.97076,2.07255,-1.50691,1.7338,0,-1.52552,1.74732,0.00542501,-1.57439,1.81144,0,-1.55327,1.78395,0.00288179
32.3203,2.15151,1.9016,2.65596,2.13164,1.8206,2.6584,2.24785,1.98675,2,2.40629,1.98854,2.07258,-1.52128,1.7212,-1.46196e-18,-1.54,1.73504,0.00550655,-1.5894,1.79828,0,-1.56902,1.77165,0.00239402
32.33,2.13678,1.91813,2.65596,2.12083,1.83272,2.65844,2.23247,2.00402,2,2.39052,2.00619,2.0726,-1.5345,1.70943,0,-1.55001,1.72637,0.00555503,-1.60322,1.78597,0,-1.58451,1.7593,0.00194612
32.3401,2.12105,1.93551,2.65596,2.10369,1.85163,2.6585,2.21603,2.02218,2,2.3778,2.02023,2.07262,-1.54841,1.69684,-1.46196e-18,-1.56539,1.71282,0.00528598,-1.61774,1.77283,0,-1.59659,1.74961,0.00127651
32.3501,2.10576,1.95213,2.65596,2.08481,1.8721,2.65856,2.20006,2.03955,2,2.36176,2.03766,2.07262,-1.5617,1.68461,0,-1.582,1.69811,0.00462051,-1.63164,1.76005,0,-1.6115,1.73761,0.000328829
32.3601,2.09005,1.96894,2.65596,2.07211,1.88565,2.6586,2.18364,2.05711,2,2.34557,2.05498,2.07262,-1.57515,1.67204,1.46196e-18,-1.593,1.68825,0.00388777,-1.64569,1.74691,0,-1.62627,1.72562,-0.000840282
32.3703,2.07379,1.98606,2.65596,2.0529,1.90582,2.65864,2.16666,2.07499,2,2.32923,2.07217,2.07261,-1.58885,1.65903,-1.46196e-18,-1.60908,1.6734,0.00254974,-1.66,1.73333,0,-1.64067,1.71372,-0.0022304
32.3802,2.05749,2.00294,2.65596,2.04483,1.91417,2.65865,2.14963,2.09263,2,2.30944,2.09265,2.07257,-1.60235,1.64599,2.92392e-18,-1.61571,1.66719,0.00198968,-1.67411,1.7197,0,-1.6577,1.69956,-0.00379176
32.3901,2.04202,2.01871,2.65596,2.02372,1.93574,2.65866,2.13346,2.10911,2,2.29279,2.10959,2.07253,-1.61497,1.63362,-1.46196e-18,-1.63276,1.65109,0.000357164,-1.68729,1.70677,0,-1.67159,1.68788,-0.00532822
32.4001,2.02611,2.03468,2.65596,2.00403,1.95546,2.65866,2.11684,2.12579,2,2.27601,2.12641,2.07246,-1.62775,1.62089,1.46196e-18,-1.64838,1.63604,-0.00148611,-1.70064,1.69347,0,-1.68539,1.67613,-0.00696646
32.41,2.00978,2.05081,2.65596,1.9908,1.96851,2.65864,2.09978,2.14265,2,2.25909,2.14311,2.07239,-1.64065,1.60782,-1.46196e-18,-1.65869,1.62599,-0.00283348,-1.71412,1.67982,0,-1.69898,1.66446,-0.00864995
32.4201,1.99304,2.06709,2.65596,1.97415,1.9847,2.6586,2.08229,2.15965,2,2.24545,2.15639,2.07231,-1.65367,1.59443,0,-1.67126,1.61336,-0.00452743,-1.72772,1.66583,0,-1.70959,1.65522,-0.0100063
32.4302,1.97647,2.08294,2.65596,1.95738,2.00077,2.65855,2.06497,2.17621,2,2.22829,2.17289,2.0722,-1.66635,1.58118,0,-1.68372,1.60052,-0.0059132,-1.74097,1.65198,0,-1.72278,1.64356,-0.0113235
32.44,1.95959,2.09882,2.65596,1.93708,2.01988,2.65847,2.04734,2.1928,2,2.20752,2.19252,2.07206,-1.67905,1.56768,1.46196e-18,-1.69893,1.58469,-0.00703971,-1.75424,1.63788,0,-1.73878,1.62931,-0.0122795
32.45,1.94334,2.11388,2.65596,1.92003,2.03566,2.6584,2.03036,2.20854,2,2.19007,2.20876,2.07194,-1.6911,1.55467,1.46196e-18,-1.7116,1.5713,-0.00793564,-1.76683,1.62429,0,-1.75205,1.61736,-0.012967
32.4601,1.92611,2.12959,2.65596,1.9063,2.04819,2.65833,2.01236,2.22495,2,2.17601,2.22166,2.07183,-1.70367,1.54089,1.46196e-18,-1.72169,1.56044,-0.00850468,-1.77996,1.60989,0,-1.76265,1.60777,-0.0133385
32.4702,1.9089,2.14503,2.65596,1.88902,2.06373,2.65824,1.99438,2.24108,2,2.15476,2.24086,2.07167,-1.71602,1.52712,1.46196e-18,-1.73409,1.54665,-0.00931459,-1.79286,1.59551,0,-1.77827,1.59325,-0.0139836
32.4801,1.89164,2.16027,2.65596,1.86812,2.08219,2.65813,1.97635,2.257,2,2.13691,2.25674,2.07153,-1.72821,1.51331,0,-1.74882,1.52977,-0.0101947,-1.8056,1.58108,0,-1.7911,1.581,-0.014325
32.4901,1.87448,2.17518,2.65596,1.85057,2.09741,2.65802,1.95841,2.27258,2,2.11894,2.27248,2.07138,-1.74014,1.49958,1.46196e-18,-1.7608,1.51547,-0.0109318,-1.81806,1.56673,0,-1.8036,1.56864,-0.0146445
32.5002,1.85675,2.19033,2.65596,1.83645,2.10949,2.65793,1.93989,2.28841,2,2.10447,2.28499,2.07126,-1.75226,1.4854,0,-1.77031,1.50391,-0.0113586,-1.83073,1.55191,0,-1.81355,1.55873,-0.0147129
32.51,1.83941,2.20491,2.65596,1.81868,2.12446,2.65781,1.92178,2.30364,2,2.08627,2.30052,2.07112,-1.76392,1.47153,-1.46196e-18,-1.7821,1.48934,-0.0118827,-1.84291,1.53742,0,-1.82588,1.54631,-0.0147544
32.5201,1.82168,2.21958,2.65596,1.80618,2.13485,2.65773,1.90325,2.31897,2,2.06795,2.31592,2.07097,-1.77567,1.45734,-1.46196e-18,-1.7904,1.47895,-0.0122548,-1.85518,1.5226,0,-1.83823,1.53371,-0.0147072
32.5301,1.80371,2.23421,2.65596,1.77919,2.15686,2.65754,1.88447,2.33426,2,2.04581,2.33423,2.07079,-1.78737,1.44296,1.46196e-18,-1.80794,1.45643,-0.01319,-1.86741,1.50758,0,-1.85268,1.51847,-0.0147666
32.5401,1.78603,2.24836,2.65596,1.76469,2.16846,2.65743,1.86601,2.34904,2,2.02722,2.34935,2.07064,-1.79869,1.42883,1.46196e-18,-1.81717,1.44432,-0.0138369,-1.87923,1.49281,0,-1.86453,1.5057,-0.0148747
32.5501,1.76702,2.26333,2.65596,1.74646,2.18283,2.65729,1.84615,2.36468,2,2.01227,2.36136,2.07052,-1.81067,1.41362,1.46196e-18,-1.82871,1.42908,-0.0147078,-1.89175,1.47692,0,-1.87394,1.49549,-0.0149916
32.5601,1.74984,2.27665,2.65596,1.72812,2.19704,2.65714,1.82819,2.37859,2,1.99347,2.37625,2.07037,-1.82132,1.39987,0,-1.84006,1.4138,-0.0153981,-1.90288,1.46255,0,-1.88553,1.48273,-0.0149094
32.5701,1.73145,2.29066,2.65596,1.70596,2.2139,2.65695,1.80899,2.39323,2,1.97076,2.39395,2.0702,-1.83253,1.38516,0,-1.85355,1.39528,-0.0157951,-1.91459,1.44719,0,-1.89924,1.46732,-0.0143148
32.5803,1.71235,2.30498,2.65596,1.69109,2.22501,2.65682,1.78902,2.40819,2,1.95553,2.40565,2.07009,-1.84398,1.36988,1.46196e-18,-1.86238,1.38293,-0.0161056,-1.92655,1.43122,0,-1.90819,1.45705,-0.0139315
32.5903,1.69362,2.31877,2.65596,1.67803,2.23465,2.65671,1.76946,2.4226,2,1.93255,2.42304,2.06992,-1.85502,1.3549,1.46196e-18,-1.87003,1.372,-0.0165484,-1.93808,1.41557,0,-1.92152,1.44145,-0.0137933
32.6,1.67607,2.33149,2.65596,1.65362,2.25236,2.65649,1.75113,2.43589,2,1.91715,2.43453,2.06981,-1.86519,1.34086,-1.46196e-18,-1.88426,1.35135,-0.0180853,-1.94871,1.4009,0,-1.93035,1.43089,-0.0140899
32.6103,1.65661,2.34536,2.65596,1.63473,2.26579,2.6563,1.73079,2.45038,2,1.89779,2.44877,2.06967,-1.87629,1.32529,0,-1.89509,1.3353,-0.0196177,-1.9603,1.38463,0,-1.94117,1.41759,-0.0146155
32.6201,1.63823,2.35823,2.65596,1.62144,2.2751,2.65616,1.71159,2.46383,2,1.88417,2.45866,2.06956,-1.88659,1.31058,1.46196e-18,-1.9028,1.3239,-0.020678,-1.97107,1.36927,0,-1.94884,1.40812,-0.0149424
32.6301,1.61956,2.37109,2.65596,1.60044,2.28956,2.65592,1.69208,2.47727,2,1.86267,2.47407,2.0694,-1.89688,1.29564,0,-1.91479,1.30602,-0.022341,-1.98182,1.35366,0,-1.96073,1.39325,-0.0154409
32.6404,1.59895,2.38504,2.65596,1.58124,2.30254,2.65569,1.67055,2.49184,2,1.84695,2.48517,2.06927,-1.90803,1.27916,-1.46196e-18,-1.92557,1.28974,-0.0237527,-1.99347,1.33644,0,-1.96925,1.3824,-0.0157271
32.6501,1.58127,2.3968,2.65596,1.56193,2.31536,2.65545,1.65208,2.50412,2,1.82324,2.50166,2.06908,-1.91744,1.26502,-1.46196e-18,-1.93652,1.27328,-0.0248045,-2.0033,1.32166,0,-1.98205,1.36593,-0.0156634
32.6601,1.56134,2.40983,2.65596,1.5464,2.32549,2.65525,1.63125,2.51774,2,1.80337,2.51525,2.06893,-1.92786,1.24907,-1.46196e-18,-1.9454,1.25993,-0.0253638,-2.01419,1.305,0,-1.99285,1.35185,-0.0151683
32.6704,1.54165,2.42247,2.65596,1.52493,2.33925,2.65496,1.61068,2.53095,2,1.78539,2.52736,2.06879,-1.93798,1.23332,0,-1.95755,1.24132,-0.0260041,-2.02476,1.28854,0,-2.00247,1.33894,-0.0146361
32.6801,1.52311,2.43417,2.65596,1.5053,2.35157,2.6547,1.59131,2.54317,2,1.76531,2.54068,2.06865,-1.94734,1.21849,1.46196e-18,-1.96825,1.22434,-0.0264939,-2.03454,1.27305,0,-2.01277,1.3245,-0.0139255
32.6903,1.5034,2.44639,2.65596,1.48557,2.36373,2.65444,1.57072,2.55594,2,1.74513,2.55385,2.06852,-1.95711,1.20272,0,-1.97909,1.20721,-0.0267443,-2.04475,1.25658,0,-2.02311,1.30982,-0.0129547
32.7003,1.48387,2.45829,2.65596,1.46572,2.37572,2.65417,1.55032,2.56837,2,1.72078,2.56946,2.06837,-1.96663,1.1871,1.46196e-18,-1.98995,1.18998,-0.0268019,-2.05469,1.24026,0,-2.0355,1.29199,-0.0115276
32.7101,1.46459,2.46982,2.65596,1.45176,2.38401,2.65398,1.53017,2.58042,2,1.70446,2.57975,2.06828,-1.97586,1.17167,1.46196e-18,-1.99753,1.17796,-0.0267283,-2.06434,1.22414,0,-2.04372,1.28006,-0.0104349
32.7203,1.44439,2.48169,2.65596,1.42571,2.39917,2.65363,1.50907,2.59282,2,1.68398,2.59247,2.06818,-1.98535,1.15551,1.46196e-18,-2.01132,1.15574,-0.0267311,-2.07425,1.20726,0,-2.05365,1.26517,-0.00927517
32.7301,1.42476,2.49301,2.65596,1.40554,2.41065,2.65336,1.48856,2.60465,2,1.66339,2.60505,2.0681,-1.99441,1.13981,0,-2.02157,1.13891,-0.0269767,-2.08372,1.19085,0,-2.06323,1.25041,-0.00829709
32.7402,1.40494,2.50423,2.65596,1.38527,2.42195,2.65309,1.46785,2.61637,2,1.64271,2.61748,2.06802,-2.00339,1.12395,0,-2.03177,1.12204,-0.0272252,-2.0931,1.17428,0,-2.07274,1.2355,-0.00733401
32.7501,1.38437,2.51566,2.65596,1.36491,2.43309,2.65282,1.44637,2.62831,2,1.62194,2.62976,2.06795,-2.01253,1.1075,0,-2.04178,1.1051,-0.0272038,-2.10265,1.15709,0,-2.08209,1.22043,-0.00613626
32.7601,1.36439,2.52656,2.65596,1.35059,2.44078,2.65263,1.42549,2.6397,2,1.60107,2.64189,2.0679,-2.02125,1.09151,0,-2.04873,1.09318,-0.0270712,-2.11176,1.14039,0,-2.09134,1.20518,-0.00476439
32.7702,1.34368,2.53763,2.65596,1.32387,2.45485,2.65228,1.40385,2.65126,2,1.58011,2.65386,2.06785,-2.0301,1.07495,0,-2.06135,1.07118,-0.0268929,-2.12101,1.12308,0,-2.10038,1.18992,-0.00357038
32.7802,1.32361,2.54816,2.65596,1.30321,2.46548,2.65201,1.38289,2.66226,2,1.55906,2.66569,2.06782,-2.03852,1.05889,0,-2.07086,1.05436,-0.027109,-2.12981,1.10631,0,-2.10921,1.17463,-0.00268609
32.7903,1.30281,2.55885,2.65596,1.28246,2.47594,2.65174,1.36115,2.67344,2,1.53793,2.67736,2.0678,-2.04708,1.04225,0,-2.08013,1.03769,-0.0272221,-2.13875,1.08892,0,-2.1178,1.15937,-0.00173031
32.8003,1.28237,2.56916,2.65596,1.26787,2.48316,2.65155,1.33979,2.6842,2,1.51671,2.68887,2.06779,-2.05533,1.0259,0,-2.0865,1.02603,-0.0271223,-2.14736,1.07184,0,-2.12623,1.14404,-0.000532225
32.8101,1.26217,2.57914,2.65596,1.24697,2.49334,2.65128,1.31868,2.69464,2,1.4954,2.70024,2.06779,-2.06332,1.00973,0,-2.09531,1.00943,-0.0269628,-2.15571,1.05495,0,-2.13439,1.12864,0.000421984
32.8202,1.24157,2.58912,2.65596,1.22597,2.50335,2.65101,1.29717,2.70506,2,1.47402,2.71144,2.0678,-2.0713,0.993255,-1.46196e-18,-2.10402,0.992841,-0.027122,-2.16405,1.03773,0,-2.14252,1.11306,0.00126396
32.8301,1.22084,2.59896,2.65596,1.19854,2.51612,2.65066,1.27551,2.71534,2,1.45256,2.7225,2.06782,-2.07917,0.976674,0,-2.1152,0.971193,-0.0269487,-2.17227,1.02041,0,-2.15044,1.09739,0.00238051
32.8401,1.19989,2.6087,2.65596,1.17735,2.52574,2.65039,1.25362,2.72552,2,1.43101,2.73339,2.06785,-2.08696,0.959909,0,-2.12358,0.954627,-0.0266876,-2.18041,1.00289,0,-2.15818,1.08166,0.00352737
32.8502,1.17889,2.61826,2.65596,1.15607,2.53521,2.65012,1.23168,2.7355,2,1.40939,2.74413,2.06789,-2.09461,0.943111,0,-2.13194,0.937955,-0.026471,-2.1884,0.985343,0,-2.16597,1.06571,0.0045631
32.8601,1.15823,2.62746,2.65596,1.13471,2.5445,2.64986,1.21009,2.74512,2,1.38769,2.75471,2.06794,-2.10197,0.926581,-1.46196e-18,-2.14025,0.921221,-0.0260968,-2.1961,0.968073,0,-2.17382,1.04961,0.00568829
32.8703,1.13674,2.63683,2.65596,1.11541,2.55273,2.64963,1.18765,2.7549,2,1.3681,2.76409,2.06799,-2.10946,0.909396,0,-2.14766,0.906038,-0.0256086,-2.20392,0.950118,0,-2.18085,1.03491,0.00680029
32.8803,1.11585,2.64574,2.65596,1.10036,2.55903,2.64945,1.16582,2.76421,2,1.34625,2.77435,2.06807,-2.11659,0.892683,0,-2.15336,0.894129,-0.0251615,-2.21137,0.932657,0,-2.18865,1.01828,0.0080666
32.8902,1.09466,2.65458,2.65596,1.0723,2.57051,2.64913,1.14367,2.77345,2,1.32432,2.78445,2.06815,-2.12366,0.875724,0,-2.16358,0.872071,-0.0246962,-2.21876,0.914939,0,-2.19614,1.0017,0.00891692
32.9003,1.07305,2.66339,2.65596,1.05063,2.57914,2.64888,1.1211,2.78265,2,1.30233,2.79439,2.06825,-2.13071,0.858436,0,-2.17107,0.85545,-0.024687,-2.22612,0.896877,0,-2.20332,0.985324,0.00947773
32.9101,1.05254,2.67156,2.65596,1.02888,2.58761,2.64863,1.09967,2.79119,2,1.28026,2.80416,2.06834,-2.13724,0.842031,0,-2.17862,0.838648,-0.0246916,-2.23295,0.879736,0,-2.21059,0.968667,0.00997832
32.9201,1.03106,2.67992,2.65596,1.00705,2.59592,2.64839,1.07723,2.79992,2,1.25812,2.81376,2.06845,-2.14394,0.824847,0,-2.18606,0.821787,-0.0243952,-2.23994,0.861783,0,-2.21783,0.95185,0.0107081
32.9302,1.00905,2.68828,2.65596,0.985158,2.60405,2.64815,1.05423,2.80866,2,1.2359,2.82319,2.06856,-2.15063,0.807237,7.3098e-19,-2.19324,0.804836,-0.0238138,-2.24693,0.843385,0,-2.22488,0.934852,0.0116563
32.9401,0.986857,2.69651,2.65596,0.969788,2.60964,2.64798,1.03105,2.81726,2,1.21362,2.83246,2.06868,-2.15721,0.789485,7.3098e-19,-2.19817,0.792944,-0.0232625,-2.25381,0.824838,0,-2.23186,0.917695,0.0127639
32.9501,0.966002,2.70405,2.65596,0.941153,2.61981,2.64769,1.00926,2.82514,2,1.19127,2.84155,2.06881,-2.16324,0.772801,0,-2.20705,0.77075,-0.0224359,-2.26011,0.807407,0,-2.23864,0.900425,0.0135885
32.9601,0.944407,2.71167,2.65596,0.91905,2.62743,2.64746,0.986697,2.8331,2,1.16885,2.85047,2.06895,-2.16933,0.755526,1.46196e-18,-2.21365,0.753839,-0.0222045,-2.26648,0.789358,0,-2.24524,0.883253,0.0140462
32.9704,0.922183,2.71931,2.65596,0.89688,2.63488,2.64724,0.963478,2.84108,2,1.14636,2.85921,2.06909,-2.17545,0.737747,0,-2.22032,0.736707,-0.0220599,-2.27286,0.770783,0,-2.25196,0.865799,0.014379
32.9802,0.900835,2.72645,2.65596,0.874644,2.64216,2.64702,0.941174,2.84854,2,1.12381,2.86778,2.06924,-2.18116,0.720668,7.3098e-19,-2.22689,0.719368,-0.0216893,-2.27883,0.752939,0,-2.25865,0.848066,0.0148683
32.99,0.879,2.73357,2.65596,0.852343,2.64927,2.64681,0.918361,2.85598,2,1.10119,2.87617,2.06939,-2.18686,0.7032,-7.3098e-19,-2.23326,0.701966,-0.0210776,-2.28478,0.734689,0,-2.26523,0.8302,0.0155375
33.0001,0.857623,2.74035,2.65596,0.836695,2.65414,2.64666,0.896027,2.86306,2,1.0785,2.88438,2.06955,-2.19228,0.686098,-7.3098e-19,-2.2376,0.689749,-0.0205094,-2.29045,0.716821,0,-2.27165,0.812246,0.0163912
33.0103,0.835151,2.74728,2.65596,0.807555,2.66296,2.6464,0.872549,2.87031,2,1.05575,2.89242,2.06972,-2.19783,0.668121,7.3098e-19,-2.24542,0.667138,-0.0194712,-2.29625,0.698039,0,-2.27799,0.794256,0.0170901
33.0202,0.813262,2.75384,2.65596,0.785071,2.66954,2.64621,0.849679,2.87716,2,1.03294,2.90027,2.06989,-2.20307,0.65061,0,-2.2512,0.649715,-0.0190886,-2.30173,0.679744,0,-2.28413,0.776212,0.0173913
33.0301,0.791523,2.76017,2.65596,0.762531,2.67595,2.64602,0.826966,2.88377,2,1.01007,2.90794,2.07007,-2.20814,0.633218,0,-2.25683,0.632171,-0.0187326,-2.30702,0.661573,0,-2.29018,0.758015,0.0176254
33.0401,0.769,2.76653,2.65596,0.739935,2.68219,2.64584,0.803436,2.89041,2,0.98714,2.91543,2.07025,-2.21322,0.6152,-7.3098e-19,-2.26234,0.614578,-0.0181765,-2.31233,0.642749,0,-2.29619,0.739718,0.0179945
33.0504,0.746621,2.77265,2.65596,0.712749,2.68944,2.64562,0.780054,2.89681,2,0.964149,2.92273,2.07043,-2.21812,0.597297,0,-2.26859,0.593471,-0.017217,-2.31745,0.624043,0,-2.30201,0.721369,0.0185218
33.0601,0.724496,2.77852,2.65596,0.694585,2.69413,2.64549,0.756939,2.90294,2,0.9411,2.92986,2.07061,-2.22281,0.579597,0,-2.27252,0.579486,-0.0167961,-2.32235,0.605551,0,-2.30762,0.703073,0.0188283
33.0701,0.70195,2.7843,2.65596,0.676389,2.69871,2.64536,0.733383,2.90898,2,0.922622,2.93542,2.07077,-2.22744,0.56156,-7.3098e-19,-2.27635,0.565423,-0.0164541,-2.32718,0.586707,0,-2.31207,0.688352,0.0188819
33.0801,0.680159,2.7897,2.65596,0.653602,2.70427,2.64519,0.710616,2.91462,2,0.899473,2.94221,2.07095,-2.23176,0.544127,0,-2.28108,0.547595,-0.0161565,-2.3317,0.568493,0,-2.31766,0.669687,0.0187725
33.0901,0.658147,2.79498,2.65596,0.630768,2.70966,2.64503,0.687619,2.92013,2,0.876269,2.94882,2.07114,-2.23598,0.526518,-7.3098e-19,-2.2857,0.529548,-0.0157107,-2.33611,0.550095,0,-2.32315,0.650786,0.0187959
33.1001,0.63568,2.80017,2.65596,0.607889,2.71486,2.64488,0.664146,2.92556,2,0.853011,2.95523,2.07133,-2.24014,0.508544,-7.3098e-19,-2.29008,0.511329,-0.015047,-2.34045,0.531317,0,-2.3284,0.631679,0.0190146
33.11,0.613481,2.80512,2.65596,0.584966,2.71988,2.64473,0.640952,2.93073,2,0.8297,2.96145,2.07152,-2.24409,0.490785,0,-2.29445,0.492863,-0.0143022,-2.34458,0.512762,0,-2.33368,0.612274,0.0192726
33.1201,0.590353,2.81008,2.65596,0.566596,2.72377,2.64462,0.616789,2.93591,2,0.806337,2.96747,2.07172,-2.24806,0.472283,0,-2.29789,0.477975,-0.0136764,-2.34873,0.493431,0,-2.33889,0.592676,0.0195416
33.1301,0.568225,2.81464,2.65596,0.538993,2.72937,2.64446,0.593669,2.94067,2,0.782924,2.9733,2.07191,-2.25171,0.45458,7.3098e-19,-2.30258,0.455718,-0.0126935,-2.35254,0.474936,0,-2.34373,0.573134,0.0197994
33.1401,0.545927,2.81904,2.65596,0.515949,2.73383,2.64434,0.570373,2.94528,2,0.759463,2.97894,2.07211,-2.25524,0.436741,0,-2.30621,0.437247,-0.0122343,-2.35622,0.456298,0,-2.34834,0.553613,0.0196809
33.1501,0.523039,2.82338,2.65596,0.492869,2.73811,2.64422,0.546461,2.94981,2,0.735958,2.98437,2.07231,-2.2587,0.418431,7.3098e-19,-2.30966,0.418637,-0.0118776,-2.35985,0.437169,0,-2.3528,0.53392,0.0194257
33.1601,0.500748,2.82742,2.65596,0.469756,2.74221,2.6441,0.523171,2.95403,2,0.712408,2.98961,2.0725,-2.26194,0.400599,0,-2.31296,0.399932,-0.0113143,-2.36322,0.418537,0,-2.35717,0.514093,0.0193304
33.1701,0.4779,2.83137,2.65596,0.44661,2.74611,2.64399,0.4993,2.95816,2,0.688814,2.99465,2.07269,-2.2651,0.38232,0,-2.31616,0.381156,-0.0106098,-2.36653,0.39944,0,-2.36148,0.494151,0.0193352
33.18,0.455477,2.83506,2.65596,0.423434,2.74983,2.64389,0.475873,2.96202,2,0.665179,2.9995,2.07289,-2.26805,0.364382,0,-2.31909,0.362366,-0.0097098,-2.36961,0.380699,0,-2.36556,0.474143,0.0194927
33.1901,0.432968,2.83859,2.65596,0.400229,2.75336,2.6438,0.452356,2.9657,2,0.641504,3.00414,2.07308,-2.27087,0.346375,-3.6549e-19,-2.3218,0.343472,-0.0086612,-2.37256,0.361885,0,-2.36945,0.453984,0.019755
33.2001,0.408946,2.84215,2.65596,0.376999,2.7567,2.64372,0.427258,2.96942,2,0.617791,3.00858,2.07328,-2.27372,0.327156,3.6549e-19,-2.32429,0.324496,-0.00747507,-2.37554,0.341806,0,-2.37316,0.433699,0.0201134
33.2101,0.387505,2.84515,2.65596,0.353744,2.75985,2.64365,0.404857,2.97256,2,0.594041,3.01281,2.07349,-2.27612,0.310004,-3.6549e-19,-2.32671,0.305497,-0.0062396,-2.37805,0.323886,0,-2.37684,0.413349,0.0204821
33.2201,0.364315,2.84821,2.65596,0.330465,2.76281,2.64359,0.380629,2.97576,2,0.570254,3.01684,2.07369,-2.27857,0.291452,0,-2.32895,0.286504,-0.00499041,-2.3806,0.304503,0,-2.38036,0.392963,0.0208312
33.23,0.341898,2.85099,2.65596,0.307166,2.76558,2.64355,0.357208,2.97866,2,0.546434,3.02067,2.0739,-2.28079,0.273518,0,-2.33092,0.267714,-0.00368896,-2.38293,0.285766,0,-2.38364,0.372738,0.0211964
33.2401,0.319068,2.85364,2.65596,0.283847,2.76816,2.64352,0.333355,2.98142,2,0.522582,3.0243,2.07412,-2.28291,0.255254,0,-2.33276,0.248922,-0.00241535,-2.38514,0.266684,0,-2.38682,0.352464,0.0214936
33.25,0.296215,2.8561,2.65596,0.260511,2.77056,2.6435,0.309479,2.98399,2,0.498699,3.02772,2.07433,-2.28488,0.236972,-3.6549e-19,-2.3344,0.230113,-0.0011724,-2.3872,0.247583,0,-2.38983,0.332134,0.0217264
33.2601,0.273172,2.8584,2.65596,0.23716,2.77277,2.6435,0.285404,2.98639,2,0.474786,3.03094,2.07455,-2.28672,0.218537,0,-2.33589,0.211463,7.65644e-05,-2.38911,0.228323,0,-2.39271,0.311929,0.0219355
33.2701,0.250042,2.86051,2.65596,0.213794,2.77479,2.6435,0.261238,2.9886,2,0.450845,3.03396,2.07477,-2.28841,0.200033,0,-2.3371,0.192881,0.00136582,-2.39088,0.208991,0,-2.39533,0.291757,0.0221559
33.2801,0.227246,2.86241,2.65596,0.190419,2.77662,2.64352,0.237422,2.99059,2,0.42688,3.03678,2.07499,-2.28993,0.181797,-1.82745e-19,-2.33799,0.174415,0.0027281,-2.39247,0.189938,0,-2.39764,0.271672,0.0224235
33.29,0.204746,2.86411,2.65596,0.167035,2.77828,2.64356,0.213914,2.99236,2,0.402893,3.03939,2.07522,-2.29129,0.163797,0,-2.3387,0.155989,0.00405404,-2.39389,0.171132,0,-2.39978,0.251603,0.0226352
33.3001,0.180089,2.86577,2.65596,0.148324,2.77946,2.64359,0.188154,2.99409,2,0.378885,3.04181,2.07545,-2.29261,0.144071,0,-2.33919,0.141273,0.00510238,-2.39528,0.150523,0,-2.4018,0.231555,0.0228157
33.3101,0.158612,2.86704,2.65596,0.12025,2.78103,2.64366,0.165714,2.99542,2,0.354857,3.04402,2.07568,-2.29363,0.126889,0,-2.33974,0.119349,0.00641835,-2.39634,0.132571,0,-2.40366,0.21164,0.0227484
33.3201,0.135604,2.86822,2.65596,0.0968508,2.78213,2.64373,0.141676,2.99665,2,0.330812,3.04604,2.0759,-2.29457,0.108483,0,-2.34,0.10131,0.00704978,-2.39732,0.113341,0,-2.40529,0.191954,0.022277
33.3301,0.112529,2.86921,2.65596,0.0734501,2.78305,2.6438,0.117568,2.9977,2,0.306752,3.04786,2.07612,-2.29537,0.0900228,9.13725e-20,-2.34016,0.0832001,0.00752665,-2.39816,0.094054,0,-2.40679,0.172202,0.0216586
33.3401,0.089618,2.87002,2.65596,0.0547287,2.78366,2.64387,0.0936311,2.99854,2,0.282677,3.04948,2.07633,-2.29602,0.0716944,9.13725e-20,-2.34017,0.0686914,0.00798791,-2.39883,0.0749048,0,-2.40814,0.152408,0.0211324
33.3503,0.0658094,2.87067,2.65596,0.0266483,2.78435,2.64397,0.0687563,2.99921,2,0.25859,3.05091,2.07654,-2.29653,0.0526475,0,-2.33984,0.0469183,0.00866175,-2.39937,0.0550051,0,-2.40916,0.132615,0.0205806
33.3601,0.0434255,2.87109,2.65596,0.00793067,2.78467,2.64404,0.04537,2.99966,2,0.234494,3.05214,2.07675,-2.29687,0.0347404,0,-2.33953,0.0323752,0.00892929,-2.39973,0.036296,0,-2.41004,0.112785,0.0197989
33.3701,0.020632,2.87135,2.65596,-0.0201395,2.78493,2.64415,0.0215558,2.99992,2,0.210391,3.05317,2.07694,-2.29708,0.0165056,2.28431e-20,-2.33878,0.0103801,0.00908638,-2.39994,0.0172447,0,-2.41063,0.0928271,0.0188716
33.3801,-0.00248829,2.87142,2.65596,-0.0435238,2.78494,2.64424,-0.00259971,3,2,0.186282,3.05399,2.07712,-2.29713,-0.00199063,2.85539e-21,-2.33807,-0.00803986,0.00893579,-2.4,-0.00207977,0,-2.41112,0.0728107,0.0176928
33.3901,-0.025061,2.87131,2.65596,-0.0669004,2.78477,2.64432,-0.0261832,2.99989,2,0.162169,3.05462,2.07729,-2.29705,-0.0200488,2.28431e-20,-2.33721,-0.0264792,0.00873471,-2.39991,-0.0209466,0,-2.41142,0.0527829,0.0164777
33.4001,-0.0482928,2.87101,2.65596,-0.0902669,2.78441,2.64441,-0.0504553,2.99958,2,0.142877,3.05498,2.07742,-2.29681,-0.0386342,0,-2.33607,-0.045094,0.00877154,-2.39966,-0.0403643,0,-2.41142,0.0366252,0.0156862
33.4101,-0.0711382,2.87054,2.65596,-0.113622,2.78387,2.6445,-0.0743238,2.99908,2,0.113941,3.05527,2.0776,-2.29643,-0.0569106,0,-2.33497,-0.063888,0.00889252,-2.39926,-0.059459,0,-2.41139,0.0121817,0.0146328
33.4201,-0.0939631,2.86988,2.65596,-0.136966,2.78313,2.64459,-0.0981708,2.99839,2,0.0898266,3.05529,2.07775,-2.29591,-0.0751705,0,-2.33395,-0.0827667,0.00904899,-2.39871,-0.0785366,0,-2.41141,-0.00829109,0.0138175
33.4301,-0.117121,2.86903,2.65596,-0.160301,2.78221,2.64468,-0.122366,2.9975,2,0.0657129,3.05511,2.07788,-2.29522,-0.0936969,0,-2.33288,-0.101699,0.00921056,-2.398,-0.0978926,0,-2.4113,-0.0288094,0.0130332
33.4401,-0.140121,2.868,2.65596,-0.183624,2.7811,2.64477,-0.146396,2.99643,2,0.0416011,3.05472,2.07801,-2.2944,-0.112097,1.82745e-19,-2.33171,-0.12075,0.00936342,-2.39714,-0.117117,0,-2.41104,-0.0494431,0.0122604
33.4501,-0.163329,2.86677,2.65596,-0.202274,2.78007,2.64485,-0.170642,2.99514,2,0.0174922,3.05412,2.07813,-2.29342,-0.130663,0,-2.33076,-0.136051,0.00949245,-2.39611,-0.136514,0,-2.41072,-0.0701613,0.0115131
33.46,-0.186012,2.86539,2.65596,-0.225575,2.77861,2.64495,-0.194341,2.9937,2,-0.00661277,3.05331,2.07824,-2.29231,-0.148809,1.82745e-19,-2.3295,-0.155267,0.00954734,-2.39496,-0.155473,0,-2.41023,-0.0909521,0.0106459
33.47,-0.208473,2.86384,2.65596,-0.253518,2.77661,2.64506,-0.217808,2.99208,2,-0.0307109,3.0523,2.07834,-2.29107,-0.166778,1.82745e-19,-2.32763,-0.178264,0.00951784,-2.39367,-0.174247,0,-2.40936,-0.111655,0.00979077
33.4801,-0.231645,2.86206,2.65596,-0.276785,2.77473,2.64515,-0.242018,2.99022,2,-0.0547985,3.05108,2.07843,-2.28965,-0.185316,0,-2.32569,-0.197132,0.00923098,-2.39218,-0.193614,0,-2.40803,-0.132042,0.00871432
33.49,-0.254132,2.86015,2.65596,-0.300031,2.77267,2.64524,-0.265512,2.98823,2,-0.0788706,3.04966,2.07851,-2.28812,-0.203306,0,-2.32341,-0.215816,0.00879416,-2.39058,-0.21241,0,-2.40634,-0.15224,0.00750068
33.5001,-0.27745,2.85798,2.65596,-0.323253,2.77042,2.64533,-0.289874,2.98596,2,-0.102925,3.04803,2.07858,-2.28639,-0.22196,-3.6549e-19,-2.321,-0.234551,0.008463,-2.38877,-0.231899,0,-2.4045,-0.172488,0.00640238
33.5102,-0.300693,2.85563,2.65596,-0.346451,2.76798,2.64541,-0.314158,2.98351,2,-0.12696,3.04621,2.07864,-2.28451,-0.240554,0,-2.31857,-0.253343,0.00826221,-2.3868,-0.251326,0,-2.40258,-0.192772,0.00546404
33.5201,-0.323172,2.85318,2.65596,-0.358041,2.76669,2.64545,-0.337643,2.98094,2,-0.146174,3.0446,2.07868,-2.28254,-0.258538,0,-2.31731,-0.262747,0.00822052,-2.38475,-0.270115,0,-2.40091,-0.209003,0.00483788
33.5303,-0.34635,2.85045,2.65596,-0.388143,2.76311,2.64556,-0.361859,2.9781,2,-0.170172,3.04241,2.07873,-2.28036,-0.27708,0,-2.31376,-0.287104,0.00774115,-2.38248,-0.289488,0,-2.39852,-0.229156,0.00370226
33.5402,-0.36931,2.84757,2.65596,-0.404332,2.76106,2.64561,-0.385848,2.97508,2,-0.194143,3.04002,2.07876,-2.27806,-0.295448,3.6549e-19,-2.31161,-0.300036,0.0071958,-2.38007,-0.308678,0,-2.39563,-0.24893,0.00225881
33.5502,-0.391981,2.84454,2.65596,-0.434355,2.75701,2.6457,-0.409533,2.97192,2,-0.218083,3.03743,2.07877,-2.27563,-0.313584,3.6549e-19,-2.30715,-0.323518,0.00581165,-2.37753,-0.327627,0,-2.39234,-0.26828,0.000635106
33.5601,-0.414627,2.84133,2.65596,-0.457409,2.75368,2.64575,-0.433194,2.96856,2,-0.24199,3.03465,2.07877,-2.27306,-0.331702,0,-2.30375,-0.341521,0.00451427,-2.37485,-0.346555,0,-2.389,-0.287545,-0.00112868
33.5703,-0.437535,2.83789,2.65596,-0.48503,2.74945,2.6458,-0.457128,2.96497,2,-0.265863,3.03168,2.07875,-2.27031,-0.350028,-3.6549e-19,-2.29967,-0.363137,0.00320702,-2.37197,-0.365702,0,-2.38557,-0.306756,-0.00266093
33.5801,-0.459694,2.83438,2.65596,-0.501119,2.74687,2.64582,-0.480279,2.96131,2,-0.287319,3.02884,2.07872,-2.26751,-0.367755,-3.6549e-19,-2.29723,-0.375776,0.00242127,-2.36904,-0.384223,0,-2.38238,-0.324077,-0.00397514
33.5902,-0.483165,2.83048,2.65596,-0.524073,2.74302,2.64583,-0.504801,2.95722,2,-0.311124,3.02551,2.07867,-2.26438,-0.386532,0,-2.29349,-0.393764,0.000914162,-2.36578,-0.403841,0,-2.37854,-0.343223,-0.00584691
33.6001,-0.505184,2.82663,2.65596,-0.546989,2.73899,2.64583,-0.527806,2.95321,2,-0.334891,3.02198,2.0786,-2.2613,-0.404147,-7.3098e-19,-2.28987,-0.411953,-0.000438807,-2.36256,-0.422244,0,-2.37479,-0.362514,-0.00752468
33.6101,-0.527787,2.8225,2.65596,-0.569871,2.73478,2.64582,-0.551421,2.94889,2,-0.35862,3.01826,2.07852,-2.258,-0.42223,0,-2.28644,-0.430302,-0.0015284,-2.35911,-0.441137,0,-2.37112,-0.381913,-0.00888206
33.6204,-0.550652,2.81813,2.65596,-0.592719,2.73038,2.6458,-0.57531,2.94432,2,-0.382314,3.01434,2.07843,-2.2545,-0.440522,0,-2.28324,-0.448922,-0.00243119,-2.35546,-0.460248,0,-2.36761,-0.401567,-0.010019
33.6301,-0.572868,2.81369,2.65596,-0.615536,2.7258,2.64578,-0.59852,2.93969,2,-0.405973,3.01022,2.07832,-2.25095,-0.458294,7.3098e-19,-2.28021,-0.467729,-0.00311435,-2.35175,-0.478816,0,-2.36422,-0.421397,-0.0109141
33.6401,-0.595437,2.809,2.65596,-0.638323,2.72103,2.64574,-0.6221,2.93479,2,-0.429598,3.00591,2.07821,-2.2472,-0.47635,0,-2.27721,-0.486573,-0.0035364,-2.34783,-0.49768,0,-2.3608,-0.441251,-0.0115278
33.6501,-0.617557,2.80422,2.65596,-0.66108,2.71607,2.64571,-0.645211,2.9298,2,-0.453188,3.0014,2.07809,-2.24338,-0.494046,0,-2.27408,-0.5053,-0.00372836,-2.34384,-0.516169,0,-2.35722,-0.460984,-0.011901
33.66,-0.640049,2.79918,2.65596,-0.683805,2.71092,2.64567,-0.66871,2.92452,2,-0.476742,2.99669,2.07797,-2.23934,-0.512039,7.3098e-19,-2.2708,-0.523943,-0.00377524,-2.33962,-0.534968,0,-2.35347,-0.480637,-0.0121269
33.6701,-0.662916,2.79385,2.65596,-0.706496,2.70559,2.64563,-0.692601,2.91896,2,-0.500258,2.99179,2.07785,-2.23508,-0.530333,0,-2.26757,-0.542566,-0.00379355,-2.33516,-0.554081,0,-2.34975,-0.500264,-0.012321
33.6801,-0.685106,2.78849,2.65596,-0.729156,2.70007,2.64559,-0.715784,2.91336,2,-0.523737,2.98669,2.07773,-2.23079,-0.548085,0,-2.26435,-0.561215,-0.00378758,-2.33069,-0.572627,0,-2.34603,-0.519905,-0.012486
33.6902,-0.707287,2.78295,2.65596,-0.751782,2.69437,2.64556,-0.738959,2.90757,2,-0.547177,2.98139,2.0776,-2.22636,-0.565829,-7.3098e-19,-2.26087,-0.579794,-0.00372928,-2.32605,-0.591167,0,-2.34206,-0.539461,-0.012593
33.7004,-0.730075,2.77706,2.65596,-0.774373,2.68848,2.64552,-0.762767,2.90141,2,-0.570577,2.9759,2.07747,-2.22164,-0.58406,0,-2.25719,-0.598117,-0.0035977,-2.32113,-0.610214,0,-2.33788,-0.558752,-0.0126287
33.7101,-0.751565,2.77132,2.65596,-0.796926,2.6824,2.64548,-0.785219,2.89542,2,-0.593935,2.97021,2.07735,-2.21705,-0.601252,0,-2.2535,-0.616495,-0.00348581,-2.31633,-0.628176,0,-2.33371,-0.578091,-0.0126896
33.7201,-0.7737,2.76522,2.65596,-0.814942,2.67741,2.64546,-0.808345,2.88904,2,-0.612591,2.96553,2.07725,-2.21218,-0.61896,-7.3098e-19,-2.25051,-0.631174,-0.00340795,-2.31124,-0.646676,0,-2.33034,-0.593523,-0.0127483
33.7301,-0.795439,2.75904,2.65596,-0.837428,2.67101,2.64542,-0.831059,2.88259,2,-0.635873,2.9595,2.07712,-2.20724,-0.636351,7.3098e-19,-2.24652,-0.649244,-0.00330055,-2.30607,-0.664847,0,-2.32592,-0.612509,-0.0128102
33.7401,-0.817526,2.75258,2.65596,-0.859872,2.66443,2.64539,-0.854134,2.87584,2,-0.659109,2.95328,2.07699,-2.20206,-0.654021,0,-2.24233,-0.667338,-0.00318107,-2.30067,-0.683308,0,-2.32129,-0.631479,-0.0128471
33.7501,-0.839653,2.74591,2.65596,-0.882274,2.65766,2.64536,-0.877252,2.86887,2,-0.682299,2.94687,2.07686,-2.19673,-0.671723,0,-2.2381,-0.685464,-0.00306752,-2.2951,-0.701802,0,-2.31663,-0.650424,-0.0128679
33.7601,-0.861447,2.73915,2.65596,-0.904634,2.65072,2.64533,-0.900022,2.86181,2,-0.705441,2.94027,2.07673,-2.19132,-0.689158,0,-2.23378,-0.703794,-0.00303141,-2.28945,-0.720018,0,-2.31191,-0.669523,-0.012951
33.7701,-0.883371,2.73216,2.65596,-0.92472,2.64431,2.6453,-0.922928,2.85451,2,-0.72623,2.93416,2.07662,-2.18573,-0.706697,-7.3098e-19,-2.22991,-0.720413,-0.00305738,-2.2836,-0.738342,0,-2.30771,-0.686797,-0.0130766
33.7801,-0.905706,2.72484,2.65596,-0.942545,2.63849,2.64528,-0.946263,2.84686,2,-0.749283,2.9272,2.07648,-2.17987,-0.724565,0,-2.22636,-0.735198,-0.0031043,-2.27748,-0.75701,0,-2.30289,-0.705958,-0.0132356
33.7901,-0.927532,2.71749,2.65596,-0.969228,2.62953,2.64524,-0.969066,2.83917,2,-0.772287,2.92005,2.07635,-2.17399,-0.742025,0,-2.22072,-0.757286,-0.00320041,-2.27134,-0.775253,0,-2.29787,-0.724997,-0.0134194
33.8001,-0.949069,2.71004,2.65596,-0.991411,2.62187,2.64521,-0.991568,2.83139,2,-0.79524,2.9127,2.07621,-2.16803,-0.759255,-7.3098e-19,-2.21579,-0.775598,-0.0036125,-2.26512,-0.793254,0,-2.29266,-0.743878,-0.0138984
33.8102,-0.971445,2.7021,2.65596,-1.01354,2.61402,2.64517,-1.01495,2.8231,2,-0.81814,2.90517,2.07607,-2.16168,-0.777156,0,-2.21069,-0.793842,-0.00423599,-2.25848,-0.811957,0,-2.28731,-0.762635,-0.01458
33.8201,-0.992821,2.69432,2.65596,-1.03121,2.60761,2.64513,-1.03728,2.81497,2,-0.840986,2.89745,2.07592,-2.15546,-0.794257,0,-2.20647,-0.808435,-0.00460677,-2.25198,-0.829823,0,-2.28184,-0.781378,-0.0151017
33.8301,-1.01368,2.68654,2.65596,-1.04664,2.60191,2.6451,-1.05907,2.80684,2,-0.863776,2.88954,2.07577,-2.14923,-0.810944,-1.46196e-18,-2.20267,-0.821309,-0.00488997,-2.24547,-0.847257,0,-2.27627,-0.800259,-0.0156118
33.8402,-1.03543,2.67823,2.65596,-1.07743,2.59023,2.64503,-1.0818,2.79816,2,-0.88424,2.88226,2.07563,-2.14259,-0.828345,-7.3098e-19,-2.1948,-0.847054,-0.00551494,-2.23853,-0.865437,0,-2.27112,-0.817148,-0.0160688
33.8501,-1.05653,2.66998,2.65596,-1.10372,2.57993,2.64495,-1.10384,2.78954,2,-0.906922,2.874,2.07546,-2.13598,-0.845223,1.46196e-18,-2.18776,-0.869026,-0.00629702,-2.23163,-0.883071,0,-2.26524,-0.835767,-0.0167221
33.8603,-1.07816,2.66132,2.65596,-1.12557,2.57115,2.64489,-1.12644,2.78049,2,-0.934062,2.86383,2.07526,-2.12906,-0.862526,0,-2.18173,-0.887121,-0.00737646,-2.22439,-0.901149,0,-2.25808,-0.85784,-0.0180004
33.8701,-1.09895,2.6528,2.65596,-1.143,2.564,2.64482,-1.14816,2.77159,2,-0.952107,2.85691,2.07511,-2.12224,-0.879161,0,-2.17661,-0.901495,-0.00822994,-2.21727,-0.918529,0,-2.25312,-0.872449,-0.0189327
33.8801,-1.12027,2.64387,2.65596,-1.16474,2.55489,2.64474,-1.17044,2.76226,2,-0.974606,2.8481,2.07491,-2.1151,-0.896216,0,-2.16981,-0.919235,-0.00911419,-2.20981,-0.936348,0,-2.24665,-0.890504,-0.0199703
33.8901,-1.14124,2.63488,2.65596,-1.1864,2.54561,2.64464,-1.19235,2.75287,2,-0.997039,2.8391,2.07471,-2.10791,-0.912995,1.46196e-18,-2.16282,-0.936842,-0.00970632,-2.2023,-0.953879,0,-2.24011,-0.908415,-0.0207455
33.9001,-1.16222,2.6257,2.65596,-1.20799,2.53615,2.64454,-1.21426,2.74328,2,-1.01941,2.82993,2.0745,-2.10056,-0.929773,-1.46196e-18,-2.15576,-0.954562,-0.0101518,-2.19462,-0.971408,0,-2.23359,-0.926416,-0.0213937
33.91,-1.18319,2.61631,2.65596,-1.22951,2.52652,2.64444,-1.23618,2.73347,2,-1.04616,2.81868,2.07424,-2.09305,-0.946554,0,-2.14833,-0.97231,-0.0103797,-2.18678,-0.988941,0,-2.22542,-0.948021,-0.0219141
33.9203,-1.20496,2.60636,2.65596,-1.25096,2.51671,2.64434,-1.25891,2.72308,2,-1.06394,2.81104,2.07406,-2.08509,-0.963964,0,-2.14047,-0.989782,-0.0108762,-2.17846,-1.00713,0,-2.21971,-0.962162,-0.0226071
33.9302,-1.22542,2.5968,2.65596,-1.27232,2.50672,2.64422,-1.28029,2.71309,2,-1.0861,2.80133,2.07383,-2.07744,-0.980337,0,-2.13232,-1.00713,-0.0114767,-2.17047,-1.02424,0,-2.21243,-0.979765,-0.0234976
33.9403,-1.24653,2.58674,2.65596,-1.29148,2.49759,2.64412,-1.30235,2.70257,2,-1.10599,2.79244,2.07362,-2.06939,-0.997222,-1.46196e-18,-2.12477,-1.02286,-0.0118195,-2.16206,-1.04188,0,-2.20575,-0.995721,-0.024121
33.9501,-1.26622,2.57716,2.65596,-1.31057,2.48831,2.64401,-1.32292,2.69256,2,-1.12581,2.78341,2.0734,-2.06173,-1.01297,0,-2.11719,-1.03877,-0.0120675,-2.15405,-1.05833,0,-2.19912,-1.01184,-0.0246684
33.9601,-1.2868,2.56694,2.65596,-1.3317,2.47784,2.64389,-1.34442,2.68189,2,-1.14776,2.7732,2.07315,-2.05355,-1.02944,0,-2.10862,-1.05621,-0.0128069,-2.14551,-1.07554,0,-2.19168,-1.02951,-0.0257544
33.9701,-1.30737,2.55653,2.65596,-1.35274,2.46719,2.64375,-1.36592,2.67101,2,-1.16964,2.76282,2.07288,-2.04522,-1.0459,0,-2.09971,-1.07342,-0.0137771,-2.1368,-1.09273,0,-2.18395,-1.04693,-0.0270786
33.9801,-1.32777,2.54599,2.65596,-1.37369,2.45637,2.64361,-1.38723,2.66,2,-1.19144,2.75226,2.07261,-2.03679,-1.06222,0,-2.09066,-1.09069,-0.0145584,-2.128,-1.10978,0,-2.17617,-1.06441,-0.0282313
33.9902,-1.34838,2.53514,2.65596,-1.39455,2.44537,2.64346,-1.40876,2.64866,2,-1.21316,2.74153,2.07232,-2.02811,-1.0787,0,-2.08167,-1.10806,-0.0151458,-2.11893,-1.12701,0,-2.1685,-1.08201,-0.0292121
34.0001,-1.36828,2.52445,2.65596,-1.41532,2.43421,2.64331,-1.42955,2.6375,2,-1.23481,2.73062,2.07202,-2.01956,-1.09462,-1.46196e-18,-2.07266,-1.1253,-0.0157979,-2.11,-1.14364,0,-2.16088,-1.09948,-0.0302759
34.0104,-1.38918,2.51301,2.65596,-1.43601,2.42287,2.64315,-1.45139,2.62554,2,-1.25638,2.71954,2.07171,-2.01041,-1.11134,0,-2.06336,-1.14238,-0.0170072,-2.10043,-1.16111,0,-2.15302,-1.11681,-0.0319143
34.02,-1.40875,2.50209,2.65596,-1.45248,2.41367,2.64301,-1.47184,2.61413,2,-1.27787,2.70829,2.07138,-2.00167,-1.127,0,-2.05569,-1.15592,-0.0181241,-2.09131,-1.17747,0,-2.14492,-1.13401,-0.033745
34.0301,-1.42868,2.49077,2.65596,-1.47708,2.39968,2.64278,-1.49266,2.6023,2,-1.29928,2.69686,2.07104,-1.99261,-1.14295,0,-2.04413,-1.17628,-0.0194326,-2.08184,-1.19413,0,-2.13685,-1.1513,-0.0352832
34.0401,-1.44869,2.47918,2.65596,-1.49747,2.38783,2.64258,-1.51357,2.5902,2,-1.32061,2.68526,2.07068,-1.98334,-1.15896,0,-2.0344,-1.19334,-0.0199519,-2.07216,-1.21085,0,-2.12872,-1.16869,-0.0363063
34.0501,-1.46957,2.46686,2.65596,-1.51372,2.37823,2.64242,-1.53538,2.57733,2,-1.34185,2.67349,2.07031,-1.97349,-1.17566,0,-2.02648,-1.20692,-0.0202722,-2.06186,-1.2283,0,-2.12044,-1.18604,-0.0372548
34.0601,-1.48854,2.45546,2.65596,-1.53796,2.36363,2.64217,-1.5552,2.56542,2,-1.36302,2.66154,2.06993,-1.96437,-1.19083,-1.46196e-18,-2.01432,-1.22701,-0.0212085,-2.05233,-1.24416,0,-2.11196,-1.20317,-0.0386459
34.0701,-1.50753,2.44385,2.65596,-1.55805,2.35128,2.64196,-1.57504,2.55328,2,-1.38409,2.64943,2.06954,-1.95508,-1.20603,0,-2.00377,-1.2431,-0.0226734,-2.04262,-1.26003,0,-2.10307,-1.21972,-0.0406742
34.0802,-1.52746,2.43144,2.65596,-1.57804,2.33877,2.64172,-1.59586,2.54032,2,-1.40508,2.63714,2.06912,-1.94516,-1.22197,-1.46196e-18,-1.99323,-1.25937,-0.0237933,-2.03226,-1.27669,0,-2.09421,-1.23647,-0.0423666
34.0901,-1.54702,2.41905,2.65596,-1.58799,2.33245,2.6416,-1.61629,2.52737,2,-1.42598,2.62469,2.06869,-1.93524,-1.23762,1.46196e-18,-1.98793,-1.26759,-0.024068,-2.02189,-1.29304,0,-2.08545,-1.25375,-0.0429604
34.1001,-1.56604,2.40677,2.65596,-1.61769,2.31324,2.64125,-1.63617,2.51455,2,-1.44679,2.61207,2.06826,-1.92542,-1.25283,0,-1.97231,-1.29269,-0.0239256,-2.01164,-1.30894,0,-2.07676,-1.27103,-0.043783
34.1101,-1.58515,2.39423,2.65596,-1.63344,2.30285,2.64105,-1.65613,2.50145,2,-1.46751,2.59928,2.06781,-1.91539,-1.26812,-1.46196e-18,-1.96359,-1.30539,-0.0251322,-2.00116,-1.3249,0,-2.06757,-1.28756,-0.046005
34.1201,-1.6049,2.38104,2.65596,-1.65302,2.28972,2.64079,-1.67677,2.48766,2,-1.48814,2.58632,2.06734,-1.90483,-1.28392,-1.46196e-18,-1.95246,-1.32125,-0.026676,-1.99013,-1.34141,0,-2.05805,-1.30399,-0.0484358
34.1301,-1.62338,2.36848,2.65596,-1.67248,2.27643,2.64051,-1.69607,2.47454,2,-1.50867,2.5732,2.06684,-1.89478,-1.2987,1.46196e-18,-1.94096,-1.33644,-0.0293864,-1.97963,-1.35686,0,-2.0483,-1.32004,-0.0515633
34.1402,-1.64263,2.35517,2.65596,-1.69184,2.26299,2.64021,-1.71619,2.46063,2,-1.52502,2.56259,2.06642,-1.88413,-1.31411,0,-1.92971,-1.35222,-0.0306533,-1.9685,-1.37295,0,-2.04067,-1.33338,-0.0530725
34.1501,-1.66127,2.34206,2.65596,-1.70532,2.25348,2.63999,-1.73566,2.44693,2,-1.54944,2.54647,2.06576,-1.87365,-1.32902,1.46196e-18,-1.92149,-1.36272,-0.0323874,-1.95755,-1.38853,0,-2.0282,-1.35182,-0.0580991
34.1602,-1.68019,2.32852,2.65596,-1.73019,2.23565,2.63953,-1.75542,2.43279,2,-1.56967,2.53288,2.06515,-1.86282,-1.34415,0,-1.90532,-1.38065,-0.0386427,-1.94624,-1.40434,0,-2.01737,-1.36661,-0.0635443
34.17,-1.69848,2.31522,2.65596,-1.74918,2.22178,2.63912,-1.77453,2.41889,2,-1.58778,2.52052,2.06455,-1.85217,-1.35878,-1.46196e-18,-1.89283,-1.3945,-0.0432192,-1.93511,-1.41963,0,-2.00759,-1.38001,-0.0682049
34.1801,-1.71671,2.30173,2.65596,-1.76429,2.21058,2.63876,-1.79358,2.4048,2,-1.60581,2.50804,2.06393,-1.84138,-1.37337,-1.46196e-18,-1.88329,-1.40639,-0.0451042,-1.92384,-1.43487,0,-1.99835,-1.39446,-0.0708727
34.1901,-1.73551,2.28759,2.65596,-1.78679,2.1936,2.63818,-1.81322,2.39003,2,-1.62573,2.49403,2.06318,-1.83007,-1.3884,0,-1.86708,-1.42075,-0.0546599,-1.91202,-1.45058,0,-1.98598,-1.40687,-0.0807128
34.2,-1.75314,2.27411,2.65596,-1.80539,2.17935,2.63756,-1.83164,2.37594,2,-1.64552,2.47991,2.0623,-1.81929,-1.40251,0,-1.85204,-1.42985,-0.0677376,-1.90075,-1.46531,0,-1.9723,-1.41704,-0.0944653
34.21,-1.77199,2.25945,2.65596,-1.82384,2.16499,2.63686,-1.85133,2.36063,2,-1.66519,2.46567,2.06132,-1.80756,-1.41759,1.46196e-18,-1.83976,-1.44439,-0.0702064,-1.8885,-1.48107,0,-1.96152,-1.43286,-0.0977431
34.2202,-1.78973,2.24542,2.65596,-1.84219,2.15045,2.63619,-1.86988,2.34597,2,-1.68476,2.45123,2.06037,-1.79634,-1.43179,0,-1.82988,-1.46348,-0.0635209,-1.87677,-1.4959,0,-1.95321,-1.45341,-0.0919807
34.2302,-1.8075,2.23114,2.65596,-1.85679,2.13869,2.63568,-1.88844,2.33105,2,-1.70424,2.43662,2.05944,-1.78492,-1.446,-1.46196e-18,-1.81983,-1.47456,-0.066393,-1.86484,-1.51075,0,-1.9417,-1.46809,-0.0974509
34.2401,-1.82505,2.21681,2.65596,-1.87853,2.12092,2.63481,-1.90678,2.31607,2,-1.72359,2.42188,2.05841,-1.77344,-1.46004,-1.46196e-18,-1.80325,-1.48837,-0.075882,-1.85286,-1.52542,0,-1.92918,-1.48112,-0.10595
34.2501,-1.84251,2.20232,2.65596,-1.89651,2.10595,2.63407,-1.92502,2.30094,2,-1.74283,2.40697,2.05737,-1.76186,-1.47401,0,-1.79284,-1.50664,-0.0694296,-1.84075,-1.54001,0,-1.92028,-1.50125,-0.100574
34.2601,-1.86037,2.18725,2.65596,-1.91082,2.09383,2.63355,-1.94367,2.2852,2,-1.762,2.39185,2.05641,-1.7498,-1.48829,0,-1.78482,-1.52205,-0.0620757,-1.82816,-1.55494,0,-1.91138,-1.5217,-0.0942986
34.2701,-1.87761,2.17247,2.65596,-1.93214,2.07547,2.63279,-1.96169,2.26975,2,-1.78105,2.37656,2.05544,-1.73798,-1.50209,0,-1.76882,-1.53715,-0.0672198,-1.8158,-1.56935,0,-1.89913,-1.53573,-0.100583
34.2801,-1.8953,2.15706,2.65596,-1.94625,2.06314,2.63222,-1.98017,2.25365,2,-1.7962,2.36424,2.0546,-1.72565,-1.51624,-1.46196e-18,-1.75718,-1.54548,-0.0737066,-1.80292,-1.58414,0,-1.88845,-1.54562,-0.10788
34.2901,-1.91239,2.14192,2.65596,-1.96549,2.04608,2.63137,-1.99802,2.23783,2,-1.81689,2.34716,2.05336,-1.71354,-1.52991,1.46196e-18,-1.74111,-1.5571,-0.0822949,-1.79027,-1.59842,0,-1.8736,-1.5595,-0.117608
34.3001,-1.93055,2.12556,2.65596,-1.97417,2.03828,2.63095,-2.017,2.22074,2,-1.83556,2.3315,2.05214,-1.70045,-1.54444,0,-1.73365,-1.56207,-0.0867584,-1.77659,-1.6136,0,-1.85979,-1.57177,-0.127091
34.3101,-1.94625,2.1112,2.65596,-2.00001,2.01473,2.62956,-2.0334,2.20574,2,-1.85409,2.31572,2.05083,-1.68896,-1.557,-1.46196e-18,-1.71175,-1.57838,-0.0966759,-1.76459,-1.62672,0,-1.8463,-1.58514,-0.134119
34.3201,-1.96303,2.09561,2.65596,-2.01706,1.99889,2.62857,-2.05093,2.18945,2,-1.87249,2.2998,2.04946,-1.67649,-1.57042,1.46196e-18,-1.69755,-1.59036,-0.100861,-1.75156,-1.64075,0,-1.83307,-1.59943,-0.139404
34.3305,-1.98059,2.07902,2.65596,-2.03397,1.98292,2.62755,-2.06928,2.17212,2,-1.89075,2.28373,2.04805,-1.66322,-1.58447,0,-1.68374,-1.60301,-0.103209,-1.73769,-1.65542,0,-1.82015,-1.6145,-0.142886
34.3401,-1.99622,2.06402,2.65596,-2.04572,1.97167,2.62683,-2.08561,2.15644,2,-1.90889,2.2675,2.04661,-1.65121,-1.59697,1.46196e-18,-1.67419,-1.61214,-0.103806,-1.72515,-1.66849,0,-1.80737,-1.63016,-0.1447
34.3501,-2.01268,2.04797,2.65596,-2.06737,1.9506,2.62548,-2.10281,2.13967,2,-1.9269,2.25112,2.04516,-1.63837,-1.61014,0,-1.6564,-1.62936,-0.103011,-1.71174,-1.68224,0,-1.79447,-1.64613,-0.145115
34.36,-2.02887,2.03193,2.65596,-2.08386,1.93424,2.62446,-2.11972,2.12292,2,-1.94478,2.23458,2.04371,-1.62555,-1.62309,1.46196e-18,-1.64274,-1.64289,-0.10121,-1.69834,-1.69578,0,-1.78151,-1.66244,-0.144552
34.3701,-2.0455,2.01519,2.65596,-2.10022,1.91774,2.62346,-2.1371,2.10543,2,-1.96253,2.21787,2.04227,-1.61215,-1.6364,0,-1.62911,-1.65664,-0.098685,-1.68434,-1.70968,0,-1.76851,-1.67902,-0.143273
34.3804,-2.06186,1.99844,2.65596,-2.11159,1.90611,2.62278,-2.15419,2.08793,2,-1.98015,2.201,2.04085,-1.59875,-1.64949,0,-1.61953,-1.66627,-0.0965724,-1.67034,-1.72335,0,-1.75536,-1.69569,-0.14145
34.3902,-2.07752,1.98216,2.65596,-2.13253,1.88433,2.62155,-2.17055,2.07092,2,-1.99763,2.18396,2.03944,-1.58573,-1.66202,1.46196e-18,-1.60155,-1.68408,-0.0921887,-1.65673,-1.73644,0,-1.74196,-1.7124,-0.139305
34.4001,-2.09302,1.96578,2.65596,-2.14848,1.86742,2.62064,-2.18675,2.05381,2,-2.01499,2.16675,2.03806,-1.57263,-1.67442,1.46196e-18,-1.5878,-1.69785,-0.088631,-1.64305,-1.7494,0,-1.72853,-1.72918,-0.136978
34.4101,-2.10863,1.94903,2.65596,-2.16113,1.85379,2.61995,-2.20306,2.03631,2,-2.02877,2.15286,2.03697,-1.55922,-1.68691,0,-1.57686,-1.70885,-0.0857088,-1.62904,-1.76245,0,-1.71779,-1.7426,-0.135018
34.4202,-2.12457,1.93165,2.65596,-2.17371,1.84008,2.61927,-2.21971,2.01814,2,-2.04588,2.13536,2.03564,-1.54532,-1.69966,1.46196e-18,-1.56585,-1.71968,-0.0826902,-1.61451,-1.77577,0,-1.70415,-1.75919,-0.132432
34.4301,-2.13993,1.91462,2.65596,-2.1924,1.81935,2.61831,-2.23575,2.00035,2,-2.06286,2.11768,2.03433,-1.53169,-1.71194,1.46196e-18,-1.54925,-1.7359,-0.0781142,-1.60028,-1.7886,0,-1.69033,-1.77577,-0.129779
34.4401,-2.1551,1.89753,2.65596,-2.20782,1.80192,2.61755,-2.2516,1.9825,2,-2.07969,2.09984,2.03304,-1.51802,-1.72408,1.46196e-18,-1.53542,-1.74928,-0.0742976,-1.586,-1.80128,0,-1.67637,-1.79216,-0.127053
34.4501,-2.1702,1.88024,2.65596,-2.2231,1.78436,2.61682,-2.26738,1.96443,2,-2.09638,2.08184,2.03179,-1.50419,-1.73616,1.46196e-18,-1.52145,-1.76246,-0.0704423,-1.57155,-1.8139,0,-1.66217,-1.8083,-0.124228
34.4601,-2.18496,1.86307,2.65596,-2.23825,1.76667,2.61614,-2.2828,1.94649,2,-2.11293,2.06367,2.03056,-1.49045,-1.74796,0,-1.50735,-1.77558,-0.0666504,-1.5572,-1.82624,0,-1.64771,-1.82434,-0.121421
34.4701,-2.19988,1.84542,2.65596,-2.25325,1.74885,2.61549,-2.29839,1.92806,2,-2.12934,2.04535,2.02936,-1.47634,-1.7599,0,-1.49325,-1.78874,-0.0629603,-1.54245,-1.83871,0,-1.63313,-1.84039,-0.11866
34.4801,-2.21451,1.82784,2.65596,-2.26811,1.7309,2.61488,-2.31367,1.90969,2,-2.14559,2.02687,2.02818,-1.46227,-1.7716,0,-1.47917,-1.80162,-0.0592946,-1.52775,-1.85094,0,-1.61843,-1.85609,-0.11586
34.4901,-2.22909,1.81003,2.65596,-2.28283,1.71282,2.6143,-2.3289,1.89109,2,-2.1617,2.00823,2.02704,-1.44803,-1.78327,-1.46196e-18,-1.46504,-1.81434,-0.0557438,-1.51287,-1.86312,0,-1.60356,-1.87158,-0.113109
34.5001,-2.24364,1.79197,2.65596,-2.29741,1.69461,2.61376,-2.3441,1.87221,2,-2.17766,1.98944,2.02592,-1.43357,-1.79491,0,-1.45098,-1.82698,-0.0523257,-1.49777,-1.87528,0,-1.5886,-1.88691,-0.110418
34.5101,-2.25785,1.77402,2.65596,-2.31042,1.67812,2.61331,-2.35896,1.85346,2,-2.1919,1.97239,2.02494,-1.41922,-1.80628,0,-1.43823,-1.83803,-0.049257,-1.48277,-1.88717,0,-1.57493,-1.90031,-0.107939
34.5202,-2.27245,1.75528,2.65596,-2.32045,1.66522,2.61297,-2.37421,1.83388,2,-2.20757,1.95332,2.02387,-1.40422,-1.81796,0,-1.42829,-1.84641,-0.046891,-1.4671,-1.89937,0,-1.55957,-1.91477,-0.105162
34.5301,-2.28631,1.73719,2.65596,-2.3389,1.64112,2.61239,-2.38869,1.81498,2,-2.22309,1.9341,2.02284,-1.38975,-1.82905,1.46196e-18,-1.40978,-1.8618,-0.0427355,-1.45198,-1.91095,0,-1.544,-1.92896,-0.102478
34.5401,-2.30007,1.71893,2.65596,-2.34873,1.62806,2.61209,-2.40307,1.7959,2,-2.23845,1.91474,2.02182,-1.37514,-1.84006,-1.46196e-18,-1.39981,-1.87004,-0.0406473,-1.43672,-1.92246,0,-1.52829,-1.94289,-0.0998875
34.5501,-2.31361,1.70067,2.65596,-2.36681,1.60365,2.61159,-2.41721,1.77682,2,-2.25365,1.89524,2.02084,-1.36054,-1.85089,1.46196e-18,-1.38093,-1.88518,-0.0369785,-1.42146,-1.93377,0,-1.51212,-1.95644,-0.0972789
34.5601,-2.32697,1.68234,2.65596,-2.37644,1.59042,2.61134,-2.43117,1.75768,2,-2.26869,1.87561,2.01988,-1.34587,-1.86157,-1.46196e-18,-1.37054,-1.89319,-0.0350242,-1.40614,-1.94493,0,-1.49559,-1.96964,-0.0946259
34.5701,-2.34053,1.66342,2.65596,-2.39413,1.56572,2.61091,-2.44534,1.73791,2,-2.28357,1.85585,2.01895,-1.33074,-1.87242,-1.46196e-18,-1.35125,-1.90799,-0.0316827,-1.39033,-1.95627,0,-1.47889,-1.98256,-0.0920743
34.5803,-2.35383,1.64454,2.65596,-2.40757,1.54658,2.6106,-2.45924,1.71818,2,-2.29827,1.83596,2.01804,-1.31563,-1.88307,-1.46196e-18,-1.33646,-1.91932,-0.0292315,-1.37455,-1.96739,0,-1.46209,-1.99524,-0.089479
34.5904,-2.36702,1.62551,2.65596,-2.42086,1.52733,2.61032,-2.47301,1.6983,2,-2.31281,1.81595,2.01716,-1.30041,-1.89361,-1.46196e-18,-1.32171,-1.93073,-0.0268919,-1.35864,-1.97841,0,-1.44517,-2.00778,-0.0868698
34.6001,-2.37984,1.60668,2.65596,-2.434,1.50796,2.61006,-2.48641,1.67863,2,-2.32717,1.79581,2.0163,-1.28534,-1.90387,-1.46196e-18,-1.30695,-1.94225,-0.0246472,-1.3429,-1.98912,0,-1.42805,-2.02026,-0.0842514
34.6101,-2.39221,1.58821,2.65596,-2.447,1.48849,2.60983,-2.49933,1.65933,2,-2.34137,1.77554,2.01547,-1.27057,-1.91376,-1.46196e-18,-1.2922,-1.95359,-0.0224423,-1.32746,-1.99946,0,-1.41075,-2.03239,-0.0815672
34.6201,-2.40492,1.56889,2.65596,-2.45984,1.46889,2.60961,-2.51261,1.63914,2,-2.35539,1.75516,2.01467,-1.25511,-1.92394,0,-1.27756,-1.96497,-0.0203554,-1.31131,-2.01009,0,-1.39332,-2.0444,-0.078897
34.6302,-2.41752,1.5494,2.65596,-2.47255,1.44919,2.60942,-2.52578,1.61878,2,-2.36923,1.73466,2.01389,-1.23952,-1.93402,1.46196e-18,-1.26296,-1.97641,-0.0183644,-1.29502,-2.02062,0,-1.37569,-2.05631,-0.076222
34.6402,-2.43006,1.52965,2.65596,-2.48135,1.43532,2.6093,-2.53888,1.59815,2,-2.3829,1.71403,2.01314,-1.22372,-1.94405,0,-1.25277,-1.98431,-0.0170243,-1.27852,-2.0311,0,-1.35786,-2.06784,-0.0735395
34.6502,-2.44195,1.51061,2.65596,-2.49752,1.40943,2.60909,-2.5513,1.57825,2,-2.39639,1.6933,2.01242,-1.20849,-1.95356,-1.46196e-18,-1.23384,-1.99848,-0.0146717,-1.2626,-2.04104,0,-1.33977,-2.07891,-0.0708924
34.6604,-2.45437,1.49035,2.65596,-2.50978,1.3894,2.60895,-2.56427,1.55709,2,-2.41234,1.66828,2.01159,-1.19228,-1.96349,0,-1.21941,-2.00913,-0.0130283,-1.24567,-2.05142,0,-1.3179,-2.09177,-0.067803
34.6701,-2.4659,1.47119,2.65596,-2.5219,1.36925,2.60883,-2.57632,1.53707,2,-2.42282,1.65151,2.01106,-1.17695,-1.97272,0,-1.20529,-2.01962,-0.0115128,-1.22965,-2.06106,0,-1.30338,-2.10013,-0.0657843
34.6802,-2.47761,1.45137,2.65596,-2.53031,1.35509,2.60875,-2.58856,1.51637,2,-2.43576,1.63046,2.01041,-1.1611,-1.98209,2.92392e-18,-1.19561,-2.02693,-0.0107111,-1.21309,-2.07085,0,-1.28528,-2.11045,-0.0637288
34.6904,-2.48935,1.43115,2.65596,-2.54573,1.32865,2.60862,-2.60082,1.49524,2,-2.44853,1.6093,2.00978,-1.14492,-1.99148,1.46196e-18,-1.17773,-2.04005,-0.0096775,-1.19619,-2.08065,0,-1.26701,-2.12049,-0.0618664
34.7001,-2.50047,1.41163,2.65596,-2.55977,1.3041,2.60851,-2.61244,1.47484,2,-2.4611,1.58805,2.00917,-1.1293,-2.00038,0,-1.1615,-2.05188,-0.00856827,-1.17987,-2.08995,0,-1.2487,-2.13041,-0.0599221
34.7103,-2.51181,1.39135,2.65596,-2.56902,1.28766,2.60844,-2.62429,1.45365,2,-2.4735,1.56669,2.00858,-1.11308,-2.00945,0,-1.15087,-2.05965,-0.00788457,-1.16292,-2.09943,0,-1.23041,-2.14027,-0.0580547
34.7203,-2.52294,1.37107,2.65596,-2.58046,1.26701,2.60837,-2.63591,1.43247,2,-2.48571,1.54524,2.00802,-1.09686,-2.01835,1.46196e-18,-1.13834,-2.07046,-0.00418745,-1.14597,-2.10873,0,-1.21258,-2.15136,-0.053397
34.7301,-2.53383,1.35084,2.65596,-2.5918,1.24619,2.60846,-2.64729,1.41133,2,-2.49777,1.52362,2.00762,-1.08067,-2.02706,0,-1.13034,-2.0946,0.0254853,-1.12906,-2.11783,0,-1.19901,-2.17462,-0.0222121
34.7401,-2.54604,1.32768,2.65596,-2.59632,1.23779,2.6086,-2.66005,1.38713,2,-2.50494,1.51052,2.00756,-1.06214,-2.03683,-1.46196e-18,-1.12652,-2.10687,0.0402683,-1.10971,-2.12804,0,-1.1917,-2.191,0.00211718
34.7502,-2.55522,1.30992,2.65596,-2.60974,1.21223,2.60939,-2.66964,1.36858,2,-2.5168,1.48846,2.00782,-1.04794,-2.04418,0,-1.10855,-2.15657,0.0948601,-1.09486,-2.13571,0,-1.18106,-2.22277,0.0532616
34.76,-2.56523,1.29022,2.65596,-2.6207,1.19038,2.61062,-2.6801,1.34799,2,-2.52857,1.46604,2.00867,-1.03217,-2.05218,1.46196e-18,-1.08031,-2.21706,0.152249,-1.07839,-2.14408,0,-1.17238,-2.26059,0.118223
34.7701,-2.57553,1.26953,2.65596,-2.63129,1.16785,2.61243,-2.69086,1.32638,2,-2.54025,1.44324,2.01019,-1.01562,-2.06042,1.46196e-18,-1.03465,-2.28883,0.20649,-1.0611,-2.15269,0,-1.16342,-2.29797,0.182846
34.7801,-2.5857,1.24867,2.65596,-2.64135,1.1446,2.61469,-2.70149,1.30459,2,-2.55183,1.42011,2.01228,-0.998937,-2.06856,0,-0.975387,-2.36366,0.246268,-1.04367,-2.16119,0,-1.15239,-2.32974,0.235479
34.7901,-2.59636,1.22637,2.65596,-2.65079,1.12055,2.61735,-2.71262,1.28128,2,-2.5633,1.39665,2.0149,-0.981094,-2.07709,0,-0.913427,-2.4442,0.280969,-1.02503,-2.1701,0,-1.14061,-2.36077,0.28621
34.8001,-2.60524,1.20738,2.65596,-2.65792,1.10078,2.61966,-2.7219,1.26144,2,-2.57463,1.37292,2.01794,-0.965903,-2.08419,1.46196e-18,-0.870276,-2.4959,0.294975,-1.00916,-2.17752,0,-1.12521,-2.38192,0.315361
34.8101,-2.61516,1.18575,2.65596,-2.66803,1.07054,2.62318,-2.73226,1.23885,2,-2.58579,1.34905,2.02112,-0.948601,-2.09213,0,-0.817283,-2.53946,0.289004,-0.991079,-2.18581,0,-1.10581,-2.39122,0.318166
34.8201,-2.62421,1.16559,2.65596,-2.67601,1.045,2.62604,-2.74172,1.21778,2,-2.59675,1.32509,2.0243,-0.932469,-2.09936,1.46196e-18,-0.778256,-2.56693,0.284265,-0.974225,-2.19337,0,-1.08603,-2.40093,0.320993
34.83,-2.63342,1.14462,2.65596,-2.68361,1.01922,2.62886,-2.75134,1.19588,2,-2.6075,1.30104,2.02752,-0.9157,-2.10673,0,-0.741933,-2.58823,0.277395,-0.956704,-2.20107,0,-1.06525,-2.40916,0.320401
34.8401,-2.64249,1.12351,2.65596,-2.68943,0.998475,2.63102,-2.76082,1.17382,2,-2.61804,1.27693,2.03066,-0.898807,-2.114,0,-0.713939,-2.5968,0.262855,-0.939055,-2.20866,0,-1.04225,-2.41126,0.306214
34.8501,-2.65146,1.10219,2.65596,-2.69775,0.96727,2.63402,-2.77019,1.15155,2,-2.62835,1.25282,2.03364,-0.881752,-2.12117,0,-0.673053,-2.60336,0.237449,-0.921236,-2.21615,0,-1.01852,-2.41201,0.28852
34.8602,-2.66023,1.08085,2.65596,-2.70431,0.941223,2.6363,-2.77935,1.12925,2,-2.63841,1.22869,2.03643,-0.864678,-2.12818,0,-0.640262,-2.60566,0.216983,-0.903398,-2.22348,0,-0.994427,-2.4128,0.270493
34.8701,-2.66862,1.05996,2.65596,-2.71056,0.915165,2.63837,-2.78812,1.10742,2,-2.64823,1.20456,2.03905,-0.847966,-2.1349,-1.46196e-18,-0.608853,-2.6056,0.197906,-0.885937,-2.2305,0,-0.970068,-2.41406,0.252832
34.8801,-2.67715,1.03823,2.65596,-2.7165,0.889117,2.64026,-2.79703,1.08472,2,-2.65781,1.18041,2.04149,-0.830581,-2.14172,-7.3098e-19,-0.578885,-2.60354,0.180941,-0.867774,-2.23763,0,-0.945461,-2.41615,0.236175
34.8901,-2.6853,1.01698,2.65596,-2.72214,0.8631,2.64199,-2.80554,1.06251,2,-2.66714,1.15623,2.04377,-0.81358,-2.14824,0,-0.550512,-2.59948,0.165823,-0.850012,-2.24443,0,-0.920594,-2.41908,0.220194
34.9001,-2.69333,0.995498,2.65596,-2.72751,0.837135,2.64358,-2.81394,1.04008,2,-2.67622,1.13203,2.0459,-0.796398,-2.15466,7.3098e-19,-0.523902,-2.59333,0.152503,-0.832061,-2.25115,0,-0.895504,-2.42267,0.20482
34.9101,-2.70132,0.973617,2.65596,-2.73162,0.816412,2.64477,-2.82228,1.01721,2,-2.68505,1.10778,2.04787,-0.778893,-2.16105,-7.3098e-19,-0.503967,-2.58704,0.14305,-0.813772,-2.25783,0,-0.870193,-2.42685,0.189954
34.9201,-2.70901,0.952008,2.65596,-2.73606,0.793166,2.64601,-2.83032,0.994639,2,-2.69278,1.08592,2.04952,-0.761607,-2.16721,7.3098e-19,-0.48293,-2.57853,0.133603,-0.795711,-2.26425,0,-0.847156,-2.43104,0.176915
34.9301,-2.7166,0.930123,2.65596,-2.7417,0.762302,2.64755,-2.83825,0.971774,2,-2.70112,1.06158,2.05122,-0.744099,-2.17328,0,-0.45726,-2.5652,0.122799,-0.777419,-2.2706,0,-0.821252,-2.43622,0.162762
34.9402,-2.72392,0.908466,2.65596,-2.74618,0.736713,2.64874,-2.8459,0.949146,2,-2.7092,1.03719,2.05278,-0.726772,-2.17914,7.3098e-19,-0.437688,-2.5522,0.115435,-0.759317,-2.27672,0,-0.794731,-2.44154,0.149079
34.9502,-2.73099,0.88697,2.65596,-2.75046,0.711263,2.64986,-2.85329,0.926688,2,-2.71702,1.01275,2.0542,-0.709576,-2.1848,7.3098e-19,-0.419796,-2.53763,0.109281,-0.741351,-2.28263,0,-0.767681,-2.44688,0.135681
34.9601,-2.73813,0.864688,2.65596,-2.75377,0.691012,2.65072,-2.86074,0.903408,2,-2.72456,0.988256,2.05549,-0.69175,-2.19051,0,-0.406676,-2.52501,0.105122,-0.722727,-2.28859,0,-0.740116,-2.4522,0.122497
34.9701,-2.74495,0.842789,2.65596,-2.75815,0.663337,2.65184,-2.86787,0.880529,2,-2.7311,0.966165,2.05654,-0.674231,-2.19596,0,-0.390418,-2.50647,0.100258,-0.704423,-2.29429,0,-0.714952,-2.45697,0.110694
34.9801,-2.75155,0.820986,2.65596,-2.76085,0.645835,2.65254,-2.87476,0.85775,2,-2.73604,0.948953,2.05729,-0.656789,-2.20124,0,-0.381187,-2.49417,0.097551,-0.6862,-2.29981,0,-0.695214,-2.4607,0.101506
34.9903,-2.75811,0.798668,2.65596,-2.7657,0.613563,2.65378,-2.88162,0.834432,2,-2.74484,0.916918,2.05849,-0.638934,-2.20649,7.3098e-19,-0.366146,-2.47064,0.0931463,-0.667546,-2.30529,0,-0.658084,-2.46769,0.0844114
35.0002,-2.7644,0.776615,2.65596,-2.76931,0.58895,2.65469,-2.88819,0.811391,2,-2.75127,0.892215,2.05927,-0.621292,-2.21152,-7.3098e-19,-0.356274,-2.45196,0.0900835,-0.649113,-2.31055,0,-0.62908,-2.47289,0.0711568
35.0101,-2.77053,0.754475,2.65596,-2.77283,0.564525,2.65558,-2.89459,0.78826,2,-2.75742,0.867461,2.05992,-0.60358,-2.21642,0,-0.347765,-2.43301,0.0872197,-0.630608,-2.31567,0,-0.599728,-2.47793,0.0578552
35.0202,-2.7765,0.732169,2.65596,-2.77525,0.54754,2.65618,-2.90084,0.764955,2,-2.7644,0.83769,2.06052,-0.585735,-2.2212,0,-0.34273,-2.41971,0.0853316,-0.611964,-2.32067,0,-0.564304,-2.48386,0.0419339
35.0302,-2.78224,0.710054,2.65596,-2.77965,0.516244,2.65727,-2.90683,0.74185,2,-2.76882,0.817803,2.06081,-0.568044,-2.22579,7.3098e-19,-0.334794,-2.39512,0.0819269,-0.59348,-2.32546,0,-0.540454,-2.48777,0.031348
35.0405,-2.78795,0.687303,2.65596,-2.78297,0.492386,2.65808,-2.91279,0.71808,2,-2.77408,0.792901,2.06106,-0.549843,-2.23036,0,-0.330071,-2.37652,0.0791679,-0.574464,-2.33023,0,-0.510571,-2.49254,0.0180767
35.0504,-2.79329,0.665254,2.65596,-2.78691,0.463999,2.659,-2.91838,0.695043,2,-2.77999,0.762957,2.06118,-0.532203,-2.23463,0,-0.325903,-2.3547,0.0756478,-0.556035,-2.3347,0,-0.474753,-2.49809,0.00222125
35.0602,-2.79847,0.643125,2.65596,-2.78854,0.452248,2.65938,-2.92378,0.671924,2,-2.78232,0.750461,2.06117,-0.5145,-2.23878,-7.3098e-19,-0.324663,-2.34582,0.0741603,-0.537539,-2.33903,0,-0.459905,-2.50037,-0.00428841
35.0701,-2.80348,0.620908,2.65596,-2.7921,0.426549,2.66018,-2.92902,0.648711,2,-2.7872,0.72293,2.06105,-0.496726,-2.24279,0,-0.322741,-2.32679,0.0708976,-0.518969,-2.34322,0,-0.427285,-2.50536,-0.0182933
35.0801,-2.80849,0.597841,2.65596,-2.79467,0.407989,2.66074,-2.93426,0.624612,2,-2.79133,0.697853,2.06081,-0.478273,-2.24679,0,-0.321956,-2.31348,0.0686761,-0.49969,-2.3474,0,-0.397633,-2.50993,-0.0303674
35.09,-2.81305,0.576005,2.65596,-2.79853,0.380343,2.66154,-2.93902,0.601798,2,-2.79516,0.672732,2.06044,-0.460804,-2.25044,0,-0.32153,-2.29429,0.0654506,-0.481439,-2.35122,0,-0.367981,-2.51428,-0.041817
35.1001,-2.81759,0.553366,2.65596,-2.80175,0.357476,2.66218,-2.94376,0.578145,2,-2.79869,0.647568,2.05997,-0.442692,-2.25408,0,-0.321742,-2.27918,0.0626797,-0.462516,-2.35501,0,-0.338419,-2.51852,-0.0527014
35.1101,-2.82188,0.531058,2.65596,-2.80497,0.334756,2.66279,-2.94825,0.554838,2,-2.80192,0.622361,2.05939,-0.424846,-2.25751,-7.3098e-19,-0.322496,-2.26501,0.0598665,-0.443871,-2.3586,0,-0.309129,-2.52276,-0.0629163
35.1201,-2.82609,0.508216,2.65596,-2.80755,0.316679,2.66326,-2.95264,0.530973,2,-2.80487,0.597113,2.05872,-0.406573,-2.26087,-7.3098e-19,-0.323316,-2.25422,0.0576472,-0.424779,-2.36211,0,-0.280028,-2.52676,-0.072322
35.1304,-2.83022,0.48465,2.65596,-2.81144,0.28972,2.66394,-2.95696,0.506352,2,-2.80753,0.571826,2.05795,-0.38772,-2.26418,0,-0.324723,-2.23922,0.0542231,-0.405082,-2.36557,0,-0.251153,-2.53072,-0.0810079
35.1401,-2.83387,0.462829,2.65596,-2.8147,0.267385,2.66446,-2.96077,0.483554,2,-2.80989,0.546499,2.0571,-0.370263,-2.2671,3.6549e-19,-0.326035,-2.22802,0.0511706,-0.386843,-2.36862,0,-0.222638,-2.53475,-0.0889699
35.1501,-2.83744,0.440426,2.65596,-2.81796,0.245156,2.66496,-2.9645,0.460148,2,-2.81198,0.521131,2.05617,-0.352341,-2.26995,0,-0.327404,-2.2179,0.0480237,-0.368119,-2.3716,0,-0.194538,-2.53871,-0.0960997
35.1602,-2.84103,0.416684,2.65596,-2.8196,0.234079,2.6652,-2.96824,0.435342,2,-2.81379,0.495725,2.05518,-0.333347,-2.27282,3.6549e-19,-0.328097,-2.21315,0.0464588,-0.348274,-2.3746,0,-0.166929,-2.5424,-0.102308
35.1701,-2.84426,0.394021,2.65596,-2.82388,0.205383,2.66577,-2.97162,0.411665,2,-2.81532,0.470284,2.05413,-0.315217,-2.27541,0,-0.329571,-2.20189,0.0422233,-0.329332,-2.3773,0,-0.139708,-2.54582,-0.10775
35.1802,-2.84724,0.371825,2.65596,-2.82718,0.183403,2.66618,-2.97474,0.388475,2,-2.81658,0.444811,2.05303,-0.29746,-2.27779,0,-0.330088,-2.19414,0.0385819,-0.31078,-2.37979,0,-0.112795,-2.54873,-0.112502
35.1901,-2.85007,0.349463,2.65596,-2.83114,0.157123,2.66661,-2.9777,0.365112,2,-2.81758,0.41931,2.05188,-0.27957,-2.28006,0,-0.329909,-2.18613,0.0340314,-0.292089,-2.38216,0,-0.0862792,-2.55137,-0.116375
35.2001,-2.85279,0.326555,2.65596,-2.83377,0.139652,2.66687,-2.98054,0.341178,2,-2.81831,0.393783,2.0507,-0.261244,-2.28223,0,-0.329439,-2.18168,0.0309226,-0.272942,-2.38443,0,-0.0603764,-2.55392,-0.119396
35.2101,-2.85528,0.304019,2.65596,-2.83772,0.113506,2.66722,-2.98314,0.317632,2,-2.81879,0.368232,2.0495,-0.243215,-2.28422,0,-0.327905,-2.17614,0.0262375,-0.254106,-2.38651,0,-0.0349948,-2.55621,-0.121512
35.22,-2.85763,0.281068,2.65596,-2.84034,0.0961093,2.66741,-2.98559,0.293654,2,-2.81901,0.34266,2.04828,-0.224854,-2.2861,-3.6549e-19,-0.326373,-2.17324,0.0230519,-0.234923,-2.38847,0,-0.0103274,-2.5583,-0.122846
35.2302,-2.85986,0.257344,2.65596,-2.84424,0.0700504,2.66766,-2.98793,0.268867,2,-2.819,0.317067,2.04704,-0.205875,-2.28789,0,-0.323229,-2.17011,0.018106,-0.215094,-2.39034,0,0.0136284,-2.56021,-0.123463
35.2401,-2.86181,0.234681,2.65596,-2.84745,0.0483586,2.66782,-2.98996,0.24519,2,-2.81874,0.291457,2.04581,-0.187745,-2.28945,0,-0.319663,-2.16839,0.0138864,-0.196152,-2.39197,0,0.0369213,-2.56174,-0.123389
35.2502,-2.86359,0.2119,2.65596,-2.85063,0.02668,2.66794,-2.99182,0.221389,2,-2.81826,0.265833,2.04458,-0.16952,-2.29087,1.82745e-19,-0.315231,-2.16748,0.00962725,-0.177111,-2.39346,0,0.0594572,-2.56293,-0.122633
35.2601,-2.86519,0.189065,2.65596,-2.85375,0.00500651,2.66801,-2.99349,0.197531,2,-2.81756,0.240199,2.04336,-0.151252,-2.29215,1.82745e-19,-0.309903,-2.16733,0.00540393,-0.158025,-2.39479,0,0.0812169,-2.56378,-0.121199
35.2701,-2.8666,0.166327,2.65596,-2.85621,-0.0123336,2.66804,-2.99496,0.173775,2,-2.81664,0.214559,2.04216,-0.133062,-2.29328,0,-0.304951,-2.16777,0.00206413,-0.13902,-2.39597,0,0.102182,-2.5643,-0.119135
35.2801,-2.86783,0.143487,2.65596,-2.85982,-0.0383542,2.66804,-2.99625,0.149912,2,-2.81551,0.188915,2.04098,-0.11479,-2.29427,0,-0.296257,-2.16911,-0.00280646,-0.11993,-2.397,0,0.122421,-2.56432,-0.116461
35.2901,-2.86889,0.120539,2.65596,-2.86274,-0.0600533,2.66799,-2.99736,0.125937,2,-2.81419,0.163274,2.03983,-0.0964315,-2.29511,0,-0.287713,-2.17072,-0.00688366,-0.10075,-2.39788,0,0.141962,-2.56373,-0.113397
35.3001,-2.86975,0.0979184,2.65596,-2.86557,-0.0817705,2.6679,-2.99826,0.102303,2,-2.81268,0.137642,2.03871,-0.0783347,-2.2958,-9.13725e-20,-0.278016,-2.17279,-0.0109923,-0.0818425,-2.3986,0,0.160765,-2.56259,-0.110038
35.31,-2.87045,0.074461,2.65596,-2.8683,-0.10351,2.66777,-2.99899,0.0777953,2,-2.81098,0.112024,2.03763,-0.0595688,-2.29636,0,-0.267209,-2.17524,-0.0149146,-0.0622362,-2.39919,0,0.178809,-2.56092,-0.10626
35.3202,-2.87098,0.0503962,2.65596,-2.87091,-0.125276,2.6676,-2.99954,0.0526529,2,-2.8091,0.0864257,2.03659,-0.0403169,-2.29678,-4.56862e-20,-0.255296,-2.17797,-0.0185882,-0.0421223,-2.39963,0,0.196059,-2.55861,-0.10208
35.33,-2.87127,0.0289849,2.65596,-2.8734,-0.147071,2.6674,-2.99985,0.0302828,2,-2.80706,0.0608539,2.03559,-0.0231879,-2.29702,-2.28431e-20,-0.24226,-2.18091,-0.0219708,-0.0242262,-2.39988,0,0.212534,-2.55563,-0.0975351
35.3401,-2.87141,0.00524919,2.65596,-2.8746,-0.157979,2.66729,-2.99999,0.00548424,2,-2.80486,0.0353147,2.03464,-0.00419935,-2.29713,0,-0.235307,-2.18251,-0.0235775,-0.00438739,-2.4,0,0.228275,-2.5521,-0.0928003
35.3501,-2.87136,-0.0178154,2.65596,-2.87796,-0.190754,2.6669,-2.99994,-0.0186132,2,-2.8025,0.00981381,2.03373,0.0142523,-2.29709,2.28431e-20,-0.212757,-2.18755,-0.0283201,0.0148906,-2.39995,0,0.243266,-2.54796,-0.0881371
35.3601,-2.87114,-0.0398969,2.65596,-2.88001,-0.212649,2.6666,-2.99971,-0.0416835,2,-2.79999,-0.0156437,2.03287,0.0319175,-2.29691,4.56862e-20,-0.196522,-2.19138,-0.0315584,0.0333468,-2.39977,0,0.257283,-2.54342,-0.0837005
35.3701,-2.87072,-0.0634459,2.65596,-2.88189,-0.234582,2.66627,-2.99927,-0.0662869,2,-2.79735,-0.0410521,2.03206,0.0507567,-2.29657,0,-0.179241,-2.19524,-0.034734,0.0530295,-2.39941,0,0.270542,-2.53816,-0.079426
35.3801,-2.87013,-0.0860525,2.65596,-2.88359,-0.256554,2.6659,-2.99865,-0.0899059,2,-2.79459,-0.0664056,2.03128,0.068842,-2.2961,0,-0.161159,-2.19923,-0.037627,0.0719247,-2.39892,0,0.282923,-2.53243,-0.0751818
35.3901,-2.86936,-0.108799,2.65596,-2.88511,-0.278566,2.66551,-2.99785,-0.113671,2,-2.7917,-0.0916986,2.03055,0.0870389,-2.29549,9.13725e-20,-0.142136,-2.20314,-0.040079,0.0909365,-2.39828,0,0.29456,-2.52606,-0.0708711
35.4001,-2.86838,-0.13214,2.65596,-2.88643,-0.300617,2.6651,-2.99682,-0.138057,2,-2.7887,-0.116924,2.02987,0.105712,-2.2947,0,-0.122122,-2.2069,-0.0421093,0.110446,-2.39746,0,0.305538,-2.51899,-0.0665627
35.4101,-2.86724,-0.154807,2.65596,-2.88755,-0.322705,2.66467,-2.99564,-0.161739,2,-2.78559,-0.142078,2.02922,0.123846,-2.29379,0,-0.101393,-2.21084,-0.0438492,0.129392,-2.39651,0,0.315659,-2.51163,-0.0624334
35.4201,-2.86591,-0.17781,2.65596,-2.88845,-0.344833,2.66423,-2.99424,-0.185772,2,-2.78239,-0.167155,2.02862,0.142248,-2.29273,0,-0.0798952,-2.21479,-0.0452561,0.148618,-2.39539,0,0.325051,-2.50383,-0.0584782
35.4301,-2.8644,-0.20072,2.65596,-2.88914,-0.367,2.66377,-2.99266,-0.209708,2,-2.77909,-0.192152,2.02805,0.160576,-2.29152,0,-0.0576364,-2.21857,-0.0462986,0.167767,-2.39413,0,0.333781,-2.49547,-0.0546985
35.4406,-2.86261,-0.224815,2.65596,-2.8896,-0.389205,2.6633,-2.99079,-0.234883,2,-2.77571,-0.217064,2.02752,0.179852,-2.29008,0,-0.0347441,-2.22235,-0.047077,0.187906,-2.39263,0,0.341801,-2.48679,-0.0512225
35.4501,-2.86077,-0.247054,2.65596,-2.88983,-0.411447,2.66283,-2.98888,-0.258117,2,-2.77226,-0.241887,2.02703,0.197643,-2.28862,0,-0.0112168,-2.226,-0.047566,0.206494,-2.3911,0,0.349187,-2.4777,-0.0480424
35.4603,-2.8587,-0.269972,2.65596,-2.88983,-0.433724,2.66235,-2.98671,-0.282061,2,-2.76873,-0.266616,2.02656,0.215978,-2.28696,0,0.0129746,-2.2295,-0.0477683,0.225649,-2.38937,0,0.356047,-2.46822,-0.0451694
35.4701,-2.85644,-0.292913,2.65596,-2.88957,-0.456037,2.66187,-2.98435,-0.306029,2,-2.76514,-0.291251,2.02612,0.23433,-2.28515,0,0.0375842,-2.23308,-0.0477443,0.244824,-2.38748,0,0.362232,-2.45864,-0.0426666
35.4801,-2.8539,-0.316688,2.65596,-2.88907,-0.478386,2.6614,-2.9817,-0.330869,2,-2.76149,-0.315788,2.02571,0.25335,-2.28312,0,0.0625835,-2.23656,-0.0475413,0.264695,-2.38536,0,0.3678,-2.44883,-0.0405776
35.4901,-2.85141,-0.338414,2.65596,-2.88873,-0.489572,2.66116,-2.97909,-0.353568,2,-2.75778,-0.340226,2.02531,0.270731,-2.28113,0,0.0752774,-2.23818,-0.0473442,0.282854,-2.38327,0,0.372926,-2.4386,-0.0388255
35.5001,-2.84858,-0.361468,2.65596,-2.88731,-0.523178,2.66046,-2.97613,-0.377654,2,-2.75403,-0.364559,2.02493,0.289174,-2.27886,0,0.113881,-2.24249,-0.0465039,0.302123,-2.38091,0,0.377555,-2.428,-0.0375101
35.5101,-2.84566,-0.383739,2.65596,-2.88604,-0.545616,2.66,-2.97309,-0.400923,2,-2.75023,-0.388785,2.02456,0.306991,-2.27653,0,0.140112,-2.24486,-0.0458951,0.320738,-2.37847,0,0.38181,-2.41696,-0.0367165
35.5201,-2.84252,-0.406335,2.65596,-2.88451,-0.568074,2.65954,-2.96981,-0.424531,2,-2.7464,-0.412897,2.02419,0.325068,-2.27402,-3.6549e-19,0.166676,-2.24673,-0.0452529,0.339624,-2.37585,0,0.385738,-2.40546,-0.0364022
35.5302,-2.83916,-0.429197,2.65596,-2.88271,-0.590549,2.65909,-2.9663,-0.448416,2,-2.74252,-0.436893,2.02383,0.343357,-2.27133,-3.6549e-19,0.193403,-2.24834,-0.0443138,0.358733,-2.37304,0,0.389263,-2.39382,-0.0362805
35.54,-2.83557,-0.452302,2.65596,-2.88107,-0.608541,2.65874,-2.96255,-0.472556,2,-2.73861,-0.460774,2.02347,0.361842,-2.26846,0,0.214964,-2.24957,-0.0433248,0.378045,-2.37004,0,0.392494,-2.38222,-0.0362905
35.5501,-2.83197,-0.474318,2.65596,-2.8783,-0.635546,2.65823,-2.95879,-0.495558,2,-2.73467,-0.484538,2.0231,0.379454,-2.26558,0,0.247458,-2.25114,-0.0415315,0.396446,-2.36703,0,0.395364,-2.37056,-0.0364776
35.5602,-2.82805,-0.497179,2.65596,-2.87569,-0.658062,2.65782,-2.95469,-0.519442,2,-2.73071,-0.508184,2.02274,0.397743,-2.26244,0,0.274624,-2.25207,-0.0399499,0.415554,-2.36375,0,0.397936,-2.35873,-0.0369708
35.5701,-2.824,-0.519707,2.65596,-2.87281,-0.680586,2.65743,-2.95045,-0.542979,2,-2.72672,-0.531712,2.02236,0.415766,-2.2592,0,0.301824,-2.25268,-0.0382859,0.434383,-2.36036,0,0.400262,-2.34682,-0.0377112
35.5802,-2.81967,-0.542684,2.65596,-2.8703,-0.698609,2.65713,-2.94593,-0.566985,2,-2.72351,-0.550448,2.02206,0.434147,-2.25574,-7.3098e-19,0.323594,-2.25288,-0.0368442,0.453588,-2.35675,0,0.401978,-2.33723,-0.0384038
35.5902,-2.81527,-0.565062,2.65596,-2.86693,-0.721136,2.65677,-2.94134,-0.590365,2,-2.71948,-0.573759,2.02167,0.452049,-2.25222,-7.3098e-19,0.350895,-2.25263,-0.0348866,0.472292,-2.35307,0,0.404058,-2.32501,-0.0393402
35.6001,-2.81044,-0.588607,2.65596,-2.86514,-0.732399,2.6566,-2.93629,-0.614965,2,-2.71543,-0.596949,2.02127,0.470886,-2.24835,0,0.364526,-2.25238,-0.033878,0.491972,-2.34903,0,0.405955,-2.31281,-0.0404077
35.6101,-2.806,-0.609418,2.65596,-2.85937,-0.766177,2.65612,-2.93166,-0.636707,2,-2.71136,-0.620016,2.02086,0.487534,-2.2448,0,0.405368,-2.25127,-0.030944,0.509366,-2.34532,0,0.407799,-2.30066,-0.0417429
35.6201,-2.80097,-0.632167,2.65596,-2.85518,-0.788684,2.65581,-2.92639,-0.660475,2,-2.70727,-0.642961,2.02044,0.505734,-2.24077,0,0.432677,-2.25,-0.0294296,0.52838,-2.34111,0,0.409768,-2.28838,-0.0435655
35.6301,-2.7958,-0.654621,2.65596,-2.85072,-0.811177,2.65553,-2.921,-0.683935,2,-2.70316,-0.665784,2.01999,0.523697,-2.23664,0,0.459875,-2.24861,-0.0279993,0.547148,-2.3368,0,0.41169,-2.27631,-0.0455234
35.6401,-2.79052,-0.676798,2.65596,-2.84598,-0.833656,2.65525,-2.91548,-0.707105,2,-2.69904,-0.688488,2.01953,0.541439,-2.23241,-7.3098e-19,0.486761,-2.24712,-0.0264505,0.565684,-2.33238,0,0.413441,-2.26455,-0.0473792
35.6501,-2.78501,-0.699124,2.65596,-2.84098,-0.856118,2.655,-2.90972,-0.73043,2,-2.69489,-0.711075,2.01904,0.559299,-2.22801,7.3098e-19,0.51352,-2.24527,-0.0247662,0.584344,-2.32778,0,0.415223,-2.25288,-0.049082
35.6601,-2.77925,-0.721662,2.65596,-2.83571,-0.878561,2.65476,-2.90371,-0.753978,2,-2.69073,-0.733547,2.01854,0.57733,-2.2234,0,0.540119,-2.24328,-0.0230315,0.603182,-2.32297,0,0.41706,-2.24153,-0.0506753
35.67,-2.7735,-0.743486,2.65596,-2.83131,-0.8965,2.65458,-2.89769,-0.776779,2,-2.68655,-0.755907,2.01803,0.594789,-2.2188,0,0.561225,-2.2416,-0.0216383,0.621423,-2.31815,0,0.418944,-2.23054,-0.0521581
35.6801,-2.7673,-0.766236,2.65596,-2.82556,-0.918905,2.65437,-2.89122,-0.800547,2,-2.68235,-0.778158,2.0175,0.612989,-2.21384,-7.3098e-19,0.587434,-2.23924,-0.01988,0.640438,-2.31297,0,0.420953,-2.21977,-0.0534966
35.6902,-2.76114,-0.788144,2.65596,-2.81833,-0.945757,2.65415,-2.88478,-0.823437,2,-2.67813,-0.800303,2.01696,0.630515,-2.20891,0,0.61856,-2.23603,-0.0178105,0.658749,-2.30782,0,0.423108,-2.20921,-0.0546902
35.7001,-2.75467,-0.810471,2.65596,-2.8133,-0.963635,2.65401,-2.87802,-0.846763,2,-2.67389,-0.822342,2.01641,0.648376,-2.20373,7.3098e-19,0.639241,-2.23345,-0.0164703,0.67741,-2.30242,0,0.425586,-2.19861,-0.0557476
35.7101,-2.74826,-0.831949,2.65596,-2.80544,-0.990411,2.65382,-2.87132,-0.869203,2,-2.66962,-0.844276,2.01585,0.665559,-2.1986,0,0.669894,-2.22909,-0.0146886,0.695363,-2.29706,0,0.428278,-2.18819,-0.0567598
35.7201,-2.74151,-0.853931,2.65596,-2.8,-1.00823,2.65371,-2.86427,-0.89217,2,-2.66532,-0.866106,2.01527,0.683145,-2.1932,-7.3098e-19,0.690125,-2.22585,-0.0136072,0.713736,-2.29141,0,0.431269,-2.17795,-0.0576483
35.7301,-2.73455,-0.875954,2.65596,-2.79297,-1.03047,2.65358,-2.857,-0.915179,2,-2.66099,-0.887836,2.01469,0.700763,-2.18764,0,0.715144,-2.22153,-0.0124237,0.732143,-2.2856,0,0.434544,-2.16797,-0.0584366
35.7401,-2.72741,-0.897921,2.65596,-2.78791,-1.04601,2.6535,-2.84955,-0.938129,2,-2.65751,-0.905148,2.01422,0.718337,-2.18193,0,0.732465,-2.21823,-0.0116642,0.750503,-2.27964,0,0.437392,-2.16007,-0.0589205
35.7508,-2.71952,-0.921539,2.65596,-2.77818,-1.0748,2.65335,-2.8413,-0.962805,2,-2.65223,-0.930999,2.01351,0.737231,-2.17562,-7.3098e-19,0.764389,-2.21164,-0.0103813,0.770244,-2.27304,0,0.442232,-2.14853,-0.0594289
35.7602,-2.7126,-0.941721,2.65596,-2.77041,-1.09689,2.65325,-2.83407,-0.983891,2,-2.64778,-0.952438,2.01292,0.753377,-2.17008,0,0.788532,-2.20633,-0.00961147,0.787113,-2.26726,0,0.446546,-2.13935,-0.0597228
35.7701,-2.70509,-0.963089,2.65596,-2.76241,-1.11893,2.65316,-2.82622,-1.00622,2,-2.6433,-0.973787,2.01232,0.770471,-2.16407,-7.3098e-19,0.81229,-2.20092,-0.00908065,0.804972,-2.26098,0,0.451193,-2.13059,-0.0599022
35.7801,-2.69729,-0.984718,2.65596,-2.75667,-1.13432,2.6531,-2.81807,-1.02881,2,-2.63876,-0.995051,2.01172,0.787774,-2.15783,0,0.828593,-2.19702,-0.0088051,0.82305,-2.25446,0,0.456081,-2.12218,-0.0598578
35.7901,-2.68928,-1.0064,2.65596,-2.7457,-1.16283,2.65299,-2.8097,-1.05146,2,-2.63417,-1.01623,2.01112,0.805117,-2.15142,0,0.858247,-2.18937,-0.00840401,0.84117,-2.24776,0,0.461379,-2.11408,-0.0596216
35.8001,-2.68131,-1.02743,2.65596,-2.73524,-1.18906,2.65289,-2.80138,-1.07344,2,-2.62953,-1.03733,2.01053,0.821942,-2.14505,0,0.8851,-2.18166,-0.00830205,0.858748,-2.2411,0,0.467192,-2.10613,-0.0592345
35.81,-2.67295,-1.04901,2.65596,-2.72628,-1.21084,2.6528,-2.79264,-1.09598,2,-2.62483,-1.05836,2.00994,0.839205,-2.13836,0,0.907313,-2.17476,-0.00832475,0.876784,-2.23411,0,0.473754,-2.09835,-0.05862
35.8201,-2.66349,-1.07279,2.65596,-2.71895,-1.22822,2.65274,-2.78276,-1.12083,2,-2.62101,-1.07512,2.00947,0.858233,-2.13079,0,0.924899,-2.16884,-0.00837357,0.896664,-2.22621,0,0.479521,-2.09219,-0.0579382
35.8301,-2.65586,-1.09154,2.65596,-2.70769,-1.25419,2.65263,-2.77479,-1.14041,2,-2.61521,-1.10017,2.00878,0.873228,-2.12469,0,0.950572,-2.15963,-0.00861971,0.912331,-2.21983,0,0.488673,-2.08341,-0.0567393
35.8401,-2.6469,-1.11308,2.65596,-2.69808,-1.27574,2.65255,-2.76543,-1.16292,2,-2.61028,-1.12097,2.00822,0.890463,-2.11752,-1.46196e-18,0.97148,-2.15155,-0.00911736,0.930338,-2.21235,0,0.496898,-2.07634,-0.0557264
35.8501,-2.63799,-1.13405,2.65596,-2.68827,-1.29722,2.65245,-2.75612,-1.18483,2,-2.60527,-1.1417,2.00767,0.90724,-2.11039,1.46196e-18,0.992017,-2.14303,-0.00971437,0.947866,-2.20489,0,0.505773,-2.06942,-0.0545524
35.8601,-2.62871,-1.15539,2.65596,-2.68027,-1.31433,2.65237,-2.74642,-1.20712,2,-2.60016,-1.16236,2.00713,0.92431,-2.10297,0,1.0081,-2.13611,-0.0102435,0.9657,-2.19714,0,0.515244,-2.06293,-0.0532141
35.8701,-2.61924,-1.1767,2.65596,-2.66906,-1.33778,2.65226,-2.73653,-1.22939,2,-2.59548,-1.1809,2.00666,0.94136,-2.09539,-1.46196e-18,1.0297,-2.12627,-0.0110673,0.983513,-2.18922,0,0.524262,-2.05732,-0.051914
35.8802,-2.60983,-1.19744,2.65596,-2.65971,-1.35688,2.65215,-2.72669,-1.25106,2,-2.59072,-1.19939,2.0062,0.95795,-2.08786,0,1.04716,-2.11771,-0.0117775,1.00085,-2.18135,0,0.533971,-2.05167,-0.0504853
35.8901,-2.60031,-1.21796,2.65596,-2.65233,-1.37168,2.65207,-2.71675,-1.2725,2,-2.58533,-1.21988,2.0057,0.974367,-2.08025,0,1.06053,-2.11081,-0.0123295,1.018,-2.1734,0,0.545434,-2.04543,-0.0487365
35.9002,-2.59034,-1.23903,2.65596,-2.64163,-1.39273,2.65194,-2.70633,-1.29452,2,-2.57981,-1.2403,2.00522,0.991226,-2.07227,1.46196e-18,1.07939,-2.10054,-0.0131576,1.03561,-2.16507,0,0.557672,-2.03926,-0.0469377
35.9104,-2.58022,-1.25996,2.65596,-2.63075,-1.41369,2.6518,-2.69576,-1.31639,2,-2.57417,-1.26066,2.00476,1.00797,-2.06418,0,1.09795,-2.09,-0.0141142,1.05311,-2.15661,0,0.570686,-2.03329,-0.0451014
35.9202,-2.57026,-1.28016,2.65596,-2.61968,-1.43453,2.65166,-2.68535,-1.33749,2,-2.56722,-1.28502,2.00424,1.02413,-2.05621,-1.46196e-18,1.11615,-2.07938,-0.015112,1.06999,-2.14828,0,0.587084,-2.02659,-0.0428445
35.9301,-2.56017,-1.30022,2.65596,-2.60273,-1.4656,2.65142,-2.67482,-1.35844,2,-2.56248,-1.30122,2.0039,1.04017,-2.04814,0,1.14266,-2.06324,-0.0166962,1.08675,-2.13985,0,0.598588,-2.02224,-0.0413032
35.9401,-2.5496,-1.32082,2.65596,-2.59122,-1.48618,2.65125,-2.66377,-1.37997,2,-2.55519,-1.32545,2.00342,1.05666,-2.03968,1.46196e-18,1.15987,-2.05225,-0.0180498,1.10397,-2.13102,0,0.616702,-2.01596,-0.0392557
35.9505,-2.53852,-1.342,2.65596,-2.5854,-1.49643,2.65115,-2.65219,-1.40209,2,-2.54894,-1.34558,2.00303,1.0736,-2.03082,0,1.16834,-2.04671,-0.0187799,1.12168,-2.12176,0,0.63267,-2.01099,-0.0376938
35.9602,-2.52746,-1.36272,2.65596,-2.57007,-1.52294,2.6509,-2.64064,-1.42374,2,-2.54383,-1.36165,2.00273,1.09018,-2.02197,0,1.18978,-2.03186,-0.0209989,1.13899,-2.11251,0,0.645934,-2.00692,-0.0368133
35.97,-2.51724,-1.3815,2.65596,-2.55568,-1.54724,2.65063,-2.62996,-1.44336,2,-2.53729,-1.3817,2.00237,1.1052,-2.01379,0,1.20899,-2.0177,-0.0233949,1.15469,-2.10397,0,0.663125,-2.00187,-0.0359008
35.9802,-2.50588,-1.402,2.65596,-2.54596,-1.56334,2.65044,-2.6181,-1.46478,2,-2.53057,-1.40169,2.00202,1.1216,-2.00471,1.46196e-18,1.22143,-2.00825,-0.0248613,1.17182,-2.09448,0,0.680908,-1.99708,-0.0349077
35.9901,-2.49478,-1.42167,2.65596,-2.53737,-1.57737,2.65026,-2.60649,-1.48533,2,-2.52575,-1.41566,2.00177,1.13733,-1.99582,0,1.23205,-1.99988,-0.026093,1.18826,-2.08519,0,0.693747,-1.9938,-0.0342177
36.0002,-2.483,-1.44213,2.65596,-2.52123,-1.60327,2.64991,-2.59419,-1.50671,2,-2.51658,-1.44154,2.00134,1.15371,-1.9864,0,1.25151,-1.98404,-0.0283226,1.20537,-2.07535,0,0.718764,-1.98774,-0.0330659
36.0101,-2.47167,-1.46148,2.65596,-2.5099,-1.62107,2.64964,-2.58235,-1.52692,2,-2.51003,-1.45941,2.00104,1.16918,-1.97733,0,1.26479,-1.97284,-0.0297691,1.22154,-2.06588,0,0.736888,-1.98351,-0.0323287
36.0201,-2.45959,-1.48171,2.65596,-2.50101,-1.63485,2.64943,-2.56973,-1.54806,2,-2.50255,-1.47922,2.00072,1.18537,-1.96767,0,1.27496,-1.96402,-0.03082,1.23845,-2.05578,0,0.757707,-1.9788,-0.031553
36.0303,-2.44775,-1.50119,2.65596,-2.48432,-1.66028,2.64902,-2.55736,-1.56842,2,-2.49487,-1.49899,2.00041,1.20096,-1.9582,-1.46196e-18,1.29336,-1.94761,-0.0326881,1.25473,-2.04588,0,0.779187,-1.97422,-0.0309418
36.04,-2.43591,-1.52033,2.65596,-2.47132,-1.67969,2.64869,-2.54498,-1.58841,2,-2.48536,-1.52264,2.00004,1.21627,-1.94872,0,1.30725,-1.93486,-0.0340917,1.27073,-2.03599,0,0.805895,-1.96866,-0.0304349
36.0501,-2.42352,-1.54001,2.65596,-2.45818,-1.69897,2.64834,-2.53204,-1.60897,2,-2.47884,-1.53838,1.9998,1.23201,-1.93881,0,1.32077,-1.92206,-0.0354031,1.28717,-2.02563,0,0.824174,-1.96499,-0.0302115
36.0601,-2.41121,-1.55921,2.65596,-2.4489,-1.7124,2.64809,-2.51918,-1.62903,2,-2.47048,-1.558,1.9995,1.24737,-1.92896,1.46196e-18,1.33002,-1.9131,-0.0362559,1.30323,-2.01534,0,0.847576,-1.96044,-0.0300529
36.0701,-2.39825,-1.57907,2.65596,-2.43419,-1.73336,2.64768,-2.50564,-1.64978,2,-2.46362,-1.57367,1.99926,1.26326,-1.9186,0,1.34421,-1.89887,-0.0374629,1.31982,-2.00451,0,0.866715,-1.95673,-0.0300364
36.0801,-2.38576,-1.59788,2.65596,-2.42068,-1.75229,2.6473,-2.49259,-1.66943,2,-2.45484,-1.59322,1.99896,1.2783,-1.90861,-1.46196e-18,1.35678,-1.88586,-0.0384759,1.33554,-1.99407,0,0.891125,-1.95204,-0.0301837
36.0901,-2.37306,-1.61667,2.65596,-2.40979,-1.76733,2.64699,-2.47933,-1.68906,2,-2.4458,-1.61271,1.99866,1.29334,-1.89845,-1.46196e-18,1.36673,-1.87533,-0.0391695,1.35125,-1.98346,0,0.916171,-1.94715,-0.0304425
36.1001,-2.36016,-1.63545,2.65596,-2.3933,-1.78974,2.64652,-2.46585,-1.70869,2,-2.43651,-1.63216,1.99835,1.30836,-1.88813,0,1.38138,-1.85944,-0.0400514,1.36695,-1.97268,0,0.941787,-1.94214,-0.030852
36.1101,-2.34671,-1.65469,2.65596,-2.38221,-1.80457,2.64619,-2.4518,-1.72878,2,-2.42696,-1.65156,1.99804,1.32375,-1.87737,-1.46196e-18,1.39096,-1.84878,-0.0405626,1.38303,-1.96144,0,0.967919,-1.93697,-0.0314514
36.1201,-2.33356,-1.67318,2.65596,-2.36543,-1.82666,2.6457,-2.43806,-1.74811,2,-2.41715,-1.6709,1.99772,1.33855,-1.86685,1.46196e-18,1.40507,-1.83281,-0.04127,1.39849,-1.95045,0,0.994524,-1.93172,-0.0322821
36.1304,-2.31964,-1.69243,2.65596,-2.35133,-1.84492,2.64529,-2.42351,-1.76821,2,-2.40707,-1.69019,1.99739,1.35394,-1.85571,0,1.41655,-1.81955,-0.0417735,1.41457,-1.93881,0,1.02156,-1.92641,-0.03331
36.1401,-2.30636,-1.71049,2.65596,-2.33996,-1.85944,2.64495,-2.40964,-1.78708,2,-2.39672,-1.70943,1.99705,1.36839,-1.84509,0,1.42558,-1.80905,-0.0421155,1.42966,-1.92771,0,1.04901,-1.92112,-0.0345302
36.1501,-2.29261,-1.72886,2.65596,-2.32421,-1.87926,2.64449,-2.39528,-1.80628,2,-2.38716,-1.72669,1.99674,1.38309,-1.83409,-2.92392e-18,1.43768,-1.79462,-0.0424855,1.44503,-1.91622,0,1.07402,-1.91622,-0.0357814
36.1602,-2.27863,-1.74726,2.65596,-2.31701,-1.88822,2.64427,-2.38066,-1.8255,2,-2.37848,-1.74201,1.99644,1.3978,-1.8229,2.92392e-18,1.44305,-1.78815,-0.0426295,1.4604,-1.90453,0,1.09643,-1.91194,-0.0370317
36.1712,-2.26336,-1.76699,2.65596,-2.29524,-1.91489,2.64363,-2.36471,-1.84612,2,-2.36512,-1.76491,1.99599,1.4136,-1.81068,0,1.45904,-1.76859,-0.0430663,1.4769,-1.89177,0,1.13056,-1.90513,-0.0392422
36.1801,-2.25073,-1.78305,2.65596,-2.28354,-1.929,2.64329,-2.35151,-1.8629,2,-2.35367,-1.78393,1.99558,1.42644,-1.80058,-2.92392e-18,1.46752,-1.75807,-0.043443,1.49032,-1.88121,0,1.15933,-1.89914,-0.0415091
36.1901,-2.2364,-1.80099,2.65596,-2.26585,-1.95,2.64276,-2.33654,-1.88164,2,-2.34193,-1.80289,1.99516,1.44079,-1.78912,0,1.48001,-1.74242,-0.0439532,1.50531,-1.86924,0,1.1883,-1.89308,-0.0439035
36.2001,-2.22181,-1.81896,2.65596,-2.251,-1.96736,2.64232,-2.3213,-1.90041,2,-2.32991,-1.82179,1.99471,1.45517,-1.77745,1.46196e-18,1.49013,-1.72957,-0.0441408,1.52033,-1.85704,0,1.21745,-1.887,-0.0463055
36.2101,-2.20695,-1.83696,2.65596,-2.23905,-1.98116,2.64197,-2.30578,-1.91922,2,-2.31758,-1.84063,1.99423,1.46957,-1.76556,0,1.49797,-1.71949,-0.0441526,1.53537,-1.84462,0,1.2467,-1.88102,-0.0487193
36.2201,-2.19253,-1.85414,2.65596,-2.22251,-1.99999,2.64148,-2.29071,-1.93717,2,-2.30624,-1.85754,1.99378,1.48331,-1.75403,0,1.50866,-1.70557,-0.0439737,1.54974,-1.83257,0,1.27328,-1.87542,-0.0509024
36.23,-2.17773,-1.87151,2.65596,-2.20738,-2.01699,2.64104,-2.27525,-1.95531,2,-2.29336,-1.87626,1.99326,1.49721,-1.74218,0,1.51832,-1.69275,-0.0436372,1.56425,-1.8202,0,1.30303,-1.86889,-0.0533249
36.2401,-2.1625,-1.88909,2.65596,-2.19672,-2.0288,2.64074,-2.25933,-1.97368,2,-2.28018,-1.89492,1.99272,1.51127,-1.73,0,1.525,-1.68381,-0.0432859,1.57895,-1.80747,0,1.3329,-1.86223,-0.0557004
36.2501,-2.14738,-1.90626,2.65596,-2.17682,-2.05059,2.64018,-2.24354,-1.99162,2,-2.26671,-1.9135,1.99215,1.525,-1.7179,-1.46196e-18,1.53724,-1.6672,-0.0425017,1.59329,-1.79483,0,1.36284,-1.85535,-0.0581119
36.2601,-2.13193,-1.92352,2.65596,-2.1614,-2.06719,2.63976,-2.22739,-2.00966,2,-2.25293,-1.93202,1.99155,1.53882,-1.70554,0,1.54666,-1.65431,-0.0418677,1.60773,-1.78191,0,1.39292,-1.84815,-0.0605809
36.2703,-2.11627,-1.94073,2.65596,-2.14589,-2.08367,2.63934,-2.21104,-2.02764,2,-2.23885,-1.95047,1.99094,1.55259,-1.69302,-1.46196e-18,1.55603,-1.64139,-0.0411285,1.62211,-1.76883,0,1.42307,-1.84071,-0.063015
36.2801,-2.10074,-1.95753,2.65596,-2.13028,-2.10002,2.63894,-2.19481,-2.04519,2,-2.22446,-1.96883,1.99029,1.56603,-1.68059,1.46196e-18,1.56533,-1.62841,-0.0402386,1.63615,-1.75585,0,1.4533,-1.83303,-0.065354
36.2902,-2.08506,-1.97423,2.65596,-2.11458,-2.11624,2.63854,-2.17843,-2.06263,2,-2.20978,-1.98713,1.98963,1.57938,-1.66805,-1.46196e-18,1.57467,-1.6153,-0.0392303,1.6501,-1.74274,0,1.48363,-1.82501,-0.0676
36.3001,-2.06941,-1.99063,2.65596,-2.10353,-2.12751,2.63827,-2.16207,-2.07977,2,-2.19479,-2.00533,1.98894,1.5925,-1.65553,1.46196e-18,1.58117,-1.60617,-0.0384657,1.66381,-1.72966,0,1.51389,-1.81688,-0.0697328
36.3102,-2.05338,-2.00715,2.65596,-2.0829,-2.14828,2.63778,-2.14533,-2.09703,2,-2.1795,-2.02346,1.98824,1.60572,-1.64271,2.92392e-18,1.59313,-1.58924,-0.0369672,1.67763,-1.71627,0,1.54406,-1.80852,-0.0718098
36.3202,-2.03745,-2.02333,2.65596,-2.07173,-2.15938,2.63752,-2.12868,-2.11393,2,-2.16391,-2.0415,1.98751,1.61866,-1.62996,0,1.59966,-1.58009,-0.0361895,1.69114,-1.70295,0,1.57426,-1.7999,-0.0738544
36.3301,-2.02017,-2.04057,2.65596,-2.05568,-2.17511,2.63717,-2.11064,-2.13195,2,-2.14802,-2.05946,1.98676,1.63246,-1.61614,0,1.60912,-1.56698,-0.0350916,1.70556,-1.68851,0,1.60444,-1.79101,-0.0758294
36.3401,-2.00468,-2.0558,2.65596,-2.03954,-2.19072,2.63682,-2.09445,-2.14785,2,-2.13182,-2.07732,1.98599,1.64464,-1.60374,0,1.61854,-1.55405,-0.0339972,1.71828,-1.67556,0,1.63439,-1.78219,-0.077688
36.3501,-1.98803,-2.0719,2.65596,-2.01842,-2.21081,2.63639,-2.07705,-2.16468,2,-2.11533,-2.0951,1.98521,1.65752,-1.59042,1.46196e-18,1.63075,-1.53763,-0.032507,1.73175,-1.66164,0,1.6641,-1.77332,-0.0793516
36.3602,-1.97144,-2.0877,2.65596,-2.00698,-2.22155,2.63616,-2.05972,-2.18118,2,-2.09854,-2.11279,1.9844,1.67016,-1.57715,0,1.63734,-1.52884,-0.0316968,1.74495,-1.64778,0,1.69357,-1.76428,-0.0808757
36.3701,-1.95448,-2.10359,2.65596,-1.98562,-2.24131,2.63576,-2.042,-2.19778,2,-2.08146,-2.13039,1.98359,1.68287,-1.56358,-2.92392e-18,1.64965,-1.51243,-0.0303206,1.75823,-1.6336,0,1.72287,-1.75496,-0.0823319
36.3803,-1.93757,-2.11917,2.65596,-1.96908,-2.25638,2.63546,-2.02434,-2.21406,2,-2.06409,-2.14789,1.98276,1.69533,-1.55006,0,1.65919,-1.49974,-0.0292411,1.77125,-1.61947,0,1.75192,-1.7454,-0.0835708
36.3901,-1.9206,-2.13456,2.65596,-1.95244,-2.27131,2.63518,-2.00661,-2.23014,2,-2.04642,-2.16529,1.98192,1.70765,-1.53648,1.46196e-18,1.6688,-1.48711,-0.0280699,1.78411,-1.60529,0,1.78073,-1.73572,-0.0845202
36.4,-1.90377,-2.14959,2.65596,-1.9357,-2.28612,2.6349,-1.98902,-2.24584,2,-2.02847,-2.1826,1.98107,1.71967,-1.52301,1.46196e-18,1.6784,-1.47448,-0.0267942,1.79667,-1.59121,0,1.80925,-1.72585,-0.0851582
36.4101,-1.88644,-2.16481,2.65596,-1.91887,-2.3008,2.63464,-1.97091,-2.26175,2,-2.01024,-2.19981,1.98022,1.73185,-1.50915,1.46196e-18,1.68803,-1.46193,-0.0254608,1.8094,-1.57673,0,1.83746,-1.7159,-0.0855144
36.4201,-1.86864,-2.18019,2.65596,-1.90703,-2.311,2.63447,-1.95232,-2.27782,2,-1.99172,-2.21692,1.97936,1.74415,-1.49491,1.46196e-18,1.69486,-1.45302,-0.0245053,1.82226,-1.56185,0,1.86544,-1.70557,-0.0855916
36.4301,-1.85162,-2.19466,2.65596,-1.89003,-2.32547,2.63423,-1.93454,-2.29294,2,-1.97671,-2.23053,1.97868,1.75573,-1.4813,0,1.70477,-1.44019,-0.0231485,1.83435,-1.54763,0,1.88763,-1.6971,-0.0855042
36.4402,-1.83285,-2.21036,2.65596,-1.87978,-2.33409,2.63409,-1.91492,-2.30934,2,-1.9577,-2.24745,1.97782,1.76829,-1.46628,1.46196e-18,1.71077,-1.43251,-0.0223848,1.84747,-1.53194,0,1.91503,-1.68635,-0.0851995
36.4501,-1.81627,-2.22401,2.65596,-1.86262,-2.34835,2.63387,-1.8976,-2.3236,2,-1.94035,-2.26258,1.97706,1.77921,-1.45302,-1.46196e-18,1.7209,-1.41962,-0.0211025,1.85888,-1.51808,0,1.93934,-1.67642,-0.0847607
36.4601,-1.79835,-2.23853,2.65596,-1.84709,-2.36107,2.63369,-1.87888,-2.33877,2,-1.92083,-2.27929,1.97621,1.79082,-1.43868,-1.46196e-18,1.73021,-1.40791,-0.0201112,1.87101,-1.5031,0,1.9659,-1.66518,-0.0840692
36.4701,-1.78016,-2.25302,2.65596,-1.82102,-2.38204,2.6334,-1.85987,-2.35391,2,-1.90104,-2.29588,1.97538,1.80242,-1.42412,1.46196e-18,1.74617,-1.38845,-0.0184035,1.88313,-1.4879,0,1.99209,-1.65366,-0.083033
36.4801,-1.76238,-2.26695,2.65596,-1.80702,-2.39311,2.63325,-1.8413,-2.36846,2,-1.88098,-2.31236,1.97455,1.81356,-1.40991,-1.46196e-18,1.75502,-1.37796,-0.0177056,1.89477,-1.47304,0,2.0179,-1.64179,-0.0820377
36.4901,-1.74419,-2.28098,2.65596,-1.78588,-2.40955,2.63305,-1.82229,-2.38312,2,-1.86068,-2.32872,1.97374,1.82478,-1.39535,0,1.76857,-1.36181,-0.0169791,1.90649,-1.45783,0,2.04331,-1.62936,-0.0809528
36.5001,-1.72522,-2.29536,2.65596,-1.77169,-2.4204,2.63291,-1.80248,-2.39814,2,-1.84012,-2.34495,1.97293,1.83628,-1.38018,0,1.77776,-1.35072,-0.0163878,1.91851,-1.44198,0,2.06835,-1.6164,-0.0794656
36.5101,-1.70701,-2.30893,2.65596,-1.75028,-2.43651,2.63272,-1.78345,-2.41233,2,-1.81931,-2.36104,1.97215,1.84715,-1.36561,0,1.79162,-1.33401,-0.0153861,1.92986,-1.42676,0,2.0928,-1.6032,-0.0776163
36.5201,-1.68861,-2.32242,2.65596,-1.73591,-2.44713,2.6326,-1.76422,-2.42642,2,-1.79827,-2.37701,1.97138,1.85794,-1.35089,-1.46196e-18,1.80096,-1.32279,-0.0146982,1.94114,-1.41138,0,2.11674,-1.5897,-0.0754848
36.5301,-1.67038,-2.33557,2.65596,-1.71421,-2.46291,2.63243,-1.74518,-2.44015,2,-1.77698,-2.39284,1.97064,1.86845,-1.3363,1.46196e-18,1.81504,-1.30578,-0.0136506,1.95212,-1.39614,0,2.14008,-1.57585,-0.0730762
36.5402,-1.65118,-2.34918,2.65596,-1.70512,-2.46942,2.63236,-1.72512,-2.45438,2,-1.75979,-2.4054,1.97006,1.87934,-1.32094,0,1.82092,-1.29862,-0.0131841,1.9635,-1.3801,0,2.15831,-1.56449,-0.0709419
36.5501,-1.63293,-2.3619,2.65596,-1.68135,-2.48618,2.6322,-1.70606,-2.46767,2,-1.73373,-2.42407,1.96923,1.88952,-1.30635,1.46196e-18,1.83632,-1.27967,-0.0121317,1.97413,-1.36484,0,2.18495,-1.54691,-0.0676534
36.5601,-1.61393,-2.37493,2.65596,-1.65923,-2.50143,2.63206,-1.6862,-2.48127,2,-1.71177,-2.43946,1.96857,1.89994,-1.29114,1.46196e-18,1.85086,-1.26168,-0.0115558,1.98502,-1.34896,0,2.20658,-1.53161,-0.064936
36.5701,-1.59431,-2.38814,2.65596,-1.64066,-2.51397,2.63195,-1.66571,-2.49508,2,-1.6896,-2.4547,1.96793,1.91051,-1.27545,0,1.86309,-1.24639,-0.0110653,1.99606,-1.33257,0,2.22755,-1.51588,-0.0619816
36.5801,-1.57529,-2.40073,2.65596,-1.62196,-2.52635,2.63184,-1.64583,-2.50824,2,-1.66722,-2.46978,1.96733,1.92059,-1.26023,-1.46196e-18,1.87524,-1.23131,-0.0104499,2.00659,-1.31666,0,2.24783,-1.50013,-0.0587123
36.5901,-1.55626,-2.41311,2.65596,-1.60315,-2.53859,2.63174,-1.62595,-2.52117,2,-1.64464,-2.4847,1.96676,1.93049,-1.24501,-1.46196e-18,1.88734,-1.21633,-0.00964462,2.01694,-1.30076,0,2.26744,-1.48427,-0.0550767
36.6003,-1.53633,-2.42585,2.65596,-1.58422,-2.55068,2.63165,-1.60513,-2.53448,2,-1.62187,-2.49946,1.96623,1.94068,-1.22906,1.46196e-18,1.89958,-1.20117,-0.00871996,2.02758,-1.2841,0,2.28653,-1.46803,-0.0511583
36.6101,-1.51715,-2.43789,2.65596,-1.56516,-2.56261,2.63156,-1.58508,-2.54706,2,-1.59891,-2.51406,1.96574,1.95031,-1.21372,1.46196e-18,1.91186,-1.18579,-0.0077126,2.03765,-1.26807,0,2.30501,-1.45136,-0.0470113
36.6201,-1.49807,-2.44966,2.65596,-1.54598,-2.5744,2.63149,-1.56515,-2.55936,2,-1.57577,-2.52849,1.96529,1.95973,-1.19845,1.46196e-18,1.92412,-1.1704,-0.00665767,2.04749,-1.25212,0,2.32283,-1.43448,-0.042687
36.63,-1.47868,-2.46141,2.65596,-1.52668,-2.58602,2.63143,-1.5449,-2.57163,2,-1.55246,-2.54275,1.96489,1.96913,-1.18295,-1.46196e-18,1.93633,-1.15512,-0.00555379,2.0573,-1.23592,0,2.33994,-1.41749,-0.0382
36.6401,-1.45864,-2.47334,2.65596,-1.50725,-2.5975,2.63138,-1.52396,-2.5841,2,-1.52898,-2.55684,1.96453,1.97867,-1.16691,0,1.94851,-1.13974,-0.00441761,2.06728,-1.21917,0,2.35637,-1.40018,-0.0335852
36.6501,-1.43858,-2.48507,2.65596,-1.48771,-2.60882,2.63134,-1.50299,-2.59635,2,-1.50533,-2.57075,1.96421,1.98805,-1.15086,0,1.96067,-1.12412,-0.00324369,2.07708,-1.2024,0,2.37216,-1.38242,-0.0288555
36.6601,-1.41912,-2.49623,2.65596,-1.46804,-2.61998,2.63132,-1.48267,-2.60801,2,-1.48154,-2.58449,1.96395,1.99698,-1.1353,0,1.97271,-1.10852,-0.00203005,2.08641,-1.18613,0,2.38719,-1.36448,-0.0240264
36.6701,-1.39867,-2.50774,2.65596,-1.44825,-2.63099,2.6313,-1.46131,-2.62004,2,-1.45759,-2.59804,1.96373,2.00619,-1.11894,0,1.98468,-1.09296,-0.000812678,2.09603,-1.16905,0,2.40153,-1.34635,-0.0191514
36.6802,-1.3779,-2.51921,2.65596,-1.43234,-2.63968,2.6313,-1.4396,-2.63202,2,-1.43834,-2.60875,1.9636,2.01537,-1.10232,0,1.99426,-1.08046,0.000138963,2.10562,-1.15168,0,2.41255,-1.33164,-0.015255
36.6902,-1.35811,-2.52994,2.65596,-1.41634,-2.64828,2.6313,-1.41892,-2.64323,2,-1.41172,-2.62329,1.96346,2.02395,-1.08649,1.46196e-18,2.00379,-1.06796,0.00106623,2.11458,-1.13514,0,2.427,-1.31116,-0.00993739
36.7,-1.33819,-2.54053,2.65596,-1.39625,-2.65888,2.63132,-1.39811,-2.6543,2,-1.38739,-2.6363,1.96338,2.03243,-1.07055,0,2.01575,-1.05211,0.00215765,2.12344,-1.11849,0,2.4395,-1.29203,-0.00517718
36.7101,-1.31779,-2.55117,2.65596,-1.374,-2.67035,2.63135,-1.3768,-2.66541,2,-1.36783,-2.64658,1.96336,2.04094,-1.05423,0,2.02889,-1.03444,0.00333894,2.13233,-1.10144,0,2.44896,-1.27645,-0.00139404
36.7201,-1.29723,-2.56169,2.65596,-1.35569,-2.6796,2.63138,-1.35532,-2.6764,2,-1.34574,-2.65799,1.96336,2.04935,-1.03779,0,2.03966,-1.02007,0.00426547,2.14112,-1.08426,0,2.45911,-1.25886,0.00278745
36.7302,-1.27647,-2.5721,2.65596,-1.33524,-2.68972,2.63143,-1.33363,-2.68727,2,-1.3211,-2.67048,1.96341,2.05768,-1.02118,0,2.05159,-1.0041,0.00531937,2.14982,-1.0669,0,2.46976,-1.23909,0.00740078
36.7402,-1.2559,-2.5822,2.65596,-1.31466,-2.69968,2.63149,-1.31214,-2.69783,2,-1.29635,-2.68277,1.96351,2.06576,-1.00472,0,2.06346,-0.987979,0.00639555,2.15826,-1.04971,0,2.47975,-1.21894,0.0119591
36.7501,-1.2353,-2.59212,2.65596,-1.29397,-2.70948,2.63156,-1.29062,-2.70819,2,-1.27151,-2.69486,1.96365,2.07369,-0.988243,-1.46196e-18,2.07522,-0.971758,0.0074909,2.16655,-1.0325,0,2.489,-1.19848,0.0164421
36.7602,-1.21443,-2.60196,2.65596,-1.27316,-2.71911,2.63164,-1.26881,-2.71848,2,-1.24657,-2.70674,1.96384,2.08157,-0.971545,0,2.08693,-0.955417,0.00859479,2.17478,-1.01505,0,2.49762,-1.17769,0.020824
36.7701,-1.19376,-2.61151,2.65596,-1.25223,-2.72859,2.63173,-1.24722,-2.72845,2,-1.22156,-2.71841,1.96407,2.08921,-0.95501,0,2.09852,-0.939097,0.00972975,2.18276,-0.997775,0,2.50558,-1.15671,0.025113
36.7801,-1.17285,-2.62097,2.65596,-1.23751,-2.73512,2.6318,-1.22537,-2.73833,2,-1.204,-2.72645,1.96425,2.09677,-0.938279,1.46196e-18,2.10652,-0.927663,0.0105432,2.19067,-0.980295,0,2.51071,-1.14189,0.0280534
36.7901,-1.1518,-2.63029,2.65596,-1.21003,-2.74704,2.63195,-1.20338,-2.74807,2,-1.1713,-2.74112,1.96465,2.10423,-0.921442,0,2.12121,-0.906412,0.0120396,2.19845,-0.962704,0,2.51942,-1.1141,0.0333075
36.8001,-1.13075,-2.63941,2.65596,-1.19516,-2.75335,2.63204,-1.18138,-2.7576,2,-1.14608,-2.75215,1.96501,2.11153,-0.904596,-1.46196e-18,2.12907,-0.894968,0.0127267,2.20608,-0.945103,0,2.52542,-1.09252,0.0369651
36.8102,-1.10948,-2.64842,2.65596,-1.16738,-2.76484,2.63221,-1.15916,-2.76701,2,-1.1208,-2.76297,1.96539,2.11873,-0.887584,0,2.14347,-0.873693,0.0138569,2.21361,-0.927329,0,2.53079,-1.07074,0.0403628
36.8201,-1.0886,-2.65706,2.65596,-1.14589,-2.7735,2.63235,-1.13735,-2.77605,2,-1.09546,-2.77357,1.96581,2.12565,-0.870882,0,2.15432,-0.857445,0.0146686,2.22084,-0.90988,0,2.5355,-1.04892,0.0435277
36.8302,-1.06711,-2.66577,2.65596,-1.11997,-2.78367,2.63253,-1.11489,-2.78514,2,-1.06501,-2.786,1.96636,2.13262,-0.853684,0,2.16703,-0.838043,0.0156822,2.22811,-0.891912,0,2.54029,-1.02263,0.0471189
36.8401,-1.04594,-2.67415,2.65596,-1.10912,-2.78784,2.63261,-1.09278,-2.79389,2,-1.04468,-2.79411,1.96674,2.13932,-0.836752,-1.46196e-18,2.17223,-0.829965,0.0161354,2.23511,-0.874221,0,2.54304,-1.00496,0.0494168
36.8501,-1.02452,-2.68243,2.65596,-1.08079,-2.79849,2.63283,-1.0704,-2.80254,2,-1.01923,-2.80404,1.96725,2.14594,-0.819615,-7.3098e-19,2.18548,-0.808726,0.0171412,2.24204,-0.856317,0,2.546,-0.982634,0.0519376
36.8601,-1.00298,-2.69055,2.65596,-1.06547,-2.80411,2.63295,-1.04789,-2.81104,2,-0.993758,-2.81376,1.96778,2.15244,-0.802384,0,2.19246,-0.79723,0.0175498,2.24883,-0.838314,0,2.54838,-0.960168,0.0541017
36.8702,-0.981261,-2.69855,2.65596,-1.03689,-2.81434,2.63319,-1.0252,-2.81939,2,-0.968264,-2.82325,1.96833,2.15884,-0.785009,-7.3098e-19,2.2051,-0.776041,0.0182875,2.25551,-0.820161,0,2.55015,-0.937722,0.0560675
36.8801,-0.959588,-2.70633,2.65596,-1.02143,-2.81973,2.63332,-1.00256,-2.82752,2,-0.942757,-2.83251,1.9689,2.16507,-0.76767,-7.3098e-19,2.2117,-0.764676,0.0187115,2.26202,-0.802046,0,2.5513,-0.915242,0.0578561
36.8901,-0.937443,-2.71408,2.65596,-0.999263,-2.8273,2.63351,-0.979421,-2.83562,2,-0.91724,-2.84155,1.96949,2.17127,-0.749954,1.46196e-18,2.22084,-0.748449,0.0193209,2.2685,-0.783537,0,2.55183,-0.892688,0.0594573
36.9003,-0.915327,-2.72162,2.65596,-0.970317,-2.83689,2.63376,-0.956315,-2.84349,2,-0.891722,-2.85037,1.97009,2.1773,-0.732262,-7.3098e-19,2.2323,-0.72737,0.0202206,2.2748,-0.765052,0,2.55182,-0.870115,0.0609583
36.9101,-0.894446,-2.72856,2.65596,-0.95467,-2.84194,2.63391,-0.934499,-2.85074,2,-0.866206,-2.85895,1.97071,2.18284,-0.715557,0,2.23833,-0.715976,0.0207722,2.28059,-0.747599,0,2.5513,-0.847439,0.0623196
36.9202,-0.872413,-2.73568,2.65596,-0.932244,-2.84902,2.63412,-0.91148,-2.85818,2,-0.840697,-2.86731,1.97134,2.18854,-0.697931,0,2.24676,-0.699607,0.0215658,2.28655,-0.729184,0,2.55032,-0.824614,0.0635033
36.9302,-0.850238,-2.74265,2.65596,-0.909736,-2.85593,2.63434,-0.888311,-2.86547,2,-0.815201,-2.87545,1.97198,2.19412,-0.68019,-7.3098e-19,2.25491,-0.683165,0.0224026,2.29237,-0.710649,0,2.54886,-0.801716,0.0645562
36.9404,-0.827831,-2.7495,2.65596,-0.880355,-2.86467,2.63464,-0.864901,-2.87262,2,-0.789722,-2.88335,1.97263,2.1996,-0.662265,0,2.26511,-0.661585,0.023582,2.2981,-0.69192,0,2.54688,-0.778714,0.0654623
36.9501,-0.806928,-2.75571,2.65596,-0.857666,-2.87121,2.63488,-0.843062,-2.87911,2,-0.764265,-2.89102,1.97329,2.20457,-0.645543,0,2.27262,-0.644965,0.0245003,2.30328,-0.67445,0,2.5444,-0.755726,0.0661872
36.9603,-0.784265,-2.76224,2.65596,-0.834904,-2.87757,2.63513,-0.819384,-2.88593,2,-0.738835,-2.89846,1.97395,2.20979,-0.627412,0,2.27978,-0.628387,0.0254528,2.30875,-0.655507,0,2.54146,-0.732808,0.0667738
36.9703,-0.762008,-2.76846,2.65596,-0.807497,-2.885,2.63544,-0.796131,-2.89243,2,-0.713437,-2.90568,1.97462,2.21477,-0.609607,-7.3098e-19,2.28798,-0.608401,0.0266743,2.31395,-0.636905,0,2.53813,-0.709859,0.0672606
36.9802,-0.739923,-2.77445,2.65596,-0.796049,-2.88802,2.63557,-0.773057,-2.89869,2,-0.688074,-2.91266,1.9753,2.21956,-0.591939,7.3098e-19,2.29127,-0.600051,0.0271933,2.31895,-0.618445,0,2.53444,-0.6869,0.0676181
36.9902,-0.717988,-2.78021,2.65596,-0.766209,-2.89567,2.63594,-0.750139,-2.9047,2,-0.662749,-2.91941,1.97597,2.22416,-0.57439,0,2.29947,-0.578086,0.0283752,2.32376,-0.600111,0,2.53042,-0.663815,0.0676642
37.0001,-0.696055,-2.78578,2.65596,-0.743183,-2.90137,2.63622,-0.727224,-2.91052,2,-0.637466,-2.92594,1.97665,2.22862,-0.556844,7.3098e-19,2.30552,-0.560918,0.029006,2.32842,-0.581779,0,2.52612,-0.640604,0.0673315
37.0101,-0.673509,-2.79131,2.65596,-0.727031,-2.90525,2.63643,-0.703668,-2.91631,2,-0.612228,-2.93223,1.97732,2.23305,-0.538807,0,2.3096,-0.548886,0.0294723,2.33305,-0.562934,0,2.52145,-0.617435,0.0669097
37.0202,-0.650632,-2.79674,2.65596,-0.703906,-2.91066,2.63673,-0.679767,-2.92197,2,-0.587038,-2.93828,1.97799,2.23739,-0.520506,-7.3098e-19,2.3152,-0.531417,0.0301616,2.33758,-0.543814,0,2.51652,-0.594048,0.0663415
37.0302,-0.626549,-2.80223,2.65596,-0.680727,-2.91588,2.63703,-0.654605,-2.92771,2,-0.561899,-2.94411,1.97864,2.24178,-0.501239,0,2.32057,-0.513861,0.0307902,2.34217,-0.523684,0,2.51129,-0.57072,0.0656475
37.0403,-0.605769,-2.80679,2.65596,-0.657495,-2.92093,2.63734,-0.632895,-2.93248,2,-0.544333,-2.94805,1.9791,2.24544,-0.484615,-7.3098e-19,2.3258,-0.496064,0.0314791,2.34598,-0.506316,0,2.50749,-0.554312,0.0651139
37.05,-0.584136,-2.81138,2.65596,-0.641202,-2.92436,2.63756,-0.610293,-2.93727,2,-0.519286,-2.95347,1.97975,2.2491,-0.467309,0,2.32939,-0.483564,0.0319828,2.34981,-0.488234,0,2.50189,-0.53096,0.0642894
37.0601,-0.560916,-2.8161,2.65596,-0.617883,-2.92911,2.63789,-0.586034,-2.9422,2,-0.494296,-2.95867,1.98039,2.25288,-0.448733,0,2.33436,-0.465741,0.0327251,2.35376,-0.468827,0,2.496,-0.507804,0.0633628
37.0701,-0.539046,-2.82037,2.65596,-0.594516,-2.93368,2.63822,-0.563184,-2.94666,2,-0.469367,-2.96363,1.98102,2.25629,-0.431237,-7.3098e-19,2.33915,-0.447922,0.0334345,2.35733,-0.450547,0,2.4899,-0.484791,0.0623347
37.0802,-0.515959,-2.82468,2.65596,-0.575787,-2.9372,2.63849,-0.539064,-2.95117,2,-0.444499,-2.96836,1.98163,2.25975,-0.412767,7.3098e-19,2.34292,-0.433639,0.0340369,2.36094,-0.431251,0,2.48366,-0.461806,0.0612468
37.0901,-0.493291,-2.82873,2.65596,-0.540591,-2.9435,2.63901,-0.51538,-2.9554,2,-0.419694,-2.97286,1.98224,2.26298,-0.394633,-3.6549e-19,2.34985,-0.406437,0.0351699,2.36432,-0.412304,0,2.47724,-0.438816,0.060067
37.1,-0.470828,-2.83256,2.65596,-0.51707,-2.94748,2.63936,-0.491912,-2.9594,2,-0.394955,-2.97714,1.98283,2.26604,-0.376663,0,2.35424,-0.388133,0.0356147,2.36752,-0.393529,0,2.47062,-0.415903,0.0585168
37.1101,-0.448225,-2.83622,2.65596,-0.493507,-2.95127,2.63972,-0.468297,-2.96322,2,-0.370282,-2.98118,1.98341,2.26898,-0.35858,0,2.35846,-0.369789,0.035929,2.37058,-0.374637,0,2.46392,-0.393123,0.0567922
37.1207,-0.423935,-2.83995,2.65596,-0.469902,-2.95487,2.64008,-0.442919,-2.96712,2,-0.353051,-2.98388,1.9838,2.27196,-0.339148,-3.6549e-19,2.36239,-0.351468,0.036343,2.3737,-0.354335,0,2.45914,-0.377273,0.0556312
37.1301,-0.402652,-2.84305,2.65596,-0.450991,-2.95762,2.64037,-0.420683,-2.97036,2,-0.326043,-2.98789,1.98441,2.27444,-0.322122,-3.6549e-19,2.36532,-0.336792,0.0366334,2.37629,-0.336546,0,2.45142,-0.352536,0.0537589
37.1401,-0.379973,-2.84617,2.65596,-0.434425,-2.95994,2.64063,-0.396988,-2.97362,2,-0.301564,-2.99131,1.98493,2.27693,-0.303978,0,2.36787,-0.323877,0.036646,2.37889,-0.31759,0,2.44449,-0.330137,0.0515607
37.1505,-0.356409,-2.84921,2.65596,-0.403613,-2.96399,2.6411,-0.372369,-2.9768,2,-0.277154,-2.9945,1.98544,2.27937,-0.285127,3.6549e-19,2.37242,-0.299891,0.036212,2.38144,-0.297895,0,2.43749,-0.307962,0.0491381
37.1601,-0.334751,-2.85184,2.65596,-0.386998,-2.96605,2.64136,-0.349741,-2.97954,2,-0.252814,-2.99747,1.98592,2.28147,-0.267801,0,2.37473,-0.286946,0.0360512,2.38364,-0.279793,0,2.43034,-0.285951,0.0467609
37.1702,-0.311682,-2.85445,2.65596,-0.3561,-2.96962,2.64182,-0.325639,-2.98227,2,-0.228547,-3.00022,1.98637,2.28356,-0.249345,0,2.37871,-0.262817,0.0356597,2.38582,-0.260511,0,2.42301,-0.264081,0.0443399
37.1803,-0.287678,-2.85697,2.65596,-0.339442,-2.97141,2.64207,-0.30056,-2.98491,2,-0.204355,-3.00275,1.9868,2.28558,-0.230142,0,2.38067,-0.249729,0.0353561,2.38792,-0.240448,0,2.41557,-0.242304,0.0417861
37.1901,-0.265876,-2.85908,2.65596,-0.308471,-2.9745,2.64253,-0.277781,-2.98711,2,-0.180236,-3.00506,1.98721,2.28727,-0.2127,3.6549e-19,2.38401,-0.225421,0.0347127,2.38969,-0.222225,0,2.40804,-0.220734,0.0391966
37.2001,-0.24327,-2.8611,2.65596,-0.296548,-2.97561,2.6427,-0.254164,-2.98921,2,-0.156194,-3.00716,1.98759,2.28888,-0.194616,-1.82745e-19,2.38515,-0.216056,0.0344139,2.39137,-0.203331,0,2.40037,-0.199338,0.0364633
37.2102,-0.219904,-2.86299,2.65596,-0.260747,-2.97863,2.64321,-0.229751,-2.99119,2,-0.132229,-3.00905,1.98794,2.29039,-0.175923,0,2.38824,-0.187732,0.0331218,2.39295,-0.183801,0,2.39271,-0.177989,0.0335458
37.2201,-0.197396,-2.86463,2.65596,-0.244025,-2.9799,2.64344,-0.206235,-2.9929,2,-0.10834,-3.01072,1.98826,2.2917,-0.157917,0,2.38953,-0.174416,0.0324647,2.39432,-0.164988,0,2.38504,-0.156753,0.0306829
37.2301,-0.174339,-2.86612,2.65596,-0.212946,-2.98201,2.64385,-0.182146,-2.99447,2,-0.0845278,-3.01218,1.98855,2.2929,-0.139471,1.82745e-19,2.39183,-0.149352,0.0315576,2.39557,-0.145717,0,2.37745,-0.135508,0.0281022
37.2403,-0.149274,-2.86754,2.65596,-0.196199,-2.983,2.64407,-0.155958,-2.99594,2,-0.0679042,-3.01308,1.98874,2.29403,-0.119419,1.82745e-19,2.39293,-0.135769,0.0310083,2.39675,-0.124766,0,2.37217,-0.120688,0.0262522
37.2502,-0.128487,-2.86854,2.65596,-0.165079,-2.98461,2.64447,-0.13424,-2.99699,2,-0.0324056,-3.01466,1.98911,2.29483,-0.102789,0,2.39473,-0.110505,0.0297173,2.3976,-0.107392,0,2.361,-0.0891888,0.0220802
37.2604,-0.104646,-2.86951,2.65596,-0.148313,-2.98533,2.64467,-0.109332,-2.99801,2,-0.0135412,-3.0153,1.98927,2.29561,-0.083717,0,2.39553,-0.0967992,0.0288974,2.39841,-0.0874658,0,2.35511,-0.0724655,0.0197482
37.2701,-0.082499,-2.87023,2.65596,-0.117163,-2.98642,2.64504,-0.0861932,-2.99876,2,0.00997285,-3.01592,1.98946,2.29619,-0.0659992,9.13725e-20,2.3967,-0.071369,0.0274463,2.39901,-0.0689546,0,2.34773,-0.0517762,0.0170674
37.2801,-0.0596366,-2.8708,2.65596,-0.100384,-2.98688,2.64523,-0.0623071,-2.99935,2,0.0334136,-3.01634,1.98961,2.29664,-0.0477093,0,2.39717,-0.0575931,0.0266921,2.39948,-0.0498457,0,2.34046,-0.0311204,0.0144262
37.2901,-0.0364141,-2.87119,2.65596,-0.0692167,-2.98746,2.64556,-0.0380447,-2.99976,2,0.0567824,-3.01655,1.98975,2.29695,-0.0291312,0,2.39777,-0.0318426,0.0252834,2.39981,-0.0304357,0,2.33329,-0.0104949,0.0119489
37.3003,-0.0133774,-2.87139,2.65596,-0.0524318,-2.98763,2.64574,-0.0139764,-2.99997,2,0.0800798,-3.01655,1.98985,2.29711,-0.0107019,1.14216e-20,2.39791,-0.0179341,0.024493,2.39997,-0.0111811,0,2.32622,0.010028,0.00941071
37.3101,0.00918145,-2.8714,2.65596,-0.0212587,-2.9877,2.64605,0.00959259,-2.99998,2,0.103307,-3.01634,1.98994,2.29712,0.00734516,0,2.39786,0.00813154,0.0229111,2.39999,0.00767407,0,2.31925,0.0305564,0.00700811
37.3201,0.0326281,-2.87123,2.65596,-0.00447463,-2.98759,2.6462,0.0340892,-2.99981,2,0.126465,-3.01594,1.98999,2.29699,0.0261025,0,2.39757,0.0221996,0.0220642,2.39985,0.0272714,0,2.3123,0.0509511,0.00458756
37.3304,0.0556368,-2.87088,2.65596,0.0314827,-2.98703,2.64652,0.0581282,-2.99944,2,0.149554,-3.01533,1.99003,2.2967,0.0445095,-4.56862e-20,2.39666,0.0523379,0.0201284,2.39955,0.0465026,0,2.30554,0.0712084,0.00229731
37.3406,0.0791766,-2.87033,2.65596,0.0506533,-2.98655,2.64668,0.0827221,-2.99886,2,0.172576,-3.01451,1.99004,2.29626,0.0633413,0,2.39598,0.0684004,0.0191753,2.39909,0.0661777,0,2.29895,0.0913018,0.00018268
37.3504,0.101697,-2.86962,2.65596,0.062632,-2.98618,2.64677,0.106251,-2.99812,2,0.200117,-3.01327,1.99003,2.29569,0.0813576,0,2.39548,0.0783859,0.0186827,2.39849,0.0850008,0,2.2912,0.115152,-0.0018868
37.3601,0.124164,-2.86873,2.65596,0.0913691,-2.9851,2.64699,0.129723,-2.99719,2,0.218426,-3.01229,1.99001,2.29499,0.0993308,-1.82745e-19,2.394,0.102459,0.0175372,2.39776,0.103779,0,2.28627,0.131142,-0.00338375
37.3708,0.149061,-2.86755,2.65596,0.11291,-2.98409,2.64714,0.155736,-2.99595,2,0.238979,-3.01103,1.98997,2.29404,0.119249,0,2.39279,0.12074,0.0161724,2.39676,0.124589,0,2.28093,0.149102,-0.0055516
37.3801,0.169984,-2.86638,2.65596,0.13683,-2.98278,2.64729,0.177596,-2.99474,2,0.261759,-3.00944,1.9899,2.29311,0.135987,0,2.39125,0.141018,0.0142554,2.39579,0.142077,0,2.27511,0.168907,-0.00781469
37.3902,0.193048,-2.86492,2.65596,0.160734,-2.98127,2.64743,0.201693,-2.99321,2,0.284481,-3.00765,1.98981,2.29194,0.154439,-1.82745e-19,2.38951,0.161378,0.0127228,2.39457,0.161354,0,2.26947,0.188701,-0.0098353
37.4001,0.216156,-2.86327,2.65596,0.18462,-2.97955,2.64755,0.225836,-2.99149,2,0.307149,-3.00566,1.98971,2.29062,0.172925,-1.82745e-19,2.38759,0.181884,0.0111513,2.39319,0.180669,0,2.26402,0.208487,-0.011643
37.4101,0.239779,-2.86139,2.65596,0.208485,-2.97763,2.64765,0.250516,-2.98952,2,0.329762,-3.00348,1.98958,2.28911,0.191823,-1.82745e-19,2.38542,0.202375,0.00993226,2.39162,0.200413,0,2.25868,0.228095,-0.0130313
37.4201,0.261426,-2.85949,2.65596,0.237092,-2.97506,2.64777,0.273133,-2.98754,2,0.350069,-3.00135,1.98946,2.2876,0.209141,0,2.38235,0.226829,0.0088349,2.39003,0.218506,0,2.2539,0.24559,-0.013959
37.4301,0.284492,-2.85729,2.65596,0.253762,-2.97342,2.64783,0.297231,-2.98524,2,0.365833,-2.99958,1.98936,2.28583,0.227593,0,2.38041,0.241179,0.00804933,2.38819,0.237785,0,2.25029,0.259244,-0.0148142
37.4403,0.307853,-2.85487,2.65596,0.275174,-2.97117,2.64789,0.321639,-2.98271,2,0.386066,-2.99717,1.98922,2.2839,0.246282,-3.6549e-19,2.37776,0.259562,0.00688945,2.38617,0.257311,0,2.24582,0.276692,-0.0160003
37.4501,0.330085,-2.85238,2.65596,0.298936,-2.96847,2.64796,0.344866,-2.98011,2,0.4085,-2.99431,1.98906,2.28191,0.264068,0,2.37466,0.280077,0.00573524,2.38409,0.275893,0,2.24108,0.296089,-0.0171047
37.4601,0.352718,-2.84967,2.65596,0.322666,-2.96557,2.64801,0.368512,-2.97728,2,0.430888,-2.99125,1.98888,2.27974,0.282174,0,2.37132,0.300617,0.00479423,2.38182,0.29481,0,2.23645,0.315404,-0.0179252
37.4706,0.376779,-2.84659,2.65596,0.339257,-2.96341,2.64804,0.393651,-2.97406,2,0.45323,-2.988,1.9887,2.27727,0.301424,0,2.36884,0.315016,0.00423746,2.37925,0.314921,0,2.23197,0.33468,-0.0185118
37.4802,0.398572,-2.84362,2.65596,0.362927,-2.96016,2.64808,0.41642,-2.97096,2,0.475528,-2.98456,1.98851,2.2749,0.318858,0,2.36512,0.335546,0.00341188,2.37677,0.333136,0,2.22768,0.353835,-0.0192295
37.4901,0.421476,-2.84032,2.65596,0.393641,-2.95562,2.64811,0.440349,-2.96751,2,0.497784,-2.98092,1.98832,2.27225,0.33718,0,2.36017,0.362206,0.00196371,2.374,0.352279,0,2.22368,0.372919,-0.0199902
37.5002,0.44428,-2.83684,2.65596,0.410153,-2.95304,2.64812,0.464174,-2.96387,2,0.520002,-2.9771,1.98811,2.26947,0.355424,-3.6549e-19,2.35743,0.376603,0.00121637,2.3711,0.371339,0,2.2199,0.391958,-0.02074
37.5102,0.467615,-2.83309,2.65596,0.428999,-2.94996,2.64813,0.488555,-2.95995,2,0.542183,-2.97308,1.9879,2.26647,0.374092,0,2.35425,0.393035,0.000301921,2.36796,0.390844,0,2.2164,0.410928,-0.021511
37.5202,0.489563,-2.82938,2.65596,0.457221,-2.94509,2.64812,0.511486,-2.95608,2,0.564331,-2.96888,1.98768,2.2635,0.391651,3.6549e-19,2.34937,0.417631,-0.00114171,2.36486,0.409189,0,2.21318,0.429856,-0.0221148
37.53,0.511581,-2.82548,2.65596,0.487728,-2.93949,2.6481,0.53449,-2.952,2,0.586447,-2.96449,1.98746,2.26038,0.409265,0,2.34393,0.444196,-0.0025004,2.3616,0.427592,0,2.21018,0.448674,-0.0226559
37.5401,0.535441,-2.82106,2.65596,0.504125,-2.93633,2.64808,0.559417,-2.94738,2,0.601911,-2.9613,1.9873,2.25684,0.428353,0,2.34086,0.458391,-0.00329649,2.3579,0.447534,0,2.20815,0.461728,-0.0230617
37.55,0.557412,-2.8168,2.65596,0.52751,-2.93165,2.64804,0.582373,-2.94293,2,0.623979,-2.95659,1.98707,2.25344,0.44593,0,2.33625,0.478555,-0.00458101,2.35434,0.465898,0,2.20537,0.480314,-0.0237486
37.5601,0.581512,-2.81192,2.65596,0.550849,-2.92676,2.64799,0.607551,-2.93784,2,0.652628,-2.95019,1.98675,2.24954,0.465209,0,2.33151,0.498715,-0.00614679,2.35027,0.486041,0,2.20218,0.504541,-0.0248426
37.5701,0.602347,-2.80753,2.65596,0.57414,-2.92167,2.64792,0.62932,-2.93325,2,0.674638,-2.94505,1.9865,2.24602,0.481878,-7.3098e-19,2.32662,0.518923,-0.00722188,2.3466,0.503456,0,2.19997,0.523237,-0.0250852
37.5801,0.625248,-2.80252,2.65596,0.597381,-2.91638,2.64785,0.653246,-2.92801,2,0.696627,-2.93972,1.98625,2.24202,0.500198,7.3098e-19,2.32147,0.539104,-0.00794899,2.34241,0.522597,0,2.19783,0.54189,-0.0250626
37.5901,0.646592,-2.79767,2.65596,0.627514,-2.90921,2.64774,0.675546,-2.92295,2,0.718595,-2.93421,1.986,2.23814,0.517274,7.3098e-19,2.3143,0.564949,-0.00864118,2.33836,0.540437,0,2.19576,0.560319,-0.024782
37.6001,0.671814,-2.79172,2.65596,0.6437,-2.9052,2.64768,0.701897,-2.91673,2,0.740542,-2.92852,1.98575,2.23338,0.537451,-7.3098e-19,2.31017,0.578593,-0.00896216,2.33339,0.561518,0,2.19373,0.578484,-0.0245027
37.6101,0.691954,-2.7868,2.65596,0.666771,-2.89932,2.64758,0.72294,-2.91159,2,0.76247,-2.92264,1.98551,2.22944,0.553564,-7.3098e-19,2.30411,0.597903,-0.00956843,2.32927,0.578352,0,2.19184,0.596479,-0.0243892
37.6201,0.714029,-2.78122,2.65596,0.689781,-2.89325,2.64748,0.746003,-2.90577,2,0.78438,-2.91659,1.98527,2.22498,0.571224,-7.3098e-19,2.29775,0.616849,-0.0104314,2.32461,0.596803,0,2.19004,0.614277,-0.0243514
37.6302,0.736111,-2.77546,2.65596,0.708142,-2.88825,2.6474,0.769074,-2.89975,2,0.806271,-2.91036,1.98502,2.22037,0.588889,0,2.29244,0.631868,-0.0109482,2.3198,0.615259,0,2.18834,0.631913,-0.0240032
37.6405,0.759948,-2.76903,2.65596,0.742451,-2.87857,2.64723,0.793978,-2.89303,2,0.828147,-2.90395,1.98479,2.21522,0.607959,0,2.28211,0.659673,-0.011427,2.31442,0.635183,0,2.18675,0.649461,-0.0233715
37.6501,0.780983,-2.76317,2.65596,0.758409,-2.8739,2.64715,0.815955,-2.8869,2,0.850007,-2.89737,1.98456,2.21054,0.624787,-7.3098e-19,2.27716,0.672588,-0.0116177,2.30952,0.652764,0,2.18534,0.667,-0.0228083
37.6606,0.803687,-2.75665,2.65596,0.781145,-2.86708,2.64703,0.839675,-2.88009,2,0.871854,-2.89061,1.98433,2.20532,0.64295,0,2.26997,0.690881,-0.0120365,2.30408,0.67174,0,2.18405,0.684447,-0.0223206
37.6701,0.82446,-2.75051,2.65596,0.803808,-2.86008,2.64691,0.861379,-2.87368,2,0.893688,-2.88368,1.98411,2.20041,0.659568,-7.3098e-19,2.26256,0.709117,-0.0124031,2.29894,0.689103,0,2.18288,0.701964,-0.0216658
37.68,0.84623,-2.74389,2.65596,0.833156,-2.85071,2.64675,0.884124,-2.86676,2,0.915511,-2.87657,1.9839,2.19511,0.676984,7.3098e-19,2.25254,0.732706,-0.0124825,2.29341,0.707299,0,2.18173,0.719436,-0.0207617
37.6901,0.868331,-2.73698,2.65596,0.855642,-2.8433,2.64662,0.907214,-2.85954,2,0.937323,-2.86929,1.98369,2.18958,0.694665,7.3098e-19,2.24458,0.750624,-0.0126087,2.28763,0.725771,0,2.18066,0.7368,-0.0199429
37.7003,0.890835,-2.72974,2.65596,0.871334,-2.838,2.64653,0.930726,-2.85197,2,0.959125,-2.86184,1.9835,2.18379,0.712668,0,2.23891,0.763025,-0.0127019,2.28158,0.744581,0,2.17972,0.754064,-0.0190817
37.7101,0.91223,-2.72266,2.65596,0.893682,-2.83028,2.64641,0.953079,-2.84458,2,0.980918,-2.85421,1.98331,2.17813,0.729784,-7.3098e-19,2.23063,0.780568,-0.0128392,2.27566,0.762463,0,2.17888,0.771285,-0.0184037
37.7201,0.934006,-2.71527,2.65596,0.915947,-2.82239,2.64627,0.97583,-2.83686,2,1.0027,-2.84641,1.98313,2.17221,0.747205,7.3098e-19,2.22226,0.798078,-0.0132369,2.26949,0.780664,0,2.17819,0.788617,-0.017724
37.73,0.955631,-2.70773,2.65596,0.944764,-2.81186,2.6461,0.998423,-2.82898,2,1.02448,-2.83844,1.98296,2.16619,0.764505,7.3098e-19,2.21114,0.820772,-0.0133119,2.26319,0.798739,0,2.17751,0.805879,-0.0167571
37.7402,0.977465,-2.69993,2.65596,0.955809,-2.80774,2.64604,1.02124,-2.82083,2,1.03972,-2.83276,1.98284,2.15994,0.781972,7.3098e-19,2.20675,0.829425,-0.0132509,2.25666,0.816988,0,2.17703,0.817919,-0.016057
37.7501,0.998747,-2.69213,2.65596,0.984422,-2.79681,2.64586,1.04347,-2.81268,2,1.06367,-2.82365,1.98267,2.1537,0.798997,0,2.19532,0.851736,-0.0136935,2.25014,0.834776,0,2.17638,0.836766,-0.0153512
37.7601,1.02015,-2.68409,2.65596,1.00633,-2.78821,2.64572,1.06583,-2.80428,2,1.08543,-2.8152,1.98252,2.14727,0.816121,0,2.18646,0.868749,-0.0144999,2.24343,0.852667,0,2.17586,0.853857,-0.0151575
37.7701,1.04222,-2.6756,2.65596,1.02815,-2.77944,2.64557,1.08889,-2.79541,2,1.10718,-2.80658,1.98237,2.14048,0.833779,7.3098e-19,2.17743,0.885725,-0.015073,2.23633,0.871116,0,2.17533,0.870956,-0.0147193
37.7801,1.06319,-2.66733,2.65596,1.04554,-2.7723,2.64545,1.1108,-2.78678,2,1.12893,-2.79778,1.98223,2.13387,0.850554,1.46196e-18,2.17005,0.899215,-0.0152027,2.22942,0.888642,0,2.17473,0.888004,-0.0138146
37.7902,1.08444,-2.65877,2.65596,1.06719,-2.76322,2.6453,1.133,-2.77783,2,1.15068,-2.78882,1.9821,2.12701,0.867549,0,2.16065,0.91602,-0.0150856,2.22226,0.906397,0,2.17407,0.905072,-0.012631
37.8001,1.10535,-2.65014,2.65596,1.09305,-2.75211,2.64512,1.15484,-2.76881,2,1.17241,-2.77968,1.98198,2.12011,0.884278,0,2.14915,0.93614,-0.014705,2.21505,0.923875,0,2.17332,0.922126,-0.0112304
37.8101,1.12658,-2.64119,2.65596,1.1145,-2.74266,2.64497,1.17703,-2.75946,2,1.19414,-2.77037,1.98187,2.11295,0.901262,1.46196e-18,2.13949,0.952893,-0.0144946,2.20757,0.94162,0,2.17251,0.939179,-0.00995628
37.8201,1.14754,-2.63215,2.65596,1.13158,-2.73498,2.64486,1.19893,-2.75001,2,1.21586,-2.7609,1.98178,2.10572,0.918031,-1.46196e-18,2.13159,0.966264,-0.014368,2.20001,0.95914,0,2.17149,0.956218,-0.00869166
37.8301,1.16858,-2.62288,2.65596,1.15709,-2.72327,2.64469,1.2209,-2.74033,2,1.23757,-2.75125,1.9817,2.0983,0.934861,0,2.11946,0.986013,-0.0140022,2.19226,0.976723,0,2.17032,0.973084,-0.0072825
37.8402,1.19004,-2.61321,2.65596,1.16767,-2.71832,2.64462,1.24333,-2.73022,2,1.25927,-2.74144,1.98163,2.09056,0.952036,1.46196e-18,2.1144,0.994199,-0.0138523,2.18418,0.994667,0,2.16917,0.989886,-0.00612241
37.8501,1.21062,-2.60374,2.65596,1.19928,-2.70322,2.64441,1.26483,-2.72033,2,1.28096,-2.73145,1.98157,2.08299,0.968495,0,2.09939,1.01869,-0.0141957,2.17627,1.01186,0,2.16799,1.00668,-0.0052305
37.86,1.23142,-2.59397,2.65596,1.22022,-2.69295,2.64427,1.28656,-2.71012,2,1.30046,-2.72232,1.98153,2.07517,0.985133,-1.46196e-18,2.08938,1.03502,-0.0146339,2.1681,1.02925,0,2.16688,1.02181,-0.00459116
37.87,1.25211,-2.58404,2.65596,1.2369,-2.68462,2.64415,1.30818,-2.69975,2,1.31996,-2.71306,1.98149,2.06723,1.00169,-1.46196e-18,2.08119,1.048,-0.0148313,2.1598,1.04654,0,2.16548,1.03681,-0.00378652
37.8801,1.27255,-2.57404,2.65596,1.25144,-2.67725,2.64404,1.32953,-2.6893,2,1.3416,-2.70261,1.98146,2.05923,1.01804,0,2.0739,1.05922,-0.0148935,2.15144,1.06363,0,2.16367,1.0533,-0.00270605
37.8901,1.29325,-2.5637,2.65596,1.28244,-2.66118,2.64382,1.35116,-2.6785,2,1.36323,-2.692,1.98144,2.05096,1.0346,0,2.05818,1.083,-0.0153266,2.1428,1.08093,0,2.16167,1.06964,-0.00181117
37.9,1.31361,-2.55333,2.65596,1.29271,-2.65575,2.64374,1.37243,-2.66767,2,1.38916,-2.67904,1.98142,2.04266,1.05088,0,2.05297,1.09093,-0.0155508,2.13413,1.09794,0,2.15911,1.08912,-0.000888188
37.9101,1.3342,-2.54263,2.65596,1.31931,-2.64143,2.64353,1.39394,-2.65649,2,1.40642,-2.67028,1.98142,2.0341,1.06736,0,2.03941,1.11149,-0.0163759,2.12519,1.11515,0,2.15726,1.10207,-0.000461813
37.9201,1.3542,-2.53203,2.65596,1.33965,-2.63024,2.64337,1.41484,-2.64541,2,1.42798,-2.65918,1.98142,2.02562,1.08336,0,2.02888,1.12721,-0.0171405,2.11633,1.13188,0,2.15468,1.11816,4.06623e-05
37.9301,1.37464,-2.52099,2.65596,1.35989,-2.61889,2.64319,1.4362,-2.63388,2,1.44951,-2.64792,1.98142,2.01679,1.09972,0,2.01828,1.14286,-0.017519,2.1071,1.14896,0,2.15188,1.13416,0.000956259
37.94,1.39464,-2.50999,2.65596,1.37399,-2.61085,2.64307,1.45709,-2.62238,2,1.46457,-2.63994,1.98143,2.00799,1.11571,0,2.01074,1.15374,-0.017467,2.09791,1.16567,0,2.14972,1.1453,0.00193082
37.9501,1.41468,-2.49874,2.65596,1.39204,-2.6004,2.64291,1.47803,-2.61064,2,1.4882,-2.62724,1.98146,1.999,1.13175,0,2.00093,1.16759,-0.0173615,2.08851,1.18242,0,2.14599,1.16261,0.00348333
37.9601,1.43471,-2.4873,2.65596,1.412,-2.58865,2.64274,1.49895,-2.59868,2,1.50964,-2.61554,1.9815,1.98984,1.14777,-1.46196e-18,1.99006,1.18302,-0.0172988,2.07894,1.19916,0,2.14236,1.17838,0.00498605
37.97,1.45412,-2.476,2.65596,1.4358,-2.57434,2.64254,1.51923,-2.58688,2,1.53104,-2.60368,1.98156,1.9808,1.1633,1.46196e-18,1.97706,1.20178,-0.0167449,2.0695,1.21539,0,2.13852,1.19421,0.00685545
37.9801,1.47444,-2.46395,2.65596,1.44567,-2.56831,2.64245,1.54047,-2.57429,2,1.55241,-2.59165,1.98164,1.97116,1.17955,-1.46196e-18,1.97165,1.20963,-0.0164122,2.05943,1.23237,0,2.13442,1.21001,0.00873406
37.9902,1.49501,-2.45153,2.65596,1.46534,-2.55614,2.64229,1.56196,-2.56131,2,1.57373,-2.57948,1.98173,1.96122,1.19601,0,1.96091,1.2253,-0.0160607,2.04904,1.24957,0,2.13013,1.22575,0.0101048
38.0011,1.51543,-2.43896,2.65596,1.49074,-2.54008,2.64208,1.58329,-2.54817,2,1.59501,-2.56714,1.98184,1.95117,1.21235,1.46196e-18,1.94712,1.24565,-0.0163344,2.03854,1.26663,0,2.12559,1.24152,0.0114819
38.0103,1.5337,-2.42751,2.65596,1.51403,-2.52502,2.64188,1.60238,-2.53622,2,1.61624,-2.55465,1.98197,1.94201,1.22696,0,1.93449,1.26453,-0.0161695,2.02897,1.2819,0,2.12077,1.25718,0.0130134
38.0202,1.5527,-2.4154,2.65596,1.53332,-2.51229,2.64172,1.62223,-2.52356,2,1.63742,-2.542,1.9821,1.93232,1.24216,0,1.92406,1.28028,-0.0161514,2.01885,1.29779,0,2.11571,1.27281,0.0144322
38.0301,1.57166,-2.40311,2.65596,1.55251,-2.49941,2.64156,1.64204,-2.51072,2,1.65856,-2.52919,1.98225,1.92249,1.25733,0,1.9136,1.29599,-0.0159832,2.00857,1.31363,0,2.11037,1.28844,0.0160074
38.0401,1.59095,-2.39038,2.65596,1.56778,-2.48899,2.64144,1.66219,-2.49742,2,1.67963,-2.51623,1.98242,1.9123,1.27276,1.46196e-18,1.90509,1.30845,-0.0156219,1.99794,1.32976,0,2.10459,1.30399,0.017911
38.0501,1.60991,-2.37766,2.65596,1.59057,-2.47318,2.64125,1.682,-2.48413,2,1.70065,-2.50311,1.98261,1.90212,1.28793,-1.46196e-18,1.8923,1.32713,-0.0147339,1.9873,1.3456,0,2.09853,1.31959,0.0200759
38.0601,1.62868,-2.36484,2.65596,1.60944,-2.45983,2.64111,1.70161,-2.47073,2,1.7216,-2.48984,1.98283,1.89187,1.30295,2.92392e-18,1.88161,1.34265,-0.0141466,1.97658,1.36129,0,2.0921,1.33512,0.0220612
38.0702,1.64778,-2.35157,2.65596,1.62446,-2.44904,2.641,1.72157,-2.45687,2,1.73831,-2.4791,1.98301,1.88125,1.31823,0,1.87297,1.35494,-0.0136594,1.96549,1.37726,0,2.08667,1.34747,0.0236607
38.0801,1.66697,-2.338,2.65596,1.63381,-2.44225,2.64093,1.74162,-2.4427,2,1.75915,-2.46555,1.98325,1.8704,1.33358,1.46196e-18,1.86751,1.36257,-0.0132612,1.95416,1.39329,0,2.07949,1.3628,0.0257107
38.0901,1.68505,-2.32501,2.65596,1.6617,-2.42164,2.64074,1.76051,-2.42912,2,1.7799,-2.45185,1.98352,1.86001,1.34804,-1.46196e-18,1.8512,1.38536,-0.0126618,1.9433,1.4084,0,2.07206,1.37813,0.0273942
38.1,1.70371,-2.31137,2.65596,1.67647,-2.4105,2.64064,1.78,-2.41487,2,1.79646,-2.44078,1.98375,1.84909,1.36297,0,1.84253,1.39744,-0.0125494,1.9319,1.424,0,2.06584,1.39025,0.0285685
38.1125,1.72821,-2.2931,2.65596,1.69301,-2.39787,2.64052,1.8056,-2.39579,2,1.81502,-2.4282,1.98401,1.83448,1.38257,0,1.83287,1.41108,-0.0124205,1.91663,1.44448,0,2.05862,1.40389,0.0298645
38.1202,1.74077,-2.28359,2.65596,1.70582,-2.38795,2.64044,1.81872,-2.38584,2,1.82941,-2.41834,1.98422,1.82687,1.39262,0,1.82536,1.42175,-0.0122017,1.90868,1.45498,0,2.05283,1.41455,0.0309728
38.1301,1.75901,-2.26957,2.65596,1.72402,-2.37366,2.64032,1.83777,-2.3712,2,1.84989,-2.40412,1.98454,1.81566,1.4072,0,1.81469,1.43706,-0.0121349,1.89696,1.47022,0,2.04431,1.42981,0.0322764
38.1401,1.77808,-2.25466,2.65596,1.7385,-2.36211,2.64022,1.8577,-2.35562,2,1.87029,-2.38974,1.98487,1.80373,1.42246,0,1.80613,1.4494,-0.0117541,1.8845,1.48616,0,2.03536,1.44506,0.0339756
38.1502,1.79581,-2.24056,2.65596,1.75112,-2.35193,2.64014,1.87623,-2.34089,2,1.88654,-2.37813,1.98515,1.79245,1.43665,1.46196e-18,1.79863,1.46023,-0.011244,1.87271,1.50098,0,2.02791,1.45721,0.035479
38.1602,1.81278,-2.22685,2.65596,1.77441,-2.33281,2.64,1.89395,-2.32657,2,1.91081,-2.36054,1.98559,1.78148,1.45022,0,1.78467,1.48026,-0.0102496,1.86126,1.51516,0,2.01623,1.47528,0.0377009
38.1701,1.83029,-2.21248,2.65596,1.79575,-2.31494,2.63988,1.91225,-2.31156,2,1.93092,-2.34571,1.98597,1.76999,1.46423,0,1.77183,1.49897,-0.00938629,1.84925,1.5298,0,2.0061,1.49038,0.0394448
38.1801,1.84816,-2.19758,2.65596,1.81341,-2.29987,2.63979,1.93092,-2.29599,2,1.95093,-2.33073,1.98637,1.75806,1.47853,0,1.7612,1.51461,-0.00871112,1.83679,1.54473,0,1.99566,1.50541,0.0410679
38.1906,1.8666,-2.18194,2.65596,1.8222,-2.29228,2.63975,1.95019,-2.27964,2,1.9609,-2.32318,1.98658,1.74555,1.49328,-1.46196e-18,1.75584,1.52236,-0.00838439,1.82371,1.56015,0,1.99028,1.51288,0.0418451
38.2003,1.88383,-2.16708,2.65596,1.83796,-2.27852,2.63968,1.96818,-2.26412,2,1.9847,-2.30492,1.98709,1.73367,1.50706,1.46196e-18,1.74616,1.53621,-0.00786554,1.8113,1.57455,0,1.97707,1.53072,0.043431
38.2104,1.90094,-2.15209,2.65596,1.85537,-2.26308,2.6396,1.98606,-2.24846,2,2.00441,-2.28954,1.98753,1.72167,1.52075,0,1.73547,1.55154,-0.00752926,1.79877,1.58885,0,1.96568,1.54551,0.0446424
38.2202,1.91803,-2.13687,2.65596,1.87267,-2.24748,2.63953,2.00392,-2.23256,2,2.01815,-2.27869,1.98785,1.7095,1.53442,1.46196e-18,1.7247,1.56688,-0.00694199,1.78605,1.60313,0,1.95747,1.55582,0.0455494
38.2302,1.93504,-2.12148,2.65596,1.88987,-2.23174,2.63946,2.02169,-2.21647,2,2.04349,-2.25834,1.98845,1.69718,1.54803,0,1.71396,1.58238,-0.00615512,1.77318,1.61735,0,1.9418,1.57507,0.0474236
38.2402,1.95157,-2.10628,2.65596,1.90695,-2.21584,2.63941,2.03896,-2.2006,2,2.06285,-2.24251,1.98894,1.68502,1.56126,1.46196e-18,1.70319,1.59798,-0.00507624,1.76048,1.63117,0,1.92934,1.58996,0.0490821
38.2505,1.96898,-2.09002,2.65596,1.92393,-2.19978,2.63936,2.05715,-2.18361,2,2.08208,-2.22654,1.98944,1.67202,1.57518,0,1.6924,1.61364,-0.00379972,1.74689,1.64572,0,1.91659,1.60486,0.0508393
38.2601,1.98478,-2.07501,2.65596,1.94584,-2.17867,2.63932,2.07366,-2.16793,2,2.10118,-2.21041,1.98995,1.66001,1.58783,-1.46196e-18,1.67833,1.63388,-0.00186694,1.73435,1.65893,0,1.90352,1.61974,0.0526929
38.2701,2.00162,-2.05878,2.65596,1.96257,-2.16225,2.63931,2.09125,-2.15097,2,2.12015,-2.19414,1.99049,1.64702,1.60129,1.46196e-18,1.66743,1.64943,-0.00038017,1.72078,1.673,0,1.89013,1.63466,0.054433
38.2801,2.01794,-2.04278,2.65596,1.97919,-2.14568,2.63932,2.10831,-2.13426,2,2.13898,-2.17772,1.99104,1.63423,1.61435,-2.92392e-18,1.65644,1.66487,0.00112572,1.7074,1.68664,0,1.87645,1.64962,0.0561101
38.2902,2.03412,-2.02667,2.65596,1.99899,-2.12559,2.63934,2.12521,-2.11743,2,2.15767,-2.16115,1.99161,1.62134,1.6273,0,1.64318,1.68331,0.00306904,1.69394,1.70017,0,1.86256,1.66471,0.057809
38.3003,2.05058,-2.01002,2.65596,2.00719,-2.11716,2.63936,2.1424,-2.10003,2,2.17068,-2.14946,1.99202,1.60802,1.64046,-1.46196e-18,1.63764,1.69091,0.00374889,1.68002,1.71392,0,1.85269,1.67529,0.0588409
38.3101,2.06615,-1.99401,2.65596,2.02513,-2.09847,2.63941,2.15867,-2.08331,2,2.19097,-2.13094,1.99267,1.59521,1.65292,2.92392e-18,1.6254,1.70731,0.00462001,1.66664,1.72693,0,1.83703,1.69179,0.0596676
38.3201,2.08202,-1.97744,2.65596,2.04133,-2.08132,2.63945,2.17525,-2.06599,2,2.20927,-2.11395,1.99327,1.58195,1.66561,0,1.61415,1.72202,0.00527237,1.65279,1.7402,0,1.82253,1.70677,0.0601997
38.3301,2.09794,-1.96053,2.65596,2.05742,-2.06403,2.63951,2.19189,-2.04832,2,2.22742,-2.0968,1.99388,1.56843,1.67835,0,1.60278,1.73662,0.00614551,1.63866,1.75351,0,1.80775,1.72179,0.0608693
38.3401,2.11327,-1.944,2.65596,2.0702,-2.05009,2.63956,2.2079,-2.03105,2,2.24542,-2.07951,1.99449,1.5552,1.69062,0,1.59361,1.74825,0.00704526,1.62484,1.76632,0,1.7927,1.73693,0.0617289
38.3501,2.12878,-1.927,2.65596,2.08924,-2.029,2.63966,2.22411,-2.01329,2,2.26327,-2.06206,1.99511,1.5416,1.70303,0,1.57972,1.76566,0.00855665,1.61063,1.77929,0,1.77741,1.7522,0.0626261
38.3601,2.14417,-1.90987,2.65596,2.10498,-2.01127,2.63975,2.24018,-1.99539,2,2.28097,-2.04447,1.99574,1.52789,1.71533,-1.46196e-18,1.56805,1.78004,0.00955386,1.59631,1.79215,0,1.76193,1.76751,0.0631816
38.3701,2.15946,-1.89256,2.65596,2.1206,-1.9934,2.63985,2.25616,-1.97731,2,2.29851,-2.02671,1.99638,1.51405,1.72757,0,1.5562,1.7942,0.0104961,1.58185,1.80493,0,1.74618,1.7828,0.0636113
38.3801,2.17476,-1.87495,2.65596,2.13301,-1.979,2.63994,2.27215,-1.95891,2,2.31589,-2.00881,1.99701,1.49996,1.73981,-1.46196e-18,1.54663,1.80541,0.0114292,1.56713,1.81772,0,1.73022,1.79818,0.0642145
38.3901,2.18947,-1.85776,2.65596,2.15149,-1.95724,2.64008,2.28752,-1.94095,2,2.33312,-1.99075,1.99766,1.4862,1.75158,-1.46196e-18,1.53222,1.82197,0.0129597,1.55276,1.83001,0,1.71413,1.81357,0.0648285
38.4001,2.20416,-1.84031,2.65596,2.16675,-1.93895,2.64022,2.30286,-1.92272,2,2.35018,-1.97254,1.99831,1.47225,1.76333,-2.92392e-18,1.52011,1.83551,0.0139409,1.53817,1.84229,0,1.69788,1.82889,0.0650863
38.4101,2.21882,-1.82261,2.65596,2.18189,-1.92053,2.64036,2.31817,-1.90422,2,2.36707,-1.95417,1.99896,1.45809,1.77505,0,1.50784,1.8488,0.0148598,1.52338,1.85454,0,1.68144,1.84419,0.0652227
38.4201,2.2332,-1.80496,2.65596,2.19691,-1.90198,2.64052,2.3332,-1.88578,2,2.3838,-1.93565,1.99962,1.44397,1.78656,-1.46196e-18,1.49551,1.86198,0.0159962,1.50863,1.86656,0,1.6649,1.85966,0.0655163
38.4301,2.24788,-1.78664,2.65596,2.2118,-1.88329,2.64068,2.34854,-1.86664,2,2.40037,-1.91698,2.00027,1.42931,1.7983,-1.46196e-18,1.48311,1.87502,0.0172879,1.49332,1.87883,0,1.64826,1.87523,0.0659069
38.4401,2.26216,-1.76853,2.65596,2.22362,-1.86825,2.64083,2.36346,-1.84772,2,2.41677,-1.89815,2.00093,1.41482,1.80973,-1.46196e-18,1.47298,1.8852,0.0183815,1.47818,1.89076,0,1.63133,1.8907,0.0663307
38.4501,2.2761,-1.75054,2.65596,2.23975,-1.84744,2.64104,2.37803,-1.82893,2,2.43138,-1.88107,2.00153,1.40043,1.82088,-1.46196e-18,1.4589,1.89893,0.0198995,1.46315,1.90242,0,1.61597,1.90463,0.0666661
38.4602,2.29083,-1.73123,2.65596,2.25283,-1.8303,2.64122,2.39341,-1.80876,2,2.44586,-1.86387,2.00213,1.38499,1.83266,-1.46196e-18,1.44735,1.91008,0.0210471,1.447,1.91473,0,1.60061,1.91866,0.0668841
38.4701,2.30378,-1.71396,2.65596,2.26436,-1.81498,2.64139,2.40694,-1.79071,2,2.46178,-1.8446,2.0028,1.37117,1.84302,0,1.43696,1.9198,0.022043,1.43257,1.92555,0,1.58338,1.93419,0.0670587
38.4802,2.31755,-1.69529,2.65596,2.27867,-1.79572,2.64162,2.42133,-1.77121,2,2.47439,-1.82908,2.00334,1.35623,1.85404,0,1.4238,1.93172,0.0232615,1.41696,1.93706,0,1.56948,1.94657,0.0671558
38.4901,2.33102,-1.67672,2.65596,2.29566,-1.77245,2.64191,2.4354,-1.75181,2,2.4931,-1.80561,2.00415,1.34138,1.86481,1.46196e-18,1.40792,1.94591,0.0247452,1.40145,1.94832,0,1.5486,1.96527,0.0672919
38.5002,2.34427,-1.65814,2.65596,2.30688,-1.75685,2.64211,2.44925,-1.73239,2,2.5085,-1.78588,2.00482,1.32651,1.87542,1.46196e-18,1.39737,1.95529,0.0255717,1.38591,1.9594,0,1.53131,1.98086,0.0671241
38.5101,2.35746,-1.63933,2.65596,2.32355,-1.7333,2.64242,2.46303,-1.71274,2,2.52372,-1.76599,2.00549,1.31147,1.88597,1.46196e-18,1.38141,1.96897,0.0264406,1.37019,1.97042,0,1.51397,1.99634,0.0666947
38.5201,2.37075,-1.62006,2.65596,2.33456,-1.71752,2.64263,2.47691,-1.6926,2,2.53877,-1.74595,2.00615,1.29605,1.8966,0,1.37062,1.97782,0.0268961,1.35408,1.98153,0,1.49652,2.01168,0.0660786
38.5301,2.38338,-1.60142,2.65596,2.34412,-1.70364,2.64282,2.4901,-1.67314,2,2.55365,-1.72576,2.00681,1.28114,1.9067,-1.46196e-18,1.361,1.98537,0.0272212,1.33851,1.99208,0,1.47886,2.0269,0.0653737
38.5401,2.39617,-1.58221,2.65596,2.36438,-1.67374,2.64324,2.50347,-1.65306,2,2.56835,-1.70541,2.00746,1.26577,1.91694,1.46196e-18,1.34003,2.00115,0.0277336,1.32245,2.00278,0,1.46113,2.04208,0.0645454
38.5501,2.40898,-1.56264,2.65596,2.37505,-1.6577,2.64346,2.51686,-1.63261,2,2.57564,-1.69518,2.00778,1.25011,1.92719,1.46196e-18,1.32865,2.00939,0.0278896,1.30609,2.01349,0,1.45221,2.04964,0.0641214
38.5601,2.42122,-1.54362,2.65596,2.38827,-1.63756,2.64374,2.52964,-1.61274,2,2.59722,-1.66427,2.00873,1.2349,1.93697,0,1.31421,2.01949,0.027997,1.29019,2.02371,0,1.42529,2.07213,0.0626005
38.5701,2.43365,-1.52394,2.65596,2.40393,-1.61325,2.64408,2.54263,-1.59218,2,2.61138,-1.64347,2.00935,1.21915,1.94692,-1.46196e-18,1.29647,2.03119,0.0282227,1.27375,2.0341,0,1.40709,2.08697,0.0617203
38.5801,2.44576,-1.50442,2.65596,2.41426,-1.59697,2.6443,2.55528,-1.57179,2,2.62536,-1.62253,2.00997,1.20354,1.95661,0,1.28435,2.0387,0.0284175,1.25743,2.04423,0,1.38864,2.10158,0.0608885
38.5902,2.4578,-1.48468,2.65596,2.42702,-1.57654,2.64459,2.56786,-1.55116,2,2.63915,-1.60144,2.01057,1.18774,1.96624,0,1.26891,2.04769,0.0286452,1.24093,2.05429,0,1.37003,2.11596,0.0600918
38.6002,2.47072,-1.46308,2.65596,2.43963,-1.55602,2.64488,2.58135,-1.5286,2,2.65276,-1.58021,2.01117,1.17047,1.97657,0,1.25326,2.0563,0.0288798,1.22288,2.06508,0,1.35131,2.13016,0.059362
38.6101,2.48104,-1.4455,2.65596,2.45209,-1.53542,2.64517,2.59214,-1.51023,2,2.66618,-1.55884,2.01176,1.1564,1.98483,1.46196e-18,1.23723,2.06468,0.0292411,1.20819,2.07371,0,1.33235,2.14422,0.0587916
38.6202,2.49262,-1.42545,2.65596,2.46438,-1.51473,2.64546,2.60424,-1.48928,2,2.6794,-1.53733,2.01235,1.14036,1.99409,0,1.22083,2.07282,0.0296469,1.19142,2.08339,0,1.31311,2.15814,0.058282
38.6303,2.50415,-1.4051,2.65596,2.47891,-1.4898,2.64582,2.61628,-1.46802,2,2.69244,-1.51568,2.01293,1.12408,2.00332,0,1.20063,2.08229,0.0301179,1.17441,2.09302,0,1.29361,2.17191,0.0578229
38.6401,2.51506,-1.38547,2.65596,2.49083,-1.46894,2.64612,2.62768,-1.44751,2,2.70528,-1.49389,2.0135,1.10838,2.01205,1.46196e-18,1.18346,2.08984,0.0304538,1.15801,2.10215,0,1.27393,2.18543,0.0573524
38.6502,2.52613,-1.36518,2.65596,2.50024,-1.45219,2.64637,2.63925,-1.42631,2,2.71792,-1.47197,2.01407,1.09214,2.0209,1.46196e-18,1.16962,2.09564,0.0306794,1.14105,2.1114,0,1.25424,2.19872,0.0568819
38.6601,2.53684,-1.34518,2.65596,2.51415,-1.427,2.64674,2.65044,-1.40541,2,2.73036,-1.44992,2.01464,1.07614,2.02947,0,1.14861,2.10402,0.0308917,1.12433,2.12035,0,1.23443,2.21183,0.0563364
38.6701,2.54748,-1.32492,2.65596,2.52555,-1.40592,2.64705,2.66155,-1.38425,2,2.7426,-1.42773,2.0152,1.05993,2.03798,0,1.13091,2.1107,0.0308228,1.1074,2.12924,0,1.21457,2.22468,0.055628
38.68,2.55801,-1.30446,2.65596,2.53677,-1.38478,2.64735,2.67256,-1.36287,2,2.75465,-1.40542,2.01575,1.04357,2.04641,0,1.11319,2.11717,0.0307139,1.0903,2.13805,0,1.19481,2.23733,0.0549416
38.6902,2.56851,-1.28367,2.65596,2.54781,-1.36358,2.64766,2.68353,-1.34115,2,2.7665,-1.38299,2.0163,1.02694,2.05481,0,1.09539,2.12347,0.0307139,1.07292,2.14682,0,1.17505,2.24985,0.0544216
38.7003,2.57882,-1.26283,2.65596,2.55868,-1.34231,2.64797,2.6943,-1.31937,2,2.77815,-1.36043,2.01684,1.01026,2.06306,-1.46196e-18,1.07736,2.12946,0.0307669,1.0555,2.15544,0,1.15515,2.26207,0.054014
38.7103,2.58929,-1.24121,2.65596,2.56936,-1.32099,2.64828,2.70524,-1.29679,2,2.7896,-1.33775,2.01738,0.992969,2.07144,0,1.05919,2.13519,0.0308829,1.03743,2.16419,0,1.13521,2.27401,0.0537329
38.7201,2.59843,-1.22197,2.65596,2.57986,-1.29961,2.64858,2.71479,-1.27669,2,2.80086,-1.31495,2.01792,0.977574,2.07874,0,1.04079,2.14067,0.0310069,1.02135,2.17183,0,1.11511,2.28565,0.053524
38.7301,2.60807,-1.20127,2.65596,2.58813,-1.28247,2.64883,2.72485,-1.25506,2,2.81191,-1.29204,2.01845,0.961013,2.08645,0,1.026,2.14491,0.0311059,1.00405,2.17988,0,1.09499,2.29701,0.0533733
38.7401,2.61788,-1.17972,2.65596,2.59526,-1.26744,2.64905,2.73511,-1.23255,2,2.82168,-1.27132,2.01893,0.943779,2.0943,1.46196e-18,1.013,2.14853,0.0311665,0.986041,2.18809,0,1.07691,2.30698,0.0531793
38.7501,2.62692,-1.15946,2.65596,2.60926,-1.23731,2.64949,2.74455,-1.21138,2,2.83235,-1.24819,2.01946,0.927567,2.10154,0,0.987172,2.15544,0.0306295,0.969103,2.19564,0,1.057,2.31773,0.0525529
38.7602,2.63642,-1.13769,2.65596,2.61904,-1.21574,2.64979,2.75448,-1.18863,2,2.84282,-1.22496,2.01998,0.910149,2.10914,0,0.968761,2.16032,0.0295842,0.950905,2.20358,0,1.0372,2.32817,0.0514436
38.7701,2.64514,-1.11726,2.65596,2.62864,-1.19411,2.65008,2.76359,-1.16729,2,2.85309,-1.20163,2.02049,0.893809,2.11611,0,0.950214,2.16513,0.0285453,0.933833,2.21087,0,1.01734,2.33833,0.050407
38.7801,2.65458,-1.09466,2.65596,2.63618,-1.17677,2.6503,2.77345,-1.14367,2,2.86317,-1.1782,2.02099,0.875725,2.12366,0,0.935315,2.16898,0.0278798,0.914939,2.21876,0,0.997432,2.34835,0.0496549
38.7902,2.66285,-1.07438,2.65596,2.64544,-1.15506,2.65058,2.78209,-1.12249,2,2.87304,-1.15467,2.02148,0.859507,2.13028,0,0.916694,2.17382,0.0270777,0.897995,2.22567,0,0.977593,2.35822,0.0488745
38.8001,2.67115,-1.05357,2.65596,2.65631,-1.12894,2.6509,2.79076,-1.10075,2,2.88272,-1.13103,2.02197,0.842855,2.13692,1.46196e-18,0.894444,2.17977,0.0258468,0.880598,2.23261,0,0.957826,2.36793,0.0480364
38.8101,2.6796,-1.03188,2.65596,2.66516,-1.10711,2.65115,2.79959,-1.07809,2,2.8922,-1.10731,2.02244,0.825507,2.14368,-7.3098e-19,0.875952,2.18479,0.0246878,0.862472,2.23967,0,0.938162,2.3774,0.0470938
38.8201,2.68781,-1.0103,2.65596,2.67382,-1.08524,2.65139,2.80817,-1.05554,2,2.90148,-1.08349,2.02291,0.808241,2.15025,7.3098e-19,0.857398,2.18974,0.0235255,0.844434,2.24654,0,0.918456,2.38662,0.0461921
38.8301,2.69581,-0.988772,2.65596,2.68231,-1.06332,2.65162,2.81652,-1.03305,2,2.91057,-1.05958,2.02337,0.791018,2.15665,0,0.838815,2.19458,0.0226493,0.826439,2.25322,0,0.898727,2.39554,0.0456143
38.8401,2.70381,-0.966682,2.65596,2.68896,-1.04575,2.6518,2.82488,-1.00997,2,2.91946,-1.03558,2.02382,0.773345,2.16305,0,0.823908,2.19847,0.0221389,0.807975,2.25991,0,0.878927,2.40423,0.0453306
38.8501,2.71144,-0.945071,2.65596,2.6971,-1.02374,2.65202,2.83285,-0.987391,2,2.92815,-1.01149,2.02427,0.756057,2.16915,7.3098e-19,0.8052,2.20327,0.0215996,0.789913,2.26628,0,0.859108,2.41262,0.0451273
38.8601,2.71861,-0.924239,2.65596,2.70506,-1.00168,2.65223,2.84035,-0.965626,2,2.93664,-0.987325,2.02472,0.739392,2.17489,0,0.786545,2.20807,0.0209948,0.772501,2.27228,0,0.839291,2.42071,0.0449523
38.8702,2.72616,-0.901726,2.65596,2.71436,-0.97515,2.65248,2.84823,-0.942105,2,2.94493,-0.963079,2.02517,0.721381,2.18093,0,0.763901,2.21382,0.020449,0.753684,2.27859,0,0.819291,2.42848,0.0449379
38.8801,2.73313,-0.880355,2.65596,2.71891,-0.961858,2.6526,2.85552,-0.919777,2,2.95222,-0.941192,2.02558,0.704284,2.18651,0,0.752547,2.21672,0.0202052,0.735822,2.28442,0,0.801279,2.43526,0.0449715
38.8901,2.74009,-0.858451,2.65596,2.72634,-0.939667,2.6528,2.86279,-0.896892,2,2.96014,-0.916803,2.02603,0.686761,2.19207,-7.3098e-19,0.733672,2.22155,0.0197036,0.717514,2.29023,0,0.781373,2.44252,0.0447497
38.9001,2.74705,-0.835922,2.65596,2.73359,-0.917427,2.65299,2.87006,-0.873354,2,2.96556,-0.899688,2.02634,0.668738,2.19764,7.3098e-19,0.714951,2.22639,0.0187403,0.698684,2.29605,0,0.767492,2.44743,0.0444467
38.9101,2.75437,-0.811493,2.65596,2.73925,-0.899601,2.65314,2.8777,-0.847831,2,2.97313,-0.87518,2.02678,0.649195,2.20349,7.3098e-19,0.699905,2.23025,0.0181366,0.678265,2.30216,0,0.747639,2.45411,0.0442188
38.9201,2.75993,-0.79235,2.65596,2.74547,-0.879509,2.6533,2.88352,-0.827831,2,2.97978,-0.853067,2.02718,0.63388,2.20795,0,0.683075,2.23467,0.0175286,0.662265,2.30682,0,0.72992,2.45991,0.0439927
38.9303,2.76638,-0.769524,2.65596,2.75221,-0.857137,2.65347,2.89026,-0.803983,2,2.98698,-0.828437,2.02762,0.615619,2.21311,-7.3098e-19,0.664462,2.23969,0.0165787,0.643186,2.31221,0,0.710268,2.46607,0.0436197
38.94,2.77217,-0.748425,2.65596,2.76005,-0.830224,2.65367,2.8963,-0.781939,2,2.99399,-0.803747,2.02805,0.59874,2.21773,0,0.6419,2.24586,0.0157772,0.625551,2.31704,0,0.690517,2.47191,0.0435239
38.9502,2.77833,-0.725203,2.65596,2.76512,-0.81224,2.65379,2.90274,-0.757677,2,3.00079,-0.779,2.02849,0.580163,2.22267,0,0.626855,2.25006,0.0152688,0.606142,2.3222,0,0.670811,2.47749,0.0433983
38.9603,2.78407,-0.702863,2.65596,2.7713,-0.789714,2.65394,2.90874,-0.734336,2,3.0074,-0.754198,2.02892,0.56229,2.22725,0,0.608032,2.25528,0.0144465,0.587469,2.32699,0,0.651124,2.48274,0.0430854
38.9701,2.78943,-0.681289,2.65596,2.77728,-0.767135,2.65408,2.91433,-0.711797,2,3.01382,-0.729346,2.02935,0.545031,2.23154,0,0.58912,2.2605,0.0135638,0.569438,2.33147,0,0.63139,2.48768,0.0428235
38.9801,2.79488,-0.658547,2.65596,2.78193,-0.749034,2.65419,2.92004,-0.688036,2,3.01757,-0.714411,2.02961,0.526837,2.23591,0,0.573915,2.26465,0.0130683,0.550429,2.33603,0,0.619529,2.49047,0.0427949
38.9901,2.80004,-0.636242,2.65596,2.78923,-0.719549,2.65435,2.92543,-0.664732,2,3.02545,-0.681998,2.03016,0.508993,2.24004,-7.3098e-19,0.549129,2.27147,0.012447,0.531786,2.34034,0,0.593829,2.49619,0.0428829
39.0005,2.80517,-0.613246,2.65596,2.79303,-0.703636,2.65444,2.93078,-0.640707,2,3.03129,-0.657015,2.03059,0.490597,2.24414,0,0.535791,2.27521,0.0121033,0.512566,2.34463,0,0.574144,2.50031,0.0428954
39.0101,2.80984,-0.591464,2.65596,2.79829,-0.680857,2.65456,2.93567,-0.61795,2,3.03694,-0.631992,2.03102,0.473171,2.24787,-7.3098e-19,0.516771,2.28051,0.0113847,0.49436,2.34853,0,0.554621,2.50418,0.0425629
39.0201,2.81449,-0.568939,2.65596,2.80337,-0.658026,2.65466,2.94052,-0.594416,2,3.04239,-0.606932,2.03145,0.455152,2.25159,-7.3098e-19,0.49783,2.28585,0.0104149,0.475533,2.35242,0,0.535187,2.50782,0.042243
39.0301,2.819,-0.546139,2.65596,2.80825,-0.635141,2.65476,2.94524,-0.570595,2,3.04609,-0.589369,2.03174,0.436911,2.2552,0,0.478811,2.29112,0.00979495,0.456476,2.35619,0,0.52158,2.51014,0.0422132
39.0401,2.82318,-0.524148,2.65596,2.81294,-0.612204,2.65486,2.9496,-0.547619,2,3.0527,-0.556712,2.03229,0.419318,2.25854,0,0.459547,2.29621,0.0094361,0.438095,2.35968,0,0.496039,2.51392,0.0424513
39.0503,2.82734,-0.501197,2.65596,2.81744,-0.589217,2.65495,2.95395,-0.52364,2,3.05756,-0.53156,2.03272,0.400957,2.26187,-7.3098e-19,0.440102,2.30116,0.00927897,0.418912,2.36316,0,0.476328,2.51647,0.0428505
39.0601,2.83116,-0.47915,2.65596,2.82174,-0.566181,2.65505,2.95794,-0.500606,2,3.06223,-0.506383,2.03315,0.38332,2.26493,7.3098e-19,0.420556,2.30608,0.00927036,0.400485,2.36635,0,0.456545,2.51878,0.0433639
39.0701,2.83486,-0.456777,2.65596,2.82585,-0.543096,2.65514,2.9618,-0.477231,2,3.06626,-0.483706,2.03354,0.365421,2.26788,-3.6549e-19,0.400903,2.31082,0.00938875,0.381785,2.36944,0,0.438738,2.52057,0.0439212
39.0801,2.83847,-0.433731,2.65596,2.82938,-0.52228,2.65523,2.96558,-0.453153,2,3.07012,-0.461014,2.03394,0.346985,2.27078,3.6549e-19,0.383235,2.315,0.00959678,0.362522,2.37246,0,0.421007,2.52217,0.0445618
39.0901,2.84192,-0.410557,2.65596,2.83311,-0.499107,2.65532,2.96918,-0.428942,2,3.07424,-0.435784,2.03439,0.328446,2.27353,0,0.363593,2.31953,0.00991374,0.343154,2.37534,0,0.401337,2.52376,0.0453345
39.1001,2.84508,-0.388017,2.65596,2.83665,-0.47589,2.65542,2.97248,-0.405392,2,3.07815,-0.41054,2.03485,0.310414,2.27607,-3.6549e-19,0.343838,2.3239,0.0102752,0.324314,2.37799,0,0.381616,2.52505,0.0461433
39.1102,2.84813,-0.364946,2.65596,2.84063,-0.447973,2.65555,2.97567,-0.381288,2,3.08187,-0.385284,2.03531,0.291956,2.27851,0,0.320034,2.32887,0.010788,0.30503,2.38054,0,0.361896,2.52603,0.046997
39.1201,2.8509,-0.34265,2.65596,2.84374,-0.424664,2.65566,2.97856,-0.357993,2,3.08539,-0.36002,2.03579,0.27412,2.28072,0,0.300145,2.33279,0.011018,0.286395,2.38285,0,0.342199,2.52674,0.0476392
39.1303,2.85357,-0.319628,2.65596,2.84607,-0.40599,2.65575,2.98136,-0.333941,2,3.08871,-0.33475,2.03626,0.255703,2.28286,0,0.284208,2.33571,0.011048,0.267153,2.38508,0,0.322519,2.52716,0.0480885
39.1402,2.85603,-0.296847,2.65596,2.84882,-0.382616,2.65586,2.98393,-0.31014,2,3.09184,-0.309478,2.03675,0.237478,2.28483,0,0.264322,2.33903,0.0110321,0.248112,2.38714,0,0.30293,2.52723,0.048417
39.1501,2.85831,-0.274107,2.65596,2.8516,-0.356869,2.65598,2.9863,-0.286381,2,3.09449,-0.286734,2.03718,0.219285,2.28665,0,0.242433,2.34229,0.0109312,0.229105,2.38904,0,0.285292,2.52698,0.0486876
39.1601,2.86059,-0.249134,2.65596,2.85348,-0.338122,2.65607,2.98869,-0.26029,2,3.09724,-0.261466,2.03767,0.199307,2.28847,0,0.226532,2.34447,0.0108981,0.208232,2.39095,0,0.26578,2.52646,0.0490096
39.1701,2.86231,-0.228553,2.65596,2.85564,-0.314664,2.65617,2.99048,-0.238787,2,3.0998,-0.236205,2.03816,0.182842,2.28985,0,0.206582,2.34704,0.0107052,0.19103,2.39239,0,0.246251,2.52573,0.0490722
39.1801,2.86415,-0.204211,2.65596,2.85761,-0.291182,2.65628,2.9924,-0.213355,2,3.10217,-0.210953,2.03865,0.163369,2.29132,0,0.186653,2.34926,0.0101878,0.170684,2.39392,0,0.226781,2.52464,0.0489393
39.1902,2.86563,-0.182313,2.65596,2.85938,-0.267679,2.65638,2.99395,-0.190476,2,3.10434,-0.185713,2.03914,0.14585,2.2925,-1.82745e-19,0.166545,2.35121,0.00979621,0.152381,2.39516,0,0.207149,2.52323,0.0489203
39.2001,2.86699,-0.159409,2.65596,2.86094,-0.244159,2.65648,2.99537,-0.166547,2,3.10631,-0.160489,2.03963,0.127527,2.29359,0,0.146247,2.35287,0.00955847,0.133238,2.3963,0,0.187388,2.52152,0.0490395
39.2106,2.86821,-0.135636,2.65596,2.86243,-0.218269,2.65658,2.99665,-0.141709,2,3.10825,-0.132765,2.04017,0.108508,2.29457,0,0.123813,2.35432,0.00941775,0.113367,2.39732,0,0.165567,2.51921,0.0492507
39.2201,2.86917,-0.113678,2.65596,2.86356,-0.194721,2.65667,2.99765,-0.118769,2,3.10951,-0.112619,2.04057,0.0909427,2.29533,0,0.103411,2.35528,0.00936449,0.0950151,2.39812,0,0.14973,2.51731,0.0494467
39.2301,2.87001,-0.0901092,2.65596,2.86449,-0.171164,2.65677,2.99852,-0.0941443,2,3.11091,-0.0874582,2.04106,0.0720874,2.296,9.13725e-20,0.0830503,2.356,0.00939363,0.0753154,2.39882,0,0.129951,2.51471,0.0497418
39.2401,2.87062,-0.0675595,2.65596,2.86503,-0.154671,2.65683,2.99917,-0.0705848,2,3.11211,-0.0623249,2.04156,0.0540476,2.2965,0,0.0687725,2.35635,0.00944415,0.0564678,2.39934,0,0.110121,2.51189,0.0500617
39.2501,2.87107,-0.0445345,2.65596,2.86561,-0.131106,2.65693,2.99964,-0.0465288,2,3.11311,-0.037221,2.04206,0.0356276,2.29686,0,0.0484345,2.35665,0.0093693,0.037223,2.39971,0,0.0904337,2.5089,0.0500094
39.2602,2.87135,-0.0206043,2.65596,2.86607,-0.100468,2.65705,2.99992,-0.021527,2,3.11392,-0.0121473,2.04256,0.0164835,2.29708,-2.28431e-20,0.0222477,2.35684,0.00873024,0.0172216,2.39994,0,0.0708637,2.50579,0.0497474
