time_sec,quad_ref_x,quad_ref_y,quad_ref_z,quad_actual_x,quad_actual_y,quad_actual_z,payload_ref_x,payload_ref_y,payload_ref_z,payload_actual_x,payload_actual_y,payload_actual_z,quad_ref_vx,quad_ref_vy,quad_ref_vz,quad_actual_vx,quad_actual_vy,quad_actual_vz,payload_ref_vx,payload_ref_vy,payload_ref_vz,payload_actual_vx,payload_actual_vy,payload_actual_vz
0,2.87142,0,2.65596,2.76627,0.00317482,2.62224,3,0,2,2.76627,0.00317482,1.95379,0,2.29714,0,1.86838,0.0166513,-0.0622461,-0,2.4,0,1.86838,0.0166513,-0.0622461
0.00997851,2.87133,0.0228356,2.65596,2.78506,0.00334234,2.62162,2.99991,0.0238582,2,2.78506,0.00334234,1.95318,-0.0182685,2.29706,-2.28431e-20,1.88855,0.0168581,-0.0578051,-0.0190865,2.39992,0,1.88855,0.0168581,-0.0578051
0.0199642,2.87105,0.0457882,2.65596,2.80404,0.00351197,2.62115,2.99962,0.0478386,2,2.80404,0.00351197,1.9527,-0.0366306,2.29684,-4.56862e-20,1.90854,0.0170651,-0.0342535,-0.0382709,2.39969,0,1.90854,0.0170651,-0.0342535
0.0299842,2.87059,0.0689465,2.65596,2.82323,0.00368396,2.62102,2.99914,0.0720338,2,2.82323,0.00368396,1.95257,-0.0551572,2.29647,0,1.92842,0.0173254,0.0114183,-0.0576271,2.39931,0,1.92843,0.0173254,0.0114183
0.0399113,2.86995,0.0919256,2.65596,2.84261,0.00385889,2.62139,2.99846,0.096042,2,2.84261,0.00385855,1.95294,-0.0735405,2.29596,-9.13725e-20,1.94744,0.0177555,0.0608735,-0.0768336,2.39877,0,1.94823,0.017599,0.0608735
0.0499612,2.86912,0.114903,2.65596,2.86216,0.00404448,2.62213,2.9976,0.120049,2,2.86219,0.00403592,1.95369,-0.0919226,2.2953,-9.13725e-20,1.96269,0.0198913,0.0838851,-0.0960389,2.39808,0,1.96796,0.0178864,0.0838854
0.0599007,2.86811,0.137838,2.65596,2.88184,0.00427238,2.62304,2.99654,0.14401,2,2.88197,0.00421625,1.9546,-0.11027,2.29449,0,1.97197,0.0266694,0.0981116,-0.115208,2.39723,0,1.98764,0.0181724,0.0981153
0.0698909,2.86692,0.16065,2.65596,2.90158,0.00459921,2.6241,2.9953,0.167844,2,2.90195,0.00439931,1.95565,-0.12852,2.29354,0,1.97421,0.0396867,0.113774,-0.134275,2.39624,0,2.00722,0.018432,0.113799
0.0799625,2.86553,0.183828,2.65596,2.92131,0.0050794,2.6253,2.99385,0.19206,2,2.92212,0.00458495,1.95686,-0.147063,2.29242,0,1.97181,0.0567166,0.12517,-0.153648,2.39508,0,2.02661,0.0186942,0.125263
0.0899942,2.86396,0.206801,2.65596,2.94101,0.00574235,2.62658,2.99221,0.216061,2,2.94248,0.00477316,1.95814,-0.165441,2.29117,-1.82745e-19,1.96663,0.0765525,0.130835,-0.172849,2.39377,0,2.04589,0.018944,0.131092
0.0998955,2.86222,0.229621,2.65596,2.96063,0.00662683,2.62794,2.99039,0.239904,2,2.96303,0.0049639,1.9595,-0.183697,2.28978,0,1.95582,0.101251,0.141235,-0.191923,2.39231,0,2.06493,0.0192382,0.141831
0.109969,2.86027,0.25283,2.65596,2.9801,0.00778538,2.62942,2.98835,0.264151,2,2.98377,0.00515855,1.96099,-0.202264,2.28821,0,1.93815,0.13141,0.156974,-0.211321,2.39068,0,2.08354,0.0197354,0.158211
0.119974,2.85817,0.275573,2.65596,2.99936,0.0092746,2.63109,2.98615,0.287913,2,3.0047,0.00535945,1.96268,-0.220458,2.28653,-3.6549e-19,1.91309,0.167449,0.178004,-0.23033,2.38892,0,2.1017,0.0204749,0.180371
0.129964,2.85589,0.29828,2.65596,3.01834,0.0111552,2.633,2.98377,0.311636,2,3.02581,0.00556914,1.96462,-0.238624,2.28471,3.6549e-19,1.87995,0.20973,0.204004,-0.249309,2.38702,0,2.11917,0.0215211,0.208251
0.140002,2.85336,0.321555,2.65596,3.03694,0.0134904,2.63519,2.98113,0.335954,2,3.04708,0.00579103,1.96686,-0.257244,2.28269,0,1.8384,0.258411,0.23412,-0.268763,2.3849,0,2.1359,0.0229391,0.241349
0.149972,2.8507,0.344332,2.65596,3.05508,0.0163447,2.63769,2.97835,0.359751,2,3.06852,0.00602941,1.96946,-0.275466,2.28056,0,1.78819,0.313528,0.267358,-0.287801,2.38268,0,2.15178,0.0248297,0.279131
0.160004,2.84784,0.367248,2.65596,3.07267,0.0197827,2.64054,2.97536,0.383693,2,3.09012,0.00629005,1.97246,-0.293798,2.27827,0,1.72933,0.375177,0.30265,-0.306954,2.38029,0,2.16679,0.0274457,0.321095
0.169978,2.84478,0.390199,2.65596,3.08963,0.0238694,2.64375,2.97217,0.407672,2,3.11185,0.00658118,1.9759,-0.31216,2.27583,0,1.66177,0.443213,0.338862,-0.326138,2.37774,0,2.18073,0.0309304,0.366801
0.17989,2.84161,0.412658,2.65596,3.10588,0.028667,2.64732,2.96886,0.431137,2,3.13373,0.00691174,1.97981,-0.330127,2.27329,-3.6549e-19,1.58565,0.517272,0.374739,-0.344909,2.37509,0,2.19342,0.035346,0.415801
0.189921,2.8382,0.435486,2.65596,3.12132,0.0342338,2.65124,2.9653,0.454987,2,3.15572,0.00729183,1.98422,-0.348389,2.27056,-3.6549e-19,1.50097,0.597039,0.409097,-0.36399,2.37224,0,2.20443,0.0408948,0.467838
0.199905,2.8347,0.457728,2.65596,3.13587,0.0406256,2.65549,2.96164,0.478225,2,3.17781,0.00773432,1.98917,-0.366183,2.26776,0,1.40808,0.68218,0.440753,-0.38258,2.36931,0,2.21353,0.0478617,0.52276
0.209968,2.83094,0.48046,2.65596,3.14945,0.0478936,2.66004,2.95771,0.501975,2,3.19998,0.00825453,1.99469,-0.384368,2.26475,-3.6549e-19,1.30751,0.772205,0.468537,-0.40158,2.36616,0,2.22056,0.0564834,0.580513
0.219964,2.827,0.50311,2.65596,3.162,0.0560839,2.66484,2.95359,0.525639,2,3.22221,0.00887028,2.00079,-0.402488,2.2616,0,1.19988,0.866509,0.491311,-0.420511,2.36287,0,2.22525,0.0670002,0.641134
0.229967,2.82288,0.525748,2.65596,3.17343,0.0652359,2.66985,2.94928,0.54929,2,3.24448,0.00960167,2.00752,-0.420598,2.2583,0,1.08569,0.964448,0.508,-0.439432,2.35943,0,2.22712,0.0796735,0.704758
0.240008,2.81852,0.548609,2.65596,3.18369,0.0753813,2.67498,2.94474,0.573176,2,3.26674,0.010472,2.0149,-0.438888,2.25482,0,0.966308,1.065,0.517146,-0.458541,2.35579,0,2.2258,0.0948373,0.771013
0.249903,2.81411,0.570812,2.65596,3.19274,0.0865434,2.68016,2.94013,0.596372,2,3.28898,0.0115079,2.02295,-0.456649,2.25129,0,0.84299,1.16775,0.518335,-0.477098,2.3521,0,2.22083,0.112839,0.840538
0.259974,2.80944,0.593358,2.65596,3.20055,0.0987435,2.68532,2.93525,0.619928,2,3.31115,0.0127399,2.03172,-0.474686,2.24756,0,0.717329,1.27262,0.511437,-0.495943,2.3482,0,2.21155,0.134152,0.91409
0.270033,2.80452,0.61619,2.65596,3.20709,0.112002,2.69036,2.93011,0.643782,2,3.33319,0.0142035,2.04125,-0.492952,2.24362,0,0.59124,1.37926,0.496241,-0.515026,2.34409,0,2.19732,0.159241,0.992074
0.279991,2.79951,0.638601,2.65596,3.21237,0.126335,2.69522,2.92487,0.667197,2,3.35507,0.0159393,2.05158,-0.510881,2.23961,0,0.46519,1.48776,0.473042,-0.533757,2.33989,0,2.17745,0.188682,1.07549
0.290003,2.79432,0.66094,2.65596,3.2164,0.141761,2.6998,2.91945,0.690536,2,3.37672,0.0179937,2.06278,-0.528752,2.23545,0,0.340189,1.59742,0.44154,-0.552429,2.33556,0,2.15122,0.223082,1.16437
0.299976,2.78896,0.683173,2.65596,3.21918,0.158284,2.70402,2.91385,0.713765,2,3.39807,0.0204196,2.07489,-0.546538,2.23117,0,0.217032,1.70701,0.402078,-0.571012,2.33108,0,2.11766,0.263095,1.25893
0.30999,2.78339,0.705534,2.65596,3.22074,0.175896,2.70782,2.90803,0.737128,2,3.41905,0.0232772,2.08798,-0.564427,2.22671,0,0.0962685,1.81507,0.355764,-0.589702,2.32642,0,2.07562,0.309554,1.35971
0.319978,2.77765,0.727797,2.65596,3.22112,0.194574,2.71112,2.90204,0.760388,2,3.43955,0.0266351,2.1021,-0.582238,2.22212,0,-0.0212841,1.91994,0.3038,-0.60831,2.32163,0,2.02421,0.363322,1.46672
0.329974,2.77171,0.750103,2.65596,3.22033,0.214281,2.71388,2.89583,0.783693,2,3.4595,0.0305706,2.11733,-0.600083,2.21737,7.3098e-19,-0.135293,2.02046,0.247415,-0.626954,2.31666,0,1.96229,0.425186,1.57965
0.339945,2.76576,0.771769,2.65596,3.21842,0.234966,2.71606,2.88961,0.806328,2,3.47876,0.0351681,2.13371,-0.617415,2.21261,0,-0.245166,2.11575,0.187751,-0.645063,2.31169,0,1.88906,0.495857,1.69765
0.349953,2.75938,0.794263,2.65596,3.21544,0.256576,2.71762,2.88295,0.82983,2,3.49724,0.040519,2.15129,-0.635411,2.20751,0,-0.350478,2.20514,0.125852,-0.663864,2.30636,0,1.80377,0.575878,1.81934
0.360085,2.75284,0.816656,2.65596,3.21143,0.279048,2.71857,2.87611,0.853226,2,3.5148,0.0467178,2.17011,-0.653325,2.20227,0,-0.450754,2.28805,0.0626692,-0.68258,2.30089,0,1.70596,0.665509,1.9429
0.369937,2.7463,0.838384,2.65596,3.20644,0.302315,2.71888,2.86928,0.875926,2,3.53131,0.0538621,2.19015,-0.670707,2.19704,-7.3098e-19,-0.545608,2.36426,-0.000970898,-0.700741,2.29542,0,1.59546,0.764973,2.06611
0.379939,2.73948,0.860408,2.65596,3.20054,0.326311,2.71855,2.86215,0.898936,2,3.54666,0.0620498,2.21142,-0.688326,2.19158,0,-0.634851,2.43376,-0.0641327,-0.719149,2.28972,0,1.47239,0.874161,2.18679
0.390049,2.73212,0.883487,2.65596,3.19376,0.350969,2.7176,2.85447,0.923049,2,3.56072,0.0713776,2.23387,-0.70679,2.1857,-7.3098e-19,-0.71876,2.49692,-0.125809,-0.738439,2.28357,0,1.33695,0.992987,2.30293
0.399988,2.72519,0.904662,2.65596,3.18618,0.376229,2.71604,2.84722,0.945173,2,3.57336,0.0819403,2.25746,-0.72373,2.18015,0,-0.797851,2.55408,-0.185107,-0.756138,2.27777,0,1.18948,1.12099,2.41246
0.409917,2.71794,0.926193,2.65596,3.17782,0.402032,2.71391,2.83965,0.967668,2,3.58447,0.0938256,2.28209,-0.740954,2.17435,7.3098e-19,-0.872354,2.60548,-0.241421,-0.774134,2.27172,0,1.03082,1.25739,2.51304
0.419994,2.7104,0.948047,2.65596,3.16875,0.428321,2.71123,2.83177,0.9905,2,3.59395,0.107113,2.30768,-0.758437,2.16832,7.3098e-19,-0.942412,2.65138,-0.294156,-0.7924,2.26541,0,0.862274,1.40117,2.60249
0.430012,2.70265,0.969902,2.65596,3.15899,0.455042,2.70804,2.82368,1.01333,2,3.60169,0.121869,2.3341,-0.775921,2.16212,0,-1.00844,2.69202,-0.342862,-0.810667,2.25894,0,0.6852,1.55103,2.67882
0.439913,2.69495,0.991107,2.65596,3.14859,0.482145,2.70438,2.81563,1.03549,2,3.60763,0.13815,2.36121,-0.792886,2.15596,0,-1.07074,2.72783,-0.38727,-0.828391,2.2525,0,0.501433,1.7057,2.74027
0.449961,2.68704,1.01236,2.65596,3.13758,0.509583,2.70031,2.80736,1.0577,2,3.6117,0.155993,2.38885,-0.80989,2.14963,0,-1.12961,2.75894,-0.427132,-0.846156,2.24589,0,0.312948,1.86336,2.78554
0.45997,2.67891,1.03369,2.65596,3.12601,0.537309,2.69586,2.79887,1.07998,2,3.61388,0.175422,2.41686,-0.826952,2.14312,-7.3098e-19,-1.18546,2.7857,-0.462384,-0.863983,2.23909,0,0.121801,2.02245,2.81361
0.469976,2.67026,1.05581,2.65596,3.11388,0.565283,2.69108,2.78984,1.10309,2,3.61414,0.196441,2.44506,-0.844651,2.13621,0,-1.23874,2.80839,-0.492943,-0.882474,2.23187,0,-0.0699301,2.18127,2.82401
0.479914,2.66195,1.0766,2.65596,3.10124,0.593465,2.68601,2.78115,1.12481,2,3.61248,0.219041,2.47328,-0.861277,2.12956,-1.46196e-18,-1.28972,2.82739,-0.518966,-0.899845,2.22492,0,-0.26002,2.33827,2.81656
0.490006,2.65314,1.09812,2.65596,3.0881,0.621818,2.68071,2.77195,1.1473,2,3.60895,0.243194,2.50133,-0.878498,2.12252,0,-1.3385,2.84265,-0.541019,-0.917837,2.21756,0,-0.44619,2.49144,2.79132
0.499942,2.64403,1.11989,2.65596,3.07447,0.650307,2.67521,2.76243,1.17003,2,3.60358,0.268853,2.52905,-0.895908,2.11523,0,-1.38577,2.85441,-0.558812,-0.936027,2.20994,0,-0.626913,2.63953,2.7492
0.509936,2.63502,1.14092,2.65596,3.06038,0.678896,2.66955,2.75302,1.19201,2,3.59643,0.295964,2.55627,-0.912737,2.10802,0,-1.43195,2.86298,-0.57231,-0.953609,2.20241,0,-0.800531,2.78143,2.69122
0.519987,2.62597,1.16161,2.65596,3.04584,0.707557,2.66377,2.74356,1.21363,2,3.5876,0.324458,2.58283,-0.929289,2.10077,-1.46196e-18,-1.47737,2.86868,-0.581758,-0.970901,2.19485,0,-0.96564,2.91612,2.61857
0.529979,2.61648,1.18283,2.65596,3.03084,0.73626,2.65792,2.73364,1.23579,2,3.57715,0.354259,2.60859,-0.946262,2.09318,0,-1.52229,2.87162,-0.587588,-0.988635,2.18692,0,-1.12101,3.04255,2.53266
0.53994,2.6071,1.20337,2.65596,3.01539,0.764981,2.65203,2.72384,1.25725,2,3.56521,0.38528,2.63344,-0.962694,2.08568,0,-1.56682,2.8721,-0.590383,-1.0058,2.17907,0,-1.26563,3.16009,2.43497
0.549961,2.59736,1.22423,2.65596,2.9995,0.793694,2.64613,2.71367,1.27906,2,3.55188,0.417429,2.65726,-0.979388,2.07789,0,-1.61114,2.87023,-0.590612,-1.02324,2.17094,0,-1.39885,3.26821,2.32713
0.559968,2.58747,1.245,2.65596,2.98317,0.822378,2.64023,2.70334,1.30075,2,3.53727,0.450612,2.67996,-0.996002,2.06998,0,-1.6552,2.8662,-0.588697,-1.0406,2.16267,0,-1.52013,3.36668,2.21084
0.569917,2.57751,1.26551,2.65596,2.9664,0.851011,2.63436,2.69292,1.32218,2,3.52152,0.48473,2.70145,-1.01241,2.062,0,-1.69874,2.8601,-0.585049,-1.05774,2.15434,0,-1.629,3.45539,2.08771
0.579974,2.5673,1.28609,2.65596,2.9492,0.879573,2.62853,2.68226,1.34368,2,3.50473,0.519687,2.72169,-1.02887,2.05384,-1.46196e-18,-1.74185,2.85188,-0.580001,-1.07494,2.14581,0,-1.72558,3.53433,1.95929
0.590038,2.55663,1.30717,2.65596,2.93156,0.908042,2.62276,2.67111,1.3657,2,3.48705,0.555385,2.74063,-1.04574,2.0453,0,-1.78456,2.84161,-0.57382,-1.09256,2.13689,0,-1.8101,3.60381,1.82704
0.599979,2.54609,1.32758,2.65596,2.91351,0.936398,2.61706,2.6601,1.38703,2,3.46857,0.591732,2.75822,-1.06206,2.03687,0,-1.82677,2.8292,-0.566775,-1.10962,2.12808,0,-1.88284,3.66411,1.69216
0.609922,2.53579,1.34714,2.65596,2.89503,0.964619,2.61143,2.64935,1.40747,2,3.44943,0.628638,2.77446,-1.07772,2.02864,1.46196e-18,-1.86843,2.81467,-0.558942,-1.12598,2.11948,0,-1.94431,3.7157,1.5559
0.619981,2.52492,1.36741,2.65596,2.87614,0.992684,2.60588,2.63799,1.42864,2,3.42972,0.666019,2.78934,-1.09393,2.01994,-1.46196e-18,-1.90936,2.79789,-0.550566,-1.14291,2.11039,0,-1.99496,3.75902,1.41909
0.629979,2.51376,1.38783,2.65596,2.85685,1.02057,2.60042,2.62632,1.44998,2,3.40956,0.703793,2.80285,-1.11026,2.01101,0,-1.94949,2.77894,-0.541656,-1.15998,2.10106,0,-2.03544,3.79473,1.28261
0.639906,2.50272,1.40763,2.65596,2.83715,1.04826,2.59505,2.61479,1.47066,2,3.38904,0.74189,2.815,-1.1261,2.00218,1.46196e-18,-1.98866,2.75768,-0.532153,-1.17653,2.09184,0,-2.06634,3.82338,1.14717
0.649968,2.49129,1.42776,2.65596,2.81708,1.07572,2.58978,2.60285,1.4917,2,3.36826,0.780239,2.8258,-1.14221,1.99303,0,-2.02684,2.73403,-0.521892,-1.19336,2.08228,0,-2.08842,3.84552,1.01342
0.659907,2.47995,1.44737,2.65596,2.79662,1.10293,2.58461,2.591,1.51219,2,3.3473,0.818781,2.83527,-1.1579,1.98396,0,-2.0638,2.708,-0.511004,-1.20975,2.0728,0,-2.10233,3.86184,0.881639
0.669918,2.46802,1.46762,2.65596,2.7758,1.12987,2.57956,2.57854,1.53334,2,3.32624,0.857459,2.84344,-1.1741,1.97442,0,-2.09939,2.67959,-0.499382,-1.22667,2.06283,0,-2.10876,3.87296,0.752111
0.679964,2.45653,1.48678,2.65596,2.75464,1.15651,2.57463,2.56653,1.55336,2,3.30515,0.896225,2.85032,-1.18942,1.96522,0,-2.13333,2.64897,-0.48684,-1.24269,2.05322,0,-2.10833,3.87964,0.625132
0.689893,2.4446,1.50631,2.65596,2.73314,1.18284,2.56983,2.55407,1.57377,2,3.2841,0.935039,2.85595,-1.20505,1.95568,-1.46196e-18,-2.16552,2.61611,-0.473249,-1.25901,2.04325,0,-2.10183,3.88242,0.500816
0.6999,2.43253,1.52573,2.65596,2.71134,1.20883,2.56517,2.54146,1.59405,2,3.26313,0.973862,2.86035,-1.22058,1.94602,-1.46196e-18,-2.19571,2.58091,-0.458583,-1.27524,2.03316,0,-2.08997,3.88167,0.379155
0.709969,2.42007,1.54542,2.65596,2.68924,1.23445,2.56066,2.52844,1.61462,2,3.24231,1.01266,2.86354,-1.23633,1.93605,0,-2.22363,2.5436,-0.442864,-1.2917,2.02275,0,-2.07342,3.87804,0.260011
0.719913,2.40763,1.56472,2.65596,2.66687,1.25969,2.55631,2.51544,1.63479,2,3.22168,1.05141,2.86555,-1.25178,1.9261,0,-2.24893,2.5043,-0.426077,-1.30783,2.01235,0,-2.05282,3.87198,0.143222
0.729908,2.39497,1.58403,2.65596,2.64427,1.28453,2.55214,2.50222,1.65496,2,3.20127,1.0901,2.86641,-1.26722,1.91598,0,-2.27148,2.46311,-0.407933,-1.32397,2.00178,0,-2.02881,3.8639,0.0286307
0.739987,2.38222,1.60315,2.65596,2.62145,1.30895,2.54816,2.48889,1.67494,2,3.18111,1.12869,2.86613,-1.28252,1.90578,0,-2.29124,2.42012,-0.388156,-1.33995,1.99111,0,-2.00216,3.85414,-0.0839958
0.749998,2.36923,1.62228,2.65596,2.59845,1.33293,2.54438,2.47532,1.69493,2,3.16123,1.16717,2.86474,-1.29783,1.89538,0,-2.30787,2.37553,-0.366591,-1.35594,1.98026,0,-1.97335,3.84301,-0.194981
0.759914,2.35631,1.64099,2.65596,2.57531,1.35645,2.54083,2.46182,1.71448,2,3.14165,1.20554,2.86224,-1.3128,1.88505,0,-2.32089,2.32978,-0.343696,-1.37158,1.96946,0,-1.94309,3.83084,-0.304612
0.770163,2.34261,1.66049,2.65596,2.55205,1.37952,2.53752,2.44751,1.73484,2,3.12237,1.24379,2.85865,-1.32839,1.87409,-1.46196e-18,-2.33036,2.28336,-0.319088,-1.38788,1.95801,0,-1.91213,3.81808,-0.413189
0.779992,2.32963,1.67865,2.65596,2.52871,1.40212,2.53446,2.43395,1.75382,2,3.10341,1.2819,2.85398,-1.34292,1.86371,-1.46196e-18,-2.33638,2.23647,-0.292557,-1.40305,1.94716,0,-1.88124,3.80478,-0.521107
0.789931,2.31627,1.69705,2.65596,2.50533,1.42425,2.53167,2.41999,1.77304,2,3.08474,1.31988,2.84823,-1.35764,1.85301,0,-2.33912,2.18968,-0.263978,-1.41843,1.93599,0,-1.85139,3.79126,-0.628671
0.799907,2.30266,1.71545,2.65596,2.48194,1.44592,2.52918,2.40578,1.79227,2,3.06637,1.35773,2.8414,-1.37236,1.84213,0,-2.33863,2.14332,-0.233427,-1.43382,1.92462,0,-1.82333,3.77754,-0.736412
0.809902,2.28819,1.73472,2.65596,2.45857,1.46712,2.52701,2.39065,1.8124,2,3.04827,1.39543,2.8335,-1.38777,1.83055,0,-2.33516,2.09759,-0.200286,-1.44992,1.91252,0,-1.79778,3.76359,-0.84458
0.819966,2.27493,1.75207,2.65596,2.43525,1.48787,2.52519,2.3768,1.83053,2,3.0304,1.433,2.82451,-1.40166,1.81994,1.46196e-18,-2.32885,2.05289,-0.164373,-1.46442,1.90144,0,-1.77555,3.74948,-0.953529
0.829966,2.26083,1.77023,2.65596,2.412,1.50818,2.52373,2.36207,1.8495,2,3.01274,1.47042,2.81442,-1.41618,1.80866,0,-2.31967,2.0094,-0.125903,-1.4796,1.88965,0,-1.7575,3.73492,-1.06355
0.839984,2.24657,1.78828,2.65596,2.38886,1.52806,2.52268,2.34717,1.86836,2,2.99524,1.5077,2.80323,-1.43063,1.79726,0,-2.3078,1.96752,-0.0849206,-1.49469,1.87774,0,-1.74463,3.71974,-1.17491
0.849987,2.23189,1.80657,2.65596,2.36585,1.54754,2.52204,2.33184,1.88747,2,2.97783,1.54481,2.79092,-1.44526,1.78551,0,-2.29337,1.92768,-0.041566,-1.50998,1.86547,0,-1.73792,3.70381,-1.28782
0.85989,2.21784,1.8238,2.65596,2.343,1.56662,2.52185,2.31716,1.90546,2,2.96045,1.58177,2.77747,-1.45904,1.77427,0,-2.27665,1.89015,0.003925,-1.52437,1.85372,0,-1.73855,3.68672,-1.40231
0.86997,2.2029,1.84181,2.65596,2.32033,1.58535,2.52213,2.30155,1.92429,2,2.94303,1.61854,2.76287,-1.47345,1.76232,0,-2.25769,1.85514,0.0512344,-1.53943,1.84124,0,-1.74752,3.66797,-1.51835
0.879975,2.18825,1.8592,2.65596,2.29785,1.60374,2.52288,2.28623,1.94246,2,2.92547,1.65512,2.7471,-1.48736,1.7506,0,-2.23664,1.82287,0.10009,-1.55396,1.82899,0,-1.76587,3.647,-1.63572
0.889937,2.17306,1.87692,2.65596,2.2756,1.62182,2.52413,2.27037,1.96097,2,2.90768,1.69147,2.73015,-1.50154,1.73845,-1.46196e-18,-2.21346,1.79358,0.150028,-1.56878,1.8163,0,-1.79444,3.62325,-1.75421
0.899912,2.15857,1.89358,2.65596,2.25359,1.63962,2.52589,2.25523,1.97837,2,2.88955,1.72757,2.71201,-1.51486,1.72685,0,-2.18835,1.76738,0.20069,-1.5827,1.80418,0,-1.83426,3.59597,-1.87326
0.909999,2.14291,1.91128,2.65596,2.23184,1.65717,2.52815,2.23886,1.99687,2,2.87096,1.76338,2.69269,-1.52903,1.71432,1.46196e-18,-2.16126,1.74431,0.251513,-1.5975,1.79109,0,-1.88608,3.56434,-1.99215
0.919983,2.12764,1.92826,2.65596,2.21037,1.67452,2.53092,2.22291,2.01461,2,2.85178,1.79884,2.67217,-1.54261,1.70211,1.46196e-18,-2.13221,1.72453,0.302117,-1.61169,1.77833,0,-1.9505,3.52766,-2.10998
0.929976,2.1122,1.94516,2.65596,2.1892,1.69168,2.53419,2.20678,2.03227,2,2.8319,1.83391,2.65049,-1.55613,1.68976,-1.46196e-18,-2.10137,1.70821,0.351793,-1.62581,1.76543,0,-2.0282,3.48524,-2.2257
0.940006,2.09637,1.96222,2.65596,2.16835,1.70869,2.53795,2.19024,2.05008,2,2.81117,1.86853,2.62767,-1.56977,1.67709,1.46196e-18,-2.06863,1.69523,0.399812,-1.64007,1.75219,0,-2.11936,3.43617,-2.338
0.94996,2.08029,1.97925,2.65596,2.14784,1.72559,2.54218,2.17344,2.06788,2,2.78947,1.90261,2.60375,-1.5834,1.66423,0,-2.03389,1.68545,0.445916,-1.65431,1.73875,0,-2.22383,3.37961,-2.44538
0.959968,2.06438,1.99584,2.65596,2.12768,1.74241,2.54686,2.15682,2.08522,2,2.76665,1.93609,2.57879,-1.59668,1.6515,0,-1.99732,1.67902,0.489851,-1.66817,1.72545,0,-2.34152,3.31505,-2.5463
0.969901,2.0486,2.01203,2.65596,2.1079,1.75918,2.55197,2.14034,2.10213,2,2.7426,1.96888,2.55285,-1.60962,1.63888,1.46196e-18,-1.95906,1.67595,0.531441,-1.6817,1.71227,0,-2.47202,3.24189,-2.63907
0.979987,2.03252,2.02828,2.65596,2.0885,1.77594,2.55748,2.12354,2.1191,2,2.71717,2.0009,2.52604,-1.62262,1.62602,0,-1.9189,1.67593,0.570431,-1.69528,1.69883,0,-2.61437,3.15934,-2.72174
0.989992,2.0163,2.0444,2.65596,2.06952,1.79271,2.56337,2.10659,2.13595,2,2.69027,2.03204,2.49846,-1.63552,1.61304,-1.46196e-18,-1.87715,1.67909,0.606528,-1.70876,1.68527,0,-2.76779,3.06727,-2.79251
0.999901,1.99992,2.06043,2.65596,2.05097,1.80953,2.5696,2.08948,2.15269,2,2.66179,2.06221,2.47023,-1.64834,1.59994,0,-1.83378,1.68523,0.639415,-1.72215,1.67158,0,-2.93089,2.96529,-2.84959
1.01,1.98191,2.07775,2.65596,2.03285,1.82643,2.57614,2.07066,2.17079,2,2.63163,2.09131,2.44152,-1.6622,1.58553,-1.46196e-18,-1.78895,1.69412,0.668541,-1.73664,1.65653,0,-3.10213,2.85327,-2.89132
1.02,1.96632,2.09252,2.65596,2.01519,1.84342,2.58296,2.05437,2.18622,2,2.59972,2.11924,2.41246,-1.67401,1.57306,0,-1.74283,1.70575,0.693504,-1.74897,1.6435,0,-3.27963,2.73148,-2.91598
1.02996,1.94961,2.1081,2.65596,1.998,1.86055,2.59,2.03691,2.2025,2,2.56602,2.14591,2.38326,-1.68648,1.55969,-1.46196e-18,-1.69545,1.71963,0.713809,-1.762,1.62953,0,-3.46107,2.60002,-2.92205
1.03996,1.93236,2.12392,2.65596,1.98129,1.87782,2.59722,2.01889,2.21903,2,2.53049,2.17121,2.35409,-1.69914,1.54589,-2.92392e-18,-1.64725,1.73581,0.728928,-1.77522,1.61511,0,-3.64421,2.45984,-2.90838
1.04991,1.91565,2.139,2.65596,1.96506,1.89527,2.60456,2.00143,2.23479,2,2.49314,2.19508,2.32516,-1.7112,1.53252,0,-1.59861,1.75415,0.738469,-1.78783,1.60115,0,-3.82658,2.31191,-2.87404
1.05991,1.89854,2.15421,2.65596,1.94931,1.91291,2.61197,1.98355,2.25067,2,2.45397,2.21743,2.29668,-1.72336,1.51883,0,-1.54991,1.77425,0.742113,-1.80054,1.58684,0,-4.00544,2.15721,-2.81842
1.06994,1.88089,2.16963,2.65596,1.93406,1.93076,2.61938,1.96512,2.26679,2,2.41305,2.2382,2.26886,-1.73571,1.50471,0,-1.50155,1.79574,0.739434,-1.81343,1.57209,0,-4.17802,1.99703,-2.7415
1.08004,1.86346,2.18462,2.65596,1.91928,1.94883,2.62673,1.94691,2.28244,2,2.37044,2.25736,2.24192,-1.74769,1.49077,0,-1.45426,1.81845,0.730242,-1.82595,1.55753,0,-4.34184,1.83296,-2.64358
1.08992,1.84626,2.19917,2.65596,1.90497,1.96713,2.63396,1.92894,2.29765,2,2.32625,2.27486,2.21606,-1.75934,1.47701,0,-1.4084,1.84194,0.714265,-1.83812,1.54315,0,-4.49409,1.6667,-2.52544
1.09997,1.8281,2.21429,2.65596,1.8911,1.98567,2.641,1.90996,2.31345,2,2.28061,2.29069,2.19147,-1.77143,1.46248,-1.46196e-18,-1.36451,1.86579,0.691537,-1.85076,1.52797,0,-4.63232,1.49993,-2.38822
1.11001,1.80984,2.22924,2.65596,1.87767,2.00445,2.64777,1.89089,2.32907,2,2.23366,2.30486,2.16835,-1.78339,1.44787,0,-1.32346,1.88963,0.662507,-1.86325,1.51271,0,-4.75457,1.3343,-2.23324
1.11987,1.7925,2.24321,2.65596,1.86462,2.02346,2.65423,1.87276,2.34366,2,2.18558,2.31738,2.14686,-1.79457,1.434,0,-1.28603,1.91302,0.627558,-1.87493,1.49821,0,-4.85901,1.17143,-2.06228
1.12993,1.77423,2.25769,2.65596,1.85193,2.04271,2.6603,1.85368,2.35879,2,2.13654,2.3283,2.12715,-1.80615,1.41939,0,-1.25302,1.93541,0.586921,-1.88703,1.48294,0,-4.94417,1.013,-1.87764
1.13996,1.75619,2.27175,2.65596,1.83955,2.06217,2.66595,1.83484,2.37347,2,2.08676,2.33766,2.10935,-1.8174,1.40496,1.46196e-18,-1.22513,1.95621,0.540995,-1.89878,1.46787,0,-5.0089,0.860537,-1.68189
1.14987,1.73861,2.28523,2.65596,1.82741,2.08182,2.67111,1.81647,2.38756,2,2.03644,2.34554,2.09354,-1.82818,1.39089,1.46196e-18,-1.20273,1.97493,0.490415,-1.91005,1.45317,0,-5.0521,0.715588,-1.47772
1.15998,1.71976,2.29945,2.65596,1.81547,2.10166,2.67574,1.79677,2.40242,2,1.98579,2.35201,2.07981,-1.83956,1.3758,1.46196e-18,-1.18626,1.9912,0.435288,-1.92194,1.43741,0,-5.07344,0.579835,-1.2686
1.16996,1.70149,2.313,2.65596,1.80366,2.12164,2.6798,1.77768,2.41658,2,1.93504,2.35717,2.06818,-1.8504,1.36119,1.46196e-18,-1.17633,2.00436,0.376295,-1.93326,1.42214,0,-5.07325,0.454224,-1.0577
1.17997,1.68316,2.32637,2.65596,1.79192,2.14173,2.68326,1.75853,2.43055,2,1.8844,2.36113,2.05865,-1.8611,1.34653,-1.46196e-18,-1.1735,2.01419,0.314135,-1.94444,1.40683,0,-5.05232,0.339881,-0.848248
1.18999,1.66427,2.33993,2.65596,1.78017,2.16191,2.68608,1.73879,2.44471,2,1.83406,2.36401,2.0512,-1.87194,1.33141,-1.46196e-18,-1.17812,2.02049,0.249725,-1.95577,1.39103,0,-5.01167,0.237551,-0.643231
1.19996,1.64564,2.35307,2.65596,1.76833,2.18213,2.68825,1.71933,2.45844,2,1.78422,2.36592,2.04576,-1.88245,1.31651,0,-1.19005,2.02271,0.183843,-1.96675,1.37546,0,-4.95246,0.147424,-0.445662
1.20989,1.62664,2.36624,2.65596,1.75634,2.20235,2.68975,1.69948,2.4722,2,1.73507,2.367,2.04225,-1.89299,1.30132,0,-1.2097,2.02073,0.117369,-1.97776,1.35959,0,-4.87675,0.069719,-0.258236
1.21991,1.6078,2.37908,2.65596,1.74411,2.22253,2.69059,1.6798,2.48561,2,1.68674,2.36736,2.04055,-1.90326,1.28624,0,-1.23702,2.01442,0.051068,-1.98849,1.34384,0,-4.78663,0.00432381,-0.0834601
1.23004,1.58828,2.39216,2.65596,1.73158,2.24262,2.69078,1.6594,2.49928,2,1.63937,2.36712,2.04053,-1.91373,1.27062,0,-1.27153,2.00362,-0.0143562,-1.99942,1.32752,0,-4.68414,-0.0492631,0.0764923
1.23997,1.56954,2.40449,2.65596,1.71866,2.26259,2.69031,1.63982,2.51217,2,1.59309,2.36641,2.04203,-1.9236,1.25563,0,-1.31306,1.98824,-0.0780004,-2.00973,1.31186,0,-4.57155,-0.091765,0.220061
1.24989,1.55005,2.41711,2.65596,1.70529,2.28237,2.68922,1.61946,2.52534,2,1.54797,2.36532,2.04487,-1.93368,1.24004,0,-1.36139,1.96824,-0.139033,-2.02027,1.29557,0,-4.45135,-0.124063,0.346072
1.25997,1.53078,2.42935,2.65596,1.69141,2.30194,2.68754,1.59933,2.53814,2,1.50408,2.36396,2.04889,-1.94348,1.22462,0,-1.41568,1.94388,-0.196948,-2.03051,1.27946,0,-4.32568,-0.147056,0.453573
1.26993,1.51182,2.4412,2.65596,1.67696,2.32124,2.6853,1.57952,2.55051,2,1.46146,2.36241,2.05388,-1.95296,1.20946,-1.46196e-18,-1.47561,1.91539,-0.25115,-2.04041,1.26362,0,-4.19696,-0.161879,0.542179
1.27997,1.49187,2.45344,2.65596,1.66188,2.34023,2.68253,1.55868,2.5633,2,1.42014,2.36074,2.05967,-1.96275,1.1935,0,-1.5408,1.88289,-0.300896,-2.05064,1.24694,0,-4.06716,-0.169773,0.612008
1.28995,1.47181,2.46552,2.65596,1.64613,2.35888,2.6793,1.53772,2.57593,2,1.38012,2.35903,2.06606,-1.97242,1.17745,1.46196e-18,-1.6107,1.84667,-0.345769,-2.06074,1.23018,0,-3.93817,-0.171946,0.663355
1.29998,1.45229,2.47707,2.65596,1.62966,2.37715,2.67564,1.51733,2.588,2,1.34137,2.35732,2.07288,-1.98166,1.16184,0,-1.68458,1.80702,-0.385389,-2.0704,1.21386,0,-3.81137,-0.169579,0.696829
1.30991,1.43261,2.48851,2.65596,1.61243,2.39501,2.67161,1.49676,2.59994,2,1.30388,2.35565,2.07994,-1.99081,1.14609,0,-1.76173,1.76464,-0.419697,-2.07995,1.19741,0,-3.68825,-0.163529,0.713239
1.32,1.4124,2.50003,2.65596,1.59441,2.41244,2.66726,1.47565,2.61198,2,1.26759,2.35406,2.08709,-2.00003,1.12992,1.46196e-18,-1.84142,1.71996,-0.448517,-2.08959,1.18052,0,-3.56978,-0.154824,0.713744
1.32998,1.39245,2.5112,2.65596,1.57559,2.42941,2.66266,1.45481,2.62365,2,1.23247,2.35256,2.09417,-2.00896,1.11396,0,-1.92315,1.67317,-0.471665,-2.09892,1.16385,0,-3.45664,-0.144482,0.69961
1.33992,1.37242,2.5222,2.65596,1.55595,2.4459,2.65785,1.43388,2.63515,2,1.19844,2.35117,2.10104,-2.01776,1.09794,0,-2.00602,1.62477,-0.489516,-2.10812,1.1471,0,-3.34929,-0.133236,0.672022
1.34997,1.35226,2.53307,2.65596,1.53547,2.4619,2.65288,1.41282,2.6465,2,1.16546,2.3499,2.10757,-2.02646,1.08181,0,-2.08956,1.57504,-0.502012,-2.1172,1.13025,0,-3.24799,-0.121784,0.63251
1.35991,1.33176,2.54391,2.65596,1.51415,2.47739,2.64782,1.3914,2.65782,2,1.13346,2.34873,2.11365,-2.03513,1.06541,0,-2.17348,1.52442,-0.509202,-2.12626,1.11312,0,-3.15287,-0.110496,0.58257
1.3699,1.31186,2.55423,2.65596,1.492,2.49238,2.64272,1.3706,2.6686,2,1.10238,2.34768,2.11919,-2.04338,1.04949,0,-2.25706,1.47321,-0.511511,-2.13488,1.09648,0,-3.06382,-0.0997975,0.52366
1.37993,1.29127,2.5647,2.65596,1.46901,2.50686,2.63761,1.34909,2.67954,2,1.07217,2.34674,2.1241,-2.05176,1.03302,-1.46196e-18,-2.33968,1.42175,-0.50929,-2.14363,1.07927,0,-2.98026,-0.089864,0.457114
1.39,1.27004,2.57528,2.65596,1.44521,2.52082,2.63254,1.32691,2.69059,2,1.04276,2.34588,2.12831,-2.06022,1.01603,1.46196e-18,-2.42113,1.37024,-0.502682,-2.15248,1.06153,0,-2.90177,-0.0807742,0.384337
1.39998,1.24945,2.58533,2.65596,1.4206,2.53426,2.62757,1.3054,2.7011,2,1.01412,2.34512,2.13177,-2.06826,0.999559,0,-2.501,1.31864,-0.491967,-2.16088,1.04432,0,-2.82759,-0.0726793,0.306569
1.40997,1.22892,2.59515,2.65596,1.3952,2.54719,2.62272,1.28395,2.71136,2,0.986196,2.34443,2.13443,-2.07612,0.983139,0,-2.57877,1.26711,-0.477542,-2.16909,1.02716,0,-2.75686,-0.065481,0.224992
1.41998,1.20812,2.6049,2.65596,1.36903,2.5596,2.61803,1.26222,2.72154,2,0.95897,2.3438,2.13626,-2.08392,0.966499,0,-2.65412,1.21571,-0.459805,-2.17723,1.00978,0,-2.68886,-0.0590436,0.140767
1.42994,1.1872,2.6145,2.65596,1.34212,2.57151,2.61353,1.24036,2.73158,2,0.932413,2.34324,2.13724,-2.0916,0.949757,0,-2.72679,1.16449,-0.439068,-2.18526,0.992287,0,-2.62277,-0.0530789,0.0549696
1.43997,1.16655,2.62378,2.65596,1.3145,2.58289,2.60926,1.21879,2.74127,2,0.90651,2.34274,2.13736,-2.09902,0.933242,0,-2.79677,1.11348,-0.415587,-2.19301,0.975032,0,-2.55803,-0.0472347,-0.0312953
1.44997,1.14518,2.63317,2.65596,1.2862,2.59378,2.60523,1.19646,2.75109,2,0.881251,2.3423,2.13662,-2.10654,0.916146,0,-2.86359,1.06295,-0.390053,-2.20087,0.95717,0,-2.49385,-0.0409368,-0.117169
1.45991,1.12418,2.64221,2.65596,1.25724,2.60416,2.60146,1.17452,2.76053,2,0.856634,2.34193,2.13502,-2.11377,0.899341,0,-2.92687,1.01291,-0.362923,-2.20842,0.939613,0,-2.4294,-0.0337594,-0.201759
1.4699,1.10329,2.651,2.65596,1.22767,2.61404,2.59797,1.15269,2.76971,2,0.832666,2.34163,2.13259,-2.1208,0.882632,0,-2.98634,0.963409,-0.334482,-2.21577,0.922156,0,-2.36394,-0.0251205,-0.284139
1.47996,1.08194,2.65979,2.65596,1.19753,2.62342,2.59478,1.13038,2.77889,2,0.809361,2.34143,2.12935,-2.12783,0.865548,0,-3.04183,0.914259,-0.304881,-2.22311,0.904307,0,-2.29683,-0.0146071,-0.363433
1.48998,1.0607,2.66833,2.65596,1.16685,2.63232,2.59188,1.10819,2.78781,2,0.786736,2.34135,2.12533,-2.13466,0.848557,0,-3.0933,0.865573,-0.27438,-2.23025,0.886555,0,-2.22766,-0.0015155,-0.438858
1.49999,1.03941,2.67669,2.65596,1.13568,2.64074,2.58929,1.08595,2.79655,2,0.764816,2.34141,2.12059,-2.14135,0.831527,7.3098e-19,-3.14062,0.817236,-0.243181,-2.23724,0.868762,0,-2.15604,0.0146009,-0.509636
1.50989,1.01796,2.68492,2.65596,1.10405,2.64867,2.58702,1.06355,2.80515,2,0.743624,2.34165,2.11516,-2.14794,0.814371,-7.3098e-19,-3.18383,0.769282,-0.211482,-2.24412,0.850838,0,-2.08188,0.0342932,-0.574972
1.51999,0.995989,2.69315,2.65596,1.07201,2.65612,2.58506,1.04059,2.81375,2,0.723187,2.34211,2.10911,-2.15452,0.796792,7.3098e-19,-3.22275,0.721762,-0.179568,-2.251,0.832471,0,-2.00501,0.0580504,-0.634165
1.52999,0.974435,2.70102,2.65596,1.03961,2.66311,2.58343,1.01807,2.82197,2,0.703533,2.34283,2.1025,-2.16082,0.779548,7.3098e-19,-3.25727,0.674651,-0.147682,-2.25758,0.814456,0,-1.92536,0.0862391,-0.686573
1.54,0.953052,2.70864,2.65596,1.00688,2.66962,2.58211,0.995729,2.82993,2,0.684689,2.34385,2.0954,-2.16691,0.762441,0,-3.28711,0.628144,-0.116267,-2.26395,0.796583,0,-1.84296,0.119315,-0.731704
1.54998,0.931908,2.71599,2.65596,0.973884,2.67567,2.5811,0.973638,2.83761,2,0.666681,2.34523,2.08789,-2.17279,0.745526,-7.3098e-19,-3.31234,0.582331,-0.0855387,-2.27009,0.778911,0,-1.75827,0.157536,-0.768912
1.55998,0.910409,2.72327,2.65596,0.940653,2.68127,2.58039,0.951177,2.84522,2,0.64953,2.34702,2.08005,-2.17862,0.728327,-7.3098e-19,-3.33297,0.537205,-0.0558479,-2.27617,0.760941,0,-1.67179,0.200934,-0.797759
1.56996,0.888565,2.73048,2.65596,0.90724,2.68642,2.57998,0.928354,2.85275,2,0.63325,2.34927,2.07196,-2.18438,0.710852,0,-3.34901,0.493008,-0.0276252,-2.2822,0.742683,0,-1.58417,0.249659,-0.817967
1.57991,0.866784,2.73747,2.65596,0.873688,2.69113,2.57983,0.905598,2.86005,2,0.617848,2.35203,2.06372,-2.18998,0.693427,7.3098e-19,-3.36044,0.449951,-0.00127969,-2.28804,0.724479,0,-1.49607,0.303698,-0.829364
1.58989,0.844572,2.7444,2.65596,0.840046,2.69542,2.57994,0.882392,2.8673,2,0.603327,2.35536,2.05541,-2.19552,0.675658,0,-3.36724,0.407948,0.0230352,-2.29384,0.705914,0,-1.40818,0.362625,-0.831684
1.59992,0.82241,2.75113,2.65596,0.806359,2.6993,2.58029,0.859237,2.87432,2,0.589681,2.3593,2.04712,-2.2009,0.657928,-7.3098e-19,-3.36947,0.367263,0.0450248,-2.29946,0.68739,0,-1.32136,0.426216,-0.824908
1.60999,0.800543,2.75757,2.65596,0.772672,2.70277,2.58084,0.83639,2.88105,2,0.576894,2.3639,2.03894,-2.20605,0.640434,0,-3.36719,0.328083,0.0644125,-2.30484,0.669112,0,-1.23646,0.494069,-0.809181
1.61997,0.77824,2.76395,2.65596,0.73903,2.70586,2.58157,0.813089,2.88771,2,0.564943,2.36919,2.03096,-2.21116,0.622592,0,-3.3605,0.290508,0.0811052,-2.31017,0.650471,0,-1.15428,0.565647,-0.784681
1.62992,0.756489,2.76998,2.65596,0.705476,2.70859,2.58245,0.790365,2.89402,2,0.553796,2.37522,2.02327,-2.21598,0.605192,7.3098e-19,-3.34948,0.254665,0.0948687,-2.31521,0.632292,0,-1.07562,0.640298,-0.751833
1.63998,0.733843,2.77606,2.65596,0.672054,2.71096,2.58345,0.766704,2.90037,2,0.543416,2.38201,2.01595,-2.22085,0.587074,0,-3.33411,0.22076,0.105539,-2.3203,0.613363,0,-1.00114,0.71739,-0.711159
1.64999,0.711712,2.78182,2.65596,0.638807,2.71301,2.58455,0.743582,2.90639,2,0.533757,2.38957,2.00907,-2.22546,0.56937,0,-3.31463,0.188796,0.113088,-2.32511,0.594866,0,-0.931601,0.796077,-0.663235
1.6599,0.689936,2.7873,2.65596,0.605774,2.71475,2.58571,0.720831,2.91211,2,0.524765,2.39793,2.00271,-2.22984,0.551948,0,-3.29155,0.158851,0.117837,-2.32969,0.576664,0,-0.867855,0.875723,-0.608506
1.66999,0.667212,2.79283,2.65596,0.572988,2.71619,2.5869,0.697089,2.91789,2,0.516379,2.40709,1.99692,-2.23426,0.533769,0,-3.26507,0.130991,0.120073,-2.33431,0.557671,0,-0.810399,0.955626,-0.547507
1.6799,0.645389,2.79795,2.65596,0.540483,2.71737,2.5881,0.674289,2.92324,2,0.508535,2.41704,1.99178,-2.23836,0.516311,7.3098e-19,-3.23535,0.105209,0.120188,-2.33859,0.539431,0,-0.759595,1.03509,-0.480775
1.68997,0.62262,2.8031,2.65596,0.50829,2.7183,2.5893,0.650501,2.92863,2,0.501163,2.42779,1.98733,-2.24248,0.498096,-1.46196e-18,-3.20277,0.081527,0.118555,-2.3429,0.5204,0,-0.715914,1.11346,-0.408908
1.69991,0.600114,2.80801,2.65596,0.476437,2.71901,2.59047,0.626987,2.93375,2,0.494192,2.43931,1.98361,-2.24641,0.480091,7.3098e-19,-3.16748,0.0599627,0.115326,-2.347,0.501589,0,-0.679567,1.19,-0.332729
1.70993,0.577736,2.8127,2.65596,0.44495,2.71951,2.5916,0.603607,2.93865,2,0.487548,2.45158,1.98068,-2.25016,0.462189,0,-3.12959,0.040681,0.110344,-2.35092,0.482886,0,-0.650518,1.2641,-0.253356
1.71998,0.554892,2.81729,2.65596,0.413851,2.71983,2.59267,0.57974,2.94345,2,0.481156,2.46458,1.97856,-2.25383,0.443914,0,-3.08977,0.0237534,0.104458,-2.35476,0.463792,0,-0.62925,1.33544,-0.171074
1.72992,0.532331,2.82164,2.65596,0.383161,2.71999,2.59368,0.556169,2.948,2,0.474938,2.47828,1.97727,-2.25731,0.425865,0,-3.04802,0.00916662,0.0977067,-2.3584,0.444935,0,-0.615469,1.40344,-0.0868547
1.73998,0.509953,2.82577,2.65596,0.352896,2.72002,2.59462,0.532789,2.95231,2,0.468821,2.49263,1.97682,-2.26062,0.407963,0,-3.00471,-0.0032424,0.0903496,-2.36185,0.426231,0,-0.609155,1.46749,-0.0014622
1.74998,0.486726,2.82987,2.65596,0.323072,2.71994,2.59549,0.508521,2.95659,2,0.462732,2.50761,1.97724,-2.26389,0.389381,-3.6549e-19,-2.95995,-0.0135784,0.0826424,-2.36527,0.406817,0,-0.609942,1.52713,0.0843759
1.75996,0.46458,2.83359,2.65596,0.293701,2.71976,2.59628,0.485384,2.96047,2,0.456599,2.52316,1.97851,-2.26687,0.371664,3.6549e-19,-2.91412,-0.0219783,0.0747842,-2.36838,0.388307,0,-0.617636,1.58193,0.169923
1.76991,0.441967,2.8372,2.65596,0.264792,2.7195,2.59698,0.461758,2.96425,2,0.450357,2.53923,1.98063,-2.26976,0.353573,-3.6549e-19,-2.86752,-0.0285847,0.0669188,-2.3714,0.369406,0,-0.631909,1.63154,0.254446
1.77997,0.419151,2.84066,2.65596,0.236351,2.71919,2.59761,0.43792,2.96787,2,0.44394,2.55577,1.98359,-2.27253,0.335321,0,-2.82053,-0.0334655,0.0591784,-2.37429,0.350336,0,-0.65244,1.67579,0.337265
1.78997,0.396565,2.8439,2.65596,0.208381,2.71884,2.59817,0.414323,2.97125,2,0.437288,2.57273,1.98737,-2.27512,0.317252,0,-2.7734,-0.036798,0.0517007,-2.377,0.331458,0,-0.678787,1.71446,0.417777
1.79998,0.373808,2.84698,2.65596,0.180883,2.71846,2.59865,0.390547,2.97447,2,0.430347,2.59004,1.99194,-2.27759,0.299047,3.6549e-19,-2.7263,-0.0387432,0.0445389,-2.37958,0.312438,0,-0.710373,1.74744,0.495377
1.81,0.350591,2.84994,2.65596,0.153854,2.71807,2.59906,0.366291,2.97755,2,0.423064,2.60766,1.99727,-2.27995,0.280473,0,-2.67967,-0.0394316,0.0376919,-2.38204,0.293033,0,-0.74688,1.77471,0.56949
1.81995,0.327877,2.85264,2.65596,0.127288,2.71767,2.59941,0.342559,2.98038,2,0.415395,2.62552,2.00332,-2.28211,0.262301,3.6549e-19,-2.63362,-0.0391166,0.0313232,-2.3843,0.274047,0,-0.787691,1.79618,0.639779
1.82986,0.304994,2.85518,2.65596,0.101178,2.71729,2.59969,0.318652,2.98303,2,0.407297,2.64356,2.01005,-2.28414,0.243995,0,-2.58847,-0.0379073,0.0256306,-2.38642,0.254921,0,-0.832471,1.81199,0.705983
1.83992,0.282033,2.85754,2.65596,0.075515,2.71692,2.59992,0.294662,2.98549,2,0.398734,2.66174,2.01742,-2.28603,0.225626,3.6549e-19,-2.54436,-0.035929,0.0206809,-2.3884,0.23573,0,-0.880695,1.82226,0.767804
1.84999,0.259261,2.85969,2.65596,0.050287,2.71657,2.60011,0.27087,2.98775,2,0.389673,2.67999,2.02539,-2.28775,0.207408,3.6549e-19,-2.50145,-0.0335143,0.0165436,-2.3902,0.216696,0,-0.931848,1.82693,0.825023
1.8599,0.236895,2.86163,2.65596,0.0254817,2.71625,2.60025,0.247503,2.98977,2,0.380089,2.69826,2.03391,-2.2893,0.189516,0,-2.45985,-0.03075,0.0133224,-2.39182,0.198002,0,-0.985444,1.82624,0.877509
1.86995,0.213521,2.86347,2.65596,0.00108482,2.71596,2.60038,0.223083,2.99169,2,0.369957,2.7165,2.04292,-2.29078,0.170817,1.82745e-19,-2.41978,-0.0276475,0.0110107,-2.39336,0.178466,0,-1.04112,1.82051,0.925086
1.87997,0.190755,2.86508,2.65596,-0.0229191,2.7157,2.60048,0.199297,2.99337,2,0.359261,2.73465,2.05239,-2.29206,0.152604,0,-2.38127,-0.0245024,0.00952351,-2.3947,0.159438,0,-1.09828,1.8098,0.967601
1.8899,0.167927,2.8665,2.65596,-0.0465464,2.71547,2.60057,0.175447,2.99487,2,0.347988,2.75268,2.06226,-2.2932,0.134342,0,-2.34452,-0.0213906,0.0088112,-2.39589,0.140358,0,-1.15661,1.79442,1.00497
1.89992,0.144791,2.86777,2.65596,-0.0698159,2.71527,2.60066,0.151275,2.99618,2,0.336126,2.77053,2.07247,-2.29421,0.115833,0,-2.30971,-0.0183901,0.00873204,-2.39695,0.12102,0,-1.2158,1.77467,1.03707
1.91004,0.121962,2.86883,2.65596,-0.0927472,2.7151,2.60075,0.127423,2.99729,2,0.32367,2.78816,2.08298,-2.29506,0.0975694,-1.82745e-19,-2.27681,-0.0156638,0.00923324,-2.39783,0.101938,0,-1.27537,1.75077,1.06392
1.92,0.0986651,2.86972,2.65596,-0.115358,2.71495,2.60084,0.103083,2.99823,2,0.310619,2.80553,2.09374,-2.29578,0.0789321,0,-2.24576,-0.0133473,0.0102683,-2.39858,0.0824666,0,-1.33488,1.72297,1.08556
1.93,0.0757864,2.87042,2.65596,-0.137669,2.71483,2.60095,0.0791801,2.99896,2,0.296974,2.82261,2.10468,-2.29634,0.0606291,0,-2.2167,-0.0116416,0.0117482,-2.39916,0.0633441,0,-1.3941,1.69145,1.10205
1.93992,0.053379,2.87092,2.65596,-0.159698,2.71472,2.60108,0.0557693,2.99948,2,0.28274,2.83935,2.11576,-2.29674,0.0427032,-4.56862e-20,-2.18942,-0.0107909,0.0136048,-2.39959,0.0446154,0,-1.45255,1.65632,1.11348
1.94995,0.029023,2.87127,2.65596,-0.181464,2.71461,2.60123,0.0303226,2.99985,2,0.267926,2.85572,2.12693,-2.29702,0.0232184,0,-2.16409,-0.0106261,0.0157107,-2.39988,0.0242581,0,-1.51011,1.61809,1.11992
1.9599,0.00733046,2.87141,2.65596,-0.202986,2.7145,2.60139,0.00765871,2.99999,2,0.252541,2.8717,2.13814,-2.29713,0.00586437,0,-2.14065,-0.0112643,0.0180322,-2.39999,0.00612697,0,-1.56653,1.57697,1.12152
1.96993,-0.0159325,2.87138,2.65596,-0.224284,2.71438,2.60159,-0.0166459,2.99995,2,0.236599,2.88725,2.14935,-2.2971,-0.012746,0,-2.11916,-0.0128019,0.0203964,-2.39996,-0.0133167,0,-1.62165,1.53318,1.11837
1.97989,-0.0388556,2.87116,2.65596,-0.245376,2.71424,2.6018,-0.0405955,2.99973,2,0.220114,2.90235,2.16049,-2.29693,-0.0310845,0,-2.09946,-0.015216,0.0228379,-2.39978,-0.0324764,0,-1.6752,1.48703,1.11068
1.99006,-0.0620482,2.87075,2.65596,-0.266279,2.71407,2.60204,-0.0648267,2.9993,2,0.203101,2.91698,2.17154,-2.2966,-0.0496386,9.13725e-20,-2.08146,-0.0186874,0.025264,-2.39944,-0.0518613,0,-1.727,1.43859,1.0986
1.99997,-0.0856966,2.87014,2.65596,-0.28701,2.71387,2.60231,-0.0895341,2.99866,2,0.185579,2.93112,2.18245,-2.29611,-0.0685573,9.13725e-20,-2.0652,-0.0231207,0.0276681,-2.39893,-0.0716272,0,-1.77702,1.38821,1.08234
2.00995,-0.107627,2.8694,2.65596,-0.307589,2.71361,2.6026,-0.112447,2.99789,2,0.167566,2.94474,2.19318,-2.29552,-0.0861017,1.82745e-19,-2.05071,-0.0284709,0.0300422,-2.39831,-0.0899573,0,-1.82523,1.33616,1.06212
2.01992,-0.131075,2.86843,2.65596,-0.328029,2.71329,2.60291,-0.136944,2.99687,2,0.149082,2.95784,2.20368,-2.29474,-0.10486,1.82745e-19,-2.0376,-0.0348359,0.0322103,-2.3975,-0.109555,0,-1.8712,1.28257,1.03805
2.02995,-0.153777,2.8673,2.65596,-0.348345,2.71291,2.60324,-0.160663,2.99569,2,0.13015,2.97039,2.21393,-2.29384,-0.123022,0,-2.02587,-0.0421242,0.0342817,-2.39656,-0.128531,0,-1.91497,1.22767,1.01039
2.03992,-0.176186,2.86601,2.65596,-0.368551,2.71245,2.60359,-0.184075,2.99435,2,0.11079,2.98239,2.22388,-2.29281,-0.140949,0,-2.01551,-0.0502491,0.0362927,-2.39548,-0.14726,0,-1.95658,1.17172,0.979376
2.04999,-0.19963,2.86447,2.65596,-0.38866,2.7119,2.60397,-0.208569,2.99274,2,0.0910251,2.99382,2.2335,-2.29158,-0.159704,0,-2.00656,-0.0592054,0.0380913,-2.39419,-0.166855,0,-1.9961,1.11486,0.945088
2.05998,-0.222075,2.86282,2.65596,-0.408686,2.71126,2.60435,-0.23202,2.99101,2,0.0708754,3.00468,2.24277,-2.29026,-0.17766,1.82745e-19,-1.99885,-0.0689122,0.0398,-2.39281,-0.185616,0,-2.03344,1.05727,0.907817
2.06992,-0.244783,2.86097,2.65596,-0.428641,2.71052,2.60476,-0.255744,2.98908,2,0.0503635,3.01497,2.25165,-2.28877,-0.195826,-3.6549e-19,-1.99232,-0.0792145,0.0414322,-2.39126,-0.204595,0,-2.0686,0.999248,0.867792
2.07994,-0.267872,2.8589,2.65596,-0.448536,2.70967,2.60518,-0.279868,2.98692,2,0.0295106,3.02467,2.26012,-2.28712,-0.214298,0,-1.98689,-0.0902902,0.0429315,-2.38953,-0.223894,0,-2.10162,0.940662,0.825092
2.09,-0.290725,2.85666,2.65596,-0.468383,2.70871,2.60562,-0.303744,2.98458,2,0.00833792,3.03378,2.26814,-2.28533,-0.23258,0,-1.98256,-0.102051,0.0443761,-2.38767,-0.242995,0,-2.13261,0.88168,0.779972
2.10016,-0.313965,2.8542,2.65596,-0.488191,2.70763,2.60607,-0.328024,2.98201,2,-0.0131352,3.0423,2.27571,-2.28336,-0.251172,0,-1.97932,-0.114347,0.0457218,-2.38561,-0.262419,0,-2.16168,0.822495,0.732543
2.10992,-0.336653,2.85162,2.65596,-0.507971,2.70642,2.60653,-0.351728,2.97931,2,-0.0348883,3.05023,2.28279,-2.28129,-0.269322,3.6549e-19,-1.97678,-0.12726,0.0471437,-2.38345,-0.281382,0,-2.18857,0.763065,0.683145
2.11996,-0.35935,2.84884,2.65596,-0.527729,2.70509,2.60701,-0.375442,2.97641,2,-0.0568997,3.05756,2.28937,-2.27908,-0.28748,-3.6549e-19,-1.9749,-0.140726,0.048794,-2.38113,-0.300353,0,-2.21339,0.703461,0.632051
2.12997,-0.382138,2.84588,2.65596,-0.547472,2.70361,2.60751,-0.39925,2.97331,2,-0.0791496,3.0643,2.29542,-2.2767,-0.30571,0,-1.97367,-0.15472,0.0507087,-2.37865,-0.3194,0,-2.23626,0.643705,0.579433
2.13993,-0.40494,2.84272,2.65596,-0.567205,2.70199,2.60803,-0.423073,2.97002,2,-0.101619,3.07043,2.30095,-2.27418,-0.323952,3.6549e-19,-1.97304,-0.169141,0.0528186,-2.37601,-0.338458,0,-2.25728,0.583906,0.525402
2.14993,-0.427474,2.83942,2.65596,-0.586935,2.70022,2.60857,-0.446616,2.96657,2,-0.12429,3.07597,2.30593,-2.27154,-0.341979,0,-1.97309,-0.183872,0.0551698,-2.37326,-0.357293,0,-2.27668,0.524157,0.470141
2.15991,-0.450105,2.83592,2.65596,-0.606668,2.69831,2.60913,-0.470261,2.96291,2,-0.147146,3.08092,2.31035,-2.26874,-0.360084,3.6549e-19,-1.97353,-0.198943,0.0577969,-2.37033,-0.376209,0,-2.29434,0.464405,0.413851
2.1699,-0.472887,2.83221,2.65596,-0.626406,2.69624,2.60972,-0.494062,2.95904,2,-0.170171,3.08526,2.3142,-2.26577,-0.378309,0,-1.97426,-0.21429,0.0607312,-2.36723,-0.39525,0,-2.31031,0.404671,0.356705
2.17999,-0.495481,2.82835,2.65596,-0.646153,2.69402,2.61035,-0.517668,2.955,2,-0.193347,3.08901,2.31748,-2.26268,-0.396385,0,-1.97517,-0.229833,0.0640611,-2.364,-0.414135,0,-2.32467,0.344979,0.298934
2.18998,-0.518137,2.82428,2.65596,-0.665911,2.69165,2.61101,-0.541339,2.95075,2,-0.21666,3.09216,2.32018,-2.25943,-0.414509,-7.3098e-19,-1.97647,-0.245439,0.0677888,-2.3606,-0.433071,0,-2.33779,0.2854,0.240697
2.19998,-0.541259,2.81994,2.65596,-0.685684,2.68912,2.61171,-0.565496,2.94622,2,-0.240099,3.09472,2.32229,-2.25596,-0.433007,7.3098e-19,-1.97808,-0.261102,0.0719208,-2.35698,-0.452397,0,-2.34976,0.225879,0.182176
2.20998,-0.563759,2.81553,2.65596,-0.705474,2.68643,2.61245,-0.589004,2.94161,2,-0.263652,3.09668,2.32382,-2.25243,-0.451007,0,-1.97995,-0.276789,0.0764745,-2.35329,-0.471203,0,-2.3607,0.166384,0.123564
2.22001,-0.58626,2.81093,2.65596,-0.725283,2.68358,2.61324,-0.612512,2.93681,2,-0.287309,3.09805,2.32477,-2.24875,-0.469008,-7.3098e-19,-1.98188,-0.292523,0.0813724,-2.34944,-0.49001,0,-2.3706,0.106819,0.0649613
2.2299,-0.607931,2.80633,2.65596,-0.745112,2.68058,2.61408,-0.635154,2.93199,2,-0.311062,3.09882,2.32512,-2.24506,-0.486345,0,-1.98398,-0.308278,0.0864264,-2.34559,-0.508123,0,-2.37975,0.0471312,0.00635794
2.23991,-0.630285,2.80139,2.65596,-0.745112,2.68058,2.61408,-0.658508,2.92684,2,-0.311062,3.09882,2.32512,-2.24111,-0.504228,-7.3098e-19,-1.98398,-0.308278,0.0864264,-2.34147,-0.526807,0,-2.37975,0.0471312,0.00635794
2.25007,-0.653449,2.79608,2.65596,-0.745112,2.68058,2.61408,-0.68271,2.92129,2,-0.311062,3.09882,2.32512,-2.23686,-0.522759,0,-1.98398,-0.308278,0.0864264,-2.33703,-0.546168,0,-2.37975,0.0471312,0.00635794
2.2599,-0.67519,2.79091,2.65596,-0.80473,2.67063,2.61691,-0.705425,2.91588,2,-0.382823,3.09754,2.3227,-2.23273,-0.540152,0,-1.9903,-0.354858,0.101858,-2.33271,-0.56434,0,-2.40325,-0.132282,-0.167349
2.26998,-0.697771,2.78535,2.65596,-0.824643,2.667,2.61795,-0.729017,2.91007,2,-0.40689,3.09591,2.32074,-2.22828,-0.558217,-7.3098e-19,-1.99243,-0.370369,0.106495,-2.32806,-0.583213,0,-2.41015,-0.192455,-0.223893
2.28001,-0.719735,2.77975,2.65596,-0.844577,2.66322,2.61904,-0.751964,2.90423,2,-0.431024,3.09369,2.31822,-2.2238,-0.575788,0,-1.99429,-0.385733,0.111112,-2.32338,-0.601572,0,-2.41659,-0.252907,-0.279387
2.28998,-0.742165,2.77385,2.65596,-0.864528,2.65929,2.62017,-0.775399,2.89806,2,-0.455221,3.09086,2.31516,-2.21908,-0.593732,0,-1.9958,-0.400703,0.115911,-2.31845,-0.620319,0,-2.42281,-0.313596,-0.333857
2.29996,-0.764045,2.7679,2.65596,-0.884493,2.65521,2.62136,-0.798259,2.89185,2,-0.479481,3.08741,2.31155,-2.21432,-0.611236,-7.3098e-19,-1.99725,-0.415366,0.121139,-2.31348,-0.638607,0,-2.42924,-0.374798,-0.387003
2.30998,-0.786197,2.76169,2.65596,-0.904472,2.65098,2.6226,-0.821403,2.88536,2,-0.503806,3.08336,2.30742,-2.20935,-0.628958,0,-1.99846,-0.42989,0.126676,-2.30829,-0.657122,0,-2.43577,-0.436726,-0.438635
2.31997,-0.808243,2.75532,2.65596,-0.924462,2.64661,2.62389,-0.844436,2.8787,2,-0.528197,3.07868,2.30278,-2.20426,-0.646595,0,-1.99932,-0.444159,0.13257,-2.30296,-0.675549,0,-2.44244,-0.499309,-0.48847
2.32989,-0.830221,2.74878,2.65596,-0.944457,2.6421,2.62525,-0.867398,2.87187,2,-0.552655,3.07337,2.29766,-2.19902,-0.664177,7.3098e-19,-1.99967,-0.458212,0.138781,-2.29749,-0.693918,0,-2.44919,-0.562601,-0.536273
2.34,-0.85236,2.74199,2.65596,-0.964453,2.63745,2.62667,-0.890528,2.86478,2,-0.577181,3.06742,2.29207,-2.1936,-0.681888,-7.3098e-19,-1.99944,-0.471968,0.145162,-2.29182,-0.712422,0,-2.45603,-0.626526,-0.58191
2.34996,-0.874115,2.73514,2.65596,-0.968452,2.6365,2.62696,-0.913257,2.85761,2,-0.582094,3.06616,2.29089,-2.18811,-0.699292,7.3098e-19,-1.99935,-0.474682,0.146434,-2.28609,-0.730606,0,-2.45743,-0.639387,-0.590778
2.3599,-0.895637,2.72816,2.65596,-0.968452,2.6365,2.62696,-0.935743,2.85033,2,-0.582094,3.06616,2.29089,-2.18253,-0.71651,7.3098e-19,-1.99935,-0.474682,0.146434,-2.28026,-0.748595,0,-2.45743,-0.639387,-0.590778
2.36999,-0.91813,2.72068,2.65596,-0.968452,2.6365,2.62696,-0.959243,2.84251,2,-0.582094,3.06616,2.29089,-2.17654,-0.734504,0,-1.99935,-0.474682,0.146434,-2.27401,-0.767394,0,-2.45743,-0.639387,-0.590778
2.37994,-0.939924,2.71323,2.65596,-0.968452,2.6365,2.62696,-0.982013,2.83472,2,-0.582094,3.06616,2.29089,-2.17058,-0.751939,0,-1.99935,-0.474682,0.146434,-2.26778,-0.78561,0,-2.45743,-0.639387,-0.590778
2.39002,-0.962048,2.70546,2.65596,-1.04834,2.61647,2.63332,-1.00513,2.82661,2,-0.680994,3.03538,2.26401,-2.16437,-0.769638,0,-1.99356,-0.525931,0.171196,-2.26129,-0.804102,0,-2.48846,-0.901138,-0.746646
2.40001,-0.983851,2.69761,2.65596,-1.04834,2.61647,2.63332,-1.02791,2.8184,2,-0.680994,3.03538,2.26401,-2.15809,-0.787081,0,-1.99356,-0.525931,0.171196,-2.25472,-0.822326,0,-2.48846,-0.901138,-0.746646
2.40996,-1.00472,2.6899,2.65596,-1.08417,2.60681,2.6365,-1.04971,2.81036,2,-0.725925,3.01807,2.25005,-2.15192,-0.803779,-7.3098e-19,-1.98818,-0.547533,0.181416,-2.24828,-0.839772,0,-2.50405,-1.02196,-0.801714
2.41998,-1.02639,2.68171,2.65596,-1.08417,2.60681,2.6365,-1.07235,2.8018,2,-0.725925,3.01807,2.25005,-2.14537,-0.821114,0,-1.98818,-0.547533,0.181416,-2.24144,-0.857883,0,-2.50405,-1.02196,-0.801714
2.42991,-1.04775,2.67344,2.65596,-1.08417,2.60681,2.6365,-1.09466,2.79315,2,-0.725925,3.01807,2.25005,-2.13875,-0.838196,0,-1.98818,-0.547533,0.181416,-2.23452,-0.87573,0,-2.50405,-1.02196,-0.801714
2.43996,-1.06925,2.66491,2.65596,-1.08417,2.60681,2.6365,-1.11713,2.78425,2,-0.725925,3.01807,2.25005,-2.13193,-0.855397,1.46196e-18,-1.98818,-0.547533,0.181416,-2.2274,-0.893702,0,-2.50405,-1.02196,-0.801714
2.44997,-1.09072,2.6562,2.65596,-1.08417,2.60681,2.6365,-1.13956,2.77514,2,-0.725925,3.01807,2.25005,-2.12496,-0.872578,-1.46196e-18,-1.98818,-0.547533,0.181416,-2.22011,-0.911652,0,-2.50405,-1.02196,-0.801714
2.46036,-1.11331,2.64681,2.65596,-1.19701,2.57356,2.64752,-1.16317,2.76533,2,-0.870283,2.94868,2.20103,-2.11744,-0.890652,-1.46196e-18,-1.96981,-0.619916,0.199638,-2.21226,-0.930535,0,-2.56184,-1.41253,-0.899494
2.47001,-1.13385,2.63808,2.65596,-1.21668,2.5673,2.64952,-1.18462,2.75621,2,-0.903672,2.92975,2.18929,-2.11046,-0.907078,0,-1.96578,-0.633129,0.199886,-2.20497,-0.947696,0,-2.57529,-1.50097,-0.904474
2.47987,-1.15382,2.6294,2.65596,-1.24223,2.55894,2.65215,-1.20549,2.74714,2,-0.92949,2.91438,2.18027,-2.10352,-0.923056,-1.46196e-18,-1.96513,-0.653186,0.206545,-2.19772,-0.96439,0,-2.58877,-1.57211,-0.898933
2.48993,-1.17505,2.61998,2.65596,-1.26188,2.55233,2.65423,-1.22767,2.7373,2,-0.955441,2.89832,2.17132,-2.09599,-0.94004,0,-1.96387,-0.66877,0.208362,-2.18984,-0.982134,0,-2.60052,-1.64043,-0.891775
2.50004,-1.19653,2.61024,2.65596,-1.28148,2.54557,2.65627,-1.25011,2.72713,2,-0.981478,2.8816,2.16241,-2.08819,-0.957223,0,-1.95603,-0.682191,0.19879,-2.1817,-1.00009,0,-2.60632,-1.70142,-0.889726
2.50998,-1.21694,2.60079,2.65596,-1.30099,2.53869,2.65821,-1.27144,2.71725,2,-1.00756,2.86429,2.15353,-2.08063,-0.973554,0,-1.94654,-0.695084,0.187513,-2.1738,-1.01715,0,-2.61063,-1.75996,-0.885641
2.52,-1.23809,2.59079,2.65596,-1.32041,2.53167,2.66002,-1.29353,2.7068,2,-1.03369,2.84641,2.14471,-2.07263,-0.990472,1.46196e-18,-1.93638,-0.707868,0.175895,-2.16544,-1.03483,0,-2.61394,-1.81669,-0.878326
2.52998,-1.25839,2.58099,2.65596,-1.32428,2.53025,2.66037,-1.31474,2.69657,2,-1.03892,2.84276,2.14295,-2.06479,-1.00671,-1.46196e-18,-1.93433,-0.710443,0.173619,-2.15725,-1.05179,0,-2.61451,-1.82785,-0.876402
2.54004,-1.27931,2.57069,2.65596,-1.35893,2.51725,2.66331,-1.33659,2.6858,2,-1.08601,2.80898,2.12737,-2.05655,-1.02344,1.46196e-18,-1.91569,-0.733973,0.153,-2.14864,-1.06927,0,-2.6184,-1.92501,-0.85314
2.54995,-1.29943,2.56057,2.65596,-1.37803,2.50985,2.66479,-1.35762,2.67523,2,-1.11221,2.78947,2.11892,-2.04846,-1.03955,0,-1.90549,-0.747401,0.141368,-2.14019,-1.0861,0,-2.61953,-1.97602,-0.835738
2.55991,-1.32,2.55003,2.65596,-1.39704,2.50231,2.66614,-1.37911,2.66422,2,-1.13054,2.77552,2.11312,-2.04002,-1.056,-1.46196e-18,-1.8953,-0.761191,0.129217,-2.13137,-1.10329,0,-2.61971,-2.01028,-0.821988
2.56999,-1.34057,2.53927,2.65596,-1.41594,2.49462,2.66737,-1.4006,2.65298,2,-1.16459,2.74899,2.10262,-2.03142,-1.07246,0,-1.88502,-0.775287,0.116775,-2.12238,-1.12048,0,-2.6184,-2.07057,-0.793028
2.57991,-1.36053,2.52864,2.65596,-1.43474,2.4868,2.66847,-1.42146,2.64187,2,-1.19077,2.72806,2.09481,-2.02291,-1.08843,0,-1.87483,-0.790023,0.103786,-2.11349,-1.13716,0,-2.61596,-2.11403,-0.768254
2.58995,-1.38179,2.51708,2.65596,-1.44784,2.48123,2.66917,-1.44367,2.6298,2,-1.20907,2.71316,2.0895,-2.01367,-1.10543,1.46196e-18,-1.86775,-0.800701,0.0943991,-2.10384,-1.15493,0,-2.61344,-2.14281,-0.749753
2.6,-1.40183,2.50598,2.65596,-1.47204,2.47069,2.67028,-1.4646,2.6182,2,-1.24301,2.68498,2.07999,-2.00478,-1.12146,-1.46196e-18,-1.85518,-0.821403,0.07697,-2.09456,-1.17168,0,-2.60719,-2.1926,-0.712588
2.6099,-1.42069,2.49533,2.65596,-1.49054,2.46239,2.67098,-1.48431,2.60707,2,-1.26905,2.66288,2.07302,-1.99626,-1.13656,-1.46196e-18,-1.84592,-0.838123,0.0637108,-2.08566,-1.18745,0,-2.60067,-2.22745,-0.681669
2.62005,-1.44107,2.48362,2.65596,-1.50896,2.45392,2.67155,-1.5056,2.59484,2,-1.29501,2.64044,2.06636,-1.9869,-1.15286,-1.46196e-18,-1.83711,-0.855542,0.0504318,-2.07587,-1.20448,0,-2.59263,-2.25912,-0.649231
2.63005,-1.46139,2.47172,2.65596,-1.52729,2.44528,2.67199,-1.52683,2.5824,2,-1.32089,2.6177,2.06004,-1.97737,-1.16911,1.46196e-18,-1.82883,-0.873692,0.0369645,-2.06592,-1.22147,0,-2.58314,-2.28762,-0.615831
2.63994,-1.48054,2.46029,2.65596,-1.54553,2.43645,2.67229,-1.54684,2.57046,2,-1.34667,2.5947,2.05405,-1.96823,-1.18444,-1.46196e-18,-1.82077,-0.892555,0.0231331,-2.05637,-1.23747,0,-2.57187,-2.31284,-0.582011
2.64989,-1.50025,2.44832,2.65596,-1.5637,2.42742,2.67245,-1.56743,2.55796,2,-1.37233,2.57146,2.0484,-1.95866,-1.2002,0,-1.81288,-0.912137,0.00892313,-2.04637,-1.25395,0,-2.5587,-2.33474,-0.548135
2.65995,-1.51956,2.43639,2.65596,-1.58179,2.4182,2.67247,-1.58761,2.54549,2,-1.39784,2.54801,2.04309,-1.94911,-1.21565,0,-1.80558,-0.932501,-0.00521929,-2.03639,-1.27009,0,-2.5439,-2.35336,-0.514073
2.66998,-1.53861,2.4244,2.65596,-1.59982,2.40877,2.67235,-1.60751,2.53297,2,-1.4232,2.5244,2.03812,-1.93952,-1.23089,-1.46196e-18,-1.79901,-0.9539,-0.0190048,-2.02637,-1.286,0,-2.52753,-2.3689,-0.479857
2.67994,-1.55857,2.41162,2.65596,-1.61239,2.40204,2.67218,-1.62836,2.51961,2,-1.44839,2.50065,2.03349,-1.9293,-1.24686,1.46196e-18,-1.79481,-0.969427,-0.0284047,-2.01569,-1.30269,0,-2.50952,-2.38127,-0.44574
2.68995,-1.5778,2.39908,2.65596,-1.63568,2.38924,2.67171,-1.64845,2.50651,2,-1.47338,2.47679,2.0292,-1.91927,-1.26224,0,-1.78772,-0.999374,-0.0452036,-2.00521,-1.31876,0,-2.48971,-2.39044,-0.412067
2.69994,-1.59675,2.38651,2.65596,-1.65353,2.37913,2.67119,-1.66826,2.49338,2,-1.49817,2.45285,2.02525,-1.90921,-1.2774,0,-1.78331,-1.02355,-0.0571107,-1.9947,-1.3346,0,-2.46847,-2.39652,-0.378596
2.70997,-1.61556,2.37382,2.65596,-1.67135,2.36877,2.67056,-1.6879,2.48012,2,-1.52275,2.42887,2.02162,-1.89906,-1.29245,0,-1.77981,-1.04868,-0.068653,-1.98409,-1.35032,0,-2.44586,-2.39963,-0.346281
2.71998,-1.63485,2.36057,2.65596,-1.68913,2.35815,2.66982,-1.70806,2.46628,2,-1.54709,2.40487,2.01831,-1.88846,-1.30788,-1.46196e-18,-1.77651,-1.07434,-0.0805006,-1.97302,-1.36645,0,-2.42152,-2.39983,-0.316165
2.72987,-1.6541,2.34712,2.65596,-1.70688,2.34728,2.66896,-1.72817,2.45223,2,-1.57117,2.38088,2.0153,-1.8777,-1.32328,0,-1.77415,-1.1008,-0.0918087,-1.96178,-1.38254,0,-2.39611,-2.39735,-0.28758
2.73996,-1.67176,2.33458,2.65596,-1.72462,2.33613,2.66799,-1.74663,2.43912,2,-1.595,2.35693,2.01256,-1.86766,-1.33741,0,-1.77255,-1.12822,-0.102147,-1.95129,-1.3973,0,-2.36938,-2.39235,-0.260276
2.74999,-1.69054,2.32102,2.65596,-1.74234,2.32471,2.66692,-1.76624,2.42495,2,-1.61856,2.33304,2.01009,-1.85681,-1.35243,-1.46196e-18,-1.77164,-1.15669,-0.111297,-1.93996,-1.41299,0,-2.34126,-2.385,-0.234214
2.75993,-1.70928,2.30726,2.65596,-1.76005,2.313,2.66576,-1.78582,2.41057,2,-1.64182,2.30924,2.00786,-1.8458,-1.36742,-1.46196e-18,-1.77084,-1.18565,-0.120159,-1.92846,-1.42865,0,-2.31166,-2.37535,-0.210539
2.76992,-1.72743,2.2937,2.65596,-1.77775,2.301,2.66451,-1.80478,2.39641,2,-1.66479,2.28554,2.00586,-1.83496,-1.38194,-1.46196e-18,-1.76926,-1.21436,-0.130161,-1.91713,-1.44382,0,-2.28042,-2.36359,-0.190854
2.77993,-1.74588,2.27968,2.65596,-1.79013,2.29243,2.66358,-1.82406,2.38177,2,-1.68067,2.26903,2.00457,-1.82375,-1.3967,1.46196e-18,-1.76845,-1.23474,-0.136716,-1.90541,-1.45925,0,-2.25799,-2.35416,-0.17828
2.78994,-1.76391,2.26576,2.65596,-1.81311,2.27613,2.66173,-1.84289,2.36722,2,-1.70975,2.23855,2.00239,-1.81261,-1.41113,1.46196e-18,-1.76703,-1.27299,-0.148299,-1.89378,-1.47431,0,-2.2149,-2.33429,-0.158028
2.79998,-1.78243,2.25122,2.65596,-1.83078,2.26325,2.6602,-1.86224,2.35203,2,-1.73172,2.21529,2.00087,-1.80098,-1.42594,0,-1.76585,-1.30247,-0.157441,-1.88162,-1.4898,0,-2.18071,-2.31718,-0.145956
2.81006,-1.80099,2.2364,2.65596,-1.84314,2.25406,2.65907,-1.88164,2.33654,2,-1.7469,2.19911,1.99988,-1.78912,-1.44079,-1.46196e-18,-1.76504,-1.3233,-0.163587,-1.86923,-1.50531,0,-2.15622,-2.30434,-0.138921
2.81996,-1.81769,2.22285,2.65596,-1.86077,2.24068,2.65738,-1.89909,2.32238,2,-1.76829,2.17616,1.99852,-1.77828,-1.45415,1.46196e-18,-1.76228,-1.35193,-0.175026,-1.85791,-1.51927,0,-2.12026,-2.28529,-0.133883
2.82998,-1.83569,2.20801,2.65596,-1.88366,2.22286,2.65501,-1.91789,2.30688,2,-1.79554,2.14663,1.9968,-1.7664,-1.46855,0,-1.75925,-1.3898,-0.188458,-1.8455,-1.53431,0,-2.07282,-2.25875,-0.129792
2.8399,-1.85319,2.19334,2.65596,-1.90125,2.20881,2.6531,-1.93618,2.29155,2,-1.81609,2.12415,1.99553,-1.75467,-1.48255,-1.46196e-18,-1.75938,-1.42114,-0.193859,-1.83324,-1.54894,0,-2.03628,-2.23664,-0.124724
2.8499,-1.87057,2.17854,2.65596,-1.91885,2.19444,2.65114,-1.95433,2.27609,2,-1.83627,2.1019,1.99431,-1.74283,-1.49646,0,-1.76039,-1.45308,-0.19744,-1.82087,-1.56347,0,-1.99954,-2.21332,-0.120401
2.85996,-1.88824,2.16324,2.65596,-1.93644,2.17977,2.64911,-1.9728,2.2601,2,-1.85017,2.08646,1.99345,-1.73059,-1.51059,0,-1.75564,-1.48015,-0.211153,-1.80808,-1.57824,0,-1.97288,-2.1974,-0.1249
2.86998,-1.90544,2.14811,2.65596,-1.95396,2.16484,2.64692,-1.99076,2.2443,2,-1.87549,2.05809,1.99173,-1.71848,-1.52435,0,-1.75021,-1.50659,-0.225279,-1.79544,-1.59261,0,-1.92283,-2.16742,-0.13828
2.87991,-1.92268,2.13268,2.65596,-1.97147,2.14961,2.64466,-2.00878,2.22818,2,-1.89454,2.03654,1.99035,-1.70615,-1.53815,0,-1.75316,-1.53967,-0.222721,-1.78255,-1.60702,0,-1.88639,-2.14105,-0.13446
2.88989,-1.9394,2.11749,2.65596,-1.98377,2.13874,2.64315,-2.02624,2.21231,2,-1.91323,2.01528,1.9891,-1.69399,-1.55152,1.46196e-18,-1.76155,-1.56807,-0.207896,-1.76985,-1.621,0,-1.85223,-2.11089,-0.113242
2.89995,-1.9567,2.10151,2.65596,-2.00677,2.11801,2.64063,-2.04432,2.19562,2,-1.93158,1.99432,1.98805,-1.68121,-1.56536,1.46196e-18,-1.77312,-1.61757,-0.186024,-1.75649,-1.63546,0,-1.81688,-2.08191,-0.103055
2.91001,-1.97308,2.08615,2.65596,-2.0245,2.10168,2.63878,-2.06143,2.17956,2,-1.9442,1.97981,1.98732,-1.66892,-1.57846,-1.46196e-18,-1.77337,-1.6483,-0.185256,-1.74365,-1.64914,0,-1.79132,-2.06289,-0.104599
2.91992,-1.98936,2.07063,2.65596,-2.04222,2.08506,2.63691,-2.07844,2.16335,2,-1.96718,1.95322,1.9859,-1.6565,-1.59148,1.46196e-18,-1.77089,-1.6767,-0.188697,-1.73068,-1.66275,0,-1.74313,-2.02823,-0.114308
2.92997,-2.00617,2.05434,2.65596,-2.05992,2.06815,2.63501,-2.09601,2.14633,2,-1.98443,1.93307,1.98472,-1.64347,-1.60494,0,-1.76767,-1.70438,-0.192146,-1.71707,-1.67681,0,-1.70601,-2.00134,-0.123302
2.94002,-2.02289,2.03788,2.65596,-2.07757,2.05097,2.63306,-2.11348,2.12913,2,-2.0013,1.91319,1.98343,-1.6303,-1.61832,0,-1.7636,-1.73109,-0.196351,-1.70331,-1.69078,0,-1.66915,-1.97448,-0.133639
2.95002,-2.03901,2.02175,2.65596,-2.09519,2.03353,2.63109,-2.13032,2.11228,2,-2.01781,1.89358,1.98205,-1.6174,-1.63121,0,-1.76016,-1.7581,-0.198052,-1.68983,-1.70426,0,-1.63297,-1.94709,-0.142139
2.96,-2.05526,2.00524,2.65596,-2.11278,2.01581,2.62911,-2.14729,2.09503,2,-2.03396,1.87425,1.98059,-1.60419,-1.64421,0,-1.75709,-1.78517,-0.197662,-1.67602,-1.71783,0,-1.59742,-1.91921,-0.148997
2.96993,-2.07098,1.98899,2.65596,-2.13034,1.99782,2.62714,-2.16372,2.07805,2,-2.04976,1.8552,1.97908,-1.59119,-1.65679,-1.46196e-18,-1.75445,-1.81224,-0.195323,-1.66244,-1.73098,0,-1.56271,-1.89096,-0.154159
2.97991,-2.08663,1.97256,2.65596,-2.14261,1.98507,2.62578,-2.18007,2.06089,2,-2.06062,1.84203,1.97799,-1.57805,-1.66931,-1.46196e-18,-1.75266,-1.83119,-0.192673,-1.64872,-1.74406,0,-1.53885,-1.87109,-0.156799
2.98992,-2.10221,1.95595,2.65596,-2.16537,1.96104,2.62332,-2.19635,2.04354,2,-2.08034,1.81795,1.97593,-1.56476,-1.68177,1.46196e-18,-1.7494,-1.8659,-0.186287,-1.63483,-1.75708,0,-1.49581,-1.83399,-0.160031
2.99998,-2.11823,1.9386,2.65596,-2.18285,1.94225,2.62148,-2.21308,2.02541,2,-2.09073,1.80518,1.9748,-1.55088,-1.69458,0,-1.74643,-1.89201,-0.180394,-1.62033,-1.77046,0,-1.47306,-1.81393,-0.160911
3.00987,-2.13354,1.92173,2.65596,-2.2003,1.9232,2.61971,-2.22908,2.00779,2,-2.10961,1.78184,1.97271,-1.53739,-1.70683,0,-1.74305,-1.91764,-0.173806,-1.60623,-1.78326,0,-1.43188,-1.77689,-0.160942
3.01996,-2.14865,1.90482,2.65596,-2.21771,1.9039,2.61801,-2.24487,1.99011,2,-2.12378,1.76422,1.97111,-1.52385,-1.71892,0,-1.73911,-1.94239,-0.166792,-1.59209,-1.7959,0,-1.40117,-1.74841,-0.159605
3.02994,-2.16357,1.88786,2.65596,-2.23508,1.88435,2.61638,-2.26045,1.9724,2,-2.13764,1.74687,1.96952,-1.51029,-1.73086,0,-1.73479,-1.96631,-0.159494,-1.57792,-1.80836,0,-1.37149,-1.7201,-0.157093
3.03999,-2.17898,1.87006,2.65596,-2.25241,1.86458,2.61482,-2.27655,1.9538,2,-2.15121,1.72981,1.96797,-1.49605,-1.74318,0,-1.73002,-1.98938,-0.15201,-1.56304,-1.82124,0,-1.34285,-1.69202,-0.153388
3.04991,-2.19342,1.8531,2.65596,-2.26968,1.84457,2.61334,-2.29164,1.93608,2,-2.1645,1.71303,1.96646,-1.48248,-1.75473,0,-1.72482,-2.01162,-0.144456,-1.54886,-1.83331,0,-1.31541,-1.66432,-0.148506
3.0599,-2.20838,1.83524,2.65596,-2.2869,1.82435,2.61193,-2.30727,1.91742,2,-2.17752,1.69652,1.965,-1.46819,-1.76671,0,-1.71902,-2.03303,-0.137097,-1.53393,-1.84582,0,-1.28911,-1.63722,-0.142615
3.07005,-2.22327,1.81718,2.65596,-2.30406,1.80391,2.61059,-2.32282,1.89855,2,-2.19029,1.68029,1.96361,-1.45374,-1.77861,-1.46196e-18,-1.71271,-2.05348,-0.129902,-1.51884,-1.85826,0,-1.26401,-1.61063,-0.135617
3.07996,-2.23735,1.79981,2.65596,-2.32115,1.78328,2.60933,-2.33754,1.8804,2,-2.20281,1.66431,1.96229,-1.43985,-1.78988,0,-1.70589,-2.07296,-0.122875,-1.50432,-1.87003,0,-1.24013,-1.58454,-0.127489
3.08995,-2.25175,1.78176,2.65596,-2.33818,1.76246,2.60814,-2.35258,1.86155,2,-2.21509,1.64859,1.96106,-1.42541,-1.8014,-1.46196e-18,-1.69833,-2.0915,-0.116336,-1.48924,-1.88207,0,-1.21738,-1.55918,-0.118521
3.0999,-2.26588,1.76376,2.65596,-2.35512,1.74145,2.607,-2.36734,1.84274,2,-2.22716,1.63312,1.95993,-1.41101,-1.8127,1.46196e-18,-1.69032,-2.10927,-0.110131,-1.47419,-1.89388,0,-1.19591,-1.53466,-0.108556
3.10995,-2.28009,1.74535,2.65596,-2.37198,1.72027,2.60593,-2.38219,1.82351,2,-2.23902,1.6179,1.95889,-1.39628,-1.82407,-1.46196e-18,-1.68175,-2.12643,-0.104117,-1.45881,-1.90575,0,-1.17566,-1.5111,-0.0974754
3.11999,-2.29395,1.7271,2.65596,-2.38373,1.70535,2.60522,-2.39667,1.80443,2,-2.2472,1.60737,1.95824,-1.38168,-1.83516,0,-1.6755,-2.13809,-0.100042,-1.44355,-1.91733,0,-1.16228,-1.4952,-0.0890893
3.12993,-2.30754,1.70889,2.65596,-2.40543,1.67742,2.60396,-2.41087,1.78541,2,-2.26215,1.58812,1.95719,-1.36711,-1.84603,-1.46196e-18,-1.66321,-2.15882,-0.0934748,-1.42833,-1.9287,0,-1.13907,-1.46714,-0.0728535
3.13998,-2.3213,1.69016,2.65596,-2.41705,1.66227,2.60332,-2.42524,1.76584,2,-2.27346,1.57355,1.95653,-1.35213,-1.85704,-1.46196e-18,-1.65635,-2.16964,-0.0903381,-1.41267,-1.94019,0,-1.12268,-1.4469,-0.059535
3.14993,-2.33459,1.67175,2.65596,-2.4385,1.63393,2.60218,-2.43913,1.74661,2,-2.28461,1.55918,1.956,-1.3374,-1.86767,1.46196e-18,-1.64301,-2.1893,-0.0848306,-1.39729,-1.95131,0,-1.10743,-1.428,-0.0453522
3.16001,-2.3481,1.65271,2.65596,-2.45488,1.61197,2.60135,-2.45325,1.72672,2,-2.29561,1.54499,1.95562,-1.32217,-1.87848,0,-1.63246,-2.204,-0.0809038,-1.38138,-1.9626,0,-1.09345,-1.4104,-0.0302786
3.16992,-2.36115,1.63402,2.65596,-2.47115,1.58985,2.60056,-2.46688,1.70719,2,-2.30649,1.53097,1.9554,-1.30721,-1.88892,0,-1.62177,-2.21822,-0.0771465,-1.36575,-1.97351,0,-1.08078,-1.39415,-0.01429
3.17999,-2.3742,1.615,2.65596,-2.48731,1.5676,2.59981,-2.48052,1.68732,2,-2.31723,1.5171,1.95534,-1.292,-1.89936,-1.46196e-18,-1.61099,-2.23194,-0.0736602,-1.34985,-1.98441,0,-1.0693,-1.37928,0.00247784
3.18999,-2.38725,1.59565,2.65596,-2.50337,1.54522,2.59909,-2.49415,1.6671,2,-2.32788,1.50338,1.95545,-1.27652,-1.9098,1.46196e-18,-1.60045,-2.24523,-0.0709125,-1.33368,-1.99532,0,-1.05911,-1.36603,0.0195351
3.2,-2.39974,1.5768,2.65596,-2.51932,1.5227,2.59839,-2.5072,1.64741,2,-2.33842,1.48977,1.95573,-1.26144,-1.91979,-1.46196e-18,-1.59021,-2.25806,-0.0686824,-1.31792,-2.00576,0,-1.05011,-1.35442,0.0370545
3.20993,-2.41246,1.55727,2.65596,-2.53517,1.50006,2.59771,-2.52049,1.62701,2,-2.34888,1.47628,1.95619,-1.24582,-1.92997,1.46196e-18,-1.58029,-2.2702,-0.0674035,-1.3016,-2.01639,0,-1.04216,-1.34443,0.0545545
3.21996,-2.42458,1.53833,2.65596,-2.55093,1.4773,2.59704,-2.53315,1.60722,2,-2.35927,1.46288,1.95682,-1.23066,-1.93966,1.46196e-18,-1.57091,-2.28152,-0.066716,-1.28577,-2.02652,0,-1.03524,-1.33603,0.0723555
3.22999,-2.43705,1.5185,2.65596,-2.56659,1.45443,2.59638,-2.54618,1.5865,2,-2.36959,1.44955,1.95764,-1.2148,-1.94964,0,-1.5623,-2.29194,-0.0662098,-1.2692,-2.03694,0,-1.02944,-1.3294,0.0907946
3.23996,-2.4489,1.49931,2.65596,-2.57751,1.43836,2.59591,-2.55856,1.56645,2,-2.37678,1.44026,1.95832,-1.19945,-1.95912,0,-1.55671,-2.29849,-0.0660949,-1.25316,-2.04685,0,-1.02597,-1.32579,0.103889
3.24997,-2.46088,1.47957,2.65596,-2.59769,1.40841,2.59505,-2.57107,1.54583,2,-2.39009,1.42306,1.95983,-1.18366,-1.9687,1.46196e-18,-1.54787,-2.30866,-0.0663786,-1.23666,-2.05686,0,-1.02121,-1.32149,0.128504
3.26001,-2.47278,1.45959,2.65596,-2.61314,1.3853,2.59439,-2.58351,1.52495,2,-2.40029,1.40985,1.96121,-1.16767,-1.97823,0,-1.54281,-2.31428,-0.0665391,-1.21996,-2.06681,0,-1.01911,-1.32027,0.148061
3.26998,-2.48413,1.44018,2.65596,-2.62855,1.36214,2.59372,-2.59537,1.50467,2,-2.41047,1.39665,1.96279,-1.15215,-1.98731,0,-1.53904,-2.31748,-0.0665621,-1.20374,-2.0763,0,-1.01835,-1.3209,0.167923
3.27996,-2.49578,1.4199,2.65596,-2.64392,1.33896,2.59306,-2.60754,1.48348,2,-2.42066,1.38343,1.96457,-1.13592,-1.99663,0,-1.53614,-2.31777,-0.0662839,-1.18679,-2.08603,0,-1.01883,-1.32338,0.187848
3.28994,-2.50715,1.39974,2.65596,-2.65467,1.32274,2.59259,-2.61941,1.46242,2,-2.42779,1.37415,1.96593,-1.11979,-2.00572,1.46196e-18,-1.53439,-2.31586,-0.0661307,-1.16994,-2.09553,0,-1.01978,-1.32619,0.20138
3.29993,-2.51805,1.38002,2.65596,-2.6746,1.29268,2.59174,-2.63081,1.44182,2,-2.44107,1.35687,1.96871,-1.10402,-2.01444,-1.46196e-18,-1.53166,-2.30716,-0.0653929,-1.15346,-2.10465,0,-1.02295,-1.33394,0.22555
3.30993,-2.52891,1.36002,2.65596,-2.68991,1.26966,2.59109,-2.64215,1.42093,2,-2.44824,1.34751,1.97033,-1.08802,-2.02313,0,-1.52936,-2.29561,-0.0635304,-1.13674,-2.11372,0,-1.02535,-1.3394,0.238239
3.31997,-2.53985,1.33949,2.65596,-2.70518,1.24678,2.59047,-2.65358,1.39947,2,-2.4616,1.33002,1.97358,-1.07159,-2.03188,1.46196e-18,-1.52583,-2.27986,-0.0605464,-1.11958,-2.12286,0,-1.03089,-1.35166,0.260122
3.32992,-2.5508,1.31851,2.65596,-2.72041,1.22408,2.58989,-2.66503,1.37755,2,-2.47194,1.31645,1.97625,-1.0548,-2.04064,-1.46196e-18,-1.52011,-2.25997,-0.0561148,-1.10204,-2.13202,0,-1.0358,-1.36293,0.275028
3.33987,-2.56088,1.29883,2.65596,-2.73557,1.2016,2.58935,-2.67555,1.35699,2,-2.48232,1.30276,1.97907,-1.03907,-2.0487,0,-1.51144,-2.2359,-0.0501188,-1.0856,-2.14044,0,-1.04102,-1.37553,0.28771
3.34999,-2.57124,1.27819,2.65596,-2.75064,1.17938,2.58892,-2.68638,1.33543,2,-2.49277,1.28893,1.98202,-1.02255,-2.05699,1.46196e-18,-1.50187,-2.20529,-0.0317769,-1.06834,-2.1491,0,-1.05024,-1.39101,0.307105
3.36004,-2.58161,1.25712,2.65596,-2.76562,1.15752,2.5888,-2.69721,1.31342,2,-2.50016,1.27915,1.98426,-1.0057,-2.06529,0,-1.49204,-2.16843,0.0054726,-1.05073,-2.15777,0,-1.06204,-1.40487,0.331929
3.36993,-2.59136,1.23689,2.65596,-2.78045,1.13598,2.58892,-2.7074,1.29228,2,-2.51404,1.26074,1.98869,-0.989511,-2.07309,-1.46196e-18,-1.47313,-2.14146,0.0168546,-1.03382,-2.16592,0,-1.07087,-1.42608,0.344095
3.37998,-2.60136,1.21572,2.65596,-2.79507,1.11467,2.58913,-2.71785,1.27016,2,-2.52477,1.2464,1.99213,-0.972575,-2.08109,0,-1.45179,-2.11972,0.0262732,-1.01613,-2.17428,0,-1.07555,-1.44235,0.346091
3.38992,-2.61082,1.19526,2.65596,-2.80949,1.09358,2.5895,-2.72773,1.24878,2,-2.53557,1.23188,1.99565,-0.956209,-2.08866,0,-1.43403,-2.09899,0.0520726,-0.999027,-2.18219,0,-1.08674,-1.46249,0.360504
3.39997,-2.62062,1.17362,2.65596,-2.8195,1.07894,2.58997,-2.73797,1.22617,2,-2.54653,1.21713,1.99941,-0.938895,-2.0965,-1.46196e-18,-1.42657,-2.08454,0.083379,-0.980938,-2.19038,0,-1.10738,-1.48838,0.393444
3.40995,-2.62965,1.15326,2.65596,-2.83376,1.05819,2.5911,-2.7474,1.2049,2,-2.55775,1.20209,2.00359,-0.922605,-2.10372,0,-1.42717,-2.06398,0.146061,-0.963919,-2.19792,0,-1.13773,-1.52042,0.445128
3.41989,-2.63866,1.1325,2.65596,-2.85243,1.03153,2.5936,-2.75681,1.18321,2,-2.5658,1.19136,2.00684,-0.905997,-2.11092,-1.46196e-18,-1.44732,-2.03995,0.230979,-0.946567,-2.20545,0,-1.16012,-1.54413,0.482669
3.42998,-2.64772,1.11113,2.65596,-2.86261,1.01728,2.59532,-2.76629,1.16088,2,-2.57752,1.17577,2.01186,-0.888901,-2.11818,1.46196e-18,-1.45945,-2.02989,0.259944,-0.928706,-2.21303,0,-1.18404,-1.57437,0.518246
3.43996,-2.65648,1.09004,2.65596,-2.88168,0.99099,2.59895,-2.77543,1.13885,2,-2.59307,1.15507,2.01878,-0.872031,-2.12518,0,-1.47199,-2.01616,0.294118,-0.91108,-2.22035,0,-1.20495,-1.60928,0.542031
3.44994,-2.6653,1.06827,2.65596,-2.8964,0.970861,2.60197,-2.78466,1.11611,2,-2.60517,1.13885,2.02423,-0.854615,-2.13224,0,-1.46938,-2.01049,0.309918,-0.892885,-2.22772,0,-1.21551,-1.63359,0.547483
3.4599,-2.6736,1.04735,2.65596,-2.91106,0.950762,2.6052,-2.79332,1.09425,2,-2.61739,1.12238,2.02976,-0.837877,-2.13888,1.46196e-18,-1.46176,-2.01036,0.338321,-0.875397,-2.23465,0,-1.23068,-1.6609,0.560473
3.46991,-2.68191,1.02586,2.65596,-2.92561,0.93063,2.60877,-2.80201,1.07179,2,-2.62979,1.10563,2.03546,-0.820685,-2.14553,7.3098e-19,-1.44771,-2.01697,0.376261,-0.857435,-2.24161,0,-1.24889,-1.69045,0.578512
3.47995,-2.69027,1.00375,2.65596,-2.93998,0.910415,2.61265,-2.81073,1.0487,2,-2.64234,1.08859,2.04127,-0.803001,-2.15221,1.46196e-18,-1.4254,-2.02622,0.394737,-0.838959,-2.24859,0,-1.25834,-1.71525,0.578735
3.49004,-2.69805,0.982633,2.65596,-2.9541,0.890103,2.6166,-2.81887,1.02663,2,-2.65493,1.07134,2.04698,-0.786106,-2.15844,7.3098e-19,-1.39791,-2.03623,0.393761,-0.821308,-2.2551,0,-1.25944,-1.73535,0.562221
3.50001,-2.70575,0.961234,2.65596,-2.96793,0.869685,2.6205,-2.82691,1.00428,2,-2.66752,1.05389,2.05249,-0.768987,-2.1646,0,-1.36697,-2.04776,0.385371,-0.803422,-2.26153,0,-1.25719,-1.75363,0.538817
3.5099,-2.71335,0.939565,2.65596,-2.98143,0.849142,2.62429,-2.83485,0.981638,2,-2.68007,1.03627,2.05774,-0.751652,-2.17068,0,-1.33276,-2.06102,0.372009,-0.78531,-2.26788,0,-1.25259,-1.77077,0.510522
3.51999,-2.72073,0.917961,2.65596,-2.99458,0.828457,2.62794,-2.84257,0.959067,2,-2.69257,1.01848,2.0627,-0.734369,-2.17659,0,-1.29569,-2.07637,0.357702,-0.767253,-2.27405,0,-1.24727,-1.78774,0.480603
3.52997,-2.72798,0.896214,2.65596,-3.00734,0.807609,2.63145,-2.85013,0.936346,2,-2.70501,1.00051,2.06735,-0.716972,-2.18238,7.3098e-19,-1.25587,-2.09352,0.343415,-0.749077,-2.28011,0,-1.24163,-1.80473,0.449805
3.53993,-2.735,0.874539,2.65596,-3.01968,0.786582,2.63481,-2.85747,0.9137,2,-2.7174,0.982382,2.07169,-0.699631,-2.188,7.3098e-19,-1.21292,-2.11216,0.329704,-0.73096,-2.28598,0,-1.23545,-1.82181,0.418571
3.54992,-2.74192,0.852602,2.65596,-3.03158,0.765362,2.63804,-2.8647,0.890781,2,-2.72972,0.964079,2.07572,-0.682082,-2.19354,-1.46196e-18,-1.16702,-2.13191,0.316567,-0.712625,-2.29176,0,-1.22887,-1.83896,0.386889
3.55991,-2.7487,0.830484,2.65596,-3.04301,0.743941,2.64114,-2.87178,0.867673,2,-2.74197,0.945603,2.07943,-0.664387,-2.19896,7.3098e-19,-1.11846,-2.15234,0.3038,-0.694138,-2.29743,0,-1.22199,-1.85619,0.354637
3.56998,-2.75522,0.808591,2.65596,-3.05394,0.722314,2.64412,-2.8786,0.8448,2,-2.75416,0.926954,2.08281,-0.646873,-2.20417,7.3098e-19,-1.06721,-2.17322,0.291578,-0.67584,-2.30288,0,-1.21469,-1.87365,0.322024
3.58005,-2.76168,0.786228,2.65596,-3.06435,0.700477,2.64698,-2.88535,0.821435,2,-2.76627,0.908129,2.08587,-0.628983,-2.20935,0,-1.01329,-2.19409,0.280087,-0.657148,-2.30828,0,-1.20697,-1.89126,0.289269
3.5899,-2.76785,0.764221,2.65596,-3.0742,0.678433,2.64972,-2.8918,0.798442,2,-2.7783,0.889128,2.08859,-0.611377,-2.21428,0,-0.957173,-2.21454,0.269325,-0.638754,-2.31344,0,-1.19915,-1.90901,0.256444
3.6,-2.77391,0.741926,2.65596,-3.08348,0.656188,2.65237,-2.89813,0.77515,2,-2.79025,0.869948,2.091,-0.593541,-2.21913,7.3098e-19,-0.898788,-2.2343,0.259457,-0.62012,-2.3185,0,-1.19106,-1.92696,0.223814
3.60995,-2.77977,0.719689,2.65596,-3.09217,0.633751,2.65492,-2.90424,0.751917,2,-2.80212,0.850588,2.09307,-0.575752,-2.22381,0,-0.838405,-2.25307,0.25043,-0.601533,-2.32339,0,-1.1827,-1.94522,0.191497
3.62003,-2.78544,0.697395,2.65596,-3.10025,0.611132,2.65738,-2.91017,0.728624,2,-2.8139,0.831043,2.09483,-0.557916,-2.22835,0,-0.776422,-2.27042,0.24205,-0.582899,-2.32814,0,-1.17406,-1.96373,0.159535
3.62998,-2.79092,0.675143,2.65596,-3.1077,0.588348,2.65976,-2.9159,0.705376,2,-2.8256,0.811312,2.09626,-0.540115,-2.23274,-7.3098e-19,-0.713217,-2.28613,0.234329,-0.564301,-2.33272,0,-1.16528,-1.98259,0.128118
3.63991,-2.79613,0.653229,2.65596,-3.11451,0.565415,2.66207,-2.92134,0.682481,2,-2.83721,0.79139,2.09739,-0.522583,-2.2369,0,-0.648974,-2.30001,0.227158,-0.545984,-2.33707,0,-1.15621,-2.00189,0.0973648
3.64997,-2.80138,0.630325,2.65596,-3.12067,0.542354,2.6643,-2.92683,0.658551,2,-2.84872,0.771273,2.09821,-0.50426,-2.24111,0,-0.584084,-2.31184,0.220365,-0.526841,-2.34146,0,-1.14684,-2.02163,0.0673713
3.65992,-2.80623,0.60836,2.65596,-3.12619,0.519186,2.66647,-2.9319,0.635602,2,-2.86014,0.750956,2.09874,-0.486688,-2.24499,0,-0.518801,-2.32138,0.213864,-0.508482,-2.34552,0,-1.13702,-2.04175,0.0383141
3.66994,-2.81104,0.58574,2.65596,-3.13105,0.495934,2.66858,-2.93692,0.611969,2,-2.87146,0.730436,2.09898,-0.468592,-2.24883,-7.3098e-19,-0.453554,-2.32862,0.207464,-0.489575,-2.34954,0,-1.12678,-2.0624,0.0102464
3.67997,-2.81567,0.56309,2.65596,-3.13526,0.472621,2.67062,-2.94175,0.588305,2,-2.88268,0.709706,2.09895,-0.450472,-2.25253,-7.3098e-19,-0.388703,-2.3336,0.201214,-0.470644,-2.3534,0,-1.11626,-2.08373,-0.0166171
3.68988,-2.82002,0.540887,2.65596,-3.13883,0.44927,2.67261,-2.94629,0.565108,2,-2.89379,0.688759,2.09866,-0.43271,-2.25601,0,-0.324518,-2.33626,0.195234,-0.452086,-2.35704,0,-1.10546,-2.10574,-0.0419922
3.69999,-2.82439,0.517535,2.65596,-3.14175,0.425904,2.67453,-2.95087,0.54071,2,-2.90478,0.667589,2.09812,-0.414028,-2.25952,7.3098e-19,-0.261273,-2.33655,0.189479,-0.432568,-2.3607,0,-1.09433,-2.12841,-0.0657279
3.71,-2.82841,0.495139,2.65596,-3.14406,0.402547,2.6764,-2.95506,0.517311,2,-2.91567,0.646188,2.09735,-0.396111,-2.26273,-7.3098e-19,-0.199176,-2.33451,0.183905,-0.413849,-2.36405,0,-1.0827,-2.15175,-0.0876714
3.7199,-2.83224,0.472748,2.65596,-3.14574,0.379221,2.67821,-2.95906,0.493917,2,-2.92644,0.624552,2.09637,-0.378198,-2.26579,0,-0.13848,-2.33018,0.178427,-0.395134,-2.36725,0,-1.07047,-2.17571,-0.107724
3.72988,-2.8359,0.450254,2.65596,-3.14683,0.35595,2.67996,-2.96289,0.470417,2,-2.93708,0.602672,2.0952,-0.360204,-2.26872,-3.6549e-19,-0.0795508,-2.32376,0.172805,-0.376333,-2.37031,0,-1.05758,-2.20034,-0.125939
3.73986,-2.83946,0.427232,2.65596,-3.14734,0.332752,2.68166,-2.96661,0.446363,2,-2.94759,0.580543,2.09386,-0.341785,-2.27157,3.6549e-19,-0.0227318,-2.3155,0.166731,-0.35709,-2.37329,0,-1.04399,-2.22568,-0.142461
3.74994,-2.84278,0.404561,2.65596,-3.14729,0.309646,2.6833,-2.97007,0.422677,2,-2.95795,0.558157,2.09236,-0.323648,-2.27422,3.6549e-19,0.0318972,-2.30551,0.15996,-0.338141,-2.37606,0,-1.02939,-2.25157,-0.157393
3.75992,-2.84592,0.381838,2.65596,-3.14671,0.286647,2.68486,-2.97336,0.398936,2,-2.96817,0.53551,2.09071,-0.30547,-2.27673,3.6549e-19,0.0842214,-2.29392,0.152399,-0.319149,-2.37869,0,-1.01359,-2.27784,-0.170757
3.76987,-2.84893,0.358657,2.65596,-3.14562,0.263772,2.68634,-2.97651,0.374717,2,-2.97822,0.512599,2.08895,-0.286926,-2.27915,0,0.134097,-2.28085,0.143998,-0.299774,-2.3812,0,-0.996504,-2.30434,-0.182591
3.77998,-2.85167,0.336239,2.65596,-3.14404,0.241034,2.68774,-2.97936,0.351296,2,-2.9881,0.489422,2.08707,-0.268991,-2.28133,0,0.181382,-2.26663,0.134728,-0.281036,-2.38349,0,-0.978089,-2.33112,-0.192956
3.78986,-2.85431,0.313008,2.65596,-3.142,0.218443,2.68903,-2.98212,0.327024,2,-2.99778,0.465976,2.08509,-0.250406,-2.28345,-3.6549e-19,0.225909,-2.25143,0.124814,-0.261619,-2.3857,0,-0.958393,-2.35816,-0.201739
3.79991,-2.85671,0.290243,2.65596,-3.13953,0.196009,2.69023,-2.98463,0.30324,2,-3.00726,0.442258,2.08304,-0.232195,-2.28537,0,0.267703,-2.23538,0.114628,-0.242592,-2.38771,0,-0.937302,-2.38544,-0.208726
3.80998,-2.85892,0.267676,2.65596,-3.13665,0.173738,2.69133,-2.98694,0.279663,2,-3.01652,0.418266,2.08092,-0.214141,-2.28713,3.6549e-19,0.306618,-2.2187,0.104131,-0.22373,-2.38955,0,-0.914803,-2.41289,-0.214047
3.81998,-2.86096,0.244806,2.65596,-3.13341,0.151635,2.69231,-2.98908,0.255768,2,-3.02555,0.394,2.07876,-0.195845,-2.28877,0,0.342666,-2.20168,0.0932799,-0.204615,-2.39126,0,-0.890755,-2.44044,-0.217855
3.82989,-2.86281,0.222128,2.65596,-3.12981,0.129705,2.69319,-2.99101,0.232075,2,-3.03433,0.369458,2.07657,-0.177703,-2.29025,0,0.375791,-2.18439,0.0822184,-0.18566,-2.39281,0,-0.865109,-2.46787,-0.22015
3.83991,-2.86451,0.199072,2.65596,-3.1259,0.107948,2.69396,-2.99278,0.207986,2,-3.04285,0.344643,2.07436,-0.159258,-2.29161,-1.82745e-19,0.405851,-2.16709,0.0708812,-0.166389,-2.39423,0,-0.83793,-2.49511,-0.221149
3.84993,-2.86601,0.176242,2.65596,-3.1217,0.0863621,2.69461,-2.99434,0.184134,2,-3.05108,0.319557,2.07215,-0.140994,-2.2928,0,0.432979,-2.15007,0.0591836,-0.147307,-2.39547,0,-0.809054,-2.52208,-0.221098
3.86007,-2.86735,0.152803,2.65596,-3.11725,0.0649451,2.69514,-2.99575,0.159646,2,-3.05902,0.294203,2.06994,-0.122243,-2.29388,0,0.457377,-2.1334,0.0471492,-0.127717,-2.3966,0,-0.778295,-2.54851,-0.220154
3.86996,-2.86848,0.129792,2.65596,-3.11399,0.0500513,2.69544,-2.99693,0.135604,2,-3.06439,0.2763,2.06841,-0.103834,-2.29479,1.82745e-19,0.472772,-2.12204,0.0385207,-0.108483,-2.39755,0,-0.755735,-2.56661,-0.219072
3.87997,-2.86943,0.106969,2.65596,-3.10768,0.022598,2.69584,-2.99792,0.111759,2,-3.07393,0.242721,2.06558,-0.0855754,-2.29554,0,0.497798,-2.10173,0.0223884,-0.0894075,-2.39833,0,-0.711538,-2.59915,-0.216096
3.88999,-2.87021,0.0833717,2.65596,-3.10262,0.0016547,2.696,-2.99874,0.087105,2,-3.08087,0.216609,2.06343,-0.0666973,-2.29617,0,0.5139,-2.08709,0.00972002,-0.069684,-2.39899,0,-0.675619,-2.6231,-0.213324
3.89997,-2.87078,0.0604939,2.65596,-3.09741,-0.0191472,2.69603,-2.99933,0.0632028,2,-3.08744,0.190262,2.06131,-0.0483951,-2.29663,4.56862e-20,0.527322,-2.07347,-0.00345599,-0.0505622,-2.39947,0,-0.63822,-2.64597,-0.210647
3.91005,-2.87117,0.0379204,2.65596,-3.09208,-0.0398185,2.69593,-2.99974,0.0396185,2,-3.09363,0.163693,2.05922,-0.0303363,-2.29694,4.56862e-20,0.538401,-2.06097,-0.0171848,-0.0316948,-2.39979,0,-0.599297,-2.66762,-0.208322
3.91999,-2.87138,0.0152143,2.65596,-3.08665,-0.0603706,2.69568,-2.99996,0.0158956,2,-3.09942,0.136914,2.05714,-0.0121714,-2.2971,2.28431e-20,0.547441,-2.04966,-0.031352,-0.0127165,-2.39997,0,-0.5588,-2.68792,-0.206428
3.92998,-2.87141,-0.00736269,2.65596,-3.08114,-0.0808158,2.6953,-2.99999,-0.00769238,2,-3.1048,0.109939,2.05509,0.00589015,-2.29713,0,0.554511,-2.03959,-0.0455973,0.00615391,-2.39999,0,-0.51679,-2.70688,-0.204825
3.93999,-2.87126,-0.0306619,2.65596,-3.07557,-0.101167,2.69477,-2.99983,-0.0320349,2,-3.10975,0.0827811,2.05305,0.0245295,-2.297,0,0.559685,-2.0309,-0.0598059,0.0256279,-2.39986,0,-0.473404,-2.72451,-0.203595
3.94989,-2.87092,-0.0533635,2.65596,-3.06995,-0.121439,2.6941,-2.99948,-0.0557531,2,-3.11426,0.0554527,2.05101,0.0426908,-2.29674,0,0.563083,-2.02375,-0.0738199,0.0446025,-2.39959,0,-0.428736,-2.74096,-0.202756
3.95998,-2.8704,-0.0765693,2.65596,-3.06431,-0.141647,2.6933,-2.99893,-0.0799981,2,-3.11832,0.0279661,2.04899,0.0612555,-2.29632,0,0.564669,-2.01817,-0.0873972,0.0639985,-2.39915,0,-0.383001,-2.75616,-0.202228
3.97006,-2.86969,-0.0996838,2.65596,-3.05866,-0.161808,2.69236,-2.99819,-0.104148,2,-3.12192,0.00033366,2.04697,0.079747,-2.29575,-9.13725e-20,0.564687,-2.0142,-0.100425,0.0833181,-2.39855,0,-0.336174,-2.77011,-0.202037
3.97993,-2.8688,-0.122698,2.65596,-3.05302,-0.181937,2.69129,-2.99726,-0.128192,2,-3.12504,-0.0274321,2.04495,0.098158,-2.29504,1.82745e-19,0.563344,-2.01188,-0.112875,0.102553,-2.39781,0,-0.288343,-2.78284,-0.202267
3.98996,-2.86774,-0.145257,2.65596,-3.0474,-0.20205,2.6901,-2.99616,-0.151761,2,-3.12768,-0.0553187,2.04292,0.116205,-2.29419,-1.82745e-19,0.560919,-2.01111,-0.124705,0.121409,-2.39693,0,-0.239523,-2.79424,-0.202964
3.99998,-2.86649,-0.168106,2.65596,-3.04181,-0.222164,2.6888,-2.99485,-0.175634,2,-3.12983,-0.0833124,2.04089,0.134485,-2.2932,-1.82745e-19,0.557552,-2.01183,-0.135853,0.140507,-2.39588,0,-0.189811,-2.80427,-0.204143
4.00993,-2.86503,-0.191476,2.65596,-3.03625,-0.242292,2.68739,-2.99332,-0.20005,2,-3.13104,-0.102964,2.03945,0.153181,-2.29202,0,0.553447,-2.01401,-0.146349,0.16004,-2.39466,0,-0.15455,-2.81048,-0.205323
4.01992,-2.8634,-0.214513,2.65596,-3.03074,-0.262449,2.68587,-2.99162,-0.224118,2,-3.13261,-0.139567,2.03677,0.17161,-2.29072,0,0.548747,-2.01759,-0.156153,0.179295,-2.39329,0,-0.0881936,-2.82031,-0.208148
4.02987,-2.86163,-0.236925,2.65596,-3.02528,-0.282648,2.68427,-2.98977,-0.247535,2,-3.13324,-0.167801,2.03467,0.18954,-2.2893,-1.82745e-19,0.543614,-2.02246,-0.164998,0.198028,-2.39182,0,-0.036414,-2.82627,-0.210711
4.04001,-2.85962,-0.260087,2.65596,-3.02148,-0.296819,2.68309,-2.98767,-0.271733,2,-3.13336,-0.187597,2.03319,0.208069,-2.28769,-3.6549e-19,0.539922,-2.02664,-0.170644,0.217387,-2.39013,0,0.000246854,-2.82968,-0.212698
4.05,-2.85744,-0.283019,2.65596,-3.01451,-0.323226,2.68081,-2.98539,-0.295692,2,-3.13292,-0.224417,2.0304,0.226415,-2.28595,0,0.532585,-2.03623,-0.179905,0.236554,-2.38831,0,0.0686958,-2.83459,-0.21674
4.05993,-2.85506,-0.306096,2.65596,-3.00922,-0.343632,2.67898,-2.98291,-0.319803,2,-3.13197,-0.252777,2.02821,0.244877,-2.28405,0,0.52699,-2.04517,-0.186688,0.255842,-2.38632,0,0.121421,-2.83715,-0.220757
4.06998,-2.85257,-0.328484,2.65596,-3.00397,-0.364132,2.67708,-2.98031,-0.343193,2,-3.13049,-0.281156,2.02599,0.262787,-2.28205,0,0.521374,-2.05508,-0.19274,0.274554,-2.38424,0,0.174166,-2.8385,-0.225113
4.07987,-2.84991,-0.350832,2.65596,-2.99879,-0.384736,2.67513,-2.97752,-0.366543,2,-3.12848,-0.309543,2.02371,0.280666,-2.27993,0,0.515869,-2.06595,-0.197669,0.293234,-2.38202,0,0.227067,-2.83882,-0.229381
4.09008,-2.84689,-0.374488,2.65596,-2.99519,-0.399226,2.67374,-2.97438,-0.391257,2,-3.12676,-0.329414,2.0221,0.29959,-2.27752,0,0.511989,-2.07412,-0.200377,0.313006,-2.3795,0,0.264015,-2.83845,-0.232193
4.10003,-2.84382,-0.397168,2.65596,-2.9901,-0.420029,2.67172,-2.97116,-0.414953,2,-3.12386,-0.357793,2.01976,0.317735,-2.27506,3.6549e-19,0.506653,-2.08649,-0.203211,0.331963,-2.37693,0,0.316776,-2.83707,-0.235905
4.10998,-2.84057,-0.419793,2.65596,-2.98606,-0.436762,2.67009,-2.96777,-0.438591,2,-3.12116,-0.380482,2.01786,0.335834,-2.27245,-3.6549e-19,0.502763,-2.09694,-0.204693,0.350873,-2.37421,0,0.359016,-2.83526,-0.238626
4.12012,-2.83692,-0.443789,2.65596,-2.97857,-0.468371,2.66701,-2.96395,-0.463662,2,-3.11647,-0.414483,2.01497,0.355031,-2.26953,3.6549e-19,0.496466,-2.11776,-0.205658,0.370929,-2.37116,0,0.422254,-2.83128,-0.242158
4.13034,-2.83332,-0.466196,2.65596,-2.97609,-0.478978,2.66598,-2.9602,-0.487072,2,-3.11429,-0.428634,2.01376,0.372957,-2.26666,0,0.494666,-2.12504,-0.205549,0.389658,-2.36816,0,0.44849,-2.82919,-0.24348
4.14002,-2.82964,-0.488064,2.65596,-2.97116,-0.500303,2.66393,-2.95635,-0.50992,2,-3.10802,-0.465374,2.01057,0.390451,-2.26371,3.6549e-19,0.491754,-2.14009,-0.204664,0.407936,-2.36508,0,0.516471,-2.82282,-0.246341
4.15,-2.82553,-0.511295,2.65596,-2.96576,-0.523936,2.66168,-2.95206,-0.534191,2,-3.10202,-0.49639,2.00785,0.409036,-2.26043,0,0.490021,-2.15692,-0.204043,0.427353,-2.36165,0,0.573466,-2.8163,-0.249214
4.16016,-2.82137,-0.533757,2.65596,-2.96135,-0.54341,2.65984,-2.94771,-0.557659,2,-3.09665,-0.521709,2.0056,0.427006,-2.2571,0,0.489554,-2.17066,-0.203124,0.446127,-2.35817,0,0.619764,-2.81008,-0.251261
4.16997,-2.81714,-0.555693,2.65596,-2.95743,-0.560824,2.65823,-2.94329,-0.580577,2,-3.09153,-0.544166,2.00358,0.444554,-2.25371,0,0.489928,-2.18292,-0.201717,0.464461,-2.35463,0,0.660751,-2.80395,-0.252512
4.18009,-2.81257,-0.578345,2.65596,-2.954,-0.576142,2.65682,-2.93852,-0.604243,2,-3.08467,-0.572164,2.00105,0.462676,-2.25006,-7.3098e-19,0.490878,-2.19364,-0.200056,0.483394,-2.35081,0,0.7117,-2.79555,-0.253263
4.19,-2.80783,-0.600957,2.65596,-2.9481,-0.602576,2.65444,-2.93356,-0.627867,2,-3.07806,-0.597287,1.99877,0.480766,-2.24626,0,0.493688,-2.2119,-0.196121,0.502294,-2.34685,0,0.757165,-2.78727,-0.252987
4.19989,-2.80312,-0.622553,2.65596,-2.94314,-0.62477,2.6525,-2.92864,-0.65043,2,-3.07024,-0.625111,1.99625,0.498042,-2.2425,0,0.497344,-2.227,-0.19224,0.520344,-2.34291,0,0.807042,-2.77751,-0.251932
4.20996,-2.798,-0.645151,2.65596,-2.93815,-0.647115,2.6506,-2.9233,-0.674041,2,-3.06192,-0.652835,1.99374,0.516121,-2.2384,-7.3098e-19,0.502298,-2.24178,-0.187763,0.539232,-2.33864,0,0.856369,-2.76704,-0.249908
4.21991,-2.79278,-0.667418,2.65596,-2.93309,-0.669605,2.64875,-2.91784,-0.697305,2,-3.05311,-0.68045,1.99125,0.533934,-2.23422,-7.3098e-19,0.508229,-2.25616,-0.182556,0.557844,-2.33427,0,0.904861,-2.75592,-0.246715
4.22991,-2.78707,-0.690858,2.65596,-2.92901,-0.687698,2.6473,-2.91187,-0.721795,2,-3.04383,-0.707951,1.98881,0.552687,-2.22966,0,0.513894,-2.26723,-0.177968,0.577436,-2.3295,0,0.95271,-2.74411,-0.242417
4.24003,-2.78149,-0.712999,2.65596,-2.92278,-0.715001,2.64521,-2.90604,-0.744926,2,-3.03406,-0.73533,1.98641,0.570399,-2.22519,0,0.523916,-2.28309,-0.170447,0.595941,-2.32483,0,0.999833,-2.73167,-0.236994
4.24997,-2.77583,-0.734724,2.65596,-2.91962,-0.728723,2.6442,-2.90013,-0.767625,2,-3.02798,-0.751697,1.985,0.587779,-2.22066,0,0.529616,-2.29061,-0.166624,0.6141,-2.3201,0,1.02764,-2.72392,-0.233388
4.2602,-2.76969,-0.757534,2.65596,-2.91535,-0.747086,2.64289,-2.89372,-0.791456,2,-3.01961,-0.773446,1.98315,0.606027,-2.21575,-7.3098e-19,0.537865,-2.30011,-0.161682,0.633165,-2.31497,0,1.06407,-2.71324,-0.228334
4.27011,-2.76364,-0.779316,2.65596,-2.90992,-0.770143,2.6413,-2.8874,-0.814213,2,-3.00875,-0.800509,1.9809,0.623453,-2.21091,0,0.549315,-2.31118,-0.155229,0.651371,-2.30992,0,1.10883,-2.69931,-0.221114
4.27998,-2.75738,-0.801181,2.65596,-2.90826,-0.777081,2.64084,-2.88086,-0.837058,2,-3.00201,-0.816679,1.97959,0.640945,-2.20591,0,0.553016,-2.31436,-0.153201,0.669646,-2.30469,0,1.13526,-2.69071,-0.216212
4.28999,-2.75097,-0.82294,2.65596,-2.90323,-0.797952,2.63949,-2.87415,-0.859791,2,-2.99512,-0.832797,1.97831,0.658352,-2.20077,0,0.564898,-2.32347,-0.146913,0.687833,-2.29932,0,1.16136,-2.68187,-0.210922
4.29996,-2.74423,-0.845135,2.65596,-2.90096,-0.807254,2.63891,-2.86711,-0.882979,2,-2.99044,-0.843513,1.97747,0.676108,-2.19538,7.3098e-19,0.570512,-2.32733,-0.144087,0.706384,-2.29369,0,1.17852,-2.67591,-0.207233
4.30991,-2.73747,-0.866792,2.65596,-2.89635,-0.825901,2.63778,-2.86005,-0.905606,2,-2.97845,-0.870196,1.97544,0.693433,-2.18997,0,0.582524,-2.33447,-0.139012,0.724485,-2.28804,0,1.22065,-2.6606,-0.198255
4.31992,-2.73043,-0.888721,2.65596,-2.88924,-0.853975,2.63615,-2.85269,-0.928517,2,-2.96603,-0.896723,1.97351,0.710977,-2.18434,7.3098e-19,0.602391,-2.34439,-0.131669,0.742814,-2.28215,0,1.26165,-2.64483,-0.188686
4.32993,-2.72336,-0.910135,2.65596,-2.88437,-0.872755,2.63512,-2.84531,-0.95089,2,-2.95581,-0.91783,1.97203,0.728108,-2.17869,7.3098e-19,0.616701,-2.35058,-0.126688,0.760712,-2.27625,0,1.29347,-2.63189,-0.180486
4.33988,-2.71602,-0.931831,2.65596,-2.87683,-0.901014,2.63364,-2.83764,-0.973558,2,-2.94001,-0.949294,1.96994,0.745465,-2.17281,0,0.639509,-2.35904,-0.118936,0.778846,-2.27011,0,1.33966,-2.61202,-0.167184
4.34998,-2.70826,-0.954141,2.65596,-2.87034,-0.924635,2.63249,-2.82953,-0.996867,2,-2.92643,-0.97533,1.96833,0.763313,-2.16661,-7.3098e-19,0.659821,-2.365,-0.112522,0.797494,-2.26363,0,1.37676,-2.59497,-0.155521
4.35998,-2.70056,-0.97571,2.65596,-2.86363,-0.948311,2.63139,-2.82149,-1.0194,2,-2.91248,-1.00119,1.96684,0.780568,-2.16045,0,0.681106,-2.36996,-0.105926,0.815521,-2.25719,0,1.41251,-2.57754,-0.143172
4.3699,-2.69259,-0.997495,2.65596,-2.85671,-0.972031,2.63037,-2.81317,-1.04216,2,-2.89818,-1.02688,1.96547,0.797996,-2.15407,0,0.703331,-2.37396,-0.0990623,0.83373,-2.25053,0,1.44692,-2.55985,-0.13011
4.38003,-2.68435,-1.01946,2.65596,-2.84956,-0.995787,2.62941,-2.80456,-1.06511,2,-2.88355,-1.05239,1.96424,0.815564,-2.14748,7.3098e-19,0.726294,-2.37699,-0.0920257,0.852085,-2.24365,0,1.47982,-2.542,-0.116485
4.39011,-2.6761,-1.04093,2.65596,-2.84218,-1.01957,2.62853,-2.79593,-1.08754,2,-2.86859,-1.07772,1.96314,0.832746,-2.14088,0,0.749895,-2.37899,-0.0848726,0.870036,-2.23675,0,1.51119,-2.524,-0.102417
4.39995,-2.66776,-1.06213,2.65596,-2.83456,-1.04336,2.62772,-2.78722,-1.10969,2,-2.85333,-1.10287,1.96219,0.849705,-2.13421,1.46196e-18,0.774302,-2.3799,-0.0776755,0.887755,-2.22977,0,1.54125,-2.50587,-0.0880402
4.40997,-2.65918,-1.08342,2.65596,-2.82829,-1.0624,2.62712,-2.77826,-1.13193,2,-2.84091,-1.12286,1.96153,0.866735,-2.12735,0,0.794211,-2.37981,-0.071959,0.905547,-2.22261,0,1.56422,-2.49128,-0.0764325
4.41991,-2.65066,-1.10411,2.65596,-2.81858,-1.09095,2.62631,-2.76936,-1.15355,2,-2.82194,-1.15262,1.96072,0.883285,-2.12053,-1.46196e-18,0.824525,-2.37842,-0.0634123,0.922838,-2.21548,0,1.59678,-2.46941,-0.0588825
4.42993,-2.64172,-1.12533,2.65596,-2.8102,-1.11473,2.6257,-2.76001,-1.17572,2,-2.80584,-1.17722,1.9602,0.900264,-2.11338,0,0.850234,-2.37604,-0.0568526,0.940578,-2.20801,0,1.62229,-2.45121,-0.0447337
4.44006,-2.63246,-1.14683,2.65596,-2.80157,-1.13847,2.62517,-2.75034,-1.19818,2,-2.7895,-1.20165,1.95982,0.917462,-2.10597,1.46196e-18,0.876169,-2.37253,-0.0504335,0.958546,-2.20027,0,1.64631,-2.43301,-0.0307161
4.44995,-2.62334,-1.16752,2.65596,-2.79268,-1.16217,2.6247,-2.74082,-1.2198,2,-2.77292,-1.22588,1.95959,0.934019,-2.09868,-1.46196e-18,0.902232,-2.36785,-0.043992,0.975844,-2.19265,0,1.66884,-2.41478,-0.0167232
4.45989,-2.61394,-1.18842,2.65596,-2.78353,-1.18582,2.62429,-2.73099,-1.24164,2,-2.7595,-1.24514,1.9595,0.950738,-2.09115,0,0.928416,-2.36208,-0.0375473,0.993312,-2.1848,0,1.68583,-2.40022,-0.0055989
4.47,-2.60435,-1.20929,2.65596,-2.77411,-1.20941,2.62394,-2.72098,-1.26344,2,-2.73913,-1.27382,1.95953,0.967434,-2.08348,0,0.95456,-2.35529,-0.0311762,1.01075,-2.17678,0,1.7095,-2.37852,0.0108256
4.47999,-2.59456,-1.23017,2.65596,-2.76443,-1.23293,2.62366,-2.71074,-1.28526,2,-2.72194,-1.29751,1.95971,0.984139,-2.07565,0,0.980589,-2.34747,-0.0249466,1.02821,-2.16859,0,1.72758,-2.36054,0.0241326
4.48999,-2.58458,-1.25099,2.65596,-2.7545,-1.25636,2.62345,-2.70032,-1.30701,2,-2.70458,-1.32103,1.96001,1.00079,-2.06767,0,1.00665,-2.33863,-0.0188272,1.04561,-2.16026,0,1.74441,-2.34263,0.0370743
4.50004,-2.57461,-1.2714,2.65596,-2.7443,-1.27969,2.62329,-2.6899,-1.32833,2,-2.68706,-1.34436,1.96045,1.01712,-2.05969,0,1.03268,-2.32875,-0.0128725,1.06266,-2.15192,0,1.76003,-2.32476,0.0495541
4.5101,-2.56416,-1.29234,2.65596,-2.73596,-1.29829,2.6232,-2.67898,-1.35021,2,-2.67293,-1.36291,1.96088,1.03387,-2.05133,0,1.05342,-2.32014,-0.00826338,1.08017,-2.14318,0,1.77163,-2.3105,0.0591429
4.51993,-2.55399,-1.31232,2.65596,-2.72313,-1.32605,2.62314,-2.66836,-1.37109,2,-2.65157,-1.3905,1.96167,1.04986,-2.04319,0,1.0843,-2.30625,-0.00161054,1.09687,-2.13469,0,1.78758,-2.28935,0.0728232
4.5299,-2.54337,-1.33278,2.65596,-2.71216,-1.34905,2.62315,-2.65727,-1.39246,2,-2.63364,-1.41331,1.96245,1.06622,-2.0347,0,1.10983,-2.2938,0.00355475,1.11397,-2.12581,0,1.7996,-2.27186,0.0834008
4.53988,-2.53261,-1.35312,2.65596,-2.70094,-1.37192,2.62321,-2.64602,-1.41371,2,-2.61558,-1.43594,1.96334,1.08249,-2.02609,0,1.13508,-2.28039,0.00854516,1.13097,-2.11682,0,1.8105,-2.25432,0.0933776
4.54998,-2.52184,-1.37309,2.65596,-2.68946,-1.39466,2.62332,-2.63477,-1.43457,2,-2.59743,-1.4584,1.96432,1.09847,-2.01747,0,1.16004,-2.26627,0.0134128,1.14766,-2.10781,0,1.82036,-2.23694,0.102789
4.55997,-2.51063,-1.39349,2.65596,-2.67774,-1.41725,2.62348,-2.62305,-1.45588,2,-2.57918,-1.48068,1.96539,1.11479,-2.0085,0,1.18456,-2.25158,0.0181227,1.16471,-2.09844,0,1.82907,-2.21979,0.11158
4.57001,-2.4993,-1.4137,2.65596,-2.66577,-1.43969,2.62369,-2.61122,-1.477,2,-2.56085,-1.50279,1.96655,1.13096,-1.99944,-1.46196e-18,1.20868,-2.23634,0.0227013,1.1816,-2.08897,0,1.83674,-2.20284,0.119761
4.57991,-2.48799,-1.43352,2.65596,-2.65356,-1.46197,2.62394,-2.5994,-1.49771,2,-2.54245,-1.52474,1.96779,1.14681,-1.99039,0,1.23228,-2.2206,0.0271323,1.19817,-2.07952,0,1.84333,-2.18609,0.127308
4.58996,-2.47636,-1.45352,2.65596,-2.64363,-1.47968,2.62417,-2.58724,-1.51861,2,-2.52399,-1.54652,1.96909,1.16281,-1.98108,0,1.25084,-2.20757,0.0305669,1.21488,-2.0698,0,1.84895,-2.16941,0.134213
4.59998,-2.46478,-1.47306,2.65596,-2.62846,-1.50606,2.62456,-2.57515,-1.53902,2,-2.50547,-1.56813,1.97047,1.17845,-1.97182,0,1.27813,-2.18749,0.035477,1.23122,-2.06012,0,1.85366,-2.15286,0.140402
4.60995,-2.45305,-1.49251,2.65596,-2.61556,-1.52784,2.62494,-2.5629,-1.55935,2,-2.48692,-1.58957,1.9719,1.19401,-1.96244,-1.46196e-18,1.30047,-2.1703,0.0393438,1.24748,-2.05032,0,1.85756,-2.13643,0.145887
4.62011,-2.44057,-1.51283,2.65596,-2.60245,-1.54946,2.62535,-2.54986,-1.58057,2,-2.46833,-1.61086,1.97338,1.21026,-1.95246,1.46196e-18,1.32233,-2.15286,0.0430646,1.26446,-2.03989,0,1.86061,-2.12023,0.150728
4.63002,-2.42834,-1.53239,2.65596,-2.58912,-1.5709,2.6258,-2.53708,-1.60101,2,-2.44971,-1.63198,1.97491,1.22591,-1.94267,0,1.34387,-2.13518,0.046678,1.28081,-2.02966,0,1.86305,-2.10423,0.154975
4.63993,-2.41653,-1.55094,2.65596,-2.57557,-1.59216,2.62628,-2.52474,-1.62039,2,-2.43107,-1.65294,1.97648,1.24076,-1.93322,1.46196e-18,1.36488,-2.11728,0.0501178,1.29632,-2.01979,0,1.86467,-2.08842,0.158562
4.64991,-2.40405,-1.57022,2.65596,-2.56182,-1.61325,2.6268,-2.5117,-1.64053,2,-2.41242,-1.67375,1.97808,1.25618,-1.92324,1.46196e-18,1.38544,-2.09922,0.0533812,1.31243,-2.00936,0,1.86557,-2.07278,0.161496
4.65994,-2.39135,-1.5895,2.65596,-2.55067,-1.62998,2.62724,-2.49843,-1.66068,2,-2.39376,-1.6944,1.97971,1.2716,-1.91308,0,1.40141,-2.08473,0.0558463,1.32854,-1.99874,0,1.86563,-2.0574,0.163768
4.66989,-2.37855,-1.60859,2.65596,-2.53372,-1.65487,2.62793,-2.48505,-1.68063,2,-2.37884,-1.71081,1.98102,1.28687,-1.90284,1.46196e-18,1.42469,-2.0629,0.059229,1.3445,-1.98804,0,1.86515,-2.04523,0.16506
4.67998,-2.36564,-1.62751,2.65596,-2.51937,-1.67541,2.62853,-2.47158,-1.70039,2,-2.35646,-1.73524,1.98301,1.30201,-1.89251,1.46196e-18,1.44371,-2.04466,0.0618462,1.36031,-1.97726,0,1.86383,-2.02717,0.166252
4.68987,-2.35267,-1.64621,2.65596,-2.50484,-1.69576,2.62916,-2.45802,-1.71992,2,-2.33783,-1.75544,1.98468,1.31697,-1.88214,1.46196e-18,1.46234,-2.02635,0.0643306,1.37594,-1.96642,0,1.86214,-2.01227,0.166631
4.69993,-2.33918,-1.66531,2.65596,-2.49013,-1.71593,2.62982,-2.44393,-1.73988,2,-2.31922,-1.77549,1.98634,1.33225,-1.87135,0,1.48046,-2.00799,0.0666617,1.39191,-1.95515,0,1.85985,-1.99749,0.166457
4.70995,-2.326,-1.68368,2.65596,-2.47524,-1.73592,2.6305,-2.43015,-1.75908,2,-2.30063,-1.79539,1.98801,1.34695,-1.8608,0,1.4982,-1.98953,0.0688427,1.40726,-1.94412,0,1.85711,-1.98274,0.16575
4.71992,-2.31222,-1.70256,2.65596,-2.46017,-1.75572,2.6312,-2.41575,-1.7788,2,-2.28208,-1.81514,1.98966,1.36205,-1.84977,-1.46196e-18,1.51555,-1.97108,0.0708662,1.42304,-1.9326,0,1.85393,-1.96809,0.164521
4.72994,-2.29862,-1.72087,2.65596,-2.44493,-1.77534,2.63191,-2.40155,-1.79793,2,-2.26356,-1.83475,1.99129,1.3767,-1.8389,0,1.53248,-1.9526,0.0727022,1.43834,-1.92124,0,1.85029,-1.95347,0.162758
4.73997,-2.28458,-1.73946,2.65596,-2.42952,-1.79478,2.63265,-2.38688,-1.81736,2,-2.24507,-1.85421,1.99291,1.39157,-1.82767,0,1.54896,-1.93417,0.0743439,1.45388,-1.90951,0,1.84617,-1.93895,0.160478
4.74994,-2.27076,-1.75747,2.65596,-2.41395,-1.81403,2.6334,-2.37244,-1.83617,2,-2.22664,-1.87353,1.9945,1.40597,-1.81661,0,1.56496,-1.91583,0.0758127,1.46893,-1.89796,0,1.84158,-1.92452,0.157721
4.75993,-2.25668,-1.77551,2.65596,-2.39822,-1.83309,2.63417,-2.35774,-1.85501,2,-2.20824,-1.8927,1.99606,1.42041,-1.80535,0,1.58055,-1.89756,0.0771282,1.48401,-1.88619,0,1.83658,-1.91014,0.154528
4.76992,-2.24239,-1.79352,2.65596,-2.38234,-1.85198,2.63494,-2.34281,-1.87383,2,-2.18991,-1.91173,1.99759,1.43482,-1.79392,1.46196e-18,1.5958,-1.87946,0.0783232,1.49907,-1.87425,0,1.83125,-1.8959,0.150954
4.77991,-2.22801,-1.81135,2.65596,-2.36631,-1.87068,2.63573,-2.32778,-1.89247,2,-2.17162,-1.93062,1.99908,1.44908,-1.78241,1.46196e-18,1.61074,-1.8615,0.0793906,1.51397,-1.86223,0,1.82566,-1.88173,0.147017
4.78992,-2.21348,-1.82909,2.65596,-2.35337,-1.88552,2.63637,-2.3126,-1.91099,2,-2.15339,-1.94937,2.00053,1.46327,-1.77078,-1.46196e-18,1.62242,-1.84725,0.0801368,1.5288,-1.85008,0,1.81975,-1.86766,0.142718
4.79998,-2.19865,-1.84688,2.65596,-2.3338,-1.90756,2.63734,-2.29711,-1.92959,2,-2.13523,-1.96797,2.00193,1.47751,-1.75892,0,1.63982,-1.82596,0.0810247,1.54367,-1.83769,0,1.81383,-1.85357,0.138028
4.80985,-2.18412,-1.86405,2.65596,-2.31733,-1.92573,2.63815,-2.28192,-1.94752,2,-2.11712,-1.98644,2.00329,1.49124,-1.7473,-1.46196e-18,1.65411,-1.80853,0.0815592,1.55801,-1.82554,0,1.80773,-1.83965,0.132984
4.8199,-2.16916,-1.88143,2.65596,-2.30072,-1.94373,2.63897,-2.26629,-1.96568,2,-2.09907,-2.00477,2.00459,1.50515,-1.73533,0,1.66817,-1.79126,0.0820156,1.57255,-1.81304,0,1.80149,-1.8258,0.127717
4.82999,-2.15383,-1.89897,2.65596,-2.28397,-1.96155,2.63979,-2.25028,-1.984,2,-2.08109,-2.02296,2.00584,1.51917,-1.72306,1.46196e-18,1.68204,-1.77413,0.0823686,1.5872,-1.80022,0,1.79517,-1.81195,0.122238
4.83996,-2.13864,-1.91605,2.65596,-2.26708,-1.97921,2.64062,-2.23441,-2.00185,2,-2.06317,-2.04101,2.00704,1.53284,-1.71091,-1.46196e-18,1.69576,-1.75702,0.0826178,1.60148,-1.78753,0,1.78883,-1.79801,0.11657
4.84999,-2.12329,-1.93305,2.65596,-2.25005,-1.99669,2.64144,-2.21837,-2.01961,2,-2.04531,-2.05892,2.00817,1.54644,-1.69863,0,1.7094,-1.74,0.0828114,1.61569,-1.7747,0,1.78253,-1.78404,0.110782
4.85988,-2.10784,-1.94989,2.65596,-2.23289,-2.01401,2.64227,-2.20222,-2.03721,2,-2.02752,-2.07669,2.00925,1.55991,-1.68627,-1.46196e-18,1.72278,-1.72308,0.0828872,1.62977,-1.76178,0,1.7761,-1.77004,0.104836
4.86999,-2.09174,-1.96715,2.65596,-2.2156,-2.03116,2.6431,-2.18541,-2.05524,2,-2.00979,-2.09432,2.01027,1.57372,-1.67339,1.46196e-18,1.736,-1.7063,0.0828694,1.64419,-1.74832,0,1.76968,-1.75602,0.0987856
4.87989,-2.0762,-1.98354,2.65596,-2.19817,-2.04814,2.64393,-2.16917,-2.07236,2,-1.99212,-2.11181,2.01123,1.58683,-1.66096,1.46196e-18,1.74899,-1.68965,0.0827472,1.65789,-1.73534,0,1.76321,-1.74198,0.0926438
4.88994,-2.06024,-2.00011,2.65596,-2.18062,-2.06495,2.64475,-2.1525,-2.08968,2,-1.97452,-2.12916,2.01212,1.60009,-1.64819,0,1.76189,-1.67312,0.0825143,1.67174,-1.722,0,1.75683,-1.72792,0.086426
4.9,-2.04415,-2.01656,2.65596,-2.16293,-2.0816,2.64558,-2.13569,-2.10686,2,-1.95699,-2.14637,2.01296,1.61324,-1.63532,-1.46196e-18,1.77477,-1.65668,0.0822306,1.68548,-1.70855,0,1.75063,-1.71378,0.0802178
4.90997,-2.0279,-2.0329,2.65596,-2.14512,-2.09808,2.6464,-2.1187,-2.12393,2,-1.93951,-2.16343,2.01373,1.62632,-1.62232,0,1.78747,-1.64041,0.0818844,1.69915,-1.69496,0,1.74447,-1.69966,0.0740323
4.91999,-2.01165,-2.04898,2.65596,-2.12718,-2.11441,2.64722,-2.10173,-2.14073,2,-1.9221,-2.18036,2.01444,1.63919,-1.60932,0,1.80002,-1.62429,0.0814703,1.71259,-1.68138,0,1.73842,-1.68554,0.0678873
4.92991,-1.99508,-2.06512,2.65596,-2.10912,-2.13057,2.64803,-2.08442,-2.15759,2,-1.90474,-2.19714,2.01509,1.65209,-1.59606,0,1.81234,-1.60829,0.0809368,1.72607,-1.66753,0,1.73239,-1.67138,0.0617552
4.93994,-1.97822,-2.08127,2.65596,-2.09094,-2.14657,2.64883,-2.06681,-2.17447,2,-1.88745,-2.21379,2.01567,1.66502,-1.58258,-1.46196e-18,1.82437,-1.59238,0.0802803,1.73957,-1.65344,0,1.72635,-1.65717,0.0556546
4.94993,-1.96195,-2.09661,2.65596,-2.07263,-2.16242,2.64963,-2.04981,-2.1905,2,-1.87021,-2.23029,2.0162,1.67729,-1.56956,0,1.83638,-1.57655,0.0795085,1.7524,-1.63985,0,1.72059,-1.64288,0.0496134
4.95996,-1.94507,-2.11229,2.65596,-2.05421,-2.1781,2.65042,-2.03217,-2.20687,2,-1.85304,-2.24664,2.01667,1.68983,-1.55606,0,1.84838,-1.5608,0.0786533,1.7655,-1.62574,0,1.71512,-1.62854,0.0436807
4.96992,-1.92835,-2.12756,2.65596,-2.03567,-2.19363,2.65121,-2.0147,-2.22283,2,-1.83591,-2.26286,2.01707,1.70205,-1.54268,0,1.86025,-1.54513,0.077722,1.77827,-1.61176,0,1.70987,-1.61413,0.0378841
4.97997,-1.9111,-2.14307,2.65596,-2.01701,-2.20901,2.65198,-1.99668,-2.23904,2,-1.81884,-2.27893,2.01742,1.71446,-1.52888,1.46196e-18,1.87191,-1.52949,0.0766825,1.79123,-1.59734,0,1.70476,-1.59963,0.0322124
4.98989,-1.89373,-2.15844,2.65596,-1.99823,-2.22422,2.65274,-1.97853,-2.25509,2,-1.80522,-2.29168,2.01766,1.72675,-1.51498,0,1.88329,-1.51394,0.0755123,1.80407,-1.58282,0,1.70075,-1.588,0.0277567
4.99991,-1.87614,-2.17374,2.65596,-1.97934,-2.23929,2.65349,-1.96016,-2.27108,2,-1.78484,-2.31063,2.01796,1.73899,-1.50091,1.46196e-18,1.89448,-1.49844,0.0742408,1.81686,-1.56813,0,1.695,-1.57045,0.0212737
5.00993,-1.85916,-2.18828,2.65596,-1.96034,-2.25419,2.65422,-1.94241,-2.28627,2,-1.76792,-2.32626,2.01814,1.75062,-1.48733,-1.46196e-18,1.90561,-1.48304,0.0728779,1.82902,-1.55393,0,1.69058,-1.5558,0.01607
5.0199,-1.84159,-2.20309,2.65596,-1.94123,-2.26895,2.65495,-1.92406,-2.30174,2,-1.75103,-2.34174,2.01828,1.76247,-1.47327,-1.46196e-18,1.91658,-1.46775,0.0714193,1.84139,-1.53925,0,1.68645,-1.54113,0.011058
5.02996,-1.8239,-2.21776,2.65596,-1.92201,-2.28355,2.65565,-1.90557,-2.31707,2,-1.73419,-2.35708,2.01837,1.77421,-1.45912,0,1.92731,-1.45248,0.0698639,1.85366,-1.52445,0,1.68254,-1.52638,0.00625097
5.04002,-1.80596,-2.23239,2.65596,-1.90268,-2.298,2.65634,-1.88683,-2.33236,2,-1.71738,-2.37227,2.0184,1.78591,-1.44477,0,1.93784,-1.43716,0.068214,1.86588,-1.50946,0,1.67894,-1.51147,0.00166144
5.04991,-1.7882,-2.24664,2.65596,-1.88325,-2.31229,2.65702,-1.86827,-2.34724,2,-1.70061,-2.38731,2.0184,1.79731,-1.43056,0,1.94835,-1.42176,0.0664723,1.87779,-1.49462,0,1.67584,-1.49637,-0.0027018
5.05991,-1.77025,-2.26081,2.65596,-1.86372,-2.32643,2.65767,-1.84952,-2.36205,2,-1.68386,-2.4022,2.01835,1.80865,-1.4162,2.92392e-18,1.95864,-1.40634,0.0646167,1.88964,-1.47962,0,1.67307,-1.48116,-0.00685608
5.06991,-1.7522,-2.27483,2.65596,-1.84408,-2.34042,2.65831,-1.83066,-2.3767,2,-1.66714,-2.41693,2.01826,1.81987,-1.40176,0,1.96879,-1.39091,0.0627081,1.90136,-1.46453,0,1.67072,-1.46583,-0.0107369
5.07997,-1.7336,-2.28904,2.65596,-1.82434,-2.35425,2.65892,-1.81123,-2.39154,2,-1.65045,-2.43151,2.01814,1.83123,-1.38688,0,1.97869,-1.37553,0.060694,1.91323,-1.44898,0,1.66871,-1.45046,-0.0143944
5.08998,-1.71538,-2.30272,2.65596,-1.80451,-2.36793,2.65952,-1.79219,-2.40584,2,-1.63377,-2.44594,2.01798,1.84218,-1.3723,0,1.98856,-1.36013,0.0586139,1.92467,-1.43375,0,1.66729,-1.43497,-0.0177881
5.09996,-1.69688,-2.31638,2.65596,-1.78457,-2.38145,2.6601,-1.77287,-2.42011,2,-1.6171,-2.46021,2.01778,1.85311,-1.35751,1.46196e-18,1.99817,-1.34478,0.0564405,1.93609,-1.41829,0,1.66625,-1.41944,-0.0209484
5.10991,-1.6786,-2.32966,2.65596,-1.76454,-2.39482,2.66065,-1.75377,-2.43399,2,-1.60044,-2.47433,2.01756,1.86373,-1.34288,0,2.00755,-1.3294,0.0541757,1.94719,-1.40302,0,1.66564,-1.40379,-0.0238761
5.11998,-1.65962,-2.34323,2.65596,-1.74442,-2.40804,2.66118,-1.73394,-2.44815,2,-1.58378,-2.48829,2.01731,1.87458,-1.3277,0,2.01682,-1.31404,0.0518728,1.95852,-1.38715,0,1.66561,-1.38808,-0.0265225
5.12997,-1.64069,-2.35652,2.65596,-1.72421,-2.42111,2.66169,-1.71416,-2.46204,2,-1.56713,-2.50209,2.01703,1.88522,-1.31255,1.46196e-18,2.0259,-1.29882,0.0495302,1.96963,-1.37133,0,1.6661,-1.37243,-0.028896
5.13999,-1.62189,-2.3695,2.65596,-1.7039,-2.43402,2.66217,-1.69452,-2.4756,2,-1.55046,-2.51574,2.01673,1.8956,-1.29752,0,2.03488,-1.28356,0.0471391,1.98048,-1.35562,0,1.6672,-1.35666,-0.0310154
5.14997,-1.6029,-2.38239,2.65596,-1.68351,-2.44678,2.66263,-1.67467,-2.48907,2,-1.53378,-2.52922,2.01641,1.90591,-1.28232,0,2.04353,-1.26827,0.0447146,1.99126,-1.33974,0,1.66872,-1.3408,-0.0328751
5.15996,-1.58376,-2.39515,2.65596,-1.66303,-2.45938,2.66306,-1.65468,-2.50241,2,-1.51708,-2.54255,2.01607,1.91612,-1.26701,-1.46196e-18,2.05202,-1.25294,0.0422494,2.00193,-1.32374,0,1.67086,-1.32483,-0.0344937
5.17002,-1.56423,-2.40795,2.65596,-1.64247,-2.47184,2.66347,-1.63428,-2.51578,2,-1.50036,-2.55572,2.01572,1.92636,-1.25138,0,2.06036,-1.23746,0.0397552,2.01262,-1.30742,0,1.67362,-1.30866,-0.0358728
5.17997,-1.54502,-2.42032,2.65596,-1.62183,-2.48413,2.66386,-1.61421,-2.5287,2,-1.48361,-2.56873,2.01536,1.93626,-1.23602,0,2.06832,-1.22192,0.0371974,2.02296,-1.29137,0,1.67678,-1.29238,-0.0370633
5.18999,-1.52579,-2.43249,2.65596,-1.60111,-2.49627,2.66422,-1.59411,-2.54142,2,-1.46682,-2.58157,2.01498,1.94599,-1.22063,1.46196e-18,2.07614,-1.20634,0.0346302,2.03313,-1.27529,0,1.68061,-1.276,-0.0380283
5.19998,-1.50629,-2.44461,2.65596,-1.58031,-2.50826,2.66455,-1.57374,-2.55408,2,-1.45,-2.59425,2.0146,1.95569,-1.20503,1.46196e-18,2.08367,-1.19078,0.0320274,2.04327,-1.25899,0,1.68495,-1.25958,-0.0388114
5.20992,-1.48669,-2.45659,2.65596,-1.55943,-2.52009,2.66486,-1.55326,-2.56659,2,-1.43312,-2.60676,2.0142,1.96527,-1.18935,0,2.09098,-1.17509,0.0293866,2.05327,-1.24261,0,1.68989,-1.24299,-0.0394325
5.21998,-1.46697,-2.46841,2.65596,-1.53849,-2.53176,2.66514,-1.53266,-2.57894,2,-1.4162,-2.61911,2.01381,1.97473,-1.17358,-1.46196e-18,2.09802,-1.15938,0.0267469,2.06315,-1.22613,0,1.69539,-1.22634,-0.0398709
5.22994,-1.44728,-2.48001,2.65596,-1.51747,-2.54328,2.66539,-1.51209,-2.59106,2,-1.39921,-2.63129,2.01341,1.98401,-1.15782,0,2.10475,-1.14375,0.0241149,2.07285,-1.20967,0,1.70141,-1.20973,-0.0401401
5.23993,-1.42725,-2.49159,2.65596,-1.4964,-2.55464,2.66562,-1.49116,-2.60316,2,-1.38217,-2.6433,2.013,1.99327,-1.1418,0,2.11104,-1.12821,0.0214816,2.08253,-1.19293,0,1.70781,-1.19317,-0.0402694
5.24994,-1.40716,-2.50299,2.65596,-1.47526,-2.56584,2.66582,-1.47018,-2.61507,2,-1.36505,-2.65515,2.0126,2.00239,-1.12573,0,2.11697,-1.1127,0.018839,2.09205,-1.17614,0,1.71471,-1.17662,-0.0402862
5.25997,-1.3871,-2.51416,2.65596,-1.45406,-2.57689,2.666,-1.44921,-2.62674,2,-1.34787,-2.66683,2.0122,2.01133,-1.10968,1.46196e-18,2.12267,-1.09709,0.0161851,2.1014,-1.15937,0,1.72218,-1.15995,-0.0402123
5.26991,-1.36718,-2.52505,2.65596,-1.4328,-2.58778,2.66615,-1.4284,-2.63812,2,-1.33061,-2.67835,2.0118,2.02004,-1.09374,0,2.1281,-1.08151,0.0135817,2.1105,-1.14272,0,1.73021,-1.14331,-0.0400057
5.27988,-1.34673,-2.53601,2.65596,-1.4115,-2.59852,2.66627,-1.40704,-2.64957,2,-1.31326,-2.6897,2.0114,2.02881,-1.07739,0,2.13321,-1.06588,0.0110266,2.11966,-1.12563,0,1.73873,-1.12662,-0.0396892
5.28997,-1.32617,-2.54683,2.65596,-1.39014,-2.6091,2.66637,-1.38555,-2.66087,2,-1.29583,-2.70088,2.011,2.03746,-1.06093,0,2.13802,-1.05019,0.00849987,2.1287,-1.10844,0,1.74774,-1.10988,-0.0393013
5.29987,-1.30614,-2.55716,2.65596,-1.36874,-2.61952,2.66644,-1.36463,-2.67166,2,-1.27831,-2.7119,2.01061,2.04573,-1.04491,0,2.1426,-1.0345,0.00599694,2.13733,-1.0917,0,1.75732,-1.09315,-0.0388651
5.31009,-1.28534,-2.56767,2.65596,-1.34729,-2.62979,2.66649,-1.3429,-2.68265,2,-1.26068,-2.72274,2.01023,2.05414,-1.02827,0,2.14691,-1.01876,0.00356241,2.14612,-1.07432,0,1.7674,-1.0764,-0.0383548
5.32001,-1.26486,-2.57782,2.65596,-1.3258,-2.6399,2.66651,-1.3215,-2.69326,2,-1.24296,-2.73342,2.00985,2.06226,-1.01189,0,2.15089,-1.00292,0.00118458,2.15461,-1.0572,0,1.77791,-1.05956,-0.0377988
5.32996,-1.24441,-2.58776,2.65596,-1.30427,-2.64985,2.66651,-1.30014,-2.70363,2,-1.22513,-2.74393,2.00947,2.0702,-0.995532,1.46196e-18,2.15459,-0.986989,-0.00113122,2.16291,-1.04011,0,1.7889,-1.04267,-0.0372081
5.34001,-1.2232,-2.59785,2.65596,-1.28271,-2.65964,2.66649,-1.27797,-2.71418,2,-1.20718,-2.75428,2.0091,2.07828,-0.978561,0,2.15813,-0.971043,-0.00336842,2.17134,-1.02238,0,1.80044,-1.0258,-0.0365813
5.35002,-1.20277,-2.60737,2.65596,-1.26111,-2.66927,2.66645,-1.25663,-2.72413,2,-1.18911,-2.76445,2.00874,2.0859,-0.962215,0,2.16152,-0.955095,-0.00555201,2.1793,-1.0053,0,1.81253,-1.00896,-0.0359575
5.35998,-1.1819,-2.6169,2.65596,-1.23948,-2.67874,2.66638,-1.23483,-2.73408,2,-1.17093,-2.77446,2.00838,2.09352,-0.945522,-1.46196e-18,2.1647,-0.93911,-0.00764036,2.18727,-0.987862,0,1.8251,-0.992136,-0.0353079
5.36996,-1.16106,-2.62621,2.65596,-1.21782,-2.68805,2.66629,-1.21305,-2.74381,2,-1.15261,-2.78429,2.00803,2.10097,-0.92885,0,2.16756,-0.922989,-0.00964349,2.19505,-0.970443,0,1.83799,-0.975222,-0.0346527
5.37994,-1.1398,-2.63551,2.65596,-1.19613,-2.6972,2.66619,-1.19084,-2.75352,2,-1.13417,-2.79396,2.00769,2.10841,-0.911842,0,2.17022,-0.906799,-0.0115243,2.20282,-0.952673,0,1.85132,-0.958293,-0.0339643
5.38989,-1.11857,-2.64459,2.65596,-1.17441,-2.70619,2.66606,-1.16866,-2.76301,2,-1.11931,-2.80157,2.00742,2.11567,-0.894856,-1.46196e-18,2.17271,-0.890537,-0.0133045,2.21041,-0.934927,0,1.8623,-0.944746,-0.0334113
5.40003,-1.09749,-2.65341,2.65596,-1.15267,-2.71501,2.66592,-1.14663,-2.77223,2,-1.09686,-2.81279,2.00703,2.12273,-0.87799,0,2.17508,-0.874081,-0.0149814,2.21778,-0.917306,0,1.87933,-0.924274,-0.0325846
5.40996,-1.07633,-2.66206,2.65596,-1.13091,-2.72367,2.66576,-1.12453,-2.78126,2,-1.078,-2.82194,2.0067,2.12965,-0.861067,0,2.1773,-0.857454,-0.0165603,2.22501,-0.899625,0,1.89394,-0.907095,-0.0319088
5.41997,-1.05508,-2.67055,2.65596,-1.10913,-2.73216,2.66559,-1.10233,-2.79014,2,-1.05898,-2.83093,2.00639,2.13644,-0.844067,0,2.17935,-0.840807,-0.0180352,2.23211,-0.881864,0,1.90889,-0.889962,-0.0312439
5.42994,-1.03382,-2.67886,2.65596,-1.08733,-2.74048,2.6654,-1.08011,-2.79881,2,-1.03982,-2.83974,2.00608,2.14309,-0.827053,0,2.18119,-0.82414,-0.019381,2.23905,-0.864088,0,1.92412,-0.87287,-0.0305678
5.43999,-1.01224,-2.68708,2.65596,-1.0655,-2.74864,2.6652,-1.05757,-2.80741,2,-1.0205,-2.84839,2.00578,2.14967,-0.809793,7.3098e-19,2.1828,-0.807262,-0.0206369,2.24593,-0.846055,0,1.93958,-0.855632,-0.0299206
5.44998,-0.990718,-2.69509,2.65596,-1.04367,-2.75663,2.66499,-1.03508,-2.81578,2,-1.00102,-2.85686,2.00548,2.15607,-0.792575,7.3098e-19,2.1842,-0.790213,-0.0217798,2.25262,-0.828066,0,1.95523,-0.838294,-0.029278
5.45997,-0.969036,-2.70296,2.65596,-1.02182,-2.76444,2.66477,-1.01243,-2.824,2,-0.981393,-2.86515,2.00519,2.16237,-0.775229,7.3098e-19,2.18556,-0.773118,-0.0227991,2.2592,-0.809943,0,1.97123,-0.820981,-0.0286282
5.47009,-0.946739,-2.71086,2.65596,-1.00433,-2.77057,2.66458,-0.989133,-2.83225,2,-0.961599,-2.87328,2.00491,2.16868,-0.757391,0,2.18664,-0.759432,-0.0235325,2.2658,-0.791307,0,1.98753,-0.80371,-0.0279814
5.47998,-0.925679,-2.71812,2.65596,-0.978083,-2.77956,2.66429,-0.96713,-2.83983,2,-0.941641,-2.88123,2.00463,2.17449,-0.740543,0,2.18819,-0.73873,-0.0245753,2.27187,-0.773704,0,2.00408,-0.78636,-0.0274059
5.48996,-0.903158,-2.72568,2.65596,-0.956195,-2.78686,2.66404,-0.943601,-2.84774,2,-0.921517,-2.889,2.00436,2.18055,-0.722527,0,2.18943,-0.721308,-0.0254327,2.27819,-0.754881,0,2.02077,-0.768926,-0.026926
5.49999,-0.881992,-2.73261,2.65596,-0.934295,-2.79399,2.66379,-0.921487,-2.85497,2,-0.901225,-2.89661,2.00409,2.18609,-0.705593,-7.3098e-19,2.19063,-0.703899,-0.0261401,2.28398,-0.737189,0,2.03766,-0.751567,-0.0263938
5.50996,-0.860151,-2.73956,2.65596,-0.912382,-2.80094,2.66352,-0.898668,-2.86224,2,-0.880763,-2.90403,2.00383,2.19165,-0.68812,-7.3098e-19,2.19186,-0.686432,-0.0266981,2.28979,-0.718934,0,2.0548,-0.734205,-0.025802
5.5201,-0.837632,-2.74653,2.65596,-0.890458,-2.80772,2.66325,-0.875141,-2.86952,2,-0.860129,-2.91129,2.00358,2.19722,-0.670106,0,2.193,-0.668836,-0.0271344,2.29561,-0.700113,0,2.07202,-0.716776,-0.0251702
5.52992,-0.816407,-2.75291,2.65596,-0.868523,-2.81432,2.66298,-0.852965,-2.87619,2,-0.839323,-2.91837,2.00333,2.20233,-0.653126,-7.3098e-19,2.19388,-0.651075,-0.0274859,2.30095,-0.682372,0,2.08911,-0.699239,-0.0245262
5.53998,-0.794081,-2.75944,2.65596,-0.846581,-2.82074,2.6627,-0.82964,-2.883,2,-0.818347,-2.92527,2.00309,2.20755,-0.635265,0,2.19457,-0.633214,-0.0277486,2.3064,-0.663712,0,2.10614,-0.681653,-0.0238573
5.55004,-0.771719,-2.76577,2.65596,-0.824632,-2.82698,2.66242,-0.806276,-2.88962,2,-0.797201,-2.932,2.00285,2.21262,-0.617375,0,2.19509,-0.615273,-0.0279131,2.3117,-0.645021,0,2.12305,-0.66404,-0.0231441
5.55991,-0.750043,-2.77173,2.65596,-0.802679,-2.83304,2.66214,-0.78363,-2.89585,2,-0.775886,-2.93855,2.00262,2.21738,-0.600035,0,2.19551,-0.597215,-0.0279862,2.31668,-0.626904,0,2.13991,-0.64636,-0.0223831
5.5699,-0.727843,-2.77764,2.65596,-0.780722,-2.83893,2.66186,-0.760435,-2.90202,2,-0.754403,-2.94493,2.0024,2.22211,-0.582274,0,2.19596,-0.579154,-0.0279721,2.32162,-0.608348,0,2.15676,-0.628722,-0.0215689
5.5799,-0.705509,-2.7834,2.65596,-0.75876,-2.84463,2.66159,-0.737101,-2.90804,2,-0.732751,-2.95113,2.00219,2.22672,-0.564407,0,2.19649,-0.561023,-0.0279081,2.32643,-0.589681,0,2.17365,-0.611055,-0.0207281
5.59004,-0.683121,-2.78898,2.65596,-0.736792,-2.85015,2.66131,-0.71371,-2.91387,2,-0.71093,-2.95715,2.00199,2.23118,-0.546497,0,2.197,-0.542722,-0.0277963,2.33109,-0.570968,0,2.19044,-0.593256,-0.0198521
5.59996,-0.660932,-2.79432,2.65596,-0.71482,-2.85548,2.66103,-0.690528,-2.91945,2,-0.688942,-2.96299,2.00179,2.23546,-0.528746,0,2.19751,-0.524317,-0.0275919,2.33556,-0.552422,0,2.20712,-0.575385,-0.0188862
5.60996,-0.638485,-2.79953,2.65596,-0.692842,-2.86063,2.66076,-0.667076,-2.92489,2,-0.666788,-2.96866,2.00161,2.23963,-0.510788,0,2.19803,-0.505825,-0.0273199,2.33992,-0.533661,0,2.22367,-0.557448,-0.017846
5.62002,-0.615787,-2.80461,2.65596,-0.670858,-2.8656,2.66048,-0.643362,-2.9302,2,-0.644468,-2.97414,2.00144,2.24369,-0.49263,0,2.1988,-0.487243,-0.0269814,2.34416,-0.514689,0,2.2403,-0.539434,-0.016724
5.62997,-0.593652,-2.80938,2.65596,-0.648866,-2.87038,2.66022,-0.620235,-2.93518,2,-0.621983,-2.97945,2.00128,2.24751,-0.474921,0,2.19968,-0.468696,-0.0265252,2.34815,-0.496188,0,2.25683,-0.52146,-0.01546
5.63992,-0.57122,-2.81403,2.65596,-0.626864,-2.87497,2.65995,-0.596799,-2.94004,2,-0.599332,-2.98457,2.00113,2.25122,-0.456976,0,2.20064,-0.450138,-0.0260149,2.35203,-0.477439,0,2.27322,-0.503469,-0.0141101
5.64996,-0.548669,-2.81851,2.65596,-0.604853,-2.87938,2.6597,-0.573238,-2.94472,2,-0.576519,-2.98952,2.001,2.25481,-0.438935,-7.3098e-19,2.20164,-0.43154,-0.0254552,2.35578,-0.458591,0,2.28939,-0.485426,-0.0126709
5.65989,-0.526243,-2.82279,2.65596,-0.582832,-2.8836,2.65944,-0.549808,-2.94919,2,-0.553545,-2.99428,2.00088,2.25823,-0.420995,0,2.20266,-0.41296,-0.0248172,2.35935,-0.439847,0,2.30532,-0.467382,-0.0111057
5.66998,-0.503225,-2.82698,2.65596,-0.5608,-2.88764,2.6592,-0.525759,-2.95357,2,-0.530414,-2.99886,2.00077,2.26158,-0.40258,0,2.20372,-0.394429,-0.0241148,2.36286,-0.420607,0,2.32101,-0.449368,-0.00942158
5.6799,-0.480967,-2.83085,2.65596,-0.538757,-2.89149,2.65896,-0.502504,-2.95762,2,-0.507126,-3.00327,2.00069,2.26468,-0.384773,-3.6549e-19,2.20492,-0.375911,-0.0233784,2.36609,-0.402003,0,2.3365,-0.431345,-0.00764297
5.68997,-0.457864,-2.83468,2.65596,-0.516701,-2.89516,2.65873,-0.478367,-2.96162,2,-0.483685,-3.00749,2.00062,2.26774,-0.366291,0,2.2061,-0.357485,-0.022603,2.36929,-0.382693,0,2.35164,-0.413386,-0.00575975
5.69997,-0.435588,-2.83819,2.65596,-0.494634,-2.89864,2.65851,-0.455093,-2.96528,2,-0.460094,-3.01153,2.00057,2.27055,-0.34847,0,2.20727,-0.339083,-0.0217918,2.37222,-0.364075,0,2.36641,-0.395422,-0.00377026
5.70994,-0.412789,-2.84159,2.65596,-0.472556,-2.90194,2.6583,-0.431274,-2.96884,2,-0.436358,-3.0154,2.00055,2.27327,-0.330232,-3.6549e-19,2.20832,-0.320709,-0.0209666,2.37507,-0.345019,0,2.38068,-0.377461,-0.00169186
5.71991,-0.390122,-2.84479,2.65596,-0.450468,-2.90505,2.65809,-0.407592,-2.97218,2,-0.412482,-3.01908,2.00054,2.27584,-0.312098,0,2.20934,-0.302276,-0.0201521,2.37775,-0.326073,0,2.39451,-0.359414,0.000453913
5.73001,-0.36725,-2.84784,2.65596,-0.42837,-2.90799,2.65789,-0.383695,-2.97536,2,-0.38847,-3.02259,2.00056,2.27827,-0.2938,-3.6549e-19,2.2103,-0.283765,-0.019332,2.38029,-0.306956,0,2.40787,-0.341266,0.00268556
5.73999,-0.344337,-2.8507,2.65596,-0.406262,-2.91073,2.6577,-0.359756,-2.97835,2,-0.364326,-3.02591,2.00059,2.28056,-0.275469,-3.6549e-19,2.2113,-0.265187,-0.0185059,2.38268,-0.287805,0,2.42081,-0.323028,0.00500381
5.74991,-0.321692,-2.85334,2.65596,-0.384144,-2.91329,2.65752,-0.336098,-2.98111,2,-0.340055,-3.02905,2.00066,2.28267,-0.257354,3.6549e-19,2.21238,-0.246582,-0.0176826,2.38489,-0.268878,0,2.43337,-0.304736,0.00739887
5.75997,-0.298815,-2.85583,2.65596,-0.362014,-2.91566,2.65735,-0.312196,-2.98371,2,-0.31566,-3.032,2.00074,2.28466,-0.239052,0,2.21353,-0.22791,-0.0168916,2.38697,-0.249756,0,2.44551,-0.286346,0.00983918
5.76991,-0.275952,-2.85813,2.65596,-0.339872,-2.91785,2.65719,-0.288309,-2.98611,2,-0.291145,-3.03477,2.00085,2.2865,-0.220762,0,2.21494,-0.20918,-0.0161028,2.38889,-0.230647,0,2.4574,-0.267862,0.0123522
5.77996,-0.253121,-2.86024,2.65596,-0.317716,-2.91985,2.65703,-0.264455,-2.98832,2,-0.266514,-3.03736,2.00099,2.28819,-0.202497,0,2.2164,-0.190468,-0.0153025,2.39066,-0.211564,0,2.46884,-0.249358,0.014948
5.78993,-0.229823,-2.86221,2.65596,-0.295544,-2.92166,2.65688,-0.240114,-2.99038,2,-0.246728,-3.0393,2.00112,2.28977,-0.183858,1.82745e-19,2.21787,-0.171798,-0.01448,2.3923,-0.192091,0,2.47761,-0.23456,0.0170894
5.8,-0.207228,-2.86393,2.65596,-0.273358,-2.92328,2.65674,-0.216508,-2.99218,2,-0.21692,-3.04198,2.00134,2.29115,-0.165783,0,2.21949,-0.153079,-0.0136361,2.39374,-0.173206,0,2.4903,-0.212248,0.0204
5.80992,-0.184139,-2.86551,2.65596,-0.251154,-2.92472,2.65661,-0.192385,-2.99382,2,-0.191966,-3.04401,2.00156,2.29241,-0.147311,1.82745e-19,2.22126,-0.13432,-0.0127985,2.39506,-0.153908,0,2.50045,-0.193568,0.0232179
5.82026,-0.160765,-2.86692,2.65596,-0.228932,-2.92597,2.65648,-0.167964,-2.99529,2,-0.166912,-3.04585,2.00181,2.29353,-0.128612,0,2.22318,-0.115533,-0.0119726,2.39624,-0.134371,0,2.51021,-0.174817,0.0260742
5.82994,-0.138175,-2.86809,2.65596,-0.20669,-2.92703,2.65637,-0.144362,-2.99652,2,-0.141763,-3.0475,2.00208,2.29447,-0.11054,1.82745e-19,2.22517,-0.0967231,-0.0111556,2.39722,-0.11549,0,2.51949,-0.155992,0.028964
5.83999,-0.115136,-2.86911,2.65596,-0.184428,-2.9279,2.65626,-0.120292,-2.99759,2,-0.116523,-3.04897,2.00238,2.29529,-0.0921089,-9.13725e-20,2.22736,-0.0781047,-0.0110701,2.39807,-0.0962334,0,2.52838,-0.137306,0.0311513
5.84991,-0.0926133,-2.86993,2.65596,-0.162143,-2.92859,2.65614,-0.0967605,-2.99844,2,-0.0911975,-3.05025,2.0027,2.29594,-0.0740906,0,2.22957,-0.0596254,-0.0114883,2.39875,-0.0774084,0,2.5367,-0.118707,0.0328573
5.85997,-0.0693638,-2.87058,2.65596,-0.139836,-2.9291,2.65603,-0.0724698,-2.99912,2,-0.0657914,-3.05134,2.00304,2.29647,-0.055491,0,2.23176,-0.041276,-0.0124114,2.3993,-0.0579759,0,2.54444,-0.100186,0.0340734
5.86999,-0.0461547,-2.87105,2.65596,-0.117507,-2.92942,2.65589,-0.0482214,-2.99961,2,-0.0403103,-3.05225,2.00338,2.29684,-0.0369237,0,2.23404,-0.0230261,-0.0140013,2.39969,-0.0385772,0,2.5517,-0.0817171,0.0346294
5.88,-0.0234014,-2.87132,2.65596,-0.0951551,-2.92956,2.65574,-0.0244494,-2.9999,2,-0.0147586,-3.05298,2.00373,2.29706,-0.0187212,0,2.23647,-0.00483857,-0.0160898,2.39992,-0.0195595,0,2.55857,-0.0632709,0.0346874
5.88997,-0.000598568,-2.87142,2.65596,-0.0727782,-2.92951,2.65557,-0.000625372,-3,2,0.0108592,-3.05352,2.00408,2.29714,-0.000478854,0,2.23893,0.0133305,-0.0184179,2.4,-0.000500297,0,2.56493,-0.0448065,0.0344988
5.89992,0.0222804,-2.87133,2.65596,-0.0503763,-2.92929,2.65538,0.0232781,-2.99991,2,0.0365384,-3.05387,2.00442,2.29707,0.0178243,0,2.24141,0.0314063,-0.0208529,2.39993,0.0186224,0,2.57079,-0.0263956,0.034187
5.90993,0.0453201,-2.87106,2.65596,-0.0279504,-2.92888,2.65515,0.0473495,-2.99963,2,0.0622728,-3.05404,2.00476,2.29685,0.036256,0,2.24377,0.0495481,-0.0234906,2.3997,0.0378796,0,2.576,-0.00787574,0.0336473
5.9199,0.0680402,-2.87061,2.65596,-0.00550128,-2.9283,2.6549,0.071087,-2.99916,2,0.0880564,-3.05403,2.00509,2.29649,0.0544322,0,2.24604,0.0677019,-0.0263623,2.39933,0.0568696,0,2.58062,0.010698,0.03284
5.92995,0.0910045,-2.86998,2.65596,0.0169699,-2.92753,2.65463,0.0950796,-2.99849,2,0.113883,-3.05383,2.00542,2.29598,0.0728036,0,2.24817,0.0858119,-0.0293542,2.39879,0.0760637,0,2.58462,0.0292664,0.0318715
5.94004,0.114815,-2.86912,2.65596,0.0394621,-2.92658,2.65432,0.119956,-2.9976,2,0.139747,-3.05345,2.00573,2.2953,0.0918517,0,2.25031,0.103954,-0.0322937,2.39808,0.0959648,0,2.58815,0.0479084,0.030905
5.94993,0.136851,-2.86816,2.65596,0.0619759,-2.92545,2.65398,0.14298,-2.99659,2,0.165644,-3.05287,2.00603,2.29453,0.109481,0,2.2524,0.122165,-0.0350033,2.39727,0.114384,0,2.59114,0.0666621,0.0301093
5.95999,0.160297,-2.86694,2.65596,0.0845092,-2.92414,2.65362,0.167475,-2.99532,2,0.191568,-3.05211,2.00633,2.29355,0.128238,0,2.25426,0.140456,-0.0372955,2.39626,0.13398,0,2.59342,0.0855335,0.029659
5.96995,0.183105,-2.86558,2.65596,0.107061,-2.92264,2.65324,0.191304,-2.99389,2,0.217511,-3.05116,2.00663,2.29246,0.146484,1.82745e-19,2.25609,0.158758,-0.0391222,2.39512,0.153043,0,2.59521,0.104463,0.0295965
5.97996,0.205889,-2.86403,2.65596,0.12963,-2.92096,2.65284,0.215109,-2.99228,2,0.238277,-3.05027,2.00687,2.29122,0.164712,-1.82745e-19,2.2577,0.177084,-0.0407004,2.39382,0.172087,0,2.59615,0.119641,0.0296389
5.98998,0.228953,-2.86228,2.65596,0.152214,-2.9191,2.65242,0.239205,-2.99045,2,0.269436,-3.04869,2.00722,2.28982,0.183162,0,2.25908,0.195546,-0.0418897,2.39236,0.191364,0,2.59678,0.142644,0.0300894
5.99994,0.251754,-2.86036,2.65596,0.174811,-2.91705,2.652,0.263027,-2.98845,2,0.295403,-3.04717,2.00753,2.28829,0.201403,0,2.26018,0.214117,-0.0425134,2.39076,0.210422,0,2.59651,0.161978,0.0309455
6.0099,0.274352,-2.85828,2.65596,0.197417,-2.91482,2.65158,0.286637,-2.98628,2,0.321363,-3.04545,2.00784,2.28663,0.219481,3.6549e-19,2.26094,0.232749,-0.0426834,2.38902,0.22931,0,2.59546,0.181423,0.0321409
6.01998,0.297474,-2.85597,2.65596,0.220029,-2.9124,2.65115,0.310795,-2.98386,2,0.347309,-3.04354,2.00817,2.28478,0.23798,0,2.26141,0.251393,-0.0424751,2.38709,0.248636,0,2.59368,0.200932,0.0335917
6.0299,0.320179,-2.85351,2.65596,0.242644,-2.90979,2.65073,0.334517,-2.98129,2,0.373234,-3.04143,2.00852,2.28281,0.256143,3.6549e-19,2.26168,0.270041,-0.0418573,2.38503,0.267613,0,2.59128,0.220495,0.0353217
6.03991,0.343295,-2.85082,2.65596,0.260738,-2.90757,2.6504,0.358667,-2.97848,2,0.399133,-3.03913,2.00888,2.28066,0.274636,0,2.26174,0.284952,-0.0411492,2.38279,0.286934,0,2.58823,0.240105,0.0372178
6.04999,0.365924,-2.84801,2.65596,0.287878,-2.90402,2.64991,0.38231,-2.97554,2,0.424997,-3.03663,2.00926,2.27841,0.292739,0,2.26154,0.30735,-0.0395693,2.38043,0.305848,0,2.58454,0.259766,0.0394128
6.05991,0.388824,-2.84497,2.65596,0.310493,-2.90085,2.64952,0.406235,-2.97237,2,0.450822,-3.03393,2.00967,2.27598,0.311059,0,2.26148,0.325984,-0.0385106,2.37789,0.324988,0,2.58054,0.279409,0.0411519
6.06995,0.411461,-2.84179,2.65596,0.333107,-2.8975,2.64914,0.429886,-2.96904,2,0.476606,-3.03104,2.01009,2.27343,0.329169,-3.6549e-19,2.26142,0.344644,-0.0373694,2.37523,0.343909,0,2.57613,0.299107,0.0428147
6.07995,0.433989,-2.83843,2.65596,0.35572,-2.89396,2.64877,0.453422,-2.96554,2,0.502343,-3.02795,2.01052,2.27075,0.347191,0,2.26121,0.363243,-0.0359713,2.37243,0.362738,0,2.57122,0.3188,0.044577
6.0899,0.456614,-2.83488,2.65596,0.378331,-2.89023,2.64842,0.477061,-2.96183,2,0.528029,-3.02467,2.01098,2.26791,0.365291,0,2.26084,0.381784,-0.0343109,2.36946,0.381648,0,2.56583,0.33849,0.0464423
6.09995,0.479477,-2.8311,2.65596,0.400937,-2.88632,2.64809,0.500948,-2.95788,2,0.553658,-3.02118,2.01145,2.26488,0.383582,0,2.26027,0.400381,-0.0324464,2.3663,0.400758,0,2.5599,0.358288,0.0483473
6.10992,0.501917,-2.82721,2.65596,0.423536,-2.88222,2.64777,0.524392,-2.95381,2,0.579225,-3.0175,2.01194,2.26177,0.401533,-7.3098e-19,2.2595,0.418911,-0.0303884,2.36305,0.419514,0,2.55347,0.378069,0.0502813
6.11997,0.52463,-2.82309,2.65596,0.446126,-2.87794,2.64748,0.548122,-2.9495,2,0.604726,-3.01362,2.01246,2.25847,0.419704,0,2.25859,0.437325,-0.0281892,2.3596,0.438498,0,2.5466,0.397783,0.0521909
6.12998,0.547367,-2.81877,2.65596,0.468707,-2.87348,2.64721,0.571877,-2.94499,2,0.630156,-3.00954,2.01299,2.25501,0.437893,0,2.25758,0.455645,-0.0258545,2.35599,0.457502,0,2.53935,0.417448,0.05407
6.13998,0.569775,-2.81432,2.65596,0.491277,-2.86883,2.64696,0.595289,-2.94035,2,0.655512,-3.00527,2.01354,2.25146,0.45582,0,2.2564,0.47393,-0.0234311,2.35228,0.476231,0,2.53169,0.437119,0.0558739
6.14994,0.592042,-2.80972,2.65596,0.513835,-2.864,2.64674,0.618554,-2.93554,2,0.680789,-3.0008,2.01411,2.24778,0.473634,0,2.25506,0.492217,-0.0209758,2.34843,0.494843,0,2.52362,0.456829,0.057549
6.15997,0.614733,-2.80484,2.65596,0.536377,-2.85899,2.64655,0.64226,-2.93044,2,0.705982,-2.99614,2.01469,2.24388,0.491786,0,2.25345,0.51046,-0.0185336,2.34436,0.513808,0,2.51505,0.476529,0.0590526
6.1699,0.636939,-2.79989,2.65596,0.558903,-2.85379,2.64637,0.66546,-2.92526,2,0.731088,-2.99127,2.01529,2.23991,0.509551,7.3098e-19,2.2516,0.528719,-0.0160777,2.34021,0.532368,0,2.50606,0.496281,0.0604137
6.17998,0.659481,-2.79466,2.65596,0.581409,-2.84841,2.64622,0.689012,-2.91981,2,0.756103,-2.98621,2.0159,2.23573,0.527584,-7.3098e-19,2.24969,0.546909,-0.0136309,2.33584,0.551209,0,2.4968,0.515994,0.0616129
6.18992,0.681886,-2.78928,2.65596,0.603896,-2.84285,2.6461,0.712421,-2.91418,2,0.781023,-2.98095,2.01652,2.23142,0.545509,0,2.24768,0.565089,-0.0111836,2.33135,0.569937,0,2.48727,0.535726,0.0626624
6.19996,0.704124,-2.78375,2.65596,0.626362,-2.83711,2.646,0.735654,-2.9084,2,0.805847,-2.9755,2.01715,2.227,0.563299,0,2.24541,0.583236,-0.00877114,2.32672,0.588523,0,2.47732,0.555452,0.0635325
6.20996,0.726317,-2.77804,2.65596,0.648804,-2.83119,2.64592,0.758841,-2.90244,2,0.830569,-2.96984,2.01779,2.22243,0.581053,0,2.24299,0.601372,-0.00640408,2.32195,0.607073,0,2.46707,0.575196,0.0642177
6.21992,0.748785,-2.77207,2.65596,0.671222,-2.82508,2.64587,0.782315,-2.8962,2,0.855188,-2.96399,2.01843,2.21766,0.599028,0,2.24061,0.619475,-0.00404432,2.31696,0.625852,0,2.45675,0.594932,0.0647622
6.22999,0.771047,-2.76596,2.65596,0.693616,-2.8188,2.64584,0.805574,-2.88982,2,0.879703,-2.95794,2.01908,2.21277,0.616837,0,2.23811,0.637472,-0.00169468,2.31185,0.644459,0,2.4462,0.614587,0.0651696
6.23999,0.792897,-2.75978,2.65596,0.715984,-2.81233,2.64584,0.828403,-2.88336,2,0.904111,-2.9517,2.01974,2.20782,0.634318,-7.3098e-19,2.23545,0.655344,0.000623269,2.30669,0.662722,0,2.43541,0.63414,0.065426
6.24998,0.814861,-2.75337,2.65596,0.738324,-2.80569,2.64586,0.85135,-2.87667,2,0.92841,-2.94526,2.02039,2.2027,0.651889,0,2.2327,0.67312,0.00288579,2.30133,0.68108,0,2.42447,0.653624,0.0655172
6.26002,0.837032,-2.74671,2.65596,0.760637,-2.79887,2.6459,0.874514,-2.86971,2,0.9526,-2.93863,2.02105,2.19737,0.669626,0,2.22979,0.690818,0.00507454,2.29577,0.699611,0,2.41333,0.67305,0.0654358
6.2699,0.858662,-2.74003,2.65596,0.782919,-2.79188,2.64596,0.897113,-2.86272,2,0.976676,-2.9318,2.0217,2.19202,0.68693,0,2.22661,0.708479,0.00717628,2.29018,0.71769,0,2.40191,0.692457,0.0651784
6.27997,0.880703,-2.73302,2.65596,0.805169,-2.7847,2.64604,0.92014,-2.85541,2,1.00064,-2.92478,2.02235,2.18642,0.704562,-7.3098e-19,2.22327,0.72605,0.00919066,2.28432,0.736112,0,2.39034,0.711789,0.0647539
6.28998,0.9029,-2.72577,2.65596,0.827383,-2.77735,2.64614,0.943331,-2.84783,2,1.02448,-2.91756,2.02299,2.18062,0.72232,1.46196e-18,2.21956,0.743584,0.0110876,2.27826,0.754665,0,2.37841,0.731096,0.0641418
6.29998,0.924422,-2.71855,2.65596,0.849559,-2.76983,2.64626,0.965817,-2.84028,2,1.04821,-2.91016,2.02363,2.17484,0.739538,7.3098e-19,2.21568,0.761065,0.012928,2.27222,0.772654,0,2.36635,0.75036,0.0634123
6.30996,0.946031,-2.7111,2.65596,0.871696,-2.76213,2.6464,0.988393,-2.8325,2,1.07181,-2.90256,2.02426,2.16888,0.756824,0,2.21164,0.778516,0.0146847,2.266,0.790715,0,2.35419,0.769597,0.0625475
6.31995,0.967674,-2.70345,2.65596,0.893792,-2.75426,2.64655,1.01101,-2.82451,2,1.09529,-2.89477,2.02488,2.16276,0.774139,0,2.20743,0.79588,0.0163332,2.25961,0.808805,0,2.34191,0.788748,0.0615325
6.32995,0.989729,-2.69546,2.65596,0.915844,-2.74622,2.64672,1.03405,-2.81616,2,1.11865,-2.88678,2.02549,2.15637,0.791784,0,2.203,0.813217,0.017898,2.25293,0.827239,0,2.32951,0.80788,0.0604026
6.3399,1.01069,-2.68767,2.65596,0.937851,-2.738,2.64691,1.05594,-2.80802,2,1.14188,-2.87861,2.02609,2.15014,0.808548,0,2.19836,0.830522,0.0194041,2.24642,0.844755,0,2.31699,0.826986,0.0591927
6.34993,1.03232,-2.67943,2.65596,0.959811,-2.72961,2.64711,1.07854,-2.79942,2,1.16499,-2.87024,2.02667,2.14355,0.825855,0,2.19355,0.847752,0.0208372,2.23953,0.862836,0,2.30443,0.846017,0.0578987
6.35997,1.0538,-2.67106,2.65596,0.981721,-2.72104,2.64733,1.10099,-2.79067,2,1.18797,-2.86169,2.02725,2.13685,0.843043,0,2.18843,0.864941,0.0221628,2.23253,0.880794,0,2.2917,0.865013,0.0564952
6.36996,1.07511,-2.66255,2.65596,1.00358,-2.71231,2.64756,1.12325,-2.78178,2,1.21082,-2.85294,2.0278,2.13004,0.860087,1.46196e-18,2.18319,0.882065,0.0234143,2.22543,0.898601,0,2.279,0.883949,0.0550252
6.37998,1.09645,-2.65384,2.65596,1.02538,-2.7034,2.6478,1.14555,-2.77267,2,1.23355,-2.84401,2.02835,2.12307,0.877162,1.46196e-18,2.17757,0.899106,0.0245585,2.21814,0.916441,0,2.26609,0.902805,0.0534646
6.38996,1.1176,-2.645,2.65596,1.04713,-2.69432,2.64805,1.16765,-2.76344,2,1.25614,-2.83489,2.02887,2.116,0.89408,0,2.17166,0.916063,0.0256683,2.21075,0.934116,0,2.25307,0.921584,0.0518952
6.3999,1.13844,-2.6361,2.65596,1.06882,-2.68508,2.64831,1.18942,-2.75414,2,1.27861,-2.82558,2.02938,2.10888,0.910752,-1.46196e-18,2.16551,0.932899,0.0267197,2.20331,0.951535,0,2.24,0.940244,0.0503013
6.40997,1.15951,-2.6269,2.65596,1.09044,-2.67567,2.64858,1.21143,-2.74453,2,1.30094,-2.81608,2.02988,2.10152,0.927605,0,2.15908,0.949717,0.0276704,2.19562,0.969143,0,2.22685,0.958882,0.0486478
6.41991,1.18056,-2.61751,2.65596,1.112,-2.66609,2.64886,1.23342,-2.73472,2,1.32314,-2.8064,2.03036,2.094,0.944446,0,2.15252,0.966514,0.0285782,2.18777,0.986738,0,2.21379,0.9775,0.0470009
6.42997,1.20164,-2.6079,2.65596,1.13349,-2.65634,2.64915,1.25545,-2.72468,2,1.34522,-2.79653,2.03082,2.08632,0.961309,0,2.14574,0.983232,0.0294334,2.17974,1.00436,0,2.20073,0.996039,0.0453588
6.43998,1.22259,-2.59814,2.65596,1.15491,-2.64642,2.64945,1.27734,-2.71448,2,1.36716,-2.78648,2.03126,2.07851,0.978075,0,2.13867,0.999919,0.0301908,2.17158,1.02187,0,2.18761,1.01455,0.0436811
6.44995,1.24324,-2.58832,2.65596,1.17626,-2.63634,2.64976,1.29891,-2.70423,2,1.38897,-2.77624,2.03169,2.07066,0.99459,0,2.13122,1.01655,0.0308731,2.16338,1.03913,0,2.17437,1.03301,0.0419966
6.45986,1.26365,-2.57842,2.65596,1.19753,-2.62609,2.65007,1.32023,-2.69388,2,1.41064,-2.76582,2.0321,2.06273,1.01092,-1.46196e-18,2.12324,1.03307,0.0314539,2.1551,1.05619,0,2.16083,1.05135,0.0402844
6.46989,1.28421,-2.56824,2.65596,1.21872,-2.61568,2.65038,1.34172,-2.68324,2,1.43219,-2.75521,2.0325,2.05459,1.02737,0,2.11498,1.04955,0.031944,2.1466,1.07337,0,2.14728,1.06966,0.0385595
6.47991,1.3048,-2.55784,2.65596,1.23983,-2.6051,2.65071,1.36322,-2.67238,2,1.45359,-2.74443,2.03288,2.04627,1.04384,0,2.10652,1.06603,0.0323511,2.1379,1.09058,0,2.13377,1.08796,0.0368326
6.48997,1.3256,-2.54712,2.65596,1.26085,-2.59436,2.65103,1.38496,-2.66118,2,1.47486,-2.73346,2.03324,2.0377,1.06048,0,2.09776,1.08248,0.032658,2.12894,1.10797,0,2.12022,1.10624,0.0350888
6.50001,1.34588,-2.53647,2.65596,1.28179,-2.58345,2.65136,1.40615,-2.65005,2,1.49599,-2.7223,2.03358,2.02917,1.0767,-1.46196e-18,2.08869,1.09879,0.0328757,2.12004,1.12492,0,2.10661,1.12436,0.0333413
6.50998,1.36634,-2.5255,2.65596,1.30263,-2.57238,2.65169,1.42753,-2.63859,2,1.51699,-2.71097,2.0339,2.0204,1.09307,0,2.07936,1.115,0.033001,2.11087,1.14202,0,2.09299,1.14238,0.0315883
6.51997,1.38625,-2.51463,2.65596,1.32337,-2.56115,2.65202,1.44833,-2.62723,2,1.53785,-2.69946,2.03421,2.0117,1.109,0,2.06988,1.13112,0.033087,2.10179,1.15866,0,2.07947,1.16031,0.029885
6.52989,1.40598,-2.50365,2.65596,1.34402,-2.54976,2.65235,1.46893,-2.61577,2,1.55858,-2.68776,2.0345,2.00292,1.12478,0,2.06023,1.14708,0.0331196,2.09261,1.17515,0,2.06605,1.17805,0.0282199
6.5399,1.42615,-2.49222,2.65596,1.36458,-2.53821,2.65268,1.49002,-2.60382,2,1.57918,-2.67589,2.03477,1.99377,1.14092,0,2.05043,1.16293,0.0330905,2.08305,1.19201,0,2.05272,1.19569,0.0265866
6.5499,1.44595,-2.48078,2.65596,1.38503,-2.5265,2.65301,1.5107,-2.59187,2,1.59964,-2.66385,2.03503,1.98463,1.15676,0,2.04043,1.17865,0.0330315,2.0735,1.20856,0,2.03946,1.21319,0.0250188
6.55996,1.4658,-2.46911,2.65596,1.40539,-2.51464,2.65334,1.53143,-2.57967,2,1.61997,-2.65163,2.03527,1.97529,1.17264,0,2.0302,1.19426,0.0329199,2.06374,1.22515,0,2.02624,1.23057,0.0234964
6.56989,1.48546,-2.45732,2.65596,1.42564,-2.50262,2.65367,1.55198,-2.56736,2,1.64016,-2.63924,2.0355,1.96586,1.18837,-1.46196e-18,2.01987,1.20982,0.0327594,2.05389,1.24159,0,2.01318,1.24789,0.0220238
6.57998,1.50522,-2.44527,2.65596,1.44578,-2.49044,2.654,1.57262,-2.55477,2,1.66023,-2.62667,2.03572,1.95622,1.20418,-1.46196e-18,2.00934,1.22526,0.0325245,2.04382,1.2581,0,2.00018,1.26507,0.0205755
6.59,1.52483,-2.43309,2.65596,1.46582,-2.47811,2.65432,1.59311,-2.54204,2,1.68017,-2.61394,2.03591,1.94647,1.21987,0,1.99867,1.24055,0.032248,2.03364,1.27449,0,1.98731,1.2821,0.0191843
6.59996,1.54402,-2.42096,2.65596,1.48575,-2.46563,2.65464,1.61316,-2.52937,2,1.69998,-2.60103,2.0361,1.93677,1.23522,1.46196e-18,1.98794,1.25569,0.0319346,2.0235,1.29053,0,1.97462,1.29895,0.017855
6.60988,1.56306,-2.40871,2.65596,1.50558,-2.453,2.65496,1.63305,-2.51658,2,1.71966,-2.58796,2.03627,1.92697,1.25044,1.46196e-18,1.97706,1.27069,0.0315895,2.01326,1.30644,0,1.96205,1.31563,0.0165936
6.61994,1.5825,-2.39598,2.65596,1.5253,-2.44022,2.65527,1.65337,-2.50327,2,1.73922,-2.57472,2.03643,1.91679,1.266,1.46196e-18,1.96603,1.28569,0.0311939,2.00262,1.32269,0,1.9496,1.3323,0.0153821
6.62998,1.60181,-2.38312,2.65596,1.5449,-2.42728,2.65558,1.67354,-2.48983,2,1.75865,-2.56131,2.03658,1.90649,1.28145,-1.46196e-18,1.95476,1.30068,0.0307488,1.99187,1.33883,0,1.93717,1.34894,0.014223
6.6399,1.62052,-2.37043,2.65596,1.56439,-2.4142,2.65589,1.69309,-2.47658,2,1.77796,-2.54774,2.03672,1.89635,1.29642,0,1.94319,1.31561,0.030225,1.98126,1.35447,0,1.9247,1.3655,0.0130855
6.65,1.63982,-2.35712,2.65596,1.58376,-2.40097,2.65619,1.71325,-2.46268,2,1.79715,-2.534,2.03684,1.8857,1.31186,1.46196e-18,1.93144,1.33044,0.0296475,1.97014,1.3706,0,1.91229,1.38193,0.0119906
6.65996,1.6584,-2.34409,2.65596,1.60302,-2.38759,2.65648,1.73267,-2.44905,2,1.81621,-2.5201,2.03696,1.87527,1.32672,1.46196e-18,1.91955,1.34512,0.0290346,1.95924,1.38613,0,1.89999,1.39818,0.0109543
6.66996,1.67739,-2.33054,2.65596,1.62215,-2.37407,2.65677,1.7525,-2.4349,2,1.83515,-2.50604,2.03706,1.86443,1.34191,-1.46196e-18,1.9075,1.35967,0.0283591,1.94792,1.402,0,1.88775,1.41426,0.00994696
6.67992,1.69563,-2.3173,2.65596,1.64117,-2.3604,2.65705,1.77156,-2.42107,2,1.85396,-2.49182,2.03715,1.85384,1.35651,0,1.89545,1.37421,0.0276527,1.93685,1.41725,0,1.87575,1.4303,0.00900048
6.68996,1.71417,-2.30362,2.65596,1.66006,-2.34659,2.65732,1.79093,-2.40677,2,1.87266,-2.47744,2.03724,1.84289,1.37134,0,1.88328,1.38869,0.026884,1.92542,1.43275,0,1.86385,1.44623,0.00808244
6.69997,1.73258,-2.28981,2.65596,1.67883,-2.33263,2.65758,1.81016,-2.39234,2,1.89124,-2.46289,2.03732,1.83185,1.38606,1.46196e-18,1.87088,1.40303,0.0260698,1.91388,1.44813,0,1.85195,1.46198,0.00720894
6.70999,1.75093,-2.2758,2.65596,1.69748,-2.31853,2.65784,1.82934,-2.37771,2,1.9097,-2.4482,2.03738,1.82064,1.40075,1.46196e-18,1.85843,1.41729,0.0252541,1.90217,1.46347,0,1.84023,1.47761,0.0064217
6.71993,1.7689,-2.26187,2.65596,1.716,-2.30428,2.65809,1.84811,-2.36315,2,1.92804,-2.43334,2.03745,1.80949,1.41512,0,1.84594,1.43151,0.0244362,1.89052,1.47849,0,1.82866,1.49315,0.00571882
6.72999,1.78709,-2.24752,2.65596,1.7344,-2.2899,2.65833,1.86712,-2.34817,2,1.94627,-2.41833,2.0375,1.79802,1.42967,0,1.83336,1.44575,0.0236006,1.87853,1.49369,0,1.81724,1.50865,0.00508419
6.73998,1.80494,-2.23321,2.65596,1.75267,-2.27537,2.65856,1.88577,-2.33321,2,1.96439,-2.40317,2.03755,1.78657,1.44395,0,1.82056,1.45998,0.0227454,1.86657,1.50861,0,1.8058,1.52411,0.00451434
6.74999,1.82293,-2.21855,2.65596,1.77081,-2.2607,2.65879,1.90456,-2.3179,2,1.98239,-2.38785,2.03759,1.77484,1.45834,0,1.80753,1.47417,0.0218536,1.85432,1.52365,0,1.79434,1.53949,0.00398961
6.75996,1.84034,-2.20413,2.65596,1.78882,-2.24588,2.659,1.92275,-2.30283,2,2.00028,-2.37238,2.03763,1.7633,1.47227,0,1.79433,1.48827,0.0209183,1.84226,1.5382,0,1.7829,1.55472,0.00350039
6.76997,1.85799,-2.18928,2.65596,1.80669,-2.23093,2.6592,1.94119,-2.28731,2,2.01805,-2.35676,2.03766,1.75142,1.48639,1.46196e-18,1.78097,1.50233,0.0199887,1.82985,1.55295,0,1.77149,1.56988,0.00309268
6.77998,1.87558,-2.17422,2.65596,1.8209,-2.21887,2.65936,1.95957,-2.27158,2,2.03571,-2.34098,2.03769,1.73938,1.50047,1.46196e-18,1.77022,1.51354,0.0192552,1.81727,1.56766,0,1.7602,1.58491,0.00277362
6.78998,1.89275,-2.15929,2.65596,1.84205,-2.20061,2.65958,1.97751,-2.25598,2,2.05325,-2.32506,2.03771,1.72743,1.5142,-1.46196e-18,1.7542,1.53014,0.0179217,1.80479,1.58201,0,1.74916,1.59972,0.00228841
6.79998,1.91019,-2.14388,2.65596,1.85952,-2.18524,2.65976,1.99573,-2.23988,2,2.07069,-2.30899,2.03773,1.7151,1.52815,0,1.74071,1.54383,0.0163131,1.79191,1.59658,0,1.73813,1.61429,0.00141836
6.80998,1.92731,-2.1285,2.65596,1.87686,-2.16973,2.65991,2.01361,-2.22382,2,2.08802,-2.29277,2.03774,1.7028,1.54185,0,1.72703,1.55734,0.0147473,1.77905,1.61089,0,1.72709,1.62866,0.000663685
6.81997,1.94408,-2.11319,2.65596,1.89406,-2.15409,2.66005,2.03114,-2.20782,2,2.10523,-2.27642,2.03775,1.69056,1.55527,0,1.71329,1.57074,0.0133796,1.76626,1.62491,0,1.71617,1.64289,0.000173013
6.82993,1.96096,-2.09754,2.65596,1.91112,-2.13832,2.66018,2.04877,-2.19147,2,2.12234,-2.25992,2.03775,1.67803,1.56877,0,1.69947,1.58409,0.0121704,1.75318,1.63902,0,1.70531,1.65702,-9.51961e-05
6.83991,1.9775,-2.08195,2.65596,1.92805,-2.12241,2.66029,2.06606,-2.17518,2,2.13934,-2.24328,2.03775,1.66556,1.582,1.46196e-18,1.68539,1.59744,0.0110461,1.74014,1.65284,0,1.69435,1.6711,-0.00021488
6.85007,1.9945,-2.06568,2.65596,1.94483,-2.10637,2.6604,2.08381,-2.15818,2,2.15623,-2.2265,2.03774,1.65254,1.5956,0,1.67114,1.61077,0.0100105,1.72654,1.66705,0,1.68337,1.68513,-0.000183233
6.85998,2.01075,-2.04986,2.65596,1.96147,-2.09019,2.6605,2.10079,-2.14165,2,2.17301,-2.20957,2.03774,1.63989,1.6086,-1.46196e-18,1.65685,1.62392,0.00909265,1.71332,1.68064,0,1.67249,1.69894,2.50226e-05
6.8699,2.02703,-2.03376,2.65596,1.97797,-2.07389,2.66058,2.1178,-2.12484,2,2.18968,-2.19252,2.03775,1.62701,1.62162,0,1.64244,1.63696,0.00824638,1.69987,1.69424,0,1.66161,1.71259,0.000358942
6.87993,2.0432,-2.01752,2.65596,1.99432,-2.05745,2.66066,2.1347,-2.10786,2,2.20624,-2.17532,2.03775,1.61401,1.63456,0,1.62787,1.64998,0.0074244,1.68629,1.70776,0,1.65069,1.72617,0.000769647
6.88999,2.05933,-2.00105,2.65596,2.01053,-2.04089,2.66073,2.15155,-2.09066,2,2.22269,-2.15799,2.03776,1.60084,1.64746,0,1.61327,1.66292,0.00667255,1.67253,1.72124,0,1.63986,1.73966,0.0013034
6.89994,2.07535,-1.98444,2.65596,2.02659,-2.0242,2.66079,2.16828,-2.0733,2,2.23904,-2.14053,2.03778,1.58755,1.66028,1.46196e-18,1.59858,1.67579,0.0059571,1.65864,1.73462,0,1.62905,1.75302,0.00192217
6.90998,2.09116,-1.96777,2.65596,2.0425,-2.00737,2.66085,2.1848,-2.05588,2,2.25527,-2.12293,2.0378,1.57421,1.67293,-1.46196e-18,1.58375,1.68855,0.00525365,1.64471,1.74784,0,1.61817,1.76625,0.00259773
6.91998,2.10688,-1.95092,2.65596,2.05826,-1.99043,2.6609,2.20123,-2.03829,2,2.2714,-2.10521,2.03783,1.56074,1.6855,-1.46196e-18,1.56889,1.70117,0.00457584,1.63063,1.76098,0,1.60737,1.77932,0.00334138
6.92991,2.12217,-1.93429,2.65596,2.07387,-1.97335,2.66094,2.2172,-2.0209,2,2.28742,-2.08735,2.03787,1.54743,1.69773,-1.46196e-18,1.55393,1.7136,0.00391308,1.61672,1.77376,0,1.59653,1.79217,0.00414055
6.93994,2.13767,-1.91714,2.65596,2.08934,-1.95615,2.66098,2.23339,-2.00299,2,2.30333,-2.06936,2.03791,1.53371,1.71014,-1.46196e-18,1.53903,1.72587,0.00332109,1.60239,1.78671,0,1.58583,1.80482,0.00504865
6.94999,2.15301,-1.89989,2.65596,2.10466,-1.93883,2.66101,2.24942,-1.98497,2,2.31913,-2.05125,2.03797,1.51991,1.72241,0,1.5241,1.738,0.00276589,1.58797,1.79954,0,1.57516,1.81731,0.00603001
6.95991,2.16805,-1.88271,2.65596,2.11982,-1.92139,2.66103,2.26514,-1.96702,2,2.33483,-2.03302,2.03803,1.50617,1.73444,0,1.50907,1.74999,0.00224502,1.57361,1.81211,0,1.56445,1.82965,0.00708239
6.96999,2.18318,-1.86514,2.65596,2.13484,-1.90383,2.66105,2.28095,-1.94866,2,2.35042,-2.01466,2.03811,1.49211,1.74655,0,1.49392,1.76184,0.00176837,1.55893,1.82476,0,1.55366,1.84181,0.00821502
6.97999,2.19801,-1.84764,2.65596,2.1497,-1.88616,2.66107,2.29644,-1.93038,2,2.36591,-1.99618,2.0382,1.47811,1.75841,0,1.47863,1.77353,0.00133072,1.5443,1.83715,0,1.54278,1.85379,0.00941962
6.99002,2.21283,-1.82987,2.65596,2.16441,-1.86836,2.66108,2.31192,-1.91181,2,2.38128,-1.97758,2.0383,1.4639,1.77027,0,1.46324,1.78516,0.00091178,1.52945,1.84954,0,1.53183,1.86569,0.0106737
7,2.22732,-1.8122,2.65596,2.17896,-1.85046,2.66109,2.32706,-1.89335,2,2.39654,-1.95887,2.03841,1.44976,1.78186,0,1.4478,1.7966,0.000500852,1.51468,1.86165,0,1.52085,1.87736,0.0119645
7.00987,2.24151,-1.79462,2.65596,2.19336,-1.83243,2.66109,2.34189,-1.87498,2,2.4117,-1.94004,2.03854,1.4357,1.79321,-1.46196e-18,1.43231,1.80794,8.54118e-05,1.49999,1.87351,0,1.50983,1.88891,0.0132762
7.01998,2.25595,-1.77643,2.65596,2.20761,-1.8143,2.66109,2.35698,-1.85598,2,2.42674,-1.92109,2.03868,1.42115,1.80476,-1.46196e-18,1.41678,1.81919,-0.000343484,1.48479,1.88558,0,1.49877,1.90034,0.014597
7.02998,2.27012,-1.75829,2.65596,2.2217,-1.79605,2.66108,2.37178,-1.83703,2,2.44167,-1.90203,2.03883,1.40663,1.8161,0,1.40117,1.83041,-0.000791695,1.46962,1.89742,0,1.48761,1.91171,0.0159199
7.0399,2.28411,-1.74009,2.65596,2.23563,-1.77769,2.66107,2.38639,-1.81801,2,2.45354,-1.8867,2.03896,1.39207,1.82728,-1.46196e-18,1.38545,1.84155,-0.00123108,1.45441,1.90911,0,1.4786,1.92072,0.0169984
7.04995,2.29815,-1.7215,2.65596,2.24941,-1.75922,2.66106,2.40106,-1.79859,2,2.4712,-1.86357,2.03918,1.3772,1.83852,0,1.36958,1.85256,-0.0016462,1.43887,1.92084,0,1.46488,1.93407,0.0186615
7.05989,2.31162,-1.70336,2.65596,2.26302,-1.74064,2.66104,2.41514,-1.77964,2,2.48579,-1.84418,2.03937,1.36269,1.8493,1.46196e-18,1.35364,1.86346,-0.00207713,1.42371,1.93211,0,1.4533,1.94503,0.0200492
7.06991,2.3251,-1.68492,2.65596,2.27648,-1.72195,2.66102,2.42921,-1.76037,2,2.50026,-1.82467,2.03958,1.34794,1.86008,1.46196e-18,1.33756,1.87424,-0.00251456,1.4083,1.94337,0,1.44154,1.95585,0.0214394
7.07998,2.33861,-1.66612,2.65596,2.28978,-1.70315,2.66099,2.44333,-1.74072,2,2.51462,-1.80506,2.0398,1.33289,1.87089,0,1.32141,1.88487,-0.00297556,1.39258,1.95467,0,1.42964,1.96649,0.0228121
7.08991,2.35191,-1.6473,2.65596,2.30029,-1.68804,2.66096,2.45722,-1.72106,2,2.52602,-1.7893,2.03998,1.31784,1.88153,1.46196e-18,1.30843,1.89315,-0.00335093,1.37685,1.96578,0,1.42002,1.97476,0.0239063
7.09988,2.36496,-1.6285,2.65596,2.31588,-1.66525,2.66092,2.47086,-1.70142,2,2.54297,-1.76553,2.04028,1.3028,1.89197,0,1.2891,1.90527,-0.00442952,1.36114,1.97669,0,1.40561,1.98682,0.0250265
7.10998,2.37786,-1.60961,2.65596,2.32869,-1.64615,2.66087,2.48434,-1.68168,2,2.55697,-1.74561,2.04053,1.28768,1.90229,0,1.27318,1.91516,-0.00592977,1.34535,1.98747,0,1.39369,1.99655,0.0253644
7.12,2.39073,-1.59043,2.65596,2.34134,-1.62695,2.6608,2.49779,-1.66164,2,2.57084,-1.72559,2.04079,1.27234,1.91258,-1.46196e-18,1.25705,1.92494,-0.00735764,1.32932,1.99823,0,1.38148,2.00615,0.0257785
7.12999,2.40343,-1.57117,2.65596,2.35383,-1.60765,2.66072,2.51105,-1.64153,2,2.5846,-1.70549,2.04105,1.25694,1.92274,0,1.24075,1.9347,-0.00854876,1.31322,2.00884,0,1.369,2.01571,0.0264222
7.1399,2.41584,-1.55202,2.65596,2.36616,-1.58825,2.66063,2.52402,-1.62152,2,2.59822,-1.68528,2.04132,1.24162,1.93267,0,1.22433,1.94452,-0.0095147,1.29722,2.01921,0,1.3563,2.02528,0.0272823
7.14989,2.42821,-1.53259,2.65596,2.37832,-1.56876,2.66053,2.53695,-1.60122,2,2.61172,-1.66498,2.04159,1.22607,1.94257,-1.46196e-18,1.20786,1.95427,-0.0102701,1.28097,2.02956,0,1.34343,2.03475,0.0283406
7.15994,2.44037,-1.51316,2.65596,2.39031,-1.54917,2.66043,2.54964,-1.58092,2,2.62509,-1.64459,2.04188,1.21053,1.95229,1.46196e-18,1.19144,1.96379,-0.010828,1.26474,2.03972,0,1.33046,2.04396,0.0295763
7.16998,2.45255,-1.49333,2.65596,2.40215,-1.52948,2.66032,2.56238,-1.5602,2,2.63833,-1.6241,2.04219,1.19466,1.96204,0,1.17491,1.9732,-0.0112532,1.24816,2.0499,0,1.31726,2.05301,0.0309207
7.18,2.46441,-1.47367,2.65596,2.41381,-1.50971,2.6602,2.57477,-1.53966,2,2.65144,-1.60353,2.0425,1.17894,1.97153,0,1.1583,1.98256,-0.0115642,1.23173,2.05981,0,1.30383,2.062,0.0323555
7.18994,2.4761,-1.45396,2.65596,2.42303,-1.49382,2.66011,2.58698,-1.51906,2,2.66182,-1.587,2.04277,1.16316,1.98088,0,1.14496,1.99002,-0.0117452,1.21525,2.06958,0,1.29294,2.06913,0.0335531
7.19996,2.48754,-1.43429,2.65596,2.43665,-1.46987,2.65996,2.59893,-1.49852,2,2.67724,-1.56211,2.04318,1.14744,1.99003,0,1.12506,2.00114,-0.0122769,1.19882,2.07914,0,1.27651,2.07971,0.0350481
7.21001,2.49899,-1.41425,2.65596,2.44781,-1.44981,2.65984,2.61089,-1.47758,2,2.68994,-1.54127,2.04353,1.1314,1.99919,0,1.10861,2.01021,-0.013191,1.18206,2.08871,0,1.26276,2.08825,0.0357877
7.21995,2.51025,-1.39417,2.65596,2.45882,-1.42966,2.6597,2.62266,-1.4566,2,2.70249,-1.52034,2.04389,1.11533,2.0082,1.46196e-18,1.09201,2.01916,-0.0140269,1.16528,2.09812,0,1.24871,2.09667,0.0365679
7.22999,2.52126,-1.37416,2.65596,2.46965,-1.40943,2.65956,2.63416,-1.43569,2,2.71491,-1.49934,2.04426,1.09933,2.01701,0,1.07519,2.02804,-0.0146906,1.14855,2.10733,0,1.23427,2.10502,0.037472
7.23999,2.53224,-1.35381,2.65596,2.4782,-1.39318,2.65944,2.64564,-1.41443,2,2.72474,-1.48247,2.04457,1.08305,2.02579,0,1.06163,2.03508,-0.0150933,1.13154,2.11651,0,1.22248,2.11161,0.038287
7.24993,2.54286,-1.33376,2.65596,2.49082,-1.36869,2.65925,2.65672,-1.39349,2,2.7393,-1.45707,2.04503,1.06701,2.03429,0,1.04137,2.04548,-0.0158904,1.11479,2.12538,0,1.20463,2.1213,0.0392466
7.25995,2.55361,-1.31307,2.65596,2.4991,-1.3523,2.65912,2.66795,-1.37187,2,2.75127,-1.43582,2.04543,1.05046,2.04288,1.46196e-18,1.02799,2.0523,-0.0167129,1.09749,2.13436,0,1.18971,2.12917,0.0396209
7.27,2.56398,-1.2927,2.65596,2.51131,-1.32761,2.65891,2.67879,-1.35059,2,2.76309,-1.41449,2.04582,1.03416,2.05118,0,1.00805,2.06236,-0.0181759,1.08047,2.14303,0,1.1747,2.13689,0.0397019
7.27998,2.57421,-1.2722,2.65596,2.52131,-1.30695,2.65873,2.68948,-1.32917,2,2.77476,-1.39308,2.04622,1.01776,2.05937,0,0.991498,2.07063,-0.0195989,1.06334,2.15158,0,1.15953,2.14446,0.0395505
7.28991,2.58427,-1.25164,2.65596,2.53114,-1.2862,2.65852,2.69999,-1.30769,2,2.78628,-1.3716,2.04662,1.00131,2.06741,0,0.974864,2.07869,-0.0206304,1.04615,2.15999,0,1.14409,2.15185,0.0397192
7.29989,2.59423,-1.23086,2.65596,2.54081,-1.26537,2.65831,2.7104,-1.28598,2,2.79764,-1.35004,2.04702,0.98469,2.07538,0,0.958206,2.08664,-0.0211753,1.02878,2.16832,0,1.12841,2.15914,0.0402928
7.30995,2.60453,-1.20891,2.65596,2.55031,-1.24447,2.6581,2.72116,-1.26305,2,2.80885,-1.32842,2.04742,0.967129,2.08362,0,0.94158,2.09443,-0.0213361,1.01044,2.17693,0,1.11254,2.16628,0.041166
7.31998,2.61356,-1.18926,2.65596,2.55964,-1.22349,2.65789,2.7306,-1.24251,2,2.81989,-1.30672,2.04784,0.951406,2.09085,1.46196e-18,0.924792,2.10203,-0.021292,0.99401,2.18448,0,1.09629,2.17323,0.0421583
7.32996,2.62298,-1.16834,2.65596,2.5688,-1.20243,2.65768,2.74044,-1.22066,2,2.83077,-1.28495,2.04827,0.934675,2.09838,0,0.907983,2.10945,-0.0210293,0.976529,2.19235,0,1.07982,2.17999,0.0432868
7.33995,2.63231,-1.14716,2.65596,2.5778,-1.1813,2.65747,2.75019,-1.19853,2,2.84149,-1.26312,2.04871,0.917728,2.10585,-1.46196e-18,0.89107,2.11678,-0.020609,0.958823,2.20015,0,1.06303,2.18666,0.0444863
7.34992,2.64131,-1.1263,2.65596,2.58662,-1.16009,2.65726,2.75958,-1.17673,2,2.85203,-1.24122,2.04916,0.90104,2.11304,0,0.873988,2.12397,-0.0201047,0.941388,2.20767,0,1.04587,2.1932,0.0456781
7.35991,2.65017,-1.10528,2.65596,2.59528,-1.13882,2.65707,2.76884,-1.15478,2,2.86241,-1.21926,2.04962,0.884225,2.12014,0,0.856877,2.13102,-0.0194686,0.92382,2.21507,0,1.02848,2.19961,0.0469108
7.36996,2.65901,-1.08383,2.65596,2.60376,-1.11747,2.65687,2.77808,-1.13237,2,2.8726,-1.19723,2.0501,0.867067,2.12721,0,0.839762,2.13797,-0.0187487,0.905894,2.22247,0,1.01087,2.20593,0.0481312
7.37992,2.66755,-1.06264,2.65596,2.61207,-1.09606,2.65669,2.78701,-1.11023,2,2.88262,-1.17514,2.05058,0.850113,2.13404,-1.46196e-18,0.822713,2.1446,-0.0179498,0.888181,2.2296,0,0.993121,2.21192,0.0493316
7.38991,2.67599,-1.04123,2.65596,2.62021,-1.07458,2.65652,2.79581,-1.08785,2,2.89246,-1.15299,2.05108,0.832982,2.14079,0,0.805698,2.15091,-0.0170837,0.870282,2.23665,0,0.975207,2.21762,0.0505013
7.39989,2.68415,-1.01998,2.65596,2.62819,-1.05304,2.65635,2.80435,-1.06566,2,2.90213,-1.13079,2.05159,0.815988,2.14732,7.3098e-19,0.78883,2.15714,-0.0161468,0.852527,2.24348,0,0.957247,2.22324,0.0516448
7.41003,2.69238,-0.998077,2.65596,2.63599,-1.03144,2.65619,2.81294,-1.04277,2,2.91161,-1.10853,2.05211,0.798462,2.1539,0,0.772081,2.16326,-0.0151862,0.834216,2.25035,0,0.939225,2.22874,0.0527187
7.41996,2.70021,-0.976696,2.65596,2.64363,-1.00978,2.65605,2.82112,-1.02043,2,2.92091,-1.08621,2.05265,0.781357,2.16017,0,0.755257,2.16933,-0.01419,0.816346,2.2569,0,0.920957,2.2342,0.0537372
7.42996,2.70795,-0.955016,2.65596,2.6511,-0.988054,2.65591,2.82921,-0.997781,2,2.93003,-1.06384,2.05319,0.764013,2.16636,7.3098e-19,0.73828,2.17526,-0.01322,0.798225,2.26337,0,0.902377,2.23952,0.0546408
7.43991,2.71547,-0.933416,2.65596,2.65839,-0.966272,2.65578,2.83707,-0.975214,2,2.93896,-1.04142,2.05374,0.746733,2.17238,0,0.721228,2.181,-0.0122498,0.780171,2.26965,0,0.883566,2.24467,0.0554565
7.44999,2.7229,-0.911516,2.65596,2.66552,-0.944434,2.65566,2.84483,-0.952333,2,2.9477,-1.01895,2.0543,0.729213,2.17832,-7.3098e-19,0.70412,2.18656,-0.0112901,0.761867,2.27586,0,0.864549,2.24963,0.0561724
7.45997,2.73011,-0.889679,2.65596,2.67248,-0.922541,2.65556,2.85237,-0.929519,2,2.95625,-0.99643,2.05486,0.711743,2.18409,0,0.687016,2.19198,-0.0102999,0.743615,2.28189,0,0.845385,2.25446,0.05683
7.46998,2.73717,-0.867742,2.65596,2.67926,-0.900595,2.65546,2.85973,-0.906599,2,2.96461,-0.973862,2.05543,0.694194,2.18973,-7.3098e-19,0.669923,2.1972,-0.00929954,0.725279,2.28779,0,0.826091,2.25909,0.0574105
7.48002,2.74406,-0.84567,2.65596,2.68587,-0.878598,2.65537,2.86694,-0.883539,2,2.97277,-0.951249,2.05601,0.676536,2.19525,0,0.652938,2.20226,-0.00827093,0.706831,2.29355,0,0.806772,2.26355,0.0579357
7.48994,2.75068,-0.823899,2.65596,2.69232,-0.85655,2.65529,2.87385,-0.860793,2,2.98074,-0.928591,2.05659,0.659119,2.20054,-7.3098e-19,0.635888,2.20723,-0.00728389,0.688634,2.29908,0,0.787263,2.26791,0.0583379
7.49998,2.75715,-0.801969,2.65596,2.69859,-0.834454,2.65522,2.88062,-0.837881,2,2.98851,-0.905891,2.05718,0.641575,2.20572,7.3098e-19,0.618801,2.21207,-0.00632397,0.670305,2.30449,0,0.767602,2.27214,0.0586356
7.5099,2.76346,-0.779945,2.65596,2.70469,-0.81231,2.65517,2.88721,-0.81487,2,2.99609,-0.883149,2.05776,0.623956,2.21077,0,0.601551,2.21675,-0.00538827,0.651896,2.30977,0,0.74767,2.27621,0.0588337
7.51996,2.76964,-0.757715,2.65596,2.71062,-0.79012,2.65512,2.89367,-0.791646,2,3.00347,-0.860367,2.05835,0.606172,2.21571,0,0.584263,2.22122,-0.00440919,0.633316,2.31493,0,0.727605,2.28008,0.0590034
7.53001,2.77564,-0.735435,2.65596,2.71638,-0.767885,2.65508,2.89993,-0.768368,2,3.01064,-0.837547,2.05894,0.588348,2.22051,0,0.566932,2.22562,-0.00345548,0.614694,2.31995,0,0.707402,2.28387,0.059077
7.54006,2.78156,-0.712735,2.65596,2.72196,-0.745607,2.65505,2.90611,-0.744651,2,3.01762,-0.81469,2.05954,0.570188,2.22525,7.3098e-19,0.54962,2.22993,-0.00248962,0.595721,2.32489,0,0.687127,2.28755,0.0590943
7.54997,2.78706,-0.690912,2.65596,2.72737,-0.723287,2.65503,2.91186,-0.72185,2,3.02438,-0.791797,2.06013,0.552729,2.22965,-7.3098e-19,0.532364,2.23411,-0.00151723,0.57748,2.32949,0,0.666825,2.29109,0.059052
7.5599,2.79242,-0.668896,2.65596,2.73261,-0.700926,2.65502,2.91747,-0.698849,2,3.03095,-0.768869,2.06072,0.535117,2.23394,-7.3098e-19,0.515071,2.23814,-0.000580241,0.559079,2.33397,0,0.646413,2.29447,0.0589136
7.56991,2.79769,-0.646497,2.65596,2.73767,-0.678525,2.65502,2.92297,-0.675447,2,3.03731,-0.745908,2.0613,0.517198,2.23816,0,0.497769,2.24207,0.000336408,0.540358,2.33838,0,0.625931,2.29776,0.0586981
7.57996,2.80276,-0.624157,2.65596,2.74256,-0.656085,2.65502,2.92827,-0.652106,2,3.04347,-0.722914,2.06189,0.499326,2.24221,0,0.48043,2.24587,0.00123982,0.521685,2.34261,0,0.605355,2.3009,0.058415
7.58991,2.80767,-0.601689,2.65596,2.74728,-0.633607,2.65504,2.9334,-0.628632,2,3.04942,-0.69989,2.06247,0.481351,2.24614,0,0.463085,2.24958,0.00213789,0.502905,2.34672,0,0.584727,2.30396,0.0580777
7.59996,2.8124,-0.579177,2.65596,2.75183,-0.611094,2.65507,2.93834,-0.605112,2,3.05516,-0.676835,2.06305,0.463341,2.24992,0,0.445707,2.25319,0.00299167,0.484089,2.35067,0,0.564029,2.30692,0.057651
7.60989,2.81694,-0.556696,2.65596,2.7562,-0.588544,2.6551,2.94308,-0.581625,2,3.0607,-0.653752,2.06363,0.445357,2.25355,0,0.428346,2.25669,0.0038218,0.4653,2.35446,0,0.543316,2.30977,0.0571595
7.61991,2.8213,-0.534134,2.65596,2.76039,-0.56596,2.65514,2.94764,-0.558052,2,3.06603,-0.63064,2.06419,0.427307,2.25704,-7.3098e-19,0.410923,2.26008,0.0046448,0.446442,2.35811,0,0.522518,2.31251,0.056623
7.62996,2.82549,-0.511524,2.65596,2.76441,-0.543343,2.65519,2.95201,-0.534429,2,3.07115,-0.607502,2.06476,0.409219,2.26039,0,0.393433,2.26324,0.00547336,0.427543,2.36161,0,0.501636,2.31503,0.0560583
7.63994,2.82952,-0.488751,2.65596,2.76826,-0.520696,2.65525,2.95622,-0.510637,2,3.07606,-0.58434,2.06532,0.391001,2.26361,-3.6549e-19,0.376002,2.26623,0.0063031,0.40851,2.36498,0,0.480804,2.31739,0.0554649
7.64996,2.83334,-0.466079,2.65596,2.77193,-0.498019,2.65532,2.96022,-0.486949,2,3.08077,-0.561155,2.06587,0.372863,2.26667,-3.6549e-19,0.358515,2.2691,0.00706289,0.389559,2.36817,0,0.459913,2.31963,0.0547761
7.65989,2.83695,-0.443583,2.65596,2.77543,-0.475314,2.65539,2.96399,-0.463446,2,3.08526,-0.537948,2.06641,0.354866,2.26956,0,0.341098,2.27185,0.00782422,0.370757,2.37119,0,0.439103,2.32177,0.0540703
7.6699,2.84043,-0.420754,2.65596,2.77876,-0.452582,2.65548,2.96762,-0.439595,2,3.08955,-0.514719,2.06695,0.336603,2.27234,0,0.323748,2.27458,0.00857445,0.351676,2.37409,0,0.418376,2.32389,0.0533399
7.67988,2.84368,-0.398198,2.65596,2.78191,-0.429823,2.65557,2.97101,-0.416029,2,3.09363,-0.491471,2.06748,0.318558,2.27494,3.6549e-19,0.306343,2.27711,0.00926898,0.332823,2.37681,0,0.397618,2.32583,0.0525438
7.68996,2.8468,-0.375227,2.65596,2.78488,-0.40704,2.65566,2.97428,-0.39203,2,3.0975,-0.468203,2.068,0.300182,2.27744,0,0.288776,2.27951,0.00991572,0.313624,2.37942,0,0.376733,2.32765,0.0516958
7.69999,2.84971,-0.352428,2.65596,2.78768,-0.384234,2.65576,2.97732,-0.368209,2,3.10116,-0.444918,2.06851,0.281942,2.27977,0,0.271074,2.28178,0.01046,0.294567,2.38185,0,0.355759,2.32937,0.0507478
7.70995,2.85246,-0.329433,2.65596,2.7903,-0.361405,2.65587,2.98019,-0.344185,2,3.10462,-0.421616,2.06901,0.263546,2.28197,0,0.253417,2.28386,0.0109727,0.275348,2.38415,0,0.334879,2.33094,0.0497729
7.71998,2.85498,-0.306846,2.65596,2.79275,-0.338557,2.65598,2.98282,-0.320586,2,3.10786,-0.3983,2.06951,0.245476,2.28398,0,0.23565,2.28584,0.0114133,0.256469,2.38626,0,0.313933,2.33241,0.0487307
7.72992,2.85733,-0.284066,2.65596,2.79502,-0.315689,2.6561,2.98528,-0.296787,2,3.11089,-0.374969,2.06999,0.227253,2.28587,0,0.217726,2.28766,0.0117433,0.237429,2.38823,0,0.292883,2.33375,0.0475869
7.73992,2.85951,-0.261272,2.65596,2.7971,-0.292804,2.65622,2.98756,-0.272971,2,3.11372,-0.351625,2.07046,0.209017,2.28761,0,0.19983,2.2893,0.0120578,0.218377,2.39004,0,0.271921,2.33493,0.0464421
7.74998,2.86152,-0.238214,2.65596,2.79901,-0.269903,2.65634,2.98966,-0.248881,2,3.11633,-0.32827,2.07092,0.190571,2.28922,-1.82745e-19,0.182059,2.29081,0.0124038,0.199105,2.39173,0,0.251142,2.33602,0.0453421
7.75991,2.86334,-0.215312,2.65596,2.80075,-0.246989,2.65647,2.99155,-0.224954,2,3.11874,-0.304905,2.07136,0.17225,2.29067,0,0.164377,2.29218,0.0127638,0.179963,2.39324,0,0.230512,2.33699,0.0442722
7.76997,2.86497,-0.192382,2.65596,2.8023,-0.22406,2.65659,2.99326,-0.200997,2,3.12094,-0.28153,2.0718,0.153906,2.29197,0,0.146482,2.29354,0.0130665,0.160798,2.39461,0,0.209747,2.33799,0.0431701
7.77998,2.86642,-0.169287,2.65596,2.80367,-0.201118,2.65673,2.99478,-0.176868,2,3.12294,-0.258146,2.07223,0.13543,2.29314,0,0.128339,2.2949,0.0132577,0.141494,2.39583,0,0.188824,2.33903,0.0419902
7.78999,2.86768,-0.146554,2.65596,2.80487,-0.178162,2.65686,2.99609,-0.153116,2,3.12472,-0.23475,2.07264,0.117243,2.29414,0,0.110029,2.2962,0.0133748,0.122493,2.39687,0,0.167823,2.34005,0.040769
7.79989,2.86876,-0.123643,2.65596,2.80587,-0.155195,2.65699,2.99722,-0.12918,2,3.12629,-0.211345,2.07304,0.0989145,2.295,0,0.0915768,2.29729,0.0133918,0.103344,2.39777,0,0.14676,2.34091,0.0394764
7.80991,2.86965,-0.100658,2.65596,2.8067,-0.132216,2.65713,2.99816,-0.105165,2,3.12765,-0.187932,2.07343,0.0805261,2.29572,-9.13725e-20,0.0729846,2.2983,0.0133266,0.084132,2.39852,0,0.125627,2.34175,0.0381255
7.81991,2.87037,-0.0777656,2.65596,2.80733,-0.109229,2.65726,2.9989,-0.0812479,2,3.1288,-0.164511,2.07381,0.0622125,2.29629,9.13725e-20,0.0543153,2.29911,0.0132013,0.0649984,2.39912,0,0.104492,2.34245,0.0367418
7.82997,2.8709,-0.0547012,2.65596,2.80778,-0.0862346,2.65739,2.99946,-0.0571507,2,3.12974,-0.141083,2.07417,0.043761,2.29672,0,0.0355659,2.29979,0.0130013,0.0457206,2.39956,0,0.0833506,2.34306,0.0353103
7.83997,2.87124,-0.0316937,2.65596,2.80804,-0.0632345,2.65752,2.99982,-0.0331129,2,3.13047,-0.11765,2.07451,0.0253549,2.297,0,0.0166688,2.30021,0.0127103,0.0264903,2.39985,0,0.0621336,2.34348,0.0338151
7.84996,2.87141,-0.00821524,2.65596,2.80812,-0.0402314,2.65765,2.99999,-0.00858311,2,3.13099,-0.094214,2.07484,0.00657219,2.29713,1.14216e-20,-0.00221689,2.30037,0.0124201,0.00686649,2.39999,0,0.0410022,2.3437,0.0323494
7.85992,2.87138,0.0141328,2.65596,2.808,-0.017228,2.65777,2.99996,0.0147656,2,3.13129,-0.0707767,2.07516,-0.0113062,2.29711,0,-0.0210438,2.30028,0.0121397,-0.0118125,2.39997,0,0.0199998,2.34373,0.0309216
7.8699,2.87118,0.0372729,2.65596,2.8077,0.00577365,2.65789,2.99975,0.0389419,2,3.13139,-0.0473398,2.07546,-0.0298183,2.29694,4.56862e-20,-0.0397014,2.3,0.0119037,-0.0311535,2.3998,0,-0.000761006,2.34361,0.0295686
7.87992,2.87079,0.0601627,2.65596,2.80721,0.0287717,2.65801,2.99934,0.0628567,2,3.13128,-0.0239047,2.07575,-0.0481301,2.29663,0,-0.0585067,2.29958,0.0116089,-0.0502854,2.39947,0,-0.0215935,2.3434,0.0281895
7.88997,2.87021,0.0831999,2.65596,2.80653,0.0517647,2.65812,2.99874,0.0869255,2,3.13096,-0.000472191,2.07602,-0.0665599,2.29617,-9.13725e-20,-0.0774026,2.29901,0.0112959,-0.0695404,2.39899,0,-0.0424315,2.34311,0.0268301
7.9,2.86945,0.106362,2.65596,2.80566,0.0747514,2.65823,2.99794,0.111125,2,3.13043,0.022957,2.07629,-0.0850898,2.29556,9.13725e-20,-0.0962811,2.29827,0.0109672,-0.0889,2.39835,0,-0.0631674,2.34269,0.0254934
7.90997,2.86851,0.129184,2.65596,2.8046,0.0977295,2.65834,2.99696,0.134969,2,3.12969,0.0463812,2.07653,-0.103347,2.29481,-1.82745e-19,-0.115098,2.29731,0.0106549,-0.107975,2.39757,0,-0.0837637,2.34211,0.0242089
7.91998,2.86739,0.152032,2.65596,2.80336,0.120697,2.65844,2.99579,0.15884,2,3.12875,0.0697989,2.07677,-0.121626,2.29391,0,-0.13388,2.29614,0.0103128,-0.127072,2.39663,0,-0.104248,2.34139,0.0229301
7.92995,2.86608,0.175085,2.65596,2.80192,0.143652,2.65855,2.99442,0.182925,2,3.12761,0.0932085,2.07699,-0.140068,2.29286,0,-0.152627,2.2948,0.00997765,-0.14634,2.39553,0,-0.124618,2.34054,0.0216964
7.94,2.86459,0.197858,2.65596,2.8003,0.166593,2.65864,2.99287,0.206718,2,3.12626,0.116609,2.0772,-0.158286,2.29168,0,-0.171465,2.29337,0.00965497,-0.165374,2.3943,0,-0.144996,2.33966,0.0205152
7.94997,2.86292,0.220749,2.65596,2.79849,0.189519,2.65874,2.99112,0.230634,2,3.12471,0.140002,2.0774,-0.176599,2.29034,0,-0.190159,2.29185,0.00941273,-0.184507,2.3929,0,-0.165146,2.33873,0.0194557
7.95991,2.86106,0.243689,2.65596,2.7965,0.212429,2.65883,2.98918,0.254602,2,3.12296,0.163384,2.07759,-0.194952,2.28885,-1.82745e-19,-0.208666,2.2902,0.00924012,-0.203681,2.39134,0,-0.185034,2.33772,0.0185029
7.9699,2.85902,0.266576,2.65596,2.79432,0.235322,2.65892,2.98704,0.278514,2,3.12101,0.186756,2.07777,-0.213261,2.28721,0,-0.226972,2.2884,0.00913221,-0.222811,2.38964,0,-0.204649,2.33663,0.0176504
7.97994,2.8568,0.289406,2.65596,2.79196,0.258197,2.65902,2.98472,0.302366,2,3.11887,0.210116,2.07795,-0.231525,2.28544,3.6549e-19,-0.245287,2.28644,0.00901534,-0.241892,2.38778,0,-0.224191,2.33543,0.0168302
7.98997,2.8544,0.31218,2.65596,2.78942,0.28105,2.65911,2.98222,0.32616,2,3.11653,0.233464,2.07811,-0.249744,2.28352,0,-0.263641,2.28422,0.00888381,-0.260928,2.38577,0,-0.243678,2.33404,0.0160428
7.99997,2.8518,0.335069,2.65596,2.78669,0.303881,2.65919,2.9795,0.350074,2,3.11399,0.256797,2.07827,-0.268055,2.28144,0,-0.282103,2.28192,0.00869199,-0.280059,2.3836,0,-0.26318,2.33263,0.0152439
8.00997,2.84902,0.357944,2.65596,2.78377,0.326688,2.65928,2.9766,0.373973,2,3.11126,0.280116,2.07842,-0.286355,2.27922,3.6549e-19,-0.30048,2.27951,0.00852056,-0.299178,2.38128,0,-0.282507,2.33116,0.0145126
8.02,2.84607,0.380724,2.65596,2.78068,0.349471,2.65936,2.97351,0.397773,2,3.10834,0.30342,2.07856,-0.304579,2.27685,-3.6549e-19,-0.318689,2.27706,0.00839242,-0.318218,2.37881,0,-0.30158,2.32971,0.0138705
8.03001,2.84288,0.403861,2.65596,2.7774,0.372229,2.65945,2.97018,0.421946,2,3.10523,0.32671,2.07869,-0.323089,2.2743,0,-0.336812,2.27455,0.00829553,-0.337557,2.37614,0,-0.320486,2.32823,0.0133043
8.04,2.83961,0.426196,2.65596,2.77394,0.394962,2.65953,2.96677,0.445281,2,3.10193,0.349985,2.07882,-0.340957,2.27169,-3.6549e-19,-0.354876,2.27195,0.00821618,-0.356225,2.37342,0,-0.339246,2.32672,0.0128019
8.04993,2.83613,0.448803,2.65596,2.7703,0.417668,2.65961,2.96313,0.4689,2,3.09845,0.373244,2.07895,-0.359042,2.2689,-3.6549e-19,-0.373014,2.26923,0.00807323,-0.37512,2.3705,0,-0.357985,2.32515,0.0122883
8.05989,2.83242,0.471614,2.65596,2.76648,0.440347,2.65969,2.95926,0.492733,2,3.09477,0.396488,2.07907,-0.377292,2.26594,0,-0.391378,2.2665,0.00784634,-0.394186,2.36741,0,-0.376856,2.32362,0.0117429
8.06998,2.82858,0.494157,2.65596,2.76248,0.462997,2.65977,2.95524,0.516285,2,3.09091,0.419716,2.07919,-0.395326,2.26286,7.3098e-19,-0.409916,2.26361,0.00749709,-0.413028,2.36419,0,-0.395805,2.32199,0.0111277
8.07994,2.82451,0.516885,2.65596,2.75828,0.485619,2.65984,2.95099,0.540031,2,3.08686,0.442928,2.07929,-0.413508,2.25961,0,-0.428485,2.26059,0.00711829,-0.432025,2.3608,0,-0.414701,2.32028,0.0105302
8.08994,2.82029,0.53947,2.65596,2.75391,0.508209,2.65991,2.94658,0.563627,2,3.08262,0.466122,2.0794,-0.431576,2.25623,-7.3098e-19,-0.447144,2.25749,0.00672223,-0.450902,2.35726,0,-0.433615,2.31854,0.00995713
8.09998,2.8159,0.561935,2.65596,2.74934,0.530768,2.65997,2.94199,0.587098,2,3.07819,0.489298,2.07949,-0.449548,2.25272,7.3098e-19,-0.465873,2.25419,0.00630978,-0.469678,2.35359,0,-0.452529,2.31663,0.00940767
8.10999,2.8113,0.584507,2.65596,2.74459,0.553291,2.66004,2.93719,0.610681,2,3.07357,0.512453,2.07958,-0.467605,2.24904,0,-0.484464,2.25053,0.00594285,-0.488545,2.34975,0,-0.471237,2.31442,0.00894421
8.11998,2.80652,0.607027,2.65596,2.73965,0.575778,2.66009,2.9322,0.63421,2,3.06876,0.535586,2.07967,-0.485622,2.24522,0,-0.502919,2.24668,0.0056465,-0.507368,2.34576,0,-0.489744,2.31206,0.00858998
8.13003,2.80159,0.629395,2.65596,2.73453,0.598224,2.66015,2.92704,0.657579,2,3.06377,0.558694,2.07976,-0.503516,2.24127,0,-0.521142,2.24258,0.00546214,-0.526063,2.34164,0,-0.50795,2.30947,0.00838961
8.14,2.79643,0.651959,2.65596,2.72923,0.620629,2.6602,2.92165,0.681153,2,3.0586,0.581775,2.07984,-0.521567,2.23714,-7.3098e-19,-0.539284,2.23823,0.0052888,-0.544922,2.33732,0,-0.525995,2.30667,0.00824947
8.14995,2.79116,0.674133,2.65596,2.72374,0.642988,2.66026,2.91615,0.70432,2,3.05325,0.604827,2.07992,-0.539306,2.23293,-7.3098e-19,-0.557522,2.23361,0.00506603,-0.563456,2.33292,0,-0.544045,2.30362,0.00811415
8.15997,2.7857,0.696351,2.65596,2.71808,0.6653,2.6603,2.91045,0.727533,2,3.04772,0.627847,2.08,-0.557081,2.22856,0,-0.575852,2.22881,0.00475627,-0.582027,2.32836,0,-0.562088,2.30042,0.00795284
8.16998,2.78003,0.718677,2.65596,2.71223,0.687564,2.66035,2.90452,0.750859,2,3.04201,0.650834,2.08008,-0.574942,2.22402,7.3098e-19,-0.594197,2.22379,0.00440255,-0.600688,2.32361,0,-0.580051,2.29702,0.0078066
8.17999,2.77417,0.74095,2.65596,2.70619,0.709776,2.66039,2.8984,0.774129,2,3.03612,0.673787,2.08016,-0.59276,2.21934,0,-0.612581,2.21858,0.00401827,-0.619304,2.31872,0,-0.597972,2.29343,0.00768247
8.18998,2.76811,0.763304,2.65596,2.69998,0.731934,2.66043,2.89206,0.797484,2,3.03005,0.696702,2.08023,-0.610643,2.21449,7.3098e-19,-0.630929,2.21312,0.00363042,-0.637987,2.31365,0,-0.615772,2.28959,0.00760992
8.19996,2.76202,0.785045,2.65596,2.69358,0.754037,2.66046,2.8857,0.820199,2,3.02381,0.719578,2.08031,-0.628036,2.20962,-7.3098e-19,-0.649183,2.20749,0.003229,-0.656159,2.30856,0,-0.633396,2.28558,0.00757699
8.20996,2.75565,0.807136,2.65596,2.68699,0.776083,2.6605,2.87904,0.843279,2,3.01738,0.742413,2.08039,-0.645709,2.20452,7.3098e-19,-0.667403,2.20171,0.00280156,-0.674623,2.30323,0,-0.650906,2.2814,0.00757158
8.21991,2.74915,0.829003,2.65596,2.68023,0.798071,2.66052,2.87225,0.866125,2,3.01079,0.765205,2.08046,-0.663202,2.19932,-7.3098e-19,-0.685685,2.19578,0.00226975,-0.6929,2.2978,0,-0.668399,2.27707,0.00751513
8.22998,2.74231,0.851329,2.65596,2.67328,0.819998,2.66054,2.86511,0.889451,2,3.00402,0.787954,2.08054,-0.681063,2.19385,0,-0.703891,2.18969,0.00173719,-0.711561,2.29209,0,-0.685744,2.27255,0.00750746
8.23986,2.73544,0.873159,2.65596,2.66615,0.841865,2.66055,2.85793,0.912259,2,2.99707,0.810656,2.08061,-0.698528,2.18835,7.3098e-19,-0.722109,2.18356,0.00116438,-0.729807,2.28635,0,-0.703035,2.26798,0.00750567
8.25001,2.72832,0.895165,2.65596,2.65884,0.86367,2.66056,2.85049,0.93525,2,2.98996,0.833313,2.08069,-0.716132,2.18266,0,-0.740346,2.17745,0.000537182,-0.7482,2.28039,0,-0.720281,2.26339,0.00749543
8.25987,2.72116,0.916712,2.65596,2.65134,0.885414,2.66057,2.84301,0.957762,2,2.98267,0.855924,2.08076,-0.73337,2.17692,7.3098e-19,-0.7586,2.17136,-0.000117822,-0.76621,2.27441,0,-0.737487,2.2588,0.00750032
8.26996,2.71366,0.938659,2.65596,2.64366,0.907097,2.66056,2.83518,0.980691,2,2.97521,0.878489,2.08084,-0.750927,2.17093,7.3098e-19,-0.776903,2.16532,-0.000832526,-0.784553,2.26814,0,-0.754693,2.25422,0.0074824
8.28001,2.70608,0.960313,2.65596,2.6358,0.92872,2.66055,2.82725,1.00332,2,2.96757,0.901008,2.08091,-0.768251,2.16486,0,-0.79512,2.15931,-0.00155616,-0.802653,2.2618,0,-0.77178,2.24965,0.00748422
8.29002,2.69795,0.982899,2.65596,2.62939,0.945976,2.66053,2.81877,1.02691,2,2.96135,0.918991,2.08097,-0.786319,2.15836,0,-0.80964,2.15454,-0.00212569,-0.82153,2.25501,0,-0.785379,2.246,0.00751176
8.2999,2.69044,1.00328,2.65596,2.6212,0.967491,2.66051,2.81092,1.04821,2,2.95341,0.941428,2.08105,-0.802624,2.15235,7.3098e-19,-0.827634,2.14847,-0.00328118,-0.838565,2.24873,0,-0.802209,2.24132,0.0071192
8.31002,2.68213,1.0253,2.65596,2.61283,0.988945,2.66047,2.80223,1.07121,2,2.9453,0.963817,2.08111,-0.820241,2.1457,0,-0.845671,2.14237,-0.00476067,-0.856971,2.24179,0,-0.819025,2.23656,0.00644513
8.32006,2.67387,1.04665,2.65596,2.60428,1.01034,2.66041,2.7936,1.09351,2,2.93703,0.986158,2.08117,-0.837317,2.1391,0,-0.863853,2.13615,-0.00615553,-0.874812,2.23488,0,-0.835942,2.23162,0.00589277
8.32997,2.66541,1.06802,2.65596,2.59556,1.03167,2.66035,2.78476,1.11584,2,2.92858,1.00845,2.08123,-0.854413,2.13233,0,-0.88203,2.12993,-0.00739962,-0.892673,2.22781,0,-0.852848,2.22663,0.00550454
8.33996,2.6568,1.08924,2.65596,2.58844,1.04869,2.66028,2.77577,1.13802,2,2.91997,1.03069,2.08129,-0.871393,2.12544,0,-0.89664,2.12485,-0.00831231,-0.910413,2.22062,0,-0.869844,2.22143,0.00524319
8.35002,2.64802,1.11043,2.65596,2.57755,1.07414,2.66017,2.76659,1.16016,2,2.91119,1.05288,2.08134,-0.888345,2.11841,0,-0.918283,2.11691,-0.00985059,-0.928125,2.21327,0,-0.886585,2.2159,0.00478392
8.36001,2.63899,1.13172,2.65596,2.56828,1.09527,2.66007,2.75716,1.1824,2,2.90224,1.07501,2.08138,-0.90538,2.11119,-1.46196e-18,-0.936116,2.11024,-0.0116675,-0.945922,2.20573,0,-0.903161,2.21027,0.00384754
8.36989,2.63,1.15246,2.65596,2.55883,1.11634,2.65994,2.74777,1.20406,2,2.89312,1.09708,2.08141,-0.921966,2.104,0,-0.95407,2.1035,-0.0134229,-0.963251,2.19821,0,-0.919885,2.20455,0.00296634
8.37999,2.62065,1.17355,2.65596,2.5492,1.13734,2.6598,2.738,1.2261,2,2.88384,1.1191,2.08144,-0.938842,2.09652,0,-0.972153,2.09673,-0.0149135,-0.980883,2.1904,0,-0.936788,2.19876,0.00233003
8.38999,2.61096,1.19496,2.65596,2.54136,1.1541,2.65968,2.72788,1.24847,2,2.87629,1.13667,2.08146,-0.955968,2.08877,0,-0.986684,2.09132,-0.0159377,-0.998776,2.1823,0,-0.950416,2.19411,0.00197234
8.39991,2.60149,1.21545,2.65596,2.52939,1.17914,2.65948,2.71798,1.26988,2,2.86476,1.16296,2.08148,-0.972359,2.08119,0,-1.00819,2.08308,-0.0175442,-1.0159,2.17438,0,-0.970648,2.18695,0.00132792
8.41,2.59169,1.2362,2.65596,2.51922,1.19994,2.65929,2.70775,1.29155,2,2.85497,1.1848,2.08149,-0.988957,2.07335,-1.46196e-18,-1.02588,2.07623,-0.0191477,-1.03324,2.1662,0,-0.987335,2.18093,0.000504913
8.4199,2.58185,1.25663,2.65596,2.50887,1.22067,2.65909,2.69746,1.3129,2,2.84502,1.20657,2.08149,-1.0053,2.06548,-1.46196e-18,-1.04368,2.06922,-0.0206307,-1.05032,2.15797,0,-1.00421,2.17474,-0.000238786
8.43,2.57156,1.27755,2.65596,2.49941,1.23926,2.6589,2.68671,1.33476,2,2.83591,1.22612,2.08148,-1.02204,2.05725,-1.46196e-18,-1.05987,2.06294,-0.0218206,-1.06781,2.14937,0,-1.01968,2.16919,-0.000814507
8.43996,2.56121,1.29817,2.65596,2.49194,1.25368,2.65875,2.6759,1.3563,2,2.82873,1.24129,2.08148,-1.03853,2.04897,1.46196e-18,-1.07248,2.05795,-0.0226523,-1.08504,2.14072,0,-1.03178,2.16477,-0.00120215
8.44996,2.55089,1.31834,2.65596,2.47785,1.28038,2.65844,2.66511,1.37738,2,2.81517,1.26938,2.08145,-1.05467,2.04071,1.46196e-18,-1.09576,2.04844,-0.0246009,-1.1019,2.13209,0,-1.05426,2.15628,-0.00239341
8.45998,2.54029,1.33865,2.65596,2.4668,1.30082,2.65819,2.65404,1.39859,2,2.80454,1.29091,2.08142,-1.07092,2.03223,0,-1.11359,2.04098,-0.0264664,-1.11887,2.12323,0,-1.07154,2.14955,-0.00370916
8.46988,2.52962,1.35871,2.65596,2.45558,1.3212,2.65791,2.64289,1.41955,2,2.79374,1.31237,2.08138,-1.08697,2.02369,0,-1.13144,2.0334,-0.0281474,-1.13564,2.11431,0,-1.08896,2.14267,-0.0049048
8.47995,2.51838,1.37943,2.65596,2.44418,1.34149,2.65762,2.63115,1.4412,2,2.78276,1.33376,2.08133,-1.10354,2.0147,0,-1.14922,2.02565,-0.0295302,-1.15296,2.10492,0,-1.10649,2.13564,-0.00590176
8.48996,2.50719,1.39965,2.65596,2.4326,1.36171,2.65732,2.61946,1.46233,2,2.77161,1.35508,2.08126,-1.11972,2.00575,0,-1.16685,2.01759,-0.0305892,-1.16986,2.09557,0,-1.12405,2.12832,-0.00667391
8.49998,2.49625,1.41907,2.65596,2.42084,1.38184,2.65701,2.60803,1.48262,2,2.76028,1.37633,2.08119,-1.13526,1.997,1.46196e-18,-1.18442,2.00935,-0.0313594,-1.18609,2.08643,0,-1.14171,2.12082,-0.00725233
8.50993,2.48454,1.43948,2.65596,2.40891,1.40189,2.6567,2.5958,1.50394,2,2.74877,1.3975,2.08112,-1.15158,1.98763,0,-1.20182,2.00093,-0.0319521,-1.20315,2.07664,0,-1.15938,2.11316,-0.00774861
8.52,2.47305,1.45913,2.65596,2.3968,1.42186,2.65637,2.5838,1.52447,2,2.73709,1.41859,2.08104,-1.1673,1.97844,-2.92392e-18,-1.21891,1.99225,-0.0322926,-1.21957,2.06704,0,-1.17691,2.10527,-0.00809408
8.52993,2.46084,1.47964,2.65596,2.38453,1.44174,2.65605,2.57103,1.5459,2,2.72524,1.4396,2.08096,-1.18371,1.96867,0,-1.23565,1.9834,-0.0323994,-1.23672,2.05683,0,-1.19428,2.09725,-0.00830927
8.54,2.44932,1.49863,2.65596,2.37209,1.46153,2.65573,2.559,1.56574,2,2.71321,1.46053,2.08087,-1.19891,1.95945,-1.46196e-18,-1.25206,1.97433,-0.0322653,-1.25259,2.0472,0,-1.21148,2.08902,-0.00838114
8.54993,2.43731,1.51808,2.65596,2.35949,1.48122,2.65541,2.54645,1.58606,2,2.70101,1.48138,2.08079,-1.21446,1.94985,0,-1.26817,1.96501,-0.0319617,-1.26884,2.03716,0,-1.22855,2.08058,-0.00837751
8.56001,2.42517,1.5374,2.65596,2.34673,1.50083,2.65509,2.53376,1.60625,2,2.68864,1.50214,2.08071,-1.22992,1.94013,1.46196e-18,-1.28396,1.95547,-0.0315287,-1.285,2.02701,0,-1.24545,2.07197,-0.00833819
8.57,2.41263,1.55701,2.65596,2.33381,1.52033,2.65478,2.52067,1.62673,2,2.6761,1.52282,2.08062,-1.2456,1.9301,-1.46196e-18,-1.29952,1.94571,-0.0309615,-1.30138,2.01653,0,-1.26229,2.06317,-0.00825511
8.57991,2.40022,1.57607,2.65596,2.32074,1.53974,2.65447,2.5077,1.64664,2,2.66339,1.54341,2.08054,-1.26086,1.92018,-1.46196e-18,-1.3148,1.93569,-0.0302605,-1.31732,2.00616,0,-1.27898,2.05417,-0.00812108
8.59007,2.38729,1.59559,2.65596,2.3115,1.55326,2.65426,2.49419,1.66704,2,2.6544,1.55776,2.08048,-1.27647,1.90983,0,-1.32533,1.92855,-0.0297221,-1.33363,1.99535,0,-1.29059,2.04775,-0.00802687
8.59996,2.37482,1.61409,2.65596,2.29415,1.57825,2.65388,2.48117,1.68636,2,2.63748,1.58431,2.08038,-1.29127,1.89986,-1.46196e-18,-1.34431,1.91505,-0.0290904,-1.34909,1.98493,0,-1.31173,2.03564,-0.00830973
8.60991,2.36166,1.63329,2.65596,2.28063,1.59735,2.65359,2.46741,1.70643,2,2.62429,1.60462,2.08029,-1.30663,1.88933,1.46196e-18,-1.35844,1.90456,-0.0293214,-1.36514,1.97393,0,-1.32758,2.02623,-0.00928351
8.62008,2.3485,1.65215,2.65596,2.26698,1.61634,2.65329,2.45367,1.72613,2,2.61093,1.62483,2.08019,-1.32172,1.8788,0,-1.37259,1.89386,-0.0294464,-1.3809,1.96293,0,-1.34355,2.0166,-0.0102021
8.62996,2.33518,1.67092,2.65596,2.25318,1.63522,2.653,2.43975,1.74575,2,2.59741,1.64495,2.08009,-1.33674,1.86814,0,-1.38681,1.88299,-0.0293804,-1.3966,1.9518,0,-1.35973,2.00684,-0.0110088
8.64001,2.32168,1.68963,2.65596,2.23924,1.654,2.65271,2.42565,1.76529,2,2.58786,1.65897,2.08001,-1.3517,1.85735,-1.46196e-18,-1.40117,1.87175,-0.029173,-1.41223,1.94052,0,-1.37123,1.99982,-0.0115362
8.64999,2.30809,1.70815,2.65596,2.22516,1.67266,2.65242,2.41145,1.78464,2,2.56989,1.68488,2.07985,-1.36652,1.84647,0,-1.41545,1.86015,-0.0287516,-1.42771,1.92916,0,-1.39264,1.98628,-0.0123281
8.65992,2.29469,1.7261,2.65596,2.21093,1.6912,2.65213,2.39745,1.8034,2,2.55588,1.70469,2.07973,-1.38088,1.83576,-1.46196e-18,-1.42951,1.8484,-0.0281281,-1.44272,1.91796,0,-1.409,1.97566,-0.0127697
8.67003,2.28038,1.74497,2.65596,2.19657,1.70962,2.65185,2.38249,1.82311,2,2.54171,1.72439,2.0796,-1.39598,1.8243,0,-1.44342,1.83653,-0.0273587,-1.45849,1.90599,0,-1.42531,1.96488,-0.0131233
8.67992,2.26661,1.76282,2.65596,2.18206,1.72793,2.65158,2.36811,1.84175,2,2.52738,1.74399,2.07947,-1.41025,1.81329,-1.46196e-18,-1.4573,1.82453,-0.0265501,-1.4734,1.89449,0,-1.44168,1.95394,-0.0134862
8.68994,2.25251,1.7808,2.65596,2.16742,1.74611,2.65132,2.35337,1.86055,2,2.51288,1.76347,2.07933,-1.42464,1.80201,-1.46196e-18,-1.47106,1.81259,-0.0256753,-1.48844,1.8827,0,-1.45798,1.94303,-0.0138192
8.69994,2.23812,1.79885,2.65596,2.15264,1.76418,2.65107,2.33834,1.87941,2,2.49822,1.78285,2.07919,-1.43908,1.79049,1.46196e-18,-1.48487,1.8007,-0.0248087,-1.50352,1.87067,0,-1.47441,1.93212,-0.0141948
8.70989,2.22376,1.81657,2.65596,2.13772,1.78213,2.65083,2.32334,1.89792,2,2.48339,1.80211,2.07905,-1.45326,1.77901,0,-1.49881,1.78894,-0.023964,-1.51833,1.85867,0,-1.49101,1.92128,-0.0146251
8.7199,2.20923,1.83421,2.65596,2.12267,1.79996,2.65059,2.30816,1.91635,2,2.4684,1.82127,2.0789,-1.46737,1.76739,0,-1.51258,1.77703,-0.0230638,-1.53308,1.84653,0,-1.50751,1.91024,-0.0150292
8.72997,2.19416,1.85221,2.65596,2.10747,1.81767,2.65037,2.29242,1.93515,2,2.45324,1.84032,2.07875,-1.48177,1.75533,1.46196e-18,-1.52609,1.76478,-0.0220823,-1.54812,1.83393,0,-1.5238,1.89881,-0.0153833
8.74002,2.17938,1.86958,2.65596,2.09215,1.83525,2.65015,2.27698,1.9533,2,2.43792,1.85925,2.07859,-1.49567,1.74351,1.46196e-18,-1.53927,1.7523,-0.0210311,-1.56264,1.82158,0,-1.5398,1.8871,-0.0156948
8.74994,2.1643,1.88702,2.65596,2.07669,1.85271,2.64995,2.26122,1.97152,2,2.42244,1.87806,2.07843,-1.50961,1.73144,1.46196e-18,-1.55246,1.73965,-0.0200148,-1.57721,1.80898,0,-1.55584,1.87516,-0.0160523
8.75998,2.14936,1.90402,2.65596,2.0611,1.87005,2.64975,2.24561,1.98928,2,2.4068,1.89675,2.07827,-1.52321,1.71949,-1.46196e-18,-1.56551,1.72697,-0.0189715,-1.59142,1.79649,0,-1.57174,1.8631,-0.0163794
8.76997,2.13411,1.92109,2.65596,2.04538,1.88725,2.64957,2.22968,2.00712,2,2.39101,1.91532,2.0781,-1.53688,1.70729,-1.46196e-18,-1.57825,1.71422,-0.0178912,-1.6057,1.78374,0,-1.58732,1.8509,-0.0166623
8.78001,2.1184,1.93841,2.65596,2.02953,1.90433,2.64939,2.21326,2.02521,2,2.37506,1.93377,2.07794,-1.55072,1.69472,0,-1.59078,1.70135,-0.0167632,-1.62017,1.77061,0,-1.60267,1.83848,-0.01689
8.78999,2.10297,1.95513,2.65596,2.01356,1.92128,2.64923,2.19714,2.04268,2,2.35896,1.95209,2.07777,-1.56411,1.68238,0,-1.60303,1.68827,-0.0155928,-1.63415,1.75771,0,-1.61772,1.82577,-0.0170566
8.79995,2.08733,1.97183,2.65596,1.99747,1.9381,2.64908,2.1808,2.06012,2,2.34271,1.97028,2.07759,-1.57746,1.66986,0,-1.6152,1.67516,-0.0144643,-1.6481,1.74464,0,-1.63263,1.81294,-0.017235
8.8099,2.0717,1.98825,2.65596,1.98126,1.95478,2.64894,2.16447,2.07728,2,2.3263,1.98835,2.07742,-1.5906,1.65736,-1.46196e-18,-1.62726,1.66197,-0.0133352,-1.66182,1.73157,0,-1.64737,1.79995,-0.0173745
8.81996,2.0555,2.00499,2.65596,1.96493,1.97134,2.64881,2.14754,2.09477,2,2.30976,2.00628,2.07725,-1.60399,1.6444,0,-1.63915,1.64874,-0.0122009,-1.67582,1.71803,0,-1.66187,1.78684,-0.0174646
8.83005,2.03925,2.02151,2.65596,1.94848,1.98776,2.6487,2.13057,2.11203,2,2.29307,2.02408,2.07707,-1.61721,1.6314,0,-1.65095,1.63549,-0.0110963,-1.68963,1.70445,0,-1.6762,1.77361,-0.0175393
8.83996,2.02313,2.03765,2.65596,1.93191,2.00405,2.64859,2.11372,2.12889,2,2.27624,2.04175,2.0769,-1.63012,1.6185,-1.46196e-18,-1.66262,1.62216,-0.0100583,-1.70311,1.69098,0,-1.6903,1.7602,-0.0176283
8.84993,2.00654,2.05399,2.65596,1.91522,2.0202,2.6485,2.09639,2.14596,2,2.25926,2.05929,2.07672,-1.64319,1.60523,1.46196e-18,-1.67435,1.60878,-0.00915438,-1.71677,1.67711,0,-1.70438,1.74666,-0.0177929
8.86001,1.98992,2.07009,2.65596,1.89842,2.03622,2.64841,2.07903,2.16278,2,2.24215,2.07669,2.07654,-1.65607,1.59194,-1.46196e-18,-1.68626,1.59532,-0.00837192,-1.73023,1.66322,0,-1.71851,1.73296,-0.0180185
8.87,1.97362,2.08564,2.65596,1.8815,2.05211,2.64833,2.06199,2.17903,2,2.22489,2.09395,2.07636,-1.66851,1.57889,0,-1.6982,1.58187,-0.00765833,-1.74323,1.64959,0,-1.73258,1.71918,-0.0182519
8.87993,1.95696,2.10127,2.65596,1.86446,2.06786,2.64826,2.0446,2.19536,2,2.2075,2.11107,2.07618,-1.68102,1.56557,-1.46196e-18,-1.71001,1.56842,-0.00695532,-1.75629,1.63568,0,-1.7464,1.7053,-0.0184382
8.89,1.93979,2.11713,2.65596,1.8473,2.08348,2.64819,2.02666,2.21194,2,2.18996,2.12805,2.07599,-1.69371,1.55184,0,-1.72182,1.55508,-0.00632007,-1.76955,1.62133,0,-1.76014,1.69144,-0.0186417
8.89996,1.92292,2.13247,2.65596,1.83002,2.09896,2.64813,2.00902,2.22796,2,2.17229,2.1449,2.0758,-1.70598,1.53833,0,-1.73366,1.54165,-0.00578816,-1.78237,1.60722,0,-1.7738,1.67743,-0.0188995
8.90997,1.90595,2.14765,2.65596,1.81263,2.11431,2.64807,1.99129,2.24382,2,2.15449,2.1616,2.07561,-1.71812,1.52476,0,-1.74533,1.52812,-0.00529528,-1.79506,1.59303,0,-1.78721,1.66323,-0.0191428
8.91992,1.88869,2.16284,2.65596,1.79511,2.12952,2.64802,1.97327,2.25969,2,2.13655,2.17816,2.07542,-1.73027,1.51095,0,-1.75681,1.51445,-0.00481703,-1.80776,1.57861,0,-1.80032,1.64883,-0.0193505
8.92996,1.87131,2.1779,2.65596,1.77749,2.1446,2.64798,1.9551,2.27543,2,2.11848,2.19458,2.07523,-1.74232,1.49704,0,-1.76812,1.5006,-0.00432148,-1.82034,1.56408,0,-1.81318,1.63419,-0.0194917
8.93996,1.8538,2.19283,2.65596,1.75975,2.15953,2.64794,1.93681,2.29102,2,2.10029,2.21084,2.07503,-1.75426,1.48304,0,-1.7794,1.48659,-0.00385333,-1.83282,1.54945,0,-1.82591,1.61934,-0.0196057
8.95005,1.83605,2.20771,2.65596,1.7419,2.17433,2.6479,1.91827,2.30657,2,2.08197,2.22696,2.07483,-1.76616,1.46884,0,-1.79071,1.47249,-0.00347528,-1.84525,1.53461,0,-1.83854,1.60434,-0.0197498
8.9599,1.81874,2.22199,2.65596,1.72394,2.18898,2.64787,1.90019,2.32149,2,2.06352,2.24293,2.07464,-1.77759,1.455,1.46196e-18,-1.80189,1.45822,-0.0031152,-1.85719,1.52015,0,-1.85094,1.58913,-0.0198507
8.96996,1.80066,2.23666,2.65596,1.70586,2.20349,2.64784,1.8813,2.33682,2,2.04495,2.25875,2.07444,-1.78933,1.44053,0,-1.81299,1.44388,-0.00282693,-1.86945,1.50504,0,-1.86314,1.57378,-0.0199652
8.97995,1.78257,2.25111,2.65596,1.68768,2.21786,2.64781,1.86239,2.35191,2,2.02626,2.27441,2.07424,-1.80089,1.42606,0,-1.82413,1.4294,-0.00262694,-1.88153,1.48991,0,-1.87528,1.55825,-0.0201144
8.98987,1.76469,2.26515,2.65596,1.66938,2.23208,2.64778,1.84372,2.36658,2,2.00744,2.28991,2.07403,-1.81212,1.41176,0,-1.83527,1.41476,-0.00249562,-1.89327,1.47497,0,-1.8873,1.54251,-0.0202755
8.99999,1.74647,2.27923,2.65596,1.65097,2.24615,2.64776,1.82467,2.3813,2,1.98851,2.30525,2.07383,-1.82339,1.39717,0,-1.84638,1.39999,-0.00246242,-1.90504,1.45974,0,-1.89918,1.5266,-0.0204758
9.00997,1.7283,2.29304,2.65596,1.63245,2.26008,2.64773,1.8057,2.39572,2,1.96946,2.32044,2.07362,-1.83443,1.38264,0,-1.8575,1.38512,-0.00255601,-1.91657,1.44456,0,-1.91096,1.51052,-0.020752
9.01991,1.70983,2.30684,2.65596,1.61382,2.27386,2.64771,1.7864,2.41014,2,1.95029,2.33546,2.07341,-1.84547,1.36787,0,-1.86862,1.37013,-0.00276327,-1.92811,1.42912,0,-1.92264,1.49429,-0.0210936
9.02998,1.69134,2.32043,2.65596,1.59508,2.28748,2.64768,1.76708,2.42434,2,1.93101,2.35033,2.0732,-1.85635,1.35307,0,-1.87973,1.355,-0.00304083,-1.93947,1.41366,0,-1.93422,1.47787,-0.0214604
9.04002,1.67247,2.33407,2.65596,1.57623,2.30096,2.64765,1.74736,2.43859,2,1.91161,2.36502,2.07299,-1.86726,1.33798,1.46196e-18,-1.8909,1.33974,-0.00345232,-1.95087,1.39789,0,-1.94576,1.46127,-0.0219193
9.04993,1.65394,2.34724,2.65596,1.55726,2.31428,2.64761,1.728,2.45235,2,1.89209,2.37955,2.07276,-1.87779,1.32315,0,-1.90183,1.32433,-0.00386899,-1.96188,1.3824,0,-1.95697,1.44446,-0.0223456
9.05997,1.6347,2.36068,2.65596,1.53819,2.32744,2.64757,1.7079,2.46639,2,1.87247,2.39391,2.07254,-1.88854,1.30776,0,-1.91254,1.30881,-0.00427254,-1.97311,1.36632,0,-1.96788,1.42749,-0.0227259
9.06996,1.61591,2.37358,2.65596,1.51901,2.34045,2.64752,1.68827,2.47987,2,1.85274,2.4081,2.07231,-1.89886,1.29273,0,-1.92303,1.29311,-0.00470946,-1.98389,1.35062,0,-1.9785,1.41028,-0.0231078
9.07995,1.59695,2.38637,2.65596,1.49973,2.3533,2.64748,1.66847,2.49324,2,1.8329,2.42212,2.07208,-1.9091,1.27756,0,-1.93347,1.27743,-0.00520389,-1.99459,1.33477,0,-1.98897,1.39305,-0.0235122
9.08999,1.57791,2.39901,2.65596,1.48034,2.366,2.64742,1.64857,2.50644,2,1.81296,2.43596,2.07184,-1.91921,1.26233,0,-1.944,1.26173,-0.00576906,-2.00515,1.31885,0,-1.99945,1.37575,-0.0239519
9.09994,1.55885,2.41144,2.65596,1.46085,2.37854,2.64736,1.62866,2.51942,2,1.79291,2.44963,2.0716,-1.92915,1.24708,0,-1.95431,1.24595,-0.00635148,-2.01554,1.30292,0,-2.00963,1.35832,-0.0243806
9.10999,1.53916,2.42405,2.65596,1.44126,2.39092,2.64729,1.60809,2.5326,2,1.77276,2.46313,2.07135,-1.93924,1.23133,0,-1.96455,1.22993,-0.00698367,-2.02608,1.28647,0,-2.01968,1.34061,-0.0248416
9.12,1.51955,2.43639,2.65596,1.42748,2.39949,2.64724,1.5876,2.54549,2,1.75252,2.47644,2.0711,-1.94911,1.21564,1.46196e-18,-1.9718,1.2187,-0.00749326,-2.03639,1.27008,0,-2.02979,1.32282,-0.0253684
9.12999,1.50031,2.44829,2.65596,1.40176,2.4152,2.64714,1.56749,2.55792,2,1.73217,2.48958,2.07084,-1.95863,1.20025,0,-1.98474,1.19786,-0.00902953,-2.04634,1.25399,0,-2.03933,1.30502,-0.0264936
9.13998,1.48046,2.46034,2.65596,1.38187,2.42709,2.64704,1.54675,2.57052,2,1.71173,2.50254,2.07057,-1.96828,1.18437,1.46196e-18,-1.99428,1.18184,-0.0106695,-2.05641,1.2374,0,-2.04846,1.2872,-0.0278791
9.14987,1.46113,2.47187,2.65596,1.36788,2.43533,2.64696,1.52656,2.58256,2,1.6912,2.51533,2.07028,-1.9775,1.1689,0,-2.00088,1.17059,-0.0117243,-2.06605,1.22125,0,-2.05737,1.26927,-0.0290606
9.15993,1.44124,2.48352,2.65596,1.3418,2.45041,2.64679,1.50578,2.59473,2,1.67059,2.52793,2.06999,-1.98682,1.15299,0,-2.01253,1.14965,-0.0138807,-2.07579,1.20462,0,-2.06579,1.25126,-0.0305845
9.16989,1.42125,2.49502,2.65596,1.32163,2.46183,2.64665,1.48489,2.60674,2,1.64989,2.54035,2.06967,-1.99601,1.137,0,-2.02123,1.13349,-0.0158353,-2.08539,1.18791,0,-2.07397,1.23318,-0.0322694
9.17993,1.4011,2.50639,2.65596,1.30137,2.47308,2.64648,1.46384,2.61862,2,1.62911,2.55259,2.06934,-2.00511,1.12088,0,-2.02993,1.11714,-0.0174557,-2.0949,1.17107,0,-2.0821,1.21487,-0.033621
9.18995,1.38098,2.51753,2.65596,1.28103,2.48417,2.6463,1.44282,2.63026,2,1.60824,2.56465,2.069,-2.01402,1.10479,1.46196e-18,-2.03875,1.10078,-0.0186852,-2.10421,1.15426,0,-2.09038,1.19649,-0.0346056
9.19998,1.36107,2.52835,2.65596,1.2606,2.49509,2.64611,1.42201,2.64157,2,1.5873,2.57652,2.06865,-2.02268,1.08885,0,-2.04764,1.08437,-0.0196321,-2.11325,1.13761,0,-2.09872,1.17803,-0.035323
9.20991,1.34062,2.53925,2.65596,1.24008,2.50586,2.64591,1.40065,2.65296,2,1.56627,2.58821,2.0683,-2.0314,1.07249,0,-2.05641,1.06789,-0.0203305,-2.12237,1.12052,0,-2.10693,1.15944,-0.0358084
9.2199,1.32047,2.54978,2.65596,1.21947,2.51645,2.6457,1.3796,2.66396,2,1.54516,2.59971,2.06794,-2.03983,1.05638,-1.46196e-18,-2.06512,1.05141,-0.020809,-2.13117,1.10368,0,-2.1151,1.14081,-0.0360997
9.22995,1.29992,2.56032,2.65596,1.19877,2.52688,2.64549,1.35813,2.67497,2,1.52397,2.61102,2.06757,-2.04826,1.03994,0,-2.07363,1.03479,-0.0210789,-2.13998,1.0865,0,-2.12308,1.122,-0.0362081
9.24001,1.27929,2.5707,2.65596,1.178,2.53715,2.64528,1.33657,2.68581,2,1.5027,2.62215,2.06721,-2.05656,1.02343,0,-2.08212,1.01814,-0.021212,-2.14865,1.06926,0,-2.13106,1.10312,-0.0362049
9.2499,1.25915,2.58062,2.65596,1.15713,2.54725,2.64507,1.31554,2.69618,2,1.48135,2.63309,2.06685,-2.06449,1.00732,0,-2.09068,1.0015,-0.0213197,-2.15694,1.05243,0,-2.13913,1.08423,-0.0361996
9.25995,1.23775,2.59095,2.65596,1.13618,2.55718,2.64485,1.29317,2.70697,2,1.45992,2.64383,2.06649,-2.07276,0.990199,1.46196e-18,-2.0993,0.984867,-0.021417,-2.16558,1.03454,0,-2.14726,1.06532,-0.0362074
9.27001,1.21731,2.60062,2.65596,1.11515,2.56694,2.64464,1.27182,2.71707,2,1.4384,2.65439,2.06613,-2.08049,0.97385,0,-2.10765,0.968227,-0.021424,-2.17366,1.01746,0,-2.15515,1.04636,-0.0361585
9.27992,1.19651,2.61025,2.65596,1.09403,2.57654,2.64443,1.25009,2.72714,2,1.41681,2.66476,2.06577,-2.0882,0.957211,0,-2.1159,0.951594,-0.0213229,-2.18171,1.00007,0,-2.16299,1.02738,-0.0360355
9.28996,1.17559,2.61974,2.65596,1.07283,2.58597,2.64421,1.22823,2.73705,2,1.39514,2.67494,2.06541,-2.09579,0.940474,0,-2.1242,0.93491,-0.0212486,-2.18964,0.982588,0,-2.17091,1.00833,-0.0359749
9.30009,1.15429,2.62919,2.65596,1.05155,2.59524,2.644,1.20598,2.74693,2,1.3734,2.68493,2.06505,-2.10335,0.923435,1.46196e-18,-2.13216,0.91826,-0.0210658,-2.19754,0.964786,0,-2.17853,0.989299,-0.0358392
9.30999,1.13347,2.63824,2.65596,1.03018,2.60434,2.64379,1.18422,2.75638,2,1.35157,2.69473,2.06469,-2.11059,0.906774,0,-2.14006,0.901557,-0.0208638,-2.2051,0.947379,0,-2.18613,0.970205,-0.0357172
9.31998,1.11249,2.64715,2.65596,1.00875,2.61327,2.64358,1.16231,2.76569,2,1.32967,2.70433,2.06433,-2.11772,0.889996,0,-2.14775,0.884771,-0.0205998,-2.21255,0.929849,0,-2.19357,0.95102,-0.0355673
9.32997,1.09135,2.65594,2.65596,0.98723,2.62204,2.64338,1.14022,2.77487,2,1.3077,2.71375,2.06398,-2.12475,0.873084,0,-2.15541,0.868087,-0.0203302,-2.21989,0.91218,0,-2.201,0.931942,-0.0354425
9.33991,1.07019,2.66453,2.65596,0.965639,2.63063,2.64318,1.11811,2.78385,2,1.28565,2.72297,2.06362,-2.13163,0.856151,0,-2.16276,0.851223,-0.0200186,-2.22708,0.894489,0,-2.20819,0.912693,-0.0353065
9.34999,1.04849,2.67315,2.65596,0.943975,2.63906,2.64298,1.09544,2.79285,2,1.26354,2.732,2.06327,-2.13852,0.83879,0,-2.16989,0.834323,-0.0196,-2.23428,0.876351,0,-2.21519,0.893422,-0.0350977
9.35992,1.02693,2.68151,2.65596,0.922242,2.64732,2.64279,1.07291,2.80158,2,1.24135,2.74084,2.06292,-2.1452,0.82154,1.46196e-18,-2.17682,0.81733,-0.0190938,-2.24127,0.858328,0,-2.22205,0.87408,-0.0348345
9.37002,1.00521,2.68972,2.65596,0.90044,2.65541,2.6426,1.05023,2.81016,2,1.2191,2.74948,2.06257,-2.15178,0.804172,7.3098e-19,-2.18346,0.800095,-0.0185403,-2.24813,0.840182,0,-2.22866,0.854526,-0.0345462
9.37987,0.984036,2.69754,2.65596,0.878573,2.66332,2.64241,1.0281,2.81833,2,1.19678,2.75793,2.06223,-2.15803,0.787229,0,-2.18997,0.782671,-0.0180168,-2.25467,0.822481,0,-2.23517,0.834816,-0.0343064
9.38991,0.962422,2.70533,2.65596,0.856641,2.67106,2.64224,1.00552,2.82647,2,1.18112,2.76372,2.06199,-2.16426,0.769937,0,-2.19638,0.765294,-0.0174744,-2.26118,0.804415,0,-2.23971,0.821072,-0.0341429
9.39999,0.940851,2.7129,2.65596,0.834647,2.67863,2.64207,0.982982,2.83439,2,1.15195,2.77423,2.06155,-2.17032,0.752681,0,-2.20248,0.747933,-0.0168453,-2.26751,0.786385,0,-2.24777,0.795614,-0.0337479
9.40997,0.919204,2.72031,2.65596,0.812593,2.68602,2.6419,0.960365,2.84213,2,1.12944,2.78209,2.06121,-2.17625,0.735363,-7.3098e-19,-2.20825,0.730598,-0.0161419,-2.2737,0.768292,0,-2.25362,0.776104,-0.0333706
9.42007,0.897097,2.72768,2.65596,0.790482,2.69324,2.64174,0.937269,2.84983,2,1.10688,2.78975,2.06088,-2.18215,0.717678,-7.3098e-19,-2.21383,0.713184,-0.015381,-2.27986,0.749815,0,-2.25931,0.756565,-0.0329493
9.42993,0.875275,2.73477,2.65596,0.768317,2.70028,2.64159,0.914469,2.85723,2,1.08425,2.79722,2.06055,-2.18781,0.70022,-7.3098e-19,-2.21925,0.695775,-0.0146069,-2.28578,0.731576,0,-2.26488,0.73709,-0.0325238
9.43988,0.853415,2.74167,2.65596,0.746097,2.70715,2.64145,0.891631,2.86444,2,1.06158,2.8045,2.06023,-2.19333,0.682732,-1.46196e-18,-2.22459,0.678366,-0.0138569,-2.29155,0.713305,0,-2.27037,0.717682,-0.032123
9.45,0.831666,2.74834,2.65596,0.723826,2.71385,2.64132,0.868907,2.87141,2,1.03885,2.81158,2.05991,-2.19867,0.665333,0,-2.22976,0.661038,-0.0131264,-2.29713,0.695126,0,-2.27572,0.698428,-0.0317423
9.45991,0.809771,2.75487,2.65596,0.701502,2.72037,2.64119,0.846032,2.87823,2,1.01606,2.81846,2.0596,-2.2039,0.647817,0,-2.23492,0.643763,-0.0124374,-2.30259,0.676825,0,-2.28107,0.679306,-0.0314028
9.46992,0.787499,2.76132,2.65596,0.679128,2.72673,2.64107,0.822763,2.88497,2,0.993226,2.82516,2.05928,-2.20906,0.63,7.3098e-19,-2.23996,0.626414,-0.0118055,-2.30798,0.658211,0,-2.28632,0.660194,-0.031121
9.47999,0.765294,2.76756,2.65596,0.656703,2.7329,2.64095,0.799563,2.89149,2,0.970337,2.83167,2.05897,-2.21405,0.612235,0,-2.24482,0.608973,-0.011163,-2.31319,0.63965,0,-2.29144,0.641083,-0.0308327
9.48998,0.743019,2.77362,2.65596,0.634231,2.7389,2.64084,0.77629,2.89782,2,0.947397,2.83798,2.05867,-2.2189,0.594415,0,-2.24959,0.59144,-0.0105013,-2.31826,0.621032,0,-2.29648,0.621974,-0.0305289
9.49995,0.72086,2.77946,2.65596,0.611712,2.74473,2.64074,0.75314,2.90392,2,0.93131,2.84229,2.05845,-2.22357,0.576688,7.3098e-19,-2.25417,0.573829,-0.00979949,-2.32314,0.602512,0,-2.29992,0.608591,-0.0302861
9.50999,0.698736,2.78511,2.65596,0.589148,2.75038,2.64065,0.730025,2.90982,2,0.90137,2.85004,2.05806,-2.22809,0.558989,0,-2.25858,0.556228,-0.00910871,-2.32786,0.58402,0,-2.30612,0.583906,-0.0298494
9.51998,0.676419,2.79061,2.65596,0.566541,2.75586,2.64056,0.706709,2.91557,2,0.878286,2.85579,2.05777,-2.23249,0.541135,0,-2.26282,0.538724,-0.0084096,-2.33246,0.565367,0,-2.31072,0.565127,-0.0295012
9.52998,0.653575,2.79605,2.65596,0.543893,2.76116,2.64048,0.682841,2.92125,2,0.855157,2.86135,2.05747,-2.23684,0.52286,0,-2.26678,0.521317,-0.00764832,-2.337,0.546273,0,-2.31506,0.546551,-0.0290876
9.53994,0.631529,2.80111,2.65596,0.521206,2.76628,2.64041,0.659809,2.92654,2,0.831986,2.86672,2.05719,-2.24089,0.505223,0,-2.27048,0.503819,-0.00687302,-2.34123,0.527847,0,-2.31917,0.527997,-0.0286551
9.55003,0.608918,2.80611,2.65596,0.505304,2.76977,2.64036,0.636185,2.93177,2,0.808774,2.87191,2.0569,-2.24489,0.487134,0,-2.27295,0.491574,-0.00632719,-2.34542,0.508948,0,-2.32312,0.509599,-0.0281957
9.55997,0.586944,2.81079,2.65596,0.475728,2.77601,2.64028,0.613227,2.93666,2,0.785525,2.87691,2.05662,-2.24863,0.469555,0,-2.27712,0.468988,-0.00576801,-2.34933,0.490582,0,-2.32668,0.491457,-0.0281904
9.5699,0.564513,2.81538,2.65596,0.452941,2.78061,2.64023,0.589792,2.94145,2,0.762241,2.88174,2.05634,-2.25231,0.45161,0,-2.28019,0.451633,-0.00581868,-2.35316,0.471833,0,-2.33014,0.47349,-0.0284969
9.58002,0.541552,2.81989,2.65596,0.430125,2.78504,2.64017,0.565802,2.94616,2,0.738922,2.88638,2.05605,-2.25591,0.433242,0,-2.28314,0.434259,-0.005766,-2.35693,0.452642,0,-2.3335,0.455646,-0.0286804
9.58998,0.519111,2.82411,2.65596,0.407279,2.7893,2.64011,0.542356,2.95057,2,0.715571,2.89085,2.05576,-2.25928,0.415289,0,-2.28593,0.416702,-0.0055696,-2.36045,0.433885,0,-2.33674,0.437747,-0.0287221
9.59991,0.496539,2.82816,2.65596,0.384407,2.79338,2.64006,0.518774,2.95481,2,0.692188,2.89514,2.05548,-2.26253,0.397231,0,-2.28845,0.399057,-0.0051441,-2.36384,0.415019,0,-2.33975,0.419905,-0.0285238
9.60999,0.473858,2.83205,2.65596,0.361511,2.79728,2.64001,0.495077,2.95887,2,0.668776,2.89925,2.05519,-2.26564,0.379086,-3.6549e-19,-2.29083,0.38126,-0.00455808,-2.36709,0.396062,0,-2.34263,0.402054,-0.0281472
9.61997,0.450864,2.8358,2.65596,0.345469,2.7999,2.63998,0.471054,2.96279,2,0.652371,2.90202,2.055,-2.26864,0.360691,0,-2.29247,0.36877,-0.00411172,-2.37023,0.376843,0,-2.34463,0.389613,-0.0278347
9.62999,0.428357,2.83929,2.65596,0.315649,2.80454,2.63993,0.447539,2.96643,2,0.621868,2.90693,2.05464,-2.27143,0.342686,0,-2.29513,0.345508,-0.00369507,-2.37314,0.358031,0,-2.34793,0.366641,-0.027624
9.63988,0.40595,2.84258,2.65596,0.292689,2.80791,2.63989,0.424129,2.96987,2,0.598378,2.91051,2.05436,-2.27406,0.32476,3.6549e-19,-2.29676,0.327634,-0.00376677,-2.37589,0.339303,0,-2.35,0.349197,-0.0277833
9.65,0.383122,2.84575,2.65596,0.269714,2.8111,2.63985,0.400278,2.97318,2,0.574869,2.91392,2.05408,-2.2766,0.306498,0,-2.29818,0.309537,-0.00368792,-2.37854,0.320223,0,-2.35184,0.331682,-0.0277584
9.65994,0.360459,2.8487,2.65596,0.246725,2.8141,2.63982,0.3766,2.97627,2,0.551341,2.91715,2.05381,-2.27896,0.288367,3.6549e-19,-2.29972,0.291393,-0.00347015,-2.38101,0.30128,0,-2.35383,0.314253,-0.027582
9.66997,0.337343,2.85153,2.65596,0.223719,2.81692,2.63979,0.352449,2.97922,2,0.527792,2.9202,2.05353,-2.28123,0.269875,0,-2.30141,0.27305,-0.00320495,-2.38338,0.281959,0,-2.35598,0.296774,-0.0273259
9.67988,0.314852,2.85411,2.65596,0.207605,2.81879,2.63976,0.328951,2.98191,2,0.504221,2.92308,2.05326,-2.28328,0.251881,-3.6549e-19,-2.30268,0.260095,-0.00300674,-2.38553,0.263161,0,-2.35816,0.279275,-0.0269913
9.68993,0.29177,2.85656,2.65596,0.177659,2.82201,2.63973,0.304836,2.98447,2,0.480631,2.92579,2.05299,-2.28525,0.233416,3.6549e-19,-2.30422,0.236023,-0.00298365,-2.38758,0.243868,0,-2.35963,0.261896,-0.0270218
9.70003,0.26869,2.85882,2.65596,0.154613,2.82428,2.63969,0.280722,2.98684,2,0.45703,2.92832,2.05272,-2.28706,0.214952,0,-2.30481,0.217517,-0.0033741,-2.38947,0.224578,0,-2.3606,0.244694,-0.0272993
9.70994,0.246057,2.86086,2.65596,0.131563,2.82636,2.63966,0.257075,2.98897,2,0.43342,2.93068,2.05245,-2.28869,0.196846,0,-2.30516,0.198937,-0.00356733,-2.39117,0.20566,0,-2.36131,0.227551,-0.0273494
9.71989,0.223135,2.86274,2.65596,0.10851,2.82826,2.63962,0.233126,2.99093,2,0.409803,2.93287,2.05217,-2.29019,0.178508,0,-2.30561,0.180226,-0.00354202,-2.39274,0.186501,0,-2.36212,0.210395,-0.0271554
9.72999,0.200011,2.86444,2.65596,0.0854516,2.82997,2.63959,0.208967,2.99271,2,0.386178,2.93489,2.0519,-2.29156,0.160008,0,-2.30594,0.16133,-0.00326121,-2.39417,0.167174,0,-2.36279,0.193184,-0.026663
9.7399,0.177145,2.86595,2.65596,0.0623916,2.83149,2.63956,0.185077,2.99429,2,0.362548,2.93673,2.05164,-2.29276,0.141716,1.82745e-19,-2.30605,0.142293,-0.00275369,-2.39543,0.148062,0,-2.3632,0.175958,-0.0259014
9.74996,0.154309,2.86727,2.65596,0.0393301,2.83282,2.63953,0.161219,2.99567,2,0.338914,2.93841,2.05139,-2.29382,0.123447,1.82745e-19,-2.30625,0.123349,-0.00214185,-2.39653,0.128975,0,-2.36366,0.15894,-0.0249957
9.75991,0.131565,2.8684,2.65596,0.0162667,2.83395,2.63952,0.137456,2.99685,2,0.315275,2.93991,2.05114,-2.29472,0.105252,0,-2.30648,0.104351,-0.00149646,-2.39748,0.109965,0,-2.36411,0.141981,-0.024011
9.76997,0.108597,2.86937,2.65596,-0.00679942,2.8349,2.6395,0.11346,2.99785,2,0.291632,2.94125,2.05091,-2.29549,0.0868779,9.13725e-20,-2.30674,0.0853395,-0.000877638,-2.39828,0.0907683,0,-2.36456,0.125116,-0.0230084
9.77989,0.0855361,2.87015,2.65596,-0.0229477,2.83545,2.6395,0.0893663,2.99867,2,0.275079,2.94208,2.05075,-2.29612,0.0684288,0,-2.30708,0.0720028,-0.000517471,-2.39893,0.071493,0,-2.36501,0.113343,-0.0223563
9.78995,0.0623098,2.87074,2.65596,-0.0460204,2.83608,2.6395,0.0651,2.99929,2,0.251426,2.94313,2.05053,-2.29659,0.0498478,0,-2.30736,0.0529932,-0.000317695,-2.39943,0.05208,0,-2.36543,0.0966391,-0.0217107
9.79998,0.0396387,2.87115,2.65596,-0.0760167,2.83661,2.63949,0.0414137,2.99971,2,0.220674,2.94425,2.05025,-2.29692,0.0317109,4.56862e-20,-2.30749,0.0281786,-0.000427778,-2.39977,0.0331309,0,-2.36563,0.0750014,-0.0211485
9.80995,0.0165878,2.87137,2.65596,-0.0990922,2.83679,2.63949,0.0173306,2.99995,2,0.197017,2.94492,2.05004,-2.2971,0.0132702,0,-2.30761,0.00887021,-0.000732273,-2.39996,0.0138644,0,-2.36571,0.0582677,-0.0208557
9.82,-0.00657591,2.87141,2.65596,-0.122169,2.83678,2.63948,-0.00687037,2.99999,2,0.17336,2.94541,2.04983,-2.29713,-0.00526073,0,-2.30762,-0.010443,-0.00103331,-2.39999,-0.0054963,0,-2.36567,0.0415827,-0.0205437
9.82997,-0.0292364,2.87127,2.65596,-0.145244,2.83658,2.63947,-0.0305456,2.99984,2,0.149704,2.94575,2.04963,-2.29702,-0.0233892,2.28431e-20,-2.30742,-0.0297225,-0.0012207,-2.39988,-0.0244365,0,-2.36544,0.0249627,-0.0201149
9.83992,-0.0522764,2.87094,2.65596,-0.161395,2.83633,2.63946,-0.0546173,2.9995,2,0.126051,2.94591,2.04943,-2.29675,-0.0418211,-4.56862e-20,-2.30723,-0.0432172,-0.00128146,-2.3996,-0.0436938,0,-2.36513,0.00834378,-0.019565
9.84997,-0.075055,2.87044,2.65596,-0.191386,2.8356,2.63944,-0.0784159,2.99898,2,0.102403,2.94591,2.04924,-2.29635,-0.060044,0,-2.30661,-0.0683585,-0.00181872,-2.39918,-0.0627327,0,-2.36457,-0.00826287,-0.0194387
9.85989,-0.0981322,2.86974,2.65596,-0.214449,2.83482,2.63942,-0.102526,2.99825,2,0.0787605,2.94575,2.04904,-2.29579,-0.0785057,-9.13725e-20,-2.30591,-0.08769,-0.0027069,-2.3986,-0.0820212,0,-2.36379,-0.0248128,-0.0196403
9.86996,-0.121162,2.86886,2.65596,-0.237504,2.83385,2.63938,-0.126587,2.99733,2,0.0551272,2.94542,2.04884,-2.29509,-0.0969295,-9.13725e-20,-2.30506,-0.107083,-0.00349862,-2.39786,-0.10127,0,-2.36285,-0.0414029,-0.0197304
9.87999,-0.144201,2.8678,2.65596,-0.260549,2.83268,2.63935,-0.150658,2.99621,2,0.0315037,2.94492,2.04865,-2.29424,-0.115361,0,-2.30414,-0.126485,-0.00411739,-2.39697,-0.120527,0,-2.36188,-0.0580272,-0.0196583
9.88994,-0.167231,2.86655,2.65596,-0.276676,2.83175,2.63932,-0.174719,2.99491,2,0.0149729,2.94447,2.04851,-2.29324,-0.133785,0,-2.30346,-0.140108,-0.0044518,-2.39593,-0.139775,0,-2.36118,-0.0697149,-0.0195098
9.89989,-0.189935,2.86513,2.65596,-0.288192,2.83102,2.63929,-0.19844,2.99343,2,0.0031683,2.9441,2.04841,-2.2921,-0.151948,0,-2.30299,-0.149854,-0.00463651,-2.39474,-0.158752,0,-2.36068,-0.0780824,-0.0193479
9.90995,-0.213067,2.8635,2.65596,-0.302008,2.83009,2.63926,-0.222608,2.99173,2,-0.0109934,2.94361,2.0483,-2.2908,-0.170454,0,-2.30211,-0.161436,-0.00529895,-2.39338,-0.178087,0,-2.35978,-0.0880316,-0.0195952
9.92912,-0.256834,2.85991,2.65596,-0.311215,2.82943,2.63924,-0.268334,2.98798,2,-0.0204311,2.94324,2.04822,-2.28793,-0.205467,0,-2.30147,-0.169111,-0.00592862,-2.39038,-0.214668,0,-2.3591,-0.0946203,-0.019941
9.93037,-0.259804,2.85964,2.65596,-0.313516,2.82926,2.63924,-0.271438,2.98769,2,-0.0251489,2.94305,2.04818,-2.28771,-0.207843,0,-2.30129,-0.171033,-0.00612591,-2.39016,-0.21715,0,-2.35873,-0.0979209,-0.0201825
9.93991,-0.28167,2.85757,2.65596,-0.320419,2.82874,2.63922,-0.294283,2.98553,2,-0.0275076,2.94295,2.04816,-2.28606,-0.225336,0,-2.30079,-0.176821,-0.00666741,-2.38843,-0.235426,0,-2.35855,-0.099575,-0.0202908
9.94994,-0.304497,2.85523,2.65596,-0.32272,2.82856,2.63921,-0.318132,2.98308,2,-0.0322243,2.94275,2.04812,-2.28418,-0.243597,-3.6549e-19,-2.30068,-0.178755,-0.00682145,-2.38647,-0.254505,0,-2.35824,-0.102892,-0.0204557
9.95996,-0.327384,2.85269,2.65596,-0.327321,2.8282,2.6392,-0.342045,2.98044,2,-0.0369406,2.94254,2.04807,-2.28216,-0.261908,0,-2.3005,-0.182642,-0.007053,-2.38435,-0.273636,0,-2.35802,-0.106216,-0.0205233
9.97308,-0.357044,2.84913,2.65596,-0.338823,2.82726,2.63916,-0.373033,2.97672,2,-0.0510868,2.94187,2.04795,-2.27931,-0.285635,0,-2.30018,-0.192362,-0.00768782,-2.38137,-0.298426,0,-2.3574,-0.116148,-0.0207123
9.98005,-0.373546,2.84702,2.65596,-0.343423,2.82687,2.63914,-0.390273,2.97451,2,-0.0558014,2.94163,2.04791,-2.27761,-0.298837,0,-2.30011,-0.196286,-0.0079284,-2.37961,-0.312218,0,-2.35719,-0.119465,-0.0207579
9.99008,-0.396079,2.84397,2.65596,-0.368723,2.82459,2.63904,-0.413815,2.97132,2,-0.0793662,2.94036,2.0477,-2.27518,-0.316863,-3.6549e-19,-2.29977,-0.217976,-0.0106243,-2.37706,-0.331052,0,-2.35562,-0.135818,-0.0218682
10.0001,-0.418952,2.84069,2.65596,-0.391717,2.82231,2.63891,-0.437712,2.9679,2,-0.102908,2.93892,2.04746,-2.27255,-0.335161,0,-2.29914,-0.23775,-0.0166379,-2.37432,-0.35017,0,-2.35267,-0.151617,-0.0257949
10.0104,-0.442556,2.83711,2.65596,-0.417011,2.81957,2.63869,-0.462373,2.96415,2,-0.121721,2.93766,2.04724,-2.26969,-0.354044,0,-2.30024,-0.260746,-0.0227909,-2.37132,-0.369898,0,-2.35065,-0.16447,-0.028329
10.0201,-0.464106,2.83366,2.65596,-0.433118,2.81769,2.63852,-0.484888,2.96055,2,-0.145218,2.93593,2.04695,-2.26693,-0.371284,0,-2.30186,-0.275977,-0.0260714,-2.36844,-0.38791,0,-2.3488,-0.180929,-0.0299208
10.0301,-0.487356,2.82976,2.65596,-0.456152,2.81482,2.63824,-0.50918,2.95647,2,-0.168699,2.93404,2.04665,-2.26381,-0.389885,3.6549e-19,-2.30517,-0.298266,-0.0303155,-2.36518,-0.407344,0,-2.34744,-0.197569,-0.0305631
10.0402,-0.510123,2.82574,2.65596,-0.479225,2.81173,2.63792,-0.532966,2.95228,2,-0.192168,2.93198,2.04634,-2.26059,-0.408098,-7.3098e-19,-2.30951,-0.321294,-0.0335836,-2.36182,-0.426373,0,-2.34652,-0.214504,-0.0298361
10.0502,-0.532308,2.82165,2.65596,-0.502345,2.8084,2.63757,-0.556144,2.948,2,-0.21563,2.92975,2.04605,-2.25732,-0.425846,0,-2.31463,-0.345164,-0.0361468,-2.3584,-0.444916,0,-2.34586,-0.231888,-0.0280497
10.0601,-0.554388,2.81739,2.65596,-0.52552,2.80482,2.6372,-0.579213,2.94355,2,-0.246123,2.92658,2.04571,-2.25391,-0.443511,0,-2.32042,-0.369663,-0.0381505,-2.35484,-0.463371,0,-2.34547,-0.254982,-0.0245359
10.0701,-0.577166,2.81281,2.65596,-0.548754,2.801,2.63681,-0.603012,2.93877,2,-0.262541,2.92475,2.04555,-2.25025,-0.461733,7.3098e-19,-2.3264,-0.394617,-0.0398718,-2.35102,-0.482409,0,-2.3452,-0.267619,-0.0223929
10.0801,-0.599874,2.80806,2.65596,-0.572047,2.79693,2.6364,-0.626736,2.9338,2,-0.28599,2.92199,2.04534,-2.24645,-0.479899,0,-2.33204,-0.419755,-0.0414273,-2.34704,-0.501389,0,-2.34453,-0.285761,-0.0191195
10.0901,-0.622361,2.80316,2.65596,-0.595394,2.7926,2.63598,-0.65023,2.92869,2,-0.309431,2.91904,2.04517,-2.24253,-0.497889,0,-2.33734,-0.44505,-0.0429177,-2.34295,-0.520184,0,-2.34359,-0.304075,-0.0157758
10.1003,-0.6449,2.79806,2.65596,-0.618793,2.78803,2.63554,-0.673778,2.92336,2,-0.332862,2.9159,2.04503,-2.23845,-0.51592,-7.3098e-19,-2.34241,-0.470437,-0.0443735,-2.33869,-0.539023,0,-2.34259,-0.322558,-0.0124362
10.11,-0.666602,2.79297,2.65596,-0.642241,2.7832,2.63509,-0.696452,2.91804,2,-0.356282,2.91259,2.04492,-2.23438,-0.533281,0,-2.34711,-0.495759,-0.0457486,-2.33443,-0.557161,0,-2.34144,-0.34111,-0.00909625
10.1201,-0.689211,2.78748,2.65596,-0.665735,2.77811,2.63463,-0.720074,2.9123,2,-0.379691,2.90908,2.04484,-2.22998,-0.551369,-7.3098e-19,-2.35158,-0.520897,-0.0471528,-2.32984,-0.576059,0,-2.34036,-0.35968,-0.0059094
10.13,-0.711258,2.78193,2.65596,-0.689272,2.77278,2.63415,-0.743107,2.90651,2,-0.40309,2.90539,2.0448,-2.22555,-0.569006,0,-2.3558,-0.546009,-0.0485618,-2.32521,-0.594486,0,-2.33938,-0.378481,-0.00289467
10.1401,-0.73374,2.77609,2.65596,-0.71285,2.76719,2.63366,-0.766597,2.9004,2,-0.426479,2.90151,2.04479,-2.22087,-0.586992,-7.3098e-19,-2.3596,-0.571235,-0.049802,-2.32032,-0.613277,0,-2.33841,-0.397689,9.1335e-05
10.15,-0.755742,2.77018,2.65596,-0.736464,2.76135,2.63315,-0.789584,2.89423,2,-0.449859,2.89744,2.0448,-2.21614,-0.604594,0,-2.36325,-0.596357,-0.0507933,-2.31538,-0.631667,0,-2.33772,-0.417129,0.00309435
10.16,-0.777785,2.76407,2.65596,-0.760114,2.75527,2.63264,-0.812614,2.88785,2,-0.473235,2.89317,2.04485,-2.21126,-0.622228,7.3098e-19,-2.36674,-0.62122,-0.0516424,-2.31028,-0.650091,0,-2.33738,-0.4367,0.00597798
10.1701,-0.799665,2.75782,2.65596,-0.790906,2.74698,2.63196,-0.835474,2.88132,2,-0.496606,2.8887,2.04492,-2.20626,-0.639732,-7.3098e-19,-2.37031,-0.653121,-0.0524164,-2.30505,-0.668379,0,-2.33689,-0.456418,0.00879368
10.18,-0.82174,2.75133,2.65596,-0.807504,2.74235,2.6316,-0.858537,2.87453,2,-0.519973,2.88404,2.04502,-2.20106,-0.657392,7.3098e-19,-2.37182,-0.670088,-0.0528775,-2.29962,-0.686829,0,-2.33643,-0.476333,0.0112724
10.19,-0.843849,2.74463,2.65596,-0.83123,2.73553,2.63106,-0.881637,2.86753,2,-0.543334,2.87917,2.04515,-2.1957,-0.67508,-1.46196e-18,-2.37326,-0.69384,-0.0536487,-2.29402,-0.705309,0,-2.33579,-0.496255,0.0132036
10.2,-0.865634,2.73783,2.65596,-0.854967,2.72847,2.63052,-0.904397,2.86043,2,-0.566688,2.87411,2.04528,-2.19027,-0.692507,-1.46196e-18,-2.37388,-0.717274,-0.0544032,-2.28834,-0.723518,0,-2.33497,-0.516375,0.0147598
10.2101,-0.888054,2.73064,2.65596,-0.878707,2.72118,2.62998,-0.92782,2.85292,2,-0.590034,2.86885,2.04544,-2.18451,-0.710443,7.3098e-19,-2.37403,-0.740561,-0.054819,-2.28234,-0.742256,0,-2.33426,-0.53683,0.0162831
10.22,-0.909665,2.72352,2.65596,-0.902445,2.71366,2.62943,-0.950399,2.84548,2,-0.613374,2.86337,2.04561,-2.17882,-0.727732,7.3098e-19,-2.37368,-0.763544,-0.0549007,-2.27638,-0.760319,0,-2.33367,-0.557513,0.0177435
10.2302,-0.931645,2.71608,2.65596,-0.926179,2.70591,2.62888,-0.973363,2.8377,2,-0.636708,2.85769,2.04579,-2.17286,-0.745316,0,-2.37295,-0.78621,-0.0546763,-2.27016,-0.778691,0,-2.3333,-0.578428,0.0190947
10.2401,-0.953711,2.70841,2.65596,-0.949903,2.69794,2.62834,-0.996418,2.82969,2,-0.66004,2.8518,2.04599,-2.16673,-0.762969,0,-2.37181,-0.808676,-0.0542281,-2.26375,-0.797134,0,-2.33312,-0.599694,0.0202444
10.2499,-0.974698,2.70093,2.65596,-0.973613,2.68974,2.6278,-1.01834,2.82187,2,-0.68337,2.8457,2.0462,-2.16074,-0.779758,-7.3098e-19,-2.36996,-0.830917,-0.0534929,-2.2575,-0.814675,0,-2.33284,-0.621293,0.0212435
10.2601,-0.996394,2.693,2.65596,-0.997301,2.68132,2.62727,-1.04101,2.81359,2,-0.706698,2.83938,2.04642,-2.1544,-0.797116,1.46196e-18,-2.3676,-0.852855,-0.0525496,-2.25087,-0.83281,0,-2.33265,-0.643153,0.022001
10.27,-1.01816,2.68485,2.65596,-1.02096,2.67269,2.62675,-1.06375,2.80507,2,-0.730023,2.83284,2.04664,-2.14788,-0.814529,0,-2.36459,-0.87454,-0.0514355,-2.24406,-0.851003,0,-2.33238,-0.66533,0.022474
10.2802,-1.04045,2.67629,2.65596,-1.04459,2.66383,2.62624,-1.08704,2.79613,2,-0.753346,2.82607,2.04686,-2.14103,-0.832361,7.3098e-19,-2.36109,-0.895967,-0.0502333,-2.2369,-0.869633,0,-2.3322,-0.687822,0.0225765
10.2903,-1.06137,2.66806,2.65596,-1.06818,2.65477,2.62574,-1.10889,2.78754,2,-0.776666,2.81908,2.04709,-2.13445,-0.849093,0,-2.35695,-0.917028,-0.0488351,-2.23003,-0.887115,0,-2.33191,-0.710514,0.0224175
10.3001,-1.0821,2.65972,2.65596,-1.09173,2.64549,2.62526,-1.13056,2.77882,2,-0.80698,2.80965,2.04738,-2.12777,-0.865684,0,-2.35239,-0.937742,-0.0473305,-2.22305,-0.904449,0,-2.33164,-0.740334,0.0217063
10.31,-1.10312,2.65107,2.65596,-1.11523,2.63601,2.6248,-1.15252,2.76978,2,-0.823301,2.80441,2.04753,-2.12086,-0.882495,0,-2.34721,-0.958111,-0.0456796,-2.21583,-0.922013,0,-2.33143,-0.756526,0.0211042
10.32,-1.12442,2.64211,2.65596,-1.13867,2.62633,2.62435,-1.17477,2.76042,2,-0.846613,2.79673,2.04773,-2.11368,-0.899538,0,-2.34153,-0.978059,-0.0439226,-2.20833,-0.939818,0,-2.33111,-0.77977,0.0199495
10.33,-1.14547,2.63305,2.65596,-1.16206,2.61645,2.62392,-1.19676,2.75096,2,-0.869923,2.78881,2.04792,-2.10644,-0.916372,0,-2.33552,-0.997724,-0.0421141,-2.20077,-0.957407,0,-2.33093,-0.803277,0.0183995
10.3403,-1.16725,2.62347,2.65596,-1.18538,2.60638,2.62351,-1.21952,2.74094,2,-0.893231,2.78066,2.0481,-2.09877,-0.9338,1.46196e-18,-2.3288,-1.01703,-0.040122,-2.19275,-0.975615,0,-2.33048,-0.826953,0.0166008
10.35,-1.18716,2.61452,2.65596,-1.20863,2.59611,2.62312,-1.24032,2.73159,2,-0.916533,2.77227,2.04825,-2.09161,-0.949728,-1.46196e-18,-2.32169,-1.03599,-0.0379809,-2.18528,-0.992256,0,-2.33005,-0.850789,0.014525
10.3601,-1.20835,2.60479,2.65596,-1.23181,2.58566,2.62275,-1.26246,2.72143,2,-0.939831,2.76365,2.04839,-2.08383,-0.966682,-1.46196e-18,-2.31404,-1.05453,-0.0356966,-2.17715,-1.00997,0,-2.32947,-0.874705,0.0121836
10.37,-1.22984,2.59472,2.65596,-1.25491,2.57503,2.6224,-1.28491,2.71091,2,-0.963122,2.75478,2.0485,-2.07577,-0.983869,0,-2.30587,-1.07263,-0.0333086,-2.16873,-1.02793,0,-2.32874,-0.898664,0.0095542
10.38,-1.24962,2.58525,2.65596,-1.27793,2.56421,2.62208,-1.30557,2.70101,2,-0.986406,2.74567,2.04858,-2.0682,-0.999693,0,-2.29732,-1.0903,-0.0308256,-2.16081,-1.04446,0,-2.32798,-0.922648,0.00663958
10.3902,-1.27078,2.57491,2.65596,-1.30086,2.55322,2.62179,-1.32769,2.69021,2,-1.00968,2.73633,2.04863,-2.05993,-1.01663,0,-2.2885,-1.10762,-0.0282621,-2.15217,-1.06215,0,-2.32725,-0.946726,0.00345216
10.4,-1.29069,2.56499,2.65596,-1.33053,2.53868,2.62144,-1.34848,2.67985,2,-1.03295,2.72674,2.04865,-2.05199,-1.03255,0,-2.27657,-1.12957,-0.0248051,-2.14388,-1.07879,0,-2.32653,-0.970798,9.25553e-06
10.4102,-1.3119,2.55421,2.65596,-1.34644,2.53073,2.62127,-1.37064,2.66858,2,-1.05621,2.71691,2.04863,-2.04337,-1.04952,1.46196e-18,-2.26971,-1.14109,-0.0232762,-2.13487,-1.09652,0,-2.32551,-0.994882,-0.00402099
10.42,-1.33159,2.54399,2.65596,-1.37586,2.51576,2.62099,-1.39122,2.65791,2,-1.07946,2.70684,2.04856,-2.0352,-1.06528,0,-2.25636,-1.16218,-0.0210314,-2.12633,-1.11298,0,-2.32416,-1.01905,-0.00886999
10.43,-1.35205,2.53318,2.65596,-1.39837,2.50406,2.62078,-1.4126,2.64662,2,-1.10966,2.69339,2.0484,-2.02654,-1.08164,0,-2.2456,-1.17793,-0.0198349,-2.11729,-1.13008,0,-2.3221,-1.05034,-0.016217
10.4401,-1.37252,2.52215,2.65596,-1.41407,2.49577,2.62065,-1.43398,2.63509,2,-1.12591,2.68598,2.04827,-2.01772,-1.09801,1.46196e-18,-2.23779,-1.18874,-0.0188014,-2.10807,-1.14718,0,-2.32086,-1.06718,-0.0202254
10.45,-1.39219,2.51135,2.65596,-1.43639,2.48381,2.62047,-1.45453,2.6238,2,-1.15607,2.6719,2.04796,-2.00908,-1.11375,0,-2.22613,-1.20397,-0.0171137,-2.09904,-1.16362,0,-2.31813,-1.09865,-0.0276998
10.46,-1.41228,2.5001,2.65596,-1.46522,2.46803,2.62026,-1.47552,2.61205,2,-1.17229,2.66415,2.04776,-2.00008,-1.12983,-1.46196e-18,-2.2105,-1.22353,-0.0146955,-2.08964,-1.18042,0,-2.31657,-1.11567,-0.0317632
10.4701,-1.43267,2.48848,2.65596,-1.48067,2.45943,2.62016,-1.49682,2.59991,2,-1.19544,2.65287,2.04741,-1.99078,-1.14614,1.46196e-18,-2.20184,-1.23384,-0.0136083,-2.07993,-1.19746,0,-2.31418,-1.1399,-0.0378281
10.4799,-1.45188,2.47731,2.65596,-1.50262,2.44702,2.62003,-1.5169,2.58825,2,-1.2255,2.63785,2.04686,-1.98185,-1.16151,0,-2.18888,-1.2483,-0.0121883,-2.0706,-1.21352,0,-2.31023,-1.17128,-0.0462331
10.4903,-1.47296,2.46484,2.65596,-1.52444,2.43447,2.61992,-1.53892,2.57522,2,-1.24166,2.62959,2.04652,-1.97187,-1.17837,1.46196e-18,-2.17517,-1.26243,-0.0112576,-2.06017,-1.23113,0,-2.3076,-1.18803,-0.0512483
10.5002,-1.49191,2.45342,2.65596,-1.54612,2.42177,2.61981,-1.55872,2.56328,2,-1.26472,2.61759,2.04597,-1.96273,-1.19353,1.46196e-18,-2.16108,-1.27638,-0.010393,-2.05062,-1.24697,0,-2.30366,-1.21199,-0.058336
10.51,-1.51093,2.44175,2.65596,-1.56766,2.40894,2.61971,-1.57859,2.55109,2,-1.29463,2.60163,2.04516,-1.9534,-1.20874,-2.92392e-18,-2.14686,-1.29022,-0.00945436,-2.04087,-1.26287,0,-2.29839,-1.24322,-0.0674177
10.52,-1.53056,2.42949,2.65596,-1.59545,2.39205,2.6196,-1.5991,2.53828,2,-1.31071,2.59287,2.04467,-1.94359,-1.22445,1.46196e-18,-2.12827,-1.30825,-0.00784997,-2.03063,-1.27928,0,-2.29554,-1.26018,-0.0721347
10.5301,-1.55028,2.41696,2.65596,-1.61031,2.38286,2.61955,-1.6197,2.52519,2,-1.33365,2.58015,2.04392,-1.93357,-1.24022,0,-2.11828,-1.31789,-0.00644827,-2.02015,-1.29576,0,-2.29154,-1.2845,-0.0782816
10.5405,-1.57077,2.40369,2.65596,-1.63143,2.36961,2.61949,-1.6411,2.51133,2,-1.35654,2.56718,2.0431,-1.92295,-1.25661,0,-2.10375,-1.33144,-0.0043511,-2.00906,-1.31288,0,-2.28736,-1.30875,-0.0841365
10.55,-1.58835,2.39211,2.65596,-1.65239,2.35623,2.61946,-1.65948,2.49923,2,-1.38624,2.54996,2.04196,-1.91369,-1.27068,0,-2.08858,-1.34465,-0.00280098,-1.99938,-1.32758,0,-2.28079,-1.33985,-0.0923458
10.5601,-1.6077,2.37915,2.65596,-1.6732,2.34272,2.61943,-1.67969,2.48569,2,-1.40219,2.54053,2.04129,-1.90332,-1.28616,0,-2.07275,-1.35761,-0.00207783,-1.98855,-1.34375,0,-2.27666,-1.35635,-0.097232
10.57,-1.6266,2.36627,2.65596,-1.68973,2.33182,2.61942,-1.69944,2.47223,2,-1.42038,2.5296,2.04049,-1.89301,-1.30128,-1.46196e-18,-2.06,-1.36789,-0.00118034,-1.97778,-1.35955,0,-2.27195,-1.37522,-0.102295
10.58,-1.64549,2.35317,2.65596,-1.69384,2.32908,2.61942,-1.71917,2.45855,2,-1.42493,2.52685,2.04029,-1.88254,-1.31639,0,-2.05682,-1.37047,-0.000902909,-1.96684,-1.37534,0,-2.27078,-1.37996,-0.103495
10.5902,-1.66459,2.3397,2.65596,-1.71433,2.31531,2.61942,-1.73913,2.44447,2,-1.4476,2.51293,2.03922,-1.87176,-1.33167,0,-2.04115,-1.38325,0.000547476,-1.95557,-1.3913,0,-2.26509,-1.40357,-0.109327
10.6,-1.68296,2.32652,2.65596,-1.71433,2.31531,2.61942,-1.75833,2.4307,2,-1.4476,2.51293,2.03922,-1.86121,-1.34637,0,-2.04115,-1.38325,0.000547476,-1.94456,-1.40666,0,-2.26509,-1.40357,-0.109327
10.61,-1.70201,2.31262,2.65596,-1.72452,2.30838,2.61942,-1.77823,2.41618,2,-1.45892,2.50588,2.03867,-1.8501,-1.36161,0,-2.03331,-1.38957,0.00110097,-1.93294,-1.42258,0,-2.26219,-1.41529,-0.112318
10.62,-1.71989,2.29936,2.65596,-1.74477,2.29442,2.61944,-1.7969,2.40232,2,-1.48152,2.49161,2.03752,-1.83948,-1.37591,1.46196e-18,-2.0176,-1.40225,0.00262613,-1.92185,-1.43752,0,-2.25627,-1.43879,-0.117732
10.63,-1.73812,2.28561,2.65596,-1.78481,2.26612,2.61953,-1.81595,2.38796,2,-1.52652,2.46237,2.03507,-1.82849,-1.39049,0,-1.98583,-1.42796,0.00620034,-1.91036,-1.45276,0,-2.24349,-1.48552,-0.126997
10.64,-1.75625,2.2717,2.65596,-1.80459,2.25177,2.6196,-1.83489,2.37343,2,-1.54892,2.4474,2.03378,-1.81736,-1.405,0,-1.96998,-1.44123,0.00821463,-1.89874,-1.46791,0,-2.23675,-1.50889,-0.130808
10.6503,-1.77493,2.25714,2.65596,-1.85338,2.21529,2.61997,-1.85441,2.35821,2,-1.60466,2.40891,2.03051,-1.80571,-1.41994,-1.46196e-18,-1.93415,-1.47771,0.023601,-1.88657,-1.48353,0,-2.22349,-1.57014,-0.128844
10.6605,-1.79373,2.24222,2.65596,-1.87266,2.20044,2.62026,-1.87406,2.34263,2,-1.63354,2.38828,2.02889,-1.79378,-1.43499,1.46196e-18,-1.922,-1.49463,0.0359648,-1.8741,-1.49924,0,-2.21937,-1.60461,-0.11821
10.6705,-1.81198,2.22751,2.65596,-1.89182,2.1854,2.62068,-1.89312,2.32725,2,-1.64906,2.37699,2.02807,-1.78201,-1.44958,1.46196e-18,-1.90926,-1.51149,0.0451464,-1.8618,-1.51449,0,-2.21532,-1.62194,-0.115935
10.6802,-1.82893,2.21361,2.65596,-1.91083,2.17022,2.62111,-1.91083,2.31273,2,-1.67116,2.36066,2.02688,-1.77089,-1.46315,-1.46196e-18,-1.8921,-1.52492,0.0399007,-1.85019,-1.52866,0,-2.20456,-1.64277,-0.12389
10.6902,-1.84697,2.19858,2.65596,-1.92966,2.15491,2.62146,-1.92968,2.29703,2,-1.69315,2.34414,2.02558,-1.75886,-1.47758,0,-1.87351,-1.537,0.0306642,-1.83762,-1.54374,0,-2.19198,-1.66223,-0.135506
10.7002,-1.86404,2.18412,2.65596,-1.94831,2.13947,2.62177,-1.94751,2.28193,2,-1.72157,2.32234,2.02381,-1.7473,-1.49123,0,-1.85857,-1.5513,0.0341723,-1.82554,-1.55801,0,-2.18275,-1.69337,-0.130661
10.7102,-1.88144,2.16915,2.65596,-1.9724,2.11915,2.62242,-1.96569,2.26629,2,-1.73685,2.31041,2.02296,-1.73532,-1.50515,0,-1.84875,-1.57601,0.0722127,-1.81303,-1.57255,0,-2.18324,-1.71461,-0.112643
10.72,-1.89847,2.15427,2.65596,-1.98532,2.10807,2.62301,-1.98348,2.25073,2,-1.75869,2.2931,2.022,-1.72341,-1.51878,2.92392e-18,-1.84348,-1.58921,0.0937151,-1.80059,-1.58679,0,-2.18464,-1.74566,-0.0830959
10.73,-1.91568,2.13897,2.65596,-2.00918,2.08728,2.62434,-2.00147,2.23476,2,-1.78051,2.27552,2.02122,-1.71118,-1.53255,1.46196e-18,-1.82577,-1.60811,0.108848,-1.78781,-1.60117,0,-2.17791,-1.77024,-0.0727283
10.7401,-1.93293,2.1234,2.65596,-2.02192,2.07599,2.62512,-2.01949,2.21848,2,-1.80224,2.25771,2.02052,-1.69872,-1.54635,1.46196e-18,-1.81495,-1.61725,0.112756,-1.77478,-1.61559,0,-2.16825,-1.79252,-0.0682891
10.75,-1.94963,2.10808,2.65596,-2.03999,2.05976,2.62626,-2.03693,2.20248,2,-1.82387,2.23968,2.01984,-1.68646,-1.5597,0,-1.79819,-1.62926,0.113593,-1.76198,-1.62955,0,-2.15634,-1.81304,-0.0685741
10.7604,-1.96679,2.09208,2.65596,-2.0632,2.03849,2.62768,-2.05486,2.18576,2,-1.84536,2.22146,2.01912,-1.67366,-1.57343,1.46196e-18,-1.77314,-1.64232,0.103242,-1.74861,-1.64389,0,-2.14117,-1.83083,-0.0764489
10.7702,-1.98316,2.07657,2.65596,-2.07557,2.02697,2.62838,-2.07197,2.16955,2,-1.86669,2.20306,2.01831,-1.66125,-1.58653,0,-1.75964,-1.64918,0.0968608,-1.73564,-1.65757,0,-2.12526,-1.84793,-0.085692
10.7801,-2.0005,2.05986,2.65596,-2.09307,2.01043,2.6293,-2.09008,2.1521,2,-1.88786,2.1845,2.01741,-1.64789,-1.6004,0,-1.74068,-1.65896,0.0881399,-1.72168,-1.67207,0,-2.10932,-1.86491,-0.094077
10.7901,-2.01672,2.04398,2.65596,-2.11038,1.99379,2.63014,-2.10703,2.13551,2,-1.90887,2.16576,2.01643,-1.63519,-1.61338,0,-1.72195,-1.66882,0.0799839,-1.70841,-1.68563,0,-2.09312,-1.88182,-0.101573
10.8001,-2.03227,2.02852,2.65596,-2.12751,1.97705,2.6309,-2.12328,2.11936,2,-1.92972,2.14686,2.01538,-1.62282,-1.62582,0,-1.70368,-1.67879,0.0727372,-1.69549,-1.69862,0,-2.07688,-1.89863,-0.10783
10.8101,-2.04845,2.01218,2.65596,-2.14446,1.96022,2.6316,-2.14018,2.10229,2,-1.95041,2.12779,2.01428,-1.60975,-1.63876,-1.46196e-18,-1.68578,-1.68882,0.0662083,-1.68183,-1.71215,0,-2.06049,-1.91525,-0.113044
10.8202,-2.06482,1.99539,2.65596,-2.16123,1.94328,2.63223,-2.15728,2.08474,2,-1.97093,2.10856,2.01313,-1.59631,-1.65186,2.92392e-18,-1.66811,-1.69887,0.0603508,-1.66779,-1.72582,0,-2.04381,-1.93165,-0.117271
10.8303,-2.08115,1.97835,2.65596,-2.17782,1.92624,2.63281,-2.17434,2.06694,2,-1.99129,2.08916,2.01194,-1.58268,-1.66492,0,-1.65071,-1.70896,0.0549912,-1.65355,-1.73948,0,-2.02687,-1.94779,-0.120694
10.84,-2.09645,1.96213,2.65596,-2.19424,1.9091,2.63333,-2.19032,2.04999,2,-2.01147,2.0696,2.01071,-1.56971,-1.67716,0,-1.6333,-1.7191,0.0500544,-1.64,-1.75226,0,-2.0094,-1.96365,-0.123394
10.85,-2.11165,1.94577,2.65596,-2.21049,1.89186,2.63381,-2.2062,2.0329,2,-2.03147,2.04989,2.00947,-1.55661,-1.68932,-1.46196e-18,-1.61613,-1.72927,0.0454455,-1.62632,-1.76496,0,-1.99163,-1.97919,-0.125477
10.8601,-2.12761,1.9283,2.65596,-2.22656,1.87451,2.63424,-2.22288,2.01465,2,-2.0513,2.03002,2.00821,-1.54264,-1.70209,1.46196e-18,-1.59916,-1.73942,0.041091,-1.61172,-1.77831,0,-1.97353,-1.9943,-0.127027
10.8702,-2.14274,1.91147,2.65596,-2.24247,1.85707,2.63463,-2.23869,1.99707,2,-2.0768,2.00397,2.00655,-1.52918,-1.71419,0,-1.58235,-1.74959,0.0369755,-1.59765,-1.79095,0,-1.9494,-2.01336,-0.128297
10.8801,-2.15791,1.89433,2.65596,-2.25821,1.83952,2.63498,-2.25454,1.97916,2,-2.0962,1.98376,2.00526,-1.51546,-1.72633,-1.46196e-18,-1.56556,-1.75981,0.0330737,-1.58333,-1.80363,0,-1.93037,-2.02753,-0.128785
10.8902,-2.17336,1.87658,2.65596,-2.27378,1.82187,2.63529,-2.27069,1.96061,2,-2.10966,1.96954,2.00436,-1.50126,-1.73869,-1.46196e-18,-1.54906,-1.77003,0.0292758,-1.56849,-1.81655,0,-1.91694,-2.03719,-0.128945
10.9002,-2.18805,1.85944,2.65596,-2.28919,1.80412,2.63557,-2.28603,1.9427,2,-2.12874,1.9491,2.00307,-1.48755,-1.75044,0,-1.53275,-1.78028,0.0255937,-1.55416,-1.82882,0,-1.89748,-2.05058,-0.128891
10.91,-2.20324,1.8414,2.65596,-2.30444,1.78627,2.63581,-2.3019,1.92386,2,-2.14761,1.92853,2.00178,-1.47312,-1.76259,0,-1.51637,-1.79071,0.0220283,-1.53909,-1.84152,0,-1.87751,-2.06361,-0.128531
10.92,-2.21717,1.82461,2.65596,-2.31952,1.76831,2.63601,-2.31645,1.90632,2,-2.16629,1.90783,2.0005,-1.45969,-1.77374,0,-1.50012,-1.8012,0.018558,-1.52505,-1.85316,0,-1.85725,-2.07613,-0.127912
10.93,-2.2319,1.80657,2.65596,-2.33444,1.75024,2.63618,-2.33184,1.88747,2,-2.18476,1.88701,1.99922,-1.44525,-1.78552,0,-1.48402,-1.81173,0.0151118,-1.50997,-1.86547,0,-1.83677,-2.08809,-0.127123
10.9403,-2.24644,1.78844,2.65596,-2.3492,1.73207,2.63631,-2.34704,1.86853,2,-2.20302,1.86607,1.99796,-1.43076,-1.79716,0,-1.46785,-1.82257,0.0116816,-1.49482,-1.87763,0,-1.81587,-2.09974,-0.126192
10.95,-2.26035,1.77084,2.65596,-2.3638,1.71379,2.63641,-2.36157,1.85013,2,-2.22107,1.84501,1.9967,-1.41667,-1.80828,0,-1.45132,-1.83363,0.008447,-1.48011,-1.88925,0,-1.79435,-2.11091,-0.124965
10.9601,-2.27498,1.752,2.65596,-2.37823,1.6954,2.63648,-2.37686,1.83045,2,-2.23891,1.82385,1.99546,-1.4016,-1.81999,0,-1.43445,-1.84494,0.00544801,-1.46436,-1.90149,0,-1.77228,-2.12162,-0.123418
10.9701,-2.28842,1.7344,2.65596,-2.39249,1.67689,2.63652,-2.3909,1.81207,2,-2.25652,1.80258,1.99423,-1.38752,-1.83074,1.46196e-18,-1.41732,-1.85653,0.00234511,-1.44966,-1.91272,0,-1.74978,-2.13183,-0.121908
10.9801,-2.30237,1.71585,2.65596,-2.40657,1.65827,2.63653,-2.40547,1.79269,2,-2.2739,1.78122,1.99302,-1.37268,-1.84189,0,-1.39981,-1.86836,-0.0010512,-1.43415,-1.92437,0,-1.72685,-2.14139,-0.120643
10.9901,-2.31612,1.69724,2.65596,-2.42048,1.63952,2.6365,-2.41984,1.77324,2,-2.29105,1.75976,1.99182,-1.35779,-1.8529,-1.46196e-18,-1.38196,-1.88078,-0.00450979,-1.41859,-1.93587,0,-1.7037,-2.15053,-0.119413
11,-2.3293,1.67911,2.65596,-2.43421,1.62065,2.63644,-2.4336,1.7543,2,-2.313,1.73173,1.99028,-1.34329,-1.86344,-1.46196e-18,-1.36357,-1.89393,-0.00773498,-1.40344,-1.94688,0,-1.6731,-2.16188,-0.117376
11.0102,-2.3435,1.65923,2.65596,-2.44775,1.60164,2.63635,-2.44844,1.73353,2,-2.32466,1.71657,1.98946,-1.32738,-1.8748,1.46196e-18,-1.34475,-1.90799,-0.0106656,-1.38682,-1.95876,0,-1.65652,-2.16777,-0.116146
11.0202,-2.35615,1.64123,2.65596,-2.4611,1.58249,2.63623,-2.46165,1.71472,2,-2.3411,1.69485,1.98831,-1.31298,-1.88492,0,-1.32539,-1.92308,-0.0130251,-1.37178,-1.96932,0,-1.6327,-2.17595,-0.113796
11.03,-2.36901,1.62261,2.65596,-2.47556,1.56123,2.63607,-2.47509,1.69527,2,-2.35892,1.67087,1.98708,-1.29809,-1.89521,1.46196e-18,-1.30334,-1.94083,-0.014766,-1.35621,-1.98007,0,-1.60626,-2.18448,-0.110368
11.0401,-2.38193,1.60357,2.65596,-2.48849,1.54174,2.63592,-2.48859,1.67538,2,-2.37486,1.64899,1.98599,-1.28286,-1.90555,0,-1.28258,-1.95799,-0.0161072,-1.3403,-1.99088,0,-1.58187,-2.19176,-0.10701
11.0499,-2.39448,1.58478,2.65596,-2.50121,1.52207,2.63575,-2.5017,1.65575,2,-2.39055,1.62704,1.98494,-1.26782,-1.91558,-1.46196e-18,-1.26158,-1.97616,-0.0177756,-1.3246,-2.00136,0,-1.55741,-2.19866,-0.10396
11.06,-2.40713,1.5655,2.65596,-2.51372,1.50221,2.63556,-2.51492,1.6356,2,-2.40601,1.60502,1.98391,-1.2524,-1.9257,-1.46196e-18,-1.24039,-1.99557,-0.019561,-1.30848,-2.01193,0,-1.53274,-2.20519,-0.100956
11.07,-2.41972,1.54596,2.65596,-2.52602,1.48216,2.63536,-2.52808,1.61519,2,-2.42121,1.58293,1.98292,-1.23677,-1.93578,0,-1.21926,-2.01646,-0.0212432,-1.29215,-2.02246,0,-1.50791,-2.21146,-0.0977327
11.08,-2.432,1.52657,2.65596,-2.53811,1.46188,2.63514,-2.54091,1.59492,2,-2.43616,1.56079,1.98196,-1.22125,-1.9456,1.46196e-18,-1.19817,-2.03884,-0.0228235,-1.27594,-2.03273,0,-1.48269,-2.21747,-0.0942794
11.09,-2.44422,1.50692,2.65596,-2.54999,1.44137,2.6349,-2.55367,1.5744,2,-2.45086,1.53858,1.98104,-1.20554,-1.95538,0,-1.17748,-2.06272,-0.024366,-1.25952,-2.04294,0,-1.45721,-2.22334,-0.0906497
11.1,-2.45613,1.48744,2.65596,-2.56166,1.42062,2.63465,-2.56611,1.55405,2,-2.46531,1.51632,1.98015,-1.18995,-1.9649,1.46196e-18,-1.15732,-2.08808,-0.0260248,-1.24324,-2.05289,0,-1.43141,-2.229,-0.0869809
11.11,-2.46797,1.46772,2.65596,-2.57314,1.39961,2.63438,-2.57848,1.53344,2,-2.47949,1.494,1.9793,-1.17417,-1.97437,1.46196e-18,-1.13821,-2.11498,-0.0278504,-1.22675,-2.06278,0,-1.40559,-2.23456,-0.0833028
11.1202,-2.47978,1.44767,2.65596,-2.58443,1.37832,2.63409,-2.59082,1.5125,2,-2.49342,1.47163,1.97848,-1.15814,-1.98382,0,-1.12037,-2.14324,-0.0299869,-1.21,-2.07266,0,-1.37963,-2.23997,-0.0797445
11.13,-2.49121,1.42792,2.65596,-2.59555,1.35674,2.63378,-2.60276,1.49186,2,-2.50708,1.4492,1.9777,-1.14233,-1.99296,-1.46196e-18,-1.10412,-2.17272,-0.0326025,-1.19349,-2.08221,0,-1.35348,-2.24528,-0.0764522
11.1401,-2.50278,1.40754,2.65596,-2.60543,1.33706,2.63347,-2.61485,1.47056,2,-2.51916,1.42898,1.97702,-1.12603,-2.00222,-1.46196e-18,-1.09105,-2.19995,-0.0357022,-1.17645,-2.09188,0,-1.32971,-2.24985,-0.0740522
11.15,-2.51379,1.38777,2.65596,-2.61411,1.31936,2.63318,-2.62635,1.44992,2,-2.53232,1.40645,1.97629,-1.11022,-2.01103,0,-1.08077,-2.22445,-0.0391351,-1.15993,-2.10108,0,-1.30297,-2.25467,-0.0721069
11.16,-2.52474,1.36775,2.65596,-2.627,1.29245,2.63267,-2.6378,1.42899,2,-2.54522,1.38388,1.97558,-1.0942,-2.01979,1.46196e-18,-1.06832,-2.2616,-0.0451032,-1.14319,-2.11024,0,-1.27607,-2.25937,-0.0706512
11.17,-2.53548,1.34774,2.65596,-2.63765,1.26968,2.63219,-2.64901,1.4081,2,-2.55784,1.36127,1.97488,-1.0782,-2.02838,-1.46196e-18,-1.06054,-2.29243,-0.0510271,-1.12648,-2.11921,0,-1.24875,-2.26387,-0.0698982
11.18,-2.54629,1.32719,2.65596,-2.64717,1.24892,2.63171,-2.66031,1.38663,2,-2.56897,1.34087,1.97425,-1.06176,-2.03703,1.46196e-18,-1.05604,-2.32014,-0.0564617,-1.1093,-2.12825,0,-1.22395,-2.26789,-0.0691249
11.19,-2.55676,1.30692,2.65596,-2.65772,1.22557,2.63111,-2.67125,1.36545,2,-2.58107,1.31817,1.97357,-1.04554,-2.0454,1.46196e-18,-1.05432,-2.35049,-0.0625481,-1.09236,-2.137,0,-1.19631,-2.27244,-0.0681079
11.2003,-2.56771,1.28527,2.65596,-2.66827,1.20191,2.63046,-2.68269,1.34283,2,-2.59289,1.29543,1.97289,-1.02822,-2.05417,0,-1.05615,-2.37945,-0.0687857,-1.07426,-2.14615,0,-1.16845,-2.27704,-0.0670946
11.21,-2.57724,1.26605,2.65596,-2.67886,1.17798,2.62975,-2.69265,1.32274,2,-2.60444,1.27263,1.97224,-1.01284,-2.06179,0,-1.06458,-2.40868,-0.0691808,-1.05819,-2.15412,0,-1.14121,-2.28277,-0.0597285
11.22,-2.58736,1.24524,2.65596,-2.6896,1.15373,2.62914,-2.70322,1.30101,2,-2.61573,1.24976,1.97177,-0.996196,-2.06989,0,-1.08224,-2.43993,-0.0553027,-1.0408,-2.16257,0,-1.11591,-2.29095,-0.0373227
11.2301,-2.59738,1.22419,2.65596,-2.69828,1.13414,2.62869,-2.71369,1.27901,2,-2.62457,1.23141,1.97148,-0.979353,-2.07791,1.46196e-18,-1.08692,-2.45652,-0.0582905,-1.02321,-2.17095,0,-1.0942,-2.29543,-0.0352642
11.2399,-2.60696,1.20366,2.65596,-2.71136,1.10451,2.62805,-2.7237,1.25755,2,-2.63538,1.20842,1.97119,-0.962924,-2.08557,1.46196e-18,-1.09411,-2.48158,-0.0420104,-1.00604,-2.17896,0,-1.06889,-2.30343,-0.0182327
11.25,-2.61655,1.18267,2.65596,-2.72232,1.07959,2.62781,-2.73372,1.23563,2,-2.64804,1.1807,1.97125,-0.946136,-2.09324,0,-1.09645,-2.50347,-0.00087463,-0.988503,-2.18698,0,-1.04229,-2.31847,0.0337418
11.26,-2.62627,1.16093,2.65596,-2.73326,1.05445,2.62812,-2.74387,1.21292,2,-2.65837,1.15743,1.97191,-0.928747,-2.10101,-1.46196e-18,-1.08711,-2.52446,0.0655519,-0.970336,-2.1951,0,-1.02322,-2.33541,0.102513
11.27,-2.63527,1.14036,2.65596,-2.74187,1.03419,2.62888,-2.75327,1.19143,2,-2.6665,1.13869,1.97297,-0.91229,-2.10821,1.46196e-18,-1.06511,-2.53728,0.121757,-0.953141,-2.20262,0,-1.00815,-2.34932,0.158247
11.28,-2.64433,1.11918,2.65596,-2.75232,1.00878,2.63036,-2.76274,1.1693,2,-2.67844,1.11039,1.97522,-0.895346,-2.11546,0,-1.02271,-2.54531,0.171137,-0.935439,-2.21019,0,-0.982723,-2.36601,0.211295
11.29,-2.65406,1.09592,2.65596,-2.76426,0.978223,2.63262,-2.7729,1.14499,2,-2.68815,1.08668,1.97744,-0.876734,-2.12324,0,-0.967862,-2.54537,0.201659,-0.915994,-2.21832,0,-0.958786,-2.37627,0.230706
11.3001,-2.662,1.07649,2.65596,-2.77373,0.952789,2.63474,-2.7812,1.12469,2,-2.69762,1.06287,1.97983,-0.86119,-2.1296,1.46196e-18,-0.926431,-2.54103,0.224707,-0.899753,-2.22496,0,-0.934998,-2.3866,0.249668
11.31,-2.67025,1.05585,2.65596,-2.78281,0.927408,2.63715,-2.78982,1.10313,2,-2.70686,1.03894,1.98247,-0.844676,-2.1362,-1.46196e-18,-0.890728,-2.53494,0.25879,-0.8825,-2.23186,0,-0.912786,-2.39903,0.279385
11.32,-2.67858,1.03452,2.65596,-2.79156,0.902097,2.63995,-2.79853,1.08085,2,-2.71588,1.01488,1.98544,-0.827619,-2.14287,-7.3098e-19,-0.859519,-2.52657,0.299215,-0.86468,-2.23882,0,-0.891324,-2.41273,0.315154
11.33,-2.68683,1.01291,2.65596,-2.8,0.876889,2.64306,-2.80715,1.05827,2,-2.72468,0.990698,1.9887,-0.810326,-2.14947,0,-0.828365,-2.5146,0.320497,-0.846612,-2.24572,0,-0.867558,-2.42338,0.331851
11.34,-2.69494,0.991145,2.65596,-2.80812,0.851815,2.6463,-2.81561,1.03553,2,-2.73322,0.966424,1.99202,-0.792916,-2.15595,-1.46196e-18,-0.79555,-2.49982,0.32443,-0.828423,-2.25249,0,-0.841573,-2.43107,0.331205
11.35,-2.70278,0.969559,2.65596,-2.81591,0.8269,2.64953,-2.82381,1.01298,2,-2.7415,0.942081,1.9953,-0.775647,-2.16222,1.46196e-18,-0.762682,-2.48284,0.321023,-0.81038,-2.25904,0,-0.814884,-2.43736,0.323093
11.3604,-2.71074,0.947059,2.65596,-2.82043,0.812035,2.65144,-2.83213,0.989468,2,-2.74635,0.927446,1.99722,-0.757647,-2.16859,-7.3098e-19,-0.743351,-2.47202,0.315872,-0.791574,-2.2657,0,-0.798682,-2.44065,0.315139
11.3702,-2.71803,0.925948,2.65596,-2.8277,0.78741,2.65455,-2.83974,0.967411,2,-2.7542,0.903014,2.00029,-0.740758,-2.17442,0,-0.711735,-2.45287,0.305539,-0.773929,-2.27179,0,-0.771487,-2.44592,0.300054
11.3802,-2.72532,0.904258,2.65596,-2.83467,0.762982,2.65755,-2.84736,0.94475,2,-2.764,0.871173,2.00406,-0.723406,-2.18026,7.3098e-19,-0.68109,-2.43238,0.293839,-0.7558,-2.27789,0,-0.735978,-2.45255,0.278357
11.3902,-2.73258,0.882065,2.65596,-2.84133,0.738766,2.66042,-2.85495,0.921564,2,-2.76908,0.853993,2.00596,-0.705652,-2.18607,-7.3098e-19,-0.651686,-2.41074,0.281171,-0.737251,-2.28396,0,-0.716844,-2.45602,0.266005
11.4001,-2.73947,0.860434,2.65596,-2.84956,0.707618,2.66397,-2.86214,0.898964,2,-2.77611,0.829409,2.00853,-0.688347,-2.19158,7.3098e-19,-0.615372,-2.38104,0.26411,-0.719171,-2.28971,0,-0.689429,-2.46085,0.248118
11.4102,-2.74639,0.838077,2.65596,-2.8538,0.691008,2.66579,-2.86938,0.875605,2,-2.78287,0.804777,2.01092,-0.670461,-2.19711,0,-0.596836,-2.36441,0.254804,-0.700484,-2.2955,0,-0.662044,-2.46554,0.230172
11.4201,-2.75301,0.816088,2.65596,-2.85965,0.667486,2.66827,-2.87629,0.852632,2,-2.78935,0.780099,2.01314,-0.652871,-2.20241,0,-0.571642,-2.34,0.241553,-0.682106,-2.30103,0,-0.634699,-2.46998,0.212446
11.4303,-2.75951,0.793819,2.65596,-2.86524,0.64421,2.67062,-2.88308,0.829365,2,-2.79556,0.755378,2.01517,-0.635055,-2.20761,0,-0.548058,-2.31516,0.228327,-0.663492,-2.30646,0,-0.607437,-2.47429,0.195026
11.4404,-2.76582,0.771549,2.65596,-2.87061,0.621184,2.67284,-2.88967,0.806099,2,-2.80323,0.723177,2.01757,-0.617239,-2.21266,0,-0.5263,-2.29003,0.215375,-0.644879,-2.31174,0,-0.572313,-2.47959,0.173359
11.45,-2.77181,0.749763,2.65596,-2.87577,0.598409,2.67493,-2.89593,0.783337,2,-2.80717,0.70581,2.01874,-0.59981,-2.21744,-7.3098e-19,-0.506269,-2.26491,0.202692,-0.62667,-2.31674,0,-0.553513,-2.48236,0.162161
11.4601,-2.77768,0.7277,2.65596,-2.88074,0.575884,2.67689,-2.90206,0.760285,2,-2.81257,0.680967,2.02029,-0.58216,-2.22214,7.3098e-19,-0.488053,-2.24017,0.190152,-0.608228,-2.32165,0,-0.526862,-2.48622,0.146746
11.47,-2.78327,0.70603,2.65596,-2.88554,0.553605,2.67873,-2.9079,0.737645,2,-2.81771,0.656087,2.02168,-0.564824,-2.22661,7.3098e-19,-0.471485,-2.21591,0.177723,-0.590116,-2.32632,0,-0.500343,-2.48979,0.132026
11.4803,-2.78916,0.682373,2.65596,-2.89018,0.531564,2.68044,-2.91406,0.712929,2,-2.82258,0.631172,2.02293,-0.545899,-2.23133,7.3098e-19,-0.456746,-2.19248,0.165328,-0.570344,-2.33125,0,-0.474224,-2.49316,0.11798
11.4901,-2.7945,0.660179,2.65596,-2.89468,0.509752,2.68204,-2.91963,0.689742,2,-2.82719,0.606224,2.02404,-0.528143,-2.2356,-7.3098e-19,-0.443544,-2.17011,0.152974,-0.551793,-2.33571,0,-0.448312,-2.49633,0.104657
11.5003,-2.79953,0.638483,2.65596,-2.89906,0.488157,2.6835,-2.9249,0.667074,2,-2.83155,0.581246,2.02502,-0.510786,-2.23963,-7.3098e-19,-0.431634,-2.14897,0.140575,-0.533659,-2.33992,0,-0.422491,-2.49919,0.0920013
11.5103,-2.80464,0.615655,2.65596,-2.90332,0.466768,2.68485,-2.93023,0.643223,2,-2.83564,0.556242,2.02588,-0.492524,-2.24371,-7.3098e-19,-0.420921,-2.1292,0.12795,-0.514579,-2.34419,0,-0.396842,-2.50163,0.0798535
11.5201,-2.80934,0.59387,2.65596,-2.90748,0.445568,2.68606,-2.93514,0.620464,2,-2.83949,0.531214,2.02662,-0.475096,-2.24747,0,-0.41141,-2.11113,0.115124,-0.496371,-2.34811,0,-0.371526,-2.5038,0.0682376
11.5301,-2.814,0.571384,2.65596,-2.91155,0.42454,2.68715,-2.94,0.59697,2,-2.84308,0.506167,2.02725,-0.457107,-2.2512,-7.3098e-19,-0.402923,-2.09474,0.10204,-0.477576,-2.352,0,-0.346539,-2.5055,0.0570811
11.5402,-2.81849,0.548792,2.65596,-2.91554,0.403666,2.6881,-2.9447,0.573366,2,-2.84642,0.481105,2.02777,-0.439033,-2.25479,0,-0.395472,-2.08023,0.0888519,-0.458693,-2.35576,0,-0.322045,-2.50687,0.0465058
11.5501,-2.82274,0.526502,2.65596,-2.91946,0.382929,2.68893,-2.94914,0.550079,2,-2.84952,0.456032,2.02818,-0.421202,-2.25819,-7.3098e-19,-0.388681,-2.06748,0.0756996,-0.440063,-2.35931,0,-0.297838,-2.5077,0.0366112
11.56,-2.82684,0.503982,2.65596,-2.92332,0.36231,2.68962,-2.95343,0.52655,2,-2.85238,0.430952,2.0285,-0.403186,-2.26148,0,-0.382597,-2.05666,0.062679,-0.42124,-2.36274,0,-0.274144,-2.50811,0.0274433
11.5701,-2.8308,0.481296,2.65596,-2.92712,0.34179,2.69018,-2.95756,0.502848,2,-2.85575,0.398348,2.02879,-0.385037,-2.26464,3.6549e-19,-0.377079,-2.04773,0.0500132,-0.402278,-2.36605,0,-0.244128,-2.50786,0.0168777
11.5802,-2.83461,0.458267,2.65596,-2.93086,0.32135,2.69062,-2.96155,0.478788,2,-2.85807,0.373273,2.02892,-0.366614,-2.26769,0,-0.371878,-2.04064,0.0377662,-0.383031,-2.36924,0,-0.221543,-2.50698,0.00975331
11.5903,-2.8382,0.435505,2.65596,-2.93455,0.300971,2.69094,-2.96529,0.455007,2,-2.85957,0.355727,2.02898,-0.348404,-2.27056,3.6549e-19,-0.366794,-2.0355,0.0259355,-0.364005,-2.37224,0,-0.206012,-2.50607,0.00522325
11.6001,-2.84152,0.413315,2.65596,-2.9382,0.280633,2.69114,-2.96876,0.431823,2,-2.86152,0.330675,2.029,-0.330652,-2.27321,-3.6549e-19,-0.361565,-2.03219,0.0145279,-0.345458,-2.37501,0,-0.184141,-2.50421,-0.000599356
11.6102,-2.84474,0.390523,2.65596,-2.94178,0.260321,2.69123,-2.97213,0.408011,2,-2.86325,0.305645,2.02897,-0.312419,-2.27579,3.6549e-19,-0.355931,-2.03054,0.0034829,-0.326408,-2.3777,0,-0.162612,-2.50156,-0.00582925
11.62,-2.84772,0.368183,2.65596,-2.94531,0.240016,2.69121,-2.97524,0.38467,2,-2.86477,0.280646,2.02888,-0.294546,-2.27817,0,-0.34993,-2.0307,-0.00707391,-0.307736,-2.38019,0,-0.141618,-2.49832,-0.0104286
11.6303,-2.85066,0.344683,2.65596,-2.94878,0.219701,2.69109,-2.97831,0.360118,2,-2.86609,0.255681,2.02876,-0.275746,-2.28053,0,-0.343232,-2.03257,-0.017245,-0.288094,-2.38265,0,-0.120995,-2.49449,-0.0145908
11.6401,-2.85329,0.322153,2.65596,-2.95218,0.199359,2.69087,-2.98106,0.336579,2,-2.86749,0.223289,2.02854,-0.257722,-2.28263,-3.6549e-19,-0.335806,-2.03618,-0.0268758,-0.269263,-2.38485,0,-0.0948622,-2.48874,-0.0192347
11.65,-2.85575,0.299545,2.65596,-2.95549,0.178973,2.69056,-2.98363,0.312958,2,-2.86811,0.20588,2.0284,-0.239636,-2.2846,3.6549e-19,-0.327435,-2.04131,-0.0359627,-0.250367,-2.38691,0,-0.0810633,-2.48522,-0.021487
11.66,-2.85805,0.276813,2.65596,-2.95872,0.158528,2.69016,-2.98603,0.289208,2,-2.86882,0.181055,2.02817,-0.22145,-2.28644,0,-0.318128,-2.04783,-0.0444491,-0.231367,-2.38882,0,-0.0617646,-2.47969,-0.0243291
11.6702,-2.8602,0.253611,2.65596,-2.96277,0.13184,2.68951,-2.98828,0.264967,2,-2.86934,0.156288,2.02791,-0.202889,-2.28816,0,-0.304552,-2.05838,-0.0543738,-0.211974,-2.39062,0,-0.0429948,-2.47372,-0.0267436
11.68,-2.86213,0.230724,2.65596,-2.96487,0.117409,2.68911,-2.9903,0.241056,2,-2.86968,0.131583,2.02763,-0.18458,-2.28971,-1.82745e-19,-0.296381,-2.06479,-0.0592602,-0.192845,-2.39224,0,-0.0246258,-2.46714,-0.028773
11.6902,-2.86395,0.207005,2.65596,-2.96862,0.0904837,2.68829,-2.99219,0.216274,2,-2.86984,0.106947,2.02734,-0.165604,-2.29116,0,-0.279653,-2.07784,-0.0674331,-0.173019,-2.39376,0,-0.00666599,-2.45999,-0.030596
11.7004,-2.8655,0.18428,2.65596,-2.97054,0.0759125,2.6878,-2.99382,0.192532,2,-2.86982,0.0823847,2.02702,-0.147424,-2.2924,0,-0.269791,-2.08544,-0.0712595,-0.154025,-2.39505,0,0.0108033,-2.45231,-0.0320794
11.7101,-2.86685,0.161984,2.65596,-2.97317,0.055001,2.68707,-2.99522,0.169238,2,-2.86962,0.0579019,2.0267,-0.129588,-2.29348,0,-0.254686,-2.09698,-0.0760624,-0.13539,-2.39618,0,0.0277333,-2.44418,-0.0333046
11.7201,-2.86806,0.138803,2.65596,-2.97563,0.0339706,2.68628,-2.99649,0.145019,2,-2.86926,0.0335022,2.02636,-0.111043,-2.29445,0,-0.238493,-2.10918,-0.0802238,-0.116015,-2.39719,0,0.0440296,-2.43571,-0.0344531
11.73,-2.86907,0.11625,2.65596,-2.97793,0.012816,2.68546,-2.99754,0.121455,2,-2.86874,0.00918937,2.02601,-0.0929997,-2.29525,0,-0.221263,-2.12176,-0.0839146,-0.0971642,-2.39803,0,0.0596326,-2.42677,-0.0357278
11.7402,-2.86991,0.0929708,2.65596,-2.98006,-0.00846582,2.68461,-2.99843,0.0971339,2,-2.86807,-0.015032,2.02564,-0.0743766,-2.29593,0,-0.202997,-2.13462,-0.0870861,-0.0777072,-2.39874,0,0.074601,-2.41744,-0.0370933
11.7503,-2.87058,0.0692335,2.65596,-2.98199,-0.029877,2.68372,-2.99913,0.0723337,2,-2.86725,-0.0391582,2.02527,-0.0553868,-2.29647,-9.13725e-20,-0.183652,-2.14762,-0.0895927,-0.057867,-2.3993,0,0.0889981,-2.40774,-0.0384169
11.7602,-2.87103,0.0472039,2.65596,-2.98373,-0.0514185,2.68282,-2.99959,0.0493176,2,-2.86629,-0.0631857,2.02488,-0.0377631,-2.29683,-4.56862e-20,-0.163235,-2.16067,-0.0912722,-0.0394541,-2.39968,0,0.102831,-2.3977,-0.0395448
11.7702,-2.87132,0.0241194,2.65596,-2.98525,-0.0730896,2.6819,-2.99989,0.0251995,2,-2.8652,-0.0871108,2.02447,-0.0192955,-2.29705,0,-0.141649,-2.17352,-0.0923892,-0.0201596,-2.39992,0,0.116255,-2.38727,-0.0407346
11.7801,-2.87142,0.00122707,2.65596,-2.98656,-0.0948885,2.68097,-3,0.00128202,2,-2.86358,-0.118056,2.02393,-0.00098166,-2.29714,1.4277e-21,-0.119218,-2.18622,-0.093022,-0.00102562,-2.4,0,0.132729,-2.37342,-0.042423
11.7901,-2.87134,-0.0220026,2.65596,-2.98763,-0.116813,2.68004,-2.99991,-0.0229879,2,-2.86262,-0.134643,2.02363,0.0176021,-2.29707,0,-0.0960043,-2.19855,-0.0930891,0.0183903,-2.39993,0,0.141188,-2.36577,-0.0433736
11.8,-2.87107,-0.0445856,2.65596,-2.98847,-0.138858,2.67911,-2.99964,-0.0465822,2,-2.86115,-0.158245,2.02319,0.0356685,-2.29686,-4.56862e-20,-0.0718082,-2.21044,-0.0926204,0.0372657,-2.39971,0,0.152985,-2.35466,-0.0447217
11.8101,-2.87062,-0.0677472,2.65596,-2.98907,-0.16102,2.67819,-2.99916,-0.0707809,2,-2.85956,-0.181736,2.02274,0.0541977,-2.2965,0,-0.0468,-2.22179,-0.0915631,0.0566247,-2.39933,0,0.164336,-2.34337,-0.0460043
11.8201,-2.86998,-0.0908714,2.65596,-2.98941,-0.183292,2.67728,-2.9985,-0.0949405,2,-2.85786,-0.205112,2.02227,0.0726971,-2.29598,0,-0.0211656,-2.23256,-0.0900181,0.0759524,-2.3988,0,0.175157,-2.33196,-0.0472803
11.8301,-2.86918,-0.113408,2.65596,-2.98949,-0.205669,2.67639,-2.99766,-0.118486,2,-2.8555,-0.235331,2.02165,0.0907262,-2.29534,-9.13725e-20,0.00508212,-2.24272,-0.0880439,0.0947888,-2.39813,0,0.188661,-2.31706,-0.0489218
11.8401,-2.86816,-0.136884,2.65596,-2.9893,-0.228144,2.67552,-2.99659,-0.143013,2,-2.85415,-0.251522,2.0213,0.109507,-2.29452,0,0.0321386,-2.25217,-0.0856508,0.114411,-2.39727,0,0.195842,-2.309,-0.0498022
11.8501,-2.86698,-0.159622,2.65596,-2.98884,-0.25071,2.67468,-2.99536,-0.16677,2,-2.85214,-0.274555,2.0208,0.127697,-2.29358,0,0.0598142,-2.26083,-0.082896,0.133416,-2.39629,0,0.205928,-2.29748,-0.0510136
11.8602,-2.8656,-0.182666,2.65596,-2.9881,-0.273358,2.67387,-2.99392,-0.190845,2,-2.85004,-0.297472,2.02028,0.146133,-2.29248,-1.82745e-19,0.0879721,-2.26873,-0.0798327,0.152676,-2.39514,0,0.215791,-2.286,-0.0521939
11.87,-2.86407,-0.205269,2.65596,-2.98708,-0.296082,2.67309,-2.99232,-0.214461,2,-2.84783,-0.320275,2.01975,0.164216,-2.29126,0,0.116306,-2.27583,-0.0765886,0.171569,-2.39386,0,0.225255,-2.2746,-0.0534122
11.88,-2.86233,-0.228326,2.65596,-2.98578,-0.318872,2.67234,-2.9905,-0.23855,2,-2.84553,-0.342964,2.01921,0.18266,-2.28986,-1.82745e-19,0.144981,-2.28203,-0.0731239,0.19084,-2.3924,0,0.234606,-2.26323,-0.0545718
11.8901,-2.8604,-0.251312,2.65596,-2.98418,-0.341719,2.67162,-2.98849,-0.262566,2,-2.84314,-0.36554,2.01866,0.20105,-2.28832,0,0.173878,-2.28731,-0.0694842,0.210053,-2.39079,0,0.243832,-2.25192,-0.0556649
11.9002,-2.85829,-0.274234,2.65596,-2.98168,-0.371491,2.67075,-2.98629,-0.286514,2,-2.83989,-0.394719,2.01793,0.219387,-2.28664,0,0.211757,-2.29265,-0.064567,0.229211,-2.38903,0,0.255792,-2.23719,-0.0569766
11.9103,-2.85596,-0.297518,2.65596,-2.98012,-0.387547,2.67031,-2.98385,-0.31084,2,-2.83808,-0.410352,2.01753,0.238014,-2.28477,-3.6549e-19,0.232147,-2.29477,-0.0621983,0.248672,-2.38708,0,0.262207,-2.22926,-0.0579456
11.9202,-2.85356,-0.319765,2.65596,-2.97766,-0.410507,2.6697,-2.98134,-0.334084,2,-2.83541,-0.432588,2.01694,0.255812,-2.28285,-3.6549e-19,0.261111,-2.29697,-0.0590311,0.267267,-2.38507,0,0.271303,-2.21807,-0.0594792
11.9301,-2.85094,-0.342299,2.65596,-2.9749,-0.433484,2.66913,-2.97861,-0.357627,2,-2.83265,-0.454714,2.01634,0.273839,-2.28076,-3.6549e-19,0.289959,-2.29831,-0.0558084,0.286102,-2.38289,0,0.280374,-2.20707,-0.0608644
11.94,-2.84811,-0.365155,2.65596,-2.97186,-0.456471,2.66859,-2.97564,-0.381506,2,-2.8298,-0.47673,2.01573,0.292124,-2.27849,0,0.318497,-2.29894,-0.0525536,0.305205,-2.38051,0,0.289251,-2.19634,-0.0621009
11.9503,-2.84497,-0.388834,2.65596,-2.96853,-0.47946,2.66808,-2.97237,-0.406246,2,-2.82687,-0.498641,2.0151,0.311067,-2.27598,3.6549e-19,0.346809,-2.29876,-0.0492064,0.324997,-2.37789,0,0.298141,-2.18577,-0.063084
11.9602,-2.84186,-0.410979,2.65596,-2.96492,-0.502443,2.6676,-2.96911,-0.429383,2,-2.82384,-0.520447,2.01446,0.328784,-2.27348,0,0.374667,-2.29785,-0.0458542,0.343506,-2.37529,0,0.306908,-2.17545,-0.0638647
11.9702,-2.83847,-0.433749,2.65596,-2.96104,-0.525415,2.66716,-2.96557,-0.453172,2,-2.81978,-0.548643,2.01363,0.346999,-2.27078,0,0.402114,-2.29629,-0.0425414,0.362537,-2.37246,0,0.318287,-2.16247,-0.0646059
11.98,-2.83495,-0.456179,2.65596,-2.95688,-0.548366,2.66675,-2.9619,-0.476607,2,-2.81753,-0.563756,2.01318,0.364944,-2.26796,3.6549e-19,0.429101,-2.29393,-0.0393192,0.381286,-2.36952,0,0.32442,-2.15557,-0.0648973
11.9906,-2.83099,-0.480154,2.65596,-2.95246,-0.571291,2.66637,-2.95776,-0.501655,2,-2.81324,-0.591696,2.01233,0.384123,-2.26479,-7.3098e-19,0.45551,-2.29087,-0.0362354,0.401324,-2.36621,0,0.335805,-2.14304,-0.0652613
12.0001,-2.82725,-0.501692,2.65596,-2.94777,-0.594181,2.66603,-2.95386,-0.524157,2,-2.81086,-0.606674,2.01187,0.401354,-2.2618,7.3098e-19,0.481474,-2.28707,-0.0333293,0.419326,-2.36308,0,0.342046,-2.13639,-0.0653882
12.0103,-2.82303,-0.524913,2.65596,-2.94283,-0.61703,2.66571,-2.94945,-0.548418,2,-2.8074,-0.627992,2.01122,0.41993,-2.25843,0,0.506881,-2.28266,-0.0306702,0.438735,-2.35956,0,0.351033,-2.12712,-0.0655246
12.02,-2.81895,-0.546418,2.65596,-2.93764,-0.639833,2.66541,-2.94518,-0.570886,2,-2.80384,-0.649218,2.01056,0.437135,-2.25516,7.3098e-19,0.531572,-2.27777,-0.0282348,0.456709,-2.35614,0,0.360004,-2.11818,-0.0655758
12.0301,-2.8144,-0.569363,2.65596,-2.9322,-0.662584,2.66514,-2.94043,-0.594858,2,-2.8002,-0.670356,2.00991,0.45549,-2.25152,0,0.555493,-2.27235,-0.0260077,0.475887,-2.35235,0,0.368951,-2.10947,-0.0655206
12.0401,-2.80973,-0.59202,2.65596,-2.92653,-0.685278,2.66489,-2.93554,-0.61853,2,-2.79646,-0.691408,2.00925,0.473616,-2.24778,-7.3098e-19,0.578907,-2.26647,-0.0239558,0.494824,-2.34844,0,0.378174,-2.10103,-0.0653242
12.0501,-2.80496,-0.614211,2.65596,-2.92063,-0.707913,2.66466,-2.93056,-0.641716,2,-2.79264,-0.712378,2.0086,0.491369,-2.24397,-7.3098e-19,0.601689,-2.26028,-0.0221463,0.513372,-2.34445,0,0.387573,-2.09301,-0.0650571
12.0601,-2.79985,-0.637093,2.65596,-2.9145,-0.730483,2.66445,-2.92523,-0.665621,2,-2.78871,-0.73327,2.00795,0.509674,-2.23988,0,0.623865,-2.25379,-0.0205762,0.532497,-2.34018,0,0.397185,-2.08533,-0.0647239
12.0701,-2.79479,-0.65895,2.65596,-2.90815,-0.752987,2.66425,-2.91994,-0.688457,2,-2.78469,-0.754086,2.00731,0.52716,-2.23583,0,0.645547,-2.247,-0.0192282,0.550766,-2.33595,0,0.40715,-2.07798,-0.0643135
12.0803,-2.78917,-0.682319,2.65596,-2.90159,-0.775422,2.66406,-2.91407,-0.712873,2,-2.77931,-0.781039,2.00647,0.545855,-2.23134,-7.3098e-19,0.66676,-2.23982,-0.0181001,0.570299,-2.33126,0,0.420652,-2.06873,-0.0636811
12.0901,-2.78382,-0.703845,2.65596,-2.89482,-0.797783,2.66389,-2.90848,-0.735363,2,-2.77634,-0.795503,2.00603,0.563076,-2.22706,0,0.687271,-2.23234,-0.017226,0.58829,-2.32678,0,0.428049,-2.06393,-0.0633281
12.1,-2.77815,-0.725895,2.65596,-2.88785,-0.820068,2.66372,-2.90256,-0.7584,2,-2.772,-0.816109,2.0054,0.580716,-2.22252,7.3098e-19,0.707281,-2.22459,-0.0165713,0.60672,-2.32204,0,0.438974,-2.05727,-0.0627778
12.11,-2.77226,-0.748092,2.65596,-2.88068,-0.842274,2.66355,-2.8964,-0.781592,2,-2.76756,-0.836649,2.00477,0.598474,-2.21781,0,0.726667,-2.21655,-0.0161251,0.625273,-2.31712,0,0.450162,-2.05079,-0.0621873
12.1202,-2.76619,-0.770209,2.65596,-2.87331,-0.864398,2.66339,-2.89006,-0.804698,2,-2.76161,-0.863257,2.00397,0.616167,-2.21295,7.3098e-19,0.745623,-2.20834,-0.0158487,0.643759,-2.31205,0,0.465371,-2.04279,-0.0613347
12.1306,-2.7596,-0.793509,2.65596,-2.86577,-0.88644,2.66324,-2.88317,-0.829042,2,-2.75832,-0.877542,2.00354,0.634808,-2.20768,-1.46196e-18,0.764088,-2.20003,-0.0157704,0.663234,-2.30654,0,0.473844,-2.0387,-0.0608658
12.1402,-2.7535,-0.814413,2.65596,-2.85803,-0.908399,2.66308,-2.8768,-0.850882,2,-2.75352,-0.897901,2.00294,0.65153,-2.2028,0,0.782124,-2.19167,-0.0158708,0.680705,-2.30144,0,0.486321,-2.03313,-0.0601804
12.1501,-2.74697,-0.836188,2.65596,-2.85012,-0.930274,2.66292,-2.86998,-0.873632,2,-2.74859,-0.918206,2.00234,0.66895,-2.19758,0,0.799586,-2.1834,-0.0161406,0.698905,-2.29598,0,0.499087,-2.02798,-0.0594876
12.16,-2.74023,-0.858024,2.65596,-2.84204,-0.952067,2.66276,-2.86293,-0.896446,2,-2.74354,-0.938462,2.00175,0.686419,-2.19218,7.3098e-19,0.816407,-2.17523,-0.0165726,0.717157,-2.29035,0,0.51206,-2.02325,-0.0587988
12.17,-2.73321,-0.880136,2.65596,-2.8338,-0.973779,2.66259,-2.8556,-0.919548,2,-2.73835,-0.958672,2.00116,0.704109,-2.18656,0,0.832572,-2.16714,-0.0171617,0.735638,-2.28448,0,0.525223,-2.01889,-0.0581272
12.1803,-2.72592,-0.902432,2.65596,-2.82539,-0.995409,2.66241,-2.84799,-0.942842,2,-2.73303,-0.978841,2.00059,0.721945,-2.18074,7.3098e-19,0.848146,-2.15903,-0.0178901,0.754274,-2.27839,0,0.538608,-2.0148,-0.0574765
12.1903,-2.71852,-0.924499,2.65596,-2.81684,-1.01696,2.66223,-2.84025,-0.965898,2,-2.72592,-1.005,1.99984,0.7396,-2.17482,0,0.863268,-2.15081,-0.0187185,0.772718,-2.2722,0,0.556518,-2.00974,-0.0566324
12.2003,-2.71084,-0.946768,2.65596,-2.80813,-1.03843,2.66204,-2.83223,-0.989164,2,-2.72199,-1.01906,1.99945,0.757415,-2.16868,-7.3098e-19,0.878138,-2.1425,-0.0196166,0.791331,-2.26579,0,0.566513,-2.00712,-0.0561744
12.2101,-2.70362,-0.967196,2.65596,-2.79928,-1.05981,2.66184,-2.82469,-1.01051,2,-2.71625,-1.03911,1.99889,0.773757,-2.1629,-7.3098e-19,0.892774,-2.13417,-0.0206017,0.808405,-2.25975,0,0.581185,-2.00357,-0.0555478
12.22,-2.69582,-0.988733,2.65596,-2.79028,-1.08111,2.66162,-2.81654,-1.03301,2,-2.71036,-1.05913,1.99834,0.790987,-2.15666,0,0.907159,-2.12589,-0.0216749,0.826407,-2.25323,0,0.596283,-2.00028,-0.0549679
12.2305,-2.68736,-1.01151,2.65596,-2.78113,-1.10233,2.6614,-2.8077,-1.05681,2,-2.70432,-1.07912,1.99779,0.80921,-2.14989,-7.3098e-19,0.921352,-2.1177,-0.0227648,0.845446,-2.24616,0,0.611843,-1.99727,-0.054378
12.2401,-2.67953,-1.03207,2.65596,-2.77185,-1.12346,2.66117,-2.79952,-1.07829,2,-2.69812,-1.09908,1.99725,0.82566,-2.14362,0,0.935293,-2.10951,-0.0238709,0.862632,-2.23961,0,0.627791,-1.99444,-0.0537915
12.2502,-2.67097,-1.05403,2.65596,-2.76243,-1.14452,2.66093,-2.79057,-1.10123,2,-2.69176,-1.11901,1.99672,0.843222,-2.13678,0,0.948845,-2.10138,-0.0250246,0.880981,-2.23246,0,0.643949,-1.99185,-0.0532553
12.26,-2.66273,-1.07466,2.65596,-2.75287,-1.16549,2.66067,-2.78197,-1.12278,2,-2.68524,-1.13891,1.99619,0.859729,-2.13019,0,0.962017,-2.09323,-0.0261985,0.898227,-2.22558,0,0.6603,-1.98941,-0.0527544
12.2703,-2.65378,-1.09658,2.65596,-2.74026,-1.19263,2.66032,-2.77262,-1.14569,2,-2.67652,-1.16476,1.9955,0.877266,-2.12303,-1.46196e-18,0.978927,-2.08267,-0.0276961,0.916549,-2.21809,0,0.682149,-1.98651,-0.0521176
12.2801,-2.64521,-1.1171,2.65596,-2.73337,-1.20719,2.66012,-2.76366,-1.16713,2,-2.6717,-1.17866,1.99514,0.893684,-2.11617,0,0.987951,-2.07705,-0.0285187,0.933703,-2.21093,0,0.694182,-1.98513,-0.0518194
12.2902,-2.63617,-1.13826,2.65596,-2.72343,-1.22792,2.65983,-2.75422,-1.18923,2,-2.66467,-1.1985,1.99462,0.91061,-2.10894,-1.46196e-18,1.00054,-2.06901,-0.0298609,0.951386,-2.20338,0,0.711492,-1.98332,-0.0516019
12.3002,-2.62692,-1.15945,2.65596,-2.71336,-1.24857,2.65952,-2.74455,-1.21137,2,-2.65747,-1.21833,1.99411,0.927561,-2.10154,0,1.0129,-2.061,-0.0312545,0.969097,-2.19564,0,0.729021,-1.98171,-0.0514953
12.3103,-2.61748,-1.18062,2.65596,-2.70317,-1.26914,2.65921,-2.73469,-1.23348,2,-2.65009,-1.23813,1.99359,0.944492,-2.09398,-1.46196e-18,1.02527,-2.05293,-0.0324995,0.986786,-2.18775,0,0.74695,-1.98021,-0.0513073
12.3204,-2.608,-1.2014,2.65596,-2.68974,-1.29576,2.65877,-2.72479,-1.2552,2,-2.64023,-1.26387,1.99293,0.961123,-2.0864,0,1.04125,-2.0424,-0.0339282,1.00416,-2.17983,0,0.770713,-1.97843,-0.0509811
12.33,-2.59859,-1.22164,2.65596,-2.68347,-1.308,2.65857,-2.71495,-1.27634,2,-2.634,-1.27969,1.99252,0.977308,-2.07887,1.46196e-18,1.04861,-2.03751,-0.0345763,1.02107,-2.17196,0,0.785614,-1.97742,-0.0508346
12.3401,-2.58852,-1.24283,2.65596,-2.67504,-1.32428,2.65829,-2.70443,-1.29848,2,-2.62925,-1.29155,1.99222,0.994262,-2.07082,-1.46196e-18,1.05842,-2.03099,-0.035668,1.03878,-2.16354,0,0.79692,-1.97674,-0.0509785
12.35,-2.57882,-1.26283,2.65596,-2.66333,-1.34657,2.65789,-2.6943,-1.31938,2,-2.62037,-1.31329,1.99165,1.01026,-2.06306,-1.46196e-18,1.07189,-2.02213,-0.0373899,1.0555,-2.15544,0,0.817888,-1.97572,-0.0514469
12.36,-2.56859,-1.2835,2.65596,-2.65254,-1.36675,2.6575,-2.68361,-1.34098,2,-2.6121,-1.33304,1.99114,1.0268,-2.05487,0,1.08426,-2.01409,-0.0387821,1.07278,-2.14689,0,0.837278,-1.9749,-0.0517913
12.37,-2.55827,-1.30396,2.65596,-2.64164,-1.38685,2.65711,-2.67283,-1.36235,2,-2.60363,-1.35279,1.99062,1.04317,-2.04661,1.46196e-18,1.09666,-2.00611,-0.0398928,1.08988,-2.13826,0,0.856918,-1.97423,-0.0519374
12.38,-2.54763,-1.32463,2.65596,-2.63061,-1.40687,2.65671,-2.66171,-1.38395,2,-2.59496,-1.37253,1.9901,1.05971,-2.0381,0,1.10889,-1.99806,-0.0406964,1.10716,-2.12937,0,0.876646,-1.97365,-0.0518603
12.39,-2.53681,-1.34523,2.65596,-2.61946,-1.42681,2.6563,-2.65041,-1.40547,2,-2.58609,-1.39226,1.98958,1.07618,-2.02945,0,1.12102,-1.98997,-0.0412507,1.12437,-2.12033,0,0.896467,-1.97316,-0.0516187
12.4,-2.5263,-1.36486,2.65596,-2.60819,-1.44667,2.65588,-2.63943,-1.42598,2,-2.57703,-1.41199,1.98907,1.09189,-2.02104,0,1.1332,-1.98181,-0.0415924,1.14079,-2.11154,0,0.916505,-1.97275,-0.0512481
12.41,-2.51514,-1.38532,2.65596,-2.5968,-1.46645,2.65547,-2.62777,-1.44736,2,-2.56776,-1.43172,1.98856,1.10826,-2.01211,0,1.14531,-1.97355,-0.041768,1.15789,-2.10221,0,0.936615,-1.97238,-0.050793
12.4199,-2.50402,-1.40531,2.65596,-2.58528,-1.48614,2.65505,-2.61615,-1.46824,2,-2.5583,-1.45144,1.98805,1.12425,-2.00322,0,1.15748,-1.96521,-0.041757,1.17459,-2.09292,0,0.956913,-1.97207,-0.0502296
12.43,-2.49269,-1.42532,2.65596,-2.57365,-1.50575,2.65463,-2.60431,-1.48915,2,-2.54862,-1.47116,1.98755,1.14026,-1.99415,-1.46196e-18,1.16986,-1.95673,-0.0415859,1.19132,-2.08345,0,0.977532,-1.97177,-0.049581
12.44,-2.48109,-1.44542,2.65596,-2.56189,-1.52528,2.65422,-2.59219,-1.51015,2,-2.53874,-1.49087,1.98706,1.15634,-1.98487,0,1.18237,-1.94807,-0.0413022,1.20812,-2.07375,0,0.998364,-1.97144,-0.0488902
12.45,-2.46951,-1.46511,2.65596,-2.55,-1.54471,2.65381,-2.5801,-1.53072,2,-2.52866,-1.51059,1.98657,1.17209,-1.97561,0,1.19505,-1.93919,-0.0408838,1.22457,-2.06408,0,1.01944,-1.97103,-0.0481295
12.4599,-2.45786,-1.48457,2.65596,-2.53799,-1.56406,2.6534,-2.56792,-1.55105,2,-2.51835,-1.53029,1.9861,1.18766,-1.96629,1.46196e-18,1.20783,-1.93018,-0.0403605,1.24084,-2.05434,0,1.04069,-1.9706,-0.047323
12.47,-2.44572,-1.5045,2.65596,-2.52584,-1.58331,2.653,-2.55524,-1.57187,2,-2.50784,-1.55,1.98563,1.2036,-1.95658,1.46196e-18,1.22053,-1.92094,-0.0397406,1.25749,-2.04419,0,1.06191,-1.97007,-0.0464723
12.48,-2.43364,-1.52396,2.65596,-2.51358,-1.60248,2.65261,-2.54261,-1.5922,2,-2.49712,-1.5697,1.98517,1.21917,-1.94691,2.92392e-18,1.23332,-1.91147,-0.0390482,1.27376,-2.03409,0,1.08326,-1.96943,-0.0455952
12.4899,-2.42141,-1.54331,2.65596,-2.50118,-1.62154,2.65222,-2.52984,-1.61242,2,-2.48838,-1.58545,1.98481,1.23465,-1.93713,0,1.24614,-1.90198,-0.038291,1.28993,-2.02388,0,1.10038,-1.96898,-0.0448795
12.5,-2.40905,-1.56254,2.65596,-2.48865,-1.64052,2.65184,-2.51692,-1.63251,2,-2.47502,-1.60907,1.98427,1.25004,-1.92724,1.46196e-18,1.25894,-1.89242,-0.0374613,1.30601,-2.01354,0,1.12608,-1.96834,-0.0437499
12.51,-2.39629,-1.58204,2.65596,-2.476,-1.65939,2.65147,-2.50359,-1.65288,2,-2.46365,-1.62875,1.98384,1.26563,-1.91703,0,1.27178,-1.88271,-0.0365565,1.3223,-2.00288,0,1.14752,-1.96774,-0.0427563
12.52,-2.38373,-1.60091,2.65596,-2.46322,-1.67817,2.65111,-2.49047,-1.67259,2,-2.45207,-1.64843,1.98342,1.28072,-1.90698,1.46196e-18,1.28463,-1.87292,-0.0356172,1.33807,-1.99237,0,1.16897,-1.96716,-0.0417452
12.53,-2.37085,-1.61992,2.65596,-2.45031,-1.69685,2.65076,-2.47701,-1.69246,2,-2.44027,-1.6681,1.98301,1.29594,-1.89668,0,1.29759,-1.86294,-0.0346347,1.35397,-1.98161,0,1.19051,-1.96645,-0.0407001
12.5404,-2.35699,-1.64001,2.65596,-2.43727,-1.71543,2.65042,-2.46254,-1.71345,2,-2.42826,-1.68776,1.98261,1.31201,-1.88559,0,1.31044,-1.85281,-0.0336095,1.37076,-1.97003,0,1.21192,-1.96566,-0.0396135
12.55,-2.34464,-1.65762,2.65596,-2.4241,-1.7339,2.65009,-2.44963,-1.73185,2,-2.41604,-1.70741,1.98221,1.3261,-1.87571,-1.46196e-18,1.32328,-1.84243,-0.0325462,1.38548,-1.9597,0,1.23328,-1.96466,-0.0384817
12.5601,-2.33082,-1.677,2.65596,-2.41347,-1.74861,2.64983,-2.43519,-1.75209,2,-2.4061,-1.72312,1.98191,1.3416,-1.86466,1.46196e-18,1.33358,-1.83399,-0.0316682,1.40167,-1.94816,0,1.25035,-1.96375,-0.0375381
12.57,-2.31776,-1.69501,2.65596,-2.39737,-1.77054,2.64946,-2.42154,-1.77091,2,-2.39094,-1.74668,1.98147,1.35601,-1.8542,1.46196e-18,1.34899,-1.82112,-0.0304103,1.41673,-1.93723,0,1.27582,-1.9622,-0.0361543
12.5801,-2.30413,-1.71348,2.65596,-2.38382,-1.7887,2.64916,-2.40731,-1.79021,2,-2.37808,-1.76629,1.98111,1.37079,-1.84331,0,1.36189,-1.81026,-0.0295172,1.43217,-1.92585,0,1.29696,-1.96072,-0.0351213
12.5903,-2.28955,-1.73291,2.65596,-2.37288,-1.80315,2.64892,-2.39208,-1.81051,2,-2.36764,-1.78197,1.98083,1.38633,-1.83164,0,1.37217,-1.8015,-0.0287926,1.44841,-1.91366,0,1.31378,-1.95945,-0.0342566
12.6,-2.27637,-1.7502,2.65596,-2.35633,-1.82468,2.64859,-2.3783,-1.82857,2,-2.35172,-1.80547,1.98043,1.40016,-1.8211,-1.46196e-18,1.38755,-1.78798,-0.0276793,1.46286,-1.90264,0,1.33889,-1.95713,-0.0328778
12.61,-2.26224,-1.76843,2.65596,-2.34239,-1.8425,2.64831,-2.36354,-1.84762,2,-2.33823,-1.82503,1.98011,1.41474,-1.80979,0,1.40044,-1.7764,-0.0268653,1.47809,-1.89083,0,1.3597,-1.95482,-0.0317838
12.62,-2.24806,-1.78641,2.65596,-2.32832,-1.86021,2.64805,-2.34873,-1.8664,2,-2.32453,-1.84457,1.9798,1.42913,-1.79845,0,1.41337,-1.76462,-0.0259555,1.49312,-1.87898,0,1.38045,-1.95223,-0.0305333
12.63,-2.2337,-1.80433,2.65596,-2.31412,-1.8778,2.64779,-2.33373,-1.88513,2,-2.31062,-1.86408,1.9795,1.44347,-1.78696,0,1.42628,-1.75259,-0.0249416,1.5081,-1.86698,0,1.40108,-1.94933,-0.0291122
12.6399,-2.21939,-1.82192,2.65596,-2.29979,-1.89526,2.64755,-2.31877,-1.9035,2,-2.29651,-1.88356,1.97922,1.45753,-1.77551,-1.46196e-18,1.4392,-1.74037,-0.0238367,1.5228,-1.85501,0,1.4216,-1.94614,-0.0275274
12.65,-2.20462,-1.83976,2.65596,-2.28533,-1.9126,2.64732,-2.30334,-1.92214,2,-2.28219,-1.903,1.97895,1.4718,-1.7637,0,1.45209,-1.72802,-0.0226583,1.53771,-1.84267,0,1.44194,-1.9427,-0.0257908
12.66,-2.18973,-1.85745,2.65596,-2.27368,-1.92639,2.64714,-2.28779,-1.94062,2,-2.26767,-1.92241,1.9787,1.48596,-1.75179,0,1.46228,-1.71805,-0.0216534,1.5525,-1.83023,0,1.46199,-1.93899,-0.0238907
12.6701,-2.1748,-1.87491,2.65596,-2.25604,-1.94691,2.64689,-2.27219,-1.95887,2,-2.25295,-1.94178,1.97847,1.49993,-1.73984,0,1.47765,-1.70289,-0.0201742,1.56709,-1.81775,0,1.48198,-1.93492,-0.021937
12.68,-2.15962,-1.89238,2.65596,-2.2412,-1.96388,2.64669,-2.25632,-1.97712,2,-2.23803,-1.96111,1.97826,1.51391,-1.72769,-1.46196e-18,1.49079,-1.69016,-0.0190071,1.5817,-1.80506,0,1.50204,-1.93056,-0.0199512
12.69,-2.14444,-1.90956,2.65596,-2.22622,-1.98072,2.64651,-2.24047,-1.99507,2,-2.22291,-1.98039,1.97807,1.52765,-1.71555,0,1.50413,-1.6772,-0.0178076,1.59606,-1.79237,0,1.52212,-1.92575,-0.0178405
12.7,-2.12935,-1.92638,2.65596,-2.21111,-1.99742,2.64634,-2.2247,-2.01264,2,-2.20759,-1.99962,1.9779,1.5411,-1.70348,0,1.51746,-1.6642,-0.0165795,1.61011,-1.77976,0,1.54204,-1.92068,-0.0156068
12.71,-2.11373,-1.9435,2.65596,-2.19587,-2.014,2.64618,-2.20839,-2.03052,2,-2.19207,-2.0188,1.97776,1.5548,-1.69099,0,1.53082,-1.65112,-0.015341,1.62442,-1.76671,0,1.56181,-1.91527,-0.0132676
12.72,-2.09814,-1.96032,2.65596,-2.1805,-2.03045,2.64603,-2.1921,-2.0481,2,-2.17635,-2.03792,1.97764,1.56825,-1.67851,0,1.54407,-1.63791,-0.0141119,1.63848,-1.75368,0,1.58129,-1.90945,-0.0108426
12.7301,-2.0822,-1.97725,2.65596,-2.16499,-2.04676,2.6459,-2.17544,-2.06579,2,-2.16044,-2.05699,1.97754,1.5818,-1.66576,0,1.55728,-1.62456,-0.0128951,1.65263,-1.74035,0,1.60055,-1.9032,-0.00833562
12.74,-2.06592,-1.99425,2.65596,-2.14935,-2.06294,2.64577,-2.15843,-2.08355,2,-2.14434,-2.07599,1.97747,1.5954,-1.65273,-1.46196e-18,1.57058,-1.61099,-0.0116879,1.66684,-1.72674,0,1.61971,-1.89642,-0.0057455
12.75,-2.05056,-2.01004,2.65596,-2.13358,-2.07898,2.64566,-2.14238,-2.10005,2,-2.12805,-2.09491,1.97743,1.60803,-1.64045,-1.46196e-18,1.58404,-1.59723,-0.0104861,1.68004,-1.7139,0,1.63881,-1.88912,-0.003071
12.76,-2.03427,-2.02652,2.65596,-2.11767,-2.09488,2.64556,-2.12536,-2.11727,2,-2.11157,-2.11377,1.97741,1.62122,-1.62742,0,1.59756,-1.58345,-0.00930758,1.69382,-1.70029,0,1.65775,-1.88144,-0.000333753
12.77,-2.01806,-2.04267,2.65596,-2.10163,-2.11065,2.64548,-2.10843,-2.13413,2,-2.09489,-2.13254,1.97742,1.63413,-1.61445,0,1.61112,-1.5695,-0.00815384,1.70731,-1.68674,0,1.67652,-1.87322,0.00246019
12.7803,-2.00102,-2.05936,2.65596,-2.08545,-2.12627,2.6454,-2.09063,-2.15158,2,-2.07804,-2.15123,1.97746,1.64749,-1.60082,0,1.62475,-1.55552,-0.00701301,1.72126,-1.6725,0,1.69515,-1.86457,0.00531741
12.79,-1.98516,-2.07466,2.65596,-2.06913,-2.14176,2.64533,-2.07405,-2.16756,2,-2.06099,-2.16983,1.97753,1.65973,-1.58813,0,1.63825,-1.54151,-0.00588553,1.73405,-1.65924,0,1.71343,-1.85548,0.00823111
12.8,-1.96846,-2.0905,2.65596,-2.05268,-2.1571,2.64528,-2.05661,-2.18412,2,-2.04377,-2.18834,1.97763,1.6724,-1.57477,-1.46196e-18,1.6519,-1.52749,-0.00479041,1.74729,-1.64529,0,1.73165,-1.84596,0.011175
12.8101,-1.9513,-2.10653,2.65596,-2.03609,-2.1723,2.64524,-2.03868,-2.20086,2,-2.02986,-2.20307,1.97773,1.68523,-1.56104,-1.46196e-18,1.66553,-1.51343,-0.00372232,1.76069,-1.63094,0,1.74607,-1.83797,0.0135509
12.82,-1.93461,-2.12187,2.65596,-2.01937,-2.18737,2.64521,-2.02124,-2.21688,2,-2.00878,-2.22506,1.97791,1.69749,-1.54769,0,1.6791,-1.4995,-0.00267942,1.77351,-1.61699,0,1.76734,-1.82563,0.0171412
12.8299,-1.91776,-2.13711,2.65596,-2.00251,-2.20229,2.64519,-2.00364,-2.23281,2,-1.99101,-2.24326,1.9781,1.70969,-1.53421,0,1.69265,-1.48556,-0.00166986,1.78625,-1.60291,0,1.78482,-1.81485,0.0201399
12.8401,-1.90018,-2.15276,2.65596,-1.98552,-2.21708,2.64517,-1.98527,-2.24916,2,-1.97308,-2.26135,1.97831,1.72221,-1.52014,1.46196e-18,1.70609,-1.4717,-0.000703043,1.79933,-1.58821,0,1.80196,-1.80368,0.0231249
12.85,-1.88337,-2.16748,2.65596,-1.97183,-2.22881,2.64517,-1.9677,-2.26454,2,-1.95498,-2.27933,1.97856,1.73399,-1.50669,1.46196e-18,1.71666,-1.46064,3.99066e-05,1.81163,-1.57416,0,1.81866,-1.79209,0.02609
12.86,-1.86609,-2.18237,2.65596,-1.95113,-2.24624,2.64518,-1.94966,-2.2801,2,-1.93671,-2.29719,1.97883,1.7459,-1.49287,0,1.73224,-1.44418,0.00107499,1.82408,-1.55972,0,1.83492,-1.78015,0.0289894
12.87,-1.8484,-2.19738,2.65596,-1.93375,-2.26061,2.64519,-1.93117,-2.29578,2,-1.91828,-2.31493,1.97914,1.7579,-1.47872,-1.46196e-18,1.74521,-1.43049,0.00181892,1.83662,-1.54493,0,1.85092,-1.76775,0.0317793
12.88,-1.83046,-2.21234,2.65596,-1.91623,-2.27485,2.64521,-1.91243,-2.31141,2,-1.89969,-2.33255,1.97947,1.76988,-1.46437,1.46196e-18,1.758,-1.41684,0.00256553,1.84913,-1.52994,0,1.86653,-1.75492,0.0345619
12.89,-1.81278,-2.22685,2.65596,-1.89859,-2.28895,2.64524,-1.89396,-2.32657,2,-1.88095,-2.35003,1.97983,1.78148,-1.45023,0,1.77065,-1.40313,0.00332679,1.86125,-1.51517,0,1.88183,-1.74157,0.0373408
12.9003,-1.79447,-2.24164,2.65596,-1.88082,-2.30291,2.64528,-1.87482,-2.34202,2,-1.86585,-2.36392,1.98014,1.79331,-1.43557,0,1.78324,-1.38938,0.00409915,1.87361,-1.49986,0,1.89386,-1.73055,0.0395536
12.91,-1.77715,-2.25539,2.65596,-1.86292,-2.31674,2.64533,-1.85673,-2.35639,2,-1.84301,-2.38458,1.98063,1.80431,-1.42172,-1.46196e-18,1.79585,-1.37559,0.00484885,1.88511,-1.48538,0,1.91168,-1.71342,0.0428007
12.9202,-1.75886,-2.26968,2.65596,-1.8449,-2.33042,2.64538,-1.83762,-2.37132,2,-1.82382,-2.40164,1.98107,1.81575,-1.40709,0,1.80855,-1.36177,0.00558871,1.89705,-1.4701,0,1.92638,-1.6986,0.0454395
12.93,-1.74062,-2.2837,2.65596,-1.82675,-2.34397,2.64544,-1.81856,-2.38597,2,-1.80449,-2.41855,1.98154,1.82696,-1.39249,0,1.82129,-1.34779,0.00631984,1.90877,-1.45485,0,1.94092,-1.68319,0.0480099
12.94,-1.7221,-2.2977,2.65596,-1.80848,-2.35738,2.6455,-1.79921,-2.40059,2,-1.785,-2.43531,1.98203,1.83816,-1.37768,1.46196e-18,1.83393,-1.33381,0.00706599,1.92047,-1.43937,0,1.9552,-1.66731,0.0505263
12.9499,-1.70409,-2.31108,2.65596,-1.79007,-2.37065,2.64558,-1.7804,-2.41457,2,-1.76538,-2.4519,1.98255,1.84887,-1.36328,1.46196e-18,1.8463,-1.31985,0.00779908,1.93166,-1.42432,0,1.96901,-1.65101,0.0529509
12.96,-1.68558,-2.32462,2.65596,-1.77155,-2.38378,2.64566,-1.76106,-2.42872,2,-1.74563,-2.46832,1.98309,1.8597,-1.34846,0,1.85843,-1.30595,0.0085146,1.94298,-1.40884,0,1.98242,-1.63432,0.0552692
12.97,-1.66694,-2.33802,2.65596,-1.75291,-2.39677,2.64575,-1.74159,-2.44272,2,-1.72574,-2.48458,1.98365,1.87042,-1.33355,-1.46196e-18,1.87045,-1.29206,0.00921465,1.95418,-1.39327,0,1.99555,-1.61722,0.0574759
12.9799,-1.64841,-2.35113,2.65596,-1.73414,-2.40962,2.64584,-1.72222,-2.45641,2,-1.70572,-2.50067,1.98424,1.8809,-1.31872,-1.46196e-18,1.88241,-1.2782,0.00992098,1.96513,-1.37778,0,2.00845,-1.59974,0.0595861
12.99,-1.62946,-2.3643,2.65596,-1.71526,-2.42233,2.64595,-1.70242,-2.47017,2,-1.68557,-2.51658,1.98485,1.89144,-1.30356,1.46196e-18,1.89427,-1.26433,0.0106205,1.97614,-1.36194,0,2.02109,-1.58184,0.0615797
13,-1.61043,-2.37731,2.65596,-1.69626,-2.4349,2.64606,-1.68254,-2.48376,2,-1.66529,-2.5323,1.98547,1.90184,-1.28834,0,1.906,-1.25044,0.0113113,1.98701,-1.34603,0,2.03344,-1.56354,0.0634484
13.01,-1.5909,-2.39042,2.65596,-1.67714,-2.44734,2.64617,-1.66214,-2.49746,2,-1.6449,-2.54785,1.98611,1.91233,-1.27272,0,1.91759,-1.2366,0.0120049,1.99797,-1.32971,0,2.0455,-1.54491,0.0651979
13.02,-1.57226,-2.40272,2.65596,-1.6579,-2.45964,2.6463,-1.64266,-2.51031,2,-1.62439,-2.5632,1.98677,1.92218,-1.2578,0,1.9291,-1.22276,0.0126753,2.00825,-1.31413,0,2.05732,-1.52592,0.0667967
13.03,-1.55311,-2.41514,2.65596,-1.63856,-2.47179,2.64643,-1.62266,-2.52329,2,-1.60375,-2.57836,1.98745,1.93211,-1.24249,0,1.94052,-1.20885,0.0133048,2.01863,-1.29813,0,2.0689,-1.50651,0.0682224
13.04,-1.53332,-2.42775,2.65596,-1.623,-2.48142,2.64654,-1.60198,-2.53647,2,-1.58717,-2.59035,1.988,1.9422,-1.22665,0,1.94964,-1.19772,0.0138126,2.02917,-1.28158,0,2.07805,-1.49075,0.06927
13.05,-1.51377,-2.43999,2.65596,-1.59952,-2.49569,2.64671,-1.58156,-2.54925,2,-1.56633,-2.60516,1.9887,1.95199,-1.21102,-1.46196e-18,1.96344,-1.18101,0.014534,2.0394,-1.26525,0,2.08945,-1.47075,0.0704313
13.06,-1.49413,-2.45207,2.65596,-1.57983,-2.50743,2.64685,-1.56103,-2.56187,2,-1.54117,-2.62266,1.98955,1.96165,-1.1953,0,1.97485,-1.16711,0.0149906,2.0495,-1.24883,0,2.10282,-1.44638,0.0714729
13.07,-1.47476,-2.46376,2.65596,-1.56002,-2.51904,2.64701,-1.5408,-2.57409,2,-1.52432,-2.63417,1.99012,1.97101,-1.17981,1.46196e-18,1.98619,-1.15317,0.0154346,2.05927,-1.23264,0,2.11154,-1.42988,0.0720281
13.08,-1.45489,-2.47555,2.65596,-1.5401,-2.5305,2.64716,-1.52004,-2.58641,2,-1.4989,-2.65118,1.99099,1.98044,-1.16391,0,1.99737,-1.13918,0.015916,2.06912,-1.21603,0,2.12437,-1.40472,0.072728
13.09,-1.43497,-2.48715,2.65596,-1.52409,-2.53957,2.64729,-1.49923,-2.59852,2,-1.48187,-2.66235,1.99158,1.98972,-1.14798,0,2.00618,-1.128,0.0163294,2.07882,-1.19938,0,2.13267,-1.38778,0.0731157
13.1,-1.41513,-2.49849,2.65596,-1.49994,-2.553,2.64749,-1.4785,-2.61037,2,-1.45621,-2.67885,1.99246,1.99879,-1.1321,0,2.01919,-1.11123,0.0169184,2.0883,-1.1828,0,2.14481,-1.36208,0.0734979
13.11,-1.39503,-2.50977,2.65596,-1.47969,-2.56404,2.64766,-1.4575,-2.62215,2,-1.43471,-2.69236,1.99319,2.00781,-1.11603,-1.46196e-18,2.02988,-1.09714,0.0173252,2.09772,-1.166,0,2.15462,-1.34032,0.0735772
13.12,-1.37481,-2.5209,2.65596,-1.45934,-2.57494,2.64784,-1.43637,-2.63379,2,-1.41312,-2.70565,1.99393,2.01672,-1.09985,0,2.04044,-1.08283,0.0177363,2.10703,-1.1491,0,2.16421,-1.31816,0.0735246
13.13,-1.35459,-2.53182,2.65596,-1.43888,-2.5857,2.64802,-1.41525,-2.6452,2,-1.39143,-2.71872,1.99466,2.02546,-1.08367,0,2.05089,-1.06834,0.0182204,2.11616,-1.1322,0,2.17363,-1.29565,0.0734151
13.1399,-1.33462,-2.54241,2.65596,-1.41832,-2.59631,2.6482,-1.39438,-2.65626,2,-1.36964,-2.73156,1.9954,2.03393,-1.06769,-1.46196e-18,2.06133,-1.05373,0.0187728,2.12501,-1.1155,0,2.18296,-1.27287,0.0732454
13.15,-1.31385,-2.5532,2.65596,-1.39766,-2.60677,2.64839,-1.37269,-2.66753,2,-1.34777,-2.74418,1.99613,2.04256,-1.05108,0,2.07165,-1.03901,0.0193687,2.13403,-1.09815,0,2.19211,-1.24983,0.0729927
13.16,-1.29372,-2.56346,2.65596,-1.37689,-2.61709,2.64859,-1.35165,-2.67825,2,-1.3258,-2.75656,1.99686,2.05077,-1.03498,1.46196e-18,2.08195,-1.02414,0.0200064,2.1426,-1.08132,0,2.20119,-1.22652,0.0726606
13.17,-1.2734,-2.57362,2.65596,-1.35602,-2.62726,2.64879,-1.33042,-2.68886,2,-1.30375,-2.76871,1.99758,2.0589,-1.01872,0,2.092,-1.00912,0.0206386,2.15109,-1.06433,0,2.20997,-1.20294,0.0722073
13.18,-1.25258,-2.58382,2.65596,-1.33505,-2.63727,2.649,-1.30867,-2.69952,2,-1.2816,-2.78062,1.9983,2.06705,-1.00206,-1.46196e-18,2.10185,-0.993967,0.021243,2.15961,-1.04693,0,2.21853,-1.17913,0.0716159
13.19,-1.23165,-2.59386,2.65596,-1.31398,-2.64714,2.64922,-1.2868,-2.71001,2,-1.25938,-2.79229,1.99901,2.07509,-0.985319,0,2.11148,-0.978734,0.021844,2.16801,-1.02944,0,2.22685,-1.15516,0.0709178
13.2,-1.21097,-2.60357,2.65596,-1.29282,-2.65685,2.64944,-1.2652,-2.72016,2,-1.23707,-2.80372,1.99972,2.08286,-0.968779,0,2.121,-0.963426,0.0224332,2.17613,-1.01216,0,2.23504,-1.13104,0.0701099
13.21,-1.19008,-2.61319,2.65596,-1.27156,-2.6664,2.64967,-1.24337,-2.73021,2,-1.21468,-2.81491,2.00041,2.09055,-0.952065,-1.46196e-18,2.13023,-0.948034,0.0230157,2.18417,-0.994698,0,2.24293,-1.10679,0.0692033
13.22,-1.16884,-2.62276,2.65596,-1.25022,-2.67581,2.6499,-1.22118,-2.74021,2,-1.19221,-2.82585,2.0011,2.09821,-0.935068,0,2.13926,-0.93251,0.0235864,2.19217,-0.97694,0,2.25061,-1.08237,0.0682008
13.23,-1.14786,-2.63201,2.65596,-1.22878,-2.68505,2.65014,-1.19926,-2.74987,2,-1.16966,-2.83656,2.00178,2.10561,-0.918288,0,2.14822,-0.916888,0.0241628,2.19989,-0.959409,0,2.25823,-1.05783,0.0671279
13.24,-1.12693,-2.64104,2.65596,-1.20725,-2.69414,2.65038,-1.1774,-2.7593,2,-1.14704,-2.84701,2.00244,2.11283,-0.901547,0,2.157,-0.90114,0.0247099,2.20744,-0.941917,0,2.26568,-1.03316,0.0659572
13.25,-1.1057,-2.65,2.65596,-1.18564,-2.70308,2.65063,-1.15521,-2.76866,2,-1.12435,-2.85722,2.0031,2.12,-0.884557,1.46196e-18,2.16562,-0.885219,0.0252117,2.21493,-0.924167,0,2.27298,-1.00833,0.0646799
13.26,-1.08465,-2.65868,2.65596,-1.16394,-2.71185,2.65089,-1.13322,-2.77773,2,-1.10159,-2.86718,2.00374,2.12694,-0.867723,-1.46196e-18,2.17389,-0.869234,0.0257057,2.22219,-0.906579,0,2.27998,-0.98345,0.0633416
13.2699,-1.0635,-2.66721,2.65596,-1.14216,-2.72046,2.65115,-1.11112,-2.78665,2,-1.07875,-2.87689,2.00436,2.13377,-0.850798,0,2.1821,-0.853139,0.0261906,2.22932,-0.888896,0,2.28694,-0.958491,0.0619488
13.2801,-1.04183,-2.67575,2.65596,-1.12468,-2.72723,2.65136,-1.08849,-2.79557,2,-1.05585,-2.88635,2.00498,2.1406,-0.833467,0,2.1886,-0.840117,0.0265268,2.23645,-0.870789,0,2.29382,-0.933374,0.0604474
13.29,-1.02059,-2.68392,2.65596,-1.09836,-2.7372,2.65168,-1.06629,-2.80411,2,-1.03288,-2.89555,2.00557,2.14714,-0.816471,-7.3098e-19,2.19797,-0.820391,0.0269228,2.24329,-0.853032,0,2.30046,-0.908165,0.058823
13.3,-0.999099,-2.692,2.65596,-1.07634,-2.74532,2.65195,-1.04384,-2.81254,2,-1.00984,-2.90451,2.00615,2.1536,-0.799279,1.46196e-18,2.20556,-0.803712,0.0271179,2.25004,-0.83507,0,2.30691,-0.882799,0.0570499
13.31,-0.976993,-2.7001,2.65596,-1.05425,-2.75327,2.65222,-1.02074,-2.82101,2,-0.986738,-2.91321,2.00671,2.16008,-0.781595,0,2.21298,-0.786809,0.0273009,2.25681,-0.816594,0,2.31325,-0.857274,0.0552472
13.32,-0.95573,-2.7077,2.65596,-1.03208,-2.76105,2.65249,-0.998527,-2.82895,2,-0.963575,-2.92165,2.00726,2.16616,-0.764584,7.3098e-19,2.22005,-0.769752,0.0274881,2.26316,-0.798822,0,2.31933,-0.831668,0.0534402
13.3301,-0.933575,-2.71542,2.65596,-1.0143,-2.76716,2.65271,-0.97538,-2.83701,2,-0.945001,-2.92823,2.00768,2.17233,-0.74686,7.3098e-19,2.2256,-0.755985,0.0276301,2.26961,-0.780304,0,2.32415,-0.811119,0.0519841
13.34,-0.912378,-2.72261,2.65596,-0.987543,-2.7761,2.65305,-0.953234,-2.84453,2,-0.917068,-2.93777,2.00829,2.17809,-0.729902,0,2.23381,-0.735296,0.027788,2.27562,-0.762587,0,2.33131,-0.78037,0.0497477
13.35,-0.890582,-2.72982,2.65596,-0.965171,-2.78337,2.65333,-0.930461,-2.85206,2,-0.893725,-2.94545,2.00878,2.18386,-0.712465,-7.3098e-19,2.24046,-0.718006,0.0277608,2.28165,-0.744369,0,2.33713,-0.75482,0.0477331
13.36,-0.868703,-2.73686,2.65596,-0.942735,-2.79046,2.6536,-0.907604,-2.85942,2,-0.870326,-2.95287,2.00924,2.18949,-0.694963,-7.3098e-19,2.24681,-0.700628,0.0277233,2.28753,-0.726083,0,2.34272,-0.729276,0.0457219
13.37,-0.846467,-2.74382,2.65596,-0.920236,-2.79738,2.65388,-0.884371,-2.86669,2,-0.846872,-2.96004,2.00969,2.19506,-0.677173,-7.3098e-19,2.2528,-0.683151,0.0276884,2.29335,-0.707497,0,2.34807,-0.703735,0.0437366
13.38,-0.824779,-2.75042,2.65596,-0.89768,-2.80413,2.65416,-0.861712,-2.87358,2,-0.823365,-2.96695,2.01012,2.20033,-0.659823,0,2.25846,-0.665592,0.0276191,2.29886,-0.689369,0,2.3532,-0.67823,0.0417466
13.39,-0.802703,-2.75694,2.65596,-0.875068,-2.81069,2.65443,-0.838647,-2.88039,2,-0.799809,-2.9736,2.01052,2.20555,-0.642162,0,2.26384,-0.647903,0.027512,2.30432,-0.670918,0,2.35814,-0.652726,0.0397531
13.4002,-0.780336,-2.76335,2.65596,-0.852404,-2.81708,2.65471,-0.815279,-2.8871,2,-0.776203,-2.98,2.01091,2.21068,-0.624269,7.3098e-19,2.26896,-0.630084,0.0273986,2.30968,-0.652223,0,2.36289,-0.627224,0.0377928
13.41,-0.758411,-2.76945,2.65596,-0.82969,-2.82329,2.65498,-0.792373,-2.89347,2,-0.752551,-2.98615,2.01128,2.21556,-0.606729,0,2.27382,-0.612176,0.027284,2.31477,-0.633898,0,2.36748,-0.601775,0.0358761
13.42,-0.736233,-2.77543,2.65596,-0.806929,-2.82933,2.65525,-0.769201,-2.89971,2,-0.728855,-2.99204,2.01163,2.22034,-0.588986,7.3098e-19,2.27839,-0.594178,0.0271558,2.31977,-0.615361,0,2.37185,-0.576381,0.0339937
13.4302,-0.713933,-2.78125,2.65596,-0.784123,-2.83518,2.65552,-0.745903,-2.90579,2,-0.705115,-2.99767,2.01196,2.225,-0.571146,0,2.28277,-0.576149,0.0270258,2.32463,-0.596722,0,2.37611,-0.551106,0.0321618
13.44,-0.691995,-2.78679,2.65596,-0.761274,-2.84085,2.65579,-0.722982,-2.91158,2,-0.681333,-3.00306,2.01227,2.22943,-0.553596,0,2.28691,-0.558057,0.0268653,2.32926,-0.578386,0,2.38021,-0.525924,0.0303557
13.45,-0.669618,-2.79225,2.65596,-0.738386,-2.84634,2.65606,-0.699603,-2.91729,2,-0.657512,-3.00819,2.01257,2.2338,-0.535694,0,2.29072,-0.53986,0.0266436,2.33383,-0.559682,0,2.38404,-0.500802,0.0285487
13.4599,-0.647563,-2.79745,2.65596,-0.715461,-2.85165,2.65633,-0.676561,-2.92272,2,-0.633653,-3.01308,2.01284,2.23796,-0.51805,0,2.29422,-0.521655,0.0263797,2.33817,-0.541248,0,2.38764,-0.47584,0.0267634
13.47,-0.623735,-2.80286,2.65596,-0.692502,-2.85677,2.65659,-0.651665,-2.92837,2,-0.609759,-3.01771,2.0131,2.24229,-0.498988,7.3098e-19,2.29749,-0.503446,0.0260884,2.34269,-0.521332,0,2.39108,-0.451047,0.0250175
13.4799,-0.602584,-2.80748,2.65596,-0.669512,-2.86172,2.65685,-0.629568,-2.9332,2,-0.585832,-3.0221,2.01335,2.24598,-0.482067,7.3098e-19,2.3005,-0.485213,0.0257482,2.34656,-0.503654,0,2.39431,-0.426415,0.0232923
13.49,-0.580044,-2.81222,2.65596,-0.646493,-2.86648,2.6571,-0.606018,-2.93815,2,-0.561874,-3.02624,2.01357,2.24978,-0.464035,-7.3098e-19,2.30329,-0.466843,0.025335,2.35052,-0.484814,0,2.39735,-0.40184,0.0215659
13.5,-0.557538,-2.81677,2.65596,-0.623447,-2.87105,2.65735,-0.582504,-2.9429,2,-0.537885,-3.03013,2.01378,2.25342,-0.44603,0,2.30594,-0.448376,0.0248947,2.35432,-0.466003,0,2.4003,-0.377365,0.0198863
13.5103,-0.534413,-2.82125,2.65596,-0.600374,-2.87544,2.6576,-0.558344,-2.94758,2,-0.513868,-3.03379,2.01397,2.257,-0.427531,7.3098e-19,2.30853,-0.429894,0.0244353,2.35807,-0.446675,0,2.40322,-0.353074,0.0182634
13.52,-0.51206,-2.82539,2.65596,-0.577276,-2.87965,2.65784,-0.534989,-2.95191,2,-0.489821,-3.0372,2.01414,2.26031,-0.409648,0,2.31101,-0.411447,0.0239813,2.36153,-0.427991,0,2.40606,-0.329022,0.0167215
13.53,-0.489671,-2.82936,2.65596,-0.554155,-2.88367,2.65808,-0.511598,-2.95606,2,-0.465747,-3.04037,2.0143,2.26349,-0.391737,0,2.31324,-0.393009,0.0235044,2.36484,-0.409278,0,2.40866,-0.305186,0.0152331
13.54,-0.466289,-2.83331,2.65596,-0.531012,-2.88751,2.65831,-0.487169,-2.96018,2,-0.441648,-3.0433,2.01445,2.26664,-0.373031,0,2.3153,-0.374536,0.0229944,2.36814,-0.389735,0,2.41113,-0.281525,0.0137899
13.55,-0.444467,-2.83681,2.65596,-0.50785,-2.89116,2.65854,-0.46437,-2.96384,2,-0.417525,-3.046,2.01458,2.26945,-0.355573,7.3098e-19,2.3172,-0.356072,0.0224677,2.37107,-0.371496,0,2.41345,-0.258093,0.0124102
13.56,-0.421793,-2.84027,2.65596,-0.484669,-2.89463,2.65876,-0.440681,-2.96746,2,-0.39338,-3.04846,2.0147,2.27222,-0.337434,3.6549e-19,2.31889,-0.337597,0.0219236,2.37397,-0.352544,0,2.41557,-0.234878,0.0110932
13.57,-0.399023,-2.84356,2.65596,-0.461472,-2.89791,2.65898,-0.416891,-2.97089,2,-0.369215,-3.0507,2.0148,2.27485,-0.319218,0,2.32039,-0.319124,0.0213504,2.37671,-0.333513,0,2.41751,-0.211895,0.00982727
13.58,-0.376244,-2.84666,2.65596,-0.438262,-2.90101,2.65919,-0.393092,-2.97413,2,-0.34503,-3.0527,2.01489,2.27733,-0.300995,0,2.3217,-0.300623,0.0207623,2.37931,-0.314474,0,2.41926,-0.18912,0.00862801
13.5902,-0.351204,-2.84986,2.65596,-0.415039,-2.90393,2.65939,-0.36693,-2.97748,2,-0.32083,-3.05448,2.01497,2.27989,-0.280963,0,2.32283,-0.282079,0.020152,2.38198,-0.293544,0,2.42082,-0.16655,0.00748779
13.6,-0.330426,-2.85234,2.65596,-0.391806,-2.90666,2.65959,-0.345222,-2.98007,2,-0.296614,-3.05603,2.01504,2.28188,-0.264341,3.6549e-19,2.32383,-0.26346,0.0194989,2.38406,-0.276178,0,2.42225,-0.144157,0.00638549
13.61,-0.307867,-2.85487,2.65596,-0.368563,-2.9092,2.65978,-0.321653,-2.98271,2,-0.272385,-3.05736,2.0151,2.28389,-0.246294,0,2.3247,-0.244892,0.0188665,2.38617,-0.257323,0,2.42351,-0.122083,0.00538179
13.62,-0.284986,-2.85724,2.65596,-0.345312,-2.91155,2.65997,-0.297747,-2.98519,2,-0.248145,-3.05848,2.01515,2.28579,-0.227989,3.6549e-19,2.32551,-0.226325,0.0182606,2.38815,-0.238198,0,2.42466,-0.100268,0.0044807
13.6301,-0.261603,-2.85948,2.65596,-0.322053,-2.91372,2.66015,-0.273317,-2.98752,2,-0.223892,-3.05937,2.01519,2.28758,-0.209282,-3.6549e-19,2.3263,-0.207712,0.0176552,2.39002,-0.218654,0,2.4258,-0.0786665,0.00365672
13.64,-0.238929,-2.86146,2.65596,-0.298786,-2.91571,2.66032,-0.249628,-2.9896,2,-0.199629,-3.06005,2.01522,2.28917,-0.191143,-1.82745e-19,2.32708,-0.189072,0.0170607,2.39168,-0.199702,0,2.42688,-0.0573094,0.00292011
13.65,-0.216212,-2.86327,2.65596,-0.275512,-2.9175,2.66049,-0.225894,-2.99148,2,-0.175355,-3.06052,2.01525,2.29061,-0.17297,0,2.32768,-0.170372,0.0164585,2.39319,-0.180715,0,2.42777,-0.0361701,0.00224967
13.66,-0.193148,-2.86492,2.65596,-0.252233,-2.91911,2.66065,-0.201797,-2.99321,2,-0.151074,-3.06077,2.01527,2.29193,-0.154518,0,2.32806,-0.151568,0.0158387,2.39456,-0.161438,0,2.42841,-0.0151968,0.00163357
13.67,-0.17039,-2.86636,2.65596,-0.228951,-2.92054,2.66081,-0.178019,-2.99471,2,-0.126788,-3.06082,2.01528,2.29309,-0.136312,1.82745e-19,2.32834,-0.13275,0.0152359,2.39577,-0.142416,0,2.42891,0.00551389,0.00110551
13.68,-0.14744,-2.86763,2.65596,-0.205667,-2.92177,2.66096,-0.154042,-2.99604,2,-0.102497,-3.06066,2.01529,2.29411,-0.117952,0,2.32842,-0.113965,0.0146275,2.39683,-0.123233,0,2.42919,0.0259088,0.000639793
13.69,-0.12431,-2.86873,2.65596,-0.182382,-2.92282,2.6611,-0.129877,-2.99719,2,-0.078204,-3.0603,2.0153,2.29498,-0.0994483,1.82745e-19,2.32845,-0.0952144,0.0140235,2.39775,-0.103902,0,2.42938,0.0459877,0.000243351
13.7,-0.101667,-2.86962,2.65596,-0.159098,-2.92367,2.66124,-0.10622,-2.99812,2,-0.0539099,-3.05975,2.0153,2.2957,-0.0813335,0,2.32835,-0.0763814,0.0134062,2.3985,-0.0849756,0,2.4294,0.065863,-0.000103094
13.71,-0.0785734,-2.87034,2.65596,-0.135816,-2.92434,2.66137,-0.0820919,-2.99888,2,-0.0296164,-3.05899,2.01529,2.29628,-0.0628587,0,2.32813,-0.0574374,0.012753,2.3991,-0.0656735,0,2.42927,0.0855591,-0.000423979
13.72,-0.0556462,-2.87088,2.65596,-0.112536,-2.92482,2.66149,-0.0581381,-2.99944,2,-0.00532531,-3.05804,2.01529,2.2967,-0.044517,0,2.32774,-0.038499,0.0121023,2.39955,-0.0465104,0,2.42892,0.10496,-0.000683328
13.73,-0.0326164,-2.87123,2.65596,-0.0892622,-2.92511,2.66161,-0.034077,-2.99981,2,0.0189608,-3.05689,2.01528,2.29699,-0.0260932,4.56862e-20,2.32705,-0.0195352,0.0114138,2.39985,-0.0272616,0,2.42826,0.1241,-0.000925091
13.74,-0.00954156,-2.8714,2.65596,-0.065996,-2.92521,2.66172,-0.00996883,-2.99998,2,0.043239,-3.05555,2.01527,2.29712,-0.00763325,0,2.32619,-0.000548665,0.0107428,2.39999,-0.00797506,0,2.42737,0.142976,-0.00109723
13.75,0.0133552,-2.87139,2.65596,-0.0427381,-2.92512,2.66182,0.0139532,-2.99997,2,0.0675085,-3.05403,2.01526,2.29711,0.0106842,1.14216e-20,2.32539,0.0185132,0.0101171,2.39997,0.0111626,0,2.42651,0.161637,-0.00117494
13.7601,0.0366504,-2.87119,2.65596,-0.0194883,-2.92484,2.66192,0.0382916,-2.99976,2,0.0917691,-3.05232,2.01525,2.29695,0.0293203,0,2.32458,0.0375886,0.00951268,2.3998,0.0306333,0,2.4256,0.180021,-0.00118549
13.77,0.0592403,-2.87081,2.65596,0.00375326,-2.92437,2.66201,0.061893,-2.99936,2,0.11602,-3.05043,2.01523,2.29665,0.0473922,0,2.3237,0.0565952,0.00893076,2.39949,0.0495144,0,2.42457,0.198054,-0.00113051
13.78,0.0821582,-2.87024,2.65596,0.0269852,-2.92371,2.6621,0.0858372,-2.99877,2,0.14026,-3.04836,2.01522,2.2962,0.0657266,0,2.32269,0.0755832,0.00837219,2.39902,0.0686698,0,2.42339,0.215792,-0.00101226
13.79,0.105336,-2.86949,2.65596,0.0502067,-2.92286,2.66218,0.110053,-2.99798,2,0.164488,-3.04612,2.01521,2.29559,0.0842689,0,2.32157,0.0946368,0.00779315,2.39838,0.0880424,0,2.42208,0.233324,-0.000876038
13.8,0.128639,-2.86854,2.65596,0.0734159,-2.92182,2.66226,0.134399,-2.99699,2,0.188701,-3.0437,2.01521,2.29483,0.102911,0,2.32024,0.113636,0.00719956,2.39759,0.10752,0,2.42053,0.250529,-0.00071743
13.8102,0.151747,-2.86741,2.65596,0.096611,-2.92059,2.66233,0.158542,-2.99581,2,0.212898,-3.04111,2.0152,2.29393,0.121398,0,2.31877,0.132636,0.00663938,2.39665,0.126834,0,2.41883,0.267466,-0.000491792
13.82,0.173982,-2.86614,2.65596,0.119791,-2.91917,2.66239,0.181773,-2.99449,2,0.237077,-3.03835,2.0152,2.29291,0.139186,-1.82745e-19,2.3172,0.151627,0.00611897,2.39559,0.145418,0,2.41699,0.284127,-0.000196191
13.8299,0.196784,-2.86467,2.65596,0.142954,-2.91755,2.66245,0.205596,-2.99295,2,0.261237,-3.03542,2.0152,2.29173,0.157428,0,2.31544,0.170722,0.00558824,2.39436,0.164477,0,2.41495,0.30063,0.000116732
13.84,0.219843,-2.86299,2.65596,0.166099,-2.91575,2.6625,0.229687,-2.99119,2,0.285376,-3.03234,2.0152,2.29039,0.175874,-1.82745e-19,2.31359,0.189822,0.00462292,2.39296,0.18375,0,2.41282,0.316899,1.93622e-05
13.85,0.242728,-2.86114,2.65596,0.189226,-2.91376,2.66254,0.253597,-2.98926,2,0.309493,-3.02909,2.0152,2.28891,0.194182,0,2.31177,0.208824,0.00316636,2.39141,0.202878,0,2.41071,0.332848,-0.000548705
13.86,0.265605,-2.85911,2.65596,0.212334,-2.91157,2.66256,0.277498,-2.98714,2,0.333589,-3.02568,2.01518,2.28729,0.212484,-3.6549e-19,2.30987,0.227712,0.000978583,2.38971,0.221999,0,2.4085,0.348477,-0.00183309
13.87,0.289035,-2.85684,2.65596,0.235424,-2.9092,2.66256,0.301977,-2.98476,2,0.357663,-3.02212,2.01516,2.28547,0.231228,0,2.30799,0.2465,-0.00192742,2.38781,0.241582,0,2.40631,0.363816,-0.00382461
13.88,0.311371,-2.85449,2.65596,0.258494,-2.90665,2.66252,0.325314,-2.98231,2,0.381716,-3.01841,2.01511,2.28359,0.249097,3.6549e-19,2.30615,0.265188,-0.00532827,2.38585,0.260251,0,2.40415,0.378868,-0.00630094
13.89,0.334454,-2.85187,2.65596,0.281546,-2.9039,2.66245,0.349431,-2.97958,2,0.405746,-3.01454,2.01503,2.2815,0.267563,-3.6549e-19,2.30418,0.283833,-0.00892297,2.38366,0.279545,0,2.40184,0.393687,-0.00896164
13.9,0.356984,-2.84914,2.65596,0.304577,-2.90097,2.66234,0.372969,-2.97673,2,0.429752,-3.01053,2.01493,2.27931,0.285587,0,2.30203,0.302456,-0.0127264,2.38138,0.298375,0,2.39935,0.408309,-0.0118247
13.91,0.37964,-2.84621,2.65596,0.327586,-2.89785,2.66219,0.39664,-2.97366,2,0.453732,-3.00638,2.01479,2.27697,0.303712,7.3098e-19,2.29977,0.321,-0.016759,2.37893,0.317312,0,2.39674,0.42269,-0.0149121
13.92,0.40249,-2.84307,2.65596,0.350573,-2.89455,2.66201,0.420513,-2.97038,2,0.477686,-3.00208,2.01463,2.27446,0.321992,0,2.29744,0.339463,-0.0209487,2.37631,0.336411,0,2.39405,0.436836,-0.0181529
13.93,0.425615,-2.8397,2.65596,0.373535,-2.89106,2.66177,0.444674,-2.96686,2,0.501613,-2.99764,2.01443,2.27176,0.340492,-3.6549e-19,2.29497,0.357939,-0.0252841,2.37349,0.355739,0,2.39122,0.450851,-0.0215378
13.9399,0.447995,-2.83626,2.65596,0.396471,-2.88739,2.6615,0.468056,-2.96326,2,0.52551,-2.99306,2.0142,2.26901,0.358396,0,2.29236,0.376439,-0.0295111,2.37061,0.374445,0,2.38824,0.464743,-0.0248133
13.95,0.47058,-2.8326,2.65596,0.419382,-2.88353,2.66118,0.491653,-2.95944,2,0.549377,-2.98835,2.01393,2.26608,0.376464,3.6549e-19,2.28966,0.394958,-0.0336747,2.36755,0.393322,0,2.38515,0.47852,-0.0280292
13.96,0.493113,-2.82876,2.65596,0.43769,-2.88031,2.6609,0.515195,-2.95543,2,0.573212,-2.98349,2.01364,2.26301,0.394491,3.6549e-19,2.28736,0.409793,-0.0367676,2.36435,0.412156,0,2.38183,0.492209,-0.030869
13.97,0.515855,-2.8247,2.65596,0.465115,-2.87526,2.66044,0.538955,-2.95119,2,0.597012,-2.9785,2.01332,2.25976,0.412684,-7.3098e-19,2.2834,0.432316,-0.0402788,2.36095,0.431164,0,2.37807,0.505967,-0.0327346
13.98,0.538654,-2.82044,2.65596,0.487931,-2.87084,2.66002,0.562775,-2.94674,2,0.620772,-2.97337,2.01298,2.25635,0.430923,-7.3098e-19,2.27976,0.451204,-0.0426412,2.35739,0.45022,0,2.37396,0.519674,-0.0341515
13.99,0.561323,-2.81602,2.65596,0.510709,-2.86624,2.65959,0.586459,-2.94212,2,0.64449,-2.96811,2.01264,2.25282,0.449059,0,2.27577,0.470216,-0.04463,2.3537,0.469167,0,2.36946,0.533394,-0.035204
14,0.583691,-2.81147,2.65596,0.533446,-2.86144,2.65913,0.609828,-2.93736,2,0.668161,-2.96271,2.01228,2.24917,0.466953,0,2.27148,0.489267,-0.0461416,2.34989,0.487863,0,2.36466,0.547069,-0.0357843
14.01,0.606282,-2.80668,2.65596,0.556138,-2.85645,2.65867,0.633431,-2.93237,2,0.691782,-2.95717,2.01192,2.24535,0.485026,7.3098e-19,2.26698,0.508356,-0.0472286,2.34589,0.506745,0,2.35964,0.560707,-0.0359477
14.02,0.628552,-2.80178,2.65596,0.578785,-2.85127,2.65819,0.656698,-2.92724,2,0.715353,-2.95149,2.01156,2.24142,0.502841,7.3098e-19,2.26237,0.527325,-0.047928,2.34179,0.525358,0,2.35447,0.574162,-0.0357356
14.0301,0.651017,-2.79665,2.65596,0.601386,-2.84591,2.65771,0.68017,-2.92188,2,0.738872,-2.94568,2.01121,2.23732,0.520814,-7.3098e-19,2.25783,0.546301,-0.0483549,2.3375,0.544136,0,2.34934,0.587583,-0.0352644
14.0401,0.673379,-2.79135,2.65596,0.623941,-2.84035,2.65722,0.703532,-2.91634,2,0.76234,-2.93974,2.01086,2.23308,0.538703,0,2.25325,0.565296,-0.0484987,2.33307,0.562826,0,2.34416,0.600994,-0.0345212
14.05,0.695614,-2.78589,2.65596,0.64645,-2.8346,2.65674,0.726763,-2.91064,2,0.785754,-2.93366,2.01052,2.22871,0.556491,0,2.24844,0.584306,-0.0483471,2.32851,0.581411,0,2.33874,0.614402,-0.033493
14.0601,0.717816,-2.78025,2.65596,0.66891,-2.82866,2.65626,0.74996,-2.90475,2,0.809114,-2.92745,2.01019,2.2242,0.574253,0,2.24353,0.603284,-0.047935,2.3238,0.599968,0,2.33323,0.627781,-0.0322161
14.07,0.740128,-2.77439,2.65596,0.69132,-2.82253,2.65578,0.773271,-2.89863,2,0.832418,-2.92111,2.00988,2.21951,0.592102,-7.3098e-19,2.2385,0.622232,-0.0472683,2.3189,0.618616,0,2.32757,0.641152,-0.0306977
14.0801,0.762265,-2.76839,2.65596,0.713679,-2.81622,2.65531,0.796399,-2.89236,2,0.855665,-2.91463,2.00958,2.21471,0.609812,7.3098e-19,2.23327,0.64111,-0.0464117,2.31389,0.637119,0,2.32171,0.654487,-0.0290029
14.09,0.784708,-2.76212,2.65596,0.735984,-2.80971,2.65485,0.819847,-2.8858,2,0.878852,-2.90802,2.0093,2.20969,0.627767,0,2.22777,0.659938,-0.045377,2.30864,0.655878,0,2.31558,0.667822,-0.0271445
14.1,0.806312,-2.75589,2.65596,0.756011,-2.8037,2.65445,0.842418,-2.87929,2,0.899666,-2.90195,2.00906,2.20471,0.645049,0,2.22266,0.676826,-0.0443063,2.30343,0.673934,0,2.3099,0.679819,-0.0253449
14.11,0.828338,-2.74935,2.65596,0.778209,-2.79683,2.65401,0.86543,-2.87246,2,0.922733,-2.89509,2.00882,2.19948,0.66267,7.3098e-19,2.21678,0.695542,-0.0429312,2.29797,0.692344,0,2.30336,0.693163,-0.0231755
14.12,0.850829,-2.74247,2.65596,0.800347,-2.78979,2.65359,0.888928,-2.86528,2,0.945733,-2.88809,2.0086,2.19398,0.680663,0,2.21079,0.714141,-0.0414657,2.29222,0.711143,0,2.29668,0.706456,-0.0209347
14.13,0.872422,-2.73568,2.65596,0.818013,-2.78401,2.65327,0.911488,-2.85818,2,0.968666,-2.88096,2.0084,2.18854,0.697937,-7.3098e-19,2.20586,0.728929,-0.0402332,2.28654,0.729191,0,2.28978,0.719696,-0.0186243
14.14,0.894158,-2.72865,2.65596,0.844439,-2.77513,2.65279,0.934198,-2.85084,2,0.991529,-2.8737,2.00823,2.18292,0.715326,0,2.19838,0.751013,-0.0383036,2.28067,0.747358,0,2.28278,0.732959,-0.0162818
14.15,0.915886,-2.72143,2.65596,0.866392,-2.76753,2.65242,0.956899,-2.8433,2,1.01432,-2.8663,2.00807,2.17715,0.732709,0,2.19212,0.769255,-0.0370229,2.27464,0.765519,0,2.2757,0.746146,-0.0142904
14.16,0.93796,-2.71391,2.65596,0.888281,-2.75975,2.65205,0.979961,-2.83543,2,1.03704,-2.85877,2.00794,2.17112,0.750368,0,2.18581,0.787349,-0.0357369,2.26835,0.783969,0,2.26856,0.759297,-0.0123123
14.1701,0.959676,-2.7063,2.65596,0.910107,-2.75179,2.6517,1.00265,-2.82749,2,1.05969,-2.85112,2.00783,2.16504,0.767741,-7.3098e-19,2.17939,0.805369,-0.0343499,2.26199,0.80212,0,2.26131,0.772518,-0.0102507
14.1802,0.981771,-2.69837,2.65596,0.931869,-2.74364,2.65137,1.02573,-2.8192,2,1.08227,-2.84332,2.00774,2.15869,0.785417,-7.3098e-19,2.17293,0.823377,-0.032865,2.25536,0.820588,0,2.25401,0.785863,-0.0081097
14.19,1.00341,-2.6904,2.65596,0.953566,-2.73532,2.65105,1.04834,-2.81087,2,1.10477,-2.8354,2.00766,2.15232,0.802725,0,2.16641,0.841325,-0.0312864,2.2487,0.838671,0,2.24663,0.799288,-0.00589366
14.2,1.02402,-2.68262,2.65596,0.975196,-2.72682,2.65074,1.06987,-2.80274,2,1.1272,-2.82734,2.00762,2.14609,0.819216,0,2.15973,0.859197,-0.0296628,2.24219,0.8559,0,2.23909,0.812795,-0.00365178
14.2102,1.04627,-2.67402,2.65596,0.99676,-2.71813,2.65045,1.09312,-2.79376,2,1.14955,-2.81914,2.00759,2.13921,0.837016,0,2.15292,0.876944,-0.0280952,2.23501,0.874497,0,2.23144,0.826352,-0.00148559
14.22,1.06681,-2.66589,2.65596,1.01825,-2.70928,2.65018,1.11458,-2.78527,2,1.16738,-2.81249,2.00759,2.13271,0.853445,0,2.14589,0.894564,-0.0264693,2.22821,0.891662,0,2.22516,0.837237,0.000274444
14.23,1.08873,-2.65701,2.65596,1.03968,-2.70024,2.64992,1.13748,-2.77599,2,1.19402,-2.80234,2.00761,2.12561,0.870984,0,2.13868,0.912059,-0.0248417,2.22079,0.909986,0,2.21553,0.853652,0.00290856
14.24,1.10947,-2.64842,2.65596,1.06103,-2.69104,2.64968,1.15915,-2.76702,2,1.21614,-2.79374,2.00765,2.11874,0.887574,0,2.13134,0.929398,-0.0231655,2.21361,0.927319,0,2.20738,0.867373,0.00512552
14.2501,1.13073,-2.63941,2.65596,1.0823,-2.68166,2.64946,1.18136,-2.7576,2,1.23377,-2.78675,2.00769,2.11153,0.904583,1.46196e-18,2.12387,0.946602,-0.0215165,2.20608,0.945089,0,2.20077,0.878385,0.00686134
14.26,1.15169,-2.63034,2.65596,1.1035,-2.6721,2.64925,1.20326,-2.74812,2,1.26012,-2.77611,2.00779,2.10427,0.921349,1.46196e-18,2.11632,0.963745,-0.019872,2.1985,0.962607,0,2.19078,0.895093,0.0094388
14.27,1.1728,-2.62099,2.65596,1.12463,-2.66238,2.64906,1.22532,-2.73836,2,1.28199,-2.76709,2.0079,2.09679,0.938241,1.46196e-18,2.10875,0.980805,-0.0182399,2.19069,0.980255,0,2.18245,0.909153,0.0115507
14.28,1.1935,-2.61163,2.65596,1.14568,-2.65249,2.64889,1.24694,-2.72858,2,1.30377,-2.75793,2.00802,2.0893,0.954798,0,2.10112,0.997813,-0.0166231,2.18286,0.997553,0,2.1741,0.923378,0.0136263
14.29,1.21456,-2.6019,2.65596,1.16665,-2.64243,2.64873,1.26895,-2.71841,2,1.32547,-2.74862,2.00817,2.08152,0.971651,0,2.09348,1.01468,-0.0150158,2.17473,1.01516,0,2.16577,0.937686,0.0156709
14.3,1.23525,-2.59214,2.65596,1.18338,-2.63425,2.64862,1.29056,-2.70822,2,1.34277,-2.74108,2.0083,2.07372,0.988199,-1.46196e-18,2.08745,1.02806,-0.0137028,2.16657,1.03245,0,2.15921,0.949191,0.0173188
14.31,1.25606,-2.58213,2.65596,1.20421,-2.62389,2.64849,1.3123,-2.69775,2,1.36432,-2.73151,2.00848,2.0657,1.00484,0,2.07983,1.0447,-0.0122539,2.1582,1.04984,0,2.15099,0.963702,0.0191674
14.3202,1.27695,-2.57186,2.65596,1.22497,-2.61336,2.64837,1.33413,-2.68703,2,1.38579,-2.7218,2.00868,2.05749,1.02156,1.46196e-18,2.07213,1.06118,-0.0108473,2.14962,1.0673,0,2.1427,0.978236,0.0209553
14.33,1.29712,-2.56174,2.65596,1.24565,-2.60267,2.64827,1.35521,-2.67646,2,1.40717,-2.71195,2.0089,2.04939,1.0377,1.46196e-18,2.06437,1.07753,-0.00941098,2.14117,1.08416,0,2.13438,0.992834,0.022752
14.34,1.31763,-2.55125,2.65596,1.26626,-2.59181,2.64818,1.37664,-2.6655,2,1.42848,-2.70195,2.00914,2.041,1.05411,0,2.05657,1.09373,-0.00798592,2.1324,1.10131,0,2.12605,1.00749,0.0245159
14.35,1.33782,-2.54073,2.65596,1.28679,-2.58079,2.64811,1.39773,-2.6545,2,1.44969,-2.6918,2.00939,2.03258,1.07026,-1.46196e-18,2.04861,1.10981,-0.00657862,2.1236,1.11818,0,2.11763,1.02225,0.0262433
14.36,1.35813,-2.52993,2.65596,1.30723,-2.56962,2.64805,1.41895,-2.64322,2,1.47083,-2.6815,2.00966,2.02394,1.0865,1.46196e-18,2.04055,1.12583,-0.00516353,2.11457,1.13516,0,2.10917,1.03715,0.0279617
14.37,1.37831,-2.51899,2.65596,1.3276,-2.55828,2.64801,1.44003,-2.63179,2,1.49188,-2.67105,2.00995,2.01519,1.10265,-1.46196e-18,2.03226,1.14169,-0.00376885,2.10543,1.15202,0,2.10055,1.05213,0.0296432
14.38,1.39845,-2.50786,2.65596,1.34788,-2.54678,2.64797,1.46108,-2.62016,2,1.51284,-2.66046,2.01026,2.00629,1.11876,1.46196e-18,2.02388,1.15742,-0.00238083,2.09613,1.16886,0,2.09192,1.0672,0.0313012
14.39,1.41857,-2.49654,2.65596,1.36807,-2.53513,2.64796,1.48209,-2.60833,2,1.53371,-2.64971,2.01058,1.99723,1.13486,-1.46196e-18,2.01524,1.17303,-0.00102249,2.08667,1.18567,0,2.08311,1.08237,0.0329129
14.4,1.43866,-2.48502,2.65596,1.38818,-2.52332,2.64795,1.50308,-2.5963,2,1.5545,-2.63881,2.01092,1.98802,1.15092,1.46196e-18,2.00651,1.1885,0.000308639,2.07704,1.20246,0,2.07431,1.09764,0.0344815
14.41,1.45822,-2.47359,2.65596,1.4082,-2.51136,2.64796,1.52352,-2.58436,2,1.5752,-2.62776,2.01127,1.97887,1.16657,1.46196e-18,1.99764,1.20385,0.00161913,2.06749,1.21881,0,2.06544,1.113,0.0360139
14.42,1.47785,-2.46191,2.65596,1.42813,-2.49924,2.64799,1.54403,-2.57215,2,1.59581,-2.61655,2.01164,1.96953,1.18228,-1.46196e-18,1.98872,1.21909,0.00288241,2.05772,1.23523,0,2.05664,1.12847,0.0374839
14.43,1.49753,-2.44999,2.65596,1.44798,-2.48698,2.64802,1.56459,-2.5597,2,1.61633,-2.60519,2.01202,1.95999,1.19802,0,1.97969,1.23414,0.00411353,2.04776,1.25167,0,2.04782,1.14398,0.0389068
14.44,1.51692,-2.43804,2.65596,1.46773,-2.47456,2.64807,1.58484,-2.54721,2,1.63677,-2.59367,2.01241,1.95043,1.21353,-1.46196e-18,1.97039,1.24899,0.00531361,2.03777,1.26787,0,2.03886,1.15952,0.0402851
14.45,1.53656,-2.4257,2.65596,1.48738,-2.462,2.64813,1.60537,-2.53432,2,1.65711,-2.582,2.01282,1.94056,1.22925,0,1.96095,1.26365,0.00646057,2.02746,1.2843,0,2.02986,1.17508,0.0415982
14.46,1.55584,-2.41338,2.65596,1.50695,-2.44929,2.6482,1.6255,-2.52146,2,1.67736,-2.57017,2.01325,1.93071,1.24467,0,1.95143,1.27824,0.00753656,2.01716,1.3004,0,2.02091,1.19082,0.042829
14.47,1.5752,-2.40079,2.65596,1.52641,-2.43643,2.64828,1.64574,-2.5083,2,1.69753,-2.55818,2.01368,1.92063,1.26016,0,1.94179,1.29275,0.00854668,2.00664,1.31659,0,2.01196,1.20667,0.0439837
14.48,1.5943,-2.38815,2.65596,1.54578,-2.42344,2.64837,1.66569,-2.49509,2,1.7176,-2.54603,2.01412,1.91052,1.27544,-1.46196e-18,1.93202,1.30715,0.00951226,1.99607,1.33255,0,2.00302,1.22262,0.0450846
14.4902,1.61448,-2.37456,2.65596,1.56505,-2.41029,2.64847,1.68677,-2.48089,2,1.73759,-2.53373,2.01458,1.89964,1.29158,0,1.92207,1.32151,0.0104151,1.98471,1.34942,0,1.99401,1.23874,0.0461137
14.5,1.63235,-2.36231,2.65596,1.58422,-2.39701,2.64858,1.70544,-2.46809,2,1.75748,-2.52126,2.01505,1.88985,1.30588,1.46196e-18,1.91192,1.3358,0.0112846,1.97447,1.36435,0,1.98493,1.25499,0.0471015
14.51,1.65128,-2.34911,2.65596,1.60329,-2.38358,2.64869,1.72523,-2.4543,2,1.77729,-2.50863,2.01552,1.87929,1.32103,-1.46196e-18,1.9016,1.35003,0.0120675,1.96344,1.38018,0,1.97581,1.27138,0.0479954
14.5202,1.67037,-2.33558,2.65596,1.62225,-2.37001,2.64882,1.74516,-2.44016,2,1.797,-2.49583,2.01601,1.86846,1.33629,0,1.8911,1.36417,0.0127947,1.95213,1.39613,0,1.96664,1.28788,0.0488257
14.53,1.68832,-2.32263,2.65596,1.64111,-2.35629,2.64895,1.76392,-2.42664,2,1.81662,-2.48287,2.0165,1.85811,1.35066,0,1.88042,1.37817,0.0135058,1.94131,1.41114,0,1.95742,1.30442,0.0496316
14.54,1.70719,-2.3088,2.65596,1.65986,-2.34244,2.64909,1.78364,-2.41218,2,1.83615,-2.46974,2.017,1.84704,1.36575,0,1.8696,1.39191,0.0141989,1.92975,1.42691,0,1.94817,1.3209,0.0504127
14.55,1.72546,-2.29518,2.65596,1.6785,-2.32846,2.64923,1.80273,-2.39795,2,1.85558,-2.45645,2.01751,1.83614,1.38037,1.46196e-18,1.85848,1.40555,0.0148226,1.91836,1.44218,0,1.93875,1.33746,0.0511184
14.56,1.74381,-2.28127,2.65596,1.69703,-2.31433,2.64938,1.8219,-2.38342,2,1.87492,-2.44299,2.01802,1.82501,1.39505,-1.46196e-18,1.84717,1.41901,0.0154389,1.90674,1.45752,0,1.92927,1.35403,0.0518133
14.5699,1.76182,-2.26738,2.65596,1.71544,-2.30008,2.64954,1.84072,-2.36892,2,1.89417,-2.42937,2.01854,1.81391,1.40946,0,1.83565,1.43232,0.0160066,1.89513,1.47257,0,1.91969,1.3706,0.0524575
14.58,1.77994,-2.25319,2.65596,1.73374,-2.28569,2.6497,1.85964,-2.35409,2,1.91332,-2.41558,2.01907,1.80255,1.42395,0,1.82397,1.44548,0.0165415,1.88327,1.48772,0,1.91006,1.38717,0.0530671
14.59,1.79812,-2.23871,2.65596,1.75192,-2.27117,2.64987,1.87864,-2.33896,2,1.93237,-2.40163,2.0196,1.79097,1.4385,-1.46196e-18,1.81207,1.45861,0.0170235,1.87116,1.50291,0,1.90033,1.40385,0.053624
14.6,1.81574,-2.22444,2.65596,1.76998,-2.25651,2.65004,1.89705,-2.32405,2,1.95132,-2.3875,2.02014,1.77955,1.4526,-1.46196e-18,1.79998,1.47161,0.0174848,1.85924,1.51764,0,1.8905,1.42054,0.0541619
14.61,1.83409,-2.20934,2.65596,1.78792,-2.24173,2.65022,1.91622,-2.30827,2,1.97018,-2.37322,2.02069,1.76747,1.46727,1.46196e-18,1.78763,1.48453,0.0178724,1.84662,1.53297,0,1.8805,1.43728,0.0546277
14.62,1.85123,-2.19499,2.65596,1.80574,-2.22682,2.6504,1.93413,-2.29328,2,1.98893,-2.35876,2.02124,1.75599,1.48099,1.46196e-18,1.77517,1.4974,0.0181928,1.83463,1.5473,0,1.87047,1.45407,0.0550284
14.63,1.86874,-2.1801,2.65596,1.82342,-2.21179,2.65059,1.95242,-2.27773,2,2.00759,-2.34413,2.02179,1.74408,1.49499,0,1.76248,1.51018,0.0184731,1.82218,1.56194,0,1.8603,1.47089,0.055392
14.64,1.88602,-2.16517,2.65596,1.84098,-2.19662,2.65077,1.97048,-2.26213,2,2.02614,-2.32934,2.02234,1.73214,1.50882,2.92392e-18,1.74964,1.52291,0.0187071,1.8097,1.57638,0,1.85003,1.48775,0.055712
14.65,1.9033,-2.15,2.65596,1.85842,-2.18133,2.65096,1.98853,-2.24627,2,2.04459,-2.31438,2.0229,1.72,1.52264,-1.46196e-18,1.73658,1.53554,0.0188993,1.79702,1.59083,0,1.8396,1.5046,0.0559925
14.66,1.92055,-2.1346,2.65596,1.87572,-2.16591,2.65115,2.00656,-2.23019,2,2.06293,-2.29925,2.02346,1.70768,1.53644,-1.46196e-18,1.7233,1.54806,0.0190754,1.78415,1.60524,0,1.829,1.52143,0.0562587
14.67,1.93747,-2.11926,2.65596,1.89288,-2.15037,2.65134,2.02423,-2.21416,2,2.08117,-2.28395,2.02403,1.69541,1.54997,-2.92392e-18,1.70992,1.56046,0.0192425,1.77133,1.61938,0,1.81833,1.53821,0.0565187
14.68,1.95441,-2.10364,2.65596,1.90991,-2.1347,2.65153,2.04193,-2.19784,2,2.0993,-2.26848,2.02459,1.68292,1.56353,0,1.69645,1.57283,0.019367,1.75828,1.63354,0,1.80759,1.55503,0.056739
14.69,1.97112,-2.088,2.65596,1.92681,-2.11891,2.65173,2.05939,-2.18149,2,2.11732,-2.25285,2.02516,1.6704,1.5769,0,1.68293,1.58506,0.0194632,1.7452,1.64751,0,1.79682,1.57176,0.0569339
14.7002,1.98822,-2.07173,2.65596,1.94357,-2.103,2.65192,2.07725,-2.1645,2,2.13523,-2.23705,2.02573,1.65738,1.59057,1.46196e-18,1.66925,1.59724,0.019543,1.7316,1.6618,0,1.78589,1.58849,0.0571156
14.7101,2.00455,-2.05592,2.65596,1.96019,-2.08697,2.65212,2.09432,-2.14799,2,2.15304,-2.22108,2.0263,1.64474,1.60364,0,1.65543,1.60932,0.0195991,1.71839,1.67545,0,1.77482,1.60516,0.0572785
14.72,2.02085,-2.03991,2.65596,1.97668,-2.07081,2.65232,2.11134,-2.13125,2,2.17073,-2.20495,2.02688,1.63192,1.61668,1.46196e-18,1.64169,1.62139,0.0196505,1.705,1.68907,0,1.76382,1.62185,0.0574428
14.7301,2.03716,-2.02361,2.65596,1.98977,-2.0578,2.65247,2.12839,-2.11423,2,2.1848,-2.19192,2.02734,1.61889,1.62973,1.46196e-18,1.63072,1.63099,0.0197088,1.69138,1.70271,0,1.75502,1.63517,0.0575947
14.74,2.05356,-2.00698,2.65596,2.00924,-2.03815,2.65271,2.14551,-2.09685,2,2.20579,-2.17218,2.02803,1.60558,1.64285,0,1.61441,1.64529,0.0195665,1.67748,1.71641,0,1.74194,1.65503,0.057601
14.75,2.06927,-1.99077,2.65596,2.02211,-2.02495,2.65286,2.16193,-2.07992,2,2.22315,-2.15554,2.0286,1.59262,1.65542,0,1.60351,1.65474,0.0190209,1.66393,1.72955,0,1.73093,1.67142,0.0570349
14.76,2.08505,-1.97423,2.65596,2.04126,-2.005,2.65309,2.17842,-2.06264,2,2.2404,-2.13875,2.02917,1.57939,1.66804,2.92392e-18,1.58699,1.66882,0.017824,1.65011,1.74274,0,1.71978,1.68772,0.0561569
14.7702,2.10101,-1.95724,2.65596,2.05706,-1.98826,2.65326,2.19509,-2.04489,2,2.25755,-2.12179,2.02973,1.5658,1.68081,-1.46196e-18,1.5732,1.68052,0.0165244,1.63591,1.75607,0,1.70857,1.70397,0.0550283
14.78,2.1162,-1.94081,2.65596,2.07272,-1.97139,2.65342,2.21096,-2.02772,2,2.27457,-2.10467,2.03027,1.55265,1.69296,0,1.55927,1.69218,0.0154476,1.62217,1.76877,0,1.69718,1.7202,0.0541294
14.79,2.1317,-1.92377,2.65596,2.08824,-1.95441,2.65357,2.22716,-2.00991,2,2.29149,-2.08739,2.03081,1.53901,1.70536,0,1.54512,1.7038,0.01467,1.60793,1.78173,0,1.68552,1.7364,0.0535292
14.8002,2.14739,-1.90624,2.65596,2.10362,-1.93732,2.65371,2.24355,-1.9916,2,2.30828,-2.06994,2.03134,1.52499,1.71792,2.92392e-18,1.53081,1.71531,0.0141305,1.59328,1.79484,0,1.67362,1.7525,0.0531676
14.81,2.16249,-1.8891,2.65596,2.11886,-1.92011,2.65385,2.25933,-1.97369,2,2.32496,-2.05234,2.03187,1.51128,1.72999,0,1.51635,1.72676,0.0137537,1.57895,1.80746,0,1.66152,1.76855,0.0529712
14.8201,2.17749,-1.87179,2.65596,2.13395,-1.90278,2.65399,2.275,-1.9556,2,2.34151,-2.03457,2.0324,1.49743,1.74199,0,1.50171,1.73817,0.0134866,1.56448,1.82,0,1.64914,1.78453,0.0528881
14.83,2.19215,-1.8546,2.65596,2.14889,-1.88535,2.65412,2.29031,-1.93765,2,2.35794,-2.01665,2.03293,1.48368,1.75372,1.46196e-18,1.48696,1.74955,0.0133118,1.55012,1.83225,0,1.63657,1.80045,0.0529005
14.84,2.20707,-1.83681,2.65596,2.16369,-1.86779,2.65425,2.30591,-1.91906,2,2.37424,-1.99856,2.03346,1.46945,1.76566,1.46196e-18,1.47202,1.76089,0.0131852,1.53525,1.84472,0,1.62371,1.8163,0.0529633
14.8499,2.22143,-1.81942,2.65596,2.17833,-1.85013,2.65438,2.32091,-1.90089,2,2.39042,-1.98032,2.03399,1.45553,1.77715,-1.46196e-18,1.45692,1.77207,0.013094,1.52071,1.85673,0,1.6106,1.83195,0.053064
14.86,2.23608,-1.80139,2.65596,2.19282,-1.83235,2.65451,2.33621,-1.88205,2,2.40645,-1.96192,2.03452,1.44111,1.78886,-1.46196e-18,1.4416,1.78317,0.0130138,1.50564,1.86897,0,1.59716,1.84747,0.0531761
14.87,2.25031,-1.78357,2.65596,2.20716,-1.81447,2.65464,2.35108,-1.86344,2,2.42236,-1.94337,2.03505,1.42686,1.80025,1.46196e-18,1.42625,1.79414,0.0129504,1.49075,1.88087,0,1.58356,1.8628,0.0533045
14.88,2.26471,-1.76526,2.65596,2.22135,-1.79647,2.65477,2.36612,-1.84431,2,2.43813,-1.92467,2.03559,1.41221,1.81177,0,1.41092,1.80509,0.0128991,1.47544,1.8929,0,1.56987,1.87805,0.0534438
14.89,2.27859,-1.74731,2.65596,2.23538,-1.77836,2.6549,2.38062,-1.82555,2,2.45376,-1.90581,2.03612,1.39785,1.82287,0,1.3956,1.81597,0.0128588,1.46044,1.9045,0,1.55607,1.89315,0.0535916
14.9,2.29243,-1.7291,2.65596,2.24926,-1.76015,2.65503,2.39509,-1.80653,2,2.46925,-1.8868,2.03666,1.38328,1.83395,-1.46196e-18,1.38035,1.8268,0.0127887,1.44523,1.91607,0,1.54219,1.90812,0.0537077
14.91,2.30619,-1.71071,2.65596,2.26299,-1.74183,2.65516,2.40946,-1.78731,2,2.4846,-1.86765,2.0372,1.36857,1.84495,0,1.36507,1.83753,0.0127503,1.42985,1.92757,0,1.52817,1.92291,0.0538531
14.9199,2.3197,-1.69235,2.65596,2.27656,-1.7234,2.65529,2.42358,-1.76813,2,2.49981,-1.84835,2.03774,1.35388,1.85576,0,1.34974,1.84813,0.0127237,1.4145,1.93886,0,1.51396,1.93749,0.0540077
14.93,2.33338,-1.67344,2.65596,2.28998,-1.70487,2.65541,2.43786,-1.74838,2,2.51488,-1.8289,2.03828,1.33875,1.8667,-1.46196e-18,1.33436,1.85866,0.0126693,1.3987,1.95029,0,1.49958,1.95192,0.0541332
14.94,2.34673,-1.65466,2.65596,2.30325,-1.68623,2.65554,2.45182,-1.72875,2,2.5298,-1.80931,2.03882,1.32373,1.87739,-1.46196e-18,1.31891,1.86903,0.012628,1.383,1.96145,0,1.48501,1.9661,0.0542701
14.9501,2.36016,-1.63545,2.65596,2.31636,-1.66749,2.65567,2.46585,-1.70868,2,2.54458,-1.78958,2.03936,1.30836,1.88813,0,1.3034,1.87929,0.0126228,1.36695,1.97268,0,1.47024,1.98008,0.0544404
14.96,2.37294,-1.61684,2.65596,2.32932,-1.64864,2.65579,2.4792,-1.68925,2,2.5592,-1.76971,2.03991,1.29348,1.89836,0,1.28772,1.88958,0.012575,1.3514,1.98336,0,1.45519,1.99396,0.054566
14.9701,2.38594,-1.5976,2.65596,2.34211,-1.62969,2.65592,2.49279,-1.66914,2,2.5708,-1.75371,2.04034,1.27808,1.90876,0,1.27193,1.89987,0.0124533,1.33531,1.99423,0,1.44297,2.00499,0.054611
14.98,2.39842,-1.57881,2.65596,2.35224,-1.61446,2.65602,2.50582,-1.6495,2,2.588,-1.72955,2.041,1.26305,1.91874,1.46196e-18,1.25919,1.90808,0.0123223,1.3196,2.00466,0,1.42431,2.02136,0.0546176
14.9901,2.41128,-1.5591,2.65596,2.36723,-1.59149,2.65616,2.51925,-1.62892,2,2.60217,-1.70927,2.04154,1.24728,1.92902,0,1.24012,1.92022,0.0119131,1.30313,2.0154,0,1.40866,2.03468,0.0544024
15,2.4234,-1.54019,2.65596,2.37956,-1.57224,2.65628,2.53192,-1.60916,2,2.61617,-1.68886,2.04209,1.23215,1.93872,0,1.22441,1.93012,0.0112047,1.28733,2.02553,0,1.39303,2.04763,0.0538531
15.01,2.43572,-1.52063,2.65596,2.3893,-1.55677,2.65636,2.54479,-1.58872,2,2.63003,-1.66832,2.04262,1.2165,1.94858,0,1.21177,1.93789,0.0106467,1.27098,2.03583,0,1.37718,2.06027,0.0533201
15.02,2.44753,-1.50154,2.65596,2.40373,-1.53344,2.65649,2.55713,-1.56878,2,2.64372,-1.64766,2.04315,1.20123,1.95803,-1.46196e-18,1.19293,1.94925,0.00942797,1.25503,2.04571,0,1.36132,2.07254,0.0523584
15.0302,2.4598,-1.48136,2.65596,2.41558,-1.51391,2.65657,2.56995,-1.54769,2,2.65725,-1.62687,2.04367,1.18509,1.96784,0,1.17743,1.95869,0.00796376,1.23815,2.05596,0,1.34552,2.08461,0.0510324
15.04,2.47149,-1.46177,2.65596,2.42728,-1.49427,2.65665,2.58217,-1.52723,2,2.67063,-1.60597,2.04417,1.16942,1.97719,-1.46196e-18,1.16177,1.96805,0.00670763,1.22178,2.06573,0,1.32944,2.0965,0.0499022
15.05,2.48301,-1.44213,2.65596,2.43882,-1.47454,2.65671,2.59419,-1.5067,2,2.68384,-1.58494,2.04467,1.1537,1.98641,0,1.14589,1.97729,0.00578019,1.20536,2.07536,0,1.313,2.10816,0.0490757
15.06,2.49442,-1.42229,2.65596,2.45019,-1.45473,2.65676,2.60612,-1.48597,2,2.69689,-1.5638,2.04516,1.13783,1.99554,0,1.12979,1.98646,0.00509548,1.18878,2.0849,0,1.29621,2.11963,0.0484695
15.07,2.50592,-1.40193,2.65596,2.46141,-1.43482,2.65681,2.61814,-1.46471,2,2.70976,-1.54255,2.04564,1.12154,2.00474,0,1.1135,1.99555,0.00458802,1.17177,2.09451,0,1.27909,2.1309,0.0480174
15.08,2.51693,-1.38207,2.65596,2.47246,-1.41482,2.65686,2.62963,-1.44396,2,2.72247,-1.52119,2.04612,1.10566,2.01354,0,1.09709,2.00451,0.00422897,1.15517,2.10371,0,1.26171,2.14191,0.0476869
15.09,2.52807,-1.36158,2.65596,2.48335,-1.39473,2.6569,2.64128,-1.42255,2,2.735,-1.49971,2.04659,1.08926,2.02246,1.46196e-18,1.08055,2.01341,0.00399438,1.13804,2.11302,0,1.24407,2.15271,0.0474541
15.1,2.53867,-1.34171,2.65596,2.49408,-1.37455,2.65694,2.65235,-1.40179,2,2.74735,-1.47813,2.04707,1.07337,2.03094,1.46196e-18,1.06384,2.0223,0.00386397,1.12143,2.12188,0,1.22612,2.16337,0.0472975
15.11,2.54943,-1.32116,2.65596,2.50463,-1.35428,2.65697,2.66359,-1.38032,2,2.75952,-1.45645,2.04754,1.05693,2.03954,0,1.04697,2.03108,0.00374794,1.10426,2.13087,0,1.20788,2.17377,0.047125
15.1201,2.56001,-1.30053,2.65596,2.51295,-1.338,2.657,2.67465,-1.35877,2,2.7715,-1.43466,2.04801,1.04042,2.04801,0,1.03347,2.03802,0.0036765,1.08701,2.13972,0,1.18947,2.18389,0.0469433
15.1302,2.57038,-1.27992,2.65596,2.52523,-1.31349,2.65704,2.68548,-1.33724,2,2.78331,-1.41277,2.04847,1.02394,2.0563,0,1.01325,2.0483,0.00299491,1.06979,2.14838,0,1.171,2.19376,0.0461606
15.14,2.58044,-1.25952,2.65596,2.53528,-1.29296,2.65707,2.69599,-1.31592,2,2.79492,-1.39078,2.04893,1.00762,2.06435,0,0.996657,2.05676,0.0018096,1.05274,2.15679,0,1.15266,2.20332,0.044839
15.15,2.5904,-1.23889,2.65596,2.54516,-1.27235,2.65708,2.7064,-1.29437,2,2.80636,-1.3687,2.04937,0.991116,2.07232,0,0.97993,2.06506,0.000767006,1.0355,2.16512,0,1.13406,2.21257,0.0436235
15.16,2.6002,-1.21819,2.65596,2.55488,-1.25166,2.65709,2.71664,-1.27274,2,2.81761,-1.34653,2.0498,0.974553,2.08016,1.46196e-18,0.96314,2.07323,1.4748e-05,1.01819,2.17331,0,1.11525,2.22158,0.0426459
15.17,2.60997,-1.19712,2.65596,2.56443,-1.23089,2.65708,2.72685,-1.25072,2,2.82866,-1.32427,2.05022,0.957694,2.08798,0,0.946195,2.08133,-0.000544924,1.00058,2.18148,0,1.09615,2.23038,0.041812
15.18,2.61929,-1.17659,2.65596,2.5738,-1.21003,2.65708,2.73658,-1.22927,2,2.83953,-1.30193,2.05064,0.94127,2.09543,-1.46196e-18,0.929256,2.08943,-0.000917818,0.983419,2.18927,0,1.07693,2.23903,0.0411184
15.19,2.62864,-1.15556,2.65596,2.58301,-1.1891,2.65706,2.74635,-1.2073,2,2.8502,-1.27949,2.05105,0.924444,2.10291,0,0.912331,2.0975,-0.00114925,0.96584,2.19708,0,1.05759,2.2475,0.0405186
15.2,2.63777,-1.13455,2.65596,2.59205,-1.16808,2.65705,2.75589,-1.18536,2,2.86068,-1.25698,2.05145,0.907643,2.11022,0,0.895297,2.10538,-0.00130174,0.948287,2.20471,0,1.03802,2.25566,0.0399473
15.21,2.64676,-1.11343,2.65596,2.60092,-1.14699,2.65704,2.76528,-1.16329,2,2.87096,-1.23438,2.05185,0.890748,2.1174,0,0.878252,2.11308,-0.00137535,0.930635,2.21222,0,1.01832,2.2635,0.0394056
15.22,2.65558,-1.09223,2.65596,2.60961,-1.12582,2.65703,2.77449,-1.14114,2,2.88105,-1.21171,2.05224,0.873781,2.12446,-1.46196e-18,0.861287,2.12064,-0.00132377,0.912908,2.21959,0,0.998604,2.27109,0.0389404
15.23,2.6642,-1.07103,2.65596,2.61814,-1.10458,2.65701,2.7835,-1.11899,2,2.89093,-1.18896,2.05263,0.856823,2.13136,-1.46196e-18,0.844309,2.12812,-0.00118218,0.895191,2.2268,0,0.978766,2.27845,0.0385164
15.24,2.67277,-1.04946,2.65596,2.6265,-1.08326,2.657,2.79245,-1.09646,2,2.90062,-1.16614,2.05301,0.839569,2.13821,1.46196e-18,0.827218,2.13553,-0.000989026,0.877164,2.23396,0,0.958722,2.28562,0.0380986
15.25,2.68102,-1.02818,2.65596,2.63469,-1.06187,2.65699,2.80108,-1.07422,2,2.91011,-1.14325,2.05339,0.822546,2.14482,-7.3098e-19,0.810042,2.14276,-0.000826627,0.859379,2.24086,0,0.93851,2.29248,0.0376057
15.26,2.68945,-1.00594,2.65596,2.6427,-1.04041,2.65699,2.80988,-1.05098,2,2.91939,-1.12029,2.05376,0.804748,2.15156,-7.3098e-19,0.792883,2.14982,-0.000627959,0.840784,2.24791,0,0.918234,2.29906,0.0371041
15.27,2.69719,-0.985001,2.65596,2.65054,-1.01887,2.65698,2.81797,-1.02911,2,2.92847,-1.09727,2.05413,0.788001,2.15775,0,0.775676,2.15671,-0.000443832,0.823287,2.25437,0,0.89783,2.30535,0.0365428
15.28,2.70497,-0.96343,2.65596,2.65821,-0.997272,2.65698,2.8261,-1.00657,2,2.93735,-1.07419,2.05449,0.770744,2.16397,0,0.758526,2.16338,-0.000221491,0.805257,2.26088,0,0.877416,2.31128,0.0359787
15.29,2.71281,-0.941122,2.65596,2.66571,-0.975606,2.65698,2.83429,-0.983265,2,2.94602,-1.05104,2.05485,0.752897,2.17025,-7.3098e-19,0.741429,2.16979,7.29714e-06,0.786612,2.26743,0,0.85699,2.31684,0.0353801
15.3,2.71994,-0.920302,2.65596,2.67304,-0.953877,2.65698,2.84174,-0.961513,2,2.95449,-1.02785,2.0552,0.736242,2.17595,0,0.724465,2.17598,0.000273419,0.76921,2.27339,0,0.836642,2.32206,0.0347797
15.31,2.7273,-0.898254,2.65596,2.6802,-0.932087,2.65698,2.84943,-0.938477,2,2.96275,-1.0046,2.05554,0.718603,2.18184,7.3098e-19,0.707517,2.18192,0.000551756,0.750782,2.27955,0,0.81627,2.32692,0.03416
15.32,2.73436,-0.876536,2.65596,2.68719,-0.910239,2.65699,2.8568,-0.915787,2,2.97081,-0.981312,2.05588,0.701229,2.18749,0,0.6906,2.18772,0.000832668,0.73263,2.28544,0,0.795902,2.33151,0.0335152
15.33,2.7414,-0.854272,2.65596,2.69402,-0.888333,2.657,2.86416,-0.892526,2,2.97867,-0.957975,2.05621,0.683417,2.19312,0,0.673528,2.19343,0.00105852,0.714021,2.29133,0,0.775359,2.33591,0.0327907
15.34,2.74813,-0.832352,2.65596,2.70066,-0.866371,2.65701,2.87119,-0.869624,2,2.98632,-0.934595,2.05654,0.665881,2.19851,7.3098e-19,0.656365,2.19896,0.00127732,0.695699,2.29696,0,0.754718,2.34002,0.032039
15.35,2.75477,-0.810114,2.65596,2.70714,-0.844354,2.65702,2.87813,-0.846391,2,2.99376,-0.911175,2.05685,0.648091,2.20382,0,0.639231,2.20426,0.00151066,0.677112,2.3025,0,0.734104,2.34379,0.0312847
15.36,2.76108,-0.788334,2.65596,2.71345,-0.822286,2.65704,2.88472,-0.823635,2,3.001,-0.88772,2.05716,0.630667,2.20887,0,0.622113,2.20937,0.00172929,0.658908,2.30778,0,0.713504,2.34725,0.0304985
15.3701,2.76733,-0.766118,2.65596,2.71959,-0.800168,2.65706,2.89125,-0.800424,2,3.00803,-0.864231,2.05746,0.612894,2.21386,-7.3098e-19,0.605042,2.21426,0.00195807,0.640339,2.313,0,0.692961,2.35039,0.0297095
15.38,2.77334,-0.744077,2.65596,2.72555,-0.778001,2.65708,2.89753,-0.777397,2,3.01486,-0.840713,2.05776,0.595262,2.21867,-7.3098e-19,0.587949,2.21904,0.00220274,0.621917,2.31802,0,0.672418,2.3533,0.0289303
15.39,2.77918,-0.721954,2.65596,2.73134,-0.755787,2.6571,2.90363,-0.754282,2,3.02148,-0.817166,2.05804,0.577563,2.22334,-7.3098e-19,0.57072,2.22376,0.00245247,0.603426,2.3229,0,0.651773,2.35605,0.0281539
15.4,2.78489,-0.699581,2.65596,2.73696,-0.733526,2.65713,2.9096,-0.730908,2,3.0279,-0.793593,2.05832,0.559665,2.22792,7.3098e-19,0.55323,2.22838,0.00262032,0.584726,2.32768,0,0.630907,2.3586,0.0272972
15.41,2.79041,-0.677265,2.65596,2.74241,-0.71122,2.65715,2.91536,-0.707592,2,3.0341,-0.769995,2.05859,0.541812,2.23232,7.3098e-19,0.535581,2.23281,0.00276076,0.566074,2.33229,0,0.609927,2.36087,0.0264166
15.42,2.7957,-0.655063,2.65596,2.74664,-0.693344,2.65718,2.92089,-0.684396,2,3.03891,-0.751102,2.0588,0.52405,2.23656,-7.3098e-19,0.521448,2.2362,0.00286736,0.547517,2.33671,0,0.593161,2.36246,0.0257087
15.4301,2.80101,-0.631971,2.65596,2.75277,-0.66648,2.65721,2.92644,-0.66027,2,3.04588,-0.72274,2.0591,0.505577,2.24081,-7.3098e-19,0.500377,2.24101,0.00275645,0.528216,2.34115,0,0.568207,2.36445,0.0243873
15.4399,2.80578,-0.610457,2.65596,2.75768,-0.644051,2.65724,2.93142,-0.637793,2,3.05146,-0.699088,2.05934,0.488366,2.24462,0,0.482787,2.24488,0.00228649,0.510235,2.34514,0,0.547472,2.36581,0.0229371
15.4501,2.81087,-0.586584,2.65596,2.76242,-0.621583,2.65726,2.93674,-0.612851,2,3.05683,-0.675424,2.05956,0.469267,2.24869,-7.3098e-19,0.465034,2.24859,0.00180874,0.490281,2.34939,0,0.526648,2.36694,0.0214972
15.4599,2.8152,-0.565433,2.65596,2.76698,-0.599079,2.65727,2.94126,-0.590753,2,3.06199,-0.65175,2.05977,0.452347,2.25216,0,0.447102,2.25221,0.00131026,0.472603,2.35301,0,0.505708,2.3679,0.0200472
15.47,2.81967,-0.542679,2.65596,2.77136,-0.57654,2.65728,2.94594,-0.56698,2,3.06694,-0.628067,2.05996,0.434143,2.25574,0,0.429221,2.25566,0.000926632,0.453584,2.35675,0,0.484885,2.36861,0.0187283
15.48,2.82391,-0.520155,2.65596,2.77557,-0.553967,2.65729,2.95037,-0.543447,2,3.07169,-0.604379,2.06014,0.416124,2.25913,0,0.411267,2.25897,0.00065719,0.434758,2.36029,0,0.464051,2.36907,0.0175381
15.49,2.82798,-0.497573,2.65596,2.77959,-0.531361,2.6573,2.95462,-0.519854,2,3.07622,-0.580687,2.06031,0.398058,2.26238,7.3098e-19,0.393288,2.2621,0.000465212,0.415883,2.36369,0,0.44326,2.36927,0.0164413
15.5,2.83187,-0.474909,2.65596,2.78268,-0.513255,2.6573,2.95868,-0.496175,2,3.08055,-0.556994,2.06047,0.379927,2.2655,0,0.378951,2.26442,0.000403679,0.39694,2.36695,0,0.422618,2.36913,0.0154985
15.51,2.83553,-0.452552,2.65596,2.7871,-0.486062,2.6573,2.96251,-0.472817,2,3.08468,-0.533305,2.06062,0.362042,2.26843,3.6549e-19,0.357599,2.26757,-0.000116613,0.378254,2.37001,0,0.402217,2.36865,0.0141323
15.52,2.83911,-0.429516,2.65596,2.79058,-0.463375,2.6573,2.96625,-0.448749,2,3.0886,-0.509623,2.06075,0.343612,2.27129,0,0.339907,2.2699,-0.00108592,0.358999,2.373,0,0.382048,2.3678,0.0123764
15.53,2.84246,-0.406751,2.65596,2.7939,-0.440665,2.65728,2.96975,-0.424965,2,3.09232,-0.48595,2.06087,0.3254,2.27397,0,0.322121,2.27207,-0.00196175,0.339972,2.3758,0,0.361897,2.36674,0.0107527
15.54,2.84562,-0.384083,2.65596,2.79611,-0.424755,2.65727,2.97304,-0.401282,2,3.09549,-0.464654,2.06096,0.307266,2.27649,3.6549e-19,0.309577,2.2736,-0.0024158,0.321025,2.37843,0,0.343705,2.36573,0.00954436
15.55,2.8486,-0.361285,2.65596,2.79882,-0.404284,2.65724,2.97616,-0.377463,2,3.09883,-0.441003,2.06105,0.289028,2.27888,0,0.293534,2.2755,-0.00314876,0.30197,2.38093,0,0.323762,2.36448,0.00794623
15.5601,2.85142,-0.33833,2.65596,2.80167,-0.381518,2.65721,2.9791,-0.35348,2,3.10105,-0.424454,2.0611,0.270664,2.28113,0,0.275716,2.27772,-0.00404381,0.282784,2.38328,0,0.309826,2.3636,0.00690147
15.57,2.85405,-0.315366,2.65596,2.8051,-0.351889,2.65715,2.98185,-0.329488,2,3.10491,-0.393739,2.06118,0.252293,2.28324,0,0.252227,2.28066,-0.00487556,0.26359,2.38548,0,0.283847,2.36173,0.00533813
15.58,2.85644,-0.292882,2.65596,2.80753,-0.329071,2.6571,2.98435,-0.305997,2,3.10765,-0.37013,2.06122,0.234305,2.28515,0,0.234015,2.28288,-0.00548416,0.244797,2.38748,0,0.263873,2.36008,0.00423422
15.5901,2.85875,-0.269431,2.65596,2.80912,-0.313086,2.65706,2.98676,-0.281496,2,3.10944,-0.353614,2.06125,0.215545,2.287,3.6549e-19,0.221178,2.28437,-0.00586336,0.225197,2.38941,0,0.249868,2.35884,0.00353178
15.6002,2.86083,-0.246365,2.65596,2.81124,-0.290232,2.65699,2.98894,-0.257397,2,3.11184,-0.330035,2.06128,0.197092,2.28866,3.6549e-19,0.202946,2.28634,-0.00670779,0.205918,2.39115,0,0.230056,2.35693,0.00225539
15.6101,2.86266,-0.22405,2.65596,2.81318,-0.267359,2.65692,2.99085,-0.234083,2,3.11467,-0.299413,2.0613,0.17924,2.29013,0,0.184818,2.2882,-0.00772005,0.187266,2.39268,0,0.204575,2.35418,0.000487404
15.6201,2.8644,-0.200689,2.65596,2.81494,-0.244468,2.65684,2.99266,-0.209676,2,3.11605,-0.282939,2.0613,0.160551,2.29152,-1.82745e-19,0.166428,2.29016,-0.00857541,0.167741,2.39413,0,0.190756,2.35269,-0.000314225
15.6301,2.8659,-0.177923,2.65596,2.81666,-0.219264,2.65674,2.99424,-0.18589,2,3.11803,-0.257072,2.06129,0.142338,2.29272,0,0.145991,2.29235,-0.00918707,0.148712,2.39539,0,0.169012,2.35024,-0.00121115
15.6401,2.86723,-0.155126,2.65596,2.81802,-0.196331,2.65665,2.99562,-0.162072,2,3.11962,-0.233581,2.06128,0.1241,2.29378,-1.82745e-19,0.127426,2.2943,-0.00957562,0.129658,2.3965,0,0.149389,2.34792,-0.00180432
15.65,2.86839,-0.131782,2.65596,2.81921,-0.173379,2.65655,2.99684,-0.137684,2,3.12102,-0.210115,2.06126,0.105426,2.29471,0,0.108941,2.29611,-0.00972923,0.110147,2.39747,0,0.129957,2.34543,-0.00211763
15.66,2.86934,-0.109373,2.65596,2.8202,-0.150408,2.65645,2.99782,-0.114271,2,3.12222,-0.186673,2.06123,0.0874988,2.29547,-1.82745e-19,0.0903592,2.29789,-0.00967853,0.0914169,2.39826,0,0.110539,2.34292,-0.00218243
15.6699,2.87012,-0.0865107,2.65596,2.82101,-0.127421,2.65636,2.99864,-0.0903846,2,3.12323,-0.163257,2.06121,0.0692086,2.29609,-9.13725e-20,0.0716801,2.29956,-0.00945989,0.0723077,2.39891,0,0.0911483,2.34031,-0.00202727
15.68,2.87071,-0.0637084,2.65596,2.82164,-0.104418,2.65627,2.99926,-0.0665613,2,3.12404,-0.139867,2.06119,0.0509668,2.29657,9.13725e-20,0.0529451,2.30112,-0.00914118,0.053249,2.39941,0,0.0718277,2.33761,-0.00171927
15.69,2.87113,-0.0404564,2.65596,2.822,-0.0860045,2.65619,2.9997,-0.042268,2,3.12467,-0.116505,2.06118,0.0323651,2.29691,4.56862e-20,0.0379841,2.30213,-0.00882592,0.0338144,2.39976,0,0.0526588,2.33464,-0.00127693
15.7001,2.87137,-0.0169611,2.65596,2.82232,-0.0583717,2.65609,2.99995,-0.0177206,2,3.1251,-0.0931748,2.06117,0.0135689,2.2971,-2.28431e-20,0.0157809,2.30328,-0.00877169,0.0141765,2.39996,0,0.0338626,2.33146,-0.00121761
15.71,2.87141,0.00534297,2.65596,2.82239,-0.0353348,2.656,2.99999,0.00558223,2,3.12535,-0.0698765,2.06115,-0.00427438,2.29713,-5.71078e-21,-0.0025522,2.30405,-0.0092998,-0.00446578,2.4,0,0.0153622,2.32816,-0.00157616
15.7201,2.87128,0.0285924,2.65596,2.82227,-0.0122916,2.6559,2.99985,0.0298727,2,3.12541,-0.0466121,2.06114,-0.0228739,2.29702,2.28431e-20,-0.0208517,2.30457,-0.00978009,-0.0238982,2.39988,0,-0.00296179,2.32471,-0.00182417
15.7302,2.87096,0.0514998,2.65596,2.82197,0.0107559,2.6558,2.99952,0.053806,2,3.12529,-0.0233827,2.06112,-0.0411999,2.29677,0,-0.0393614,2.3049,-0.0100575,-0.0430448,2.39961,0,-0.0213814,2.32117,-0.00182061
15.7399,2.87046,0.0740675,2.65596,2.82148,0.0338062,2.6557,2.999,0.0773842,2,3.12498,-0.000188715,2.0611,-0.059254,2.29637,0,-0.0578689,2.30512,-0.0101238,-0.0619074,2.3992,0,-0.0396703,2.3176,-0.00154812
15.7499,2.86978,0.0969289,2.65596,2.82081,0.0568578,2.6556,2.99829,0.101269,2,3.12449,0.0229691,2.06109,-0.0775431,2.29583,0,-0.0763386,2.30519,-0.0100168,-0.0810155,2.39863,0,-0.0577888,2.31397,-0.0010418
15.76,2.86892,0.119881,2.65596,2.81996,0.0799098,2.6555,2.99738,0.125249,2,3.12382,0.0460909,2.06108,-0.0959045,2.29513,0,-0.0948251,2.30522,-0.00979551,-0.100199,2.39791,0,-0.0757969,2.31041,-0.000363925
15.77,2.86784,0.143355,2.65596,2.81892,0.102962,2.65541,2.99626,0.149775,2,3.12298,0.0691774,2.06108,-0.114684,2.29427,-1.82745e-19,-0.113337,2.30512,-0.0094363,-0.11982,2.39701,0,-0.0936955,2.30687,0.000513417
15.78,2.86662,0.165981,2.65596,2.81769,0.126012,2.65532,2.99498,0.173413,2,3.12195,0.0922279,2.06109,-0.132784,2.29329,0,-0.131961,2.30481,-0.00903695,-0.13873,2.39599,0,-0.111566,2.30324,0.00149551
15.79,2.8652,0.188961,2.65596,2.81628,0.149057,2.65523,2.9935,0.197423,2,3.12075,0.115242,2.06111,-0.151169,2.29216,0,-0.150599,2.30433,-0.00852848,-0.157938,2.3948,0,-0.129308,2.2996,0.00265216
15.8,2.8636,0.21173,2.65596,2.81468,0.172098,2.65514,2.99183,0.221211,2,3.11936,0.13822,2.06114,-0.169384,2.29088,-3.6549e-19,-0.169308,2.30371,-0.00799519,-0.176969,2.39347,0,-0.146982,2.29597,0.00389816
15.8099,2.86181,0.234717,2.65596,2.81289,0.195131,2.65507,2.98996,0.245228,2,3.11813,0.156576,2.06118,-0.187774,2.28945,-1.82745e-19,-0.188123,2.30297,-0.00750804,-0.196182,2.39197,0,-0.161097,2.29309,0.00490944
15.82,2.85983,0.257714,2.65596,2.81091,0.218157,2.65499,2.98789,0.269254,2,3.11607,0.184068,2.06125,-0.206171,2.28786,0,-0.207102,2.30219,-0.00708297,-0.215403,2.39031,0,-0.182295,2.28893,0.00642746
15.83,2.85769,0.280424,2.65596,2.80875,0.241175,2.65493,2.98566,0.292981,2,3.11416,0.206941,2.06132,-0.224339,2.28615,3.6549e-19,-0.226309,2.30145,-0.00671819,-0.234385,2.38853,0,-0.200058,2.28571,0.00769597
15.84,2.85532,0.303635,2.65596,2.80639,0.264186,2.65486,2.98318,0.317232,2,3.1125,0.225217,2.06138,-0.242908,2.28426,0,-0.245488,2.30068,-0.00637126,-0.253785,2.38654,0,-0.214174,2.28324,0.00873205
15.85,2.85284,0.326121,2.65596,2.80384,0.287188,2.6548,2.98059,0.340725,2,3.10981,0.252594,2.0615,-0.260897,2.28227,0,-0.264545,2.29982,-0.00598898,-0.27258,2.38447,0,-0.235044,2.27968,0.0103996
15.86,2.85011,0.349139,2.65596,2.8011,0.310182,2.65474,2.97774,0.364773,2,3.10737,0.275377,2.06161,-0.279311,2.28009,0,-0.28369,2.29882,-0.00563862,-0.291818,2.38219,0,-0.252403,2.27678,0.01181
15.8701,2.84716,0.372428,2.65596,2.79816,0.333164,2.65469,2.97466,0.389105,2,3.10476,0.29813,2.06173,-0.297942,2.27773,-3.6549e-19,-0.302898,2.29754,-0.00534176,-0.311284,2.37973,0,-0.26972,2.27384,0.0132139
15.88,2.84415,0.39479,2.65596,2.79504,0.356132,2.65463,2.97151,0.412469,2,3.10198,0.320853,2.06187,-0.315832,2.27532,-3.6549e-19,-0.322237,2.29601,-0.00509251,-0.329975,2.37721,0,-0.287067,2.27089,0.0146147
15.89,2.84061,0.419512,2.65596,2.79172,0.379084,2.65458,2.96781,0.438297,2,3.09902,0.343548,2.06203,-0.335609,2.27249,3.6549e-19,-0.341492,2.29431,-0.0048726,-0.350638,2.37425,0,-0.304226,2.26799,0.0160317
15.9,2.83751,0.439958,2.65596,2.78821,0.402017,2.65454,2.96458,0.459659,2,3.09589,0.366213,2.06219,-0.351967,2.27001,0,-0.360814,2.29239,-0.00474657,-0.367727,2.37166,0,-0.321363,2.26511,0.0173946
15.91,2.83393,0.462514,2.65596,2.7845,0.424931,2.65449,2.96083,0.483225,2,3.09259,0.38885,2.06238,-0.370011,2.26714,3.6549e-19,-0.380087,2.29021,-0.00470774,-0.38658,2.36866,0,-0.338359,2.2622,0.0187113
15.92,2.83007,0.485552,2.65596,2.78061,0.447821,2.65444,2.9568,0.507295,2,3.08912,0.411458,2.06257,-0.388442,2.26406,3.6549e-19,-0.399586,2.28784,-0.00480011,-0.405836,2.36544,0,-0.355502,2.25935,0.0199297
15.93,2.82612,0.508043,2.65596,2.77651,0.470687,2.65439,2.95267,0.530793,2,3.08548,0.434037,2.06277,-0.406435,2.26089,0,-0.419239,2.28525,-0.00492163,-0.424635,2.36214,0,-0.37273,2.25653,0.0211463
15.94,2.82194,0.530772,2.65596,2.77222,0.493526,2.65434,2.9483,0.55454,2,3.08167,0.456589,2.06299,-0.424618,2.25755,7.3098e-19,-0.438912,2.28254,-0.00501845,-0.443632,2.35864,0,-0.389917,2.25384,0.0224131
15.95,2.81761,0.553265,2.65596,2.76773,0.516337,2.65429,2.94378,0.57804,2,3.07768,0.479114,2.06322,-0.442612,2.25409,0,-0.458578,2.27966,-0.0051067,-0.462432,2.35503,0,-0.407048,2.25122,0.0237062
15.96,2.81316,0.575495,2.65596,2.76305,0.539118,2.65424,2.93913,0.601266,2,3.07353,0.501613,2.06347,-0.460396,2.25053,0,-0.478221,2.27655,-0.00519236,-0.481013,2.3513,0,-0.42412,2.24861,0.0250138
15.97,2.8084,0.59829,2.65596,2.75817,0.561867,2.65419,2.93416,0.625082,2,3.0692,0.524086,2.06372,-0.478632,2.24672,0,-0.497902,2.27324,-0.00527665,-0.500065,2.34733,0,-0.441201,2.24606,0.0263296
15.98,2.80361,0.620338,2.65596,2.75309,0.584582,2.65413,2.92915,0.648117,2,3.0647,0.546534,2.06399,-0.496271,2.24289,0,-0.517579,2.26971,-0.00537802,-0.518493,2.34332,0,-0.458263,2.24356,0.0276285
15.99,2.79854,0.642841,2.65596,2.74782,0.607261,2.65408,2.92385,0.671627,2,3.06004,0.568958,2.06427,-0.514273,2.23883,0,-0.537356,2.26595,-0.00552894,-0.537302,2.33908,0,-0.475417,2.24107,0.0288742
16,2.7933,0.665243,2.65596,2.74234,0.629901,2.65402,2.91838,0.695033,2,3.0552,0.591356,2.06457,-0.532195,2.23464,0,-0.557204,2.26206,-0.00568283,-0.556026,2.3347,0,-0.492648,2.23872,0.0301066
16.0099,2.78788,0.687579,2.65596,2.73667,0.652501,2.65397,2.91272,0.718368,2,3.05018,0.613732,2.06488,-0.550063,2.23031,-7.3098e-19,-0.576908,2.25807,-0.00583278,-0.574695,2.33018,0,-0.509748,2.23651,0.0313276
16.02,2.78229,0.709883,2.65596,2.73081,0.675061,2.65391,2.90688,0.741671,2,3.045,0.636086,2.0652,-0.567906,2.22583,7.3098e-19,-0.596497,2.25381,-0.00598656,-0.593337,2.3255,0,-0.526766,2.23429,0.032521
16.03,2.77655,0.731987,2.65596,2.72474,0.697577,2.65385,2.90089,0.764765,2,3.03965,0.658419,2.06553,-0.58559,2.22124,-7.3098e-19,-0.616257,2.24935,-0.00623824,-0.611812,2.32071,0,-0.544,2.23213,0.0335843
16.04,2.77052,0.754481,2.65596,2.71848,0.720047,2.65378,2.89459,0.788266,2,3.03412,0.680729,2.06587,-0.603585,2.21642,0,-0.63603,2.24469,-0.00651335,-0.630613,2.31567,0,-0.561299,2.23003,0.0345892
16.05,2.76439,0.776662,2.65596,2.71202,0.74247,2.65372,2.88818,0.81144,2,3.02842,0.703019,2.06622,-0.621329,2.21151,7.3098e-19,-0.655803,2.23978,-0.00683833,-0.649152,2.31054,0,-0.578664,2.22792,0.0355018
16.06,2.75799,0.799082,2.65596,2.70536,0.764842,2.65365,2.88149,0.834864,2,3.02255,0.725288,2.06658,-0.639265,2.20639,0,-0.675674,2.23458,-0.00719882,-0.667891,2.30519,0,-0.596212,2.22577,0.0363267
16.07,2.75167,0.820585,2.65596,2.69851,0.787161,2.65357,2.87489,0.85733,2,3.0165,0.747534,2.06694,-0.656468,2.20134,0,-0.695386,2.22914,-0.00755602,-0.685864,2.29991,0,-0.6137,2.22361,0.0370967
16.08,2.74486,0.843097,2.65596,2.69146,0.809424,2.65349,2.86777,0.88085,2,3.01027,0.76976,2.06732,-0.674477,2.19589,7.3098e-19,-0.714936,2.22356,-0.00794932,-0.70468,2.29422,0,-0.631137,2.22154,0.0377654
16.09,2.73818,0.864523,2.65596,2.68421,0.831631,2.65341,2.8608,0.903236,2,3.00388,0.791965,2.0677,-0.691618,2.19055,7.3098e-19,-0.734282,2.21776,-0.0083201,-0.722589,2.28864,0,-0.648496,2.21946,0.0383846
16.1,2.73107,0.886736,2.65596,2.67677,0.853779,2.65333,2.85337,0.926443,2,2.9973,0.814149,2.06809,-0.709388,2.18486,7.3098e-19,-0.7535,2.21168,-0.00868507,-0.741154,2.28269,0,-0.665858,2.21731,0.0389338
16.1101,2.72392,0.908459,2.65596,2.66914,0.875864,2.65324,2.8459,0.949139,2,2.99056,0.836311,2.06848,-0.726767,2.17914,-7.3098e-19,-0.772727,2.20528,-0.00904674,-0.759311,2.27672,0,-0.68337,2.21507,0.0394069
16.12,2.71662,0.930053,2.65596,2.66132,0.897883,2.65315,2.83827,0.9717,2,2.98364,0.85845,2.06887,-0.744043,2.1733,0,-0.791976,2.19859,-0.00937956,-0.77736,2.27062,0,-0.701048,2.21273,0.0398272
16.13,2.70895,0.952183,2.65596,2.6533,0.919835,2.65305,2.83025,0.994821,2,2.97654,0.880566,2.06927,-0.761746,2.16716,0,-0.811187,2.19176,-0.0096922,-0.795857,2.2642,0,-0.718844,2.21044,0.0401806
16.1399,2.70133,0.973578,2.65596,2.64509,0.941717,2.65295,2.8223,1.01717,2,2.96926,0.902658,2.06968,-0.778862,2.16107,0,-0.830319,2.18467,-0.00996746,-0.813739,2.25784,0,-0.736731,2.20807,0.0404786
16.15,2.69344,0.995216,2.65596,2.63754,0.96135,2.65286,2.81405,1.03978,2,2.96256,0.922521,2.07004,-0.796172,2.15475,0,-0.847289,2.17807,-0.0101274,-0.831825,2.25124,0,-0.752735,2.20585,0.0407506
16.1599,2.68558,1.01622,2.65596,2.62898,0.983093,2.65276,2.80584,1.06173,2,2.95494,0.944567,2.07045,-0.812976,2.14847,1.46196e-18,-0.865625,2.17049,-0.0101908,-0.84938,2.24467,0,-0.770177,2.20326,0.0410704
16.17,2.67727,1.03791,2.65596,2.62023,1.00476,2.65266,2.79716,1.08439,2,2.94715,0.966586,2.07086,-0.83033,2.14182,7.3098e-19,-0.883863,2.16275,-0.0102858,-0.867511,2.23773,0,-0.787703,2.20063,0.0412632
16.18,2.66902,1.05896,2.65596,2.6113,1.02635,2.65256,2.78853,1.10638,2,2.93919,0.988579,2.07128,-0.847172,2.13521,0,-0.902052,2.15479,-0.0103267,-0.885108,2.23083,0,-0.80535,2.19788,0.0414206
16.19,2.6603,1.08067,2.65596,2.60494,1.04141,2.65248,2.77943,1.12906,2,2.93351,1.00396,2.07157,-0.864537,2.12824,0,-0.914762,2.14905,-0.0103514,-0.903251,2.22354,0,-0.817782,2.19586,0.0414818
16.2001,2.65144,1.10223,2.65596,2.5929,1.06928,2.65235,2.77017,1.15159,2,2.92272,1.03248,2.07211,-0.881786,2.12115,0,-0.937876,2.13813,-0.0108911,-0.921272,2.21614,0,-0.840619,2.19191,0.0409811
16.21,2.64279,1.12281,2.65596,2.58343,1.09062,2.65223,2.76113,1.17309,2,2.91423,1.05438,2.07251,-0.89825,2.11423,-1.46196e-18,-0.955104,2.12953,-0.0119047,-0.938473,2.20891,0,-0.857814,2.18866,0.0399139
16.2201,2.63367,1.14404,2.65596,2.5738,1.11187,2.65211,2.7516,1.19527,2,2.90557,1.07625,2.0729,-0.915234,2.10694,0,-0.97227,2.12078,-0.0127678,-0.956218,2.20128,0,-0.87512,2.18532,0.0389116
16.2301,2.62427,1.16544,2.65596,2.56399,1.13303,2.65198,2.74178,1.21763,2,2.89673,1.09809,2.07329,-0.932355,2.09942,0,-0.989471,2.1119,-0.0133768,-0.974106,2.19343,0,-0.89267,2.1819,0.0380555
16.2402,2.61472,1.18672,2.65596,2.55702,1.14779,2.65188,2.7318,1.23986,2,2.89044,1.11335,2.07355,-0.949377,2.09177,0,-1.00147,2.10564,-0.0136534,-0.991889,2.18544,0,-0.905033,2.1795,0.037546
16.25,2.60535,1.20715,2.65596,2.54386,1.17509,2.6517,2.72202,1.2612,2,2.8813,1.13513,2.07393,-0.965716,2.08428,1.46196e-18,-1.02324,2.09383,-0.0143224,-1.00896,2.17761,0,-0.922531,2.1759,0.0366952
16.26,2.59562,1.22792,2.65596,2.53354,1.19598,2.65156,2.71185,1.28291,2,2.86916,1.16339,2.07439,-0.982339,2.0765,0,-1.03978,2.08478,-0.0154187,-1.02633,2.16948,0,-0.945129,2.17118,0.0347377
16.27,2.5858,1.24848,2.65596,2.52306,1.21678,2.6514,2.70159,1.30438,2,2.85962,1.18508,2.07473,-0.998783,2.06864,0,-1.0564,2.07567,-0.0163307,-1.04351,2.16127,0,-0.962798,2.16747,0.033249
16.2799,2.57583,1.26892,2.65596,2.51242,1.23749,2.65123,2.69117,1.32574,2,2.8499,1.20673,2.07506,-1.01514,2.06066,0,-1.07301,2.06637,-0.0169607,-1.06059,2.15294,0,-0.980679,2.16357,0.0319331
16.2899,2.56527,1.29013,2.65596,2.5016,1.25811,2.65106,2.68014,1.3479,2,2.84001,1.22835,2.07537,-1.0321,2.05222,0,-1.08969,2.05693,-0.0173199,-1.07832,2.14412,0,-0.998847,2.15951,0.0307786
16.3,2.55495,1.31045,2.65596,2.49062,1.27863,2.65088,2.66936,1.36913,2,2.82993,1.24992,2.07567,-1.04836,2.04396,0,-1.1064,2.0473,-0.017484,-1.0953,2.13549,0,-1.01725,2.15524,0.029717
16.31,2.54462,1.33041,2.65596,2.47947,1.29906,2.65071,2.65856,1.38998,2,2.81966,1.27145,2.07596,-1.06432,2.03569,0,-1.12308,2.03767,-0.0174762,-1.11198,2.12685,0,-1.03583,2.15091,0.0287303
16.32,2.53392,1.35066,2.65596,2.46816,1.31939,2.65053,2.64739,1.41114,2,2.80921,1.29294,2.07625,-1.08053,2.02714,-1.46196e-18,-1.13963,2.02802,-0.0172724,-1.12891,2.11791,0,-1.05447,2.14647,0.0278433
16.33,2.52284,1.37126,2.65596,2.45668,1.33962,2.65036,2.63581,1.43266,2,2.79857,1.31438,2.07652,-1.097,2.01827,1.46196e-18,-1.15596,2.01821,-0.0168986,-1.14613,2.10865,0,-1.07311,2.1418,0.0270297
16.34,2.51182,1.39134,2.65596,2.44504,1.35975,2.6502,2.6243,1.45364,2,2.78775,1.33578,2.07679,-1.11307,2.00945,-1.46196e-18,-1.17219,2.00832,-0.0164535,-1.16291,2.09944,0,-1.09184,2.13694,0.0261924
16.35,2.50067,1.41128,2.65596,2.43324,1.37978,2.65004,2.61265,1.47447,2,2.77673,1.35712,2.07705,-1.12902,2.00054,1.46196e-18,-1.18819,1.99831,-0.015888,-1.17958,2.09012,0,-1.11052,2.13186,0.0253913
16.36,2.48931,1.43123,2.65596,2.42128,1.39972,2.64988,2.60078,1.49532,2,2.76554,1.37841,2.0773,-1.14498,1.99144,0,-1.20413,1.98819,-0.0153255,-1.19625,2.08062,0,-1.12932,2.12656,0.0245098
16.37,2.47766,1.45129,2.65596,2.41281,1.41361,2.64977,2.58861,1.51628,2,2.75758,1.39329,2.07746,-1.16103,1.98213,0,-1.21517,1.98105,-0.0149044,-1.21302,2.07089,0,-1.14245,2.1227,0.0238749
16.38,2.46613,1.47081,2.65596,2.39688,1.43928,2.64958,2.57656,1.53667,2,2.74258,1.42083,2.07777,-1.17664,1.9729,0,-1.23507,1.96784,-0.0146186,-1.22933,2.06125,0,-1.16641,2.11539,0.0221284
16.39,2.45417,1.49068,2.65596,2.38446,1.4589,2.64944,2.56406,1.55743,2,2.73082,1.44196,2.07798,-1.19254,1.96333,1.46196e-18,-1.25014,1.95798,-0.0149576,-1.24594,2.05125,0,-1.18469,2.10983,0.0202042
16.4,2.44223,1.51015,2.65596,2.37188,1.47844,2.64928,2.5516,1.57777,2,2.71888,1.46303,2.07817,-1.20812,1.95379,1.46196e-18,-1.26523,1.94809,-0.0152704,-1.26222,2.04128,0,-1.20313,2.10406,0.018255
16.41,2.43004,1.5297,2.65596,2.35915,1.49787,2.64913,2.53885,1.5982,2,2.70676,1.48404,2.07834,-1.22376,1.94403,0,-1.28038,1.93818,-0.0154263,-1.27856,2.03108,0,-1.22178,2.09816,0.0163853
16.4201,2.41755,1.54936,2.65596,2.35015,1.51141,2.64902,2.5258,1.61874,2,2.69444,1.50499,2.0785,-1.23949,1.93404,0,-1.29097,1.93116,-0.015441,-1.29499,2.02064,0,-1.24054,2.09197,0.0146176
16.43,2.40525,1.56838,2.65596,2.33324,1.53643,2.64882,2.51296,1.63861,2,2.68195,1.52588,2.07863,-1.25471,1.9242,-1.46196e-18,-1.31036,1.91788,-0.0159417,-1.31089,2.01036,0,-1.25917,2.08541,0.012263
16.4401,2.39253,1.58772,2.65596,2.32007,1.55556,2.64866,2.49967,1.65882,2,2.66926,1.5467,2.07874,-1.27018,1.91402,1.46196e-18,-1.32502,1.90762,-0.0168646,-1.32705,1.99973,0,-1.27766,2.07862,0.00949618
16.45,2.37972,1.60686,2.65596,2.30674,1.57458,2.64848,2.48628,1.67882,2,2.65639,1.56745,2.07882,-1.28549,1.90377,0,-1.33967,1.89725,-0.0176082,-1.34305,1.98902,0,-1.29625,2.07155,0.00686003
16.4601,2.36645,1.62634,2.65596,2.29327,1.5935,2.6483,2.47242,1.69916,2,2.64727,1.58193,2.07887,-1.30107,1.89316,0,-1.35435,1.88672,-0.0180775,-1.35933,1.97793,0,-1.30937,2.06641,0.00513725
16.47,2.35387,1.64448,2.65596,2.27966,1.61231,2.64812,2.45928,1.71812,2,2.63009,1.60873,2.07891,-1.31559,1.8831,1.46196e-18,-1.36908,1.87606,-0.018286,-1.3745,1.96742,0,-1.33396,2.05648,0.00219648
16.48,2.34052,1.66344,2.65596,2.26589,1.63102,2.64794,2.44532,1.73793,2,2.61666,1.62926,2.07892,-1.33075,1.87241,1.46196e-18,-1.38384,1.86542,-0.0183563,-1.39034,1.95626,0,-1.35304,2.04863,6.22345e-05
16.49,2.327,1.68229,2.65596,2.25617,1.64405,2.64781,2.4312,1.75763,2,2.60303,1.6497,2.07891,-1.34584,1.8616,0,-1.39419,1.85794,-0.018322,-1.4061,1.94496,0,-1.37224,2.04053,-0.00198003
16.5,2.31367,1.70059,2.65596,2.23792,1.66812,2.64757,2.41727,1.77674,2,2.58921,1.67007,2.07888,-1.36047,1.85093,0,-1.41295,1.84394,-0.0186012,-1.42139,1.93382,0,-1.39107,2.03218,-0.00443829
16.5101,2.29968,1.71946,2.65596,2.22799,1.681,2.64744,2.40266,1.79645,2,2.57943,1.68427,2.07884,-1.37557,1.83974,-1.46196e-18,-1.42287,1.83635,-0.0190322,-1.43716,1.92212,0,-1.40415,2.02616,-0.00636918
16.52,2.2858,1.73786,2.65596,2.20938,1.70478,2.64719,2.38816,1.81568,2,2.56102,1.71054,2.07874,-1.39029,1.82864,2.92392e-18,-1.44072,1.822,-0.0202194,-1.45255,1.91052,0,-1.42793,2.01444,-0.0103601
16.53,2.27219,1.75563,2.65596,2.19491,1.72294,2.64698,2.37393,1.83424,2,2.54665,1.73063,2.07862,-1.4045,1.81775,-1.46196e-18,-1.45411,1.8108,-0.0211651,-1.46739,1.89915,0,-1.44594,2.00505,-0.0134798
16.54,2.25804,1.77378,2.65596,2.1803,1.74099,2.64676,2.35915,1.85321,2,2.5321,1.75064,2.07847,-1.41902,1.80643,-1.46196e-18,-1.46754,1.79942,-0.0218006,-1.48257,1.88732,0,-1.46406,1.99529,-0.016321
16.55,2.24371,1.79187,2.65596,2.16704,1.75714,2.64657,2.34418,1.87211,2,2.52328,1.76259,2.07837,-1.4335,1.79497,1.46196e-18,-1.47968,1.78915,-0.0220797,-1.49769,1.87535,0,-1.47504,1.98936,-0.0178921
16.5601,2.22873,1.81048,2.65596,2.15664,1.76964,2.64641,2.32853,1.89155,2,2.50844,1.78243,2.07817,-1.44838,1.78298,-1.46196e-18,-1.48898,1.781,-0.0221033,-1.51324,1.86282,0,-1.49319,1.97913,-0.0202475
16.57,2.21484,1.82744,2.65596,2.14169,1.78739,2.64619,2.31402,1.90927,2,2.48888,1.80807,2.07789,-1.46195,1.77187,-1.46196e-18,-1.50212,1.76924,-0.02226,-1.52741,1.85122,0,-1.51655,1.96535,-0.0234763
16.58,2.20018,1.84507,2.65596,2.12205,1.81029,2.6459,2.2987,1.92769,2,2.47822,1.8218,2.07772,-1.47605,1.76014,-1.46196e-18,-1.5191,1.75405,-0.0228457,-1.54215,1.83896,0,-1.52902,1.95783,-0.0253809
16.5901,2.18499,1.86303,2.65596,2.11139,1.82254,2.64574,2.28283,1.94645,2,2.46284,1.84133,2.07745,-1.49042,1.74799,0,-1.52819,1.74577,-0.0231982,-1.55716,1.82627,0,-1.5468,1.94675,-0.0280604
16.5999,2.17042,1.87998,2.65596,2.09604,1.83994,2.6455,2.26761,1.96416,2,2.44728,1.86074,2.07716,-1.50398,1.73634,1.46196e-18,-1.54068,1.73377,-0.0239401,-1.57133,1.81409,0,-1.56402,1.93529,-0.0309889
16.61,2.15513,1.89749,2.65596,2.08057,1.85721,2.64526,2.25163,1.98246,2,2.42681,1.8858,2.07673,-1.51799,1.7241,1.46196e-18,-1.55286,1.72164,-0.0248164,-1.58597,1.80131,0,-1.58601,1.91986,-0.0348403
16.62,2.13994,1.9146,2.65596,2.06498,1.87437,2.64501,2.23576,2.00034,2,2.41567,1.89921,2.07648,-1.53168,1.71195,0,-1.56518,1.70938,-0.0251587,-1.60027,1.78861,0,-1.59792,1.91133,-0.0365317
16.6302,2.12418,1.93208,2.65596,2.04927,1.8914,2.64476,2.2193,2.01859,2,2.3996,1.91826,2.0761,-1.54566,1.69934,1.46196e-18,-1.57769,1.69718,-0.0251455,-1.61487,1.77544,0,-1.61506,1.89901,-0.0386342
16.64,2.10905,1.94858,2.65596,2.03343,1.90831,2.64451,2.20349,2.03583,2,2.38336,1.93718,2.07571,-1.55886,1.68724,0,-1.59027,1.68491,-0.0248693,-1.62867,1.76279,0,-1.63221,1.88643,-0.0404413
16.65,2.09317,1.96563,2.65596,2.01746,1.9251,2.64426,2.1869,2.05365,2,2.36696,1.95599,2.0753,-1.5725,1.67453,-1.46196e-18,-1.60294,1.67264,-0.0243861,-1.64292,1.74952,0,-1.64938,1.87363,-0.0420021
16.66,2.07746,1.98223,2.65596,2.00137,1.94176,2.64402,2.17048,2.07099,2,2.35038,1.97466,2.07487,-1.58578,1.66196,1.46196e-18,-1.6157,1.66034,-0.0237588,-1.65679,1.73639,0,-1.66658,1.8606,-0.0433812
16.6699,2.06158,1.99874,2.65596,1.98515,1.95831,2.64378,2.15389,2.08824,2,2.32857,1.99873,2.0743,-1.59899,1.64926,-2.92392e-18,-1.62844,1.64791,-0.0230175,-1.67059,1.72311,0,-1.68876,1.84318,-0.0449415
16.6801,2.04528,2.01541,2.65596,1.9688,1.97472,2.64356,2.13687,2.10566,2,2.3167,2.0116,2.07398,-1.61233,1.63622,-1.46196e-18,-1.64111,1.63537,-0.0221865,-1.68453,1.70949,0,-1.70062,1.83359,-0.0457034
16.69,2.02941,2.03139,2.65596,1.95233,1.99101,2.64334,2.12028,2.12236,2,2.29961,2.02987,2.07352,-1.62511,1.62353,4.38588e-18,-1.65361,1.62262,-0.021278,-1.69789,1.69623,0,-1.71733,1.81955,-0.0466825
16.7,2.01334,2.04732,2.65596,1.93573,2.00717,2.64313,2.1035,2.13899,2,2.27715,2.0534,2.0729,-1.63785,1.61067,0,-1.66599,1.60988,-0.0203305,-1.71119,1.6828,0,-1.7387,1.801,-0.047815
16.7102,1.99628,2.06396,2.65596,1.91901,2.02321,2.64294,2.08567,2.15638,2,2.26494,2.06597,2.07256,-1.65117,1.59702,0,-1.67808,1.59712,-0.0192868,-1.72511,1.66853,0,-1.7499,1.79088,-0.0483235
16.72,1.98002,2.07956,2.65596,1.89709,2.04386,2.64269,2.06868,2.17269,2,2.24736,2.08381,2.07208,-1.66365,1.58401,-1.46196e-18,-1.69353,1.58054,-0.0179101,-1.73815,1.65494,0,-1.76571,1.77627,-0.0490139
16.7302,1.96283,2.09579,2.65596,1.88521,2.0549,2.64257,2.05072,2.18964,2,2.22963,2.1015,2.07158,-1.67663,1.57026,1.46196e-18,-1.70165,1.57166,-0.0173374,-1.75171,1.64058,0,-1.78115,1.76156,-0.0497894
16.74,1.94643,2.11104,2.65596,1.86299,2.07522,2.64235,2.03359,2.20557,2,2.21174,2.11904,2.07108,-1.68883,1.55714,0,-1.71617,1.5551,-0.0170459,-1.76445,1.62687,0,-1.79604,1.74669,-0.051109
16.7501,1.92938,2.12663,2.65596,1.85095,2.08608,2.64223,2.01577,2.22186,2,2.19371,2.13643,2.07056,-1.7013,1.5435,0,-1.72368,1.54612,-0.0171888,-1.77749,1.61262,0,-1.81033,1.73163,-0.0528009
16.76,1.91237,2.14194,2.65596,1.82846,2.10607,2.642,1.998,2.23785,2,2.17553,2.15367,2.07002,-1.71355,1.52989,-1.46196e-18,-1.73724,1.52919,-0.0177976,-1.79028,1.5984,0,-1.82418,1.7163,-0.0547174
16.7702,1.89509,2.15724,2.65596,1.81627,2.11674,2.64188,1.97995,2.25384,2,2.15722,2.17076,2.06947,-1.72579,1.51607,-1.46196e-18,-1.74435,1.51992,-0.0182771,-1.80307,1.58396,0,-1.83759,1.70058,-0.0567639
16.7801,1.87789,2.17223,2.65596,1.79878,2.13187,2.64169,1.96198,2.2695,2,2.13878,2.18768,2.06889,-1.73778,1.50231,0,-1.75444,1.50664,-0.0191591,-1.8156,1.56958,0,-1.85074,1.68472,-0.0589695
16.79,1.8604,2.18723,2.65596,1.78118,2.14687,2.64149,1.9437,2.28517,2,2.12021,2.20445,2.06829,-1.74978,1.48832,2.92392e-18,-1.76469,1.49325,-0.019953,-1.82814,1.55496,0,-1.86389,1.66862,-0.0610062
16.8001,1.84269,2.20216,2.65596,1.76348,2.16173,2.64129,1.92521,2.30078,2,2.1015,2.22105,2.06767,-1.76173,1.47416,1.46196e-18,-1.77539,1.47965,-0.0203519,-1.84062,1.54017,0,-1.87726,1.65217,-0.0625455
16.8103,1.82447,2.21728,2.65596,1.74031,2.18085,2.64103,1.90617,2.31657,2,2.07698,2.24239,2.06685,-1.77383,1.45958,0,-1.78986,1.46174,-0.0204577,-1.85326,1.52494,0,-1.89491,1.63029,-0.0639916
16.8202,1.80723,2.23136,2.65596,1.72235,2.1954,2.64082,1.88816,2.33128,2,2.06369,2.25376,2.0664,-1.78509,1.44578,1.46196e-18,-1.8009,1.44786,-0.020527,-1.86502,1.51053,0,-1.9042,1.61835,-0.064688
16.8303,1.78901,2.24599,2.65596,1.70429,2.20981,2.64062,1.86912,2.34657,2,2.04458,2.26986,2.06575,-1.7968,1.43121,0,-1.81181,1.4339,-0.0204244,-1.87725,1.4953,0,-1.91729,1.60114,-0.0655608
16.8401,1.77165,2.25972,2.65596,1.69158,2.21981,2.64047,1.85098,2.36091,2,2.02534,2.28578,2.06509,-1.80777,1.41732,-1.46196e-18,-1.81941,1.42407,-0.0202363,-1.88872,1.48078,0,-1.93012,1.58372,-0.0661501
16.8503,1.75246,2.27463,2.65596,1.67333,2.23398,2.64027,1.83093,2.37649,2,2.00598,2.30153,2.06442,-1.8197,1.40197,0,-1.83,1.40985,-0.0200975,-1.90119,1.46475,0,-1.94252,1.56601,-0.0667786
16.8601,1.73507,2.28792,2.65596,1.65498,2.24801,2.64007,1.81276,2.39038,2,1.98063,2.32174,2.06355,-1.83034,1.38805,0,-1.8403,1.39559,-0.020035,-1.9123,1.45021,0,-1.95793,1.54283,-0.0674945
16.87,1.71687,2.30161,2.65596,1.63097,2.26603,2.63981,1.79375,2.40467,2,1.96689,2.33249,2.06308,-1.84129,1.3735,-1.46196e-18,-1.85375,1.37721,-0.0197508,-1.92374,1.435,0,-1.96607,1.53034,-0.0677172
16.8802,1.69807,2.31551,2.65596,1.61797,2.27564,2.63968,1.77411,2.4192,2,1.94717,2.34771,2.0624,-1.85241,1.35846,1.46196e-18,-1.86094,1.36733,-0.0196634,-1.93536,1.41929,0,-1.97742,1.51242,-0.0679758
16.8901,1.67967,2.3289,2.65596,1.59931,2.28924,2.63948,1.75488,2.43319,2,1.92734,2.36274,2.06172,-1.86312,1.34373,-1.46196e-18,-1.87077,1.35314,-0.0198838,-1.94655,1.4039,0,-1.98812,1.49439,-0.0685436
16.9001,1.66074,2.34243,2.65596,1.58055,2.3027,2.63928,1.73511,2.44733,2,1.90741,2.3776,2.06103,-1.87395,1.32859,-1.46196e-18,-1.88031,1.33876,-0.0202233,-1.95786,1.38809,0,-1.99832,1.47613,-0.0691403
16.9101,1.64231,2.35539,2.65596,1.5617,2.31602,2.63907,1.71585,2.46086,2,1.88135,2.39663,2.06013,-1.88431,1.31385,1.46196e-18,-1.88995,1.32421,-0.02025,-1.96869,1.37268,0,-2.01135,1.45201,-0.069281
16.92,1.62337,2.36848,2.65596,1.54275,2.32918,2.63887,1.69607,2.47454,2,1.86725,2.40675,2.05964,-1.89479,1.2987,1.46196e-18,-1.89971,1.30947,-0.0200494,-1.97963,1.35685,0,-2.01823,1.43885,-0.0691182
16.93,1.60467,2.38119,2.65596,1.51797,2.34608,2.63862,1.67653,2.48782,2,1.84701,2.42104,2.05895,-1.90495,1.28374,-1.46196e-18,-1.91262,1.29003,-0.0195776,-1.99026,1.34122,0,-2.028,1.41986,-0.0686815
16.9405,1.58434,2.39477,2.65596,1.50456,2.35508,2.63848,1.65528,2.50201,2,1.82669,2.43514,2.05827,-1.91582,1.26747,0,-1.9195,1.27946,-0.019406,-2.00161,1.32423,0,-2.03745,1.40065,-0.0681685
16.9501,1.56595,2.40683,2.65596,1.48532,2.36779,2.63829,1.63607,2.51461,2,1.80627,2.44905,2.05759,-1.92547,1.25276,-1.46196e-18,-1.92891,1.26435,-0.0194311,-2.01169,1.30886,0,-2.04625,1.38142,-0.0679024
16.9602,1.54639,2.41944,2.65596,1.46017,2.3841,2.63803,1.61564,2.52779,2,1.78576,2.46277,2.05691,-1.93556,1.23712,0,-1.94091,1.24452,-0.0199085,-2.02223,1.29251,0,-2.05462,1.36208,-0.0679236
16.97,1.5271,2.43167,2.65596,1.44656,2.39278,2.63789,1.59548,2.54056,2,1.75898,2.48031,2.05603,-1.94534,1.22168,1.46196e-18,-1.94742,1.23379,-0.0202555,-2.03245,1.27639,0,-2.06526,1.33675,-0.0678475
16.9803,1.50744,2.44391,2.65596,1.42704,2.40504,2.63768,1.57494,2.55334,2,1.73829,2.49358,2.05535,-1.95513,1.20595,1.46196e-18,-1.95659,1.21843,-0.0211115,-2.04268,1.25995,0,-2.07297,1.31728,-0.0682624
16.99,1.48804,2.45576,2.65596,1.40546,2.41835,2.63744,1.55468,2.56573,2,1.72168,2.50406,2.0548,-1.96461,1.19044,0,-1.9666,1.20148,-0.0220982,-2.05258,1.24374,0,-2.07899,1.30166,-0.0683577
17,1.46844,2.46753,2.65596,1.38575,2.43028,2.63722,1.5342,2.57803,2,1.70086,2.51698,2.05412,-1.97403,1.17475,-1.46196e-18,-1.97585,1.18603,-0.0227157,-2.06242,1.22736,0,-2.08641,1.28208,-0.0681819
17.01,1.4487,2.47918,2.65596,1.36594,2.44207,2.63699,1.51357,2.5902,2,1.67996,2.5297,2.05344,-1.98334,1.15896,0,-1.9853,1.17048,-0.023072,-2.07216,1.21085,0,-2.09382,1.26239,-0.0676628
17.02,1.42916,2.49049,2.65596,1.34604,2.45369,2.63676,1.49315,2.60202,2,1.65898,2.54223,2.05277,-1.9924,1.14332,1.46196e-18,-1.99489,1.15474,-0.023187,-2.08161,1.19452,0,-2.10115,1.24251,-0.066825
17.03,1.40911,2.50189,2.65596,1.32604,2.46516,2.63653,1.47221,2.61393,2,1.63793,2.55455,2.0521,-2.00151,1.12729,1.46196e-18,-2.00462,1.13887,-0.0231254,-2.09114,1.17777,0,-2.10843,1.22251,-0.0657331
17.0402,1.38838,2.51345,2.65596,1.30595,2.47647,2.6363,1.45055,2.626,2,1.61681,2.56668,2.05145,-2.01076,1.11071,1.46196e-18,-2.01448,1.12291,-0.0229297,-2.1008,1.16044,0,-2.11564,1.20242,-0.0644346
17.05,1.3688,2.52417,2.65596,1.28575,2.48762,2.63607,1.43009,2.6372,2,1.59562,2.5786,2.05082,-2.01934,1.09504,0,-2.02447,1.10688,-0.0226526,-2.10976,1.14407,0,-2.1228,1.18229,-0.0629886
17.06,1.34865,2.53499,2.65596,1.26546,2.49861,2.63585,1.40904,2.64851,2,1.57436,2.59032,2.05019,-2.028,1.07892,0,-2.03453,1.09077,-0.0223589,-2.11881,1.12723,0,-2.12985,1.1621,-0.0614619
17.07,1.32807,2.54584,2.65596,1.24506,2.50943,2.63562,1.38754,2.65984,2,1.55302,2.60184,2.04959,-2.03667,1.06246,1.46196e-18,-2.04471,1.07454,-0.0220629,-2.12787,1.11003,0,-2.13686,1.14183,-0.0598768
17.0801,1.30783,2.55629,2.65596,1.22456,2.5201,2.6354,1.36639,2.67076,2,1.53162,2.61316,2.049,-2.04503,1.04626,0,-2.05499,1.05816,-0.02177,-2.13661,1.09312,0,-2.14384,1.12145,-0.0582488
17.09,1.28744,2.56662,2.65596,1.20396,2.5306,2.63519,1.34509,2.68156,2,1.51015,2.62427,2.04842,-2.0533,1.02995,0,-2.06509,1.04165,-0.0214083,-2.14524,1.07607,0,-2.15051,1.10098,-0.0565118
17.1,1.26677,2.57689,2.65596,1.18326,2.54093,2.63498,1.32349,2.69228,2,1.48861,2.63518,2.04787,-2.06151,1.01341,-1.46196e-18,-2.07514,1.02521,-0.0210013,-2.15382,1.05879,0,-2.15703,1.08061,-0.0546976
17.1101,1.24603,2.58698,2.65596,1.16246,2.5511,2.63477,1.30183,2.70282,2,1.46701,2.64588,2.04733,-2.06958,0.996825,0,-2.08512,1.0087,-0.0206269,-2.16226,1.04146,0,-2.16338,1.06024,-0.0528866
17.12,1.22555,2.59674,2.65596,1.14156,2.56111,2.63456,1.28043,2.71303,2,1.44534,2.65638,2.04681,-2.0774,0.980438,0,-2.09478,0.992042,-0.020174,-2.17042,1.02434,0,-2.16933,1.03977,-0.0509718
17.13,1.20492,2.60638,2.65596,1.12056,2.57094,2.63436,1.25887,2.72309,2,1.42362,2.66668,2.04631,-2.08511,0.963933,-1.46196e-18,-2.1041,0.975271,-0.0196549,-2.17848,1.0071,0,-2.17488,1.01926,-0.0489716
17.14,1.18406,2.61592,2.65596,1.09948,2.58061,2.63417,1.23708,2.73306,2,1.40185,2.67677,2.04583,-2.09274,0.947249,0,-2.11337,0.958425,-0.0191672,-2.18645,0.989666,0,-2.18033,0.99875,-0.0469862
17.1499,1.16306,2.62533,2.65596,1.0783,2.59011,2.63398,1.21514,2.74289,2,1.38002,2.68665,2.04537,-2.10026,0.930446,1.46196e-18,-2.1226,0.941451,-0.0186941,-2.19431,0.972111,0,-2.18568,0.978197,-0.0449972
17.16,1.14165,2.63471,2.65596,1.05703,2.59944,2.6338,1.19277,2.75269,2,1.35813,2.69633,2.04493,-2.10777,0.913321,0,-2.13164,0.924483,-0.0182295,-2.20215,0.954219,0,-2.19079,0.95774,-0.0430022
17.1701,1.12042,2.64381,2.65596,1.03566,2.6086,2.63362,1.17059,2.7622,2,1.3362,2.70581,2.04451,-2.11505,0.896333,0,-2.14062,0.90757,-0.0178226,-2.20976,0.936471,0,-2.19582,0.937426,-0.0410586
17.18,1.09958,2.65254,2.65596,1.01421,2.61759,2.63344,1.14882,2.77132,2,1.31422,2.71508,2.04411,-2.12203,0.879668,1.46196e-18,-2.14944,0.890724,-0.0174368,-2.21705,0.919059,0,-2.20069,0.917275,-0.0391318
17.1901,1.07789,2.66143,2.65596,0.992677,2.62641,2.63327,1.12616,2.7806,2,1.29219,2.72415,2.04373,-2.12914,0.862315,-1.46196e-18,-2.15801,0.873799,-0.0170487,-2.22448,0.900929,0,-2.2053,0.897149,-0.0372029
17.2,1.05713,2.66974,2.65596,0.971054,2.63507,2.6331,1.10447,2.78929,2,1.27011,2.73302,2.04336,-2.13579,0.845704,0,-2.16643,0.856615,-0.0166637,-2.23143,0.883574,0,-2.20979,0.876883,-0.0352838
17.21,1.03508,2.67837,2.65596,0.949349,2.64355,2.63293,1.08143,2.79831,2,1.24799,2.74169,2.04302,-2.1427,0.82806,-7.3098e-19,-2.17462,0.839297,-0.0162382,-2.23865,0.86514,0,-2.21407,0.856605,-0.0333328
17.2204,1.01332,2.68668,2.65596,0.927562,2.65185,2.63277,1.0587,2.80698,2,1.22583,2.75016,2.0427,-2.14934,0.81066,-7.3098e-19,-2.18275,0.822004,-0.0158491,-2.24559,0.846961,0,-2.21835,0.836475,-0.0314315
17.23,0.992112,2.69458,2.65596,0.905695,2.65999,2.63262,1.03654,2.81524,2,1.20363,2.75842,2.04239,-2.15566,0.79369,0,-2.19051,0.804652,-0.0153957,-2.25219,0.829231,0,-2.22229,0.816405,-0.0294805
17.2399,0.971151,2.70221,2.65596,0.883753,2.66795,2.63247,1.01464,2.82321,2,1.18139,2.76648,2.04211,-2.16176,0.776921,-7.3098e-19,-2.1979,0.787289,-0.0148753,-2.25857,0.811711,0,-2.22594,0.796454,-0.0274797
17.2501,0.948759,2.71015,2.65596,0.861738,2.67573,2.63232,0.991244,2.83151,2,1.15911,2.77435,2.04184,-2.16812,0.759008,-7.3098e-19,-2.20522,0.769921,-0.0144123,-2.26521,0.792995,0,-2.22958,0.776632,-0.0255595
17.26,0.92771,2.71743,2.65596,0.839649,2.68334,2.63218,0.969253,2.83911,2,1.13679,2.78202,2.0416,-2.17394,0.742168,0,-2.21249,0.752505,-0.0139592,-2.27129,0.775402,0,-2.23326,0.75691,-0.023672
17.27,0.905757,2.72482,2.65596,0.817488,2.69078,2.63204,0.946316,2.84684,2,1.11444,2.78949,2.04137,-2.17986,0.724606,0,-2.2196,0.734986,-0.0135372,-2.27747,0.757053,0,-2.23686,0.737233,-0.0218396
17.28,0.8837,2.73205,2.65596,0.795257,2.69804,2.63191,0.923271,2.85439,2,1.09206,2.79676,2.04116,-2.18564,0.70696,1.46196e-18,-2.22663,0.717443,-0.0131396,-2.28352,0.738617,0,-2.2405,0.717685,-0.0200668
17.29,0.86199,2.73898,2.65596,0.772956,2.70513,2.63178,0.900589,2.86163,2,1.06963,2.80384,2.04097,-2.19119,0.689592,0,-2.23354,0.699885,-0.012777,-2.28931,0.720471,0,-2.24414,0.698274,-0.0183688
17.3,0.840116,2.74577,2.65596,0.750587,2.71204,2.63165,0.877736,2.86872,2,1.04717,2.81073,2.04079,-2.19662,0.672093,0,-2.24025,0.682253,-0.0124058,-2.29498,0.702189,0,-2.24771,0.678938,-0.0167048
17.31,0.818067,2.75242,2.65596,0.728152,2.71877,2.63153,0.8547,2.87567,2,1.02468,2.81742,2.04063,-2.20194,0.654454,0,-2.24677,0.664561,-0.0120314,-2.30054,0.68376,0,-2.25124,0.659697,-0.0150884
17.32,0.796098,2.75885,2.65596,0.705652,2.72533,2.63141,0.831747,2.88239,2,1.00215,2.82392,2.04049,-2.20708,0.636878,0,-2.25317,0.646785,-0.0116758,-2.30592,0.665397,0,-2.25482,0.640532,-0.0135426
17.33,0.774195,2.76508,2.65596,0.683088,2.73171,2.6313,0.808863,2.8889,2,0.979583,2.83023,2.04036,-2.21206,0.619356,-7.3098e-19,-2.25954,0.62908,-0.0113796,-2.31112,0.64709,0,-2.25851,0.621599,-0.0121108
17.34,0.7521,2.77117,2.65596,0.660462,2.73791,2.63118,0.785779,2.89526,2,0.95698,2.83635,2.04025,-2.21694,0.60168,0,-2.26569,0.611371,-0.0110833,-2.31621,0.628623,0,-2.26217,0.602822,-0.0107382
17.35,0.729754,2.77714,2.65596,0.637775,2.74394,2.63107,0.762432,2.9015,2,0.93434,2.84229,2.04015,-2.22171,0.583803,0,-2.27166,0.593648,-0.0108159,-2.3212,0.609945,0,-2.26583,0.584191,-0.00946076
17.36,0.707404,2.78292,2.65596,0.615029,2.74979,2.63097,0.739081,2.90754,2,0.911663,2.84804,2.04006,-2.22633,0.565923,0,-2.27756,0.575839,-0.0105907,-2.32603,0.591265,0,-2.26961,0.565641,-0.00829424
17.3701,0.684693,2.78859,2.65596,0.592224,2.75546,2.63086,0.715353,2.91346,2,0.888947,2.8536,2.03998,-2.23087,0.547755,0,-2.28342,0.558004,-0.0104001,-2.33077,0.572283,0,-2.27355,0.547239,-0.00723053
17.3801,0.662406,2.79397,2.65596,0.57165,2.7604,2.63077,0.692068,2.91908,2,0.875299,2.85685,2.03994,-2.23518,0.529925,7.3098e-19,-2.28848,0.541867,-0.0101513,-2.33527,0.553654,0,-2.27592,0.536224,-0.00659013
17.3902,0.63994,2.7992,2.65596,0.548739,2.76573,2.63067,0.668596,2.92455,2,0.84568,2.86367,2.03986,-2.23936,0.511952,0,-2.29368,0.523935,-0.00981663,-2.33964,0.534877,0,-2.28073,0.512564,-0.00518819
17.4004,0.617125,2.80432,2.65596,0.532671,2.76936,2.6306,0.64476,2.9299,2,0.822854,2.86871,2.03982,-2.24346,0.4937,0,-2.29727,0.511346,-0.00958119,-2.34392,0.515808,0,-2.28449,0.494518,-0.00418253
17.4101,0.59507,2.80908,2.65596,0.509673,2.77438,2.63051,0.621716,2.93487,2,0.806853,2.87212,2.03979,-2.24727,0.476056,-7.3098e-19,-2.30227,0.493427,-0.00950922,-2.3479,0.497373,0,-2.28713,0.482059,-0.00377719
17.4201,0.572839,2.8137,2.65596,0.482013,2.78017,2.63039,0.598491,2.9397,2,0.786255,2.87639,2.03976,-2.25096,0.458271,7.3098e-19,-2.30768,0.471864,-0.00975615,-2.35176,0.478792,0,-2.29026,0.466139,-0.00345701
17.4303,0.54938,2.81837,2.65596,0.465848,2.78343,2.63032,0.573981,2.94458,2,0.763335,2.88096,2.03972,-2.2547,0.439504,0,-2.31068,0.459235,-0.0100392,-2.35566,0.459185,0,-2.29364,0.448579,-0.00322005
17.44,0.527772,2.8225,2.65596,0.442721,2.78793,2.63022,0.551406,2.94889,2,0.740382,2.88536,2.03969,-2.258,0.422218,-7.3098e-19,-2.31461,0.441054,-0.0106425,-2.35911,0.441124,0,-2.29683,0.431054,-0.00333064
17.4501,0.504695,2.82672,2.65596,0.419557,2.79225,2.63011,0.527295,2.9533,2,0.717399,2.88959,2.03966,-2.26137,0.403756,0,-2.31818,0.42281,-0.0113035,-2.36264,0.421836,0,-2.29984,0.413664,-0.00356026
17.4602,0.482138,2.83065,2.65596,0.396358,2.79639,2.63,0.503728,2.95741,2,0.694385,2.89363,2.03962,-2.26452,0.38571,-3.6549e-19,-2.32172,0.404289,-0.011605,-2.36593,0.402982,0,-2.30294,0.396212,-0.00345668
17.4699,0.460344,2.83428,2.65596,0.373124,2.80034,2.62988,0.480958,2.9612,2,0.67134,2.89751,2.03959,-2.26742,0.368275,0,-2.32511,0.385643,-0.0115674,-2.36896,0.384767,0,-2.30604,0.378834,-0.00305225
17.48,0.437342,2.83792,2.65596,0.347528,2.80447,2.62975,0.456926,2.965,2,0.645956,2.90157,2.03956,-2.27033,0.349874,-3.6549e-19,-2.32862,0.364882,-0.01131,-2.372,0.365541,0,-2.3094,0.359689,-0.00244887
17.49,0.414729,2.84131,2.65596,0.324226,2.80802,2.62964,0.4333,2.96854,2,0.622846,2.90508,2.03954,-2.27305,0.331783,0,-2.33168,0.345827,-0.0109857,-2.37483,0.34664,0,-2.31253,0.342299,-0.00187513
17.5,0.391852,2.84456,2.65596,0.300894,2.81138,2.62953,0.409399,2.97193,2,0.599704,2.90842,2.03952,-2.27565,0.313482,-3.6549e-19,-2.33468,0.326583,-0.0105834,-2.37755,0.327519,0,-2.3158,0.324897,-0.00129808
17.5102,0.368076,2.84773,2.65596,0.277533,2.81455,2.62943,0.384558,2.97525,2,0.57653,2.91158,2.03951,-2.27818,0.294461,0,-2.33753,0.307354,-0.0100554,-2.3802,0.307647,0,-2.31912,0.307674,-0.000673161
17.5206,0.34509,2.85061,2.65596,0.254144,2.81753,2.62933,0.360543,2.97826,2,0.553321,2.91457,2.03951,-2.28049,0.276072,3.6549e-19,-2.34026,0.288098,-0.00943655,-2.3826,0.288435,0,-2.32254,0.290574,-3.88102e-05
17.53,0.323228,2.85317,2.65596,0.230729,2.82031,2.62924,0.337702,2.98093,2,0.530079,2.91739,2.03951,-2.28254,0.258582,3.6549e-19,-2.34279,0.268762,-0.00869528,-2.38475,0.270162,0,-2.32595,0.273543,0.000638737
17.54,0.300134,2.85569,2.65596,0.207289,2.8229,2.62916,0.313574,2.98357,2,0.506802,2.92004,2.03952,-2.28455,0.240108,-3.6549e-19,-2.34509,0.249354,-0.00793765,-2.38685,0.250859,0,-2.32935,0.256591,0.00125225
17.55,0.277574,2.85797,2.65596,0.183827,2.8253,2.62908,0.290004,2.98595,2,0.483492,2.92252,2.03953,-2.28638,0.222059,0,-2.34726,0.2299,-0.00716209,-2.38876,0.232003,0,-2.33283,0.239729,0.00179309
17.5601,0.254803,2.86009,2.65596,0.160344,2.8275,2.62902,0.266213,2.98817,2,0.460146,2.92484,2.03956,-2.28807,0.203843,0,-2.34924,0.21038,-0.0063609,-2.39053,0.21297,0,-2.33635,0.222929,0.00226782
17.57,0.232135,2.86202,2.65596,0.136843,2.82951,2.62896,0.24253,2.99018,2,0.436765,2.92698,2.03958,-2.28962,0.185708,1.82745e-19,-2.35101,0.190742,-0.00556049,-2.39214,0.194024,0,-2.33987,0.206132,0.00265138
17.58,0.209213,2.86379,2.65596,0.113325,2.83132,2.6289,0.218582,2.99203,2,0.413349,2.92896,2.03961,-2.29103,0.16737,0,-2.35242,0.171114,-0.00470725,-2.39362,0.174865,0,-2.34326,0.18945,0.00299326
17.5901,0.185816,2.8654,2.65596,0.0897961,2.83293,2.62886,0.194137,2.99371,2,0.3899,2.93077,2.03964,-2.29232,0.148653,0,-2.35342,0.151374,-0.00377375,-2.39497,0.155309,0,-2.34646,0.172748,0.0033187
17.6,0.16327,2.86677,2.65596,0.0662569,2.83434,2.62883,0.170581,2.99515,2,0.366419,2.93242,2.03967,-2.29342,0.130616,-1.82745e-19,-2.35441,0.131594,-0.0029371,-2.39612,0.136465,0,-2.34987,0.15609,0.00345437
17.6103,0.140041,2.868,2.65596,0.0427086,2.83556,2.6288,0.146311,2.99643,2,0.342903,2.93389,2.03971,-2.2944,0.112032,1.82745e-19,-2.3552,0.111838,-0.00212476,-2.39714,0.117049,0,-2.35327,0.139538,0.00348246
17.62,0.117518,2.86901,2.65596,0.0191537,2.83658,2.62879,0.12278,2.99749,2,0.319353,2.93521,2.03974,-2.29521,0.0940144,0,-2.35574,0.0921822,-0.00126879,-2.39799,0.0982243,0,-2.35661,0.123151,0.00347092
17.63,0.0944837,2.86986,2.65596,-0.00440484,2.8374,2.62878,0.0987146,2.99838,2,0.295771,2.93636,2.03978,-2.29589,0.0755869,-9.13725e-20,-2.35596,0.0724815,-0.000329867,-2.3987,0.0789717,0,-2.35984,0.106766,0.00345456
17.64,0.0715726,2.87053,2.65596,-0.0279647,2.83803,2.62878,0.0747775,2.99907,2,0.272157,2.93734,2.03981,-2.29642,0.057258,0,-2.35595,0.0526198,0.00059419,-2.39925,0.059822,0,-2.36302,0.0902632,0.00333854
17.65,0.0485551,2.87101,2.65596,-0.049167,2.83842,2.62879,0.0507293,2.99957,2,0.250877,2.93809,2.03984,-2.29681,0.0388441,4.56862e-20,-2.35564,0.0345936,0.00141782,-2.39966,0.0405835,0,-2.36574,0.0752947,0.00315998
17.66,0.025187,2.87131,2.65596,-0.0727206,2.83867,2.62881,0.0263149,2.99988,2,0.227205,2.93876,2.03987,-2.29705,0.0201496,0,-2.35503,0.0146916,0.00230955,-2.39991,0.0210519,0,-2.36865,0.0588101,0.00287054
17.67,0.00292118,2.87142,2.65596,-0.0962674,2.83872,2.62883,0.00305198,3,2,0.203504,2.93926,2.0399,-2.29713,0.00233694,-2.85539e-21,-2.3543,-0.00514055,0.00316355,-2.4,0.00244159,0,-2.37157,0.0424114,0.00249004
17.6801,-0.0202946,2.87135,2.65596,-0.119807,2.83857,2.62887,-0.0212034,2.99993,2,0.179773,2.93961,2.03992,-2.29708,-0.0162357,0,-2.35353,-0.02493,0.00397124,-2.39994,-0.0169627,0,-2.37456,0.0260644,0.00201961
17.6901,-0.0437499,2.87109,2.65596,-0.138632,2.8383,2.6289,-0.0457089,2.99965,2,0.160767,2.93976,2.03994,-2.29687,-0.0349999,4.56862e-20,-2.3529,-0.0406943,0.00457657,-2.39972,-0.0365672,0,-2.37703,0.0130494,0.00156619
17.7,-0.0662666,2.87065,2.65596,-0.16686,2.83767,2.62896,-0.069234,2.9992,2,0.132221,2.9398,2.03995,-2.29652,-0.0530133,0,-2.35168,-0.0642969,0.00524192,-2.39936,-0.0553872,0,-2.38059,-0.00645284,0.000590344
17.71,-0.089339,2.87003,2.65596,-0.190369,2.83693,2.62902,-0.0933396,2.99855,2,0.108402,2.93966,2.03995,-2.29602,-0.0714712,0,-2.35001,-0.0838464,0.00538783,-2.39884,-0.0746716,0,-2.38298,-0.0226023,-0.000653706
17.72,-0.112178,2.86923,2.65596,-0.21386,2.836,2.62907,-0.117201,2.99771,2,0.0845617,2.93935,2.03994,-2.29538,-0.0897425,0,-2.34805,-0.10326,0.00561891,-2.39817,-0.0937611,0,-2.3852,-0.0386491,-0.00186186
17.73,-0.134982,2.86825,2.65596,-0.237331,2.83487,2.62913,-0.141027,2.99668,2,0.0606979,2.93888,2.03991,-2.2946,-0.107986,0,-2.34611,-0.122526,0.00597307,-2.39735,-0.112821,0,-2.38754,-0.0545999,-0.00299539
17.7399,-0.157739,2.86708,2.65596,-0.260781,2.83355,2.62919,-0.164803,2.99547,2,0.0368112,2.93826,2.03988,-2.29367,-0.126191,0,-2.34401,-0.141788,0.0064675,-2.39638,-0.131842,0,-2.38982,-0.0705886,-0.00401646
17.7501,-0.181154,2.8657,2.65596,-0.284211,2.83203,2.62926,-0.189266,2.99402,2,0.0129009,2.93747,2.03983,-2.29256,-0.144923,0,-2.34195,-0.161002,0.00701013,-2.39522,-0.151413,0,-2.39222,-0.0865793,-0.00501668
17.76,-0.204315,2.86414,2.65596,-0.30762,2.83033,2.62933,-0.213464,2.9924,2,-0.0110334,2.93653,2.03978,-2.29131,-0.163452,0,-2.33983,-0.180313,0.00762452,-2.39392,-0.170771,0,-2.39463,-0.102729,-0.00597181
17.77,-0.226812,2.86245,2.65596,-0.331007,2.82843,2.62941,-0.236969,2.99063,2,-0.0301979,2.93565,2.03973,-2.28996,-0.18145,0,-2.3375,-0.199787,0.00830732,-2.3925,-0.189575,0,-2.39648,-0.115826,-0.00669859
17.78,-0.249778,2.86053,2.65596,-0.35437,2.82633,2.6295,-0.260963,2.98863,2,-0.0589716,2.93414,2.03964,-2.28843,-0.199822,0,-2.33506,-0.219242,0.00899831,-2.3909,-0.20877,0,-2.39913,-0.135549,-0.00779538
17.79,-0.27304,2.85841,2.65596,-0.377708,2.82404,2.62959,-0.285266,2.98641,2,-0.082974,2.93271,2.03956,-2.28673,-0.218432,0,-2.33251,-0.2386,0.00964934,-2.38913,-0.228213,0,-2.40131,-0.151983,-0.00876512
17.8001,-0.295806,2.85614,2.65596,-0.396359,2.82207,2.62967,-0.309052,2.98404,2,-0.106996,2.9311,2.03946,-2.28491,-0.236644,0,-2.3302,-0.254083,0.0101764,-2.38723,-0.247241,0,-2.40318,-0.168534,-0.00974478
17.81,-0.318113,2.85374,2.65596,-0.424299,2.81888,2.6298,-0.332358,2.98153,2,-0.131037,2.92933,2.03936,-2.28299,-0.254491,0,-2.32641,-0.277325,0.0107755,-2.38523,-0.265887,0,-2.40476,-0.185178,-0.0108994
17.82,-0.340951,2.85111,2.65596,-0.442899,2.8166,2.62988,-0.356218,2.97878,2,-0.155089,2.9274,2.03924,-2.28088,-0.272761,-3.6549e-19,-2.32338,-0.292718,0.0108652,-2.38302,-0.284975,0,-2.40568,-0.201782,-0.0124147
17.83,-0.363853,2.84827,2.65596,-0.470749,2.81295,2.63001,-0.380146,2.97582,2,-0.179149,2.9253,2.03911,-2.27862,-0.291082,0,-2.31827,-0.315537,0.0106218,-2.38065,-0.304117,0,-2.40616,-0.218291,-0.0142606
17.84,-0.38699,2.84522,2.65596,-0.49391,2.8097,2.63012,-0.404319,2.97263,2,-0.203212,2.92303,2.03896,-2.27618,-0.309592,0,-2.31375,-0.334506,0.00997529,-2.3781,-0.323455,0,-2.40639,-0.234883,-0.0164807
17.8499,-0.409214,2.84211,2.65596,-0.517024,2.80626,2.63021,-0.427539,2.96938,2,-0.227276,2.9206,2.03878,-2.27369,-0.327372,0,-2.3091,-0.353577,0.00952808,-2.3755,-0.342031,0,-2.4065,-0.251696,-0.0184921
17.8601,-0.432636,2.83864,2.65596,-0.535482,2.80337,2.63029,-0.45201,2.96575,2,-0.246529,2.91853,2.03863,-2.27091,-0.346109,-3.6549e-19,-2.30539,-0.368785,0.00934045,-2.3726,-0.361608,0,-2.4066,-0.265193,-0.0199235
17.87,-0.454844,2.83517,2.65596,-0.563113,2.79881,2.6304,-0.475211,2.96212,2,-0.275408,2.91523,2.03838,-2.26813,-0.363875,3.6549e-19,-2.29972,-0.391499,0.00884856,-2.3697,-0.380169,0,-2.40658,-0.285511,-0.0222401
17.8802,-0.477733,2.8314,2.65596,-0.586085,2.7948,2.63049,-0.499126,2.95819,2,-0.299473,2.91229,2.03814,-2.26512,-0.382186,0,-2.29476,-0.410282,0.00812503,-2.36655,-0.399301,0,-2.40624,-0.30242,-0.0244223
17.89,-0.500517,2.82746,2.65596,-0.609008,2.7906,2.63056,-0.522929,2.95407,2,-0.323533,2.90918,2.03789,-2.26197,-0.400413,7.3098e-19,-2.28975,-0.42907,0.00755564,-2.36326,-0.418344,0,-2.40582,-0.319482,-0.0264275
17.9,-0.522827,2.82342,2.65596,-0.631881,2.78622,2.63064,-0.546239,2.94985,2,-0.347589,2.9059,2.03762,-2.25874,-0.418262,7.3098e-19,-2.2848,-0.447919,0.00720498,-2.35988,-0.436991,0,-2.40544,-0.336778,-0.0281957
17.9101,-0.546285,2.81898,2.65596,-0.654703,2.78165,2.63071,-0.570747,2.94521,2,-0.371641,2.90244,2.03733,-2.25518,-0.437028,0,-2.2797,-0.466812,0.00709743,-2.35617,-0.456598,0,-2.40483,-0.354278,-0.0296863
17.92,-0.567677,2.81475,2.65596,-0.677474,2.77688,2.63078,-0.593098,2.94079,2,-0.395685,2.89881,2.03702,-2.2518,-0.454142,0,-2.27454,-0.485659,0.00715033,-2.35263,-0.474478,0,-2.40411,-0.371905,-0.0309825
17.93,-0.590408,2.81007,2.65596,-0.700194,2.77193,2.63085,-0.616846,2.9359,2,-0.419723,2.895,2.03671,-2.24805,-0.472326,0,-2.26949,-0.504408,0.00727312,-2.34872,-0.493477,0,-2.40342,-0.389612,-0.0321673
17.9401,-0.613226,2.80517,2.65596,-0.720599,2.76732,2.63092,-0.640686,2.93079,2,-0.44135,2.89143,2.03641,-2.24414,-0.490581,0,-2.26488,-0.521355,0.00741168,-2.34463,-0.512549,0,-2.40264,-0.405777,-0.0331694
17.9501,-0.636201,2.80005,2.65596,-0.743222,2.76201,2.63099,-0.66469,2.92544,2,-0.465371,2.88728,2.03608,-2.24004,-0.508961,-7.3098e-19,-2.25959,-0.540176,0.00747001,-2.34035,-0.531752,0,-2.40153,-0.423909,-0.0343386
17.96,-0.657558,2.79511,2.65596,-0.765791,2.75651,2.63107,-0.687003,2.92028,2,-0.48938,2.88295,2.03573,-2.23609,-0.526046,0,-2.25415,-0.558927,0.00761234,-2.33622,-0.549602,0,-2.40014,-0.442143,-0.0353702
17.97,-0.679925,2.78976,2.65596,-0.781556,2.75256,2.63112,-0.710372,2.91468,2,-0.506177,2.87981,2.03548,-2.23181,-0.54394,0,-2.2503,-0.572022,0.00771646,-2.33175,-0.568297,0,-2.39905,-0.45498,-0.0360506
17.9802,-0.703218,2.78398,2.65596,-0.797295,2.74851,2.63117,-0.734708,2.90864,2,-0.530159,2.87517,2.03511,-2.22718,-0.562575,0,-2.24637,-0.584994,0.0074788,-2.32691,-0.587767,0,-2.39725,-0.47329,-0.037498
17.9902,-0.725426,2.77827,2.65596,-0.826449,2.74074,2.63127,-0.75791,2.90268,2,-0.554121,2.87034,2.03473,-2.22262,-0.58034,7.3098e-19,-2.23894,-0.60903,0.00640223,-2.32215,-0.606328,0,-2.39509,-0.491685,-0.0393884
18,-0.746908,2.77258,2.65596,-0.84881,2.73456,2.63132,-0.780354,2.89673,2,-0.57806,2.86533,2.03432,-2.21806,-0.597526,0,-2.23322,-0.627581,0.00527363,-2.31738,-0.624283,0,-2.39271,-0.51022,-0.041351
18.0101,-0.769961,2.76626,2.65596,-0.864429,2.73012,2.63136,-0.804439,2.89013,2,-0.594803,2.86172,2.03403,-2.21301,-0.615969,0,-2.22918,-0.640521,0.00456628,-2.31211,-0.643552,0,-2.39089,-0.523233,-0.0425876
18.02,-0.791153,2.76028,2.65596,-0.893359,2.72164,2.63141,-0.82658,2.88388,2,-0.625862,2.85476,2.03346,-2.20822,-0.632922,0,-2.22157,-0.664298,0.00294831,-2.3071,-0.661264,0,-2.38718,-0.547413,-0.0451176
18.0301,-0.813528,2.75377,2.65596,-0.915544,2.71491,2.63143,-0.849957,2.87708,2,-0.649717,2.84919,2.033,-2.20301,-0.650822,7.3098e-19,-2.21541,-0.682486,0.00157721,-2.30166,-0.679966,0,-2.38378,-0.566087,-0.0470949
18.04,-0.834917,2.74736,2.65596,-0.937668,2.70799,2.63144,-0.872304,2.87038,2,-0.673537,2.84343,2.03252,-2.19788,-0.667933,7.3098e-19,-2.20934,-0.700688,0.000386939,-2.2963,-0.697843,0,-2.38028,-0.584947,-0.0488281
18.0501,-0.857918,2.74026,2.65596,-0.959731,2.70089,2.63144,-0.896335,2.86297,2,-0.697321,2.83749,2.03202,-2.19221,-0.686334,7.3098e-19,-2.20315,-0.718746,-0.000445965,-2.29037,-0.717068,0,-2.37652,-0.603881,-0.0501678
18.0601,-0.879232,2.7335,2.65596,-0.981731,2.69362,2.63143,-0.918604,2.8559,2,-0.721067,2.83136,2.03152,-2.1868,-0.703386,0,-2.19689,-0.736748,-0.00108737,-2.28472,-0.734883,0,-2.37252,-0.622974,-0.0512763
18.07,-0.900871,2.72644,2.65596,-1.00148,2.68691,2.63142,-0.941211,2.84853,2,-0.742402,2.82567,2.03105,-2.18115,-0.720697,7.3098e-19,-2.19127,-0.752812,-0.00152986,-2.27882,-0.752969,0,-2.36878,-0.64019,-0.0521008
18.08,-0.922916,2.71906,2.65596,-1.0168,2.6816,2.63141,-0.964244,2.84082,2,-0.766069,2.81917,2.03053,-2.17525,-0.738333,0,-2.18688,-0.765153,-0.00180111,-2.27265,-0.771395,0,-2.36441,-0.65926,-0.0528475
18.09,-0.944689,2.71157,2.65596,-1.03864,2.67386,2.63139,-0.986991,2.83299,2,-0.782608,2.81451,2.03015,-2.16926,-0.755751,7.3098e-19,-2.18047,-0.782608,-0.00230418,-2.26639,-0.789593,0,-2.36112,-0.67259,-0.0534935
18.1001,-0.966487,2.70388,2.65596,-1.06041,2.66595,2.63136,-1.00977,2.82496,2,-0.806195,2.80769,2.02961,-2.1631,-0.77319,0,-2.17403,-0.799908,-0.00304759,-2.25996,-0.807813,0,-2.35623,-0.691621,-0.0545113
18.1101,-0.987762,2.69618,2.65596,-1.08212,2.65786,2.63133,-1.03199,2.81691,2,-0.836784,2.79854,2.0289,-2.15694,-0.79021,7.3098e-19,-2.16777,-0.817137,-0.00362359,-2.25353,-0.825595,0,-2.34979,-0.716426,-0.055472
18.12,-1.009,2.6883,2.65596,-1.11025,2.6471,2.63128,-1.05418,2.80868,2,-0.860257,2.79128,2.02834,-2.15064,-0.807197,7.3098e-19,-2.15987,-0.839503,-0.00421541,-2.24695,-0.843343,0,-2.34472,-0.735648,-0.0560236
18.1301,-1.0313,2.67983,2.65596,-1.13182,2.63862,2.63123,-1.07748,2.79983,2,-0.876657,2.78608,2.02795,-2.14386,-0.825038,7.3098e-19,-2.15376,-0.85662,-0.0047747,-2.23986,-0.861982,0,-2.34106,-0.74914,-0.0564572
18.1401,-1.0522,2.67169,2.65596,-1.14473,2.63344,2.6312,-1.09932,2.79133,2,-0.897705,2.77926,2.02744,-2.13735,-0.841759,0,-2.14998,-0.866847,-0.00511046,-2.23306,-0.879453,0,-2.33606,-0.766564,-0.0570213
18.1501,-1.07367,2.66313,2.65596,-1.16405,2.62557,2.63115,-1.12175,2.78239,2,-0.918706,2.77228,2.02692,-2.13051,-0.858939,0,-2.14411,-0.881981,-0.00589111,-2.22591,-0.897402,0,-2.33073,-0.783928,-0.0578572
18.16,-1.09459,2.6546,2.65596,-1.18546,2.61667,2.63109,-1.1436,2.77348,2,-0.941981,2.76435,2.02634,-2.12368,-0.875671,1.46196e-18,-2.13737,-0.898864,-0.00689735,-2.21878,-0.914884,0,-2.32441,-0.803418,-0.0588912
18.1701,-1.11604,2.64566,2.65596,-1.21319,2.60484,2.63099,-1.16602,2.76413,2,-0.965193,2.75622,2.02574,-2.11653,-0.892832,-1.46196e-18,-2.12851,-0.920834,-0.0080117,-2.2113,-0.932812,0,-2.31778,-0.823015,-0.05974
18.1805,-1.13794,2.63631,2.65596,-1.22807,2.59836,2.63094,-1.1889,2.75436,2,-0.988337,2.74789,2.02514,-2.10905,-0.910354,0,-2.1237,-0.932604,-0.0085588,-2.20349,-0.951119,0,-2.31092,-0.842613,-0.0604322
18.19,-1.15832,2.62742,2.65596,-1.24927,2.58895,2.63085,-1.21019,2.74508,2,-1.01141,2.73936,2.02453,-2.10194,-0.926655,1.46196e-18,-2.11674,-0.949361,-0.00968027,-2.19606,-0.968151,0,-2.30377,-0.862273,-0.0614494
18.2001,-1.17919,2.61812,2.65596,-1.27673,2.57646,2.63071,-1.23199,2.73536,2,-1.03441,2.73064,2.02391,-2.0945,-0.943349,1.46196e-18,-2.10745,-0.970845,-0.0111308,-2.18829,-0.985592,0,-2.29629,-0.881842,-0.0625039
18.2101,-1.2001,2.6086,2.65596,-1.29147,2.56963,2.63063,-1.25384,2.72542,2,-1.05734,2.72173,2.02328,-2.08688,-0.960079,1.46196e-18,-2.10231,-0.982365,-0.0117818,-2.18033,-1.00307,0,-2.28848,-0.901424,-0.0632805
18.2202,-1.22134,2.59872,2.65596,-1.31245,2.55972,2.63051,-1.27603,2.71509,2,-1.08018,2.71261,2.02265,-2.07898,-0.977075,0,-2.09457,-0.99872,-0.0128975,-2.17208,-1.02083,0,-2.28008,-0.921014,-0.0642372
18.2301,-1.24161,2.5891,2.65596,-1.33961,2.5466,2.63033,-1.29721,2.70504,2,-1.10975,2.70047,2.0218,-2.07128,-0.993292,0,-2.08433,-1.01984,-0.014217,-2.16403,-1.03777,0,-2.26878,-0.946503,-0.0653498
18.2401,-1.26263,2.57892,2.65596,-1.35418,2.53942,2.63023,-1.31917,2.6944,2,-1.13239,2.69091,2.02115,-2.06313,-1.0101,0,-2.07872,-1.03118,-0.0148117,-2.15552,-1.05534,0,-2.25975,-0.966166,-0.0660059
18.2501,-1.28327,2.56871,2.65596,-1.37493,2.52903,2.63007,-1.34074,2.68373,2,-1.14819,2.6841,2.02068,-2.05497,-1.02662,0,-2.07058,-1.04731,-0.0158121,-2.14699,-1.07259,0,-2.25327,-0.979891,-0.0666323
18.2601,-1.30363,2.55844,2.65596,-1.3956,2.51848,2.62991,-1.36201,2.673,2,-1.17067,2.6742,2.02001,-2.04675,-1.04291,1.46196e-18,-2.06232,-1.06326,-0.0166858,-2.1384,-1.08961,0,-2.24381,-0.999459,-0.0673265
18.2701,-1.32413,2.54789,2.65596,-1.41618,2.50776,2.62974,-1.38343,2.66198,2,-1.19306,2.66411,2.01934,-2.03831,-1.05931,-1.46196e-18,-2.05425,-1.07928,-0.0171845,-2.12958,-1.10674,0,-2.23438,-1.01914,-0.0676213
18.2801,-1.34437,2.53727,2.65596,-1.43668,2.49689,2.62957,-1.40457,2.65088,2,-1.21536,2.65382,2.01866,-2.02981,-1.0755,0,-2.04623,-1.09519,-0.0173806,-2.12071,-1.12366,0,-2.22484,-1.03877,-0.0675953
18.2901,-1.36456,2.52647,2.65596,-1.4571,2.48586,2.6294,-1.42566,2.6396,2,-1.23756,2.64334,2.01799,-2.02117,-1.09165,1.46196e-18,-2.03805,-1.11092,-0.0175045,-2.11168,-1.14053,0,-2.21501,-1.05829,-0.0674883
18.3,-1.3847,2.51548,2.65596,-1.47744,2.47467,2.62922,-1.44671,2.62812,2,-1.25966,2.63266,2.01731,-2.01239,-1.10776,0,-2.02958,-1.12653,-0.0175897,-2.1025,-1.15737,0,-2.20476,-1.07773,-0.0673371
18.31,-1.40466,2.50439,2.65596,-1.49769,2.46333,2.62904,-1.46756,2.61654,2,-1.28165,2.62178,2.01664,-2.00351,-1.12373,0,-2.02126,-1.14221,-0.0175614,-2.09323,-1.17405,0,-2.19455,-1.09728,-0.0670665
18.3203,-1.42484,2.49297,2.65596,-1.51787,2.45183,2.62887,-1.48864,2.6046,2,-1.3101,2.60735,2.01577,-1.99437,-1.13987,0,-2.01296,-1.15791,-0.0173778,-2.08368,-1.19091,0,-2.18108,-1.12274,-0.0664733
18.3301,-1.44471,2.4815,2.65596,-1.53795,2.44017,2.6287,-1.5094,2.59262,2,-1.32534,2.59944,2.01531,-1.9852,-1.15577,-1.46196e-18,-2.00439,-1.1734,-0.0175931,-2.0741,-1.20752,0,-2.17354,-1.13628,-0.0665878
18.3401,-1.465,2.46958,2.65596,-1.55795,2.42836,2.62852,-1.53061,2.58016,2,-1.34702,2.58798,2.01464,-1.97566,-1.172,1.46196e-18,-1.99549,-1.18875,-0.0183005,-2.06413,-1.22448,0,-2.16244,-1.15554,-0.0670336
18.35,-1.48402,2.4582,2.65596,-1.57786,2.4164,2.62833,-1.55048,2.56827,2,-1.36858,2.57633,2.01397,-1.96656,-1.18722,0,-1.98643,-1.2041,-0.0190139,-2.05462,-1.24038,0,-2.15109,-1.17481,-0.0674803
18.36,-1.50354,2.4463,2.65596,-1.59372,2.40672,2.62818,-1.57087,2.55585,2,-1.38576,2.56687,2.01342,-1.95704,-1.20283,-1.46196e-18,-1.97939,-1.21648,-0.0195554,-2.04468,-1.2567,0,-2.14215,-1.19033,-0.0678038
18.3702,-1.52343,2.43397,2.65596,-1.61347,2.39447,2.62798,-1.59164,2.54296,2,-1.40712,2.55487,2.01275,-1.94718,-1.21874,1.46196e-18,-1.97051,-1.23175,-0.0202016,-2.03437,-1.27332,0,-2.13082,-1.20953,-0.0681757
18.38,-1.54282,2.42173,2.65596,-1.63314,2.38208,2.62777,-1.6119,2.53017,2,-1.42837,2.54268,2.01206,-1.93738,-1.23425,0,-1.96159,-1.24687,-0.0208087,-2.02414,-1.28952,0,-2.11937,-1.22855,-0.0685004
18.39,-1.56215,2.4093,2.65596,-1.65271,2.36954,2.62756,-1.6321,2.51719,2,-1.44951,2.5303,2.01137,-1.92744,-1.24972,-1.46196e-18,-1.95274,-1.26196,-0.0217649,-2.01375,-1.30568,0,-2.1079,-1.24747,-0.0691532
18.4001,-1.58108,2.39692,2.65596,-1.67219,2.35684,2.62734,-1.65188,2.50426,2,-1.47053,2.51773,2.01068,-1.91754,-1.26486,0,-1.94353,-1.277,-0.0231987,-2.0034,-1.3215,0,-2.09601,-1.26627,-0.0702657
18.4101,-1.60066,2.38389,2.65596,-1.69158,2.344,2.6271,-1.67234,2.49064,2,-1.49143,2.50498,2.00997,-1.90711,-1.28053,0,-1.93411,-1.29209,-0.0241302,-1.99251,-1.33787,0,-2.08386,-1.2851,-0.0708738
18.4202,-1.6195,2.37113,2.65596,-1.71087,2.331,2.62686,-1.69202,2.47731,2,-1.51221,2.49203,2.00926,-1.89691,-1.2956,1.46196e-18,-1.92494,-1.30739,-0.0240959,-1.98185,-1.35361,0,-2.07189,-1.30413,-0.0705179
18.4304,-1.6389,2.35777,2.65596,-1.73008,2.31785,2.62662,-1.71228,2.46335,2,-1.53904,2.47492,2.00835,-1.88621,-1.31112,1.46196e-18,-1.91587,-1.32273,-0.0237539,-1.97068,-1.36983,0,-2.05633,-1.32883,-0.0698725
18.44,-1.65722,2.34492,2.65596,-1.74919,2.30455,2.62638,-1.73143,2.44993,2,-1.55341,2.46557,2.00786,-1.87594,-1.32578,0,-1.90617,-1.33777,-0.0247473,-1.95994,-1.38514,0,-2.04743,-1.3418,-0.0705096
18.4502,-1.67608,2.33148,2.65596,-1.7682,2.29109,2.62612,-1.75114,2.43588,2,-1.57381,2.45206,2.00715,-1.86518,-1.34087,-1.46196e-18,-1.89603,-1.35264,-0.0263913,-1.9487,-1.40091,0,-2.03445,-1.36019,-0.0718235
18.4603,-1.69495,2.3178,2.65596,-1.7871,2.27749,2.62584,-1.77085,2.42159,2,-1.59409,2.43837,2.00642,-1.85424,-1.35596,1.46196e-18,-1.88537,-1.36717,-0.0296904,-1.93727,-1.41668,0,-2.021,-1.37814,-0.0748
18.4701,-1.71284,2.30461,2.65596,-1.80591,2.26375,2.62553,-1.78954,2.40781,2,-1.61423,2.4245,2.00566,-1.84369,-1.37027,0,-1.87477,-1.38178,-0.0322343,-1.92625,-1.43163,0,-2.00758,-1.39615,-0.0770246
18.4802,-1.73167,2.2905,2.65596,-1.82459,2.24986,2.62518,-1.80921,2.39306,2,-1.63424,2.41045,2.00486,-1.8324,-1.38533,0,-1.86271,-1.3955,-0.0387212,-1.91445,-1.44737,0,-1.99282,-1.41308,-0.0831976
18.4905,-1.75022,2.27635,2.65596,-1.84316,2.23584,2.62475,-1.82859,2.37829,2,-1.65409,2.39623,2.00399,-1.82108,-1.40018,0,-1.8502,-1.40908,-0.0458007,-1.90263,-1.46288,0,-1.97767,-1.4298,-0.0899796
18.5,-1.76781,2.26272,2.65596,-1.85976,2.2231,2.62432,-1.84697,2.36404,2,-1.67183,2.3833,2.00317,-1.81018,-1.41425,1.46196e-18,-1.83993,-1.42184,-0.0488983,-1.89124,-1.47757,0,-1.96495,-1.4455,-0.0928266
18.51,-1.78579,2.24855,2.65596,-1.87445,2.21168,2.62394,-1.86576,2.34924,2,-1.68751,2.37167,2.00243,-1.79884,-1.42863,0,-1.83232,-1.43415,-0.0474581,-1.87939,-1.49261,0,-1.95507,-1.46056,-0.0911768
18.52,-1.80349,2.23439,2.65596,-1.89272,2.19726,2.62345,-1.88425,2.33444,2,-1.70699,2.35698,2.00151,-1.78751,-1.44279,1.46196e-18,-1.82075,-1.44825,-0.0516467,-1.86755,-1.5074,0,-1.94087,-1.47784,-0.0951179
18.53,-1.8214,2.21981,2.65596,-1.91627,2.17833,2.62269,-1.90296,2.31921,2,-1.73209,2.33764,2.00018,-1.77585,-1.45712,0,-1.80341,-1.46503,-0.063151,-1.85537,-1.52237,0,-1.92034,-1.49839,-0.106286
18.5399,-1.83908,2.20518,2.65596,-1.93426,2.1636,2.62209,-1.92143,2.30393,2,-1.75123,2.32255,1.99916,-1.76415,-1.47126,0,-1.79625,-1.48243,-0.052288,-1.84314,-1.53715,0,-1.91012,-1.51913,-0.0951092
18.55,-1.85652,2.19052,2.65596,-1.95222,2.14867,2.6217,-1.93966,2.28861,2,-1.76459,2.31186,1.99855,-1.75241,-1.48522,1.46196e-18,-1.79394,-1.5033,-0.026184,-1.83089,-1.55173,0,-1.90608,-1.53634,-0.0763517
18.5601,-1.87403,2.17556,2.65596,-1.97012,2.13355,2.6215,-1.95795,2.27298,2,-1.7893,2.2917,1.99771,-1.74045,-1.49922,-1.46196e-18,-1.78626,-1.52043,-0.016532,-1.81838,-1.56636,0,-1.89342,-1.56372,-0.0585704
18.5699,-1.89111,2.16073,2.65596,-1.98794,2.11827,2.62136,-1.9758,2.25748,2,-1.80817,2.27597,1.99715,-1.72858,-1.51289,0,-1.77622,-1.53581,-0.0132329,-1.80599,-1.58064,0,-1.88054,-1.58197,-0.0549381
18.58,-1.90848,2.1454,2.65596,-2.00034,2.10748,2.62126,-1.99394,2.24147,2,-1.8213,2.26485,1.99677,-1.71632,-1.52679,-1.46196e-18,-1.76825,-1.54598,-0.0131597,-1.79318,-1.59515,0,-1.87076,-1.59415,-0.0546889
18.59,-1.92566,2.13,2.65596,-2.02323,2.08726,2.62109,-2.01189,2.22538,2,-1.8455,2.24398,1.99606,-1.704,-1.54053,0,-1.75285,-1.56458,-0.0136994,-1.7803,-1.60951,0,-1.85219,-1.61654,-0.054977
18.6,-1.94249,2.11465,2.65596,-2.0407,2.07154,2.62095,-2.02948,2.20935,2,-1.86395,2.22773,1.9955,-1.69172,-1.554,-1.46196e-18,-1.74066,-1.57864,-0.0146697,-1.76748,-1.62358,0,-1.83767,-1.63348,-0.0557767
18.6101,-1.95965,2.09877,2.65596,-2.05804,2.05569,2.6208,-2.0474,2.19275,2,-1.88225,2.21131,1.99494,-1.67901,-1.56772,-1.46196e-18,-1.72843,-1.59258,-0.0152843,-1.7542,-1.63792,0,-1.82323,-1.65033,-0.05627
18.62,-1.97638,2.08302,2.65596,-2.07527,2.03969,2.62064,-2.06488,2.1763,2,-1.90041,2.19473,1.99438,-1.66642,-1.5811,0,-1.71628,-1.60641,-0.0156182,-1.74104,-1.6519,0,-1.80898,-1.66716,-0.0565397
18.6301,-1.99313,2.067,2.65596,-2.08725,2.02841,2.62053,-2.08238,2.15956,2,-1.91304,2.18302,1.99398,-1.6536,-1.5945,-1.46196e-18,-1.70775,-1.616,-0.0156537,-1.72765,-1.6659,0,-1.79904,-1.67889,-0.0565555
18.6401,-2.00957,2.05102,2.65596,-2.10427,2.01219,2.62038,-2.09956,2.14286,2,-1.93096,2.16614,1.99342,-1.64082,-1.60766,1.46196e-18,-1.69532,-1.62951,-0.0155148,-1.71429,-1.67965,0,-1.7847,-1.69548,-0.0564228
18.6501,-2.02586,2.03493,2.65596,-2.1262,1.99089,2.62018,-2.11658,2.12605,2,-1.94873,2.14911,1.99285,-1.62794,-1.62069,1.46196e-18,-1.67895,-1.64693,-0.0150366,-1.70084,-1.69326,0,-1.77032,-1.71197,-0.0561234
18.66,-2.04178,2.01895,2.65596,-2.13625,1.98098,2.62009,-2.13321,2.10936,2,-1.96987,2.12844,1.99218,-1.61516,-1.63343,-1.46196e-18,-1.67127,-1.65488,-0.0147533,-1.68749,-1.70657,0,-1.75297,-1.73153,-0.0556216
18.6703,-2.05852,2.00189,2.65596,-2.15787,1.95936,2.6199,-2.15069,2.09153,2,-1.98733,2.11105,1.99163,-1.60151,-1.64681,0,-1.65445,-1.67191,-0.0142245,-1.67323,-1.72056,0,-1.73849,-1.74759,-0.0553069
18.68,-2.07381,1.98604,2.65596,-2.16942,1.94762,2.6198,-2.16668,2.07497,2,-2.00464,2.09349,1.99108,-1.58883,-1.65905,0,-1.64525,-1.68093,-0.0138911,-1.65998,-1.73334,0,-1.72394,-1.76343,-0.0549261
18.69,-2.08982,1.96918,2.65596,-2.1858,1.93075,2.61967,-2.18341,2.05736,2,-2.02181,2.07578,1.99053,-1.57535,-1.67186,0,-1.632,-1.69363,-0.0133571,-1.64589,-1.74672,0,-1.70937,-1.77904,-0.0544987
18.7,-2.10548,1.95244,2.65596,-2.20206,1.91375,2.61954,-2.19976,2.03987,2,-2.03374,2.06329,1.99015,-1.56195,-1.68438,1.46196e-18,-1.61868,-1.70618,-0.0127179,-1.6319,-1.75981,0,-1.69925,-1.78985,-0.054142
18.71,-2.12076,1.93583,2.65596,-2.21818,1.89663,2.61941,-2.21573,2.02251,2,-2.05571,2.03989,1.98945,-1.54866,-1.69661,0,-1.60541,-1.71866,-0.0119949,-1.61801,-1.77258,0,-1.68059,-1.8097,-0.0533653
18.7201,-2.13675,1.91816,2.65596,-2.23416,1.87938,2.6193,-2.23244,2.00405,2,-2.07244,2.02172,1.98892,-1.53453,-1.7094,0,-1.5919,-1.73099,-0.0111706,-1.60324,-1.78595,0,-1.66623,-1.82473,-0.0527036
18.73,-2.15173,1.90134,2.65596,-2.25474,1.85677,2.61916,-2.24809,1.98648,2,-2.08407,2.00891,1.98855,-1.52107,-1.72139,0,-1.57415,-1.74688,-0.0100035,-1.58919,-1.79847,0,-1.65618,-1.83515,-0.0522005
18.7401,-2.1668,1.88415,2.65596,-2.26573,1.84451,2.61909,-2.26383,1.96852,2,-2.10056,1.99049,1.98803,-1.50732,-1.73344,0,-1.56455,-1.75536,-0.00944251,-1.57482,-1.81106,0,-1.64195,-1.84988,-0.0515607
18.7499,-2.18164,1.86695,2.65596,-2.28285,1.82513,2.61899,-2.27934,1.95055,2,-2.11854,1.97005,1.98747,-1.49356,-1.74531,0,-1.54926,-1.76868,-0.00867964,-1.56044,-1.82347,0,-1.62628,-1.86597,-0.0510443
18.76,-2.1966,1.84933,2.65596,-2.29828,1.80739,2.61891,-2.29496,1.93214,2,-2.13473,1.95132,1.98696,-1.47946,-1.75728,0,-1.5352,-1.78077,-0.00793514,-1.54571,-1.83597,0,-1.61206,-1.88051,-0.0505446
18.77,-2.2117,1.83124,2.65596,-2.31356,1.78952,2.61883,-2.31074,1.91324,2,-2.15078,1.93244,1.98646,-1.46499,-1.76936,-1.46196e-18,-1.52095,-1.79295,-0.00715115,-1.53059,-1.84859,0,-1.59787,-1.89503,-0.0500202
18.78,-2.22591,1.81394,2.65596,-2.3287,1.77153,2.61877,-2.32559,1.89516,2,-2.16669,1.91341,1.98596,-1.45115,-1.78073,0,-1.50676,-1.80513,-0.00631859,-1.51613,-1.86047,0,-1.58393,-1.90945,-0.0494647
18.7901,-2.24072,1.79562,2.65596,-2.34369,1.75341,2.61871,-2.34105,1.87602,2,-2.18246,1.89425,1.98547,-1.43649,-1.79257,0,-1.49251,-1.81722,-0.00539313,-1.50082,-1.87284,0,-1.57016,-1.92364,-0.0488306
18.8,-2.25467,1.77806,2.65596,-2.35855,1.73518,2.61866,-2.35563,1.85768,2,-2.19809,1.87494,1.98499,-1.42245,-1.80374,0,-1.47822,-1.8294,-0.00445484,-1.48615,-1.88451,0,-1.5566,-1.93777,-0.0482018
18.81,-2.2687,1.76012,2.65596,-2.37326,1.71683,2.61862,-2.37029,1.83894,2,-2.21359,1.85549,1.98451,-1.4081,-1.81496,1.46196e-18,-1.46365,-1.8416,-0.00348798,-1.47115,-1.89623,0,-1.54302,-1.95175,-0.0475626
18.82,-2.28274,1.74188,2.65596,-2.38782,1.69835,2.61859,-2.38496,1.81988,2,-2.22895,1.83591,1.98403,-1.39351,-1.82619,-1.46196e-18,-1.44878,-1.85385,-0.00252096,-1.45591,-1.90797,0,-1.52947,-1.96558,-0.0469441
18.83,-2.29658,1.72359,2.65596,-2.40223,1.67975,2.61857,-2.39942,1.80077,2,-2.24418,1.81618,1.98357,-1.37887,-1.83727,-1.46196e-18,-1.43345,-1.86606,-0.00150274,-1.44061,-1.91954,0,-1.51583,-1.97913,-0.0463011
18.84,-2.31047,1.70493,2.65596,-2.41649,1.66103,2.61856,-2.41393,1.78128,2,-2.25927,1.79633,1.98311,-1.36394,-1.84837,1.46196e-18,-1.41778,-1.87834,-0.000491056,-1.42502,-1.93114,0,-1.50224,-1.99247,-0.0456873
18.85,-2.32406,1.68636,2.65596,-2.43058,1.64218,2.61856,-2.42813,1.76187,2,-2.27422,1.77634,1.98265,-1.34908,-1.85925,-1.46196e-18,-1.40146,-1.89076,0.00034658,-1.4095,-1.9425,0,-1.48844,-2.00557,-0.045263
18.86,-2.33733,1.66791,2.65596,-2.44451,1.62321,2.61856,-2.442,1.7426,2,-2.28904,1.75621,1.9822,-1.33433,-1.86986,0,-1.38452,-1.90344,0.000927465,-1.39408,-1.9536,0,-1.47457,-2.01847,-0.0451154
18.87,-2.35063,1.64912,2.65596,-2.45827,1.60411,2.61857,-2.45589,1.72296,2,-2.30371,1.73597,1.98175,-1.31929,-1.8805,0,-1.36661,-1.91641,0.00121536,-1.37837,-1.96471,0,-1.46039,-2.03108,-0.0452883
18.88,-2.36369,1.63034,2.65596,-2.47184,1.58488,2.61859,-2.46953,1.70335,2,-2.31825,1.71559,1.9813,-1.30427,-1.89095,0,-1.34767,-1.92967,0.00140708,-1.36268,-1.97563,0,-1.44595,-2.04329,-0.0455824
18.89,-2.37671,1.61131,2.65596,-2.48522,1.56552,2.6186,-2.48314,1.68346,2,-2.33263,1.6951,1.98084,-1.28904,-1.90137,0,-1.32775,-1.9434,0.00136698,-1.34677,-1.98651,0,-1.43141,-2.05509,-0.0461272
18.8999,-2.3894,1.59243,2.65596,-2.49839,1.54601,2.61862,-2.49639,1.66374,2,-2.34687,1.67449,1.98038,-1.27394,-1.91152,0,-1.30677,-1.958,0.00183905,-1.33099,-1.99711,0,-1.41688,-2.06673,-0.0461908
18.91,-2.40255,1.57251,2.65596,-2.51135,1.52635,2.61864,-2.51014,1.64293,2,-2.36097,1.65377,1.97991,-1.25801,-1.92204,-1.46196e-18,-1.28459,-1.97356,0.00228975,-1.31434,-2.00811,0,-1.40222,-2.0782,-0.0462797
18.9199,-2.4148,1.55364,2.65596,-2.52408,1.50654,2.61866,-2.52293,1.62321,2,-2.37075,1.63919,1.97959,-1.24291,-1.93184,-1.46196e-18,-1.2615,-1.99035,0.00306681,-1.29857,-2.01834,0,-1.39196,-2.08618,-0.0461243
18.93,-2.42703,1.53446,2.65596,-2.53658,1.48654,2.6187,-2.53571,1.60318,2,-2.38872,1.61198,1.97899,-1.22757,-1.94162,-1.46196e-18,-1.23768,-2.00837,0.00374744,-1.28254,-2.02857,0,-1.37276,-2.10074,-0.0455869
18.94,-2.43934,1.51482,2.65596,-2.5464,1.47042,2.61873,-2.54857,1.58265,2,-2.39965,1.59514,1.97863,-1.21186,-1.95147,0,-1.21816,-2.02383,0.00434565,-1.26612,-2.03886,0,-1.36082,-2.10954,-0.0450587
18.95,-2.4512,1.49555,2.65596,-2.55846,1.45008,2.61878,-2.56096,1.56252,2,-2.41319,1.57399,1.97818,-1.19644,-1.96096,0,-1.19334,-2.04448,0.00493463,-1.25002,-2.04877,0,-1.34569,-2.12029,-0.0442796
18.9601,-2.46357,1.47509,2.65596,-2.57027,1.42952,2.61883,-2.57388,1.54114,2,-2.42657,1.55273,1.97775,-1.18007,-1.97085,0,-1.16845,-2.06697,0.00543705,-1.23291,-2.05911,0,-1.33051,-2.13102,-0.0431978
18.97,-2.475,1.45582,2.65596,-2.58183,1.40873,2.61889,-2.58583,1.52101,2,-2.4398,1.53137,1.97732,-1.16466,-1.98,1.46196e-18,-1.14384,-2.09131,0.00595151,-1.21681,-2.06866,0,-1.31536,-2.14177,-0.0416655
18.98,-2.48665,1.43584,2.65596,-2.59315,1.38769,2.61895,-2.598,1.50014,2,-2.45287,1.5099,1.97691,-1.14867,-1.98932,1.46196e-18,-1.11967,-2.11738,0.00618261,-1.20011,-2.0784,0,-1.30011,-2.15241,-0.0399075
18.99,-2.49792,1.41613,2.65596,-2.60423,1.36638,2.61901,-2.60978,1.47955,2,-2.4658,1.48832,1.97652,-1.13291,-1.99834,0,-1.09643,-2.14492,0.00583668,-1.18364,-2.08782,0,-1.28479,-2.16286,-0.0381499
19,-2.50903,1.39636,2.65596,-2.61508,1.34478,2.61906,-2.62138,1.45889,2,-2.47857,1.46664,1.97615,-1.11709,-2.00722,0,-1.0746,-2.17399,0.00498648,-1.16711,-2.09711,0,-1.26947,-2.17337,-0.0362733
19.01,-2.52027,1.37597,2.65596,-2.62572,1.32289,2.61911,-2.63312,1.43759,2,-2.49119,1.44485,1.9758,-1.10078,-2.01621,0,-1.05448,-2.20473,0.00380703,-1.15007,-2.1065,0,-1.25412,-2.18399,-0.0340118
19.02,-2.53119,1.35578,2.65596,-2.63618,1.30069,2.61914,-2.64453,1.41649,2,-2.50365,1.42296,1.97547,-1.08463,-2.02495,0,-1.03647,-2.2367,0.00185909,-1.1332,-2.11562,0,-1.23866,-2.19464,-0.0317797
19.03,-2.54203,1.33534,2.65596,-2.64646,1.27816,2.61914,-2.65586,1.39514,2,-2.51596,1.40096,1.97516,-1.06827,-2.03362,0,-1.02073,-2.26929,-0.00103552,-1.11611,-2.12469,0,-1.22289,-2.20531,-0.0298005
19.04,-2.55255,1.31513,2.65596,-2.6566,1.25529,2.61912,-2.66685,1.37402,2,-2.52811,1.37885,1.97489,-1.0521,-2.04204,0,-1.00892,-2.30463,0.000761494,-1.09921,-2.13348,0,-1.20805,-2.21718,-0.0221839
19.05,-2.56311,1.29441,2.65596,-2.66667,1.23202,2.61926,-2.67789,1.35237,2,-2.54014,1.35659,1.97482,-1.03553,-2.05049,1.46196e-18,-1.00434,-2.34818,0.0240091,-1.0819,-2.14231,0,-1.19746,-2.23349,0.00825988
19.0601,-2.57343,1.27378,2.65596,-2.67668,1.20837,2.61954,-2.68866,1.33082,2,-2.55205,1.33419,1.97498,-1.01903,-2.05874,0,-0.996899,-2.38153,0.0342231,-1.06466,-2.15093,0,-1.18386,-2.24716,0.0243031
19.07,-2.58339,1.25345,2.65596,-2.68663,1.18439,2.61999,-2.69907,1.30958,2,-2.56383,1.31164,1.97536,-1.00276,-2.06671,0,-0.994931,-2.41483,0.0590388,-1.04766,-2.15926,0,-1.17277,-2.26397,0.0549416
19.08,-2.59328,1.23285,2.65596,-2.69661,1.16008,2.62079,-2.70941,1.28806,2,-2.57552,1.2889,1.97615,-0.986283,-2.07463,-1.46196e-18,-1.00229,-2.44818,0.104233,-1.03045,-2.16753,0,-1.16536,-2.28512,0.106186
19.09,-2.6031,1.212,2.65596,-2.70671,1.13543,2.62214,-2.71966,1.26627,2,-2.58715,1.26592,1.97755,-0.969597,-2.08248,-1.46196e-18,-1.02124,-2.47924,0.168924,-1.01302,-2.17573,0,-1.16128,-2.31062,0.177082
19.1,-2.61272,1.19112,2.65596,-2.71705,1.11052,2.62417,-2.72971,1.24446,2,-2.59874,1.24268,1.9797,-0.952894,-2.09017,1.46196e-18,-1.04652,-2.50228,0.232853,-0.995564,-2.18377,0,-1.15667,-2.33643,0.246642
19.11,-2.62209,1.17034,2.65596,-2.72763,1.08542,2.62674,-2.7395,1.22275,2,-2.61027,1.21921,1.98242,-0.936276,-2.09767,1.46196e-18,-1.06561,-2.51446,0.276598,-0.978202,-2.1916,0,-1.14767,-2.35804,0.294131
19.1199,-2.63134,1.1494,2.65596,-2.73831,1.06026,2.6296,-2.74916,1.20087,2,-2.62167,1.19554,1.98547,-0.919522,-2.10507,-1.46196e-18,-1.06887,-2.51857,0.293314,-0.960697,-2.19933,0,-1.1332,-2.37376,0.312082
19.13,-2.64069,1.12773,2.65596,-2.74898,1.03506,2.63262,-2.75894,1.17823,2,-2.63293,1.17173,1.98867,-0.902187,-2.11256,-1.46196e-18,-1.06448,-2.52173,0.311892,-0.942587,-2.20715,0,-1.1189,-2.38957,0.330134
19.1402,-2.64984,1.10607,2.65596,-2.75957,1.00981,2.63586,-2.7685,1.15559,2,-2.64405,1.14775,1.99209,-0.884853,-2.11987,-1.46196e-18,-1.05294,-2.52737,0.336854,-0.924476,-2.2148,0,-1.1054,-2.40659,0.353319
19.1499,-2.6582,1.08583,2.65596,-2.77002,0.984503,2.63937,-2.77723,1.13445,2,-2.65504,1.1236,1.99574,-0.86866,-2.12656,0,-1.03483,-2.53415,0.362581,-0.907558,-2.22179,0,-1.09158,-2.4237,0.376314
19.16,-2.66687,1.06435,2.65596,-2.78025,0.959143,2.64305,-2.78629,1.11202,2,-2.66587,1.09929,1.99955,-0.851483,-2.1335,0,-1.01162,-2.53722,0.370894,-0.889612,-2.22903,0,-1.07457,-2.43718,0.381491
19.17,-2.67538,1.04277,2.65596,-2.79024,0.93377,2.64675,-2.79519,1.08947,2,-2.67653,1.07486,2.00334,-0.834218,-2.14031,0,-0.985908,-2.53679,0.367966,-0.871574,-2.23615,0,-1.05554,-2.44831,0.375061
19.18,-2.68354,1.02159,2.65596,-2.79611,0.918554,2.64894,-2.80371,1.06733,2,-2.68595,1.05278,2.00666,-0.817269,-2.14684,0,-0.96959,-2.53525,0.363426,-0.853866,-2.24297,0,-1.03765,-2.45718,0.363941
19.1901,-2.69232,0.998241,2.65596,-2.80847,0.88563,2.65357,-2.81288,1.04294,2,-2.69622,1.02817,2.01022,-0.798593,-2.15385,0,-0.931703,-2.52947,0.347537,-0.834353,-2.2503,0,-1.01692,-2.46605,0.346719
19.2001,-2.69969,0.978109,2.65596,-2.81492,0.867938,2.65597,-2.82059,1.02191,2,-2.70329,1.01088,2.0126,-0.782487,-2.15976,-7.3098e-19,-0.910241,-2.52521,0.33743,-0.817527,-2.25647,0,-1.00216,-2.47201,0.3333
19.2101,-2.70738,0.956638,2.65596,-2.82648,0.835172,2.66023,-2.82861,0.999476,2,-2.7132,0.986122,2.01584,-0.765311,-2.1659,7.3098e-19,-0.869084,-2.51524,0.31787,-0.799581,-2.26289,0,-0.980963,-2.4804,0.313262
19.2201,-2.71496,0.934893,2.65596,-2.83249,0.817588,2.66242,-2.83654,0.976757,2,-2.72291,0.961278,2.01886,-0.747915,-2.17197,7.3098e-19,-0.846462,-2.50872,0.306943,-0.781406,-2.26923,0,-0.959702,-2.48852,0.292172
19.23,-2.72225,0.913454,2.65596,-2.84322,0.785064,2.66628,-2.84415,0.954357,2,-2.7352,0.928859,2.02248,-0.730763,-2.1778,7.3098e-19,-0.803655,-2.4945,0.286805,-0.763486,-2.27532,0,-0.931776,-2.49884,0.264338
19.24,-2.72952,0.891489,2.65596,-2.84876,0.767633,2.66825,-2.85175,0.931409,2,-2.74441,0.903832,2.02502,-0.713191,-2.18362,-7.3098e-19,-0.780441,-2.48565,0.276129,-0.745127,-2.2814,0,-0.910304,-2.50656,0.24291
19.25,-2.73661,0.869495,2.65596,-2.8564,0.742844,2.67093,-2.85915,0.90843,2,-2.75341,0.878728,2.02734,-0.695596,-2.18929,-7.3098e-19,-0.747147,-2.47179,0.261168,-0.726744,-2.28732,0,-0.888692,-2.51423,0.221578
19.2601,-2.74349,0.847528,2.65596,-2.8637,0.718202,2.67347,-2.86634,0.88548,2,-2.75957,0.86111,2.02884,-0.678022,-2.19479,-7.3098e-19,-0.71383,-2.45656,0.246404,-0.708384,-2.29307,0,-0.873459,-2.51956,0.206653
19.2699,-2.75007,0.825946,2.65596,-2.8727,0.686405,2.67655,-2.87321,0.862931,2,-2.7682,0.835877,2.0308,-0.660757,-2.20005,7.3098e-19,-0.670946,-2.43487,0.227422,-0.690345,-2.29857,0,-0.851677,-2.52705,0.185439
19.2801,-2.75683,0.803095,2.65596,-2.87732,0.669404,2.67811,-2.88027,0.839057,2,-2.77909,0.802962,2.03303,-0.642476,-2.20546,-7.3098e-19,-0.648151,-2.42247,0.217269,-0.671246,-2.30422,0,-0.823188,-2.53677,0.158249
19.2902,-2.76329,0.78058,2.65596,-2.88364,0.645271,2.68021,-2.88702,0.815534,2,-2.78479,0.785186,2.03409,-0.624464,-2.21063,-7.3098e-19,-0.616126,-2.40399,0.203017,-0.652427,-2.30962,0,-0.807765,-2.54197,0.14382
19.3001,-2.76916,0.759468,2.65596,-2.88965,0.621328,2.68217,-2.89316,0.793477,2,-2.79511,0.752079,2.03579,-0.607574,-2.21533,7.3098e-19,-0.584935,-2.38454,0.188956,-0.634781,-2.31453,0,-0.779132,-2.55139,0.117713
19.31,-2.77506,0.737609,2.65596,-2.89699,0.590499,2.68451,-2.89933,0.770639,2,-2.80051,0.734202,2.03656,-0.590087,-2.22005,7.3098e-19,-0.545868,-2.35816,0.171066,-0.616511,-2.31946,0,-0.763693,-2.55634,0.104013
19.3199,-2.78083,0.715558,2.65596,-2.90231,0.567022,2.68615,-2.90536,0.7476,2,-2.81025,0.700911,2.03776,-0.572446,-2.22467,7.3098e-19,-0.51705,-2.33722,0.157448,-0.59808,-2.32428,0,-0.734948,-2.56529,0.0794177
19.3299,-2.78648,0.693231,2.65596,-2.90734,0.543756,2.68766,-2.91126,0.724273,2,-2.81749,0.675225,2.03846,-0.554584,-2.22919,-7.3098e-19,-0.489477,-2.31581,0.14424,-0.579418,-2.32901,0,-0.712839,-2.57189,0.061468
19.3402,-2.79223,0.669721,2.65596,-2.9121,0.520707,2.68904,-2.91726,0.699711,2,-2.82451,0.649474,2.03899,-0.535777,-2.23378,0,-0.463322,-2.2941,0.131692,-0.559769,-2.33381,0,-0.690871,-2.57832,0.0447286
19.35,-2.79727,0.648311,2.65596,-2.91528,0.504702,2.68993,-2.92253,0.677342,2,-2.83131,0.623659,2.03936,-0.518649,-2.23782,0,-0.445753,-2.27882,0.123337,-0.541874,-2.33803,0,-0.668839,-2.58459,0.0293255
19.36,-2.80242,0.62568,2.65596,-2.92087,0.47526,2.69144,-2.92791,0.653698,2,-2.83788,0.597783,2.03958,-0.500544,-2.24194,0,-0.414782,-2.25066,0.108529,-0.522958,-2.34233,0,-0.646685,-2.59066,0.0150985
19.37,-2.80723,0.603742,2.65596,-2.92491,0.45286,2.69247,-2.93294,0.630777,2,-2.84424,0.571847,2.03966,-0.482994,-2.24578,0,-0.392503,-2.22938,0.0976303,-0.504622,-2.34635,0,-0.624483,-2.59646,0.00205519
19.38,-2.81202,0.581017,2.65596,-2.92873,0.430671,2.69339,-2.93794,0.607035,2,-2.84856,0.553658,2.03965,-0.464814,-2.24962,7.3098e-19,-0.371527,-2.20868,0.0871165,-0.485628,-2.35035,0,-0.608834,-2.60036,-0.00639255
19.3902,-2.81679,0.557452,2.65596,-2.93128,0.415259,2.69398,-2.94292,0.582414,2,-2.85453,0.527628,2.03953,-0.445961,-2.25343,7.3098e-19,-0.357656,-2.19461,0.0798667,-0.465931,-2.35434,0,-0.586534,-2.60568,-0.0175552
19.4001,-2.82105,0.535463,2.65596,-2.93476,0.393411,2.69472,-2.94738,0.559441,2,-2.86029,0.501546,2.0393,-0.42837,-2.25684,0,-0.338956,-2.1753,0.0698407,-0.447553,-2.3579,0,-0.564173,-2.61068,-0.0275809
19.41,-2.82515,0.513423,2.65596,-2.93806,0.371749,2.69537,-2.95165,0.536413,2,-2.86743,0.467566,2.03887,-0.410738,-2.26012,0,-0.321634,-2.15719,0.0601405,-0.429131,-2.36132,0,-0.535126,-2.61675,-0.0389001
19.42,-2.82917,0.49077,2.65596,-2.94211,0.34385,2.69608,-2.95586,0.512747,2,-2.87267,0.441379,2.03844,-0.392616,-2.26333,0,-0.300749,-2.13523,0.048066,-0.410197,-2.36469,0,-0.512543,-2.6207,-0.0462912
19.43,-2.83307,0.467701,2.65596,-2.94418,0.328942,2.69639,-2.95994,0.488644,2,-2.87768,0.415154,2.03794,-0.374161,-2.26646,-7.3098e-19,-0.29026,-2.12434,0.0415459,-0.390915,-2.36795,0,-0.489884,-2.62415,-0.0529441
19.4401,-2.8367,0.445195,2.65596,-2.94783,0.301448,2.69685,-2.96372,0.465131,2,-2.88106,0.396777,2.03756,-0.356156,-2.26936,0,-0.27207,-2.10604,0.0297672,-0.372104,-2.37098,0,-0.473976,-2.62634,-0.057058
19.45,-2.84017,0.422479,2.65596,-2.95048,0.28045,2.69711,-2.96735,0.441397,2,-2.88703,0.362612,2.03677,-0.337983,-2.27214,0,-0.259138,-2.09364,0.0209659,-0.353118,-2.37388,0,-0.444435,-2.6296,-0.0635288
19.4602,-2.8435,0.399468,2.65596,-2.95301,0.25957,2.69727,-2.97083,0.417356,2,-2.89008,0.3442,2.03632,-0.319574,-2.2748,0,-0.24687,-2.08271,0.0121688,-0.333884,-2.37666,0,-0.428434,-2.63086,-0.0665804
19.4701,-2.84656,0.377052,2.65596,-2.95471,0.245015,2.69734,-2.97402,0.393937,2,-2.89425,0.317885,2.03563,-0.301642,-2.27724,3.6549e-19,-0.238652,-2.07599,0.00608136,-0.315149,-2.37922,0,-0.405527,-2.63207,-0.0704052
19.4799,-2.84942,0.354761,2.65596,-2.95772,0.218097,2.69734,-2.97702,0.370647,2,-2.89933,0.283663,2.03469,-0.283808,-2.27954,-3.6549e-19,-0.223975,-2.06569,-0.005089,-0.296517,-2.38161,0,-0.375653,-2.63274,-0.0745601
19.49,-2.85222,0.331479,2.65596,-2.95926,0.203653,2.69729,-2.97994,0.346323,2,-2.9019,0.265234,2.03416,-0.265183,-2.28178,3.6549e-19,-0.216212,-2.06136,-0.0114089,-0.277058,-2.38395,0,-0.359471,-2.63259,-0.076847
19.4999,-2.85474,0.309011,2.65596,-2.96198,0.176897,2.69706,-2.98258,0.322848,2,-2.90638,0.231016,2.03314,-0.247209,-2.2838,-3.6549e-19,-0.202084,-2.05544,-0.0232875,-0.258279,-2.38606,0,-0.329345,-2.6314,-0.0808946
19.51,-2.85714,0.285997,2.65596,-2.96317,0.16457,2.69691,-2.98508,0.298804,2,-2.90831,0.215231,2.03264,-0.228797,-2.28571,-3.6549e-19,-0.195555,-2.05358,-0.0288729,-0.239043,-2.38807,0,-0.315366,-2.6304,-0.0827602
19.5201,-2.85937,0.262728,2.65596,-2.96507,0.144044,2.69657,-2.98742,0.274493,2,-2.91135,0.188937,2.0318,-0.210183,-2.2875,3.6549e-19,-0.184795,-2.05174,-0.0379399,-0.219595,-2.38993,0,-0.292126,-2.62818,-0.0855419
19.53,-2.86138,0.239948,2.65596,-2.96687,0.12353,2.69615,-2.98951,0.250692,2,-2.91416,0.16267,2.03094,-0.191958,-2.2891,0,-0.174228,-2.05147,-0.0464766,-0.200554,-2.39161,0,-0.269087,-2.62523,-0.0877525
19.54,-2.86321,0.217026,2.65596,-2.96856,0.10301,2.69564,-2.99142,0.226744,2,-2.91673,0.136435,2.03005,-0.173621,-2.29057,0,-0.163682,-2.05281,-0.0543824,-0.181395,-2.39314,0,-0.246183,-2.62154,-0.0893672
19.5499,-2.86483,0.194453,2.65596,-2.97014,0.0824686,2.69506,-2.99311,0.203161,2,-2.91974,0.102392,2.02888,-0.155562,-2.29186,0,-0.152902,-2.05563,-0.0619393,-0.162528,-2.39449,0,-0.216426,-2.61562,-0.0911012
19.5602,-2.86633,0.170921,2.65596,-2.97162,0.0618925,2.69441,-2.99468,0.178575,2,-2.9212,0.0840958,2.02824,-0.136737,-2.29306,0,-0.141832,-2.05978,-0.0690043,-0.14286,-2.39574,0,-0.200438,-2.61189,-0.0918412
19.57,-2.86757,0.148561,2.65596,-2.97336,0.0350713,2.69346,-2.99598,0.155213,2,-2.92361,0.0501922,2.02704,-0.118849,-2.29406,1.82745e-19,-0.126748,-2.06686,-0.0772251,-0.124171,-2.39679,0,-0.170718,-2.60379,-0.0926907
19.58,-2.86868,0.125313,2.65596,-2.97457,0.0143708,2.69265,-2.99714,0.130924,2,-2.92475,0.0319828,2.02639,-0.10025,-2.29495,0,-0.114577,-2.07339,-0.0832244,-0.104739,-2.39771,0,-0.154778,-2.59883,-0.0932159
19.5902,-2.86962,0.101709,2.65596,-2.97565,-0.00639914,2.69179,-2.99812,0.106263,2,-2.92618,0.00603281,2.02545,-0.0813671,-2.29569,9.13725e-20,-0.101949,-2.08072,-0.0888791,-0.0850106,-2.39849,0,-0.13213,-2.59105,-0.0939494
19.6001,-2.87033,0.0790323,2.65596,-2.97633,-0.0209835,2.69116,-2.99886,0.0825713,2,-2.92771,-0.0275794,2.02422,-0.0632258,-2.29627,0,-0.0928797,-2.0863,-0.0924121,-0.066057,-2.39909,0,-0.103105,-2.57985,-0.094583
19.6101,-2.87087,0.05618,2.65596,-2.9772,-0.041889,2.69021,-2.99943,0.0586958,2,-2.92838,-0.0456156,2.02356,-0.044944,-2.2967,-4.56862e-20,-0.0793698,-2.09492,-0.0966819,-0.0469566,-2.39954,0,-0.0875474,-2.57332,-0.0946064
19.62,-2.87122,0.0336028,2.65596,-2.97792,-0.0628845,2.68923,-2.99979,0.0351075,2,-2.92933,-0.0789856,2.02233,-0.0268822,-2.29698,0,-0.0650224,-2.10429,-0.1002,-0.028086,-2.39984,0,-0.0586592,-2.56032,-0.0943393
19.6301,-2.8714,0.0100874,2.65596,-2.97849,-0.0839769,2.68821,-2.99998,0.0105391,2,-2.92969,-0.096882,2.02167,-0.0080699,-2.29712,-1.14216e-20,-0.0498548,-2.1143,-0.103206,-0.00843127,-2.39999,0,-0.0431436,-2.55291,-0.0942226
19.6401,-2.87139,-0.0127295,2.65596,-2.97891,-0.105172,2.68716,-2.99997,-0.0132995,2,-2.93001,-0.122356,2.02073,0.0101836,-2.29711,-1.14216e-20,-0.0340102,-2.1248,-0.105777,0.0106396,-2.39998,0,-0.0211455,-2.54181,-0.0940797
19.6501,-2.8712,-0.0357148,2.65596,-2.97917,-0.126474,2.6861,-2.99977,-0.0373141,2,-2.9301,-0.155302,2.01951,0.0285718,-2.29696,-4.56862e-20,-0.017489,-2.13572,-0.107847,0.0298512,-2.39981,0,0.00719355,-2.52663,-0.0938901
19.66,-2.87083,-0.0583896,2.65596,-2.97925,-0.154333,2.68468,-2.99938,-0.0610043,2,-2.93,-0.172958,2.01885,0.0467117,-2.29666,-4.56862e-20,0.00519895,-2.15023,-0.109835,0.0488034,-2.3995,0,0.0224056,-2.51807,-0.0938137
19.6702,-2.87026,-0.0815072,2.65596,-2.97919,-0.167254,2.68402,-2.99879,-0.085157,2,-2.92971,-0.195571,2.01801,0.0652057,-2.29621,0,0.0159815,-2.15703,-0.110592,0.0681256,-2.39903,0,0.0417171,-2.5068,-0.0938095
19.6803,-2.86948,-0.10546,2.65596,-2.979,-0.184547,2.68313,-2.99798,-0.110182,2,-2.9293,-0.215584,2.01726,0.0843679,-2.29559,9.13725e-20,0.0308601,-2.166,-0.111495,0.0881459,-2.39838,0,0.0588614,-2.49646,-0.0940014
19.69,-2.86857,-0.127795,2.65596,-2.9786,-0.206262,2.68201,-2.99703,-0.133517,2,-2.92861,-0.240482,2.01632,0.102236,-2.29486,0,0.0499793,-2.17703,-0.11211,0.106814,-2.39762,0,0.0800351,-2.48308,-0.094121
19.7001,-2.8675,-0.150067,2.65596,-2.978,-0.228087,2.68089,-2.9959,-0.156787,2,-2.92771,-0.265244,2.01538,0.120054,-2.294,1.82745e-19,0.0696599,-2.18791,-0.112236,0.125429,-2.39672,0,0.100851,-2.46919,-0.0941742
19.7101,-2.86616,-0.173631,2.65596,-2.9772,-0.25002,2.67977,-2.99451,-0.181406,2,-2.92659,-0.289865,2.01443,0.138905,-2.29293,0,0.090068,-2.19865,-0.112003,0.145125,-2.39561,0,0.121561,-2.45494,-0.0942593
19.7201,-2.86469,-0.19647,2.65596,-2.9762,-0.272059,2.67865,-2.99297,-0.205268,2,-2.92527,-0.314341,2.01349,0.157176,-2.29175,0,0.111141,-2.20907,-0.111365,0.164214,-2.39438,0,0.142189,-2.44028,-0.0942909
19.7301,-2.86303,-0.219369,2.65596,-2.97498,-0.2942,2.67754,-2.99123,-0.229192,2,-2.92375,-0.338669,2.01255,0.175495,-2.29042,0,0.132671,-2.21915,-0.110258,0.183354,-2.39299,0,0.162546,-2.42532,-0.0941696
19.7401,-2.86119,-0.242182,2.65596,-2.97307,-0.323131,2.67612,-2.98931,-0.253027,2,-2.92202,-0.362847,2.01161,0.193746,-2.28895,0,0.161272,-2.2316,-0.108201,0.202422,-2.39145,0,0.182602,-2.41008,-0.0939048
19.7504,-2.85905,-0.26621,2.65596,-2.97189,-0.338774,2.67537,-2.98708,-0.278131,2,-2.91948,-0.394047,2.01039,0.212968,-2.28724,0,0.177066,-2.23794,-0.107085,0.222504,-2.38966,0,0.208574,-2.38999,-0.0937606
19.7601,-2.85696,-0.287764,2.65596,-2.97,-0.361197,2.67431,-2.9849,-0.30065,2,-2.91797,-0.410739,2.00973,0.230211,-2.28557,0,0.199894,-2.24652,-0.105371,0.24052,-2.38792,0,0.222422,-2.37912,-0.0937232
19.7701,-2.85455,-0.310754,2.65596,-2.96789,-0.383703,2.67326,-2.98238,-0.32467,2,-2.91565,-0.434452,2.0088,0.248603,-2.28364,3.6549e-19,0.223038,-2.25452,-0.103341,0.259736,-2.3859,0,0.24207,-2.36351,-0.0935207
19.7799,-2.85202,-0.333212,2.65596,-2.96554,-0.406286,2.67224,-2.97973,-0.348133,2,-2.91313,-0.458009,2.00786,0.266569,-2.28162,0,0.246606,-2.26189,-0.101002,0.278506,-2.38379,0,0.26164,-2.34778,-0.0931295
19.7899,-2.84931,-0.355648,2.65596,-2.96295,-0.428939,2.67124,-2.9769,-0.371574,2,-2.91042,-0.481408,2.00694,0.284518,-2.27945,0,0.270344,-2.26865,-0.0983589,0.297259,-2.38152,0,0.280988,-2.33199,-0.0925139
19.8,-2.84627,-0.379229,2.65596,-2.96013,-0.451657,2.67027,-2.97372,-0.396211,2,-2.90751,-0.504649,2.00601,0.303383,-2.27701,0,0.294072,-2.27483,-0.0954482,0.316969,-2.37898,0,0.300015,-2.3163,-0.091669
19.8101,-2.8432,-0.401548,2.65596,-2.95707,-0.474433,2.66934,-2.97052,-0.419529,2,-2.90442,-0.527734,2.0051,0.321238,-2.27456,3.6549e-19,0.317955,-2.28034,-0.0923266,0.335623,-2.37642,0,0.318942,-2.30065,-0.0906185
19.82,-2.83991,-0.424246,2.65596,-2.95377,-0.497261,2.66843,-2.96708,-0.443243,2,-2.90114,-0.550662,2.0042,0.339397,-2.27192,3.6549e-19,0.34182,-2.28514,-0.0890558,0.354595,-2.37366,0,0.337645,-2.28506,-0.0893928
19.83,-2.83643,-0.446923,2.65596,-2.95024,-0.520133,2.66755,-2.96344,-0.466936,2,-2.89767,-0.573435,2.00332,0.357538,-2.26914,0,0.365661,-2.2891,-0.0856843,0.373549,-2.37075,0,0.356181,-2.26945,-0.0880108
19.8401,-2.83268,-0.470077,2.65596,-2.94646,-0.54304,2.66672,-2.95953,-0.491127,2,-2.89401,-0.596051,2.00244,0.376062,-2.26614,0,0.389384,-2.29221,-0.0822689,0.392902,-2.36762,0,0.374513,-2.25385,-0.086504
19.85,-2.82892,-0.492225,2.65596,-2.94245,-0.565975,2.66591,-2.95559,-0.514266,2,-2.89018,-0.618512,2.00159,0.39378,-2.26313,0,0.413022,-2.29459,-0.0788246,0.411413,-2.36447,0,0.392723,-2.23841,-0.0848649
19.86,-2.82489,-0.514818,2.65596,-2.9382,-0.588929,2.66514,-2.95139,-0.537872,2,-2.88616,-0.64082,2.00075,0.411855,-2.25991,0,0.436666,-2.29623,-0.075365,0.430297,-2.36111,0,0.410943,-2.22312,-0.0830899
19.87,-2.82066,-0.537536,2.65596,-2.93372,-0.611897,2.6644,-2.94696,-0.561607,2,-2.88196,-0.662975,1.99992,0.430029,-2.25653,0,0.460073,-2.29716,-0.0719482,0.449285,-2.35757,0,0.428986,-2.20803,-0.0812205
19.8799,-2.81634,-0.559702,2.65596,-2.92948,-0.632573,2.66377,-2.94246,-0.584765,2,-2.87935,-0.676197,1.99944,0.447761,-2.25307,0,0.481024,-2.29732,-0.0689153,0.467812,-2.35397,0,0.439802,-2.19905,-0.0800531
19.8902,-2.81154,-0.583357,2.65596,-2.92606,-0.648653,2.66329,-2.93744,-0.609479,2,-2.87486,-0.698113,1.99865,0.466685,-2.24923,0,0.497144,-2.2971,-0.0665876,0.487583,-2.34995,0,0.457729,-2.18428,-0.0780186
19.9001,-2.8069,-0.605271,2.65596,-2.9194,-0.678508,2.66246,-2.93259,-0.632374,2,-2.86876,-0.726386,1.99765,0.484217,-2.24552,0,0.526873,-2.2957,-0.062557,0.505899,-2.34607,0,0.480988,-2.16538,-0.0754373
19.91,-2.80192,-0.627937,2.65596,-2.91402,-0.701456,2.66184,-2.92739,-0.656055,2,-2.86535,-0.741508,1.99713,0.502349,-2.24153,0,0.549661,-2.29386,-0.0600004,0.524844,-2.34191,0,0.493563,-2.15535,-0.0742832
19.9201,-2.79675,-0.650568,2.65596,-2.91011,-0.717508,2.66143,-2.92199,-0.6797,2,-2.86033,-0.762991,1.99639,0.520454,-2.2374,0,0.565518,-2.29223,-0.058254,0.54376,-2.33759,0,0.511635,-2.14129,-0.0726114
19.93,-2.79161,-0.672265,2.65596,-2.90257,-0.747282,2.66069,-2.91662,-0.702369,2,-2.85352,-0.790711,1.99547,0.537812,-2.23329,7.3098e-19,0.594499,-2.28828,-0.0551431,0.561895,-2.3333,0,0.535039,-2.1233,-0.0702982
19.9401,-2.78602,-0.695085,2.65596,-2.89836,-0.763291,2.66031,-2.91078,-0.72621,2,-2.84973,-0.80554,1.99498,0.556068,-2.22882,0,0.609985,-2.28576,-0.0536366,0.580968,-2.32862,0,0.547688,-2.11381,-0.0691082
19.95,-2.7805,-0.716852,2.65596,-2.89215,-0.786129,2.65979,-2.90501,-0.748952,2,-2.84417,-0.826612,1.9943,0.573481,-2.2244,0,0.631841,-2.28166,-0.051654,0.599162,-2.32401,0,0.565758,-2.10049,-0.06744
19.96,-2.77453,-0.739631,2.65596,-2.88375,-0.815751,2.65913,-2.89877,-0.772751,2,-2.83842,-0.847551,1.99363,0.591705,-2.21962,1.46196e-18,0.65977,-2.27551,-0.0492337,0.618201,-2.31901,0,0.583826,-2.0874,-0.0657479
19.97,-2.76867,-0.761271,2.65596,-2.87705,-0.838481,2.65865,-2.89265,-0.79536,2,-2.83068,-0.87458,1.99279,0.609017,-2.21493,0,0.680728,-2.27036,-0.047334,0.636288,-2.31412,0,0.607092,-2.071,-0.0632702
19.9801,-2.76243,-0.783596,2.65596,-2.87223,-0.85436,2.65832,-2.88613,-0.818685,2,-2.82452,-0.895229,1.99217,0.626877,-2.20995,7.3098e-19,0.69514,-2.26652,-0.0460069,0.654948,-2.30891,0,0.624908,-2.05885,-0.0612014
19.9902,-2.75599,-0.805942,2.65596,-2.86303,-0.883775,2.65774,-2.87941,-0.842031,2,-2.8201,-0.909611,1.99174,0.644753,-2.2048,0,0.721346,-2.25864,-0.0437785,0.673625,-2.30353,0,0.637386,-2.05051,-0.059815
20,-2.74963,-0.827406,2.65596,-2.85572,-0.906329,2.65731,-2.87275,-0.864456,2,-2.81166,-0.93617,1.99098,0.661924,-2.1997,-7.3098e-19,0.740862,-2.25211,-0.0422399,0.691565,-2.2982,0,0.660214,-2.03549,-0.0572728
20.01,-2.74296,-0.849243,2.65596,-2.84821,-0.928816,2.65689,-2.86579,-0.887272,2,-2.807,-0.950391,1.99059,0.679395,-2.19437,0,0.759994,-2.2452,-0.0406565,0.709818,-2.29263,0,0.672458,-2.02769,-0.0558056
20.02,-2.73601,-0.871389,2.65596,-2.84284,-0.944515,2.65661,-2.85852,-0.910409,2,-2.79811,-0.976659,1.98988,0.697111,-2.18881,0,0.773186,-2.24009,-0.0395407,0.728327,-2.28682,0,0.695294,-2.01363,-0.0529248
20.03,-2.72902,-0.893041,2.65596,-2.83502,-0.966877,2.65622,-2.85122,-0.933031,2,-2.79107,-0.996743,1.98936,0.714433,-2.18321,0,0.791773,-2.23245,-0.0380752,0.746425,-2.28098,0,0.712909,-2.00327,-0.0508259
20.04,-2.72174,-0.914981,2.65596,-2.82701,-0.989163,2.65585,-2.84362,-0.955954,2,-2.78385,-1.01673,1.98886,0.731985,-2.17739,7.3098e-19,0.810045,-2.22449,-0.0367636,0.764763,-2.27489,0,0.730541,-1.99325,-0.048723
20.05,-2.71444,-0.936398,2.65596,-2.81633,-1.01801,2.65538,-2.836,-0.978329,2,-2.77646,-1.03661,1.98839,0.749118,-2.17156,-7.3098e-19,0.833433,-2.21357,-0.0350405,0.782663,-2.2688,0,0.748226,-1.98347,-0.0465497
20.0602,-2.70658,-0.958882,2.65596,-2.8079,-1.0401,2.65504,-2.82778,-1.00182,2,-2.77118,-1.05047,1.98807,0.767106,-2.16527,0,0.851054,-2.20474,-0.0337917,0.801456,-2.26223,0,0.760622,-1.97679,-0.0450458
20.07,-2.69901,-0.979984,2.65596,-2.79931,-1.0621,2.65471,-2.81988,-1.02387,2,-2.76348,-1.07019,1.98763,0.783988,-2.15921,-7.3098e-19,0.868187,-2.19563,-0.0326299,0.819094,-2.2559,0,0.778235,-1.96754,-0.0429352
20.08,-2.69102,-1.00174,2.65596,-2.79054,-1.08401,2.65439,-2.81152,-1.0466,2,-2.75322,-1.09569,1.98709,0.801392,-2.15281,-7.3098e-19,0.884992,-2.18626,-0.0315115,0.837278,-2.24921,0,0.801088,-1.95615,-0.0402323
20.0901,-2.68263,-1.02399,2.65596,-2.78161,-1.10583,2.65408,-2.80276,-1.06984,2,-2.74512,-1.11521,1.9867,0.819191,-2.1461,0,0.901473,-2.1766,-0.0303879,0.855873,-2.2422,0,0.818649,-1.94778,-0.0381344
20.1006,-2.6739,-1.04656,2.65596,-2.77526,-1.12104,2.65387,-2.79364,-1.09343,2,-2.73934,-1.12883,1.98643,0.83725,-2.13912,0,0.912822,-2.16973,-0.029614,0.874742,-2.23491,0,0.830933,-1.94217,-0.0366756
20.1101,-2.66612,-1.06623,2.65596,-2.76605,-1.14269,2.65358,-2.78551,-1.11397,2,-2.73095,-1.14821,1.98608,0.85298,-2.1329,0,0.928819,-2.15978,-0.0287015,0.891176,-2.22841,0,0.848501,-1.93449,-0.0347892
20.12,-2.65774,-1.08696,2.65596,-2.75384,-1.17068,2.65321,-2.77675,-1.13564,2,-2.71977,-1.1733,1.98564,0.86957,-2.12619,-1.46196e-18,0.949354,-2.14673,-0.0278913,0.908509,-2.2214,0,0.871365,-1.92512,-0.0327408
20.1301,-2.64874,-1.10871,2.65596,-2.74716,-1.18568,2.65301,-2.76735,-1.15836,2,-2.71096,-1.19251,1.98532,0.886971,-2.11899,-1.46196e-18,0.960367,-2.1396,-0.0275311,0.926689,-2.21388,0,0.889035,-1.91827,-0.0313036
20.14,-2.63992,-1.12954,2.65596,-2.73748,-1.20703,2.65274,-2.75814,-1.18012,2,-2.7047,-1.20593,1.9851,0.903631,-2.11194,-1.46196e-18,0.975789,-2.12932,-0.0272168,0.944095,-2.20651,0,0.901379,-1.91368,-0.0305141
20.1501,-2.63077,-1.1507,2.65596,-2.72466,-1.23462,2.65239,-2.74857,-1.20222,2,-2.69283,-1.23075,1.98471,0.920557,-2.10462,-1.46196e-18,0.995663,-2.1157,-0.0269571,0.961779,-2.19886,0,0.924399,-1.90555,-0.0291364
20.16,-2.62131,-1.17208,2.65596,-2.71766,-1.2494,2.6522,-2.73869,-1.22456,2,-2.68632,-1.24407,1.98451,0.937662,-2.09705,1.46196e-18,1.00628,-2.10836,-0.0267697,0.97965,-2.19096,0,0.936791,-1.90144,-0.0283792
20.17,-2.61205,-1.19258,2.65596,-2.70752,-1.27044,2.65193,-2.72902,-1.24598,2,-2.67686,-1.26306,1.98423,0.954061,-2.08964,0,1.02125,-2.09786,-0.0266512,0.996783,-2.18321,0,0.954477,-1.89592,-0.0274867
20.18,-2.60253,-1.21321,2.65596,-2.69412,-1.29762,2.65159,-2.71907,-1.26754,2,-2.6643,-1.28766,1.98388,0.970568,-2.08203,0,1.0403,-2.08414,-0.0265853,1.01403,-2.17526,0,0.977244,-1.88927,-0.0264956
20.19,-2.5922,-1.23512,2.65596,-2.6868,-1.31218,2.6514,-2.70828,-1.29043,2,-2.65444,-1.30653,1.98362,0.988097,-2.07376,0,1.0505,-2.0767,-0.0265124,1.03234,-2.16663,0,0.994748,-1.88448,-0.0257333
20.2001,-2.58252,-1.25524,2.65596,-2.67302,-1.33909,2.65106,-2.69816,-1.31145,2,-2.64441,-1.32535,1.98337,1.00419,-2.06602,0,1.06924,-2.06267,-0.0266419,1.04916,-2.15853,0,1.01225,-1.87989,-0.0253244
20.2101,-2.57252,-1.27562,2.65596,-2.66226,-1.35966,2.65079,-2.68771,-1.33275,2,-2.6342,-1.34413,1.98311,1.0205,-2.05801,0,1.08362,-2.05181,-0.0269013,1.0662,-2.15017,0,1.02978,-1.87562,-0.0250656
20.2201,-2.56226,-1.2961,2.65596,-2.65135,-1.38012,2.65052,-2.677,-1.35414,2,-2.62381,-1.36287,1.98287,1.03688,-2.04981,-1.46196e-18,1.09789,-2.04092,-0.0268586,1.08331,-2.1416,0,1.0473,-1.87168,-0.0245709
20.2301,-2.55146,-1.31724,2.65596,-2.64363,-1.39438,2.65033,-2.66571,-1.37622,2,-2.61644,-1.37596,1.9827,1.05379,-2.04117,0,1.1079,-2.0332,-0.0266795,1.10098,-2.13257,0,1.05964,-1.86905,-0.0241151
20.2403,-2.54098,-1.33733,2.65596,-2.63248,-1.41466,2.65007,-2.65477,-1.39722,2,-2.60251,-1.40023,1.98239,1.06987,-2.03279,1.46196e-18,1.12223,-2.0221,-0.0264123,1.11777,-2.12381,0,1.08264,-1.86454,-0.0233676
20.2499,-2.53065,-1.35678,2.65596,-2.62118,-1.43483,2.64981,-2.64397,-1.41753,2,-2.5916,-1.41886,1.98216,1.08542,-2.02452,0,1.13647,-2.01109,-0.0261601,1.13403,-2.11518,0,1.10023,-1.86145,-0.0228147
20.26,-2.51954,-1.37731,2.65596,-2.60629,-1.46088,2.64947,-2.63236,-1.43898,2,-2.58051,-1.43746,1.98193,1.10185,-2.01563,1.46196e-18,1.15505,-1.99682,-0.0255408,1.15119,-2.10589,0,1.11784,-1.85861,-0.0221288
20.2701,-2.50839,-1.3975,2.65596,-2.59467,-1.48079,2.64922,-2.62072,-1.46008,2,-2.56924,-1.45603,1.98171,1.118,-2.00671,0,1.16939,-1.98577,-0.0249735,1.16807,-2.09657,0,1.1355,-1.85594,-0.0214481
20.28,-2.49708,-1.41761,2.65596,-2.5829,-1.50059,2.64897,-2.6089,-1.48109,2,-2.5578,-1.47458,1.9815,1.13409,-1.99767,-1.46196e-18,1.18363,-1.97471,-0.024324,1.18487,-2.08712,0,1.15312,-1.85354,-0.020749
20.2901,-2.48556,-1.43772,2.65596,-2.57458,-1.51439,2.6488,-2.59686,-1.5021,2,-2.54968,-1.48755,1.98136,1.15017,-1.98845,0,1.19355,-1.96693,-0.0238047,1.20168,-2.07749,0,1.16541,-1.85201,-0.0202329
20.3,-2.47407,-1.45741,2.65596,-2.56258,-1.534,2.64857,-2.58486,-1.52267,2,-2.53439,-1.51161,1.9811,1.16592,-1.97926,0,1.20781,-1.95579,-0.023089,1.21813,-2.06789,0,1.18837,-1.84945,-0.0194162
20.3099,-2.46256,-1.47677,2.65596,-2.54675,-1.55933,2.64827,-2.57283,-1.54289,2,-2.52241,-1.53009,1.98091,1.18141,-1.97005,0,1.22655,-1.9413,-0.0222204,1.23432,-2.05827,0,1.20605,-1.8477,-0.0188669
20.3199,-2.45057,-1.49659,2.65596,-2.53441,-1.57869,2.64805,-2.5603,-1.5636,2,-2.51026,-1.54856,1.98072,1.19727,-1.96045,-1.46196e-18,1.24109,-1.93017,-0.0216564,1.25088,-2.04824,0,1.22376,-1.8461,-0.0184877
20.3301,-2.43822,-1.51662,2.65596,-2.52569,-1.59217,2.6479,-2.5474,-1.58453,2,-2.50165,-1.56148,1.9806,1.21329,-1.95058,0,1.25123,-1.9223,-0.0212535,1.26763,-2.03792,0,1.23612,-1.84501,-0.0182425
20.34,-2.42627,-1.53566,2.65596,-2.5093,-1.61707,2.64763,-2.53492,-1.60443,2,-2.48921,-1.57992,1.98041,1.22853,-1.94102,1.46196e-18,1.26992,-1.90741,-0.0205985,1.28354,-2.02793,0,1.2537,-1.84345,-0.0179808
20.35,-2.41405,-1.5548,2.65596,-2.49653,-1.63608,2.64743,-2.52215,-1.62443,2,-2.47658,-1.59835,1.98024,1.24384,-1.93124,0,1.28442,-1.89589,-0.0202809,1.29954,-2.01772,0,1.27125,-1.84199,-0.0179391
20.36,-2.40158,-1.57399,2.65596,-2.48362,-1.65499,2.64723,-2.50913,-1.64447,2,-2.45991,-1.62228,1.98,1.25919,-1.92127,0,1.29882,-1.88445,-0.0198425,1.31558,-2.0073,0,1.2939,-1.84034,-0.0178553
20.3699,-2.38878,-1.59336,2.65596,-2.47056,-1.67377,2.64703,-2.49575,-1.66471,2,-2.44688,-1.64068,1.97982,1.27469,-1.91102,-1.46196e-18,1.31312,-1.87297,-0.0192279,1.33177,-1.9966,0,1.31121,-1.83927,-0.0176242
20.3801,-2.37592,-1.61246,2.65596,-2.45735,-1.69245,2.64684,-2.48232,-1.68467,2,-2.43368,-1.65907,1.97965,1.28997,-1.90074,1.46196e-18,1.32743,-1.86131,-0.0184522,1.34773,-1.98585,0,1.32849,-1.83819,-0.017258
20.3903,-2.36237,-1.63226,2.65596,-2.44401,-1.711,2.64666,-2.46815,-1.70535,2,-2.42031,-1.67745,1.97948,1.30581,-1.88989,1.46196e-18,1.34181,-1.84952,-0.0175671,1.36428,-1.97452,0,1.34579,-1.83712,-0.0168022
20.4001,-2.34948,-1.65076,2.65596,-2.43458,-1.72392,2.64654,-2.45469,-1.72468,2,-2.41085,-1.6903,1.97936,1.32061,-1.87958,0,1.35187,-1.84123,-0.0169047,1.37974,-1.96375,0,1.35786,-1.83641,-0.0164486
20.41,-2.33646,-1.66913,2.65596,-2.41688,-1.74775,2.64633,-2.44109,-1.74387,2,-2.39305,-1.71417,1.97915,1.3353,-1.86917,0,1.37061,-1.82583,-0.0156953,1.3951,-1.95287,0,1.38025,-1.83519,-0.0158216
20.4201,-2.32301,-1.6878,2.65596,-2.4031,-1.76595,2.64618,-2.42703,-1.76338,2,-2.38335,-1.72701,1.97904,1.35024,-1.85841,0,1.38497,-1.81412,-0.015144,1.41071,-1.94163,0,1.39221,-1.8346,-0.0157256
20.43,-2.30957,-1.70615,2.65596,-2.39338,-1.77862,2.64607,-2.41299,-1.78255,2,-2.36934,-1.74535,1.97889,1.36492,-1.84765,1.46196e-18,1.39481,-1.80591,-0.0147618,1.42604,-1.93039,0,1.40895,-1.83379,-0.0156428
20.44,-2.29589,-1.72451,2.65596,-2.37513,-1.802,2.64588,-2.3987,-1.80173,2,-2.35088,-1.76919,1.97869,1.37961,-1.83671,0,1.41286,-1.79055,-0.0139657,1.44139,-1.91896,0,1.43041,-1.83271,-0.0154019
20.45,-2.28186,-1.74303,2.65596,-2.3652,-1.8145,2.64579,-2.38404,-1.82108,2,-2.34083,-1.78201,1.97858,1.39442,-1.82549,0,1.42261,-1.78224,-0.0136284,1.45686,-1.90724,0,1.44191,-1.83211,-0.0153518
20.46,-2.26794,-1.7611,2.65596,-2.34659,-1.83757,2.64561,-2.3695,-1.83996,2,-2.32195,-1.80582,1.97838,1.40888,-1.81436,-1.46196e-18,1.44058,-1.76673,-0.0131019,1.47197,-1.8956,0,1.46302,-1.83089,-0.0153261
20.47,-2.254,-1.77892,2.65596,-2.33502,-1.85167,2.64551,-2.35493,-1.85858,2,-2.31019,-1.82047,1.97826,1.42313,-1.8032,0,1.45155,-1.75717,-0.0128661,1.48686,-1.88394,0,1.47585,-1.83011,-0.0153729
20.48,-2.23958,-1.79703,2.65596,-2.32044,-1.86918,2.64538,-2.33987,-1.8775,2,-2.29536,-1.83876,1.9781,1.43762,-1.79167,0,1.4651,-1.74518,-0.0124945,1.502,-1.8719,0,1.49165,-1.8291,-0.0153218
20.49,-2.22484,-1.81525,2.65596,-2.30572,-1.88657,2.64526,-2.32447,-1.89653,2,-2.28036,-1.85705,1.97795,1.4522,-1.77988,1.46196e-18,1.4785,-1.73309,-0.0119023,1.51722,-1.85958,0,1.50723,-1.82799,-0.0150089
20.4999,-2.21054,-1.83264,2.65596,-2.29087,-1.90384,2.64515,-2.30953,-1.9147,2,-2.26521,-1.87532,1.9778,1.46611,-1.76843,1.46196e-18,1.49177,-1.7209,-0.0110988,1.53176,-1.84762,0,1.52258,-1.82675,-0.0144381
20.51,-2.19564,-1.85046,2.65596,-2.27589,-1.92099,2.64504,-2.29396,-1.93333,2,-2.24991,-1.89358,1.97766,1.48037,-1.75651,-1.46196e-18,1.50501,-1.70855,-0.0101555,1.54666,-1.83517,0,1.53779,-1.82531,-0.0136746
20.52,-2.18092,-1.86779,2.65596,-2.26077,-1.93801,2.64494,-2.27858,-1.95143,2,-2.23446,-1.91183,1.97753,1.49423,-1.74474,0,1.51842,-1.69611,-0.00911825,1.56114,-1.82287,0,1.55307,-1.82371,-0.0127582
20.53,-2.16571,-1.8854,2.65596,-2.24552,-1.95491,2.64486,-2.26269,-1.96983,2,-2.21885,-1.93006,1.97741,1.50832,-1.73257,-1.46196e-18,1.53182,-1.68358,-0.00802037,1.57586,-1.81015,0,1.56824,-1.82194,-0.0117171
20.5399,-2.1507,-1.90251,2.65596,-2.23168,-1.97001,2.64479,-2.24701,-1.9877,2,-2.20467,-1.94645,1.97731,1.52201,-1.72056,2.92392e-18,1.54383,-1.67229,-0.00702303,1.59016,-1.7976,0,1.58177,-1.82024,-0.0107116
20.55,-2.13482,-1.92031,2.65596,-2.21617,-1.98667,2.64473,-2.23042,-2.0063,2,-2.18878,-1.96464,1.97721,1.53624,-1.70786,-1.46196e-18,1.55721,-1.65969,-0.00591818,1.60504,-1.78434,0,1.59674,-1.81817,-0.0095272
20.56,-2.11995,-1.93672,2.65596,-2.20053,-2.00321,2.64467,-2.21488,-2.02344,2,-2.17274,-1.98281,1.97712,1.54937,-1.69596,1.46196e-18,1.57066,-1.64709,-0.00481531,1.61875,-1.7719,0,1.61167,-1.81595,-0.00826745
20.57,-2.10451,-1.95348,2.65596,-2.18476,-2.01961,2.64463,-2.19875,-2.04096,2,-2.15655,-2.00096,1.97704,1.56279,-1.68361,-1.46196e-18,1.58423,-1.6344,-0.00370724,1.63277,-1.759,0,1.6266,-1.81347,-0.00692158
20.58,-2.08868,-1.9704,2.65596,-2.16885,-2.03589,2.6446,-2.18221,-2.05863,2,-2.14021,-2.01908,1.97698,1.57632,-1.67094,0,1.59775,-1.62169,-0.00260247,1.6469,-1.74577,0,1.64137,-1.81078,-0.00549397
20.5902,-2.07244,-1.98747,2.65596,-2.15763,-2.04721,2.64458,-2.16525,-2.07646,2,-2.12868,-2.03175,1.97694,1.58997,-1.65796,-2.92392e-18,1.60712,-1.61283,-0.00183594,1.66117,-1.7322,0,1.65158,-1.80882,-0.00444917
20.6,-2.05668,-2.00378,2.65596,-2.13662,-2.06807,2.64457,-2.14878,-2.0935,2,-2.10709,-2.05524,1.9769,1.60302,-1.64534,2.92392e-18,1.62452,-1.59629,-0.000636606,1.6748,-1.71902,0,1.67039,-1.80479,-0.0026166
20.6101,-2.04071,-2.02004,2.65596,-2.12031,-2.08397,2.64456,-2.13209,-2.11049,2,-2.09031,-2.07327,1.97688,1.61603,-1.63257,0,1.6378,-1.58364,-0.000116191,1.68839,-1.70567,0,1.68457,-1.80146,-0.00150754
20.62,-2.02469,-2.03609,2.65596,-2.10882,-2.09503,2.64456,-2.11536,-2.12727,2,-2.07849,-2.08587,1.97687,1.62887,-1.61976,0,1.647,-1.57472,0.000222615,1.70181,-1.69229,0,1.69435,-1.79891,-0.000702003
20.63,-2.00826,-2.0523,2.65596,-2.08729,-2.11539,2.64457,-2.09819,-2.1442,2,-2.05634,-2.10922,1.97687,1.64184,-1.60661,1.46196e-18,1.66417,-1.55801,0.000781391,1.71536,-1.67855,0,1.71254,-1.79372,0.000845456
20.64,-1.99132,-2.06874,2.65596,-2.07059,-2.13091,2.64458,-2.08049,-2.16137,2,-2.03915,-2.12714,1.97688,1.65499,-1.59306,1.46196e-18,1.67746,-1.54507,0.000952535,1.7291,-1.6644,0,1.72644,-1.78932,0.00187958
20.65,-1.97527,-2.08408,2.65596,-2.05881,-2.14169,2.64459,-2.06372,-2.1774,2,-2.02182,-2.14501,1.97691,1.66726,-1.58021,0,1.68679,-1.53593,0.00111105,1.74192,-1.65097,0,1.74029,-1.78453,0.00308664
20.66,-1.95846,-2.09988,2.65596,-2.03677,-2.16155,2.6446,-2.04616,-2.19391,2,-2.00434,-2.16283,1.97695,1.6799,-1.56677,-1.46196e-18,1.70399,-1.51877,0.00151416,1.75513,-1.63693,0,1.754,-1.77932,0.00444286
20.67,-1.9415,-2.11557,2.65596,-2.01966,-2.17667,2.64462,-2.02844,-2.2103,2,-1.98674,-2.18059,1.977,1.69245,-1.5532,0,1.71721,-1.50551,0.00173359,1.76824,-1.62275,0,1.76759,-1.77377,0.00579562
20.68,-1.9243,-2.13123,2.65596,-2.00243,-2.19166,2.64464,-2.01047,-2.22666,2,-1.96899,-2.1983,1.97706,1.70498,-1.53944,0,1.73042,-1.49221,0.00201738,1.78133,-1.60837,0,1.78113,-1.76787,0.00730052
20.6899,-1.90706,-2.14667,2.65596,-1.98506,-2.20651,2.64466,-1.99246,-2.24279,2,-1.95111,-2.21595,1.97714,1.71733,-1.52565,-1.46196e-18,1.74357,-1.47886,0.00242633,1.79423,-1.59397,0,1.79459,-1.76162,0.009018
20.7,-1.89005,-2.16165,2.65596,-1.96755,-2.22123,2.64469,-1.97469,-2.25845,2,-1.9331,-2.23353,1.97724,1.72932,-1.51204,1.46196e-18,1.75675,-1.46538,0.00289962,1.80676,-1.57975,0,1.80804,-1.75495,0.010883
20.7102,-1.87249,-2.17688,2.65596,-1.94992,-2.23582,2.64472,-1.95634,-2.27436,2,-1.92041,-2.2458,1.97732,1.74151,-1.498,0,1.7698,-1.4519,0.00343118,1.81949,-1.56508,0,1.81734,-1.75008,0.0122692
20.7201,-1.85515,-2.19168,2.65596,-1.93216,-2.25027,2.64476,-1.93822,-2.28983,2,-1.89667,-2.26849,1.9775,1.75335,-1.48412,-1.46196e-18,1.78278,-1.43835,0.00401499,1.83186,-1.55057,0,1.83453,-1.7405,0.0150169
20.7299,-1.83782,-2.20624,2.65596,-1.91427,-2.26459,2.6448,-1.92011,-2.30503,2,-1.87826,-2.28585,1.97766,1.76499,-1.47025,0,1.79577,-1.42474,0.00461173,1.84403,-1.53609,0,1.84772,-1.73266,0.0172322
20.7401,-1.81983,-2.2211,2.65596,-1.89624,-2.27876,2.64485,-1.90132,-2.32056,2,-1.85972,-2.30314,1.97785,1.77688,-1.45586,0,1.80872,-1.41117,0.00522083,1.85645,-1.52105,0,1.86087,-1.72448,0.0195265
20.75,-1.80246,-2.23521,2.65596,-1.87809,-2.29281,2.6449,-1.88317,-2.33531,2,-1.84105,-2.32034,1.97805,1.78817,-1.44197,0,1.82156,-1.39758,0.00581747,1.86824,-1.50654,0,1.87391,-1.71591,0.02187
20.76,-1.78413,-2.24988,2.65596,-1.85981,-2.30672,2.64496,-1.86402,-2.35062,2,-1.8279,-2.33233,1.97821,1.7999,-1.4273,1.46196e-18,1.83419,-1.38398,0.00642297,1.8805,-1.49122,0,1.88294,-1.70967,0.0235514
20.77,-1.76623,-2.26395,2.65596,-1.84141,-2.32049,2.64503,-1.84532,-2.36533,2,-1.80331,-2.35448,1.97854,1.81116,-1.41299,0,1.84673,-1.3703,0.00701189,1.89226,-1.47626,0,1.89957,-1.69751,0.0267203
20.78,-1.74798,-2.27808,2.65596,-1.82288,-2.33412,2.6451,-1.82625,-2.38009,2,-1.78425,-2.37141,1.97882,1.82246,-1.39838,0,1.85906,-1.35659,0.00758086,1.90407,-1.461,0,1.91217,-1.68765,0.0291855
20.79,-1.72957,-2.29208,2.65596,-1.80423,-2.34762,2.64518,-1.80702,-2.39472,2,-1.76507,-2.38823,1.97912,1.83367,-1.38365,0,1.87124,-1.34286,0.00814802,1.91578,-1.44561,0,1.92467,-1.67737,0.0316855
20.8,-1.71136,-2.30571,2.65596,-1.78546,-2.36098,2.64527,-1.78799,-2.40896,2,-1.74576,-2.40495,1.97945,1.84457,-1.36909,0,1.88327,-1.32906,0.00869214,1.92717,-1.43039,0,1.93706,-1.66661,0.0341922
20.81,-1.6929,-2.31929,2.65596,-1.77224,-2.37025,2.64533,-1.76871,-2.42315,2,-1.73217,-2.41659,1.9797,1.85543,-1.35432,2.92392e-18,1.89151,-1.31939,0.00905598,1.93852,-1.41497,0,1.94558,-1.65883,0.0359433
20.82,-1.67417,-2.33285,2.65596,-1.75327,-2.38337,2.64542,-1.74914,-2.43732,2,-1.71265,-2.43312,1.98007,1.86628,-1.33934,0,1.90305,-1.30557,0.00940125,1.94985,-1.39931,0,1.95755,-1.64735,0.0382832
20.83,-1.65528,-2.34629,2.65596,-1.73418,-2.39636,2.64552,-1.72941,-2.45136,2,-1.69302,-2.44954,1.98046,1.87703,-1.32423,0,1.91442,-1.29175,0.00968662,1.96109,-1.38353,0,1.96932,-1.63544,0.0405654
20.84,-1.63673,-2.35927,2.65596,-1.71498,-2.40921,2.64562,-1.71002,-2.46492,2,-1.67327,-2.46583,1.98088,1.88742,-1.30938,-1.46196e-18,1.92572,-1.2779,0.009998,1.97194,-1.36801,0,1.98097,-1.62306,0.0428657
20.85,-1.61778,-2.37231,2.65596,-1.69567,-2.42192,2.64572,-1.69022,-2.47854,2,-1.6534,-2.482,1.98132,1.89785,-1.29422,1.46196e-18,1.93676,-1.26403,0.0103167,1.98283,-1.35218,0,1.99236,-1.61023,0.0451593
20.86,-1.59871,-2.3852,2.65596,-1.67625,-2.43449,2.64582,-1.6703,-2.49201,2,-1.63342,-2.49803,1.98178,1.90816,-1.27897,0,1.94762,-1.25018,0.0106336,1.99361,-1.33624,0,2.00358,-1.597,0.0474302
20.87,-1.57971,-2.39783,2.65596,-1.65672,-2.44692,2.64593,-1.65045,-2.5052,2,-1.61333,-2.51393,1.98227,1.91826,-1.26377,1.46196e-18,1.95833,-1.23627,0.0109617,2.00416,-1.32036,0,2.01466,-1.58328,0.0496839
20.88,-1.56043,-2.41042,2.65596,-1.63708,-2.45921,2.64604,-1.63031,-2.51835,2,-1.59313,-2.5297,1.98278,1.92833,-1.24834,1.46196e-18,1.96887,-1.22226,0.0112883,2.01468,-1.30424,0,2.0256,-1.56905,0.0519002
20.8901,-1.54087,-2.42297,2.65596,-1.61734,-2.47137,2.64616,-1.60987,-2.53147,2,-1.57282,-2.54531,1.98331,1.93837,-1.23269,1.46196e-18,1.97902,-1.20817,0.0116088,2.02517,-1.28789,0,2.03617,-1.55435,0.0540676
20.9,-1.52169,-2.43506,2.65596,-1.5975,-2.48338,2.64627,-1.58983,-2.5441,2,-1.55241,-2.56078,1.98386,1.94804,-1.21736,0,1.98883,-1.19412,0.0119095,2.03528,-1.27187,0,2.04644,-1.53929,0.0561648
20.91,-1.50196,-2.44728,2.65596,-1.57757,-2.49525,2.64639,-1.56922,-2.55687,2,-1.53189,-2.5761,1.98443,1.95782,-1.20157,-1.46196e-18,1.99843,-1.17996,0.0122052,2.04549,-1.25537,0,2.05652,-1.52372,0.0581987
20.92,-1.4827,-2.459,2.65596,-1.55753,-2.50698,2.64652,-1.54909,-2.56911,2,-1.51128,-2.59126,1.98502,1.9672,-1.18616,0,2.00778,-1.1657,0.0124734,2.05529,-1.23927,0,2.0664,-1.50767,0.0601406
20.93,-1.463,-2.47077,2.65596,-1.53741,-2.51856,2.64664,-1.52851,-2.58141,2,-1.49056,-2.60625,1.98563,1.97661,-1.1704,0,2.01692,-1.15138,0.0127181,2.06513,-1.22281,0,2.07609,-1.49118,0.0619883
20.94,-1.44296,-2.48252,2.65596,-1.5172,-2.53,2.64677,-1.50758,-2.59369,2,-1.46975,-2.62108,1.98626,1.98602,-1.15437,-1.46196e-18,2.02579,-1.13697,0.0129357,2.07495,-1.20606,0,2.08554,-1.47424,0.0637312
20.9499,-1.42336,-2.49381,2.65596,-1.4969,-2.5413,2.6469,-1.4871,-2.60548,2,-1.44885,-2.63573,1.98691,1.99505,-1.13869,0,2.0345,-1.12245,0.0131525,2.08439,-1.18968,0,2.09486,-1.45683,0.0653894
20.9599,-1.40339,-2.5051,2.65596,-1.47651,-2.55245,2.64704,-1.46624,-2.61728,2,-1.42786,-2.65021,1.98757,2.00408,-1.12271,1.46196e-18,2.04312,-1.10783,0.0133707,2.09382,-1.17299,0,2.10413,-1.43897,0.0669588
20.97,-1.38309,-2.51637,2.65596,-1.45603,-2.56346,2.64717,-1.44502,-2.62905,2,-1.40677,-2.66451,1.98825,2.0131,-1.10647,0,2.05157,-1.09312,0.0135909,2.10324,-1.15602,0,2.11324,-1.42066,0.0684345
20.9801,-1.36244,-2.52761,2.65596,-1.43548,-2.57431,2.64731,-1.42345,-2.64079,2,-1.38559,-2.67862,1.98894,2.02209,-1.08995,0,2.0599,-1.07828,0.0138047,2.11264,-1.13876,0,2.12227,-1.4019,0.0698023
20.99,-1.34239,-2.53832,2.65596,-1.41484,-2.58502,2.64745,-1.4025,-2.65198,2,-1.36433,-2.69255,1.98964,2.03065,-1.07391,0,2.06801,-1.06343,0.014037,2.12158,-1.122,0,2.13109,-1.38278,0.0710818
21,-1.32202,-2.54899,2.65596,-1.39412,-2.59558,2.64759,-1.38121,-2.66313,2,-1.34297,-2.70628,1.99036,2.03919,-1.05761,-1.46196e-18,2.07604,-1.0485,0.0142846,2.1305,-1.10497,0,2.13985,-1.36326,0.0722642
21.01,-1.30162,-2.55946,2.65596,-1.37332,-2.60599,2.64773,-1.3599,-2.67407,2,-1.32153,-2.71981,1.99109,2.04757,-1.04129,0,2.08398,-1.03347,0.0145388,2.13926,-1.08792,0,2.14853,-1.34332,0.0733371
21.02,-1.2812,-2.56974,2.65596,-1.35244,-2.61625,2.64788,-1.33857,-2.68481,2,-1.3,-2.73314,1.99183,2.05579,-1.02496,-1.46196e-18,2.09173,-1.01834,0.0147794,2.14785,-1.07086,0,2.15703,-1.32298,0.0742771
21.03,-1.26036,-2.58003,2.65596,-1.33148,-2.62636,2.64803,-1.3168,-2.69556,2,-1.27839,-2.74627,1.99257,2.06402,-1.00829,1.46196e-18,2.09941,-1.0031,0.0150336,2.15645,-1.05344,0,2.16546,-1.30223,0.0751076
21.04,-1.23989,-2.58993,2.65596,-1.31045,-2.63631,2.64818,-1.29541,-2.7059,2,-1.25669,-2.75919,1.99333,2.07194,-0.991913,1.46196e-18,2.10692,-0.987665,0.0152728,2.16472,-1.03633,0,2.17374,-1.281,0.0757974
21.05,-1.21893,-2.59986,2.65596,-1.28934,-2.64611,2.64833,-1.27351,-2.71628,2,-1.23492,-2.77189,1.99409,2.07989,-0.975145,0,2.1142,-0.972135,0.0154798,2.17302,-1.01881,0,2.18177,-1.2594,0.0763262
21.06,-1.19844,-2.60937,2.65596,-1.26817,-2.65576,2.64849,-1.25211,-2.72621,2,-1.21306,-2.78437,1.99485,2.08749,-0.958752,-1.46196e-18,2.12132,-0.956573,0.0156825,2.18097,-1.00168,0,2.18964,-1.23749,0.0767196
21.07,-1.17713,-2.61905,2.65596,-1.24692,-2.66524,2.64865,-1.22984,-2.73633,2,-1.19112,-2.79664,1.99562,2.09524,-0.941703,1.46196e-18,2.12827,-0.940977,0.0158987,2.18906,-0.983872,0,2.19732,-1.2153,0.0769929
21.08,-1.15621,-2.62835,2.65596,-1.2256,-2.67458,2.64881,-1.20798,-2.74605,2,-1.16911,-2.80868,1.99639,2.10268,-0.924968,0,2.13501,-0.925262,0.0161173,2.19684,-0.966388,0,2.20476,-1.19273,0.0771341
21.0901,-1.13526,-2.63747,2.65596,-1.20422,-2.68375,2.64897,-1.1861,-2.75557,2,-1.14703,-2.82049,1.99716,2.10997,-0.908207,0,2.14166,-0.909389,0.0163108,2.20446,-0.948876,0,2.2121,-1.16977,0.0771159
21.1003,-1.11358,-2.64669,2.65596,-1.18277,-2.69276,2.64913,-1.16345,-2.76521,2,-1.12487,-2.83207,1.99793,2.11735,-0.890867,0,2.14822,-0.893444,0.0165166,2.21217,-0.93076,0,2.2193,-1.14652,0.0769755
21.11,-1.09301,-2.65525,2.65596,-1.16125,-2.70162,2.6493,-1.14196,-2.77415,2,-1.10264,-2.84342,1.9987,2.1242,-0.874412,1.46196e-18,2.15466,-0.877516,0.0167274,2.21932,-0.913568,0,2.22634,-1.12307,0.0767052
21.12,-1.07189,-2.66385,2.65596,-1.13968,-2.71031,2.64947,-1.11988,-2.78314,2,-1.08034,-2.85453,1.99947,2.13108,-0.857509,0,2.16099,-0.861543,0.0169529,2.22651,-0.895908,0,2.23323,-1.09937,0.0763154
21.1301,-1.05004,-2.67254,2.65596,-1.11803,-2.71885,2.64964,-1.09706,-2.79221,2,-1.05798,-2.86541,2.00023,2.13803,-0.840035,1.46196e-18,2.16711,-0.845487,0.0171812,2.23377,-0.877652,0,2.23986,-1.0754,0.0757966
21.14,-1.02911,-2.68067,2.65596,-1.09633,-2.72722,2.64981,-1.07519,-2.80071,2,-1.03555,-2.87604,2.00098,2.14453,-0.823289,7.3098e-19,2.17312,-0.829304,0.0174076,2.24057,-0.860155,0,2.24634,-1.05113,0.0751479
21.1502,-1.00702,-2.68904,2.65596,-1.07457,-2.73543,2.64999,-1.05212,-2.80946,2,-1.01305,-2.88643,2.00173,2.15123,-0.805618,-1.46196e-18,2.179,-0.813031,0.0176348,2.24757,-0.841693,0,2.25265,-1.02662,0.0743744
21.1601,-0.985819,-2.69689,2.65596,-1.05275,-2.74348,2.65016,-1.02996,-2.81765,2,-0.990495,-2.89657,2.00247,2.15751,-0.788655,-7.3098e-19,2.18469,-0.796638,0.0178634,2.25412,-0.82397,0,2.25871,-1.00183,0.073479
21.17,-0.964381,-2.70463,2.65596,-1.03307,-2.75059,2.65033,-1.00757,-2.82574,2,-0.970143,-2.90549,2.00313,2.1637,-0.771505,-7.3098e-19,2.18962,-0.781836,0.0180823,2.26059,-0.806052,0,2.26394,-0.979357,0.0725835
21.1801,-0.942115,-2.71247,2.65596,-1.02211,-2.75447,2.65042,-0.984302,-2.83393,2,-0.958816,-2.91035,2.00349,2.16997,-0.753692,0,2.19232,-0.77358,0.0181853,2.26714,-0.787442,0,2.26678,-0.966795,0.0720265
21.1906,-0.916975,-2.72107,2.65596,-1.00016,-2.76213,2.6506,-0.958037,-2.84291,2,-0.93612,-2.91989,2.0042,2.17685,-0.73358,-7.3098e-19,2.19768,-0.757006,0.0183299,2.27433,-0.76643,0,2.27236,-0.941528,0.0707663
21.2002,-0.898492,-2.72723,2.65596,-0.97816,-2.76961,2.65078,-0.938726,-2.84935,2,-0.913369,-2.92918,2.0049,2.18178,-0.718794,0,2.20323,-0.740448,0.0177001,2.27948,-0.750981,0,2.27797,-0.91626,0.0686339
21.2102,-0.876712,-2.73431,2.65596,-0.95389,-2.77766,2.65097,-0.915971,-2.85675,2,-0.888277,-2.93911,2.00564,2.18744,-0.70137,-7.3098e-19,2.20967,-0.722028,0.0170938,2.2854,-0.732776,0,2.28411,-0.888183,0.066232
21.22,-0.855019,-2.74117,2.65596,-0.931763,-2.78479,2.65114,-0.893306,-2.86391,2,-0.865409,-2.94786,2.00629,2.19293,-0.684015,7.3098e-19,2.21569,-0.705136,0.0166405,2.29113,-0.714645,0,2.28962,-0.862424,0.0640218
21.2301,-0.833291,-2.74785,2.65596,-0.909576,-2.79176,2.6513,-0.870606,-2.8709,2,-0.842485,-2.95636,2.00692,2.19828,-0.666633,0,2.2218,-0.688095,0.0163541,2.29672,-0.696484,0,2.29509,-0.836427,0.0618738
21.24,-0.811712,-2.7543,2.65596,-0.887327,-2.79856,2.65147,-0.84806,-2.87764,2,-0.819507,-2.96459,2.00753,2.20344,-0.64937,-7.3098e-19,2.22784,-0.670905,0.0162258,2.30211,-0.678448,0,2.30041,-0.810213,0.0597883
21.25,-0.789434,-2.76077,2.65596,-0.865019,-2.80518,2.65163,-0.824784,-2.88439,2,-0.796477,-2.97256,2.00812,2.20861,-0.631547,7.3098e-19,2.23376,-0.653566,0.0162031,2.30752,-0.659827,0,2.30551,-0.7838,0.0577201
21.2601,-0.766818,-2.76714,2.65596,-0.847131,-2.81035,2.65176,-0.801156,-2.89105,2,-0.773398,-2.98026,2.00869,2.21371,-0.613455,0,2.23839,-0.63963,0.0162728,2.31284,-0.640925,0,2.31041,-0.757247,0.0556883
21.2701,-0.745157,-2.77305,2.65596,-0.820228,-2.8179,2.65195,-0.778525,-2.89722,2,-0.750269,-2.9877,2.00923,2.21844,-0.596126,-7.3098e-19,2.24533,-0.618546,0.0164294,2.31778,-0.62282,0,2.31527,-0.730519,0.053624
21.28,-0.722905,-2.77893,2.65596,-0.797746,-2.824,2.65212,-0.755276,-2.90337,2,-0.727093,-2.99487,2.00976,2.22314,-0.578324,0,2.25109,-0.600802,0.0164771,2.3227,-0.604221,0,2.31999,-0.703645,0.051413
21.29,-0.700434,-2.78468,2.65596,-0.775207,-2.82992,2.65228,-0.731799,-2.90938,2,-0.70387,-3.00178,2.01026,2.22774,-0.560347,0,2.25672,-0.583011,0.0165857,2.3275,-0.585439,0,2.32455,-0.676715,0.0492064
21.3001,-0.677328,-2.79039,2.65596,-0.752613,-2.83566,2.65245,-0.707658,-2.91534,2,-0.680603,-3.00841,2.01074,2.23231,-0.541862,-7.3098e-19,2.26211,-0.565138,0.016766,2.33227,-0.566126,0,2.32889,-0.649696,0.0470241
21.3101,-0.655076,-2.7957,2.65596,-0.734499,-2.84012,2.65259,-0.68441,-2.92089,2,-0.661958,-3.01352,2.01111,2.23656,-0.524061,0,2.26631,-0.550745,0.0169328,2.33671,-0.547528,0,2.33226,-0.627997,0.0452729
21.32,-0.633577,-2.80065,2.65596,-0.71181,-2.84554,2.65276,-0.661948,-2.92606,2,-0.638615,-3.01966,2.01155,2.24052,-0.506861,0,2.27136,-0.532702,0.0171463,2.34085,-0.529558,0,2.33626,-0.60085,0.0430616
21.3302,-0.609728,-2.80594,2.65596,-0.684519,-2.8518,2.65296,-0.637031,-2.93159,2,-0.610552,-3.02668,2.01205,2.24475,-0.487782,0,2.27723,-0.510886,0.0173727,2.34527,-0.509625,0,2.34082,-0.568185,0.0403458
21.3403,-0.587774,-2.81062,2.65596,-0.661722,-2.85682,2.65314,-0.614094,-2.93648,2,-0.587126,-3.03222,2.01245,2.24849,-0.470219,0,2.2821,-0.49264,0.0175618,2.34918,-0.491275,0,2.34455,-0.540967,0.0380642
21.3501,-0.565938,-2.8151,2.65596,-0.638877,-2.86165,2.65331,-0.59128,-2.94115,2,-0.563662,-3.0375,2.01281,2.25208,-0.45275,0,2.2868,-0.474296,0.017762,2.35292,-0.473024,0,2.34815,-0.513708,0.0357872
21.36,-0.543813,-2.81945,2.65596,-0.615987,-2.8663,2.65349,-0.568165,-2.94571,2,-0.540163,-3.0425,2.01316,2.25556,-0.435051,-7.3098e-19,2.2913,-0.45594,0.0179806,2.35657,-0.454532,0,2.35163,-0.486494,0.0335317
21.3701,-0.520962,-2.82376,2.65596,-0.602231,-2.86901,2.6536,-0.54429,-2.95021,2,-0.521339,-3.0463,2.01342,2.25901,-0.41677,0,2.29395,-0.444882,0.018122,2.36017,-0.435432,0,2.35438,-0.464706,0.0317535
21.38,-0.498606,-2.8278,2.65596,-0.574672,-2.87421,2.65382,-0.520933,-2.95443,2,-0.497778,-3.05081,2.01373,2.26224,-0.398885,0,2.29913,-0.422699,0.0182097,2.36354,-0.416746,0,2.35779,-0.437526,0.0293475
21.3901,-0.475898,-2.83171,2.65596,-0.55166,-2.87835,2.654,-0.497208,-2.95851,2,-0.474184,-3.05505,2.01401,2.26537,-0.380718,3.6549e-19,2.30329,-0.404141,0.0181052,2.36681,-0.397767,0,2.36102,-0.410408,0.0268249
21.4,-0.453106,-2.83544,2.65596,-0.528607,-2.88229,2.65418,-0.473396,-2.96241,2,-0.450558,-3.05902,2.01427,2.26836,-0.362485,-3.6549e-19,2.30729,-0.385475,0.0180216,2.36993,-0.378717,0,2.36413,-0.383284,0.0243488
21.4101,-0.430464,-2.83897,2.65596,-0.510137,-2.88532,2.65433,-0.44974,-2.9661,2,-0.431635,-3.062,2.01445,2.27118,-0.344371,0,2.31032,-0.370514,0.0180129,2.37288,-0.359792,0,2.3665,-0.361627,0.0224506
21.42,-0.407472,-2.84236,2.65596,-0.482386,-2.88963,2.65454,-0.425718,-2.96964,2,-0.403217,-3.06615,2.01471,2.27389,-0.325977,0,2.31474,-0.348022,0.0180253,2.37571,-0.340575,0,2.37,-0.329239,0.0196803
21.43,-0.38366,-2.84567,2.65596,-0.45922,-2.89301,2.65472,-0.40084,-2.9731,2,-0.379502,-3.0693,2.01489,2.27654,-0.306928,3.6549e-19,2.31841,-0.329132,0.0179526,2.37848,-0.320672,0,2.37292,-0.30227,0.0173433
21.44,-0.362286,-2.84847,2.65596,-0.436019,-2.89621,2.6549,-0.378509,-2.97603,2,-0.355759,-3.07219,2.01505,2.27878,-0.289828,0,2.32189,-0.310196,0.0179007,2.38082,-0.302807,0,2.37574,-0.275388,0.0150809
21.45,-0.339586,-2.85127,2.65596,-0.412783,-2.89922,2.65508,-0.354792,-2.97895,2,-0.331987,-3.07481,2.01519,2.28101,-0.271669,0,2.32518,-0.291303,0.0179228,2.38316,-0.283834,0,2.37846,-0.248678,0.0129534
21.4601,-0.316466,-2.85393,2.65596,-0.389516,-2.90204,2.65526,-0.330637,-2.98172,2,-0.30819,-3.07717,2.01531,2.28314,-0.253173,-3.6549e-19,2.32826,-0.272404,0.0180053,2.38538,-0.26451,0,2.3811,-0.2221,0.0109532
21.47,-0.293464,-2.85638,2.65596,-0.37088,-2.90416,2.65541,-0.306605,-2.98429,2,-0.289133,-3.07886,2.01539,2.28511,-0.234771,0,2.33062,-0.25728,0.0180994,2.38743,-0.245284,0,2.38318,-0.200939,0.00943404
21.48,-0.27031,-2.85867,2.65596,-0.34756,-2.90663,2.65559,-0.282414,-2.98668,2,-0.265288,-3.08074,2.01548,2.28693,-0.216248,0,2.33341,-0.238346,0.018172,2.38934,-0.225931,0,2.38574,-0.17461,0.0075625
21.49,-0.248019,-2.86069,2.65596,-0.324212,-2.90892,2.65577,-0.259125,-2.98879,2,-0.246194,-3.08205,2.01553,2.28855,-0.198415,3.6549e-19,2.33609,-0.219346,0.0182039,2.39103,-0.2073,0,2.38775,-0.153636,0.00609392
21.5,-0.224734,-2.86261,2.65596,-0.300839,-2.91102,2.65595,-0.234798,-2.9908,2,-0.217523,-3.0837,2.01559,2.29009,-0.179788,0,2.33858,-0.200278,0.0182137,2.39264,-0.187838,0,2.39063,-0.122339,0.00396907
21.5102,-0.201445,-2.86434,2.65596,-0.277442,-2.91293,2.65613,-0.210465,-2.99261,2,-0.193606,-3.0848,2.01562,2.29148,-0.161156,0,2.34072,-0.181188,0.0181866,2.39409,-0.168372,0,2.39276,-0.0964441,0.00225928
21.52,-0.17958,-2.8658,2.65596,-0.254025,-2.91464,2.65631,-0.187621,-2.99413,2,-0.169668,-3.08563,2.01564,2.29264,-0.143664,0,2.34264,-0.16203,0.0181441,2.3953,-0.150097,0,2.39478,-0.0706834,0.000629686
21.53,-0.156695,-2.86714,2.65596,-0.230589,-2.91617,2.6565,-0.163711,-2.99553,2,-0.145711,-3.08621,2.01564,2.29371,-0.125356,-1.82745e-19,2.34448,-0.142842,0.0180992,2.39642,-0.130969,0,2.39682,-0.0451037,-0.000903133
21.54,-0.133245,-2.86833,2.65596,-0.211828,-2.91725,2.65664,-0.139212,-2.99677,2,-0.12653,-3.08649,2.01563,2.29466,-0.106596,1.82745e-19,2.34586,-0.127495,0.018053,2.39741,-0.11137,0,2.39843,-0.0247993,-0.00206583
21.55,-0.110542,-2.86929,2.65596,-0.186014,-2.91854,2.65684,-0.115493,-2.99778,2,-0.100135,-3.08661,2.01559,2.29543,-0.088434,9.13725e-20,2.34755,-0.106352,0.0179283,2.39822,-0.092394,0,2.40057,0.00292797,-0.00361497
21.5601,-0.0874115,-2.87009,2.65596,-0.162531,-2.9195,2.65702,-0.0913257,-2.99861,2,-0.0761197,-3.08646,2.01555,2.29607,-0.0699292,0,2.34896,-0.0871065,0.0177483,2.39889,-0.0730606,0,2.40246,0.0278963,-0.00497677
21.57,-0.0643989,-2.8707,2.65596,-0.139036,-2.92028,2.65719,-0.0672826,-2.99925,2,-0.0520864,-3.08606,2.01549,2.29656,-0.0515191,0,2.35014,-0.0679047,0.0175628,2.3994,-0.0538261,0,2.40421,0.0525783,-0.00623577
21.58,-0.0419478,-2.87111,2.65596,-0.122582,-2.92071,2.65732,-0.0438262,-2.99968,2,-0.0352527,-3.08563,2.01545,2.29689,-0.0335582,0,2.35087,-0.0544794,0.017439,2.39974,-0.035061,0,2.40542,0.0696991,-0.00704521
21.5901,-0.0186094,-2.87136,2.65596,-0.10142,-2.92112,2.65747,-0.0194428,-2.99994,2,-0.0135968,-3.0849,2.01538,2.29709,-0.0148875,0,2.35175,-0.0371923,0.0172104,2.39995,-0.0155542,0,2.407,0.0915544,-0.0080733
21.6003,0.00478328,-2.87142,2.65596,-0.0708409,-2.92144,2.65769,0.00499748,-3,2,0.0177079,-3.08351,2.01527,2.29713,0.00382663,5.71078e-21,2.3527,-0.0122336,0.0167876,2.4,0.00399798,0,2.40902,0.122689,-0.00948732
21.6101,0.0274824,-2.87129,2.65596,-0.0543707,-2.92148,2.65781,0.028713,-2.99986,2,0.0418048,-3.08216,2.01517,2.29703,0.0219859,0,2.35307,0.00119503,0.0164346,2.39989,0.0229704,0,2.41036,0.146243,-0.0106442
21.62,0.0502761,-2.87098,2.65596,-0.0237779,-2.9213,2.65802,0.0525274,-2.99954,2,0.0659144,-3.08058,2.01505,2.29678,0.0402209,-4.56862e-20,2.35344,0.0260746,0.0155806,2.39963,0.042022,0,2.41155,0.169491,-0.0118409
21.6299,0.0730018,-2.87049,2.65596,-0.000243345,-2.92095,2.65817,0.0762708,-2.99903,2,0.082798,-3.07934,2.01497,2.29639,0.0584014,0,2.35343,0.0452444,0.0147709,2.39922,0.0610166,0,2.4123,0.185604,-0.0126972
21.64,0.0965599,-2.8698,2.65596,0.0232898,-2.9204,2.65831,0.100884,-2.9983,2,0.114166,-3.07674,2.01479,2.29584,0.0772479,0,2.35314,0.0644976,0.0140187,2.39864,0.0807071,0,2.41345,0.215246,-0.0140878
21.65,0.118803,-2.86896,2.65596,0.0444657,-2.91974,2.65844,0.124123,-2.99743,2,0.135889,-3.07471,2.01466,2.29517,0.0950421,0,2.35258,0.0818608,0.0134273,2.39794,0.099298,0,2.41406,0.235546,-0.0148366
21.6601,0.14236,-2.86789,2.65596,0.0679873,-2.91882,2.65857,0.148735,-2.99631,2,0.160033,-3.07224,2.01451,2.29431,0.113888,0,2.35173,0.101259,0.0128413,2.39705,0.118988,0,2.41462,0.257931,-0.0154897
21.67,0.165114,-2.86667,2.65596,0.0844472,-2.91807,2.65866,0.172508,-2.99504,2,0.176937,-3.07038,2.0144,2.29333,0.132091,0,2.35107,0.114841,0.0124663,2.39603,0.138006,0,2.41501,0.273425,-0.0158457
21.6801,0.188134,-2.86525,2.65596,0.115003,-2.91641,2.65881,0.196558,-2.99355,2,0.20109,-3.06754,2.01424,2.2922,0.150507,0,2.3497,0.140096,0.0117243,2.39484,0.157246,0,2.41556,0.295309,-0.0162852
21.6899,0.210715,-2.86368,2.65596,0.138494,-2.91491,2.65893,0.220151,-2.99191,2,0.232496,-3.06351,2.01402,2.29094,0.168572,0,2.3485,0.159542,0.0109444,2.39353,0.176121,0,2.41609,0.323288,-0.0169338
21.7002,0.234458,-2.86183,2.65596,0.161972,-2.91322,2.65903,0.244957,-2.98998,2,0.249409,-3.0612,2.01391,2.28947,0.187566,0,2.34711,0.179004,0.010179,2.39199,0.195966,0,2.41633,0.338145,-0.0172395
21.7101,0.257068,-2.85989,2.65596,0.185436,-2.91133,2.65913,0.268579,-2.98795,2,0.280824,-3.05663,2.01368,2.28791,0.205654,0,2.34558,0.198442,0.00950561,2.39036,0.214863,0,2.41672,0.365354,-0.0175532
21.7201,0.279601,-2.85777,2.65596,0.208883,-2.90925,2.65922,0.292122,-2.98574,2,0.304992,-3.05287,2.0135,2.28622,0.223681,-3.6549e-19,2.34383,0.217929,0.00889885,2.38859,0.233697,0,2.41691,0.385982,-0.0176015
21.7301,0.30247,-2.85544,2.65596,0.225285,-2.90768,2.65928,0.316015,-2.98331,2,0.321911,-3.05012,2.01338,2.28436,0.241976,0,2.34246,0.231607,0.00850281,2.38665,0.252812,0,2.41696,0.40028,-0.01755
21.7399,0.325131,-2.85295,2.65596,0.255719,-2.9045,2.65939,0.33969,-2.98071,2,0.353331,-3.04474,2.01315,2.28236,0.260105,0,2.33961,0.256966,0.00769964,2.38457,0.271752,0,2.41686,0.426412,-0.0174037
21.7501,0.348318,-2.85021,2.65596,0.279103,-2.90183,2.65946,0.363916,-2.97785,2,0.377499,-3.04038,2.01298,2.28017,0.278655,0,2.33729,0.276447,0.00691469,2.38228,0.291133,0,2.4167,0.446113,-0.017359
21.7601,0.370836,-2.84737,2.65596,0.300128,-2.89927,2.65952,0.387442,-2.97488,2,0.394415,-3.03721,2.01286,2.2779,0.296669,0,2.33489,0.294009,0.00621948,2.3799,0.309954,0,2.41643,0.45975,-0.0172746
21.77,0.393875,-2.84428,2.65596,0.316465,-2.89716,2.65956,0.411512,-2.97164,2,0.41616,-3.03299,2.0127,2.27542,0.3151,0,2.33286,0.307696,0.00570035,2.37731,0.32921,0,2.41594,0.477137,-0.0170758
21.7801,0.416494,-2.84105,2.65596,0.339779,-2.89399,2.65962,0.435144,-2.96827,2,0.440316,-3.02813,2.01253,2.27284,0.333195,0,2.32975,0.327272,0.0049092,2.37462,0.348115,0,2.41522,0.496199,-0.0168292
21.7901,0.439289,-2.83762,2.65596,0.36306,-2.89061,2.65966,0.45896,-2.96468,2,0.464465,-3.02307,2.01237,2.27009,0.351431,0,2.32659,0.346845,0.00381463,2.37175,0.367168,0,2.41443,0.514918,-0.0168172
21.8001,0.46217,-2.83398,2.65596,0.38631,-2.88705,2.65969,0.482866,-2.96089,2,0.488604,-3.01783,2.0122,2.26718,0.369736,0,2.32337,0.36642,0.00228485,2.36871,0.386293,0,2.41351,0.533297,-0.0171804
21.81,0.484411,-2.83026,2.65596,0.416487,-2.88212,2.65971,0.506103,-2.957,2,0.512735,-3.01241,2.01202,2.26421,0.387529,0,2.31926,0.391795,-0.00052424,2.3656,0.404882,0,2.41261,0.551319,-0.0180388
21.82,0.506975,-2.82631,2.65596,0.432714,-2.87933,2.6597,0.529677,-2.95287,2,0.536856,-3.0068,2.01184,2.26105,0.40558,0,2.31697,0.405507,-0.0019725,2.3623,0.423742,0,2.41161,0.569085,-0.0189445
21.8301,0.530299,-2.82203,2.65596,0.455867,-2.87518,2.65967,0.554045,-2.9484,2,0.560967,-3.00102,2.01164,2.25762,0.424239,0,2.3136,0.425181,-0.00383483,2.35872,0.443236,0,2.41051,0.586698,-0.0194849
21.8401,0.55232,-2.8178,2.65596,0.478986,-2.87083,2.65962,0.577052,-2.94398,2,0.585066,-2.99507,2.01145,2.25424,0.441856,0,2.31017,0.444812,-0.00612968,2.35518,0.461642,0,2.40934,0.60402,-0.0204173
21.8502,0.575137,-2.81323,2.65596,0.50207,-2.86628,2.65954,0.600891,-2.93921,2,0.609153,-2.98894,2.01123,2.25058,0.460109,0,2.30661,0.464322,-0.00892681,2.35136,0.480713,0,2.408,0.620962,-0.0218166
21.86,0.597368,-2.80859,2.65596,0.525118,-2.86154,2.65944,0.624118,-2.93436,2,0.633226,-2.98265,2.01101,2.24688,0.477894,0,2.3031,0.483766,-0.0120042,2.34749,0.499294,0,2.4067,0.637604,-0.0234657
21.87,0.619799,-2.80373,2.65596,0.548131,-2.8566,2.6593,0.647554,-2.92928,2,0.657287,-2.97619,2.01076,2.24298,0.49584,0,2.29953,0.503139,-0.0154898,2.34342,0.518043,0,2.40531,0.653964,-0.0254974
21.88,0.642231,-2.79868,2.65596,0.571108,-2.85148,2.65913,0.67099,-2.924,2,0.681332,-2.96957,2.0105,2.23894,0.513785,0,2.2958,0.522407,-0.0192308,2.3392,0.536792,0,2.40376,0.670015,-0.0277613
21.89,0.664345,-2.79351,2.65596,0.594047,-2.84616,2.65892,0.694094,-2.9186,2,0.705361,-2.96279,2.01021,2.23481,0.531476,0,2.29204,0.54148,-0.0231995,2.33488,0.555275,0,2.40215,0.685687,-0.0302323
21.9001,0.687039,-2.78801,2.65596,0.616948,-2.84065,2.65867,0.717804,-2.91286,2,0.729374,-2.95586,2.0099,2.23041,0.549631,0,2.28817,0.56044,-0.0271881,2.33029,0.574243,0,2.40045,0.70107,-0.0327044
21.9101,0.709215,-2.78246,2.65596,0.639809,-2.83495,2.65838,0.740974,-2.90705,2,0.753369,-2.94877,2.00956,2.22597,0.567372,0,2.28407,0.579373,-0.0308013,2.32564,0.592779,0,2.39852,0.716239,-0.0347805
21.9201,0.731561,-2.77666,2.65596,0.662629,-2.82906,2.65805,0.76432,-2.901,2,0.777344,-2.94154,2.0092,2.22133,0.585249,0,2.27979,0.598291,-0.0340514,2.3208,0.611456,0,2.39641,0.731216,-0.0364754
21.93,0.75335,-2.77083,2.65596,0.685405,-2.82298,2.6577,0.787085,-2.89491,2,0.801297,-2.93415,2.00883,2.21667,0.60268,-7.3098e-19,2.27533,0.617224,-0.0370117,2.31593,0.629668,0,2.39413,0.746047,-0.0378642
21.9402,0.775992,-2.76458,2.65596,0.708134,-2.81672,2.65732,0.81074,-2.88837,2,0.825226,-2.92662,2.00845,2.21166,0.620793,0,2.27059,0.636152,-0.0395,2.3107,0.648592,0,2.39157,0.760711,-0.0387652
21.9502,0.798189,-2.75825,2.65596,0.73761,-2.80828,2.65679,0.833932,-2.88176,2,0.849127,-2.91894,2.00806,2.2066,0.638551,0,2.26406,0.660759,-0.0419041,2.30541,0.667145,0,2.38876,0.775219,-0.0391082
21.9602,0.819941,-2.75186,2.65596,0.753445,-2.80361,2.65649,0.856658,-2.87509,2,0.880156,-2.90874,2.00755,2.20149,0.655953,0,2.2604,0.673986,-0.0429186,2.30007,0.685326,0,2.38482,0.793845,-0.0388378
21.9701,0.842142,-2.74515,2.65596,0.776023,-2.79678,2.65605,0.879853,-2.86808,2,0.896842,-2.90314,2.00728,2.19612,0.673714,0,2.25499,0.692847,-0.0439985,2.29446,0.703882,0,2.38253,0.803776,-0.0384329
21.98,0.864281,-2.73826,2.65596,0.805289,-2.78761,2.65548,0.902983,-2.86088,2,0.92065,-2.89504,2.0069,2.19061,0.691424,7.3098e-19,2.24755,0.717317,-0.0448167,2.2887,0.722386,0,2.37904,0.817845,-0.0375209
21.9902,0.886085,-2.73128,2.65596,0.821008,-2.78255,2.65516,0.925763,-2.85359,2,0.944422,-2.88679,2.00653,2.18503,0.708868,0,2.24352,0.73044,-0.0451228,2.28287,0.740611,0,2.37545,0.83174,-0.0363009
22.0001,0.907466,-2.72425,2.65596,0.850124,-2.77289,2.65457,0.948102,-2.84624,2,0.968158,-2.8784,2.00617,2.1794,0.725973,7.3098e-19,2.23578,0.754613,-0.0455177,2.27699,0.758481,0,2.37169,0.845429,-0.0349965
22.0101,0.929354,-2.71686,2.65596,0.872451,-2.76525,2.65411,0.97097,-2.83852,2,0.991855,-2.86988,2.00583,2.17349,0.743483,7.3098e-19,2.22966,0.772907,-0.0459809,2.27082,0.776776,0,2.36777,0.858818,-0.0338116
22.0201,0.95139,-2.70923,2.65596,0.888043,-2.7598,2.65379,0.993993,-2.83054,2,1.01551,-2.86123,2.0055,2.16738,0.761112,7.3098e-19,2.22523,0.785634,-0.0460322,2.26444,0.795194,0,2.36363,0.871974,-0.0323277
22.0302,0.972968,-2.70155,2.65596,0.910263,-2.75185,2.65333,1.01654,-2.82253,2,1.0462,-2.84978,2.00509,2.16124,0.778374,0,2.21861,0.803685,-0.0460015,2.25802,0.81323,0,2.3578,0.888867,-0.03018
22.04,0.993833,-2.69395,2.65596,0.932415,-2.74373,2.65287,1.03834,-2.81458,2,1.0627,-2.84353,2.00489,2.15516,0.795067,0,2.21169,0.82169,-0.0458905,2.25166,0.830669,0,2.35444,0.897897,-0.0289267
22.05,1.01544,-2.68588,2.65596,0.954496,-2.73542,2.65242,1.06091,-2.80615,2,1.09326,-2.83175,2.00453,2.1487,0.812349,-7.3098e-19,2.20459,0.839673,-0.0455626,2.24492,0.848726,0,2.34792,0.914522,-0.0263298
22.0601,1.03723,-2.67754,2.65596,0.976505,-2.72693,2.65196,1.08368,-2.79744,2,1.10968,-2.82531,2.00435,2.14203,0.829783,7.3098e-19,2.19718,0.857655,-0.0449983,2.23795,0.86694,0,2.34412,0.923437,-0.0247727
22.0702,1.05879,-2.66908,2.65596,1.005,-2.71563,2.65138,1.1062,-2.7886,2,1.1331,-2.81602,2.00411,2.13527,0.847033,0,2.18715,0.880924,-0.043788,2.23088,0.884962,0,2.33847,0.936081,-0.0222671
22.0801,1.07975,-2.66067,2.65596,1.02029,-2.70942,2.65108,1.1281,-2.77982,2,1.15645,-2.80659,2.0039,2.12854,0.863803,1.46196e-18,2.18166,0.893378,-0.0433022,2.22385,0.902484,0,2.33259,0.948615,-0.0198422
22.09,1.10115,-2.65189,2.65596,1.04207,-2.7004,2.65065,1.15046,-2.77064,2,1.17975,-2.79704,2.00372,2.12151,0.880922,0,2.17372,0.911079,-0.0429769,2.21651,0.920369,0,2.32654,0.961074,-0.0179232
22.1001,1.12244,-2.64295,2.65596,1.06377,-2.6912,2.65022,1.1727,-2.7613,2,1.20298,-2.78737,2.00355,2.11436,0.897951,0,2.16556,0.928772,-0.0425649,2.20904,0.938161,0,2.32023,0.973508,-0.0159225
22.11,1.14307,-2.63409,2.65596,1.08538,-2.68182,2.6498,1.19426,-2.75204,2,1.22615,-2.77757,2.0034,2.10727,0.91446,-1.46196e-18,2.15709,0.946498,-0.0417825,2.20163,0.955409,0,2.31352,0.985936,-0.0135596
22.1202,1.16476,-2.62457,2.65596,1.10691,-2.67227,2.64939,1.21692,-2.7421,2,1.24925,-2.76765,2.00328,2.09966,0.931809,1.46196e-18,2.14844,0.964133,-0.040732,2.19368,0.973535,0,2.30652,0.998275,-0.0109458
22.13,1.18562,-2.61521,2.65596,1.12835,-2.66254,2.64899,1.23871,-2.73232,2,1.27228,-2.75761,2.00318,2.09217,0.948498,0,2.13976,0.98167,-0.0394269,2.18586,0.990972,0,2.29941,1.01054,-0.00809578
22.14,1.20628,-2.60575,2.65596,1.14544,-2.65463,2.64867,1.26029,-2.72244,2,1.29295,-2.74846,2.00312,2.0846,0.965021,-1.46196e-18,2.13271,0.995742,-0.0382413,2.17795,1.00823,0,2.29278,1.02164,-0.00538295
22.1501,1.22734,-2.5959,2.65596,1.16885,-2.64357,2.64826,1.2823,-2.71214,2,1.31584,-2.73819,2.00308,2.07672,0.981874,0,2.12283,1.01496,-0.036551,2.16971,1.02584,0,2.28515,1.03387,-0.00234342
22.16,1.24767,-2.58619,2.65596,1.19003,-2.63334,2.64791,1.30354,-2.702,2,1.33865,-2.72779,2.00307,2.06895,0.998134,0,2.11373,1.03229,-0.035197,2.1616,1.04283,0,2.27726,1.04599,0.000488316
22.17,1.26821,-2.57618,2.65596,1.21112,-2.62293,2.64756,1.325,-2.69154,2,1.36138,-2.71727,2.00309,2.06094,1.01457,1.46196e-18,2.10456,1.04962,-0.0337915,2.15323,1.06,0,2.26919,1.05814,0.00334622
22.18,1.2888,-2.56594,2.65596,1.23212,-2.61234,2.64723,1.34652,-2.68084,2,1.38403,-2.70662,2.00314,2.05275,1.03104,1.46196e-18,2.09522,1.06684,-0.0322515,2.14467,1.07721,0,2.26083,1.07023,0.00631221
22.1899,1.30912,-2.55563,2.65596,1.25302,-2.60159,2.64692,1.36774,-2.67007,2,1.4066,-2.69586,2.00322,2.04451,1.0473,0,2.08576,1.08391,-0.0305952,2.13606,1.09419,0,2.25222,1.08224,0.00936489
22.2,1.32938,-2.54515,2.65596,1.27383,-2.59067,2.64662,1.38891,-2.65912,2,1.42907,-2.68498,2.00333,2.03612,1.0635,0,2.07626,1.10093,-0.0288511,2.1273,1.11112,0,2.24345,1.09426,0.0124735
22.2102,1.35081,-2.53384,2.65596,1.29455,-2.57957,2.64634,1.4113,-2.64731,2,1.45146,-2.67398,2.00347,2.02707,1.08065,0,2.06663,1.1179,-0.0270544,2.11784,1.12904,0,2.23443,1.10633,0.0156019
22.2201,1.37065,-2.52317,2.65596,1.31105,-2.57057,2.64613,1.43203,-2.63615,2,1.46931,-2.66509,2.0036,2.01853,1.09652,1.46196e-18,2.05887,1.13147,-0.0255714,2.10892,1.14562,0,2.22706,1.11603,0.0181255
22.2301,1.3911,-2.51195,2.65596,1.33569,-2.55688,2.64583,1.45339,-2.62443,2,1.49597,-2.65161,2.00384,2.00956,1.11288,0,2.04721,1.15173,-0.0233975,2.09955,1.16271,0,2.21583,1.13062,0.0218148
22.24,1.41054,-2.50108,2.65596,1.35611,-2.54527,2.64561,1.47371,-2.61308,2,1.51808,-2.64024,2.00407,2.00087,1.12843,1.46196e-18,2.03757,1.16843,-0.0219781,2.09046,1.17896,0,2.20636,1.14268,0.02445
22.25,1.43037,-2.4898,2.65596,1.37644,-2.53351,2.64539,1.49442,-2.60129,2,1.5401,-2.62875,2.00433,1.99184,1.14429,0,2.02798,1.18503,-0.0206656,2.08103,1.19553,0,2.19684,1.15477,0.0269378
22.26,1.4504,-2.47818,2.65596,1.39667,-2.52157,2.6452,1.51535,-2.58915,2,1.56201,-2.61714,2.00461,1.98254,1.16032,0,2.01823,1.20145,-0.0192423,2.07132,1.21228,0,2.18705,1.16685,0.0294947
22.2701,1.47009,-2.46656,2.65596,1.4168,-2.50948,2.64501,1.53592,-2.57701,2,1.58384,-2.60542,2.00492,1.97324,1.17607,-1.46196e-18,2.00841,1.21773,-0.0176918,2.06161,1.22873,0,2.17708,1.17895,0.032135
22.28,1.4896,-2.45482,2.65596,1.43684,-2.49722,2.64484,1.55631,-2.56474,2,1.60556,-2.59357,2.00526,1.96385,1.19168,0,1.99849,1.23396,-0.0160902,2.0518,1.24504,0,2.16689,1.19115,0.0347803
22.29,1.50942,-2.44268,2.65596,1.45677,-2.4848,2.64469,1.57702,-2.55206,2,1.62717,-2.58159,2.00562,1.95414,1.20754,0,1.98853,1.25006,-0.0144389,2.04165,1.26161,0,2.15655,1.2034,0.0374276
22.3,1.52871,-2.43066,2.65596,1.47661,-2.47222,2.64455,1.59717,-2.5395,2,1.64869,-2.5695,2.006,1.94453,1.22297,1.46196e-18,1.97844,1.266,-0.0127542,2.0316,1.27773,0,2.14597,1.21568,0.0400597
22.31,1.54834,-2.4182,2.65596,1.49634,-2.45948,2.64443,1.61768,-2.52648,2,1.67009,-2.55728,2.00642,1.93456,1.23868,0,1.96832,1.28179,-0.0110375,2.02119,1.29414,0,2.13527,1.228,0.042673
22.32,1.56747,-2.40584,2.65596,1.51597,-2.44658,2.64433,1.63766,-2.51358,2,1.69139,-2.54494,2.00686,1.92468,1.25398,0,1.95818,1.29737,-0.00928108,2.01086,1.31013,0,2.12444,1.24031,0.0452737
22.3301,1.58692,-2.39306,2.65596,1.53551,-2.43353,2.64425,1.65798,-2.50022,2,1.71258,-2.53247,2.00732,1.91445,1.26953,-1.46196e-18,1.94794,1.31277,-0.00753659,2.00018,1.32638,0,2.11342,1.25265,0.0478094
22.34,1.60573,-2.38048,2.65596,1.55493,-2.42033,2.64418,1.67764,-2.48707,2,1.73366,-2.51988,2.00781,1.90438,1.28459,0,1.93765,1.32797,-0.00580288,1.98966,1.34211,0,2.10227,1.265,0.0502818
22.35,1.62478,-2.36752,2.65596,1.57426,-2.40697,2.64413,1.69754,-2.47353,2,1.75462,-2.50717,2.00833,1.89401,1.29983,0,1.92725,1.34301,-0.00412805,1.97883,1.35803,0,2.09093,1.27741,0.0526438
22.36,1.64355,-2.35452,2.65596,1.59348,-2.39347,2.6441,1.71715,-2.45996,2,1.77548,-2.49434,2.00887,1.88362,1.31484,-1.46196e-18,1.91675,1.35793,-0.00249246,1.96797,1.37372,0,2.07942,1.28991,0.054914
22.37,1.66236,-2.34128,2.65596,1.61259,-2.37982,2.64408,1.7368,-2.44613,2,1.79621,-2.48137,2.00943,1.87303,1.32989,1.46196e-18,1.90619,1.37271,-0.000881544,1.9569,1.38944,0,2.06778,1.30249,0.057107
22.38,1.68129,-2.32773,2.65596,1.6316,-2.36602,2.64408,1.75657,-2.43196,2,1.81683,-2.46829,2.01001,1.86218,1.34503,-1.46196e-18,1.8956,1.38744,0.000706649,1.94557,1.40526,0,2.05605,1.31525,0.0592244
22.39,1.69943,-2.31452,2.65596,1.6505,-2.35207,2.6441,1.77552,-2.41816,2,1.83733,-2.45507,2.01061,1.85162,1.35954,0,1.88494,1.40206,0.00227543,1.93453,1.42042,0,2.04421,1.32813,0.0612693
22.4,1.71812,-2.30068,2.65596,1.6693,-2.33797,2.64413,1.79506,-2.4037,2,1.85772,-2.44172,2.01123,1.84054,1.3745,1.46196e-18,1.87421,1.41649,0.00377402,1.92296,1.43604,0,2.03226,1.34105,0.0631912
22.41,1.73643,-2.28689,2.65596,1.68799,-2.32374,2.64417,1.81418,-2.3893,2,1.87798,-2.42825,2.01187,1.82951,1.38914,0,1.86343,1.43068,0.00523337,1.91144,1.45135,0,2.02022,1.35398,0.0650207
22.42,1.75461,-2.27297,2.65596,1.70657,-2.30936,2.64423,1.83318,-2.37475,2,1.89812,-2.41464,2.01253,1.81838,1.40369,0,1.85255,1.44475,0.00667432,1.8998,1.46654,0,2.00805,1.36703,0.0667801
22.43,1.77297,-2.25868,2.65596,1.72504,-2.29484,2.6443,1.85236,-2.35982,2,1.91814,-2.40091,2.01321,1.80694,1.41837,0,1.84153,1.45875,0.00805962,1.88786,1.48189,0,1.99573,1.38025,0.0684345
22.44,1.7911,-2.24433,2.65596,1.7434,-2.28019,2.64439,1.87131,-2.34483,2,1.93803,-2.38704,2.0139,1.79546,1.43288,0,1.83036,1.47262,0.00943381,1.87586,1.49705,0,1.98326,1.39356,0.0700303
22.45,1.80885,-2.23005,2.65596,1.76165,-2.26539,2.64449,1.88985,-2.32991,2,1.9578,-2.37303,2.01461,1.78404,1.44708,-1.46196e-18,1.81898,1.48634,0.0107574,1.86393,1.51188,0,1.97057,1.40698,0.0715279
22.46,1.82667,-2.21548,2.65596,1.77978,-2.25046,2.64461,1.90846,-2.31469,2,1.97744,-2.3589,2.01533,1.77238,1.46133,0,1.80748,1.49994,0.0120511,1.85175,1.52677,0,1.95777,1.42049,0.0729486
22.4699,1.84402,-2.20105,2.65596,1.79779,-2.23539,2.64473,1.92659,-2.29962,2,1.99696,-2.34462,2.01607,1.76084,1.47522,1.46196e-18,1.79578,1.51344,0.0133106,1.83969,1.54128,0,1.94478,1.43416,0.0742887
22.48,1.86214,-2.18574,2.65596,1.81569,-2.22019,2.64487,1.94553,-2.28362,2,2.01634,-2.33021,2.01682,1.74859,1.48971,-1.46196e-18,1.78385,1.52673,0.0145025,1.8269,1.55642,0,1.93157,1.44783,0.0755163
22.49,1.87899,-2.17128,2.65596,1.83347,-2.20486,2.64502,1.96313,-2.26851,2,2.03559,-2.31567,2.01758,1.73702,1.50319,0,1.77173,1.53983,0.0156406,1.8148,1.5705,0,1.9182,1.46156,0.0766462
22.5,1.89637,-2.15611,2.65596,1.85113,-2.1894,2.64519,1.98129,-2.25266,2,2.0547,-2.30098,2.01835,1.72489,1.5171,-1.46196e-18,1.75931,1.55275,0.0167033,1.80213,1.58503,0,1.90456,1.47533,0.0776582
22.51,1.91369,-2.14076,2.65596,1.86866,-2.17381,2.64536,1.99938,-2.23662,2,2.07368,-2.28616,2.01913,1.71261,1.53095,1.46196e-18,1.74674,1.56548,0.0177198,1.7893,1.59951,0,1.8908,1.48912,0.0785828
22.52,1.93071,-2.12542,2.65596,1.88606,-2.15809,2.64554,2.01716,-2.2206,2,2.09252,-2.2712,2.01992,1.70034,1.54457,0,1.73407,1.57808,0.0186897,1.77648,1.61373,0,1.87697,1.50299,0.07942
22.53,1.94784,-2.10973,2.65596,1.90334,-2.14224,2.64573,2.03507,-2.2042,2,2.11122,-2.2561,2.02072,1.68778,1.55828,0,1.72124,1.59057,0.0195928,1.76336,1.62805,0,1.86301,1.51697,0.0801511
22.5401,1.96476,-2.09398,2.65596,1.92048,-2.12628,2.64593,2.05274,-2.18775,2,2.12978,-2.24086,2.02152,1.67519,1.57181,0,1.70818,1.60305,0.0204061,1.7502,1.64219,0,1.84885,1.53112,0.0807551
22.55,1.98145,-2.0782,2.65596,1.9375,-2.11018,2.64614,2.07018,-2.17126,2,2.14819,-2.22548,2.02233,1.66256,1.58516,-1.46196e-18,1.69498,1.61549,0.0211733,1.73701,1.65614,0,1.83459,1.54544,0.0812765
22.5599,1.99801,-2.06228,2.65596,1.95438,-2.09397,2.64635,2.08748,-2.15463,2,2.16647,-2.20995,2.02315,1.64982,1.59841,0,1.68161,1.62772,0.0219244,1.7237,1.66998,0,1.8202,1.55972,0.0817439
22.5701,2.01457,-2.04611,2.65596,1.96779,-2.08091,2.64653,2.10478,-2.13773,2,2.1846,-2.19428,2.02397,1.63689,1.61166,-1.46196e-18,1.67078,1.63741,0.0224887,1.71019,1.68382,0,1.80567,1.57407,0.0821243
22.5802,2.03081,-2.02999,2.65596,1.98774,-2.06117,2.64681,2.12175,-2.12089,2,2.20258,-2.17847,2.02479,1.62399,1.62465,1.46196e-18,1.65453,1.65169,0.023111,1.69671,1.6974,0,1.79118,1.58836,0.0822499
22.5902,2.04814,-2.0125,2.65596,2.00094,-2.04792,2.64699,2.13986,-2.10262,2,2.21687,-2.16572,2.02545,1.61,1.63851,-1.46196e-18,1.64372,1.66109,0.0230508,1.6821,1.71189,0,1.77963,1.59979,0.0818866
22.6,2.06317,-1.99709,2.65596,2.01731,-2.03125,2.64722,2.15556,-2.08652,2,2.23812,-2.14642,2.02642,1.59767,1.65054,0,1.63024,1.67271,0.0226395,1.66922,1.72445,0,1.76241,1.61692,0.0808342
22.61,2.07893,-1.98068,2.65596,2.03677,-2.0111,2.64749,2.17202,-2.06938,2,2.25567,-2.13018,2.02723,1.58455,1.66314,0,1.61388,1.68654,0.0218337,1.6555,1.73762,0,1.74794,1.63125,0.0797578
22.62,2.09447,-1.96425,2.65596,2.05284,-1.99417,2.6477,2.18826,-2.0522,2,2.27308,-2.11379,2.02802,1.5714,1.67557,0,1.60009,1.69808,0.0209631,1.64176,1.7506,0,1.73335,1.64569,0.0784351
22.63,2.11038,-1.94714,2.65596,2.06877,-1.97713,2.64791,2.20488,-2.03433,2,2.29034,-2.09726,2.0288,1.55771,1.6883,0,1.58596,1.70955,0.0202283,1.62747,1.7639,0,1.71846,1.66026,0.0772109
22.6401,2.12588,-1.9302,2.65596,2.08456,-1.95998,2.64811,2.22108,-2.01663,2,2.30744,-2.08059,2.02956,1.54416,1.70071,0,1.57147,1.72096,0.0196844,1.61331,1.77686,0,1.70326,1.67497,0.0761375
22.65,2.1412,-1.9132,2.65596,2.1002,-1.94272,2.6483,2.23708,-1.99887,2,2.3244,-2.06376,2.03032,1.53056,1.71296,0,1.55687,1.73224,0.0193918,1.5991,1.78966,0,1.68795,1.68972,0.0752748
22.6602,2.15665,-1.89576,2.65596,2.1157,-1.92534,2.6485,2.25322,-1.98065,2,2.3412,-2.04679,2.03107,1.51661,1.72532,2.92392e-18,1.54211,1.74351,0.0192705,1.58452,1.80258,0,1.67248,1.7046,0.0745405
22.67,2.17134,-1.87891,2.65596,2.13104,-1.90785,2.64869,2.26857,-1.96305,2,2.35785,-2.02967,2.03181,1.50313,1.73707,0,1.5272,1.75465,0.019293,1.57044,1.81486,0,1.65688,1.71952,0.073908
22.68,2.18632,-1.86147,2.65596,2.14624,-1.89024,2.64888,2.28422,-1.94482,2,2.37434,-2.0124,2.03255,1.48917,1.74905,-1.46196e-18,1.51223,1.76566,0.0194206,1.55586,1.82738,0,1.6412,1.73445,0.0733402
22.6902,2.2015,-1.84349,2.65596,2.15529,-1.87963,2.649,2.30008,-1.92604,2,2.38416,-2.00197,2.03299,1.47479,1.7612,1.46196e-18,1.50319,1.77222,0.019536,1.54083,1.84006,0,1.63175,1.74342,0.0730191
22.7,2.21591,-1.82614,2.65596,2.17173,-1.86007,2.64921,2.31514,-1.90791,2,2.40201,-1.9827,2.03379,1.46091,1.77273,1.46196e-18,1.48659,1.78404,0.019365,1.52633,1.85211,0,1.61439,1.75979,0.0720176
22.7099,2.23055,-1.80823,2.65596,2.18652,-1.84218,2.6494,2.33043,-1.8892,2,2.41808,-1.96503,2.0345,1.44658,1.78444,0,1.47137,1.79473,0.0189304,1.51136,1.86435,0,1.59846,1.77464,0.0708043
22.7201,2.24496,-1.79031,2.65596,2.20116,-1.82418,2.64959,2.34548,-1.87048,2,2.43398,-1.94721,2.0352,1.43225,1.79596,-1.46196e-18,1.45598,1.80539,0.0185995,1.49639,1.87639,0,1.58234,1.78947,0.0696705
22.73,2.25892,-1.77266,2.65596,2.21564,-1.80607,2.64978,2.36007,-1.85204,2,2.44972,-1.92924,2.03589,1.41813,1.80714,-1.46196e-18,1.44043,1.81597,0.0184464,1.48163,1.88806,0,1.56603,1.8043,0.0686823
22.74,2.27307,-1.75448,2.65596,2.22997,-1.78786,2.64996,2.37486,-1.83305,2,2.4653,-1.91112,2.03658,1.40358,1.81846,0,1.4248,1.82646,0.0184468,1.46644,1.89989,0,1.5496,1.81906,0.0678155
22.75,2.2882,-1.7347,2.65596,2.24131,-1.77321,2.65011,2.39066,-1.81238,2,2.47764,-1.89652,2.03712,1.38776,1.83056,0,1.41214,1.83489,0.0184897,1.4499,1.91253,0,1.53628,1.83096,0.0671427
22.76,2.30104,-1.71764,2.65596,2.25815,-1.75112,2.65033,2.40407,-1.79455,2,2.49292,-1.87814,2.03778,1.37411,1.84083,0,1.3931,1.8474,0.0181285,1.43564,1.92326,0,1.51956,1.84575,0.0659788
22.7701,2.31504,-1.69871,2.65596,2.272,-1.73259,2.65051,2.41871,-1.77478,2,2.51104,-1.85588,2.03856,1.35897,1.85203,-1.46196e-18,1.37723,1.85773,0.0173096,1.41982,1.93497,0,1.49948,1.8633,0.0639407
22.7801,2.3282,-1.68064,2.65596,2.28569,-1.71396,2.65068,2.43245,-1.7559,2,2.52298,-1.84093,2.03907,1.34451,1.86256,0,1.36118,1.86798,0.0165816,1.40472,1.94596,0,1.48594,1.87495,0.0625833
22.79,2.34171,-1.66176,2.65596,2.29922,-1.69523,2.65084,2.44657,-1.73617,2,2.54069,-1.81833,2.03981,1.32941,1.87337,0,1.34494,1.87814,0.0161004,1.38894,1.95726,0,1.46533,1.8924,0.060803
22.8001,2.35535,-1.64236,2.65596,2.30993,-1.68018,2.65097,2.46083,-1.71591,2,2.55236,-1.80314,2.04029,1.31389,1.88428,-1.46196e-18,1.33188,1.88621,0.0158796,1.37273,1.96866,0,1.45146,1.90401,0.0597702
22.8101,2.36867,-1.6231,2.65596,2.32579,-1.65747,2.65116,2.47474,-1.69578,2,2.56965,-1.78019,2.041,1.29848,1.89494,0,1.3124,1.89813,0.0154872,1.35663,1.97979,0,1.43072,1.92126,0.0581259
22.82,2.38072,-1.60538,2.65596,2.33884,-1.63844,2.65131,2.48733,-1.67726,2,2.58387,-1.76091,2.04157,1.2843,1.90457,1.46196e-18,1.29638,1.90781,0.0146996,1.34181,1.98986,0,1.41361,1.93532,0.0562835
22.83,2.39347,-1.58629,2.65596,2.34916,-1.62315,2.65142,2.50065,-1.65733,2,2.59792,-1.74148,2.04212,1.26904,1.91478,0,1.28354,1.91544,0.014076,1.32586,2.00052,0,1.39642,1.94926,0.0544571
22.84,2.4062,-1.56693,2.65596,2.36444,-1.60009,2.65159,2.51394,-1.6371,2,2.6118,-1.72192,2.04266,1.25354,1.92496,0,1.26436,1.92673,0.0130145,1.30968,2.01116,0,1.3793,1.9631,0.0524274
22.85,2.41859,-1.54773,2.65596,2.37701,-1.58078,2.65171,2.52689,-1.61704,2,2.62551,-1.70222,2.04317,1.23818,1.93487,0,1.24841,1.93605,0.0117602,1.29363,2.02152,0,1.36216,1.97684,0.0500729
22.8601,2.43107,-1.52805,2.65596,2.38941,-1.56137,2.65182,2.53993,-1.59647,2,2.63904,-1.68238,2.04366,1.22244,1.94486,0,1.23219,1.94529,0.0107991,1.27718,2.03195,0,1.34474,1.99053,0.0479938
22.87,2.44294,-1.50901,2.65596,2.40165,-1.54187,2.65193,2.55233,-1.57658,2,2.6524,-1.66241,2.04413,1.20721,1.95435,-1.46196e-18,1.2159,1.95441,0.0102798,1.26127,2.04186,0,1.3272,2.00417,0.0463288
22.8801,2.45508,-1.48918,2.65596,2.41373,-1.52228,2.65203,2.56501,-1.55586,2,2.66558,-1.6423,2.04459,1.19134,1.96406,-1.46196e-18,1.19942,1.96347,0.010072,1.24469,2.05201,0,1.30942,2.01775,0.0449527
22.89,2.46667,-1.4699,2.65596,2.42564,-1.5026,2.65213,2.57712,-1.53572,2,2.67859,-1.62206,2.04503,1.17592,1.97333,0,1.18288,1.97243,0.0101069,1.22858,2.0617,0,1.29153,2.03126,0.0438023
22.9,2.47857,-1.44973,2.65596,2.43738,-1.48283,2.65223,2.58956,-1.51465,2,2.69141,-1.60168,2.04547,1.15979,1.98286,0,1.16605,1.98136,0.0103139,1.21172,2.07165,0,1.27332,2.04473,0.0428117
22.91,2.49014,-1.42978,2.65596,2.44896,-1.46298,2.65234,2.60164,-1.4938,2,2.70405,-1.58116,2.04589,1.14382,1.99211,0,1.14917,1.99015,0.0106674,1.19504,2.08131,0,1.25503,2.05808,0.0419592
22.92,2.50138,-1.41001,2.65596,2.46037,-1.44303,2.65245,2.61339,-1.47315,2,2.71651,-1.56051,2.04631,1.12801,2.00111,-1.46196e-18,1.13221,1.99889,0.0111286,1.17852,2.09072,0,1.23662,2.07134,0.0412067
22.93,2.51256,-1.38999,2.65596,2.4716,-1.423,2.65256,2.62507,-1.45223,2,2.72879,-1.53973,2.04671,1.11199,2.01005,-1.46196e-18,1.11525,2.00753,0.0116974,1.16179,2.10006,0,1.21816,2.08449,0.0405577
22.94,2.52373,-1.36961,2.65596,2.48267,-1.40288,2.65268,2.63674,-1.43094,2,2.74088,-1.51883,2.04712,1.09569,2.01899,0,1.09822,2.016,0.0123463,1.14475,2.10939,0,1.1996,2.09741,0.0399888
22.95,2.53431,-1.34994,2.65596,2.49357,-1.38268,2.65281,2.64779,-1.41039,2,2.75278,-1.49779,2.04751,1.07995,2.02744,0,1.08111,2.02443,0.0129891,1.12831,2.11823,0,1.18094,2.11027,0.0394167
22.96,2.54504,-1.3296,2.65596,2.50429,-1.36239,2.65294,2.659,-1.38914,2,2.76449,-1.47662,2.04791,1.06368,2.03603,0,1.06401,2.03291,0.0136235,1.11131,2.1272,0,1.16226,2.12312,0.0388438
22.97,2.55567,-1.30905,2.65596,2.51485,-1.34202,2.65308,2.67011,-1.36767,2,2.77602,-1.45532,2.04829,1.04724,2.04453,0,1.04676,2.04134,0.0142111,1.09413,2.13609,0,1.14339,2.13587,0.0382335
22.9802,2.5664,-1.28788,2.65596,2.52523,-1.32157,2.65322,2.68132,-1.34555,2,2.78736,-1.4339,2.04867,1.0303,2.05312,-1.46196e-18,1.02943,2.04973,0.014766,1.07644,2.14506,0,1.12443,2.14852,0.0376
22.99,2.57633,-1.2679,2.65596,2.53544,-1.30103,2.65337,2.6917,-1.32467,2,2.79851,-1.41235,2.04904,1.01432,2.06107,-1.46196e-18,1.01223,2.05799,0.0153256,1.05974,2.15336,0,1.10557,2.16098,0.0369833
23,2.58631,-1.24743,2.65596,2.54547,-1.28041,2.65353,2.70212,-1.30329,2,2.80947,-1.39068,2.04941,0.997941,2.06904,-1.46196e-18,0.995016,2.0661,0.0158585,1.04263,2.1617,0,1.08666,2.17321,0.0363544
23.01,2.59633,-1.22643,2.65596,2.55534,-1.25971,2.65369,2.71259,-1.28135,2,2.82025,-1.36889,2.04977,0.981145,2.07706,0,0.977749,2.07402,0.0163424,1.02508,2.17007,0,1.06768,2.18517,0.0356941
23.02,2.6061,-1.20552,2.65596,2.56503,-1.23893,2.65386,2.7228,-1.2595,2,2.83083,-1.34698,2.05012,0.964416,2.08488,1.46196e-18,0.960492,2.08186,0.0168,1.0076,2.17824,0,1.0487,2.19699,0.0350293
23.03,2.61556,-1.18486,2.65596,2.57455,-1.21807,2.65403,2.73268,-1.23792,2,2.84122,-1.32495,2.05047,0.947886,2.09245,0,0.943342,2.08952,0.0172897,0.990332,2.18615,0,1.02982,2.20852,0.0344231
23.04,2.6249,-1.16403,2.65596,2.58389,-1.19714,2.6542,2.74244,-1.21615,2,2.85142,-1.30281,2.05081,0.931223,2.09992,0,0.926163,2.09707,0.0177165,0.972922,2.19395,0,1.0109,2.21986,0.0337834
23.05,2.63419,-1.14284,2.65596,2.59307,-1.17613,2.65438,2.75215,-1.19402,2,2.86144,-1.28056,2.05115,0.914274,2.10735,1.46196e-18,0.908978,2.10443,0.0181293,0.955215,2.20172,0,0.991987,2.23091,0.0331643
23.06,2.64317,-1.12192,2.65596,2.60207,-1.15505,2.65457,2.76153,-1.17216,2,2.87126,-1.25819,2.05148,0.897538,2.11453,-1.46196e-18,0.891806,2.11153,0.0185299,0.937729,2.20922,0,0.973103,2.24159,0.0325726
23.07,2.65209,-1.10068,2.65596,2.61091,-1.1339,2.65475,2.77085,-1.14996,2,2.8809,-1.23573,2.0518,0.880541,2.12167,0,0.874588,2.11836,0.0188912,0.919971,2.21668,0,0.954192,2.2519,0.0319839
23.08,2.66084,-1.07935,2.65596,2.61957,-1.11268,2.65494,2.77999,-1.12769,2,2.89035,-1.21316,2.05212,0.863483,2.12867,0,0.857357,2.1251,0.0191883,0.90215,2.22399,0,0.935294,2.262,0.0313784
23.0901,2.66937,-1.05808,2.65596,2.62805,-1.0914,2.65514,2.7889,-1.10546,2,2.89961,-1.19049,2.05243,0.846464,2.13549,0,0.840128,2.13172,0.0194293,0.884368,2.23112,0,0.916436,2.27186,0.03077
23.1,2.67781,-1.03652,2.65596,2.63637,-1.07005,2.65533,2.79772,-1.08293,2,2.90868,-1.16772,2.05273,0.829213,2.14225,-7.3098e-19,0.822946,2.1382,0.0196479,0.866344,2.23818,0,0.897666,2.28144,0.0301954
23.11,2.68597,-1.01518,2.65596,2.64451,-1.04863,2.65553,2.80625,-1.06064,2,2.91756,-1.14486,2.05303,0.812146,2.14878,1.46196e-18,0.805634,2.14466,0.0197567,0.848514,2.245,0,0.878807,2.29087,0.0295668
23.12,2.69401,-0.993652,2.65596,2.65248,-1.02716,2.65573,2.81465,-1.03815,2,2.92625,-1.1219,2.05332,0.794921,2.15521,0,0.788168,2.15087,0.0197872,0.830518,2.25172,0,0.859844,2.29991,0.0289195
23.1301,2.70187,-0.972095,2.65596,2.66027,-1.00562,2.65592,2.82285,-1.01563,2,2.93475,-1.09886,2.05361,0.777676,2.16149,-7.3098e-19,0.770445,2.157,0.0197242,0.8125,2.25828,0,0.840677,2.30873,0.02824
23.14,2.70957,-0.950415,2.65596,2.66789,-0.984017,2.65612,2.8309,-0.992974,2,2.94307,-1.07573,2.05389,0.760332,2.16765,-7.3098e-19,0.752601,2.16301,0.0196338,0.794379,2.26472,0,0.821441,2.31729,0.0275938
23.15,2.71711,-0.928635,2.65596,2.67533,-0.962357,2.65632,2.83878,-0.970219,2,2.95118,-1.05252,2.05416,0.742908,2.17369,7.3098e-19,0.734669,2.16896,0.0194579,0.776175,2.27102,0,0.802167,2.32563,0.0269218
23.1601,2.72446,-0.906858,2.65596,2.68258,-0.940638,2.65651,2.84646,-0.947467,2,2.95911,-1.02922,2.05443,0.725487,2.17956,7.3098e-19,0.716782,2.1748,0.0192371,0.757973,2.27716,0,0.782979,2.3337,0.0262616
23.17,2.73156,-0.885229,2.65596,2.68966,-0.918861,2.6567,2.85388,-0.924869,2,2.96684,-1.00584,2.05468,0.708183,2.18525,-7.3098e-19,0.698817,2.18052,0.0189668,0.739895,2.2831,0,0.763755,2.3415,0.0256075
23.18,2.7386,-0.863213,2.65596,2.69656,-0.897028,2.65689,2.86123,-0.901867,2,2.97438,-0.98239,2.05494,0.69057,2.19088,-7.3098e-19,0.680659,2.18614,0.0186407,0.721494,2.28898,0,0.744388,2.34904,0.0249544
23.1902,2.74557,-0.840773,2.65596,2.70327,-0.875139,2.65707,2.86851,-0.878422,2,2.98173,-0.958863,2.05518,0.672618,2.19646,-7.3098e-19,0.662238,2.1917,0.0181849,0.702738,2.29481,0,0.724806,2.35636,0.0242273
23.2001,2.75212,-0.81909,2.65596,2.7098,-0.853194,2.65725,2.87535,-0.855769,2,2.98888,-0.935264,2.05542,0.655272,2.20169,0,0.643692,2.19718,0.0176398,0.684615,2.30028,0,0.705142,2.36343,0.0234635
23.2101,2.75861,-0.796949,2.65596,2.71615,-0.831195,2.65743,2.88214,-0.832636,2,2.99583,-0.911595,2.05565,0.63756,2.20689,0,0.625201,2.2025,0.0170611,0.666109,2.30571,0,0.685569,2.37018,0.0227148
23.2201,2.76495,-0.774658,2.65596,2.72231,-0.809145,2.65759,2.88876,-0.809347,2,3.00259,-0.887861,2.05588,0.619727,2.21196,0,0.60666,2.20758,0.016422,0.647478,2.31101,0,0.665972,2.37653,0.021948
23.23,2.77084,-0.753308,2.65596,2.72828,-0.787044,2.65775,2.89492,-0.78704,2,3.00915,-0.864065,2.05609,0.602646,2.21668,-7.3098e-19,0.588162,2.21257,0.0157783,0.629632,2.31594,0,0.646445,2.38261,0.021218
23.24,2.77693,-0.730558,2.65596,2.73407,-0.764894,2.65791,2.90128,-0.763272,2,3.01552,-0.84021,2.0563,0.584446,2.22154,0,0.569583,2.21736,0.0151198,0.610617,2.32102,0,0.626872,2.38834,0.020517
23.2501,2.78275,-0.708056,2.65596,2.73967,-0.742698,2.65806,2.90736,-0.739762,2,3.02169,-0.8163,2.0565,0.566445,2.2262,0,0.550909,2.22194,0.014427,0.59181,2.32589,0,0.607239,2.39368,0.0198227
23.2601,2.78833,-0.685754,2.65596,2.74509,-0.720456,2.6582,2.91319,-0.716462,2,3.02648,-0.797134,2.05666,0.548603,2.23066,0,0.532087,2.22641,0.0136104,0.573169,2.33055,0,0.591442,2.39774,0.019199
23.27,2.79359,-0.663993,2.65596,2.75031,-0.69817,2.65833,2.91869,-0.693727,2,3.03344,-0.768326,2.05688,0.531195,2.23487,0,0.513279,2.23078,0.0127706,0.554981,2.33495,0,0.567788,2.40353,0.0182791
23.2801,2.79889,-0.641291,2.65596,2.75535,-0.675841,2.65845,2.92422,-0.670008,2,3.03902,-0.744268,2.05706,0.513033,2.23911,-7.3098e-19,0.494447,2.23499,0.0119168,0.536006,2.33938,0,0.548085,2.40797,0.0175352
23.29,2.80384,-0.619298,2.65596,2.7602,-0.653471,2.65857,2.92939,-0.647029,2,3.0444,-0.720168,2.05723,0.495438,2.24307,0,0.475603,2.23902,0.0110539,0.517623,2.34352,0,0.528387,2.41204,0.0168089
23.3002,2.80885,-0.596179,2.65596,2.76441,-0.633304,2.65866,2.93463,-0.622876,2,3.04908,-0.698444,2.05738,0.476943,2.24708,0,0.458758,2.24249,0.0103164,0.498301,2.3477,0,0.510786,2.41541,0.016215
23.3106,2.81385,-0.572095,2.65596,2.76802,-0.615352,2.65874,2.93985,-0.597713,2,3.05409,-0.674273,2.05754,0.457676,2.25108,0,0.443974,2.24544,0.00960955,0.47817,2.35188,0,0.491487,2.41877,0.0155082
23.3201,2.818,-0.551284,2.65596,2.77321,-0.588381,2.65885,2.94419,-0.57597,2,3.05891,-0.65007,2.05769,0.441027,2.2544,0,0.421892,2.2496,0.00804491,0.460776,2.35535,0,0.472307,2.42172,0.0143412
23.3303,2.82244,-0.528093,2.65596,2.77653,-0.570374,2.65891,2.94883,-0.551741,2,3.06262,-0.630687,2.0578,0.422474,2.25795,0,0.407265,2.25235,0.00655416,0.441392,2.35906,0,0.457093,2.42387,0.0130593
23.3399,2.82633,-0.506833,2.65596,2.78129,-0.543321,2.65897,2.9529,-0.529529,2,3.06797,-0.601583,2.05795,0.405466,2.26107,0,0.385551,2.25635,0.00408927,0.423623,2.36232,0,0.434554,2.42673,0.0109478
23.35,2.83033,-0.484017,2.65596,2.78505,-0.520742,2.659,2.95707,-0.505691,2,3.07223,-0.577306,2.05805,0.387214,2.26427,-3.6549e-19,0.367566,2.25956,0.00187349,0.404553,2.36566,0,0.415916,2.42875,0.00905368
23.36,2.83411,-0.461348,2.65596,2.78864,-0.49813,2.65901,2.96102,-0.482007,2,3.07549,-0.55787,2.05811,0.369079,2.26729,0,0.34941,2.26269,-1.92942e-05,0.385606,2.36882,0,0.400887,2.43019,0.0077713
23.37,2.83776,-0.43835,2.65596,2.79204,-0.475488,2.659,2.96484,-0.457979,2,3.08017,-0.528696,2.0582,0.35068,2.27021,0,0.331176,2.26565,-0.00150733,0.366383,2.37187,0,0.378252,2.43195,0.00634174
23.38,2.84118,-0.415616,2.65596,2.79526,-0.452817,2.65898,2.96841,-0.434227,2,3.08386,-0.504371,2.05826,0.332493,2.27295,0,0.312876,2.26854,-0.00267084,0.347382,2.37473,0,0.359324,2.43313,0.00551858
23.39,2.84444,-0.392719,2.65596,2.7983,-0.430118,2.65895,2.97181,-0.410305,2,3.08667,-0.484903,2.0583,0.314175,2.27555,0,0.294559,2.27131,-0.00355833,0.328244,2.37745,0,0.34418,2.43388,0.00506513
23.4001,2.8475,-0.36987,2.65596,2.80115,-0.407392,2.65891,2.97501,-0.386433,2,3.09066,-0.455692,2.05836,0.295896,2.278,3.6549e-19,0.276115,2.27391,-0.00427214,0.309146,2.38001,0,0.321333,2.43457,0.00460494
23.41,2.85035,-0.347174,2.65596,2.80382,-0.38464,2.65887,2.97799,-0.36272,2,3.09378,-0.431344,2.0584,0.277739,2.28028,0,0.257537,2.27638,-0.00484062,0.290176,2.38239,0,0.302158,2.43483,0.00438251
23.42,2.85299,-0.3248,2.65596,2.8063,-0.361864,2.65882,2.98075,-0.339344,2,3.09671,-0.406996,2.05844,0.25984,2.28239,0,0.238957,2.27877,-0.00524943,0.271475,2.3846,0,0.282993,2.43484,0.00431884
23.4305,2.8557,-0.300078,2.65596,2.8086,-0.339065,2.65876,2.98357,-0.313515,2,3.09944,-0.382648,2.05849,0.240062,2.28456,-3.6549e-19,0.220332,2.28112,-0.00556664,0.250812,2.38686,0,0.263792,2.43466,0.00434273
23.4411,2.85811,-0.276102,2.65596,2.81071,-0.316242,2.65871,2.9861,-0.288465,2,3.10198,-0.358304,2.05853,0.220881,2.28649,3.6549e-19,0.201587,2.28335,-0.00587734,0.230772,2.38888,0,0.244479,2.4342,0.00436688
23.4501,2.86001,-0.255747,2.65596,2.81226,-0.297969,2.65866,2.98808,-0.267199,2,3.10388,-0.338832,2.05857,0.204598,2.28801,0,0.186612,2.28514,-0.00612078,0.213759,2.39046,0,0.22906,2.43374,0.00438778
23.4601,2.86198,-0.232597,2.65596,2.81403,-0.275106,2.65859,2.99014,-0.243012,2,3.10607,-0.314498,2.05861,0.186077,2.28959,-1.82745e-19,0.16809,2.28729,-0.00638391,0.19441,2.39211,0,0.209996,2.43292,0.00445225
23.47,2.8637,-0.210371,2.65596,2.81562,-0.252222,2.65853,2.99194,-0.219791,2,3.10808,-0.290174,2.05866,0.168297,2.29096,0,0.14945,2.28955,-0.0066257,0.175833,2.39355,0,0.190835,2.43201,0.00453744
23.4801,2.8653,-0.187429,2.65596,2.81702,-0.229316,2.65846,2.9936,-0.195822,2,3.10989,-0.265859,2.0587,0.149944,2.29224,0,0.130698,2.29173,-0.00680209,0.156658,2.39488,0,0.171586,2.43085,0.00468758
23.49,2.86676,-0.163482,2.65596,2.81824,-0.206388,2.65839,2.99513,-0.170802,2,3.11151,-0.241557,2.05875,0.130785,2.29341,-1.82745e-19,0.1119,2.29388,-0.00690918,0.136642,2.39611,0,0.152316,2.4295,0.00490308
23.5,2.86794,-0.141369,2.65596,2.81926,-0.183439,2.65832,2.99636,-0.1477,2,3.11294,-0.21727,2.0588,0.113095,2.29435,0,0.0931235,2.29589,-0.00698664,0.11816,2.39709,0,0.133086,2.42788,0.00514015
23.5101,2.86899,-0.118074,2.65596,2.8201,-0.16047,2.65825,2.99746,-0.123361,2,3.11417,-0.193,2.05885,0.0944593,2.29519,-9.13725e-20,0.0742988,2.29779,-0.00707099,0.0986891,2.39797,0,0.11383,2.42603,0.00536355
23.52,2.86983,-0.0954461,2.65596,2.82075,-0.137484,2.65818,2.99834,-0.0997201,2,3.11521,-0.16875,2.05891,0.0763569,2.29587,-9.13725e-20,0.0555874,2.29951,-0.00711732,0.0797761,2.39867,0,0.0947096,2.42389,0.00561685
23.5301,2.87051,-0.0723003,2.65596,2.82121,-0.11448,2.65811,2.99905,-0.0755378,2,3.11606,-0.144523,2.05896,0.0578402,2.29641,0,0.0369473,2.30112,-0.00715135,0.0604303,2.39924,0,0.0756841,2.42153,0.00587411
23.54,2.87098,-0.049978,2.65596,2.82149,-0.0914614,2.65804,2.99955,-0.052216,2,3.11673,-0.12032,2.05902,0.0399824,2.29679,4.56862e-20,0.0182681,2.30266,-0.00716979,0.0417728,2.39964,0,0.056646,2.41903,0.00613972
23.55,2.8713,-0.0265718,2.65596,2.82158,-0.0684277,2.65797,2.99987,-0.0277617,2,3.1172,-0.0961436,2.05909,0.0212574,2.29704,0,-0.000412687,2.30406,-0.00715161,0.0222093,2.3999,0,0.0376422,2.4163,0.0064388
23.56,2.87142,-0.00355525,2.65596,2.82148,-0.0453808,2.6579,3,-0.00371445,2,3.11748,-0.0719951,2.05915,0.0028442,2.29713,0,-0.019082,2.30531,-0.0071239,0.00297156,2.4,0,0.0186851,2.41337,0.00674347
23.57,2.87136,0.0189938,2.65596,2.82119,-0.0223223,2.65783,2.99993,0.0198444,2,3.11757,-0.047877,2.05922,-0.0151951,2.29709,0,-0.037685,2.30638,-0.00704628,-0.0158755,2.39995,0,-0.000170401,2.41023,0.0070943
23.58,2.87111,0.0423695,2.65596,2.82072,0.000746353,2.65776,2.99967,0.0442668,2,3.11748,-0.0237911,2.0593,-0.0338956,2.29689,-4.56862e-20,-0.0562714,2.30731,-0.00694958,-0.0354134,2.39974,0,-0.0189706,2.40691,0.00746253
23.5902,2.87067,0.0656371,2.65596,2.82007,0.0238233,2.65769,2.99922,0.0685763,2,3.11719,0.000260544,2.05937,-0.0525097,2.29654,0,-0.0748386,2.30806,-0.00682999,-0.054861,2.39937,0,-0.0377117,2.4034,0.00785253
23.6,2.87006,0.0883018,2.65596,2.81923,0.0469068,2.65762,2.99858,0.0922559,2,3.11672,0.0242762,2.05945,-0.0706414,2.29605,0,-0.0933744,2.30863,-0.0066696,-0.0738047,2.39886,0,-0.0563776,2.39971,0.00828461
23.61,2.86926,0.111409,2.65596,2.8182,0.0699953,2.65755,2.99774,0.116398,2,3.11606,0.0482541,2.05954,-0.0891275,2.29541,0,-0.111927,2.30904,-0.0064905,-0.0931185,2.39819,0,-0.0750122,2.39586,0.00873969
23.6201,2.86827,0.134547,2.65596,2.81737,0.0861594,2.65751,2.9967,0.140572,2,3.11549,0.0650156,2.0596,-0.107638,2.29461,0,-0.124864,2.30929,-0.00636632,-0.112458,2.39736,0,-0.0879806,2.39314,0.00905903
23.6301,2.86711,0.157333,2.65596,2.81617,0.106944,2.65745,2.99549,0.164378,2,3.11431,0.0937051,2.05971,-0.125866,2.29368,0,-0.141476,2.30955,-0.00661591,-0.131503,2.39639,0,-0.110113,2.3884,0.00896836
23.64,2.86575,0.180419,2.65596,2.81418,0.13697,2.65736,2.99407,0.188498,2,3.11349,0.110414,2.05977,-0.144335,2.2926,-1.82745e-19,-0.165513,2.30978,-0.00738613,-0.150798,2.39526,0,-0.122993,2.38556,0.00877258
23.6501,2.86422,0.203245,2.65596,2.81298,0.153139,2.65731,2.99248,0.212346,2,3.11217,0.134249,2.05986,-0.162596,2.29137,1.82745e-19,-0.178417,2.30985,-0.00793313,-0.169877,2.39398,0,-0.141299,2.38141,0.00839273
23.6603,2.86245,0.226719,2.65596,2.8105,0.183167,2.65719,2.99063,0.236872,2,3.11066,0.158042,2.05994,-0.181376,2.28996,1.82745e-19,-0.202154,2.30982,-0.00949963,-0.189497,2.39251,0,-0.159366,2.37716,0.00760276
23.6701,2.86061,0.248884,2.65596,2.80904,0.199335,2.65712,2.98871,0.260029,2,3.10898,0.181792,2.06001,-0.199107,2.28849,0,-0.214947,2.30975,-0.0105908,-0.208023,2.39097,0,-0.177343,2.37289,0.00644297
23.6799,2.85855,0.271524,2.65596,2.80609,0.22936,2.65697,2.98656,0.283682,2,3.10652,0.212603,2.06008,-0.217219,2.28684,-3.6549e-19,-0.238519,2.30939,-0.0128088,-0.226946,2.38925,0,-0.200495,2.36719,0.00470731
23.6901,2.85625,0.294758,2.65596,2.80438,0.245525,2.65688,2.98415,0.307957,2,3.10508,0.229162,2.06011,-0.235806,2.285,-3.6549e-19,-0.251119,2.30907,-0.0140059,-0.246366,2.38732,0,-0.21283,2.36404,0.00377982
23.7001,2.85375,0.31806,2.65596,2.80178,0.268612,2.65673,2.98154,0.332303,2,3.10286,0.25278,2.06014,-0.254448,2.283,0,-0.269134,2.30836,-0.0156617,-0.265842,2.38523,0,-0.230448,2.35939,0.00250848
23.71,2.85117,0.34043,2.65596,2.799,0.291691,2.65657,2.97884,0.355674,2,3.10047,0.276349,2.06016,-0.272344,2.28093,0,-0.287156,2.30738,-0.0172023,-0.28454,2.38307,0,-0.248051,2.35458,0.00135063
23.7201,2.84833,0.363412,2.65596,2.79603,0.31476,2.65639,2.97588,0.379686,2,3.0979,0.299871,2.06017,-0.29073,2.27866,0,-0.305426,2.30626,-0.0182468,-0.303749,2.3807,0,-0.265844,2.34966,0.000709994
23.7301,2.84538,0.385812,2.65596,2.79289,0.337816,2.6562,2.9728,0.403089,2,3.09515,0.323342,2.06018,-0.30865,2.27631,0,-0.32392,2.30499,-0.0189178,-0.322471,2.37824,0,-0.283816,2.34467,0.000456932
23.7401,2.84219,0.40865,2.65596,2.78955,0.360859,2.65601,2.96946,0.426949,2,3.09222,0.346764,2.06018,-0.32692,2.27375,0,-0.342663,2.30353,-0.0192717,-0.34156,2.37557,0,-0.30201,2.33958,0.000526871
23.7501,2.83886,0.431196,2.65596,2.78603,0.383886,2.65582,2.96598,0.450505,2,3.08911,0.370134,2.06019,-0.344957,2.27109,0,-0.361444,2.30187,-0.0193189,-0.360404,2.37279,0,-0.320215,2.3344,0.000908993
23.7601,2.83532,0.453895,2.65596,2.78233,0.406896,2.65563,2.96228,0.47422,2,3.08582,0.393452,2.0602,-0.363116,2.26825,7.3098e-19,-0.380208,2.30007,-0.0191189,-0.379376,2.36983,0,-0.338383,2.32922,0.00154156
23.7702,2.83148,0.477259,2.65596,2.77843,0.429887,2.65544,2.95827,0.498631,2,3.08234,0.416718,2.06022,-0.381807,2.26518,0,-0.398897,2.29815,-0.018738,-0.398904,2.36662,0,-0.356464,2.32406,0.00235487
23.7801,2.82768,0.49927,2.65596,2.77435,0.452858,2.65525,2.9543,0.521627,2,3.07869,0.439933,2.06025,-0.399416,2.26214,0,-0.417662,2.29604,-0.0182147,-0.417301,2.36344,0,-0.374608,2.31889,0.003311
23.7901,2.82359,0.521928,2.65596,2.77008,0.475807,2.65507,2.95003,0.545299,2,3.07485,0.463095,2.06029,-0.417542,2.25887,0,-0.436455,2.29362,-0.0175949,-0.43624,2.36002,0,-0.392764,2.31358,0.0043665
23.8001,2.8193,0.544597,2.65596,2.76562,0.49873,2.6549,2.94555,0.568983,2,3.06959,0.493127,2.06035,-0.435677,2.25544,0,-0.455247,2.29099,-0.0169496,-0.455187,2.35644,0,-0.416392,2.30667,0.00576427
23.8103,2.81476,0.567606,2.65596,2.76097,0.521626,2.65473,2.9408,0.593023,2,3.06663,0.509261,2.0604,-0.454085,2.25181,0,-0.474161,2.2882,-0.0163185,-0.474418,2.35264,0,-0.429173,2.30296,0.00651144
23.82,2.81028,0.589375,2.65596,2.75465,0.551347,2.65453,2.93613,0.615767,2,3.06225,0.532264,2.06047,-0.4715,2.24823,0,-0.498786,2.2842,-0.0154768,-0.492614,2.3489,0,-0.447471,2.29763,0.00758867
23.8301,2.8055,0.611734,2.65596,2.74956,0.574173,2.65437,2.93113,0.639127,2,3.05768,0.555213,2.06055,-0.489387,2.2444,7.3098e-19,-0.517626,2.28086,-0.0151452,-0.511302,2.3449,0,-0.465722,2.2923,0.00845512
23.84,2.80048,0.634333,2.65596,2.7459,0.59013,2.65427,2.92588,0.662738,2,3.05294,0.578109,2.06064,-0.507467,2.24038,0,-0.530556,2.27822,-0.014912,-0.530191,2.3407,0,-0.483687,2.2868,0.00915597
23.8501,2.79532,0.656696,2.65596,2.7405,0.612892,2.65412,2.92049,0.686103,2,3.04801,0.600949,2.06073,-0.525357,2.23625,0,-0.548752,2.27411,-0.0149489,-0.548882,2.33639,0,-0.501361,2.28119,0.00946756
23.8601,2.79002,0.678836,2.65596,2.73492,0.63561,2.65397,2.91496,0.709234,2,3.04291,0.623732,2.06082,-0.543069,2.23202,0,-0.566813,2.26965,-0.0152346,-0.567387,2.33197,0,-0.518929,2.27547,0.00951229
23.87,2.78446,0.701327,2.65596,2.72916,0.658284,2.65382,2.90914,0.732732,2,3.03763,0.646459,2.06092,-0.561061,2.22756,0,-0.58484,2.26505,-0.0154141,-0.586185,2.32731,0,-0.53645,2.26979,0.0096673
23.88,2.77873,0.723675,2.65596,2.72443,0.676389,2.65369,2.90316,0.756081,2,3.03328,0.664598,2.061,-0.57894,2.22298,7.3098e-19,-0.599202,2.26116,-0.0153601,-0.604865,2.32253,0,-0.55041,2.26516,0.0099862
23.8902,2.77275,0.746273,2.65596,2.71773,0.701232,2.65352,2.89691,0.779691,2,3.02712,0.68948,2.06111,-0.597019,2.2182,7.3098e-19,-0.618881,2.25562,-0.0154638,-0.623753,2.31753,0,-0.569549,2.25882,0.0102375
23.9,2.76678,0.768107,2.65596,2.71145,0.723762,2.65337,2.89067,0.802502,2,3.02134,0.712039,2.06121,-0.614486,2.21342,-7.3098e-19,-0.636893,2.25034,-0.0156094,-0.642002,2.31254,0,-0.587033,2.25298,0.0104316
23.91,2.76066,0.78981,2.65596,2.70499,0.746238,2.65321,2.88428,0.825177,2,3.01659,0.730044,2.0613,-0.631848,2.20853,-7.3098e-19,-0.655002,2.24484,-0.0155447,-0.660142,2.30743,0,-0.601076,2.24825,0.0107452
23.92,2.75427,0.811832,2.65596,2.69969,0.764178,2.65309,2.8776,0.848186,2,3.01049,0.752497,2.06141,-0.649466,2.20341,-7.3098e-19,-0.669645,2.24035,-0.015408,-0.678548,2.30208,0,-0.618808,2.24238,0.0112561
23.9301,2.74752,0.834368,2.65596,2.69152,0.791022,2.6529,2.87055,0.871731,2,3.00294,0.779364,2.06155,-0.667495,2.19802,0,-0.69163,2.23347,-0.015469,-0.697385,2.29644,0,-0.64016,2.23541,0.011597
23.9401,2.74081,0.856158,2.65596,2.68593,0.808871,2.65278,2.86354,0.894496,2,2.99645,0.801689,2.06166,-0.684926,2.19265,-7.3098e-19,-0.706131,2.22883,-0.0158029,-0.715597,2.29083,0,-0.657709,2.22969,0.011497
23.95,2.73393,0.877881,2.65596,2.67878,0.83113,2.65262,2.85635,0.917192,2,2.99113,0.819509,2.06175,-0.702305,2.18714,-7.3098e-19,-0.724037,2.22299,-0.0163379,-0.733753,2.28508,0,-0.671601,2.22518,0.0113386
23.9601,2.72677,0.899887,2.65596,2.66996,0.857763,2.65242,2.84887,0.940183,2,2.98294,0.846171,2.06189,-0.719909,2.18141,7.3098e-19,-0.745461,2.21585,-0.0165727,-0.752147,2.2791,0,-0.69242,2.21849,0.0114873
23.9701,2.71936,0.922038,2.65596,2.66242,0.879891,2.65225,2.84113,0.963327,2,2.97593,0.868328,2.06201,-0.737631,2.17548,-7.3098e-19,-0.763203,2.20972,-0.0168823,-0.770661,2.2729,0,-0.709669,2.21287,0.0114908
23.98,2.71198,0.943514,2.65596,2.6547,0.901957,2.65208,2.83342,0.985764,2,2.96875,0.890428,2.06212,-0.754811,2.16958,7.3098e-19,-0.781011,2.20334,-0.0170898,-0.788611,2.26674,0,-0.727037,2.20721,0.0115662
23.9901,2.70444,0.964924,2.65596,2.6468,0.923958,2.65191,2.82554,1.00813,2,2.96139,0.912472,2.06224,-0.771939,2.16355,0,-0.798909,2.19686,-0.0170559,-0.806506,2.26043,0,-0.744543,2.20165,0.0118548
24,2.6967,0.986341,2.65596,2.63872,0.945893,2.65174,2.81745,1.03051,2,2.95386,0.934461,2.06236,-0.789073,2.15736,0,-0.816854,2.19019,-0.0167939,-0.824407,2.25396,0,-0.762138,2.19606,0.0123488
24.0099,2.68866,1.00806,2.65596,2.63046,0.967761,2.65158,2.80905,1.0532,2,2.94615,0.956393,2.06248,-0.806445,2.15093,0,-0.834905,2.18332,-0.0163821,-0.842557,2.24724,0,-0.779888,2.19044,0.0129634
24.02,2.68053,1.02947,2.65596,2.62202,0.989559,2.65142,2.80056,1.07557,2,2.93826,0.97827,2.06262,-0.823575,2.14442,-1.46196e-18,-0.852987,2.17624,-0.0158603,-0.860454,2.24045,0,-0.797727,2.18478,0.0136558
24.03,2.67213,1.05108,2.65596,2.61514,1.00695,2.65129,2.79179,1.09814,2,2.93019,1.00009,2.06276,-0.84086,2.13771,0,-0.86745,2.17045,-0.0153889,-0.878513,2.23343,0,-0.815602,2.17908,0.014395
24.04,2.6637,1.07226,2.65596,2.6046,1.03294,2.65111,2.78298,1.12028,2,2.92195,1.02185,2.0629,-0.857808,2.13096,1.46196e-18,-0.888752,2.16148,-0.0150156,-0.89622,2.22638,0,-0.833178,2.17332,0.0147446
24.05,2.65484,1.09402,2.65596,2.59744,1.05021,2.65099,2.77372,1.14301,2,2.91523,1.03922,2.06302,-0.875214,2.12387,0,-0.902747,2.15533,-0.015191,-0.914405,2.21898,0,-0.847085,2.16862,0.0146456
24.06,2.64613,1.11492,2.65596,2.58648,1.07601,2.6508,2.76462,1.16484,2,2.90494,1.0652,2.06319,-0.891934,2.1169,1.46196e-18,-0.923396,2.14588,-0.0159774,-0.931874,2.2117,0,-0.867664,2.16152,0.013939
24.07,2.63721,1.13586,2.65596,2.57716,1.09743,2.65064,2.7553,1.18673,2,2.89794,1.08247,2.0633,-0.908692,2.10977,-1.46196e-18,-0.940399,2.1379,-0.0170639,-0.949382,2.20424,0,-0.881268,2.15682,0.0130886
24.0801,2.62794,1.15715,2.65596,2.56767,1.11877,2.65046,2.74561,1.20897,2,2.88725,1.10831,2.06345,-0.925721,2.10235,-1.46196e-18,-0.95732,2.12977,-0.0177399,-0.967175,2.19649,0,-0.901614,2.14972,0.0122318
24.0902,2.61843,1.1785,2.65596,2.55801,1.14003,2.65029,2.73568,1.23127,2,2.87815,1.12978,2.06357,-0.9428,2.09475,1.46196e-18,-0.974392,2.12151,-0.0179853,-0.985018,2.18855,0,-0.918822,2.14381,0.0119465
24.1001,2.60897,1.19929,2.65596,2.54818,1.1612,2.65011,2.7258,1.253,2,2.86887,1.15119,2.06369,-0.959436,2.08718,0,-0.99164,2.11315,-0.0179395,-1.0024,2.18064,0,-0.936281,2.13793,0.0119117
24.1102,2.59924,1.22025,2.65596,2.53818,1.18229,2.64993,2.71563,1.27489,2,2.85942,1.17254,2.06381,-0.976199,2.07939,0,-1.00902,2.1047,-0.0176873,-1.01991,2.17251,0,-0.953934,2.13206,0.012048
24.1202,2.58947,1.24085,2.65596,2.528,1.20329,2.64975,2.70542,1.29641,2,2.84979,1.19383,2.06394,-0.992679,2.07157,0,-1.02647,2.09613,-0.0172529,-1.03713,2.16434,0,-0.971744,2.12618,0.0123248
24.1301,2.57941,1.26161,2.65596,2.51973,1.22003,2.64962,2.69492,1.31811,2,2.83998,1.21506,2.06406,-1.00929,2.06353,1.46196e-18,-1.04035,2.08912,-0.016789,-1.05449,2.15594,0,-0.989534,2.12019,0.0127054
24.14,2.56933,1.28202,2.65596,2.50713,1.24504,2.64942,2.68439,1.33943,2,2.83,1.23623,2.06419,-1.02561,2.05547,0,-1.06118,2.0786,-0.0162712,-1.07154,2.14751,0,-1.00742,2.11432,0.0128551
24.1501,2.55901,1.30251,2.65596,2.49643,1.26578,2.64926,2.6736,1.36084,2,2.81984,1.25735,2.06432,-1.04201,2.0472,0,-1.07842,2.0698,-0.0164056,-1.08867,2.13888,0,-1.02523,2.10845,0.0124464
24.16,2.5488,1.32237,2.65596,2.48556,1.28644,2.64909,2.66294,1.38158,2,2.8095,1.2784,2.06444,-1.05789,2.03904,0,-1.09546,2.06082,-0.016404,-1.10527,2.13035,0,-1.04293,2.1025,0.012129
24.17,2.53784,1.34329,2.65596,2.47674,1.30289,2.64896,2.65148,1.40344,2,2.8011,1.2952,2.06453,-1.07463,2.03027,1.46196e-18,-1.10906,2.05357,-0.0162317,-1.12276,2.12118,0,-1.05714,2.09773,0.0119995
24.18,2.52702,1.36354,2.65596,2.46331,1.32747,2.64877,2.64018,1.42459,2,2.78828,1.32033,2.06468,-1.09083,2.02161,0,-1.12924,2.04256,-0.0162252,-1.13968,2.11214,0,-1.07838,2.09055,0.0114849
24.1901,2.516,1.38375,2.65596,2.45422,1.34378,2.64864,2.62867,1.44572,2,2.7796,1.33704,2.06477,-1.107,2.0128,0,-1.14244,2.03514,-0.0165397,-1.15657,2.10293,0,-1.09233,2.08572,0.0108051
24.2001,2.50497,1.40363,2.65596,2.4404,1.36814,2.64843,2.61714,1.46649,2,2.76637,1.36202,2.06489,-1.12291,2.00397,0,-1.16177,2.02383,-0.0171362,-1.17319,2.09371,0,-1.11286,2.07838,0.00961468
24.2101,2.49361,1.42371,2.65596,2.4287,1.38833,2.64826,2.60527,1.48746,2,2.75515,1.38278,2.06498,-1.13897,1.99489,-1.46196e-18,-1.1778,2.01436,-0.0177077,-1.18997,2.08422,0,-1.12999,2.07227,0.0084975
24.2201,2.48216,1.44359,2.65596,2.41684,1.40842,2.64808,2.59331,1.50823,2,2.74606,1.39934,2.06504,-1.15487,1.98572,0,-1.19378,2.00482,-0.0180041,-1.20659,2.07464,0,-1.14375,2.06741,0.00774852
24.23,2.4705,1.46345,2.65596,2.40482,1.42842,2.6479,2.58112,1.52899,2,2.73221,1.4241,2.06513,-1.17076,1.9764,0,-1.20975,1.99499,-0.0179359,-1.22319,2.0649,0,-1.1645,2.05988,0.00700864
24.2403,2.45847,1.48356,2.65596,2.39264,1.44832,2.64772,2.56856,1.55,2,2.72284,1.44056,2.06519,-1.18685,1.96678,0,-1.22582,1.98493,-0.0176045,-1.24,2.05485,0,-1.17849,2.05472,0.00669071
24.25,2.4467,1.5029,2.65596,2.38279,1.46417,2.64758,2.55626,1.5702,2,2.71096,1.46107,2.06525,-1.20232,1.95736,1.46196e-18,-1.23869,1.97675,-0.017196,-1.25616,2.04501,0,-1.19609,2.04816,0.0064314
24.2602,2.43429,1.52292,2.65596,2.37032,1.48388,2.64741,2.5433,1.59111,2,2.69891,1.48152,2.06532,-1.21833,1.94743,0,-1.25474,1.96638,-0.0166284,-1.27289,2.03464,0,-1.21375,2.04149,0.00620691
24.2701,2.42232,1.54188,2.65596,2.35515,1.5074,2.64722,2.53079,1.61093,2,2.68422,1.50597,2.06539,-1.2335,1.93786,0,-1.27394,1.95363,-0.0158356,-1.28874,2.02464,0,-1.23495,2.0332,0.00602048
24.28,2.41012,1.56089,2.65596,2.34233,1.52689,2.64706,2.51804,1.63078,2,2.67178,1.52627,2.06545,-1.24871,1.9281,0,-1.28994,1.94279,-0.015419,-1.30463,2.01444,0,-1.25267,2.02605,0.00560621
24.2903,2.39651,1.58171,2.65596,2.33196,1.54239,2.64694,2.50382,1.65254,2,2.66171,1.54245,2.06549,-1.26537,1.91721,0,-1.3025,1.93405,-0.0150719,-1.32203,2.00306,0,-1.26667,2.02027,0.00525571
24.3001,2.38472,1.59942,2.65596,2.31622,1.56552,2.64676,2.49151,1.67104,2,2.64638,1.56664,2.06555,-1.27954,1.90778,-1.46196e-18,-1.3211,1.92076,-0.0146222,-1.33683,1.99321,0,-1.28758,2.01148,0.00459356
24.31,2.37183,1.61847,2.65596,2.3056,1.58085,2.64665,2.47804,1.69095,2,2.63603,1.58271,2.06558,-1.29478,1.89747,0,-1.33308,1.91182,-0.0148426,-1.35276,1.98244,0,-1.30115,2.0055,0.00361699
24.3201,2.35886,1.63732,2.65596,2.28949,1.60371,2.64647,2.46449,1.71064,2,2.62029,1.60672,2.06562,-1.30986,1.88709,0,-1.35092,1.89822,-0.0152479,-1.36851,1.97159,0,-1.32143,1.99633,0.00205399
24.33,2.34574,1.65607,2.65596,2.27591,1.62264,2.64631,2.45078,1.73022,2,2.60699,1.62665,2.06563,-1.32485,1.87659,1.46196e-18,-1.36542,1.88686,-0.0156077,-1.38418,1.96062,0,-1.33804,1.98864,0.00070758
24.3404,2.33201,1.67535,2.65596,2.26219,1.64145,2.64616,2.43643,1.75037,2,2.59353,1.64649,2.06563,-1.34028,1.86561,0,-1.37977,1.87536,-0.0155882,-1.40029,1.94915,0,-1.35459,1.98081,-0.000299101
24.35,2.31903,1.69326,2.65596,2.24832,1.66015,2.646,2.42288,1.76909,2,2.5799,1.66626,2.06563,-1.35461,1.85523,-1.46196e-18,-1.39399,1.86369,-0.0151784,-1.41527,1.9383,0,-1.37112,1.97281,-0.000957715
24.36,2.30537,1.71182,2.65596,2.23431,1.67872,2.64585,2.4086,1.78847,2,2.56611,1.68595,2.06562,-1.36945,1.8443,-1.46196e-18,-1.40821,1.85179,-0.0145182,-1.43078,1.92688,0,-1.38771,1.96457,-0.00139147
24.37,2.29174,1.73002,2.65596,2.22015,1.69718,2.64571,2.39437,1.80749,2,2.55215,1.70555,2.0656,-1.38402,1.83339,0,-1.42233,1.83968,-0.0136209,-1.44599,1.91549,0,-1.40427,1.95608,-0.00160507
24.38,2.2778,1.74834,2.65596,2.20586,1.71552,2.64558,2.3798,1.82663,2,2.53802,1.72507,2.06558,-1.39867,1.82224,0,-1.43602,1.82728,-0.012447,-1.4613,1.90384,0,-1.42045,1.94728,-0.00155443
24.39,2.26365,1.76662,2.65596,2.19143,1.73373,2.64546,2.36501,1.84573,2,2.52374,1.7445,2.06557,-1.4133,1.81092,0,-1.44953,1.81463,-0.0111404,-1.47658,1.89201,0,-1.4365,1.93817,-0.00137817
24.4,2.24944,1.78467,2.65596,2.17687,1.75181,2.64536,2.35017,1.86459,2,2.50929,1.76383,2.06556,-1.42774,1.79955,0,-1.463,1.80184,-0.00980232,-1.49167,1.88014,0,-1.45253,1.92888,-0.00116487
24.41,2.23491,1.80284,2.65596,2.16217,1.76976,2.64527,2.33499,1.88357,2,2.49469,1.78307,2.06555,-1.44227,1.78793,1.46196e-18,-1.47633,1.78892,-0.00838563,-1.50685,1.86799,0,-1.46841,1.91936,-0.000851873
24.42,2.22064,1.82038,2.65596,2.14735,1.78759,2.64519,2.32008,1.9019,2,2.47993,1.80222,2.06554,-1.4563,1.77652,0,-1.48935,1.77578,-0.00690234,-1.52152,1.85607,0,-1.48399,1.90954,-0.000447295
24.4301,2.2058,1.83834,2.65596,2.13539,1.80175,2.64514,2.30457,1.92066,2,2.468,1.81746,2.06554,-1.47067,1.76464,1.46196e-18,-1.49979,1.76518,-0.00577425,-1.53653,1.84366,0,-1.49645,1.90151,-0.000160924
24.44,2.19096,1.856,2.65596,2.1173,1.82284,2.64508,2.28907,1.93911,2,2.45296,1.83643,2.06554,-1.4848,1.75277,0,-1.51542,1.74915,-0.00445705,-1.55129,1.83126,0,-1.51196,1.89128,-4.59232e-05
24.45,2.17648,1.87296,2.65596,2.10208,1.84026,2.64504,2.27394,1.95683,2,2.43471,1.85905,2.06554,-1.49837,1.74118,0,-1.52835,1.73576,-0.00399881,-1.56547,1.81915,0,-1.53036,1.87875,-0.000516462
24.46,2.16146,1.89027,2.65596,2.08673,1.85755,2.645,2.25825,1.97492,2,2.41933,1.87778,2.06553,-1.51222,1.72917,0,-1.5411,1.72213,-0.00348399,-1.57994,1.8066,0,-1.54543,1.86792,-0.000882394
24.4699,2.14629,1.90748,2.65596,2.07126,1.8747,2.64497,2.2424,1.99289,2,2.4038,1.8964,2.06552,-1.52598,1.71703,0,-1.55378,1.70836,-0.00283474,-1.59432,1.79392,0,-1.56043,1.8568,-0.00108893
24.4799,2.13092,1.92464,2.65596,2.05566,1.89172,2.64494,2.22634,2.01083,2,2.38812,1.91492,2.06551,-1.53971,1.70473,0,-1.56647,1.69453,-0.0020835,-1.60866,1.78107,0,-1.57538,1.84545,-0.0011528
24.49,2.11537,1.94171,2.65596,2.03993,1.90859,2.64493,2.2101,2.02866,2,2.37229,1.93331,2.0655,-1.55337,1.6923,1.46196e-18,-1.57897,1.68059,-0.00121352,-1.62293,1.76808,0,-1.59008,1.83381,-0.00104855
24.5,2.09979,1.95855,2.65596,2.02408,1.92533,2.64492,2.19382,2.04625,2,2.35632,1.95159,2.06549,-1.56684,1.67984,0,-1.59162,1.66658,-0.000394522,-1.637,1.75506,0,-1.60485,1.8219,-0.000942564
24.51,2.08376,1.9756,2.65596,2.0081,1.94192,2.64492,2.17707,2.06406,2,2.3402,1.96975,2.06548,-1.58048,1.66701,0,-1.60434,1.65241,0.000390466,-1.65125,1.74166,0,-1.61961,1.80964,-0.000813019
24.5199,2.06818,1.99191,2.65596,1.99199,1.95838,2.64493,2.16079,2.0811,2,2.32393,1.98778,2.06547,-1.59352,1.65454,2.92392e-18,-1.61704,1.63818,0.00111846,-1.66488,1.72863,0,-1.63426,1.7971,-0.000680515
24.53,2.052,2.00856,2.65596,1.97576,1.97469,2.64494,2.14389,2.09851,2,2.30751,2.00569,2.06546,-1.60685,1.6416,1.46196e-18,-1.62954,1.62393,0.00186487,-1.67881,1.71511,0,-1.64861,1.78431,-0.000470551
24.54,2.03591,2.02487,2.65596,1.9594,1.99086,2.64496,2.12708,2.11555,2,2.29095,2.02347,2.06546,-1.6199,1.62873,1.46196e-18,-1.64196,1.60978,0.00257277,-1.69244,1.70166,0,-1.66278,1.77138,-0.000243856
24.55,2.01939,2.04135,2.65596,1.94292,2.00688,2.64499,2.10982,2.13276,2,2.27426,2.04112,2.06546,-1.63308,1.61552,-1.46196e-18,-1.65443,1.5957,0.00317578,-1.70621,1.68786,0,-1.67688,1.75826,-6.07071e-05
24.5601,2.0032,2.05724,2.65596,1.92631,2.02277,2.64503,2.0929,2.14936,2,2.25742,2.05863,2.06546,-1.64579,1.60256,0,-1.66699,1.58163,0.0036839,-1.71949,1.67432,0,-1.69096,1.74491,9.21357e-05
24.57,1.98699,2.0729,2.65596,1.90958,2.03852,2.64507,2.07597,2.16572,2,2.24044,2.07601,2.06546,-1.65832,1.58959,-1.46196e-18,-1.67953,1.5675,0.00418234,-1.73258,1.66077,0,-1.7049,1.73126,0.000296731
24.5799,1.97017,2.08889,2.65596,1.89272,2.05412,2.64511,2.0584,2.18243,2,2.22332,2.09326,2.06546,-1.67111,1.57614,0,-1.69193,1.55332,0.0046839,-1.74594,1.64672,0,-1.71857,1.7173,0.00056124
24.5899,1.95354,2.10445,2.65596,1.87574,2.06958,2.64516,2.04102,2.19869,2,2.20607,2.11036,2.06547,-1.68356,1.56283,2.92392e-18,-1.70428,1.53907,0.00510349,-1.75895,1.63281,0,-1.73208,1.70301,0.000795336
24.6,1.93647,2.12017,2.65596,1.85863,2.0849,2.64521,2.02319,2.21511,2,2.18868,2.12732,2.06548,-1.69614,1.54918,0,-1.71657,1.52482,0.00540185,-1.77209,1.61855,0,-1.7454,1.68846,0.000963352
24.61,1.91924,2.13578,2.65596,1.84141,2.10008,2.64527,2.00518,2.23142,2,2.17116,2.14413,2.06549,-1.70863,1.53539,0,-1.72875,1.51051,0.00564606,-1.78514,1.60414,0,-1.75847,1.6736,0.00113208
24.62,1.90201,2.15114,2.65596,1.82406,2.11511,2.64533,1.98718,2.24747,2,2.15351,2.16079,2.0655,-1.72091,1.52161,0,-1.7409,1.4961,0.00576887,-1.79797,1.58974,0,-1.77138,1.65837,0.00123057
24.63,1.88487,2.16617,2.65596,1.80659,2.13,2.64538,1.96928,2.26317,2,2.13573,2.17729,2.06552,-1.73294,1.5079,0,-1.75325,1.48178,0.00569812,-1.81054,1.57542,0,-1.78436,1.64296,0.00118624
24.64,1.86758,2.1811,2.65596,1.78899,2.14475,2.64544,1.95121,2.27877,2,2.11782,2.19365,2.06553,-1.74488,1.49406,-1.46196e-18,-1.76572,1.4675,0.00543161,-1.82302,1.56097,0,-1.79731,1.62732,0.000995056
24.6502,1.84983,2.19617,2.65596,1.77127,2.15935,2.64549,1.93266,2.29452,2,2.09979,2.20984,2.06554,-1.75694,1.47986,0,-1.7781,1.45315,0.00508306,-1.83561,1.54613,0,-1.81004,1.61134,0.000760318
24.66,1.83241,2.21073,2.65596,1.75343,2.17381,2.64554,1.91446,2.30972,2,2.08162,2.22587,2.06554,-1.76858,1.46593,1.46196e-18,-1.79045,1.43882,0.00468406,-1.84778,1.53157,0,-1.82264,1.59512,0.000502298
24.67,1.81487,2.22515,2.65596,1.73547,2.18813,2.64559,1.89614,2.32479,2,2.06333,2.24174,2.06555,-1.78012,1.4519,0,-1.80271,1.42458,0.00424786,-1.85983,1.51691,0,-1.83502,1.57872,0.000231283
24.6803,1.79616,2.24028,2.65596,1.71738,2.2023,2.64563,1.87659,2.3406,2,2.04492,2.25745,2.06555,-1.79222,1.43693,0,-1.81493,1.41036,0.0037482,-1.87248,1.50128,0,-1.84726,1.56207,-8.42789e-05
24.69,1.77905,2.25389,2.65596,1.69917,2.21633,2.64566,1.85871,2.35482,2,2.02639,2.27298,2.06554,-1.80311,1.42324,0,-1.82706,1.39615,0.00322813,-1.88386,1.48697,0,-1.85932,1.54519,-0.000410517
24.7,1.76075,2.26822,2.65596,1.68084,2.23022,2.64569,1.8396,2.36979,2,2.00774,2.28835,2.06554,-1.81457,1.4086,0,-1.83904,1.38211,0.00264102,-1.89583,1.47168,0,-1.87112,1.52825,-0.000792967
24.71,1.74287,2.28199,2.65596,1.66239,2.24398,2.64571,1.82091,2.38417,2,1.98897,2.30355,2.06553,-1.82559,1.39429,-1.46196e-18,-1.85088,1.36817,0.00204632,-1.90734,1.45673,0,-1.8827,1.51117,-0.00118043
24.72,1.72423,2.2961,2.65596,1.64382,2.25759,2.64573,1.80144,2.39892,2,1.97008,2.31857,2.06551,-1.83688,1.37938,-2.92392e-18,-1.86265,1.35414,0.00143522,-1.91914,1.44115,0,-1.89414,1.49379,-0.00159048
24.7301,1.70567,2.30992,2.65596,1.62513,2.27106,2.64574,1.78205,2.41336,2,1.95109,2.33342,2.0655,-1.84794,1.36453,1.46196e-18,-1.8744,1.34007,0.000800403,-1.93069,1.42564,0,-1.90548,1.47616,-0.00203505
24.74,1.68736,2.32333,2.65596,1.60633,2.28439,2.64575,1.76292,2.42737,2,1.93197,2.34809,2.06547,-1.85867,1.34989,0,-1.88619,1.32592,8.15445e-05,-1.9419,1.41033,0,-1.91681,1.45828,-0.00257289
24.7502,1.66815,2.33716,2.65596,1.5912,2.29495,2.64574,1.74285,2.44182,2,1.9166,2.3597,2.06545,-1.86973,1.33452,0,-1.89555,1.31458,-0.000510865,-1.95345,1.39428,0,-1.92576,1.44381,-0.00303019
24.76,1.6499,2.35008,2.65596,1.57219,2.30803,2.64574,1.72378,2.45532,2,1.89729,2.37405,2.06542,-1.88007,1.31992,0,-1.90699,1.30041,-0.00139383,-1.96426,1.37902,0,-1.93664,1.42557,-0.00376427
24.77,1.63115,2.36313,2.65596,1.55498,2.31967,2.64572,1.7042,2.46895,2,1.87982,2.3868,2.06538,-1.8905,1.30492,0,-1.91713,1.28765,-0.00232166,-1.97516,1.36336,0,-1.94622,1.40902,-0.00456391
24.7801,1.61169,2.37645,2.65596,1.53575,2.33248,2.64569,1.68386,2.48286,2,1.86421,2.39802,2.06534,-1.90116,1.28935,1.46196e-18,-1.92854,1.27344,-0.00331835,-1.98629,1.34709,0,-1.95479,1.39415,-0.00525582
24.79,1.59285,2.38912,2.65596,1.51641,2.34514,2.64565,1.66418,2.4961,2,1.84068,2.41461,2.06527,-1.91129,1.27428,-1.46196e-18,-1.94004,1.2593,-0.00425319,-1.99688,1.33134,0,-1.96763,1.37175,-0.00620336
24.7999,1.57402,2.40157,2.65596,1.49695,2.35766,2.64561,1.6445,2.50911,2,1.82095,2.42824,2.06521,-1.92125,1.25921,0,-1.95147,1.24517,-0.00516139,-2.00728,1.3156,0,-1.97818,1.35292,-0.0069709
24.81,1.55468,2.41413,2.65596,1.47738,2.37004,2.64555,1.6243,2.52223,2,1.80112,2.44167,2.06513,-1.9313,1.24375,0,-1.9627,1.23102,-0.00602398,-2.01778,1.29944,0,-1.9885,1.33394,-0.00771374
24.8201,1.53469,2.42689,2.65596,1.46165,2.37985,2.6455,1.60341,2.53556,2,1.78518,2.45228,2.06507,-1.94151,1.22775,0,-1.9716,1.2197,-0.00666625,-2.02845,1.28273,0,-1.99666,1.31866,-0.00828272
24.83,1.51466,2.43944,2.65596,1.43791,2.39438,2.64541,1.58249,2.54867,2,1.76114,2.46797,2.06496,-1.95155,1.21173,0,-1.98464,1.20281,-0.00767199,-2.03894,1.26599,0,-2.00856,1.29575,-0.00921077
24.84,1.49562,2.45115,2.65596,1.41801,2.40634,2.64533,1.5626,2.56092,2,1.74101,2.48083,2.06487,-1.96092,1.1965,0,-1.9952,1.18877,-0.00875324,-2.04873,1.25008,0,-2.01811,1.27661,-0.0102303
24.85,1.47651,2.46271,2.65596,1.398,2.41816,2.64524,1.54263,2.57299,2,1.72078,2.4935,2.06476,-1.97017,1.18121,-1.46196e-18,-2.00578,1.17474,-0.00985807,-2.05839,1.2341,0,-2.02767,1.25742,-0.0112999
24.8602,1.45657,2.47456,2.65596,1.37789,2.42983,2.64513,1.52179,2.58537,2,1.70046,2.50598,2.06464,-1.97965,1.16526,0,-2.0161,1.16073,-0.0107573,-2.0683,1.21743,0,-2.03701,1.23821,-0.0122113
24.87,1.43711,2.48591,2.65596,1.35768,2.44137,2.64502,1.50146,2.59723,2,1.68004,2.51826,2.06451,-1.98873,1.14969,-1.46196e-18,-2.02626,1.14659,-0.011529,-2.07779,1.20117,0,-2.04622,1.21887,-0.0130404
24.88,1.41671,2.4976,2.65596,1.33737,2.45277,2.6449,1.48015,2.60944,2,1.65953,2.53036,2.06438,-1.99808,1.13337,0,-2.03636,1.13258,-0.0121695,-2.08755,1.18412,0,-2.05542,1.19963,-0.013784
24.8899,1.39699,2.50868,2.65596,1.31696,2.46402,2.64478,1.45955,2.62102,2,1.63893,2.54226,2.06424,-2.00694,1.11759,1.46196e-18,-2.04627,1.11865,-0.0126482,-2.09681,1.16764,0,-2.06448,1.18051,-0.0144105
24.9001,1.37672,2.51986,2.65596,1.29644,2.47514,2.64465,1.43837,2.6327,2,1.61825,2.55397,2.06409,-2.01589,1.10138,0,-2.05597,1.10469,-0.0129851,-2.10616,1.15069,0,-2.07337,1.16138,-0.0149373
24.91,1.35679,2.53065,2.65596,1.27584,2.48612,2.64452,1.41754,2.64397,2,1.59747,2.56548,2.06394,-2.02452,1.08543,0,-2.06558,1.09061,-0.0131958,-2.11518,1.13403,0,-2.08226,1.1422,-0.0153833
24.9201,1.33607,2.54165,2.65596,1.25513,2.49695,2.64439,1.3959,2.65546,2,1.58078,2.57456,2.06382,-2.03332,1.06886,1.46196e-18,-2.07499,1.07636,-0.0133027,-2.12437,1.11672,0,-2.08927,1.12678,-0.0156929
24.93,1.31609,2.55205,2.65596,1.23434,2.50764,2.64426,1.37502,2.66633,2,1.55565,2.58794,2.06363,-2.04164,1.05287,-1.46196e-18,-2.08431,1.06211,-0.0133432,-2.13306,1.10002,0,-2.09975,1.10375,-0.0161259
24.94,1.29561,2.56251,2.65596,1.21345,2.51819,2.64412,1.35363,2.67725,2,1.53461,2.59889,2.06346,-2.05,1.03649,-1.46196e-18,-2.0936,1.04782,-0.0134168,-2.1418,1.08291,0,-2.10852,1.08466,-0.016553
24.95,1.275,2.57283,2.65596,1.19247,2.5286,2.64399,1.33209,2.68804,2,1.51348,2.60964,2.0633,-2.05826,1.02,0,-2.10266,1.03342,-0.0133758,-2.15043,1.06567,0,-2.11715,1.06557,-0.0169042
24.9602,1.25373,2.58326,2.65596,1.17139,2.53886,2.64385,1.30987,2.69894,2,1.49226,2.6202,2.06312,-2.06661,1.00298,0,-2.11175,1.01899,-0.0132972,-2.15915,1.04789,0,-2.12592,1.04659,-0.0172586
24.97,1.23399,2.59274,2.65596,1.15023,2.54898,2.64372,1.28925,2.70884,2,1.47096,2.63057,2.06295,-2.07419,0.987195,0,-2.12076,1.00455,-0.0131584,-2.16707,1.0314,0,-2.13469,1.02776,-0.0175889
24.98,1.21308,2.60259,2.65596,1.12898,2.55895,2.64359,1.2674,2.71914,2,1.44957,2.64075,2.06277,-2.08207,0.970464,0,-2.12948,0.990037,-0.0129813,-2.17531,1.01392,0,-2.14327,1.00904,-0.0179138
24.9901,1.19188,2.61237,2.65596,1.10764,2.56878,2.64346,1.24525,2.72935,2,1.42809,2.65075,2.06259,-2.0899,0.953503,0,-2.13798,0.97525,-0.0127777,-2.18348,0.9962,0,-2.15173,0.990236,-0.0182526
25.0001,1.17086,2.62186,2.65596,1.08622,2.57846,2.64334,1.22329,2.73926,2,1.40653,2.66056,2.06241,-2.09749,0.936687,0,-2.14627,0.960154,-0.0125549,-2.19141,0.978631,0,-2.16012,0.971328,-0.018612
25.01,1.15041,2.63089,2.65596,1.06903,2.58609,2.64324,1.20193,2.7487,2,1.38489,2.67018,2.06222,-2.10471,0.920332,0,-2.15275,0.947853,-0.0123498,-2.19896,0.961544,0,-2.16841,0.952332,-0.0189663
25.0201,1.12902,2.64015,2.65596,1.04313,2.59735,2.64309,1.17957,2.75837,2,1.36317,2.6796,2.06203,-2.11212,0.903213,0,-2.16229,0.929099,-0.0121795,-2.2067,0.943659,0,-2.17662,0.933313,-0.0194727
25.0299,1.10799,2.64904,2.65596,1.02147,2.60656,2.64297,1.15761,2.76766,2,1.34136,2.68884,2.06183,-2.11923,0.886395,0,-2.16977,0.913231,-0.0124872,-2.21413,0.926087,0,-2.18444,0.914322,-0.0204108
25.04,1.08664,2.65787,2.65596,0.99974,2.61562,2.64284,1.1353,2.77689,2,1.31948,2.69789,2.06162,-2.12629,0.869311,1.46196e-18,-2.17692,0.897264,-0.012694,-2.22151,0.908238,0,-2.19206,0.895463,-0.0212766
25.0501,1.06493,2.66664,2.65596,0.977936,2.62451,2.64271,1.11261,2.78605,2,1.29752,2.70675,2.0614,-2.13331,0.851941,1.46196e-18,-2.18398,0.881249,-0.0127183,-2.22884,0.890091,0,-2.1997,0.87678,-0.0219905
25.06,1.04406,2.67488,2.65596,0.95606,2.63324,2.64259,1.09081,2.79466,2,1.27548,2.71543,2.06118,-2.13991,0.835246,0,-2.19107,0.865209,-0.0126021,-2.23573,0.872647,0,-2.20745,0.858306,-0.0225756
25.0699,1.02241,2.68323,2.65596,0.934115,2.64181,2.64246,1.0682,2.80338,2,1.25337,2.72392,2.06095,-2.14658,0.817932,0,-2.19806,0.849011,-0.0123778,-2.24271,0.854558,0,-2.21518,0.839926,-0.0230604
25.08,1.0012,2.69122,2.65596,0.912099,2.65022,2.64234,1.04603,2.81173,2,1.23118,2.73223,2.06072,-2.15297,0.800957,0,-2.2051,0.832691,-0.0120601,-2.24938,0.836823,0,-2.22306,0.821685,-0.0234674
25.0899,0.979741,2.6991,2.65596,0.890013,2.65846,2.64222,1.02361,2.81997,2,1.20891,2.74035,2.06048,-2.15928,0.783793,7.3098e-19,-2.21194,0.816196,-0.0116371,-2.25597,0.818891,0,-2.23085,0.803534,-0.0237852
25.1,0.957771,2.70698,2.65596,0.867861,2.66654,2.64211,1.00066,2.82819,2,1.18656,2.7483,2.06024,-2.16558,0.766216,0,-2.21847,0.799563,-0.0111193,-2.26256,0.800527,0,-2.23843,0.785521,-0.0240222
25.11,0.936384,2.71445,2.65596,0.845644,2.67446,2.642,0.978315,2.836,2,1.16414,2.75606,2.06,-2.17156,0.749108,-7.3098e-19,-2.22491,0.782713,-0.010597,-2.2688,0.782652,0,-2.24601,0.767566,-0.0242713
25.12,0.913839,2.72212,2.65596,0.823364,2.6822,2.64189,0.95476,2.84402,2,1.14164,2.76365,2.05976,-2.1777,0.731071,-7.3098e-19,-2.23109,0.765687,-0.0100498,-2.27521,0.763808,0,-2.25344,0.749717,-0.0245063
25.13,0.892908,2.72906,2.65596,0.801023,2.68977,2.6418,0.932891,2.85127,2,1.11907,2.77106,2.05951,-2.18325,0.714326,0,-2.2371,0.74854,-0.00948396,-2.28101,0.746313,0,-2.26079,0.732033,-0.0247275
25.14,0.870777,2.7362,2.65596,0.778623,2.69717,2.64171,0.90977,2.85873,2,1.09643,2.77829,2.05926,-2.18896,0.696622,-1.46196e-18,-2.24291,0.731319,-0.00891253,-2.28698,0.727816,0,-2.26801,0.714556,-0.0249463
25.15,0.849105,2.743,2.65596,0.756164,2.70439,2.64162,0.887127,2.86583,2,1.07371,2.78535,2.05901,-2.1944,0.679284,7.3098e-19,-2.2487,0.714027,-0.00838594,-2.29267,0.709702,0,-2.27531,0.697286,-0.0252166
25.1599,0.827024,2.74974,2.65596,0.733649,2.71145,2.64154,0.864058,2.87287,2,1.05092,2.79224,2.05876,-2.19979,0.66162,0,-2.2544,0.696644,-0.00789521,-2.2983,0.691247,0,-2.2826,0.680209,-0.0255264
25.17,0.80399,2.75656,2.65596,0.711076,2.71833,2.64146,0.839992,2.88,2,1.02806,2.79895,2.0585,-2.20525,0.643192,-7.3098e-19,-2.26008,0.679226,-0.00739025,-2.304,0.671994,0,-2.28996,0.663377,-0.0258294
25.18,0.782455,2.76275,2.65596,0.688448,2.72503,2.64139,0.817493,2.88647,2,1.00512,2.8055,2.05824,-2.2102,0.625964,-7.3098e-19,-2.26547,0.661653,-0.006773,-2.30918,0.653995,0,-2.29712,0.646672,-0.0260305
25.19,0.76044,2.7689,2.65596,0.665768,2.73156,2.64133,0.794492,2.89288,2,0.982118,2.81189,2.05798,-2.21512,0.608352,7.3098e-19,-2.2706,0.643995,-0.00608772,-2.31431,0.635593,0,-2.30412,0.630157,-0.0261694
25.2,0.738684,2.77478,2.65596,0.643037,2.73791,2.64127,0.771762,2.89903,2,0.959042,2.81811,2.05772,-2.21982,0.590947,7.3098e-19,-2.27557,0.626123,-0.00541546,-2.31923,0.61741,0,-2.31103,0.61371,-0.026327
25.2101,0.716033,2.78071,2.65596,0.624817,2.74286,2.64123,0.748097,2.90523,2,0.940532,2.82296,2.05751,-2.22457,0.572827,0,-2.27944,0.611628,-0.00490837,-2.32418,0.598478,0,-2.31654,0.600557,-0.026489
25.2199,0.694335,2.78621,2.65596,0.597431,2.75007,2.64117,0.725427,2.91097,2,0.912685,2.83005,2.05719,-2.22897,0.555468,-7.3098e-19,-2.28483,0.589801,-0.00438933,-2.32878,0.580342,0,-2.32445,0.581065,-0.0269767
25.23,0.671953,2.79169,2.65596,0.574562,2.75588,2.64113,0.702043,2.9167,2,0.889409,2.83578,2.05692,-2.23335,0.537563,0,-2.28881,0.571569,-0.00439045,-2.33336,0.561635,0,-2.33059,0.565065,-0.0277978
25.24,0.649183,2.79707,2.65596,0.551655,2.7615,2.64108,0.678253,2.92232,2,0.866074,2.84136,2.05663,-2.23766,0.519346,7.3098e-19,-2.29247,0.553202,-0.00428665,-2.33786,0.542602,0,-2.3365,0.549182,-0.0285248
25.2501,0.626882,2.80215,2.65596,0.528714,2.76694,2.64104,0.654954,2.92763,2,0.84268,2.84677,2.05635,-2.24172,0.501506,7.3098e-19,-2.29586,0.534569,-0.00400551,-2.34211,0.523963,0,-2.34225,0.533272,-0.0290886
25.26,0.604291,2.80711,2.65596,0.510336,2.77116,2.64101,0.631351,2.93281,2,0.823924,2.85098,2.05611,-2.24569,0.483433,-7.3098e-19,-2.2984,0.519513,-0.00369526,-2.34625,0.505081,0,-2.34671,0.520568,-0.02945
25.27,0.58223,2.81177,2.65596,0.482734,2.77726,2.64097,0.608302,2.93768,2,0.795725,2.85712,2.05575,-2.24942,0.465784,7.3098e-19,-2.3018,0.496872,-0.00321202,-2.35014,0.486641,0,-2.35305,0.501726,-0.0299578
25.2801,0.559411,2.8164,2.65596,0.459705,2.78213,2.64094,0.584461,2.94252,2,0.772171,2.86206,2.05545,-2.25312,0.447529,-7.3098e-19,-2.30408,0.477966,-0.00308592,-2.35401,0.467569,0,-2.35778,0.486218,-0.0306211
25.2901,0.536285,2.82089,2.65596,0.441265,2.78589,2.64092,0.5603,2.94721,2,0.753293,2.8659,2.05521,-2.25672,0.429028,1.46196e-18,-2.30578,0.462753,-0.00292579,-2.35777,0.44824,0,-2.36149,0.473875,-0.0310854
25.3,0.514329,2.82498,2.65596,0.413582,2.79131,2.64088,0.53736,2.95148,2,0.724924,2.87147,2.05483,-2.25998,0.411463,0,-2.30796,0.439826,-0.00276854,-2.36119,0.429888,0,-2.36673,0.455483,-0.0318445
25.31,0.491626,2.82902,2.65596,0.390495,2.79561,2.64085,0.51364,2.9557,2,0.701236,2.87595,2.0545,-2.26322,0.3933,0,-2.30946,0.420733,-0.00307197,-2.36456,0.410912,0,-2.37074,0.440386,-0.0328545
25.3201,0.468966,2.83286,2.65596,0.367393,2.79972,2.64082,0.489966,2.95972,2,0.677508,2.88028,2.05417,-2.26629,0.375173,0,-2.31104,0.401465,-0.00331717,-2.36777,0.391973,0,-2.37486,0.425306,-0.0337786
25.33,0.446004,2.83657,2.65596,0.344274,2.80364,2.64079,0.465976,2.96359,2,0.653739,2.88446,2.05383,-2.26926,0.356803,0,-2.31271,0.382014,-0.00335846,-2.37087,0.372781,0,-2.3791,0.410209,-0.0344783
25.34,0.423481,2.84002,2.65596,0.321138,2.80736,2.64075,0.442444,2.96719,2,0.629926,2.88848,2.05348,-2.27202,0.338785,-3.6549e-19,-2.31453,0.3625,-0.00326973,-2.37376,0.353955,0,-2.38349,0.395204,-0.0350157
25.3501,0.400896,2.8433,2.65596,0.297984,2.81089,2.64072,0.418848,2.97062,2,0.606069,2.89236,2.05313,-2.27464,0.320717,3.6549e-19,-2.31621,0.342827,-0.00302318,-2.37649,0.335078,0,-2.38777,0.380176,-0.0353633
25.3603,0.376946,2.84657,2.65596,0.279449,2.81357,2.6407,0.393826,2.97404,2,0.586954,2.89535,2.05285,-2.27726,0.301557,0,-2.31744,0.326902,-0.0027183,-2.37923,0.315061,0,-2.39107,0.36805,-0.0355125
25.3704,0.354408,2.84946,2.65596,0.25163,2.81735,2.64067,0.370278,2.97706,2,0.558232,2.89966,2.05242,-2.27957,0.283526,0,-2.31899,0.302805,-0.00257365,-2.38165,0.296222,0,-2.39574,0.349758,-0.0360065
25.38,0.33277,2.85207,2.65596,0.233075,2.8197,2.64065,0.347672,2.97979,2,0.539055,2.90241,2.05213,-2.28166,0.266216,3.6549e-19,-2.31975,0.286656,-0.00284967,-2.38383,0.278137,0,-2.39853,0.33756,-0.0366558
25.39,0.309323,2.85471,2.65596,0.205233,2.823,2.64061,0.323174,2.98254,2,0.51025,2.90635,2.05168,-2.28377,0.247458,3.6549e-19,-2.32049,0.262325,-0.00331482,-2.38603,0.258539,0,-2.40228,0.319255,-0.0376191
25.4,0.286612,2.85708,2.65596,0.182026,2.82552,2.64058,0.299446,2.98502,2,0.486212,2.90947,2.0513,-2.28566,0.22929,0,-2.32092,0.242122,-0.00370937,-2.38801,0.239557,0,-2.40518,0.304121,-0.0383764
25.4101,0.263655,2.85929,2.65596,0.158816,2.82784,2.64054,0.275461,2.98733,2,0.462147,2.91243,2.05092,-2.28743,0.210924,-3.6549e-19,-2.32105,0.221811,-0.003885,-2.38986,0.220369,0,-2.40777,0.288915,-0.0388702
25.42,0.241199,2.86127,2.65596,0.135604,2.82996,2.6405,0.252,2.9894,2,0.438056,2.91525,2.05053,-2.28902,0.192959,-3.6549e-19,-2.32126,0.201434,-0.00385364,-2.39152,0.2016,0,-2.41042,0.273666,-0.0391165
25.43,0.217996,2.86313,2.65596,0.117034,2.8315,2.64047,0.227757,2.99134,2,0.418765,2.91739,2.05021,-2.29051,0.174396,-1.82745e-19,-2.32123,0.185065,-0.00367412,-2.39307,0.182206,0,-2.4123,0.261411,-0.0391197
25.44,0.195179,2.86478,2.65596,0.089181,2.83358,2.64043,0.203919,2.99306,2,0.389802,2.92041,2.04974,-2.29182,0.156143,1.82745e-19,-2.32097,0.160398,-0.0035533,-2.39445,0.163135,0,-2.41483,0.242897,-0.0391981
25.4501,0.172099,2.86626,2.65596,0.0659742,2.83508,2.64039,0.179805,2.99461,2,0.365646,2.92277,2.04935,-2.29301,0.137679,0,-2.32036,0.139955,-0.00390625,-2.39569,0.143844,0,-2.41645,0.227553,-0.0396293
25.46,0.149217,2.86754,2.65596,0.0427732,2.83637,2.64035,0.155899,2.99595,2,0.346309,2.92454,2.04903,-2.29403,0.119374,0,-2.31982,0.119406,-0.00418777,-2.39676,0.124719,0,-2.41776,0.215193,-0.0398957
25.47,0.126413,2.86864,2.65596,0.0195786,2.83746,2.64031,0.132074,2.99709,2,0.317285,2.92701,2.04855,-2.29491,0.10113,0,-2.31908,0.0986892,-0.00418664,-2.39767,0.105659,0,-2.41942,0.196366,-0.039883
25.48,0.1036,2.86955,2.65596,-0.00360874,2.83835,2.64026,0.10824,2.99805,2,0.297926,2.92853,2.04823,-2.29564,0.0828803,0,-2.31837,0.0778272,-0.00402309,-2.39844,0.0865917,0,-2.42045,0.183633,-0.0396788
25.49,0.0808123,2.87028,2.65596,-0.0267891,2.83902,2.64023,0.084431,2.99881,2,0.268871,2.93061,2.04776,-2.29623,0.0646499,0,-2.3177,0.0568233,-0.0037844,-2.39905,0.0675448,0,-2.42193,0.164272,-0.0391909
25.5002,0.0572961,2.87085,2.65596,-0.0453286,2.83941,2.6402,0.0598617,2.9994,2,0.249492,2.93188,2.04745,-2.29668,0.0458369,4.56862e-20,-2.31719,0.0400224,-0.00357384,-2.39952,0.0478894,0,-2.42288,0.151257,-0.0387869
25.5102,0.0335449,2.87122,2.65596,-0.0731302,2.83974,2.64015,0.035047,2.9998,2,0.22041,2.93357,2.04699,-2.29698,0.0268359,0,-2.31631,0.0147143,-0.00350888,-2.39984,0.0280376,0,-2.42403,0.131448,-0.0383491
25.5201,0.0113506,2.8714,2.65596,-0.0962881,2.83978,2.64012,0.0118589,2.99998,2,0.196167,2.9348,2.0466,-2.29712,0.0090805,-1.14216e-20,-2.31516,-0.00649184,-0.00383667,-2.39998,0.00948712,0,-2.42441,0.114651,-0.0382732
25.5301,-0.0113746,2.8714,2.65596,-0.119433,2.83961,2.64008,-0.0118839,2.99998,2,0.171922,2.93587,2.04622,-2.29712,-0.00909967,-1.14216e-20,-2.31388,-0.0275293,-0.00416044,-2.39998,-0.00950715,0,-2.42455,0.0978403,-0.038136
25.54,-0.0346643,2.87121,2.65596,-0.142566,2.83923,2.64004,-0.0362165,2.99978,2,0.147676,2.93676,2.04584,-2.29697,-0.0277314,0,-2.31276,-0.0484087,-0.0043741,-2.39983,-0.0289732,0,-2.42475,0.0809734,-0.0378393
25.55,-0.0590454,2.87081,2.65596,-0.158753,2.83884,2.64,-0.0616894,2.99937,2,0.130702,2.93729,2.04558,-2.29665,-0.0472363,4.56862e-20,-2.31206,-0.0629096,-0.00448266,-2.39949,-0.0493515,0,-2.42489,0.0691493,-0.0375545
25.5599,-0.0800418,2.8703,2.65596,-0.177246,2.83827,2.63997,-0.083626,2.99883,2,0.111303,2.93778,2.04528,-2.29624,-0.0640335,9.13725e-20,-2.31112,-0.0792921,-0.00479349,-2.39907,-0.0669008,0,-2.42484,0.0556793,-0.0373826
25.5702,-0.103885,2.86954,2.65596,-0.19573,2.83757,2.63993,-0.108537,2.99804,2,0.0846325,2.9383,2.04487,-2.29563,-0.0831079,0,-2.30997,-0.0954932,-0.00528582,-2.39843,-0.0868294,0,-2.42427,0.037217,-0.0372745
25.5801,-0.126351,2.86864,2.65596,-0.218823,2.83651,2.63987,-0.132009,2.99709,2,0.0603934,2.93858,2.0445,-2.29491,-0.101081,1.82745e-19,-2.30848,-0.115605,-0.00581487,-2.39768,-0.105607,0,-2.42351,0.0203936,-0.0370326
25.5902,-0.149802,2.86751,2.65596,-0.241901,2.83526,2.63981,-0.15651,2.99591,2,0.0434308,2.93868,2.04424,-2.29401,-0.119842,0,-2.30714,-0.135623,-0.00631472,-2.39673,-0.125208,0,-2.42293,0.00856499,-0.0367476
25.6001,-0.172091,2.86626,2.65596,-0.271882,2.83333,2.63973,-0.179798,2.99461,2,0.0192067,2.93869,2.04387,-2.29301,-0.137673,1.82745e-19,-2.30534,-0.161732,-0.00670634,-2.39569,-0.143838,0,-2.42182,-0.00855077,-0.0360925
25.61,-0.194937,2.86479,2.65596,-0.288016,2.83214,2.63968,-0.203666,2.99308,2,-0.00500454,2.93851,2.04352,-2.29184,-0.15595,1.82745e-19,-2.30427,-0.175787,-0.006917,-2.39446,-0.162933,0,-2.42036,-0.025876,-0.0352823
25.6201,-0.218234,2.86311,2.65596,-0.31105,2.83029,2.63961,-0.228007,2.99132,2,-0.0291994,2.93817,2.04317,-2.29049,-0.174587,-1.82745e-19,-2.30248,-0.195739,-0.0075921,-2.39306,-0.182405,0,-2.41845,-0.0433209,-0.0348245
25.6304,-0.242591,2.86115,2.65596,-0.334065,2.82823,2.63953,-0.253454,2.98927,2,-0.0533724,2.93765,2.04282,-2.28892,-0.194073,-1.82745e-19,-2.30046,-0.215561,-0.00837843,-2.39142,-0.202763,0,-2.41614,-0.0608791,-0.0344302
25.6401,-0.263969,2.85926,2.65596,-0.35706,2.82598,2.63944,-0.27579,2.9873,2,-0.0775222,2.93695,2.04248,-2.28741,-0.211175,0,-2.29868,-0.235263,-0.00894616,-2.38984,-0.220632,0,-2.41386,-0.0785361,-0.0337419
25.65,-0.286827,2.85706,2.65596,-0.38004,2.82353,2.63935,-0.299671,2.985,2,-0.10165,2.93608,2.04215,-2.28565,-0.229462,0,-2.29721,-0.25483,-0.00947802,-2.388,-0.239737,0,-2.41165,-0.0963013,-0.0329495
25.66,-0.309733,2.85467,2.65596,-0.403005,2.82088,2.63925,-0.323603,2.9825,2,-0.125755,2.93502,2.04182,-2.28373,-0.247787,0,-2.29587,-0.274395,-0.00998795,-2.386,-0.258882,0,-2.4094,-0.114324,-0.0320902
25.67,-0.332667,2.85208,2.65596,-0.425957,2.81804,2.63915,-0.347564,2.9798,2,-0.149837,2.93379,2.0415,-2.28167,-0.266134,3.6549e-19,-2.29457,-0.293889,-0.0103891,-2.38384,-0.278051,0,-2.40703,-0.132549,-0.031099
25.6801,-0.355274,2.84936,2.65596,-0.448896,2.815,2.63904,-0.371183,2.97695,2,-0.173895,2.93237,2.0412,-2.27948,-0.28422,3.6549e-19,-2.29324,-0.31333,-0.0106519,-2.38156,-0.296947,0,-2.40448,-0.151003,-0.0299563
25.6901,-0.377979,2.84643,2.65596,-0.471822,2.81177,2.63894,-0.394905,2.97389,2,-0.197927,2.93077,2.0409,-2.27715,-0.302383,0,-2.29213,-0.332793,-0.0109578,-2.37912,-0.315924,0,-2.40203,-0.169767,-0.0288522
25.7003,-0.401345,2.84323,2.65596,-0.494738,2.80835,2.63882,-0.419317,2.97055,2,-0.221935,2.92897,2.04062,-2.27459,-0.321076,0,-2.29095,-0.352263,-0.0112526,-2.37644,-0.335454,0,-2.39938,-0.18883,-0.0277444
25.71,-0.423292,2.84005,2.65596,-0.517641,2.80473,2.63871,-0.442247,2.96722,2,-0.245915,2.92699,2.04035,-2.27204,-0.338634,3.6549e-19,-2.28971,-0.371666,-0.0115325,-2.37378,-0.353798,0,-2.39656,-0.208129,-0.0266434
25.72,-0.445779,2.83661,2.65596,-0.540532,2.80091,2.63859,-0.46574,2.96363,2,-0.269865,2.92481,2.04009,-2.26928,-0.356623,-3.6549e-19,-2.28837,-0.390887,-0.0118281,-2.3709,-0.372592,0,-2.39357,-0.227559,-0.0255924
25.73,-0.468864,2.83288,2.65596,-0.563408,2.79691,2.63847,-0.489859,2.95974,2,-0.293785,2.92244,2.03984,-2.2663,-0.375091,3.6549e-19,-2.2868,-0.409924,-0.0121012,-2.36779,-0.391888,0,-2.39027,-0.247122,-0.0245648
25.74,-0.491006,2.82913,2.65596,-0.586267,2.79271,2.63835,-0.512993,2.95581,2,-0.31767,2.91987,2.0396,-2.2633,-0.392805,7.3098e-19,-2.28507,-0.428832,-0.0124297,-2.36465,-0.410395,0,-2.38676,-0.266874,-0.023651
25.7502,-0.514152,2.82501,2.65596,-0.615959,2.78698,2.63819,-0.537176,2.95152,2,-0.34152,2.9171,2.03937,-2.26001,-0.411322,-7.3098e-19,-2.28281,-0.453149,-0.0128985,-2.36121,-0.42974,0,-2.38317,-0.286751,-0.0228229
25.7602,-0.537281,2.82071,2.65596,-0.631934,2.78376,2.6381,-0.56134,2.94702,2,-0.365334,2.91413,2.03914,-2.25656,-0.429825,0,-2.28163,-0.46603,-0.0133514,-2.35761,-0.449072,0,-2.37962,-0.306681,-0.0222817
25.77,-0.559105,2.81646,2.65596,-0.654741,2.77901,2.63796,-0.584141,2.94258,2,-0.389111,2.91097,2.03892,-2.25317,-0.447284,0,-2.27961,-0.484166,-0.0144235,-2.35406,-0.467313,0,-2.37576,-0.326592,-0.0223478
25.7801,-0.581694,2.81188,2.65596,-0.677526,2.77408,2.63781,-0.607742,2.9378,2,-0.412848,2.9076,2.03869,-2.24951,-0.465356,0,-2.27732,-0.502074,-0.0157278,-2.35024,-0.486194,0,-2.37165,-0.346572,-0.0227493
25.7901,-0.604245,2.80712,2.65596,-0.707112,2.7674,2.63759,-0.631303,2.93282,2,-0.436545,2.90403,2.03846,-2.2457,-0.483396,7.3098e-19,-2.27447,-0.525063,-0.0171617,-2.34626,-0.505042,0,-2.36763,-0.366642,-0.0230583
25.8001,-0.626661,2.8022,2.65596,-0.723028,2.76369,2.63747,-0.654722,2.92769,2,-0.460201,2.90027,2.03823,-2.24176,-0.501328,0,-2.27297,-0.53722,-0.0179489,-2.34215,-0.523778,0,-2.36367,-0.38667,-0.023418
25.81,-0.649109,2.79709,2.65596,-0.745748,2.75823,2.63728,-0.678176,2.92234,2,-0.483819,2.8963,2.03799,-2.23767,-0.519287,7.3098e-19,-2.27091,-0.554325,-0.0193567,-2.33787,-0.542541,0,-2.35988,-0.406664,-0.0242225
25.82,-0.671483,2.7918,2.65596,-0.768445,2.7526,2.63708,-0.701552,2.91682,2,-0.507398,2.89213,2.03775,-2.23344,-0.537187,7.3098e-19,-2.26861,-0.571309,-0.0208229,-2.33345,-0.561242,0,-2.35593,-0.426791,-0.0252128
25.8301,-0.694508,2.78616,2.65596,-0.79112,2.7468,2.63687,-0.725608,2.91093,2,-0.530938,2.88777,2.03749,-2.22893,-0.555606,0,-2.26637,-0.588257,-0.022023,-2.32874,-0.580486,0,-2.35211,-0.447102,-0.0260428
25.8401,-0.715792,2.78077,2.65596,-0.813772,2.74084,2.63664,-0.747845,2.90529,2,-0.55444,2.88319,2.03723,-2.22462,-0.572633,0,-2.26393,-0.605207,-0.0229556,-2.32423,-0.598276,0,-2.34815,-0.467639,-0.0267227
25.8501,-0.738511,2.77482,2.65596,-0.836399,2.7347,2.63641,-0.771581,2.89908,2,-0.577902,2.87841,2.03696,-2.21986,-0.590809,0,-2.26143,-0.622153,-0.0236747,-2.31926,-0.617265,0,-2.34423,-0.488388,-0.0273137
25.86,-0.759989,2.76902,2.65596,-0.865775,2.72647,2.6361,-0.794021,2.89301,2,-0.601324,2.87342,2.03668,-2.21522,-0.607991,0,-2.25792,-0.644236,-0.024408,-2.31441,-0.635217,0,-2.34025,-0.509372,-0.0278869
25.8702,-0.782719,2.76268,2.65596,-0.881573,2.72192,2.63592,-0.817768,2.88639,2,-0.624707,2.86822,2.0364,-2.21014,-0.626175,0,-2.25592,-0.656178,-0.0249523,-2.30911,-0.654215,0,-2.33625,-0.530604,-0.0287231
25.8801,-0.804545,2.7564,2.65596,-0.904118,2.71527,2.63567,-0.840572,2.87983,2,-0.64805,2.86281,2.0361,-2.20512,-0.643636,0,-2.25293,-0.67309,-0.0260331,-2.30387,-0.672457,0,-2.33226,-0.5519,-0.0300926
25.8902,-0.826708,2.74984,2.65596,-0.933376,2.70638,2.63532,-0.863727,2.87297,2,-0.678332,2.85546,2.0357,-2.19987,-0.661366,-7.3098e-19,-2.24825,-0.694785,-0.02738,-2.29838,-0.690982,0,-2.32655,-0.579559,-0.0320379
25.9001,-0.848474,2.7432,2.65596,-0.949105,2.70147,2.63513,-0.886468,2.86604,2,-0.694607,2.85135,2.03547,-2.19456,-0.678779,0,-2.24549,-0.706364,-0.0280662,-2.29283,-0.709175,0,-2.32334,-0.594453,-0.0331357
25.91,-0.870502,2.73629,2.65596,-0.971538,2.69433,2.63484,-0.909482,2.85882,2,-0.717817,2.8453,2.03513,-2.18903,-0.696401,0,-2.24115,-0.722813,-0.0291466,-2.28705,-0.727586,0,-2.31854,-0.615788,-0.0349424
25.92,-0.89215,2.72931,2.65596,-1.00063,2.68479,2.63446,-0.9321,2.85152,2,-0.740978,2.83903,2.03477,-2.18345,-0.71372,0,-2.2351,-0.744044,-0.0302343,-2.28122,-0.74568,0,-2.31364,-0.637172,-0.0367305
25.9301,-0.913976,2.72208,2.65596,-1.01627,2.67954,2.63424,-0.954903,2.84397,2,-0.764089,2.83255,2.0344,-2.17766,-0.73118,-7.3098e-19,-2.23167,-0.755396,-0.0307969,-2.27518,-0.763922,0,-2.30869,-0.65854,-0.0384722
25.94,-0.935845,2.71464,2.65596,-1.03856,2.67191,2.63393,-0.977752,2.83619,2,-0.78715,2.82586,2.034,-2.17171,-0.748676,0,-2.2262,-0.771501,-0.0315624,-2.26896,-0.782201,0,-2.30333,-0.679905,-0.0403823
25.9502,-0.957918,2.70692,2.65596,-1.06079,2.66412,2.63361,-1.00081,2.82814,2,-0.810155,2.81895,2.03359,-2.16554,-0.766334,-7.3098e-19,-2.22019,-0.787498,-0.0320943,-2.26251,-0.80065,0,-2.29766,-0.701274,-0.0422023
25.96,-0.979182,2.69931,2.65596,-1.08296,2.65616,2.63329,-1.02303,2.82018,2,-0.833103,2.81183,2.03316,-2.15944,-0.783345,7.3098e-19,-2.21404,-0.803556,-0.0322113,-2.25614,-0.818423,0,-2.29201,-0.722769,-0.0437167
25.97,-1.00074,2.69139,2.65596,-1.10507,2.64804,2.63297,-1.04555,2.81191,2,-0.855995,2.8045,2.03272,-2.15311,-0.800588,0,-2.20764,-0.81962,-0.0319571,-2.24953,-0.836438,0,-2.28628,-0.744327,-0.0449607
25.9802,-1.02255,2.68318,2.65596,-1.12711,2.63977,2.63265,-1.06834,2.80333,2,-0.885667,2.79464,2.03212,-2.14654,-0.818041,7.3098e-19,-2.20091,-0.835779,-0.0313429,-2.24266,-0.854672,0,-2.2786,-0.772534,-0.046202
25.9902,-1.04442,2.67474,2.65596,-1.14909,2.63133,2.63234,-1.09119,2.79451,2,-0.901603,2.78918,2.0318,-2.13979,-0.83554,-1.46196e-18,-2.19402,-0.851946,-0.0304722,-2.23561,-0.872955,0,-2.27449,-0.787785,-0.046772
26.0001,-1.06513,2.66656,2.65596,-1.17099,2.62273,2.63204,-1.11283,2.78597,2,-0.924318,2.78119,2.03133,-2.13325,-0.852108,0,-2.18697,-0.868211,-0.0294186,-2.22877,-0.890265,0,-2.26862,-0.809661,-0.0475019
26.0101,-1.08646,2.65794,2.65596,-1.19283,2.61396,2.63176,-1.13511,2.77696,2,-0.946974,2.77298,2.03085,-2.12635,-0.869166,-1.46196e-18,-2.17961,-0.884598,-0.028125,-2.22157,-0.908086,0,-2.26259,-0.831667,-0.0480686
26.0201,-1.10766,2.64918,2.65596,-1.21459,2.60504,2.63148,-1.15726,2.76781,2,-0.96957,2.76456,2.03037,-2.11934,-0.886127,-1.46196e-18,-2.17214,-0.901061,-0.0267199,-2.21425,-0.925807,0,-2.25661,-0.853751,-0.0485974
26.03,-1.12853,2.64036,2.65596,-1.23627,2.59594,2.63122,-1.17906,2.75859,2,-0.992107,2.75591,2.02988,-2.11228,-0.902822,0,-2.16463,-0.917528,-0.0252766,-2.20687,-0.94325,0,-2.25075,-0.875843,-0.0491569
26.0401,-1.15014,2.63101,2.65596,-1.25356,2.58855,2.63102,-1.20164,2.74883,2,-1.01009,2.74883,2.02948,-2.10481,-0.92011,0,-2.15839,-0.930643,-0.0240134,-2.19906,-0.961312,0,-2.24594,-0.893453,-0.049539
26.05,-1.17064,2.62195,2.65596,-1.2794,2.57727,2.63075,-1.22306,2.73936,2,-1.037,2.73795,2.02888,-2.09756,-0.936514,1.46196e-18,-2.14861,-0.950165,-0.0225017,-2.19149,-0.97845,0,-2.23846,-0.919672,-0.0505511
26.06,-1.19165,2.61247,2.65596,-1.30085,2.56768,2.63053,-1.24501,2.72946,2,-1.05935,2.72865,2.02837,-2.08998,-0.95332,-1.46196e-18,-2.1398,-0.966394,-0.0217214,-2.18357,-0.996009,0,-2.23172,-0.941371,-0.051897
26.07,-1.21266,2.60279,2.65596,-1.3222,2.55794,2.63031,-1.26696,2.71934,2,-1.08164,2.71913,2.02785,-2.08223,-0.970124,0,-2.13067,-0.982583,-0.0208556,-2.17547,-1.01357,0,-2.22481,-0.962996,-0.0532022
26.08,-1.23282,2.5933,2.65596,-1.34134,2.54903,2.63013,-1.28803,2.70943,2,-1.10163,2.71037,2.02736,-2.07464,-0.986258,-1.46196e-18,-2.12219,-0.997096,-0.0198627,-2.16754,-1.03042,0,-2.21843,-0.98241,-0.0542025
26.09,-1.25375,2.58324,2.65596,-1.36251,2.53898,2.62994,-1.3099,2.69892,2,-1.12378,2.70044,2.02681,-2.0666,-1.003,1.46196e-18,-2.11267,-1.01318,-0.0186338,-2.15914,-1.04792,0,-2.21133,-1.00391,-0.0552076
26.1,-1.27442,2.57311,2.65596,-1.38359,2.52876,2.62976,-1.33149,2.68834,2,-1.14586,2.69029,2.02626,-2.05849,-1.01953,0,-2.10297,-1.02922,-0.0173603,-2.15067,-1.06519,0,-2.20414,-1.0253,-0.0561649
26.11,-1.29504,2.56279,2.65596,-1.40457,2.51839,2.62959,-1.35303,2.67756,2,-1.16786,2.67993,2.02569,-2.05024,-1.03603,-1.46196e-18,-2.09321,-1.04532,-0.0160299,-2.14204,-1.08243,0,-2.19694,-1.04669,-0.057055
26.1201,-1.31578,2.55221,2.65596,-1.42545,2.50786,2.62944,-1.3747,2.6665,2,-1.18979,2.66936,2.02512,-2.04177,-1.05262,0,-2.08318,-1.06132,-0.0144821,-2.1332,-1.09976,0,-2.18952,-1.0679,-0.0577123
26.13,-1.3361,2.54163,2.65596,-1.44623,2.49717,2.6293,-1.39593,2.65544,2,-1.21165,2.65858,2.02454,-2.0333,-1.06888,0,-2.07291,-1.07731,-0.0127884,-2.12435,-1.11674,0,-2.1819,-1.08905,-0.0582002
26.14,-1.35638,2.53086,2.65596,-1.46691,2.48631,2.62918,-1.41712,2.64419,2,-1.23343,2.64758,2.02395,-2.02469,-1.08511,0,-2.06233,-1.09318,-0.0109736,-2.11536,-1.1337,0,-2.174,-1.10999,-0.0585326
26.15,-1.37614,2.52018,2.65596,-1.48748,2.4753,2.62908,-1.43776,2.63303,2,-1.25513,2.63638,2.02337,-2.01614,-1.10091,0,-2.05136,-1.10892,-0.00940498,-2.10642,-1.15021,0,-2.1657,-1.1307,-0.0590557
26.1602,-1.39669,2.50885,2.65596,-1.50794,2.46414,2.62899,-1.45923,2.62119,2,-1.27674,2.62497,2.02277,-2.00708,-1.11735,0,-2.04011,-1.12455,-0.00796349,-2.09695,-1.16739,0,-2.15709,-1.15117,-0.059638
26.1701,-1.41689,2.49749,2.65596,-1.52828,2.45281,2.62892,-1.48033,2.60933,2,-1.29827,2.61335,2.02217,-1.998,-1.13351,0,-2.02887,-1.14019,-0.00648362,-2.08747,-1.18427,0,-2.14845,-1.17155,-0.0601117
26.18,-1.43636,2.48634,2.65596,-1.54851,2.44133,2.62886,-1.50068,2.59768,2,-1.31543,2.60392,2.02169,-1.98908,-1.14909,-1.46196e-18,-2.01764,-1.15595,-0.0049514,-2.07815,-1.20055,0,-2.14152,-1.18784,-0.0603984
26.19,-1.45659,2.47455,2.65596,-1.56863,2.42969,2.62882,-1.52182,2.58536,2,-1.34107,2.58952,2.02096,-1.97964,-1.16528,-1.46196e-18,-2.00597,-1.17169,-0.00412594,-2.06828,-1.21746,0,-2.13056,-1.21214,-0.0614069
26.2,-1.47585,2.46311,2.65596,-1.58863,2.4179,2.62878,-1.54194,2.57341,2,-1.36232,2.57729,2.02034,-1.97049,-1.18068,-1.46196e-18,-1.99414,-1.1873,-0.00353146,-2.05873,-1.23355,0,-2.1211,-1.23208,-0.0624885
26.21,-1.49603,2.45091,2.65596,-1.60851,2.40595,2.62875,-1.56302,2.56066,2,-1.38349,2.56487,2.01971,-1.96073,-1.19682,-1.46196e-18,-1.98195,-1.20281,-0.00302404,-2.04853,-1.25042,0,-2.11118,-1.25181,-0.0635586
26.22,-1.5152,2.4391,2.65596,-1.62827,2.39384,2.62872,-1.58305,2.54833,2,-1.40455,2.55226,2.01907,-1.95128,-1.21216,1.46196e-18,-1.96951,-1.21821,-0.00232893,-2.03866,-1.26644,0,-2.1009,-1.2713,-0.064341
26.2301,-1.53518,2.42658,2.65596,-1.6479,2.38158,2.6287,-1.60392,2.53524,2,-1.4255,2.53945,2.01843,-1.94126,-1.22814,1.46196e-18,-1.95713,-1.23352,-0.00145755,-2.02819,-1.28314,0,-2.09056,-1.29058,-0.0648427
26.24,-1.55409,2.41451,2.65596,-1.66157,2.37291,2.62869,-1.62369,2.52263,2,-1.44011,2.53037,2.01797,-1.9316,-1.24328,1.46196e-18,-1.9485,-1.24417,-0.00088362,-2.0181,-1.29895,0,-2.08327,-1.30393,-0.065162
26.2499,-1.57339,2.40198,2.65596,-1.68293,2.35913,2.62869,-1.64385,2.50953,2,-1.46296,2.51591,2.01725,-1.92158,-1.25871,0,-1.93489,-1.26088,-0.000632358,-2.00763,-1.31508,0,-2.07159,-1.32471,-0.0661789
26.26,-1.59274,2.38919,2.65596,-1.70222,2.34645,2.62868,-1.66406,2.49618,2,-1.48362,2.50257,2.01658,-1.91135,-1.27419,0,-1.9223,-1.27605,-0.00118234,-1.99694,-1.33125,0,-2.06053,-1.3433,-0.0677
26.2699,-1.6115,2.37657,2.65596,-1.72138,2.33361,2.62866,-1.68367,2.483,2,-1.50418,2.48904,2.0159,-1.90126,-1.2892,-1.46196e-18,-1.91004,-1.29132,-0.0012898,-1.9864,-1.34693,0,-2.0496,-1.36183,-0.068644
26.2801,-1.63063,2.36349,2.65596,-1.74042,2.32062,2.62866,-1.70365,2.46933,2,-1.52462,2.47533,2.01521,-1.89079,-1.3045,0,-1.89823,-1.30681,-0.000397435,-1.97546,-1.36292,0,-2.03896,-1.38042,-0.0684709
26.2901,-1.65064,2.34956,2.65596,-1.75934,2.30748,2.62865,-1.72455,2.45477,2,-1.54495,2.46144,2.01453,-1.87965,-1.32051,-1.46196e-18,-1.8861,-1.32211,-7.35323e-05,-1.96382,-1.37964,0,-2.0278,-1.39863,-0.0687237
26.2999,-1.6681,2.3372,2.65596,-1.77814,2.29418,2.62865,-1.74279,2.44186,2,-1.56517,2.44736,2.01383,-1.86976,-1.33448,1.46196e-18,-1.87364,-1.33716,-0.00139364,-1.95349,-1.39424,0,-2.0161,-1.41637,-0.0704741
26.3101,-1.68716,2.32348,2.65596,-1.79309,2.28343,2.62863,-1.76271,2.42752,2,-1.58126,2.43598,2.01326,-1.85878,-1.34973,0,-1.86367,-1.34914,-0.00290032,-1.94202,-1.41017,0,-2.00659,-1.43035,-0.0722267
26.32,-1.7055,2.31005,2.65596,-1.81536,2.26714,2.62857,-1.78187,2.41349,2,-1.60525,2.41869,2.01237,-1.84804,-1.3644,1.46196e-18,-1.84853,-1.36689,-0.00672177,-1.93079,-1.4255,0,-1.9919,-1.45083,-0.0762508
26.33,-1.7237,2.2965,2.65596,-1.83379,2.2534,2.62849,-1.80088,2.39934,2,-1.62511,2.4041,2.01159,-1.8372,-1.37896,-1.46196e-18,-1.83614,-1.3817,-0.00991294,-1.91947,-1.44071,0,-1.97967,-1.46771,-0.079476
26.34,-1.74238,2.28236,2.65596,-1.85208,2.23951,2.62835,-1.8204,2.38457,2,-1.64484,2.38934,2.01076,-1.82589,-1.3939,-1.46196e-18,-1.82235,-1.39548,-0.0176881,-1.90765,-1.45632,0,-1.96585,-1.48331,-0.087149
26.35,-1.76005,2.26876,2.65596,-1.87024,2.22548,2.62814,-1.83886,2.37035,2,-1.66443,2.37443,2.00986,-1.81501,-1.40804,0,-1.8091,-1.40956,-0.0236487,-1.89628,-1.47109,0,-1.95244,-1.49912,-0.0929371
26.36,-1.7782,2.25456,2.65596,-1.88827,2.21131,2.6279,-1.85783,2.35552,2,-1.68389,2.35935,2.00892,-1.80365,-1.42256,0,-1.79773,-1.42482,-0.0239094,-1.88442,-1.48626,0,-1.94077,-1.51612,-0.0929762
26.37,-1.79651,2.24,2.65596,-1.90619,2.19699,2.62767,-1.87696,2.34031,2,-1.70325,2.3441,2.008,-1.792,-1.43721,-1.46196e-18,-1.78689,-1.44031,-0.0227367,-1.87224,-1.50157,0,-1.92952,-1.53327,-0.0915179
26.38,-1.81467,2.22532,2.65596,-1.91867,2.18687,2.62749,-1.89593,2.32497,2,-1.71672,2.33334,2.00734,-1.78025,-1.45173,0,-1.77692,-1.44956,-0.0289355,-1.85997,-1.51674,0,-1.91922,-1.54349,-0.0974594
26.3901,-1.83198,2.21108,2.65596,-1.9346,2.17378,2.62718,-1.91402,2.31009,2,-1.73393,2.31939,2.00642,-1.76887,-1.46559,-1.46196e-18,-1.76335,-1.46095,-0.0391872,-1.84807,-1.53122,0,-1.90514,-1.55601,-0.107319
26.4,-1.84957,2.19639,2.65596,-1.95743,2.15465,2.62669,-1.9324,2.29474,2,-1.7586,2.29902,2.00504,-1.75711,-1.47966,-1.46196e-18,-1.75152,-1.48237,-0.0305788,-1.83579,-1.54592,0,-1.89207,-1.57915,-0.0980108
26.4101,-1.86729,2.18135,2.65596,-1.97494,2.13972,2.62653,-1.95091,2.27902,2,-1.77183,2.28791,2.00443,-1.74508,-1.49383,0,-1.75027,-1.50395,-0.000215822,-1.82322,-1.56073,0,-1.8899,-1.59508,-0.0771552
26.4203,-1.88544,2.16568,2.65596,-1.98718,2.12915,2.62658,-1.96987,2.26265,2,-1.79637,2.26699,2.00365,-1.73254,-1.50835,-1.46196e-18,-1.74706,-1.51747,0.0140092,-1.81012,-1.5759,0,-1.88223,-1.62178,-0.0490691
26.4302,-1.90256,2.15066,2.65596,-2.00461,2.11389,2.62677,-1.98775,2.24696,2,-1.80952,2.25559,2.00333,-1.72052,-1.52205,-1.46196e-18,-1.73836,-1.53396,0.0219595,-1.79757,-1.5902,0,-1.87494,-1.63378,-0.0434677
26.44,-1.91912,2.13589,2.65596,-2.02711,2.09382,2.62705,-2.00506,2.23153,2,-1.83378,2.23423,2.00277,-1.70871,-1.5353,1.46196e-18,-1.72316,-1.55281,0.0208519,-1.78523,-1.60405,0,-1.85787,-1.6534,-0.0434872
26.45,-1.9359,2.1207,2.65596,-2.04428,2.07822,2.62725,-2.02259,2.21566,2,-1.84675,2.22262,2.00246,-1.69656,-1.54872,-1.46196e-18,-1.7108,-1.56681,0.017468,-1.77253,-1.61807,0,-1.84825,-1.66352,-0.044963
26.46,-1.95294,2.10502,2.65596,-2.05793,2.06565,2.62737,-2.04039,2.19928,2,-1.867,2.20423,2.00194,-1.68401,-1.56235,0,-1.70054,-1.57768,0.0138591,-1.75942,-1.63231,0,-1.83249,-1.67881,-0.0488295
26.47,-1.96957,2.08946,2.65596,-2.07149,2.05298,2.62747,-2.05776,2.18303,2,-1.88525,2.18738,2.00144,-1.67157,-1.57565,0,-1.69039,-1.58849,0.010743,-1.74642,-1.64621,0,-1.81816,-1.69249,-0.051684
26.48,-1.98654,2.07333,2.65596,-2.09168,2.03382,2.62757,-2.0755,2.16618,2,-1.90336,2.17038,2.00091,-1.65867,-1.58923,1.46196e-18,-1.67519,-1.60464,0.00687134,-1.73294,-1.6604,0,-1.80374,-1.70598,-0.0538445
26.49,-2.00271,2.05771,2.65596,-2.10837,2.01771,2.62763,-2.0924,2.14986,2,-1.92133,2.15326,2.00037,-1.64617,-1.60217,-1.46196e-18,-1.66262,-1.61823,0.00426697,-1.71989,-1.67392,0,-1.78933,-1.7194,-0.0553806
26.5,-2.01934,2.04141,2.65596,-2.12494,2.00146,2.62766,-2.10976,2.13282,2,-1.93915,2.136,1.99981,-1.63312,-1.61547,1.46196e-18,-1.65034,-1.63184,0.00219168,-1.70625,-1.68781,0,-1.77515,-1.73271,-0.0563578
26.51,-2.03549,2.0253,2.65596,-2.14138,1.98507,2.62767,-2.12664,2.11599,2,-1.95683,2.1186,1.99924,-1.62024,-1.62839,0,-1.63809,-1.64555,0.00059239,-1.69279,-1.70131,0,-1.76098,-1.74602,-0.0568439
26.52,-2.05142,2.00916,2.65596,-2.1577,1.96855,2.62767,-2.14329,2.09913,2,-1.97437,2.10108,1.99867,-1.60733,-1.64114,-1.46196e-18,-1.62594,-1.65931,-0.000679139,-1.6793,-1.71463,0,-1.74687,-1.75927,-0.0569865
26.53,-2.06746,1.99265,2.65596,-2.1739,1.95188,2.62766,-2.16004,2.08188,2,-1.99177,2.08342,1.9981,-1.59412,-1.65397,1.46196e-18,-1.61403,-1.67301,-0.00173585,-1.6655,-1.72803,0,-1.73299,-1.77236,-0.0569087
26.54,-2.08359,1.97577,2.65596,-2.18998,1.93509,2.62764,-2.1769,2.06425,2,-2.00903,2.06563,1.99753,-1.58062,-1.66688,0,-1.60205,-1.68671,-0.00258272,-1.6514,-1.74152,0,-1.71906,-1.78536,-0.0566237
26.55,-2.09938,1.95899,2.65596,-2.20594,1.91815,2.62761,-2.19339,2.04671,2,-2.02274,2.05131,1.99708,-1.56719,-1.67951,0,-1.59015,-1.70033,-0.00328847,-1.63737,-1.75472,0,-1.70798,-1.79566,-0.0562988
26.56,-2.11477,1.94237,2.65596,-2.22178,1.90108,2.62757,-2.20947,2.02935,2,-2.04313,2.02967,1.99641,-1.5539,-1.69182,0,-1.57822,-1.71388,-0.00386017,-1.62348,-1.76757,0,-1.6914,-1.81096,-0.0556728
26.5701,-2.13034,1.92528,2.65596,-2.23751,1.88387,2.62753,-2.22574,2.01149,2,-2.05998,2.01149,1.99586,-1.54022,-1.70428,1.46196e-18,-1.56608,-1.72732,-0.00433018,-1.60919,-1.78059,0,-1.67742,-1.82351,-0.0550551
26.58,-2.14577,1.90806,2.65596,-2.2531,1.86653,2.62749,-2.24186,1.99351,2,-2.07668,1.9932,1.99531,-1.52645,-1.71662,0,-1.55372,-1.74063,-0.0047388,-1.59481,-1.79349,0,-1.66331,-1.83588,-0.0544059
26.59,-2.16117,1.89061,2.65596,-2.26858,1.84906,2.62744,-2.25795,1.97527,2,-2.09324,1.97478,1.99477,-1.51248,-1.72894,0,-1.54124,-1.75369,-0.00505615,-1.58021,-1.80636,0,-1.64916,-1.84796,-0.0536961
26.6,-2.17606,1.87345,2.65596,-2.28393,1.83146,2.62739,-2.2735,1.95735,2,-2.10966,1.95624,1.99424,-1.49876,-1.74084,0,-1.52862,-1.76652,-0.00531872,-1.56588,-1.8188,0,-1.63497,-1.85972,-0.0529574
26.61,-2.1909,1.85607,2.65596,-2.29915,1.81373,2.62733,-2.28901,1.93918,2,-2.12594,1.93758,1.99371,-1.48485,-1.75272,0,-1.51583,-1.77915,-0.00554671,-1.55135,-1.83121,0,-1.62073,-1.87121,-0.0522163
26.6201,-2.2059,1.83822,2.65596,-2.31124,1.79946,2.62729,-2.30468,1.92054,2,-2.13886,1.92258,1.99329,-1.47058,-1.76472,1.46196e-18,-1.50542,-1.78921,-0.00570236,-1.53643,-1.84374,0,-1.60927,-1.88029,-0.0516244
26.63,-2.22015,1.82099,2.65596,-2.32921,1.7779,2.62722,-2.31956,1.90253,2,-2.15807,1.89993,1.99268,-1.45679,-1.77612,0,-1.48961,-1.80422,-0.00605079,-1.52202,-1.85565,0,-1.59207,-1.8937,-0.0508955
26.64,-2.23465,1.80316,2.65596,-2.34404,1.75979,2.62716,-2.33472,1.8839,2,-2.17392,1.88094,1.99217,-1.44253,-1.78772,1.46196e-18,-1.47607,-1.81669,-0.0064972,-1.50712,-1.86778,0,-1.57758,-1.90464,-0.0504739
26.65,-2.24909,1.78511,2.65596,-2.35873,1.74156,2.62709,-2.34981,1.86505,2,-2.18962,1.86184,1.99167,-1.42809,-1.79928,1.46196e-18,-1.46246,-1.82925,-0.00691736,-1.49204,-1.87985,0,-1.56327,-1.91552,-0.0500753
26.66,-2.26317,1.76723,2.65596,-2.37328,1.72321,2.62702,-2.36452,1.84636,2,-2.20518,1.84263,1.99117,-1.41378,-1.81054,0,-1.44873,-1.84187,-0.00729088,-1.47709,-1.89161,0,-1.54908,-1.92631,-0.0496792
26.67,-2.27732,1.74896,2.65596,-2.38627,1.70658,2.62695,-2.37929,1.82728,2,-2.21907,1.82525,1.99073,-1.39917,-1.82185,0,-1.43607,-1.85337,-0.00760854,-1.46182,-1.90344,0,-1.53623,-1.93598,-0.0493398
26.68,-2.29131,1.7306,2.65596,-2.40055,1.68798,2.62687,-2.39391,1.80809,2,-2.23436,1.80584,1.99023,-1.38448,-1.83305,-1.46196e-18,-1.42155,-1.86617,-0.00804135,-1.44647,-1.91513,0,-1.5218,-1.94651,-0.0490856
26.69,-2.30514,1.71212,2.65596,-2.41469,1.66926,2.62679,-2.40837,1.78879,2,-2.2495,1.78632,1.98974,-1.3697,-1.84412,-1.46196e-18,-1.40638,-1.87902,-0.00838735,-1.43103,-1.92669,0,-1.50711,-1.95673,-0.0487891
26.7,-2.31864,1.6938,2.65596,-2.42868,1.6504,2.6267,-2.42247,1.76965,2,-2.2645,1.7667,1.98926,-1.35504,-1.85491,0,-1.39067,-1.89216,-0.00867915,-1.41572,-1.93797,0,-1.49232,-1.96682,-0.0484804
26.71,-2.33216,1.67513,2.65596,-2.44251,1.63141,2.62662,-2.4366,1.75014,2,-2.27935,1.74699,1.98877,-1.3401,-1.86573,-1.46196e-18,-1.37431,-1.90568,-0.00929225,-1.40011,-1.94928,0,-1.47737,-1.97676,-0.0485316
26.72,-2.34531,1.65667,2.65596,-2.45616,1.61229,2.62652,-2.45033,1.73086,2,-2.29405,1.72717,1.98829,-1.32534,-1.87625,-1.46196e-18,-1.3573,-1.91986,-0.0101609,-1.38469,-1.96027,0,-1.46239,-1.98668,-0.0488823
26.73,-2.35856,1.63775,2.65596,-2.46965,1.59301,2.62641,-2.46418,1.71109,2,-2.3086,1.70725,1.9878,-1.3102,-1.88685,1.46196e-18,-1.33939,-1.93473,-0.0110636,-1.36887,-1.97134,0,-1.44727,-1.99646,-0.0493118
26.74,-2.37158,1.61885,2.65596,-2.48295,1.57359,2.6263,-2.47778,1.69134,2,-2.32299,1.68724,1.9873,-1.29508,-1.89726,1.46196e-18,-1.3207,-1.95053,-0.0113674,-1.35307,-1.98222,0,-1.43224,-2.00615,-0.0491802
26.75,-2.38468,1.59949,2.65596,-2.49606,1.554,2.62619,-2.49146,1.67111,2,-2.3344,1.67116,1.98691,-1.27959,-1.90774,1.46196e-18,-1.30097,-1.96725,-0.0113097,-1.33689,-1.99317,0,-1.42007,-2.01381,-0.0488416
26.76,-2.39747,1.58025,2.65596,-2.50897,1.53424,2.62607,-2.50483,1.65101,2,-2.35133,1.64693,1.98633,-1.2642,-1.91798,1.46196e-18,-1.2803,-1.98496,-0.0113681,-1.32081,-2.00386,0,-1.40162,-2.02513,-0.0483362
26.7702,-2.41019,1.56079,2.65596,-2.51914,1.5183,2.62598,-2.51811,1.63068,2,-2.36527,1.62663,1.98585,-1.24863,-1.92815,0,-1.26325,-1.99998,-0.0113068,-1.30454,-2.01449,0,-1.38614,-2.03436,-0.0476799
26.78,-2.42237,1.54181,2.65596,-2.53414,1.49416,2.62585,-2.53084,1.61086,2,-2.37906,1.60624,1.98537,-1.23345,-1.93789,-1.46196e-18,-1.23734,-2.02423,-0.011226,-1.28868,-2.02467,0,-1.37072,-2.04357,-0.0469063
26.79,-2.43534,1.52124,2.65596,-2.54397,1.47789,2.62576,-2.54439,1.58937,2,-2.38997,1.58986,1.985,-1.217,-1.94827,1.46196e-18,-1.21995,-2.04158,-0.0113147,-1.27149,-2.03551,0,-1.35835,-2.05091,-0.0462093
26.8,-2.4468,1.50274,2.65596,-2.55607,1.45736,2.62564,-2.55637,1.57003,2,-2.40348,1.56931,1.98455,-1.20219,-1.95744,-1.46196e-18,-1.1983,-2.06469,-0.0113193,-1.25602,-2.04509,0,-1.34297,-2.06013,-0.0449553
26.8103,-2.45922,1.48233,2.65596,-2.57029,1.43241,2.62551,-2.56934,1.54871,2,-2.41948,1.54452,1.98402,-1.18586,-1.96737,0,-1.17259,-2.0946,-0.0114645,-1.23897,-2.05547,0,-1.32443,-2.07141,-0.0431074
26.82,-2.47049,1.46347,2.65596,-2.58191,1.41133,2.62539,-2.58111,1.529,2,-2.43003,1.52791,1.98368,-1.17078,-1.97639,0,-1.15179,-2.1212,-0.0119251,-1.2232,-2.06489,0,-1.31203,-2.07899,-0.0417657
26.8303,-2.48283,1.44242,2.65596,-2.5922,1.39213,2.62528,-2.59401,1.50701,2,-2.44437,1.50499,1.98323,-1.15394,-1.98627,1.46196e-18,-1.13417,-2.14639,-0.0122907,-1.20561,-2.07521,0,-1.29534,-2.08956,-0.039408
26.84,-2.49364,1.42367,2.65596,-2.60009,1.37703,2.62519,-2.6053,1.48742,2,-2.4534,1.49034,1.98296,-1.13893,-1.99491,0,-1.12125,-2.16666,-0.0128523,-1.18993,-2.08424,0,-1.28476,-2.09636,-0.0377941
26.85,-2.50496,1.40365,2.65596,-2.61122,1.35522,2.62506,-2.61713,1.46651,2,-2.46997,1.463,1.98249,-1.12292,-2.00396,0,-1.10401,-2.19627,-0.014552,-1.17321,-2.0937,0,-1.26459,-2.10881,-0.0353579
26.86,-2.51606,1.38364,2.65596,-2.62218,1.33311,2.6249,-2.62873,1.4456,2,-2.47879,1.44822,1.98224,-1.10692,-2.01285,-1.46196e-18,-1.08858,-2.22639,-0.0173654,-1.15648,-2.10299,0,-1.25354,-2.11546,-0.0343004
26.8701,-2.5271,1.36339,2.65596,-2.63621,1.3039,2.62465,-2.64026,1.42444,2,-2.49124,1.42702,1.98191,-1.09071,-2.02168,0,-1.07158,-2.2667,-0.0217643,-1.13955,-2.11221,0,-1.23749,-2.12515,-0.0325959
26.88,-2.53769,1.34357,2.65596,-2.64369,1.28796,2.62448,-2.65133,1.40374,2,-2.50354,1.40571,1.98159,-1.07486,-2.03015,0,-1.06416,-2.28874,-0.0244778,-1.12299,-2.12106,0,-1.22144,-2.13512,-0.0306265
26.8899,-2.54839,1.32316,2.65596,-2.65745,1.25794,2.62413,-2.6625,1.38241,2,-2.51928,1.37787,1.98121,-1.05853,-2.03871,0,-1.05396,-2.32965,-0.029981,-1.10593,-2.13,0,-1.20037,-2.14854,-0.0276628
26.9,-2.55897,1.30259,2.65596,-2.66587,1.2392,2.62388,-2.67355,1.36092,2,-2.52883,1.36065,1.981,-1.04207,-2.04717,0,-1.05105,-2.35532,-0.0317357,-1.08874,-2.13884,0,-1.1878,-2.15758,-0.0235325
26.9101,-2.56987,1.28095,2.65596,-2.67113,1.22738,2.62373,-2.68495,1.33831,2,-2.54064,1.339,1.98085,-1.02476,-2.0559,1.46196e-18,-1.05252,-2.37365,-0.0266108,-1.07065,-2.14796,0,-1.17355,-2.17068,-0.0103958
26.92,-2.57937,1.2617,2.65596,-2.68688,1.19146,2.62328,-2.69487,1.3182,2,-2.55228,1.31725,1.98072,-1.00936,-2.0635,0,-1.04642,-2.41273,-0.0370749,-1.05456,-2.1559,0,-1.15551,-2.18076,-0.0145143
26.93,-2.58944,1.24091,2.65596,-2.69524,1.17208,2.62299,-2.70539,1.29648,2,-2.56148,1.29976,1.98063,-0.992729,-2.07155,0,-1.04441,-2.43284,-0.0318911,-1.03718,-2.16431,0,-1.1438,-2.19166,-0.00464889
26.94,-2.59925,1.22024,2.65596,-2.70777,1.1427,2.6228,-2.71564,1.27488,2,-2.57513,1.27333,1.98081,-0.976188,-2.0794,0,-1.04391,-2.46437,0.00693254,-1.0199,-2.17251,0,-1.1323,-2.21436,0.0395451
26.95,-2.60889,1.19948,2.65596,-2.7182,1.11793,2.62316,-2.72571,1.25319,2,-2.58643,1.25107,1.9815,-0.959584,-2.08711,-2.92392e-18,-1.04053,-2.48885,0.068098,-1.00255,-2.18057,0,-1.12797,-2.2391,0.101962
26.96,-2.61854,1.17825,2.65596,-2.72649,1.09795,2.62395,-2.7358,1.23102,2,-2.5977,1.22854,1.98289,-0.942603,-2.09483,1.46196e-18,-1.03129,-2.50444,0.130786,-0.984812,-2.18864,0,-1.12622,-2.26716,0.177851
26.97,-2.62779,1.15748,2.65596,-2.73871,1.06781,2.62606,-2.74546,1.20931,2,-2.60894,1.20574,1.985,-0.925985,-2.10223,1.46196e-18,-1.00269,-2.51574,0.214029,-0.96745,-2.19637,0,-1.12131,-2.29245,0.238058
26.98,-2.63705,1.13624,2.65596,-2.74664,1.04769,2.62789,-2.75513,1.18712,2,-2.62009,1.18272,1.98752,-0.908989,-2.10964,0,-0.978235,-2.51514,0.240023,-0.949693,-2.20411,0,-1.10879,-2.31023,0.261676
26.99,-2.6461,1.11499,2.65596,-2.75816,1.01753,2.63092,-2.76459,1.16492,2,-2.63111,1.15953,1.99021,-0.891994,-2.11688,0,-0.943181,-2.51014,0.266975,-0.931936,-2.21167,0,-1.0945,-2.32679,0.277606
27.0003,-2.65511,1.09337,2.65596,-2.76746,0.992453,2.63372,-2.774,1.14233,2,-2.64199,1.13618,1.99309,-0.874699,-2.12408,0,-0.918629,-2.50601,0.293764,-0.913868,-2.2192,0,-1.08098,-2.34466,0.298164
27.0101,-2.66346,1.07285,2.65596,-2.77654,0.967414,2.63682,-2.78273,1.12089,2,-2.65273,1.11264,1.9962,-0.858281,-2.13077,0,-0.897501,-2.50136,0.324878,-0.896715,-2.22619,0,-1.06832,-2.36366,0.32308
27.02,-2.67207,1.05124,2.65596,-2.78541,0.942436,2.64016,-2.79172,1.09832,2,-2.66334,1.08892,1.99949,-0.840993,-2.13765,0,-0.874263,-2.49375,0.33912,-0.878652,-2.23338,0,-1.05226,-2.37915,0.331409
27.0301,-2.68121,1.02769,2.65596,-2.79402,0.917547,2.64355,-2.80128,1.07371,2,-2.67377,1.06506,2.00277,-0.822151,-2.14497,-1.46196e-18,-0.848073,-2.48367,0.337586,-0.858966,-2.24102,0,-1.03328,-2.39119,0.32412
27.0402,-2.68864,1.00809,2.65596,-2.80236,0.892769,2.64689,-2.80904,1.05323,2,-2.684,1.0411,2.00595,-0.80647,-2.15092,7.3098e-19,-0.820464,-2.47187,0.329923,-0.842583,-2.24723,0,-1.01291,-2.40181,0.310598
27.0501,-2.69667,0.986406,2.65596,-2.80884,0.873034,2.64949,-2.81743,1.03058,2,-2.69402,1.01703,2.00897,-0.789125,-2.15734,0,-0.79794,-2.46164,0.320329,-0.824462,-2.25394,0,-0.991486,-2.41152,0.292641
27.0601,-2.70473,0.964096,2.65596,-2.81821,0.843593,2.65324,-2.82585,1.00727,2,-2.70383,0.992868,2.0118,-0.771276,-2.16378,-7.3098e-19,-0.763982,-2.44497,0.304336,-0.805814,-2.26068,0,-0.96954,-2.42105,0.273247
27.0701,-2.71221,0.942854,2.65596,-2.82571,0.819217,2.65622,-2.83366,0.985074,2,-2.71341,0.96861,2.01443,-0.754283,-2.16977,7.3098e-19,-0.735843,-2.42995,0.290228,-0.788059,-2.26693,0,-0.94726,-2.43058,0.25309
27.08,-2.71937,0.921981,2.65596,-2.83293,0.794998,2.65905,-2.84115,0.963267,2,-2.72277,0.944257,2.01686,-0.737585,-2.1755,0,-0.708102,-2.41384,0.275514,-0.770614,-2.27292,0,-0.924721,-2.43987,0.232307
27.0901,-2.727,0.899179,2.65596,-2.83987,0.770944,2.66173,-2.84911,0.939444,2,-2.73191,0.919812,2.01908,-0.719343,-2.1816,7.3098e-19,-0.680827,-2.39684,0.260575,-0.751555,-2.27929,0,-0.901855,-2.44907,0.211342
27.1002,-2.73411,0.877317,2.65596,-2.84324,0.758981,2.66301,-2.85654,0.916603,2,-2.73905,0.900191,2.0207,-0.701854,-2.18729,0,-0.667442,-2.38801,0.253128,-0.733282,-2.28523,0,-0.883434,-2.45637,0.194615
27.11,-2.74107,0.855329,2.65596,-2.85296,0.723366,2.66664,-2.86381,0.89363,2,-2.74948,0.870649,2.02289,-0.684263,-2.19286,0,-0.628708,-2.36044,0.230836,-0.714904,-2.29105,0,-0.855856,-2.4672,0.1699
27.12,-2.74766,0.83392,2.65596,-2.85852,0.702199,2.66866,-2.8707,0.871262,2,-2.75709,0.848408,2.02433,-0.667136,-2.19813,-7.3098e-19,-0.606423,-2.34315,0.217671,-0.69701,-2.29656,0,-0.835002,-2.47509,0.151749
27.13,-2.75451,0.810994,2.65596,-2.86329,0.683517,2.67035,-2.87786,0.84731,2,-2.7637,0.82858,2.02549,-0.648795,-2.20361,0,-0.587322,-2.32741,0.206198,-0.677848,-2.30229,0,-0.816417,-2.48197,0.136048
27.14,-2.76065,0.789856,2.65596,-2.87018,0.655731,2.67273,-2.88427,0.825225,2,-2.77333,0.798734,2.02698,-0.631885,-2.20852,-7.3098e-19,-0.560208,-2.30355,0.18967,-0.66018,-2.30741,0,-0.788682,-2.49232,0.1136
27.1501,-2.76698,0.767383,2.65596,-2.87567,0.632795,2.67456,-2.89088,0.801746,2,-2.77957,0.778768,2.02783,-0.613907,-2.21358,0,-0.538959,-2.28357,0.17626,-0.641397,-2.31271,0,-0.770229,-2.4991,0.0992314
27.1602,-2.77303,0.745218,2.65596,-2.88096,0.610059,2.67626,-2.89721,0.778588,2,-2.78864,0.748719,2.0289,-0.596174,-2.21842,0,-0.519044,-2.26368,0.163342,-0.62287,-2.31776,0,-0.742617,-2.50913,0.078884
27.17,-2.77887,0.723122,2.65596,-2.88606,0.587521,2.67783,-2.90331,0.755504,2,-2.79595,0.723586,2.02961,-0.578498,-2.2231,0,-0.500457,-2.24407,0.150866,-0.604403,-2.32265,0,-0.719749,-2.51737,0.0630163
27.18,-2.7847,0.700342,2.65596,-2.89,0.56963,2.679,-2.9094,0.731703,2,-2.80164,0.703421,2.03006,-0.560274,-2.22776,-7.3098e-19,-0.486559,-2.22876,0.141093,-0.585362,-2.32752,0,-0.701571,-2.52388,0.0509695
27.19,-2.78994,0.679186,2.65596,-2.89479,0.547436,2.68035,-2.91487,0.7096,2,-2.80854,0.678143,2.0305,-0.543349,-2.23195,0,-0.470332,-2.21011,0.129157,-0.56768,-2.3319,0,-0.678945,-2.53176,0.036774
27.2001,-2.7953,0.656758,2.65596,-2.90032,0.521044,2.68181,-2.92048,0.686167,2,-2.81653,0.647707,2.03085,-0.525406,-2.23624,0,-0.452422,-2.18872,0.11523,-0.548934,-2.33638,0,-0.651881,-2.54084,0.0210397
27.2101,-2.80052,0.634162,2.65596,-2.90301,0.507943,2.68248,-2.92592,0.66256,2,-2.8204,0.632448,2.03095,-0.50733,-2.24041,0,-0.444049,-2.17854,0.108413,-0.530048,-2.34074,0,-0.638354,-2.54523,0.0137024
27.2199,-2.80533,0.612525,2.65596,-2.90824,0.481918,2.6837,-2.93095,0.639953,2,-2.82789,0.601855,2.03103,-0.49002,-2.24426,-7.3098e-19,-0.428106,-2.15911,0.0952257,-0.511963,-2.34476,0,-0.611033,-2.5535,0.000231189
27.23,-2.81017,0.589899,2.65596,-2.91246,0.460403,2.6846,-2.93601,0.616315,2,-2.83389,0.576288,2.03099,-0.471919,-2.24814,0,-0.415782,-2.14415,0.0847166,-0.493052,-2.34881,0,-0.588236,-2.55996,-0.00973497
27.2399,-2.81478,0.567518,2.65596,-2.91656,0.439031,2.6854,-2.94082,0.592931,2,-2.83966,0.550658,2.03084,-0.454014,-2.25182,7.3098e-19,-0.404063,-2.13044,0.0743153,-0.474344,-2.35266,0,-0.565262,-2.56588,-0.018883
27.25,-2.81924,0.544913,2.65596,-2.92054,0.41779,2.68609,-2.94549,0.569314,2,-2.84519,0.524972,2.03061,-0.43593,-2.25539,0,-0.392838,-2.11804,0.0640343,-0.455451,-2.35639,0,-0.542121,-2.57127,-0.0272373
27.2601,-2.82359,0.521913,2.65596,-2.92442,0.396666,2.68668,-2.95003,0.545284,2,-2.8505,0.499234,2.0303,-0.41753,-2.25887,0,-0.382035,-2.10709,0.0540319,-0.436227,-2.36002,0,-0.518859,-2.57618,-0.0346777
27.2702,-2.8278,0.498576,2.65596,-2.92819,0.375643,2.68717,-2.95443,0.520902,2,-2.85458,0.47861,2.03,-0.398861,-2.26224,0,-0.371606,-2.0977,0.0443493,-0.416722,-2.36354,0,-0.500197,-2.57976,-0.0399791
27.28,-2.83152,0.476987,2.65596,-2.93113,0.358888,2.6875,-2.95832,0.498347,2,-2.86041,0.447624,2.02948,-0.38159,-2.26522,0,-0.363576,-2.09128,0.036805,-0.398677,-2.36666,0,-0.472321,-2.58443,-0.0469032
27.29,-2.83531,0.453945,2.65596,-2.93542,0.333841,2.68787,-2.96227,0.474272,2,-2.86502,0.421763,2.02899,-0.363156,-2.26825,0,-0.351843,-2.08345,0.0258268,-0.379418,-2.36982,0,-0.449156,-2.5876,-0.0518445
27.3,-2.83881,0.431507,2.65596,-2.93889,0.313032,2.68809,-2.96593,0.45083,2,-2.86939,0.395875,2.02844,-0.345206,-2.27105,-3.6549e-19,-0.342118,-2.07861,0.016745,-0.360664,-2.37275,0,-0.426017,-2.59003,-0.0563215
27.3102,-2.84229,0.408001,2.65596,-2.94226,0.292264,2.68821,-2.96956,0.426271,2,-2.87354,0.369965,2.02786,-0.326401,-2.27383,-7.3098e-19,-0.332256,-2.07533,0.00765367,-0.341017,-2.37565,0,-0.402842,-2.59182,-0.0604661
27.3203,-2.84547,0.385188,2.65596,-2.94553,0.271521,2.68824,-2.97288,0.402436,2,-2.87745,0.344041,2.02724,-0.30815,-2.27637,-3.6549e-19,-0.322371,-2.07347,-0.00113856,-0.321949,-2.37831,0,-0.37985,-2.59291,-0.064047
27.33,-2.84832,0.363504,2.65596,-2.94871,0.25079,2.68819,-2.97586,0.379782,2,-2.88114,0.318109,2.02658,-0.290803,-2.27865,0,-0.312484,-2.07312,-0.00947939,-0.303825,-2.38069,0,-0.357173,-2.59337,-0.0669794
27.3401,-2.85121,0.340035,2.65596,-2.95178,0.230054,2.68805,-2.97889,0.355261,2,-2.88459,0.292175,2.0259,-0.272028,-2.28097,0,-0.302252,-2.07429,-0.0175377,-0.284209,-2.38311,0,-0.334595,-2.59324,-0.0695062
27.35,-2.85376,0.317975,2.65596,-2.95475,0.209299,2.68784,-2.98155,0.332214,2,-2.88783,0.266246,2.02519,-0.25438,-2.28301,0,-0.291569,-2.07679,-0.0252583,-0.265771,-2.38524,0,-0.312114,-2.59244,-0.0716479
27.36,-2.85624,0.29485,2.65596,-2.95677,0.194754,2.68764,-2.98414,0.308054,2,-2.88996,0.248102,2.02469,-0.23588,-2.28499,-3.6549e-19,-0.283908,-2.07927,-0.0304281,-0.246443,-2.38731,0,-0.296573,-2.59146,-0.0729213
27.3701,-2.85851,0.271976,2.65596,-2.95927,0.176023,2.68734,-2.98651,0.284155,2,-2.89336,0.21702,2.0238,-0.21758,-2.28681,-3.6549e-19,-0.273594,-2.08314,-0.0367367,-0.227324,-2.38921,0,-0.27006,-2.58876,-0.0746403
27.38,-2.86058,0.249241,2.65596,-2.96273,0.148897,2.68681,-2.98868,0.260402,2,-2.89595,0.191147,2.02305,-0.199393,-2.28847,-3.6549e-19,-0.257925,-2.09042,-0.0449904,-0.208321,-2.39094,0,-0.248217,-2.58575,-0.0755423
27.3901,-2.86252,0.225868,2.65596,-2.96451,0.134248,2.68648,-2.9907,0.235982,2,-2.89832,0.165307,2.02229,-0.180694,-2.29002,0,-0.249033,-2.09514,-0.0491768,-0.188785,-2.39256,0,-0.226622,-2.58205,-0.0763255
27.4,-2.86423,0.203036,2.65596,-2.96693,0.11326,2.68596,-2.99249,0.212128,2,-2.89986,0.147243,2.02175,-0.162429,-2.29139,-1.82745e-19,-0.23587,-2.10268,-0.0550211,-0.169702,-2.39399,0,-0.211744,-2.57907,-0.0769589
27.41,-2.86574,0.180549,2.65596,-2.96922,0.092192,2.68538,-2.99406,0.188634,2,-2.90187,0.121476,2.02098,-0.144439,-2.29259,0,-0.2221,-2.11104,-0.0604608,-0.150907,-2.39525,0,-0.190771,-2.57426,-0.0777014
27.42,-2.86711,0.157303,2.65596,-2.97137,0.0710369,2.68475,-2.99549,0.164347,2,-2.90367,0.0957605,2.0202,-0.125843,-2.29369,-1.82745e-19,-0.207489,-2.12009,-0.0654378,-0.131478,-2.3964,0,-0.169999,-2.56868,-0.0783076
27.4301,-2.86826,0.134593,2.65596,-2.97337,0.0497877,2.68407,-2.9967,0.14062,2,-2.90571,0.0624195,2.01918,-0.107674,-2.29461,-1.82745e-19,-0.192195,-2.12985,-0.0700217,-0.112496,-2.39736,0,-0.143441,-2.5605,-0.0790063
27.44,-2.86925,0.111675,2.65596,-2.97521,0.0284388,2.68335,-2.99773,0.116676,2,-2.90704,0.0368493,2.01839,-0.0893402,-2.2954,9.13725e-20,-0.175947,-2.14002,-0.074096,-0.0933408,-2.39818,0,-0.123214,-2.55348,-0.0794442
27.4502,-2.87005,0.0886071,2.65596,-2.97688,0.00698531,2.68259,-2.99857,0.0925749,2,-2.90817,0.0113516,2.01759,-0.0708857,-2.29604,0,-0.158945,-2.15074,-0.0776552,-0.0740599,-2.39886,0,-0.103208,-2.54599,-0.079731
27.4601,-2.87067,0.0656787,2.65596,-2.9788,-0.0210669,2.68156,-2.99922,0.0686198,2,-2.90911,-0.0140682,2.01679,-0.052543,-2.29653,0,-0.135465,-2.16502,-0.0815034,-0.0548958,-2.39937,0,-0.083365,-2.53785,-0.0799666
27.47,-2.8711,0.0428769,2.65596,-2.98006,-0.0427724,2.68073,-2.99967,0.044797,2,-2.90984,-0.0394037,2.01599,-0.0343016,-2.29688,4.56862e-20,-0.116447,-2.17609,-0.0840912,-0.0358376,-2.39973,0,-0.0637248,-2.52918,-0.0803115
27.4802,-2.87135,0.0196165,2.65596,-2.98113,-0.0645886,2.67988,-2.99993,0.0204949,2,-2.91038,-0.0646502,2.01519,-0.0156932,-2.29708,-2.28431e-20,-0.0965218,-2.18709,-0.0861995,-0.0163959,-2.39994,0,-0.0441335,-2.52002,-0.0805929
27.4902,-2.87141,-0.00532023,2.65596,-2.98199,-0.0865137,2.67901,-2.99999,-0.00555846,2,-2.91064,-0.0822671,2.01462,0.00425618,-2.29713,5.71078e-21,-0.0758407,-2.1979,-0.0876628,0.00444677,-2.4,0,-0.030551,-2.51334,-0.0806521
27.5001,-2.8713,-0.0263229,2.65596,-2.98264,-0.108545,2.67813,-2.99987,-0.0275016,2,-2.91085,-0.107351,2.01381,0.0210583,-2.29704,-2.28431e-20,-0.0541781,-2.20836,-0.0884516,0.0220013,-2.3999,0,-0.0111103,-2.5033,-0.0805012
27.51,-2.871,-0.0488921,2.65596,-2.98307,-0.13068,2.67724,-2.99957,-0.0510815,2,-2.91087,-0.132331,2.01301,0.0391137,-2.2968,0,-0.0318734,-2.21849,-0.0889058,0.0408652,-2.39965,0,0.00820298,-2.49276,-0.0802587
27.52,-2.87052,-0.0719321,2.65596,-2.98324,-0.146233,2.67662,-2.99906,-0.0751532,2,-2.9106,-0.164646,2.01197,0.0575457,-2.29641,9.13725e-20,-0.0160443,-2.22538,-0.0890115,0.0601226,-2.39925,0,0.0327216,-2.47857,-0.0799872
27.5301,-2.86984,-0.0952689,2.65596,-2.98328,-0.168535,2.67573,-2.99835,-0.099535,2,-2.91023,-0.186907,2.01125,0.0762151,-2.29587,0,0.00688254,-2.2349,-0.0887801,0.079628,-2.39868,0,0.0493404,-2.46848,-0.0796644
27.5402,-2.86895,-0.118947,2.65596,-2.98313,-0.188687,2.67493,-2.99742,-0.124273,2,-2.90965,-0.211535,2.01046,0.0951573,-2.29516,0,0.0278907,-2.24326,-0.0881883,0.0994184,-2.39794,0,0.0675503,-2.45711,-0.0792011
27.5502,-2.86795,-0.141028,2.65596,-2.98256,-0.217925,2.67379,-2.99638,-0.147344,2,-2.90888,-0.236049,2.00967,0.112823,-2.29436,-1.82745e-19,0.0589549,-2.25483,-0.0867791,0.117875,-2.3971,0,0.0855945,-2.44556,-0.0786186
27.5601,-2.86673,-0.164006,2.65596,-2.98209,-0.23373,2.67319,-2.9951,-0.17135,2,-2.90824,-0.253139,2.00912,0.131205,-2.29339,0,0.0758416,-2.26072,-0.0860194,0.13708,-2.39608,0,0.0980083,-2.43735,-0.0783917
27.5702,-2.8653,-0.187368,2.65596,-2.98121,-0.256377,2.67233,-2.99361,-0.195758,2,-2.90681,-0.284725,2.0081,0.149894,-2.29224,-1.82745e-19,0.100191,-2.26864,-0.0848408,0.156607,-2.39489,0,0.120813,-2.42191,-0.0780385
27.58,-2.86376,-0.209564,2.65596,-2.98009,-0.279101,2.67149,-2.992,-0.218948,2,-2.90593,-0.301649,2.00756,0.167651,-2.29101,1.82745e-19,0.124808,-2.27602,-0.0833463,0.175158,-2.3936,0,0.133004,-2.41352,-0.0777613
27.5904,-2.86188,-0.233917,2.65596,-2.97825,-0.308747,2.67042,-2.99003,-0.244391,2,-2.90451,-0.325723,2.00678,0.187133,-2.2895,1.82745e-19,0.157296,-2.28466,-0.0809373,0.195513,-2.39202,0,0.150313,-2.40135,-0.0772229
27.6003,-2.85997,-0.256222,2.65596,-2.97709,-0.324755,2.66986,-2.98803,-0.267696,2,-2.90292,-0.349675,2.00601,0.204978,-2.28797,0,0.174943,-2.28886,-0.0796171,0.214156,-2.39043,0,0.167541,-2.38904,-0.0766833
27.6099,-2.85789,-0.27838,2.65596,-2.9746,-0.354556,2.66884,-2.98587,-0.290846,2,-2.9006,-0.380629,2.00502,0.222704,-2.28631,0,0.207751,-2.2958,-0.0770158,0.232676,-2.38869,0,0.189732,-2.37302,-0.0759918
27.6202,-2.85553,-0.301635,2.65596,-2.9724,-0.377538,2.66808,-2.9834,-0.315142,2,-2.89923,-0.39721,2.00449,0.241308,-2.28443,0,0.23305,-2.30038,-0.07528,0.252114,-2.38672,0,0.201616,-2.36443,-0.0758184
27.6301,-2.85304,-0.324366,2.65596,-2.96994,-0.400562,2.66734,-2.9808,-0.338891,2,-2.89713,-0.420793,2.00373,0.259493,-2.28243,-3.6549e-19,0.258531,-2.3043,-0.0733508,0.271113,-2.38464,0,0.218676,-2.35219,-0.0755378
27.64,-2.85037,-0.347021,2.65596,-2.96807,-0.4167,2.66683,-2.97801,-0.36256,2,-2.89485,-0.444254,2.00298,0.277617,-2.2803,0,0.276326,-2.3066,-0.0717991,0.290048,-2.38241,0,0.235742,-2.33994,-0.0748911
27.6501,-2.8475,-0.369868,2.65596,-2.96518,-0.439779,2.66612,-2.97501,-0.38643,2,-2.89241,-0.467591,2.00223,0.295894,-2.278,0,0.301662,-2.3092,-0.069404,0.309144,-2.38001,0,0.252715,-2.32764,-0.0739965
27.66,-2.84444,-0.39268,2.65596,-2.96204,-0.462881,2.66544,-2.97181,-0.410264,2,-2.8898,-0.490806,2.0015,0.314144,-2.27555,-3.6549e-19,0.326703,-2.31102,-0.0669149,0.328212,-2.37745,0,0.269432,-2.31528,-0.0729672
27.67,-2.84122,-0.415369,2.65596,-2.95758,-0.492934,2.66459,-2.96845,-0.433969,2,-2.88702,-0.513897,2.00078,0.332295,-2.27297,0,0.359116,-2.31231,-0.0634189,0.347175,-2.37476,0,0.286158,-2.30284,-0.0717053
27.68,-2.83785,-0.437789,2.65596,-2.95501,-0.509121,2.66416,-2.96493,-0.457393,2,-2.88316,-0.543729,1.99986,0.350231,-2.27028,0,0.376506,-2.31254,-0.0615313,0.365914,-2.37194,0,0.308058,-2.28672,-0.0698786
27.6903,-2.83409,-0.461476,2.65596,-2.95112,-0.532246,2.66356,-2.961,-0.48214,2,-2.88096,-0.559706,1.99937,0.369181,-2.26728,0,0.401244,-2.31226,-0.0589157,0.385712,-2.3688,0,0.319929,-2.2781,-0.0689166
27.7,-2.83043,-0.483451,2.65596,-2.94698,-0.555364,2.66298,-2.95717,-0.5051,2,-2.87666,-0.589217,1.99849,0.386761,-2.26434,0,0.425653,-2.31129,-0.0563394,0.40408,-2.36574,0,0.341923,-2.26218,-0.0670043
27.71,-2.82635,-0.506761,2.65596,-2.9426,-0.57847,2.66243,-2.95291,-0.529453,2,-2.87423,-0.605023,1.99802,0.405409,-2.26108,0,0.44986,-2.30974,-0.0537619,0.423563,-2.36233,0,0.353824,-2.25368,-0.0658856
27.7201,-2.82233,-0.528682,2.65596,-2.93655,-0.608479,2.66175,-2.94871,-0.552356,2,-2.86948,-0.634219,1.99718,0.422946,-2.25786,-7.3098e-19,0.480655,-2.30691,-0.0503373,0.441885,-2.35897,0,0.375764,-2.23809,-0.0635889
27.73,-2.81807,-0.550928,2.65596,-2.93313,-0.624621,2.66141,-2.94426,-0.575598,2,-2.86681,-0.649857,1.99674,0.440742,-2.25446,0,0.496918,-2.30504,-0.0485912,0.460478,-2.35541,0,0.387543,-2.22984,-0.06236
27.7401,-2.81354,-0.573609,2.65596,-2.92805,-0.647656,2.66093,-2.93953,-0.599294,2,-2.86285,-0.672097,1.99612,0.458887,-2.25083,0,0.519829,-2.30186,-0.0463303,0.479436,-2.35163,0,0.404459,-2.21819,-0.0607207
27.7501,-2.80881,-0.596344,2.65596,-2.9211,-0.677548,2.66035,-2.93459,-0.623048,2,-2.85872,-0.69422,1.99552,0.477075,-2.24705,7.3098e-19,0.549165,-2.29671,-0.0435417,0.498438,-2.34767,0,0.42151,-2.20657,-0.0590628
27.7601,-2.80391,-0.619003,2.65596,-2.9172,-0.693614,2.66005,-2.92946,-0.646722,2,-2.8531,-0.722809,1.99477,0.495202,-2.24312,0,0.564732,-2.2936,-0.0420912,0.517377,-2.34357,0,0.443866,-2.19171,-0.0568134
27.7701,-2.79895,-0.641023,2.65596,-2.91144,-0.716526,2.65964,-2.92429,-0.669728,2,-2.84995,-0.738123,1.99438,0.512819,-2.23916,0,0.586624,-2.28875,-0.040192,0.535782,-2.33943,0,0.455981,-2.18384,-0.0556744
27.7804,-2.79353,-0.664247,2.65596,-2.90364,-0.746235,2.65913,-2.91863,-0.693992,2,-2.84387,-0.766419,1.99367,0.531398,-2.23483,0,0.614508,-2.28173,-0.0379223,0.555194,-2.3349,0,0.478644,-2.16945,-0.0535293
27.79,-2.78833,-0.685739,2.65596,-2.89928,-0.762193,2.65887,-2.91319,-0.716446,2,-2.84048,-0.781578,1.9933,0.548591,-2.23067,0,0.62934,-2.27766,-0.0367365,0.573157,-2.33056,0,0.491005,-2.16183,-0.0523322
27.8002,-2.78273,-0.708127,2.65596,-2.89288,-0.784939,2.65851,-2.90734,-0.739837,2,-2.83548,-0.803143,1.99278,0.566502,-2.22619,0,0.650053,-2.27146,-0.0351966,0.59187,-2.32587,0,0.508668,-2.15108,-0.0506797
27.8102,-2.77692,-0.730593,2.65596,-2.88628,-0.807621,2.65816,-2.90127,-0.763308,2,-2.8303,-0.8246,1.99228,0.584474,-2.22154,-7.3098e-19,0.670372,-2.26484,-0.0337952,0.610646,-2.32102,0,0.526482,-2.1405,-0.049062
27.82,-2.77112,-0.752286,2.65596,-2.8774,-0.837006,2.65774,-2.89521,-0.785973,2,-2.82495,-0.845954,1.9918,0.601829,-2.2169,0,0.696,-2.25584,-0.0319845,0.628779,-2.31617,0,0.544269,-2.13017,-0.0473583
27.8299,-2.76486,-0.774969,2.65596,-2.87248,-0.852779,2.65752,-2.88867,-0.809671,2,-2.81942,-0.867205,1.99134,0.619975,-2.21189,7.3098e-19,0.709543,-2.25085,-0.0310676,0.647737,-2.31094,0,0.56216,-2.12014,-0.0456371
27.84,-2.75868,-0.796696,2.65596,-2.86529,-0.875251,2.65721,-2.88221,-0.832372,2,-2.81371,-0.888357,1.99089,0.637357,-2.20695,0,0.728612,-2.24339,-0.0300098,0.665897,-2.30577,0,0.580311,-2.11029,-0.0441083
27.85,-2.75224,-0.818662,2.65596,-2.85791,-0.897646,2.65691,-2.87549,-0.855321,2,-2.80781,-0.909411,1.99045,0.65493,-2.20179,7.3098e-19,0.747319,-2.23563,-0.029206,0.684257,-2.30039,0,0.598615,-2.10065,-0.0427666
27.86,-2.74558,-0.840744,2.65596,-2.85034,-0.919962,2.65663,-2.86852,-0.878392,2,-2.80173,-0.930371,1.99003,0.672595,-2.19646,7.3098e-19,0.765615,-2.22769,-0.0283867,0.702714,-2.29482,0,0.616971,-2.09127,-0.0413562
27.87,-2.73881,-0.862529,2.65596,-2.8426,-0.942199,2.65635,-2.86145,-0.901153,2,-2.79356,-0.95748,1.98951,0.690023,-2.19105,-7.3098e-19,0.783401,-2.21965,-0.0275177,0.720922,-2.28916,0,0.640834,-2.07953,-0.0393805
27.88,-2.73164,-0.884967,2.65596,-2.83468,-0.964355,2.65608,-2.85397,-0.924595,2,-2.78903,-0.972015,1.98924,0.707973,-2.18532,0,0.800698,-2.21145,-0.0266185,0.739676,-2.28317,0,0.653667,-2.07338,-0.0382699
27.8903,-2.72432,-0.907252,2.65596,-2.82659,-0.986428,2.65581,-2.84632,-0.947878,2,-2.78037,-0.998897,1.98875,0.725801,-2.17946,-7.3098e-19,0.817659,-2.20308,-0.0257201,0.758302,-2.27705,0,0.677707,-2.06227,-0.0361825
27.9001,-2.71719,-0.928403,2.65596,-2.81833,-1.00842,2.65556,-2.83886,-0.969976,2,-2.7735,-1.01948,1.9884,0.742722,-2.17375,-7.3098e-19,0.834157,-2.1946,-0.0248583,0.775981,-2.27109,0,0.696189,-2.05405,-0.034595
27.9101,-2.70967,-0.950129,2.65596,-2.8099,-1.03032,2.65532,-2.83101,-0.992675,2,-2.76859,-1.03384,1.98816,0.760103,-2.16773,0,0.850442,-2.18593,-0.0240204,0.79414,-2.2648,0,0.709284,-2.04835,-0.0334877
27.9201,-2.70182,-0.972218,2.65596,-2.80132,-1.05213,2.65508,-2.82281,-1.01575,2,-2.7614,-1.05428,1.98783,0.777774,-2.16146,7.3098e-19,0.866561,-2.17713,-0.0231861,0.812603,-2.25825,0,0.72819,-2.04043,-0.031904
27.9301,-2.69394,-0.99386,2.65596,-2.79433,-1.06952,2.6549,-2.81457,-1.03836,2,-2.75551,-1.07058,1.98758,0.795088,-2.15515,7.3098e-19,0.879301,-2.16998,-0.0225611,0.830692,-2.25166,0,0.743435,-2.03422,-0.0306801
27.9403,-2.68575,-1.01578,2.65596,-2.78367,-1.0955,2.65463,-2.80601,-1.06127,2,-2.74645,-1.09493,1.98723,0.812627,-2.1486,0,0.89816,-2.15915,-0.0217356,0.849016,-2.24481,0,0.766471,-2.0252,-0.028966
27.9502,-2.67753,-1.03726,2.65596,-2.77461,-1.11704,2.65442,-2.79742,-1.08371,2,-2.73869,-1.11515,1.98694,0.829808,-2.14202,-7.3098e-19,0.913589,-2.15015,-0.0211769,0.866966,-2.23794,0,0.785716,-2.01799,-0.0276831
27.9601,-2.66934,-1.05815,2.65596,-2.76725,-1.13422,2.65425,-2.78887,-1.10553,2,-2.73074,-1.1353,1.98667,0.846519,-2.13547,-1.46196e-18,0.925779,-2.14306,-0.0207626,0.884426,-2.2311,0,0.805035,-2.01116,-0.0264624
27.9703,-2.6609,-1.0792,2.65596,-2.75604,-1.15987,2.65401,-2.78005,-1.12753,2,-2.72259,-1.15537,1.98641,0.86336,-2.12872,-1.46196e-18,0.943726,-2.13237,-0.0201762,0.902021,-2.22404,0,0.824381,-2.00455,-0.0252943
27.9806,-2.65146,-1.10218,2.65596,-2.74364,-1.18751,2.65375,-2.77019,-1.15153,2,-2.71425,-1.17539,1.98617,0.881743,-2.12117,0,0.963092,-2.12055,-0.0196397,0.921227,-2.21615,0,0.843925,-1.99805,-0.0242245
27.99,-2.64336,-1.12148,2.65596,-2.73686,-1.20234,2.65361,-2.76172,-1.1717,2,-2.70571,-1.19534,1.98593,0.897183,-2.11469,0,0.973536,-2.11409,-0.0193711,0.937359,-2.20938,0,0.863751,-1.99165,-0.0232097
28.0001,-2.63433,-1.14252,2.65596,-2.72705,-1.22343,2.65342,-2.75229,-1.19369,2,-2.69697,-1.21522,1.9857,0.914019,-2.10746,0,0.988185,-2.10484,-0.0190626,0.954949,-2.20183,0,0.88356,-1.98551,-0.0223088
28.0102,-2.62479,-1.16428,2.65596,-2.71409,-1.25071,2.65317,-2.74232,-1.21641,2,-2.68804,-1.23505,1.98548,0.93142,-2.09983,0,1.00702,-2.09259,-0.0186968,0.973129,-2.19386,0,0.903418,-1.97951,-0.0214825
28.0204,-2.61494,-1.18623,2.65596,-2.707,-1.26534,2.65304,-2.73204,-1.23935,2,-2.67613,-1.26073,1.98521,0.948983,-2.09195,0,1.01711,-2.08599,-0.0185136,0.991478,-2.18563,0,0.929376,-1.97198,-0.0204651
28.03,-2.60625,-1.20521,2.65596,-2.69676,-1.28615,2.65286,-2.72295,-1.25917,2,-2.66957,-1.27452,1.98507,0.964164,-2.085,0,1.03141,-2.0764,-0.0184165,1.00734,-2.17836,0,0.943401,-1.96801,-0.0201114
28.0403,-2.59605,-1.22703,2.65596,-2.68637,-1.30687,2.65267,-2.71229,-1.28197,2,-2.66004,-1.29417,1.98487,0.981623,-2.07684,-1.46196e-18,1.04567,-2.06679,-0.0184627,1.02558,-2.16984,0,0.963518,-1.96254,-0.0197207
28.0503,-2.5864,-1.24724,2.65596,-2.67266,-1.33365,2.65243,-2.70221,-1.30309,2,-2.64734,-1.31964,1.98462,0.997789,-2.06912,-1.46196e-18,1.0642,-2.05437,-0.0183407,1.04247,-2.16177,0,0.98978,-1.95579,-0.0190936
28.0601,-2.57652,-1.26752,2.65596,-2.66517,-1.34801,2.65231,-2.69189,-1.32428,2,-2.64036,-1.33332,1.98448,1.01402,-2.06121,0,1.07416,-2.04773,-0.0183211,1.05942,-2.15351,0,1.00397,-1.95235,-0.0188305
28.0702,-2.56623,-1.28821,2.65596,-2.65436,-1.36844,2.65212,-2.68115,-1.3459,2,-2.62714,-1.35866,1.98424,1.03057,-2.05299,1.46196e-18,1.08816,-2.03831,-0.018446,1.07672,-2.14492,0,1.03013,-1.94635,-0.0186141
28.0801,-2.55582,-1.30875,2.65596,-2.64341,-1.38878,2.65194,-2.67027,-1.36735,2,-2.61988,-1.37227,1.98411,1.047,-2.04466,0,1.10193,-2.02882,-0.0185874,1.09388,-2.13622,0,1.04413,-1.94322,-0.0185086
28.0902,-2.54497,-1.32972,2.65596,-2.62897,-1.41507,2.6517,-2.65894,-1.38927,2,-2.60934,-1.39168,1.98393,1.06378,-2.03598,0,1.1198,-2.01635,-0.0184857,1.11141,-2.12715,0,1.06415,-1.93885,-0.0182259
28.1002,-2.53453,-1.34952,2.65596,-2.6211,-1.42916,2.65157,-2.64802,-1.40995,2,-2.5986,-1.41105,1.98375,1.07962,-2.02762,0,1.12933,-2.00964,-0.0183725,1.12796,-2.11842,0,1.08407,-1.93467,-0.0178646
28.11,-2.52368,-1.3697,2.65596,-2.60974,-1.44921,2.65138,-2.63669,-1.43104,2,-2.58766,-1.43038,1.98357,1.09576,-2.01894,-1.46196e-18,1.14284,-2.00001,-0.0182247,1.14483,-2.10935,0,1.10388,-1.93068,-0.0175576
28.12,-2.51277,-1.38962,2.65596,-2.59824,-1.46916,2.6512,-2.62529,-1.45184,2,-2.57314,-1.45545,1.98334,1.11169,-2.01022,0,1.15632,-1.9903,-0.018052,1.16147,-2.10023,0,1.12955,-1.92569,-0.0171519
28.1302,-2.50129,-1.41017,2.65596,-2.58661,-1.48902,2.65102,-2.6133,-1.47332,2,-2.56519,-1.46892,1.98322,1.12814,-2.00103,1.46196e-18,1.16963,-1.98053,-0.0177397,1.17865,-2.09064,0,1.14321,-1.9231,-0.0168586
28.1401,-2.4902,-1.42968,2.65596,-2.57129,-1.51468,2.6508,-2.60171,-1.4937,2,-2.55366,-1.48813,1.98306,1.14374,-1.99216,0,1.18685,-1.96783,-0.0171159,1.19496,-2.08136,0,1.16264,-1.91955,-0.0163374
28.15,-2.47872,-1.44948,2.65596,-2.56295,-1.52843,2.65068,-2.58972,-1.51438,2,-2.54193,-1.50731,1.9829,1.15958,-1.98298,0,1.19611,-1.96094,-0.0167924,1.21151,-2.07177,0,1.18199,-1.91611,-0.015819
28.1601,-2.46687,-1.46956,2.65596,-2.55214,-1.54604,2.65053,-2.57733,-1.53537,2,-2.53122,-1.52454,1.98276,1.17565,-1.97349,0,1.20792,-1.95209,-0.0164495,1.2283,-2.06187,0,1.19924,-1.91319,-0.0154688
28.1701,-2.45508,-1.48917,2.65596,-2.54243,-1.56162,2.6504,-2.56502,-1.55586,2,-2.52156,-1.53983,1.98263,1.19134,-1.96406,0,1.21838,-1.94414,-0.0161956,1.24469,-2.05201,0,1.21449,-1.91065,-0.0152243
28.18,-2.44294,-1.509,2.65596,-2.53018,-1.58102,2.65024,-2.55234,-1.57657,2,-2.50932,-1.55893,1.98248,1.2072,-1.95436,1.46196e-18,1.23155,-1.93421,-0.0157969,1.26125,-2.04187,0,1.23348,-1.90762,-0.0148568
28.19,-2.43093,-1.52828,2.65596,-2.5178,-1.60031,2.65008,-2.53978,-1.59671,2,-2.49689,-1.57799,1.98234,1.22262,-1.94474,-1.46196e-18,1.24478,-1.92436,-0.0152788,1.27737,-2.03183,0,1.25231,-1.90477,-0.0143882
28.2002,-2.41823,-1.54829,2.65596,-2.50529,-1.6195,2.64993,-2.52652,-1.61762,2,-2.48428,-1.59702,1.9822,1.23863,-1.93459,0,1.25794,-1.91459,-0.0146731,1.29409,-2.02122,0,1.27084,-1.90208,-0.0138461
28.2101,-2.40621,-1.56691,2.65596,-2.49264,-1.6386,2.64979,-2.51396,-1.63708,2,-2.47148,-1.61603,1.98206,1.25353,-1.92497,-1.46196e-18,1.27117,-1.90477,-0.0139877,1.30966,-2.01116,0,1.28924,-1.89945,-0.0132351
28.2203,-2.39307,-1.5869,2.65596,-2.47986,-1.6576,2.64965,-2.50023,-1.65796,2,-2.45849,-1.63501,1.98193,1.26952,-1.91446,1.46196e-18,1.28445,-1.89481,-0.0132154,1.32637,-2.00019,0,1.30747,-1.8968,-0.0125461
28.2301,-2.38054,-1.60564,2.65596,-2.46305,-1.68215,2.64949,-2.48714,-1.67754,2,-2.44533,-1.65396,1.98181,1.28451,-1.90443,0,1.302,-1.88152,-0.0121097,1.34203,-1.98971,0,1.32568,-1.89403,-0.0117956
28.2402,-2.3676,-1.62466,2.65596,-2.4539,-1.69529,2.64941,-2.47362,-1.69741,2,-2.43198,-1.67289,1.9817,1.29973,-1.89408,0,1.31155,-1.8743,-0.0115876,1.35793,-1.9789,0,1.34377,-1.89128,-0.0110994
28.2501,-2.35486,-1.64306,2.65596,-2.44072,-1.71398,2.64929,-2.46031,-1.71664,2,-2.41845,-1.69179,1.98159,1.31445,-1.88389,-1.46196e-18,1.3252,-1.86392,-0.0109495,1.37331,-1.96825,0,1.36171,-1.88859,-0.0105517
28.2602,-2.34132,-1.6623,2.65596,-2.4274,-1.73257,2.64919,-2.44617,-1.73674,2,-2.4006,-1.71632,1.98145,1.32984,-1.87306,0,1.33891,-1.85339,-0.0103591,1.38939,-1.95693,0,1.38481,-1.88507,-0.00987632
28.2703,-2.32729,-1.68189,2.65596,-2.41394,-1.75105,2.64909,-2.43151,-1.75721,2,-2.39086,-1.72951,1.98139,1.34551,-1.86183,0,1.35274,-1.84271,-0.0096792,1.40577,-1.9452,0,1.39715,-1.88313,-0.00944848
28.2802,-2.3139,-1.70027,2.65596,-2.40034,-1.76942,2.64899,-2.41751,-1.77641,2,-2.37681,-1.74832,1.9813,1.36022,-1.85112,0,1.36667,-1.83181,-0.00892229,1.42113,-1.93401,0,1.41465,-1.88028,-0.00876208
28.29,-2.30129,-1.7173,2.65596,-2.38661,-1.78768,2.64891,-2.40434,-1.7942,2,-2.36257,-1.76711,1.98121,1.37384,-1.84103,-2.92392e-18,1.38067,-1.82075,-0.00809813,1.43536,-1.92347,0,1.43199,-1.87736,-0.00799496
28.3002,-2.28724,-1.73597,2.65596,-2.37273,-1.80584,2.64883,-2.38966,-1.81371,2,-2.34817,-1.78587,1.98114,1.38878,-1.82979,0,1.39478,-1.80954,-0.00719902,1.45096,-1.91173,0,1.44917,-1.87437,-0.00713652
28.3101,-2.27333,-1.75415,2.65596,-2.35871,-1.82388,2.64876,-2.37513,-1.8327,2,-2.33359,-1.8046,1.98107,1.40332,-1.81866,0,1.40888,-1.79822,-0.00627504,1.46616,-1.9001,0,1.46611,-1.87136,-0.00623292
28.32,-2.25928,-1.77221,2.65596,-2.34455,-1.8418,2.64871,-2.36044,-1.85157,2,-2.31884,-1.8233,1.98101,1.41777,-1.80742,0,1.42284,-1.7869,-0.00534289,1.48125,-1.88836,0,1.48269,-1.86842,-0.0052975
28.33,-2.24521,-1.79,2.65596,-2.33026,-1.85961,2.64866,-2.34575,-1.87015,2,-2.30394,-1.84197,1.98096,1.432,-1.79616,0,1.43663,-1.7755,-0.00444251,1.49612,-1.8766,0,1.49887,-1.86549,-0.00436704
28.3401,-2.23054,-1.80824,2.65596,-2.31582,-1.87731,2.64862,-2.33042,-1.88922,2,-2.28887,-1.86061,1.98092,1.44659,-1.78443,1.46196e-18,1.45039,-1.76392,-0.00356483,1.51137,-1.86434,0,1.51479,-1.86243,-0.00342921
28.3501,-2.21573,-1.82635,2.65596,-2.30125,-1.89489,2.64859,-2.31495,-1.90814,2,-2.27364,-1.87922,1.9809,1.46108,-1.77259,0,1.46419,-1.75212,-0.00269684,1.52651,-1.85196,0,1.53053,-1.85922,-0.00246807
28.3602,-2.2007,-1.84444,2.65596,-2.28654,-1.91235,2.64856,-2.29925,-1.92703,2,-2.25826,-1.89779,1.98088,1.47555,-1.76056,0,1.4781,-1.74012,-0.00183105,1.54163,-1.8394,0,1.54614,-1.85587,-0.00147339
28.3701,-2.18607,-1.86176,2.65596,-2.27169,-1.92969,2.64855,-2.28396,-1.94513,2,-2.24272,-1.91633,1.98087,1.48941,-1.74886,0,1.49201,-1.72793,-0.000971235,1.5561,-1.82717,0,1.5615,-1.85235,-0.00044581
28.3803,-2.17095,-1.87937,2.65596,-2.2567,-1.94691,2.64854,-2.26816,-1.96353,2,-2.22703,-1.93484,1.98087,1.5035,-1.73676,0,1.50606,-1.71551,-0.000101137,1.57082,-1.81453,0,1.57676,-1.84861,0.000634282
28.3901,-2.15628,-1.89618,2.65596,-2.24156,-1.964,2.64855,-2.25284,-1.98109,2,-2.21118,-1.95331,1.98088,1.51695,-1.72502,0,1.52019,-1.70282,0.000770086,1.58487,-1.80227,0,1.59188,-1.84459,0.0017609
28.4,-2.14064,-1.91382,2.65596,-2.22783,-1.97927,2.64856,-2.2365,-1.99952,2,-2.1968,-1.96989,1.9809,1.53106,-1.71251,-1.46196e-18,1.53286,-1.69124,0.00153459,1.59962,-1.7892,0,1.60525,-1.8408,0.00279647
28.4101,-2.12572,-1.93038,2.65596,-2.21088,-1.9978,2.64858,-2.2209,-2.01683,2,-2.17905,-1.99011,1.98094,1.54431,-1.70057,-1.46196e-18,1.54838,-1.67693,0.00242839,1.61346,-1.77672,0,1.62139,-1.83594,0.00407771
28.4201,-2.11017,-1.94736,2.65596,-2.19532,-2.0145,2.64861,-2.20467,-2.03456,2,-2.16276,-2.00845,1.98098,1.55789,-1.68814,-1.46196e-18,1.56265,-1.66372,0.00319023,1.62765,-1.76373,0,1.63597,-1.83125,0.00524691
28.4301,-2.09453,-1.96418,2.65596,-2.18278,-2.02777,2.64864,-2.18832,-2.05214,2,-2.14963,-2.02308,1.98103,1.57135,-1.67562,0,1.57408,-1.65307,0.00377935,1.64171,-1.75065,0,1.64752,-1.82734,0.00620187
28.4411,-2.07672,-1.983,2.65596,-2.16697,-2.04423,2.64868,-2.16971,-2.0718,2,-2.13308,-2.04133,1.9811,1.5864,-1.66138,-1.46196e-18,1.58834,-1.63967,0.00447037,1.65744,-1.73577,0,1.66177,-1.82228,0.00740272
28.45,-2.06304,-1.99722,2.65596,-2.14941,-2.06219,2.64873,-2.15542,-2.08666,2,-2.11472,-2.06134,1.98119,1.59778,-1.65043,0,1.60413,-1.62469,0.00514198,1.66933,-1.72434,0,1.6773,-1.81632,0.00870117
28.46,-2.04695,-2.01371,2.65596,-2.13814,-2.07353,2.64877,-2.13861,-2.10389,2,-2.10294,-2.07404,1.98125,1.61097,-1.63756,1.46196e-18,1.61421,-1.61506,0.00543707,1.68311,-1.71089,0,1.68705,-1.81232,0.00943013
28.4701,-2.03067,-2.03013,2.65596,-2.11704,-2.09441,2.64884,-2.1216,-2.12104,2,-2.086,-2.09214,1.98135,1.6241,-1.62454,0,1.63278,-1.59723,0.00577067,1.69683,-1.69728,0,1.70071,-1.80646,0.0103763
28.48,-2.01445,-2.04622,2.65596,-2.10064,-2.11031,2.6489,-2.10466,-2.13785,2,-2.06378,-2.11557,1.98149,1.63698,-1.61156,0,1.64718,-1.58347,0.00583247,1.71028,-1.68373,0,1.7183,-1.79849,0.0114546
28.49,-1.99826,-2.06204,2.65596,-2.08409,-2.12608,2.64896,-2.08774,-2.15438,2,-2.04653,-2.13352,1.98161,1.64963,-1.59861,1.46196e-18,1.66161,-1.5697,0.00592393,1.7235,-1.67019,0,1.7317,-1.7921,0.0123509
28.5001,-1.98107,-2.07856,2.65596,-2.06741,-2.1417,2.64902,-2.06978,-2.17163,2,-2.02915,-2.15141,1.98174,1.66285,-1.58486,-1.46196e-18,1.67597,-1.55581,0.006118,1.73731,-1.65583,0,1.74496,-1.78539,0.0134128
28.5101,-1.96488,-2.09387,2.65596,-2.05057,-2.15719,2.64908,-2.05286,-2.18764,2,-2.01163,-2.16923,1.98188,1.6751,-1.5719,-1.46196e-18,1.69026,-1.54179,0.00637706,1.75011,-1.64229,0,1.75804,-1.77835,0.0146013
28.5201,-1.94799,-2.10959,2.65596,-2.0336,-2.17254,2.64915,-2.03522,-2.20406,2,-1.99929,-2.18166,1.98198,1.68768,-1.55839,1.46196e-18,1.70448,-1.52774,0.00668742,1.76325,-1.62818,0,1.76712,-1.77327,0.0154977
28.53,-1.93118,-2.12499,2.65596,-2.01648,-2.18775,2.64921,-2.01766,-2.22015,2,-1.97621,-2.20465,1.9822,1.69999,-1.54494,0,1.71859,-1.51357,0.00704034,1.77612,-1.61413,0,1.78369,-1.76339,0.017302
28.54,-1.91427,-2.14024,2.65596,-1.99923,-2.20281,2.64929,-1.99999,-2.23608,2,-1.95831,-2.22224,1.98238,1.71219,-1.53141,1.46196e-18,1.73266,-1.49927,0.00742693,1.78886,-1.59999,0,1.79633,-1.75533,0.0187943
28.5501,-1.89672,-2.15581,2.65596,-1.98707,-2.21327,2.64934,-1.98165,-2.25234,2,-1.94571,-2.23451,1.98251,1.72465,-1.51737,0,1.74246,-1.48916,0.00771193,1.80188,-1.58532,0,1.8051,-1.74943,0.0198866
28.56,-1.87935,-2.17096,2.65596,-1.9643,-2.23251,2.64944,-1.96351,-2.26818,2,-1.92214,-2.25718,1.98278,1.73677,-1.50348,0,1.76051,-1.47036,0.00809364,1.81454,-1.57081,0,1.82118,-1.73803,0.0218364
28.5701,-1.86182,-2.18602,2.65596,-1.95194,-2.24276,2.6495,-1.94519,-2.28391,2,-1.90936,-2.26932,1.98294,1.74882,-1.48945,0,1.77021,-1.46023,0.00814589,1.82713,-1.55615,0,1.82976,-1.73165,0.022764
28.58,-1.8446,-2.20056,2.65596,-1.93417,-2.25729,2.64958,-1.92721,-2.2991,2,-1.891,-2.28659,1.98317,1.76045,-1.47568,0,1.78403,-1.44578,0.00797614,1.83928,-1.54176,0,1.84191,-1.72224,0.0238793
28.59,-1.82701,-2.21519,2.65596,-1.91446,-2.27311,2.64967,-1.90882,-2.31439,2,-1.87067,-2.30548,1.98344,1.77216,-1.46161,-1.46196e-18,1.79909,-1.42988,0.00779473,1.85151,-1.52706,0,1.85509,-1.71146,0.025156
28.6,-1.80935,-2.22964,2.65596,-1.8964,-2.28734,2.64974,-1.89037,-2.32949,2,-1.85206,-2.32254,1.9837,1.78371,-1.44748,0,1.81268,-1.41545,0.00772484,1.86359,-1.5123,0,1.86688,-1.7013,0.0264432
28.6101,-1.79131,-2.24416,2.65596,-1.87821,-2.30142,2.64982,-1.87153,-2.34465,2,-1.83333,-2.3395,1.98397,1.79533,-1.43305,1.46196e-18,1.82611,-1.40097,0.00777,1.87572,-1.49722,0,1.8785,-1.69072,0.0278738
28.6201,-1.77334,-2.25839,2.65596,-1.85988,-2.31536,2.6499,-1.85275,-2.35952,2,-1.81449,-2.35636,1.98426,1.80671,-1.41867,0,1.83948,-1.38642,0.00791714,1.88761,-1.4822,0,1.89009,-1.67969,0.0294321
28.6301,-1.75268,-2.27446,2.65596,-1.84142,-2.32915,2.64998,-1.83117,-2.37631,2,-1.79553,-2.3731,1.98456,1.81957,-1.40215,1.46196e-18,1.85283,-1.37178,0.00814277,1.90104,-1.46493,0,1.90167,-1.6682,0.0310882
28.64,-1.73667,-2.2867,2.65596,-1.82282,-2.34279,2.65006,-1.81444,-2.3891,2,-1.77645,-2.38972,1.98488,1.82936,-1.38934,-1.46196e-18,1.86617,-1.35709,0.00840353,1.91128,-1.45155,0,1.91326,-1.65627,0.0327922
28.65,-1.71757,-2.30109,2.65596,-1.80785,-2.3536,2.65013,-1.79448,-2.40413,2,-1.76111,-2.40293,1.98515,1.84087,-1.37406,1.46196e-18,1.87669,-1.34532,0.00858827,1.9233,-1.43558,0,1.92238,-1.64642,0.0341351
28.66,-1.70006,-2.31405,2.65596,-1.78524,-2.36964,2.65024,-1.77619,-2.41767,2,-1.73796,-2.4226,1.98557,1.85124,-1.36005,0,1.8923,-1.32777,0.00879012,1.93414,-1.42095,0,1.93597,-1.63123,0.0360737
28.67,-1.68168,-2.32745,2.65596,-1.76625,-2.38284,2.65032,-1.75698,-2.43167,2,-1.71854,-2.43884,1.98594,1.86196,-1.34534,0,1.90529,-1.3131,0.00877191,1.94533,-1.40559,0,1.9473,-1.61807,0.0374934
28.6803,-1.66241,-2.34125,2.65596,-1.74713,-2.3959,2.65041,-1.73685,-2.44609,2,-1.69901,-2.45496,1.98632,1.873,-1.32993,-1.46196e-18,1.91823,-1.29839,0.00876945,1.95687,-1.38948,0,1.95868,-1.60446,0.0389171
28.6901,-1.64402,-2.3542,2.65596,-1.72788,-2.40881,2.6505,-1.71764,-2.45962,2,-1.67937,-2.47093,1.98672,1.88336,-1.31522,1.46196e-18,1.93094,-1.28373,0.00886586,1.96769,-1.37411,0,1.96996,-1.5905,0.0404251
28.7001,-1.62524,-2.3672,2.65596,-1.71046,-2.42031,2.65058,-1.69802,-2.4732,2,-1.6616,-2.48519,1.98709,1.89376,-1.30019,0,1.94215,-1.27047,0.00899388,1.97856,-1.35841,0,1.97998,-1.57752,0.0418045
28.71,-1.60632,-2.38008,2.65596,-1.69097,-2.43294,2.65067,-1.67825,-2.48666,2,-1.64174,-2.50089,1.98751,1.90407,-1.28505,1.46196e-18,1.95431,-1.25573,0.0091617,1.98933,-1.3426,0,1.99095,-1.56269,0.0433349
28.72,-1.58708,-2.39295,2.65596,-1.67137,-2.44542,2.65076,-1.65815,-2.50011,2,-1.62178,-2.51644,1.98795,1.91436,-1.26966,0,1.96633,-1.24092,0.00936151,2.00009,-1.32652,0,2.0019,-1.54739,0.0448603
28.73,-1.56759,-2.40577,2.65596,-1.65165,-2.45776,2.65086,-1.63778,-2.5135,2,-1.6017,-2.53184,1.98841,1.92461,-1.25407,1.46196e-18,1.97824,-1.22608,0.00959402,2.0108,-1.31023,0,2.01285,-1.53165,0.0463742
28.74,-1.5487,-2.41797,2.65596,-1.63181,-2.46994,2.65095,-1.61805,-2.52624,2,-1.58152,-2.54707,1.98888,1.93438,-1.23896,1.46196e-18,1.98993,-1.21116,0.00986261,2.021,-1.29444,0,2.02373,-1.51542,0.047874
28.75,-1.52935,-2.43026,2.65596,-1.61185,-2.48198,2.65105,-1.59783,-2.53908,2,-1.56123,-2.56214,1.98937,1.9442,-1.22348,1.46196e-18,2.00133,-1.19621,0.0101203,2.03127,-1.27827,0,2.03445,-1.49876,0.0493068
28.76,-1.50999,-2.44233,2.65596,-1.59178,-2.49387,2.65116,-1.57761,-2.55169,2,-1.54083,-2.57704,1.98987,1.95386,-1.20799,0,2.01247,-1.18118,0.0103657,2.04136,-1.26209,0,2.04508,-1.4816,0.0506654
28.77,-1.49031,-2.45439,2.65596,-1.5716,-2.5056,2.65126,-1.55704,-2.5643,2,-1.52444,-2.58884,1.99028,1.96351,-1.19224,0,2.02335,-1.16616,0.0106145,2.05144,-1.24563,0,2.05351,-1.4676,0.0517064
28.7801,-1.47044,-2.46634,2.65596,-1.55131,-2.51719,2.65137,-1.53629,-2.57679,2,-1.50385,-2.60343,1.9908,1.97308,-1.17635,0,2.03388,-1.15117,0.0108673,2.06143,-1.22903,0,2.0639,-1.44978,0.0529473
28.7901,-1.4507,-2.478,2.65596,-1.54113,-2.52293,2.65142,-1.51567,-2.58897,2,-1.48316,-2.61784,1.99134,1.9824,-1.16056,0,2.03899,-1.14369,0.0109883,2.07117,-1.21253,0,2.07405,-1.43164,0.0540999
28.8001,-1.43076,-2.48957,2.65596,-1.51044,-2.53991,2.65159,-1.49483,-2.60106,2,-1.4582,-2.63488,1.99199,1.99166,-1.14461,-1.46196e-18,2.05377,-1.12139,0.0109045,2.08085,-1.19586,0,2.08595,-1.40948,0.054933
28.8101,-1.41069,-2.501,2.65596,-1.48985,-2.55105,2.65169,-1.47386,-2.613,2,-1.43729,-2.64888,1.99254,2.0008,-1.12855,-1.46196e-18,2.06346,-1.10659,0.00994652,2.0904,-1.17908,0,2.0958,-1.39071,0.054694
28.8201,-1.39054,-2.51226,2.65596,-1.47331,-2.55986,2.65177,-1.45281,-2.62475,2,-1.42049,-2.65995,1.99298,2.00981,-1.11243,-1.46196e-18,2.07096,-1.09479,0.00918308,2.0998,-1.16225,0,2.10355,-1.37547,0.0544391
28.83,-1.37039,-2.52331,2.65596,-1.45256,-2.57073,2.65186,-1.43175,-2.6363,2,-1.39941,-2.67361,1.99352,2.01865,-1.09631,0,2.07988,-1.08001,0.00841655,2.10904,-1.1454,0,2.11299,-1.35608,0.0542285
28.84,-1.3504,-2.53406,2.65596,-1.43589,-2.57933,2.65192,-1.41087,-2.64754,2,-1.37611,-2.6884,1.99412,2.02725,-1.08032,-1.46196e-18,2.08686,-1.0681,0.00795482,2.11803,-1.12869,0,2.12327,-1.33424,0.0541352
28.8501,-1.32974,-2.54496,2.65596,-1.41498,-2.58993,2.652,-1.38929,-2.65893,2,-1.36123,-2.69769,1.99449,2.03597,-1.06379,0,2.09544,-1.0531,0.00758888,2.12714,-1.11143,0,2.12975,-1.32007,0.0541493
28.8602,-1.30954,-2.55542,2.65596,-1.39398,-2.60039,2.65208,-1.36818,-2.66985,2,-1.33988,-2.71079,1.99504,2.04433,-1.04763,1.46196e-18,2.10384,-1.03803,0.00742098,2.13588,-1.09454,0,2.1389,-1.2995,0.054245
28.8703,-1.28757,-2.56656,2.65596,-1.3729,-2.61069,2.65215,-1.34522,-2.68149,2,-1.31845,-2.72368,1.99558,2.05325,-1.03005,-1.46196e-18,2.112,-1.02298,0.00742219,2.14519,-1.07618,0,2.14787,-1.27865,0.0543957
28.883,-1.26242,-2.57902,2.65596,-1.34538,-2.62386,2.65225,-1.31895,-2.69451,2,-1.28613,-2.74263,1.9964,2.06322,-1.00993,0,2.12216,-1.00345,0.00759987,2.15561,-1.05516,0,2.16088,-1.24687,0.0546248
28.89,-1.24814,-2.58596,2.65596,-1.33476,-2.62886,2.65229,-1.30403,-2.70176,2,-1.27532,-2.74883,1.99667,2.06877,-0.998511,1.46196e-18,2.12595,-0.995961,0.00770156,2.16141,-1.04322,0,2.16509,-1.23615,0.0546727
28.9,-1.22701,-2.59605,2.65596,-1.30919,-2.64071,2.65238,-1.28195,-2.7123,2,-1.25362,-2.76109,1.99722,2.07684,-0.981608,0,2.13473,-0.977983,0.00795079,2.16984,-1.02556,0,2.17336,-1.21453,0.054692
28.9101,-1.2056,-2.60607,2.65596,-1.29637,-2.64655,2.65243,-1.25958,-2.72276,2,-1.24057,-2.76834,1.99755,2.08485,-0.964479,1.46196e-18,2.13903,-0.968985,0.00805796,2.17821,-1.00767,0,2.17829,-1.20144,0.0546331
28.9203,-1.18456,-2.6157,2.65596,-1.27495,-2.65616,2.65251,-1.23761,-2.73282,2,-1.21875,-2.78024,1.99809,2.09256,-0.94765,0,2.14604,-0.953939,0.00811099,2.18626,-0.990085,0,2.18636,-1.17942,0.054325
28.9301,-1.16348,-2.62514,2.65596,-1.25345,-2.66563,2.65259,-1.21558,-2.74269,2,-1.19684,-2.79192,1.99863,2.10011,-0.930782,0,2.15283,-0.938795,0.00799667,2.19416,-0.972462,0,2.19419,-1.15712,0.0537419
28.9401,-1.1433,-2.63399,2.65596,-1.23837,-2.67216,2.65265,-1.1945,-2.75194,2,-1.17706,-2.80225,1.99911,2.10719,-0.91464,-1.46196e-18,2.15753,-0.928127,0.00800169,2.20155,-0.955597,0,2.20108,-1.1368,0.0532376
28.9516,-1.11892,-2.64444,2.65596,-1.22325,-2.67862,2.6527,-1.16903,-2.76286,2,-1.16605,-2.8079,1.99938,2.11555,-0.895139,0,2.16219,-0.917408,0.00805332,2.21028,-0.935223,0,2.20486,-1.1254,0.052947
28.9628,-1.09553,-2.65421,2.65596,-1.21026,-2.6841,2.65275,-1.14459,-2.77307,2,-1.15281,-2.81461,1.99969,2.12337,-0.876427,-1.46196e-18,2.16618,-0.90816,0.00805081,2.21846,-0.915673,0,2.20937,-1.11163,0.0525133
28.9701,-1.07769,-2.66151,2.65596,-1.19942,-2.68862,2.65279,-1.12595,-2.78069,2,-1.14175,-2.82014,1.99996,2.12921,-0.862155,1.46196e-18,2.16957,-0.900447,0.0078542,2.22455,-0.900762,0,2.21313,-1.10012,0.0519284
28.9801,-1.05738,-2.66964,2.65596,-1.17769,-2.69755,2.65287,-1.10473,-2.78919,2,-1.11958,-2.83103,2.00047,2.13572,-0.845902,0,2.17656,-0.884923,0.00724447,2.23135,-0.883781,0,2.22057,-1.07692,0.0504465
28.9901,-1.03728,-2.67752,2.65596,-1.14934,-2.70892,2.65296,-1.08373,-2.79742,2,-1.09065,-2.84483,2.00111,2.14201,-0.829824,-1.46196e-18,2.18623,-0.864568,0.00657775,2.23793,-0.866983,0,2.23006,-1.04639,0.0484337
29.0001,-1.01535,-2.68591,2.65596,-1.13401,-2.71493,2.653,-1.06081,-2.80619,2,-1.07502,-2.8521,2.00144,2.14873,-0.812277,7.3098e-19,2.19181,-0.853535,0.00590287,2.24495,-0.84865,0,2.23524,-1.02982,0.0469462
29.0101,-0.994023,-2.69388,2.65596,-1.11205,-2.72339,2.65305,-1.03853,-2.81451,2,-1.05263,-2.86227,2.0019,2.1551,-0.795218,0,2.2,-0.837748,0.00450424,2.25161,-0.830828,0,2.24269,-1.00607,0.0443018
29.0201,-0.972533,-2.70171,2.65596,-1.08338,-2.73414,2.6531,-1.01608,-2.82269,2,-1.02342,-2.87515,2.00246,2.16137,-0.778027,0,2.2108,-0.817085,0.00330735,2.25815,-0.812866,0,2.25222,-0.974912,0.0413295
29.03,-0.950991,-2.70937,2.65596,-1.06123,-2.74223,2.65313,-0.993576,-2.83069,2,-1.00763,-2.88192,2.00274,2.16749,-0.760793,0,2.21933,-0.801071,0.00229016,2.26455,-0.79486,0,2.25732,-0.958036,0.0396031
29.0401,-0.929475,-2.71682,2.65596,-1.039,-2.75016,2.65315,-0.971097,-2.83848,2,-0.985025,-2.89138,2.00312,2.17346,-0.74358,0,2.22778,-0.784987,0.00156806,2.27078,-0.776877,0,2.2645,-0.933843,0.0372004
29.0501,-0.907585,-2.72421,2.65596,-1.02338,-2.75562,2.65316,-0.948226,-2.8462,2,-0.962344,-2.90059,2.00349,2.17937,-0.726068,0,2.2336,-0.773663,0.00135456,2.27696,-0.758581,0,2.27153,-0.909473,0.0352233
29.06,-0.88545,-2.73149,2.65596,-0.994277,-2.76554,2.65318,-0.9251,-2.8538,2,-0.932756,-2.91221,2.00393,2.18519,-0.70836,-7.3098e-19,2.24426,-0.752279,0.0013789,2.28304,-0.74008,0,2.28045,-0.877395,0.033073
29.07,-0.864266,-2.73826,2.65596,-0.978547,-2.77076,2.65319,-0.902967,-2.86088,2,-0.916776,-2.91829,2.00416,2.19061,-0.691413,-7.3098e-19,2.24999,-0.740647,0.0014242,2.28871,-0.722374,0,2.2852,-0.860029,0.0319105
29.08,-0.842377,-2.74508,2.65596,-0.949229,-2.78025,2.65321,-0.880098,-2.868,2,-0.887013,-2.92926,2.00456,2.19606,-0.673902,0,2.26043,-0.718803,0.00150114,2.2944,-0.704079,0,2.29382,-0.827566,0.0296889
29.09,-0.820349,-2.75174,2.65596,-0.926585,-2.78735,2.65322,-0.857083,-2.87496,2,-0.864042,-2.93741,2.00485,2.20139,-0.656279,0,2.26836,-0.701815,0.00160082,2.29997,-0.685667,0,2.3004,-0.802455,0.0279824
29.1,-0.798541,-2.75815,2.65596,-0.903862,-2.79429,2.65324,-0.8343,-2.88166,2,-0.841005,-2.94531,2.00512,2.20652,-0.638833,7.3098e-19,2.27608,-0.684617,0.001909,2.30533,-0.66744,0,2.30686,-0.777165,0.0264593
29.1102,-0.775537,-2.7647,2.65596,-0.881064,-2.80105,2.65326,-0.810265,-2.88851,2,-0.817905,-2.95295,2.00538,2.21176,-0.62043,0,2.28352,-0.667225,0.00245064,2.31081,-0.648212,0,2.3132,-0.751713,0.0251539
29.12,-0.753833,-2.7707,2.65596,-0.858194,-2.80763,2.65329,-0.787589,-2.89477,2,-0.794742,-2.96034,2.00562,2.21656,-0.603066,0,2.29053,-0.649698,0.00316787,2.31582,-0.630071,0,2.31926,-0.726184,0.0240168
29.13,-0.731769,-2.77661,2.65596,-0.842143,-2.81214,2.65331,-0.764538,-2.90094,2,-0.778493,-2.96536,2.00579,2.22129,-0.585415,0,2.29525,-0.637327,0.0037359,2.32076,-0.61163,0,2.3234,-0.708252,0.0232858
29.14,-0.709395,-2.78241,2.65596,-0.812249,-2.82027,2.65337,-0.741161,-2.90701,2,-0.748239,-2.97435,2.00608,2.22593,-0.567516,-7.3098e-19,2.30384,-0.61414,0.00476903,2.3256,-0.592929,0,2.33109,-0.67485,0.0219157
29.15,-0.687109,-2.788,2.65596,-0.796106,-2.82453,2.6534,-0.717877,-2.91284,2,-0.731906,-2.97901,2.00623,2.2304,-0.549687,0,2.30849,-0.601519,0.00516918,2.33027,-0.574302,0,2.33533,-0.656816,0.0210319
29.16,-0.664776,-2.79341,2.65596,-0.76604,-2.83219,2.65347,-0.694544,-2.91849,2,-0.708523,-2.98545,2.00644,2.23473,-0.531821,0,2.31696,-0.577892,0.00581107,2.3348,-0.555635,0,2.3414,-0.631022,0.0197081
29.17,-0.64256,-2.7986,2.65596,-0.749806,-2.83619,2.65352,-0.671334,-2.92392,2,-0.678034,-2.99344,2.00668,2.23888,-0.514048,0,2.32135,-0.5651,0.00607453,2.33914,-0.537067,0,2.34919,-0.597477,0.0178997
29.18,-0.619834,-2.80372,2.65596,-0.719577,-2.84338,2.6536,-0.64759,-2.92927,2,-0.654512,-2.99928,2.00685,2.24298,-0.495867,0,2.32925,-0.541137,0.00657627,2.34342,-0.518072,0,2.35515,-0.571628,0.0165318
29.19,-0.597532,-2.80856,2.65596,-0.703258,-2.84713,2.65365,-0.624289,-2.93432,2,-0.638011,-3.00322,2.00696,2.24685,-0.478026,0,2.33333,-0.528095,0.006821,2.34746,-0.499431,0,2.35928,-0.553475,0.015565
29.2004,-0.574401,-2.81338,2.65596,-0.679896,-2.85231,2.65372,-0.600122,-2.93936,2,-0.607291,-3.0102,2.00716,2.25071,-0.459521,-7.3098e-19,2.33896,-0.509409,0.00716986,2.35149,-0.480098,0,2.36689,-0.519807,0.0138246
29.2101,-0.551802,-2.8179,2.65596,-0.65648,-2.85731,2.65379,-0.576512,-2.94408,2,-0.590709,-3.01377,2.00725,2.25432,-0.441442,0,2.34428,-0.490605,0.00758954,2.35527,-0.461209,0,2.37091,-0.501678,0.0129783
29.2201,-0.530094,-2.82206,2.65596,-0.633011,-2.86212,2.65387,-0.553831,-2.94844,2,-0.566971,-3.01866,2.00737,2.25765,-0.424075,-7.3098e-19,2.34935,-0.471712,0.00813139,2.35875,-0.443065,0,2.37656,-0.475818,0.0119054
29.2301,-0.506795,-2.82634,2.65596,-0.609494,-2.86675,2.65395,-0.529489,-2.9529,2,-0.543178,-3.02329,2.00749,2.26107,-0.405436,0,2.3541,-0.452736,0.00876474,2.36232,-0.423592,0,2.38206,-0.450001,0.0109707
29.24,-0.484917,-2.83018,2.65596,-0.578853,-2.87247,2.65407,-0.506632,-2.95691,2,-0.512167,-3.02892,2.00762,2.26414,-0.387934,-3.6549e-19,2.35972,-0.427897,0.00964453,2.36553,-0.405305,0,2.38894,-0.416466,0.00989245
29.2501,-0.461877,-2.83403,2.65596,-0.555236,-2.87665,2.65417,-0.482559,-2.96094,2,-0.488251,-3.03296,2.00772,2.26722,-0.369501,3.6549e-19,2.36373,-0.408632,0.0101138,2.36875,-0.386047,0,2.39417,-0.390684,0.00892797
29.2603,-0.438738,-2.8377,2.65596,-0.53158,-2.88064,2.65427,-0.458385,-2.96477,2,-0.464283,-3.03674,2.0078,2.27016,-0.350991,3.6549e-19,2.36745,-0.389358,0.0106213,2.37182,-0.366708,0,2.39941,-0.365008,0.00806866
29.27,-0.414774,-2.8413,2.65596,-0.514999,-2.88332,2.65435,-0.433347,-2.96854,2,-0.447475,-3.03923,2.00786,2.27304,-0.331819,0,2.36982,-0.375862,0.0110184,2.37483,-0.346678,0,2.40303,-0.347099,0.00755037
29.2802,-0.393296,-2.84436,2.65596,-0.488912,-2.88734,2.65447,-0.410908,-2.97173,2,-0.42101,-3.04289,2.00794,2.27549,-0.314637,0,2.37316,-0.354681,0.0115645,2.37738,-0.328726,0,2.40859,-0.319125,0.00673043
29.29,-0.370596,-2.8474,2.65596,-0.465167,-2.89079,2.65459,-0.387191,-2.97491,2,-0.3969,-3.04596,2.008,2.27792,-0.296477,0,2.37586,-0.335447,0.0119145,2.37993,-0.309753,0,2.41348,-0.293896,0.00591626
29.3004,-0.347482,-2.85032,2.65596,-0.441396,-2.89405,2.65471,-0.363042,-2.97795,2,-0.372741,-3.04877,2.00805,2.28025,-0.277986,-3.6549e-19,2.37835,-0.316056,0.0123147,2.38236,-0.290434,0,2.41836,-0.268674,0.00522556
29.3101,-0.325374,-2.85293,2.65596,-0.417601,-2.89711,2.65484,-0.339944,-2.98068,2,-0.353379,-3.05084,2.00809,2.28234,-0.260299,-3.6549e-19,2.38045,-0.296579,0.0127261,2.38454,-0.271955,0,2.42213,-0.248544,0.00473835
29.32,-0.302668,-2.85542,2.65596,-0.398552,-2.89942,2.65494,-0.316221,-2.98329,2,-0.329134,-3.0532,2.00814,2.28434,-0.242134,0,2.38191,-0.28101,0.0130567,2.38663,-0.252977,0,2.42673,-0.223535,0.00420251
29.33,-0.279873,-2.85775,2.65596,-0.369956,-2.90265,2.6551,-0.292406,-2.98572,2,-0.29998,-3.0557,2.00819,2.2862,-0.223899,0,2.38402,-0.257628,0.0135057,2.38857,-0.233925,0,2.43238,-0.193732,0.0036207
29.34,-0.257226,-2.85987,2.65596,-0.346108,-2.90513,2.65524,-0.268744,-2.98794,2,-0.275632,-3.05752,2.00822,2.2879,-0.20578,-3.6549e-19,2.38562,-0.238183,0.0137913,2.39035,-0.214995,0,2.4371,-0.169145,0.00313814
29.3501,-0.234202,-2.86185,2.65596,-0.327018,-2.90698,2.65535,-0.24469,-2.99,2,-0.251239,-3.05909,2.00825,2.28948,-0.187362,1.82745e-19,2.38663,-0.222627,0.0140129,2.392,-0.195752,0,2.4416,-0.144723,0.00273038
29.36,-0.211349,-2.86363,2.65596,-0.298372,-2.90951,2.65552,-0.220813,-2.99186,2,-0.226801,-3.06041,2.00827,2.2909,-0.169079,-1.82745e-19,2.38771,-0.199322,0.0142839,2.39349,-0.17665,0,2.44597,-0.120502,0.00234899
29.3705,-0.18581,-2.8654,2.65596,-0.27688,-2.91122,2.65565,-0.19413,-2.99371,2,-0.209668,-3.0612,2.00829,2.29232,-0.148648,-1.82745e-19,2.3883,-0.18189,0.0144197,2.39497,-0.155304,0,2.44898,-0.103696,0.00208806
29.3802,-0.165167,-2.86667,2.65596,-0.260161,-2.91245,2.65575,-0.172563,-2.99503,2,-0.187611,-3.06203,2.00831,2.29333,-0.132134,1.82745e-19,2.38855,-0.168301,0.0144899,2.39603,-0.138051,0,2.45268,-0.0821969,0.00178282
29.3902,-0.14089,-2.86796,2.65596,-0.236275,-2.91403,2.65589,-0.147199,-2.99639,2,-0.163065,-3.06274,2.00832,2.29437,-0.112712,1.82745e-19,2.38858,-0.148857,0.0145328,2.39711,-0.117759,0,2.45655,-0.0584605,0.00145961
29.4,-0.119573,-2.86893,2.65596,-0.205223,-2.91581,2.65608,-0.124928,-2.9974,2,-0.13848,-3.0632,2.00834,2.29514,-0.0956585,0,2.38853,-0.123498,0.0145839,2.39792,-0.099942,0,2.46041,-0.0349143,0.00121749
29.4102,-0.096185,-2.86981,2.65596,-0.188504,-2.91662,2.65618,-0.100492,-2.99832,2,-0.113857,-3.06343,2.00835,2.29585,-0.076948,0,2.38843,-0.109802,0.0144573,2.39865,-0.0803937,0,2.46414,-0.0115622,0.000918045
29.4201,-0.0737015,-2.87047,2.65596,-0.164621,-2.91762,2.65633,-0.0770018,-2.99901,2,-0.0891975,-3.06343,2.00835,2.29638,-0.0589612,-9.13725e-20,2.3881,-0.0902253,0.0140773,2.39921,-0.0616014,0,2.46775,0.0115917,0.000437219
29.4301,-0.0507074,-2.87097,2.65596,-0.13358,-2.91863,2.65651,-0.0529781,-2.99953,2,-0.0570872,-3.06309,2.00836,2.29678,-0.0405659,0,2.38737,-0.0646754,0.0136195,2.39963,-0.0423825,0,2.47225,0.0414688,-2.0164e-05
29.4401,-0.0275117,-2.87129,2.65596,-0.10971,-2.91918,2.65664,-0.0287437,-2.99986,2,-0.0323481,-3.06256,2.00836,2.29703,-0.0220094,0,2.38662,-0.0449568,0.013218,2.39989,-0.0229949,0,2.47553,0.0642383,-0.000322571
29.4501,-0.00462485,-2.87142,2.65596,-0.0930063,-2.91944,2.65673,-0.00483195,-3,2,-0.0150116,-3.06206,2.00835,2.29713,-0.00369988,0,2.38593,-0.03117,0.012955,2.4,-0.00386556,0,2.47773,0.0800518,-0.000465656
29.4601,0.0182794,-2.87136,2.65596,-0.0667671,-2.91967,2.65687,0.0190979,-2.99994,2,0.0122628,-3.06104,2.00835,2.29709,0.0146235,0,2.38481,-0.00953649,0.0125384,2.39995,0.0152783,0,2.48126,0.104692,-0.000609531
29.47,0.0410805,-2.87113,2.65596,-0.0429241,-2.91966,2.657,0.0429201,-2.99969,2,0.0370914,-3.05988,2.00834,2.2969,0.0328644,-4.56862e-20,2.38378,0.0101251,0.0121466,2.39975,0.034336,0,2.48445,0.12684,-0.00066517
29.48,0.0639624,-2.87071,2.65596,-0.0190922,-2.91947,2.65712,0.0668266,-2.99926,2,0.061951,-3.0585,2.00833,2.29657,0.05117,0,2.38255,0.0297373,0.011872,2.3994,0.0534613,0,2.48743,0.148705,-0.00052226
29.4901,0.0874776,-2.87009,2.65596,0.00472595,-2.91907,2.65723,0.0913948,-2.99861,2,0.0868391,-3.05691,2.00833,2.29607,0.0699821,-9.13725e-20,2.38106,0.049268,0.0116836,2.39889,0.0731158,0,2.49018,0.170282,-0.00021255
29.5001,0.110608,-2.86929,2.65596,0.0237693,-2.91861,2.65733,0.115561,-2.99777,2,0.106769,-3.05548,2.00833,2.29543,0.0884864,0,2.37976,0.0648182,0.0115811,2.39822,0.0924488,0,2.4923,0.187313,0.000141828
29.51,0.132757,-2.86835,2.65596,0.0523138,-2.9177,2.65747,0.138702,-2.99679,2,0.136695,-3.05308,2.00834,2.29468,0.106206,-1.82745e-19,2.37764,0.0880724,0.0114681,2.39743,0.110961,0,2.49529,0.212505,0.000810718
29.5201,0.156212,-2.86717,2.65596,0.076081,-2.91672,2.65758,0.163207,-2.99556,2,0.16166,-3.05085,2.00835,2.29373,0.124969,0,2.37576,0.107499,0.0112827,2.39645,0.130565,0,2.49761,0.233255,0.00136343
29.5301,0.178587,-2.86586,2.65596,0.0998282,-2.91555,2.65769,0.186584,-2.99419,2,0.186646,-3.04841,2.00836,2.29269,0.14287,0,2.37362,0.126931,0.0110981,2.39535,0.149267,0,2.49966,0.253777,0.00199483
29.5401,0.201825,-2.86432,2.65596,0.123552,-2.91418,2.6578,0.210863,-2.99258,2,0.211652,-3.04577,2.00839,2.29145,0.16146,0,2.37121,0.146332,0.0109645,2.39406,0.16869,0,2.50145,0.274043,0.00275362
29.55,0.224662,-2.86262,2.65596,0.142514,-2.91295,2.65789,0.234722,-2.9908,2,0.236675,-3.04293,2.00842,2.29009,0.17973,0,2.3692,0.161872,0.0108868,2.39264,0.187778,0,2.5031,0.294099,0.00362767
29.56,0.247463,-2.86074,2.65596,0.170926,-2.91087,2.65802,0.258544,-2.98884,2,0.261714,-3.03989,2.00846,2.28859,0.19797,0,2.36609,0.18515,0.0107852,2.39107,0.206835,0,2.50463,0.313882,0.00457782
29.5703,0.27131,-2.85857,2.65596,0.189846,-2.90932,2.65811,0.283459,-2.98658,2,0.281755,-3.03732,2.0085,2.28686,0.217048,0,2.36391,0.200638,0.010671,2.38926,0.226767,0,2.50569,0.329489,0.00534197
29.5801,0.293227,-2.85641,2.65596,0.213471,-2.90722,2.65821,0.306357,-2.98432,2,0.306818,-3.03393,2.00856,2.28513,0.234582,3.6549e-19,2.36117,0.219967,0.0104691,2.38745,0.245086,0,2.50694,0.348751,0.00629628
29.59,0.316048,-2.85397,2.65596,0.241785,-2.90444,2.65834,0.3302,-2.98177,2,0.336909,-3.02961,2.00864,2.28318,0.252838,0,2.35773,0.243158,0.0101758,2.38542,0.26416,0,2.50818,0.371527,0.00747301
29.6,0.338774,-2.85136,2.65596,0.265348,-2.90191,2.65844,0.353944,-2.97905,2,0.361995,-3.0258,2.00872,2.28109,0.271019,-3.6549e-19,2.35477,0.262505,0.0098747,2.38324,0.283155,0,2.50901,0.390237,0.00846184
29.61,0.361738,-2.84854,2.65596,0.286528,-2.89947,2.65852,0.377936,-2.9761,2,0.384579,-3.02221,2.0088,2.27883,0.28939,0,2.35199,0.27993,0.00962781,2.38088,0.302349,0,2.50959,0.406903,0.00942526
29.62,0.384512,-2.84556,2.65596,0.305334,-2.89717,2.6586,0.40173,-2.97298,2,0.404658,-3.0189,2.00888,2.27645,0.30761,0,2.34935,0.29541,0.00941885,2.37838,0.321384,0,2.50993,0.42157,0.0103305
29.63,0.407105,-2.84241,2.65596,0.32881,-2.89412,2.65869,0.425335,-2.9697,2,0.429758,-3.01459,2.00899,2.27393,0.325684,3.6549e-19,2.34587,0.314794,0.00912299,2.37576,0.340268,0,2.51009,0.439721,0.0114742
29.6401,0.430349,-2.83899,2.65596,0.352251,-2.89087,2.65878,0.44962,-2.96612,2,0.454859,-3.0101,2.00911,2.27119,0.344279,3.6549e-19,2.3424,0.334192,0.00886424,2.37289,0.359696,0,2.51011,0.457609,0.0127017
29.65,0.452475,-2.83555,2.65596,0.375657,-2.88743,2.65887,0.472737,-2.96252,2,0.479959,-3.00544,2.00924,2.26844,0.36198,-3.6549e-19,2.33875,0.353643,0.00863011,2.37002,0.37819,0,2.50979,0.475289,0.0139953
29.6601,0.475551,-2.83177,2.65596,0.399026,-2.8838,2.65895,0.496846,-2.95857,2,0.505054,-3.0006,2.00939,2.26541,0.380441,3.6549e-19,2.3351,0.373049,0.00802558,2.36686,0.397477,0,2.50933,0.492692,0.0149526
29.6701,0.498101,-2.82789,2.65596,0.42236,-2.87997,2.65903,0.520405,-2.95452,2,0.530145,-2.99559,2.00954,2.26231,0.398481,0,2.33153,0.392324,0.00695036,2.36361,0.416324,0,2.5088,0.509742,0.0154686
29.68,0.520616,-2.82383,2.65596,0.445657,-2.87595,2.65909,0.543928,-2.95028,2,0.55523,-2.9904,2.0097,2.25906,0.416492,0,2.32805,0.411456,0.00518726,2.36022,0.435143,0,2.5082,0.526439,0.01532
29.69,0.543287,-2.81955,2.65596,0.468921,-2.87175,2.65913,0.567615,-2.94581,2,0.580309,-2.98506,2.00984,2.25564,0.43463,0,2.32471,0.430404,0.00275586,2.35665,0.454092,0,2.5076,0.542761,0.0145223
29.7001,0.565868,-2.81511,2.65596,0.492151,-2.86735,2.65914,0.591207,-2.94117,2,0.605382,-2.97955,2.00998,2.25209,0.452694,7.3098e-19,2.32135,0.449253,-5.20946e-05,2.35294,0.472966,0,2.50684,0.558793,0.0133678
29.7102,0.589064,-2.81035,2.65596,0.510711,-2.86369,2.65913,0.615442,-2.93619,2,0.630446,-2.97388,2.01011,2.24828,0.471252,7.3098e-19,2.31867,0.464295,-0.00251283,2.34895,0.492354,0,2.50596,0.574598,0.0119678
29.7203,0.612206,-2.8054,2.65596,0.53851,-2.85799,2.65908,0.639621,-2.93102,2,0.655499,-2.96806,2.01023,2.24432,0.489765,0,2.3144,0.486952,-0.00583188,2.34482,0.511696,0,2.50473,0.5903,0.0109542
29.73,0.633823,-2.80059,2.65596,0.559324,-2.85353,2.65902,0.662205,-2.926,2,0.678035,-2.96268,2.01032,2.24047,0.507059,0,2.31088,0.503991,-0.00789546,2.3408,0.529764,0,2.50323,0.604275,0.0104309
29.7401,0.658585,-2.79487,2.65596,0.582413,-2.84839,2.65893,0.688077,-2.92003,2,0.703059,-2.95656,2.01042,2.2359,0.526868,0,2.30692,0.522817,-0.0104257,2.33602,0.550461,0,2.50136,0.619519,0.00961684
29.75,0.678099,-2.7902,2.65596,0.605462,-2.84307,2.65881,0.708464,-2.91515,2,0.728061,-2.95029,2.01052,2.23216,0.542479,0,2.30277,0.541558,-0.0129558,2.33212,0.566771,0,2.49916,0.634514,0.00881068
29.76,0.700385,-2.78469,2.65596,0.628468,-2.83756,2.65867,0.731748,-2.90939,2,0.753041,-2.94387,2.0106,2.22775,0.560308,0,2.29849,0.560267,-0.0156586,2.32751,0.585398,0,2.49671,0.64931,0.00783489
29.77,0.722415,-2.77906,2.65596,0.646842,-2.83302,2.65854,0.754764,-2.9035,2,0.773006,-2.93863,2.01066,2.22325,0.577932,0,2.29504,0.575182,-0.018007,2.3228,0.603812,0,2.49459,0.660983,0.00686669
29.78,0.744781,-2.77315,2.65596,0.67435,-2.82598,2.6583,0.778132,-2.89733,2,0.80292,-2.9306,2.01073,2.21852,0.595825,0,2.28953,0.59752,-0.0211041,2.31786,0.622506,0,2.49098,0.678275,0.00584685
29.79,0.766723,-2.76716,2.65596,0.697221,-2.81991,2.65808,0.801057,-2.89107,2,0.827813,-2.92374,2.01079,2.21373,0.613378,-1.46196e-18,2.28464,0.616277,-0.0232697,2.31286,0.640845,0,2.48753,0.692636,0.00541499
29.8,0.78902,-2.76089,2.65596,0.720042,-2.81366,2.65784,0.824352,-2.88452,2,0.85267,-2.91674,2.01084,2.20871,0.631216,0,2.27959,0.635016,-0.0255394,2.30761,0.659482,0,2.48378,0.706849,0.00487091
29.8101,0.811524,-2.75436,2.65596,0.742812,-2.80721,2.65757,0.847863,-2.87769,2,0.877488,-2.9096,2.01089,2.20349,0.649219,-7.3098e-19,2.27432,0.653736,-0.0277063,2.30216,0.678291,0,2.47971,0.720953,0.00442649
29.8201,0.833672,-2.74773,2.65596,0.760989,-2.80192,2.65734,0.871003,-2.87078,2,0.897311,-2.90379,2.01092,2.19819,0.666937,-7.3098e-19,2.26983,0.668768,-0.0290987,2.29662,0.696802,0,2.47614,0.732216,0.00441031
29.8301,0.855316,-2.74107,2.65596,0.788184,-2.79376,2.65698,0.893616,-2.86382,2,0.926989,-2.8949,2.01098,2.19286,0.684253,0,2.26264,0.691508,-0.0304047,2.29105,0.714893,0,2.47017,0.749159,0.00516144
29.8403,0.878328,-2.73379,2.65596,0.81078,-2.78675,2.65668,0.917659,-2.8562,2,0.951665,-2.88734,2.01104,2.18703,0.702662,0,2.25651,0.710476,-0.0312862,2.28496,0.734127,0,2.4649,0.763168,0.00597542
29.85,0.89868,-2.72716,2.65596,0.833313,-2.77955,2.65636,0.938923,-2.84928,2,0.976286,-2.87964,2.0111,2.18173,0.718944,7.3098e-19,2.25008,0.729502,-0.0318751,2.27943,0.751138,0,2.45916,0.77715,0.00705986
29.8601,0.9209,-2.71974,2.65596,0.855781,-2.77216,2.65604,0.962137,-2.84153,2,1.00085,-2.8718,2.01118,2.17579,0.73672,-7.3098e-19,2.24338,0.748406,-0.0324117,2.27322,0.76971,0,2.45304,0.790985,0.00817291
29.8702,0.943105,-2.71212,2.65596,0.87818,-2.76458,2.65571,0.985337,-2.83357,2,1.02535,-2.86382,2.01127,2.1697,0.754484,0,2.23639,0.7672,-0.0326438,2.26686,0.788269,0,2.44652,0.804691,0.00956881
29.88,0.964049,-2.70475,2.65596,0.896048,-2.75839,2.65545,1.00722,-2.82586,2,1.0449,-2.85734,2.01135,2.1638,0.771239,-1.46196e-18,2.23064,0.782243,-0.0325558,2.26069,0.805775,0,2.44107,0.815647,0.0109397
29.8901,0.985716,-2.69693,2.65596,0.91387,-2.75207,2.65519,1.02986,-2.81769,2,1.0644,-2.85077,2.01144,2.15754,0.788572,0,2.22476,0.797298,-0.0322214,2.25415,0.823884,0,2.43538,0.826599,0.012537
29.9,1.00782,-2.68874,2.65596,0.942728,-2.74154,2.65478,1.05295,-2.80914,2,1.08872,-2.84244,2.01158,2.151,0.806257,7.3098e-19,2.21495,0.821783,-0.0311899,2.24732,0.84236,0,2.42796,0.840259,0.0148363
29.91,1.02876,-2.6808,2.65596,0.958214,-2.73575,2.65456,1.07483,-2.80085,2,1.11296,-2.83397,2.01174,2.14464,0.823009,-7.3098e-19,2.2097,0.834968,-0.0308315,2.24068,0.859863,0,2.42029,0.853876,0.0169754
29.9203,1.05094,-2.67218,2.65596,0.986876,-2.72473,2.65417,1.098,-2.79184,2,1.14436,-2.82275,2.01197,2.13775,0.840755,0,2.1998,0.859426,-0.0303581,2.23347,0.878404,0,2.40992,0.871524,0.0193225
29.9301,1.0714,-2.66405,2.65596,1.00884,-2.71604,2.65386,1.11937,-2.78334,2,1.16121,-2.81662,2.01211,2.13124,0.857118,-1.46196e-18,2.19207,0.87818,-0.0301599,2.22668,0.895499,0,2.40414,0.880996,0.0204526
29.9401,1.09284,-2.65532,2.65596,1.03072,-2.70717,2.65356,1.14178,-2.77423,2,1.19239,-2.80505,2.01239,2.12426,0.874273,0,2.18424,0.896821,-0.0299122,2.21938,0.913423,0,2.39305,0.898495,0.0224835
29.9503,1.11457,-2.64628,2.65596,1.05252,-2.69811,2.65327,1.16448,-2.76478,2,1.21627,-2.796,2.01263,2.11702,0.891654,0,2.17616,0.91538,-0.029403,2.21182,0.931582,0,2.3841,0.911959,0.0242715
29.9602,1.1353,-2.63745,2.65596,1.07424,-2.68886,2.65298,1.18614,-2.75555,2,1.24007,-2.78681,2.01288,2.10996,0.908238,0,2.16785,0.933809,-0.0285908,2.20444,0.948909,0,2.37478,0.925388,0.0263078
29.9703,1.15686,-2.62807,2.65596,1.08939,-2.68228,2.65278,1.20866,-2.74575,2,1.26377,-2.77749,2.01315,2.10245,0.925484,0,2.16192,0.946704,-0.0279167,2.1966,0.966927,0,2.36511,0.938893,0.0284634
29.98,1.17746,-2.6189,2.65596,1.11743,-2.66982,2.65242,1.23018,-2.73618,2,1.28737,-2.76803,2.01345,2.09512,0.941964,0,2.15073,0.970365,-0.0269513,2.18894,0.984145,0,2.3552,0.952263,0.0302122
29.99,1.19802,-2.60956,2.65596,1.13246,-2.66298,2.65224,1.25167,-2.72641,2,1.31087,-2.75844,2.01376,2.08765,0.958419,0,2.14465,0.983004,-0.0266861,2.18113,1.00134,0,2.34504,0.965573,0.0315771
30.0001,1.21912,-2.59977,2.65596,1.15386,-2.65306,2.65197,1.27372,-2.71618,2,1.32726,-2.75165,2.01398,2.07981,0.975299,0,2.13606,1.00091,-0.0265469,2.17295,1.01897,0,2.33789,0.974862,0.0323332
30.0101,1.23988,-2.58993,2.65596,1.18156,-2.6399,2.65163,1.2954,-2.70591,2,1.35757,-2.73887,2.01441,2.07194,0.991906,0,2.12466,1.02417,-0.0260643,2.16473,1.03632,0,2.32411,0.992233,0.0339877
30.0201,1.26027,-2.58007,2.65596,1.20276,-2.62957,2.65137,1.31671,-2.6956,2,1.38075,-2.72888,2.01476,2.06406,1.00822,0,2.11575,1.04197,-0.0255551,2.15648,1.05337,0,2.31315,1.00562,0.0353084
30.03,1.28075,-2.56997,2.65596,1.21755,-2.62223,2.65119,1.3381,-2.68505,2,1.40383,-2.71875,2.01512,2.05598,1.0246,1.46196e-18,2.10944,1.05437,-0.0250556,2.14804,1.07048,0,2.30192,1.01907,0.0367949
30.04,1.30158,-2.55948,2.65596,1.24489,-2.60838,2.65087,1.35987,-2.67409,2,1.42679,-2.7085,2.01549,2.04758,1.04127,1.46196e-18,2.09764,1.07704,-0.0243405,2.13927,1.08789,0,2.29054,1.03246,0.0379089
30.05,1.32156,-2.54922,2.65596,1.26583,-2.59752,2.65063,1.38074,-2.66337,2,1.44964,-2.6981,2.01587,2.03938,1.05725,-1.46196e-18,2.08842,1.09425,-0.0240914,2.1307,1.10459,0,2.27886,1.04581,0.0387334
30.0601,1.3423,-2.53836,2.65596,1.28666,-2.58649,2.65039,1.40241,-2.65203,2,1.47237,-2.68758,2.01627,2.03069,1.07384,0,2.07896,1.11133,-0.0235382,2.12162,1.12193,0,2.2668,1.05923,0.0397777
30.07,1.36257,-2.52754,2.65596,1.3074,-2.57529,2.65016,1.42359,-2.64072,2,1.49497,-2.67692,2.01667,2.02203,1.09006,0,2.06936,1.12833,-0.0226366,2.11258,1.13887,0,2.25448,1.07281,0.0410826
30.0801,1.3828,-2.51653,2.65596,1.32805,-2.56393,2.64994,1.44473,-2.62921,2,1.51072,-2.66938,2.01696,2.01322,1.10624,0,2.0597,1.14523,-0.0214425,2.10337,1.15578,0,2.24574,1.08239,0.0421184
30.0901,1.40268,-2.5055,2.65596,1.34244,-2.55587,2.64979,1.46549,-2.6177,2,1.53312,-2.65848,2.01739,2.0044,1.12214,0,2.05286,1.15701,-0.0204758,2.09416,1.17239,0,2.23303,1.09618,0.0437207
30.1002,1.4229,-2.49407,2.65596,1.36905,-2.54069,2.64954,1.48662,-2.60576,2,1.56204,-2.64412,2.01797,1.99526,1.13832,0,2.04004,1.17854,-0.0189778,2.0846,1.18929,0,2.21619,1.11409,0.0454063
30.11,1.44259,-2.48273,2.65596,1.3894,-2.52882,2.64935,1.50719,-2.59391,2,1.58413,-2.63291,2.01843,1.98619,1.15407,0,2.03013,1.19487,-0.0181472,2.07513,1.20575,0,2.20304,1.12784,0.0462818
30.1201,1.46396,-2.47019,2.65596,1.40358,-2.52041,2.64923,1.52952,-2.58081,2,1.59952,-2.62498,2.01876,1.97615,1.17117,-1.46196e-18,2.02315,1.20624,-0.0175085,2.06465,1.22362,0,2.19372,1.13753,0.0468971
30.13,1.48281,-2.45893,2.65596,1.4298,-2.5046,2.64901,1.54921,-2.56904,2,1.62793,-2.61007,2.01937,1.96714,1.18625,0,2.01008,1.22704,-0.0164764,2.05523,1.23937,0,2.17619,1.15559,0.0477634
30.1401,1.50208,-2.4472,2.65596,1.44385,-2.49597,2.64889,1.56934,-2.55679,2,1.64313,-2.60195,2.01971,1.95776,1.20167,-1.46196e-18,2.00311,1.23809,-0.016092,2.04543,1.25548,0,2.16674,1.1653,0.0479934
30.1501,1.52209,-2.43481,2.65596,1.46383,-2.48351,2.64873,1.59024,-2.54384,2,1.66473,-2.59023,2.02019,1.94785,1.21767,0,1.99312,1.25368,-0.015823,2.03507,1.2722,0,2.15309,1.17915,0.0479639
30.16,1.54087,-2.42297,2.65596,1.48965,-2.46708,2.64853,1.60987,-2.53147,2,1.68619,-2.57837,2.02067,1.93838,1.23269,0,1.97988,1.27383,-0.0152447,2.02517,1.28789,0,2.13918,1.1931,0.0479471
30.17,1.55994,-2.41073,2.65596,1.5094,-2.45427,2.64838,1.62979,-2.51868,2,1.71388,-2.56274,2.02129,1.92859,1.24795,0,1.96961,1.28932,-0.0146044,2.01495,1.30383,0,2.1208,1.21148,0.0481579
30.18,1.57935,-2.39806,2.65596,1.52904,-2.4413,2.64824,1.65007,-2.50545,2,1.73501,-2.55055,2.02178,1.91845,1.26348,-1.46196e-18,1.95926,1.30461,-0.013656,2.00436,1.32006,0,2.10647,1.22571,0.048505
30.1901,1.59893,-2.38505,2.65596,1.54078,-2.43344,2.64816,1.67053,-2.49185,2,1.74763,-2.54317,2.02207,1.90804,1.27915,0,1.95302,1.31368,-0.012941,1.99348,1.33642,0,2.09783,1.2343,0.0488158
30.1999,1.61717,-2.37272,2.65596,1.56414,-2.41757,2.64801,1.68958,-2.47897,2,1.7727,-2.52826,2.02266,1.89818,1.29373,0,1.9406,1.33164,-0.0116623,1.98318,1.35167,0,2.08059,1.25158,0.0491964
30.21,1.63612,-2.35969,2.65596,1.5835,-2.40418,2.6479,1.70939,-2.46536,2,1.79343,-2.51567,2.02315,1.88775,1.3089,0,1.93029,1.3464,-0.0109089,1.97229,1.36751,0,2.0662,1.26597,0.0491152
30.22,1.65506,-2.34645,2.65596,1.59698,-2.39472,2.64783,1.72917,-2.45152,2,1.80786,-2.50677,2.02349,1.87716,1.32405,0,1.923,1.3567,-0.0103009,1.96122,1.38334,0,2.05604,1.27614,0.0490928
30.23,1.67382,-2.3331,2.65596,1.61616,-2.38108,2.64773,1.74878,-2.43758,2,1.82835,-2.49394,2.02398,1.86648,1.33906,0,1.91252,1.37128,-0.00948698,1.95006,1.39902,0,2.04143,1.29073,0.0489429
30.24,1.69244,-2.31963,2.65596,1.64094,-2.36313,2.64761,1.76823,-2.42351,2,1.84869,-2.48096,2.02447,1.85571,1.35395,0,1.89883,1.39016,-0.00837375,1.9388,1.41458,0,2.02682,1.30542,0.0487257
30.2501,1.71191,-2.3053,2.65596,1.6542,-2.35336,2.64756,1.78857,-2.40853,2,1.86888,-2.46783,2.02496,1.84424,1.36953,1.46196e-18,1.89137,1.4003,-0.00772352,1.92683,1.43085,0,2.01195,1.32025,0.0485747
30.2602,1.72961,-2.29205,2.65596,1.6787,-2.33504,2.64746,1.80706,-2.39469,2,1.89491,-2.45054,2.02559,1.83364,1.38369,0,1.87745,1.41885,-0.00677616,1.91575,1.44565,0,1.99262,1.33952,0.0479995
30.2701,1.74797,-2.27808,2.65596,1.69181,-2.32507,2.64742,1.82624,-2.38009,2,1.90882,-2.44113,2.02592,1.82246,1.39838,0,1.86986,1.42876,-0.00644103,1.90407,1.46099,0,1.98214,1.34996,0.0474791
30.28,1.76573,-2.26434,2.65596,1.71046,-2.31071,2.64735,1.8448,-2.36574,2,1.93446,-2.42345,2.02653,1.81147,1.41259,-1.46196e-18,1.85891,1.44285,-0.00603342,1.89259,1.47584,0,1.96259,1.36946,0.0463392
30.2901,1.78427,-2.24977,2.65596,1.72899,-2.29621,2.6473,1.86416,-2.35051,2,1.94817,-2.41383,2.02685,1.79981,1.42741,1.46196e-18,1.84779,1.4568,-0.00553991,1.88041,1.49133,0,1.95194,1.38001,0.0458091
30.3001,1.80217,-2.23545,2.65596,1.75292,-2.27716,2.64723,1.88287,-2.33555,2,1.97341,-2.39576,2.02745,1.78836,1.44174,0,1.83287,1.47512,-0.00432292,1.86844,1.5063,0,1.93179,1.39997,0.0452475
30.3102,1.82029,-2.22072,2.65596,1.76936,-2.26382,2.6472,1.9018,-2.32016,2,1.98497,-2.38733,2.02772,1.77657,1.45623,-1.46196e-18,1.82237,1.48781,-0.0033978,1.85613,1.52144,0,1.92242,1.40928,0.0450232
30.3201,1.83783,-2.20623,2.65596,1.78209,-2.25337,2.64718,1.92012,-2.30502,2,2.00412,-2.37316,2.02816,1.76498,1.47026,1.46196e-18,1.81398,1.49761,-0.00270413,1.84402,1.5361,0,1.90658,1.42494,0.0445733
30.33,1.85494,-2.19186,2.65596,1.80017,-2.23833,2.64715,1.938,-2.29001,2,2.02877,-2.3545,2.02874,1.75349,1.48395,0,1.80187,1.51139,-0.00197612,1.83201,1.5504,0,1.8859,1.44526,0.0435278
30.3401,1.87255,-2.17684,2.65596,1.81813,-2.22315,2.64714,1.9564,-2.27431,2,2.04193,-2.34435,2.02904,1.74147,1.49804,1.46196e-18,1.78965,1.52503,-0.00138388,1.81945,1.56512,0,1.87472,1.45619,0.0429182
30.35,1.88987,-2.16182,2.65596,1.84129,-2.20321,2.64713,1.97449,-2.25862,2,2.06617,-2.32528,2.02959,1.72945,1.51189,0,1.77348,1.54263,-0.000262286,1.8069,1.5796,0,1.85378,1.47655,0.042042
30.3601,1.90716,-2.14658,2.65596,1.85367,-2.19238,2.64713,1.99256,-2.2427,2,2.0791,-2.31491,2.02989,1.71726,1.52573,-1.46196e-18,1.76465,1.55204,0.000364241,1.79416,1.59405,0,1.84242,1.48755,0.0415724
30.3704,1.92471,-2.13086,2.65596,1.87126,-2.17679,2.64713,2.01089,-2.22628,2,2.09745,-2.29996,2.0303,1.70469,1.53976,0,1.75191,1.56519,0.00099015,1.78102,1.60871,0,1.8262,1.50315,0.0406188
30.3801,1.94137,-2.11569,2.65596,1.89392,-2.15633,2.64715,2.0283,-2.21043,2,2.11563,-2.28485,2.0307,1.69255,1.5531,0,1.73494,1.58198,0.00170524,1.76834,1.62264,0,1.80985,1.5187,0.0395339
30.39,1.95816,-2.10016,2.65596,1.90603,-2.14523,2.64716,2.04584,-2.1942,2,2.13364,-2.26958,2.03109,1.68013,1.56653,0,1.72563,1.59096,0.00206875,1.75536,1.63667,0,1.79332,1.53427,0.0385178
30.4005,1.97589,-2.08348,2.65596,1.92835,-2.12444,2.64719,2.06437,-2.17678,2,2.15682,-2.24951,2.03158,1.66679,1.58071,-1.46196e-18,1.70826,1.60743,0.00234757,1.74142,1.6515,0,1.77192,1.55452,0.0367211
30.4102,1.99285,-2.06727,2.65596,1.94028,-2.11315,2.64721,2.08209,-2.15984,2,2.16918,-2.23859,2.03183,1.65381,1.59428,0,1.69882,1.61622,0.00225869,1.72787,1.66567,0,1.76042,1.56543,0.035521
30.42,2.00783,-2.05272,2.65596,1.96225,-2.09204,2.64724,2.09774,-2.14464,2,2.19193,-2.2181,2.03228,1.64218,1.60626,0,1.68113,1.63233,0.00197621,1.71571,1.67819,0,1.73908,1.5857,0.0331794
30.4301,2.0244,-2.03639,2.65596,1.97899,-2.07565,2.64726,2.11505,-2.12757,2,2.20406,-2.20696,2.03251,1.62911,1.61952,0,1.66733,1.64461,0.00169174,1.70206,1.69204,0,1.72759,1.59662,0.0318516
30.4401,2.04077,-2.01997,2.65596,1.99063,-2.06411,2.64727,2.13216,-2.11043,2,2.22125,-2.19092,2.03282,1.61598,1.63262,2.92392e-18,1.65743,1.6532,0.00171471,1.68834,1.70573,0,1.71094,1.61234,0.0302307
30.45,2.05717,-2.00327,2.65596,2.00713,-2.04752,2.64729,2.14929,-2.09298,2,2.23828,-2.17472,2.03311,1.60262,1.64574,0,1.64311,1.6653,0.00170535,1.67438,1.71943,0,1.69418,1.62809,0.028635
30.4607,2.0745,-1.98532,2.65596,2.02349,-2.03081,2.6473,2.1674,-2.07422,2,2.25514,-2.15836,2.03339,1.58825,1.6596,0,1.62858,1.67734,0.0016472,1.65938,1.73392,0,1.67734,1.64389,0.0269977
30.4701,2.08845,-1.97064,2.65596,2.04131,-2.01228,2.64732,2.18197,-2.05888,2,2.27348,-2.14018,2.03368,1.57651,1.67076,-1.46196e-18,1.61237,1.69061,0.00200385,1.64711,1.74558,0,1.65869,1.66137,0.0256228
30.48,2.10385,-1.95419,2.65596,2.05736,-1.99532,2.64734,2.19806,-2.0417,2,2.28999,-2.12349,2.03393,1.56335,1.68308,-1.46196e-18,1.59755,1.70262,0.00225008,1.63336,1.75845,0,1.64174,1.67727,0.0243048
30.4901,2.11971,-1.93698,2.65596,2.06851,-1.98337,2.64736,2.21463,-2.02372,2,2.30632,-2.10663,2.03417,1.54958,1.69577,0,1.58703,1.71096,0.00253266,1.61897,1.7717,0,1.62471,1.69317,0.0232023
30.5001,2.13528,-1.9198,2.65596,2.0843,-1.9662,2.64739,2.2309,-2.00577,2,2.32248,-2.08962,2.03439,1.53584,1.70822,2.92392e-18,1.57203,1.72262,0.00283325,1.60461,1.78472,0,1.6078,1.70889,0.0218118
30.51,2.15034,-1.90292,2.65596,2.10461,-1.94371,2.64743,2.24663,-1.98813,2,2.33847,-2.07246,2.0346,1.52233,1.72027,0,1.55239,1.73756,0.00317807,1.5905,1.7973,0,1.59087,1.72454,0.0205968
30.52,2.16541,-1.88574,2.65596,2.12006,-1.92628,2.64746,2.26238,-1.97019,2,2.3543,-2.05513,2.0348,1.50859,1.73233,0,1.53731,1.74901,0.00345949,1.57615,1.8099,0,1.57405,1.74014,0.0193707
30.5301,2.18056,-1.86821,2.65596,2.13536,-1.90873,2.6475,2.2782,-1.95187,2,2.36996,-2.03765,2.03499,1.49457,1.74445,-1.46196e-18,1.5223,1.76035,0.00394928,1.5615,1.82256,0,1.5574,1.75574,0.0183649
30.54,2.19525,-1.85093,2.65596,2.15051,-1.89107,2.64754,2.29355,-1.93382,2,2.38545,-2.02002,2.03517,1.48075,1.7562,0,1.50726,1.77156,0.00461397,1.54705,1.83484,0,1.54084,1.77133,0.0175461
30.55,2.21005,-1.83323,2.65596,2.16102,-1.87864,2.64757,2.30901,-1.91532,2,2.39619,-2.00758,2.03529,1.46658,1.76804,0,1.49657,1.77936,0.00519648,1.53226,1.84721,0,1.52916,1.78227,0.0171013
30.5601,2.22484,-1.81526,2.65596,2.18035,-1.85542,2.64765,2.32446,-1.89654,2,2.41593,-1.98428,2.03551,1.45221,1.77987,0,1.47675,1.79359,0.00597587,1.51723,1.85957,0,1.50764,1.8024,0.0160136
30.5703,2.24029,-1.79615,2.65596,2.19065,-1.84283,2.64769,2.34061,-1.87658,2,2.42644,-1.97162,2.03562,1.43692,1.79223,0,1.46611,1.80114,0.00611794,1.50126,1.87249,0,1.49617,1.8131,0.015184
30.58,2.25343,-1.77963,2.65596,2.20958,-1.81933,2.64777,2.35434,-1.85932,2,2.44576,-1.94793,2.0358,1.4237,1.80275,0,1.44635,1.81496,0.00608273,1.48746,1.88347,0,1.47503,1.83282,0.0133988
30.5903,2.26938,-1.75925,2.65596,2.22397,-1.80113,2.64783,2.371,-1.83803,2,2.46043,-1.92952,2.03593,1.4074,1.81551,-1.46196e-18,1.43124,1.82548,0.00596337,1.47042,1.8968,0,1.45897,1.84788,0.0119813
30.6001,2.28172,-1.74322,2.65596,2.23395,-1.78832,2.64787,2.38389,-1.82128,2,2.4706,-1.91655,2.03601,1.39457,1.82538,0,1.42053,1.83285,0.00604028,1.45702,1.90711,0,1.44766,1.85844,0.0111714
30.61,2.29578,-1.72465,2.65596,2.24808,-1.76994,2.64793,2.39859,-1.80188,2,2.48928,-1.89226,2.03615,1.37972,1.83663,-1.46196e-18,1.40501,1.84326,0.00615421,1.44151,1.91887,0,1.42653,1.8779,0.00969311
30.62,2.30992,-1.70567,2.65596,2.26621,-1.74589,2.64801,2.41336,-1.78205,2,2.50347,-1.87341,2.03624,1.36454,1.84794,0,1.38478,1.85663,0.00639373,1.42564,1.93069,0,1.41031,1.89274,0.00876543
30.6301,2.32284,-1.68804,2.65596,2.27586,-1.73287,2.64806,2.42685,-1.76363,2,2.51749,-1.85441,2.03632,1.35043,1.85827,1.46196e-18,1.37384,1.86381,0.00656302,1.4109,1.94148,0,1.39411,1.90745,0.00787399
30.6401,2.33627,-1.66939,2.65596,2.29359,-1.70856,2.64814,2.44089,-1.74415,2,2.53135,-1.83526,2.0364,1.33551,1.86902,-1.46196e-18,1.35358,1.87687,0.00639046,1.39532,1.95271,0,1.37811,1.92193,0.00659529
30.6501,2.34992,-1.65013,2.65596,2.30303,-1.69539,2.64819,2.45514,-1.72403,2,2.54096,-1.82177,2.03644,1.32011,1.87993,0,1.34274,1.88382,0.00614344,1.37922,1.96412,0,1.36704,1.93199,0.00564621
30.66,2.36264,-1.63187,2.65596,2.32035,-1.67082,2.64827,2.46844,-1.70494,2,2.55455,-1.80238,2.03649,1.30549,1.89011,-1.46196e-18,1.32239,1.89651,0.0055165,1.36395,1.97475,0,1.35115,1.9462,0.0042151
30.67,2.37546,-1.61314,2.65596,2.3335,-1.65181,2.64832,2.48184,-1.68538,2,2.57198,-1.77696,2.03653,1.29051,1.90037,0,1.30678,1.90614,0.00500535,1.3483,1.98547,0,1.3307,1.96442,0.00240814
30.6801,2.38857,-1.59367,2.65596,2.34261,-1.63844,2.64835,2.49553,-1.66503,2,2.58521,-1.75725,2.03655,1.27493,1.91086,0,1.29571,1.91282,0.00486696,1.33203,1.99642,0,1.31486,1.97828,0.00145856
30.69,2.40108,-1.57476,2.65596,2.35932,-1.6135,2.64842,2.5086,-1.64528,2,2.59828,-1.7374,2.03656,1.25981,1.92086,0,1.275,1.92488,0.00464716,1.31622,2.00688,0,1.29906,1.99189,0.000474198
30.7002,2.41419,-1.55458,2.65596,2.37199,-1.5942,2.64846,2.5223,-1.6242,2,2.60733,-1.72342,2.03656,1.24367,1.93135,0,1.25898,1.93401,0.00419803,1.29936,2.01784,0,1.28802,2.00129,-0.000334693
30.71,2.42589,-1.53626,2.65596,2.3845,-1.57482,2.6485,2.53452,-1.60506,2,2.62394,-1.69729,2.03655,1.22901,1.94071,0,1.24272,1.94301,0.00407826,1.28405,2.02762,0,1.26736,2.01852,-0.00139277
30.7201,2.43834,-1.51642,2.65596,2.39684,-1.55534,2.64854,2.54753,-1.58433,2,2.63653,-1.67704,2.03653,1.21314,1.95067,0,1.22623,1.95193,0.00435475,1.26746,2.03802,0,1.25135,2.03165,-0.00166172
30.7301,2.45034,-1.49697,2.65596,2.40538,-1.54166,2.64857,2.56006,-1.564,2,2.64525,-1.66279,2.03652,1.19757,1.96027,0,1.21455,1.95815,0.00471227,1.2512,2.04805,0,1.24006,2.04078,-0.00164448
30.74,2.46219,-1.47738,2.65596,2.41864,-1.52006,2.64863,2.57245,-1.54353,2,2.6588,-1.64026,2.0365,1.1819,1.96976,0,1.19625,1.96774,0.00497869,1.23483,2.05796,0,1.22249,2.05485,-0.00183429
30.75,2.47383,-1.45781,2.65596,2.42816,-1.50429,2.64867,2.58461,-1.52309,2,2.66853,-1.62378,2.03649,1.16625,1.97907,0,1.18288,1.97466,0.00509344,1.21847,2.06769,0,1.20972,2.0649,-0.00197776
30.76,2.48538,-1.43804,2.65596,2.44223,-1.48054,2.64873,2.59667,-1.50243,2,2.68293,-1.59891,2.03646,1.15043,1.9883,0,1.1626,1.98517,0.00518311,1.20195,2.07734,0,1.19049,2.07988,-0.00216243
30.77,2.49672,-1.41826,2.65596,2.45377,-1.46064,2.64878,2.60852,-1.48176,2,2.69475,-1.57805,2.03644,1.1346,1.99737,-1.46196e-18,1.14581,1.99383,0.00504556,1.18541,2.08682,0,1.17469,2.09205,-0.00242125
30.78,2.50845,-1.3974,2.65596,2.46289,-1.44466,2.64882,2.62078,-1.45998,2,2.7041,-1.56128,2.03642,1.11792,2.00676,0,1.13231,2.00076,0.00506717,1.16798,2.09662,0,1.16206,2.1017,-0.00243387
30.7901,2.51932,-1.37771,2.65596,2.47413,-1.42461,2.64887,2.63213,-1.4394,2,2.71564,-1.5402,2.0364,1.10217,2.01546,0,1.11555,2.00923,0.0049991,1.15152,2.10571,0,1.14649,2.11345,-0.00247094
30.8001,2.53106,-1.35602,2.65596,2.48739,-1.40044,2.64893,2.6444,-1.41674,2,2.72929,-1.51476,2.03637,1.08481,2.02485,0,1.09518,2.01945,0.00491532,1.13339,2.11552,0,1.12768,2.12732,-0.00238092
30.81,2.54103,-1.33724,2.65596,2.49826,-1.3802,2.64898,2.65481,-1.39713,2,2.74049,-1.49343,2.03635,1.0698,2.03282,-1.46196e-18,1.07796,2.02805,0.00498117,1.1177,2.12385,0,1.11188,2.13871,-0.00205953
30.8201,2.55164,-1.31688,2.65596,2.50895,-1.35988,2.64903,2.6659,-1.37585,2,2.75153,-1.47198,2.03633,1.0535,2.04131,0,1.0607,2.03669,0.00521005,1.10068,2.13272,0,1.09614,2.15001,-0.00149209
30.8301,2.56221,-1.29621,2.65596,2.51947,-1.33947,2.64909,2.67694,-1.35425,2,2.76025,-1.45475,2.03632,1.03697,2.04976,0,1.04334,2.04525,0.00561299,1.0834,2.14155,0,1.08355,2.15889,-0.00085854
30.8401,2.57276,-1.27512,2.65596,2.52982,-1.31897,2.64915,2.68797,-1.33222,2,2.77314,-1.42876,2.03631,1.0201,2.05821,0,1.0259,2.05374,0.00622077,1.06578,2.15038,0,1.06467,2.17198,0.000429395
30.85,2.58259,-1.2551,2.65596,2.53492,-1.30869,2.64918,2.69824,-1.31131,2,2.7837,-1.40699,2.03633,1.00408,2.06607,0,1.01717,2.05797,0.00658046,1.04904,2.15859,0,1.04895,2.18272,0.00172524
30.8602,2.59267,-1.23415,2.65596,2.548,-1.28187,2.64927,2.70876,-1.28942,2,2.79205,-1.38949,2.03634,0.987323,2.07413,0,0.994515,2.06897,0.00703622,1.03154,2.16701,0,1.03658,2.19111,0.00233551
30.8701,2.60234,-1.21361,2.65596,2.55981,-1.25698,2.64935,2.71888,-1.26795,2,2.80437,-1.36313,2.03637,0.970888,2.08188,0,0.97377,2.07913,0.00665086,1.01436,2.1751,0,1.01814,2.20348,0.00282168
30.8801,2.61217,-1.19233,2.65596,2.56754,-1.24032,2.6494,2.72914,-1.24572,2,2.81247,-1.34547,2.0364,0.953861,2.08973,0,0.959825,2.08591,0.00610346,0.996574,2.18331,0,1.0058,2.21155,0.00292216
30.8901,2.62141,-1.17187,2.65596,2.57894,-1.21523,2.64947,2.73879,-1.22434,2,2.82443,-1.31886,2.03643,0.937493,2.09713,0,0.938904,2.09586,0.00482904,0.979474,2.19103,0,0.987384,2.22333,0.00269613
30.9,2.63093,-1.15033,2.65596,2.58824,-1.19423,2.64951,2.74874,-1.20184,2,2.83423,-1.29658,2.03646,0.920267,2.10474,0,0.921565,2.10397,0.00336369,0.961475,2.19899,0,0.972217,2.23281,0.00217893
30.91,2.63989,-1.12963,2.65596,2.59737,-1.17315,2.64954,2.7581,-1.18021,2,2.84387,-1.2742,2.03648,0.9037,2.11191,0,0.904122,2.11195,0.00233752,0.944167,2.20648,0,0.957019,2.24206,0.00216197
30.9201,2.6488,-1.10857,2.65596,2.60454,-1.15623,2.64955,2.76741,-1.15821,2,2.85148,-1.25624,2.0365,0.886858,2.11904,0,0.889972,2.11824,0.00186647,0.926571,2.21393,0,0.944703,2.24929,0.00253482
30.9301,2.65761,-1.08727,2.65596,2.61335,-1.13501,2.64957,2.77662,-1.13595,2,2.86085,-1.2337,2.03652,0.869813,2.12609,0,0.872352,2.12589,0.001203,0.908763,2.22129,0,0.929412,2.258,0.00297168
30.9402,2.6662,-1.06604,2.65596,2.6237,-1.10944,2.64958,2.78559,-1.11378,2,2.87189,-1.20654,2.03656,0.852834,2.13296,-1.46196e-18,0.851162,2.13489,0.000531871,0.891023,2.22847,0,0.911111,2.26805,0.00371343
30.95,2.6745,-1.04505,2.65596,2.63212,-1.08806,2.64958,2.79426,-1.09184,2,2.88093,-1.18382,2.0366,0.836036,2.1396,0,0.833583,2.14226,-8.70674e-05,0.873473,2.23541,0,0.895988,2.27608,0.00433675
30.96,2.68278,-1.0236,2.65596,2.64037,-1.0666,2.64958,2.80291,-1.06944,2,2.88981,-1.16102,2.03665,0.818883,2.14622,0,0.815853,2.14952,-0.000506806,0.855552,2.24233,0,0.880755,2.28394,0.00519984
30.97,2.69095,-1.00191,2.65596,2.64844,-1.04507,2.64957,2.81145,-1.04677,2,2.89854,-1.13814,2.03671,0.801525,2.15276,-7.3098e-19,0.797912,2.15679,-0.000673108,0.837416,2.24916,0,0.865355,2.29172,0.00635775
30.98,2.69893,-0.980215,2.65596,2.65632,-1.02346,2.64957,2.81979,-1.02411,2,2.90712,-1.11519,2.03678,0.784172,2.15914,0,0.779881,2.1639,-0.000597053,0.819287,2.25583,0,0.849902,2.29924,0.0078021
30.9902,2.70729,-0.956873,2.65596,2.66403,-1.00179,2.64956,2.82853,-0.999721,2,2.91554,-1.09216,2.03687,0.765499,2.16584,-7.3098e-19,0.761719,2.17084,-0.000345611,0.799777,2.26282,0,0.834342,2.30648,0.00945964
31,2.71416,-0.937224,2.65596,2.67156,-0.980048,2.64956,2.8357,-0.979193,2,2.92381,-1.06906,2.03697,0.74978,2.17133,0,0.743548,2.17758,2.22726e-05,0.783354,2.26856,0,0.818795,2.31342,0.0112687
31.01,2.72166,-0.915226,2.65596,2.67745,-0.962606,2.64956,2.84353,-0.95621,2,2.93031,-1.05053,2.03707,0.732181,2.17732,7.3098e-19,0.728892,2.18283,0.00031959,0.764968,2.27482,0,0.806252,2.31875,0.0127452
31.0204,2.72909,-0.892803,2.65596,2.68606,-0.936366,2.64957,2.8513,-0.932782,2,2.93987,-1.02266,2.03723,0.714242,2.18327,0,0.706935,2.1904,0.000258618,0.746225,2.28104,0,0.78747,2.3263,0.0144876
31.0301,2.73596,-0.871549,2.65596,2.69304,-0.914432,2.64957,2.85847,-0.910577,2,2.94766,-0.999366,2.03738,0.697239,2.18876,-7.3098e-19,0.688765,2.19649,-0.000162658,0.728461,2.28678,0,0.77197,2.33222,0.0156135
31.04,2.7428,-0.849756,2.65596,2.69849,-0.896841,2.64956,2.86562,-0.887808,2,2.95379,-0.98069,2.03751,0.679805,2.19424,-7.3098e-19,0.674109,2.20121,-0.000372903,0.710246,2.2925,0,0.75946,2.33672,0.0166632
31.0501,2.74955,-0.827659,2.65596,2.70645,-0.870384,2.64956,2.87267,-0.864721,2,2.96279,-0.95261,2.03772,0.662127,2.19964,7.3098e-19,0.652001,2.2082,-0.000780203,0.691777,2.29814,0,0.74055,2.34329,0.0181639
31.06,2.75599,-0.805949,2.65596,2.71288,-0.848274,2.64955,2.8794,-0.842039,2,2.97012,-0.929151,2.03791,0.644759,2.20479,0,0.633677,2.21387,-0.00151975,0.673631,2.30352,0,0.724884,2.34845,0.0190433
31.0701,2.76246,-0.783507,2.65596,2.71912,-0.826107,2.64953,2.88616,-0.818592,2,2.97729,-0.905641,2.0381,0.626805,2.20997,0,0.615193,2.2194,-0.00207736,0.654873,2.30893,0,0.709053,2.3534,0.0201229
31.08,2.76854,-0.761748,2.65596,2.72518,-0.803886,2.64951,2.89251,-0.795859,2,2.98291,-0.886799,2.03827,0.609399,2.21483,7.3098e-19,0.596571,2.22471,-0.00235124,0.636687,2.31401,0,0.696255,2.35716,0.0211944
31.09,2.77448,-0.739817,2.65596,2.73105,-0.781613,2.64948,2.89872,-0.772945,2,2.99115,-0.858481,2.03853,0.591853,2.21958,0,0.577773,2.22986,-0.00242572,0.618356,2.31897,0,0.676826,2.36246,0.0230597
31.1001,2.78051,-0.716812,2.65596,2.73562,-0.763758,2.64946,2.90502,-0.74891,2,2.99651,-0.839568,2.03872,0.57345,2.22441,0,0.562712,2.2339,-0.00236625,0.599128,2.32401,0,0.663796,2.36584,0.0244382
31.11,2.78599,-0.695224,2.65596,2.74223,-0.736916,2.64943,2.91074,-0.726355,2,3.00307,-0.815889,2.03897,0.556179,2.22879,0,0.54027,2.23969,-0.00261245,0.581084,2.32859,0,0.64757,2.36977,0.0259054
31.1202,2.79192,-0.670993,2.65596,2.74754,-0.714496,2.6494,2.91694,-0.701039,2,3.01072,-0.787426,2.03929,0.536794,2.23354,-7.3098e-19,0.521726,2.24436,-0.00326228,0.560831,2.33355,0,0.628224,2.37412,0.027167
31.1302,2.79687,-0.650042,2.65596,2.75267,-0.692029,2.64937,2.92211,-0.679151,2,3.01692,-0.763668,2.03957,0.520034,2.2375,0,0.503143,2.24892,-0.00378057,0.543321,2.33769,0,0.612026,2.37752,0.0282962
31.14,2.80192,-0.627924,2.65596,2.75761,-0.669518,2.64933,2.92739,-0.656042,2,3.02296,-0.739876,2.03986,0.502339,2.24154,0,0.484504,2.25337,-0.00401645,0.524834,2.34191,0,0.595705,2.38074,0.0296956
31.1502,2.80694,-0.605114,2.65596,2.76236,-0.646962,2.64929,2.93263,-0.632211,2,3.02884,-0.716053,2.04016,0.484091,2.24555,0,0.465765,2.25771,-0.0040403,0.505769,2.3461,0,0.579211,2.38376,0.0312931
31.1601,2.81164,-0.582846,2.65596,2.76692,-0.624364,2.64925,2.93755,-0.608946,2,3.03455,-0.692202,2.04049,0.466277,2.24931,0,0.447094,2.26191,-0.00383652,0.487157,2.35004,0,0.562705,2.38655,0.0330992
31.1701,2.81625,-0.560166,2.65596,2.77,-0.608521,2.64922,2.94236,-0.58525,2,3.03844,-0.675489,2.04072,0.448133,2.253,0,0.43407,2.26478,-0.00355834,0.4682,2.35389,0,0.55115,2.38839,0.0344866
31.1801,2.82058,-0.537921,2.65596,2.77342,-0.59039,2.6492,2.94689,-0.562008,2,3.0428,-0.656374,2.041,0.430337,2.25647,7.3098e-19,0.419436,2.26794,-0.00344019,0.449607,2.35751,0,0.538139,2.39034,0.0358565
31.1902,2.82498,-0.51433,2.65596,2.77752,-0.567691,2.64916,2.95148,-0.537361,2,3.0481,-0.632459,2.04137,0.411464,2.25998,0,0.401104,2.27184,-0.00357856,0.429889,2.36119,0,0.521782,2.39259,0.0372776
31.2001,2.82895,-0.492011,2.65596,2.78144,-0.544953,2.64913,2.95563,-0.514043,2,3.05324,-0.608523,2.04175,0.393609,2.26316,3.6549e-19,0.382492,2.27578,-0.00374325,0.411234,2.36451,0,0.505119,2.39468,0.0386875
31.2101,2.8328,-0.469342,2.65596,2.78517,-0.522175,2.64909,2.95965,-0.490359,2,3.0582,-0.584566,2.04214,0.375474,2.26624,-3.6549e-19,0.363652,2.27988,-0.00374107,0.392287,2.36772,0,0.488185,2.39669,0.040272
31.2201,2.83639,-0.447155,2.65596,2.78871,-0.499355,2.64905,2.9634,-0.467179,2,3.063,-0.56059,2.04256,0.357724,2.26911,0,0.344884,2.28399,-0.00351139,0.373743,2.37072,0,0.471248,2.39853,0.0420727
31.2301,2.83986,-0.424548,2.65596,2.79207,-0.476495,2.64902,2.96703,-0.443559,2,3.06763,-0.536596,2.04299,0.339638,2.27189,0,0.326089,2.28815,-0.00316192,0.354847,2.37362,0,0.4542,2.40025,0.0439723
31.2403,2.84335,-0.40054,2.65596,2.79523,-0.453592,2.64899,2.97067,-0.418476,2,3.07208,-0.512585,2.04344,0.320432,2.27468,-7.3098e-19,0.307168,2.29232,-0.0027391,0.334781,2.37654,0,0.436938,2.40185,0.0459189
31.25,2.84629,-0.379027,2.65596,2.79821,-0.430648,2.64896,2.97375,-0.396,2,3.07762,-0.481349,2.04405,0.303222,2.27703,0,0.28829,2.29642,-0.00218278,0.3168,2.379,0,0.414435,2.40367,0.0485978
31.2601,2.84925,-0.356143,2.65596,2.801,-0.407664,2.64894,2.97684,-0.372091,2,3.08048,-0.46452,2.0444,0.284914,2.2794,3.6549e-19,0.269489,2.30045,-0.00157904,0.297673,2.38147,0,0.402314,2.40455,0.0500341
31.2701,2.85198,-0.333549,2.65596,2.80434,-0.377725,2.64893,2.97969,-0.348485,2,3.08441,-0.440469,2.04491,0.266839,2.28158,0,0.244889,2.3056,-0.000836149,0.278788,2.38375,0,0.384829,2.40569,0.0520333
31.2802,2.85461,-0.310229,2.65596,2.80601,-0.361576,2.64892,2.98244,-0.324121,2,3.08817,-0.416407,2.04544,0.248183,2.28369,0,0.231594,2.30831,-0.000581489,0.259297,2.38595,0,0.367094,2.40673,0.0538286
31.2901,2.85699,-0.287524,2.65596,2.80823,-0.338475,2.64892,2.98492,-0.300399,2,3.09175,-0.392335,2.04598,0.230019,2.28559,0,0.212892,2.31188,-0.000796849,0.240319,2.38794,0,0.349562,2.40751,0.054927
31.3,2.85917,-0.26491,2.65596,2.81027,-0.315339,2.64891,2.98721,-0.276772,2,3.09516,-0.368257,2.04653,0.211928,2.28734,3.6549e-19,0.194356,2.31516,-0.00126544,0.221418,2.38976,0,0.332078,2.40805,0.0557098
31.3104,2.86127,-0.241178,2.65596,2.81212,-0.292171,2.64889,2.9894,-0.251978,2,3.09839,-0.344174,2.0471,0.192943,2.28902,3.6549e-19,0.175509,2.31841,-0.00153899,0.201582,2.39152,0,0.314183,2.40853,0.0566402
31.3201,2.86305,-0.219009,2.65596,2.81424,-0.262006,2.64887,2.99126,-0.228817,2,3.10144,-0.320087,2.04767,0.175208,2.29044,0,0.15069,2.32233,-0.00163626,0.183053,2.39301,0,0.295951,2.40882,0.0576957
31.3301,2.86472,-0.19607,2.65596,2.81525,-0.245743,2.64886,2.993,-0.20485,2,3.10431,-0.295999,2.04825,0.156856,2.29177,-1.82745e-19,0.137286,2.32423,-0.00177412,0.16388,2.3944,0,0.27753,2.40882,0.0586451
31.3401,2.8662,-0.173033,2.65596,2.81653,-0.222488,2.64884,2.99455,-0.180781,2,3.107,-0.271912,2.04884,0.138427,2.29296,1.82745e-19,0.118289,2.32668,-0.00237871,0.144625,2.39564,0,0.259116,2.40862,0.0590476
31.35,2.86748,-0.15033,2.65596,2.81761,-0.199211,2.64881,2.99589,-0.157062,2,3.10949,-0.247827,2.04943,0.120264,2.29399,1.82745e-19,0.0995214,2.32876,-0.00307951,0.12565,2.39671,0,0.240791,2.40816,0.0592738
31.3602,2.86862,-0.126873,2.65596,2.81852,-0.175914,2.64878,2.99707,-0.132554,2,3.11181,-0.223749,2.05002,0.101498,2.29489,0,0.0807106,2.33061,-0.00350393,0.106043,2.39766,0,0.222302,2.40748,0.0597116
31.3701,2.86952,-0.104524,2.65596,2.81923,-0.1526,2.64874,2.99801,-0.109205,2,3.11454,-0.19246,2.05081,0.0836193,2.29561,9.13725e-20,0.061885,2.33214,-0.00366807,0.0873637,2.39841,0,0.198044,2.40619,0.0605677
31.3801,2.87027,-0.08134,2.65596,2.81975,-0.129272,2.64871,2.9988,-0.0849823,2,3.11643,-0.168404,2.05142,0.065072,2.29621,0,0.0429958,2.33342,-0.00356443,0.0679858,2.39904,0,0.179149,2.40501,0.061428
31.3903,2.87084,-0.0578278,2.65596,2.82009,-0.105931,2.64867,2.99939,-0.0604173,2,3.11813,-0.14436,2.05203,0.0462623,2.29667,-9.13725e-20,0.0240112,2.33457,-0.00328976,0.0483339,2.39951,0,0.160083,2.40377,0.0623757
31.4003,2.87123,-0.0331438,2.65596,2.82023,-0.0825809,2.64864,2.9998,-0.034628,2,3.1192,-0.127537,2.05247,0.026515,2.29698,0,0.00508226,2.33551,-0.00285625,0.0277024,2.39984,0,0.146698,2.40281,0.063086
31.4102,2.8714,-0.0107924,2.65596,2.82019,-0.0592219,2.64862,2.99998,-0.0112756,2,3.12057,-0.103516,2.05311,0.00863389,2.29712,-1.14216e-20,-0.0138802,2.33624,-0.00235716,0.00902051,2.39998,0,0.127434,2.40134,0.064081
31.42,2.8714,0.0117878,2.65596,2.81996,-0.0358566,2.6486,2.99997,0.0123157,2,3.12175,-0.0795102,2.05376,-0.00943026,2.29712,-1.14216e-20,-0.0329311,2.3368,-0.00182271,-0.00985254,2.39998,0,0.107966,2.39977,0.0650402
31.4302,2.87121,0.0348043,2.65596,2.81953,-0.0124865,2.64858,2.99978,0.0363628,2,3.12273,-0.0555207,2.05441,-0.0278434,2.29697,-4.56862e-20,-0.0521073,2.33721,-0.00123878,-0.0290902,2.39982,0,0.0882656,2.39812,0.0659799
31.4401,2.87087,0.0563558,2.65596,2.81869,0.0178997,2.64857,2.99942,0.0588794,2,3.12351,-0.0315479,2.05507,-0.0450847,2.29669,0,-0.0771407,2.33758,-0.000384522,-0.0471035,2.39954,0,0.0683705,2.39645,0.0669088
31.4501,2.87032,0.0793916,2.65596,2.8181,0.0342634,2.64857,2.99885,0.0829467,2,3.1241,-0.00759145,2.05575,-0.0635133,2.29626,0,-0.0905978,2.3377,-3.7622e-05,-0.0663574,2.39908,0,0.0483648,2.3948,0.0676583
31.46,2.86961,0.101989,2.65596,2.8171,0.0576402,2.64857,2.99811,0.106556,2,3.12456,0.0235259,2.05663,-0.0815914,2.29569,9.13725e-20,-0.109474,2.33759,-9.76479e-05,-0.085245,2.39849,0,0.0226798,2.39243,0.06758
31.4702,2.86863,0.126542,2.65596,2.81552,0.0880247,2.64856,2.99709,0.132208,2,3.12467,0.0402681,2.0571,-0.101233,2.2949,0,-0.133718,2.33685,-0.000445646,-0.105767,2.39767,0,0.00884694,2.39102,0.0673832
31.4802,2.86758,0.148472,2.65596,2.81454,0.104381,2.64856,2.99599,0.15512,2,3.12466,0.0641672,2.05777,-0.118778,2.29406,-1.82745e-19,-0.146669,2.33623,-0.000700866,-0.124096,2.39679,0,-0.0108633,2.3888,0.0670077
31.4903,2.86628,0.171762,2.65596,2.81298,0.127737,2.64855,2.99463,0.179453,2,3.12445,0.0880436,2.05844,-0.137409,2.29302,0,-0.164924,2.33503,-0.0015059,-0.143562,2.3957,0,-0.0304522,2.38644,0.0660121
31.5001,2.86484,0.194304,2.65596,2.81124,0.15108,2.64853,2.99312,0.203005,2,3.12405,0.111896,2.05909,-0.155444,2.29187,-1.82745e-19,-0.183022,2.33357,-0.00222258,-0.162404,2.3945,0,-0.0500139,2.38397,0.065012
31.5101,2.86321,0.216971,2.65596,2.80871,0.181403,2.6485,2.99142,0.226687,2,3.12345,0.135723,2.05974,-0.173577,2.29057,-1.82745e-19,-0.206767,2.3314,-0.00259166,-0.18135,2.39314,0,-0.0698588,2.38144,0.064308
31.52,2.86142,0.23938,2.65596,2.80655,0.204707,2.64847,2.98956,0.250099,2,3.12265,0.159524,2.06038,-0.191504,2.28914,0,-0.224786,2.32944,-0.00277648,-0.200079,2.39165,0,-0.0896522,2.37875,0.0636983
31.5301,2.8594,0.262434,2.65596,2.80493,0.221008,2.64845,2.98744,0.274186,2,3.12166,0.183298,2.06102,-0.209947,2.28752,0,-0.237335,2.32791,-0.00279704,-0.219349,2.38996,0,-0.109453,2.37597,0.0630663
31.5402,2.85718,0.285606,2.65596,2.80247,0.244275,2.64843,2.98512,0.298395,2,3.12046,0.207043,2.06164,-0.228484,2.28574,-3.6549e-19,-0.254945,2.32546,-0.00294566,-0.238716,2.3881,0,-0.129059,2.37311,0.0622515
31.5503,2.85478,0.308712,2.65596,2.79901,0.274485,2.64839,2.98261,0.322536,2,3.11862,0.237869,2.06244,-0.24697,2.28382,0,-0.277877,2.32213,-0.00318613,-0.258029,2.38609,0,-0.154738,2.36941,0.061027
31.56,2.85221,0.33157,2.65596,2.79702,0.290733,2.64836,2.97993,0.346417,2,3.11749,0.254448,2.06287,-0.265256,2.28177,0,-0.290312,2.32027,-0.00337495,-0.277134,2.38395,0,-0.168705,2.36741,0.0602647
31.5701,2.84954,0.353821,2.65596,2.7931,0.320873,2.64831,2.97714,0.369665,2,3.11513,0.2852,2.06364,-0.283057,2.27963,3.6549e-19,-0.313054,2.31656,-0.00407227,-0.295732,2.38171,0,-0.194425,2.36364,0.0583941
31.5801,2.84661,0.37668,2.65596,2.79086,0.337081,2.64828,2.97407,0.393547,2,3.11372,0.301738,2.06405,-0.301344,2.27728,0,-0.325139,2.31441,-0.00453389,-0.314838,2.37926,0,-0.20818,2.36154,0.0572468
31.5901,2.8435,0.399453,2.65596,2.78649,0.367141,2.64822,2.97083,0.41734,2,3.11154,0.325338,2.06461,-0.319562,2.2748,0,-0.347348,2.31009,-0.00542965,-0.333872,2.37666,0,-0.227761,2.35845,0.0554753
31.6,2.8402,0.422262,2.65596,2.78402,0.383303,2.64818,2.96738,0.44117,2,3.10916,0.348907,2.06516,-0.337809,2.27216,0,-0.359204,2.30764,-0.00589591,-0.352936,2.37391,0,-0.247266,2.35528,0.0537189
31.6101,2.83669,0.44526,2.65596,2.77921,0.413272,2.6481,2.96371,0.465198,2,3.10659,0.372444,2.06568,-0.356208,2.26935,0,-0.381189,2.30293,-0.00683362,-0.372159,2.37097,0,-0.266799,2.35211,0.0518133
31.6202,2.83306,0.467778,2.65596,2.7765,0.429383,2.64805,2.95992,0.488725,2,3.10296,0.402994,2.06634,-0.374222,2.26645,0,-0.393001,2.30023,-0.00735292,-0.39098,2.36794,0,-0.292273,2.34782,0.0492765
31.63,2.82933,0.489834,2.65596,2.77124,0.459252,2.64795,2.95603,0.511769,2,3.09994,0.426455,2.06682,-0.391868,2.26346,0,-0.414849,2.29487,-0.00830084,-0.409415,2.36482,0,-0.311816,2.34432,0.0471848
31.6401,2.82518,0.513226,2.65596,2.7683,0.475306,2.64789,2.95169,0.536208,2,3.0977,0.442856,2.06715,-0.41058,2.26014,7.3098e-19,-0.426637,2.29184,-0.00887949,-0.428966,2.36135,0,-0.325569,2.34182,0.0456557
31.65,2.82092,0.536132,2.65596,2.76395,0.498202,2.6478,2.94724,0.560139,2,3.09331,0.473269,2.06772,-0.428905,2.25674,0,-0.44345,2.2873,-0.00960569,-0.448111,2.35779,0,-0.351139,2.33697,0.042893
31.66,2.81672,0.557781,2.65596,2.75943,0.521051,2.6477,2.94285,0.582758,2,3.0897,0.496619,2.06814,-0.446224,2.25338,-7.3098e-19,-0.460368,2.28252,-0.010025,-0.466206,2.35428,0,-0.371092,2.33309,0.0412042
31.6701,2.81206,0.580829,2.65596,2.75474,0.543852,2.6476,2.93798,0.606838,2,3.08705,0.512941,2.06843,-0.464663,2.24965,7.3098e-19,-0.477699,2.27775,-0.00989434,-0.48547,2.35039,0,-0.385307,2.3304,0.0403069
31.68,2.80736,0.603135,2.65596,2.74988,0.566605,2.6475,2.93307,0.630143,2,3.08309,0.536225,2.06883,-0.482508,2.24589,0,-0.495359,2.27285,-0.00933503,-0.504114,2.34646,0,-0.405906,2.32643,0.0393617
31.6901,2.80212,0.627039,2.65596,2.74483,0.589308,2.64741,2.9276,0.655118,2,3.07893,0.559469,2.06922,-0.501631,2.2417,-7.3098e-19,-0.513274,2.26773,-0.00840865,-0.524094,2.34208,0,-0.426771,2.32228,0.0387602
31.7,2.79728,0.648287,2.65596,2.73961,0.611959,2.64733,2.92254,0.677317,2,3.07456,0.58267,2.0696,-0.51863,2.23782,0,-0.531336,2.26233,-0.00723649,-0.541854,2.33803,0,-0.447785,2.31786,0.038388
31.71,2.79212,0.670141,2.65596,2.7342,0.634555,2.64727,2.91715,0.70015,2,3.06997,0.605826,2.06999,-0.536113,2.2337,7.3098e-19,-0.549575,2.2569,-0.00594696,-0.56012,2.33372,0,-0.468968,2.31341,0.0381244
31.7203,2.78651,0.693103,2.65596,2.72691,0.663849,2.6472,2.91129,0.72414,2,3.06518,0.628939,2.07037,-0.554482,2.22921,0,-0.573439,2.24994,-0.00421534,-0.579312,2.32903,0,-0.490241,2.30902,0.0379012
31.7301,2.78088,0.715371,2.65596,2.72285,0.679586,2.64717,2.90541,0.747405,2,3.06017,0.652007,2.07074,-0.572297,2.2247,7.3098e-19,-0.586174,2.24616,-0.003467,-0.597924,2.32433,0,-0.511409,2.30463,0.0374868
31.7401,2.77513,0.737367,2.65596,2.71689,0.702019,2.64714,2.8994,0.770386,2,3.05495,0.675031,2.07111,-0.589894,2.2201,-7.3098e-19,-0.604111,2.24051,-0.00293595,-0.616309,2.31952,0,-0.532259,2.30002,0.0364436
31.7503,2.76863,0.76139,2.65596,2.71076,0.724395,2.64711,2.89261,0.795484,2,3.04952,0.698007,2.07147,-0.609112,2.21491,0,-0.621963,2.23469,-0.00269364,-0.636387,2.31409,0,-0.55302,2.29529,0.0351
31.7601,2.76288,0.782013,2.65596,2.70573,0.742254,2.64709,2.8866,0.817031,2,3.04503,0.716354,2.07175,-0.62561,2.2103,0,-0.636298,2.23003,-0.00229405,-0.653625,2.30928,0,-0.569658,2.29151,0.0342389
31.7701,2.75668,0.8036,2.65596,2.69928,0.764525,2.64708,2.88012,0.839585,2,3.03923,0.739245,2.07209,-0.64288,2.20534,7.3098e-19,-0.654221,2.22419,-0.00163138,-0.671668,2.3041,0,-0.590415,2.28672,0.0333438
31.78,2.75029,0.825215,2.65596,2.69062,0.79339,2.64706,2.87344,0.862167,2,3.03322,0.762088,2.07242,-0.660172,2.20023,7.3098e-19,-0.677728,2.21658,-0.000552291,-0.689734,2.29875,0,-0.611211,2.28186,0.0326383
31.7901,2.74354,0.84736,2.65596,2.68583,0.808892,2.64706,2.8664,0.885305,2,3.02701,0.784883,2.07274,-0.677888,2.19483,0,-0.690444,2.21247,-7.96363e-05,-0.708244,2.29312,0,-0.632114,2.27697,0.0318746
31.8,2.7367,0.869222,2.65596,2.67884,0.830987,2.64706,2.85924,0.908145,2,3.02058,0.807628,2.07305,-0.695378,2.18936,0,-0.708294,2.20655,0.000203293,-0.726516,2.28739,0,-0.652622,2.27204,0.0306833
31.8102,2.72943,0.891779,2.65596,2.67167,0.853023,2.64706,2.85165,0.931713,2,3.01395,0.830323,2.07335,-0.713423,2.18354,-7.3098e-19,-0.726181,2.20055,0.000156883,-0.74537,2.28132,0,-0.673119,2.26706,0.0291829
31.8201,2.72234,0.913194,2.65596,2.66431,0.874998,2.64706,2.84424,0.954086,2,3.00712,0.852968,2.07364,-0.730555,2.17787,0,-0.744313,2.1944,0.000315525,-0.763269,2.27539,0,-0.693792,2.26191,0.0279242
31.83,2.71502,0.934729,2.65596,2.65678,0.896911,2.64707,2.8366,0.976585,2,3.00008,0.875561,2.07391,-0.747783,2.17202,0,-0.762765,2.1882,0.000602759,-0.781268,2.26928,0,-0.714726,2.25667,0.0268259
31.8401,2.7074,0.956583,2.65596,2.64906,0.918761,2.64708,2.82863,0.999419,2,2.99282,0.898101,2.07418,-0.765267,2.16592,7.3098e-19,-0.781401,2.18184,0.00103627,-0.799535,2.26291,0,-0.735794,2.25127,0.0258988
31.8501,2.69966,0.978201,2.65596,2.64115,0.940547,2.64709,2.82055,1.022,2,2.98536,0.920587,2.07443,-0.782561,2.15973,0,-0.800195,2.17543,0.00155745,-0.817603,2.25644,0,-0.756982,2.24581,0.0250789
31.8601,2.69166,1.00001,2.65596,2.63059,0.968773,2.64712,2.81219,1.04479,2,2.97769,0.943017,2.07468,-0.800007,2.15333,7.3098e-19,-0.824573,2.16694,0.00236916,-0.835831,2.24975,0,-0.778101,2.24023,0.0243734
31.8701,2.68377,1.021,2.65596,2.62477,0.983925,2.64713,2.80394,1.06672,2,2.9698,0.965391,2.07492,-0.816803,2.14701,0,-0.837547,2.16222,0.00264414,-0.853379,2.24316,0,-0.799018,2.23446,0.023536
31.8804,2.675,1.04376,2.65596,2.6163,1.00551,2.64716,2.79478,1.09049,2,2.96171,0.987705,2.07515,-0.835005,2.14,0,-0.855698,2.15525,0.00240336,-0.872396,2.23583,0,-0.819485,2.22845,0.0219908
31.89,2.66708,1.06383,2.65596,2.60503,1.03347,2.64719,2.78651,1.11147,2,2.95088,1.01662,2.07542,-0.851063,2.13366,-1.46196e-18,-0.879186,2.14598,0.00189055,-0.889173,2.22921,0,-0.845965,2.22049,0.0197897
31.9001,2.65838,1.08539,2.65596,2.59883,1.04848,2.6472,2.77742,1.134,2,2.94491,1.03215,2.07555,-0.868315,2.1267,0,-0.891967,2.14092,0.00157694,-0.907197,2.22193,0,-0.860324,2.21613,0.0185861
31.9101,2.64962,1.10659,2.65596,2.58708,1.07624,2.64721,2.76827,1.15614,2,2.93355,1.06091,2.07578,-0.885273,2.1197,0,-0.915417,2.13124,0.000250107,-0.924915,2.21462,0,-0.886702,2.20776,0.0156069
31.9201,2.64044,1.12832,2.65596,2.58063,1.09114,2.64721,2.75868,1.17884,2,2.9273,1.07635,2.07588,-0.902655,2.11236,-1.46196e-18,-0.927847,2.12588,-0.000703552,-0.943076,2.20695,0,-0.900714,2.20312,0.0137592
31.9301,2.63139,1.14927,2.65596,2.57126,1.11236,2.6472,2.74922,1.20074,2,2.91819,1.09834,2.076,-0.919418,2.10511,0,-0.945256,2.11806,-0.00232261,-0.960589,2.19938,0,-0.920394,2.19637,0.0108554
31.9401,2.62227,1.16994,2.65596,2.56172,1.13351,2.64717,2.73969,1.22233,2,2.90889,1.12027,2.0761,-0.935955,2.09781,2.92392e-18,-0.962469,2.11014,-0.00389633,-0.977866,2.19175,0,-0.939906,2.18952,0.00798078
31.9501,2.61295,1.1906,2.65596,2.55201,1.15457,2.64712,2.72996,1.24392,2,2.89939,1.14213,2.07616,-0.952481,2.09036,0,-0.979996,2.10213,-0.00497801,-0.995133,2.18397,0,-0.959729,2.18256,0.00560119
31.96,2.60337,1.21142,2.65596,2.54412,1.17136,2.64708,2.71994,1.26566,2,2.88871,1.1661,2.07621,-0.969132,2.08269,1.46196e-18,-0.994199,2.09566,-0.00553232,-1.01253,2.17596,0,-0.98182,2.17479,0.00346906
31.9701,2.5934,1.23261,2.65596,2.53408,1.19227,2.64702,2.70953,1.2878,2,2.88179,1.1813,2.07623,-0.986087,2.07472,1.46196e-18,-1.012,2.08751,-0.00606917,-1.03024,2.16762,0,-0.99586,2.16976,0.00218188
31.9802,2.58338,1.25348,2.65596,2.52388,1.21311,2.64696,2.69906,1.30961,2,2.87173,1.20297,2.07625,-1.00278,2.0667,0,-1.0297,2.07914,-0.00641472,-1.04769,2.15925,0,-1.01584,2.16238,0.000553304
31.99,2.57358,1.27347,2.65596,2.51034,1.24006,2.64687,2.68883,1.33049,2,2.85836,1.23101,2.07624,-1.01878,2.05887,-1.46196e-18,-1.05301,2.06816,-0.00656042,-1.0644,2.15106,0,-1.04207,2.1526,-0.00123104
32.0001,2.56309,1.29446,2.65596,2.50292,1.25452,2.64683,2.67786,1.35242,2,2.85101,1.24606,2.07623,-1.03557,2.05047,0,-1.06561,2.06229,-0.0066485,-1.08194,2.14229,0,-1.05624,2.14734,-0.0021897
32.01,2.55287,1.31449,2.65596,2.49218,1.2751,2.64676,2.66719,1.37335,2,2.83711,1.27391,2.07619,-1.05159,2.0423,0,-1.08316,2.05385,-0.00729065,-1.09868,2.13375,0,-1.08183,2.13749,-0.00478195
32.02,2.54231,1.3348,2.65596,2.47795,1.30173,2.64666,2.65616,1.39457,2,2.8262,1.29525,2.07613,-1.06784,2.03385,-1.46196e-18,-1.10547,2.04271,-0.00846126,-1.11566,2.12492,0,-1.10128,2.12975,-0.00689124
32.0301,2.53136,1.35545,2.65596,2.47017,1.31601,2.64659,2.64472,1.41615,2,2.81844,1.31014,2.07607,-1.08436,2.02509,0,-1.11746,2.03655,-0.00901907,-1.13292,2.11577,0,-1.11486,2.12417,-0.00833229
32.0401,2.52048,1.37559,2.65596,2.4555,1.34241,2.64647,2.63334,1.43718,2,2.8072,1.33134,2.07598,-1.10047,2.01638,0,-1.13942,2.02492,-0.0102816,-1.14975,2.10668,0,-1.13412,2.11611,-0.0105619
32.0501,2.50936,1.39576,2.65596,2.44748,1.35656,2.6464,2.62173,1.45826,2,2.79576,1.35246,2.07586,-1.11661,2.00749,0,-1.15117,2.01854,-0.01101,-1.16661,2.09738,0,-1.15322,2.10791,-0.0129063
32.06,2.49826,1.41554,2.65596,2.43589,1.3767,2.64628,2.61013,1.47893,2,2.78413,1.3735,2.07572,-1.13243,1.99861,0,-1.16767,2.00919,-0.012429,-1.18314,2.0881,0,-1.17206,2.09943,-0.0156167
32.07,2.48691,1.43538,2.65596,2.42057,1.40274,2.64611,2.59827,1.49966,2,2.77232,1.39445,2.07555,-1.14831,1.98953,0,-1.18909,1.99668,-0.0139977,-1.19973,2.07862,0,-1.19089,2.09071,-0.018216
32.0801,2.47464,1.45644,2.65596,2.41221,1.41669,2.64601,2.58545,1.52165,2,2.76031,1.41531,2.07536,-1.16515,1.97971,0,-1.20057,1.98978,-0.0146496,-1.21732,2.06836,0,-1.2097,2.08174,-0.0204398
32.0901,2.46203,1.47765,2.65596,2.40012,1.43654,2.64586,2.57228,1.54382,2,2.74812,1.43608,2.07514,-1.18212,1.96962,-1.46196e-18,-1.21662,1.97978,-0.0156849,-1.23506,2.05782,0,-1.22816,2.07256,-0.0227915
32.1001,2.45151,1.49504,2.65596,2.38788,1.45628,2.64569,2.56129,1.56198,2,2.73575,1.45676,2.0749,-1.19603,1.96121,0,-1.23246,1.96956,-0.0168238,-1.24959,2.04903,0,-1.24644,2.06315,-0.0252659
32.1101,2.43935,1.5148,2.65596,2.37547,1.47593,2.64552,2.54858,1.58263,2,2.7232,1.47735,2.07464,-1.21184,1.95148,-1.46196e-18,-1.2483,1.95926,-0.0175549,-1.2661,2.03887,0,-1.2647,2.05359,-0.0273117
32.12,2.42735,1.53396,2.65596,2.36291,1.49547,2.64534,2.53605,1.60265,2,2.71046,1.49783,2.07436,-1.22716,1.94188,1.46196e-18,-1.26417,1.94886,-0.0179849,-1.28212,2.02884,0,-1.28297,2.04386,-0.0290368
32.13,2.41482,1.55361,2.65596,2.34634,1.52072,2.64511,2.52295,1.62318,2,2.69363,1.52432,2.07397,-1.24289,1.93185,-1.46196e-18,-1.28458,1.93515,-0.0177926,-1.29855,2.01836,0,-1.30652,2.03098,-0.0305264
32.1401,2.40227,1.57295,2.65596,2.33731,1.53424,2.64499,2.50984,1.64338,2,2.68444,1.53851,2.07375,-1.25836,1.92181,0,-1.29534,1.92764,-0.0175937,-1.3147,2.00787,0,-1.31895,2.02388,-0.0312247
32.15,2.38975,1.59189,2.65596,2.32035,1.5592,2.64476,2.49677,1.66318,2,2.66714,1.56474,2.07334,-1.27351,1.9118,0,-1.31485,1.91364,-0.0174807,-1.33054,1.99741,0,-1.34161,2.01062,-0.0327853
32.1603,2.37687,1.61107,2.65596,2.30712,1.57829,2.64458,2.4833,1.68321,2,2.65364,1.58479,2.073,-1.28886,1.90149,-1.46196e-18,-1.32959,1.90279,-0.0176268,-1.34657,1.98664,0,-1.35874,2.00032,-0.0341941
32.1701,2.3641,1.62975,2.65596,2.29778,1.59158,2.64446,2.46996,1.70273,2,2.64409,1.59877,2.07276,-1.3038,1.89128,-1.46196e-18,-1.33977,1.8951,-0.0175493,-1.36219,1.97597,0,-1.37059,1.993,-0.0349916
32.1801,2.35095,1.64866,2.65596,2.28431,1.61047,2.64428,2.45623,1.72248,2,2.6303,1.61864,2.07241,-1.31893,1.88076,1.46196e-18,-1.3543,1.88403,-0.017521,-1.37799,1.96498,0,-1.38752,1.98245,-0.0362135
32.1902,2.33729,1.66797,2.65596,2.27069,1.62926,2.64411,2.44195,1.74266,2,2.61634,1.63842,2.07204,-1.33438,1.86983,-1.46196e-18,-1.36871,1.87282,-0.0174724,-1.39413,1.95356,0,-1.40428,1.97174,-0.0373786
32.2,2.32437,1.68593,2.65596,2.25278,1.65351,2.64389,2.42845,1.76143,2,2.59794,1.66396,2.07154,-1.34875,1.85949,0,-1.38759,1.85817,-0.0169165,-1.40914,1.94276,0,-1.42608,1.95761,-0.0383102
32.2101,2.31061,1.70474,2.65596,2.24303,1.66649,2.64377,2.41408,1.78107,2,2.58792,1.67763,2.07128,-1.36379,1.84849,0,-1.39764,1.85021,-0.0165377,-1.42486,1.93126,0,-1.43764,1.94987,-0.0386948
32.22,2.29711,1.72289,2.65596,2.22474,1.69045,2.64356,2.39997,1.80004,2,2.56909,1.70289,2.07077,-1.37831,1.83769,0,-1.4159,1.83547,-0.0163429,-1.44003,1.91998,0,-1.45866,1.93548,-0.0398764
32.2302,2.28289,1.74169,2.65596,2.2148,1.70327,2.64344,2.38512,1.81968,2,2.55442,1.72219,2.07036,-1.39335,1.82631,0,-1.42546,1.82747,-0.0164721,-1.45574,1.90809,0,-1.47437,1.92425,-0.0410559
32.2402,2.26893,1.75983,2.65596,2.20047,1.72148,2.64328,2.37053,1.83863,2,2.54406,1.73563,2.07007,-1.40786,1.81514,0,-1.43901,1.81583,-0.0166921,-1.47091,1.89643,0,-1.4852,1.91619,-0.0419058
32.2502,2.25499,1.77766,2.65596,2.18165,1.74499,2.64306,2.35596,1.85727,2,2.52463,1.76044,2.06952,-1.42213,1.80399,0,-1.45644,1.8006,-0.0170675,-1.48581,1.88477,0,-1.50511,1.90113,-0.0434659
32.2601,2.24026,1.79618,2.65596,2.17143,1.75757,2.64294,2.34058,1.87661,2,2.51406,1.77372,2.06921,-1.43694,1.79221,1.46196e-18,-1.46595,1.7924,-0.0171894,-1.50129,1.87247,0,-1.51587,1.89297,-0.0441678
32.27,2.22654,1.81316,2.65596,2.15226,1.78077,2.64271,2.32625,1.89435,2,2.49422,1.79823,2.06863,-1.45053,1.78124,0,-1.48301,1.77711,-0.017823,-1.51548,1.861,0,-1.53511,1.87766,-0.0457978
32.28,2.21186,1.83105,2.65596,2.13736,1.79848,2.64253,2.3109,1.91304,2,2.4788,1.81695,2.06816,-1.46484,1.76949,1.46196e-18,-1.49599,1.76523,-0.0184395,-1.53043,1.84872,0,-1.54964,1.86569,-0.0471077
32.2902,2.19653,1.8494,2.65596,2.12686,1.81081,2.6424,2.29489,1.93222,2,2.46792,1.82998,2.06783,-1.47952,1.75723,0,-1.50517,1.75683,-0.0186084,-1.54577,1.83591,0,-1.55987,1.85719,-0.0477278
32.3,2.18174,1.86683,2.65596,2.10718,1.83354,2.64215,2.27944,1.95042,2,2.44751,1.85402,2.0672,-1.49346,1.74539,1.46196e-18,-1.5225,1.74111,-0.0190689,-1.56034,1.82355,0,-1.57901,1.84124,-0.0489538
32.3101,2.16701,1.88391,2.65596,2.09649,1.8457,2.64202,2.26405,1.96827,2,2.43642,1.86688,2.06686,-1.50713,1.73361,-1.46196e-18,-1.53178,1.73258,-0.0194253,-1.57461,1.81124,0,-1.58916,1.83254,-0.0496563
32.32,2.15219,1.90082,2.65596,2.0811,1.86297,2.64182,2.24856,1.98594,2,2.42046,1.88514,2.06635,-1.52066,1.72175,0,-1.54461,1.72027,-0.0200312,-1.58875,1.79885,0,-1.6031,1.81992,-0.0506836
32.3301,2.13567,1.91937,2.65596,2.06559,1.88011,2.64162,2.2313,2.00531,2,2.40436,1.90327,2.06584,-1.53549,1.70854,2.92392e-18,-1.55742,1.70778,-0.0205122,-1.60425,1.78504,0,-1.61689,1.80705,-0.0515099
32.34,2.12118,1.93536,2.65596,2.04995,1.89712,2.64141,2.21617,2.02203,2,2.38812,1.92128,2.06533,-1.54829,1.69695,1.46196e-18,-1.57057,1.69514,-0.0205333,-1.61762,1.77293,0,-1.63085,1.79392,-0.0517729
32.35,2.10581,1.95208,2.65596,2.03418,1.91401,2.64121,2.20011,2.03949,2,2.37174,1.93915,2.06481,-1.56166,1.68465,1.46196e-18,-1.58391,1.68254,-0.0201701,-1.63159,1.76009,0,-1.64479,1.78074,-0.0515407
32.36,2.08996,1.96904,2.65596,2.01348,1.93578,2.64095,2.18355,2.05721,2,2.35025,1.96219,2.06415,-1.57523,1.67197,1.46196e-18,-1.60132,1.66622,-0.0192125,-1.64577,1.74684,0,-1.66271,1.76349,-0.0505966
32.3701,2.07423,1.9856,2.65596,1.9974,1.95238,2.64077,2.16712,2.07451,2,2.33355,1.97976,2.06364,-1.58848,1.65939,0,-1.61447,1.65362,-0.0184587,-1.65961,1.73369,0,-1.67605,1.7501,-0.0497452
32.3801,2.05836,2.00205,2.65596,1.98119,1.96885,2.64059,2.15053,2.0917,2,2.31673,1.99719,2.06315,-1.60164,1.64669,0,-1.62747,1.64101,-0.017623,-1.67336,1.72042,0,-1.68912,1.73665,-0.0487539
32.39,2.04228,2.01846,2.65596,1.96977,1.98031,2.64046,2.13373,2.10884,2,2.30487,2.00931,2.06281,-1.61476,1.63382,0,-1.63658,1.6322,-0.0169822,-1.68707,1.70698,0,-1.69822,1.72724,-0.0479695
32.4,2.02621,2.03458,2.65596,1.95333,1.99656,2.6403,2.11695,2.12569,2,2.28269,2.03165,2.0622,-1.62766,1.62097,1.46196e-18,-1.64941,1.61959,-0.0162449,-1.70055,1.69356,0,-1.71467,1.7097,-0.046723
32.41,2.0097,2.05089,2.65596,1.93678,2.0127,2.64014,2.0997,2.14273,2,2.26548,2.04868,2.06174,-1.64071,1.60776,0,-1.66219,1.60699,-0.0157411,-1.71418,1.67976,0,-1.72712,1.69621,-0.0457852
32.42,1.99326,2.06687,2.65596,1.92009,2.0287,2.63998,2.08252,2.15943,2,2.24814,2.06558,2.06128,-1.6535,1.59461,0,-1.67524,1.59444,-0.0151846,-1.72754,1.66601,0,-1.73958,1.68266,-0.0446573
32.43,1.97669,2.08272,2.65596,1.8982,2.04933,2.63979,2.06521,2.17599,2,2.23069,2.08234,2.06084,-1.66618,1.58135,0,-1.69232,1.57802,-0.0142391,-1.74079,1.65217,0,-1.75193,1.66902,-0.0432825
32.4402,1.9595,2.09891,2.65596,1.88121,2.06504,2.63965,2.04725,2.19289,2,2.2131,2.09896,2.06042,-1.67913,1.5676,-1.46196e-18,-1.70543,1.56537,-0.0136992,-1.75432,1.6378,0,-1.76408,1.65533,-0.0420356
32.45,1.94325,2.11396,2.65596,1.86924,2.07597,2.63956,2.03027,2.20862,2,2.20073,2.11051,2.06013,-1.69117,1.5546,-1.46196e-18,-1.71455,1.5565,-0.0133322,-1.7669,1.62422,0,-1.77246,1.64574,-0.0411439
32.46,1.92595,2.12973,2.65596,1.84684,2.0961,2.63939,2.01219,2.2251,2,2.17759,2.13179,2.0596,-1.70379,1.54076,0,-1.73119,1.53988,-0.0130477,-1.78008,1.60976,0,-1.78763,1.62782,-0.0398275
32.47,1.90772,2.14608,2.65596,1.82947,2.11143,2.63926,1.99315,2.24218,2,2.15965,2.148,2.05921,-1.71686,1.52618,0,-1.74369,1.52697,-0.0132175,-1.79374,1.59452,0,-1.79881,1.61394,-0.0391107
32.48,1.89181,2.16012,2.65596,1.81723,2.12209,2.63916,1.97652,2.25685,2,2.14703,2.15926,2.05893,-1.7281,1.51344,0,-1.75243,1.51793,-0.0132673,-1.80548,1.58122,0,-1.80655,1.60423,-0.0385042
32.4901,1.8741,2.1755,2.65596,1.79435,2.14171,2.63899,1.95802,2.27292,2,2.12346,2.18,2.05844,-1.7404,1.49928,1.46196e-18,-1.76826,1.50084,-0.0135306,-1.81833,1.56642,0,-1.82044,1.58593,-0.0375019
32.5001,1.8568,2.19029,2.65596,1.77661,2.15665,2.63885,1.93994,2.28837,2,2.1052,2.19579,2.05807,-1.75223,1.48544,0,-1.78028,1.4875,-0.0140448,-1.83069,1.55195,0,-1.83081,1.5717,-0.0369602
32.51,1.83936,2.20495,2.65596,1.76411,2.16703,2.63875,1.92172,2.30369,2,2.08684,2.21143,2.0577,-1.76396,1.47148,0,-1.78878,1.47801,-0.0143122,-1.84295,1.53738,0,-1.84124,1.55727,-0.0361871
32.5203,1.82119,2.21998,2.65596,1.74076,2.18613,2.63857,1.90275,2.31939,2,2.07393,2.2223,2.05745,-1.77598,1.45696,1.46196e-18,-1.80453,1.46026,-0.0149723,-1.85551,1.5222,0,-1.84843,1.54715,-0.0358048
32.5301,1.80352,2.23436,2.65596,1.72628,2.19777,2.63844,1.88428,2.33441,2,2.05353,2.23923,2.05706,-1.78749,1.44282,1.46196e-18,-1.81424,1.44928,-0.0156781,-1.86753,1.50743,0,-1.85967,1.53121,-0.0354118
32.5402,1.78545,2.24883,2.65596,1.71355,2.20788,2.63833,1.8654,2.34953,2,2.04049,2.24991,2.05681,-1.79906,1.42836,0,-1.8227,1.43965,-0.0162753,-1.87962,1.49232,0,-1.86674,1.52105,-0.0351521
32.55,1.76777,2.26275,2.65596,1.69526,2.22221,2.63816,1.84693,2.36408,2,2.02177,2.26505,2.05646,-1.8102,1.41421,1.46196e-18,-1.8347,1.42587,-0.0171276,-1.89126,1.47754,0,-1.87669,1.50654,-0.0347523
32.5601,1.74967,2.27678,2.65596,1.67686,2.2364,2.63799,1.82801,2.37873,2,2.00296,2.28004,2.05612,-1.82142,1.39973,0,-1.84667,1.41192,-0.0178916,-1.90299,1.46241,0,-1.88646,1.49188,-0.0341925
32.5702,1.72919,2.29237,2.65596,1.65275,2.25463,2.63775,1.80662,2.39502,2,1.97835,2.29931,2.05568,-1.8339,1.38335,0,-1.86252,1.39363,-0.0183149,-1.91602,1.44529,0,-1.89921,1.47268,-0.0327706
32.5801,1.71302,2.30447,2.65596,1.63406,2.2685,2.63757,1.78973,2.40767,2,1.96503,2.30958,2.05546,-1.84358,1.37042,0,-1.87457,1.3793,-0.0185321,-1.92613,1.43179,0,-1.90593,1.46219,-0.0318776
32.5902,1.69384,2.31861,2.65596,1.62091,2.27812,2.63744,1.76969,2.42244,2,1.94593,2.32413,2.05514,-1.85489,1.35507,0,-1.88294,1.36915,-0.0186571,-1.93795,1.41575,0,-1.91536,1.44705,-0.0305967
32.6,1.67607,2.33149,2.65596,1.59633,2.29579,2.63719,1.75113,2.43589,2,1.92672,2.33853,2.05484,-1.86519,1.34086,1.46196e-18,-1.89817,1.35024,-0.0192385,-1.94871,1.4009,0,-1.92459,1.43192,-0.0295219
32.6101,1.65721,2.34494,2.65596,1.57729,2.30922,2.637,1.73141,2.44994,2,1.90743,2.35277,2.05455,-1.87595,1.32576,-1.46196e-18,-1.90978,1.33561,-0.0199291,-1.95995,1.38513,0,-1.93362,1.41679,-0.0286717
32.62,1.63838,2.35813,2.65596,1.55814,2.3225,2.6368,1.71174,2.46373,2,1.88222,2.37106,2.05419,-1.8865,1.3107,0,-1.92157,1.32089,-0.0204017,-1.97098,1.36939,0,-1.94548,1.39704,-0.0273541
32.63,1.61957,2.37109,2.65596,1.53886,2.33564,2.63659,1.69209,2.47726,2,1.86858,2.3808,2.054,-1.89687,1.29565,-1.46196e-18,-1.93331,1.30603,-0.0205465,-1.98181,1.35367,0,-1.95188,1.38634,-0.0264181
32.6401,1.60045,2.38403,2.65596,1.5253,2.34474,2.63645,1.67211,2.49079,2,1.84901,2.39459,2.05374,-1.90723,1.28036,0,-1.94153,1.29556,-0.0204642,-1.99263,1.33769,0,-1.96104,1.37103,-0.0248481
32.6501,1.58123,2.39683,2.65596,1.50583,2.35762,2.63624,1.65203,2.50415,2,1.82344,2.41228,2.05343,-1.91746,1.26498,0,-1.95302,1.28047,-0.020438,-2.00332,1.32163,0,-1.97267,1.35101,-0.0229547
32.6602,1.56152,2.40971,2.65596,1.48624,2.37035,2.63604,1.63144,2.51762,2,1.80961,2.4217,2.05328,-1.92777,1.24921,1.46196e-18,-1.96446,1.2653,-0.0205517,-2.01409,1.30515,0,-1.97891,1.34021,-0.0219667
32.67,1.54286,2.4217,2.65596,1.46654,2.38293,2.63583,1.61195,2.53014,2,1.78978,2.43503,2.05307,-1.93736,1.23429,1.46196e-18,-1.97594,1.25002,-0.0204119,-2.02411,1.28956,0,-1.98781,1.32474,-0.0203186
32.6802,1.52291,2.43429,2.65596,1.44075,2.39905,2.63557,1.59111,2.5433,2,1.76986,2.44819,2.05287,-1.94744,1.21833,0,-1.99083,1.22985,-0.0199458,-2.03464,1.27289,0,-1.9967,1.30911,-0.0184689
32.6902,1.50329,2.44646,2.65596,1.42679,2.40762,2.63543,1.57061,2.55601,2,1.74985,2.46121,2.0527,-1.95717,1.20264,-1.46196e-18,-1.99874,1.21894,-0.0198394,-2.04481,1.25649,0,-2.00552,1.29342,-0.0167489
32.7001,1.48422,2.45808,2.65596,1.40675,2.41973,2.63523,1.55068,2.56815,2,1.72975,2.47406,2.05254,-1.96646,1.18737,0,-2.00968,1.20331,-0.02,-2.05452,1.24054,0,-2.01405,1.27777,-0.0154784
32.7101,1.46451,2.46987,2.65596,1.38053,2.43524,2.63497,1.53009,2.58047,2,1.7035,2.49054,2.05234,-1.9759,1.17161,0,-2.0232,1.18294,-0.020372,-2.06438,1.22407,0,-2.02457,1.25749,-0.0140549
32.7201,1.44406,2.48188,2.65596,1.36025,2.44699,2.63477,1.50873,2.59302,2,1.68321,2.50304,2.05221,-1.9855,1.15525,0,-2.03348,1.16722,-0.020637,-2.07441,1.20698,0,-2.03261,1.24189,-0.0129667
32.7303,1.42332,2.49383,2.65596,1.33986,2.45859,2.63456,1.48706,2.6055,2,1.66284,2.51538,2.05208,-1.99507,1.13866,0,-2.04372,1.15132,-0.0207301,-2.0844,1.18965,0,-2.04074,1.22618,-0.0117798
32.7401,1.40449,2.50449,2.65596,1.32553,2.46661,2.63441,1.46738,2.61664,2,1.64854,2.52392,2.052,-2.00359,1.12359,0,-2.0508,1.14007,-0.0206421,-2.09331,1.17391,0,-2.04644,1.2151,-0.0108456
32.75,1.38481,2.51542,2.65596,1.30498,2.47793,2.63421,1.44682,2.62806,2,1.62187,2.53959,2.05188,-2.01234,1.10785,1.46196e-18,-2.06062,1.12392,-0.0204567,-2.10245,1.15746,0,-2.05683,1.19449,-0.00914648
32.76,1.3641,2.52671,2.65596,1.2781,2.4924,2.63394,1.42518,2.63986,2,1.60745,2.54791,2.05181,-2.02137,1.09128,0,-2.07335,1.10281,-0.020301,-2.11189,1.14015,0,-2.06248,1.1834,-0.00828921
32.77,1.34435,2.53728,2.65596,1.26357,2.50008,2.6338,1.40455,2.65089,2,1.58057,2.56316,2.05172,-2.02982,1.07548,-1.46196e-18,-2.08012,1.09137,-0.0202787,-2.12071,1.12364,0,-2.07288,1.16268,-0.00685201
32.78,1.32403,2.54794,2.65596,1.24272,2.51091,2.6336,1.38332,2.66203,2,1.5598,2.57471,2.05165,-2.03835,1.05922,0,-2.08941,1.07496,-0.020602,-2.12963,1.10666,0,-2.08057,1.14673,-0.00636461
32.79,1.30402,2.55824,2.65596,1.21548,2.52475,2.63333,1.36241,2.6728,2,1.53896,2.58609,2.05159,-2.04659,1.04321,0,-2.10117,1.05341,-0.0209999,-2.13824,1.08993,0,-2.08829,1.13066,-0.0056957
32.8002,1.28273,2.56898,2.65596,1.19442,2.5352,2.63312,1.34018,2.68401,2,1.52432,2.59397,2.05155,-2.05518,1.02619,0,-2.11019,1.03675,-0.0212248,-2.14721,1.07214,0,-2.09376,1.11942,-0.00524768
32.8101,1.26184,2.57931,2.65596,1.17963,2.54241,2.63297,1.31834,2.69481,2,1.50334,2.60508,2.0515,-2.06344,1.00947,0,-2.11651,1.02499,-0.021275,-2.15584,1.05467,0,-2.10171,1.10324,-0.00459884
32.8201,1.24166,2.58908,2.65596,1.15842,2.55258,2.63275,1.29726,2.70502,2,1.48229,2.61603,2.05146,-2.07126,0.993326,0,-2.12523,1.00814,-0.0214336,-2.16401,1.03781,0,-2.10957,1.08702,-0.00409809
32.8302,1.2208,2.59898,2.65596,1.13072,2.56554,2.63247,1.27546,2.71536,2,1.46115,2.62682,2.05142,-2.07919,0.976638,0,-2.13602,0.986129,-0.0215206,-2.17229,1.02037,0,-2.11716,1.07079,-0.00362492
32.8401,1.19984,2.60872,2.65596,1.10932,2.57532,2.63226,1.25357,2.72554,2,1.43994,2.63745,2.05139,-2.08698,0.959872,0,-2.14416,0.969099,-0.0216054,-2.18043,1.00285,0,-2.12476,1.05445,-0.00312494
32.85,1.17779,2.61875,2.65596,1.08784,2.58492,2.63204,1.23053,2.73602,2,1.41226,2.65102,2.05135,-2.095,0.942235,0,-2.1522,0.951927,-0.0214784,-2.18881,0.984428,0,-2.13473,1.0331,-0.0024817
32.8601,1.15775,2.62767,2.65596,1.06628,2.59436,2.63183,1.20959,2.74534,2,1.39087,2.66127,2.05133,-2.10214,0.926196,-1.46196e-18,-2.16015,0.934653,-0.0211282,-2.19627,0.967671,0,-2.14255,1.01657,-0.00184478
32.8711,1.13512,2.63753,2.65596,1.05114,2.60086,2.63168,1.18595,2.75564,2,1.36941,2.67135,2.05131,-2.11002,0.908094,-1.46196e-18,-2.16571,0.922465,-0.020788,-2.20451,0.948757,0,-2.15055,0.999889,-0.00115291
32.8801,1.11603,2.64566,2.65596,1.02292,2.6127,2.63142,1.16601,2.76413,2,1.35433,2.67831,2.05131,-2.11653,0.892824,0,-2.1759,0.899704,-0.0204871,-2.21131,0.932805,0,-2.15621,0.988166,-0.000944597
32.8901,1.09485,2.6545,2.65596,1.00112,2.62161,2.63121,1.14388,2.77336,2,1.33273,2.6881,2.0513,-2.1236,0.875879,0,-2.18331,0.882281,-0.0207006,-2.21869,0.915101,0,-2.16405,0.971484,-0.00104968
32.9,1.07367,2.66313,2.65596,0.97925,2.63035,2.631,1.12175,2.78239,2,1.30453,2.70059,2.05128,-2.13051,0.858936,1.46196e-18,-2.19054,0.86481,-0.0207126,-2.22591,0.897399,0,-2.17413,0.949817,-0.00120612
32.91,1.05224,2.67167,2.65596,0.963899,2.63636,2.63086,1.09936,2.79131,2,1.28929,2.7072,2.05127,-2.13734,0.841792,0,-2.19541,0.852561,-0.0205359,-2.23305,0.879487,0,-2.17951,0.938107,-0.00115592
32.92,1.03112,2.67989,2.65596,0.941911,2.64479,2.63066,1.0773,2.7999,2,1.2609,2.71925,2.05126,-2.14392,0.8249,0,-2.20206,0.834945,-0.0203322,-2.23992,0.861838,0,-2.1893,0.916174,-0.00130171
32.93,1.00966,2.68806,2.65596,0.913231,2.6555,2.63039,1.05487,2.80842,2,1.23897,2.72833,2.05125,-2.15044,0.807727,0,-2.21031,0.811895,-0.0200156,-2.24674,0.843896,0,-2.19675,0.899239,-0.00140539
32.9402,0.986557,2.69662,2.65596,0.891097,2.66353,2.63019,1.03073,2.81737,2,1.21696,2.73724,2.05123,-2.1573,0.789245,-7.3098e-19,-2.21648,0.794072,-0.0198219,-2.2539,0.824587,0,-2.20414,0.882212,-0.0016571
32.95,0.966677,2.70381,2.65596,0.868902,2.67138,2.63,1.00996,2.82488,2,1.19488,2.74597,2.05121,-2.16305,0.773342,-7.3098e-19,-2.22245,0.775953,-0.0194844,-2.25991,0.807972,0,-2.21153,0.864873,-0.00187649
32.96,0.944504,2.71163,2.65596,0.846648,2.67905,2.6298,0.986799,2.83306,2,1.17273,2.75454,2.05119,-2.16931,0.755603,-7.3098e-19,-2.22844,0.757626,-0.0190115,-2.26645,0.789439,0,-2.21914,0.847315,-0.00207067
32.9702,0.922318,2.71926,2.65596,0.824333,2.68653,2.62962,0.963619,2.84103,2,1.1505,2.76292,2.05117,-2.17541,0.737854,0,-2.23448,0.739298,-0.0183392,-2.27282,0.770895,0,-2.22698,0.829736,-0.00216834
32.9801,0.900701,2.7265,2.65596,0.801958,2.69383,2.62944,0.941034,2.84859,2,1.12819,2.77113,2.05115,-2.1812,0.720561,-7.3098e-19,-2.24042,0.720854,-0.0174871,-2.27887,0.752827,0,-2.23489,0.812004,-0.00218606
32.9901,0.879152,2.73352,2.65596,0.786261,2.69883,2.62932,0.91852,2.85593,2,1.11253,2.77677,2.05113,-2.18682,0.703322,7.3098e-19,-2.24457,0.707889,-0.0168468,-2.28474,0.734816,0,-2.24053,0.799513,-0.00221363
33.0001,0.856388,2.74074,2.65596,0.757034,2.70788,2.62911,0.894737,2.86347,2,1.09008,2.78468,2.05111,-2.19259,0.685111,0,-2.25174,0.683823,-0.0160781,-2.29077,0.71579,0,-2.24837,0.781639,-0.00259496
33.0101,0.833269,2.74786,2.65596,0.741259,2.71262,2.62899,0.870583,2.8709,2,1.06756,2.7924,2.05108,-2.19828,0.666616,7.3098e-19,-2.2553,0.67085,-0.0158788,-2.29672,0.696466,0,-2.25586,0.763719,-0.00337242
33.02,0.813581,2.75375,2.65596,0.718681,2.71924,2.62884,0.850012,2.87706,2,1.03817,2.80218,2.05103,-2.203,0.650864,7.3098e-19,-2.26014,0.652343,-0.0158527,-2.30165,0.68001,0,-2.2653,0.740381,-0.00492434
33.0302,0.791057,2.7603,2.65596,0.689261,2.72756,2.62863,0.82648,2.88391,2,1.0223,2.80732,2.05099,-2.20824,0.632846,-1.46196e-18,-2.26593,0.628175,-0.0159099,-2.30713,0.661184,0,-2.27024,0.727735,-0.00582714
33.04,0.769495,2.76639,2.65596,0.666582,2.73375,2.62847,0.803952,2.89027,2,0.992727,2.81662,2.05091,-2.21311,0.615596,0,-2.26992,0.609373,-0.0158094,-2.31222,0.643162,0,-2.27902,0.703923,-0.00737984
33.05,0.747366,2.77245,2.65596,0.643863,2.73975,2.62831,0.780833,2.8966,2,0.969903,2.82357,2.05083,-2.21796,0.597893,7.3098e-19,-2.27372,0.590474,-0.0154044,-2.31728,0.624666,0,-2.2857,0.685401,-0.00838813
33.0601,0.724838,2.77843,2.65596,0.621108,2.74556,2.62816,0.757296,2.90284,2,0.947013,2.83033,2.05074,-2.22274,0.579871,-7.3098e-19,-2.27735,0.571516,-0.0146462,-2.32228,0.605837,0,-2.29238,0.666739,-0.00914853
33.07,0.702491,2.78416,2.65596,0.598315,2.75118,2.62802,0.733948,2.90883,2,0.924054,2.83691,2.05064,-2.22733,0.561993,0,-2.28116,0.552542,-0.0137318,-2.32707,0.587158,0,-2.29937,0.647978,-0.00983311
33.0801,0.680185,2.7897,2.65596,0.575485,2.75661,2.62789,0.710643,2.91462,2,0.901025,2.84329,2.05054,-2.23176,0.544148,0,-2.28496,0.533664,-0.0126731,-2.33169,0.568515,0,-2.30645,0.62923,-0.0104441
33.0901,0.658202,2.79496,2.65596,0.552617,2.76185,2.62777,0.687676,2.92012,2,0.877925,2.84949,2.05044,-2.23597,0.526561,-7.3098e-19,-2.28853,0.514726,-0.0114423,-2.3361,0.550141,0,-2.31343,0.610324,-0.0109588
33.1,0.635921,2.80012,2.65596,0.529716,2.7669,2.62766,0.664398,2.9255,2,0.861715,2.85371,2.05036,-2.24009,0.508737,7.3098e-19,-2.29166,0.495816,-0.00997686,-2.3404,0.531518,0,-2.31808,0.597043,-0.0112118
33.1101,0.613411,2.80513,2.65596,0.506784,2.77177,2.62757,0.640879,2.93075,2,0.831524,2.86132,2.05021,-2.24411,0.490729,7.3098e-19,-2.29458,0.476897,-0.00844842,-2.3446,0.512703,0,-2.32662,0.572258,-0.0116779
33.1208,0.588325,2.8105,2.65596,0.483825,2.77644,2.62749,0.61467,2.93636,2,0.808226,2.86694,2.05009,-2.2484,0.47066,0,-2.29725,0.457975,-0.00687586,-2.34908,0.491736,0,-2.33298,0.553076,-0.0120443
33.13,0.568497,2.81458,2.65596,0.460839,2.78093,2.62743,0.593954,2.94062,2,0.791879,2.87077,2.05001,-2.25166,0.454798,0,-2.29995,0.439144,-0.00537415,-2.35249,0.475163,0,-2.33751,0.539658,-0.0123751
33.14,0.545611,2.81911,2.65596,0.437827,2.78522,2.62738,0.570043,2.94534,2,0.761438,2.87762,2.04984,-2.25528,0.436489,-7.3098e-19,-2.30239,0.420328,-0.00402666,-2.35628,0.456034,0,-2.34567,0.514614,-0.0131902
33.15,0.523316,2.82333,2.65596,0.414791,2.78933,2.62735,0.54675,2.94976,2,0.73795,2.88267,2.0497,-2.25866,0.418653,7.3098e-19,-2.30487,0.401465,-0.00267348,-2.35981,0.4374,0,-2.35198,0.495196,-0.0138834
33.16,0.500865,2.8274,2.65596,0.39173,2.79325,2.62733,0.523293,2.95401,2,0.714399,2.88752,2.04956,-2.26192,0.400692,-7.3098e-19,-2.30731,0.38276,-0.00132948,-2.36321,0.418635,0,-2.3583,0.475826,-0.0146205
33.17,0.478246,2.83131,2.65596,0.368644,2.79699,2.62732,0.499662,2.9581,2,0.690784,2.89218,2.04941,-2.26505,0.382597,0,-2.30973,0.364002,-7.09821e-05,-2.36648,0.399729,0,-2.36463,0.45629,-0.0154728
33.18,0.455423,2.83507,2.65596,0.345536,2.80053,2.62733,0.475817,2.96203,2,0.667107,2.89665,2.04925,-2.26806,0.364339,0,-2.31185,0.34524,0.00119573,-2.36962,0.380654,0,-2.3707,0.436637,-0.0163444
33.1901,0.432806,2.83861,2.65596,0.322408,2.80389,2.62735,0.452187,2.96573,2,0.64337,2.90092,2.04908,-2.27089,0.346245,0,-2.31388,0.326586,0.00245793,-2.37258,0.36175,0,-2.3767,0.416977,-0.0172451
33.2001,0.410015,2.842,2.65596,0.306206,2.80613,2.62737,0.428375,2.96926,2,0.626719,2.90379,2.04896,-2.2736,0.328012,-3.6549e-19,-2.31503,0.313607,0.00337548,-2.37541,0.3427,0,-2.38064,0.403223,-0.0178519
33.21,0.386961,2.84523,2.65596,0.283048,2.80918,2.62741,0.404289,2.97263,2,0.595725,2.90886,2.04872,-2.27618,0.309569,0,-2.31647,0.295173,0.00435274,-2.37811,0.323431,0,-2.38762,0.377709,-0.0194909
33.22,0.364167,2.84823,2.65596,0.252924,2.81286,2.62747,0.380474,2.97578,2,0.578999,2.91146,2.04858,-2.27859,0.291333,-3.6549e-19,-2.31805,0.271455,0.00531999,-2.38062,0.304379,0,-2.3912,0.364031,-0.0204653
33.23,0.341577,2.85103,2.65596,0.229738,2.81548,2.62753,0.356873,2.9787,2,0.547871,2.91603,2.0483,-2.28082,0.273262,3.6549e-19,-2.31909,0.253379,0.0057961,-2.38296,0.285498,0,-2.39755,0.338768,-0.0224745
33.24,0.31794,2.85376,2.65596,0.206543,2.81793,2.62759,0.332178,2.98155,2,0.523873,2.91932,2.04807,-2.28301,0.254352,0,-2.31988,0.235248,0.00626294,-2.38524,0.265742,0,-2.40212,0.319168,-0.0240871
33.2502,0.295553,2.85617,2.65596,0.190302,2.81953,2.62763,0.308788,2.98407,2,0.507047,2.9215,2.0479,-2.28493,0.236442,0,-2.32037,0.222512,0.00661239,-2.38725,0.24703,0,-2.40526,0.305347,-0.0251974
33.26,0.27313,2.8584,2.65596,0.164775,2.82187,2.62771,0.285361,2.9864,2,0.480563,2.92474,2.04761,-2.28672,0.218504,0,-2.32085,0.202588,0.00672325,-2.38912,0.228289,0,-2.40984,0.283653,-0.0273471
33.2702,0.248462,2.86065,2.65596,0.141565,2.8238,2.62777,0.259588,2.98875,2,0.456446,2.92748,2.04732,-2.28852,0.19877,-3.6549e-19,-2.32103,0.184466,0.00644984,-2.391,0.20767,0,-2.41363,0.263887,-0.0296014
33.2801,0.226821,2.86245,2.65596,0.118354,2.82556,2.62784,0.236978,2.99063,2,0.439541,2.92928,2.04711,-2.28996,0.181456,0,-2.32116,0.16644,0.0063779,-2.3925,0.189582,0,-2.41617,0.250069,-0.0310307
33.2902,0.204052,2.86416,2.65596,0.102105,2.82668,2.62788,0.213189,2.99242,2,0.415361,2.93168,2.04679,-2.29133,0.163241,0,-2.32137,0.153863,0.00645437,-2.39393,0.170551,0,-2.41994,0.230326,-0.0328671
33.3001,0.181255,2.86569,2.65596,0.0719281,2.82853,2.62796,0.189371,2.99402,2,0.383873,2.93451,2.04635,-2.29255,0.145004,0,-2.32118,0.130538,0.0063704,-2.39521,0.151497,0,-2.4241,0.204617,-0.0353324
33.3101,0.157797,2.86708,2.65596,0.0556805,2.8294,2.62801,0.164863,2.99547,2,0.366897,2.93589,2.0461,-2.29366,0.126238,0,-2.32094,0.118069,0.00608505,-2.39637,0.131891,0,-2.4261,0.190853,-0.0368355
33.3201,0.135241,2.86823,2.65596,0.0255119,2.83078,2.62808,0.141297,2.99667,2,0.335336,2.93821,2.0456,-2.29459,0.108193,0,-2.32025,0.0948556,0.00524908,-2.39734,0.113038,0,-2.42942,0.165193,-0.0398421
33.3302,0.112212,2.86923,2.65596,0.00231425,2.83164,2.62813,0.117237,2.99771,2,0.318325,2.93932,2.04531,-2.29538,0.0897694,0,-2.31924,0.077,0.00460924,-2.39817,0.0937893,0,-2.43079,0.151356,-0.041431
33.34,0.0898395,2.87001,2.65596,-0.0208729,2.83232,2.62818,0.0938625,2.99853,2,0.286709,2.94112,2.04476,-2.29601,0.0718716,0,-2.31822,0.0592415,0.00432623,-2.39882,0.07509,0,-2.43316,0.125739,-0.0438664
33.3501,0.0660253,2.87066,2.65596,-0.0370983,2.83269,2.62821,0.0689819,2.99921,2,0.269672,2.94195,2.04445,-2.29653,0.0528202,9.13725e-20,-2.31759,0.0467877,0.00430392,-2.39937,0.0551855,0,-2.43446,0.1119,-0.0449244
33.36,0.043606,2.87109,2.65596,-0.067219,2.83315,2.62826,0.0455586,2.99965,2,0.23801,2.94323,2.04385,-2.29687,0.0348848,4.56862e-20,-2.31624,0.0235187,0.0041816,-2.39972,0.0364469,0,-2.43654,0.0860357,-0.0468728
33.3701,0.0201512,2.87135,2.65596,-0.090375,2.8333,2.6283,0.0210536,2.99993,2,0.213638,2.944,2.04338,-2.29708,0.016121,2.28431e-20,-2.31491,0.00552605,0.00380237,-2.39994,0.0168429,0,-2.43766,0.066079,-0.0485353
33.3802,-0.00315406,2.87142,2.65596,-0.106576,2.83329,2.62833,-0.0032953,3,2,0.196573,2.94441,2.04303,-2.29713,-0.00252325,2.85539e-21,-2.31385,-0.00708316,0.00371918,-2.4,-0.00263624,0,-2.43823,0.0520934,-0.0494699
33.3901,-0.02656,2.8713,2.65596,-0.136642,2.83305,2.62838,-0.0277493,2.99987,2,0.16487,2.94492,2.04238,-2.29704,-0.021248,2.28431e-20,-2.31166,-0.0303498,0.00353648,-2.3999,-0.0221995,0,-2.43894,0.0262429,-0.0511465
33.4002,-0.0489138,2.871,2.65596,-0.152819,2.83279,2.6284,-0.0511042,2.99956,2,0.147797,2.94505,2.04202,-2.2968,-0.0391311,4.56862e-20,-2.31023,-0.0428115,0.00332942,-2.39965,-0.0408833,0,-2.43894,0.0124129,-0.0520814
33.41,-0.0709863,2.87054,2.65596,-0.17591,2.83227,2.62843,-0.074165,2.99908,2,0.12341,2.94508,2.04149,-2.29643,-0.056789,0,-2.30783,-0.0607001,0.00288182,-2.39927,-0.059332,0,-2.43843,-0.00739352,-0.0534739
33.42,-0.0939718,2.86988,2.65596,-0.205892,2.83133,2.62847,-0.0981798,2.99839,2,0.0990287,2.94491,2.04095,-2.29591,-0.0751774,9.13725e-20,-2.30487,-0.0841318,0.00249212,-2.39871,-0.0785438,0,-2.43785,-0.0272534,-0.0546721
33.43,-0.117,2.86903,2.65596,-0.22893,2.8304,2.62849,-0.122239,2.99751,2,0.067342,2.94438,2.04023,-2.29523,-0.0936001,0,-2.30272,-0.1023,0.00230982,-2.39801,-0.0977915,0,-2.43698,-0.0532272,-0.055801
33.4401,-0.140172,2.868,2.65596,-0.247345,2.82952,2.62851,-0.146448,2.99642,2,0.055158,2.94409,2.03995,-2.2944,-0.112137,-1.82745e-19,-2.30112,-0.116856,0.00222598,-2.39714,-0.117159,0,-2.43664,-0.0632314,-0.0561744
33.4501,-0.163102,2.86678,2.65596,-0.263447,2.82866,2.62852,-0.170405,2.99516,2,0.0307957,2.94336,2.03939,-2.29343,-0.130481,0,-2.29948,-0.129511,0.00194258,-2.39613,-0.136324,0,-2.43567,-0.0831374,-0.0570448
33.4601,-0.186147,2.86538,2.65596,-0.286429,2.82728,2.62854,-0.194482,2.99369,2,0.00644652,2.94243,2.03881,-2.2923,-0.148917,0,-2.29682,-0.147547,0.00131608,-2.39495,-0.155586,0,-2.43407,-0.102914,-0.0581339
33.47,-0.20889,2.86381,2.65596,-0.316265,2.8252,2.62855,-0.218244,2.99205,2,-0.0178851,2.9413,2.03822,-2.29105,-0.167112,0,-2.29336,-0.17111,0.000552202,-2.39364,-0.174595,0,-2.43223,-0.122668,-0.0590907
33.48,-0.231709,2.86206,2.65596,-0.339185,2.8234,2.62856,-0.242085,2.99022,2,-0.0421972,2.93998,2.03763,-2.28964,-0.185368,0,-2.29065,-0.18928,0.000165899,-2.39217,-0.193668,0,-2.43012,-0.142374,-0.0596698
33.49,-0.254512,2.86012,2.65596,-0.362078,2.82142,2.62856,-0.265909,2.98819,2,-0.0737688,2.93796,2.03685,-2.28809,-0.20361,0,-2.28792,-0.207546,-3.40653e-05,-2.39055,-0.212727,0,-2.42699,-0.168064,-0.0600183
33.5002,-0.277562,2.85797,2.65596,-0.378087,2.81992,2.62856,-0.289991,2.98595,2,-0.0980258,2.93618,2.03625,-2.28638,-0.22205,-3.6549e-19,-2.28602,-0.220333,-6.6375e-05,-2.38876,-0.231993,0,-2.42439,-0.187833,-0.0599571
33.5102,-0.301078,2.85559,2.65596,-0.400933,2.81763,2.62856,-0.314561,2.98346,2,-0.114989,2.93481,2.03583,-2.28447,-0.240863,-7.3098e-19,-2.28312,-0.238615,-0.000156499,-2.38677,-0.251648,0,-2.42228,-0.20162,-0.0599745
33.52,-0.322917,2.8532,2.65596,-0.430588,2.81437,2.62855,-0.337377,2.98097,2,-0.146451,2.93203,2.03505,-2.28256,-0.258334,0,-2.2792,-0.262624,-0.000304744,-2.38478,-0.269902,0,-2.41797,-0.227373,-0.0597512
33.5301,-0.346015,2.8505,2.65596,-0.446535,2.81248,2.62855,-0.361509,2.97814,2,-0.163368,2.93039,2.03464,-2.2804,-0.276812,0,-2.27698,-0.275618,-0.000356029,-2.38251,-0.289207,0,-2.41534,-0.241236,-0.0594995
33.5401,-0.369231,2.84758,2.65596,-0.469288,2.80964,2.62855,-0.385765,2.97509,2,-0.187502,2.92788,2.03404,-2.27806,-0.295385,3.6549e-19,-2.27368,-0.294109,-0.000495943,-2.38008,-0.308612,0,-2.41128,-0.260935,-0.0591198
33.55,-0.391251,2.84464,2.65596,-0.492008,2.8066,2.62854,-0.408771,2.97202,2,-0.218811,2.92432,2.03327,-2.27571,-0.313001,0,-2.27019,-0.312554,-0.00107665,-2.37762,-0.327017,0,-2.40553,-0.28646,-0.0589942
33.5601,-0.414543,2.84134,2.65596,-0.514694,2.80338,2.62853,-0.433106,2.96857,2,-0.235639,2.92226,2.03286,-2.27307,-0.331634,3.6549e-19,-2.26709,-0.331127,-0.0013735,-2.37486,-0.346485,0,-2.4025,-0.3002,-0.0586379
33.5702,-0.437961,2.83782,2.65596,-0.544142,2.79892,2.62851,-0.457573,2.9649,2,-0.266835,2.9182,2.03211,-2.27026,-0.350369,0,-2.26353,-0.355259,-0.00153001,-2.37192,-0.366058,0,-2.39691,-0.325622,-0.05762
33.58,-0.45955,2.83441,2.65596,-0.559981,2.79639,2.6285,-0.480128,2.96133,2,-0.283603,2.91587,2.0317,-2.26753,-0.36764,-3.6549e-19,-2.26173,-0.368159,-0.00165376,-2.36906,-0.384102,0,-2.39385,-0.33918,-0.0570341
33.59,-0.482432,2.8306,2.65596,-0.582584,2.79262,2.62848,-0.504035,2.95736,2,-0.314683,2.9113,2.03097,-2.26448,-0.385946,0,-2.25889,-0.386458,-0.00200026,-2.36588,-0.403228,0,-2.38755,-0.364129,-0.0561636
33.6001,-0.506652,2.82637,2.65596,-0.611926,2.78744,2.62845,-0.52934,2.95293,2,-0.331384,2.9087,2.03058,-2.26109,-0.405322,0,-2.2554,-0.410183,-0.00266383,-2.36234,-0.423472,0,-2.38417,-0.377512,-0.0557088
33.6103,-0.528374,2.82239,2.65596,-0.634468,2.78325,2.62842,-0.552035,2.94877,2,-0.362337,2.90363,2.02986,-2.25791,-0.4227,-7.3098e-19,-2.25283,-0.428365,-0.00326345,-2.35902,-0.441628,0,-2.37775,-0.402203,-0.0547925
33.6202,-0.550463,2.81816,2.65596,-0.654733,2.77932,2.62839,-0.575112,2.94436,2,-0.383716,2.89994,2.02937,-2.25453,-0.44037,0,-2.2507,-0.444583,-0.00379432,-2.35549,-0.46009,0,-2.3733,-0.419101,-0.0541314
33.6303,-0.577063,2.81284,2.65596,-0.670483,2.77616,2.62836,-0.602904,2.93879,2,-0.407424,2.89565,2.02883,-2.25027,-0.461651,0,-2.24903,-0.457098,-0.00414863,-2.35103,-0.482323,0,-2.36824,-0.437718,-0.0532761
33.6402,-0.595486,2.80899,2.65596,-0.699699,2.77007,2.6283,-0.622151,2.93478,2,-0.43108,2.89118,2.0283,-2.2472,-0.476388,0,-2.24569,-0.48027,-0.00508808,-2.34782,-0.497721,0,-2.36278,-0.45625,-0.0526598
33.65,-0.617634,2.80421,2.65596,-0.715412,2.76666,2.62826,-0.645291,2.92978,2,-0.447605,2.88794,2.02794,-2.24337,-0.494107,0,-2.24362,-0.492733,-0.00581416,-2.34382,-0.516233,0,-2.35862,-0.469167,-0.0523543
33.6601,-0.640392,2.7991,2.65596,-0.737833,2.76165,2.6282,-0.669069,2.92444,2,-0.471161,2.88316,2.02742,-2.23928,-0.512314,7.3098e-19,-2.24053,-0.510504,-0.00709112,-2.33955,-0.535255,0,-2.35241,-0.487524,-0.0521038
33.67,-0.66244,2.79396,2.65596,-0.760222,2.75645,2.62812,-0.692104,2.91907,2,-0.494652,2.87819,2.0269,-2.23517,-0.529952,0,-2.23732,-0.528397,-0.00818866,-2.33526,-0.553683,0,-2.34595,-0.505913,-0.0516207
33.68,-0.684751,2.78858,2.65596,-0.784816,2.75053,2.62803,-0.715414,2.91345,2,-0.52042,2.87252,2.02633,-2.23086,-0.547801,-7.3098e-19,-2.23428,-0.548156,-0.00897694,-2.33076,-0.572331,0,-2.33914,-0.526098,-0.0505829
33.69,-0.706854,2.78306,2.65596,-0.807145,2.74496,2.62793,-0.738506,2.90768,2,-0.543781,2.86716,2.02583,-2.22645,-0.565483,0,-2.23158,-0.56609,-0.00953435,-2.32614,-0.590805,0,-2.33286,-0.544338,-0.0494181
33.7,-0.729298,2.77726,2.65596,-0.829447,2.73921,2.62784,-0.761956,2.90162,2,-0.567077,2.86163,2.02535,-2.22181,-0.583439,0,-2.22869,-0.584093,-0.00981669,-2.3213,-0.609565,0,-2.3263,-0.562602,-0.0479548
33.71,-0.751538,2.77132,2.65596,-0.851718,2.73328,2.62774,-0.785192,2.89542,2,-0.590306,2.85591,2.02488,-2.21706,-0.601231,7.3098e-19,-2.22562,-0.602079,-0.00979399,-2.31634,-0.628153,0,-2.3195,-0.580801,-0.0461703
33.7202,-0.773941,2.76515,2.65596,-0.873958,2.72717,2.62764,-0.808597,2.88897,2,-0.613466,2.85001,2.02442,-2.21212,-0.619152,7.3098e-19,-2.22233,-0.62006,-0.00948919,-2.31118,-0.646878,0,-2.3124,-0.598933,-0.0440826
33.7303,-0.79835,2.7582,2.65596,-0.891726,2.72215,2.62757,-0.8341,2.88171,2,-0.631941,2.84517,2.02408,-2.20656,-0.63868,-7.3098e-19,-2.21956,-0.634383,-0.00910199,-2.30537,-0.66728,0,-2.30654,-0.613328,-0.0422555
33.7401,-0.817797,2.7525,2.65596,-0.918335,2.71441,2.62746,-0.854417,2.87576,2,-0.659566,2.83768,2.02359,-2.202,-0.654238,0,-2.21512,-0.655754,-0.00874023,-2.3006,-0.683534,0,-2.29744,-0.63472,-0.0397234
33.75,-0.839361,2.746,2.65596,-0.940467,2.70776,2.62737,-0.876947,2.86897,2,-0.682502,2.83124,2.0232,-2.1968,-0.671489,0,-2.21133,-0.673611,-0.00888001,-2.29517,-0.701557,0,-2.28972,-0.652461,-0.0380287
33.76,-0.861374,2.73918,2.65596,-0.962562,2.70094,2.62728,-0.899946,2.86183,2,-0.705361,2.82463,2.02283,-2.19134,-0.689099,-7.3098e-19,-2.20758,-0.691598,-0.00904627,-2.28947,-0.719957,0,-2.28202,-0.670238,-0.0363487
33.77,-0.883264,2.7322,2.65596,-0.984618,2.69393,2.62719,-0.922816,2.85454,2,-0.728142,2.81784,2.02247,-2.18576,-0.706611,-7.3098e-19,-2.20371,-0.709554,-0.00908221,-2.28363,-0.738253,0,-2.27422,-0.687948,-0.0345567
33.78,-0.905349,2.72496,2.65596,-1.00664,2.68675,2.6271,-0.94589,2.84698,2,-0.750845,2.81087,2.02214,-2.17997,-0.724279,0,-2.19976,-0.727471,-0.00898572,-2.27758,-0.756712,0,-2.26636,-0.70558,-0.0326539
33.7901,-0.927309,2.71756,2.65596,-1.02422,2.68087,2.62703,-0.968833,2.83925,2,-0.76895,2.80517,2.02188,-2.17405,-0.741847,7.3098e-19,-2.19644,-0.741819,-0.00880147,-2.2714,-0.775067,0,-2.25995,-0.719663,-0.0310399
33.8001,-0.95253,2.70883,2.65596,-1.03959,2.67563,2.62697,-0.995184,2.83013,2,-0.789257,2.79862,2.02161,-2.16706,-0.762024,7.3098e-19,-2.19348,-0.754323,-0.00864177,-2.2641,-0.796147,0,-2.25269,-0.735386,-0.0293013
33.8102,-0.970955,2.70228,2.65596,-1.0615,2.668,2.62688,-1.01443,2.82328,2,-0.807253,2.79268,2.02138,-2.16182,-0.776764,0,-2.18914,-0.772102,-0.00880924,-2.25863,-0.811547,0,-2.24621,-0.74926,-0.0280698
33.82,-0.992023,2.69461,2.65596,-1.08992,2.65781,2.62676,-1.03645,2.81528,2,-0.836384,2.78279,2.02103,-2.15569,-0.793619,7.3098e-19,-2.18327,-0.795242,-0.00972044,-2.25222,-0.829157,0,-2.23548,-0.77163,-0.0267043
33.83,-1.01361,2.68657,2.65596,-1.10519,2.6522,2.62669,-1.05899,2.80687,2,-0.852012,2.77735,2.02084,-2.14926,-0.810884,0,-2.18006,-0.807755,-0.010247,-2.2455,-0.847195,0,-2.22967,-0.783622,-0.0259937
33.8401,-1.03543,2.67823,2.65596,-1.13132,2.64238,2.62657,-1.0818,2.79816,2,-0.878707,2.76782,2.02054,-2.14259,-0.828347,7.3098e-19,-2.17419,-0.829329,-0.0112424,-2.23853,-0.86544,0,-2.21945,-0.804237,-0.0249178
33.8501,-1.05843,2.66923,2.65596,-1.14652,2.63653,2.62648,-1.10583,2.78875,2,-0.90086,2.7597,2.02029,-2.13538,-0.846746,0,-2.17069,-0.841958,-0.0119928,-2.231,-0.884663,0,-2.21098,-0.82143,-0.0242815
33.8601,-1.07788,2.66143,2.65596,-1.16821,2.62802,2.62636,-1.12614,2.78061,2,-0.916316,2.7539,2.02012,-2.12915,-0.862301,-1.46196e-18,-2.16578,-0.860113,-0.0130816,-2.22449,-0.900915,0,-2.20519,-0.833472,-0.0239264
33.8701,-1.09918,2.6527,2.65596,-1.18984,2.61933,2.62622,-1.14841,2.77149,2,-0.938327,2.74548,2.01989,-2.12216,-0.879347,0,-2.16095,-0.878316,-0.0142105,-2.21719,-0.918724,0,-2.19706,-0.85065,-0.0234341
33.8802,-1.12114,2.6435,2.65596,-1.21143,2.61045,2.62608,-1.17134,2.76188,2,-0.960258,2.73689,2.01965,-2.1148,-0.896912,0,-2.15619,-0.896723,-0.0150086,-2.2095,-0.937075,0,-2.18908,-0.867922,-0.0226272
33.8902,-1.14149,2.63478,2.65596,-1.23942,2.59864,2.62588,-1.19261,2.75276,2,-0.988651,2.72546,2.01937,-2.10782,-0.913193,0,-2.15017,-0.920826,-0.0155183,-2.20221,-0.954086,0,-2.17906,-0.890453,-0.0211122
33.9,-1.16218,2.62572,2.65596,-1.2609,2.58934,2.62572,-1.21422,2.74329,2,-1.00389,2.71919,2.01923,-2.10057,-0.929745,0,-2.14538,-0.93948,-0.0157187,-2.19464,-0.971378,0,-2.1737,-0.902661,-0.02022
33.9101,-1.18331,2.61626,2.65596,-1.2759,2.58271,2.62561,-1.2363,2.73342,2,-1.02558,2.71007,2.01903,-2.09301,-0.946649,0,-2.14188,-0.952448,-0.0157234,-2.18673,-0.989039,0,-2.16599,-0.919969,-0.0188546
33.9202,-1.20478,2.60645,2.65596,-1.29729,2.5731,2.62545,-1.25873,2.72316,2,-1.05368,2.69797,2.0188,-2.08516,-0.963822,-1.46196e-18,-2.13662,-0.970794,-0.0158178,-2.17853,-1.00698,0,-2.15596,-0.942293,-0.0173662
33.93,-1.22511,2.59695,2.65596,-1.31863,2.5633,2.62529,-1.27997,2.71324,2,-1.06445,2.69323,2.01871,-2.07756,-0.980092,0,-2.13117,-0.989129,-0.0159481,-2.17059,-1.02398,0,-2.15212,-0.950888,-0.0168279
33.9401,-1.2461,2.58695,2.65596,-1.33992,2.55331,2.62514,-1.3019,2.70279,2,-1.09022,2.6817,2.01852,-2.06956,-0.99688,1.46196e-18,-2.1256,-1.00758,-0.0158908,-2.16223,-1.04152,0,-2.14296,-0.971589,-0.0154188
33.95,-1.26643,2.57705,2.65596,-1.3675,2.54006,2.62493,-1.32314,2.69245,2,-1.11801,2.66892,2.01833,-2.06164,-1.01315,0,-2.11808,-1.03168,-0.0155307,-2.15396,-1.05851,0,-2.13312,-0.994152,-0.0137438
33.9601,-1.28716,2.56676,2.65596,-1.38865,2.52965,2.62478,-1.34479,2.6817,2,-1.13292,2.66192,2.01823,-2.05341,-1.02972,0,-2.11202,-1.05012,-0.0153301,-2.14536,-1.07583,0,-2.12782,-1.00626,-0.0129594
33.9701,-1.30771,2.55635,2.65596,-1.40974,2.51906,2.62462,-1.36627,2.67083,2,-1.16052,2.64869,2.01807,-2.04508,-1.04617,0,-2.1056,-1.0685,-0.0150785,-2.13666,-1.09301,0,-2.11795,-1.02881,-0.0116689
33.9801,-1.32831,2.54571,2.65596,-1.42446,2.51153,2.62452,-1.38779,2.6597,2,-1.17533,2.64145,2.01799,-2.03657,-1.06265,0,-2.10083,-1.08125,-0.0148336,-2.12776,-1.11023,0,-2.11252,-1.04093,-0.0109991
33.9901,-1.34864,2.535,2.65596,-1.44544,2.50063,2.62437,-1.40903,2.64851,2,-1.19642,2.63095,2.01789,-2.028,-1.07891,0,-2.09369,-1.09931,-0.0146317,-2.11881,-1.12723,0,-2.1047,-1.05819,-0.0103152
34.0001,-1.3686,2.52428,2.65596,-1.46634,2.48955,2.62423,-1.42989,2.63731,2,-1.21742,2.62029,2.01779,-2.01942,-1.09488,0,-2.08611,-1.11716,-0.0143514,-2.10985,-1.14391,0,-2.09672,-1.07529,-0.00967619
34.0107,-1.39045,2.51231,2.65596,-1.48716,2.47829,2.62409,-1.45271,2.62481,2,-1.23835,2.60945,2.0177,-2.00985,-1.11236,0,-2.07849,-1.1348,-0.013773,-2.09985,-1.16217,0,-2.08892,-1.09222,-0.0088452
34.02,-1.40874,2.5021,2.65596,-1.5079,2.46685,2.62395,-1.47182,2.61414,2,-1.2592,2.59844,2.01761,-2.00168,-1.12699,-1.46196e-18,-2.07062,-1.15228,-0.0130464,-2.09132,-1.17746,0,-2.08115,-1.10905,-0.00798328
34.0301,-1.42906,2.49055,2.65596,-1.52857,2.45524,2.62383,-1.49306,2.60207,2,-1.27583,2.58951,2.01755,-1.99244,-1.14325,-1.46196e-18,-2.0624,-1.16966,-0.012297,-2.08166,-1.19445,0,-2.07488,-1.1225,-0.00734792
34.0401,-1.45073,2.47799,2.65596,-1.5471,2.44464,2.62372,-1.51569,2.58895,2,-1.2986,2.57706,2.01747,-1.98239,-1.16058,-1.46196e-18,-2.0548,-1.18528,-0.0116633,-2.07116,-1.21255,0,-2.06621,-1.14105,-0.00667751
34.05,-1.46826,2.46765,2.65596,-1.57169,2.4303,2.62358,-1.534,2.57815,2,-1.32334,2.56325,2.0174,-1.97412,-1.17461,0,-2.04444,-1.20588,-0.0107701,-2.06252,-1.2272,0,-2.05691,-1.16117,-0.00607194
34.0601,-1.48842,2.45553,2.65596,-1.59209,2.41815,2.62348,-1.55507,2.56549,2,-1.34387,2.55156,2.01734,-1.96443,-1.19074,-1.46196e-18,-2.03523,-1.22288,-0.0103159,-2.05239,-1.24406,0,-2.04885,-1.17785,-0.00598222
34.07,-1.5076,2.44381,2.65596,-1.6124,2.40584,2.62338,-1.57511,2.55324,2,-1.36432,2.53969,2.01728,-1.95504,-1.20608,0,-2.02565,-1.23975,-0.0100381,-2.04259,-1.26009,0,-2.04067,-1.19449,-0.00619095
34.08,-1.52726,2.43157,2.65596,-1.6326,2.39336,2.62328,-1.59564,2.54046,2,-1.38468,2.52767,2.01721,-1.94526,-1.2218,0,-2.01577,-1.25642,-0.00986994,-2.03237,-1.27652,0,-2.03247,-1.21108,-0.00665604
34.09,-1.5468,2.41918,2.65596,-1.65271,2.38071,2.62318,-1.61607,2.52751,2,-1.40497,2.51547,2.01714,-1.93535,-1.23744,0,-2.00573,-1.27296,-0.00956682,-2.02201,-1.29285,0,-2.02439,-1.2277,-0.00713009
34.1,-1.56585,2.4069,2.65596,-1.67272,2.3679,2.62309,-1.63597,2.51468,2,-1.42517,2.50311,2.01707,-1.92552,-1.25268,-1.46196e-18,-1.99555,-1.28929,-0.00902679,-2.01174,-1.30878,0,-2.01643,-1.24425,-0.00750503
34.11,-1.58469,2.39454,2.65596,-1.69262,2.35493,2.623,-1.65565,2.50176,2,-1.44529,2.49059,2.01699,-1.91563,-1.26775,1.46196e-18,-1.98512,-1.30552,-0.00840197,-2.00141,-1.32452,0,-2.00848,-1.26083,-0.0079296
34.12,-1.60409,2.38158,2.65596,-1.71242,2.34179,2.62292,-1.67592,2.48823,2,-1.46534,2.4779,2.01691,-1.90527,-1.28327,0,-1.97425,-1.3215,-0.00842958,-1.99058,-1.34074,0,-2.00031,-1.27731,-0.00912922
34.1303,-1.62375,2.36823,2.65596,-1.73211,2.3285,2.62283,-1.69646,2.47427,2,-1.4853,2.46504,2.01681,-1.89458,-1.299,0,-1.96308,-1.33724,-0.00897474,-1.97942,-1.35717,0,-1.99206,-1.29369,-0.0109695
34.1403,-1.64268,2.35513,2.65596,-1.75168,2.31505,2.62274,-1.71624,2.46059,2,-1.50518,2.45202,2.01669,-1.8841,-1.31415,0,-1.95196,-1.35286,-0.00895839,-1.96847,-1.37299,0,-1.98413,-1.31011,-0.0123804
34.15,-1.66087,2.34234,2.65596,-1.77115,2.30144,2.62265,-1.73525,2.44723,2,-1.52498,2.43884,2.01656,-1.87387,-1.3287,-1.46196e-18,-1.94088,-1.36849,-0.00783921,-1.95778,-1.3882,0,-1.97648,-1.32669,-0.0128242
34.16,-1.67967,2.32889,2.65596,-1.7905,2.28768,2.62258,-1.75489,2.43318,2,-1.54471,2.42549,2.01643,-1.86312,-1.34374,0,-1.92951,-1.38387,-0.00672854,-1.94655,-1.40391,0,-1.96876,-1.34316,-0.0133891
34.1701,-1.69849,2.3152,2.65596,-1.80973,2.27376,2.62251,-1.77455,2.41888,2,-1.56436,2.41198,2.01629,-1.85216,-1.35879,0,-1.91719,-1.39878,-0.00735591,-1.9351,-1.41964,0,-1.96021,-1.35929,-0.0157664
34.18,-1.71679,2.30167,2.65596,-1.82121,2.26535,2.62247,-1.79366,2.40474,2,-1.5761,2.40379,2.01619,-1.84134,-1.37343,0,-1.90972,-1.40766,-0.00780509,-1.92379,-1.43493,0,-1.95509,-1.36896,-0.0173136
34.19,-1.7385,2.28532,2.65596,-1.84024,2.2512,2.62238,-1.81635,2.38765,2,-1.59561,2.39002,2.01599,-1.82825,-1.3908,1.46196e-18,-1.89648,-1.42198,-0.0104996,-1.91012,-1.45308,0,-1.94584,-1.38468,-0.0218714
34.2,-1.7534,2.2739,2.65596,-1.86291,2.23403,2.62223,-1.83192,2.37573,2,-1.61889,2.37329,2.0157,-1.81912,-1.40272,0,-1.88041,-1.43895,-0.0139926,-1.90058,-1.46554,0,-1.93472,-1.40344,-0.0276895
34.2106,-1.7734,2.25834,2.65596,-1.87229,2.22682,2.62215,-1.85281,2.35947,2,-1.63434,2.36202,2.01545,-1.80667,-1.41872,0,-1.8732,-1.44576,-0.0166174,-1.88757,-1.48225,0,-1.92638,-1.41546,-0.0336282
34.22,-1.7895,2.2456,2.65596,-1.90022,2.20498,2.62184,-1.86963,2.34616,2,-1.65738,2.34493,2.01499,-1.79648,-1.4316,-2.92392e-18,-1.85129,-1.466,-0.0247212,-1.87693,-1.49571,0,-1.91391,-1.43346,-0.0422789
34.23,-1.80726,2.23133,2.65596,-1.91867,2.19025,2.62159,-1.88819,2.33125,2,-1.67647,2.33051,2.01456,-1.78507,-1.44581,1.46196e-18,-1.83901,-1.48079,-0.022938,-1.865,-1.51055,0,-1.90635,-1.45,-0.0426882
34.2403,-1.82562,2.21634,2.65596,-1.93335,2.17835,2.62143,-1.90738,2.31558,2,-1.69171,2.31886,2.01423,-1.77307,-1.4605,0,-1.83007,-1.49321,-0.0179778,-1.85247,-1.5259,0,-1.9015,-1.46396,-0.0396329
34.2501,-1.84267,2.20218,2.65596,-1.95158,2.16335,2.62124,-1.92519,2.3008,2,-1.71067,2.30414,2.01381,-1.76175,-1.47414,-1.46196e-18,-1.81495,-1.50645,-0.0221798,-1.84064,-1.54015,0,-1.89103,-1.479,-0.04599
34.26,-1.86047,2.18717,2.65596,-1.96964,2.14823,2.62097,-1.94378,2.28511,2,-1.72952,2.28928,2.01329,-1.74973,-1.48837,-1.46196e-18,-1.79803,-1.51859,-0.0312916,-1.82809,-1.55502,0,-1.87853,-1.49289,-0.0571339
34.27,-1.87764,2.17245,2.65596,-1.99112,2.1299,2.62061,-1.96172,2.26973,2,-1.752,2.27125,2.01261,-1.73796,-1.50211,1.46196e-18,-1.78408,-1.53712,-0.0222805,-1.81578,-1.56937,0,-1.87097,-1.51397,-0.0510709
34.28,-1.89499,2.15733,2.65596,-2.00894,2.11443,2.62053,-1.97984,2.25394,2,-1.76698,2.25906,2.01228,-1.72587,-1.51599,0,-1.78009,-1.55751,0.00930005,-1.80315,-1.58387,0,-1.87271,-1.53212,-0.029297
34.2901,-1.9125,2.14182,2.65596,-2.02316,2.10191,2.6207,-1.99814,2.23773,2,-1.78572,2.24363,2.01214,-1.71345,-1.53,-1.46196e-18,-1.77513,-1.57277,0.0296312,-1.79018,-1.59852,0,-1.87365,-1.55418,-0.00447896
34.3,-1.92921,2.12678,2.65596,-2.04439,2.08292,2.62114,-2.0156,2.22202,2,-1.80816,2.22485,2.01214,-1.70143,-1.54337,1.46196e-18,-1.76138,-1.59146,0.0410142,-1.77762,-1.61248,0,-1.86633,-1.57553,0.00402053
34.31,-1.94614,2.1113,2.65596,-2.06193,2.06694,2.62156,-2.03329,2.20584,2,-1.82678,2.20901,2.01218,-1.68904,-1.55691,2.92392e-18,-1.74687,-1.605,0.0419426,-1.76467,-1.62663,0,-1.8567,-1.59134,0.00274605
34.32,-1.96293,2.0957,2.65596,-2.07586,2.05405,2.62189,-2.05082,2.18955,2,-1.84529,2.19302,2.01219,-1.67656,-1.57034,1.46196e-18,-1.73453,-1.61538,0.0411047,-1.75164,-1.64066,0,-1.84587,-1.60661,-0.00078409
34.33,-1.9797,2.07986,2.65596,-2.09312,2.03784,2.62228,-2.06835,2.173,2,-1.86002,2.18012,2.01217,-1.66389,-1.58376,-1.46196e-18,-1.71816,-1.62772,0.0376183,-1.7384,-1.65468,0,-1.83642,-1.61835,-0.00537779
34.3404,-1.99715,2.06312,2.65596,-2.11192,2.01986,2.62268,-2.08658,2.1555,2,-1.8765,2.1655,2.0121,-1.65049,-1.59772,-1.46196e-18,-1.70038,-1.64123,0.0339114,-1.7244,-1.66926,0,-1.82594,-1.63159,-0.010297
34.35,-2.01274,2.04791,2.65596,-2.12885,2.00338,2.623,-2.10287,2.13962,2,-1.89289,2.15075,2.01199,-1.63833,-1.61019,-1.46196e-18,-1.68446,-1.65371,0.0309657,-1.71169,-1.68229,0,-1.81567,-1.64508,-0.0148448
34.36,-2.02904,2.03176,2.65596,-2.14561,1.98678,2.6233,-2.1199,2.12274,2,-1.91639,2.12924,2.01175,-1.62541,-1.62323,-1.46196e-18,-1.66859,-1.66622,0.0285592,-1.69819,-1.69592,0,-1.80079,-1.66474,-0.020648
34.3703,-2.04562,2.01506,2.65596,-2.15725,1.97509,2.62349,-2.13722,2.1053,2,-1.92897,2.11755,2.0116,-1.61205,-1.6365,-2.92392e-18,-1.65742,-1.67495,0.0272382,-1.68424,-1.70978,0,-1.7927,-1.67537,-0.0233306
34.3803,-2.06164,1.99867,2.65596,-2.17375,1.95828,2.62376,-2.15396,2.08817,2,-1.94684,2.10072,2.01135,-1.59894,-1.64931,0,-1.64147,-1.68745,0.0255823,-1.67054,-1.72317,0,-1.78108,-1.6907,-0.0269003
34.3907,-2.07856,1.98107,2.65596,-2.19495,1.93624,2.62408,-2.17164,2.06978,2,-1.9699,2.07861,2.01097,-1.58485,-1.66285,-1.46196e-18,-1.62093,-1.70355,0.0237471,-1.65582,-1.73731,0,-1.76598,-1.71052,-0.0311174
34.4001,-2.0931,1.96571,2.65596,-2.20626,1.92428,2.62424,-2.18682,2.05373,2,-1.98223,2.0666,2.01075,-1.57256,-1.67448,0,-1.61,-1.71217,0.0228637,-1.64298,-1.74946,0,-1.7579,-1.72113,-0.0332228
34.4101,-2.10897,1.94867,2.65596,-2.21909,1.91055,2.62442,-2.2034,2.03593,2,-1.99626,2.05278,2.01047,-1.55894,-1.68717,1.46196e-18,-1.59762,-1.72189,0.021843,-1.62874,-1.76272,0,-1.74871,-1.73315,-0.0356025
34.4202,-2.1244,1.93183,2.65596,-2.23815,1.8898,2.62467,-2.21953,2.01834,2,-2.01195,2.03712,2.01014,-1.54547,-1.69952,-1.46196e-18,-1.57864,-1.73622,0.0205472,-1.61467,-1.77562,0,-1.73796,-1.74655,-0.0380722
34.4301,-2.13989,1.91466,2.65596,-2.24916,1.87761,2.62481,-2.23572,2.00039,2,-2.02927,2.01958,2.00974,-1.53173,-1.71191,0,-1.56758,-1.74454,0.019837,-1.60031,-1.78857,0,-1.72593,-1.76134,-0.0406495
34.44,-2.15467,1.89801,2.65596,-2.26476,1.86011,2.62501,-2.25116,1.983,2,-2.04647,2.0019,2.00933,-1.51841,-1.72374,1.46196e-18,-1.55185,-1.75636,0.0188603,-1.5864,-1.80093,0,-1.71383,-1.776,-0.0430942
34.4501,-2.17009,1.88036,2.65596,-2.2802,1.84249,2.62519,-2.26727,1.96456,2,-2.06354,1.98406,2.00888,-1.50429,-1.73607,1.46196e-18,-1.5361,-1.76816,0.0179741,-1.57165,-1.81382,0,-1.70159,-1.7906,-0.0453575
34.4601,-2.1854,1.86255,2.65596,-2.29548,1.82475,2.62537,-2.28326,1.94595,2,-2.0805,1.96608,2.00842,-1.49004,-1.74832,1.46196e-18,-1.52032,-1.77988,0.0172258,-1.55676,-1.82661,0,-1.6892,-1.805,-0.0473802
34.4704,-2.20034,1.84487,2.65596,-2.30759,1.81047,2.6255,-2.29887,1.92748,2,-2.099,1.94614,2.00789,-1.47589,-1.76027,0,-1.5076,-1.78929,0.0166998,-1.54198,-1.8391,0,-1.67527,-1.82077,-0.0493638
34.4802,-2.215,1.82725,2.65596,-2.32259,1.79252,2.62567,-2.31418,1.90907,2,-2.1107,1.93336,2.00754,-1.4618,-1.772,0,-1.49154,-1.80099,0.0161189,-1.52726,-1.85135,0,-1.66624,-1.8307,-0.0505342
34.49,-2.22912,1.81,2.65596,-2.34184,1.76901,2.62587,-2.32893,1.89105,2,-2.13225,1.90944,2.00687,-1.448,-1.78329,0,-1.47058,-1.81633,0.0153441,-1.51284,-1.86315,0,-1.64925,-1.84902,-0.0525703
34.5001,-2.24374,1.79184,2.65596,-2.35209,1.75626,2.62598,-2.34421,1.87208,2,-2.14376,1.89647,2.0065,-1.43347,-1.79499,0,-1.4592,-1.82465,0.0148861,-1.49766,-1.87537,0,-1.63993,-1.85881,-0.0536249
34.51,-2.25771,1.7742,2.65596,-2.37092,1.73244,2.62617,-2.35881,1.85365,2,-2.16496,1.87218,2.00579,-1.41936,-1.80617,0,-1.43763,-1.84011,0.0138095,-1.48292,-1.88705,0,-1.62209,-1.87679,-0.0556896
34.52,-2.27181,1.75611,2.65596,-2.38095,1.71953,2.62626,-2.37354,1.83475,2,-2.18112,1.85335,2.00522,-1.40489,-1.81745,-1.46196e-18,-1.42587,-1.84852,0.0130776,-1.4678,-1.89883,0,-1.60806,-1.89051,-0.057376
34.5301,-2.28596,1.73765,2.65596,-2.39512,1.70099,2.62638,-2.38832,1.81547,2,-2.19234,1.84008,2.00481,-1.39012,-1.82877,-1.46196e-18,-1.40898,-1.86059,0.0119105,-1.45237,-1.91066,0,-1.59813,-1.89998,-0.0586124
34.54,-2.30001,1.71901,2.65596,-2.41329,1.67669,2.62653,-2.40301,1.79599,2,-2.21299,1.81527,2.00404,-1.37521,-1.84001,1.46196e-18,-1.38669,-1.87656,0.00982861,-1.43679,-1.9224,0,-1.57932,-1.91748,-0.0612653
34.55,-2.31327,1.70113,2.65596,-2.42707,1.65787,2.62662,-2.41686,1.7773,2,-2.22871,1.79603,2.00341,-1.3609,-1.85062,1.46196e-18,-1.36927,-1.88927,0.00813263,-1.42184,-1.93349,0,-1.56462,-1.93087,-0.0632686
34.5601,-2.32709,1.68217,2.65596,-2.43662,1.64461,2.62667,-2.43129,1.7575,2,-2.23963,1.78248,2.00297,-1.34574,-1.86167,0,-1.35673,-1.89837,0.00712909,-1.406,-1.94504,0,-1.55406,-1.94021,-0.0644429
34.5699,-2.34021,1.66387,2.65596,-2.45009,1.62556,2.62674,-2.445,1.73838,2,-2.2597,1.75714,2.00212,-1.3311,-1.87217,-1.46196e-18,-1.33851,-1.91165,0.00600155,-1.3907,-1.956,0,-1.53417,-1.95745,-0.066059
34.5801,-2.35368,1.64476,2.65596,-2.46734,1.60059,2.6268,-2.45908,1.71841,2,-2.27496,1.7375,2.00145,-1.3158,-1.88295,1.46196e-18,-1.3142,-1.92989,0.00451499,-1.37472,-1.96726,0,-1.51855,-1.97066,-0.0672742
34.5909,-2.36782,1.62435,2.65596,-2.47649,1.58705,2.62683,-2.47385,1.69708,2,-2.28556,1.72367,2.00098,-1.29948,-1.89425,0,-1.30079,-1.94025,0.00371964,-1.35767,-1.97908,0,-1.50759,-1.97982,-0.0680089
34.6003,-2.37988,1.60662,2.65596,-2.49323,1.56169,2.62688,-2.48645,1.67856,2,-2.30502,1.69783,2.00009,-1.28529,-1.9039,0,-1.27498,-1.96059,0.00279986,-1.34285,-1.98916,0,-1.48703,-1.99666,-0.0687105
34.6101,-2.39296,1.58706,2.65596,-2.50084,1.5499,2.62689,-2.50012,1.65813,2,-2.31391,1.68582,1.99968,-1.26965,-1.91437,1.46196e-18,-1.26269,-1.97065,0.00264615,-1.32651,-2.0001,0,-1.47748,-2.00448,-0.0687018
34.6201,-2.4052,1.56846,2.65596,-2.51337,1.5301,2.62692,-2.5129,1.6387,2,-2.33153,1.66168,1.99885,-1.25477,-1.92416,0,-1.24182,-1.98836,0.00273646,-1.31096,-2.01032,0,-1.45831,-2.02014,-0.0680556
34.63,-2.41752,1.5494,2.65596,-2.52812,1.50611,2.62695,-2.52578,1.61878,2,-2.34603,1.64141,1.99818,-1.23952,-1.93402,1.46196e-18,-1.21608,-2.0113,0.00300883,-1.29502,-2.02062,0,-1.44205,-2.03312,-0.0671252
34.64,-2.42959,1.53041,2.65596,-2.54017,1.48589,2.62698,-2.53838,1.59894,2,-2.36037,1.62101,1.99751,-1.22433,-1.94367,-1.46196e-18,-1.19431,-2.03196,0.00281332,-1.27915,-2.03071,0,-1.42556,-2.04592,-0.0662368
34.65,-2.44212,1.51033,2.65596,-2.552,1.46546,2.62701,-2.55148,1.57796,2,-2.37454,1.60049,1.99685,-1.20826,-1.9537,0,-1.17261,-2.05421,0.00250941,-1.26237,-2.04118,0,-1.40897,-2.05884,-0.0650458
34.6612,-2.45503,1.48926,2.65596,-2.56362,1.4448,2.62703,-2.56496,1.55595,2,-2.38855,1.57984,1.99621,-1.19141,-1.96402,-1.46196e-18,-1.15133,-2.0778,0.00220072,-1.24476,-2.05197,0,-1.39235,-2.07172,-0.0633897
34.67,-2.46567,1.47158,2.65596,-2.57503,1.4239,2.62705,-2.57608,1.53747,2,-2.40239,1.55906,1.99559,-1.17726,-1.97253,0,-1.13076,-2.10284,0.0016928,-1.22998,-2.06086,0,-1.37574,-2.08459,-0.0613789
34.68,-2.47741,1.45171,2.65596,-2.58401,1.407,2.62706,-2.58835,1.51672,2,-2.41606,1.53815,1.99498,-1.16137,-1.98193,-1.46196e-18,-1.11489,-2.12396,0.000819902,-1.21338,-2.07068,0,-1.35894,-2.09752,-0.059372
34.6902,-2.48933,1.43119,2.65596,-2.59725,1.38131,2.62706,-2.6008,1.49527,2,-2.42957,1.51711,1.9944,-1.14495,-1.99146,0,-1.09232,-2.15724,-0.0010512,-1.19622,-2.08064,0,-1.34178,-2.11044,-0.0571259
34.7,-2.50063,1.41134,2.65596,-2.60594,1.36396,2.62705,-2.61261,1.47454,2,-2.44025,1.50018,1.99395,-1.12907,-2.00051,0,-1.07842,-2.18036,-0.00283459,-1.17963,-2.09009,0,-1.32781,-2.12078,-0.0552845
34.71,-2.51167,1.39161,2.65596,-2.61876,1.33758,2.62699,-2.62414,1.45392,2,-2.45605,1.47464,1.9933,-1.11329,-2.00933,0,-1.05971,-2.2162,-0.00667522,-1.16314,-2.09931,0,-1.30649,-2.13636,-0.0527723
34.7205,-2.52328,1.37044,2.65596,-2.6272,1.31975,2.62693,-2.63627,1.43181,2,-2.46645,1.45751,1.99289,-1.09635,-2.01862,0,-1.04907,-2.24072,-0.00983007,-1.14545,-2.10902,0,-1.2922,-2.14686,-0.0510798
34.73,-2.53358,1.35131,2.65596,-2.6397,1.29264,2.62678,-2.64703,1.41182,2,-2.48182,1.43165,1.99229,-1.08104,-2.02686,0,-1.03611,-2.27793,-0.0153013,-1.12945,-2.11762,0,-1.27067,-2.16267,-0.0484156
34.7404,-2.54457,1.33049,2.65596,-2.65002,1.26971,2.62659,-2.65851,1.39007,2,-2.49444,1.40996,1.99182,-1.06439,-2.03566,-1.46196e-18,-1.02812,-2.30859,-0.0212727,-1.11206,-2.12681,0,-1.25249,-2.17573,-0.0469116
34.75,-2.55475,1.31083,2.65596,-2.66028,1.24647,2.62635,-2.66915,1.36953,2,-2.50687,1.38813,1.99135,-1.04867,-2.0438,0,-1.02316,-2.33905,-0.0279346,-1.09563,-2.13532,0,-1.2341,-2.18902,-0.0454231
34.7601,-2.56506,1.29055,2.65596,-2.6705,1.22293,2.62603,-2.67992,1.34834,2,-2.51669,1.37058,1.991,-1.03244,-2.05205,1.46196e-18,-1.02162,-2.36878,-0.0353057,-1.07867,-2.14394,0,-1.21935,-2.1998,-0.0442875
34.77,-2.57543,1.26974,2.65596,-2.68072,1.1991,2.62564,-2.69075,1.32659,2,-2.53118,1.34408,1.99047,-1.01579,-2.06034,0,-1.02358,-2.39682,-0.0431731,-1.06128,-2.1526,0,-1.19689,-2.21617,-0.0427398
34.7802,-2.58574,1.2486,2.65596,-2.69099,1.175,2.62518,-2.70153,1.30451,2,-2.54306,1.32185,1.99006,-0.998882,-2.06859,1.46196e-18,-1.03235,-2.42459,-0.0455142,-1.04361,-2.16122,0,-1.17944,-2.23148,-0.0351246
34.79,-2.59549,1.2282,2.65596,-2.70142,1.15059,2.62481,-2.71172,1.2832,2,-2.55479,1.29943,1.98986,-0.98256,-2.07639,-1.46196e-18,-1.05314,-2.45548,-0.0294697,-1.02656,-2.16937,0,-1.16629,-2.2517,-0.00782984
34.8,-2.60521,1.20744,2.65596,-2.712,1.12593,2.62452,-2.72187,1.26151,2,-2.56637,1.27683,1.98983,-0.965952,-2.08417,0,-1.06181,-2.47634,-0.027761,-1.00921,-2.1775,0,-1.14891,-2.26807,0.00177305
34.81,-2.61479,1.18657,2.65596,-2.72266,1.10106,2.62432,-2.73188,1.2397,2,-2.57778,1.25405,1.98995,-0.949252,-2.09183,0,-1.07068,-2.49688,-0.00841102,-0.991759,-2.1855,0,-1.13508,-2.28855,0.0271237
34.82,-2.62415,1.16571,2.65596,-2.73125,1.08102,2.62438,-2.74166,1.21791,2,-2.58683,1.23567,1.9903,-0.93257,-2.09932,0,-1.0759,-2.51343,0.0250685,-0.97433,-2.19333,0,-1.12765,-2.30899,0.0631433
34.83,-2.6336,1.1442,2.65596,-2.74415,1.05072,2.62513,-2.75153,1.19544,2,-2.60033,1.20774,1.99151,-0.915363,-2.10688,0,-1.07115,-2.53688,0.106332,-0.956352,-2.20122,0,-1.12202,-2.34625,0.142026
34.8401,-2.64297,1.12238,2.65596,-2.75476,1.02527,2.62658,-2.76132,1.17264,2,-2.60929,1.18887,1.99287,-0.897907,-2.11438,0,-1.04542,-2.5508,0.180252,-0.938115,-2.20906,0,-1.1186,-2.37196,0.196813
34.85,-2.65138,1.10237,2.65596,-2.76501,0.99973,2.62866,-2.77011,1.15174,2,-2.62265,1.16021,1.99557,-0.881899,-2.1211,-1.46196e-18,-1.0031,-2.55641,0.231432,-0.92139,-2.21609,0,-1.10611,-2.40309,0.247132
34.8601,-2.66036,1.08053,2.65596,-2.77481,0.974168,2.63111,-2.77949,1.12891,2,-2.63363,1.13608,1.99813,-0.864423,-2.12829,0,-0.958412,-2.55504,0.256247,-0.903131,-2.22359,0,-1.08924,-2.42222,0.261038
34.87,-2.66868,1.0598,2.65596,-2.78419,0.94864,2.63379,-2.78818,1.10726,2,-2.64443,1.11176,2.0008,-0.847843,-2.13495,0,-0.917391,-2.55027,0.282175,-0.885809,-2.23055,0,-1.07227,-2.44187,0.275915
34.88,-2.67721,1.03807,2.65596,-2.79318,0.923169,2.6368,-2.7971,1.08455,2,-2.65508,1.08723,2.00368,-0.830456,-2.14177,-7.3098e-19,-0.882034,-2.54351,0.32078,-0.867643,-2.23768,0,-1.05767,-2.46482,0.302861
34.89,-2.68543,1.01661,2.65596,-2.80184,0.897778,2.64023,-2.80568,1.06214,2,-2.66559,1.06246,2.00688,-0.81329,-2.14835,7.3098e-19,-0.850966,-2.53413,0.364684,-0.849709,-2.24455,0,-1.04387,-2.48917,0.334876
34.9,-2.69356,0.99489,2.65596,-2.80855,0.877544,2.64324,-2.81417,1.03944,2,-2.67594,1.03747,2.01031,-0.795912,-2.15484,7.3098e-19,-0.825624,-2.52417,0.384657,-0.831553,-2.25134,0,-1.02544,-2.50839,0.346907
34.9101,-2.702,0.97173,2.65596,-2.81821,0.847359,2.64792,-2.82299,1.01524,2,-2.68609,1.01231,2.01376,-0.777384,-2.1616,7.3098e-19,-0.784842,-2.50614,0.392542,-0.812195,-2.25839,0,-1.00307,-2.52329,0.342615
34.9201,-2.70901,0.951994,2.65596,-2.82589,0.822382,2.65184,-2.83032,0.994624,2,-2.696,0.987006,2.01714,-0.761595,-2.16721,-7.3098e-19,-0.750117,-2.48893,0.390101,-0.795699,-2.26426,0,-0.978854,-2.53622,0.331025
34.93,-2.71658,0.930196,2.65596,-2.83322,0.797584,2.6557,-2.83822,0.97185,2,-2.70566,0.961586,2.02036,-0.744157,-2.17326,7.3098e-19,-0.715612,-2.47042,0.381381,-0.77748,-2.27058,0,-0.953223,-2.5476,0.313752
34.94,-2.72394,0.908419,2.65596,-2.8402,0.772979,2.65946,-2.84591,0.949097,2,-2.71506,0.936057,2.02341,-0.726735,-2.17915,0,-0.681762,-2.45041,0.370153,-0.759278,-2.27673,0,-0.926863,-2.55821,0.294292
34.95,-2.73105,0.886815,2.65596,-2.84686,0.74858,2.6631,-2.85334,0.926526,2,-2.72419,0.910424,2.02625,-0.709452,-2.18484,0,-0.648829,-2.42901,0.357377,-0.741221,-2.28267,0,-0.899949,-2.56834,0.273601
34.96,-2.73809,0.864818,2.65596,-2.85194,0.72922,2.66591,-2.8607,0.903545,2,-2.73306,0.884691,2.02888,-0.691855,-2.19047,-7.3098e-19,-0.623407,-2.41097,0.346373,-0.722836,-2.28856,0,-0.872793,-2.5781,0.252248
34.97,-2.74493,0.842872,2.65596,-2.85921,0.700457,2.66997,-2.86784,0.880616,2,-2.74165,0.858863,2.03129,-0.674298,-2.19594,0,-0.587258,-2.38261,0.329108,-0.704493,-2.29427,0,-0.845668,-2.58759,0.230704
34.98,-2.75172,0.82042,2.65596,-2.86493,0.676754,2.67318,-2.87494,0.857158,2,-2.74997,0.832941,2.03349,-0.656336,-2.20138,0,-0.558737,-2.35798,0.31407,-0.685726,-2.29995,0,-0.818261,-2.59673,0.209136
34.99,-2.75804,0.798911,2.65596,-2.87039,0.6533,2.67625,-2.88154,0.834686,2,-2.75801,0.80693,2.03547,-0.639129,-2.20643,0,-0.531723,-2.33256,0.298684,-0.667749,-2.30524,0,-0.790567,-2.60545,0.187863
35.0001,-2.76439,0.776672,2.65596,-2.87558,0.630104,2.67916,-2.88817,0.811451,2,-2.76578,0.780833,2.03725,-0.621338,-2.21151,-7.3098e-19,-0.506533,-2.30659,0.283182,-0.649161,-2.31054,0,-0.762844,-2.61387,0.167186
35.0101,-2.7705,0.754555,2.65596,-2.88052,0.60717,2.68191,-2.89457,0.788344,2,-2.77327,0.754653,2.03882,-0.603644,-2.2164,-7.3098e-19,-0.483423,-2.28025,0.26777,-0.630675,-2.31565,0,-0.735287,-2.62198,0.147394
35.02,-2.77643,0.732437,2.65596,-2.88525,0.5845,2.68451,-2.90076,0.765236,2,-2.78049,0.728394,2.0402,-0.58595,-2.22115,7.3098e-19,-0.462256,-2.25374,0.252553,-0.612189,-2.32061,0,-0.707734,-2.62972,0.128672
35.03,-2.78222,0.710138,2.65596,-2.88978,0.562095,2.68696,-2.90681,0.741937,2,-2.78743,0.70206,2.0414,-0.56811,-2.22578,0,-0.443127,-2.22733,0.237506,-0.59355,-2.32545,0,-0.680282,-2.6371,0.111066
35.0401,-2.7878,0.687902,2.65596,-2.89412,0.539951,2.68926,-2.91264,0.718706,2,-2.79409,0.675653,2.04243,-0.550322,-2.23024,-7.3098e-19,-0.426039,-2.20141,0.222501,-0.574965,-2.33011,0,-0.652974,-2.64413,0.094527
35.0501,-2.7932,0.665657,2.65596,-2.8983,0.518064,2.69141,-2.91828,0.695465,2,-2.80049,0.649179,2.04329,-0.532525,-2.23456,0,-0.410848,-2.17624,0.207428,-0.556372,-2.33462,0,-0.625729,-2.65075,0.0790024
35.0601,-2.79852,0.642915,2.65596,-2.90234,0.496424,2.69341,-2.92384,0.671704,2,-2.80661,0.62264,2.04401,-0.514332,-2.23882,7.3098e-19,-0.397529,-2.15197,0.192248,-0.537363,-2.33907,0,-0.598626,-2.6568,0.0644843
35.0699,-2.80335,0.621499,2.65596,-2.9051,0.481417,2.69472,-2.92889,0.649329,2,-2.81015,0.606689,2.04437,-0.497199,-2.24268,0,-0.389123,-2.13562,0.181539,-0.519464,-2.34311,0,-0.58233,-2.66011,0.0562535
35.0801,-2.80842,0.598198,2.65596,-2.90893,0.460174,2.69646,-2.93418,0.624985,2,-2.81528,0.582728,2.04482,-0.478559,-2.24673,-7.3098e-19,-0.378532,-2.11339,0.166165,-0.499988,-2.34734,0,-0.557958,-2.66462,0.0445691
35.09,-2.813,0.576252,2.65596,-2.91267,0.439144,2.69804,-2.93897,0.602056,2,-2.82178,0.550719,2.04527,-0.461002,-2.2504,7.3098e-19,-0.369413,-2.09293,0.150478,-0.481645,-2.35117,0,-0.525627,-2.66997,0.0300976
35.1002,-2.81772,0.5527,2.65596,-2.91632,0.418308,2.69947,-2.9439,0.57745,2,-2.8269,0.524,2.04551,-0.44216,-2.25418,0,-0.361502,-2.07447,0.13427,-0.46196,-2.35512,0,-0.498744,-2.67375,0.0186481
35.11,-2.8218,0.531501,2.65596,-2.91919,0.401767,2.70049,-2.94816,0.555302,2,-2.83081,0.5026,2.04563,-0.425201,-2.25744,0,-0.356005,-2.06118,0.120919,-0.444241,-2.35853,0,-0.477375,-2.67629,0.00982445
35.1201,-2.82635,0.50674,2.65596,-2.92342,0.37714,2.70182,-2.95291,0.529431,2,-2.83635,0.470465,2.04567,-0.405392,-2.26108,0,-0.349054,-2.04373,0.100725,-0.423545,-2.36233,0,-0.445589,-2.67928,-0.00248167
35.13,-2.83006,0.485602,2.65596,-2.92689,0.356765,2.70274,-2.95679,0.507347,2,-2.84067,0.443663,2.0456,-0.388481,-2.26405,3.6549e-19,-0.344564,-2.03173,0.0841984,-0.405877,-2.36543,0,-0.419522,-2.68117,-0.0115153
35.1401,-2.83385,0.463002,2.65596,-2.93032,0.336498,2.7035,-2.96074,0.483735,2,-2.84394,0.422209,2.04548,-0.370401,-2.26708,3.6549e-19,-0.340967,-2.02201,0.0680732,-0.386988,-2.36859,0,-0.39884,-2.68223,-0.0179317
35.15,-2.83737,0.440916,2.65596,-2.93371,0.316317,2.7041,-2.96442,0.460659,2,-2.84855,0.390017,2.04521,-0.352732,-2.26989,3.6549e-19,-0.337948,-2.01445,0.0522647,-0.368528,-2.37154,0,-0.368171,-2.68289,-0.0264093
35.16,-2.84083,0.41799,2.65596,-2.93708,0.296201,2.70455,-2.96804,0.436707,2,-2.8521,0.363189,2.04492,-0.334392,-2.27267,0,-0.335314,-2.00914,0.0368318,-0.349366,-2.37444,0,-0.342932,-2.68257,-0.0325384
35.17,-2.84404,0.395553,2.65596,-2.94042,0.276127,2.70484,-2.9714,0.413266,2,-2.85541,0.336368,2.04457,-0.316442,-2.27524,-3.6549e-19,-0.332796,-2.00613,0.0218848,-0.330612,-2.37712,0,-0.317923,-2.68151,-0.0378193
35.18,-2.84722,0.372018,2.65596,-2.94373,0.256072,2.70499,-2.97472,0.388676,2,-2.85846,0.309561,2.04417,-0.297614,-2.27777,0,-0.330188,-2.00522,0.00742108,-0.310941,-2.37977,0,-0.293168,-2.67953,-0.0423833
35.19,-2.85002,0.349946,2.65596,-2.94702,0.236016,2.70499,-2.97764,0.365616,2,-2.86127,0.28278,2.04372,-0.279957,-2.28001,0,-0.327332,-2.00634,-0.00653715,-0.292493,-2.38211,0,-0.268715,-2.67659,-0.0463354
35.2001,-2.85284,0.326157,2.65596,-2.95028,0.215938,2.70486,-2.98058,0.340762,2,-2.86384,0.256033,2.04324,-0.260925,-2.28227,0,-0.323884,-2.00945,-0.0200621,-0.272609,-2.38447,0,-0.244444,-2.67273,-0.0498781
35.21,-2.85524,0.304345,2.65596,-2.9535,0.195821,2.70459,-2.9831,0.317974,2,-2.86616,0.229329,2.04273,-0.243476,-2.2842,0,-0.319679,-2.0144,-0.0331057,-0.254379,-2.38648,0,-0.220394,-2.66791,-0.0530898
35.2202,-2.85782,0.279136,2.65596,-2.95604,0.179685,2.70429,-2.98579,0.291635,2,-2.86825,0.202677,2.04218,-0.223309,-2.28626,0,-0.315857,-2.01966,-0.0432929,-0.233308,-2.38863,0,-0.196864,-2.66224,-0.0561901
35.2302,-2.85982,0.25781,2.65596,-2.95979,0.155391,2.70368,-2.98788,0.269355,2,-2.8701,0.176087,2.0416,-0.206248,-2.28786,3.6549e-19,-0.309224,-2.02969,-0.0577748,-0.215484,-2.39031,0,-0.173836,-2.65578,-0.0590042
35.24,-2.86172,0.235809,2.65596,-2.96285,0.135045,2.70304,-2.98987,0.246369,2,-2.87172,0.149564,2.041,-0.188647,-2.28938,-1.82745e-19,-0.302684,-2.03994,-0.0691249,-0.197095,-2.39189,0,-0.151285,-2.64855,-0.0616335
35.25,-2.86353,0.212767,2.65596,-2.96584,0.114588,2.7023,-2.99175,0.222295,2,-2.87313,0.123118,2.04037,-0.170214,-2.29082,0,-0.295196,-2.05168,-0.079965,-0.177836,-2.3934,0,-0.129308,-2.6406,-0.064319
35.2601,-2.86515,0.189717,2.65596,-2.96875,0.0940078,2.70145,-2.99344,0.198212,2,-2.87431,0.0967554,2.03971,-0.151773,-2.29212,0,-0.286536,-2.06445,-0.090291,-0.15857,-2.39476,0,-0.107782,-2.63179,-0.0671359
35.27,-2.86657,0.166834,2.65596,-2.97157,0.0732953,2.7005,-2.99493,0.174305,2,-2.87528,0.0704851,2.03903,-0.133467,-2.29325,1.82745e-19,-0.276747,-2.07821,-0.0997123,-0.139444,-2.39595,0,-0.0868256,-2.62215,-0.0697561
35.2802,-2.86784,0.143297,2.65596,-2.97428,0.0524405,2.69946,-2.99626,0.149713,2,-2.87605,0.0443147,2.03832,-0.114637,-2.29427,0,-0.265657,-2.09292,-0.108226,-0.119771,-2.39701,0,-0.066333,-2.61181,-0.072233
35.2901,-2.86889,0.120383,2.65596,-2.97688,0.0314339,2.69834,-2.99736,0.125774,2,-2.87661,0.0182506,2.03758,-0.0963065,-2.29512,9.13725e-20,-0.253518,-2.10857,-0.115744,-0.100619,-2.39789,0,-0.0465895,-2.60096,-0.0745195
35.3,-2.86974,0.0982136,2.65596,-2.97935,0.0102665,2.69714,-2.99824,0.102611,2,-2.87698,-0.00770284,2.03683,-0.0785708,-2.29579,9.13725e-20,-0.240113,-2.12498,-0.122322,-0.0820892,-2.3986,0,-0.0274216,-2.58963,-0.0767054
35.31,-2.87045,0.0746096,2.65596,-2.98168,-0.0110673,2.69589,-2.99899,0.0779505,2,-2.87716,-0.0335403,2.03605,-0.0596876,-2.29636,0,-0.22511,-2.14182,-0.128164,-0.0623604,-2.39919,0,-0.00852362,-2.57776,-0.0790117
35.32,-2.87095,0.0518548,2.65596,-2.98384,-0.0325707,2.69459,-2.99951,0.0541768,2,-2.87715,-0.0592562,2.03525,-0.0414838,-2.29676,-4.56862e-20,-0.208576,-2.15892,-0.132957,-0.0433415,-2.39961,0,0.0100588,-2.56534,-0.0811299
35.33,-2.87127,0.0290234,2.65596,-2.98584,-0.0542463,2.69324,-2.99985,0.030323,2,-2.87696,-0.0848455,2.03443,-0.0232187,-2.29702,0,-0.190507,-2.17621,-0.136731,-0.0242584,-2.39988,0,0.0283263,-2.55247,-0.0830889
35.34,-2.87141,0.00578389,2.65596,-2.98765,-0.0760948,2.69185,-2.99999,0.00604289,2,-2.87659,-0.110304,2.03359,-0.00462712,-2.29713,0,-0.170972,-2.19349,-0.139816,-0.00483431,-2.4,0,0.0462594,-2.53923,-0.0851975
35.35,-2.87137,-0.0169923,2.65596,-2.98926,-0.0981155,2.69044,-2.99995,-0.0177533,2,-2.87604,-0.135629,2.03272,0.0135939,-2.2971,0,-0.150162,-2.21059,-0.141936,0.0142026,-2.39996,0,0.0637406,-2.52559,-0.0871493
35.36,-2.87114,-0.0402088,2.65596,-2.99065,-0.120305,2.68902,-2.99971,-0.0420093,2,-2.87532,-0.160815,2.03184,0.032167,-2.29691,4.56862e-20,-0.128032,-2.22734,-0.143157,0.0336074,-2.39976,0,0.0808666,-2.51155,-0.0889759
35.37,-2.87072,-0.0635742,2.65596,-2.99181,-0.142661,2.68758,-2.99926,-0.066421,2,-2.87442,-0.185859,2.03095,0.0508594,-2.29657,0,-0.104827,-2.2437,-0.14344,0.0531368,-2.39941,0,0.097455,-2.49722,-0.0905993
35.3801,-2.87013,-0.0861919,2.65596,-2.99274,-0.165178,2.68615,-2.99865,-0.0900516,2,-2.87337,-0.210759,2.03003,0.0689536,-2.2961,0,-0.0806206,-2.25965,-0.142843,0.0720413,-2.39892,0,0.113504,-2.48272,-0.0920264
35.39,-2.86937,-0.108519,2.65596,-2.99342,-0.187851,2.68473,-2.99786,-0.113378,2,-2.87216,-0.235512,2.02911,0.0868149,-2.29549,0,-0.055539,-2.27488,-0.141572,0.0907024,-2.39829,0,0.128987,-2.46796,-0.0934048
35.4,-2.8684,-0.13159,2.65596,-2.99385,-0.210673,2.68332,-2.99685,-0.137483,2,-2.87079,-0.260117,2.02817,0.105272,-2.29472,0,-0.029524,-2.28922,-0.139555,0.109986,-2.39748,0,0.144074,-2.4529,-0.0945944
35.41,-2.86726,-0.154583,2.65596,-2.99401,-0.233633,2.68194,-2.99565,-0.161505,2,-2.86928,-0.28457,2.02721,0.123666,-2.2938,-1.82745e-19,-0.00261774,-2.30263,-0.136796,0.129204,-2.39652,0,0.158811,-2.43763,-0.0955389
35.42,-2.86591,-0.177748,2.65596,-2.9939,-0.256722,2.68059,-2.99425,-0.185708,2,-2.86762,-0.308869,2.02626,0.142199,-2.29273,0,0.0249692,-2.31506,-0.133423,0.148566,-2.3954,0,0.173084,-2.4222,-0.0962992
35.43,-2.86438,-0.200926,2.65596,-2.99351,-0.27993,2.67927,-2.99265,-0.209923,2,-2.86582,-0.333013,2.02529,0.160741,-2.2915,0,0.0530946,-2.32645,-0.129501,0.167939,-2.39412,0,0.18687,-2.40666,-0.0968696
35.44,-2.8627,-0.223629,2.65596,-2.99284,-0.303247,2.678,-2.99089,-0.233643,2,-2.86388,-0.357002,2.02432,0.178903,-2.29016,1.82745e-19,0.081738,-2.33671,-0.125123,0.186914,-2.39271,0,0.200268,-2.39102,-0.0972732
35.45,-2.86083,-0.246374,2.65596,-2.99187,-0.326661,2.67677,-2.98894,-0.257407,2,-2.86181,-0.380833,2.02334,0.197099,-2.28866,3.6549e-19,0.110981,-2.34581,-0.120351,0.205925,-2.39115,0,0.213486,-2.37533,-0.0975013
35.46,-2.85878,-0.26911,2.65596,-2.99062,-0.350159,2.67559,-2.9868,-0.28116,2,-2.85961,-0.404508,2.02237,0.215288,-2.28702,0,0.140547,-2.35374,-0.115292,0.224928,-2.38944,0,0.226372,-2.35965,-0.0975881
35.47,-2.85654,-0.291898,2.65596,-2.98906,-0.373732,2.67447,-2.98446,-0.304969,2,-2.85728,-0.428026,2.02139,0.233519,-2.28524,3.6549e-19,0.170596,-2.36045,-0.109979,0.243975,-2.38757,0,0.239214,-2.34398,-0.0975028
35.48,-2.85397,-0.316079,2.65596,-2.9872,-0.397364,2.6734,-2.98177,-0.330233,2,-2.85483,-0.451388,2.02042,0.252863,-2.28318,0,0.201036,-2.36589,-0.104448,0.264186,-2.38542,0,0.252043,-2.32831,-0.0972169
35.49,-2.85152,-0.337469,2.65596,-2.98504,-0.421045,2.67238,-2.97921,-0.352581,2,-2.85224,-0.474593,2.01945,0.269976,-2.28122,3.6549e-19,0.231455,-2.37016,-0.0988622,0.282065,-2.38337,0,0.264566,-2.31278,-0.0968342
35.5001,-2.8485,-0.36205,2.65596,-2.98257,-0.444763,2.67142,-2.97606,-0.378262,2,-2.84954,-0.497643,2.01848,0.28964,-2.2788,0,0.261898,-2.37319,-0.0932725,0.30261,-2.38085,0,0.27695,-2.29732,-0.0963505
35.5102,-2.84552,-0.384822,2.65596,-2.9798,-0.468506,2.67051,-2.97294,-0.402055,2,-2.8467,-0.52054,2.01752,0.307858,-2.27641,0,0.292305,-2.37505,-0.0876229,0.321644,-2.37835,0,0.289254,-2.28199,-0.0956597
35.5204,-2.84239,-0.40728,2.65596,-2.97768,-0.485133,2.66991,-2.96967,-0.425518,2,-2.84465,-0.536476,2.01686,0.325824,-2.27391,0,0.313541,-2.37563,-0.0836818,0.340414,-2.37574,0,0.297844,-2.27133,-0.095079
35.5301,-2.83917,-0.429163,2.65596,-2.9744,-0.508889,2.6691,-2.9663,-0.44838,2,-2.84161,-0.559114,2.01591,0.34333,-2.27133,0,0.343633,-2.37545,-0.0782215,0.358704,-2.37304,0,0.309991,-2.25621,-0.094229
35.54,-2.83564,-0.451873,2.65596,-2.97081,-0.532639,2.66835,-2.96262,-0.472108,2,-2.83845,-0.581602,2.01497,0.361498,-2.26851,0,0.373587,-2.3743,-0.0729402,0.377686,-2.3701,0,0.322205,-2.24134,-0.0933129
35.55,-2.83198,-0.474273,2.65596,-2.96692,-0.556373,2.66765,-2.9588,-0.49551,2,-2.83517,-0.603942,2.01404,0.379418,-2.26558,-3.6549e-19,0.403312,-2.37227,-0.0677925,0.396408,-2.36704,0,0.334479,-2.22677,-0.0922581
35.5601,-2.82809,-0.496975,2.65596,-2.96274,-0.580081,2.66699,-2.95473,-0.519229,2,-2.83176,-0.626138,2.01313,0.39758,-2.26247,0,0.432476,-2.36931,-0.0628008,0.415383,-2.36378,0,0.346587,-2.21245,-0.0910552
35.5701,-2.82362,-0.52173,2.65596,-2.95828,-0.603756,2.66639,-2.95006,-0.545093,2,-2.82823,-0.648192,2.01222,0.417384,-2.2589,0,0.46109,-2.36552,-0.0579384,0.436074,-2.36005,0,0.35863,-2.19846,-0.0896545
35.5799,-2.81977,-0.542144,2.65596,-2.95352,-0.627389,2.66583,-2.94604,-0.56642,2,-2.82459,-0.670108,2.01133,0.433715,-2.25582,0,0.489142,-2.36092,-0.0532459,0.453136,-2.35683,0,0.370662,-2.1848,-0.0880818
35.59,-2.81536,-0.564644,2.65596,-2.9485,-0.650972,2.66532,-2.94143,-0.589928,2,-2.82082,-0.691889,2.01046,0.451715,-2.25228,7.3098e-19,0.516674,-2.35553,-0.0487948,0.471943,-2.35314,0,0.382778,-2.17145,-0.0864011
35.6,-2.8108,-0.586886,2.65596,-2.94319,-0.674497,2.66486,-2.93667,-0.613167,2,-2.81693,-0.713538,2.00961,0.469509,-2.24864,0,0.543526,-2.34942,-0.0446003,0.490533,-2.34934,0,0.394897,-2.15845,-0.0846181
35.6101,-2.80595,-0.609678,2.65596,-2.93876,-0.693272,2.66451,-2.9316,-0.636979,2,-2.81373,-0.730765,2.00894,0.487742,-2.24476,7.3098e-19,0.564457,-2.34415,-0.0414564,0.509583,-2.34528,0,0.404578,-2.14842,-0.0831416
35.62,-2.80098,-0.632097,2.65596,-2.9318,-0.721351,2.66404,-2.92641,-0.660402,2,-2.80879,-0.756459,2.00795,0.505678,-2.24079,0,0.595052,-2.33557,-0.0371857,0.528322,-2.34113,0,0.419244,-2.1339,-0.0809398
35.63,-2.79577,-0.654759,2.65596,-2.92573,-0.744668,2.66369,-2.92096,-0.684079,2,-2.80454,-0.777739,2.00715,0.523808,-2.23662,-7.3098e-19,0.61996,-2.32782,-0.0339985,0.547263,-2.33677,0,0.431755,-2.12223,-0.0790955
35.64,-2.79048,-0.676944,2.65596,-2.91941,-0.767905,2.66336,-2.91544,-0.707257,2,-2.80016,-0.798904,2.00637,0.541555,-2.23239,0,0.64436,-2.31951,-0.03107,0.565805,-2.33235,0,0.444615,-2.11089,-0.0771689
35.65,-2.78503,-0.699053,2.65596,-2.91284,-0.791057,2.66306,-2.90974,-0.730357,2,-2.79564,-0.819958,2.00561,0.559243,-2.22802,0,0.668214,-2.31071,-0.0284077,0.584285,-2.32779,0,0.457835,-2.09994,-0.0751756
35.6602,-2.77918,-0.721956,2.65596,-2.90604,-0.814118,2.66279,-2.90363,-0.754285,2,-2.791,-0.840904,2.00487,0.577565,-2.22334,7.3098e-19,0.691313,-2.3015,-0.0260569,0.603428,-2.3229,0,0.471219,-2.08938,-0.0731787
35.6701,-2.77321,-0.74456,2.65596,-2.90044,-0.8325,2.66259,-2.89739,-0.777901,2,-2.78622,-0.861748,2.00414,0.595648,-2.21857,0,0.709288,-2.29397,-0.0243689,0.622321,-2.31791,0,0.484828,-2.07939,-0.0711518
35.68,-2.76741,-0.765811,2.65596,-2.89177,-0.859959,2.66231,-2.89134,-0.800103,2,-2.7813,-0.882494,2.00344,0.612649,-2.21393,-7.3098e-19,0.735408,-2.28247,-0.0222509,0.640083,-2.31307,0,0.498728,-2.06991,-0.0692047
35.69,-2.76115,-0.788105,2.65596,-2.88431,-0.882735,2.6621,-2.88479,-0.823395,2,-2.77624,-0.903147,2.00276,0.630484,-2.20892,7.3098e-19,0.756464,-2.27264,-0.0208455,0.658716,-2.30783,0,0.512904,-2.06084,-0.0673237
35.7,-2.75479,-0.810044,2.65596,-2.87665,-0.905411,2.66189,-2.87815,-0.846317,2,-2.77104,-0.923712,2.0021,0.648035,-2.20383,-1.46196e-18,0.776898,-2.26257,-0.0196998,0.677054,-2.30252,0,0.527427,-2.05215,-0.0654651
35.7101,-2.74815,-0.83231,2.65596,-2.86878,-0.927985,2.6617,-2.87121,-0.869581,2,-2.76569,-0.944192,2.00145,0.665848,-2.19852,0,0.796555,-2.25228,-0.0188021,0.695664,-2.29697,0,0.542148,-2.04386,-0.0636379
35.7201,-2.741,-0.855543,2.65596,-2.86072,-0.950456,2.66152,-2.86374,-0.893854,2,-2.7602,-0.96459,2.00082,0.684435,-2.1928,0,0.815471,-2.24181,-0.0181414,0.715083,-2.29099,0,0.557071,-2.03593,-0.061859
35.7299,-2.73447,-0.876189,2.65596,-2.85247,-0.972821,2.66134,-2.85692,-0.915424,2,-2.75455,-0.984911,2.00021,0.700951,-2.18758,7.3098e-19,0.833774,-2.23111,-0.0176872,0.732339,-2.28554,0,0.572314,-2.02829,-0.0601211
35.7401,-2.72735,-0.898109,2.65596,-2.84404,-0.995078,2.66116,-2.84948,-0.938326,2,-2.74875,-1.00516,1.99962,0.718487,-2.18188,-7.3098e-19,0.851568,-2.22027,-0.0173982,0.75066,-2.27959,0,0.58795,-2.02096,-0.058408
35.7502,-2.72013,-0.919751,2.65596,-2.83544,-1.01723,2.66099,-2.84194,-0.960937,2,-2.74279,-1.02533,1.99905,0.735801,-2.1761,7.3098e-19,0.868711,-2.20923,-0.017302,0.76875,-2.27355,0,0.603824,-2.01386,-0.0567693
35.76,-2.7128,-0.941153,2.65596,-2.82667,-1.03926,2.66082,-2.83428,-0.983297,2,-2.73667,-1.04544,1.99849,0.752922,-2.17024,0,0.885291,-2.19816,-0.0174045,0.786638,-2.26742,0,0.620008,-2.00713,-0.0552318
35.7701,-2.70507,-0.963132,2.65596,-2.81774,-1.06119,2.66064,-2.82621,-1.00626,2,-2.73039,-1.06547,1.99794,0.770506,-2.16406,7.3098e-19,0.901289,-2.187,-0.0176959,0.805009,-2.26096,0,0.636442,-2.00067,-0.0538088
35.78,-2.69739,-0.984457,2.65596,-2.81048,-1.07865,2.6605,-2.81817,-1.02854,2,-2.72719,-1.07547,1.99767,0.787565,-2.15791,-7.3098e-19,0.913709,-2.17802,-0.0180587,0.822832,-2.25454,0,0.644746,-1.99754,-0.0531458
35.7901,-2.68933,-1.00625,2.65596,-2.7994,-1.1047,2.66028,-2.80976,-1.05131,2,-2.71733,-1.10537,1.99689,0.804998,-2.15147,0,0.931688,-2.16464,-0.018858,0.841045,-2.24781,0,0.670082,-1.98866,-0.0514003
35.8,-2.68132,-1.0274,2.65596,-2.79001,-1.1263,2.66008,-2.80139,-1.07341,2,-2.71054,-1.12522,1.99638,0.82192,-2.14506,-7.3098e-19,0.946339,-2.15356,-0.019673,0.858725,-2.24111,0,0.687427,-1.98314,-0.0504008
35.8103,-2.67234,-1.05054,2.65596,-2.78048,-1.14778,2.65988,-2.79201,-1.09758,2,-2.70358,-1.14503,1.99588,0.840431,-2.13787,0,0.960752,-2.14251,-0.0205341,0.878065,-2.23361,0,0.705228,-1.97789,-0.0494464
35.8205,-2.66391,-1.07175,2.65596,-2.77275,-1.16488,2.65972,-2.7832,-1.11974,2,-2.69788,-1.16084,1.99549,0.857397,-2.13113,0,0.972003,-2.13373,-0.02128,0.895791,-2.22656,0,0.719679,-1.97393,-0.048748
35.8306,-2.65491,-1.09384,2.65596,-2.76098,-1.19041,2.65945,-2.7738,-1.14282,2,-2.68911,-1.18449,1.99491,0.875071,-2.12393,-1.46196e-18,0.988365,-2.12065,-0.0225423,0.914256,-2.21904,0,0.741574,-1.96834,-0.0478778
35.84,-2.64693,-1.11302,2.65596,-2.75603,-1.201,2.65934,-2.76546,-1.16286,2,-2.68312,-1.20022,1.99453,0.890418,-2.11754,0,0.995075,-2.11526,-0.0231009,0.93029,-2.21237,0,0.75641,-1.96484,-0.0473853
35.85,-2.63771,-1.13469,2.65596,-2.74298,-1.2284,2.65903,-2.75583,-1.1855,2,-2.67546,-1.21985,1.99406,0.907753,-2.11017,0,1.01226,-2.10136,-0.0249774,0.948401,-2.20466,0,0.775173,-1.96064,-0.0472388
35.86,-2.62881,-1.15516,2.65596,-2.73279,-1.24937,2.65877,-2.74653,-1.20688,2,-2.66762,-1.23944,1.99358,0.924126,-2.10305,0,1.02512,-2.09081,-0.0266943,0.965508,-2.19722,0,0.794027,-1.95667,-0.0473343
35.871,-2.61836,-1.17867,2.65596,-2.72248,-1.27022,2.65849,-2.7356,-1.23145,2,-2.65958,-1.25898,1.99311,0.942935,-2.09469,0,1.03764,-2.0804,-0.0283369,0.985159,-2.18848,0,0.812966,-1.95294,-0.0474214
35.8802,-2.60984,-1.1974,2.65596,-2.71204,-1.29097,2.6582,-2.72671,-1.25102,2,-2.65135,-1.2785,1.99263,0.957922,-2.08787,-1.46196e-18,1.05004,-2.07004,-0.0298342,1.00082,-2.18137,0,0.83222,-1.94943,-0.0474324
35.8903,-2.60004,-1.21854,2.65596,-2.70148,-1.31162,2.6579,-2.71647,-1.27311,2,-2.64294,-1.29797,1.99216,0.974833,-2.08003,1.46196e-18,1.06211,-2.05976,-0.0311715,1.01849,-2.17317,0,0.851489,-1.94614,-0.0473625
35.9004,-2.58969,-1.24039,2.65596,-2.6908,-1.33217,2.65758,-2.70565,-1.29593,2,-2.63432,-1.31742,1.99169,0.992311,-2.07175,0,1.074,-2.04957,-0.0323368,1.03675,-2.16452,0,0.870893,-1.94308,-0.0472027
35.91,-2.58069,-1.259,2.65596,-2.68,-1.35261,2.65725,-2.69625,-1.31538,2,-2.62552,-1.33684,1.99122,1.0072,-2.06455,0,1.08567,-2.03946,-0.0333491,1.0523,-2.157,0,0.890361,-1.94024,-0.0469738
35.9201,-2.57032,-1.28005,2.65596,-2.67018,-1.37093,2.65695,-2.68541,-1.33737,2,-2.61743,-1.35429,1.9908,1.02404,-2.05625,1.46196e-18,1.09599,-2.0303,-0.0341413,1.0699,-2.14833,0,0.907907,-1.93774,-0.0467239
35.93,-2.55968,-1.30118,2.65596,-2.66248,-1.38512,2.65671,-2.6743,-1.35945,2,-2.61286,-1.36397,1.99056,1.04095,-2.04775,0,1.104,-2.02316,-0.0346787,1.08756,-2.13944,0,0.917715,-1.93639,-0.0465606
35.94,-2.54959,-1.32084,2.65596,-2.65138,-1.4053,2.65636,-2.66376,-1.37999,2,-2.60171,-1.38719,1.99,1.05667,-2.03967,1.46196e-18,1.11551,-2.01299,-0.0356031,1.10399,-2.13101,0,0.941453,-1.93329,-0.0464131
35.9501,-2.53881,-1.34145,2.65596,-2.64017,-1.42537,2.65599,-2.6525,-1.40152,2,-2.59219,-1.40651,1.98954,1.07316,-2.03105,0,1.12725,-2.00283,-0.0364852,1.12121,-2.122,0,0.961509,-1.93078,-0.0463771
35.9601,-2.52745,-1.36274,2.65596,-2.63111,-1.44137,2.6557,-2.64062,-1.42376,2,-2.58444,-1.42195,1.98917,1.09019,-2.02196,1.46196e-18,1.13658,-1.99482,-0.0370631,1.13901,-2.1125,0,0.977505,-1.92891,-0.0462828
35.9701,-2.51715,-1.38166,2.65596,-2.61969,-1.46126,2.65533,-2.62987,-1.44353,2,-2.57456,-1.44123,1.98871,1.10533,-2.01372,0,1.14821,-1.98486,-0.0377105,1.15482,-2.1039,0,0.997519,-1.92668,-0.0461631
35.98,-2.50608,-1.40165,2.65596,-2.60815,-1.48106,2.65495,-2.6183,-1.46442,2,-2.56449,-1.46048,1.98825,1.12132,-2.00486,-1.46196e-18,1.16001,-1.97496,-0.0382138,1.17154,-2.09464,0,1.01765,-1.92452,-0.0459802
35.99,-2.49481,-1.42161,2.65596,-2.59883,-1.49683,2.65464,-2.60653,-1.48527,2,-2.55628,-1.47587,1.98788,1.13729,-1.99585,0,1.16959,-1.96705,-0.0384787,1.18821,-2.08522,0,1.03385,-1.92283,-0.0457512
36.0001,-2.48313,-1.44191,2.65596,-2.58589,-1.51841,2.65422,-2.59432,-1.50648,2,-2.54478,-1.49701,1.98738,1.15353,-1.9865,0,1.18307,-1.95616,-0.0386824,1.20518,-2.07546,0,1.05637,-1.92054,-0.0453497
36.0101,-2.47168,-1.46145,2.65596,-2.57758,-1.53208,2.65394,-2.58236,-1.5269,2,-2.53734,-1.51045,1.98706,1.16916,-1.97734,1.46196e-18,1.19187,-1.9493,-0.0387116,1.22152,-2.06589,0,1.07085,-1.91916,-0.0450366
36.02,-2.4599,-1.48119,2.65596,-2.56198,-1.55734,2.65344,-2.57006,-1.54751,2,-2.52653,-1.52963,1.98661,1.18495,-1.96792,1.46196e-18,1.20848,-1.93682,-0.0387077,1.23801,-2.05605,0,1.09157,-1.91738,-0.0446066
36.03,-2.44777,-1.50115,2.65596,-2.54983,-1.57666,2.65305,-2.55738,-1.56837,2,-2.51216,-1.55454,1.98604,1.20092,-1.95822,0,1.22153,-1.92738,-0.0389998,1.2547,-2.04591,0,1.11861,-1.91525,-0.0444099
36.04,-2.43618,-1.51989,2.65596,-2.53755,-1.59588,2.65266,-2.54527,-1.58795,2,-2.50087,-1.57369,1.98559,1.21591,-1.94895,1.46196e-18,1.23459,-1.91796,-0.0392153,1.27036,-2.03622,0,1.13932,-1.91368,-0.0443116
36.05,-2.42381,-1.53954,2.65596,-2.52514,-1.61502,2.65227,-2.53235,-1.60848,2,-2.48937,-1.59282,1.98515,1.23163,-1.93905,0,1.24781,-1.90857,-0.0391646,1.28678,-2.02588,0,1.1601,-1.91227,-0.0439891
36.0602,-2.41109,-1.55939,2.65596,-2.51637,-1.62835,2.652,-2.51905,-1.62922,2,-2.47767,-1.61193,1.98471,1.24751,-1.92887,0,1.25716,-1.902,-0.0389631,1.30338,-2.01524,0,1.18093,-1.91094,-0.043434
36.0702,-2.39805,-1.57937,2.65596,-2.49991,-1.653,2.65149,-2.50543,-1.65009,2,-2.46575,-1.63104,1.98428,1.26349,-1.91844,0,1.27476,-1.88963,-0.0384313,1.32007,-2.00435,0,1.2018,-1.9096,-0.042824
36.0801,-2.38563,-1.59807,2.65596,-2.48709,-1.67185,2.65111,-2.49246,-1.66963,2,-2.45363,-1.65013,1.98386,1.27846,-1.9085,0,1.28855,-1.88005,-0.0380264,1.3357,-1.99396,0,1.22265,-1.90826,-0.0422498
36.09,-2.37318,-1.61649,2.65596,-2.47414,-1.6906,2.65073,-2.47945,-1.68888,2,-2.4413,-1.6692,1.98344,1.29319,-1.89855,0,1.3025,-1.87046,-0.0375377,1.3511,-1.98356,0,1.24349,-1.90697,-0.0416121
36.1002,-2.35998,-1.63571,2.65596,-2.46104,-1.70926,2.65036,-2.46566,-1.70896,2,-2.42876,-1.68827,1.98303,1.30857,-1.88798,0,1.31654,-1.86067,-0.036852,1.36716,-1.97253,0,1.26435,-1.90561,-0.0407906
36.1101,-2.34698,-1.65431,2.65596,-2.44781,-1.72781,2.65,-2.45207,-1.72839,2,-2.41601,-1.70731,1.98262,1.32345,-1.87758,0,1.33071,-1.8506,-0.0359676,1.38271,-1.96166,0,1.28521,-1.90412,-0.0397794
36.12,-2.33368,-1.67301,2.65596,-2.43846,-1.74074,2.64975,-2.43818,-1.74793,2,-2.40697,-1.72064,1.98235,1.33841,-1.86695,0,1.34067,-1.84338,-0.0352482,1.39834,-1.95055,0,1.29977,-1.90298,-0.0389735
36.13,-2.31997,-1.69198,2.65596,-2.42498,-1.75912,2.6494,-2.42386,-1.76774,2,-2.39387,-1.73966,1.98196,1.35358,-1.85598,-1.46196e-18,1.35492,-1.83295,-0.0341632,1.41419,-1.93909,0,1.32047,-1.9013,-0.0377626
36.1402,-2.30638,-1.71046,2.65596,-2.40725,-1.78286,2.64897,-2.40965,-1.78705,2,-2.37653,-1.76436,1.98148,1.36837,-1.8451,-1.46196e-18,1.37342,-1.81932,-0.0327078,1.42964,-1.92772,0,1.34706,-1.89914,-0.0361334
36.1501,-2.29266,-1.7288,2.65596,-2.39344,-1.801,2.64864,-2.39532,-1.80622,2,-2.36295,-1.78335,1.98113,1.38304,-1.83413,0,1.38791,-1.80873,-0.03168,1.44497,-1.91626,0,1.36749,-1.89735,-0.0349573
36.16,-2.27889,-1.74691,2.65596,-2.37949,-1.81904,2.64833,-2.38094,-1.82514,2,-2.35333,-1.79662,1.98089,1.39753,-1.82311,0,1.40243,-1.79808,-0.0307706,1.46011,-1.90475,0,1.38173,-1.89608,-0.0342262
36.17,-2.26508,-1.76478,2.65596,-2.36964,-1.8316,2.64812,-2.36651,-1.84381,2,-2.33941,-1.81557,1.98055,1.41183,-1.81207,-1.46196e-18,1.4125,-1.79049,-0.0300162,1.47505,-1.89321,0,1.40191,-1.8942,-0.0329848
36.1801,-2.25043,-1.78342,2.65596,-2.35115,-1.85478,2.64774,-2.35121,-1.86329,2,-2.32102,-1.84018,1.98013,1.42674,-1.80035,0,1.43127,-1.77611,-0.0284718,1.49063,-1.88096,0,1.428,-1.89153,-0.0311435
36.19,-2.23645,-1.80093,2.65596,-2.33677,-1.87249,2.64746,-2.3366,-1.88157,2,-2.30664,-1.85909,1.97983,1.44074,-1.78916,1.46196e-18,1.44582,-1.76488,-0.027395,1.50526,-1.86928,0,1.44795,-1.88933,-0.0297968
36.2,-2.22145,-1.8194,2.65596,-2.32223,-1.89008,2.64719,-2.32092,-1.90087,2,-2.29206,-1.87797,1.97954,1.45552,-1.77716,0,1.46047,-1.75339,-0.026244,1.5207,-1.85674,0,1.46789,-1.88688,-0.0283299
36.2102,-2.20573,-1.83842,2.65596,-2.30756,-1.90755,2.64694,-2.30451,-1.92074,2,-2.27728,-1.89682,1.97926,1.47074,-1.76459,0,1.47497,-1.74163,-0.0249657,1.53659,-1.8436,0,1.48763,-1.8842,-0.0266831
36.2201,-2.19221,-1.85452,2.65596,-2.29274,-1.92491,2.64669,-2.29038,-1.93757,2,-2.26231,-1.91565,1.979,1.48362,-1.75377,-1.46196e-18,1.48943,-1.72974,-0.023573,1.55005,-1.8323,0,1.50722,-1.88142,-0.0248658
36.23,-2.17589,-1.87365,2.65596,-2.28227,-1.93699,2.64653,-2.27333,-1.95755,2,-2.25171,-1.92881,1.97884,1.49892,-1.74071,0,1.49961,-1.72129,-0.0225553,1.56604,-1.81866,0,1.52092,-1.87934,-0.0235149
36.24,-2.16266,-1.88891,2.65596,-2.26266,-1.95926,2.64625,-2.2595,-1.97349,2,-2.23177,-1.95322,1.97855,1.51112,-1.73013,0,1.51829,-1.7054,-0.0207658,1.57879,-1.8076,0,1.546,-1.87521,-0.0210212
36.2502,-2.14735,-1.90629,2.65596,-2.2474,-1.97626,2.64605,-2.2435,-1.99166,2,-2.21622,-1.97195,1.97834,1.52503,-1.71788,0,1.5328,-1.69302,-0.0199645,1.59332,-1.7948,0,1.56523,-1.87172,-0.0196014
36.2603,-2.1317,-1.92377,2.65596,-2.23664,-1.98808,2.64591,-2.22716,-2.00992,2,-2.20047,-1.99065,1.97815,1.53902,-1.70536,0,1.54289,-1.68424,-0.0193924,1.60793,-1.78173,0,1.58427,-1.86795,-0.0180594
36.27,-2.11667,-1.94029,2.65596,-2.21646,-2.00986,2.64566,-2.21146,-2.02718,2,-2.18453,-2.00931,1.97798,1.55223,-1.69334,0,1.56136,-1.66781,-0.0182186,1.62174,-1.76917,0,1.60304,-1.86404,-0.016388
36.28,-2.10115,-1.95709,2.65596,-2.20549,-2.02151,2.64554,-2.19524,-2.04473,2,-2.17327,-2.02235,1.97787,1.56567,-1.68092,0,1.57134,-1.65886,-0.0176733,1.63578,-1.75619,0,1.61614,-1.86114,-0.0152553
36.2902,-2.08403,-1.97531,2.65596,-2.18495,-2.04296,2.64532,-2.17736,-2.06376,2,-2.15701,-2.04094,1.97773,1.58025,-1.66723,0,1.58993,-1.64213,-0.0166805,1.65101,-1.74188,0,1.63483,-1.85678,-0.0136054
36.3,-2.06922,-1.99082,2.65596,-2.16898,-2.05932,2.64515,-2.16188,-2.07997,2,-2.1356,-2.06504,1.97757,1.59266,-1.65538,1.46196e-18,1.60411,-1.62919,-0.015777,1.66398,-1.7295,0,1.6588,-1.8508,-0.0111447
36.31,-2.05347,-2.00707,2.65596,-2.15771,-2.07069,2.64505,-2.14542,-2.09694,2,-2.12395,-2.07798,1.97749,1.60565,-1.64277,-1.46196e-18,1.61395,-1.62009,-0.0150652,1.67756,-1.71634,0,1.67153,-1.84741,-0.00966975
36.3202,-2.03721,-2.02357,2.65596,-2.14313,-2.08522,2.64491,-2.12844,-2.11418,2,-2.10376,-2.10012,1.97739,1.61885,-1.62977,0,1.62643,-1.60832,-0.014151,1.69134,-1.70275,0,1.69304,-1.84129,-0.00705765
36.33,-2.02118,-2.03957,2.65596,-2.1268,-2.10124,2.64478,-2.11169,-2.13091,2,-2.09186,-2.11299,1.97735,1.63166,-1.61695,0,1.64002,-1.59512,-0.0131476,1.70472,-1.68935,0,1.70531,-1.83751,-0.00546189
36.3403,-2.00393,-2.05653,2.65596,-2.11033,-2.11712,2.64465,-2.09367,-2.14862,2,-2.07472,-2.13134,1.97731,1.64522,-1.60315,0,1.6536,-1.58176,-0.0119896,1.71889,-1.67494,0,1.7227,-1.83177,-0.00297717
36.3501,-1.98827,-2.07167,2.65596,-2.09373,-2.13287,2.64454,-2.07731,-2.16444,2,-2.05741,-2.14963,1.97729,1.65734,-1.59062,2.92392e-18,1.66725,-1.56834,-0.0107305,1.73155,-1.66185,0,1.73999,-1.82571,-0.000309696
36.36,-1.97127,-2.08786,2.65596,-2.07699,-2.14849,2.64444,-2.05954,-2.18135,2,-2.03993,-2.16785,1.9773,1.67029,-1.57702,-1.46196e-18,1.6808,-1.5548,-0.00944857,1.74508,-1.64763,0,1.75701,-1.81926,0.0024604
36.37,-1.95506,-2.10304,2.65596,-2.05842,-2.16551,2.64434,-2.04261,-2.19721,2,-2.0205,-2.18782,1.97735,1.68243,-1.56405,0,1.69554,-1.53974,-0.00798461,1.75777,-1.63409,0,1.77538,-1.81168,0.00565136
36.38,-1.93805,-2.11873,2.65596,-2.04481,-2.17778,2.64428,-2.02483,-2.21361,2,-2.00266,-2.2059,1.97742,1.69498,-1.55044,-1.46196e-18,1.7062,-1.52873,-0.00691957,1.77089,-1.61987,0,1.79185,-1.80439,0.00862932
36.39,-1.92072,-2.13445,2.65596,-2.02424,-2.19603,2.64421,-2.00673,-2.23003,2,-1.98466,-2.22391,1.97752,1.70756,-1.53658,0,1.72193,-1.51207,-0.0053744,1.78402,-1.60539,0,1.80795,-1.79669,0.0116346
36.4,-1.90378,-2.14958,2.65596,-2.00695,-2.21108,2.64416,-1.98903,-2.24583,2,-1.9665,-2.24184,1.97765,1.71966,-1.52302,-1.46196e-18,1.73503,-1.49806,-0.00413209,1.79667,-1.59122,0,1.82391,-1.78855,0.0146673
36.41,-1.88673,-2.16456,2.65596,-1.98954,-2.22599,2.64413,-1.97121,-2.26149,2,-1.94818,-2.25968,1.97781,1.73165,-1.50938,0,1.74811,-1.4839,-0.00286569,1.80919,-1.57697,0,1.83972,-1.77994,0.0177878
36.42,-1.86921,-2.1797,2.65596,-1.97199,-2.24076,2.6441,-1.95291,-2.27731,2,-1.92971,-2.27743,1.97801,1.74376,-1.49537,1.46196e-18,1.76112,-1.46955,-0.00156728,1.82185,-1.56233,0,1.85534,-1.7708,0.0210015
36.43,-1.85168,-2.19462,2.65596,-1.95786,-2.25247,2.64409,-1.93459,-2.29289,2,-1.91482,-2.29157,1.97818,1.75569,-1.48134,0,1.77147,-1.45793,-0.000537897,1.83431,-1.54767,0,1.8677,-1.76312,0.0236031
36.4402,-1.83354,-2.20979,2.65596,-1.94008,-2.26697,2.6441,-1.91564,-2.30875,2,-1.9017,-2.30389,1.97836,1.76783,-1.46683,-1.46196e-18,1.7844,-1.44329,0.00068047,1.847,-1.53252,0,1.87846,-1.75612,0.0258771
36.4502,-1.81607,-2.22417,2.65596,-1.92038,-2.28276,2.64411,-1.89739,-2.32377,2,-1.87526,-2.32837,1.97875,1.77934,-1.45285,-1.46196e-18,1.79856,-1.42709,0.00193529,1.85902,-1.51791,0,1.89963,-1.74146,0.0303387
36.4601,-1.79813,-2.2387,2.65596,-1.90775,-2.29271,2.64413,-1.87865,-2.33895,2,-1.86192,-2.34053,1.97897,1.79096,-1.4385,1.46196e-18,1.80761,-1.41672,0.00268118,1.87116,-1.50292,0,1.91009,-1.73374,0.0325348
36.4701,-1.78032,-2.25289,2.65596,-1.88415,-2.31101,2.64417,-1.86004,-2.35377,2,-1.83697,-2.36298,1.97942,1.80231,-1.42426,0,1.82447,-1.39738,0.00386178,1.88302,-1.48804,0,1.92939,-1.71878,0.0364357
36.4802,-1.7618,-2.2674,2.65596,-1.87134,-2.32075,2.6442,-1.84069,-2.36894,2,-1.82342,-2.37498,1.97968,1.81392,-1.40944,0,1.83355,-1.38695,0.0042753,1.89515,-1.47255,0,1.93965,-1.71039,0.0383202
36.49,-1.74428,-2.2809,2.65596,-1.85294,-2.33454,2.64424,-1.82239,-2.38304,2,-1.80396,-2.39202,1.98008,1.82472,-1.39543,1.46196e-18,1.84636,-1.37199,0.00471637,1.90643,-1.45791,0,1.95399,-1.69798,0.0408653
36.5,-1.72582,-2.2949,2.65596,-1.83442,-2.34819,2.64429,-1.80311,-2.39767,2,-1.78435,-2.40894,1.9805,1.83592,-1.38066,0,1.85897,-1.35696,0.00514709,1.91813,-1.44248,0,1.96799,-1.68504,0.0433943
36.51,-1.70679,-2.30909,2.65596,-1.81576,-2.36168,2.64435,-1.78322,-2.41249,2,-1.76856,-2.42237,1.98085,1.84727,-1.36543,-1.46196e-18,1.8716,-1.34184,0.00569187,1.92999,-1.42658,0,1.97907,-1.67429,0.0454847
36.5202,-1.68849,-2.32251,2.65596,-1.79699,-2.37503,2.64441,-1.7641,-2.42651,2,-1.74471,-2.44237,1.98142,1.85801,-1.35079,-1.46196e-18,1.88405,-1.32675,0.00634615,1.94121,-1.41128,0,1.99523,-1.65764,0.0487207
36.5304,-1.66932,-2.33633,2.65596,-1.77808,-2.38822,2.64447,-1.74407,-2.44095,2,-1.72469,-2.45887,1.98192,1.86906,-1.33545,0,1.89651,-1.31155,0.00704317,1.95276,-1.39525,0,2.00851,-1.64315,0.0514285
36.54,-1.65153,-2.34894,2.65596,-1.75906,-2.40126,2.64455,-1.72548,-2.45412,2,-1.70454,-2.47523,1.98245,1.87915,-1.32122,1.46196e-18,1.90878,-1.29636,0.00778391,1.9633,-1.38038,0,2.02143,-1.6282,0.0541322
36.55,-1.63277,-2.36201,2.65596,-1.73991,-2.41415,2.64463,-1.70588,-2.46778,2,-1.68426,-2.49143,1.983,1.88961,-1.30622,1.46196e-18,1.92089,-1.2811,0.00856026,1.97423,-1.36471,0,2.03404,-1.61272,0.0568142
36.56,-1.61402,-2.37487,2.65596,-1.72064,-2.42688,2.64472,-1.68629,-2.48121,2,-1.66386,-2.50748,1.98358,1.89989,-1.29122,0,1.9326,-1.26572,0.00933291,1.98497,-1.34904,0,2.04613,-1.59666,0.0594277
36.57,-1.59479,-2.38782,2.65596,-1.70126,-2.43946,2.64482,-1.66621,-2.49475,2,-1.64334,-2.52336,1.98419,1.91026,-1.27583,-1.46196e-18,1.94417,-1.2503,0.0101298,1.9958,-1.33296,0,2.05797,-1.58009,0.0619926
36.5801,-1.57527,-2.40075,2.65596,-1.68567,-2.44941,2.6449,-1.64581,-2.50825,2,-1.62684,-2.53595,1.9847,1.9206,-1.26022,0,1.9534,-1.23786,0.0107626,2.0066,-1.31665,0,2.06733,-1.56642,0.0639807
36.59,-1.55643,-2.413,2.65596,-1.66607,-2.46171,2.64501,-1.62612,-2.52106,2,-1.60611,-2.55153,1.98535,1.9304,-1.24514,-1.46196e-18,1.96487,-1.22232,0.0115067,2.01685,-1.3009,0,2.07885,-1.54893,0.0663363
36.6002,-1.53674,-2.42559,2.65596,-1.64241,-2.47627,2.64515,-1.60556,-2.5342,2,-1.58108,-2.56999,1.98616,1.94047,-1.22939,-1.46196e-18,1.97856,-1.20369,0.0123378,2.02736,-1.28445,0,2.09239,-1.52736,0.0689599
36.61,-1.51756,-2.43764,2.65596,-1.62257,-2.48823,2.64528,-1.58551,-2.54679,2,-1.5601,-2.58517,1.98686,1.95011,-1.21404,1.46196e-18,1.98997,-1.18821,0.0129753,2.03743,-1.26841,0,2.10348,-1.5089,0.0709597
36.62,-1.49813,-2.44962,2.65596,-1.60261,-2.50003,2.64541,-1.56522,-2.55931,2,-1.53901,-2.60016,1.98758,1.9597,-1.19851,1.46196e-18,2.00115,-1.17289,0.0136029,2.04745,-1.25218,0,2.11429,-1.49015,0.0728312
36.63,-1.4785,-2.46152,2.65596,-1.58657,-2.50937,2.64552,-1.54471,-2.57175,2,-1.52207,-2.61202,1.98817,1.96922,-1.1828,0,2.00991,-1.16069,0.0141402,2.0574,-1.23577,0,2.12273,-1.47488,0.0742765
36.64,-1.45804,-2.4737,2.65596,-1.56237,-2.52319,2.6457,-1.52333,-2.58447,2,-1.49652,-2.62958,1.98907,1.97896,-1.16643,0,2.02275,-1.14237,0.0149247,2.06757,-1.21866,0,2.13502,-1.45146,0.0762683
36.65,-1.4387,-2.48499,2.65596,-1.54616,-2.53228,2.64582,-1.50312,-2.59627,2,-1.47512,-2.644,1.98984,1.98799,-1.15096,0,2.03118,-1.13016,0.0153949,2.07702,-1.2025,0,2.145,-1.43149,0.0777098
36.66,-1.4191,-2.49624,2.65596,-1.52171,-2.54573,2.64601,-1.48265,-2.60802,2,-1.45362,-2.65821,1.99062,1.99699,-1.13528,0,2.04374,-1.11187,0.0160852,2.08641,-1.18612,0,2.15484,-1.41112,0.0789872
36.6701,-1.39862,-2.50777,2.65596,-1.50122,-2.55677,2.64617,-1.46125,-2.62006,2,-1.43202,-2.67222,1.99142,2.00621,-1.1189,0,2.05412,-1.09666,0.0166978,2.09605,-1.169,0,2.16453,-1.39038,0.080155
36.6802,-1.37859,-2.51884,2.65596,-1.48063,-2.56766,2.64634,-1.44032,-2.63163,2,-1.41033,-2.68602,1.99223,2.01507,-1.10287,-1.46196e-18,2.06425,-1.08147,0.0173209,2.1053,-1.15226,0,2.17393,-1.36926,0.0811794
36.69,-1.35809,-2.52995,2.65596,-1.45994,-2.5784,2.64652,-1.41891,-2.64324,2,-1.38854,-2.6996,1.99304,2.02396,-1.08647,1.46196e-18,2.07414,-1.0663,0.0180124,2.11459,-1.13512,0,2.18309,-1.34778,0.0821211
36.7,-1.33828,-2.54048,2.65596,-1.44955,-2.58371,2.64661,-1.39821,-2.65425,2,-1.36667,-2.71297,1.99387,2.03239,-1.07062,0,2.07901,-1.05869,0.0183768,2.1234,-1.11856,0,2.19209,-1.32588,0.0829505
36.7102,-1.31743,-2.55136,2.65596,-1.42871,-2.59422,2.6468,-1.37642,-2.66561,2,-1.3447,-2.72612,1.9947,2.04109,-1.05394,0,2.08869,-1.04346,0.0189963,2.13249,-1.10114,0,2.20101,-1.30362,0.0832903
36.72,-1.29507,-2.56278,2.65596,-1.40148,-2.60766,2.64705,-1.35307,-2.67754,2,-1.32265,-2.73904,1.99553,2.05022,-1.03606,1.46196e-18,2.10132,-1.0236,0.019424,2.14203,-1.08245,0,2.20988,-1.28097,0.0834081
36.7304,-1.27603,-2.57231,2.65596,-1.37619,-2.61983,2.64728,-1.33317,-2.6875,2,-1.30051,-2.75174,1.99637,2.05785,-1.02083,0,2.11317,-1.00515,0.0198648,2.15,-1.06654,0,2.2187,-1.25788,0.0833496
36.7407,-1.25483,-2.58272,2.65596,-1.35501,-2.62981,2.64748,-1.31102,-2.69838,2,-1.27827,-2.7642,1.9972,2.06618,-1.00386,0,2.12311,-0.989873,0.0202154,2.1587,-1.04881,0,2.22756,-1.23456,0.0831093
36.7504,-1.23387,-2.5928,2.65596,-1.33373,-2.63963,2.64769,-1.28912,-2.7089,2,-1.25595,-2.77643,1.99803,2.07424,-0.987095,1.46196e-18,2.13294,-0.974599,0.0206543,2.16712,-1.0313,0,2.23638,-1.21093,0.0828024
36.76,-1.21451,-2.60193,2.65596,-1.31235,-2.6493,2.6479,-1.26889,-2.71844,2,-1.23355,-2.78842,1.99886,2.08154,-0.971606,0,2.14246,-0.959352,0.0212173,2.17475,-1.01511,0,2.24498,-1.18704,0.0824674
36.77,-1.19376,-2.61151,2.65596,-1.29088,-2.65882,2.64811,-1.24722,-2.72845,2,-1.21106,-2.80017,1.99968,2.08921,-0.955009,1.46196e-18,2.15176,-0.944101,0.0218675,2.18276,-0.997774,0,2.25341,-1.16287,0.0820685
36.78,-1.17288,-2.62096,2.65596,-1.26932,-2.66818,2.64834,-1.2254,-2.73832,2,-1.18848,-2.81167,2.0005,2.09677,-0.9383,1.46196e-18,2.16075,-0.928833,0.0225746,2.19066,-0.980317,0,2.26161,-1.13842,0.0815829
36.7901,-1.1518,-2.63029,2.65596,-1.252,-2.67556,2.64852,-1.20338,-2.74807,2,-1.16582,-2.82293,2.00131,2.10423,-0.921441,-1.46196e-18,2.16777,-0.91658,0.0231953,2.19846,-0.962702,0,2.26964,-1.11371,0.0810342
36.8002,-1.13081,-2.63938,2.65596,-1.22593,-2.68645,2.6488,-1.18144,-2.75757,2,-1.14309,-2.83395,2.00212,2.1115,-0.904646,0,2.17805,-0.898167,0.0241356,2.20606,-0.945155,0,2.2776,-1.08875,0.080355
36.81,-1.10975,-2.6483,2.65596,-1.20411,-2.69536,2.64905,-1.15945,-2.76689,2,-1.12027,-2.84471,2.00292,2.11864,-0.887804,0,2.18641,-0.882833,0.0248909,2.21351,-0.927559,0,2.28537,-1.06363,0.0795222
36.82,-1.08873,-2.65701,2.65596,-1.1822,-2.70411,2.6493,-1.13748,-2.77599,2,-1.09738,-2.85522,2.00371,2.12561,-0.870985,-1.46196e-18,2.19441,-0.867487,0.0256491,2.22079,-0.909987,0,2.29287,-1.03833,0.0785732
36.8301,-1.06713,-2.66576,2.65596,-1.16022,-2.71271,2.64956,-1.11491,-2.78513,2,-1.07442,-2.86547,2.00449,2.13261,-0.853702,0,2.20212,-0.852106,0.0264344,2.22811,-0.891931,0,2.30019,-1.01284,0.0775444
36.84,-1.04577,-2.67421,2.65596,-1.14258,-2.71947,2.64977,-1.0926,-2.79396,2,-1.05138,-2.87547,2.00526,2.13937,-0.836617,1.46196e-18,2.2081,-0.83982,0.0270739,2.23517,-0.87408,0,2.30736,-0.987248,0.0764317
36.85,-1.02468,-2.68237,2.65596,-1.11603,-2.72944,2.6501,-1.07056,-2.80248,2,-1.02827,-2.88522,2.00602,2.14589,-0.819742,7.3098e-19,2.21692,-0.821377,0.0279886,2.24198,-0.85645,0,2.31446,-0.961561,0.0751841
36.86,-1.00308,-2.69052,2.65596,-1.09382,-2.73758,2.65039,-1.04799,-2.811,2,-1.00509,-2.89471,2.00676,2.15241,-0.802461,0,2.22407,-0.805908,0.0286484,2.2488,-0.838394,0,2.32142,-0.935711,0.0737576
36.87,-0.981602,-2.69843,2.65596,-1.07155,-2.74556,2.65068,-1.02556,-2.81926,2,-0.981841,-2.90393,2.00749,2.15874,-0.785282,0,2.23084,-0.79037,0.0293,2.25541,-0.820446,0,2.32808,-0.90973,0.0722524
36.88,-0.96007,-2.70616,2.65596,-1.04921,-2.75339,2.65097,-1.00306,-2.82734,2,-0.963196,-2.91113,2.00806,2.16493,-0.768056,7.3098e-19,2.23717,-0.774774,0.0299706,2.26187,-0.802449,0,2.33316,-0.88888,0.0710213
36.8901,-0.937762,-2.71397,2.65596,-1.03129,-2.75953,2.65122,-0.979755,-2.8355,2,-0.939834,-2.91989,2.00877,2.17118,-0.75021,-7.3098e-19,2.242,-0.762249,0.0304978,2.2684,-0.783804,0,2.33932,-0.862733,0.0694322
36.9002,-0.915462,-2.72158,2.65596,-1.00435,-2.76857,2.65159,-0.956456,-2.84345,2,-0.911718,-2.93005,2.00959,2.17726,-0.732369,7.3098e-19,2.24902,-0.74331,0.0311905,2.27476,-0.765164,0,2.34652,-0.83123,0.0673736
36.91,-0.894258,-2.72862,2.65596,-0.981827,-2.77592,2.6519,-0.934303,-2.8508,2,-0.888224,-2.93823,2.01025,2.18289,-0.715407,0,2.25458,-0.727463,0.0316805,2.28064,-0.747442,0,2.35227,-0.804965,0.0655359
36.92,-0.872733,-2.73558,2.65596,-0.963773,-2.78169,2.65216,-0.911814,-2.85808,2,-0.869388,-2.94459,2.01077,2.18846,-0.698187,0,2.25888,-0.71476,0.032058,2.28646,-0.729451,0,2.35674,-0.78396,0.064035
36.9306,-0.849438,-2.7429,2.65596,-0.945685,-2.78736,2.65241,-0.887475,-2.86573,2,-0.850517,-2.95077,2.01128,2.19432,-0.67955,0,2.26302,-0.702035,0.0324001,2.29258,-0.70998,0,2.36112,-0.762974,0.0624944
36.94,-0.828903,-2.74918,2.65596,-0.916224,-2.79635,2.65284,-0.866021,-2.87228,2,-0.819777,-2.96047,2.01207,2.19934,-0.663123,0,2.2695,-0.681287,0.0328069,2.29783,-0.692817,0,2.36802,-0.728948,0.0598434
36.95,-0.807223,-2.75562,2.65596,-0.893504,-2.80308,2.65317,-0.84337,-2.87901,2,-0.79607,-2.96763,2.01266,2.2045,-0.645779,0,2.27449,-0.665173,0.0327688,2.30321,-0.674696,0,2.37326,-0.702801,0.0574615
36.9607,-0.78335,-2.7625,2.65596,-0.870735,-2.80965,2.65349,-0.818428,-2.8862,2,-0.772312,-2.97453,2.01322,2.21,-0.62668,0,2.2792,-0.64878,0.0326699,2.30896,-0.654742,0,2.37829,-0.676491,0.0550379
36.9705,-0.76135,-2.76865,2.65596,-0.85477,-2.81415,2.65372,-0.795443,-2.89262,2,-0.755652,-2.9792,2.0136,2.21492,-0.60908,0,2.28235,-0.637201,0.0326314,2.3141,-0.636354,0,2.38172,-0.658042,0.0533921
36.98,-0.740712,-2.77424,2.65596,-0.831924,-2.82044,2.65405,-0.773881,-2.89847,2,-0.724649,-2.98753,2.01428,2.21939,-0.59257,7.3098e-19,2.28667,-0.620561,0.0325782,2.31877,-0.619105,0,2.3879,-0.623839,0.0503632
36.99,-0.718143,-2.78017,2.65596,-0.802162,-2.82837,2.65447,-0.750301,-2.90466,2,-0.707923,-2.99183,2.01462,2.22413,-0.574515,-7.3098e-19,2.29213,-0.598708,0.0324076,2.32373,-0.600241,0,2.3911,-0.605447,0.0487123
37,-0.695835,-2.78583,2.65596,-0.786107,-2.83252,2.6547,-0.726994,-2.91058,2,-0.683989,-2.99775,2.0151,2.22867,-0.556668,7.3098e-19,2.29503,-0.586859,0.0323061,2.32846,-0.581595,0,2.3956,-0.579226,0.0463913
37.0103,-0.673196,-2.79139,2.65596,-0.770032,-2.83658,2.65492,-0.703341,-2.91639,2,-0.667209,-3.00175,2.01542,2.23311,-0.538557,0,2.29788,-0.575013,0.0321125,2.33311,-0.562673,0,2.39871,-0.560984,0.0447015
37.0201,-0.651145,-2.79662,2.65596,-0.747033,-2.84225,2.65524,-0.680302,-2.92185,2,-0.6432,-3.00723,2.01585,2.23729,-0.520916,7.3098e-19,2.30185,-0.557996,0.0318068,2.33748,-0.544242,0,2.40308,-0.53501,0.0423139
37.0302,-0.628533,-2.80178,2.65596,-0.723994,-2.84774,2.65556,-0.656678,-2.92725,2,-0.619148,-3.01245,2.01626,2.24143,-0.502826,0,2.30585,-0.540832,0.0314801,2.3418,-0.525342,0,2.40736,-0.509139,0.039963
37.0401,-0.606165,-2.80671,2.65596,-0.700916,-2.85306,2.65587,-0.633309,-2.93239,2,-0.595054,-3.01741,2.01665,2.24537,-0.484932,0,2.30984,-0.523443,0.0312313,2.34591,-0.506647,0,2.4115,-0.483295,0.0377465
37.0501,-0.583855,-2.81143,2.65596,-0.677798,-2.85821,2.65618,-0.61,-2.93733,2,-0.570919,-3.02211,2.01702,2.24915,-0.467084,7.3098e-19,2.31373,-0.505858,0.0310396,2.34986,-0.488,0,2.41548,-0.457505,0.0356553
37.0602,-0.560813,-2.81612,2.65596,-0.654642,-2.86318,2.65649,-0.585926,-2.94223,2,-0.546744,-3.02656,2.01737,2.2529,-0.448651,7.3098e-19,2.31752,-0.48804,0.0308836,2.35378,-0.468741,0,2.41931,-0.431743,0.0336765
37.0701,-0.538648,-2.82044,2.65596,-0.631448,-2.86797,2.6568,-0.562768,-2.94674,2,-0.522533,-3.03075,2.01769,2.25636,-0.430918,0,2.32115,-0.470053,0.0307588,2.35739,-0.450214,0,2.42293,-0.406084,0.031812
37.0801,-0.516204,-2.82464,2.65596,-0.608219,-2.87258,2.65711,-0.53932,-2.95112,2,-0.498286,-3.03468,2.018,2.25971,-0.412963,0,2.32471,-0.451924,0.0306732,2.3609,-0.431456,0,2.42645,-0.380563,0.0300741
37.0901,-0.493288,-2.82873,2.65596,-0.584955,-2.87701,2.65741,-0.515377,-2.9554,2,-0.474005,-3.03836,2.01829,2.26298,-0.39463,0,2.32817,-0.433528,0.0305693,2.36432,-0.412302,0,2.42984,-0.355061,0.0284099
37.1005,-0.469465,-2.83278,2.65596,-0.561656,-2.88125,2.65772,-0.490487,-2.95963,2,-0.44969,-3.04178,2.01857,2.26623,-0.375572,3.6549e-19,2.33143,-0.414976,0.0304454,2.36771,-0.39239,0,2.43302,-0.329698,0.026823
37.1102,-0.44732,-2.83636,2.65596,-0.538326,-2.88531,2.65802,-0.46735,-2.96337,2,-0.425344,-3.04495,2.01883,2.26909,-0.357856,0,2.33458,-0.396333,0.0303165,2.3707,-0.37388,0,2.43608,-0.304538,0.0253306
37.12,-0.425975,-2.83965,2.65596,-0.514966,-2.88918,2.65833,-0.44505,-2.9668,2,-0.40097,-3.04787,2.01908,2.27172,-0.34078,3.6549e-19,2.33741,-0.377563,0.0301396,2.37344,-0.35604,0,2.43881,-0.279554,0.0238904
37.1301,-0.401516,-2.84321,2.65596,-0.491578,-2.89286,2.65863,-0.419496,-2.97053,2,-0.376569,-3.05054,2.01931,2.27457,-0.321213,0,2.34009,-0.358539,0.0299109,2.37642,-0.335597,0,2.44138,-0.254621,0.0225011
37.1401,-0.380225,-2.84613,2.65596,-0.468165,-2.89635,2.65892,-0.397251,-2.97358,2,-0.352143,-3.05297,2.01953,2.27691,-0.30418,-3.6549e-19,2.34267,-0.339354,0.0296596,2.37887,-0.317801,0,2.44387,-0.229833,0.0211958
37.1501,-0.35472,-2.84943,2.65596,-0.444726,-2.89964,2.65922,-0.370604,-2.97702,2,-0.327692,-3.05514,2.01973,2.27954,-0.283776,0,2.3451,-0.320046,0.0293666,2.38162,-0.296483,0,2.44622,-0.205231,0.0199546
37.16,-0.334756,-2.85184,2.65596,-0.421263,-2.90275,2.65951,-0.349746,-2.97954,2,-0.303219,-3.05707,2.01993,2.28147,-0.267805,3.6549e-19,2.3473,-0.300712,0.0290301,2.38363,-0.279797,0,2.44835,-0.180906,0.0187734
37.1701,-0.311716,-2.85445,2.65596,-0.39778,-2.90566,2.6598,-0.325674,-2.98227,2,-0.278725,-3.05876,2.02011,2.28356,-0.249373,-3.6549e-19,2.34933,-0.281359,0.0286342,2.38582,-0.260539,0,2.45033,-0.156866,0.0176357
37.1801,-0.288738,-2.85687,2.65596,-0.374277,-2.90838,2.66008,-0.301667,-2.98479,2,-0.254213,-3.06021,2.02028,2.28549,-0.23099,0,2.35123,-0.261981,0.0281921,2.38784,-0.241334,0,2.4522,-0.133107,0.0165553
37.1901,-0.264901,-2.85917,2.65596,-0.350756,-2.9109,2.66036,-0.276763,-2.98721,2,-0.229682,-3.06142,2.02044,2.28734,-0.211921,0,2.35292,-0.242549,0.0276893,2.38977,-0.221411,0,2.4539,-0.109592,0.01552
37.2003,-0.242327,-2.86118,2.65596,-0.327219,-2.91323,2.66064,-0.253178,-2.9893,2,-0.205135,-3.0624,2.02059,2.28894,-0.193862,1.82745e-19,2.35448,-0.22315,0.0271505,2.39144,-0.202543,0,2.45552,-0.0864114,0.0145534
37.2102,-0.219715,-2.863,2.65596,-0.303667,-2.91536,2.66091,-0.229554,-2.9912,2,-0.180572,-3.06315,2.02073,2.2904,-0.175772,0,2.35601,-0.203716,0.0266037,2.39296,-0.183643,0,2.45715,-0.0635032,0.013681
37.2201,-0.196916,-2.86466,2.65596,-0.280099,-2.9173,2.66117,-0.205733,-2.99294,2,-0.155992,-3.06367,2.02086,2.29173,-0.157532,1.82745e-19,2.35741,-0.184259,0.0260525,2.39435,-0.164587,0,2.45869,-0.040878,0.0129049
37.2317,-0.170435,-2.86636,2.65596,-0.249444,-2.91953,2.6615,-0.178067,-2.99471,2,-0.124018,-3.06402,2.02103,2.29309,-0.136348,-1.82745e-19,2.35882,-0.159121,0.02534,2.39577,-0.142454,0,2.46035,-0.0120701,0.0120508
37.2401,-0.151792,-2.8674,2.65596,-0.240008,-2.92015,2.6616,-0.158589,-2.99581,2,-0.104332,-3.06404,2.02112,2.29392,-0.121434,0,2.35919,-0.151405,0.0251079,2.39664,-0.126871,0,2.46128,0.00536433,0.0115761
37.25,-0.128626,-2.86854,2.65596,-0.206971,-2.92208,2.66195,-0.134386,-2.99699,2,-0.079713,-3.06388,2.02123,2.29483,-0.102901,0,2.36031,-0.124459,0.0241208,2.39759,-0.107508,0,2.46244,0.0268581,0.0109156
37.26,-0.105645,-2.86948,2.65596,-0.183364,-2.92323,2.66219,-0.110376,-2.99797,2,-0.0550825,-3.06351,2.02134,2.29558,-0.0845159,0,2.36114,-0.105299,0.0230491,2.39838,-0.0883005,0,2.46366,0.0479498,0.0100265
37.2701,-0.0827321,-2.87023,2.65596,-0.159749,-2.92419,2.66241,-0.0864368,-2.99875,2,-0.0304404,-3.06292,2.02143,2.29618,-0.0661857,9.13725e-20,2.36169,-0.0861274,0.0220348,2.399,-0.0691494,0,2.4647,0.0687606,0.00929068
37.2801,-0.0595677,-2.8708,2.65596,-0.136131,-2.92496,2.66263,-0.0622351,-2.99935,2,-0.00578913,-3.06213,2.02152,2.29664,-0.0476542,0,2.3619,-0.0669833,0.0211394,2.39948,-0.0497881,0,2.46553,0.0892734,0.00877267
37.2901,-0.0365911,-2.87119,2.65596,-0.112512,-2.92553,2.66283,-0.0382296,-2.99976,2,0.0188692,-3.06114,2.02161,2.29695,-0.0292729,-4.56862e-20,2.36176,-0.0478034,0.0203009,2.39981,-0.0305837,0,2.46612,0.109537,0.00840681
37.3,-0.0138769,-2.87139,2.65596,-0.0936194,-2.92585,2.66299,-0.0144983,-2.99996,2,0.0385995,-3.0602,2.02168,2.29711,-0.0111016,-1.14216e-20,2.36145,-0.0324307,0.0196561,2.39997,-0.0115987,0,2.46646,0.125564,0.00820598
37.3101,0.00898285,-2.87141,2.65596,-0.0652868,-2.9261,2.66322,0.0093851,-2.99999,2,0.0681984,-3.05855,2.02177,2.29712,0.00718628,0,2.36057,-0.00928256,0.0186406,2.39999,0.00750808,0,2.46664,0.149335,0.00796097
37.32,0.0319773,-2.87124,2.65596,-0.0416861,-2.9261,2.66341,0.0334092,-2.99981,2,0.0928644,-3.05696,2.02185,2.29699,0.0255818,0,2.35951,0.0101007,0.0177178,2.39985,0.0267274,0,2.46651,0.168893,0.00776762
37.33,0.0550697,-2.87089,2.65596,-0.0180978,-2.9259,2.66358,0.0575357,-2.99945,2,0.117528,-3.05517,2.02193,2.29671,0.0440558,4.56862e-20,2.35807,0.0294659,0.016804,2.39956,0.0460286,0,2.46606,0.188146,0.00766087
37.34,0.0776382,-2.87037,2.65596,0.00547432,-2.92551,2.66374,0.0811148,-2.9989,2,0.142185,-3.0532,2.02201,2.2963,0.0621106,-9.13725e-20,2.35635,0.0489073,0.0159342,2.39912,0.0648918,0,2.46542,0.2072,0.00767341
37.3501,0.101134,-2.86964,2.65596,0.0290283,-2.92492,2.6639,0.105663,-2.99814,2,0.166835,-3.05103,2.02208,2.29571,0.0809071,-9.13725e-20,2.35442,0.068338,0.0151015,2.39851,0.0845301,0,2.46462,0.225958,0.00779205
37.3601,0.123712,-2.86875,2.65596,0.0525622,-2.92414,2.66404,0.129252,-2.99721,2,0.191477,-3.04868,2.02216,2.295,0.0989695,-1.82745e-19,2.35231,0.0877256,0.014313,2.39777,0.103401,0,2.46368,0.244388,0.00801828
37.3701,0.148601,-2.86757,2.65596,0.0760734,-2.92317,2.66418,0.155255,-2.99598,2,0.216108,-3.04614,2.02224,2.29406,0.118881,0,2.34989,0.107133,0.0135219,2.39678,0.124204,0,2.46245,0.26256,0.00830126
37.38,0.169439,-2.86642,2.65596,0.0995586,-2.922,2.66431,0.177026,-2.99477,2,0.240725,-3.04343,2.02233,2.29313,0.135551,0,2.3471,0.12652,0.0127021,2.39582,0.141621,0,2.46089,0.280435,0.00861074
37.3901,0.192535,-2.86496,2.65596,0.123015,-2.92064,2.66444,0.201156,-2.99325,2,0.265325,-3.04054,2.02242,2.29197,0.154028,0,2.34417,0.145944,0.0118518,2.3946,0.160925,0,2.45919,0.298062,0.00893852
37.4,0.215242,-2.86334,2.65596,0.146442,-2.91908,2.66455,0.22488,-2.99156,2,0.289908,-3.03747,2.02251,2.29067,0.172193,-1.82745e-19,2.34106,0.165448,0.0109682,2.39325,0.179904,0,2.45731,0.315493,0.00927797
37.41,0.238292,-2.86151,2.65596,0.169835,-2.91733,2.66466,0.248962,-2.98965,2,0.31447,-3.03423,2.0226,2.28921,0.190634,0,2.33768,0.184966,0.0100857,2.39172,0.19917,0,2.45517,0.33267,0.0096597
37.4202,0.261807,-2.85946,2.65596,0.193195,-2.91538,2.66475,0.273531,-2.9875,2,0.339011,-3.03082,2.0227,2.28757,0.209446,0,2.3342,0.204335,0.00924196,2.39,0.218825,0,2.45291,0.349435,0.0101152
37.43,0.284115,-2.85733,2.65596,0.216519,-2.91324,2.66484,0.296837,-2.98528,2,0.363528,-3.02724,2.0228,2.28586,0.227292,0,2.33061,0.223495,0.00776431,2.38822,0.23747,0,2.45051,0.365754,0.00996003
37.44,0.30694,-2.85497,2.65596,0.239807,-2.91091,2.66491,0.320685,-2.98281,2,0.388021,-3.0235,2.0229,2.28397,0.245552,0,2.32693,0.242566,0.00578955,2.38625,0.256548,0,2.44799,0.381742,0.00932853
37.45,0.329585,-2.85244,2.65596,0.263058,-2.90839,2.66495,0.344344,-2.98017,2,0.412488,-3.01961,2.02299,2.28195,0.263668,0,2.32333,0.261567,0.00335522,2.38414,0.275475,0,2.44549,0.397425,0.00825482
37.46,0.3525,-2.8497,2.65596,0.286273,-2.90568,2.66497,0.368284,-2.97731,2,0.43693,-3.01555,2.02306,2.27976,0.282,0,2.31968,0.280493,0.000273838,2.38185,0.294628,0,2.4429,0.412813,0.006545
37.4701,0.375939,-2.8467,2.65596,0.309451,-2.90278,2.66496,0.392773,-2.97418,2,0.461346,-3.01135,2.02312,2.27736,0.300751,-3.6549e-19,2.31591,0.299305,-0.00329431,2.37934,0.314219,0,2.44013,0.427872,0.00435532
37.48,0.398235,-2.84367,2.65596,0.332592,-2.89969,2.66491,0.416068,-2.97101,2,0.485733,-3.007,2.02315,2.27494,0.318588,-3.6549e-19,2.31218,0.318035,-0.00704363,2.37681,0.332854,0,2.43734,0.442637,0.0019892
37.4901,0.421061,-2.84038,2.65596,0.355695,-2.89642,2.66482,0.439916,-2.96757,2,0.510092,-3.0025,2.02316,2.2723,0.336849,0,2.30841,0.336776,-0.010902,2.37406,0.351933,0,2.43443,0.457198,-0.000485832
37.5,0.44379,-2.83692,2.65596,0.378759,-2.89296,2.66469,0.463662,-2.96395,2,0.534421,-2.99785,2.02314,2.26953,0.355032,0,2.30453,0.355515,-0.0147269,2.37116,0.37093,0,2.43133,0.471547,-0.00293144
37.5101,0.466324,-2.8333,2.65596,0.401785,-2.88931,2.66452,0.487206,-2.96017,2,0.558718,-2.99307,2.0231,2.26664,0.373059,-3.6549e-19,2.30067,0.37414,-0.018886,2.36814,0.389765,0,2.42817,0.485602,-0.00572323
37.52,0.489251,-2.82943,2.65596,0.424772,-2.88547,2.66431,0.51116,-2.95613,2,0.582984,-2.98814,2.02302,2.26355,0.391401,0,2.29675,0.392732,-0.0232136,2.36491,0.408928,0,2.42484,0.499447,-0.00869694
37.5301,0.511869,-2.82543,2.65596,0.44772,-2.88145,2.66406,0.53479,-2.95195,2,0.607214,-2.98308,2.02292,2.26034,0.409495,-7.3098e-19,2.29267,0.411298,-0.0274763,2.36156,0.427832,0,2.42125,0.513085,-0.0116216
37.54,0.534426,-2.82125,2.65596,0.470625,-2.87725,2.66376,0.558357,-2.94758,2,0.631408,-2.97788,2.02279,2.257,0.427541,-7.3098e-19,2.28848,0.429896,-0.0316251,2.35807,0.446686,0,2.41744,0.526578,-0.014455
37.55,0.556692,-2.81694,2.65596,0.493489,-2.87286,2.66343,0.581621,-2.94308,2,0.655562,-2.97255,2.02264,2.25355,0.445354,0,2.28415,0.448572,-0.0354238,2.35446,0.465297,0,2.41336,0.539973,-0.0169627
37.5601,0.579739,-2.81229,2.65596,0.516308,-2.86828,2.66305,0.605699,-2.93822,2,0.679674,-2.96708,2.02245,2.24983,0.463791,0,2.27964,0.467308,-0.0388713,2.35057,0.48456,0,2.40898,0.553263,-0.0191446
37.57,0.601818,-2.80764,2.65596,0.539081,-2.86351,2.66265,0.628767,-2.93337,2,0.703741,-2.96148,2.02226,2.24612,0.481455,-7.3098e-19,2.275,0.486122,-0.0416501,2.34669,0.503014,0,2.40435,0.566464,-0.0206825
37.58,0.624396,-2.80271,2.65596,0.561807,-2.85855,2.66222,0.652356,-2.92821,2,0.72776,-2.95575,2.02204,2.24217,0.499516,7.3098e-19,2.27028,0.504978,-0.0441243,2.34257,0.521885,0,2.3995,0.579567,-0.0219503
37.5901,0.646805,-2.79762,2.65596,0.584486,-2.85341,2.66177,0.675768,-2.9229,2,0.75173,-2.94989,2.02182,2.2381,0.517444,0,2.26534,0.523973,-0.0460521,2.33832,0.540614,0,2.39432,0.59267,-0.0227036
37.6,0.66898,-2.7924,2.65596,0.607113,-2.84808,2.6613,0.698936,-2.91745,2,0.775645,-2.9439,2.02159,2.23392,0.535184,0,2.26021,0.542981,-0.0473774,2.33396,0.559149,0,2.3888,0.605661,-0.0228882
37.61,0.691235,-2.78698,2.65596,0.629689,-2.84255,2.66083,0.722188,-2.91178,2,0.799505,-2.93778,2.02136,2.22958,0.552988,-7.3098e-19,2.25498,0.562,-0.0482876,2.32942,0.57775,0,2.38306,0.618564,-0.022698
37.62,0.714028,-2.78123,2.65596,0.652213,-2.83684,2.66034,0.746002,-2.90577,2,0.823306,-2.93153,2.02114,2.22498,0.571222,0,2.24969,0.580999,-0.0487519,2.32461,0.596801,0,2.37713,0.631366,-0.0221038
37.6301,0.736246,-2.77543,2.65596,0.670193,-2.83213,2.65995,0.769214,-2.89971,2,0.847047,-2.92515,2.02092,2.22034,0.588996,0,2.24539,0.596228,-0.048804,2.31977,0.615371,0,2.37097,0.644132,-0.0211049
37.64,0.757887,-2.7696,2.65596,0.69262,-2.82607,2.65946,0.791825,-2.89362,2,0.865995,-2.91996,2.02076,2.21568,0.60631,0,2.24006,0.615274,-0.048422,2.31489,0.63346,0,2.366,0.654296,-0.0199725
37.65,0.779921,-2.76347,2.65596,0.719462,-2.81855,2.65889,0.814845,-2.88722,2,0.89434,-2.91202,2.02053,2.21078,0.623937,0,2.23357,0.63802,-0.0476362,2.30977,0.651876,0,2.35823,0.669348,-0.0180708
37.66,0.803382,-2.75674,2.65596,0.741771,-2.81207,2.65841,0.839357,-2.88019,2,0.91789,-2.90526,2.02035,2.20539,0.642706,-7.3098e-19,2.22827,0.656803,-0.0472331,2.30415,0.671486,0,2.35171,0.681692,-0.0167946
37.6701,0.824456,-2.75051,2.65596,0.764026,-2.80541,2.65794,0.861375,-2.87368,2,0.941373,-2.89838,2.02019,2.20041,0.659565,0,2.22273,0.675629,-0.0465724,2.29894,0.6891,0,2.34483,0.694075,-0.0153057
37.68,0.846862,-2.7437,2.65596,0.786226,-2.79856,2.65748,0.884784,-2.86656,2,0.964786,-2.89138,2.02005,2.19496,0.67749,7.3098e-19,2.21715,0.694444,-0.0456753,2.29325,0.707828,0,2.33784,0.706464,-0.0136175
37.6901,0.868498,-2.73693,2.65596,0.808369,-2.79152,2.65703,0.907389,-2.85948,2,0.988129,-2.88425,2.01992,2.18954,0.694798,0,2.21147,0.713219,-0.0445025,2.28759,0.725911,0,2.33066,0.718829,-0.0116884
37.7,0.889973,-2.73002,2.65596,0.830455,-2.7843,2.65659,0.929826,-2.85227,2,1.0114,-2.877,2.01982,2.18401,0.711979,7.3098e-19,2.20573,0.731916,-0.0431178,2.28181,0.743861,0,2.32334,0.731155,-0.00958494
37.7101,0.911743,-2.72282,2.65596,0.852483,-2.77689,2.65617,0.952571,-2.84475,2,1.0346,-2.86963,2.01973,2.17826,0.729395,0,2.1998,0.750518,-0.0416293,2.2758,0.762056,0,2.31578,0.74345,-0.00741183
37.7199,0.933563,-2.71542,2.65596,0.874451,-2.76929,2.65576,0.975367,-2.83702,2,1.05771,-2.86213,2.01967,2.17234,0.74685,7.3098e-19,2.19376,0.769018,-0.0399828,2.26961,0.780294,0,2.30806,0.755716,-0.00511047
37.7301,0.955259,-2.70786,2.65596,0.896357,-2.76151,2.65537,0.998035,-2.82912,2,1.08076,-2.85452,2.01963,2.16629,0.764207,0,2.18757,0.78745,-0.0382121,2.2633,0.798428,0,2.30015,0.768002,-0.00271351
37.74,0.977052,-2.70008,2.65596,0.918202,-2.75354,2.655,1.0208,-2.82099,2,1.10372,-2.84677,2.01961,2.16006,0.781641,0,2.18133,0.805726,-0.036365,2.25679,0.816643,0,2.29215,0.780228,-0.000267808
37.75,0.998193,-2.69233,2.65596,0.935632,-2.74704,2.65471,1.04289,-2.81289,2,1.12203,-2.84049,2.01962,2.15387,0.798555,-7.3098e-19,2.17623,0.820236,-0.0348526,2.25032,0.834313,0,2.28561,0.789974,0.0017054
37.76,1.01959,-2.6843,2.65596,0.9617,-2.73706,2.65431,1.06525,-2.8045,2,1.1494,-2.83093,2.01966,2.14744,0.815674,7.3098e-19,2.16841,0.841983,-0.0325567,2.2436,0.8522,0,2.27563,0.804711,0.00466566
37.7701,1.04129,-2.67596,2.65596,0.983352,-2.72855,2.65399,1.08792,-2.79579,2,1.17211,-2.82282,2.01972,2.14077,0.833034,7.3098e-19,2.16192,0.860014,-0.0310048,2.23663,0.870337,0,2.2673,0.81702,0.00674648
37.7801,1.06298,-2.66742,2.65596,1.00494,-2.71986,2.65369,1.11058,-2.78687,2,1.19474,-2.81458,2.01979,2.13394,0.85038,0,2.15525,0.877946,-0.0294646,2.22949,0.88846,0,2.2588,0.829367,0.00880088
37.79,1.08538,-2.65838,2.65596,1.02646,-2.71099,2.6534,1.13398,-2.77743,2,1.21729,-2.80623,2.01989,2.12671,0.8683,1.46196e-18,2.14836,0.89586,-0.0278187,2.22194,0.907183,0,2.25011,0.841864,0.0109479
37.8002,1.10556,-2.65005,2.65596,1.0479,-2.70195,2.65313,1.15507,-2.76872,2,1.23974,-2.79775,2.02001,2.12004,0.884449,0,2.14117,0.913704,-0.0260794,2.21498,0.924054,0,2.24112,0.854447,0.0131741
37.8109,1.1288,-2.64024,2.65596,1.06928,-2.69272,2.65288,1.17935,-2.75847,2,1.26211,-2.78914,2.02016,2.11219,0.903039,0,2.13389,0.931381,-0.0243672,2.20677,0.943477,0,2.23207,0.867022,0.0153596
37.8202,1.14793,-2.63198,2.65596,1.09058,-2.68332,2.65264,1.19933,-2.74984,2,1.28438,-2.78041,2.02032,2.10558,0.918341,-1.46196e-18,2.12658,0.948911,-0.0225625,2.19987,0.959464,0,2.22299,0.879627,0.0176256
37.8302,1.16885,-2.62276,2.65596,1.11181,-2.67374,2.65243,1.22119,-2.7402,2,1.30657,-2.77155,2.02051,2.09821,0.935076,0,2.11913,0.96631,-0.020975,2.19216,0.976948,0,2.21381,0.89229,0.0196623
37.84,1.19136,-2.61261,2.65596,1.13296,-2.66399,2.65223,1.24471,-2.7296,2,1.32866,-2.76256,2.02071,2.09009,0.953086,0,2.11146,0.983603,-0.0194175,2.18368,0.995764,0,2.20446,0.905046,0.0216645
37.8501,1.2107,-2.6037,2.65596,1.15404,-2.65407,2.65204,1.26491,-2.72029,2,1.35066,-2.75345,2.02094,2.08296,0.968559,0,2.1037,1.00068,-0.017787,2.17623,1.01193,0,2.19508,0.917798,0.0237357
37.8601,1.23141,-2.59397,2.65596,1.17504,-2.64398,2.65187,1.28655,-2.71013,2,1.37256,-2.7442,2.02119,2.07518,0.985129,0,2.09588,1.01749,-0.0162489,2.1681,1.02924,0,2.1857,0.930485,0.0257077
37.87,1.25199,-2.5841,2.65596,1.19178,-2.63579,2.65174,1.30806,-2.69981,2,1.39002,-2.73672,2.0214,2.06728,1.00159,0,2.08953,1.03084,-0.0150343,2.15985,1.04645,0,2.17814,0.940693,0.0272675
37.8801,1.27291,-2.57386,2.65596,1.2168,-2.6233,2.65157,1.32991,-2.68912,2,1.41609,-2.72534,2.02174,2.05909,1.01833,0,2.0797,1.05064,-0.0133148,2.15129,1.06393,0,2.1666,0.956045,0.0295064
37.89,1.29308,-2.56379,2.65596,1.23341,-2.61484,2.65147,1.35098,-2.67859,2,1.43339,-2.71765,2.02198,2.05103,1.03446,0,2.07309,1.06367,-0.0125261,2.14287,1.08079,0,2.1589,0.96627,0.0306425
37.9001,1.31361,-2.55332,2.65596,1.24996,-2.60628,2.65137,1.37244,-2.66766,2,1.45063,-2.70988,2.02223,2.04266,1.05089,1.46196e-18,2.0664,1.07663,-0.0118122,2.13413,1.09795,0,2.15118,0.976555,0.0317085
37.9101,1.33414,-2.54266,2.65596,1.27059,-2.59543,2.65126,1.39388,-2.65652,2,1.47209,-2.70005,2.02256,2.03413,1.06731,-1.46196e-18,2.05788,1.09272,-0.0109148,2.12522,1.11511,0,2.14146,0.989491,0.0330502
37.9201,1.35434,-2.53196,2.65596,1.29112,-2.58442,2.65116,1.41499,-2.64534,2,1.49346,-2.69009,2.02289,2.02556,1.08348,1.46196e-18,2.0492,1.10879,-0.00996811,2.11627,1.13199,0,2.1316,1.00253,0.0344391
37.9301,1.37471,-2.52096,2.65596,1.31157,-2.57326,2.65106,1.43626,-2.63385,2,1.51472,-2.68,2.02324,2.01677,1.09976,0,2.04024,1.1249,-0.00895981,2.10708,1.14901,0,2.12147,1.01574,0.0358849
37.9401,1.39503,-2.50977,2.65596,1.33193,-2.56193,2.65098,1.4575,-2.62215,2,1.53589,-2.66977,2.02361,2.00781,1.11603,1.46196e-18,2.03107,1.14108,-0.00788924,2.09772,1.166,0,2.11118,1.02918,0.0373894
37.9503,1.41653,-2.4977,2.65596,1.35219,-2.55043,2.6509,1.47996,-2.60955,2,1.55694,-2.65941,2.02399,1.99816,1.13322,0,2.02172,1.15719,-0.00675232,2.08764,1.18397,0,2.10075,1.04273,0.0389561
37.96,1.43515,-2.48705,2.65596,1.37839,-2.53526,2.65083,1.49941,-2.59841,2,1.5779,-2.64892,2.02439,1.98964,1.14812,0,2.00934,1.17807,-0.00518517,2.07873,1.19953,0,2.09023,1.05641,0.0405806
37.9701,1.45469,-2.47566,2.65596,1.39243,-2.52697,2.65079,1.51983,-2.58652,2,1.59875,-2.63828,2.0248,1.98053,1.16376,-1.46196e-18,2.00263,1.18929,-0.00447385,2.06922,1.21587,0,2.07963,1.07027,0.0420714
37.9802,1.47501,-2.46362,2.65596,1.41241,-2.515,2.65075,1.54106,-2.57394,2,1.61949,-2.62751,2.02523,1.97089,1.18,-1.46196e-18,1.99303,1.20507,-0.00388827,2.05915,1.23284,0,2.06914,1.0841,0.0430645
37.9903,1.49519,-2.45142,2.65596,1.43229,-2.50287,2.65071,1.56214,-2.56119,2,1.64013,-2.6166,2.02566,1.96114,1.19615,0,1.9832,1.2207,-0.00358142,2.04895,1.24971,0,2.05851,1.09803,0.0437789
38.0001,1.51354,-2.44014,2.65596,1.45208,-2.49058,2.65068,1.58131,-2.5494,2,1.66066,-2.60555,2.02611,1.95211,1.21083,0,1.9732,1.23628,-0.00305297,2.03952,1.26505,0,2.04776,1.1121,0.0447077
38.0102,1.53333,-2.42775,2.65596,1.47176,-2.47814,2.65065,1.60199,-2.53646,2,1.68109,-2.59436,2.02656,1.9422,1.22666,1.46196e-18,1.96304,1.25175,-0.00241032,2.02917,1.28159,0,2.03691,1.12626,0.0457343
38.02,1.55294,-2.41525,2.65596,1.49134,-2.46555,2.65063,1.62248,-2.5234,2,1.7014,-2.58303,2.02702,1.9322,1.24235,1.46196e-18,1.95274,1.26711,-0.00166912,2.01872,1.29798,0,2.02598,1.14055,0.0468435
38.0301,1.57148,-2.40322,2.65596,1.51663,-2.44895,2.65062,1.64185,-2.51084,2,1.72764,-2.56808,2.02764,1.92258,1.25719,0,1.93901,1.28693,-0.000579214,2.00867,1.31348,0,2.01155,1.15935,0.0483891
38.04,1.59074,-2.39052,2.65596,1.53018,-2.4399,2.65062,1.66197,-2.49757,2,1.7417,-2.55993,2.02798,1.91242,1.27259,-1.46196e-18,1.93162,1.2975,-0.000152058,1.99805,1.32958,0,2.00383,1.16953,0.0490498
38.0501,1.61029,-2.3774,2.65596,1.54944,-2.42685,2.65062,1.6824,-2.48386,2,1.76168,-2.54816,2.02848,1.90192,1.28823,0,1.9211,1.31245,0.000139483,1.98708,1.34592,0,1.99297,1.18421,0.0496604
38.06,1.62996,-2.36396,2.65596,1.5686,-2.41365,2.65062,1.70295,-2.46981,2,1.78156,-2.53624,2.02898,1.89116,1.30397,-1.46196e-18,1.9104,1.32727,0.000346087,1.97585,1.36236,0,1.98202,1.19901,0.0501737
38.0702,1.64796,-2.35144,2.65596,1.58765,-2.40031,2.65062,1.72175,-2.45674,2,1.80132,-2.52418,2.02948,1.88116,1.31836,1.46196e-18,1.89943,1.34208,0.000758257,1.96539,1.3774,0,1.97087,1.21402,0.0508728
38.0801,1.66648,-2.33835,2.65596,1.60659,-2.38681,2.65063,1.74111,-2.44306,2,1.82097,-2.51196,2.02999,1.87068,1.33319,1.46196e-18,1.88835,1.35691,0.00132487,1.95445,1.39289,0,1.95968,1.22928,0.0516982
38.0905,1.6883,-2.32264,2.65596,1.62542,-2.37317,2.65065,1.76391,-2.42665,2,1.84052,-2.49959,2.03051,1.85812,1.35064,-1.46196e-18,1.87719,1.37166,0.00202012,1.94132,1.41113,0,1.94847,1.24471,0.0526225
38.0999,1.70349,-2.31153,2.65596,1.64413,-2.35938,2.65067,1.77977,-2.41504,2,1.85994,-2.48707,2.03105,1.84922,1.36279,0,1.86581,1.38635,0.00268709,1.93203,1.42382,0,1.9371,1.26033,0.0534873
38.1102,1.72236,-2.29751,2.65596,1.66829,-2.34123,2.65071,1.79948,-2.40039,2,1.88503,-2.47055,2.03175,1.838,1.37789,0,1.85102,1.40527,0.0030696,1.92031,1.43959,0,1.92244,1.2808,0.0540842
38.1203,1.74183,-2.28278,2.65596,1.68122,-2.33136,2.65073,1.81983,-2.385,2,1.89846,-2.46154,2.03212,1.82622,1.39347,1.46196e-18,1.84311,1.41531,0.00310733,1.908,1.45587,0,1.91466,1.29184,0.0542171
38.1301,1.75995,-2.26884,2.65596,1.70509,-2.31284,2.65077,1.83876,-2.37044,2,1.92326,-2.44462,2.03283,1.81507,1.40796,1.46196e-18,1.8284,1.43365,0.00286075,1.89635,1.47101,0,1.90034,1.31248,0.0540982
38.1404,1.77883,-2.25407,2.65596,1.71786,-2.30277,2.65079,1.85849,-2.355,2,1.93653,-2.43539,2.03321,1.80325,1.42306,0,1.82041,1.44343,0.00254826,1.884,1.48679,0,1.89262,1.32369,0.0538298
38.1501,1.79605,-2.24037,2.65596,1.736,-2.28827,2.65082,1.87648,-2.34069,2,1.9554,-2.42207,2.03374,1.79229,1.43684,-1.46196e-18,1.80903,1.45733,0.001981,1.87255,1.50118,0,1.88171,1.33984,0.0532976
38.1601,1.81405,-2.22582,2.65596,1.75404,-2.27363,2.65083,1.89528,-2.32549,2,1.97417,-2.40859,2.03427,1.78066,1.45124,0,1.79753,1.47122,0.00141495,1.86039,1.51622,0,1.87076,1.35624,0.0527331
38.1701,1.83138,-2.21158,2.65596,1.77195,-2.25884,2.65085,1.91339,-2.31062,2,1.99282,-2.39495,2.0348,1.76927,1.4651,-1.46196e-18,1.78581,1.48508,0.00126484,1.84849,1.53071,0,1.85965,1.37279,0.052546
38.18,1.84847,-2.19732,2.65596,1.78975,-2.24392,2.65086,1.93125,-2.29571,2,2.01136,-2.38113,2.03533,1.75785,1.47878,0,1.77378,1.49896,0.00142669,1.83657,1.545,0,1.84827,1.38959,0.0526241
38.1903,1.86661,-2.18193,2.65596,1.80743,-2.22886,2.65088,1.95019,-2.27964,2,2.02978,-2.36715,2.03585,1.74555,1.49328,1.46196e-18,1.76147,1.5128,0.00182091,1.82371,1.56015,0,1.83666,1.40659,0.0528872
38.2,1.88299,-2.16781,2.65596,1.82498,-2.21367,2.6509,1.96731,-2.26489,2,2.04809,-2.353,2.03638,1.73425,1.50639,0,1.74905,1.5266,0.00244877,1.81191,1.57384,0,1.825,1.42379,0.0533384
38.21,1.90029,-2.15266,2.65596,1.84761,-2.19371,2.65093,1.98538,-2.24906,2,2.07172,-2.33435,2.03708,1.72213,1.52023,1.46196e-18,1.73262,1.54441,0.00347121,1.79924,1.58831,0,1.80965,1.44635,0.0540624
38.2201,1.91744,-2.1374,2.65596,1.85971,-2.18286,2.65096,2.0033,-2.23311,2,2.08436,-2.32418,2.03746,1.70992,1.53395,1.46196e-18,1.72385,1.55388,0.00390416,1.78649,1.60264,0,1.80151,1.45853,0.0543035
38.2301,1.93435,-2.12211,2.65596,1.88201,-2.16255,2.65101,2.02096,-2.21714,2,2.10768,-2.30507,2.03817,1.69769,1.54748,-1.46196e-18,1.70763,1.57115,0.00422173,1.77371,1.61677,0,1.78658,1.48121,0.0542066
38.2401,1.95418,-2.10386,2.65596,1.89394,-2.15152,2.65104,2.04169,-2.19807,2,2.12016,-2.29466,2.03855,1.68309,1.56335,0,1.69891,1.58031,0.00415708,1.75845,1.63335,0,1.77861,1.49344,0.0538945
38.2501,1.96818,-2.09077,2.65596,1.91086,-2.13565,2.65109,2.05631,-2.18439,2,2.13789,-2.27964,2.03908,1.67262,1.57454,0,1.68635,1.59317,0.00406121,1.74752,1.64505,0,1.76723,1.51092,0.0534126
38.26,1.98481,-2.07499,2.65596,1.92766,-2.11966,2.65112,2.07369,-2.16791,2,2.1555,-2.26444,2.03961,1.65999,1.58785,1.46196e-18,1.67377,1.60569,0.00368384,1.73433,1.65895,0,1.75589,1.52828,0.0526058
38.27,2.00129,-2.05909,2.65596,1.94434,-2.10354,2.65116,2.09091,-2.1513,2,2.173,-2.24907,2.04014,1.64728,1.60104,1.46196e-18,1.66088,1.61812,0.003486,1.72104,1.67273,0,1.7443,1.54574,0.0519422
38.2801,2.01779,-2.04293,2.65596,1.96088,-2.08729,2.6512,2.10815,-2.13441,2,2.19039,-2.23353,2.04065,1.63434,1.61424,-1.46196e-18,1.64767,1.63052,0.00368664,1.70753,1.68652,0,1.73246,1.56337,0.051642
38.29,2.03459,-2.0262,2.65596,1.97729,-2.07093,2.65123,2.1257,-2.11693,2,2.20765,-2.2178,2.04117,1.62096,1.62767,-1.46196e-18,1.63426,1.64276,0.00419262,1.69355,1.70056,0,1.72047,1.58102,0.0516125
38.3001,2.05026,-2.01035,2.65596,1.99356,-2.05444,2.65128,2.14207,-2.10037,2,2.2248,-2.20191,2.04169,1.60828,1.64021,0,1.62062,1.65496,0.00491393,1.68029,1.71365,0,1.70831,1.59879,0.0517655
38.3101,2.06623,-1.99393,2.65596,2.0097,-2.03783,2.65133,2.15875,-2.08322,2,2.24182,-2.18583,2.04221,1.59514,1.65298,0,1.60678,1.66707,0.00578764,1.66657,1.727,0,1.696,1.61662,0.0520431
38.3201,2.08228,-1.97716,2.65596,2.0257,-2.0211,2.6514,2.17553,-2.06569,2,2.25871,-2.16957,2.04273,1.58173,1.66583,-1.46196e-18,1.59275,1.6791,0.00676413,1.65255,1.74042,0,1.68355,1.63452,0.0524011
38.3301,2.09825,-1.96021,2.65596,2.04156,-2.00425,2.65147,2.1922,-2.04799,2,2.28049,-2.14817,2.04341,1.56817,1.6786,0,1.57854,1.6912,0.00776416,1.63839,1.75376,0,1.6672,1.65805,0.0528751
38.34,2.11345,-1.9438,2.65596,2.05727,-1.98727,2.65155,2.20809,-2.03084,2,2.29213,-2.13652,2.04378,1.55504,1.69076,0,1.56423,1.70318,0.00879231,1.62467,1.76647,0,1.65834,1.67071,0.0531343
38.3502,2.12916,-1.92658,2.65596,2.07284,-1.97018,2.65164,2.2245,-2.01286,2,2.30865,-2.11972,2.04432,1.54127,1.70333,0,1.54971,1.71508,0.00982384,1.61028,1.7796,0,1.64554,1.68884,0.0534947
38.3601,2.14464,-1.90933,2.65596,2.08826,-1.95297,2.65175,2.24068,-1.99483,2,2.32504,-2.10274,2.04485,1.52747,1.71572,1.46196e-18,1.53488,1.72688,0.010823,1.59587,1.79254,0,1.63247,1.70698,0.0538095
38.3701,2.1594,-1.89262,2.65596,2.10506,-1.93391,2.65187,2.2561,-1.97737,2,2.34292,-2.08386,2.04545,1.5141,1.72752,1.46196e-18,1.51828,1.73971,0.0119032,1.5819,1.80488,0,1.61785,1.7269,0.0541276
38.3802,2.17478,-1.87493,2.65596,2.12016,-1.91645,2.652,2.27217,-1.95889,2,2.35903,-2.0665,2.04599,1.49995,1.73983,0,1.50316,1.75126,0.01275,1.56711,1.81773,0,1.60456,1.74497,0.0542758
38.3901,2.18952,-1.8577,2.65596,2.13512,-1.89888,2.65213,2.28757,-1.94088,2,2.37501,-2.04896,2.04653,1.48616,1.75162,1.46196e-18,1.48802,1.7626,0.0135609,1.55271,1.83006,0,1.59127,1.76294,0.0543789
38.4002,2.20476,-1.83958,2.65596,2.14992,-1.8812,2.65227,2.30349,-1.92196,2,2.39086,-2.03124,2.04708,1.47167,1.76381,0,1.47281,1.77374,0.0143494,1.53757,1.84279,0,1.57793,1.78078,0.0544533
38.4101,2.21913,-1.82223,2.65596,2.16458,-1.86341,2.65242,2.3185,-1.90383,2,2.40657,-2.01334,2.04762,1.45778,1.7753,0,1.45754,1.78462,0.0151275,1.52306,1.8548,0,1.56455,1.79845,0.0545166
38.4201,2.23357,-1.8045,2.65596,2.17907,-1.84551,2.65257,2.33358,-1.88531,2,2.42215,-1.99527,2.04817,1.4436,1.78685,-1.46196e-18,1.44214,1.79524,0.0158621,1.50825,1.86687,0,1.55105,1.81591,0.0545417
38.4301,2.24782,-1.78672,2.65596,2.19342,-1.8275,2.65273,2.34847,-1.86673,2,2.43759,-1.97703,2.04871,1.42937,1.79825,0,1.42667,1.80576,0.0165582,1.49338,1.87878,0,1.53748,1.83329,0.0545383
38.4401,2.26213,-1.76856,2.65596,2.20761,-1.80939,2.6529,2.36343,-1.84776,2,2.4529,-1.95861,2.04926,1.41485,1.8097,1.46196e-18,1.4111,1.81615,0.0172177,1.47821,1.89074,0,1.52382,1.85058,0.054513
38.4501,2.27607,-1.75058,2.65596,2.21885,-1.79483,2.65304,2.378,-1.82897,2,2.46504,-1.94375,2.04969,1.40047,1.82086,0,1.39857,1.82438,0.0177235,1.46318,1.9024,0,1.51282,1.86432,0.0544844
38.4601,2.28999,-1.73234,2.65596,2.23275,-1.77654,2.65322,2.39253,-1.80991,2,2.47259,-1.9344,2.04996,1.38587,1.83199,0,1.3831,1.83454,0.0180514,1.44793,1.91403,0,1.506,1.87286,0.0543608
38.4702,2.30421,-1.71337,2.65596,2.24514,-1.75998,2.65338,2.4074,-1.7901,2,2.49354,-1.90802,2.05072,1.3707,1.84337,-1.46196e-18,1.36918,1.84367,0.0182696,1.43208,1.92592,0,1.487,1.89657,0.0538378
38.4801,2.31768,-1.69511,2.65596,2.25875,-1.7415,2.65357,2.42147,-1.77102,2,2.50539,-1.89279,2.05115,1.35609,1.85415,0,1.35374,1.8537,0.018444,1.41681,1.93717,0,1.47611,1.90994,0.0535221
38.4901,2.33094,-1.67683,2.65596,2.26953,-1.72664,2.65372,2.43532,-1.75191,2,2.52009,-1.87361,2.05168,1.34146,1.86476,0,1.34132,1.8617,0.0185757,1.40153,1.94826,0,1.46239,1.92651,0.0531418
38.5001,2.34491,-1.65724,2.65596,2.28552,-1.70422,2.65394,2.44991,-1.73145,2,2.53754,-1.85037,2.05232,1.32579,1.87593,1.46196e-18,1.32262,1.87366,0.0185748,1.38516,1.95993,0,1.44577,1.94617,0.0525481
38.51,2.35753,-1.63924,2.65596,2.29866,-1.68544,2.65412,2.46309,-1.71265,2,2.55192,-1.83083,2.05284,1.3114,1.88602,-1.46196e-18,1.30691,1.88366,0.0182845,1.37012,1.97048,0,1.43173,1.96238,0.0518247
38.5202,2.37079,-1.62001,2.65596,2.31165,-1.66655,2.6543,2.47695,-1.69255,2,2.56617,-1.81113,2.05336,1.29601,1.89663,0,1.2911,1.89367,0.0180402,1.35404,1.98156,0,1.41755,1.97846,0.0511933
38.5301,2.3834,-1.60139,2.65596,2.32449,-1.64756,2.65448,2.49012,-1.6731,2,2.58027,-1.79126,2.05387,1.28112,1.90672,-1.46196e-18,1.27516,1.90372,0.0178633,1.33848,1.9921,0,1.40316,1.99448,0.0506612
38.5401,2.39631,-1.58201,2.65596,2.33716,-1.62848,2.65466,2.50361,-1.65285,2,2.59423,-1.77124,2.05437,1.26561,1.91704,0,1.25913,1.91368,0.017766,1.32228,2.00289,0,1.38862,2.01029,0.0502436
38.5501,2.40882,-1.56289,2.65596,2.34967,-1.60929,2.65484,2.51668,-1.63288,2,2.60805,-1.75106,2.05487,1.25032,1.92706,-1.46196e-18,1.24305,1.92351,0.0176984,1.3063,2.01335,0,1.37395,2.02584,0.0498914
38.5604,2.42167,-1.54291,2.65596,2.36202,-1.59001,2.65502,2.53011,-1.612,2,2.62171,-1.73072,2.05537,1.23432,1.93734,0,1.22705,1.93311,0.0177002,1.2896,2.02409,0,1.35927,2.04102,0.0496428
38.5701,2.43361,-1.524,2.65596,2.36935,-1.57839,2.65512,2.54259,-1.59224,2,2.62984,-1.71845,2.05567,1.2192,1.94689,0,1.21735,1.9388,0.0177065,1.2738,2.03407,0,1.35034,2.04999,0.0495155
38.5801,2.44564,-1.50462,2.65596,2.38145,-1.55896,2.6553,2.55516,-1.57199,2,2.64327,-1.69787,2.05616,1.20369,1.95652,-1.46196e-18,1.20124,1.94827,0.0174871,1.2576,2.04413,0,1.33542,2.06479,0.0491063
38.5901,2.45749,-1.48519,2.65596,2.39338,-1.53943,2.65547,2.56754,-1.5517,2,2.65655,-1.67715,2.05665,1.18815,1.96599,0,1.18514,1.95777,0.0169254,1.24136,2.05403,0,1.32042,2.07936,0.0484116
38.6001,2.46937,-1.46536,2.65596,2.40515,-1.5198,2.65564,2.57994,-1.53098,2,2.66968,-1.65629,2.05713,1.17229,1.97549,0,1.16895,1.96739,0.0163696,1.22478,2.06395,0,1.30523,2.09376,0.0477863
38.6101,2.48127,-1.44511,2.65596,2.4156,-1.50205,2.65578,2.59238,-1.50982,2,2.68136,-1.63739,2.05756,1.15609,1.98502,0,1.1542,1.97617,0.0159041,1.20786,2.0739,0,1.29128,2.10659,0.0473011
38.6201,2.49303,-1.42473,2.65596,2.42933,-1.47827,2.65597,2.60467,-1.48852,2,2.69675,-1.61201,2.05812,1.13978,1.99443,-1.46196e-18,1.13451,1.98782,0.0152575,1.19082,2.08373,0,1.27253,2.12333,0.0466805
38.6301,2.50385,-1.40562,2.65596,2.4406,-1.45834,2.65612,2.61597,-1.46857,2,2.70688,-1.59497,2.05849,1.1245,2.00308,0,1.1182,1.99744,0.0143729,1.17485,2.09278,0,1.26001,2.1342,0.046055
38.6401,2.51498,-1.38561,2.65596,2.4517,-1.43832,2.65626,2.6276,-1.44765,2,2.72188,-1.56927,2.05904,1.10848,2.01199,1.46196e-18,1.10188,2.007,0.013473,1.15812,2.10208,0,1.24111,2.15015,0.0450752
38.65,2.52603,-1.36537,2.65596,2.46046,-1.42224,2.65636,2.63914,-1.42651,2,2.73176,-1.55203,2.0594,1.09229,2.02082,0,1.08869,2.01463,0.0128629,1.14121,2.11132,0,1.2283,2.16064,0.0445671
38.6603,2.53722,-1.34446,2.65596,2.47126,-1.40204,2.65649,2.65083,-1.40467,2,2.74032,-1.53687,2.05971,1.07557,2.02977,-1.46196e-18,1.07205,2.02423,0.0120971,1.12373,2.12067,0,1.21691,2.16976,0.0441832
38.6702,2.54776,-1.32437,2.65596,2.48401,-1.37768,2.65663,2.66185,-1.38368,2,2.75839,-1.50418,2.06036,1.0595,2.03821,1.46196e-18,1.05224,2.03572,0.0108092,1.10694,2.12948,0,1.19255,2.18885,0.0428865
38.68,2.55827,-1.30396,2.65596,2.49237,-1.36136,2.65671,2.67282,-1.36235,2,2.76788,-1.48663,2.0607,1.04317,2.04661,-1.46196e-18,1.03908,2.04335,0.00991919,1.08988,2.13826,0,1.17952,2.19874,0.0421768
38.69,2.56832,-1.28404,2.65596,2.50268,-1.34088,2.6568,2.68333,-1.34154,2,2.77959,-1.46458,2.06112,1.02724,2.05466,-1.46196e-18,1.02268,2.05272,0.00846102,1.07323,2.14666,0,1.16319,2.21074,0.0409597
38.7001,2.5785,-1.26349,2.65596,2.51283,-1.32031,2.65688,2.69396,-1.32007,2,2.79114,-1.44241,2.06152,1.01079,2.0628,-1.46196e-18,1.00628,2.06203,0.00721543,1.05605,2.15517,0,1.14676,2.2225,0.0399742
38.71,2.58845,-1.24297,2.65596,2.51983,-1.30585,2.65693,2.70436,-1.29863,2,2.80139,-1.42236,2.06188,0.994375,2.07076,0,0.994655,2.06848,0.00650527,1.0389,2.16349,0,1.1317,2.2328,0.039338
38.7201,2.59861,-1.22158,2.65596,2.53165,-1.28097,2.657,2.71498,-1.27628,2,2.81263,-1.39998,2.06227,0.977263,2.07889,0,0.975016,2.07939,0.00517635,1.02102,2.17198,0,1.11516,2.2439,0.038466
38.7302,2.60822,-1.20094,2.65596,2.53843,-1.26639,2.65703,2.72501,-1.25472,2,2.82039,-1.38425,2.06253,0.960754,2.08657,0,0.963585,2.08573,0.00414552,1.00378,2.18001,0,1.10352,2.25149,0.03765
38.74,2.61767,-1.1802,2.65596,2.54799,-1.24549,2.65706,2.73488,-1.23305,2,2.83135,-1.36168,2.0629,0.944158,2.09413,0,0.947248,2.09467,0.00253301,0.986437,2.18791,0,1.08681,2.26202,0.0363622
38.7501,2.62702,-1.15923,2.65596,2.56016,-1.21818,2.65708,2.74466,-1.21114,2,2.84533,-1.33219,2.06337,0.927383,2.10162,0,0.925736,2.10627,0.000522495,0.968911,2.19573,0,1.06468,2.2753,0.0348003
38.76,2.63607,-1.13851,2.65596,2.56934,-1.19707,2.65708,2.75411,-1.18949,2,2.85274,-1.31623,2.06361,0.910805,2.10885,-1.46196e-18,0.909014,2.1152,-0.000716643,0.95159,2.20329,0,1.05257,2.28225,0.0341782
38.7705,2.6458,-1.1157,2.65596,2.57834,-1.17588,2.65707,2.76428,-1.16566,2,2.86628,-1.28648,2.06405,0.89256,2.11664,-1.46196e-18,0.892204,2.12399,-0.0016317,0.932529,2.21142,0,1.02988,2.29478,0.0333606
38.7807,2.65467,-1.09443,2.65596,2.58718,-1.15459,2.65705,2.77354,-1.14344,2,2.87344,-1.2704,2.06428,0.875546,2.12374,0,0.875193,2.13263,-0.00237008,0.914752,2.21884,0,1.01746,2.30132,0.0330596
38.7901,2.66275,-1.07463,2.65596,2.59326,-1.13964,2.65703,2.78198,-1.12276,2,2.88353,-1.24734,2.06461,0.859707,2.1302,0,0.863152,2.13861,-0.00273346,0.898204,2.22558,0,0.999457,2.31044,0.0328154
38.8001,2.67124,-1.05334,2.65596,2.60181,-1.11822,2.657,2.79086,-1.10051,2,2.89637,-1.21723,2.06503,0.842671,2.13699,1.46196e-18,0.84591,2.1471,-0.00319144,0.880405,2.23269,0,0.975848,2.32189,0.0325586
38.8101,2.67966,-1.03172,2.65596,2.61266,-1.09023,2.65696,2.79966,-1.07792,2,2.90603,-1.19397,2.06536,0.825379,2.14373,0,0.823531,2.1579,-0.00388655,0.862339,2.23973,0,0.957598,2.33026,0.032374
38.8201,2.68789,-1.01009,2.65596,2.61838,-1.07511,2.65693,2.80825,-1.05532,2,2.91269,-1.17763,2.06558,0.808073,2.15031,1.46196e-18,0.811565,2.16363,-0.00426434,0.844258,2.2466,0,0.94487,2.33593,0.0322074
38.83,2.69562,-0.989277,2.65596,2.62879,-1.04691,2.65687,2.81633,-1.03358,2,2.92482,-1.1472,2.066,0.791422,2.1565,7.3098e-19,0.789514,2.17389,-0.00529982,0.826861,2.25306,0,0.921303,2.34593,0.0315283
38.84,2.70352,-0.967499,2.65596,2.6366,-1.02514,2.65681,2.82458,-1.01082,2,2.93395,-1.12371,2.06631,0.773999,2.16281,-7.3098e-19,0.772673,2.18146,-0.0063326,0.808658,2.25966,0,0.903231,2.35313,0.0307518
38.8502,2.71142,-0.945112,2.65596,2.64424,-1.00328,2.65674,2.83284,-0.987434,2,2.94022,-1.10722,2.06652,0.75609,2.16914,0,0.755674,2.18887,-0.00702169,0.789947,2.26627,0,0.890445,2.35803,0.0303912
38.8603,2.71882,-0.923622,2.65596,2.65172,-0.981359,2.65667,2.84057,-0.964981,2,2.94904,-1.0836,2.06683,0.738898,2.17505,0,0.738657,2.1961,-0.00729682,0.771985,2.27245,0,0.872101,2.36479,0.0302095
38.8703,2.72645,-0.900849,2.65596,2.65902,-0.959363,2.6566,2.84854,-0.941189,2,2.96022,-1.05281,2.06722,0.720679,2.18116,0,0.721442,2.20318,-0.00729586,0.752951,2.27883,0,0.847945,2.37323,0.0303942
38.88,2.73365,-0.87875,2.65596,2.66614,-0.937296,2.65652,2.85606,-0.9181,2,2.9686,-1.02904,2.06753,0.703,2.18692,7.3098e-19,0.704081,2.21002,-0.00711235,0.73448,2.28485,0,0.829126,2.37931,0.0307297
38.89,2.74009,-0.858457,2.65596,2.67103,-0.92181,2.65648,2.86279,-0.896898,2,2.97436,-1.01237,2.06774,0.686765,2.19207,-7.3098e-19,0.691854,2.21462,-0.0068851,0.717518,2.29023,0,0.815853,2.38334,0.0310494
38.9007,2.74722,-0.835356,2.65596,2.67988,-0.892966,2.65639,2.87024,-0.872762,2,2.98481,-0.981343,2.06815,0.668285,2.19778,7.3098e-19,0.669173,2.22287,-0.00689392,0.69821,2.29619,0,0.791191,2.39037,0.0311927
38.9103,2.75372,-0.813668,2.65596,2.68648,-0.870707,2.65632,2.87703,-0.850103,2,2.99262,-0.957414,2.06846,0.650934,2.20298,7.3098e-19,0.651874,2.22896,-0.00741158,0.680083,2.30163,0,0.772374,2.39534,0.0308005
38.92,2.75986,-0.792619,2.65596,2.691,-0.855089,2.65626,2.88344,-0.828112,2,2.99798,-0.940635,2.06867,0.634095,2.20788,0,0.639683,2.23314,-0.00771942,0.662489,2.30675,0,0.759109,2.39868,0.0305728
38.93,2.7661,-0.770533,2.65596,2.69917,-0.82601,2.65616,2.88997,-0.805037,2,3.00769,-0.909414,2.06907,0.616427,2.21288,1.46196e-18,0.617069,2.2406,-0.00845252,0.64403,2.31197,0,0.734457,2.40449,0.0299525
38.9401,2.77219,-0.748339,2.65596,2.70525,-0.803576,2.65607,2.89633,-0.781849,2,3.01494,-0.885348,2.06936,0.598671,2.21775,1.46196e-18,0.599716,2.246,-0.00925303,0.625479,2.31706,0,0.715527,2.40847,0.0292332
38.9501,2.77845,-0.724769,2.65596,2.70941,-0.787841,2.656,2.90286,-0.757224,2,3.0199,-0.86848,2.06957,0.579815,2.22276,0,0.587377,2.24969,-0.00968643,0.605779,2.32229,0,0.702075,2.41111,0.0288452
38.96,2.78385,-0.703715,2.65596,2.71689,-0.758551,2.65587,2.90851,-0.735227,2,3.02887,-0.837104,2.06994,0.562972,2.22708,0,0.564303,2.25643,-0.0104866,0.588182,2.32681,0,0.676885,2.41584,0.0280848
38.97,2.78939,-0.681416,2.65596,2.72245,-0.735962,2.65577,2.9143,-0.71193,2,3.03554,-0.812929,2.07021,0.545133,2.23152,0,0.546566,2.26136,-0.0113054,0.569544,2.33144,0,0.657504,2.41907,0.0272831
38.98,2.79474,-0.659156,2.65596,2.72783,-0.713324,2.65565,2.91989,-0.688672,2,3.04202,-0.788723,2.07048,0.527324,2.23579,0,0.528661,2.26617,-0.0118286,0.550938,2.33591,0,0.637935,2.42208,0.026755
38.9903,2.80001,-0.63637,2.65596,2.73302,-0.690639,2.65553,2.9254,-0.664867,2,3.0483,-0.764489,2.07075,0.509096,2.24001,0,0.51066,2.27075,-0.0119688,0.531893,2.34032,0,0.618229,2.4248,0.0265714
39,2.80491,-0.614444,2.65596,2.73804,-0.667909,2.65541,2.93051,-0.641958,2,3.05258,-0.747509,2.07094,0.491555,2.24393,7.3098e-19,0.49246,2.27529,-0.0118893,0.513566,2.34441,0,0.604287,2.42665,0.0265484
39.01,2.80967,-0.592299,2.65596,2.74144,-0.651971,2.65533,2.93548,-0.618822,2,3.05852,-0.72323,2.0712,0.473839,2.24773,0,0.479583,2.27843,-0.0117297,0.495057,2.34839,0,0.584198,2.42914,0.0266726
39.02,2.81437,-0.569539,2.65596,2.74752,-0.622314,2.65518,2.9404,-0.595042,2,3.06426,-0.698927,2.07147,0.455631,2.2515,0,0.455594,2.284,-0.0117476,0.476034,2.35232,0,0.56398,2.43141,0.0266295
39.03,2.8188,-0.547179,2.65596,2.75198,-0.599454,2.65506,2.94503,-0.571681,2,3.07142,-0.667303,2.07181,0.437743,2.25504,0,0.437199,2.28797,-0.0121843,0.457345,2.35602,0,0.537798,2.43374,0.0259562
39.0401,2.82322,-0.523903,2.65596,2.755,-0.583429,2.65497,2.94964,-0.547363,2,3.07514,-0.650263,2.07199,0.419122,2.25858,7.3098e-19,0.424262,2.29062,-0.0124926,0.43789,2.35971,0,0.523649,2.43478,0.0255584
39.05,2.82722,-0.501855,2.65596,2.75915,-0.560505,2.65484,2.95382,-0.524328,2,3.08027,-0.625908,2.07225,0.401484,2.26178,7.3098e-19,0.40564,2.29424,-0.0129647,0.419462,2.36306,0,0.50327,2.43607,0.0249258
39.0599,2.83109,-0.479554,2.65596,2.76426,-0.53065,2.65467,2.95787,-0.501028,2,3.0852,-0.601542,2.07249,0.383643,2.26487,3.6549e-19,0.381542,2.29878,-0.0138856,0.400822,2.36629,0,0.482966,2.43717,0.0239742
39.0701,2.83494,-0.456276,2.65596,2.76799,-0.507645,2.65453,2.96188,-0.476708,2,3.09131,-0.569851,2.0728,0.365021,2.26795,3.6549e-19,0.362906,2.30221,-0.0144368,0.381366,2.36951,0,0.456456,2.43823,0.0230121
39.0801,2.83851,-0.433511,2.65596,2.77048,-0.491521,2.65442,2.96561,-0.452924,2,3.09445,-0.552782,2.07295,0.346809,2.2708,3.6549e-19,0.349782,2.30452,-0.0148024,0.362339,2.37249,0,0.442082,2.43864,0.0224932
39.0901,2.84184,-0.411087,2.65596,2.77487,-0.461536,2.65423,2.9691,-0.429495,2,3.09877,-0.528393,2.07318,0.328869,2.27347,3.6549e-19,0.325666,2.30851,-0.015778,0.343596,2.37528,0,0.421661,2.43904,0.021559
39.1001,2.84504,-0.388339,2.65596,2.7771,-0.445369,2.65411,2.97244,-0.405728,2,3.10289,-0.504002,2.07339,0.310671,2.27603,0,0.312788,2.31049,-0.0164168,0.324583,2.37795,0,0.401472,2.43909,0.020349
39.1099,2.84802,-0.365859,2.65596,2.78101,-0.41531,2.65389,2.97555,-0.382242,2,3.1068,-0.479612,2.07358,0.292687,2.27841,0,0.288685,2.31395,-0.0175602,0.305793,2.38044,0,0.381166,2.43889,0.019145
39.1201,2.85097,-0.342051,2.65596,2.78299,-0.399107,2.65377,2.97864,-0.357368,2,3.11051,-0.455225,2.07377,0.273641,2.28078,0,0.275778,2.31567,-0.018489,0.285894,2.38291,0,0.360832,2.43849,0.0176564
39.13,2.85355,-0.319883,2.65596,2.78642,-0.368983,2.65352,2.98133,-0.334207,2,3.11402,-0.430843,2.07394,0.255907,2.28284,0,0.251772,2.31863,-0.0203881,0.267366,2.38506,0,0.340478,2.43788,0.0160057
39.1401,2.85602,-0.296961,2.65596,2.78814,-0.352748,2.65337,2.98391,-0.310259,2,3.11732,-0.406469,2.07408,0.237569,2.28482,3.6549e-19,0.23885,2.32005,-0.0215211,0.248207,2.38713,0,0.320268,2.43696,0.0139035
39.1506,2.85872,-0.269801,2.65596,2.79043,-0.329537,2.65314,2.98673,-0.281883,2,3.12042,-0.382105,2.07421,0.215841,2.28697,0,0.220454,2.32204,-0.0233802,0.225506,2.38938,0,0.300043,2.43591,0.0116463
39.16,2.86039,-0.251423,2.65596,2.79314,-0.299334,2.65283,2.98848,-0.262682,2,3.12332,-0.357751,2.07432,0.201139,2.28831,3.6549e-19,0.196009,2.32462,-0.0252919,0.210146,2.39078,0,0.279446,2.43479,0.0096619
39.17,2.86232,-0.228435,2.65596,2.79501,-0.276078,2.65257,2.99049,-0.238664,2,3.12678,-0.32611,2.07443,0.182748,2.28985,1.82745e-19,0.17718,2.32652,-0.0264611,0.190931,2.39239,0,0.252554,2.43306,0.00757409
39.1801,2.86408,-0.205105,2.65596,2.7962,-0.259788,2.65238,2.99234,-0.214289,2,3.12849,-0.309082,2.07448,0.164084,2.29127,0,0.163919,2.32784,-0.0269956,0.171431,2.39387,0,0.23799,2.43204,0.00670735
39.1901,2.86562,-0.182347,2.65596,2.79774,-0.236502,2.65211,2.99394,-0.190512,2,3.13077,-0.28477,2.07454,0.145877,2.2925,1.82745e-19,0.144848,2.32942,-0.0273867,0.15241,2.39516,0,0.216997,2.43031,0.00578283
39.2,2.86698,-0.159617,2.65596,2.79947,-0.206208,2.65175,2.99536,-0.166765,2,3.13342,-0.253192,2.07461,0.127694,2.29358,0,0.12041,2.33114,-0.0281405,0.133412,2.39629,0,0.190005,2.42779,0.0042602
39.2102,2.86819,-0.136106,2.65596,2.80058,-0.182891,2.65146,2.99663,-0.142201,2,3.13521,-0.228925,2.07464,0.108885,2.29455,1.82745e-19,0.101546,2.33224,-0.0285466,0.113761,2.3973,0,0.169165,2.42558,0.00323171
39.22,2.86916,-0.113947,2.65596,2.8015,-0.159563,2.65118,2.99764,-0.11905,2,3.1368,-0.20468,2.07467,0.0911577,2.29533,0,0.0824708,2.33329,-0.0287166,0.0952397,2.39811,0,0.148073,2.42336,0.00238936
39.23,2.86998,-0.0907644,2.65596,2.80223,-0.136226,2.65089,2.9985,-0.0948287,2,3.13817,-0.180459,2.07469,0.0726115,2.29599,0,0.0634279,2.33409,-0.0285011,0.075863,2.3988,0,0.126968,2.42096,0.00187659
39.2402,2.87063,-0.0673142,2.65596,2.80277,-0.112882,2.65061,2.99918,-0.0703285,2,3.13934,-0.156261,2.07471,0.0538513,2.2965,0,0.0443413,2.33478,-0.0279317,0.0562628,2.39934,0,0.105774,2.4185,0.0016645
39.2502,2.87107,-0.0446095,2.65596,2.80303,-0.0965368,2.65041,2.99964,-0.0466071,2,3.14002,-0.139338,2.07472,0.0356876,2.29686,4.56862e-20,0.0308484,2.33513,-0.0273692,0.0372856,2.39971,0,0.0907783,2.41669,0.00164864
39.26,2.87134,-0.0218774,2.65596,2.80327,-0.0661772,2.65007,2.99991,-0.022857,2,3.14083,-0.115184,2.07474,0.0175019,2.29707,2.28431e-20,0.00592158,2.33548,-0.0264669,0.0182856,2.39993,0,0.0693711,2.41397,0.00157872
